exchange,symbol,isin,series,open,high,low,close,prev_close,volume,value,trades
NSE,20MICRONS,INE144J01027,EQ,211.29,221.80,211.29,214.59,212.80,76779,16667663.27,3229
NSE,21STCENMGM,INE253B01015,EQ,40.00,40.00,38.59,38.67,39.37,901,35620.04,24
NSE,360ONE,INE466L01038,EQ,1029.20,1047.00,1029.00,1030.00,1029.20,1348986,1402757919.70,46749
NSE,3BBLACKBIO,INE994E01018,EQ,1615.10,1740.00,1610.50,1710.40,1622.70,67737,115451737.90,8071
NSE,3IINFOLTD,INE748C01038,BE,23.35,23.60,22.40,22.52,23.36,173804,3977399.57,767
NSE,3MINDIA,INE470A01017,EQ,31890.00,32695.00,31890.00,32160.00,31890.00,3548,114749275.00,2370
NSE,3PLAND,INE105C01023,EQ,32.00,32.00,30.90,31.01,31.87,1104,34224.95,55
NSE,5PAISA,INE618L01018,EQ,304.05,309.70,302.35,305.20,304.90,19885,6081317.65,1019
NSE,63MOONS,INE111B01023,EQ,809.95,839.00,807.65,811.05,810.80,138349,113967268.70,7691
NSE,A2ZINFRA,INE619I01012,EQ,14.50,15.15,14.36,14.93,14.51,277855,4139645.93,585
NSE,AAATECH,INE0D0U01013,EQ,99.95,103.57,91.56,94.73,99.94,72253,7063264.93,1731
NSE,AADHARHFC,INE883F01010,EQ,432.50,438.00,427.55,436.00,432.50,338639,146477985.05,19904
NSE,AAKASH,INE087Z01024,EQ,8.79,8.79,8.30,8.44,8.59,71888,607940.50,408
NSE,AAREYDRUGS,INE198H01019,EQ,100.18,103.69,99.22,102.72,99.92,392668,39494578.37,1923
NSE,AARNAV,INE750R01016,BE,34.00,36.49,34.00,36.00,35.16,22618,808727.90,77
NSE,AARON,INE721Z01010,EQ,122.01,126.00,122.01,124.68,122.01,13823,1720073.95,270
NSE,AARTECH,INE01C001026,BE,50.01,51.79,50.01,50.14,50.01,12880,646973.41,76
NSE,AARTIDRUGS,INE767A01016,EQ,429.80,439.00,429.60,430.90,428.60,145119,62951628.80,5239
NSE,AARTIIND,INE769A01020,EQ,472.00,489.95,471.40,475.70,469.90,723013,347849843.40,29822
NSE,AARTIPHARM,INE0LRU01027,EQ,983.50,1002.40,943.00,953.75,972.80,951362,921938256.75,56867
NSE,AARTISURF,INE09EO01013,BE,487.75,504.05,485.00,493.20,489.20,10560,5199498.90,252
NSE,AARVI,INE754X01016,EQ,135.10,138.00,135.10,136.83,136.21,2281,311552.02,102
NSE,AASTHA,INE2FMX01012,EQ,36.61,36.90,33.96,34.15,37.53,1212077,42849458.30,8367
NSE,AAVAS,INE216P01012,EQ,1240.00,1250.80,1206.00,1211.90,1248.40,80671,98669065.70,16879
NSE,ABAN,INE421A01028,BE,14.63,14.63,14.63,14.63,14.35,47186,690331.18,45
NSE,ABANSENT,INE365O01028,EQ,26.33,26.96,26.30,26.46,26.87,4977,131954.29,131
NSE,ABB,INE117A01022,EQ,6801.00,6927.50,6771.00,6776.00,6660.50,229223,1571344469.50,35422
NSE,ABBOTINDIA,INE358A01014,EQ,27270.00,27495.00,27015.00,27125.00,27270.00,5645,153807130.00,2987
NSE,ABCAPITAL,INE674K01013,EQ,380.15,385.55,379.95,380.60,378.00,3567531,1362612842.10,56195
NSE,ABCOTS,INE08PH01015,EQ,204.50,204.50,192.70,196.49,198.84,2630,518428.59,146
NSE,ABDL,INE552Z01027,EQ,716.50,729.00,711.65,718.90,716.50,319559,229875026.25,19067
NSE,ABFRL,INE647O01011,EQ,46.60,47.29,45.97,46.32,46.24,3805401,177944824.70,16117
NSE,ABINFRA,INE00YB01025,BE,12.56,12.79,12.25,12.71,12.50,316291,3988451.18,213
NSE,ABLBL,INE14LE01019,EQ,77.39,77.80,76.11,76.52,76.98,2517738,193181011.55,22249
NSE,ABMINTLLTD,INE251C01025,BE,45.20,45.20,45.20,45.20,45.20,61,2757.20,4
NSE,ABMKNO,INE850B01026,EQ,169.50,187.80,161.55,170.98,168.59,12784,2230821.04,408
NSE,ABREL,INE055A01016,EQ,1169.90,1183.00,1122.10,1130.70,1160.60,276535,317027339.20,27438
NSE,ABSLAMC,INE404A01024,EQ,955.90,1033.90,947.90,995.30,955.90,214646,208947996.20,27548
NSE,ACC,INE012A01025,EQ,1205.00,1224.00,1200.80,1204.10,1202.60,63787,77162316.40,8898
NSE,ACCELYA,INE793A01012,EQ,1090.00,1111.90,1085.20,1090.30,1095.40,8286,9083001.90,792
NSE,ACCURACY,INE648Z01023,BE,4.25,4.30,4.20,4.26,4.25,29571,126004.27,127
NSE,ACE,INE731H01025,EQ,1205.90,1245.60,1205.00,1232.00,1205.80,343169,421616022.90,27857
NSE,ACEINTEG,INE543V01017,EQ,16.71,17.00,16.40,16.77,16.40,1622,27047.56,43
NSE,ACGL,INE451C01013,EQ,1630.00,1674.90,1630.00,1638.00,1633.50,339,558005.80,77
NSE,ACI,INE128X01021,EQ,487.00,496.45,481.50,485.85,490.60,231287,112636842.05,11646
NSE,ACL,INE666E01020,EQ,39.96,40.39,38.71,39.33,39.56,9813,386942.16,358
NSE,ACMESOLAR,INE622W01025,EQ,441.30,444.60,436.00,439.00,437.95,1108840,487723056.10,39095
NSE,ACSTECH,INE366C01021,BE,79.43,79.43,79.43,79.43,81.05,10015,795491.45,67
NSE,ACUTAAS,INE00FF01025,EQ,3334.10,3344.00,3255.00,3279.40,3304.10,349433,1152582582.90,49944
NSE,ADANIENSOL,INE931S01010,EQ,1319.00,1340.80,1308.90,1314.60,1305.80,1154073,1526981276.90,49075
NSE,ADANIENT,INE423A01024,EQ,2910.00,2957.60,2880.00,2903.40,2972.90,1663023,4838753003.90,69848
NSE,ADANIGREEN,INE364U01010,EQ,1250.40,1284.80,1250.40,1278.00,1260.00,1452231,1849463322.90,38289
NSE,ADANIPORTS,INE742F01042,EQ,1793.50,1803.20,1775.40,1798.30,1822.00,3199507,5723548458.80,110981
NSE,ADANIPOWER,INE814H01029,EQ,198.69,204.49,198.65,204.00,196.30,21070859,4266486345.14,107193
NSE,ADDIND,INE757C01021,EQ,78.40,82.20,78.40,78.74,78.40,378,29868.52,16
NSE,ADFFOODS,INE982B01027,EQ,268.30,274.95,263.10,273.10,268.30,59409,16150070.45,2924
NSE,ADL,INE0CHO01012,EQ,78.00,80.00,67.33,77.60,70.00,6985,527665.70,117
NSE,ADOR,INE045A01017,EQ,1625.10,1625.10,1585.20,1591.80,1612.00,15859,25428237.50,2869
NSE,ADROITIND,INE505M01015,BE,235.00,248.39,235.00,248.39,134.00,3804148,913561281.46,23789
NSE,ADROITINFO,INE737B01033,EQ,14.69,15.84,14.26,14.67,14.23,1779133,26958233.25,5839
NSE,ADSL,INE102I01027,EQ,110.80,113.37,108.00,108.53,109.99,187491,20682811.97,2877
NSE,ADVAIT,INE0ALI01010,EQ,1915.20,1935.20,1863.40,1901.80,1903.60,33345,63047592.20,5847
NSE,ADVANCE,INE1B0W01010,EQ,120.19,125.45,120.00,121.19,120.19,261919,32194094.93,4046
NSE,ADVANIHOTR,INE199C01026,EQ,47.78,48.98,47.20,48.01,47.40,10655,509911.90,314
NSE,ADVENTHTL,INE28GN01010,EQ,125.74,130.50,123.90,126.32,124.70,194445,24528752.99,2922
NSE,ADVENZYMES,INE837H01020,EQ,282.10,287.50,280.25,281.60,282.15,122182,34673641.90,5118
NSE,ADVIKCA,INE178T01024,EQ,0.96,1.07,0.86,1.00,0.97,1451821,1431202.00,563
NSE,AEGISLOG,INE208C01025,EQ,1312.50,1400.00,1312.50,1380.10,1299.80,1090547,1494622091.20,56469
NSE,AEGISVOPAK,INE0INX01018,EQ,296.00,299.50,294.05,296.80,294.25,532792,158337610.35,17028
NSE,AEPL,INE757T01025,EQ,14.26,15.58,14.26,15.18,14.72,17337,255425.63,175
NSE,AEQUS,INE947N01017,EQ,274.64,285.95,273.21,279.48,271.63,11216835,3146845942.25,120225
NSE,AEROENTER,INE065D01027,EQ,125.50,126.99,122.71,124.00,124.70,231674,28918594.54,3688
NSE,AEROFLEX,INE024001021,EQ,539.60,553.50,527.55,536.60,539.60,981031,528177106.15,24494
NSE,AERONEU,INE035801013,EQ,74.46,74.46,69.75,70.84,72.98,47313,3388777.77,909
NSE,AEROPLANE,INE05TO01019,EQ,205.00,210.00,200.00,206.57,202.08,776058,159017244.98,6305
NSE,AETHER,INE0BWX01014,EQ,1758.20,1758.20,1685.60,1699.30,1749.90,292457,501625311.00,28788
NSE,AFCONS,INE101I01011,EQ,246.50,250.05,246.50,247.80,245.10,370681,92056568.80,9599
NSE,AFFLE,INE00WC01027,EQ,1511.00,1547.00,1502.10,1511.00,1501.00,216326,330593468.40,27747
NSE,AFFORDABLE,INE692Z01013,EQ,176.20,176.85,168.00,171.10,173.52,23394,4051176.63,586
NSE,AFIL,INE916Y01027,EQ,7.98,8.05,7.86,7.93,7.85,529863,4207227.23,484
NSE,AFSL,INE00ZE01026,EQ,201.04,201.78,201.00,201.00,201.04,9448,1899397.82,130
NSE,AGARIND,INE204E01012,EQ,394.00,398.90,390.00,391.95,391.20,12498,4923957.95,1034
NSE,AGARWALEYE,INE943P01029,EQ,499.70,499.75,472.50,479.30,495.25,215481,104572397.80,11351
NSE,AGASTYAEN,INE753W01010,BE,70.96,70.96,70.96,70.96,69.57,139171,9875574.16,229
NSE,AGI,INE415A01038,EQ,791.90,816.00,790.05,804.40,792.90,112338,90524703.90,9248
NSE,AGIIL,INE976R01033,EQ,265.00,268.95,262.55,264.70,264.85,319369,84795552.70,5338
NSE,AGL,INE1YPB01014,EQ,13.03,13.40,13.01,13.13,13.19,885567,11694215.74,2110
NSE,AGRITECH,INE449G01018,EQ,97.20,97.20,90.50,91.17,93.19,6729,621685.24,210
NSE,AGROPHOS,INE740V01019,EQ,23.81,24.11,23.10,23.48,23.96,22366,527587.58,189
NSE,AHCL,INE0Y8W01025,EQ,37.17,37.24,34.58,34.58,36.39,18707312,655680325.01,19886
NSE,AHLADA,INE00PV01013,EQ,37.90,38.74,37.05,37.09,37.15,2221,83356.80,50
NSE,AHLEAST,INE926K01017,EQ,135.00,135.53,134.25,134.44,134.54,200,26920.30,17
NSE,AHLUCONT,INE758C01029,EQ,552.05,563.70,542.80,550.05,551.55,77719,42825844.90,5552
NSE,AHLWEST,INE915K01010,BE,533.10,553.90,533.10,535.05,529.00,438,236590.35,16
NSE,AIAENG,INE212H01026,EQ,3850.00,3910.90,3804.20,3869.00,3835.70,51956,199923739.00,14419
NSE,AIIL,INE206F01022,EQ,542.85,559.00,541.00,546.60,541.80,158568,87307221.30,15600
NSE,AIRAN,INE645W01026,EQ,16.40,16.85,16.06,16.18,16.40,22565,369413.54,240
NSE,AIROLAM,INE801L01010,EQ,89.00,96.00,89.00,92.85,89.06,5335,497256.51,92
NSE,AJANTPHARM,INE031B01049,EQ,3570.00,3758.90,3567.10,3620.80,3557.50,344068,1261398797.30,56917
NSE,AJAXENGG,INE274Y01021,EQ,591.65,597.00,586.00,587.00,591.65,41369,24446071.00,3471
NSE,AJMERA,INE298G01035,EQ,120.15,121.09,117.45,118.74,120.16,165082,19648191.10,2324
NSE,AJOONI,INE820Y01021,EQ,3.16,3.16,3.10,3.13,3.14,140753,440009.01,331
NSE,AKASH,INE737W01013,EQ,25.83,25.83,24.60,24.94,25.32,4302,107893.02,57
NSE,AKCAPIT,INE701G01012,EQ,1745.30,1751.90,1704.10,1706.30,1728.10,305,525170.00,79
NSE,AKG,INE00Y801016,EQ,9.89,9.89,9.60,9.74,9.80,13934,135389.27,113
NSE,AKI,INE642Z01026,BE,6.21,6.40,6.00,6.14,6.15,45609,281274.88,205
NSE,AKSHAR,INE256Z01025,EQ,0.41,0.43,0.41,0.42,0.41,1069940,445608.31,225
NSE,AKSHARCHEM,INE542B01011,BE,376.55,394.85,372.15,388.10,376.55,7060,2742815.10,137
NSE,AKSHOPTFBR,INE523B01011,BE,7.11,7.23,6.90,6.97,7.11,201391,1408705.35,306
NSE,AKUMS,INE09XN01023,EQ,828.20,828.20,811.10,818.50,819.55,196569,161142528.75,15646
NSE,ALANKIT,INE914E01040,EQ,7.68,7.94,7.56,7.83,7.56,128910,1005834.96,515
NSE,ALBERTDAVD,INE155C01010,EQ,894.40,894.40,870.05,872.25,876.35,6427,5650153.90,337
NSE,ALEMBICLTD,INE426A01027,EQ,109.10,110.59,106.11,107.23,108.44,819580,88461035.30,10010
NSE,ALGOQUANT,INE598D01035,EQ,65.15,69.10,65.15,66.03,65.64,1174607,78551561.07,6939
NSE,ALICON,INE062D01024,EQ,730.15,869.80,726.05,869.80,724.85,953310,792210345.15,31946
NSE,ALIVUS,INE03Q201024,EQ,1350.00,1390.00,1350.00,1379.30,1356.80,186612,257169703.90,25149
NSE,ALKALI,INE773I01017,BE,92.75,95.00,90.16,91.43,92.79,8088,749144.71,119
NSE,ALKEM,INE540L01014,EQ,5249.50,5276.50,5135.00,5163.50,5250.00,146577,758986218.50,19951
NSE,ALKYLAMINE,INE150B01039,EQ,1781.30,1818.80,1751.30,1761.70,1781.30,31646,56043809.30,8382
NSE,ALLCARGO,INE418H01029,EQ,10.78,10.78,10.05,10.13,10.53,7854276,81393735.10,8586
NSE,ALLDIGI,INE835G01018,EQ,779.65,786.00,762.50,767.25,775.80,8379,6473732.15,691
NSE,ALLTIME,INE0GV601021,EQ,193.90,197.85,192.15,194.00,193.18,31339,6090122.31,1062
NSE,ALMONDZ,INE326B01035,BE,20.50,20.50,19.50,20.00,20.06,279934,5618425.18,484
NSE,ALOKINDS,INE270A01029,EQ,7.10,7.24,7.07,7.09,7.06,12343099,88285203.71,7987
NSE,ALPA,INE385I01010,EQ,59.76,61.50,59.25,59.51,59.76,8263,499205.53,107
NSE,ALPHAGEO,INE137C01018,BE,259.00,265.90,252.20,256.50,259.15,6932,1798356.35,211
NSE,ALPINETEX,INE1JCQ01037,EQ,49.70,49.70,47.53,47.80,48.95,111760,5392827.82,1816
NSE,ALUFLUOR,INE058F01019,EQ,640.00,645.00,622.30,632.70,632.55,19252,12128220.05,754
NSE,AMAGI,INE121R01077,EQ,560.00,568.45,541.30,549.45,563.85,281619,156730451.10,10606
NSE,AMAL,INE841D01013,EQ,671.30,700.00,671.30,684.50,682.10,6607,4539109.95,611
NSE,AMANTA,INE084K01015,BE,190.39,190.39,190.39,190.39,186.66,16960,3229014.40,85
NSE,AMARJOTHI,INE484D01012,EQ,152.00,152.00,147.05,149.00,152.00,342,50847.78,25
NSE,AMBALALSA,INE432A01017,BE,39.50,40.94,39.00,39.54,39.04,57944,2303782.20,149
NSE,AMBER,INE371P01015,EQ,6639.00,6786.00,6617.00,6672.50,6606.50,224400,1513297307.50,32872
NSE,AMBICAAGAR,INE792B01012,EQ,24.50,25.12,24.14,24.40,24.37,13549,333336.82,122
NSE,AMBIKCO,INE540G01014,EQ,1531.00,1545.90,1516.20,1520.60,1527.10,5265,8030270.60,645
NSE,AMBUJACEM,INE079A01024,EQ,369.00,376.65,368.65,374.00,365.75,3219926,1201040911.35,92368
NSE,AMDIND,INE005I01014,BE,53.10,54.48,53.10,53.45,54.00,19423,1045530.11,107
NSE,AMJLAND,INE606A01024,EQ,38.04,38.58,37.40,37.62,38.04,3327,126122.23,54
NSE,AMNPLST,INE275D01022,EQ,174.90,174.90,168.56,171.57,170.18,2629,451702.94,79
NSE,AMRUTANJAN,INE098F01031,EQ,505.25,522.20,505.25,514.75,505.25,62878,32473753.55,3205
NSE,ANANDRATHI,INE463V01026,EQ,2111.10,2127.60,2072.00,2120.00,2100.60,552945,1163493958.70,36823
NSE,ANANTRAJ,INE242C01024,EQ,605.00,611.00,597.00,598.90,602.30,1122020,677159061.10,28222
NSE,ANDHRAPAP,INE435A01051,EQ,72.00,73.93,72.00,72.68,72.32,240993,17570073.94,5183
NSE,ANDHRSUGAR,INE715B01021,EQ,94.40,95.95,92.70,93.15,94.40,186327,17580873.79,15215
NSE,ANDREWYU,INE449C01025,EQ,25.85,27.90,25.85,26.02,25.84,44656,1172660.16,415
NSE,ANGELONE,INE732I01021,EQ,274.25,278.20,273.25,274.00,273.50,2439788,673236701.50,24996
NSE,ANIKINDS,INE087B01017,EQ,44.89,44.89,43.80,44.45,43.98,2550,113011.94,88
NSE,ANMOL,INE02AR01019,BE,14.05,14.26,13.45,13.71,13.77,19776,274734.26,115
NSE,ANNAPURNA,INE0MGM01017,EQ,126.05,141.94,126.05,131.00,127.22,115324,15436151.54,1016
NSE,ANNU,INE103001017,EQ,47.85,50.20,47.85,48.22,47.84,585399,28785737.50,5717
NSE,ANSALBU,INE030C01015,EQ,87.43,95.40,86.00,87.75,85.96,9005,812425.14,233
NSE,ANTELOPUS,INE818A01017,EQ,1174.15,1178.15,1119.00,1125.90,1162.50,316480,362053026.75,16736
NSE,ANTGRAPHIC,INE414B01021,EQ,0.71,0.72,0.70,0.71,0.70,89758,63749.57,150
NSE,ANTHEM,INE0CZ201020,EQ,871.00,878.20,855.05,858.60,869.75,189868,164381724.35,17615
NSE,ANUHPHR,INE489G01022,EQ,90.31,91.05,87.00,87.40,89.68,70318,6220344.07,2068
NSE,ANUP,INE294Z01018,EQ,1605.30,1635.00,1590.10,1596.30,1591.20,11751,18936850.90,2443
NSE,ANURAS,INE930P01018,EQ,1181.00,1188.50,1169.00,1181.00,1177.80,133965,157693474.90,8879
NSE,APARINDS,INE372A01015,EQ,17804.00,17882.00,17291.00,17384.00,17803.00,116165,2032649999.00,36893
NSE,APCL,INE071F01012,EQ,95.86,98.89,92.00,94.22,94.92,7847,734065.57,327
NSE,APCOTEXIND,INE116A01032,EQ,600.00,607.40,592.00,595.60,595.45,40627,24398623.65,2567
NSE,APEX,INE346W01013,EQ,343.10,348.30,335.00,336.50,343.10,66125,22591613.45,3517
NSE,APLAPOLLO,INE702C01027,EQ,2201.90,2224.50,2181.60,2190.10,2188.60,587352,1294200556.20,31657
NSE,APLLTD,INE901L01018,EQ,866.00,876.40,821.70,825.45,861.50,266145,224518377.65,29192
NSE,APOLLO,INE713T01028,EQ,402.90,410.70,401.70,403.45,402.60,4344769,1765198827.35,47514
NSE,APOLLOHOSP,INE437A01024,EQ,8582.00,8659.00,8053.00,8165.50,8659.00,2108531,17304819644.00,203998
NSE,APOLLOPIPE,INE126J01016,EQ,516.90,525.00,505.00,507.85,513.70,166142,85730459.10,3931
NSE,APOLLOTYRE,INE438A01022,EQ,412.90,412.95,402.00,404.70,406.75,684149,277509572.45,28464
NSE,APOLSINHOT,INE451F01024,EQ,1156.10,1189.90,1156.10,1162.60,1166.20,1022,1194308.10,163
NSE,APOORVA,INE217S01014,EQ,33.00,33.00,31.35,33.00,33.00,103,3250.50,6
NSE,APTECHT,INE266F01018,EQ,89.49,90.00,87.73,88.26,88.61,53672,4758057.06,959
NSE,APTUS,INE852O01025,EQ,235.00,236.87,230.00,232.53,233.34,1838844,429723949.90,43677
NSE,AQYLON,INE416A01051,EQ,17.11,17.39,16.26,16.26,17.11,476188,7843059.64,1728
NSE,ARCHIDPLY,INE877I01016,EQ,101.11,104.99,99.52,103.50,101.98,33170,3399347.32,286
NSE,ARCHIES,INE731A01020,EQ,12.73,12.73,12.33,12.39,12.43,7581,94465.02,81
NSE,ARCIL,INE148G01016,EQ,143.51,149.27,143.32,144.59,142.51,1943689,285060472.60,28804
NSE,ARCL,INE372M01010,EQ,233.00,242.00,232.95,241.90,233.00,351,83326.32,21
NSE,ARDEE,INE0XNF01022,EQ,51.55,52.95,50.40,50.77,51.17,3252521,168596632.24,23905
NSE,ARE&M,INE885A01032,EQ,768.95,781.65,750.00,754.55,766.30,706708,539823676.50,31738
NSE,ARENTERP,INE610C01014,EQ,34.40,34.40,31.12,33.90,32.95,137,4641.52,13
NSE,ARFIN,INE784R01023,EQ,88.05,91.00,88.05,89.19,88.16,916404,82435639.16,4981
NSE,ARIES,INE298I01015,BE,471.05,484.80,471.05,480.55,474.80,9875,4720089.80,199
NSE,ARIHANT,INE413D01011,EQ,884.90,920.40,855.55,900.70,888.90,2591,2311183.50,157
NSE,ARIHANTCAP,INE420B01036,EQ,90.58,92.55,88.98,89.74,90.58,513589,46515031.83,3957
NSE,ARIHANTSUP,INE643K01018,EQ,230.00,231.60,221.35,222.85,230.25,1653,372468.95,179
NSE,ARIS,INE0H9P01028,EQ,140.00,146.40,136.79,143.88,135.00,4654571,661013511.81,42677
NSE,ARKADE,INE0QRL01017,EQ,122.50,123.48,119.00,119.39,121.92,136891,16539687.48,2303
NSE,ARMANFIN,INE109C01017,EQ,1711.40,1756.70,1707.10,1744.20,1711.40,31160,54176871.40,3980
NSE,ARMEE,INE0TWE01016,EQ,375.00,375.00,300.00,300.00,375.00,10736790,3541249142.90,151708
NSE,AROGRANITE,INE210C01013,EQ,23.00,23.89,22.20,23.28,22.81,1925,44291.14,43
NSE,ARROWGREEN,INE570D01018,EQ,876.50,886.95,840.15,856.05,872.50,48123,41272685.10,4285
NSE,ARSSBL,INE549H01021,EQ,503.10,525.80,502.90,515.10,500.45,370040,191320963.75,10604
NSE,ARTEMISMED,INE025R01021,EQ,368.95,370.10,342.10,345.55,366.60,1002073,352958239.55,33048
NSE,ARTNIRMAN,INE738V01013,EQ,37.85,41.80,37.75,40.24,36.52,6656,266746.11,75
NSE,ARVEE,INE006Z01016,EQ,233.99,235.79,222.20,225.16,232.85,5986,1362961.28,308
NSE,ARVIND,INE034A01011,EQ,545.00,549.95,535.75,539.90,545.45,644224,350705041.10,39792
NSE,ARVINDFASN,INE955V01021,EQ,407.10,411.35,386.00,387.45,410.15,332564,131782825.60,17552
NSE,ARVSMART,INE034S01021,EQ,615.80,615.80,596.65,601.75,609.70,40388,24432500.35,1881
NSE,ARYAMAN,INE032E01017,EQ,630.00,630.00,630.00,630.00,620.00,5,3150.00,5
NSE,ASAHIINDIA,INE439A01020,EQ,956.10,974.70,956.10,958.85,957.95,85211,82107553.10,9275
NSE,ASAHISONG,INE228I01012,BE,385.10,394.95,379.00,389.15,384.20,10809,4207926.65,116
NSE,ASAL,INE900C01027,EQ,430.00,439.85,430.00,433.50,428.00,7089,3082506.00,577
NSE,ASALCBR,INE073G01016,EQ,634.60,636.45,615.10,615.45,634.60,44141,27421075.20,3632
NSE,ASHAPURMIN,INE348A01023,EQ,526.60,526.60,502.50,504.15,518.80,261585,134077006.30,10952
NSE,ASHIANA,INE365D01021,EQ,389.30,397.95,382.95,386.00,390.55,34947,13637597.50,1610
NSE,ASHIKAG,INE094B01013,BE,398.35,404.80,396.10,397.85,398.35,21935,8789132.90,191
NSE,ASHIMASYN,INE440A01010,EQ,16.15,16.20,15.91,15.98,16.08,37084,594060.13,225
NSE,ASHOKA,INE442H01029,EQ,108.74,111.83,107.31,107.75,108.53,413067,44914987.62,5889
NSE,ASHOKAMET,INE760Y01011,EQ,15.00,15.68,15.00,15.18,15.15,15455,234947.69,112
NSE,ASHOKLEY,INE208A01029,EQ,154.41,156.19,153.35,154.19,153.44,17703276,2741624587.49,124940
NSE,ASIANENE,INE276G01015,EQ,479.10,482.45,463.00,471.85,478.25,211572,99701241.55,9420
NSE,ASIANHOTNR,INE363A01022,EQ,365.00,369.00,339.30,354.80,361.35,28570,9952731.10,1149
NSE,ASIANPAINT,INE021A01026,EQ,2410.00,2430.50,2390.00,2402.60,2415.00,553695,1331515414.30,48522
NSE,ASIANTILES,INE022I01019,EQ,51.00,51.00,49.26,49.68,50.10,1065834,53388117.43,2772
NSE,ASIANTNE,INE822B01017,EQ,9.02,9.43,8.75,9.22,9.02,22821,210767.92,71
NSE,ASKAUTOLTD,INE491J01022,EQ,621.95,652.20,614.75,640.10,619.85,479507,305717941.20,25467
NSE,ASMS,INE855F01042,EQ,6.20,6.49,5.81,6.06,6.08,557356,3399026.26,932
NSE,ASPINWALL,INE991I01015,EQ,242.50,250.15,240.00,241.85,242.50,2012,489030.60,74
NSE,ASSAMENT,INE165G01010,EQ,741.00,818.00,741.00,818.00,780.00,15,11231.00,4
NSE,ASTAR,INE194D01017,EQ,700.00,705.00,665.00,679.70,685.35,123,83773.25,41
NSE,ASTEC,INE563J01010,EQ,699.00,787.80,699.00,722.75,696.25,1100746,835314219.70,49298
NSE,ASTERDM,INE914M01019,EQ,735.05,739.55,691.75,697.15,733.95,2346216,1648242015.70,124155
NSE,ASTRAL,INE006I01046,EQ,1376.00,1384.10,1366.00,1370.40,1375.00,258131,354464405.50,23989
NSE,ASTRAMICRO,INE386C01029,EQ,1651.40,1663.60,1621.00,1636.70,1652.60,270444,444409518.80,23824
NSE,ASTRAZEN,INE203A01020,EQ,6210.00,6289.00,6120.50,6186.00,6254.50,56730,350941189.50,7273
NSE,ATALREAL,INE0ALR01029,EQ,11.88,12.63,11.70,12.58,12.03,2281142,27619676.56,2902
NSE,ATAM,INE09KD01013,EQ,56.01,58.60,55.01,56.34,54.91,12689,731056.89,251
NSE,ATGL,INE399L01023,EQ,589.90,602.95,589.05,593.90,588.40,616167,367644540.55,27162
NSE,ATHERENERG,INE0LEZ01016,EQ,1416.50,1441.00,1405.00,1425.00,1407.00,3085289,4407931520.50,97640
NSE,ATL,INE0NN701020,EQ,24.30,25.00,24.12,24.44,24.47,119329,2928556.16,877
NSE,ATLANTAA,INE285H01022,EQ,36.70,38.00,36.00,37.25,36.69,154317,5725924.56,709
NSE,ATLANTAELE,INE0Z4F01028,EQ,1615.00,1652.50,1600.00,1608.10,1634.20,85264,138936483.40,10323
NSE,ATLASCYCLE,INE446A01025,EQ,95.00,97.00,93.05,93.53,94.86,4894,461446.22,181
NSE,ATUL,INE100A01010,EQ,5980.00,6064.50,5881.00,5915.50,5982.50,61199,365587003.00,8170
NSE,ATULAUTO,INE951D01028,EQ,440.00,454.00,440.00,448.15,438.75,83527,37247681.45,3833
NSE,AUBANK,INE949L01017,EQ,1001.90,1015.10,995.20,1010.30,1005.20,1358165,1366730984.40,59306
NSE,AUGMONT,INE16W401027,EQ,1074.00,1138.50,1014.30,1086.55,1062.20,2989279,3156296720.05,102537
NSE,AURIONPRO,INE132H01018,EQ,639.50,645.00,620.00,622.10,634.20,128401,80811059.85,8530
NSE,AUROPHARMA,INE406A01037,EQ,1696.00,1707.20,1649.30,1672.00,1697.70,1138610,1909194039.20,53421
NSE,AURUM,INE898S01029,EQ,221.80,238.54,220.06,232.37,220.31,461824,106808672.12,9784
NSE,AURUS,INE142K01011,EQ,4.77,4.77,4.36,4.43,4.57,43033,198504.64,268
NSE,AUSOMENT,INE218C01016,EQ,142.31,145.90,139.01,140.68,143.75,4187,589590.38,582
NSE,AUSTENG,INE759F01012,EQ,159.72,176.45,155.50,171.52,158.00,54150,9164288.51,1484
NSE,AUTOAXLES,INE449A01011,EQ,1682.00,1717.00,1680.00,1706.50,1699.60,2884,4895266.30,293
NSE,AUTOIND,INE718H01014,EQ,81.11,84.25,81.11,82.66,81.99,106738,8852542.02,2023
NSE,AVADHSUGAR,INE349W01017,EQ,793.45,817.10,786.60,800.20,793.45,100923,81366022.50,7819
NSE,AVALON,INE0LCL01028,EQ,2205.00,2319.50,2180.00,2296.70,2302.00,2010767,4502229122.40,81519
NSE,AVANCE,INE758A01072,EQ,0.85,0.86,0.82,0.82,0.85,8121839,6751587.87,1339
NSE,AVANTEL,INE005B01027,EQ,149.02,156.50,149.00,154.06,149.22,1744909,269081723.32,19583
NSE,AVANTIFEED,INE871C01038,EQ,751.00,759.10,715.00,717.80,747.50,468691,340842340.40,31016
NSE,AVG,INE680Z01018,BE,164.53,170.00,163.35,167.23,164.53,9678,1620039.43,86
NSE,AVL,INE679V01027,EQ,591.00,599.80,576.30,594.35,585.80,107338,63260406.00,8204
NSE,AVONMORE,INE323B01024,EQ,13.42,13.42,12.75,12.94,12.99,106930,1401453.84,829
NSE,AVROIND,INE652Z01025,EQ,7.13,7.18,6.80,6.83,6.98,93679,649784.11,322
NSE,AVTNPL,INE488D01021,EQ,93.00,93.49,90.41,91.29,92.20,232448,21351837.20,3360
NSE,AWFIS,INE108V01019,EQ,249.35,250.70,242.60,244.10,247.10,196593,48270996.15,6779
NSE,AWHCL,INE01BK01022,EQ,364.35,371.70,361.05,364.55,364.35,68038,24815023.75,3602
NSE,AWL,INE699H01024,EQ,178.95,181.30,177.11,177.68,178.75,910512,162576267.20,22903
NSE,AXISBANK,INE238A01034,EQ,1201.10,1237.10,1201.10,1226.00,1212.10,6178741,7569427800.20,133668
NSE,AXISCADES,INE555B01013,EQ,2070.00,2274.10,2070.00,2231.20,2067.40,1248290,2759327469.90,96015
NSE,AXITA,INE02EZ01022,EQ,7.84,7.86,7.70,7.71,7.81,504922,3926720.22,715
NSE,AXTEL,INE767C01012,EQ,447.50,447.50,438.20,440.80,443.65,5897,2600038.00,340
NSE,AYE,INE501X01029,EQ,160.70,161.29,155.00,155.89,159.70,864881,136442581.95,23593
NSE,AYMSYNTEX,INE193B01039,EQ,292.35,300.25,290.05,292.15,285.95,44125,13041257.05,1639
NSE,AZAD,INE02IJ01035,EQ,2941.00,3127.90,2875.60,2963.20,2914.20,5708538,17139646708.70,324803
NSE,AZADIND,INE566M01017,EQ,80.84,88.10,80.01,84.60,80.62,77601,6531120.74,1302
NSE,BAFNAPH,INE878I01022,BE,371.40,371.40,371.35,371.35,364.15,546,202783.60,9
NSE,BAGFILMS,INE116D01028,EQ,4.02,4.23,3.90,4.10,4.10,61189,247473.85,148
NSE,BAIDFIN,INE020D01022,EQ,10.26,10.70,10.26,10.38,10.45,74200,773204.30,316
NSE,BAJAJ-AUTO,INE917I01010,EQ,10779.00,10953.00,10779.00,10874.00,10811.00,313712,3414738099.00,53624
NSE,BAJAJCON,INE933K01021,EQ,499.00,503.90,493.45,495.55,493.00,260252,129474716.80,9466
NSE,BAJAJELEC,INE193E01025,EQ,309.00,315.00,302.15,303.40,309.85,155806,47874833.85,6099
NSE,BAJAJFINSV,INE918I01026,EQ,1742.40,1748.00,1702.10,1731.00,1742.40,1086211,1870730470.60,60017
NSE,BAJAJHCARE,INE411U01027,EQ,337.80,338.00,325.15,327.20,335.00,84330,27866171.00,2455
NSE,BAJAJHFL,INE377Y01014,EQ,81.33,83.40,81.33,82.00,81.26,4275068,351076233.71,28912
NSE,BAJAJHIND,INE306A01021,EQ,20.09,20.51,19.41,19.54,19.98,12481018,249828698.48,15311
NSE,BAJAJHLDNG,INE118A01012,EQ,10686.00,10805.00,10655.00,10788.00,10600.00,40117,430913453.00,11919
NSE,BAJAJINDEF,INE0O9T01021,EQ,219.44,226.00,210.20,211.02,213.11,8436,1811064.00,416
NSE,BAJAJST,INE704G01024,EQ,345.10,347.75,340.00,345.45,345.10,7198,2475622.35,303
NSE,BAJEL,INE0KQN01018,EQ,168.93,172.56,163.50,164.90,170.20,199105,33205288.88,3017
NSE,BAJFINANCE,INE296A01032,EQ,981.50,981.50,955.80,959.40,973.80,6625616,6382770033.00,120781
NSE,BALAJEE,INE0S2G01011,EQ,24.67,26.44,24.67,25.20,25.43,36875,932345.57,447
NSE,BALAJITELE,INE794B01026,EQ,91.74,93.78,90.71,91.26,91.74,130429,11990266.71,1534
NSE,BALAMINES,INE050E01027,EQ,2143.00,2179.00,2095.00,2118.50,2142.10,117148,248849004.40,14147
NSE,BALAXI,INE618N01022,EQ,23.40,23.40,22.55,22.78,23.02,11994,273462.95,207
NSE,BALKRISHNA,INE875R01011,EQ,15.88,16.49,15.76,16.29,15.87,4016,65083.83,45
NSE,BALKRISIND,INE787D01026,EQ,2121.60,2155.00,2105.70,2117.00,2126.20,119706,254647009.90,21025
NSE,BALMLAWRIE,INE164A01016,EQ,161.00,165.65,161.00,161.16,161.59,90994,14741428.38,1905
NSE,BALPHARMA,INE083D01012,EQ,112.44,113.38,109.00,109.53,112.11,41420,4596323.56,1090
NSE,BALRAMCHIN,INE119A01028,EQ,678.00,688.40,654.00,662.85,672.90,1285691,865439879.20,33873
NSE,BALUFORGE,INE011E01029,EQ,505.00,511.95,493.50,496.35,501.15,310853,156422264.80,11700
NSE,BANARBEADS,INE655B01011,EQ,115.25,124.70,115.00,120.75,115.25,3639,434497.76,94
NSE,BANARISUG,INE459A01010,EQ,3245.10,3329.20,3245.10,3300.20,3305.00,308,1018079.40,110
NSE,BANCOINDIA,INE213C01025,EQ,598.30,617.45,598.30,606.30,595.65,110117,67171221.65,7561
NSE,BANDHANBNK,INE545U01014,EQ,184.01,184.37,177.26,178.23,185.31,13031625,2343520135.03,68285
NSE,BANG,INE863I01016,EQ,31.53,32.80,30.92,32.27,31.68,21308,671050.43,265
NSE,BANKA,INE862Y01015,EQ,70.52,72.00,70.00,70.00,70.52,918,64848.23,25
NSE,BANKBARODA,INE028A01039,EQ,230.40,235.70,230.29,230.55,227.68,10920670,2547722371.32,73271
NSE,BANKINDIA,INE084A01016,EQ,130.89,132.73,130.24,130.24,130.11,5018149,659177448.04,29248
NSE,BANSALWIRE,INE0B9K01025,EQ,330.35,333.95,322.00,323.45,327.65,109681,35867549.35,6805
NSE,BANSWRAS,INE629D01020,EQ,110.43,110.43,107.27,108.61,107.31,7017,760277.28,206
NSE,BASF,INE373A01013,EQ,3445.00,3515.80,3438.60,3447.80,3435.60,10894,37757258.30,2998
NSE,BASML,INE186H01022,BE,23.48,23.74,22.99,23.00,23.41,38632,898020.44,196
NSE,BATAINDIA,INE176A01028,EQ,620.40,627.00,617.05,618.75,620.35,59998,37345428.95,7848
NSE,BATLIBOI,INE177C01022,EQ,85.85,86.90,82.58,82.95,85.24,26225,2205536.60,1046
NSE,BAYERCROP,INE462A01022,EQ,3615.00,3665.80,3615.00,3627.60,3602.70,21117,76833471.30,4637
NSE,BBL,INE464A01036,EQ,2129.40,2163.70,2091.60,2095.20,2123.70,13884,29390467.40,2751
NSE,BBOX,INE676A01027,EQ,820.00,854.60,800.25,804.80,812.80,1137619,941471797.40,55428
NSE,BBTC,INE050A01025,EQ,1362.40,1378.80,1350.00,1357.40,1355.00,24685,33741549.10,3174
NSE,BBTCL,INE01EE01011,EQ,233.30,233.30,225.62,228.67,228.15,627,143243.08,97
NSE,BCG,INE425B01027,EQ,9.20,9.42,9.20,9.22,9.28,3466176,32150829.41,3536
NSE,BCLIND,INE412G01024,EQ,32.42,32.74,31.51,31.79,32.42,223784,7199481.42,2206
NSE,BCONCEPTS,INE977Y01011,EQ,144.90,145.77,136.50,140.66,139.25,6718,959740.69,322
NSE,BCPL,INE00SW01015,EQ,67.80,71.90,65.40,68.86,68.12,28331,1975189.64,444
NSE,BDL,INE171Z01026,EQ,1091.00,1127.60,1091.00,1110.10,1085.10,1193043,1329029329.00,41801
NSE,BEARDSELL,INE520H01022,EQ,24.44,24.44,22.02,22.43,23.32,82174,1851571.03,661
NSE,BECTORFOOD,INE495P01020,EQ,209.90,211.60,205.30,206.74,208.70,816875,169273906.79,26888
NSE,BEDMUTHA,INE844K01012,EQ,109.20,111.97,105.10,109.96,107.46,7028,763515.02,125
NSE,BEEKAY,INE213D01015,EQ,433.35,480.00,433.35,452.95,433.30,12184,5588796.35,411
NSE,BEL,INE263A01024,EQ,386.40,391.00,385.00,388.30,387.75,9671143,3756738197.70,131702
NSE,BELLACASA,INE344T01014,EQ,260.62,268.00,243.51,246.61,255.51,10056,2507601.94,638
NSE,BELRISE,INE894V01022,EQ,240.50,244.14,240.00,240.36,240.52,1036662,250559924.49,22495
NSE,BEML,INE258A01024,EQ,1956.60,2002.80,1956.60,1992.40,1966.60,204724,406735799.60,22987
NSE,BENARAS,INE664D01019,EQ,10205.00,10288.00,10200.00,10215.00,10215.00,24,245737.00,20
NSE,BENGALASM,INE083K01017,EQ,6109.50,6138.00,6051.00,6103.00,6161.50,246,1504390.00,206
NSE,BEPL,INE922A01025,EQ,124.00,127.19,123.75,124.40,124.00,743884,93234763.04,6943
NSE,BERGEPAINT,INE463A01038,EQ,451.15,458.75,449.25,455.45,448.20,302319,137715448.70,33761
NSE,BESTAGRO,INE052T01021,EQ,17.74,18.25,17.33,17.53,17.86,672928,11996860.70,1698
NSE,BETA,INE351Y01019,EQ,2079.90,2095.00,2026.60,2053.00,2064.90,7218,14896533.00,1270
NSE,BFINVEST,INE878K01010,EQ,436.15,443.45,433.00,434.05,436.15,13108,5715596.60,700
NSE,BFUTILITIE,INE243D01012,EQ,512.00,525.00,504.00,507.75,508.90,73546,37919345.00,2783
NSE,BGRENERGY,INE661I01014,BE,242.13,242.13,242.13,242.13,254.87,35590,8617406.70,278
NSE,BHAGCHEM,INE414D01027,EQ,240.00,242.75,235.05,238.55,240.25,78136,18689765.60,1669
NSE,BHAGERIA,INE354C01027,EQ,382.00,413.50,378.00,406.45,377.85,364825,146357266.20,10427
NSE,BHAGYANGR,INE458B01036,EQ,405.00,422.00,400.05,411.15,408.10,87639,36305240.30,3978
NSE,BHANDARI,INE474E01029,EQ,2.90,2.93,2.88,2.89,2.90,96957,280965.63,207
NSE,BHARATCOAL,INE05XR01022,EQ,33.49,33.55,32.45,32.80,33.50,4485549,147911776.79,15751
NSE,BHARATFORG,INE465A01025,EQ,1931.00,1944.90,1891.60,1926.00,1942.00,1059256,2040165863.70,50648
NSE,BHARATGEAR,INE561C01019,BE,100.29,102.30,99.50,101.43,100.29,8952,907814.84,97
NSE,BHARATRAS,INE838B01021,EQ,1008.10,1030.00,998.50,1003.90,1005.70,28003,28259861.70,2769
NSE,BHARATSE,INE415D01024,EQ,216.13,217.12,210.50,212.38,213.61,50392,10780477.58,6899
NSE,BHARATWIRE,INE316L01019,EQ,166.95,169.66,164.00,164.36,167.18,98885,16365009.40,2407
NSE,BHARTIARTL,INE397D01024,EQ,1775.20,1779.50,1753.70,1757.00,1771.20,8080358,14235352951.20,148867
NSE,BHARTIHEXA,INE343G01021,EQ,1409.40,1438.00,1401.00,1424.50,1409.40,102458,146160087.50,16269
NSE,BHEL,INE257A01026,EQ,415.10,421.80,411.70,415.50,413.35,8153812,3382789625.25,67769
NSE,BI,INE986A01012,BE,98.67,98.67,98.67,98.67,100.68,5190,512097.30,12
NSE,BIGBLOC,INE412U01025,EQ,39.77,40.00,38.80,39.79,38.64,23838,944438.53,491
NSE,BIKAJI,INE00E101023,EQ,530.00,543.00,516.00,521.80,531.15,174430,92134166.50,13075
NSE,BIL,INE828A01016,EQ,1030.00,1030.00,952.95,995.10,1000.70,7093,7070423.15,441
NSE,BILVYAPAR,INE071A01013,BE,4.27,4.27,4.16,4.25,4.29,1571,6598.30,9
NSE,BIMETAL,INE469A01019,EQ,638.00,649.95,637.00,648.95,635.65,250,159988.85,29
NSE,BIOCON,INE376G01013,EQ,378.00,381.20,370.30,370.30,377.00,1849491,693706843.40,35761
NSE,BIOFILCHEM,INE829A01014,EQ,30.51,31.81,29.60,30.38,31.52,18556,570633.93,288
NSE,BIRLACABLE,INE800A01015,EQ,372.00,387.35,371.45,381.15,368.95,654414,250230338.45,10126
NSE,BIRLACORPN,INE340A01012,EQ,850.00,857.80,839.00,840.05,849.90,20629,17386002.10,3521
NSE,BIRLAMONEY,INE865C01022,EQ,114.29,116.50,114.29,114.78,114.29,18729,2155217.87,610
NSE,BIRLANU,INE557A01011,EQ,1406.00,1426.50,1394.10,1400.10,1406.00,6563,9250856.90,1130
NSE,BIRLAPREC,INE372E01025,BE,54.80,55.95,54.00,54.91,54.80,76920,4251415.04,288
NSE,BLACKBUCK,INE0UIZ01018,EQ,628.00,634.00,606.00,607.90,622.40,471558,292287016.05,22685
NSE,BLACKROSE,INE761G01016,EQ,115.25,118.28,112.00,115.79,113.25,54925,6344669.16,901
NSE,BLAL,INE0N7W01012,EQ,162.38,163.09,159.01,160.26,163.65,23426,3768986.29,667
NSE,BLBLIMITED,INE791A01024,EQ,16.60,17.19,16.60,16.73,16.84,47532,801054.81,244
NSE,BLEL,INE1EEM01017,EQ,451.90,529.95,449.60,485.60,447.05,15601996,7837875696.25,280390
NSE,BLIL,INE525F01025,EQ,65.17,65.78,64.91,65.23,64.91,45185,2955627.54,1347
NSE,BLISSGVS,INE416D01022,BE,709.95,722.00,690.00,694.45,710.90,209856,147490958.90,2606
NSE,BLKASHYAP,INE350H01032,EQ,50.61,53.44,50.00,50.36,50.90,421044,21669733.39,3073
NSE,BLS,INE153T01027,EQ,219.55,223.93,217.23,218.26,219.55,602312,132600608.29,18598
NSE,BLSE,INE0NLT01010,EQ,323.00,332.00,321.10,328.60,321.10,445285,145663659.25,6718
NSE,BLUECLOUDS,INE373T01047,EQ,20.35,20.82,19.56,19.90,20.23,4389309,88764177.56,9818
NSE,BLUECOAST,INE472B01011,EQ,22.70,23.80,22.01,22.07,22.70,3112,70786.74,23
NSE,BLUEDART,INE233B01017,EQ,4574.90,4654.20,4539.30,4629.00,4576.00,14406,66370271.10,3316
NSE,BLUEJET,INE0KBH01020,EQ,555.00,562.35,535.00,538.05,549.60,399671,217722415.60,17575
NSE,BLUESTARCO,INE472A01039,EQ,1525.00,1541.10,1502.10,1518.00,1529.50,615606,935100431.40,30048
NSE,BLUESTONE,INE304W01038,EQ,806.20,812.00,782.00,794.85,806.05,805919,643962189.80,36320
NSE,BLUSPRING,INE0U4101014,EQ,145.80,147.80,140.10,141.74,143.11,149662,21409430.85,2835
NSE,BMWVENTLTD,INE965W01036,EQ,51.13,51.89,51.12,51.50,51.49,27684,1423657.32,480
NSE,BNAGROCHEM,INE00HZ01011,EQ,215.00,217.60,210.10,217.60,207.24,102349,22015862.24,398
NSE,BODALCHEM,INE338D01028,BE,191.99,200.50,182.40,198.35,191.99,789248,152091362.74,3516
NSE,BOHRAIND,INE802W01023,EQ,15.03,15.76,14.80,15.51,15.01,26872,413442.48,78
NSE,BOMDYEING,INE032A01023,EQ,106.75,107.84,105.00,105.62,106.70,316532,33735241.65,3562
NSE,BONLON,INE0B9A01018,EQ,41.00,41.90,38.01,40.21,40.16,38309,1558903.28,523
NSE,BORANA,INE16SF01016,EQ,297.80,297.80,275.00,278.20,296.40,66407,18813728.60,2356
NSE,BOROLTD,INE02PY01013,EQ,282.00,300.00,279.41,293.38,276.21,1096443,320189712.41,23204
NSE,BORORENEW,INE666D01022,EQ,452.95,470.80,452.95,458.15,452.50,523400,243005412.15,24431
NSE,BOROSCI,INE02L001032,EQ,114.84,116.77,113.16,113.91,114.84,54494,6268241.46,1071
NSE,BOSCH-HCIL,INE782A01015,EQ,1950.10,1979.00,1851.20,1876.70,1934.40,72922,140868623.80,10773
NSE,BOSCHLTD,INE323A01026,EQ,45960.00,47545.00,45960.00,47100.00,45700.00,30394,1431814960.00,14514
NSE,BPCL,INE029A01011,EQ,301.95,308.25,301.10,303.20,299.35,5525502,1678796398.20,81269
NSE,BPL,INE110A01019,EQ,46.78,46.85,45.32,45.59,46.50,37403,1716882.25,852
NSE,BPLPHARMA,INE365Y01019,EQ,1945.00,1948.00,1756.40,1792.80,1926.00,15982,29664913.90,1759
NSE,BRAHMINFRA,INE320I01017,EQ,158.20,159.00,146.15,148.08,149.26,41533,6291768.65,603
NSE,BRIGADE,INE791I01019,EQ,559.10,586.85,559.10,575.25,563.05,566667,325979782.30,41508
NSE,BRIGHOTEL,INE03NU01014,EQ,55.85,57.80,55.85,56.96,56.14,282041,16100335.10,6869
NSE,BRIGHTBR,INE630D01010,EQ,254.00,254.00,246.00,252.90,248.85,1978,498807.55,49
NSE,BRITANNIA,INE216A01030,EQ,4830.00,4830.50,4758.00,4830.00,4835.00,485651,2328100425.00,34926
NSE,BRNL,INE727S01012,EQ,16.15,16.90,15.67,15.84,16.45,34022,557981.98,265
NSE,BROOKS,INE650L01011,EQ,56.80,57.61,55.02,55.80,56.51,46499,2612048.74,546
NSE,BSE,INE118H01025,EQ,3138.90,3149.00,3075.00,3092.00,3200.00,6411793,19888486245.10,272876
NSE,BSHSL,INE032Z01020,EQ,85.80,86.75,83.50,86.10,85.90,3551,302247.91,70
NSE,BSL,INE594B01012,EQ,118.16,121.49,117.50,118.28,118.16,909,108228.00,43
NSE,BSOFT,INE836A01035,EQ,270.00,280.30,269.90,271.70,269.05,1727416,477372317.00,39782
NSE,BTML,INE0EEJ01023,EQ,6.91,7.44,6.91,6.97,7.03,91799,647612.90,276
NSE,BTTL,INE274K01012,BE,40.76,41.50,38.25,40.98,39.96,1488,57726.60,13
NSE,BUILDPRO,INE24OJ01011,EQ,1249.10,1257.90,1221.10,1231.00,1244.20,84714,105689968.20,2863
NSE,BURNPUR,INE817H01022,BE,13.69,14.00,13.15,13.16,13.84,47764,636203.49,368
NSE,BUTTERFLY,INE295F01017,EQ,564.30,565.35,551.55,552.75,561.25,12112,6751169.95,858
NSE,BVCL,INE139I01011,EQ,41.50,44.38,41.47,43.02,40.87,72324,3111420.51,867
NSE,BYKE,INE319B01014,EQ,29.50,29.87,29.00,29.12,28.93,40573,1183006.24,266
NSE,CALSOFT,INE526B01014,BE,33.37,35.11,32.07,35.11,33.44,151774,5127439.60,661
NSE,CAMLINFINE,INE052I01032,EQ,93.80,95.79,92.91,93.15,93.17,369269,34702874.71,3653
NSE,CAMPUS,INE278Y01022,EQ,210.00,211.36,207.52,208.83,209.76,196106,41100110.30,5958
NSE,CAMS,INE596I01020,EQ,666.60,679.95,666.00,671.00,666.00,1798467,1210473701.80,36586
NSE,CANBK,INE476A01022,EQ,119.70,121.48,119.44,119.44,119.51,12579795,1518041726.20,57941
NSE,CANFINHOME,INE477A01020,EQ,733.00,739.80,715.00,719.20,731.70,235321,170690118.70,22349
NSE,CANHLIFE,INE01TY01017,EQ,149.87,149.87,147.15,148.51,149.62,225185,33432703.00,6761
NSE,CANTABIL,INE068L01024,EQ,232.20,233.99,229.30,231.22,232.50,69587,16100017.92,1392
NSE,CAPACITE,INE264T01014,EQ,182.70,186.63,182.40,182.89,182.61,95782,17668627.82,2634
NSE,CAPILLARY,INE0ILV01024,EQ,569.00,574.00,553.15,560.45,568.05,69748,39214543.25,3241
NSE,CAPITALSFB,INE646H01017,EQ,278.00,298.00,278.00,288.60,279.65,137229,40063064.85,3496
NSE,CAPLIPOINT,INE475E01026,EQ,2760.10,2797.80,2663.30,2716.40,2744.00,156298,422709374.50,23175
NSE,CAPTRUST,INE707C01018,BE,17.65,18.42,16.90,18.28,17.55,27829,504429.08,73
NSE,CARBORUNIV,INE120A01034,EQ,1206.50,1269.90,1204.40,1252.50,1200.50,475133,592918098.60,36400
NSE,CARERATING,INE752H01013,EQ,1637.00,1652.80,1611.00,1616.70,1637.80,51390,83593984.70,7311
NSE,CARRARO,INE0V7W01012,EQ,520.00,530.45,515.00,527.50,520.80,352593,185075235.20,7465
NSE,CARTRADE,INE290S01011,EQ,2922.00,2949.50,2888.00,2899.80,2907.50,191607,557027921.30,17742
NSE,CARYSIL,INE482D01024,EQ,1046.10,1060.40,1020.00,1036.10,1056.50,149256,154806125.10,10366
NSE,CASTROLIND,INE172A01027,EQ,199.83,202.75,199.83,200.52,199.83,2564891,515512682.44,32544
NSE,CCAVENUE,INE483S01020,EQ,15.31,15.52,15.08,15.12,15.36,7376759,112467215.26,12429
NSE,CCCL,INE429I01024,EQ,13.98,14.38,13.05,13.95,13.47,353951,4915863.53,1161
NSE,CCHHL,INE652F01027,EQ,12.90,13.20,12.90,13.00,12.90,12278,160188.48,79
NSE,CCL,INE421D01022,EQ,1002.00,1031.00,991.40,1019.50,1006.20,146634,149517464.90,18926
NSE,CDSL,INE736A01011,EQ,1270.00,1286.50,1262.50,1264.00,1261.90,871860,1110848076.50,39644
NSE,CEATLTD,INE482A01020,EQ,3242.30,3320.90,3242.30,3264.40,3240.00,46666,153220845.70,10979
NSE,CEIGALL,INE0AG901020,EQ,383.80,385.90,375.10,382.75,377.55,305558,116187139.35,8342
NSE,CEINSYS,INE016Q01014,EQ,676.15,690.00,666.00,666.85,681.85,44612,30039261.90,3116
NSE,CELEBRITY,INE185H01016,EQ,6.74,6.74,6.36,6.66,6.46,13125,87134.48,60
NSE,CELLO,INE0LMW01024,EQ,330.00,337.55,324.10,325.55,333.35,174282,57552809.75,10280
NSE,CEMPRO,INE686A01026,EQ,1226.30,1249.00,1182.60,1192.20,1223.30,242505,293431008.90,14896
NSE,CENTENKA,INE485A01015,EQ,552.00,569.30,551.55,554.60,549.50,24863,13950580.30,2242
NSE,CENTEXT,INE281A01026,EQ,18.20,19.07,18.20,18.62,18.16,121183,2274904.93,718
NSE,CENTEXT-RE,INE281A20018,BE,3.88,3.88,3.00,3.62,2.79,305177,1069401.41,728
NSE,CENTRALBK,INE483A01010,EQ,30.07,30.84,30.07,30.46,30.04,4973027,151933662.07,18306
NSE,CENTRUM,INE660C01027,EQ,20.95,21.35,19.00,19.61,20.56,765145,15477539.07,1439
NSE,CENTUM,INE320B01020,EQ,4915.80,4925.00,4738.40,4797.90,4920.70,90214,435317222.20,15782
NSE,CENTURYPLY,INE348B01021,EQ,663.05,686.00,663.05,681.85,665.00,64964,44362557.90,9441
NSE,CERA,INE739E01017,EQ,5125.00,5199.50,5037.00,5088.00,5124.50,25540,130962222.50,5626
NSE,CESC,INE486A01021,EQ,133.95,136.39,133.61,133.85,133.87,1540893,208055938.84,30798
NSE,CEWATER,INE037Z01029,EQ,259.25,267.40,257.05,259.60,259.60,28177,7352577.60,1759
NSE,CFEL,INE700F01024,BE,47.10,47.10,45.05,45.58,47.12,4882,223354.58,108
NSE,CGCL,INE180C01042,EQ,249.30,252.75,246.50,247.45,246.90,1406907,349589897.35,20924
NSE,CGPOWER,INE067A01029,EQ,866.45,876.80,854.20,854.20,858.05,2404620,2078634450.90,56946
NSE,CGVAK,INE084D01010,EQ,151.50,151.50,145.31,145.69,148.97,1492,221483.30,57
NSE,CHALET,INE427F01016,EQ,849.90,861.95,831.00,845.20,840.75,132305,112298007.20,12441
NSE,CHAMBLFERT,INE085A01013,EQ,414.35,417.45,408.40,409.25,413.55,384509,158324145.10,19186
NSE,CHEMBOND,INE995D01025,EQ,182.50,189.44,181.62,182.73,182.87,12149,2259116.85,507
NSE,CHEMBONDCH,INE0TGX01019,BE,230.00,237.45,218.80,225.50,230.30,25729,5768191.25,343
NSE,CHEMCON,INE03YM01018,EQ,212.10,221.37,212.10,217.28,213.81,27761,6043170.34,847
NSE,CHEMCRUX,INE298W01016,EQ,79.80,80.20,77.51,78.62,78.01,6413,509600.43,98
NSE,CHEMFAB,INE783X01023,EQ,359.80,359.80,335.00,335.90,343.50,4381,1487779.50,369
NSE,CHEMPLASTS,INE488A01050,EQ,192.26,196.79,184.50,185.92,192.35,278500,52511607.83,6726
NSE,CHENNPETRO,INE178A01016,EQ,1447.90,1502.30,1428.00,1436.30,1436.90,1709133,2504128288.40,76429
NSE,CHEVIOT,INE974B01016,EQ,1194.90,1199.90,1175.40,1183.20,1176.00,642,766154.60,120
NSE,CHOICEIN,INE102B01014,EQ,741.05,749.40,721.20,726.25,741.15,401169,293934529.60,10413
NSE,CHOLAFIN,INE121A01024,EQ,1637.20,1642.10,1600.10,1620.00,1627.30,1860436,3003773356.60,58631
NSE,CHOLAHLDNG,INE149A01033,EQ,1361.00,1400.00,1361.00,1386.20,1371.80,272263,376576669.20,26222
NSE,CIEINDIA,INE536H01010,EQ,379.00,390.00,378.05,386.30,376.45,288927,111674490.35,16324
NSE,CIFL,INE345H01024,EQ,20.63,21.85,20.63,21.34,21.36,72960,1558477.28,1415
NSE,CINELINE,INE704H01022,EQ,89.44,89.50,85.35,86.96,88.13,22839,2001900.63,438
NSE,CINEVISTA,INE039B01026,EQ,13.75,13.99,13.65,13.83,13.64,5653,78212.46,73
NSE,CIPLA,INE059A01026,EQ,1383.00,1384.00,1346.00,1346.00,1379.30,1063964,1448105234.40,46027
NSE,CLEAN,INE227W01023,EQ,776.90,801.20,774.80,794.35,775.75,245660,194120987.70,19922
NSE,CLEANMAX,INE647U01026,EQ,1390.70,1405.00,1315.80,1327.20,1382.40,851431,1135545880.50,42004
NSE,CLEDUCATE,INE201M01029,EQ,55.96,58.20,55.00,57.01,55.43,31888,1804687.29,183
NSE,CLSEL,INE419D01026,EQ,282.20,295.50,282.20,284.15,282.25,68524,19777746.85,2513
NSE,CMLL,INE11XY01018,EQ,547.05,553.55,529.00,532.05,542.90,314749,170509751.85,11311
NSE,CMPDI,INE05HV01027,EQ,213.10,214.89,207.50,209.21,213.12,726889,153349962.57,14087
NSE,CMRGREEN,INE00WV01027,EQ,228.98,233.99,223.50,224.83,227.91,395630,89783067.25,10985
NSE,CMSINFO,INE925R01014,EQ,229.95,231.99,220.99,221.45,229.17,632685,141816072.18,14676
NSE,CNL,INE985W01018,EQ,1105.80,1156.90,1078.00,1082.20,1097.70,6433,7055262.00,1022
NSE,COALINDIA,INE522F01014,EQ,425.10,432.90,423.95,425.00,425.00,7436925,3185286623.85,125774
NSE,COASTCORP,INE377E01024,EQ,36.53,37.80,36.00,36.97,35.55,86221,3152965.42,1001
NSE,COCHINSHIP,INE704P01025,EQ,1332.00,1348.60,1305.70,1315.00,1359.30,985418,1309362999.90,38468
NSE,COCKERILL,INE515A01019,EQ,7905.50,8029.00,7840.50,7966.50,7883.00,3420,27205445.50,1113
NSE,COFFEEDAY,INE335K01011,EQ,30.51,30.85,30.06,30.14,30.51,310652,9423367.54,1106
NSE,COFORGE,INE591G01025,EQ,1757.60,1824.40,1749.10,1749.10,1722.00,3113656,5563588495.00,102007
NSE,COHANCE,INE03QK01018,EQ,456.00,460.95,440.80,444.00,457.90,1480412,661237698.80,53461
NSE,COLPAL,INE259A01022,EQ,1790.10,1808.60,1763.30,1763.30,1785.10,276534,494162593.80,20677
NSE,COMFINTE,INE819A01049,EQ,6.94,7.24,6.02,6.36,6.73,1331887,8824513.88,1405
NSE,COMPEAU,INE823B01015,EQ,358.10,368.45,354.40,368.45,369.70,224,79986.15,37
NSE,COMPUSOFT,INE453B01029,EQ,13.66,14.00,13.41,13.48,13.36,24794,339006.35,196
NSE,COMSYN,INE073V01015,EQ,267.65,279.15,265.00,269.70,261.95,610951,166378717.35,10495
NSE,CONCOR,INE111A01025,EQ,449.00,454.60,445.30,447.50,443.50,1094966,494214034.70,26165
NSE,CONCORDBIO,INE338H01029,EQ,1423.40,1434.70,1366.60,1373.60,1410.70,100957,140028886.40,15843
NSE,CONFIPET,INE552D01024,EQ,87.00,89.55,86.52,88.13,87.19,1829935,161670547.34,25984
NSE,CONSOFINVT,INE025A01027,BE,292.10,299.85,280.00,293.90,289.30,1868,536843.10,45
NSE,CONTROLPR,INE663B01015,EQ,608.00,610.00,600.00,607.35,608.50,13322,8060129.20,776
NSE,CORALFINAC,INE558D01021,EQ,32.77,32.77,31.43,31.55,32.17,10305,329309.34,106
NSE,CORDELIA,INE0LZF01039,EQ,103.46,105.16,102.30,102.59,102.56,630212,64979104.05,5696
NSE,CORDSCABLE,INE792I01017,BE,314.00,332.50,314.00,332.50,316.70,29609,9747741.00,515
NSE,COROMANDEL,INE169A01031,EQ,1810.80,1832.00,1742.90,1758.20,1792.90,612561,1084279114.20,31747
NSE,CORONA,INE02ZQ01018,EQ,2085.00,2111.80,2062.10,2093.40,2078.40,23940,50048955.10,5553
NSE,COSMOFIRST,INE757A01017,EQ,856.00,875.75,837.50,845.60,834.80,43706,37524853.05,3073
NSE,COUNCODOS,INE695B01025,BE,6.30,6.58,6.20,6.40,6.40,6350,40093.60,96
NSE,CPCAP,INE521J01018,EQ,153.90,154.00,137.35,141.59,150.35,19440,2828166.69,823
NSE,CPEDU,INE0P6P01016,EQ,178.00,181.00,177.20,177.45,179.60,4608,828642.14,52
NSE,CPL,INE536P01021,EQ,61.69,64.07,61.69,63.27,62.16,27672,1749827.53,1396
NSE,CPPLUS,INE819V01029,EQ,3840.10,3950.00,3766.00,3846.50,3817.60,237687,916845388.90,25666
NSE,CRAFTSMAN,INE00LO01017,EQ,10581.00,10581.00,10316.00,10417.00,10505.00,46075,481125245.00,17689
NSE,CRAMC,INE218I01013,EQ,224.45,227.00,224.00,224.70,223.55,247677,55756050.55,5266
NSE,CRAVATEX,INE145E01017,EQ,359.80,365.80,345.00,359.85,343.95,56,19770.50,35
NSE,CREATIVEYE,INE230B01021,EQ,6.15,6.75,5.85,6.12,6.03,4878,30141.75,116
NSE,CREDITACC,INE741K01010,EQ,1220.20,1278.80,1220.20,1272.00,1216.30,364278,458077385.40,52861
NSE,CREST,INE559D01011,EQ,364.95,375.00,355.00,366.85,356.90,4058,1479647.80,123
NSE,CRESTO,INE203Y01012,EQ,23.99,23.99,22.93,23.21,23.59,53671,1268255.96,286
NSE,CRISIL,INE007A01025,EQ,4464.80,4519.00,4416.00,4450.80,4464.10,36918,164571561.10,9154
NSE,CRIZAC,INE0S4R01014,EQ,170.60,173.39,168.90,170.12,169.08,100955,17266366.55,3725
NSE,CROMPTON,INE299U01018,EQ,212.00,214.56,208.67,208.67,211.37,1957515,414613525.82,25209
NSE,CROWN,INE491V01019,EQ,116.80,116.99,114.59,115.27,115.73,17028,1971752.99,322
NSE,CRSL,INE716D01033,BE,2.30,2.30,2.19,2.22,2.26,200889,450074.28,524
NSE,CSBBANK,INE679A01013,EQ,316.00,319.15,309.50,311.00,316.20,283282,88650833.50,20059
NSE,CSLFINANCE,INE718F01018,EQ,213.98,215.25,210.00,210.85,211.40,14378,3051171.66,565
NSE,CSM,INE0ZK601013,EQ,100.00,104.00,97.00,98.17,98.16,132729,13201968.85,2170
NSE,CTE,INE627H01017,BE,40.00,41.40,39.30,40.39,41.34,11833,468778.45,67
NSE,CUB,INE491A01021,EQ,216.75,229.00,214.91,226.05,214.91,8157697,1841923680.73,103736
NSE,CUBEXTUB,INE144D01012,BE,175.74,184.00,166.96,174.84,175.74,388081,66757415.42,3441
NSE,CUMMINSIND,INE298A01020,EQ,4821.50,4839.00,4741.00,4760.00,4800.00,573791,2755420408.00,54127
NSE,CUPID,INE509F01029,EQ,288.00,312.00,287.40,311.65,288.00,66496228,20445101092.35,356761
NSE,CURAA,INE117B01020,BE,72.50,72.50,71.05,72.50,72.50,138,9997.75,9
NSE,CYBERMEDIA,INE278G01037,BE,19.02,19.02,18.25,18.56,18.99,10630,196754.32,69
NSE,CYBERTECH,INE214A01019,BE,136.80,139.50,135.35,138.83,137.56,7837,1085282.16,132
NSE,CYIENT,INE136B01020,EQ,1055.30,1138.00,1050.10,1100.70,1055.30,2323228,2595074762.10,119232
NSE,CYIENTDLM,INE055S01018,EQ,921.00,928.25,905.35,914.10,921.15,203064,185729887.05,17880
NSE,DABUR,INE016A01026,EQ,379.95,384.65,379.15,380.10,380.40,1957070,747545830.70,38343
NSE,DAICHI,INE928C01010,BE,313.05,322.95,306.50,312.85,313.35,341,107180.00,15
NSE,DALBHARAT,INE00R701025,EQ,1637.60,1696.80,1637.40,1683.70,1637.40,111663,186845228.60,22951
NSE,DALMIASUG,INE495A01022,EQ,416.00,424.90,405.65,408.80,412.20,130282,54155951.60,4354
NSE,DAMCAPITAL,INE284H01025,EQ,154.95,159.29,150.10,151.08,155.76,623800,96677159.20,9174
NSE,DAMODARIND,INE497D01022,BE,26.85,27.00,25.81,26.96,26.40,4457,118560.09,39
NSE,DANGEE,INE688Y01022,EQ,2.85,3.00,2.80,2.92,2.79,102268,298829.50,238
NSE,DATAMATICS,INE365B01017,EQ,825.00,837.00,802.15,805.55,821.40,146286,120629098.45,7990
NSE,DATAPATTNS,INE0IX101010,EQ,4241.20,4358.80,4226.00,4286.90,4221.60,336383,1451575197.30,38704
NSE,DAVANGERE,INE179G01029,EQ,2.37,2.40,2.26,2.31,2.34,6763373,15749801.52,2621
NSE,DBCORP,INE950I01011,EQ,177.02,181.60,174.01,175.38,175.73,195863,34731727.04,3644
NSE,DBEIL,INE0OPA01027,EQ,6.45,6.74,6.45,6.68,6.54,157480,1049019.10,392
NSE,DBL,INE917M01012,EQ,410.45,416.00,403.10,406.20,410.90,63814,26050231.95,2892
NSE,DBOL,INE0I3401014,EQ,124.49,129.89,124.29,126.10,124.49,321088,40807742.50,4358
NSE,DBREALTY,INE879I01012,EQ,98.25,98.99,95.50,96.52,97.82,1028560,99938945.76,8319
NSE,DBSTOCKBRO,INE921B01025,BE,30.55,31.98,30.01,31.74,30.75,4810,150167.32,38
NSE,DCAL,INE385W01011,EQ,162.57,163.83,156.35,157.47,161.39,228801,36598636.52,3753
NSE,DCBBANK,INE503A01015,EQ,202.06,205.56,202.05,203.54,202.37,781971,159211473.12,15771
NSE,DCI,INE0A1101019,EQ,326.90,340.00,322.90,335.00,325.70,162842,54467937.70,4632
NSE,DCM,INE498A01018,EQ,75.01,77.60,73.41,74.00,75.00,18795,1414602.84,204
NSE,DCMFINSERV,INE891B01012,EQ,4.93,5.15,4.85,5.07,4.93,23478,118243.48,250
NSE,DCMNVL,INE08KP01019,EQ,175.09,176.75,171.06,172.60,175.13,4894,850634.66,744
NSE,DCMSHRIRAM,INE499A01024,EQ,905.10,923.90,905.10,915.60,907.80,58580,53766645.10,7313
NSE,DCMSIL,INE0OU201013,EQ,78.05,85.31,77.30,82.25,77.56,216984,17646800.21,2096
NSE,DCMSRIND,INE843D01027,EQ,39.61,40.35,38.83,39.57,39.34,203293,8065469.33,1719
NSE,DCW,INE500A01029,EQ,46.05,47.17,45.31,45.62,45.98,928628,42853885.21,4895
NSE,DCXINDIA,INE0KL801015,EQ,159.60,164.87,159.60,161.18,158.81,345928,56253060.60,6471
NSE,DDEVPLSTIK,INE0HR601026,EQ,249.60,253.90,246.20,249.50,248.75,55337,13884359.40,2341
NSE,DECCANCE,INE583C01021,EQ,550.00,587.45,537.85,566.50,540.10,102837,58327833.90,4215
NSE,DECNGOLD,INE945F01025,EQ,201.61,208.00,198.06,200.76,201.41,933680,189875874.67,16351
NSE,DEEDEV,INE841L01016,EQ,659.75,683.00,659.75,676.90,653.50,93263,62912701.75,5602
NSE,DEEP,INE00IY01012,BE,45.00,46.00,43.05,44.82,44.26,2754,120902.67,40
NSE,DEEPA,INE1M2N01020,EQ,191.80,199.90,189.74,195.48,188.89,2948558,578093420.00,29728
NSE,DEEPAKFERT,INE501A01019,EQ,1305.10,1387.40,1305.10,1351.00,1308.90,520150,705060048.60,33171
NSE,DEEPAKNTR,INE288B01029,EQ,1535.00,1555.00,1520.60,1529.80,1529.00,141444,216773839.90,18429
NSE,DEEPINDS,INE0FHS01024,EQ,782.45,789.00,746.95,755.95,782.50,186911,143237148.90,9644
NSE,DELHIVERY,INE148O01028,EQ,418.35,418.35,400.35,409.70,417.40,5573038,2272971338.35,95243
NSE,DELPHIFX,INE726L01027,BE,6.77,6.77,6.77,6.77,6.64,111667,755985.59,42
NSE,DELTACORP,INE124G01033,EQ,78.55,87.90,78.55,80.51,78.69,84962418,7197469272.84,280046
NSE,DELTAMAGNT,INE393A01011,EQ,57.20,58.50,57.01,57.19,57.07,2227,127955.30,33
NSE,DEN,INE947J01015,EQ,25.99,26.36,25.77,25.93,25.91,269929,7013453.66,1170
NSE,DENORA,INE244A01016,EQ,735.00,756.00,718.60,736.50,741.35,10095,7460431.40,1317
NSE,DENTA,INE0R4L01018,EQ,267.40,271.75,264.50,265.75,266.60,48166,12918977.05,1880
NSE,DEVIT,INE060X01034,EQ,21.60,22.50,21.06,21.86,21.59,72158,1555003.75,606
NSE,DEVX,INE0VOV01021,EQ,36.12,36.56,35.71,36.07,36.12,41456,1498218.49,229
NSE,DEVYANI,INE872J01023,EQ,130.68,132.70,129.00,130.29,130.72,1090016,142959648.65,19977
NSE,DGCONTENT,INE03JI01017,EQ,25.50,26.75,24.75,25.43,25.24,84649,2154801.66,175
NSE,DHABRIYA,INE260R01016,BE,462.15,480.50,462.00,472.80,471.80,10075,4733526.50,191
NSE,DHAMPURSUG,INE041A01016,EQ,174.00,179.69,170.10,171.42,171.80,654374,114796304.47,16841
NSE,DHANBANK,INE680A01011,EQ,28.11,28.93,27.10,27.52,28.37,833002,23121346.35,3730
NSE,DHANUKA,INE435G01025,EQ,931.00,940.75,925.10,928.35,930.55,21838,20330198.90,4319
NSE,DHARMAJ,INE00OQ01016,EQ,276.20,282.90,262.00,264.35,278.75,100650,27428900.90,2856
NSE,DHATRE,INE715T01031,EQ,3.91,4.10,3.91,3.98,3.97,17934,71542.35,89
NSE,DHOOTTRANS,INE01NH01023,EQ,1505.00,1518.90,1480.00,1488.80,1504.60,580685,871467803.20,43474
NSE,DHRUV,INE506Z01015,EQ,20.87,21.89,19.96,20.08,20.89,8040,163311.13,105
NSE,DHUNINV,INE320L01011,EQ,989.70,991.00,950.00,955.65,972.35,621,599231.10,77
NSE,DIACABS,INE989C01038,BE,349.50,360.00,348.00,354.20,352.05,338526,119906787.45,4343
NSE,DIAMINESQ,INE591D01014,EQ,243.38,243.38,236.60,238.50,239.88,1955,468890.79,109
NSE,DIAMONDYD,INE393P01035,EQ,1061.00,1124.90,1056.20,1108.50,1051.10,164680,179061308.90,6037
NSE,DICIND,INE303A01010,EQ,629.50,645.65,623.05,635.30,619.95,5230,3313714.15,335
NSE,DIFFNKG,INE184O01015,EQ,451.45,452.00,435.10,438.75,448.15,78332,34611028.40,3833
NSE,DIGIDRIVE,INE0PSC01024,EQ,17.73,17.99,17.55,17.89,17.81,18503,328558.60,150
NSE,DIGISPICE,INE927C01020,EQ,15.00,15.53,14.86,14.96,15.35,99635,1505840.82,277
NSE,DIGITIDE,INE0U4701011,EQ,75.67,77.50,72.20,72.85,75.12,366324,27301735.10,5055
NSE,DIGJAMLMTD,INE731U01028,BE,49.50,51.94,49.10,50.46,49.50,1729,87366.74,25
NSE,DISAQ,INE131C01011,EQ,12050.00,12050.00,11750.00,11796.00,11804.00,158,1886053.00,34
NSE,DISHTV,INE836F01026,EQ,2.05,2.19,2.05,2.06,2.15,4887725,10135464.24,2843
NSE,DIVGIITTS,INE753U01022,EQ,1220.00,1283.10,1166.30,1181.80,1212.90,161440,197024879.80,11690
NSE,DIVISLAB,INE361B01024,EQ,9499.50,9505.00,9275.00,9291.50,9431.00,541269,5066450759.00,83366
NSE,DIXON,INE935N01020,EQ,13300.00,13425.00,13100.00,13100.00,13250.00,273569,3631014617.00,42262
NSE,DJML,INE0B1K01014,EQ,70.91,72.90,70.91,71.82,71.62,96040,6891738.69,708
NSE,DLF,INE271C01023,EQ,665.05,674.00,653.00,674.00,653.00,5830044,3855925525.10,102181
NSE,DLINKINDIA,INE250K01012,EQ,417.05,421.45,410.00,411.85,414.20,40130,16668593.85,2645
NSE,DMART,INE192R01011,EQ,3769.50,3865.00,3769.50,3801.40,3750.00,620771,2379785236.70,39138
NSE,DMCC,INE505A01010,EQ,317.00,324.00,308.35,311.70,314.45,250289,79688114.85,6024
NSE,DNAMEDIA,INE016M01021,EQ,2.43,2.48,2.42,2.44,2.41,24871,60355.93,71
NSE,DODLA,INE021O01019,EQ,1001.30,1032.90,1001.30,1019.40,1011.10,22246,22690028.50,2630
NSE,DOLATALGO,INE966A01022,EQ,66.00,66.48,64.52,64.94,65.51,79533,5209142.56,1069
NSE,DOLLAR,INE325C01035,EQ,278.20,285.90,276.00,277.25,280.25,210742,59473350.05,3296
NSE,DOLLEX,INE0JHH01011,EQ,40.00,40.00,37.60,38.00,38.90,17634,674505.00,568
NSE,DOLPHIN,INE920A01037,EQ,652.50,715.80,631.20,637.40,650.75,70720,47409262.65,2919
NSE,DOMS,INE321T01012,EQ,2056.40,2122.00,2044.10,2107.00,2052.40,46672,97482970.30,11402
NSE,DONEAR,INE668D01028,EQ,81.13,82.64,80.71,81.40,81.12,4484,366036.85,184
NSE,DPABHUSHAN,INE266Y01019,EQ,1750.00,1815.70,1685.00,1788.80,1665.80,869922,1526999586.00,60021
NSE,DPSCLTD,INE360C01024,BE,6.81,7.00,6.71,6.80,6.90,94002,644842.65,432
NSE,DPWIRES,INE864X01013,BE,161.00,167.00,161.00,163.89,160.56,6309,1038128.39,124
NSE,DRAGARWQ,INE934C01018,EQ,5190.00,5201.00,5061.00,5130.00,5129.50,2230,11412008.00,642
NSE,DRCSYSTEMS,INE03RS01027,EQ,12.19,14.00,12.16,13.15,12.31,111616,1446176.32,623
NSE,DREAMFOLKS,INE0JS101016,EQ,62.19,62.89,61.50,61.66,61.91,28888,1796099.58,880
NSE,DREDGECORP,INE506A01018,EQ,939.40,954.60,912.00,920.20,932.90,61117,57134936.70,3679
NSE,DRREDDY,INE089A01031,EQ,1242.20,1244.60,1214.20,1233.00,1251.90,4026022,4949646189.90,124097
NSE,DSFCL,INE0OFM01015,EQ,29.17,29.80,28.19,28.94,29.10,45090,1310849.31,384
NSE,DSKULKARNI,INE891A01022,BE,25.56,25.56,25.56,25.56,25.06,37,945.72,1
NSE,DSSL,INE417B01040,EQ,1023.50,1023.50,981.10,983.20,993.00,22519,22289130.20,2109
NSE,DTIL,INE341R01014,BE,147.70,152.22,146.00,152.21,144.98,19102,2900323.72,79
NSE,DUCON,INE741L01018,EQ,1.37,1.43,1.35,1.36,1.42,3809077,5246865.93,1057
NSE,DVL,INE477B01010,EQ,288.00,291.45,282.10,282.95,287.65,8519,2419466.10,399
NSE,DWARKESH,INE366A01041,EQ,43.80,44.55,42.45,42.66,43.33,1342472,58425954.13,6743
NSE,DYCL,INE600Y01019,EQ,435.50,446.45,435.00,437.15,433.90,216097,95100220.90,8702
NSE,DYNAMATECH,INE221B01012,EQ,13065.00,13650.00,13060.00,13611.00,13065.00,49032,662151173.00,9290
NSE,DYNPRO,INE256H01015,EQ,226.00,227.02,221.00,223.58,222.60,5756,1290590.97,343
NSE,E2E,INE255Z01027,BE,655.05,679.00,636.20,650.50,651.80,479810,315993369.15,11526
NSE,EASEMYTRIP,INE07O001026,EQ,5.88,6.03,5.81,5.86,5.88,9015155,53427345.43,5425
NSE,EASTSILK,INE962C01035,BE,69.00,73.81,66.79,73.81,70.30,961,69913.25,17
NSE,EASTWEST,INE595R01023,EQ,2.27,2.36,2.25,2.33,2.27,34577,79797.06,150
NSE,EBGNG,INE18JU01028,EQ,700.05,711.45,684.90,686.75,674.80,906069,632620970.50,35807
NSE,EBIX,INE432F01032,BE,17.68,17.86,16.82,16.97,17.01,41803,713832.45,127
NSE,ECLERX,INE738I01010,EQ,1772.00,1848.70,1772.00,1819.90,1769.70,177436,324114153.00,23668
NSE,ECORECO,INE316A01038,EQ,407.95,410.00,391.45,395.50,403.30,9028,3628154.20,768
NSE,ECOSMOBLTY,INE06HJ01020,EQ,106.58,107.01,104.10,104.73,105.07,35333,3724723.20,1029
NSE,EDELWEISS,INE532F01054,EQ,137.70,144.05,137.70,142.73,137.77,10840581,1536300275.67,72085
NSE,EFCIL,INE886D01026,EQ,174.28,177.94,171.50,172.21,174.28,206429,35807791.19,3342
NSE,EICHERMOT,INE066A01021,EQ,7182.00,7245.00,7120.00,7150.00,7179.00,418141,3002574890.50,45153
NSE,EIDPARRY,INE126A01031,EQ,696.00,708.00,681.00,685.90,696.25,467662,324864363.35,33280
NSE,EIEL,INE0LLY01014,EQ,193.05,195.66,188.00,189.62,191.48,435975,83417238.14,10157
NSE,EIFFL,INE546V01010,BE,271.60,273.20,271.60,273.20,277.00,1439,392408.85,15
NSE,EIHAHOTELS,INE276C01014,EQ,293.90,302.35,289.20,297.15,292.35,18403,5459230.95,1424
NSE,EIHOTEL,INE230A01023,EQ,301.85,306.15,297.55,301.10,301.85,1001715,299378093.55,10531
NSE,EIMCOELECO,INE158B01016,EQ,2297.60,2320.40,2259.80,2269.20,2278.30,14680,33564514.70,2156
NSE,EKC,INE184H01027,EQ,108.20,110.50,106.65,108.90,107.74,199123,21600375.39,2636
NSE,EKI,INE0CPR01018,EQ,99.98,103.88,94.11,94.99,98.57,82152,8122569.24,1553
NSE,ELANTAS,INE280B01018,EQ,13850.00,13978.00,13643.00,13839.00,13649.00,1294,17895262.00,578
NSE,ELCIDIN,INE927X01018,EQ,103000.00,103000.00,102665.00,102665.00,102665.00,2,205665.00,2
NSE,ELDEHSG,INE668G01021,EQ,751.75,760.00,751.00,751.05,751.75,691,520991.35,53
NSE,ELECON,INE205B01031,EQ,478.05,487.20,460.00,461.80,480.40,812540,383617433.25,24579
NSE,ELECTCAST,INE086A01029,EQ,76.12,78.19,73.89,74.37,76.53,3312574,252389252.12,22039
NSE,ELECTHERM,INE822G01016,EQ,785.05,790.85,768.70,774.25,778.35,8860,6893215.85,753
NSE,ELEVATE,INE147X01013,EQ,355.10,372.75,290.10,322.95,362.00,38490932,13131493145.90,365750
NSE,ELGIEQUIP,INE285A01027,EQ,594.95,614.80,594.95,608.85,594.85,316761,191726700.05,23699
NSE,ELGIRUBCO,INE819L01012,EQ,52.95,54.00,52.95,53.42,52.90,21168,1133972.43,594
NSE,ELIN,INE050401020,EQ,88.38,88.38,86.02,86.30,86.65,57220,4951971.53,977
NSE,ELITECON,INE669R01026,EQ,8.20,8.61,7.86,7.98,8.20,13834853,113832113.21,14615
NSE,ELLEN,INE236E01022,EQ,378.00,381.00,354.15,356.90,369.35,2144133,786237369.80,38513
NSE,ELPROINTL,INE579B01039,EQ,170.40,174.10,170.40,174.00,170.47,2626,454478.90,120
NSE,EMAMILTD,INE548C01032,EQ,382.50,384.50,375.60,379.05,381.05,1943040,736303657.65,36652
NSE,EMAMIPAP,INE830C01026,BE,118.96,121.00,115.16,119.56,118.62,38369,4567694.40,333
NSE,EMAMIREAL,INE778K01012,EQ,67.70,68.49,66.95,67.43,66.94,5618,379750.07,54
NSE,EMBDL,INE069I01010,EQ,56.90,59.49,55.51,58.51,56.33,2043111,117230595.36,27373
NSE,EMCURE,INE168P01015,EQ,1960.00,1965.90,1907.20,1943.00,1959.10,71094,137763836.50,14983
NSE,EMIL,INE02YR01019,EQ,192.00,208.98,192.00,205.36,191.71,14305072,2923361189.25,166963
NSE,EMKAY,INE296H01011,EQ,284.70,289.05,277.05,278.20,282.60,41969,11848192.35,1301
NSE,EMMBI,INE753K01015,BE,90.00,90.00,88.10,89.74,89.34,5465,488640.24,33
NSE,EMMVEE,INE1C6T01020,EQ,313.95,318.50,313.20,315.90,314.55,1295809,409350769.95,33337
NSE,EMPIND,INE515H01014,EQ,1052.00,1066.00,1052.00,1057.10,1046.20,2549,2690967.60,264
NSE,EMPOWER,INE507F01023,EQ,1.62,1.62,1.62,1.62,1.70,3851509,6239444.58,2121
NSE,EMSLIMITED,INE0OV601013,EQ,340.50,345.50,335.20,337.20,337.50,113345,38556392.95,4632
NSE,EMUDHRA,INE01QM01018,EQ,628.50,637.60,592.10,596.50,627.15,713583,434733108.85,29687
NSE,ENDURANCE,INE913H01037,EQ,2665.00,2747.90,2621.10,2656.50,2654.80,137641,369878246.50,21748
NSE,ENERGYDEV,INE306C01019,EQ,14.48,14.98,14.10,14.39,14.60,30784,442900.00,412
NSE,ENGINERSIN,INE510A01028,EQ,310.75,315.50,307.50,309.60,310.20,3125317,975192871.20,43936
NSE,ENIL,INE265F01028,EQ,96.99,96.99,95.05,95.59,95.33,12291,1177465.30,300
NSE,ENKEIWHEL,INE130L01014,EQ,399.00,399.00,390.00,396.55,397.80,253,99681.35,26
NSE,ENRIN,INE1NPP01017,EQ,3211.40,3322.80,3200.00,3200.00,3199.00,666697,2178077479.10,60404
NSE,ENTERO,INE010601016,EQ,1764.90,1775.30,1701.00,1708.90,1764.90,78337,135107397.90,11330
NSE,EPACK,INE0G5901015,EQ,178.65,180.15,175.00,175.35,177.93,178498,31650326.80,3417
NSE,EPACKPEB,INE0MLS01022,EQ,243.00,247.28,241.80,243.20,243.32,149107,36334181.27,5082
NSE,EPIGRAL,INE071N01016,EQ,1024.00,1030.00,1011.00,1012.50,1018.10,37182,37798455.20,2838
NSE,EPL,INE255A01020,EQ,235.80,241.35,233.50,237.00,233.05,3029109,719925193.40,32692
NSE,EQUIPPP,INE217G01035,BE,23.80,23.80,22.40,22.65,22.93,1424,32993.36,18
NSE,EQUITASBNK,INE063P01018,EQ,67.10,69.20,67.06,68.93,67.07,1798270,122917122.35,15369
NSE,ERIS,INE406M01024,EQ,1225.30,1226.30,1180.80,1191.90,1219.30,97144,116363918.40,12534
NSE,ESABINDIA,INE284A01012,EQ,5565.50,5565.50,5521.00,5530.00,5510.00,1062,5880969.00,419
NSE,ESAFSFB,INE818W01011,BE,44.55,46.00,44.03,44.52,44.54,733692,33069030.97,1284
NSE,ESCORTS,INE042A01014,EQ,2705.00,2743.40,2700.10,2715.20,2706.20,45053,122454929.80,8429
NSE,ESDS,INE0DRI01029,EQ,1509.50,1509.50,1509.50,1509.50,1588.90,35560,53677820.00,2414
NSE,ESSARSHPNG,INE122M01019,EQ,17.54,20.34,17.54,18.89,16.95,6789502,133555011.10,14309
NSE,ESSENTIA,INE418N01035,EQ,1.00,1.02,1.00,1.00,1.00,770450,778297.71,560
NSE,ESTER,INE778B01029,EQ,90.00,101.46,87.19,101.22,84.55,3656608,366771031.31,17215
NSE,ETERNAL,INE758T01015,EQ,328.15,329.00,317.10,320.00,327.85,28850208,9245532416.30,175774
NSE,ETHOSLTD,INE04TZ01018,EQ,2489.90,2555.00,2484.40,2537.20,2489.80,22966,57956261.80,6567
NSE,EUREKAFORB,INE0KCE01017,EQ,361.95,371.00,357.50,361.00,362.95,311340,112981794.10,12820
NSE,EUROBOND,INE505V01016,EQ,150.00,151.89,145.65,146.25,147.12,1174,171816.69,75
NSE,EUROPRATIK,INE198501012,EQ,202.40,216.80,190.10,192.30,202.05,693046,138882011.70,23250
NSE,EUROTEXIND,INE022C01012,EQ,12.85,14.30,11.75,14.30,13.00,4554,64715.65,26
NSE,EVEREADY,INE128A01029,EQ,318.90,325.00,318.90,323.20,318.90,38598,12450477.25,1319
NSE,EVERESTIND,INE295A01018,BE,427.10,458.05,427.10,455.60,436.25,19320,8784267.15,333
NSE,EXCELINDUS,INE369A01029,EQ,925.30,957.70,925.30,945.20,924.80,33101,31233700.00,1727
NSE,EXCELSOFT,INE606N01019,EQ,83.99,85.70,80.23,81.17,83.39,532184,44000306.16,5692
NSE,EXICOM,INE777F01014,EQ,152.97,158.60,151.00,152.11,152.97,522829,80488558.04,6672
NSE,EXIDEIND,INE302A01020,EQ,407.75,417.50,407.75,412.60,407.00,2723921,1124587056.20,56845
NSE,EXPLEOSOL,INE201K01015,EQ,858.00,873.90,855.00,857.85,858.30,5181,4470859.55,809
NSE,EXXARO,INE0GFE01026,EQ,6.22,6.24,6.05,6.07,6.09,93351,570820.85,346
NSE,FABTECH,INE0HF201011,EQ,147.47,148.99,143.95,145.04,147.47,43962,6382091.77,722
NSE,FACT,INE188A01015,EQ,757.20,770.35,752.00,757.95,757.20,99917,76089408.35,11214
NSE,FAIRCHEMOR,INE0DNW01011,BE,678.00,693.00,661.00,680.75,674.70,5353,3632145.05,454
NSE,FAZE3Q,INE963C01033,EQ,428.00,462.20,420.00,442.15,422.20,402154,178948141.10,12182
NSE,FCL,INE045J01034,EQ,57.94,59.21,57.00,57.45,57.94,16165821,936727613.33,48898
NSE,FCSSOFT,INE512B01022,EQ,1.39,1.45,1.38,1.40,1.39,2540760,3588595.15,1189
NSE,FDC,INE258B01022,EQ,350.10,353.40,337.85,339.40,350.10,103104,35435152.55,5295
NSE,FEDDERSHOL,INE417D01020,EQ,61.00,62.60,61.00,61.51,60.69,2131447,131846407.40,9464
NSE,FEDERALBNK,INE171A01029,EQ,321.05,324.25,317.40,317.40,320.20,5485971,1752429718.45,90866
NSE,FEDFINA,INE007N01010,EQ,149.00,152.07,149.00,150.96,148.86,578967,87358234.61,9681
NSE,FERMENTA,INE225B01021,EQ,538.00,564.90,528.70,549.70,551.35,521926,286209450.85,18942
NSE,FIBERWEB,INE296C01020,EQ,27.99,27.99,26.58,27.41,26.79,23194,635130.43,148
NSE,FIEMIND,INE737H01014,EQ,1921.10,1955.20,1870.00,1877.60,1921.10,91793,174895095.00,11149
NSE,FILATEX,INE816B01035,EQ,111.85,112.94,107.10,107.76,112.00,2227616,243464253.38,28356
NSE,FILATFASH,INE185E01021,EQ,0.19,0.19,0.18,0.18,0.18,10328490,1905736.96,1407
NSE,FINCABLES,INE235A01022,EQ,1432.00,1472.40,1432.00,1450.30,1435.50,452990,656263486.90,26641
NSE,FINEORG,INE686Y01026,EQ,5140.50,5165.00,5092.50,5124.50,5140.00,24136,123602441.50,6586
NSE,FINKURVE,INE734I01027,EQ,69.90,71.20,67.45,67.92,69.37,42160,2894341.86,971
NSE,FINOPB,INE02NC01014,EQ,129.85,131.06,126.30,127.21,129.23,135642,17425232.58,2380
NSE,FINPIPE,INE183A01024,EQ,152.00,153.44,150.36,151.48,151.15,238428,36246569.75,13883
NSE,FIRSTCRY,INE02RE01045,EQ,184.37,187.00,178.35,179.94,184.37,2624709,480278770.27,22467
NSE,FISCHER,INE771F01041,EQ,33.68,34.70,33.35,33.55,33.68,284295,9601688.27,1278
NSE,FIVESTAR,INE128S01021,EQ,495.05,519.90,494.85,516.85,497.25,602120,308771545.95,25339
NSE,FLAIR,INE00Y201027,EQ,232.00,232.87,228.51,229.32,230.38,67611,15566257.43,1530
NSE,FLEXITUFF,INE060J01017,BE,2.97,2.97,2.96,2.97,2.92,1301,3863.84,5
NSE,FLUOROCHEM,INE09N301011,EQ,4420.10,4454.90,4358.10,4405.30,4406.20,68354,300992296.20,13940
NSE,FMGOETZE,INE529A01010,EQ,460.10,469.00,442.10,445.65,460.10,268118,121308601.20,8778
NSE,FMNL,INE360L01017,EQ,7.97,8.36,7.97,8.35,7.97,43409,356099.45,137
NSE,FOCUS,INE593W01028,BE,58.30,58.30,56.26,56.52,57.07,17513,1002241.53,281
NSE,FOODSIN,INE976E01023,EQ,50.90,52.32,50.40,50.92,51.46,48116,2475131.92,1683
NSE,FORCEMOT,INE451A01017,EQ,17000.00,17435.00,17000.00,17054.00,16905.00,56785,979667175.00,15506
NSE,FORTIS,INE061F01013,EQ,817.00,821.00,757.45,770.00,822.00,5818918,4509227032.75,176401
NSE,FOSECOIND,INE519A01011,EQ,6359.50,6640.00,6339.50,6462.50,6335.00,22698,147445574.50,5857
NSE,FRACTAL,INE212S01015,EQ,753.15,762.45,738.00,740.20,753.15,134937,100600616.45,8724
NSE,FREDUN,INE194R01017,EQ,1403.00,1447.40,1398.90,1404.50,1392.40,35676,50608125.90,2924
NSE,FRONTSP,INE572D01014,EQ,1414.40,1500.00,1402.00,1460.20,1394.10,55952,81423123.90,5539
NSE,FSL,INE684F01012,EQ,248.90,270.70,248.90,255.80,248.90,6657490,1720897599.70,107658
NSE,FUSION,INE139R01012,EQ,175.05,178.20,172.87,175.08,173.30,555656,97162261.98,7309
NSE,GABRIEL,INE524A01029,EQ,1315.40,1355.00,1313.00,1341.80,1303.90,243468,324457476.50,22454
NSE,GAEL,INE036B01030,EQ,162.70,164.01,159.25,160.21,161.75,271005,43764331.66,15085
NSE,GAIL,INE129A01019,EQ,170.62,172.99,170.21,170.55,170.04,12187561,2091275918.30,51982
NSE,GAJA,INE18UN01038,EQ,140.00,143.05,139.21,140.05,140.42,309382,43541561.51,4152
NSE,GALAPREC,INE0RE001014,EQ,1165.90,1212.50,1147.10,1197.20,1157.70,103371,122813163.50,10167
NSE,GALAXYSURF,INE600K01018,EQ,2303.00,2378.90,2303.00,2332.80,2301.20,110086,258268117.00,16709
NSE,GALLANTT,INE297H01019,EQ,551.00,551.00,535.20,537.50,539.10,51095,27782822.45,2889
NSE,GANDHAR,INE717W01049,EQ,274.00,283.45,274.00,278.85,273.55,742278,207892680.85,10959
NSE,GANDHITUBE,INE524B01027,EQ,970.00,974.50,945.00,951.55,966.55,5516,5295732.10,650
NSE,GANECOS,INE845D01014,EQ,1010.00,1029.40,993.30,1000.60,1010.60,39514,39990804.00,3666
NSE,GANESHBE,INE388A01029,BE,140.00,140.00,130.94,130.94,137.83,634963,85140725.32,577
NSE,GANESHCP,INE652V01016,EQ,156.10,157.99,150.72,151.41,153.08,97953,15034864.38,2102
NSE,GANESHHOU,INE460C01014,EQ,712.55,722.30,711.75,719.00,706.65,25145,18028567.60,1319
NSE,GANGAFORGE,INE691Z01023,EQ,1.54,1.54,1.51,1.54,1.47,1174893,1807341.24,352
NSE,GANGESSECU,INE335W01016,EQ,113.00,113.01,112.26,112.40,112.79,26,2925.13,4
NSE,GARFIBRES,INE276A01018,EQ,754.85,783.30,752.05,770.85,753.85,18057,13920886.85,2693
NSE,GARUDA,INE0JVO01026,EQ,178.40,179.20,173.80,174.67,176.56,213498,37699026.51,4014
NSE,GATECH,INE224E01028,BE,0.70,0.73,0.67,0.68,0.70,21658907,14891335.60,5707
NSE,GATECHDVR,INE224E01036,BE,0.49,0.49,0.46,0.47,0.47,143757,69148.51,156
NSE,GATEWAY,INE079J01017,EQ,51.65,52.45,51.61,52.04,51.57,515500,26769999.27,3249
NSE,GAUDIUMIVF,INE0P8B01020,EQ,114.88,116.39,110.01,111.15,113.90,201656,22693833.73,3083
NSE,GAYAHWS,INE287Z01012,EQ,1.84,1.84,1.72,1.76,1.84,312692,554304.88,439
NSE,GAYAPROJ,INE336H01023,EQ,22.50,23.44,22.14,22.68,22.44,652974,14977989.04,3352
NSE,GCSL,INE199P01028,EQ,667.50,682.50,666.75,675.85,666.25,247015,166675790.95,3906
NSE,GEECEE,INE916G01016,BE,376.05,384.95,365.00,374.20,375.65,3606,1351930.95,53
NSE,GEEKAYWIRE,INE669X01032,EQ,30.01,31.64,30.01,31.19,30.50,82538,2550040.74,780
NSE,GEMAROMA,INE06XZ01023,EQ,157.76,168.00,157.76,161.00,157.76,123363,20192562.97,2757
NSE,GENCON,INE854S01022,EQ,36.51,40.99,36.51,39.54,37.12,834565,31552264.93,5010
NSE,GENESYS,INE727B01026,EQ,278.00,286.70,271.41,273.43,277.68,392461,108731706.72,7542
NSE,GENUSPAPER,INE949P01018,EQ,10.43,10.96,10.36,10.64,10.25,156399,1681567.80,405
NSE,GENUSPOWER,INE955D01029,EQ,294.05,298.65,286.10,288.65,293.65,2196401,642099205.95,39077
NSE,GEOJITFSL,INE007B01023,EQ,76.76,78.29,76.10,76.59,76.76,205675,15834899.54,2800
NSE,GESHIP,INE017A01032,EQ,1538.00,1583.00,1538.00,1560.00,1537.80,938291,1467205374.00,62022
NSE,GFLLIMITED,INE538A01037,EQ,56.85,56.85,54.51,54.94,55.70,29988,1672004.80,987
NSE,GFSTEELS,INE534A01028,BE,37.55,37.55,37.55,37.55,35.77,3972,149148.60,18
NSE,GHCL,INE539A01019,EQ,404.55,411.20,404.30,405.50,404.55,106362,43410552.20,6528
NSE,GHCLTEXTIL,INE0PA801013,EQ,132.04,136.44,128.15,128.90,132.27,528612,69433743.21,16954
NSE,GICHSGFIN,INE289B01019,EQ,134.30,135.86,133.11,133.87,133.71,80679,10818962.04,883
NSE,GICL,INE947T01022,BE,22.30,23.00,22.21,22.83,23.12,200478,4539328.41,189
NSE,GICRE,INE481Y01014,EQ,320.00,333.50,320.00,331.15,320.25,772056,253527593.85,25047
NSE,GILLANDERS,INE047B01011,EQ,111.55,119.50,111.55,114.80,110.75,117182,13695781.76,1416
NSE,GILLETTE,INE322A01010,EQ,6965.00,7055.00,6956.00,7000.00,6963.50,36059,252574041.50,6872
NSE,GINNIFILA,INE424C01010,BE,40.44,40.89,39.70,40.50,40.01,20188,814412.74,72
NSE,GIPCL,INE162A01010,EQ,182.00,184.05,178.50,179.68,181.56,195771,35442498.68,3660
NSE,GKB,INE265D01015,EQ,65.93,69.75,64.00,64.33,65.93,4797,314005.82,107
NSE,GKENERGY,INE1AG301022,EQ,119.03,128.89,119.03,119.88,119.40,1278697,157298448.40,13258
NSE,GKSL,INE0V0W01025,EQ,177.52,184.40,176.38,179.05,175.89,537362,97075844.77,10036
NSE,GKWLIMITED,INE528A01020,EQ,1542.10,1570.00,1530.20,1550.00,1542.00,46,71108.20,13
NSE,GLAND,INE068V01023,EQ,2990.00,3007.70,2872.00,2899.40,2989.70,528548,1555215750.70,48457
NSE,GLASSWALL,INE644Q01039,EQ,283.40,293.28,276.01,282.00,286.55,10083480,2856153605.64,101366
NSE,GLAXO,INE159A01016,EQ,2783.80,2813.60,2752.10,2769.30,2783.80,45801,127141263.40,10225
NSE,GLENMARK,INE935A01035,EQ,2391.00,2410.00,2334.70,2334.70,2441.50,1261905,2999614989.80,60710
NSE,GLFL,INE540A01017,EQ,5.52,5.53,5.10,5.39,5.27,11947,63758.87,62
NSE,GLOBAL,INE291W01037,EQ,133.00,138.98,132.00,132.80,133.01,145033,19455151.42,1735
NSE,GLOBALE,INE0URU01010,EQ,10.64,11.15,10.11,10.31,10.64,16320,169202.30,48
NSE,GLOBALVECT,INE792H01019,EQ,135.98,135.98,127.00,127.58,131.98,7330,948918.63,318
NSE,GLOBE,INE581X01021,EQ,2.14,2.18,2.11,2.14,2.14,406477,874837.28,224
NSE,GLOBECIVIL,INE0V3U01015,EQ,41.23,43.45,41.23,41.53,42.06,30345,1276957.35,861
NSE,GLOBUSSPR,INE615I01010,EQ,804.80,826.35,782.60,786.45,804.80,136954,109473803.85,7116
NSE,GLOSTERLTD,INE350Z01018,EQ,553.90,553.90,545.40,546.10,539.25,238,130555.00,31
NSE,GLOTTIS,INE0TQE01026,EQ,61.04,63.79,60.11,62.88,61.02,97164,6046929.11,1544
NSE,GMBREW,INE075D01018,EQ,962.95,981.00,960.00,966.95,962.95,39378,38157742.00,3205
NSE,GMDCLTD,INE131A01031,EQ,515.00,524.40,506.00,507.70,513.20,688502,353729209.25,23103
NSE,GMMPFAUDLR,INE541A01023,EQ,1489.90,1509.00,1444.00,1466.70,1477.10,164451,243253588.20,18219
NSE,GMRAIRPORT,INE776C01039,EQ,94.80,95.34,93.29,95.15,93.75,16281025,1537681015.40,46517
NSE,GMRP&UI,INE0CU601026,EQ,100.72,106.84,100.72,105.38,100.72,3679473,383401821.20,28551
NSE,GNA,INE934S01014,EQ,599.00,612.00,585.65,598.35,593.75,510171,305568846.65,15474
NSE,GNFC,INE113A01013,EQ,611.00,621.70,603.00,604.40,611.50,973991,594608042.25,20348
NSE,GNRL,INE207H01018,EQ,98.90,99.90,97.00,98.26,98.16,854365,83379708.33,3943
NSE,GOACARBON,INE426D01013,EQ,408.85,414.45,401.30,404.95,408.85,17841,7281742.90,1223
NSE,GOCLCORP,INE077F01035,EQ,364.70,370.60,360.65,362.45,363.65,64481,23563659.90,2914
NSE,GOCOLORS,INE0BJS01011,EQ,306.90,311.00,298.50,300.75,304.30,74451,22679916.70,2058
NSE,GODAVARIB,INE497S01012,EQ,236.79,237.00,230.00,232.01,236.48,112434,26173744.69,1829
NSE,GODFRYPHLP,INE260B01028,EQ,1882.50,1932.00,1882.10,1891.80,1862.00,240882,461887292.10,22332
NSE,GODIGIT,INE03JT01014,EQ,251.05,261.90,251.05,260.05,253.20,1467678,380606676.65,18221
NSE,GODREJAGRO,INE850D01014,EQ,629.00,641.45,620.95,623.55,631.70,114004,71629845.80,12466
NSE,GODREJCP,INE102D01028,EQ,855.00,857.95,848.00,850.00,855.00,1632650,1392317295.00,40502
NSE,GODREJIND,INE233A01035,EQ,1048.00,1069.00,1036.00,1039.40,1055.70,37170,38954324.80,7771
NSE,GODREJPROP,INE484J01027,EQ,1640.60,1659.60,1623.40,1628.50,1634.40,832521,1365699788.90,32063
NSE,GOKEX,INE887G01027,EQ,678.55,709.00,678.55,687.80,678.55,231795,161399437.65,12297
NSE,GOKUL,INE020J01029,EQ,39.10,39.80,39.06,39.42,39.41,142762,5648766.46,799
NSE,GOKULAGRO,INE314T01033,EQ,217.16,217.39,212.00,212.98,215.23,116742,25072871.63,9896
NSE,GOLDIAM,INE025B01025,EQ,323.00,327.45,311.15,313.45,322.85,331778,105445910.45,8724
NSE,GOLDTECH,INE805A01014,BE,44.68,44.68,44.68,44.68,45.59,954,42624.72,23
NSE,GOODLUCK,INE127I01024,EQ,526.00,531.50,503.30,508.05,528.60,291149,150425029.90,12501
NSE,GOODYEAR,INE533A01012,EQ,713.90,713.90,700.10,703.15,702.55,2595,1826783.05,495
NSE,GOPAL,INE0L9R01028,EQ,252.90,255.05,250.20,250.95,253.00,66870,16850525.75,3415
NSE,GOYALALUM,INE705X01026,EQ,6.05,6.06,5.68,5.86,5.88,68542,405150.32,391
NSE,GPIL,INE177H01039,EQ,223.05,226.00,221.00,222.34,221.35,919919,205823294.96,20593
NSE,GPPL,INE517F01014,EQ,160.54,167.34,159.60,166.75,160.54,1900735,314588100.22,21484
NSE,GPTHEALTH,INE486R01017,EQ,153.15,156.18,150.00,150.74,153.80,71224,10874994.46,2248
NSE,GPTINFRA,INE390G01014,EQ,116.57,119.40,114.10,118.34,115.72,162220,19023349.84,2564
NSE,GRADIENTE,INE361K01017,BE,2.23,2.25,2.23,2.25,2.15,1396620,3141975.01,170
NSE,GRANDOAK,INE926B01016,EQ,35.01,35.01,33.94,34.19,35.72,1400,47990.27,46
NSE,GRANULES,INE101D01020,EQ,867.00,884.00,844.00,846.55,866.75,819196,704960773.05,33936
NSE,GRAPHITE,INE371A01025,EQ,780.00,801.00,757.25,764.80,801.55,2394392,1856389586.00,74949
NSE,GRASIM,INE047A01021,EQ,3100.00,3112.30,3046.40,3061.90,3100.00,448156,1375918981.00,35657
NSE,GRAUWEIL,INE266D01021,EQ,83.98,85.28,82.50,82.77,82.78,394032,33033847.73,3912
NSE,GRAVISSHO,INE214F01026,BE,32.10,32.10,30.81,31.60,32.10,1544,47854.81,21
NSE,GRAVITA,INE024L01027,EQ,1459.70,1472.90,1439.70,1447.40,1446.90,221058,321532939.60,21766
NSE,GREAVESCOT,INE224A01026,EQ,235.75,240.40,227.30,230.28,234.99,2034376,478578090.82,30656
NSE,GREENLAM,INE544R01021,EQ,215.40,218.59,211.00,212.85,214.30,64940,13911104.18,1686
NSE,GREENPANEL,INE08ZM01014,EQ,159.96,164.67,158.00,160.32,159.05,811571,130774122.12,6150
NSE,GREENPLY,INE461C01038,EQ,281.00,303.90,280.70,299.95,280.25,859868,255910992.45,16991
NSE,GREENPOWER,INE999K01014,EQ,8.85,9.00,8.80,8.83,8.85,1424370,12627030.25,3119
NSE,GRINDWELL,INE536A01023,EQ,1916.00,2016.00,1916.00,1994.10,1916.70,63047,125634695.50,13979
NSE,GRINFRA,INE201P01022,EQ,809.20,819.85,796.10,800.60,816.25,12867,10396130.40,2430
NSE,GRMOVER,INE192H01020,EQ,79.46,80.30,78.06,78.92,78.76,943352,74728903.66,3632
NSE,GROBTEA,INE646C01018,EQ,887.50,909.35,887.50,909.10,899.00,123,110293.50,19
NSE,GROWW,INE0HOQ01053,EQ,184.10,187.65,183.08,183.91,183.52,24545475,4542536150.06,129898
NSE,GRPLTD,INE137I01015,EQ,1899.00,1935.90,1890.00,1898.60,1899.40,628,1195063.70,124
NSE,GRSE,INE382Z01011,EQ,2215.00,2235.10,2175.00,2181.90,2206.10,377318,831253870.80,37095
NSE,GRWRHITECH,INE291A01017,EQ,7072.00,7159.00,6937.00,7015.50,7016.50,84631,597029390.00,20740
NSE,GSFC,INE026A01025,EQ,152.41,154.00,150.25,150.79,151.65,768508,116634336.11,9533
NSE,GSLSU,INE0JSX01015,EQ,31.87,31.87,30.26,31.00,30.74,34789,1071824.21,730
NSE,GSPCROP,INE713R01022,EQ,478.70,480.55,462.55,467.15,469.45,261143,124127106.85,3436
NSE,GSPLTRANS,INE1TUG01013,BE,152.00,159.60,144.40,144.40,150.00,256372,38022313.15,2244
NSE,GSS,INE871H01011,EQ,10.97,10.97,10.18,10.37,10.25,20250,211538.14,164
NSE,GTECJAINX,INE586X01012,EQ,32.62,32.62,32.62,32.62,29.66,3654,119193.48,26
NSE,GTL,INE043A01012,EQ,6.73,6.96,6.73,6.88,6.75,129838,894566.16,635
NSE,GTLINFRA,INE221H01019,EQ,1.09,1.11,1.08,1.08,1.08,28683315,31304906.21,10871
NSE,GTPL,INE869I01013,EQ,54.12,55.48,54.00,54.86,54.11,23329,1274826.62,499
NSE,GUFICBIO,INE742B01025,EQ,438.80,452.00,429.00,432.00,436.50,150453,66508700.35,5275
NSE,GUJALKALI,INE186A01019,EQ,621.00,626.90,612.20,618.85,627.15,58668,36324097.40,3363
NSE,GUJAPOLLO,INE826C01016,EQ,330.90,333.75,324.25,330.00,330.65,12761,4193730.90,550
NSE,GUJENERGY,INE844O01030,EQ,236.61,240.65,236.14,237.58,236.61,951899,227268775.14,37565
NSE,GUJRAFFIA,INE610B01024,EQ,40.21,40.70,39.75,40.69,40.21,2496,100692.98,34
NSE,GUJTHEM,INE942C01045,EQ,404.10,408.60,386.50,387.60,406.50,187350,73822784.70,8962
NSE,GULFOILLUB,INE635Q01029,EQ,1107.90,1128.70,1103.40,1125.40,1105.80,61978,69589062.40,5097
NSE,GULFPETRO,INE586G01017,BE,60.00,62.50,60.00,60.72,60.51,39828,2439028.68,184
NSE,GULPOLY,INE255D01024,EQ,164.03,168.99,164.03,165.86,165.15,44432,7395116.02,2136
NSE,GVKPIL,INE251H01024,BE,2.56,2.56,2.56,2.56,2.61,352294,901872.64,561
NSE,GVPIL,INE878A01011,EQ,687.00,718.00,673.80,678.40,683.95,263834,184977430.45,9630
NSE,GVPTECH,INE382T01030,BE,7.75,8.11,7.35,7.95,7.73,101330,784791.27,217
NSE,GVT&D,INE200A01026,EQ,4190.00,4258.40,4126.90,4201.00,4130.30,624058,2636013880.90,77330
NSE,GYFTR,INE724A01017,EQ,154.18,166.00,154.18,159.16,156.36,146651,23402068.65,4397
NSE,HAL,INE066F01020,EQ,4640.00,4701.00,4614.70,4668.00,4549.30,1233758,5759356710.60,62129
NSE,HALDER,INE115S01010,EQ,241.35,258.80,239.65,245.75,241.00,318,77885.55,104
NSE,HALDYNGL,INE506D01020,EQ,156.00,163.78,154.00,154.46,154.15,182272,28808974.67,2579
NSE,HALEOSLABS,INE320X01016,EQ,1524.00,1529.00,1500.40,1501.40,1487.90,776,1179742.00,42
NSE,HAMPTON,INE299D01022,EQ,8.38,8.38,7.91,8.08,8.00,13378,107397.12,63
NSE,HAPPSTMNDS,INE419U01012,EQ,308.70,315.25,308.65,310.60,308.70,477766,149272549.45,10530
NSE,HAPPYFORGE,INE330T01021,EQ,2079.00,2107.00,2050.00,2067.20,2074.80,57822,120511351.00,10112
NSE,HARDWYN,INE626Z01029,EQ,9.33,9.39,9.11,9.21,9.26,302662,2793244.37,565
NSE,HARIOMPIPE,INE00EV01017,EQ,345.10,349.80,340.10,340.95,345.10,38845,13371959.95,1940
NSE,HARRMALAYA,INE544A01019,EQ,179.88,184.00,172.52,179.13,175.61,16158,2919562.16,518
NSE,HARSHA,INE0JUS01029,EQ,465.05,474.00,460.80,470.30,465.05,95299,44582366.90,4195
NSE,HATHWAY,INE982F01036,EQ,9.50,9.64,9.41,9.45,9.49,1655209,15749659.02,2837
NSE,HATSUN,INE473B01035,EQ,1106.50,1139.50,1093.50,1099.00,1099.70,15584,17267410.40,1747
NSE,HAVELLS,INE176B01034,EQ,1045.00,1054.40,1015.10,1016.00,1043.30,1394518,1434434865.00,41546
NSE,HAVISHA,INE293B01029,EQ,1.36,1.39,1.32,1.34,1.32,33131,44811.96,76
NSE,HAWKINCOOK,INE979B01015,EQ,7904.00,8050.50,7828.50,8007.50,7904.00,1137,9008832.50,496
NSE,HAZOOR,INE550F01049,EQ,18.98,19.29,18.51,18.65,18.83,146563,2744884.50,550
NSE,HBESD,INE640B01021,EQ,74.53,74.53,69.11,71.63,73.98,200,14211.81,12
NSE,HBLENGINE,INE292B01021,EQ,812.30,815.50,786.20,794.50,808.30,1235100,990325527.80,34501
NSE,HBPOR,INE638B01025,EQ,60.00,63.70,58.02,59.30,60.39,295,17621.40,16
NSE,HBSL,INE550B01022,EQ,55.28,57.95,55.28,55.89,55.28,993,55114.30,34
NSE,HCC,INE549A01026,EQ,20.61,21.14,20.35,20.41,20.71,9937639,206114883.99,23586
NSE,HCG,INE075I01017,EQ,703.60,710.00,660.50,666.05,703.60,204434,137296071.90,19217
NSE,HCL-INSYS,INE236A01020,EQ,10.26,10.35,10.02,10.10,10.11,206242,2096948.72,866
NSE,HCLTECH,INE860A01027,EQ,1229.00,1256.40,1224.80,1230.00,1222.00,4242658,5232092984.90,81494
NSE,HDBFS,INE756I01012,EQ,630.90,637.50,620.00,621.30,630.90,420599,263987727.90,34700
NSE,HDFCAMC,INE127D01025,EQ,2255.00,2314.00,2252.60,2280.70,2223.30,908968,2082198220.10,49003
NSE,HDFCBANK,INE040A01034,EQ,711.50,720.30,708.70,708.70,722.70,39365496,28120806967.10,388951
NSE,HDFCLIFE,INE795G01014,EQ,516.60,521.20,513.40,521.20,523.55,5062593,2619697199.80,76915
NSE,HEADSUP,INE759V01019,EQ,6.78,6.84,6.33,6.75,6.45,2539,16804.04,59
NSE,HEALTHX,INE019J01013,EQ,290.90,290.90,283.60,285.05,285.05,741,212571.45,79
NSE,HECPROJECT,INE558R01013,EQ,115.80,115.80,112.00,113.00,114.82,385,44016.14,55
NSE,HEGAM,INE545A01024,EQ,241.00,250.30,232.00,237.65,238.25,1339286,323876748.20,20124
NSE,HEIDELBERG,INE578A01017,EQ,130.50,133.59,130.50,132.60,130.29,115695,15344839.18,2194
NSE,HEMIPROP,INE0AJG01018,EQ,115.95,117.09,113.63,114.07,114.94,198593,22810671.45,3036
NSE,HERANBA,INE694N01015,EQ,178.57,183.44,176.00,176.53,178.57,40668,7288630.62,1731
NSE,HERITGFOOD,INE978A01027,EQ,400.00,407.30,398.15,402.00,401.20,179464,72123752.00,6988
NSE,HEROMOTOCO,INE158A01026,EQ,5236.50,5341.00,5236.50,5241.00,5208.00,567810,3003681123.50,57772
NSE,HEROMOTORS,INE012G01022,EQ,140.28,152.58,140.00,152.55,138.71,107202546,15959107536.27,460639
NSE,HESTERBIO,INE782E01017,EQ,2163.60,2240.10,2160.20,2175.80,2165.00,2531,5547553.60,426
NSE,HEXAGON,INE0JUI01012,BE,65.00,68.60,64.55,68.60,65.34,981540,66216218.08,1620
NSE,HEXATRADEX,INE750M01017,EQ,158.88,158.88,155.03,156.85,155.30,843,132466.97,32
NSE,HEXT,INE093A01041,EQ,480.65,504.75,479.05,494.10,482.10,140752,69660792.15,13249
NSE,HFCL,INE548A01028,BE,227.02,227.02,227.02,227.02,216.21,3383926,768218880.52,8257
NSE,HGINFRA,INE926X01010,EQ,439.55,442.55,431.00,432.75,438.25,125949,54728531.25,6686
NSE,HGM,INE596H01014,EQ,43.40,43.40,42.05,42.56,42.85,347,15026.87,18
NSE,HGS,INE170I01016,EQ,365.00,375.90,364.95,370.05,366.05,14795,5485001.90,782
NSE,HIKAL,INE475B01022,EQ,217.00,223.00,216.65,217.89,218.05,411937,90826266.95,8973
NSE,HILINFRA,INE00RL01028,EQ,42.30,43.34,41.71,42.75,43.26,81532,3472203.23,716
NSE,HILTON,INE788H01017,EQ,16.30,16.90,16.06,16.34,16.45,93970,1560792.75,351
NSE,HIMATSEIDE,INE049A01027,EQ,65.54,69.03,65.30,66.40,64.90,718202,48323892.28,6341
NSE,HINDADH,INE074C01013,EQ,388.00,390.95,382.00,385.40,385.25,3288,1262546.25,96
NSE,HINDALCO,INE038A01020,EQ,950.20,956.80,941.10,941.80,955.20,4420021,4193843978.10,112716
NSE,HINDALUMI,INE227B01019,EQ,91.99,93.00,90.31,92.69,90.15,1416,130896.76,84
NSE,HINDCOMPOS,INE310C01029,EQ,377.50,390.95,377.40,381.30,377.50,3953,1521616.35,259
NSE,HINDCON,INE642Y01029,EQ,34.95,35.05,33.81,35.05,33.39,296482,10336052.20,693
NSE,HINDCOPPER,INE531E01026,EQ,477.00,481.70,471.50,472.65,474.35,5881618,2806803944.00,88004
NSE,HINDOILEXP,INE345A01011,EQ,172.40,175.37,171.25,171.55,173.91,262942,45483635.60,4754
NSE,HINDPETRO,INE094A01015,EQ,351.20,357.40,350.35,350.35,349.20,2520543,892988877.70,37720
NSE,HINDUNILVR,INE030A01027,EQ,1871.40,1889.60,1865.20,1879.10,1863.80,1430335,2682765808.80,60565
NSE,HINDWAREAP,INE05AN01011,EQ,170.20,178.00,169.13,169.97,170.20,83588,14273396.08,2067
NSE,HINDZINC,INE267A01025,EQ,567.20,575.05,562.60,566.00,563.30,2880602,1641643577.45,48468
NSE,HIRECT,INE835D01023,EQ,1171.40,1189.00,1136.90,1147.20,1171.40,33683,39128477.10,3405
NSE,HISARMETAL,INE598C01011,EQ,151.39,151.40,147.25,148.97,151.39,716,107212.25,36
NSE,HITECH,INE106T01025,EQ,73.00,74.35,72.30,72.61,73.19,332376,24386346.96,3727
NSE,HITECHCORP,INE120D01012,BE,338.25,346.00,338.25,345.25,342.45,28964,9978043.10,186
NSE,HITECHGEAR,INE127B01011,BE,639.00,645.00,615.00,621.80,625.50,4081,2555560.50,129
NSE,HLEGLAS,INE461D01028,EQ,440.00,456.35,436.15,439.40,434.65,124676,55849954.10,3954
NSE,HLVLTD,INE102A01024,EQ,6.30,6.55,6.25,6.41,6.39,124451,797618.05,532
NSE,HMAAGRO,INE0ECP01024,EQ,23.79,24.69,23.61,23.92,23.80,978980,23504604.94,2963
NSE,HMVL,INE871K01015,BE,72.40,76.02,72.40,75.96,72.40,18380,1382553.00,138
NSE,HNDFDS,INE254N01026,EQ,596.85,604.75,567.60,574.75,596.85,134253,77408793.00,9868
NSE,HOMEFIRST,INE481N01025,EQ,1094.40,1136.90,1094.40,1104.80,1094.40,255917,282695293.40,26002
NSE,HONASA,INE0J5401028,EQ,441.65,447.05,426.05,431.35,441.65,1589113,689837048.40,43359
NSE,HONAUT,INE671A01010,EQ,33980.00,34240.00,33360.00,33460.00,33980.00,1786,60158345.00,1248
NSE,HONDAPOWER,INE634A01018,EQ,1870.10,1916.90,1868.10,1874.50,1886.00,1685,3176477.10,405
NSE,HORIZONIND,INE685T01010,EQ,50.60,51.00,50.07,50.28,51.02,1962971,98985723.21,18675
NSE,HPAL,INE0GSL01024,EQ,34.20,35.58,33.36,33.83,34.44,36913,1257151.60,770
NSE,HPL,INE495S01016,EQ,270.10,274.65,268.10,269.05,270.15,57651,15679168.75,2796
NSE,HRYNSHP,INE400G01011,EQ,96.50,97.00,95.00,96.00,96.01,331,31784.81,25
NSE,HSCL,INE019C01026,EQ,667.10,687.30,667.10,677.80,667.60,2047533,1394539881.30,38747
NSE,HTEL,INE0LEG01024,EQ,71.70,77.15,70.00,72.29,69.52,4644616,344922253.23,39218
NSE,HTMEDIA,INE501G01024,EQ,23.51,24.13,22.92,23.02,23.46,62468,1456948.89,351
NSE,HUBTOWN,INE703H01016,EQ,167.45,186.00,167.21,182.28,166.41,1619724,291456655.14,21909
NSE,HUDCO,INE031A01017,EQ,166.47,169.25,164.28,166.58,165.57,2274257,379759741.59,36450
NSE,HUHTAMAKI,INE275B01026,EQ,236.70,243.00,234.70,237.35,235.70,87980,21044714.10,7035
NSE,HYBRIDFIN,INE965B01022,EQ,17.74,18.35,17.50,17.94,17.82,3054,54227.05,38
NSE,HYUNDAI,INE0V6F01027,EQ,2060.00,2084.60,2026.70,2031.00,2100.00,644391,1327390039.50,52815
NSE,IBULLSLTD,INE126M01010,EQ,30.45,30.65,29.52,29.61,29.93,7753680,233362547.03,12681
NSE,ICDSLTD,INE613B01010,BE,51.45,51.45,48.88,48.88,51.45,2591,127273.09,22
NSE,ICEMAKE,INE520Y01019,EQ,634.00,641.45,623.00,629.55,634.00,21934,13831549.25,1883
NSE,ICICIAMC,INE346A01027,EQ,3249.00,3249.00,3107.40,3136.70,3233.00,372808,1175971064.10,32396
NSE,ICICIBANK,INE090A01021,EQ,1295.30,1337.00,1295.30,1321.70,1292.20,14095232,18673858537.00,253536
NSE,ICICIGI,INE765G01017,EQ,1516.10,1590.00,1511.60,1590.00,1515.00,1952166,3049324734.20,68888
NSE,ICICIPRULI,INE726G01019,EQ,448.00,450.00,442.40,443.80,444.55,839768,373943919.85,39112
NSE,ICIL,INE483B01026,EQ,437.00,464.00,437.00,460.40,434.95,1020870,467345265.90,28781
NSE,ICRA,INE725G01011,EQ,4297.90,4320.00,4198.20,4232.00,4297.90,71638,305129615.50,8081
NSE,IDBI,INE008A01015,EQ,83.51,84.29,81.96,82.20,83.32,4433814,368000647.09,21513
NSE,IDEA,INE669E01016,EQ,13.60,13.61,12.84,12.95,13.56,640485531,8404045016.30,532942
NSE,IDEAFORGE,INE349Y01013,EQ,725.00,744.80,717.50,730.95,719.70,237947,173725021.00,13458
NSE,IDFCFIRSTB,INE092T01019,EQ,79.46,82.08,79.46,81.44,79.46,23332019,1893839832.12,73879
NSE,IEX,INE022Q01020,EQ,106.75,108.80,106.53,107.00,106.39,3890920,419278502.39,30369
NSE,IFBAGRO,INE076C01018,EQ,905.45,932.40,881.00,891.65,905.45,3890,3503646.25,463
NSE,IFBIND,INE559A01017,EQ,1211.60,1223.80,1199.00,1201.00,1201.00,20374,24613046.10,2381
NSE,IFCI,INE039A01010,EQ,70.95,71.43,68.45,68.77,70.97,25751767,1797215582.90,71836
NSE,IFGLEXPOR,INE133Y01011,EQ,190.00,198.39,190.00,191.45,189.61,23250,4508736.07,1319
NSE,IGARASHI,INE188B01013,EQ,414.50,418.50,401.00,403.40,411.55,45397,18462779.05,1977
NSE,IGCL,INE05J901018,EQ,58.75,59.10,56.15,56.80,57.15,95296,5448047.10,4391
NSE,IGIL,INE0Q9301021,EQ,323.20,327.05,314.05,315.90,324.30,584224,187156569.45,17804
NSE,IGL,INE203G01027,EQ,141.99,146.90,141.99,145.61,142.02,3093267,449779286.21,61349
NSE,IGPL,INE204A01010,EQ,586.60,594.90,577.00,579.75,584.30,37036,21701355.60,1576
NSE,IIFL,INE530B01024,EQ,606.00,608.65,598.00,600.75,607.50,1194083,720273580.10,41997
NSE,IIFLCAPS,INE489L01022,EQ,343.70,349.80,343.70,346.00,344.95,1333723,463748689.70,26083
NSE,IITL,INE886A01014,EQ,127.69,139.25,127.52,133.26,125.64,113106,14853485.13,1541
NSE,IKIO,INE0LOJ01019,EQ,198.75,204.38,195.22,196.85,197.30,144490,28713696.34,2818
NSE,IKS,INE115Q01022,EQ,1782.90,1800.50,1740.30,1747.50,1779.40,152839,268459157.80,18817
NSE,IMAGICAA,INE172N01012,EQ,51.30,52.19,50.60,51.08,51.30,281012,14391561.83,2002
NSE,IMFA,INE919H01018,EQ,1206.50,1228.00,1185.20,1190.90,1206.50,61334,73871792.70,6411
NSE,IMPAL,INE547E01014,EQ,1049.40,1067.90,1029.40,1037.50,1042.60,1754,1821712.10,354
NSE,INA,INE0LGX01024,EQ,89.26,91.80,86.81,87.50,87.63,609109,54083800.08,5768
NSE,INCREDIBLE,INE452L01012,EQ,31.52,33.98,31.52,32.61,31.60,6216,202985.99,72
NSE,INDBANK,INE841B01017,EQ,25.60,25.99,25.06,25.36,25.06,17590,446678.04,377
NSE,INDGN,INE065X01017,EQ,606.00,614.50,585.00,590.75,605.15,390007,232691421.70,24081
NSE,INDHOTEL,INE053A01029,EQ,714.35,736.90,713.00,728.65,714.35,3733640,2720942610.70,54830
NSE,INDIACEM,INE383A01012,EQ,301.10,309.90,300.15,301.85,303.70,337561,102563945.20,17034
NSE,INDIAGLYCO,INE560A01023,EQ,307.00,314.30,304.10,307.40,304.50,321153,99097603.80,7268
NSE,INDIAMART,INE933S01016,EQ,1615.00,1644.00,1613.10,1629.00,1612.90,101414,165648656.60,17598
NSE,INDIANB,INE562A01011,EQ,800.00,814.65,799.20,805.90,795.25,1068705,864631463.20,39488
NSE,INDIANCARD,INE061A01014,EQ,180.90,190.00,180.00,186.13,183.72,4029,744085.65,167
NSE,INDIANHUME,INE323C01030,EQ,352.15,362.80,350.30,352.80,355.80,25759,9239818.25,1298
NSE,INDIASHLTR,INE922K01024,EQ,639.75,645.80,630.75,635.60,639.75,44998,28598554.10,3181
NSE,INDIGO,INE646L01027,EQ,4915.50,5021.50,4893.50,4984.00,4872.00,624800,3104212506.00,57765
NSE,INDIGOPNTS,INE09VQ01012,EQ,1078.90,1104.20,1072.00,1091.00,1078.90,37864,41190089.00,8429
NSE,INDIQUBE,INE06ST01018,EQ,197.54,199.48,192.66,196.38,196.14,19857,3897246.05,1290
NSE,INDNIPPON,INE092B01025,EQ,1246.00,1267.60,1216.10,1244.40,1244.80,48325,59970545.50,5571
NSE,INDOAMIN,INE760F01028,EQ,145.61,148.00,138.35,142.07,145.45,208080,29904598.24,3565
NSE,INDOBORAX,INE803D01021,EQ,489.00,495.00,470.00,481.45,489.50,168168,81101608.05,7386
NSE,INDOCO,INE873D01024,EQ,270.52,274.87,255.35,261.67,269.15,1088133,289993111.04,23368
NSE,INDOFARM,INE622H01018,EQ,134.00,137.00,133.26,134.45,133.17,63176,8544739.95,1268
NSE,INDOKEM,INE716F01012,EQ,625.00,625.00,595.20,600.45,617.00,4030,2448977.50,303
NSE,INDOMIM,INE084101034,EQ,1263.90,1263.90,1223.00,1242.45,1248.15,707284,879082412.40,35345
NSE,INDORAMA,INE156A01020,EQ,105.85,107.50,99.00,100.36,103.44,1164796,120639239.60,14631
NSE,INDOSTAR,INE896L01010,EQ,210.00,215.70,209.05,213.54,209.04,106921,22619839.46,1606
NSE,INDOTECH,INE332H01014,EQ,3267.00,3275.00,3161.20,3188.20,3186.20,8311,26745399.30,1863
NSE,INDOTHAI,INE337M01021,EQ,32.40,33.52,32.39,33.52,31.93,452135,15045008.99,1625
NSE,INDOUS,INE250Z01010,EQ,79.50,81.98,75.51,78.22,77.42,35025,2797279.40,117
NSE,INDOWIND,INE227G01018,EQ,8.70,9.00,8.60,8.69,8.86,115529,1013487.64,597
NSE,INDPRUD,INE620D01011,EQ,6350.00,6450.00,6290.00,6336.50,6358.00,76,484594.50,38
NSE,INDRAMEDCO,INE681B01017,EQ,355.00,358.95,340.20,348.95,354.80,390892,135642224.70,13147
NSE,INDSWFTLAB,INE915B01019,EQ,417.25,424.75,382.00,388.75,413.10,805121,323060185.00,14719
NSE,INDTERRAIN,INE611L01021,EQ,29.35,29.96,29.26,29.42,29.30,13832,410965.31,144
NSE,INDUSINDBK,INE095A01012,EQ,885.00,902.10,885.00,901.40,878.00,2428835,2174391194.90,53275
NSE,INDUSTOWER,INE121J01017,EQ,370.35,376.05,368.60,373.20,367.55,6712752,2502796709.65,86049
NSE,INFOBEAN,INE344S01016,EQ,143.25,145.38,143.01,143.50,143.78,118611,17094189.98,1772
NSE,INFOMEDIA,INE669A01022,EQ,5.29,5.54,5.05,5.38,5.19,21723,114883.58,49
NSE,INFY,INE009A01021,EQ,1004.00,1024.00,992.20,994.10,1015.40,13508984,13548200811.40,222181
NSE,INGERRAND,INE177A01018,EQ,4195.00,4237.30,4077.00,4144.00,4195.00,28231,116606797.40,7570
NSE,INNOVACAP,INE0DUT01020,EQ,1269.80,1270.00,1146.50,1159.80,1271.20,621573,739069181.90,38680
NSE,INNOVANA,INE403Y01018,EQ,296.10,296.10,286.05,292.55,291.50,25036,7312045.20,578
NSE,INNOVISION,INE0ADB01012,EQ,253.25,255.65,251.20,252.00,253.70,6614,1671204.45,409
NSE,INOXGREEN,INE510W01014,EQ,164.79,166.82,160.00,161.07,163.96,413754,67445895.15,7868
NSE,INOXINDIA,INE616N01034,EQ,2087.20,2099.00,2040.10,2052.50,2070.40,179897,372154896.20,17066
NSE,INOXWIND,INE066P01011,EQ,72.00,72.93,69.51,69.51,71.50,9235114,656378538.23,38865
NSE,INSECTICID,INE070I01018,EQ,585.10,599.20,581.05,584.30,588.90,7085,4171827.90,497
NSE,INSPIRISYS,INE020G01017,EQ,84.22,90.00,84.22,87.16,85.92,5963,517955.69,257
NSE,INTELLECT,INE306R01017,EQ,614.00,634.20,609.00,613.65,613.25,457036,285096481.40,25736
NSE,INTENTECH,INE781A01025,EQ,81.60,86.50,81.60,84.46,82.63,18698,1573482.79,465
NSE,INTERARCH,INE00M901018,EQ,1705.90,1713.50,1670.00,1673.40,1690.20,34454,57984735.50,3722
NSE,INTLCONV,INE575C01027,EQ,78.60,81.09,78.40,80.01,80.00,28672,2295659.53,308
NSE,INVENTURE,INE878H01024,EQ,0.86,0.88,0.86,0.86,0.86,476101,412923.97,283
NSE,INVPRECQ,INE155E01016,BE,1550.00,1560.00,1480.10,1536.70,1521.20,3316,5078127.20,251
NSE,IOB,INE565A01014,EQ,31.00,31.54,30.80,30.96,30.95,2518317,78579143.58,14483
NSE,IOC,INE242A01010,EQ,133.30,135.99,133.14,134.93,131.33,9545086,1284188444.05,71219
NSE,IOLCP,INE485C01029,EQ,202.60,211.60,202.51,207.08,201.48,3390524,706505257.79,40875
NSE,IONEXCHANG,INE570A01022,EQ,411.90,414.50,403.60,411.15,410.20,230496,94700047.45,18523
NSE,IPCALAB,INE571A01038,EQ,1950.30,1984.90,1916.40,1927.00,1938.10,312460,607859871.20,36555
NSE,IPL,INE0D6701023,EQ,133.00,135.00,131.10,132.72,133.12,140290,18708175.28,2203
NSE,IPRINGLTD,INE558A01019,EQ,144.00,147.99,142.00,145.03,136.13,3198,466828.03,151
NSE,IRB,INE821I01022,EQ,16.98,17.57,16.92,17.49,16.98,15971102,276670030.78,23469
NSE,IRCON,INE962Y01021,EQ,102.80,122.96,102.80,117.09,102.47,76654100,8959516978.59,394040
NSE,IRCTC,INE335Y01020,EQ,452.55,467.35,452.55,455.40,452.55,829734,381782274.45,36847
NSE,IREDA,INE202E01016,EQ,111.70,113.84,111.37,111.68,111.00,3872732,436130094.24,30154
NSE,IRFC,INE053F01010,EQ,78.60,81.50,78.41,79.28,80.26,38110222,3061230145.95,104381
NSE,IRIS,INE864K01010,EQ,234.92,234.99,222.00,223.38,230.23,9220,2086438.80,419
NSE,IRISDOREME,INE01GN01025,EQ,62.80,63.48,61.00,61.55,62.80,155703,9701413.00,2340
NSE,IRMENERGY,INE07U701015,EQ,263.25,272.10,263.25,264.45,267.25,32502,8666914.95,1447
NSE,ISFT,INE566K01011,BE,101.61,101.84,95.11,95.86,100.11,9354,904995.96,125
NSE,ISGEC,INE858B01029,EQ,880.25,893.50,871.20,883.10,880.10,77493,68554151.60,8709
NSE,ISHANCH,INE561M01018,EQ,47.35,49.69,46.26,47.82,47.35,48457,2354757.81,227
NSE,ISTLTD,INE684B01029,EQ,655.00,665.00,620.00,642.90,640.00,458,296092.50,91
NSE,ITC,INE154A01025,EQ,265.00,266.90,261.40,262.75,265.10,14079098,3723966495.50,147324
NSE,ITCHOTELS,INE379A01028,EQ,161.70,164.90,160.25,164.13,160.53,1550628,252197661.75,34936
NSE,ITDC,INE353K01014,EQ,660.00,728.00,656.10,687.65,657.15,4549325,3213275875.85,164302
NSE,ITI,INE248A01017,EQ,242.60,261.90,242.25,246.40,243.40,1068588,269186713.55,27618
NSE,ITL,INE478D01014,EQ,356.50,356.50,347.05,351.20,353.00,665,233256.85,30
NSE,IVALUE,INE056801025,EQ,225.90,228.10,220.25,222.76,224.61,66924,15020116.24,2867
NSE,IVC,INE050B01023,EQ,7.71,8.18,7.71,7.80,7.68,469057,3724419.94,1771
NSE,IVP,INE043C01018,BE,228.55,228.90,222.10,225.91,226.08,9312,2097272.69,124
NSE,IWP,INE586E01020,EQ,38.34,38.65,36.41,37.52,36.88,82945,3112218.85,491
NSE,IXIGO,INE0HV901016,EQ,160.24,164.21,159.51,162.89,160.24,842850,137179614.86,19162
NSE,IZMO,INE848A01014,EQ,895.00,909.80,870.10,874.80,888.20,82671,73344475.70,4753
NSE,J&KBANK,INE168A01041,EQ,139.00,142.26,138.00,138.65,138.52,1592541,223338077.51,29540
NSE,JAGRAN,INE199G01027,EQ,62.05,62.99,62.00,62.30,62.01,103134,6438764.64,1177
NSE,JAGSNPHARM,INE048B01035,EQ,237.99,246.00,232.00,237.74,234.71,282625,68133369.22,5858
NSE,JAIBALAJI,INE091G01026,EQ,64.18,65.00,62.00,62.24,63.35,275374,17301485.06,2444
NSE,JAICORPLTD,INE070D01027,EQ,91.80,93.63,91.30,91.69,91.80,201178,18516109.05,3096
NSE,JAINREC,INE0YD401026,EQ,286.90,293.85,283.05,292.35,287.65,924581,267202231.15,25021
NSE,JAIPURKURT,INE696V01013,EQ,27.00,27.00,25.02,26.69,25.86,48210,1274819.12,217
NSE,JAMNAAUTO,INE039C01032,EQ,136.35,141.75,135.70,136.35,136.27,2575110,355277878.47,38465
NSE,JARO,INE00YJ01010,EQ,421.55,427.65,419.00,420.10,421.55,91420,38696990.70,2648
NSE,JASH,INE039O01029,EQ,600.00,619.40,585.15,591.65,598.40,838814,506694858.75,28457
NSE,JAYAGROGN,INE785A01026,EQ,224.77,226.14,222.70,223.18,225.44,7967,1785565.20,278
NSE,JAYBARMARU,INE571B01036,EQ,125.95,129.40,123.67,128.39,124.60,660716,83851579.45,15895
NSE,JAYKAY,INE903A01025,EQ,206.05,214.90,204.10,204.93,205.01,641565,134677479.83,10808
NSE,JAYNECOIND,INE854B01010,EQ,93.70,96.38,92.00,92.79,92.66,5628555,533756154.77,37801
NSE,JAYSREETEA,INE364A01020,EQ,86.25,89.55,85.01,85.74,85.75,32813,2823309.51,881
NSE,JBMA,INE927D01051,EQ,568.95,572.70,552.00,556.50,563.15,234314,131644652.95,12195
NSE,JENBURPH,INE354A01013,EQ,930.00,944.00,911.20,914.60,924.00,2329,2143703.30,121
NSE,JETFREIGHT,INE982V01025,EQ,20.32,21.25,20.32,20.74,20.63,93418,1943473.18,978
NSE,JGCHEM,INE0MB501011,EQ,671.55,688.00,617.50,645.10,658.65,1421545,947674646.20,47504
NSE,JHS,INE544H01014,EQ,11.40,12.45,11.00,12.45,10.38,2836786,34439356.68,3651
NSE,JINDALPHOT,INE796G01012,EQ,1040.40,1067.00,1031.00,1040.50,1043.40,939,980925.00,134
NSE,JINDALPOLY,INE197D01010,EQ,681.50,688.55,670.00,672.55,675.30,5648,3842140.55,586
NSE,JINDALSAW,INE324A01032,EQ,277.30,282.05,274.35,277.70,277.70,1224272,340769052.25,27929
NSE,JINDALSTEL,INE749A01030,EQ,1130.00,1144.30,1124.60,1134.90,1130.00,1535849,1740816420.90,34723
NSE,JINDRILL,INE742C01031,EQ,599.90,612.40,595.35,600.60,599.95,191699,115834685.40,8402
NSE,JINDWORLD,INE247D01039,EQ,47.60,47.97,46.26,46.54,47.07,2793369,131379349.72,8278
NSE,JIOFIN,INE758E01017,EQ,218.00,220.39,215.64,216.88,217.56,14305215,3109967665.59,126002
NSE,JISLJALEQS,INE175A01038,EQ,28.93,29.30,27.75,27.93,28.97,1648888,46887539.11,4750
NSE,JITFINFRA,INE863T01013,EQ,288.40,288.40,275.60,278.80,277.15,21653,6061866.85,433
NSE,JKCEMENT,INE823G01014,EQ,4848.00,5117.00,4848.00,5076.00,4824.50,106778,534934824.00,19279
NSE,JKIL,INE576I01022,EQ,452.50,471.00,452.00,463.30,451.40,98451,45449910.90,4037
NSE,JKIPL,INE1FF001016,EQ,96.05,100.50,96.00,97.70,97.69,3154,308674.27,68
NSE,JKLAKSHMI,INE786A01032,EQ,490.05,498.75,488.10,492.30,490.15,104189,51458799.40,14234
NSE,JKPAPER,INE789E01012,EQ,394.60,399.45,391.00,393.70,391.35,294026,116179563.15,15826
NSE,JKTYRE,INE573A01042,EQ,337.00,349.00,337.00,347.00,334.80,1039519,359635108.80,24019
NSE,JLHL,INE682M01020,EQ,262.05,263.05,251.50,253.60,262.05,384611,98737677.85,37804
NSE,JMA,INE412C01023,EQ,89.10,91.34,87.06,89.60,89.34,7776,696320.15,214
NSE,JMFINANCIL,INE780C01023,EQ,125.25,129.65,125.25,129.02,125.78,2299895,294673574.69,19153
NSE,JNKINDIA,INE0OAF01028,EQ,459.95,462.90,434.80,438.20,451.75,239632,106799276.70,11384
NSE,JNPR,INE05C901015,EQ,270.50,282.75,269.85,273.30,272.30,1056639,292044339.40,34888
NSE,JOCIL,INE839G01010,EQ,162.00,162.00,146.00,146.86,145.17,5784,865023.78,113
NSE,JPOLYINVST,INE147P01019,EQ,950.00,959.50,930.05,933.40,950.00,1705,1607204.85,305
NSE,JPPOWER,INE351F01018,EQ,15.25,15.58,15.00,15.13,15.26,29140693,446717952.87,342879
NSE,JSFB,INE953L01027,EQ,506.00,509.00,486.00,489.30,503.70,428503,212299789.20,15566
NSE,JSIPL,INE1DLO01028,BE,159.99,160.79,157.73,160.79,153.14,902237,144574991.31,6472
NSE,JSL,INE220G01021,EQ,735.70,749.85,733.00,747.40,738.30,860756,641274639.25,34700
NSE,JSLL,INE0J5801029,EQ,509.45,512.90,494.60,500.80,509.45,559788,280017254.40,24240
NSE,JSWCEMENT,INE718I01012,EQ,113.60,114.03,112.30,113.38,112.58,1945111,220418072.84,33010
NSE,JSWDULUX,INE133A01011,EQ,3069.00,3091.30,3035.70,3079.00,3034.40,14235,43717953.50,4123
NSE,JSWENERGY,INE121E01018,EQ,498.00,500.45,489.50,494.70,501.15,1797485,886820660.95,42871
NSE,JSWHL,INE824G01012,EQ,11000.00,11409.00,11000.00,11346.00,11000.00,51678,577493893.00,3719
NSE,JSWINFRA,INE880J01026,EQ,352.00,358.50,348.70,356.60,350.00,2191121,776805640.35,48477
NSE,JSWSTEEL,INE019A01038,EQ,1272.40,1275.90,1253.40,1253.40,1272.40,1329600,1678328568.90,49871
NSE,JTEKTINDIA,INE643A01035,EQ,115.84,117.30,115.84,116.58,115.84,54853,6399161.78,1232
NSE,JTLIND,INE391J01032,EQ,88.99,91.11,87.80,88.28,88.88,1732287,155244202.90,11425
NSE,JUBLCPL,INE03CC01015,EQ,2122.60,2141.50,2050.00,2061.20,2107.40,4910,10283603.00,709
NSE,JUBLFOOD,INE797F01020,EQ,463.40,466.25,451.10,456.70,463.00,797358,363479414.55,27075
NSE,JUBLINGREA,INE0BY001018,EQ,639.50,677.40,639.50,653.20,639.10,605507,402262964.30,26336
NSE,JUBLPHARMA,INE700A01033,EQ,1052.10,1063.10,1021.60,1028.80,1048.20,460073,475692533.90,29569
NSE,JUNIPER,INE696F01016,EQ,214.00,218.00,212.15,213.42,213.95,90330,19423312.91,2086
NSE,JUSTDIAL,INE599M01018,EQ,659.80,672.00,651.65,666.15,656.50,130940,87004714.15,7547
NSE,JWL,INE209L01016,EQ,221.50,244.80,220.59,233.12,219.82,24061117,5720062782.91,339159
NSE,JYOTHYLAB,INE668F01031,EQ,184.60,187.48,183.29,186.70,184.26,398247,73994646.14,14275
NSE,JYOTICNC,INE980O01024,EQ,1062.00,1068.35,1028.00,1039.85,1059.30,430258,453067997.55,25916
NSE,JYOTIRES,INE577D01013,EQ,850.00,850.00,832.00,835.45,840.95,6331,5316353.85,425
NSE,JYOTISTRUC,INE197A01024,EQ,8.98,9.25,8.83,8.90,9.07,4112757,37203874.77,4532
NSE,KABRAEXTRU,INE900B01029,EQ,835.00,838.90,788.35,805.55,829.80,221415,179497358.70,10637
NSE,KAJARIACER,INE217B01036,EQ,1227.80,1265.90,1212.80,1235.10,1190.50,2882388,3589568176.80,71905
NSE,KAKATCEM,INE437B01014,EQ,107.88,107.90,104.40,105.18,107.83,1761,185957.71,50
NSE,KALAMANDIR,INE438K01021,EQ,76.00,77.63,75.90,76.27,76.19,385217,29586681.58,4044
NSE,KALPATARU,INE227J01012,EQ,278.80,285.00,276.00,278.70,278.80,55095,15464501.50,1017
NSE,KALYANIFRG,INE314G01014,BE,1005.00,1014.50,970.30,991.05,1010.35,1604,1591083.40,110
NSE,KALYANKJIL,INE303R01014,EQ,572.00,572.05,552.50,553.15,568.85,5559899,3114788286.20,61581
NSE,KAMAHOLD,INE411F01010,EQ,2256.00,2304.90,2251.90,2286.80,2241.10,3772,8633096.10,1815
NSE,KAMANWALA,INE344D01018,EQ,16.50,17.10,16.40,16.90,17.10,2326,38834.42,289
NSE,KAMATHOTEL,INE967C01018,EQ,237.00,240.29,235.00,237.20,236.71,26647,6324247.23,1059
NSE,KAMDHENU,INE390H01020,EQ,38.15,40.25,37.81,38.08,38.41,554860,21333923.02,2507
NSE,KAMOPAINTS,INE0BTI01037,EQ,4.11,4.24,4.05,4.14,4.10,250787,1041043.06,612
NSE,KANANIIND,INE879E01037,EQ,1.37,1.38,1.34,1.36,1.36,74296,101399.72,253
NSE,KANCHI,INE081G01019,EQ,383.05,394.85,380.00,388.05,391.00,929,360343.85,142
NSE,KANCOTEA,INE398L01017,EQ,54.89,54.89,50.53,53.90,54.55,52,2635.29,7
NSE,KANOHAR,INE877D01025,EQ,869.00,884.00,841.10,856.75,862.75,2079818,1803143249.15,65775
NSE,KANORICHEM,INE138C01024,BE,201.00,202.44,190.20,198.77,199.94,40917,8017383.03,482
NSE,KANPRPLA,INE694E01014,EQ,249.00,253.40,246.45,249.00,245.20,5949,1484288.25,421
NSE,KANSAINER,INE531A01024,EQ,182.90,183.54,177.10,177.99,181.33,178729,32112573.71,8372
NSE,KAPSTON,INE542Z01028,EQ,569.00,569.00,545.25,550.35,555.70,494511,272540501.70,4268
NSE,KARAMTARA,INE590T01012,EQ,364.00,395.35,361.35,395.35,359.45,5878325,2267892422.95,69256
NSE,KARMAENG,INE725L01011,EQ,39.00,39.00,37.10,37.43,37.90,1021,38876.23,42
NSE,KARURVYSYA,INE036D01028,EQ,318.10,327.00,311.40,324.80,318.15,3398416,1093288446.80,73601
NSE,KAUSHALYA,INE234I01028,BE,840.65,843.90,821.00,837.00,836.50,66,55345.70,14
NSE,KAVDEFENCE,INE641C01019,BE,77.94,80.50,76.00,79.48,76.89,100996,8004829.33,992
NSE,KAYA,INE587G01015,BE,303.05,315.00,301.00,307.20,307.20,3614,1109050.90,80
NSE,KAYNES,INE918Z01012,EQ,3520.40,3611.00,3501.00,3501.00,3511.50,720015,2552613352.60,45535
NSE,KCP,INE805C01028,EQ,155.60,158.59,153.91,154.15,156.19,80241,12478940.15,1648
NSE,KCPSUGIND,INE790B01024,BE,29.43,29.43,27.77,28.04,29.23,118676,3357257.78,301
NSE,KDDL,INE291D01011,EQ,3980.00,4010.80,3857.20,3886.90,3931.60,16959,66657636.90,5702
NSE,KDGREEN,INE348N01042,EQ,49.00,49.00,46.82,47.72,48.53,19545,935427.73,872
NSE,KEC,INE389H01022,EQ,380.00,384.35,375.10,377.25,378.35,715246,271875484.95,24435
NSE,KECL,INE134B01017,EQ,122.44,124.90,119.15,120.64,121.40,118696,14486350.43,2214
NSE,KEEPLEARN,INE055C01020,EQ,1.84,1.89,1.82,1.85,1.84,39242,72212.57,54
NSE,KEI,INE878B01027,EQ,4504.50,4536.50,4450.00,4455.00,4461.00,182773,820399540.50,22856
NSE,KELLTONTEC,INE164B01030,EQ,13.00,13.24,12.82,12.85,13.05,1210486,15689374.69,3186
NSE,KENNAMET,INE717A01029,EQ,4079.00,4170.00,3958.10,4131.00,4039.60,116894,476482800.60,18904
NSE,KERNEX,INE202H01019,EQ,1750.00,1762.50,1671.00,1686.00,1744.10,228842,394745508.40,21499
NSE,KESORAMIND,INE087A01019,EQ,11.08,11.10,10.56,10.92,10.84,547872,5971873.66,1613
NSE,KEYFINSERV,INE681C01015,EQ,247.80,247.80,234.70,242.95,233.00,1823,443078.50,73
NSE,KFINTECH,INE138Y01010,EQ,840.00,853.80,837.40,840.00,838.20,489013,413751847.95,24368
NSE,KHADIM,INE834I01025,BE,116.10,116.10,114.15,114.17,115.64,10847,1252434.65,55
NSE,KHAICHEM,INE745B01028,EQ,50.40,50.40,48.70,48.76,49.22,107547,5297877.67,1435
NSE,KHAITANLTD,INE731C01018,EQ,154.79,154.79,146.25,146.25,150.01,1789,267632.30,51
NSE,KHANDSE,INE060B01014,EQ,17.49,17.49,16.90,17.20,17.06,1628,27711.28,14
NSE,KICL,INE029L01018,EQ,4837.00,4893.50,4761.50,4799.00,4773.00,1070,5146955.00,334
NSE,KILITCH,INE729D01010,BE,217.90,221.50,208.33,213.32,216.76,33773,7306524.81,227
NSE,KIMS,INE967H01025,EQ,769.95,777.95,722.60,746.40,769.90,2363878,1750668628.10,74637
NSE,KINGFA,INE473D01015,EQ,6550.00,6601.00,6380.50,6482.50,6524.50,19393,125531097.00,4884
NSE,KIOCL,INE880L01014,EQ,337.25,344.00,330.00,332.30,336.10,54237,18273997.35,2550
NSE,KIRANVYPAR,INE555P01013,EQ,187.15,187.15,187.15,187.15,189.66,10,1871.50,1
NSE,KIRIINDUS,INE415I01015,EQ,544.10,553.30,540.00,541.30,543.45,396704,216719498.70,9220
NSE,KIRLFER,INE884B01025,EQ,474.40,481.70,468.30,470.00,474.40,42951,20256540.85,2625
NSE,KIRLOSBROS,INE732A01036,EQ,1828.00,1847.50,1745.00,1774.90,1848.30,321866,570206789.10,25191
NSE,KIRLOSENG,INE146L01010,EQ,2358.00,2360.00,2241.30,2304.20,2402.00,1822978,4184966564.80,127618
NSE,KIRLOSIND,INE250A01039,EQ,3600.00,3659.70,3545.20,3570.70,3578.60,4008,14480833.10,946
NSE,KIRLPNU,INE811A01038,EQ,682.60,702.00,674.65,676.70,684.40,75891,51959029.35,9268
NSE,KISSHT,INE12F801023,EQ,356.00,372.00,352.20,369.55,358.65,2404648,874521138.90,44693
NSE,KITEX,INE602G01020,EQ,115.51,121.18,115.20,119.55,115.56,552200,66071903.99,7195
NSE,KJMCFIN,INE533C01018,EQ,60.00,60.00,58.00,60.00,59.00,380,22796.00,6
NSE,KKCL,INE401H01017,EQ,467.10,472.25,458.00,460.35,467.10,7446,3456283.45,603
NSE,KLBRENG-B,INE338F01015,EQ,527.90,534.55,521.55,523.95,525.55,206790,109043605.30,4210
NSE,KMCSHIL,INE879K01018,EQ,163.98,175.40,156.26,171.14,161.98,2691889,458086060.91,38068
NSE,KMEW,INE0CJD01029,EQ,3106.30,3170.00,2986.00,3041.50,3064.80,217728,670937586.70,24515
NSE,KMSUGAR,INE157H01023,EQ,31.99,34.03,31.99,33.68,31.86,822756,27458256.70,3915
NSE,KNACK,INE17QZ01016,EQ,175.75,182.00,175.75,180.00,176.58,582310,104649689.32,5881
NSE,KNAGRI,INE0KNW01016,EQ,204.90,204.90,192.00,198.13,199.92,3274,648773.56,89
NSE,KNRCON,INE634I01029,EQ,118.38,120.60,118.08,118.58,119.33,458300,54607767.87,6447
NSE,KOHINOOR,INE080B01012,EQ,30.35,32.30,30.35,30.58,30.99,105851,3253471.12,2429
NSE,KOKUYOCMLN,INE760A01029,EQ,75.00,76.60,74.00,75.87,74.72,53215,4030769.50,646
NSE,KOLTEPATIL,INE094I01018,EQ,430.20,431.90,423.75,424.85,427.05,34307,14672804.50,2518
NSE,KOPRAN,INE082A01010,EQ,293.80,295.83,277.01,278.32,290.90,487875,139538828.70,9241
NSE,KOTAKBANK,INE237A01036,EQ,406.10,419.15,405.95,417.00,406.00,32537029,13498917019.35,194813
NSE,KOTARISUG,INE419A01022,BE,25.96,26.88,25.80,26.08,26.12,23944,628184.88,152
NSE,KOTHARIPET,INE720A01015,EQ,130.51,132.39,129.00,129.43,128.97,43927,5724777.03,769
NSE,KOTHARIPRO,INE823A01017,EQ,66.50,66.50,65.00,65.35,65.09,4794,314864.12,112
NSE,KOTIC,INE972A01020,EQ,150.29,154.00,135.36,152.70,150.12,126637,18383273.52,2244
NSE,KOTYARK,INE0J0B01017,EQ,29.08,30.90,29.07,29.83,29.39,288722,8688997.99,1477
NSE,KOVAI,INE177F01017,EQ,6013.50,6075.50,5981.00,6007.00,6013.50,3797,22844869.50,1065
NSE,KPEL,INE127T01021,EQ,225.50,229.20,219.13,220.41,224.03,231806,51817279.11,6107
NSE,KPIGREEN,INE542W01025,EQ,386.40,386.90,355.50,358.95,371.25,4386433,1636430792.90,69570
NSE,KPIL,INE220B01022,EQ,1366.90,1385.20,1366.90,1380.60,1365.10,71593,98695575.10,10933
NSE,KPITTECH,INE04I401011,EQ,510.95,518.00,499.10,499.10,519.70,1625467,826014915.80,38309
NSE,KPL,INE552U01010,EQ,3699.00,3699.00,3611.10,3641.40,3625.10,14030,51109763.50,2991
NSE,KPRMILL,INE930H01031,EQ,1081.50,1113.30,1076.40,1103.30,1081.50,165794,182661840.80,20435
NSE,KRBL,INE001B01026,EQ,386.30,393.70,379.50,381.60,386.20,243341,93971959.35,11241
NSE,KREBSBIO,INE268B01013,EQ,55.40,63.69,55.33,60.20,56.42,50966,3090147.41,1429
NSE,KRIDHANINF,INE524L01026,EQ,1.89,1.97,1.85,1.88,1.88,56032,107252.04,81
NSE,KRISHANA,INE506W01020,EQ,186.00,193.00,185.19,188.23,185.19,1098163,208934395.69,15201
NSE,KRISHIVAL,INE0GGO01015,EQ,414.00,415.25,400.25,401.85,403.95,15013,6090920.70,512
NSE,KRISHNADEF,INE0J5601015,EQ,1009.00,1047.00,1008.00,1032.80,1013.00,60180,62153887.70,6426
NSE,KRITI,INE479D01038,EQ,63.80,63.80,60.46,61.00,62.41,10030,618063.09,253
NSE,KRITIKA,INE00Z501029,EQ,5.10,5.10,4.81,4.91,5.01,120247,597310.59,430
NSE,KRITINUT,INE798K01010,EQ,72.65,73.89,68.90,69.81,72.52,60590,4258688.19,748
NSE,KRN,INE0Q3J01015,EQ,1456.00,1481.00,1424.00,1436.50,1443.10,184949,269834928.50,15962
NSE,KRONOX,INE0ATZ01017,BE,217.20,221.00,208.00,216.38,217.04,123311,26788970.17,913
NSE,KROSS,INE0O6601022,EQ,262.00,268.00,258.12,263.05,261.83,623813,164132698.70,14217
NSE,KRSNAA,INE08LI01020,EQ,549.65,564.45,543.00,559.95,553.60,68107,37792069.05,4279
NSE,KRYSTAL,INE0QN801017,EQ,624.00,635.00,616.25,626.20,619.75,8802,5499455.80,529
NSE,KSB,INE999A01023,EQ,860.00,900.00,841.00,856.10,824.80,5216083,4531342897.50,182332
NSE,KSCL,INE455I01029,EQ,746.50,752.80,720.00,725.65,742.10,229047,168526565.50,11189
NSE,KSE,INE953E01022,EQ,178.99,180.38,177.00,177.81,177.99,4570,815579.57,119
NSE,KSHINTL,INE987S01020,EQ,1036.70,1040.20,1000.00,1001.10,1028.40,165317,167376650.50,15200
NSE,KSHITIJPOL,INE013801027,BE,4.14,4.14,4.14,4.14,4.35,164889,682640.46,369
NSE,KSL,INE907A01026,EQ,964.35,989.60,957.25,965.40,964.35,76255,74353319.55,6267
NSE,KSOLVES,INE0D6I01023,EQ,247.40,251.50,245.00,248.80,247.40,19655,4907210.00,1221
NSE,KSR,INE1SPP01016,BE,37.69,39.43,37.69,39.32,37.56,39624,1557859.83,95
NSE,KTKBANK,INE614B01018,EQ,324.40,332.15,322.55,329.00,324.25,1004306,329289007.15,17972
NSE,KUANTUM,INE529I01021,EQ,77.06,78.08,76.00,76.35,76.73,68177,5251482.02,1262
NSE,KUSUMGAR,INE0ISX01025,EQ,608.60,616.95,597.00,600.95,606.25,82582,49943000.60,6051
NSE,KWIL,INE2KCE01013,EQ,41.22,41.22,39.00,39.22,41.00,9990414,398369787.87,30818
NSE,LADDERUP,INE519D01015,BE,50.75,51.98,49.00,51.98,50.25,1817,90927.48,17
NSE,LAGNAM,INE548Z01017,EQ,72.15,74.90,72.02,72.24,72.02,1580,114763.72,20
NSE,LAHOTIOV,INE515C01023,EQ,40.00,42.00,40.00,41.25,39.26,7759,317832.91,46
NSE,LAKSHMIMIL,INE938C01019,EQ,7650.00,7874.00,7620.00,7632.50,7620.00,38,290520.50,12
NSE,LAL,INE740X01023,EQ,8.55,8.90,8.40,8.42,8.55,7950,68221.14,116
NSE,LALITHAA,INE0K9O01026,EQ,384.00,393.75,375.50,381.90,375.00,6734536,2622306577.40,43886
NSE,LALPATHLAB,INE600L01024,EQ,1946.00,1994.00,1865.00,1987.00,1950.40,525994,1021957342.60,51969
NSE,LAMBODHARA,INE112F01022,EQ,135.40,136.45,128.10,129.28,135.41,9370,1244163.37,485
NSE,LANCER,INE359U01028,EQ,11.64,11.79,11.31,11.45,11.41,136799,1579241.23,670
NSE,LANCORHOL,INE572G01025,BE,33.45,33.50,32.06,32.83,33.58,61310,2009078.06,128
NSE,LANDMARK,INE559R01029,EQ,479.90,495.50,471.00,475.70,487.00,949666,457180038.45,23433
NSE,LANDSMILL,INE688J01023,EQ,0.96,0.96,0.96,0.96,0.88,5502985,5282865.60,757
NSE,LAOPALA,INE059D01020,EQ,156.80,158.69,155.31,156.18,156.71,57031,8939859.88,1940
NSE,LASERPOWER,INE17IR01028,EQ,269.75,277.00,262.25,263.85,270.45,490611,132635783.05,9958
NSE,LATENTVIEW,INE0I7C01011,EQ,235.50,243.80,234.75,236.00,235.50,300979,71838303.65,8526
NSE,LATTEYS,INE262Z01023,EQ,20.89,21.49,20.60,20.91,20.59,64502,1348842.05,176
NSE,LAURUSLABS,INE947Q01028,EQ,1993.00,2001.60,1955.10,1980.00,1979.00,1397926,2769093734.90,45660
NSE,LAXMICOT,INE801V01019,EQ,12.84,13.50,12.84,13.01,12.85,18035,235590.53,117
NSE,LAXMIDENTL,INE0WO601020,EQ,194.38,196.97,190.35,191.42,192.49,66468,12849170.93,1674
NSE,LAXMIINDIA,INE06WU01026,EQ,118.84,121.50,118.71,121.10,118.84,68302,8235010.66,1321
NSE,LCCINFOTEC,INE938A01021,EQ,3.90,4.05,3.76,4.02,3.90,79585,317121.07,143
NSE,LCCPROJECT,INE1FPN01026,EQ,151.00,156.50,150.71,154.36,150.82,1848088,284760079.66,17957
NSE,LCL,INE0QJW01029,EQ,580.00,587.65,553.45,557.15,581.65,296716,168279567.95,14753
NSE,LEAPIND,INE00GO01025,EQ,137.44,142.40,136.51,137.78,137.44,814776,113035375.17,10719
NSE,LEENEE,INE791B01014,BE,7.84,7.84,7.28,7.58,7.58,5848,43848.21,25
NSE,LEMERITE,INE0G1L01025,EQ,19.90,20.38,19.00,19.93,19.95,598289,11755992.59,665
NSE,LEMONTREE,INE970X01018,EQ,104.20,105.40,103.70,104.25,104.17,2167934,226394976.28,18535
NSE,LENSKART,INE956O01016,EQ,684.35,698.10,672.40,685.05,674.60,6800271,4685025308.95,150088
NSE,LEXUS,INE500X01013,EQ,11.82,12.38,11.51,11.76,11.82,15553,183804.34,167
NSE,LFIC,INE850E01012,EQ,130.55,132.02,129.00,131.22,129.51,1406,184648.58,39
NSE,LGBBROSLTD,INE337A01034,EQ,1736.60,1761.00,1729.10,1730.10,1730.10,9738,16874964.40,1912
NSE,LGEINDIA,INE324D01010,EQ,1740.00,1740.00,1704.00,1723.50,1739.20,421274,725837681.00,40504
NSE,LGHL,INE258Y01016,EQ,184.99,208.95,180.00,200.04,178.72,71282,13969607.93,520
NSE,LIBAS,INE908V01012,EQ,11.63,12.05,11.42,11.87,11.98,30725,360730.26,235
NSE,LIBERTSHOE,INE557B01019,EQ,229.00,229.00,220.46,221.01,225.54,30337,6784755.28,1149
NSE,LICHSGFIN,INE115A01026,EQ,555.10,565.00,530.20,530.20,548.50,5474497,2975953668.10,63425
NSE,LICI,INE0J1Y01017,EQ,395.00,398.95,391.90,395.20,390.00,6311852,2496477849.85,101651
NSE,LIKHITHA,INE060901027,EQ,221.13,243.82,220.24,234.29,222.85,271910,64245317.83,4307
NSE,LINC,INE802B01027,EQ,88.84,90.78,88.12,88.63,88.84,16141,1435409.95,448
NSE,LINCOLN,INE405C01035,EQ,590.00,593.40,584.00,585.65,584.30,19291,11356446.50,1254
NSE,LINDEINDIA,INE473A01011,EQ,6241.00,6366.00,6180.50,6323.00,6199.50,28491,179214665.00,10972
NSE,LKPSEC,INE341H01023,EQ,14.70,14.70,13.65,14.14,14.27,7198,101332.42,100
NSE,LLOYDSENGG,INE093R01011,EQ,102.72,104.20,97.51,98.64,102.19,20659896,2088175646.95,85605
NSE,LLOYDSENT,INE080I01025,EQ,79.70,82.10,78.68,79.23,79.13,4337499,348880261.44,26652
NSE,LLOYDSME,INE281B01032,EQ,1902.50,1918.80,1870.00,1884.00,1902.20,333292,633072394.00,26811
NSE,LMW,INE269B01029,EQ,16961.00,17054.00,16800.00,16862.00,16957.00,1450,24496386.00,773
NSE,LODHA,INE670K01029,EQ,1103.00,1135.00,1091.80,1135.00,1106.60,1779057,1978665369.70,38214
NSE,LOKESHMACH,INE397H01017,EQ,345.00,369.50,341.75,365.90,341.55,76813,27525664.20,3352
NSE,LORDSCHLO,INE846D01012,EQ,143.00,144.70,137.15,138.54,140.34,11305,1592417.47,442
NSE,LOTUSCHO,INE026D01011,EQ,554.55,564.95,546.10,550.35,554.55,1679,926268.65,237
NSE,LOTUSDEV,INE0V9Q01010,BE,218.00,224.85,215.00,224.53,214.15,1330015,296688943.72,4116
NSE,LOTUSEYE,INE947I01017,EQ,114.90,115.90,113.51,115.89,113.20,4479,513273.67,340
NSE,LOVABLE,INE597L01014,EQ,71.00,72.45,69.80,71.05,71.00,3749,267083.55,134
NSE,LOYALTEX,INE970D01010,EQ,206.30,213.95,206.30,209.67,207.28,787,165818.48,55
NSE,LPDC,INE197J01017,EQ,6.20,6.44,6.11,6.18,6.22,50182,312613.81,276
NSE,LT,INE018A01030,EQ,3756.20,3786.50,3730.00,3760.00,3749.10,2396040,9009426664.80,138729
NSE,LTF,INE498L01015,EQ,272.00,273.25,264.90,265.00,271.05,6415013,1718012864.10,63173
NSE,LTFOODS,INE818H01020,EQ,405.65,409.40,399.00,400.40,402.80,356756,143776857.80,22164
NSE,LTM,INE214T01019,EQ,3979.90,4138.00,3979.90,4045.00,3936.00,463734,1882426313.40,37839
NSE,LTTS,INE010V01017,EQ,3100.00,3254.90,3100.00,3228.60,3081.60,146167,466698933.80,29043
NSE,LUMAXIND,INE162B01018,EQ,5650.00,5750.00,5523.00,5568.50,5691.50,12677,71153956.00,3845
NSE,LUMAXTECH,INE872H01027,EQ,2034.80,2099.00,2007.40,2076.70,2011.70,137712,284334218.40,23120
NSE,LUMINO,INE185Q01025,EQ,104.40,106.19,101.70,102.46,104.40,3888707,403847890.11,22447
NSE,LUPIN,INE326A01037,EQ,2065.00,2071.70,2027.00,2030.20,2052.10,1085192,2218314666.60,51375
NSE,LUXIND,INE150G01020,EQ,1103.60,1134.50,1101.00,1107.00,1103.60,11916,13335419.30,1518
NSE,LXCHEM,INE576O01020,EQ,176.00,182.20,176.00,177.36,176.49,710755,127577455.61,9852
NSE,LYKALABS,INE933A01014,BE,83.21,84.10,83.21,83.21,82.46,27299,2292096.33,63
NSE,M&M,INE101A01026,EQ,2925.00,2986.00,2925.00,2950.00,2947.80,2332540,6894055492.10,99894
NSE,M&MFIN,INE774D01024,EQ,328.75,333.25,322.65,324.85,328.05,920944,300501152.60,43128
NSE,MAANALU,INE215I01027,EQ,102.63,102.63,99.81,100.17,100.62,29710,2989417.11,681
NSE,MACPOWER,INE155Z01011,EQ,2165.50,2183.60,2080.00,2096.00,2128.10,40395,86416628.80,5452
NSE,MADHAV,INE925C01016,EQ,34.81,35.89,34.10,34.16,34.81,4441,152654.02,134
NSE,MADHAVIPL,INE631R01026,EQ,7.38,7.58,7.21,7.31,7.41,97889,721212.34,354
NSE,MADHUCON,INE378D01032,EQ,4.10,4.25,3.91,4.19,4.05,39757,165454.31,124
NSE,MADRASFERT,INE414A01015,EQ,58.50,59.69,58.50,58.77,58.55,34224,2020272.56,880
NSE,MAFATIND,INE270B01035,EQ,117.98,118.99,115.75,117.54,115.29,19676,2313015.85,706
NSE,MAGADSUGAR,INE347W01011,EQ,540.65,548.40,527.30,531.25,536.70,16452,8850124.55,1467
NSE,MAGNUM,INE387I01016,EQ,18.51,19.15,18.40,18.48,18.57,13633,253395.86,113
NSE,MAHABANK,INE457A01014,EQ,80.00,81.50,79.37,79.37,79.16,19568168,1569431208.56,70421
NSE,MAHAPEXLTD,INE843B01013,EQ,50.37,52.00,50.37,51.00,50.82,6541,335762.40,51
NSE,MAHASTEEL,INE451L01014,BE,1195.60,1209.00,1167.00,1189.00,1201.60,987,1177906.30,107
NSE,MAHEPC,INE215D01010,EQ,97.01,98.48,96.30,96.74,96.78,10903,1058272.19,351
NSE,MAHESHWARI,INE263W01010,EQ,74.00,74.00,73.05,73.43,73.53,13129,968413.54,49
NSE,MAHLIFE,INE813A01018,EQ,357.20,362.70,353.05,360.30,361.00,92476,33084701.75,6612
NSE,MAHLOG,INE766P01016,EQ,427.00,439.75,423.25,435.85,425.70,367227,159546952.90,13706
NSE,MAHSCOOTER,INE288A01013,EQ,12300.00,12645.00,12300.00,12576.00,12341.00,5414,67933855.00,2622
NSE,MAHSEAMLES,INE271B01025,EQ,725.00,768.00,721.95,737.65,721.85,1572414,1180994215.15,72964
NSE,MAITHANALL,INE683C01011,EQ,930.00,955.05,918.10,925.25,928.20,52211,48654278.35,3629
NSE,MAJESAUT,INE201B01022,BE,364.00,369.95,355.00,367.80,364.65,2477,900207.35,101
NSE,MAKERSL,INE987A01010,EQ,181.40,189.49,178.00,181.75,181.38,1070,195225.42,77
NSE,MALLCOM,INE389C01015,EQ,939.60,965.50,936.20,938.95,939.65,1522,1441592.50,286
NSE,MALUPAPER,INE383H01017,EQ,32.30,32.59,31.45,31.47,31.68,12910,409159.47,169
NSE,MAMATA,INE0TO701015,EQ,406.00,412.15,396.00,398.80,399.50,29583,11891323.85,1636
NSE,MANAKALUCO,INE859Q01017,EQ,34.50,35.22,34.10,34.32,34.71,20753,720648.58,407
NSE,MANAKCOAT,INE830Q01018,EQ,126.28,129.19,126.00,126.98,127.29,218743,27805357.16,1465
NSE,MANAKSIA,INE015D01022,EQ,61.00,62.70,59.11,59.99,61.66,43003,2612171.84,816
NSE,MANAKSTEEL,INE824Q01011,BE,110.30,116.00,108.05,110.33,112.57,18922,2099427.90,256
NSE,MANALIPETC,INE201A01024,EQ,80.65,82.75,80.18,80.98,80.18,828103,67697112.46,6732
NSE,MANAPPURAM,INE522D01027,EQ,316.45,322.65,312.95,315.85,316.45,3430831,1089900490.55,29134
NSE,MANBA,INE939X01013,EQ,137.60,138.95,136.00,136.84,136.52,93564,12799321.20,641
NSE,MANCREDIT,INE545L01039,EQ,215.19,224.90,215.19,220.73,217.36,132906,29425927.78,1351
NSE,MANGALAM,INE584F01014,EQ,31.39,31.93,29.51,30.74,31.39,42421,1293667.36,595
NSE,MANGLMCEM,INE347A01017,EQ,982.60,1021.80,982.60,993.20,985.80,85822,86034635.00,3016
NSE,MANIKA,INE0KWF01020,BE,42.00,43.52,40.99,42.34,41.83,934281,39868925.85,2483
NSE,MANINDS,INE993A01026,EQ,962.00,992.95,898.25,907.35,959.60,1072563,999992180.35,48431
NSE,MANINFRA,INE949H01023,EQ,128.00,129.40,125.28,126.86,127.90,1599762,204414787.53,9784
NSE,MANIPALHOS,INE459N01021,EQ,749.80,752.30,703.15,708.30,747.75,2679610,1917041996.60,91826
NSE,MANKIND,INE634S01028,EQ,2545.00,2552.00,2455.00,2503.80,2545.00,1311278,3285399344.50,51912
NSE,MANOMAY,INE784W01015,EQ,238.50,244.90,234.17,240.66,236.46,491051,118529358.41,14937
NSE,MANORAMA,INE00VM01036,EQ,1865.00,1879.40,1844.80,1852.80,1863.50,123908,230456371.10,16760
NSE,MANORG,INE370D01013,EQ,447.05,456.40,445.35,452.25,447.70,6490,2915467.45,217
NSE,MANUGRAPH,INE867A01022,BE,17.00,17.88,17.00,17.32,17.89,133871,2287179.54,312
NSE,MANYAVAR,INE825V01034,EQ,534.25,541.00,527.90,535.10,531.70,127982,68401311.55,10507
NSE,MAPMYINDIA,INE0BV301023,EQ,854.00,873.40,849.10,858.10,845.20,121081,104173632.90,10248
NSE,MARALOVER,INE882A01013,EQ,61.50,61.74,57.00,60.31,61.09,23420,1393607.79,391
NSE,MARATHON,INE182D01020,EQ,385.15,394.40,384.15,389.15,384.90,29572,11505389.25,1191
NSE,MARICO,INE196A01026,EQ,789.85,799.25,786.00,786.00,787.15,2455494,1944652945.50,43893
NSE,MARINE,INE01JE01028,EQ,440.40,446.05,416.65,429.55,438.25,1225757,534318878.85,38874
NSE,MARKOLINES,INE0FW001016,EQ,169.59,170.20,166.40,167.72,167.82,473817,80109109.28,1893
NSE,MARKSANS,INE750C01026,EQ,344.00,345.90,321.00,322.30,342.75,3253271,1070536574.45,67544
NSE,MARSONS,INE415B01044,EQ,117.85,119.25,114.11,115.44,117.96,1066194,123645644.39,5836
NSE,MARUTI,INE585B01010,EQ,11901.00,12065.00,11879.00,11967.00,11877.00,430286,5148312107.00,46788
NSE,MASFIN,INE348L01012,EQ,278.45,284.95,274.65,282.70,281.40,197774,55312367.85,8108
NSE,MASKINVEST,INE885F01015,EQ,154.00,154.00,142.00,150.95,147.18,468,67599.92,28
NSE,MASTEK,INE759A01021,EQ,1515.00,1583.80,1514.60,1562.80,1523.40,139740,217124084.30,15444
NSE,MASTERTR,INE677D01037,EQ,83.72,84.14,81.55,82.14,83.11,223611,18560466.57,1334
NSE,MATRIMONY,INE866R01028,EQ,519.50,529.80,519.05,523.80,519.25,4149,2175295.70,228
NSE,MAWANASUG,INE636A01039,EQ,143.55,150.79,143.55,145.01,145.05,253411,37411581.11,4323
NSE,MAXESTATES,INE03EI01018,EQ,569.25,594.50,565.50,587.10,569.25,107816,63171225.05,7345
NSE,MAXHEALTH,INE027H01010,EQ,963.00,976.30,907.70,929.80,982.10,13817675,12865188298.30,334102
NSE,MAXIND,INE0CG601016,EQ,162.45,164.20,158.22,160.83,160.24,111095,17941075.72,1724
NSE,MAYURUNIQ,INE040D01038,EQ,730.00,752.45,725.05,734.35,727.25,148388,109869255.10,9709
NSE,MAZDA,INE885E01042,BE,290.00,303.30,290.00,303.30,288.90,42578,12810370.35,550
NSE,MAZDOCK,INE249Z01020,EQ,2083.40,2140.00,2081.10,2113.00,2087.10,510455,1082002353.40,28574
NSE,MBAPL,INE900L01028,EQ,167.00,173.50,167.00,170.63,166.84,1417308,242869792.62,14176
NSE,MBECL,INE748A01024,BE,484.32,484.32,484.32,484.32,474.83,3776,1828792.32,69
NSE,MBEL,INE08N601015,EQ,254.15,256.00,248.00,249.00,251.50,53598,13486058.25,2188
NSE,MBLINFRA,INE912H01013,EQ,22.50,22.85,21.96,22.85,21.77,53197,1210241.59,70
NSE,MCCHRLS-B,INE435D01014,EQ,704.00,704.00,660.00,689.85,695.35,68,45805.75,18
NSE,MCL,INE813V01022,EQ,58.00,59.63,56.58,56.74,57.64,56806,3278597.58,1448
NSE,MCLEODRUSS,INE942G01012,EQ,45.55,45.73,44.50,44.74,43.56,624727,28329726.50,1937
NSE,MCLOUD,INE613C01026,EQ,25.43,25.79,24.90,25.06,25.12,2323995,58939996.78,7496
NSE,MCX,INE745G01043,EQ,3280.10,3345.00,3255.00,3300.40,3232.00,2066935,6849895556.60,110489
NSE,MEDANTA,INE474Q01031,EQ,1426.70,1429.10,1352.40,1365.00,1415.10,457701,630560989.20,52336
NSE,MEDIASSIST,INE456Z01021,EQ,307.00,314.85,301.10,302.25,306.70,211883,64551807.95,6367
NSE,MEDICAMEQ,INE646B01010,BE,320.90,329.85,310.10,321.75,322.00,20688,6613590.35,254
NSE,MEDICAPQ,INE442D01010,BE,25.95,27.00,25.25,25.60,26.48,903,23251.52,14
NSE,MEDICO,INE630Y01024,EQ,22.40,23.64,21.17,21.53,21.84,1169517,26054379.44,4793
NSE,MEDPLUS,INE804L01022,EQ,659.00,661.75,654.50,654.90,654.00,70747,46427571.50,15074
NSE,MEESHO,INE0VDM01015,EQ,223.00,230.68,219.19,227.75,223.21,15536460,3490969825.54,145410
NSE,MEGASTAR,INE00EM01016,EQ,252.20,260.55,248.00,249.05,253.15,3858,971307.10,213
NSE,MEIL,INE0PKD01011,EQ,268.65,269.00,263.35,264.85,266.40,18704,4975875.65,856
NSE,MENNPIS,INE650G01029,BE,73.39,73.39,70.17,72.28,72.04,17849,1283452.15,123
NSE,MENONBE,INE071D01033,EQ,296.55,303.00,292.00,296.20,291.10,70127,20860271.80,1648
NSE,MERCANTILE,INE689O01013,EQ,22.03,23.46,22.00,22.99,22.14,3619,82831.25,27
NSE,MERCURYEV,INE763M01028,EQ,38.18,39.25,38.13,38.17,38.69,65295,2520618.73,964
NSE,METROBRAND,INE317I01021,EQ,872.05,875.00,832.00,841.75,872.15,53574,45435645.00,7953
NSE,METROGLOBL,INE085D01033,EQ,131.99,134.80,131.00,133.90,131.90,513,67481.85,34
NSE,METROPOLIS,INE112L01020,EQ,560.00,561.25,536.65,541.70,562.30,572003,311593240.65,32010
NSE,MFML,INE0US801024,EQ,18.46,19.84,18.37,18.63,18.46,14210,270534.99,135
NSE,MFSL,INE180A01020,EQ,1386.50,1395.10,1344.30,1373.40,1392.40,931017,1273740600.40,59578
NSE,MGEL,INE0APB01032,EQ,16.14,16.19,15.61,15.89,16.11,235063,3755504.95,464
NSE,MGL,INE002S01010,EQ,1048.00,1067.10,1039.00,1058.00,1050.50,217105,228764529.50,30937
NSE,MHLXMIRU,INE112D01035,BE,176.39,182.24,176.30,179.21,176.39,4203,750918.82,58
NSE,MHRIL,INE998I01010,EQ,195.90,197.07,192.85,194.25,194.49,48568,9448974.88,2375
NSE,MICEL,INE287C01037,BE,36.22,36.72,36.22,36.72,36.00,194181,7106919.08,586
NSE,MIDHANI,INE099Z01011,EQ,421.80,442.35,419.75,437.65,419.10,1995574,867885189.45,47092
NSE,MIDWESTLTD,INE0XAD01024,EQ,884.90,919.00,878.00,895.00,877.00,74483,66669817.00,5097
NSE,MIIL,INE898Q01015,EQ,697.00,699.40,672.10,682.05,692.05,86940,60027481.35,1398
NSE,MILKYMIST,INE00IT01020,BE,323.00,323.00,310.00,316.46,317.99,676275,214468029.19,6841
NSE,MINALIND,INE097E01028,BE,4.41,4.41,4.41,4.41,4.50,686,3025.26,18
NSE,MINDACORP,INE842C01021,EQ,672.75,698.15,672.75,692.85,672.75,255045,176093909.30,29757
NSE,MINDTECK,INE110B01017,EQ,153.90,156.39,151.10,153.15,153.34,15052,2317829.40,755
NSE,MIRZAINT,INE771A01026,EQ,28.30,28.48,27.90,27.94,28.09,82196,2306214.13,610
NSE,MITCON,INE828O01033,EQ,84.89,85.00,81.10,82.95,82.66,7346,611268.51,132
NSE,MITTAL,INE997Y01027,EQ,0.73,0.73,0.72,0.72,0.72,528176,382515.01,227
NSE,MKEXIM,INE227F01010,EQ,69.95,69.95,64.72,66.84,66.72,6295,420895.30,165
NSE,MKPL,INE964W01021,EQ,4.00,4.05,3.92,3.99,3.92,69786,278772.99,272
NSE,MLKFOOD,INE588G01021,EQ,84.24,85.99,81.00,83.36,84.24,6097,510902.98,114
NSE,MMFL,INE227C01017,EQ,614.90,627.50,592.00,598.60,612.50,61917,37566863.45,4515
NSE,MMP,INE511Y01018,EQ,447.00,477.30,447.00,474.85,447.55,139843,65422680.20,6278
NSE,MMTC,INE123F01029,EQ,57.82,58.48,56.70,56.91,56.76,1298784,74836470.93,10802
NSE,MMWL,INE200D01020,EQ,14.82,14.82,14.02,14.82,14.12,28234,417483.14,104
NSE,MOBIKWIK,INE0HLU01028,EQ,194.95,202.39,194.95,196.32,194.93,603060,119547469.24,8197
NSE,MODINATUR,INE537F01012,EQ,341.00,348.00,333.00,336.00,339.65,2947,995326.90,175
NSE,MODIRUBBER,INE832A01018,EQ,122.50,122.50,117.00,120.21,121.89,987,118218.08,49
NSE,MODIS,INE0L0L01012,EQ,369.50,373.00,366.25,372.35,367.15,42478,15795883.75,524
NSE,MODISONLTD,INE737D01021,BE,458.20,468.50,446.20,462.95,447.75,59779,27650597.05,1132
NSE,MODTHREAD,INE794W01014,EQ,48.90,48.90,47.50,48.64,47.19,54,2625.04,8
NSE,MOHITE,INE154B01023,EQ,2.53,2.60,2.25,2.52,2.53,151942,374954.75,182
NSE,MOHITIND,INE954E01012,EQ,23.40,24.00,22.25,22.67,22.97,14977,343434.50,130
NSE,MOIL,INE490G01020,EQ,244.00,245.88,235.00,237.76,243.96,392618,94518998.98,7014
NSE,MOKSH,INE514Y01020,EQ,9.55,9.83,9.45,9.51,9.60,34960,335892.83,251
NSE,MOL,INE0CT101020,EQ,57.23,58.73,56.02,56.31,57.27,370257,21231303.43,3150
NSE,MOLBIO,INE869T01028,EQ,1314.90,1369.20,1274.40,1308.90,1255.60,3130442,4132390497.90,149712
NSE,MOLDTECH,INE835B01035,BE,205.00,208.00,201.00,206.16,201.49,34867,7184828.04,721
NSE,MOLDTKPAC,INE893J01029,EQ,643.00,668.25,643.00,660.60,642.95,39184,25916479.70,2564
NSE,MOMSBELIEF,INE1FCO01014,EQ,255.96,256.89,230.60,234.64,255.96,300642,72894465.57,9422
NSE,MONARCH,INE903D01011,EQ,339.15,349.20,336.00,337.85,343.05,30720,10454378.40,1044
NSE,MONEYBOXX,INE296Q01012,EQ,53.39,53.39,50.10,52.28,51.08,31574,1640379.08,312
NSE,MONTECARLO,INE950M01013,EQ,517.95,535.00,517.95,527.45,516.75,39094,20602404.70,2407
NSE,MOREPENLAB,INE083A01026,EQ,119.34,128.10,117.80,125.99,118.80,26169666,3247626966.07,87431
NSE,MOSCHIP,INE935B01025,EQ,199.04,205.49,199.04,201.25,198.47,1416715,287239531.51,22439
NSE,MOTHERSON,INE775A01035,EQ,160.35,164.10,160.35,163.26,158.56,15307995,2489471824.82,71984
NSE,MOTILALOFS,INE338I01027,EQ,999.90,1016.50,994.00,994.00,996.20,766759,771673723.00,25994
NSE,MOTISONS,INE0FRK01020,EQ,17.62,18.28,17.52,18.00,17.62,39407577,708543215.97,44500
NSE,MOTOGENFIN,INE861B01023,EQ,25.50,25.77,25.20,25.50,25.57,7018,178667.57,33
NSE,MPDL,INE493H01014,BE,26.75,29.37,26.59,29.35,27.98,3970,111680.74,23
NSE,MPHASIS,INE356A01018,EQ,2164.50,2252.60,2144.80,2154.40,2154.40,701536,1538816244.10,39729
NSE,MPIMANIPAL,INE241U01028,EQ,425.05,438.80,400.15,409.15,417.40,3225179,1365380442.75,73724
NSE,MPSLTD,INE943D01017,EQ,2648.00,2796.00,2622.10,2699.00,2634.70,44086,120108170.70,7894
NSE,MRF,INE883A01011,EQ,123000.00,125800.00,123000.00,125280.00,123080.00,4133,514582245.00,2754
NSE,MRPL,INE103A01014,EQ,172.50,180.80,162.50,169.29,171.65,30852898,5299490753.90,193781
NSE,MSL,INE829S01016,EQ,137.85,137.85,137.40,137.40,136.00,34,4680.50,7
NSE,MSPL,INE752G01015,EQ,33.83,34.95,32.83,33.00,33.55,2560393,85403302.09,5110
NSE,MSTCLTD,INE255X01014,EQ,715.00,733.05,712.20,714.75,713.05,219386,158047903.50,10801
NSE,MSUMI,INE0FS801015,EQ,34.20,34.83,34.00,34.07,34.36,6241303,214095854.27,42934
NSE,MTARTECH,INE864I01014,BE,7797.00,7797.00,7797.00,7797.00,7426.00,190323,1483948431.00,8434
NSE,MTEDUCARE,INE472M01018,BE,1.64,1.78,1.64,1.72,1.70,19570,33895.22,39
NSE,MTNL,INE153A01019,EQ,23.25,23.48,22.82,22.97,23.18,376141,8721632.53,1984
NSE,MUFIN,INE08KJ01020,EQ,131.97,133.65,130.01,131.51,132.15,589751,77843165.63,3272
NSE,MUFTI,INE220Q01020,EQ,68.75,74.00,68.75,72.31,69.28,123298,8798791.45,839
NSE,MUKANDLTD,INE304A01026,EQ,176.00,184.80,174.25,180.13,172.49,1438322,259687734.07,18853
NSE,MUKESHB,INE596B01017,EQ,126.00,126.00,126.00,126.00,127.00,56,7056.00,2
NSE,MUKKA,INE0CG401037,BE,26.33,26.88,25.66,25.98,26.33,205991,5400295.78,963
NSE,MUKTAARTS,INE374B01019,EQ,56.50,57.50,55.40,57.09,56.57,4149,234010.72,31
NSE,MUNJALAU,INE672B01032,EQ,106.30,115.70,106.00,112.86,106.48,9221059,1044853813.07,63164
NSE,MUNJALSHOW,INE577A01027,EQ,126.00,127.75,125.00,126.44,126.32,28696,3628344.27,544
NSE,MURUDCERA,INE692B01014,EQ,28.00,29.00,28.00,28.51,28.00,17394,496702.50,209
NSE,MUTHOOTCAP,INE296G01013,EQ,219.32,221.50,216.52,218.90,217.07,5699,1243141.30,387
NSE,MUTHOOTFIN,INE414G01012,EQ,2747.90,2783.90,2737.10,2737.10,2736.80,459482,1267674333.40,52359
NSE,MUTHOOTMF,INE046W01019,EQ,177.73,181.78,177.58,178.40,177.64,99224,17822969.87,2769
NSE,MVELECTRO,INE0OWZ01020,EQ,840.30,843.40,811.55,818.15,838.05,433635,358563051.75,15079
NSE,MVGJL,INE0KNT01012,EQ,214.33,216.47,205.10,207.16,212.60,143718,30310749.04,2941
NSE,MWL,INE0JYY01029,EQ,43.60,43.95,42.90,43.38,43.40,283085,12285227.79,1752
NSE,MYSORPETRO,INE741A01011,BE,124.00,124.88,122.00,122.25,127.82,6396,786869.73,78
NSE,NACLIND,INE295D01020,EQ,132.10,136.99,132.10,132.86,132.45,449680,60254701.52,7125
NSE,NAGREEKCAP,INE245I01016,EQ,26.05,28.00,25.20,26.03,26.05,3598,95852.18,51
NSE,NAGREEKEXP,INE123B01028,EQ,21.72,22.69,21.50,21.70,22.09,10252,224820.42,177
NSE,NAHARCAP,INE049I01012,EQ,232.00,248.60,231.00,244.90,237.60,3816,928603.90,86
NSE,NAHARINDUS,INE289A01011,EQ,131.16,133.19,129.00,130.13,130.17,13521,1778927.52,254
NSE,NAHARPOLY,INE308A01027,EQ,232.97,232.97,224.05,225.27,230.27,3942,892447.19,188
NSE,NAHARSPING,INE290A01027,EQ,265.95,271.70,259.20,260.05,261.75,15466,4080204.95,444
NSE,NAM-INDIA,INE298J01013,EQ,1077.00,1088.00,1062.00,1070.00,1068.00,728404,781157541.40,47789
NSE,NARMADA,INE117Z01029,EQ,12.75,13.19,12.60,12.71,12.75,465925,6030178.87,744
NSE,NATCAPSUQ,INE936B01015,BE,164.95,168.85,164.95,165.80,163.14,1477,246672.68,44
NSE,NATCOPHARM,INE987B01026,EQ,845.00,849.00,821.10,827.50,843.10,615035,511353618.50,66438
NSE,NATHBIOGEN,INE448G01010,EQ,145.30,145.44,142.35,142.81,142.22,2506,359481.96,162
NSE,NATIONALUM,INE139A01034,EQ,345.05,348.95,340.95,340.95,346.65,5109676,1762588555.95,49142
NSE,NATIONSTD,INE166R01015,EQ,117.80,117.80,113.50,113.87,114.54,6077,696548.23,166
NSE,NAUKRI,INE663F01032,EQ,1235.00,1246.00,1204.50,1219.50,1245.00,1589054,1945140982.70,44204
NSE,NAVA,INE725A01030,EQ,547.00,565.50,547.00,559.35,545.95,374867,210311820.80,20215
NSE,NAVINFLUOR,INE048G01026,EQ,8334.00,8417.50,8200.50,8245.00,8234.50,161189,1338802620.50,33933
NSE,NAVKARCORP,INE278M01019,EQ,87.00,88.05,84.11,84.88,86.60,591236,50499628.88,4458
NSE,NAVKARURB,INE268H01044,EQ,0.88,0.90,0.84,0.86,0.86,1280895,1093236.22,322
NSE,NAVNETEDUL,INE060A01024,EQ,121.20,123.63,121.20,122.52,121.42,77676,9532969.95,935
NSE,NAZARA,INE418L01047,EQ,386.20,401.90,386.20,392.85,388.40,2088636,829488162.55,38700
NSE,NBCC,INE095N01031,EQ,78.83,79.99,78.50,78.50,78.01,6032283,478166290.70,33876
NSE,NBIFIN,INE365I01020,EQ,1900.30,1916.90,1863.10,1897.50,1876.60,352,663020.70,108
NSE,NCC,INE868B01028,EQ,128.50,130.42,128.00,128.88,128.27,2665171,344185709.23,32777
NSE,NCLIND,INE732C01016,EQ,177.37,177.37,173.02,174.18,176.86,23631,4122647.51,1426
NSE,NDGL,INE756C01015,EQ,2478.10,2500.00,2466.00,2484.00,2478.10,281,697786.10,45
NSE,NDL,INE875G01048,EQ,2.65,2.65,2.60,2.61,2.62,635500,1662028.38,890
NSE,NDLVENTURE,INE353A01023,EQ,124.90,125.87,121.21,123.95,121.49,11631,1439952.07,150
NSE,NDRAUTO,INE07OG01012,EQ,748.90,749.30,710.00,717.70,739.90,7470,5452250.80,843
NSE,NDTV,INE155G01029,EQ,70.00,70.20,68.16,69.14,69.06,38185,2653586.34,887
NSE,NECCLTD,INE553C01016,BE,18.17,18.50,18.08,18.42,18.08,79006,1453095.09,130
NSE,NECLIFE,INE023H01027,EQ,10.70,10.95,10.30,10.50,10.71,126810,1343280.52,416
NSE,NELCAST,INE189I01024,EQ,119.00,124.70,118.80,123.40,118.93,394628,48285136.31,5596
NSE,NELCO,INE045B01015,EQ,923.00,944.85,913.50,914.50,922.30,112087,103548343.15,5338
NSE,NEOGEN,INE136S01016,EQ,2445.30,2480.00,2403.00,2451.60,2435.30,147004,360780234.10,14126
NSE,NEPHROPLUS,INE428V01029,EQ,665.30,669.80,655.00,659.75,663.40,391732,260835565.95,21739
NSE,NESCO,INE317F01035,EQ,1035.00,1054.20,1035.00,1046.90,1040.50,24923,26094453.40,3537
NSE,NESTLEIND,INE239A01024,EQ,1341.50,1345.50,1310.00,1310.00,1345.70,1278279,1685814427.50,50857
NSE,NETWEB,INE0NT901020,EQ,4625.00,4684.50,4530.00,4548.00,4613.00,586472,2707898240.00,55267
NSE,NETWORK18,INE870H01013,EQ,26.01,26.52,25.75,25.87,25.88,2299453,60187653.59,6405
NSE,NEUEON,INE333I01044,BE,13.85,15.06,13.64,15.06,14.35,77987,1136117.55,147
NSE,NEULANDLAB,INE794A01010,EQ,21375.00,21600.00,21200.00,21350.00,21375.00,51295,1095987135.00,17807
NSE,NEWGEN,INE619B01017,EQ,474.90,481.20,465.55,467.85,473.00,443488,210449391.15,19998
NSE,NEXTMEDIA,INE747B01016,EQ,3.78,3.78,3.64,3.73,3.70,7958,29510.78,40
NSE,NFL,INE870D01012,EQ,65.25,65.94,64.72,65.20,64.79,682231,44591935.72,5124
NSE,NGIL,INE236Y01012,EQ,41.00,41.98,39.07,39.11,39.72,36513,1456317.18,109
NSE,NGLFINE,INE887E01022,EQ,2893.90,2944.70,2823.10,2909.50,2870.90,4054,11680472.20,947
NSE,NH,INE410P01011,EQ,1776.00,1813.70,1730.10,1791.40,1789.90,341005,605969878.20,43314
NSE,NHPC,INE848E01016,EQ,73.56,73.99,72.80,72.81,73.32,7849564,574960734.31,38386
NSE,NIACL,INE470Y01017,EQ,167.91,169.29,165.70,167.02,168.29,1160229,194167089.23,19623
NSE,NIBE,INE149O01018,EQ,1251.00,1262.10,1230.50,1236.40,1238.50,44693,55589832.90,3007
NSE,NIBL,INE047O01014,EQ,32.18,32.88,31.00,31.85,31.52,5959,189467.45,116
NSE,NICCOPAR,INE653C01022,EQ,83.90,83.90,81.05,81.36,81.00,354,29045.79,31
NSE,NIITLTD,INE161A01038,EQ,86.45,87.84,85.62,86.17,86.37,132517,11475457.68,2034
NSE,NIITMTS,INE342G01023,EQ,206.67,208.80,203.02,204.51,204.96,94153,19373005.93,2686
NSE,NILAINFRA,INE937C01029,EQ,6.77,6.99,6.66,6.71,6.71,117718,802451.29,594
NSE,NILASPACES,INE00S901012,EQ,11.27,11.64,11.11,11.19,11.16,471707,5361615.68,1305
NSE,NILE,INE445D01013,EQ,1265.00,1293.30,1203.50,1219.50,1264.70,10843,13410920.80,1378
NSE,NILKAMAL,INE310A01015,EQ,1901.00,1935.00,1896.50,1901.70,1898.90,8647,16532063.50,2228
NSE,NIMBSPROJ,INE875B01015,EQ,192.08,198.30,184.42,192.19,194.12,34060,6480835.24,510
NSE,NINSYS,INE395U01014,EQ,737.05,774.00,723.00,766.35,737.15,15354,11723141.30,859
NSE,NIPPOBATRY,INE567A01028,EQ,331.80,331.80,320.00,327.40,322.70,1726,563997.90,120
NSE,NIRAJ,INE368I01016,EQ,27.70,28.95,27.25,27.66,28.36,66899,1855990.34,147
NSE,NIRAJISPAT,INE326T01011,BE,301.00,301.00,299.95,301.00,301.00,65,19536.65,4
NSE,NIRLON,INE910A01012,EQ,610.00,610.00,601.00,605.00,605.85,1909,1155368.25,256
NSE,NITCO,INE858F01012,EQ,86.01,89.29,85.74,88.12,86.75,905412,79534208.41,5006
NSE,NITINSPIN,INE229H01012,EQ,610.60,615.95,595.70,598.30,606.15,46740,28226453.55,4766
NSE,NITIRAJ,INE439T01012,EQ,215.00,215.00,201.47,209.26,215.74,1020,214873.90,48
NSE,NITTAGELA,INE265B01019,EQ,1710.60,1735.00,1651.50,1678.60,1702.80,2312,3932833.70,423
NSE,NIVABUPA,INE995S01015,EQ,73.05,75.80,72.82,74.81,73.28,3744324,277295008.72,67642
NSE,NKIND,INE542C01019,EQ,63.70,63.70,56.11,58.20,61.99,317,19814.06,28
NSE,NLCINDIA,INE589A01014,EQ,258.55,263.50,255.40,261.70,255.75,1940444,505518572.00,52228
NSE,NMDC,INE584A01023,EQ,77.00,77.79,76.54,76.54,77.00,15817494,1219570220.10,71375
NSE,NOCIL,INE163A01018,EQ,170.24,175.90,170.10,171.11,169.31,1017979,175866872.91,21636
NSE,NOIDATOLL,INE781B01015,EQ,3.60,3.87,3.60,3.85,3.65,96546,365335.13,465
NSE,NORBTEAEXP,INE369C01017,EQ,64.80,68.12,61.72,66.25,64.90,4585,297721.73,85
NSE,NORTHARC,INE850M01015,EQ,290.00,297.05,285.55,287.35,290.75,672623,195569316.05,12355
NSE,NOVAAGRI,INE02H701025,EQ,22.50,22.85,22.10,22.43,22.28,45494,1023565.16,411
NSE,NOVARTIND,INE234A01025,EQ,1924.10,2030.70,1910.00,1919.00,1924.10,24059,47248593.80,3591
NSE,NPST,INE0FFK01017,EQ,1663.50,1800.00,1641.00,1764.80,1653.00,117252,203751039.20,12597
NSE,NRAIL,INE740D01017,EQ,670.40,679.45,651.05,669.45,660.50,9700,6482551.85,827
NSE,NRBBEARING,INE349A01021,EQ,542.00,555.00,527.55,534.05,541.05,557714,299838170.50,21213
NSE,NRL,INE0JM501013,BE,163.10,163.10,159.80,159.80,160.00,40280,6551782.65,225
NSE,NSIL,INE023A01030,EQ,5374.00,5439.50,5312.00,5324.00,5350.00,940,5031552.00,278
NSE,NSLNISP,INE0NNS01018,EQ,42.00,42.35,41.15,41.32,41.79,4305677,179761376.07,17167
NSE,NTCIND,INE920C01017,EQ,135.70,138.00,132.50,134.54,136.46,769,103807.24,28
NSE,NTPC,INE733E01010,EQ,323.50,323.95,318.90,322.75,323.50,6908628,2222014714.35,79691
NSE,NTPCGREEN,INE0ONG01011,EQ,89.99,93.92,89.91,93.37,89.99,3214816,297347904.13,35194
NSE,NUCLEUS,INE096B01018,EQ,647.70,662.90,647.00,650.25,652.55,15978,10445237.65,1503
NSE,NURECA,INE0DSF01015,BE,355.00,376.00,355.00,366.60,361.50,22080,8159957.35,406
NSE,NUVAMA,INE531F01023,EQ,1655.40,1688.60,1645.50,1652.50,1652.10,206395,342044039.00,20818
NSE,NUVOCO,INE118D01016,EQ,333.15,344.05,331.00,337.80,330.20,197279,66820941.80,13913
NSE,NYKAA,INE388Y01029,EQ,327.00,330.55,320.00,320.00,327.35,3980003,1293640522.10,60944
NSE,OAL,INE959C01023,EQ,542.00,553.00,527.20,533.25,541.85,15746,8517325.40,1031
NSE,OBCL,INE426Z01016,EQ,56.00,59.50,54.70,55.34,54.68,14378,816925.62,433
NSE,OBEROIRLTY,INE093I01010,EQ,1760.00,1796.30,1751.50,1765.70,1762.90,573434,1019123076.80,44237
NSE,OCCLLTD,INE0PK601023,BE,184.00,187.44,182.17,187.44,178.52,146245,27200723.49,828
NSE,ODIGMA,INE054301028,EQ,21.11,22.04,21.11,21.35,21.41,8003,172723.19,431
NSE,ODYCORP,INE839E01023,EQ,7.07,7.08,6.67,6.97,7.08,6337,43444.15,48
NSE,OFSS,INE881D01027,EQ,10525.00,10869.00,10500.00,10630.00,10406.00,272759,2912479246.00,44234
NSE,OIL,INE274J01014,EQ,458.00,462.25,446.25,448.65,459.45,3069066,1386354140.85,53542
NSE,OILCOUNTUB,INE591A01010,BE,76.61,76.61,76.61,76.61,75.11,21905,1678142.05,67
NSE,OLAELEC,INE0LXG01040,EQ,37.51,38.25,36.71,36.92,37.42,57479402,2159460113.31,123916
NSE,OLECTRA,INE260D01016,EQ,1136.00,1167.00,1130.00,1134.20,1136.90,391576,448855094.80,19255
NSE,OMAXAUTO,INE090B01011,EQ,200.00,207.50,198.02,200.32,198.48,53737,10870200.78,974
NSE,OMAXE,INE800H01010,EQ,109.48,113.00,109.13,109.76,109.48,497588,55282012.61,5941
NSE,OMFREIGHT,INE1BZC01019,BE,93.49,94.00,90.00,94.00,93.46,12358,1151557.38,129
NSE,OMINFRAL,INE239D01028,EQ,77.50,79.88,76.35,77.11,77.67,46370,3602015.75,1045
NSE,OMNI,INE0UH301010,EQ,555.00,580.00,552.00,564.05,560.40,1008108,574779770.60,29802
NSE,OMPOWER,INE25E901019,EQ,164.00,166.73,153.50,156.95,163.18,202294,32279095.67,1834
NSE,ONEGLOBAL,INE670O01013,EQ,535.00,552.75,520.00,527.90,534.15,6160,3259063.35,656
NSE,ONELIFECAP,INE912L01015,BE,39.14,40.50,38.90,40.08,38.97,49109,1941744.97,145
NSE,ONEPOINT,INE840Y01029,EQ,71.55,74.40,70.62,73.39,71.62,6743812,492149773.92,33780
NSE,ONESOURCE,INE013P01021,EQ,1587.00,1600.00,1506.10,1521.60,1583.30,194917,301352831.20,19383
NSE,ONGC,INE213A01029,EQ,230.21,231.57,223.60,225.80,230.00,11131417,2521782036.32,145921
NSE,ONIDA,INE831A01028,EQ,31.76,32.74,31.50,32.03,31.75,293561,9419688.85,1834
NSE,ONIXSOLAR,INE173M01012,EQ,337.00,350.90,335.00,343.05,344.50,149626,51385819.35,2812
NSE,ONMOBILE,INE809I01019,BE,49.84,52.30,49.84,50.62,50.10,23929,1216970.55,268
NSE,ONWARDTEC,INE229A01017,EQ,287.50,294.80,285.75,288.35,287.40,10723,3093193.25,475
NSE,OPTIEMUS,INE350C01017,EQ,800.00,827.00,759.05,767.75,796.20,716846,571908787.45,30321
NSE,OPTIFIN,INE031G01022,EQ,14.80,15.80,14.50,15.45,14.82,71103,1081725.39,131
NSE,ORBTEXP,INE231G01010,EQ,272.85,282.85,254.00,258.51,262.01,115278,31381570.44,3675
NSE,ORCHASP,INE215B01022,EQ,1.33,1.37,1.31,1.32,1.33,80375,108239.01,127
NSE,ORCHPHARMA,INE191A01027,EQ,1014.90,1034.40,990.00,997.00,1014.90,58886,59347918.55,6619
NSE,ORICONENT,INE730A01022,EQ,52.90,52.90,50.71,51.34,51.83,55211,2841308.25,746
NSE,ORIENTALTL,INE998H01012,EQ,4.82,5.00,4.81,4.83,4.86,75934,369298.30,392
NSE,ORIENTBELL,INE607D01018,EQ,404.90,408.25,396.05,398.55,402.60,23214,9380610.50,1234
NSE,ORIENTCEM,INE876N01018,EQ,119.38,120.29,118.08,118.77,118.42,189008,22526688.47,2112
NSE,ORIENTCER,INE569C01020,EQ,46.39,46.60,44.50,44.90,45.60,43434,1979072.85,1217
NSE,ORIENTELEC,INE142Z01019,EQ,156.90,159.46,156.60,158.11,156.62,128698,20332403.94,3246
NSE,ORIENTHOT,INE750A01020,EQ,138.99,143.80,138.00,142.36,139.34,511057,72496662.95,3679
NSE,ORIENTLTD,INE609C01024,BE,76.02,78.23,76.02,78.23,79.90,781,59749.53,22
NSE,ORIENTPPR,INE592A01026,EQ,16.31,16.67,16.31,16.45,16.43,116994,1929124.29,527
NSE,ORIENTTECH,INE0PPK01015,EQ,231.50,239.00,230.76,231.53,231.50,89355,20776376.45,2446
NSE,ORIRAIL,INE457G01029,EQ,123.69,134.90,121.42,127.31,122.81,625276,81166676.78,6317
NSE,ORISSAMINE,INE725E01024,EQ,3700.00,3743.80,3626.00,3651.50,3673.30,5117,18859136.90,1189
NSE,ORKLAINDIA,INE16NZ01023,EQ,540.15,547.00,540.10,543.00,540.05,47004,25554605.85,3255
NSE,ORTINGLOBE,INE749B01020,EQ,15.20,15.20,14.25,14.32,14.72,7318,104776.10,36
NSE,OSIAHYPER,INE06IR01021,BE,2.32,2.35,2.22,2.26,2.33,177632,403005.75,307
NSE,OSWALAGRO,INE142A01012,EQ,34.75,34.97,33.70,33.95,34.90,89147,3084901.34,920
NSE,OSWALGREEN,INE143A01010,EQ,19.50,20.95,19.50,20.32,19.41,240885,4886643.96,1370
NSE,OSWALPUMPS,INE0BYP01024,EQ,265.30,274.80,264.50,266.75,266.25,331888,89463336.25,7746
NSE,OSWALSEEDS,INE00IK01029,EQ,12.64,12.69,12.11,12.34,12.52,63193,779843.77,290
NSE,PACEDIGITK,INE0S3G01027,EQ,161.82,164.58,159.20,159.98,162.30,350071,56473457.81,5776
NSE,PACIFICI,INE883C01025,EQ,135.00,135.00,134.50,134.50,132.96,286,38589.50,3
NSE,PAGEIND,INE761H01022,EQ,36695.00,37150.00,36210.00,36385.00,36580.00,83553,3054923475.00,20372
NSE,PAISALO,INE420C01059,EQ,78.00,79.10,75.62,76.41,78.59,7129862,548301263.65,19507
NSE,PAKKA,INE551D01018,EQ,75.19,75.20,72.00,72.89,72.83,64593,4698539.08,1305
NSE,PALREDTEC,INE218G01033,EQ,45.44,45.90,43.70,43.86,45.99,12703,557712.83,106
NSE,PANACEABIO,INE922B01023,EQ,375.20,379.60,364.00,366.00,375.25,50560,18663869.35,2360
NSE,PANACHE,INE895W01019,BE,516.15,516.15,516.15,516.15,506.05,28758,14843441.70,48
NSE,PANAMAPET,INE305C01029,EQ,484.80,499.80,482.20,484.25,480.50,222411,108919527.65,10122
NSE,PANCHMAHQ,INE798F01010,EQ,306.50,306.50,275.50,294.95,290.00,49,14291.20,12
NSE,PANORAMA,INE258R01028,EQ,59.00,62.15,55.00,58.29,57.77,1206378,70600226.14,5706
NSE,PANSARI,INE697V01011,EQ,274.65,275.00,270.00,274.00,274.55,804,220741.25,15
NSE,PAR,INE04LG01015,BE,125.32,128.95,124.00,126.64,125.32,8540,1081515.01,134
NSE,PARACABLES,INE074B01023,EQ,58.58,59.39,56.00,56.36,57.85,1234180,70889286.48,6782
NSE,PARADEEP,INE088F01024,EQ,153.50,158.40,153.50,154.28,154.08,1932116,302146198.23,28579
NSE,PARAGMILK,INE883N01014,EQ,269.40,274.50,268.00,271.65,268.55,893163,242831278.15,14198
NSE,PARAS,INE045601023,EQ,1325.00,1346.00,1303.00,1311.00,1325.00,529254,702833173.60,33732
NSE,PARASPETRO,INE162C01024,EQ,2.09,2.12,2.04,2.07,2.07,45657,94929.96,182
NSE,PARIN,INE00U801010,EQ,724.95,724.95,702.60,710.90,720.35,26781,19008105.90,1952
NSE,PARKHOSPS,INE119201023,EQ,275.45,279.50,268.40,274.95,275.45,877385,240101201.35,13805
NSE,PARKHOTELS,INE988S01028,EQ,102.00,107.50,99.97,105.92,102.02,488392,50865522.80,12057
NSE,PARNAXLAB,INE383L01019,EQ,112.00,117.74,109.99,111.73,113.37,2982,332852.59,122
NSE,PARSVNATH,INE561H01026,BE,2.09,2.09,2.09,2.09,2.05,57122,119384.98,37
NSE,PASHUPATI,INE124Y01028,EQ,111.26,111.26,74.18,75.40,92.72,2778737,240791192.47,25303
NSE,PASUPTAC,INE818B01023,EQ,76.10,76.89,71.87,72.73,75.20,180671,13509299.43,2516
NSE,PATANJALI,INE619A01035,EQ,369.70,372.25,363.00,363.00,371.40,1344954,494506780.90,39615
NSE,PATELENG,INE244B01030,EQ,26.41,27.45,26.35,26.45,26.45,1520750,40696210.72,6828
NSE,PATELRMART,INE0R8B01010,EQ,215.00,219.60,210.50,211.52,213.59,55798,11963079.10,1308
NSE,PATINTLOG,INE529D01014,EQ,13.57,13.80,13.00,13.11,13.51,72397,959756.63,301
NSE,PAUSHAKLTD,INE111F01024,EQ,672.50,680.90,651.20,665.25,668.30,26250,17525344.00,1979
NSE,PAVNAIND,INE07S101038,EQ,15.34,16.10,15.34,15.46,15.77,40169,626407.52,310
NSE,PAYTM,INE982J01020,EQ,1701.00,1708.00,1667.10,1678.00,1683.00,2424277,4081456886.30,120197
NSE,PBMPOLY,INE501F01018,EQ,59.47,69.80,57.16,60.32,61.00,2085,126815.94,32
NSE,PCBL,INE602A01031,EQ,330.45,339.80,330.15,331.10,330.45,1026589,343492628.65,30246
NSE,PCJEWELLER,INE785M01021,EQ,13.29,13.74,13.11,13.20,13.23,227698090,3070139132.05,126895
NSE,PDMJEPAPER,INE865T01018,EQ,94.50,99.80,94.00,97.22,94.67,344257,33742149.40,5163
NSE,PDSL,INE111Q01021,EQ,350.00,357.00,349.85,352.30,348.95,61453,21774655.20,8114
NSE,PEARLPOLY,INE844A01013,EQ,17.63,17.76,17.09,17.75,16.92,7471,131101.65,65
NSE,PENIND,INE932A01024,EQ,183.00,187.25,182.10,184.00,180.28,783073,144621617.04,11228
NSE,PENINLAND,INE138A01028,EQ,15.21,15.99,15.00,15.05,15.48,247368,3794578.09,1112
NSE,PERMAGN,INE418E01018,EQ,840.00,841.75,825.05,832.05,837.10,1822,1519834.75,241
NSE,PERNIASPOP,INE0I1B01016,EQ,527.00,556.00,526.95,547.90,530.75,97340,52693060.95,5019
NSE,PERSISTENT,INE262H01021,EQ,5200.00,5397.00,5200.00,5279.00,5162.00,611251,3232685006.50,47849
NSE,PETRONET,INE347G01014,EQ,285.10,288.90,284.00,284.50,282.95,2419296,692213965.85,46496
NSE,PFC,INE134E01011,EQ,325.85,332.50,325.00,325.50,324.10,9986223,3279326367.80,81726
NSE,PFIZER,INE182A01018,EQ,3916.00,3933.80,3833.50,3875.30,3912.90,39848,154188160.60,9514
NSE,PFOCUS,INE367G01038,EQ,318.65,326.00,313.35,316.00,317.50,3709507,1190175486.30,31026
NSE,PFS,INE560K01014,EQ,28.00,29.49,27.65,29.08,28.00,2963292,85443530.13,19188
NSE,PGEL,INE457L01029,EQ,499.90,506.00,493.45,493.45,493.15,825728,412022556.80,22552
NSE,PGHH,INE179A01014,EQ,6904.00,6956.50,6782.00,6798.50,6871.50,44984,307115332.50,10926
NSE,PGHL,INE199A01012,EQ,5644.50,5696.00,5503.50,5563.00,5696.00,10902,60590934.50,4629
NSE,PGIL,INE940H01022,EQ,1297.50,1324.60,1280.00,1282.10,1290.40,87275,113144782.30,9838
NSE,PHOENIXLTD,INE211B01039,EQ,1940.40,1963.40,1916.20,1935.00,1929.00,421345,819113264.80,37845
NSE,PHOENXINTL,INE245B01011,EQ,28.40,29.55,28.16,28.71,28.05,3924,113757.38,51
NSE,PICCADIL,INE546C01010,EQ,606.90,613.25,588.55,592.35,602.85,87459,52515256.65,7172
NSE,PIDILITIND,INE318A01026,EQ,1481.00,1496.90,1465.10,1465.10,1461.00,940925,1390722018.50,44978
NSE,PIGL,INE557Z01018,EQ,96.70,98.71,95.50,96.34,96.92,34714,3364191.67,1451
NSE,PIIND,INE603J01030,EQ,2290.00,2322.80,2270.00,2310.00,2288.80,174009,400098642.70,17393
NSE,PILANIINVS,INE417C01014,EQ,4050.00,4127.00,3901.80,3956.50,4027.70,5707,22893403.30,1520
NSE,PILITA,INE600A01035,EQ,7.70,7.70,7.17,7.52,7.34,45283,334831.66,163
NSE,PINELABS,INE15B701018,EQ,172.00,176.75,169.14,171.79,171.55,19780220,3432720221.56,111637
NSE,PIONEEREMB,INE156C01018,EQ,21.00,21.25,20.45,20.59,20.79,7008,145368.13,62
NSE,PIONRINV,INE746D01014,BE,75.95,80.80,75.95,75.95,77.50,711,57419.45,6
NSE,PIRAMALFIN,INE202B01038,EQ,2098.00,2127.50,2012.00,2043.90,2127.50,230032,476835998.10,22155
NSE,PITTIENG,INE450D01021,EQ,1132.00,1154.80,1131.30,1139.50,1131.40,35903,40988076.60,4456
NSE,PIXTRANS,INE751B01018,EQ,1732.30,1762.00,1725.00,1726.90,1728.10,4070,7070832.50,865
NSE,PKTEA,INE431F01018,BE,1000.00,1043.35,972.00,1043.35,993.70,18800,19051442.40,148
NSE,PLASTIBLEN,INE083C01022,EQ,205.85,207.00,199.23,200.29,204.50,39036,7906262.28,1169
NSE,PLATIND,INE0PT501018,EQ,207.02,210.89,205.41,206.85,205.70,27227,5635866.09,822
NSE,PLAZACABLE,INE0INJ01017,EQ,61.88,61.88,59.05,59.15,59.90,59674,3585628.37,951
NSE,PML,INE291E01019,EQ,498.95,498.95,465.00,465.85,472.70,1277,599529.45,72
NSE,PNB,INE160A01022,EQ,111.80,114.90,111.80,113.06,111.75,15255055,1735223605.36,52720
NSE,PNBGILTS,INE859A01011,EQ,72.00,78.90,72.00,73.99,71.89,2682738,203041566.78,18722
NSE,PNBHOUSING,INE572E01012,EQ,1098.00,1132.50,1095.90,1120.00,1098.20,1164222,1303975082.10,55567
NSE,PNC,INE392B01011,EQ,17.40,18.50,16.40,17.65,17.40,10929,193474.89,255
NSE,PNCINFRA,INE195J01029,EQ,130.05,134.89,130.05,133.18,129.80,790721,104644757.81,11710
NSE,PNGJL,INE953R01016,EQ,585.00,599.00,581.55,590.15,585.05,257823,152764933.50,12940
NSE,PNGSREVA,INE1RDG01013,EQ,517.60,524.95,508.70,511.65,513.40,78605,40631997.90,3639
NSE,POCL,INE063E01061,EQ,464.20,466.65,450.00,452.65,461.60,373694,169815520.25,11646
NSE,PODDARMENT,INE371C01013,EQ,259.20,266.70,255.60,257.15,259.05,2926,764840.45,159
NSE,POEL,INE035S01028,EQ,139.89,144.86,136.15,137.42,139.89,35690,4975006.24,1690
NSE,POKARNA,INE637C01025,EQ,724.40,737.75,702.25,705.70,718.05,79843,56984854.20,4725
NSE,POLICYBZR,INE417T01026,EQ,1087.00,1098.00,1031.40,1063.90,1081.00,8915211,9483360945.60,223420
NSE,POLYCAB,INE455K01017,EQ,8102.50,8177.00,8026.00,8026.00,8102.50,494724,4003875304.00,55306
NSE,POLYMED,INE205C01021,EQ,1639.90,1684.50,1625.80,1673.80,1644.70,118032,195593208.90,15276
NSE,POLYPLEX,INE633B01018,EQ,1066.60,1117.50,1050.00,1055.00,1061.30,38586,41322005.10,3342
NSE,POLYSPIN,INE914G01029,EQ,30.00,31.39,29.30,31.22,31.46,918,27563.94,28
NSE,PONNIERODE,INE838E01017,EQ,382.30,394.20,370.05,372.20,384.15,21766,8229019.95,1516
NSE,POONAWALLA,INE511C01022,EQ,445.10,453.90,442.20,443.85,443.00,687449,307496359.95,26237
NSE,POWERGRID,INE752E01010,EQ,261.50,262.00,258.10,260.50,261.50,9769840,2544362365.70,88676
NSE,POWERICA,INE921L01032,EQ,607.00,620.85,598.00,600.60,599.75,308631,186374234.25,11562
NSE,POWERINDIA,INE07Y701011,EQ,30680.00,31050.00,30200.00,30630.00,30735.00,88522,2704736525.00,23684
NSE,POWERMECH,INE211R01019,EQ,2488.90,2535.00,2442.00,2490.50,2397.20,293610,728145715.20,33615
NSE,PPAP,INE095I01015,BE,232.00,242.00,231.95,234.45,234.30,5803,1372386.45,131
NSE,PPL,INE050001010,BE,249.45,255.20,245.10,253.35,251.50,11802,2978033.80,239
NSE,PPLPHARMA,INE0DK501011,EQ,209.00,210.40,205.21,206.52,209.07,2240520,463916268.74,35726
NSE,PRABHA,INE0I0M01023,EQ,226.00,229.80,220.15,222.03,224.41,44247,9988364.32,1321
NSE,PRADPME,INE770A01010,BE,473.00,483.70,460.00,460.35,473.75,13662,6367065.65,109
NSE,PRAENG,INE505C01016,EQ,22.88,22.88,21.00,21.18,21.76,46147,994084.29,526
NSE,PRAJIND,INE074A01025,EQ,307.75,312.50,304.50,305.85,307.75,391097,120685515.30,12122
NSE,PRAKASH,INE603A01013,EQ,120.85,129.00,120.62,123.72,121.62,750601,93932962.64,10716
NSE,PRAKASHSTL,INE696K01024,EQ,3.64,3.64,3.55,3.59,3.59,86867,310824.20,255
NSE,PRANAV,INE0H4201019,EQ,101.50,103.15,97.25,100.10,100.18,2087332,210905654.48,15195
NSE,PRASOLCHEM,INE455U01024,EQ,868.25,914.90,812.30,839.10,840.15,2133289,1841420829.50,91252
NSE,PRAVEG,INE722B01019,EQ,244.35,248.00,240.50,241.80,242.60,18438,4497951.45,649
NSE,PRAXIS,INE546Y01022,EQ,4.70,4.89,4.59,4.59,4.83,50073,233845.64,117
NSE,PRECAM,INE484I01029,EQ,117.65,120.19,116.30,116.78,117.16,78594,9280503.79,2171
NSE,PRECOT,INE283A01014,EQ,650.00,650.10,615.00,627.70,638.55,2044,1289109.75,127
NSE,PRECWIRE,INE372C01037,EQ,497.50,509.00,490.25,492.45,500.15,310956,154812467.10,18353
NSE,PREMCO,INE001E01012,EQ,398.30,405.00,398.05,400.85,398.30,806,324015.25,38
NSE,PREMEXPLN,INE863B01029,EQ,676.00,685.70,676.00,684.10,675.30,494973,338024504.70,4155
NSE,PREMIER,INE342A01018,BE,2.75,2.77,2.73,2.73,2.66,2674,7346.18,22
NSE,PREMIERENE,INE0BS701011,EQ,868.30,883.00,865.20,870.10,870.00,1144007,1001163610.40,31941
NSE,PREMIERPOL,INE309M01020,EQ,97.89,97.89,92.00,92.76,95.89,208407,19545690.85,3818
NSE,PRESTIGE,INE811K01011,EQ,1425.00,1493.00,1420.50,1481.90,1417.50,1284002,1891568561.00,57208
NSE,PRICOLLTD,INE726V01018,EQ,752.00,763.90,742.15,747.60,749.35,240483,180906016.75,15856
NSE,PRIMESECU,INE032B01021,EQ,300.25,302.90,291.10,298.45,302.50,5435,1615009.20,221
NSE,PRIMO,INE607A01022,EQ,27.90,28.00,26.40,26.64,27.38,448253,12227492.38,1740
NSE,PRINCEPIPE,INE689W01016,EQ,257.75,261.70,255.00,255.75,255.85,55165,14197657.65,2323
NSE,PRIORITY,INE15EH01014,EQ,305.00,326.80,297.80,301.60,293.64,517501,162311503.53,13501
NSE,PRISMX,INE286N01028,EQ,0.54,0.55,0.52,0.52,0.53,270697,144282.22,138
NSE,PRITI,INE974Z01015,EQ,32.98,32.98,32.00,32.71,32.14,5984,193724.58,82
NSE,PRITIKAUTO,INE583R01029,EQ,19.00,19.00,16.91,17.08,18.40,394236,6995893.76,1502
NSE,PRIVISCL,INE959A01019,EQ,3605.00,3624.00,3557.30,3586.60,3605.50,102693,368374584.70,15989
NSE,PROSTARM,INE0BX301013,EQ,134.71,138.50,134.05,134.66,135.83,156328,21236893.32,2916
NSE,PROTEAN,INE004A01022,EQ,666.65,684.40,651.65,659.30,666.65,574562,384474689.65,15711
NSE,PROZONER,INE195N01013,EQ,56.10,57.70,55.85,56.52,56.20,1330700,75332818.24,2914
NSE,PRSMJOHNSN,INE010A01011,EQ,109.89,111.29,108.25,108.74,109.27,221376,24361976.90,4520
NSE,PRUDENT,INE00F201020,EQ,3105.70,3150.00,3084.20,3129.20,3098.70,30361,94362292.00,3020
NSE,PRUDMOULI,INE024D01016,EQ,14.00,14.00,12.60,13.39,13.98,6380,85238.84,67
NSE,PSB,INE608A01012,EQ,21.10,21.47,21.09,21.33,21.11,1167887,24927620.45,4375
NSE,PSPPROJECT,INE488V01015,EQ,787.00,803.90,763.95,767.00,782.65,62418,48740617.10,3028
NSE,PTC,INE877F01012,EQ,156.00,156.39,154.70,155.56,155.75,1233686,192056406.41,14209
NSE,PTCIL,INE596F01018,EQ,22535.00,23245.00,22035.00,22190.00,22535.00,20719,469975045.00,8645
NSE,PTL,INE034D01049,EQ,38.25,38.50,37.60,37.87,38.20,40263,1531764.50,1089
NSE,PUNJABCHEM,INE277B01014,EQ,1025.90,1059.80,1025.90,1054.50,1035.80,2439,2560886.20,566
NSE,PURVA,INE323I01011,EQ,205.00,211.20,204.54,206.34,204.84,81705,16973005.70,2378
NSE,PVP,INE362A01016,EQ,54.50,56.88,53.12,53.12,55.91,2852031,154740134.02,8906
NSE,PVRINOX,INE191H01014,EQ,1197.90,1262.60,1187.00,1242.70,1190.10,711172,877692285.80,39162
NSE,PVSL,INE772T01024,EQ,95.02,99.96,95.00,95.50,97.01,15961,1524855.48,512
NSE,PWL,INE0LP301011,EQ,126.05,126.70,122.00,123.48,125.15,5681880,707303173.03,42128
NSE,PYRAMID,INE0MIS01010,EQ,156.54,162.90,154.98,156.01,156.54,21871,3417849.35,552
NSE,QMSMEDI,INE0FMW01018,BE,215.40,215.40,205.96,205.96,216.79,169995,35176426.00,715
NSE,QPOWER,INE0SII01026,EQ,1610.10,1675.00,1572.30,1584.80,1614.30,267707,431699903.10,20306
NSE,QUADFUTURE,INE0LRY01011,EQ,545.60,567.20,540.30,547.45,542.15,852162,472091003.85,34028
NSE,QUESS,INE615P01015,EQ,342.10,346.00,332.05,334.95,342.10,513187,173566770.00,19855
NSE,QUICKHEAL,INE306L01010,EQ,146.00,149.79,143.35,144.49,145.92,78444,11530260.63,1855
NSE,QUINT,INE641R01017,BE,72.35,72.35,72.35,72.35,76.15,1949,141010.15,44
NSE,QUINTEGRA,INE033B01011,EQ,1.28,1.28,1.28,1.28,1.22,298,381.44,2
NSE,RACE,INE084Q01012,EQ,124.00,124.00,118.00,118.02,119.85,26073,3115734.74,484
NSE,RACLGEAR,INE704B01017,EQ,1581.40,1616.80,1570.20,1594.80,1588.60,32646,52052689.60,5650
NSE,RADAAN,INE874F01027,EQ,2.96,3.07,2.91,3.00,2.96,28286,84846.49,93
NSE,RADHIKAJWE,INE583V01021,BE,69.29,70.90,68.11,70.23,68.69,173131,12125253.35,808
NSE,RADIANTCMS,INE855R01021,EQ,35.20,36.01,35.20,35.41,35.65,62571,2221234.40,740
NSE,RADICO,INE944F01028,EQ,4408.90,4516.00,4365.10,4366.00,4364.00,387850,1720105027.70,45971
NSE,RADIOCITY,INE919I01024,EQ,6.01,6.02,5.90,5.99,6.01,80434,479809.03,178
NSE,RAILTEL,INE0DD101019,EQ,259.10,281.00,258.65,265.65,259.25,6564878,1794732059.35,112200
NSE,RAIN,INE855B01025,EQ,213.50,219.99,212.30,213.94,215.41,2138947,463935097.55,19376
NSE,RAINBOW,INE961O01016,EQ,1360.80,1383.00,1305.10,1314.30,1367.80,363556,483265043.70,33247
NSE,RAJMET,INE00KV01022,EQ,3.11,3.16,3.06,3.12,3.06,208256,648148.56,547
NSE,RAJOOENG,INE535F01024,BE,53.32,54.50,52.61,53.43,53.32,208140,11120680.70,514
NSE,RAJPALAYAM,INE296E01026,EQ,760.20,775.00,741.20,749.15,757.80,7143,5423761.60,192
NSE,RAJRATAN,INE451D01029,EQ,465.00,470.75,458.50,461.60,466.15,36265,16791999.40,4301
NSE,RAJRILTD,INE533D01032,BE,20.12,20.84,20.12,20.17,20.46,9852,202035.37,95
NSE,RAJSREESUG,INE562B01019,EQ,30.66,31.78,28.50,28.87,30.58,201576,6058113.47,1225
NSE,RAJTV,INE952H01027,EQ,10.58,11.09,10.08,10.88,10.59,58444,604109.01,226
NSE,RALLIS,INE613A01020,EQ,199.70,200.86,198.05,199.73,199.96,503038,100437404.49,16696
NSE,RAMANEWS,INE278B01020,EQ,30.65,31.48,30.01,30.27,30.31,6718,205456.59,106
NSE,RAMAPHO,INE809A01032,EQ,120.72,122.41,119.50,120.09,120.33,14729,1776008.91,344
NSE,RAMASTEEL,INE230R01035,BE,4.47,4.56,4.47,4.56,4.48,3775009,17071655.58,1199
NSE,RAMBHAJO,INE1SJO01012,EQ,296.00,300.00,282.50,285.98,290.97,654381,190231453.90,12419
NSE,RAMCOCEM,INE331A01037,EQ,849.90,869.00,842.05,845.55,844.25,205668,174710788.45,11838
NSE,RAMCOIND,INE614A01028,EQ,310.05,323.70,305.15,307.60,310.10,172756,54129872.90,4598
NSE,RAMCOSYS,INE246B01019,EQ,556.00,572.30,552.20,554.60,553.70,42408,23805677.10,2353
NSE,RAMKY,INE874I01013,EQ,291.05,301.00,274.50,279.10,294.05,161267,46130097.95,4224
NSE,RAMRAT,INE207E01023,EQ,589.70,597.00,578.65,582.40,583.80,193834,114068175.00,13997
NSE,RANASUG,INE625B01014,EQ,13.67,13.87,13.19,13.24,13.67,334802,4499749.10,911
NSE,RANEHOLDIN,INE384A01010,EQ,1544.00,1555.00,1526.70,1529.80,1541.30,9347,14391447.50,830
NSE,RATEGAIN,INE0CLI01024,EQ,835.00,870.00,823.40,851.55,830.00,381974,324985837.20,33094
NSE,RATNAMANI,INE703B01027,EQ,2822.50,2833.00,2715.10,2725.50,2833.30,42223,116533065.10,8347
NSE,RATNAVEER,INE05CZ01011,EQ,332.65,344.40,328.20,330.75,331.15,6063423,2024452411.35,49024
NSE,RAYMOND,INE301A01014,EQ,1185.75,1241.00,1185.40,1213.05,1185.75,1545036,1885571716.95,57311
NSE,RAYMONDLSL,INE02ID01020,EQ,664.45,669.25,638.20,642.05,660.55,195234,127188510.40,11012
NSE,RAYMONDREL,INE1SY401010,EQ,676.00,684.90,666.60,669.95,672.55,620734,419373556.35,21636
NSE,RBA,INE07T201019,EQ,92.25,92.45,90.00,91.58,91.98,1853911,169251554.77,23023
NSE,RBLBANK,INE976G01028,EQ,405.00,412.35,403.35,403.35,402.00,3855694,1575244141.50,69227
NSE,RBZJEWEL,INE0PEQ01016,BE,197.00,207.66,197.00,207.23,197.78,238976,49336069.99,1536
NSE,RCF,INE027A01015,EQ,108.20,111.90,108.20,109.97,108.11,2028734,223654689.86,25761
NSE,RCOM,INE330H01018,BE,0.85,0.86,0.83,0.84,0.86,3639203,3089086.09,1962
NSE,RECLTD,INE020B01018,EQ,294.00,301.75,293.00,299.00,292.45,6842344,2046461789.70,75005
NSE,REDINGTON,INE891D01026,EQ,405.45,413.50,404.40,407.00,405.45,4204334,1717974136.05,66471
NSE,REDTAPE,INE0LXT01019,EQ,118.00,119.20,116.50,117.60,117.48,211189,24830269.10,4776
NSE,REFEX,INE056I01025,EQ,272.05,279.75,264.00,265.25,272.05,312704,84322694.70,6394
NSE,REGAAL,INE0MHO01029,EQ,89.47,91.19,87.60,88.08,88.64,119212,10591807.94,2045
NSE,REGENCERAM,INE277C01012,EQ,33.40,34.10,31.11,32.38,32.51,32772,1072835.70,284
NSE,RELAXO,INE131B01039,EQ,291.55,297.45,290.80,291.20,291.50,115881,34010213.90,6836
NSE,RELCHEMQ,INE750D01016,EQ,115.00,116.85,113.18,116.23,113.09,1280,147279.16,73
NSE,RELIABLE,INE375Y01018,EQ,148.07,148.07,141.77,144.28,145.17,60326,8668541.81,571
NSE,RELIANCE,INE002A01018,EQ,1182.00,1196.50,1181.70,1187.00,1182.00,16376789,19480713993.90,328896
NSE,RELIGARE,INE621H01010,EQ,232.60,235.00,228.00,228.91,232.05,1077320,248962169.11,10115
NSE,RELINFRA,INE036A01016,BE,42.56,44.28,42.56,44.27,43.42,736701,32042673.13,2683
NSE,RELTD,INE206N01018,EQ,149.12,151.50,146.51,149.67,149.12,173979,25976367.12,2558
NSE,REMSONSIND,INE474C01023,EQ,113.43,124.80,112.97,113.93,111.56,869570,101915869.13,8670
NSE,RENTOMOJO,INE08T701025,EQ,505.10,532.40,505.10,510.35,502.15,2511330,1305562589.35,61648
NSE,RENUKA,INE087H01022,EQ,22.60,23.02,21.73,21.89,22.54,8847058,198039329.09,14110
NSE,REPCOHOME,INE612J01015,EQ,345.00,346.25,340.00,341.70,343.65,51214,17550338.20,2052
NSE,REPL,INE364Z01019,EQ,64.13,64.13,59.00,59.35,61.14,5329,326842.21,86
NSE,REPRO,INE461B01014,EQ,320.00,327.95,311.00,318.60,317.05,25861,8280782.35,1039
NSE,RESPONIND,INE688D01026,EQ,168.02,176.59,163.35,165.38,168.09,390374,66215872.88,6939
NSE,RETAIL,INE03DD01011,EQ,31.76,31.76,31.76,31.76,28.88,45112,1432757.12,98
NSE,RGL,INE722H01024,EQ,165.90,167.60,163.28,165.02,164.27,340639,56357552.11,5177
NSE,RHETAN,INE0KKN01029,EQ,17.52,17.52,17.51,17.51,16.69,9861676,172762207.14,3599
NSE,RHIM,INE743M01012,EQ,393.90,398.90,383.75,384.85,393.20,469409,183039328.60,16474
NSE,RHL,INE508K01013,EQ,165.50,169.90,164.99,165.18,164.99,501,83286.24,24
NSE,RICOAUTO,INE209B01025,EQ,126.50,129.18,125.65,126.92,126.22,579784,74089698.51,5849
NSE,RIIL,INE046A01015,EQ,676.00,687.45,673.00,677.35,677.05,39546,26882887.60,1948
NSE,RIR,INE302D01024,EQ,190.00,197.90,183.11,184.10,188.08,2667403,511123132.95,24862
NSE,RISHABH,INE0N2P01017,EQ,723.90,729.70,695.00,703.00,723.85,122457,86628131.40,7461
NSE,RITCO,INE01EG01016,EQ,282.95,284.95,274.05,280.25,280.85,51847,14413395.05,1173
NSE,RITES,INE320J01015,EQ,192.60,218.90,192.60,209.05,192.31,50416237,10695151123.67,417368
NSE,RKDL,INE722J01012,EQ,18.47,18.47,17.60,18.17,18.36,2815,50564.81,59
NSE,RKEC,INE786W01010,EQ,23.97,26.94,21.62,23.09,23.61,229395,5671374.25,1157
NSE,RKFORGE,INE399G01023,EQ,719.90,724.00,699.10,702.30,714.65,529472,375812843.10,22101
NSE,RKSWAMY,INE0NQ801033,EQ,92.87,92.87,87.51,90.09,89.48,20350,1816076.53,479
NSE,RMC,INE655V01019,EQ,213.77,223.19,207.96,209.58,210.37,40748,8724380.51,1764
NSE,RMDRIP,INE219Y01026,BE,23.50,23.79,23.50,23.51,23.52,283668,6677186.80,372
NSE,RML,INE050H01012,EQ,1397.40,1405.00,1348.50,1351.90,1380.90,51913,71375661.20,5430
NSE,RNBDENIMS,INE012Q01039,BE,9.04,9.20,9.00,9.11,9.04,82555,751636.26,288
NSE,ROHLTD,INE283H01019,EQ,306.35,306.35,297.00,299.85,306.35,7843,2359707.10,325
NSE,ROLEXRINGS,INE645S01024,EQ,192.11,193.99,188.25,190.09,190.58,1052365,201744433.17,19004
NSE,ROLLT,INE927A01040,BE,4.98,4.98,4.98,4.98,5.24,407225,2027980.50,274
NSE,ROML,INE294G01026,EQ,41.56,43.53,41.56,43.38,41.91,1171,50633.92,46
NSE,ROSSARI,INE02A801020,EQ,430.00,434.60,416.00,417.95,427.70,70439,29727627.15,4183
NSE,ROSSELLIND,INE847C01020,EQ,51.44,51.89,50.31,50.87,51.03,17079,870532.26,452
NSE,ROSSTECH,INE0OJW01016,EQ,1480.00,1525.00,1455.20,1503.20,1481.70,253108,379722602.40,23945
NSE,ROTO,INE535D01037,EQ,63.73,65.55,63.57,64.58,63.26,473626,30457060.33,3232
NSE,ROUTE,INE450U01017,EQ,446.00,456.55,444.05,445.00,447.20,67891,30568671.50,3590
NSE,RPEL,INE912T01018,EQ,1737.80,1824.00,1731.00,1809.00,1718.10,153483,275118068.30,18267
NSE,RPGLIFE,INE105J01010,EQ,3103.60,3112.80,2986.00,3037.10,3089.20,46586,141712639.30,9048
NSE,RPOWER,INE614G01033,EQ,19.77,20.39,19.63,19.69,19.77,19097261,381982447.27,36527
NSE,RPPINFRA,INE324L01013,EQ,50.20,52.28,50.20,51.49,50.80,40361,2081688.00,575
NSE,RPPL,INE760W01023,BE,19.60,19.88,18.90,18.97,19.49,58148,1113107.89,149
NSE,RPSGVENT,INE425Y01011,EQ,837.05,873.90,835.00,850.50,833.85,40383,34438857.40,2417
NSE,RPTECH,INE0J1F01024,EQ,930.15,1004.70,930.15,953.50,925.35,1657051,1618493110.55,88201
NSE,RRECL,INE0AK901016,EQ,139.99,139.99,134.95,134.95,129.19,431,58184.39,12
NSE,RRIL,INE951M01037,EQ,15.30,15.71,15.17,15.36,15.48,25713,396405.92,102
NSE,RRKABEL,INE777K01022,EQ,2530.00,2537.00,2477.00,2518.60,2523.20,254650,641102410.80,29990
NSE,RSL,INE313L01016,EQ,166.88,171.00,166.31,168.36,165.45,279565,47162559.31,4780
NSE,RSSOFTWARE,INE165B01029,EQ,31.00,31.00,29.70,29.73,29.97,9352,280240.96,150
NSE,RSWM,INE611A01016,EQ,210.25,215.50,207.00,208.60,212.37,45977,9664740.70,1433
NSE,RSYSTEMS,INE411H01032,EQ,300.00,303.70,269.51,279.90,298.69,12512625,3619572224.66,139454
NSE,RTNINDIA,INE834M01019,EQ,26.00,27.58,25.45,26.06,25.66,5394562,143739768.29,21173
NSE,RTNPOWER,INE399K01017,EQ,6.80,6.98,6.80,6.89,6.87,10508623,72635871.38,11191
NSE,RTSPOWR,INE005C01017,EQ,118.18,121.80,107.20,109.87,118.18,31060,3487799.57,778
NSE,RUBFILA,INE642C01025,EQ,64.30,64.64,62.80,63.05,63.85,32520,2061058.57,482
NSE,RUBICON,INE506V01022,EQ,1601.20,1635.00,1577.70,1619.40,1609.00,228306,366866104.40,33007
NSE,RUBYMILLS,INE301D01026,EQ,495.90,509.70,495.90,499.75,491.80,15683,7867344.90,1039
NSE,RUCHINFRA,INE413B01023,EQ,4.81,5.68,4.81,4.91,5.05,142608,711043.65,494
NSE,RUCHIRA,INE803H01014,EQ,104.27,106.90,102.01,103.25,104.29,15631,1627629.04,417
NSE,RUDRA,INE027T01023,EQ,18.39,19.15,18.00,18.77,18.03,20494,378780.56,194
NSE,RUPA,INE895B01021,EQ,132.10,133.88,130.00,130.52,132.39,90771,11901444.79,5808
NSE,RUSHIL,INE573K01025,EQ,16.00,16.29,16.00,16.14,16.13,107116,1730291.26,312
NSE,RUSTOMJEE,INE263M01029,EQ,362.95,366.35,359.55,361.20,362.95,15536,5623767.85,649
NSE,RVHL,INE09E501017,EQ,37.80,39.00,37.80,38.20,38.28,5964,229656.33,96
NSE,RVNL,INE415G01027,EQ,198.70,209.65,198.25,201.76,197.90,17689293,3642950715.64,110396
NSE,RVTH,INE0DAB01012,EQ,664.00,700.00,641.90,669.80,664.90,900,612207.30,59
NSE,S&SPOWER,INE902B01017,EQ,301.00,309.40,295.00,298.15,301.25,12222,3677122.40,128
NSE,SAATVIKGL,INE13B501022,EQ,415.50,421.60,410.00,413.55,414.50,33023,13740051.05,2054
NSE,SADBHAV,INE226H01026,EQ,7.10,7.27,7.09,7.15,6.93,138349,994869.64,314
NSE,SADBHIN,INE764L01010,EQ,2.55,2.62,2.51,2.60,2.56,90108,232671.67,194
NSE,SADHNANIQ,INE888C01040,BE,2.60,2.68,2.49,2.53,2.59,1260041,3247802.80,745
NSE,SAFARI,INE429E01023,EQ,1439.90,1439.90,1418.10,1429.60,1430.90,58651,83842502.20,6814
NSE,SAGARDEEP,INE976T01013,EQ,23.98,23.98,22.83,23.13,23.44,8443,196329.61,69
NSE,SAGCEM,INE229C01021,EQ,146.15,150.28,146.15,148.64,147.45,22428,3339025.18,652
NSE,SAGILITY,INE0W2G01015,EQ,42.69,43.40,42.38,42.58,42.54,11436383,490641417.32,27074
NSE,SAHLIBHFI,INE861D01011,EQ,80.00,80.99,78.10,78.84,78.37,9062,723327.18,328
NSE,SAHYADRI,INE280H01015,EQ,350.00,356.95,341.00,346.75,349.20,7745,2702191.40,430
NSE,SAICAPI,INE531X01018,EQ,156.09,156.09,145.10,146.50,155.09,180,27047.51,17
NSE,SAIL,INE114A01011,EQ,181.85,186.00,180.26,181.49,181.82,15646382,2866325991.26,77693
NSE,SAILIFE,INE570L01029,EQ,1565.70,1577.90,1516.40,1524.50,1559.90,537181,825078732.20,43592
NSE,SAIPARENT,INE0H9F01037,EQ,500.05,539.95,500.05,529.30,502.50,352158,185918282.70,12373
NSE,SAKAR,INE732S01012,EQ,1116.40,1143.80,1082.00,1093.05,1121.85,58262,64344913.50,4916
NSE,SAKHTISUG,INE623A01011,EQ,18.45,18.48,18.00,18.01,18.11,79469,1445328.17,638
NSE,SAKSOFT,INE667G01023,EQ,140.00,143.67,136.61,139.43,139.78,169137,23823471.37,3705
NSE,SAKUMA,INE190H01024,EQ,1.57,1.58,1.52,1.56,1.55,797045,1237175.93,738
NSE,SALASAR,INE170V01027,EQ,4.16,4.30,3.80,4.08,4.16,14749412,59457488.01,27592
NSE,SALONA,INE498E01010,EQ,267.10,267.10,256.00,260.70,266.95,116,30392.95,28
NSE,SALSTEEL,INE658G01014,EQ,99.87,101.53,97.00,99.06,97.08,1173619,116841311.67,8178
NSE,SALZERELEC,INE457F01013,EQ,535.70,546.00,530.35,536.40,535.65,18504,9963343.70,1622
NSE,SAMBANDAM,INE304D01012,EQ,109.98,114.70,105.10,111.40,109.98,576,64988.17,22
NSE,SAMBHAAV,INE699B01027,EQ,5.93,6.24,5.56,5.74,5.92,155497,905468.17,243
NSE,SAMBHV,INE12NJ01018,EQ,162.45,167.31,160.11,164.90,162.24,5951525,978245073.90,52025
NSE,SAMHI,INE08U801020,EQ,149.35,155.00,149.35,153.68,149.34,803682,122884899.91,11287
NSE,SAMMAANCAP,INE148I01020,EQ,136.94,141.19,136.00,136.54,136.48,4575005,632876288.45,33355
NSE,SAMPANN,INE735M01018,EQ,24.70,24.70,23.56,24.17,23.82,3944,95093.59,70
NSE,SANATHAN,INE0JPD01013,EQ,524.00,527.75,505.00,508.15,515.00,99234,51344605.75,4333
NSE,SANDESH,INE583B01015,EQ,1023.10,1037.40,990.60,999.30,1029.60,1002,1008877.60,134
NSE,SANDHAR,INE278H01035,EQ,583.00,599.95,583.00,585.90,582.70,133185,78756399.10,6914
NSE,SANDUMA,INE149K01016,EQ,181.27,184.69,181.00,182.18,182.69,268845,49239616.79,8472
NSE,SANGAMIND,INE495C01010,EQ,642.35,650.55,619.85,626.90,645.55,27711,17597370.05,1844
NSE,SANGHVIMOV,INE989A01032,EQ,457.10,471.90,452.40,455.20,454.00,204771,94724624.25,8276
NSE,SANOFI,INE058A01010,EQ,3080.00,3175.00,3051.60,3057.00,3072.10,15072,46419885.50,3708
NSE,SANOFICONR,INE0UOS01011,EQ,3853.70,3919.00,3796.00,3802.80,3867.00,6012,22971571.40,1369
NSE,SANSERA,INE953O01021,EQ,4450.00,4571.00,4317.30,4537.50,4362.20,247139,1113099877.10,33862
NSE,SANSTAR,INE08NE01025,EQ,105.20,108.14,104.15,104.94,105.90,61552,6532522.88,1345
NSE,SAPPHIRE,INE806T01020,EQ,211.48,216.92,209.45,212.08,211.05,448922,95760440.06,19895
NSE,SAPPL,INE185C01017,EQ,296.00,305.00,280.00,300.10,293.55,6609,1950283.80,148
NSE,SARDAEN,INE385C01021,EQ,500.35,507.75,495.10,497.30,500.35,213966,107533718.15,9332
NSE,SAREGAMA,INE979A01025,EQ,498.90,518.65,495.35,506.55,493.45,643873,328186732.65,35414
NSE,SARLAPOLY,INE453D01025,EQ,96.86,99.23,93.50,93.96,95.67,28986,2771655.38,632
NSE,SARVESHWAR,INE324X01026,EQ,3.45,3.56,3.45,3.49,3.44,1207657,4229355.92,1619
NSE,SASKEN,INE231F01020,EQ,1680.00,1709.80,1650.00,1672.70,1658.80,12713,21324550.40,2488
NSE,SATIA,INE170E01023,EQ,68.70,71.26,68.70,69.70,68.48,198881,13914959.15,3054
NSE,SATIN,INE836B01017,EQ,239.30,239.30,230.15,232.20,237.69,386106,90299435.84,6635
NSE,SAURASHCEM,INE626A01014,EQ,53.94,55.50,53.55,54.53,54.10,54035,2937924.63,555
NSE,SAYAJIIND,INE327G01032,EQ,121.00,121.00,116.50,119.90,118.70,2055,248210.87,14
NSE,SBC,INE04AK01028,EQ,54.99,59.50,54.81,58.29,54.73,35616365,2071517760.10,67813
NSE,SBCL,INE386D01027,EQ,1140.00,1148.90,1060.00,1071.70,1111.30,233735,254752327.20,15059
NSE,SBFC,INE423Y01016,EQ,85.40,86.36,84.70,85.48,84.46,642934,55045789.50,17308
NSE,SBGLP,INE05ST01028,EQ,23.18,23.89,22.30,22.84,22.98,49077,1127223.84,261
NSE,SBICARD,INE018E01016,EQ,585.15,591.25,578.05,578.05,581.00,582328,340260736.40,20630
NSE,SBIFUNDS,INE640G01020,EQ,517.80,524.45,514.00,516.05,517.80,1541375,799313954.15,48520
NSE,SBILIFE,INE123W01016,EQ,1724.00,1729.50,1681.00,1696.40,1735.00,1813203,3082765855.80,79423
NSE,SBIN,INE062A01020,EQ,964.70,972.80,959.50,959.50,964.70,8010571,7740234558.40,203154
NSE,SCANSTL,INE099G01011,BE,50.73,50.73,48.22,49.37,49.64,14776,736724.19,87
NSE,SCHAEFFLER,INE513A01022,EQ,3950.00,3960.00,3877.30,3897.10,3920.00,63788,248802010.90,12583
NSE,SCHAND,INE807K01035,EQ,143.52,148.73,143.52,148.08,147.29,17383,2565334.07,470
NSE,SCHNEIDER,INE839M01018,EQ,1197.30,1226.80,1190.00,1203.40,1192.70,249878,301433173.30,20132
NSE,SCI,INE109A01011,EQ,273.00,275.95,269.75,270.50,272.90,1048767,285808606.15,23757
NSE,SCILAL,INE0PB301013,EQ,36.69,37.34,36.60,36.86,36.69,117368,4344521.92,865
NSE,SCODATUBES,INE090501011,EQ,127.75,127.90,124.03,124.87,130.14,553569,69587880.75,4668
NSE,SCPL,INE501Y01019,BE,637.10,648.50,625.05,629.15,641.05,1092,693216.85,170
NSE,SDBL,INE480C01038,EQ,78.96,80.69,77.50,78.17,79.05,1674455,131729923.88,10130
NSE,SEAMECLTD,INE497B01018,EQ,1685.00,1739.70,1609.70,1641.60,1653.20,71134,116929170.40,7368
NSE,SECMARK,INE0BTM01013,EQ,141.40,142.30,140.00,140.00,142.75,175,24630.38,14
NSE,SECURKLOUD,INE650K01021,EQ,17.05,17.16,16.45,16.61,17.06,17158,287641.06,136
NSE,SEDEMAC,INE00XB01019,EQ,3499.00,3587.00,3460.80,3494.50,3485.60,178976,626479330.20,33454
NSE,SEIL,INE440T01028,EQ,187.84,191.49,187.21,189.64,188.92,129978,24652619.66,1528
NSE,SEJALLTD,INE955I01044,EQ,656.90,680.00,656.80,674.00,648.75,6126,4102342.75,343
NSE,SEKURITIND,INE068B01017,EQ,111.44,114.00,110.03,110.93,109.55,18760,2100702.23,441
NSE,SEMAC,INE617A01013,EQ,254.85,254.85,231.80,232.85,243.95,6426,1549110.05,240
NSE,SENCO,INE602W01027,EQ,329.00,332.70,320.00,320.95,328.30,502576,163482167.00,16857
NSE,SENORES,INE0RB801010,EQ,1403.70,1413.00,1370.00,1385.80,1403.70,268540,373162032.00,24081
NSE,SEPC,INE964H01014,EQ,5.15,5.19,5.01,5.02,5.10,5233528,26569670.83,3735
NSE,SERVOTECH,INE782X01033,EQ,71.10,72.19,70.04,70.25,71.34,364902,25934948.61,4677
NSE,SESHAPAPER,INE630A01024,EQ,244.26,246.19,234.81,240.47,242.53,62115,14944547.25,1333
NSE,SETCO,INE878E01021,BE,18.67,19.25,18.21,18.31,18.67,61697,1142984.26,193
NSE,SETL,INE0M4D01010,EQ,428.95,436.95,415.00,422.80,428.95,407519,172447778.25,9278
NSE,SEYAIND,INE573R01012,BE,13.59,13.59,13.07,13.45,13.33,7911,103840.91,36
NSE,SFL,INE916U01025,EQ,637.30,645.10,630.00,634.10,631.50,76853,48912330.50,8679
NSE,SGFIN,INE618R01015,EQ,595.30,613.20,593.20,604.35,595.30,293138,176939313.30,9871
NSE,SGIL,INE00QT01015,EQ,633.30,669.00,633.30,666.20,657.35,4759,3127671.80,390
NSE,SGL,INE353H01010,EQ,9.43,9.43,8.42,8.56,9.35,84208,726878.99,531
NSE,SGLRES,INE967B01028,EQ,2.28,2.43,2.22,2.38,2.33,78563,184013.73,136
NSE,SGMART,INE385F01024,EQ,760.85,769.05,743.00,750.75,755.95,125096,94409354.10,8880
NSE,SGRL,INE414Y01015,EQ,665.85,704.00,665.85,687.15,665.75,13348,9186593.55,1200
NSE,SHADOWFAX,INE12UN01015,EQ,282.00,289.80,278.15,280.25,280.85,7428809,2105723373.40,84104
NSE,SHAH,INE482J01021,EQ,3.15,3.17,3.09,3.14,3.15,678623,2121827.41,633
NSE,SHAHALLOYS,INE640C01011,BE,87.00,90.89,86.16,86.77,89.35,9770,863720.67,85
NSE,SHAILY,INE151G01028,EQ,3042.70,3125.00,3042.70,3063.00,3040.80,80016,246809656.80,18088
NSE,SHAKTIPUMP,INE908D01010,EQ,459.95,471.00,458.60,461.35,458.00,477179,221528203.80,23538
NSE,SHALBY,INE597J01018,EQ,142.00,145.88,135.00,138.65,142.01,263673,36453851.42,4446
NSE,SHALPAINTS,INE849C01026,BE,77.99,81.99,77.99,80.62,78.09,101983,8260650.86,435
NSE,SHANKARA,INE274V01019,EQ,133.90,133.90,125.00,126.48,127.47,39804,5106562.98,880
NSE,SHANKESH,INE1WFC01025,EQ,89.80,94.44,89.24,90.25,88.80,3014634,277122085.38,20929
NSE,SHANTI,INE933X01016,EQ,5.57,5.83,5.30,5.49,5.57,46100,254284.69,101
NSE,SHANTIGEAR,INE631A01022,EQ,604.80,604.80,571.60,579.90,601.65,120371,70232673.15,4511
NSE,SHANTIGOLD,INE06ZD01017,EQ,308.00,321.00,306.15,308.60,306.85,3315946,1041700250.28,37106
NSE,SHARDACROP,INE221J01015,EQ,719.15,734.85,719.15,723.50,721.45,58845,42750395.25,7439
NSE,SHARDAMOTR,INE597I01028,EQ,964.75,986.85,953.05,956.95,971.25,37174,36031344.50,5609
NSE,SHARDUL,INE037B01020,BE,56.18,57.80,55.00,56.98,55.54,25684,1456014.77,109
NSE,SHAREINDIA,INE932X01026,EQ,206.58,208.90,202.50,205.01,205.68,703869,145359529.44,9046
NSE,SHBAJRG,INE402H01015,EQ,168.00,171.90,157.11,159.79,169.16,25638,4171478.64,281
NSE,SHEKHAWATI,INE268L01046,BE,31.68,31.68,31.68,31.68,30.18,19430,615542.40,43
NSE,SHEMAROO,INE363M01019,EQ,118.15,122.00,116.55,117.12,117.95,14665,1739430.82,170
NSE,SHERVANI,INE011D01013,EQ,325.00,335.00,325.00,335.00,325.00,3,985.00,3
NSE,SHILCTECH,INE024F01011,EQ,4050.00,4105.60,4036.40,4084.00,4032.70,9905,40444164.60,2588
NSE,SHILGRAVQ,INE960A01017,EQ,142.00,149.80,139.82,146.05,139.82,3356,483307.94,114
NSE,SHILPAMED,INE790G01031,EQ,1060.00,1075.00,1033.50,1047.20,1055.75,492219,518788422.30,32209
NSE,SHINDL,INE220Z01013,EQ,160.32,160.39,158.16,159.60,160.10,66280,10577951.01,562
NSE,SHIPROCKET,INE0FOO01011,EQ,120.00,123.97,119.51,120.16,119.99,1916192,231901211.99,20264
NSE,SHIVAAGRO,INE960E01019,EQ,41.00,41.15,37.61,39.47,39.13,5236,206197.56,94
NSE,SHIVACEM,INE555C01029,EQ,14.50,14.50,13.00,13.76,14.91,694858,9522422.71,1984
NSE,SHIVALIK,INE788J01021,EQ,414.80,423.00,400.00,403.45,411.35,45380,18541557.15,2342
NSE,SHIVAMAUTO,INE637H01024,EQ,17.50,18.54,16.85,17.04,16.70,113889,1994101.21,628
NSE,SHIVAMILLS,INE644Y01017,EQ,61.50,61.50,58.00,58.14,60.00,580,34107.15,18
NSE,SHIVATEX,INE705C01020,EQ,168.00,173.78,165.01,166.87,168.97,623,104156.34,35
NSE,SHIVAUM,INE719F01016,EQ,545.05,559.10,545.00,557.15,545.40,122580,66924525.55,348
NSE,SHK,INE500L01026,EQ,139.96,142.78,139.65,141.02,140.33,181372,25575152.82,3748
NSE,SHOPERSTOP,INE498B01024,EQ,410.00,426.00,410.00,415.00,418.95,26629,11081142.60,1725
NSE,SHRADDHA,INE311M01018,EQ,148.64,159.70,143.10,152.31,147.91,10595,1616238.52,299
NSE,SHRADHA,INE715Y01031,EQ,31.30,31.38,30.00,30.50,29.58,845,25692.27,45
NSE,SHREDIGCEM,INE232A01011,EQ,66.99,67.19,65.50,65.92,66.41,32697,2166103.50,804
NSE,SHREECEM,INE070A01015,EQ,21900.00,22400.00,21900.00,22345.00,21900.00,20963,465312155.00,8593
NSE,SHREEJISPG,INE1B6101010,EQ,764.00,774.00,764.00,770.40,763.30,359788,277232780.75,7262
NSE,SHREEPUSHK,INE712K01011,EQ,480.90,505.05,480.90,492.75,481.90,70018,34617685.70,3676
NSE,SHREERAMA,INE879A01019,EQ,43.22,45.40,43.22,43.73,43.71,26435,1164948.18,334
NSE,SHREYANIND,INE231C01019,EQ,129.95,133.99,129.00,130.45,129.00,4801,627070.27,160
NSE,SHRIKRISH,INE997I01012,EQ,35.20,35.20,33.17,33.89,36.10,2386,81344.38,31
NSE,SHRINGARMS,INE1B3L01017,EQ,216.85,231.00,216.79,224.60,215.91,2130481,480774972.42,16668
NSE,SHRIPISTON,INE526E01018,EQ,4774.40,4774.40,4620.30,4653.70,4749.20,75703,353917526.30,16289
NSE,SHRIRAMFIN,INE721A01047,EQ,972.20,987.00,965.10,982.70,971.50,5552495,5438536493.70,126352
NSE,SHRIRAMPPS,INE217L01019,EQ,70.15,70.64,68.51,69.21,69.86,334575,23346963.19,3138
NSE,SHRJAGP,INE564J01026,EQ,635.00,693.00,635.00,665.60,634.35,758,502375.15,72
NSE,SHUKRAPHAR,INE551C01044,EQ,60.96,63.36,60.77,62.09,60.30,6037718,373692566.91,34756
NSE,SHYAMCENT,INE979R01011,BE,4.85,5.09,4.85,4.97,4.99,11943,59381.77,58
NSE,SHYAMMETL,INE810G01011,EQ,1076.90,1078.50,1055.00,1065.00,1074.00,235248,251646525.90,18679
NSE,SHYAMTEL,INE635A01023,EQ,10.81,11.34,10.81,10.99,10.86,2507,27608.24,25
NSE,SICAGEN,INE176J01011,EQ,51.20,52.88,51.20,51.74,51.18,5078,264418.02,89
NSE,SICALLOG,INE075B01020,BE,89.12,91.74,89.00,91.19,89.12,15134,1375919.28,114
NSE,SIEL,INE843L01012,EQ,30.50,30.60,28.99,29.01,30.50,204,5953.63,11
NSE,SIEMENS,INE003A01024,EQ,3721.10,3789.10,3720.00,3725.60,3710.00,183302,689178215.60,20825
NSE,SIGACHI,INE0D0K01022,EQ,28.83,29.46,28.74,28.80,28.76,1852936,53758606.02,6268
NSE,SIGIND,INE529F01035,BE,70.00,70.00,65.50,68.73,68.37,12504,849695.47,91
NSE,SIGMA,INE0A0S01028,EQ,44.50,45.83,43.55,44.25,43.90,48186,2140311.60,1258
NSE,SIGMAADV,INE933B01012,BE,990.25,1025.70,990.05,1025.70,976.90,370551,378181156.55,2431
NSE,SIGNATURE,INE903U01023,EQ,750.00,761.85,721.05,727.15,754.45,331497,245359525.70,14350
NSE,SIGNPOST,INE0KGZ01021,EQ,257.00,268.85,256.95,262.00,257.85,48744,12812962.30,1628
NSE,SIKA,INE438E01032,EQ,1033.95,1039.00,1010.00,1014.35,1025.45,12197,12481385.90,1568
NSE,SIKKO,INE112X01025,BE,6.58,6.58,6.27,6.33,6.51,283323,1811074.31,581
NSE,SIL,INE173A01025,EQ,16.60,16.79,15.50,15.69,16.42,158905,2554212.22,698
NSE,SILGO,INE01II01013,EQ,70.49,71.09,69.69,70.21,70.49,50805,3573613.08,444
NSE,SILINV,INE923A01015,EQ,435.00,444.90,431.00,431.45,436.60,1394,605681.85,116
NSE,SILVERTUC,INE625X01026,EQ,141.50,144.80,138.86,140.49,140.59,261015,36759614.34,3885
NSE,SIMPLEXINF,INE059B01024,EQ,242.90,255.00,241.00,245.50,242.85,73280,18189631.65,1858
NSE,SIMPLXREA,INE167H01014,EQ,130.85,130.85,125.88,130.00,130.88,89,11560.89,9
NSE,SINCLAIR,INE985A01022,EQ,77.04,79.65,76.51,78.63,77.43,7388,580550.62,369
NSE,SINDHUTRAD,INE325D01025,EQ,22.92,23.27,22.70,22.89,22.86,154892,3560108.09,443
NSE,SINGERIND,INE638A01035,EQ,78.20,78.20,75.20,77.31,76.79,76015,5857244.98,588
NSE,SINTERCOM,INE129Z01016,EQ,80.30,80.30,77.01,79.91,76.96,1109,88540.89,33
NSE,SIRCA,INE792Z01011,EQ,409.00,416.30,409.00,410.10,408.05,138309,57123710.10,3074
NSE,SIS,INE285J01028,EQ,416.40,424.00,415.80,419.10,418.65,321349,135282574.40,18966
NSE,SIYSIL,INE076B01028,EQ,543.90,543.90,538.00,539.95,541.40,14052,7584841.40,2665
NSE,SJS,INE284S01014,EQ,2300.00,2319.60,2252.20,2258.00,2309.80,89175,202861212.00,11928
NSE,SJVN,INE002L01015,EQ,59.98,60.30,59.01,59.32,59.83,2571072,153531829.06,28045
NSE,SKFINDIA,INE640A01023,EQ,1513.00,1524.60,1500.30,1509.90,1514.00,30500,46076416.30,4361
NSE,SKFINDUS,INE2J8701016,EQ,2780.00,2842.90,2735.00,2767.90,2789.00,172115,481490746.20,10593
NSE,SKIPPER,INE439E01022,EQ,541.90,548.65,528.25,531.15,541.55,260601,140162108.60,9542
NSE,SKMEGGPROD,INE411D01023,EQ,220.95,223.90,210.10,211.15,219.10,187953,40401034.20,4074
NSE,SKYGOLD,INE01IU01018,EQ,824.95,838.45,806.00,810.70,820.85,695736,570879475.85,27973
NSE,SKYWAYS,INE0PX301025,EQ,116.00,117.79,112.31,113.26,115.31,2306221,263874074.11,24779
NSE,SMARTLINK,INE178C01020,BE,203.00,213.47,203.00,211.91,203.47,6158,1289917.49,76
NSE,SMARTWORKS,INE0NAZ01010,EQ,528.95,538.65,515.15,519.85,514.25,108747,56877688.00,5462
NSE,SMCGLOBAL,INE103C01036,EQ,93.00,96.24,91.17,94.48,92.98,6836896,639567956.42,43561
NSE,SMLMAH,INE294B01019,EQ,6620.00,6709.50,6468.00,6578.00,6616.50,48022,316055975.50,10965
NSE,SMLT,INE017W01010,EQ,63.40,63.40,59.00,61.82,59.31,11905,728569.45,288
NSE,SMSPHARMA,INE812G01025,EQ,483.90,485.00,467.50,476.60,479.40,372222,177568129.50,13682
NSE,SNOWMAN,INE734N01019,EQ,34.51,35.99,34.25,34.64,34.69,120284,4187202.00,1379
NSE,SOBHA,INE671H01015,EQ,1201.00,1239.00,1198.00,1221.60,1216.50,121889,148197999.00,14395
NSE,SOFTTECH,INE728Z01015,EQ,522.00,522.00,492.50,493.50,502.85,17609,9091186.70,342
NSE,SOLARA,INE624Z01016,EQ,759.00,759.00,720.00,725.40,749.85,177501,131037387.25,7983
NSE,SOLARINDS,INE343H01029,EQ,19030.00,19820.00,19030.00,19700.00,18650.00,302167,5910566560.00,64195
NSE,SOLARWORLD,INE0TY101024,EQ,128.75,137.56,128.00,129.28,128.98,320705,42003771.82,5127
NSE,SOLEX,INE880Y01017,EQ,694.70,704.70,675.05,678.85,688.55,27975,19167230.90,2170
NSE,SOMANYCERA,INE355A01028,EQ,614.00,622.00,606.55,617.75,613.85,64566,39810447.05,3733
NSE,SOMATEX,INE314C01013,EQ,79.35,81.70,79.05,79.16,81.52,1858,148151.98,40
NSE,SOMICONVEY,INE323J01019,EQ,88.10,89.98,87.50,89.31,88.62,5523,488228.86,127
NSE,SONA,INE0LLZ01011,BE,97.98,99.70,95.20,96.03,98.41,197715,19205272.02,1552
NSE,SONACOMS,INE073K01018,EQ,821.95,837.00,816.40,830.00,815.65,2734579,2264549977.95,70671
NSE,SONAL,INE321M01017,EQ,90.00,90.18,87.50,87.56,91.72,94,8431.36,4
NSE,SONAMLTD,INE00LM01029,BE,68.47,70.25,68.00,68.15,68.40,117828,8112158.52,309
NSE,SONATSOFTW,INE269A01021,EQ,260.85,267.40,257.00,258.25,260.85,817817,214040552.50,24653
NSE,SOTL,INE035D01020,EQ,860.40,860.40,711.40,718.80,717.00,2590903,1979298183.05,85063
NSE,SOUTHBANK,INE683A01023,EQ,48.90,49.67,48.00,48.24,48.71,15754423,770278971.14,52709
NSE,SOUTHWEST,INE980Y01015,EQ,183.50,186.28,180.35,182.49,183.41,62445,11467784.59,1865
NSE,SPAL,INE212I01016,EQ,940.00,970.00,940.00,964.60,935.80,35667,34251938.40,3575
NSE,SPANDANA,INE572J01011,EQ,226.68,231.00,219.01,220.76,226.67,304252,67563932.71,8533
NSE,SPARC,INE232I01014,EQ,208.85,210.65,196.00,197.19,208.85,1366000,275818519.70,27740
NSE,SPCENET,INE970N01027,EQ,3.16,3.35,3.15,3.18,3.19,450589,1445643.21,483
NSE,SPECIALITY,INE247M01014,BE,153.00,154.85,151.00,154.10,153.99,15753,2402022.13,144
NSE,SPECTRUM,INE01EO01010,BE,3830.00,3879.80,3650.10,3846.10,3720.90,13516,51741716.20,966
NSE,SPENCERS,INE020801028,EQ,27.40,27.59,26.50,26.71,27.40,37693,1017725.63,721
NSE,SPIC,INE147A01011,EQ,63.47,64.24,63.43,63.94,63.47,140574,8969872.69,1545
NSE,SPLIL,INE978G01016,EQ,30.50,30.50,28.72,29.24,29.89,5213,153839.87,62
NSE,SPLPETRO,INE663A01033,EQ,834.90,855.00,801.65,808.20,831.85,247547,203612780.90,20533
NSE,SPMLINFRA,INE937A01023,EQ,161.00,164.91,159.50,161.02,162.07,99740,16232012.75,1701
NSE,SPORTKING,INE885H01029,EQ,212.20,217.61,208.10,210.50,212.16,121292,25853333.77,8291
NSE,SRD,INE01NE01012,EQ,39.40,39.74,37.95,38.54,38.78,52650,2041050.21,276
NSE,SREEL,INE099F01013,BE,291.74,295.00,282.00,287.59,288.86,18887,5440737.85,241
NSE,SRF,INE647A01010,EQ,2450.30,2502.10,2450.30,2472.50,2420.10,292029,724994928.00,31766
NSE,SRGHFL,INE559N01010,EQ,135.10,144.60,135.10,136.40,138.70,16267,2273148.90,244
NSE,SRHHYPOLTD,INE917H01012,EQ,581.35,583.45,563.00,563.90,575.50,17963,10241909.90,1173
NSE,SRIKPRIND,INE009C01019,BE,26.11,28.00,26.11,26.25,27.48,1518,40860.60,33
NSE,SRM,INE0R6Z01013,EQ,413.00,416.90,400.75,404.40,408.25,42098,17217032.95,2242
NSE,SRTL,INE19GK01015,EQ,37.75,37.75,36.63,37.26,37.35,7793,289801.15,267
NSE,SSDL,INE0PQ101010,EQ,80.88,80.88,74.30,75.81,83.92,224216,17303411.57,2645
NSE,SSRETAIL,INE1EQW01028,EQ,756.05,761.60,725.30,749.50,746.85,13357301,9919129303.25,286361
NSE,SSWL,INE802C01033,EQ,405.40,413.75,403.20,408.10,400.65,1299841,530190445.00,40586
NSE,STALLION,INE0RYC01010,BE,221.10,230.55,221.10,230.55,219.58,312277,71313867.12,2493
NSE,STANLEY,INE01A001028,EQ,136.34,141.99,135.25,136.31,137.58,136853,18786623.99,2776
NSE,STAR,INE939A01011,EQ,1167.00,1174.50,1110.00,1120.00,1172.60,447494,506091852.20,40952
NSE,STARCEMENT,INE460H01021,EQ,179.67,183.15,179.08,181.96,178.10,123938,22551447.12,5552
NSE,STARHEALTH,INE575P01011,EQ,538.10,542.80,531.35,534.65,538.10,240982,129412042.95,26553
NSE,STARPAPER,INE733A01018,EQ,153.06,158.00,150.03,152.52,153.03,6486,1005183.52,169
NSE,STARTECK,INE992I01013,EQ,334.80,334.80,301.90,306.95,335.40,7138,2231416.50,511
NSE,STCINDIA,INE655A01013,EQ,108.99,112.00,108.10,109.14,106.98,20049,2200359.89,592
NSE,STEAMHOUSE,INE0FRO01022,EQ,111.40,113.85,110.30,110.94,110.86,3547240,397305316.12,24385
NSE,STEELCAS,INE124E01038,EQ,372.80,380.10,366.10,377.20,371.80,169841,63658356.75,5189
NSE,STEELCITY,INE395H01011,EQ,82.11,82.78,80.73,81.35,82.18,3777,308801.21,117
NSE,STEELXIND,INE503B01021,EQ,11.20,11.74,11.20,11.42,11.19,7015322,80752213.02,6506
NSE,STEL,INE577L01016,EQ,615.40,622.00,561.25,570.10,597.95,11379,6628246.70,1492
NSE,STERTOOLS,INE334A01023,EQ,221.98,229.80,215.00,218.31,221.24,18805,4198958.35,725
NSE,STLNETWORK,INE1VXE01018,EQ,51.93,51.93,48.48,48.97,49.46,26400187,1354059390.35,36566
NSE,STLSTRINF,INE205F01016,EQ,23.01,24.44,22.12,22.25,23.00,7368,168128.87,93
NSE,STLTECH,INE089C01029,BE,909.90,909.90,909.90,909.90,866.60,1691349,1538958455.10,9224
NSE,STOVEKRAFT,INE00IN01015,EQ,809.60,823.80,791.10,794.95,813.65,70280,56362413.20,5291
NSE,STUDDS,INE00Q601028,EQ,398.50,404.00,389.45,393.85,395.65,55228,21825538.20,4812
NSE,STYL,INE04VU01023,EQ,372.15,377.80,368.20,369.95,368.80,48584,18018809.10,3177
NSE,STYLAMIND,INE239C01020,EQ,3317.20,3348.00,3287.70,3308.70,3336.40,14001,46527955.10,3956
NSE,STYLEBAAZA,INE01FR01028,EQ,409.00,409.00,384.75,384.75,405.00,1886372,732116781.10,10513
NSE,STYRENIX,INE189B01011,EQ,2001.00,2044.60,1993.40,2015.50,2000.80,21522,43364238.70,3424
NSE,SUBEXLTD,INE754A01055,EQ,20.60,20.89,19.60,19.73,20.35,10266212,207133979.41,20014
NSE,SUBROS,INE287B01021,EQ,702.20,710.45,693.00,699.35,702.20,18044,12685727.75,1845
NSE,SUDARCOLOR,INE492A01029,EQ,380.90,390.00,375.00,376.95,383.70,2873,1096172.20,361
NSE,SUDARSCHEM,INE659A01023,EQ,1203.80,1241.60,1195.00,1203.90,1197.30,406263,491650398.60,20582
NSE,SUDEEPPHRM,INE0QPI01025,EQ,1195.10,1249.80,1181.50,1205.80,1195.20,176078,215439472.30,14162
NSE,SUKHJITS,INE450E01029,EQ,158.01,158.62,155.05,156.42,157.95,5663,890164.32,182
NSE,SULA,INE142Q01026,EQ,132.00,134.67,132.00,133.30,131.77,137957,18384729.02,3224
NSE,SUMEDHA,INE886B01012,EQ,44.50,46.90,44.00,45.48,43.63,1311,59532.05,96
NSE,SUMEETINDS,INE235C01036,EQ,11.45,11.66,10.71,10.92,11.20,833546,9245219.94,1631
NSE,SUMICHEM,INE258G01013,EQ,430.00,445.90,430.00,433.25,431.15,261894,114341176.75,16891
NSE,SUMIT,INE748Z01013,EQ,49.97,52.00,49.00,49.59,49.97,12830,635160.46,150
NSE,SUMMITSEC,INE519C01017,EQ,1330.40,1336.40,1305.00,1318.90,1322.60,2412,3178197.10,473
NSE,SUNCLAY,INE0Q3R01026,EQ,1239.70,1249.20,1225.00,1228.90,1231.50,4681,5760485.00,388
NSE,SUNDARAM,INE108E01023,EQ,1.10,1.12,1.05,1.09,1.10,613063,671387.95,371
NSE,SUNDARMFIN,INE660A01013,EQ,4325.00,4407.80,4315.00,4355.00,4334.80,54266,236271456.00,16194
NSE,SUNDRMBRAK,INE073D01013,EQ,684.00,684.00,672.60,676.05,671.75,396,268275.40,51
NSE,SUNDRMFAST,INE387A01021,EQ,1146.40,1159.00,1135.00,1139.30,1143.20,74514,85280888.50,9479
NSE,SUNDROP,INE209A01019,EQ,758.25,761.90,740.00,745.20,750.75,6739,5017857.75,502
NSE,SUNFLAG,INE947A01014,EQ,465.00,471.00,447.60,456.05,464.30,624779,287042802.75,15258
NSE,SUNLOC,INE671C01016,EQ,74.80,74.80,68.70,68.80,68.00,336,24367.42,18
NSE,SUNPHARMA,INE044A01036,EQ,1861.30,1863.60,1814.20,1816.60,1865.00,2401495,4401163518.80,111724
NSE,SUNRAKSHAK,INE671K01027,EQ,365.90,367.40,355.05,358.90,365.60,12756,4652142.85,225
NSE,SUNSHIEL,INE199E01014,EQ,1094.80,1114.60,1034.80,1054.00,1087.50,15883,16857100.20,1251
NSE,SUNSHINE,INE1B3O01011,EQ,447.95,467.00,443.30,453.65,445.05,290474,132416815.45,5698
NSE,SUNTECK,INE805D01034,EQ,278.60,284.00,276.00,277.40,280.30,67009,18782789.05,2657
NSE,SUNTV,INE424H01027,EQ,555.00,663.90,554.05,605.00,553.25,34672457,21547292114.65,550809
NSE,SUPERHOUSE,INE712B01010,EQ,161.70,164.49,159.22,160.05,159.90,3513,566855.18,138
NSE,SUPERSPIN,INE662A01027,BE,7.70,8.08,7.50,7.71,7.70,30674,243078.91,49
NSE,SUPRAJIT,INE399C01030,EQ,495.00,495.00,479.00,481.20,492.10,43215,20896126.60,4276
NSE,SUPREME,INE822E01011,EQ,29.84,30.89,29.48,30.42,29.77,12129,367090.92,148
NSE,SUPREMEIND,INE195A01028,EQ,3462.00,3545.00,3446.10,3451.00,3445.80,139486,487632633.10,17361
NSE,SUPREMEINF,INE550H01011,EQ,84.75,84.75,73.15,73.90,77.83,95895,7324127.58,2111
NSE,SUPRIYA,INE07RO01027,EQ,995.25,995.95,945.20,950.25,985.05,229715,220609893.90,16934
NSE,SUPTANERY,INE460D01038,BE,8.70,8.79,8.42,8.48,8.86,210580,1790112.32,626
NSE,SURAJEST,INE843S01025,EQ,209.00,214.82,203.24,207.69,209.06,91950,19092716.36,1599
NSE,SURAJLTD,INE713C01016,EQ,196.00,196.00,195.00,195.00,193.14,7,1366.00,5
NSE,SURAKSHA,INE877V01027,EQ,356.00,357.60,350.10,355.40,355.05,121095,42919196.95,4336
NSE,SURANASOL,INE272L01022,EQ,24.40,25.00,24.25,24.87,24.51,18686,460748.54,269
NSE,SURANAT&P,INE130B01031,EQ,16.20,16.20,15.81,15.84,15.87,15359,244132.27,172
NSE,SURYALA,INE132C01027,EQ,380.00,385.00,376.35,377.00,376.65,350,132673.15,44
NSE,SURYALAXMI,INE713B01026,EQ,58.85,60.40,58.00,58.80,56.63,6614,393015.33,90
NSE,SURYAROSNI,INE335A01020,EQ,220.75,225.50,220.74,221.37,220.75,298508,66618653.27,6366
NSE,SURYODAY,INE428Q01011,EQ,144.68,147.56,144.15,145.16,144.68,143795,20985070.95,2500
NSE,SUTLEJTEX,INE645H01027,BE,36.55,38.23,36.55,37.50,36.41,24675,940358.83,134
NSE,SUVEN,INE495B01038,EQ,326.00,328.50,315.60,320.20,324.75,402663,129901107.80,9278
NSE,SUVIDHAA,INE018401013,EQ,2.10,2.21,2.04,2.09,2.09,104823,219070.65,295
NSE,SUYOG,INE442P01014,EQ,710.00,725.00,670.00,695.10,689.95,70242,49142264.85,3459
NSE,SUZLON,INE040H01021,EQ,39.51,39.99,39.20,39.49,39.50,47026942,1861807360.57,110303
NSE,SVGLOBAL,INE159L01013,EQ,143.19,146.50,135.11,137.18,143.20,1595,224021.13,74
NSE,SVLL,INE00CE01017,EQ,813.50,835.05,805.00,805.80,813.35,2386,1955495.10,99
NSE,SVPGLOB,INE308E01029,EQ,3.16,3.30,3.00,3.13,3.15,23663,72275.39,94
NSE,SWANCORP,INE665A01038,EQ,283.95,288.70,279.40,280.20,284.05,919733,259886836.75,12396
NSE,SWANDEF,INE542F01020,BE,2715.00,2791.20,2663.00,2756.60,2704.40,19651,53849919.90,1071
NSE,SWARAJ,INE0GMR01016,BE,379.00,391.85,365.00,388.60,373.20,66614,25435173.35,570
NSE,SWARAJENG,INE277A01016,EQ,3550.00,3583.60,3501.00,3546.20,3548.20,4835,17132888.60,1240
NSE,SWARNSAR,INE967A01012,EQ,41.29,41.94,39.10,39.96,41.29,3258,130310.13,47
NSE,SWASTIKAIN,INE1QJA01015,BE,200.00,210.00,200.00,210.00,185.00,3274663,665946088.61,22317
NSE,SWELECTES,INE409B01013,EQ,586.95,616.65,580.00,597.90,582.65,44503,26829318.05,2879
NSE,SWIGGY,INE00H001014,EQ,255.95,257.00,250.00,250.10,253.70,9125415,2303451773.00,60584
NSE,SWISSMLTRY,INE010C01025,BE,14.23,14.28,13.75,13.88,13.95,53388,746161.88,401
NSE,SWSOLAR,INE00M201021,EQ,170.75,177.60,170.10,171.18,171.08,1116546,193519945.31,14229
NSE,SYMBIOTEC,INE899I01028,EQ,1158.00,1196.80,1138.20,1176.75,1144.20,2016189,2369784601.45,100904
NSE,SYMPHONY,INE225D01027,EQ,580.15,590.00,576.10,582.45,580.40,18960,11010849.25,1793
NSE,SYNCOMF,INE312C01025,EQ,27.49,27.49,24.50,25.08,26.18,99577808,2533028424.46,210558
NSE,SYNGENE,INE398R01022,EQ,367.20,373.30,363.10,365.30,367.20,345192,126911968.90,21324
NSE,SYRMA,INE0DYJ01015,EQ,1686.00,1820.00,1686.00,1782.90,1692.60,3788979,6745343101.10,174596
NSE,SYSTMTXC,INE356B01024,BE,75.90,75.90,75.01,75.46,75.46,3567,269544.62,15
NSE,TAALTECH,INE524T01029,EQ,1053.60,1057.90,990.10,1001.00,1044.40,28224,28696356.80,3223
NSE,TAINWALCHM,INE123C01018,EQ,209.99,209.99,204.00,205.19,205.36,1091,223957.47,37
NSE,TAJGVK,INE586B01026,EQ,316.55,327.70,314.80,320.20,316.55,36962,11844861.75,1950
NSE,TAKE,INE142I01023,EQ,13.31,14.59,13.31,13.31,14.01,843488,11330378.19,868
NSE,TALBROAUTO,INE187D01029,EQ,432.90,440.45,426.80,429.85,433.20,126449,54642742.95,5220
NSE,TAMBOLIIN,INE864J01012,BE,299.90,305.00,291.35,294.70,292.15,1034,310094.15,34
NSE,TANAA,INE692C01020,EQ,334.00,355.00,332.50,338.55,335.00,40704,14018166.00,1705
NSE,TANLA,INE483C01032,EQ,491.85,503.00,490.35,492.15,490.65,265486,131897357.65,11596
NSE,TARACHAND,INE555Z01020,EQ,48.00,48.00,46.53,47.72,47.27,42702,2023839.79,1784
NSE,TARAPUR,INE747K01017,EQ,12.60,12.60,12.00,12.16,12.03,12032,146268.49,110
NSE,TARC,INE0EK901012,EQ,128.00,128.29,125.26,125.96,127.02,140774,17799457.56,2811
NSE,TARIL,INE763I01026,EQ,274.85,278.00,268.00,270.10,272.85,783795,213898659.95,21051
NSE,TARMAT,INE924H01018,EQ,57.03,61.00,55.50,59.40,57.03,48224,2826721.16,512
NSE,TARSONS,INE144Z01023,EQ,330.35,334.00,319.95,320.30,330.35,121512,39718551.65,3963
NSE,TASTYBITE,INE488B01017,EQ,9703.00,9759.00,9415.00,9487.00,9611.00,1318,12625376.00,524
NSE,TATACAP,INE976I01016,EQ,331.35,331.35,324.80,327.95,331.35,1709693,559241942.90,52892
NSE,TATACHEM,INE092A01019,EQ,615.00,628.75,610.20,611.45,613.85,1113198,688260951.05,28600
NSE,TATACOMM,INE151A01013,EQ,1640.10,1668.10,1640.10,1656.20,1654.70,137552,227927305.60,19861
NSE,TATACONSUM,INE192A01025,EQ,966.00,968.10,949.50,949.50,967.70,1708408,1641796243.90,67909
NSE,TATAELXSI,INE670A01012,EQ,3150.00,3203.00,3085.00,3088.90,3211.70,356864,1120898789.00,37533
NSE,TATAINVEST,INE672A01026,EQ,630.00,636.00,616.15,620.05,625.45,313002,195781772.80,18708
NSE,TATAPOWER,INE245A01021,EQ,357.95,362.05,356.55,359.00,359.00,5401745,1942198550.05,62988
NSE,TATASTEEL,INE081A01020,EQ,189.00,189.55,184.30,184.30,188.00,32381754,6058865328.54,245993
NSE,TATATECH,INE142M01025,EQ,686.75,719.75,686.75,707.50,686.75,891561,631653895.80,48962
NSE,TATVA,INE0GK401011,EQ,1811.90,1825.00,1776.10,1784.20,1806.40,55095,99435119.20,9669
NSE,TBOTEK,INE673O01025,EQ,1670.50,1729.90,1660.00,1685.20,1684.70,446861,760685070.00,19757
NSE,TBZ,INE760L01018,BE,625.80,651.00,620.10,635.05,625.80,175552,112447045.20,3146
NSE,TCC,INE887D01024,EQ,50.10,54.55,48.15,49.93,50.09,2215816,114810909.51,14402
NSE,TCI,INE688A01022,EQ,874.00,884.90,863.85,872.50,868.70,148301,129457532.25,10946
NSE,TCIEXP,INE586V01016,EQ,533.10,552.00,508.60,521.65,531.85,794380,424337181.55,26171
NSE,TCIFINANCE,INE911B01018,EQ,14.98,14.98,14.50,14.78,14.48,8014,118074.51,46
NSE,TCPLPACK,INE822C01015,EQ,4117.40,4179.20,4050.00,4102.60,4117.40,5095,20908611.20,1317
NSE,TCS,INE467B01029,EQ,2069.00,2101.00,2050.60,2050.60,2032.40,3656425,7578320461.10,124004
NSE,TDPOWERSYS,INE419M01035,EQ,783.00,801.00,770.15,786.05,777.35,2612869,2061637422.50,110713
NSE,TEAMGTY,INE289C01025,EQ,235.00,235.01,235.00,235.00,235.00,165,38775.10,10
NSE,TEAMLEASE,INE985S01024,EQ,1148.60,1159.90,1131.50,1148.60,1148.60,9039,10349864.00,2936
NSE,TECHM,INE669C01036,EQ,1524.60,1559.50,1518.00,1524.00,1510.50,2794174,4289289869.40,81207
NSE,TECHNOCRAF,INE1D0W01018,EQ,482.50,487.10,470.50,476.55,480.85,677585,325371212.85,14831
NSE,TECHNOE,INE285K01026,EQ,1006.20,1027.35,1001.50,1008.75,1010.15,133810,135702797.90,12662
NSE,TECHNVISN,INE314H01012,EQ,3896.50,4090.00,3702.00,3961.50,3896.50,417,1620825.50,90
NSE,TECILCHEM,INE014B01011,EQ,9.20,9.46,8.75,9.02,9.21,6287,57036.31,61
NSE,TEGA,INE011K01018,EQ,2080.20,2198.00,2062.60,2106.70,2060.60,1493714,3197329990.10,89628
NSE,TEJASNET,INE010J01012,EQ,488.50,496.90,482.25,486.20,490.40,935883,458701993.35,29209
NSE,TEMBO,INE869Y01028,EQ,58.00,58.56,57.05,57.67,57.99,736216,42569883.21,4296
NSE,TEMPSENS,INE1KZI01025,EQ,529.65,537.95,523.00,526.75,529.30,700380,370850692.50,23413
NSE,TENNIND,INE19RI01016,EQ,514.50,516.75,506.25,508.25,508.60,502623,257590664.15,41267
NSE,TERAI,INE390D01011,EQ,115.75,117.00,114.00,116.75,115.80,118,13502.25,10
NSE,TERASOFT,INE482B01010,EQ,210.00,215.95,204.00,207.20,209.25,33412,6956576.55,1870
NSE,TEXINFRA,INE435C01024,EQ,115.13,125.00,115.13,119.41,115.54,649299,78911189.08,9172
NSE,TEXMOPIPES,INE141K01013,EQ,52.75,58.59,52.75,55.08,53.72,182461,10247406.25,2930
NSE,TEXRAIL,INE621L01012,EQ,125.75,135.40,125.75,131.73,125.67,16021545,2123025045.71,123900
NSE,TFCILTD,INE305A01023,EQ,139.10,148.50,139.10,141.91,138.92,31904742,4608440055.12,98196
NSE,TFL,INE804H01012,EQ,11.89,12.19,11.62,11.63,11.64,2612,30731.41,21
NSE,TGBHOTELS,INE797H01018,EQ,9.48,10.24,9.10,9.60,9.13,33333,313873.64,195
NSE,TGVSL,INE284B01028,EQ,123.60,125.00,120.00,121.48,122.47,424592,51803051.58,4448
NSE,THACKER,INE077P01034,EQ,997.00,997.00,910.00,954.30,996.80,218,203258.10,30
NSE,THAKDEV,INE403F01017,EQ,135.00,135.00,135.00,135.00,135.00,223,30105.00,2
NSE,THANGAMAYL,INE085J01014,EQ,5210.50,5240.00,5050.00,5062.00,5204.50,38301,196369329.50,11129
NSE,THEINVEST,INE924D01017,EQ,92.34,94.74,91.25,93.45,90.53,3646,337791.72,183
NSE,THEJO,INE121N01019,EQ,2113.90,2226.80,2100.20,2175.40,2110.30,11455,24884429.30,2020
NSE,THELEELA,INE0AQ201015,EQ,532.00,586.95,532.00,573.80,533.60,1251659,716128448.30,49785
NSE,THEMISMED,INE083B01024,EQ,120.90,122.19,115.25,116.46,119.95,468486,54697617.44,1409
NSE,THERMAX,INE152A01029,EQ,3280.00,3424.50,3276.00,3392.20,3291.00,406098,1374986331.70,42055
NSE,THOMASCOOK,INE332A01027,EQ,103.03,104.58,102.00,102.39,103.92,582675,60099375.18,6782
NSE,THOMASCOTT,INE480M01011,EQ,255.00,276.40,240.85,267.35,250.35,115936,30298513.65,2863
NSE,THYROCARE,INE594H01019,EQ,547.00,550.60,532.70,534.15,547.10,237351,127956573.10,15956
NSE,TI,INE133E01013,EQ,551.00,565.30,536.25,540.65,550.85,864319,469674973.45,29914
NSE,TICL,INE388G01026,BE,7.42,7.42,7.42,7.42,7.07,17843,132395.06,33
NSE,TIGERLOGS,INE906O01029,EQ,26.94,27.00,25.80,26.25,26.17,123268,3240612.97,941
NSE,TIIL,INE545H01011,EQ,2950.00,2985.10,2862.30,2900.90,2926.40,29702,87247452.60,6007
NSE,TIINDIA,INE974X01010,EQ,2419.40,2449.60,2373.20,2375.00,2413.00,690294,1653446363.10,44907
NSE,TIJARIA,INE440L01017,BE,6.57,6.86,6.25,6.60,6.54,106200,694034.30,230
NSE,TIL,INE806C01018,BE,249.25,259.00,247.50,252.69,249.03,72482,18301834.33,444
NSE,TIMETECHNO,INE508G01029,EQ,183.75,188.40,181.41,182.36,183.92,3950098,731548942.64,24546
NSE,TIMEX,INE064A01026,EQ,729.10,746.40,713.20,719.55,729.10,317889,231303865.90,17200
NSE,TIMKEN,INE325A01013,EQ,3116.60,3145.00,3075.00,3136.00,3086.20,76082,236964309.10,17223
NSE,TINNARUBR,INE015C01016,EQ,954.00,977.55,941.50,952.10,955.20,24523,23554711.00,2698
NSE,TIPSFILMS,INE0LQS01015,EQ,348.95,348.95,306.35,318.25,339.55,24583,7849248.80,1490
NSE,TIPSMUSIC,INE716B01029,EQ,649.00,663.00,648.95,657.85,647.20,184367,121133022.50,8893
NSE,TIRUMALCHM,INE338A01024,EQ,152.70,155.83,150.74,151.39,152.39,243364,37231712.94,4678
NSE,TIRUPATIFL,INE319Y01024,BE,76.69,76.69,76.69,76.69,75.19,333265,25558092.85,484
NSE,TITAGARH,INE615H01020,EQ,819.30,850.90,814.10,818.15,819.35,933675,777234877.15,42362
NSE,TITAN,INE280A01028,EQ,4683.00,4698.00,4587.00,4587.00,4675.00,927060,4292462229.50,77841
NSE,TMB,INE668A01016,EQ,861.25,878.20,861.25,871.30,863.55,119178,103836253.30,16567
NSE,TMCV,INE1TAE01010,EQ,430.15,438.15,418.70,421.65,430.15,10915749,4636539580.50,212660
NSE,TMPV,INE155A01022,EQ,281.00,287.05,280.10,283.50,280.95,11539983,3274458637.20,107404
NSE,TNPETRO,INE148A01019,EQ,125.77,129.99,123.15,124.08,125.67,945747,119556304.31,12734
NSE,TNPL,INE107A01015,EQ,150.62,152.90,149.75,150.61,151.80,68064,10293072.58,2169
NSE,TNTELE,INE141D01018,EQ,13.11,13.20,12.84,12.84,14.26,217122,2823686.58,569
NSE,TOKYOPLAST,INE932C01012,EQ,73.50,74.90,71.01,73.20,73.50,1509,110188.37,31
NSE,TOLINS,INE0RWQ01014,EQ,86.15,88.49,85.01,85.86,86.21,41099,3561969.06,1021
NSE,TORNTPHARM,INE685A01028,EQ,4935.00,4935.00,4786.00,4800.00,4894.00,397999,1920774704.50,33549
NSE,TORNTPOWER,INE813H01021,EQ,1230.00,1256.40,1230.00,1245.90,1220.20,187402,232952351.90,29924
NSE,TOTAL,INE336X01012,BE,71.90,72.00,68.12,69.54,71.38,3994,282887.46,34
NSE,TOUCHWOOD,INE486Y01013,EQ,59.01,60.00,57.00,59.22,59.99,2223,129955.09,111
NSE,TOYAMSL,INE457P01020,EQ,0.72,0.75,0.71,0.72,0.74,2003449,1443898.96,543
NSE,TPHQ,INE065J01024,BE,0.52,0.52,0.49,0.50,0.51,1294657,652842.21,288
NSE,TPLPLASTEH,INE413G01022,EQ,68.67,78.00,68.00,71.14,65.26,2013255,147046218.17,15645
NSE,TRACXN,INE0HMF01019,EQ,32.55,33.20,32.16,32.91,32.94,152016,4988188.99,6469
NSE,TRANSCOR,INE330E01023,EQ,23.74,25.00,23.52,24.22,23.85,10425,253699.03,196
NSE,TRANSPEK,INE687A01016,BE,1352.50,1352.50,1320.90,1340.20,1352.50,635,846983.80,33
NSE,TRANSRAILL,INE454P01035,EQ,448.80,498.00,448.80,476.40,451.65,6739028,3254351937.40,176146
NSE,TRANSWORLD,INE757B01015,BE,161.50,162.99,160.30,162.00,163.00,6816,1097833.74,41
NSE,TRAVELFOOD,INE103V01028,EQ,1196.60,1208.30,1184.00,1200.30,1196.60,28635,34254264.50,3909
NSE,TREEHOUSE,INE040M01013,EQ,5.81,5.99,5.72,5.78,5.81,28154,164026.68,83
NSE,TREJHARA,INE00CA01015,EQ,141.50,141.50,136.69,138.84,135.70,10186,1418761.07,425
NSE,TREL,INE0O3901029,EQ,28.80,29.90,27.87,28.89,28.40,205678,5940353.92,5621
NSE,TRENT,INE849A01020,EQ,2651.10,2669.90,2618.00,2621.60,2635.00,785465,2069639495.00,49243
NSE,TRF,INE391D01019,EQ,207.75,209.00,196.55,197.82,202.90,18651,3778659.64,911
NSE,TRIDENT,INE064C01022,EQ,22.49,22.79,22.35,22.44,22.49,2060666,46561279.51,13119
NSE,TRIGYN,INE948A01012,EQ,53.80,54.44,52.50,53.10,53.03,15509,833764.73,315
NSE,TRITONV,INE440G01017,EQ,1087.50,1099.90,1076.10,1083.80,1075.40,476,518797.00,144
NSE,TRITURBINE,INE152M01016,EQ,542.00,548.45,537.70,539.40,543.55,332296,180481933.30,39988
NSE,TRIVENI,INE256C01024,EQ,239.90,243.50,235.00,235.70,239.15,310906,73884515.55,11555
NSE,TRU,INE615R01029,EQ,4.02,4.16,4.02,4.10,4.06,25979,106128.48,83
NSE,TRUALT,INE0MWH01014,EQ,458.40,472.50,447.05,468.65,458.40,396825,182666375.50,7757
NSE,TSFINV,INE202Z01029,EQ,422.00,434.80,415.90,417.15,421.45,59183,25020267.50,3380
NSE,TTKHLTCARE,INE910C01018,EQ,1041.30,1050.60,1012.60,1023.00,1033.70,7751,8024760.10,1251
NSE,TTKPRESTIG,INE690A01028,EQ,529.50,536.15,513.20,515.85,533.75,51023,26640465.05,4858
NSE,TTL,INE592B01024,EQ,7.70,8.44,7.35,8.07,7.71,1258014,9829642.57,991
NSE,TTML,INE517B01013,EQ,34.86,35.67,34.02,34.30,35.18,3429419,119270269.08,14969
NSE,TURTLEMINT,INE0OC301013,EQ,79.00,82.00,75.60,76.44,79.52,2617903,206086148.23,17922
NSE,TUTIALKA,INE400A01014,EQ,55.80,56.00,54.00,54.40,54.74,2819,154269.71,81
NSE,TVSELECT,INE236G01019,EQ,372.05,440.55,371.15,416.15,374.30,2795681,1179452722.30,64019
NSE,TVSHLTD,INE105A01035,EQ,12300.00,12450.00,12045.00,12107.00,12298.00,8540,104642508.00,3610
NSE,TVSMOTOR,INE494B01023,EQ,4100.00,4174.70,4084.10,4106.00,4091.10,605529,2501962633.80,46144
NSE,TVSSCS,INE395N01027,EQ,131.00,134.40,130.05,130.57,131.30,488937,64253177.34,10476
NSE,TVSSRICHAK,INE421C01016,EQ,4466.50,4520.00,4402.50,4437.50,4435.00,4983,22233862.50,1434
NSE,TVTODAY,INE038F01029,EQ,106.00,106.00,103.30,104.19,103.84,13484,1405962.13,625
NSE,TVVISION,INE871L01013,BE,2.82,2.85,2.68,2.68,2.82,41298,110956.39,89
NSE,UBL,INE686F01025,EQ,1210.30,1213.80,1151.00,1158.10,1210.20,322312,377674642.50,28841
NSE,UCAL,INE139B01016,BE,139.00,142.45,139.00,140.15,139.00,5043,709210.14,76
NSE,UCOBANK,INE691A01018,EQ,23.05,23.50,23.05,23.28,23.05,2802505,65457471.24,14748
NSE,UDAYJEW,INE551B01012,EQ,177.90,177.90,165.19,166.94,168.37,13109,2212454.01,530
NSE,UDS,INE851I01011,EQ,209.00,211.92,205.27,208.57,207.79,59154,12314046.17,1897
NSE,UEL,INE899L01030,EQ,186.50,189.40,182.01,184.92,184.75,12717,2363339.54,668
NSE,UFBL,INE382M01027,BE,666.70,700.00,642.20,678.80,674.15,31677,21211215.50,1117
NSE,UFLEX,INE516A01017,EQ,656.00,671.00,652.00,657.85,647.70,159191,105421180.45,7141
NSE,UFO,INE527H01019,EQ,59.98,59.98,58.00,58.12,58.93,11186,654735.14,463
NSE,UGARSUGAR,INE071E01023,BE,56.50,60.00,55.90,57.26,57.81,301755,17268529.29,1160
NSE,UGROCAP,INE583D01011,EQ,81.67,84.56,81.15,83.68,81.07,277232,23085457.57,2711
NSE,UJJIVANSFB,INE551W01018,EQ,65.98,68.30,65.70,67.50,65.26,28889413,1945550400.18,67741
NSE,ULTRACEMCO,INE481G01011,EQ,10829.00,10971.00,10800.00,10956.00,10829.00,257558,2810437652.00,35938
NSE,ULTRAMAR,INE405A01021,EQ,420.00,428.95,408.10,409.40,418.50,1302805,540512483.20,12985
NSE,UMAEXPORTS,INE0GIU01018,BE,22.06,22.06,21.62,21.62,22.06,7137,156025.02,36
NSE,UMESLTD,INE240C01028,EQ,4.69,4.69,4.15,4.49,4.41,22388,99717.74,134
NSE,UMIYA-MRO,INE398B01018,EQ,94.00,95.94,92.01,93.16,94.80,21344,2003531.07,224
NSE,UNICHEMLAB,INE351A01035,EQ,569.00,579.20,542.10,545.50,568.40,217861,121742280.80,11737
NSE,UNIDT,INE961D01019,EQ,231.00,236.00,220.50,222.06,229.83,43999,9932214.83,1513
NSE,UNIECOM,INE00U401027,EQ,82.89,84.50,82.25,83.90,82.45,194948,16251343.28,1972
NSE,UNIENTER,INE037A01022,EQ,91.10,91.10,88.67,88.75,89.01,5499,488872.43,98
NSE,UNIINFO,INE481Z01011,EQ,11.03,11.35,10.61,10.94,11.08,1270,14002.40,25
NSE,UNIMECH,INE0U3I01011,EQ,1721.00,1753.90,1705.10,1724.00,1675.00,274093,474451431.30,31905
NSE,UNIONBANK,INE692A01016,EQ,169.98,172.60,169.95,171.00,166.00,16921657,2901554106.45,79629
NSE,UNIPARTS,INE244O01017,EQ,849.00,859.00,829.55,836.00,843.55,63990,53985940.45,7209
NSE,UNITDSPR,INE854D01024,EQ,1371.00,1376.50,1337.60,1354.00,1363.00,976345,1320786464.70,38804
NSE,UNITECH,INE694A01020,EQ,3.95,3.99,3.90,3.96,3.92,3132347,12388709.07,1805
NSE,UNITEDPOLY,INE368U01029,EQ,46.93,47.56,46.26,47.47,46.87,555562,26226376.01,1315
NSE,UNITEDTEA,INE458F01011,EQ,405.20,433.75,405.20,427.90,421.60,313,132791.00,23
NSE,UNIVASTU,INE562X01013,BE,123.50,132.96,123.50,132.96,126.63,57992,7645281.40,332
NSE,UNIVCABLES,INE279A01012,EQ,1470.00,1484.00,1433.30,1443.00,1468.40,41248,60130232.40,4380
NSE,UNIVPHOTO,INE03V001013,BE,500.00,536.00,489.00,512.75,513.80,465,242319.95,38
NSE,UNOMINDA,INE405E01023,EQ,1159.10,1184.10,1159.10,1170.00,1162.00,527106,619306748.90,39435
NSE,UPL,INE628A01036,EQ,539.25,544.90,535.25,539.75,538.00,3114983,1684283432.35,41403
NSE,URAVIDEF,INE568Z01015,BE,105.00,106.50,105.00,105.05,104.55,335,35193.45,12
NSE,URBANCO,INE0CAZ01013,EQ,163.40,164.29,155.85,157.48,163.71,3304372,527338430.33,34438
NSE,URJA,INE550C01020,EQ,8.88,8.93,8.67,8.77,8.90,428412,3771150.39,2756
NSE,USHAMART,INE228A01035,EQ,498.95,505.35,493.50,498.65,498.90,808936,404719897.70,21121
NSE,USK,INE0N0Y01013,EQ,20.30,20.30,18.30,19.14,19.57,35344,673464.66,405
NSE,UTIAMC,INE094J01016,EQ,873.25,894.55,873.25,882.40,877.60,50373,44485465.20,7137
NSE,UTKARSHBNK,INE735W01017,EQ,13.97,14.00,13.68,13.76,13.91,4363721,60181446.63,4858
NSE,UTLSOLAR,INE12UR01024,EQ,403.00,410.15,396.90,398.45,407.70,205502,82725449.00,8839
NSE,UTTAMSUGAR,INE786F01031,EQ,291.00,300.50,286.90,288.40,290.80,153061,45137999.95,4514
NSE,UYFINCORP,INE152C01025,BE,21.80,21.80,21.80,21.80,20.77,415001,9047021.80,164
NSE,V2RETAIL,INE945H01021,EQ,210.09,210.94,207.11,208.74,209.43,821359,171497304.23,14496
NSE,VADILALIND,INE694D01016,EQ,7281.00,7494.50,7155.50,7253.00,7277.00,11949,86977208.50,3451
NSE,VADILENT,INE693D01018,EQ,10200.00,10200.00,10151.00,10151.00,10200.00,5,50872.00,3
NSE,VAIBHAVGBL,INE884A01027,EQ,203.25,209.38,203.25,204.32,202.89,184844,38155586.88,6504
NSE,VAISHALI,INE972X01022,EQ,8.75,8.99,8.31,8.35,8.39,199730,1693045.99,371
NSE,VAKRANGEE,INE051B01021,EQ,5.15,5.24,5.05,5.14,5.18,1066328,5490472.63,1751
NSE,VALIANTLAB,INE0JWS01017,BE,122.76,127.88,121.25,126.23,122.19,92323,11623149.87,525
NSE,VALIANTORG,INE565V01010,EQ,409.95,467.00,407.00,455.10,404.60,606539,273556969.25,17460
NSE,VAML,INE1CDF01017,EQ,431.00,433.75,410.50,412.90,434.45,13904115,5798353831.95,203121
NSE,VARDHACRLC,INE116G01013,BE,44.24,44.49,43.27,43.64,44.24,16798,737092.93,110
NSE,VARDMNPOLY,INE835A01029,EQ,5.81,5.95,5.72,5.80,5.81,175113,1015655.74,328
NSE,VARMORA,INE0M5301040,EQ,145.00,147.67,136.54,139.65,152.19,11245606,1588761346.38,88623
NSE,VARROC,INE665L01035,EQ,837.30,867.00,834.00,862.95,837.40,266860,229239524.60,21504
NSE,VASCONEQ,INE893I01013,EQ,34.20,34.94,33.50,33.67,33.97,337424,11446056.87,2319
NSE,VASWANI,INE590L01019,EQ,45.58,45.58,44.47,44.57,44.51,8219,369199.21,79
NSE,VBL,INE200M01039,EQ,428.00,436.40,427.50,432.00,430.00,8815664,3818031205.70,70986
NSE,VCL,INE098201036,BE,1.22,1.32,1.20,1.31,1.26,2183545,2745490.62,434
NSE,VEDAVAAG,INE359B01010,EQ,22.06,22.96,21.81,22.24,22.06,43880,980085.36,2041
NSE,VEDL,INE205A01025,EQ,260.00,260.50,255.15,259.00,260.00,8639213,2232201123.35,73570
NSE,VEDPOWER,INE694L01019,EQ,34.25,34.30,32.70,32.84,34.25,17056090,566219284.61,155914
NSE,VEEDOL,INE484C01030,EQ,1344.10,1380.70,1344.10,1373.30,1356.50,8913,12179131.30,980
NSE,VEEGALAND,INE1JTV01015,BE,141.20,143.80,141.00,142.41,141.17,204231,29120576.76,1429
NSE,VELJAN,INE232E01013,BE,2083.00,2186.80,2020.00,2186.80,2082.70,2070,4432695.80,212
NSE,VENKEYS,INE398A01010,EQ,1639.90,1649.30,1571.10,1588.10,1633.00,31231,50219879.40,3701
NSE,VENTIVE,INE781S01027,EQ,559.00,574.55,557.00,558.40,559.85,9729,5450956.00,1502
NSE,VENUSPIPES,INE0JA001018,EQ,2197.00,2244.40,2135.50,2147.10,2195.80,125771,274283860.30,12398
NSE,VENUSREM,INE411B01019,EQ,1738.90,1796.10,1730.00,1796.10,1710.60,28419,50801105.30,877
NSE,VERANDA,INE0IQ001011,EQ,223.00,224.95,216.90,220.75,223.31,1426488,314523441.18,11348
NSE,VERTOZ,INE188Y01031,EQ,35.64,36.10,35.25,35.59,35.64,25530,912502.74,334
NSE,VESUVIUS,INE386A01023,EQ,404.95,453.80,403.75,424.20,400.20,8173574,3574040196.55,186705
NSE,VETO,INE918N01018,EQ,146.25,150.01,140.00,142.72,146.25,117752,17100922.82,3064
NSE,VGCL,INE761Q01015,EQ,49.50,49.50,47.00,48.66,47.50,4089,198278.91,21
NSE,VGL,INE273D01027,EQ,63.50,66.28,63.50,64.05,64.73,39842,2565066.70,343
NSE,VGUARD,INE951I01027,EQ,307.05,307.75,295.25,296.45,307.05,995389,299209627.10,19224
NSE,VHL,INE701A01023,EQ,3302.00,3430.00,3302.00,3400.80,3305.30,1023,3470412.10,205
NSE,VHLTD,INE048C01025,BE,132.10,132.10,129.40,129.66,130.38,3118,407871.49,44
NSE,VIDHIING,INE632C01026,EQ,359.90,364.80,346.05,357.60,359.40,22528,8034109.25,1137
NSE,VIDYAWIRES,INE14UN01029,EQ,94.23,96.90,93.42,94.41,93.54,1597875,152287890.72,13582
NSE,VIJAYA,INE043W01024,EQ,1486.30,1490.00,1435.00,1437.70,1475.00,71365,103508091.00,11868
NSE,VIJIFIN,INE159N01027,BE,15.46,15.46,15.46,15.46,15.77,368359,5694830.14,98
NSE,VIJSOLX,INE362D01010,EQ,628.65,647.00,622.45,625.10,649.30,232,145503.80,27
NSE,VIKASECO,INE806A01020,EQ,1.02,1.05,1.02,1.03,1.02,1096252,1137328.84,847
NSE,VIKASLIFE,INE161L01027,EQ,1.22,1.23,1.21,1.21,1.21,2060239,2510199.53,8138
NSE,VIKRAMSOLR,INE078V01014,EQ,161.00,162.28,160.00,160.01,160.05,1243665,199401244.00,10833
NSE,VIKRAN,INE01R501028,EQ,60.33,61.73,59.00,59.71,60.88,1472938,88801495.98,11487
NSE,VIMTALABS,INE579C01029,EQ,596.00,620.00,596.00,600.30,591.40,220346,133504676.50,9937
NSE,VINATIORGA,INE410B01037,EQ,1182.00,1192.80,1165.00,1168.30,1174.30,45076,52952551.10,6155
NSE,VINCOFE,INE498Q01014,EQ,182.50,187.30,179.00,179.96,182.56,817945,150195248.81,14262
NSE,VINDHYATEL,INE707A01012,EQ,2666.30,2788.70,2620.20,2662.90,2653.30,65292,176609030.20,7947
NSE,VINEETLAB,INE505Y01010,EQ,36.52,38.49,35.00,37.16,36.72,128547,4684407.25,909
NSE,VINNY,INE01KI01027,EQ,0.92,0.92,0.88,0.89,0.90,551566,494395.06,207
NSE,VINYLINDIA,INE250B01029,EQ,218.45,222.00,215.00,219.03,214.68,3507,767430.41,291
NSE,VIPCLOTHNG,INE450G01024,EQ,20.44,21.40,20.41,20.51,20.44,12182,251169.39,166
NSE,VIPIND,INE054A01027,EQ,293.00,297.00,289.05,290.95,293.20,167259,49032319.20,6187
NSE,VIPULLTD,INE946H01037,BE,11.00,11.83,11.00,11.00,11.36,832267,9393913.65,327
NSE,VIRAT,INE467D01017,EQ,364.95,374.20,333.00,339.20,340.20,25393,8989785.55,1562
NSE,VIRINCHI,INE539B01017,EQ,13.39,13.70,13.11,13.47,13.37,60617,816334.61,218
NSE,VIRTUALG,INE247C01023,BE,0.44,0.45,0.42,0.44,0.43,382994,170100.97,130
NSE,VISACHROME,INE286H01012,EQ,35.98,36.77,35.50,36.77,35.02,1439494,51851850.29,234
NSE,VISAKAIND,INE392A01021,BE,86.68,87.88,83.00,83.58,87.07,104474,8861918.49,622
NSE,VISHAL,INE755Q01025,EQ,18.45,18.45,17.52,17.66,17.92,15318,271882.89,198
NSE,VISHNU,INE270I01022,EQ,678.00,694.00,658.35,664.50,673.90,96048,64550022.70,5267
NSE,VISHWARAJ,INE430N01022,EQ,5.27,5.37,5.26,5.26,5.26,190214,1009056.52,428
NSE,VISL,INE1CLE01013,EQ,34.40,34.49,31.82,32.30,32.85,67267019,2267987843.83,60075
NSE,VITAL,INE0L4K01016,EQ,51.80,53.90,51.80,53.90,52.82,9302,500847.96,6
NSE,VIVIANA,INE0MEG01014,EQ,704.70,714.00,700.05,704.35,704.70,13835,9772280.75,1141
NSE,VIVIDHA,INE370E01029,EQ,0.52,0.53,0.51,0.51,0.52,265809,137658.88,136
NSE,VIVIMEDLAB,INE526G01021,BE,5.44,5.65,5.44,5.44,5.55,15749,85851.04,57
NSE,VIVOBIOT,INE380K01017,EQ,17.24,17.24,16.11,17.06,17.05,12331,204653.34,132
NSE,VIYASH,INE807F01027,EQ,238.80,242.50,235.05,235.80,238.05,1248944,297142410.75,16892
NSE,VLEGOV,INE03HW01020,EQ,10.25,10.55,9.86,9.99,10.20,169457,1705818.51,646
NSE,VLSFINANCE,INE709A01018,EQ,230.80,237.00,230.80,234.09,234.96,9330,2191241.87,336
NSE,VMART,INE665J01013,EQ,760.05,784.80,740.20,753.70,760.05,170425,128791521.80,17460
NSE,VMM,INE01EA01019,EQ,102.18,102.60,99.92,101.00,104.30,16476797,1660336660.07,76281
NSE,VMSTMT,INE0SJA01013,EQ,49.15,49.90,49.00,49.12,48.99,74544,3690416.90,496
NSE,VOEPL,INE0I0T01010,EQ,491.55,509.80,488.75,493.15,497.95,54039,26759461.10,2347
NSE,VOGL,INE704J01044,EQ,34.10,34.38,33.00,33.11,33.96,19780131,661714190.92,103911
NSE,VOITHPAPR,INE285C01015,EQ,1446.00,1465.00,1420.00,1449.90,1408.20,225,324158.50,53
NSE,VOLTAMP,INE540H01012,EQ,10601.00,10796.00,10462.00,10500.00,10624.00,16517,174114012.00,8756
NSE,VOLTAS,INE226A01021,EQ,1094.00,1097.80,1066.00,1070.00,1090.00,1028057,1112990312.50,33174
NSE,VPRPL,INE0AE001013,EQ,28.55,29.82,28.55,29.62,28.99,376950,11112788.32,1920
NSE,VRAJ,INE0S2V01010,EQ,123.10,126.14,123.10,123.85,125.16,8306,1035520.58,494
NSE,VRLLOG,INE366I01010,EQ,283.95,290.15,283.95,287.15,282.40,133472,38413853.70,4622
NSE,VSSL,INE050M01012,EQ,405.80,414.00,395.00,401.05,405.85,104397,41740257.80,4911
NSE,VSTIND,INE710A01016,EQ,203.00,204.40,202.40,203.16,202.96,81303,16540324.71,2475
NSE,VSTL,INE0QTF01015,EQ,110.90,114.00,110.51,112.09,110.81,5238,585791.87,320
NSE,VSTTILLERS,INE764D01017,EQ,4398.50,4421.10,4311.30,4390.00,4427.40,7416,32331203.30,2518
NSE,VTL,INE825A01020,EQ,531.65,542.70,524.65,534.60,529.55,615004,328683035.70,23753
NSE,VTMLTD,INE222F01029,EQ,41.49,42.00,38.50,38.88,39.93,74347,2941325.86,1786
NSE,WAAREEENER,INE377N01017,EQ,2390.00,2401.40,2364.90,2374.40,2380.00,402951,961026441.90,33321
NSE,WAAREEINDO,INE866K01023,EQ,214.40,215.00,205.55,209.95,210.65,89461,18904397.80,2748
NSE,WAAREERTL,INE299N01021,EQ,820.75,837.95,818.35,819.95,821.40,82105,67868800.85,8834
NSE,WABAG,INE956G01038,EQ,2077.90,2141.90,2051.00,2061.40,2093.80,394972,829319517.00,29478
NSE,WAKEFIT,INE0E7301029,EQ,144.06,144.93,140.80,143.82,144.06,215953,30972154.27,3422
NSE,WALCHANNAG,INE711A01022,EQ,204.40,210.84,199.10,200.24,203.24,460410,94133746.85,9294
NSE,WANBURY,INE107F01022,EQ,218.55,220.55,196.05,199.50,216.95,1016479,208358762.25,19334
NSE,WARDINMOBI,INE945P01024,EQ,5.64,5.64,5.41,5.45,5.49,275407,1508810.48,894
NSE,WATERBASE,INE054C01015,EQ,47.50,47.50,46.06,46.70,46.86,14225,663136.64,145
NSE,WCIL,INE0CJF01024,EQ,95.00,96.50,93.00,93.16,94.91,165294,15734359.85,1332
NSE,WEALTH,INE658T01017,EQ,899.95,920.00,865.00,907.85,887.50,2780,2488231.45,303
NSE,WEBELSOLAR,INE855C01023,EQ,70.40,73.07,70.32,70.56,70.62,914986,65305243.44,7657
NSE,WEIZMANIND,INE080A01014,EQ,71.25,71.25,70.86,70.88,70.86,1033,73258.37,23
NSE,WEL,INE02WG01024,EQ,71.85,73.84,71.81,72.63,72.57,224981,16363677.92,1559
NSE,WELCORP,INE191B01025,EQ,2802.00,2835.80,2700.90,2717.00,2842.00,1718055,4714433601.20,116570
NSE,WELENT,INE625G01013,EQ,741.00,764.40,740.00,742.70,744.30,169996,127703558.20,8349
NSE,WELINV,INE389K01018,BE,2428.00,2483.30,2428.00,2482.00,2435.00,30,73390.70,8
NSE,WELSPLSOL,INE731F01037,EQ,53.08,56.75,53.08,53.98,52.69,999336,55053204.48,7559
NSE,WELSPUNLIV,INE192B01031,EQ,225.45,232.49,225.01,227.33,225.21,3089710,707794269.16,35299
NSE,WENDT,INE274C01019,EQ,8371.00,8599.00,8270.00,8351.50,8395.00,6714,56680845.00,2092
NSE,WESTLIFE,INE274F01020,EQ,600.00,600.00,586.65,589.85,596.60,58873,34823185.45,8200
NSE,WEWIN,INE082W01014,EQ,48.50,51.50,48.50,50.81,48.10,18452,921352.55,136
NSE,WEWORK,INE085001019,EQ,674.70,674.70,658.30,660.45,667.15,116352,77181024.30,8670
NSE,WHBRADY,INE855A01019,EQ,491.00,491.00,491.00,491.00,491.00,1,491.00,1
NSE,WHEELS,INE715A01015,EQ,2239.80,2255.80,2177.50,2221.00,2204.00,134353,297304637.50,11125
NSE,WHIRLPOOL,INE716A01013,EQ,879.30,942.80,862.25,890.25,888.20,3226987,2927383669.05,111205
NSE,WILLAMAGOR,INE210A01017,EQ,24.00,24.00,22.01,22.99,22.31,8070,187362.22,104
NSE,WINDLAS,INE0H5O01029,EQ,1107.50,1139.90,1081.00,1091.30,1096.25,56202,62633617.20,5021
NSE,WINDMACHIN,INE052A01021,EQ,298.10,304.60,294.00,300.20,300.00,112850,33772484.90,1612
NSE,WIPL,INE215F01023,EQ,165.01,169.00,164.05,164.80,163.72,151,24861.33,18
NSE,WIPRO,INE075A01022,EQ,157.01,161.73,157.01,158.50,156.79,15966068,2549259844.27,107306
NSE,WOCKPHARMA,INE049B01025,EQ,2201.10,2213.60,2106.20,2116.30,2194.20,823461,1775840041.30,52427
NSE,WONDERLA,INE066O01014,EQ,498.00,506.40,498.00,500.30,501.45,25602,12844055.80,1697
NSE,WORTHPERI,INE196Y01018,EQ,146.80,148.50,143.00,146.02,144.85,9508,1386316.76,131
NSE,WPIL,INE765D01022,EQ,432.95,447.00,428.00,438.85,431.50,95293,42178019.85,3207
NSE,WSI,INE100D01014,EQ,55.62,56.55,53.98,54.04,55.62,43225,2363735.51,497
NSE,WSTCSTPAPR,INE976A01021,EQ,700.30,749.00,700.30,736.60,703.45,270128,198514415.60,17499
NSE,XCHANGING,INE692G01013,EQ,61.20,61.89,60.05,61.24,60.22,41413,2517830.85,622
NSE,XELPMOC,INE01P501012,EQ,88.00,88.00,79.00,80.24,85.53,40713,3374770.78,819
NSE,XPROINDIA,INE445C01015,EQ,1170.00,1181.90,1145.50,1161.90,1160.40,28334,33095327.10,3248
NSE,XTGLOBAL,INE547B01028,EQ,30.29,30.29,28.80,29.19,29.43,29401,858419.34,177
NSE,XTRANET,INE0NG701011,EQ,271.90,285.05,262.20,285.05,271.48,712037,197091452.52,11776
NSE,YASHO,INE616Z01012,EQ,4081.70,4098.00,3975.80,4005.40,4061.30,16391,65957484.10,3494
NSE,YATHARTH,INE0JO301016,EQ,1100.00,1106.00,1020.00,1032.50,1108.00,875912,918606872.40,63508
NSE,YATRA,INE0JR601024,EQ,102.39,104.29,99.10,99.89,101.37,669290,67924811.88,5948
NSE,YESBANK,INE528G01035,EQ,20.98,21.40,20.85,20.95,20.71,94081938,1988140727.36,80661
NSE,YOGI,INE290E01011,EQ,161.70,161.70,156.50,160.56,156.67,638,99926.75,8
NSE,YUKEN,INE384C01016,EQ,1138.95,1139.00,1088.95,1131.10,1130.70,10732,12070674.35,1116
NSE,ZAGGLE,INE07K301024,EQ,173.80,178.75,172.52,173.18,173.84,641899,112786353.03,9903
NSE,ZEEL,INE256A01028,EQ,74.09,76.39,73.95,74.47,74.14,13100562,984574787.50,53027
NSE,ZEELEARN,INE565L01011,EQ,6.36,6.68,6.36,6.50,6.25,269367,1760717.53,643
NSE,ZEEMEDIA,INE966H01019,EQ,7.20,7.37,7.17,7.21,7.18,587340,4263604.37,1039
NSE,ZENITHEXPO,INE058B01018,EQ,199.00,199.00,199.00,199.00,199.53,7,1393.00,1
NSE,ZENITHSTL,INE318D01020,EQ,5.34,5.43,5.18,5.30,5.19,56981,300208.36,200
NSE,ZENSARTECH,INE520A01027,EQ,429.40,438.95,420.15,422.10,429.00,994997,426176348.70,31627
NSE,ZENTEC,INE251B01027,EQ,1625.00,1647.20,1601.00,1605.20,1619.80,185419,300131930.80,18766
NSE,ZFCVINDIA,INE342J01019,EQ,2298.00,2352.90,2291.00,2341.00,2297.80,141190,329413187.20,24953
NSE,ZFSTEERING,INE116C01012,EQ,720.10,731.95,711.30,714.50,710.85,896,644086.85,145
NSE,ZIMLAB,INE518E01015,EQ,134.99,140.98,134.68,137.97,134.89,87891,12101664.99,1360
NSE,ZODIAC,INE761Y01019,EQ,208.61,219.60,208.61,216.32,208.60,10246,2219669.47,829
NSE,ZODIACLOTH,INE206B01013,EQ,68.23,70.55,68.23,69.03,68.23,9810,679323.76,151
NSE,ZOTA,INE358U01012,EQ,1309.40,1331.70,1276.00,1294.70,1300.20,44545,57707259.50,4168
NSE,ZSARACOM,INE967G01019,EQ,10199.00,10287.00,10100.00,10140.00,10233.00,30,303694.00,20
NSE,ZUARI,INE840M01016,EQ,220.76,224.10,218.60,220.33,221.66,86644,19143188.05,2479
NSE,ZUARIIND,INE217A01012,EQ,279.25,287.50,279.25,282.20,281.85,73300,20730431.15,1988
NSE,ZYDUSLIFE,INE010B01027,EQ,1204.80,1210.50,1149.10,1162.00,1200.50,1614233,1881255158.50,68813
NSE,ZYDUSWELL,INE768C01028,EQ,507.00,518.60,500.20,512.80,506.10,258147,131413707.85,18328
