exchange,symbol,isin,series,open,high,low,close,prev_close,volume,value,trades
BSE,1STCUS,INE609B01018,X,60.36,64.00,60.36,64.00,61.59,38,2311.00,5
BSE,20MICRONS,INE144J01027,B,211.00,215.70,209.60,211.45,213.40,8247,1742397.00,277
BSE,21STCENMGM,INE253B01015,B,39.21,40.00,39.21,39.21,40.01,1289,50555.00,20
BSE,360ONE,INE466L01038,A,1161.55,1190.00,1129.00,1190.00,1159.20,55223,62905980.00,1245
BSE,3BBLACKBIO,INE994E01018,B,1540.25,1585.00,1470.35,1480.05,1522.20,3787,5844061.00,436
BSE,3BFILMS,INE0TE101010,M,11.81,11.81,11.53,11.53,12.06,33000,385050.00,11
BSE,3IINFOLTD,INE748C01038,T,22.24,22.50,21.70,22.38,22.69,30504,672436.00,196
BSE,3MINDIA,INE470A01017,A,33284.95,33284.95,32747.95,32890.55,33281.75,125,4115266.00,72
BSE,3PLAND,INE105C01023,B,31.60,34.00,31.60,31.60,31.60,230,7418.00,11
BSE,5PAISA,INE618L01018,B,343.55,345.00,336.00,337.95,345.95,3280,1116974.00,201
BSE,63MOONS,INE111B01023,A,770.00,818.80,770.00,804.70,777.05,29049,23229135.00,1265
BSE,7NR,INE413X01035,XT,6.95,7.00,6.65,6.74,6.95,33185,225036.00,138
BSE,7SEASL,INE454F01010,X,93.90,97.00,93.90,95.67,94.84,47305,4522254.00,130
BSE,7TEC,INE856B01023,X,33.44,34.51,33.21,34.28,33.16,10145,346793.00,133
BSE,A1L,INE911Z01025,B,4.97,4.98,4.90,4.94,4.93,1161242,5727173.00,1261
BSE,A2ZINFRA,INE619I01012,B,16.00,16.60,16.00,16.49,16.60,14268,235282.00,74
BSE,AAATECH,INE0D0U01013,B,92.54,94.99,92.54,92.89,94.34,853,79132.00,20
BSE,AADHARHFC,INE883F01010,A,476.00,476.50,465.35,475.25,476.85,23731,11194403.00,808
BSE,AADIIND,INE563D01013,X,8.10,8.45,8.10,8.45,8.45,28,229.00,7
BSE,AAIL,INE864E01021,XT,91.80,91.80,88.00,89.43,88.00,2948,267471.00,34
BSE,AANCHALISP,INE322R01022,XT,66.54,68.40,65.00,65.35,66.54,1415,95561.00,21
BSE,AAREYDRUGS,INE198H01019,B,95.40,95.40,91.35,91.59,90.94,16227,1492897.00,121
BSE,AARNAV,INE750R01016,T,33.49,33.49,31.71,31.85,33.18,606,19411.00,12
BSE,AARTECH,INE01C001026,T,51.25,51.25,48.31,49.02,49.07,8622,424775.00,28
BSE,AARTIDRUGS,INE767A01016,B,431.95,431.95,416.50,417.30,426.70,6165,2594517.00,278
BSE,AARTIIND,INE769A01020,A,517.55,520.80,503.15,505.45,524.65,55652,28483759.00,1546
BSE,AARTIPHARM,INE0LRU01027,A,865.20,878.50,862.60,867.75,865.45,26927,23409471.00,1184
BSE,AARTISURF,INE09EO01013,T,507.95,538.90,500.30,530.10,515.30,2651,1393754.00,111
BSE,AARVI,INE754X01016,B,153.95,153.95,141.05,142.35,148.95,4951,713401.00,153
BSE,AASHKA,INE0EAX01014,M,80.00,85.00,80.00,85.00,84.86,3000,245000.00,3
BSE,AASTAFIN,INE819K01014,X,33.99,33.99,31.27,32.38,31.70,6969,222553.00,38
BSE,AASTHA,INE2FMX01012,B,84.44,84.44,78.96,79.34,82.96,41857,3340807.00,506
BSE,AAVAS,INE216P01012,A,1248.20,1287.90,1237.15,1258.65,1248.20,6644,8375025.00,668
BSE,AAYUSH,INE430R01023,X,25.92,25.92,25.92,25.92,28.80,43575,1129464.00,443
BSE,AAYUSHBULL,INE777X01017,M,1270.00,1287.00,1267.00,1278.80,1273.45,55750,71215231.00,436
BSE,ABAN,INE421A01028,T,14.44,14.72,14.25,14.72,14.44,3873,56538.00,25
BSE,ABANSENT,INE365O01028,B,27.46,28.47,26.82,26.82,27.46,4057,114487.00,18
BSE,ABATEAS,INE454E01013,X,9.54,9.54,8.63,9.07,8.85,13516,122220.00,57
BSE,ABB,INE117A01022,A,7350.00,7439.00,7261.00,7439.00,7392.00,6289,46021232.00,1043
BSE,ABBOTINDIA,INE358A01014,A,26190.00,26250.00,25816.80,26025.15,26135.85,745,19352961.00,288
BSE,ABCAPITAL,INE674K01013,A,387.55,396.90,385.05,396.90,394.80,818414,319771079.00,3186
BSE,ABCINDQ,INE125D01011,X,64.64,65.99,63.00,64.40,64.32,229,14973.00,13
BSE,ABCOTS,INE08PH01015,B,218.05,218.05,207.20,215.35,213.75,325,67459.00,13
BSE,ABDL,INE552Z01027,A,617.00,617.00,603.05,604.20,616.60,6599,4007817.00,479
BSE,ABFRL,INE647O01011,A,51.32,51.32,50.20,50.49,51.07,171169,8687355.00,1855
BSE,ABHICAP,INE516F01016,X,113.90,113.90,113.90,113.90,107.40,1,113.00,1
BSE,ABHIFIN,INE723C01015,X,70.00,71.90,65.55,69.99,69.00,946,64178.00,20
BSE,ABHIINFRA,INE281P01016,X,8.04,8.04,8.04,8.04,8.46,315,2532.00,5
BSE,ABINFRA,INE00YB01025,T,11.36,11.40,11.06,11.30,11.29,13753,154506.00,57
BSE,ABIRAFN,INE195I01013,Z,35.70,35.70,32.30,35.00,34.00,4032,134531.00,34
BSE,ABLBL,INE14LE01019,A,85.00,85.00,82.60,82.80,85.30,40839,3394052.00,532
BSE,ABMKNO,INE850B01026,B,193.90,193.90,193.90,193.90,198.00,40,7756.00,1
BSE,ABREL,INE055A01016,A,1353.10,1353.10,1319.30,1331.60,1358.75,8318,11111812.00,614
BSE,ABRFL,INE0ZDY01011,M,39.90,39.90,39.90,39.90,42.00,8400,335160.00,5
BSE,ABSLAMC,INE404A01024,A,1020.25,1036.15,1008.00,1026.40,1029.85,9204,9371840.00,994
BSE,ABVL,INE485K01022,X,4.80,4.91,4.70,4.74,4.84,79128,376225.00,272
BSE,ACC,INE012A01025,A,1274.65,1274.65,1254.00,1265.75,1272.25,8252,10434357.00,607
BSE,ACCEDERE,INE578B01015,XT,52.17,52.17,52.17,52.17,54.91,15,782.00,2
BSE,ACCEL,INE258C01038,X,12.10,13.60,12.10,12.45,11.90,19667,246090.00,105
BSE,ACCELERATE,INE0POP01017,M,95.00,95.00,95.00,95.00,100.00,640,60800.00,1
BSE,ACCELYA,INE793A01012,B,1130.45,1144.15,1129.60,1134.40,1129.45,65,73677.00,16
BSE,ACCORDTS,INE132201018,M,64.45,66.00,61.20,65.15,62.34,87000,5553060.00,28
BSE,ACCURACY,INE648Z01023,T,4.10,4.49,4.10,4.24,4.31,5683,24616.00,36
BSE,ACE,INE731H01025,A,1088.00,1101.00,1074.45,1091.50,1091.80,13212,14320019.00,1101
BSE,ACEALPHA,INE0S9X01011,M,134.05,134.10,134.00,134.00,134.80,3000,402150.00,3
BSE,ACEMEN,INE023R01018,X,119.50,119.50,114.25,116.95,118.50,91051,10646153.00,188
BSE,ACESOFT,INE849B01010,XT,193.00,203.90,193.00,197.05,194.20,17621,3477589.00,145
BSE,ACGL,INE451C01013,B,1806.40,1806.40,1761.00,1763.00,1783.35,123,218200.00,37
BSE,ACHYUT,INE0K1401020,T,6.51,6.89,6.51,6.87,6.80,30573,206640.00,87
BSE,ACI,INE128X01021,A,494.65,501.20,483.80,493.85,493.50,61833,30444191.00,2967
BSE,ACIIN,INE167B01025,XT,2.64,2.89,2.64,2.65,2.77,2399650,6406461.00,709
BSE,ACKNIT,INE326C01017,X,309.95,327.90,307.00,327.25,329.70,208,67136.00,18
BSE,ACL,INE666E01020,B,43.56,44.42,42.75,43.65,43.54,2034,88401.00,26
BSE,ACLD,INE0T3401029,M,147.10,151.40,147.10,151.15,149.90,21000,3137550.00,33
BSE,ACME,INE636B01011,Z,29.00,29.42,27.95,28.00,29.42,3777,107997.00,27
BSE,ACMESOLAR,INE622W01025,A,399.65,411.00,391.00,398.60,403.85,140164,56156017.00,4024
BSE,ACSTECH,INE366C01021,T,51.63,51.63,50.04,51.44,51.63,9661,489696.00,57
BSE,ACTIVE,INE380Z01015,B,110.00,114.55,109.00,109.05,110.80,1816,201133.00,93
BSE,ACUTAAS,INE00FF01025,A,3173.65,3195.80,3121.05,3137.90,3173.25,24302,76715029.00,1003
BSE,ADANIENSOL,INE931S01010,A,1374.75,1399.45,1348.85,1394.90,1381.20,93927,129144261.00,5896
BSE,ADANIENT,INE423A01024,A,2867.50,2906.15,2831.65,2894.80,2863.25,55976,160670268.00,4853
BSE,ADANIGREEN,INE364U01010,A,1250.00,1300.00,1237.45,1294.00,1260.00,171978,220227568.00,7257
BSE,ADANIPORTS,INE742F01042,A,1643.50,1676.40,1632.85,1672.90,1646.00,95076,158022188.00,5547
BSE,ADANIPOWER,INE814H01029,A,203.00,207.45,200.15,207.25,204.10,830193,170083519.00,6682
BSE,ADARSHPL,INE627D01016,X,27.55,27.55,24.93,26.58,27.59,3267,84406.00,26
BSE,ADCINDIA,INE833A01016,XT,2412.90,2412.90,2380.00,2380.00,2425.00,431,1034670.00,29
BSE,ADCON,INE805Q01028,XT,0.49,0.50,0.48,0.48,0.49,54335,26960.00,87
BSE,ADCOUNTY,INE0W1601012,M,84.01,84.89,81.80,83.02,86.01,9600,799576.00,12
BSE,ADDIND,INE757C01021,B,87.00,87.00,80.00,84.88,84.50,69,5792.00,8
BSE,ADESHWAR,INE0H8J01015,M,13.75,16.85,13.75,16.80,16.95,18000,284400.00,3
BSE,ADFFOODS,INE982B01027,B,263.30,269.55,258.70,268.90,266.00,3584,937189.00,183
BSE,ADHBHUTIN,INE578L01014,X,14.00,14.00,13.14,13.77,13.81,1117,15594.00,6
BSE,ADINATH,INE207C01019,X,20.65,22.57,20.65,22.48,21.52,3513,78942.00,10
BSE,ADISHAKTI,INE0CWK01019,M,6.86,6.86,6.20,6.67,6.34,70000,462000.00,7
BSE,ADITYA,INE570B01012,X,8.26,8.97,8.26,8.65,8.25,338,2912.00,9
BSE,ADITYASP,INE122D01026,X,14.67,14.98,14.27,14.95,14.57,1324,19222.00,20
BSE,ADL,INE0CHO01012,B,72.00,77.38,72.00,77.38,72.00,7828,583179.00,12
BSE,ADLINE,INE276T01018,P,12.50,12.50,12.12,12.12,12.75,800,9734.00,4
BSE,ADMACH,INE0XLO01010,MT,379.00,389.00,377.20,389.00,380.20,4200,1602930.00,7
BSE,ADMANUM,INE556D01017,X,53.40,53.40,53.40,53.40,53.42,603,32200.00,4
BSE,ADON,INE1SME01017,M,82.65,85.94,82.00,85.13,82.61,24000,2006780.00,12
BSE,ADOR,INE045A01017,B,1692.20,1745.00,1675.00,1733.55,1703.25,3731,6427011.00,545
BSE,ADROITINFO,INE737B01033,B,10.66,10.66,10.30,10.32,10.40,481,4990.00,12
BSE,ADSL,INE102I01027,B,104.95,105.35,102.20,103.60,104.10,5016,520234.00,159
BSE,ADTECH,INE257C01014,X,50.99,50.99,49.06,49.60,50.99,483,24085.00,23
BSE,ADVAIT,INE0ALI01010,B,2125.00,2158.10,2081.00,2140.50,2119.45,4321,9181460.00,525
BSE,ADVANCE,INE1B0W01010,B,114.90,121.05,114.80,118.00,116.60,24382,2901274.00,304
BSE,ADVANCETL,INE13ZJ01010,M,71.25,71.25,67.69,68.65,71.25,14400,989748.00,10
BSE,ADVANIHOTR,INE199C01026,B,49.52,50.09,49.50,49.51,49.52,990,49190.00,34
BSE,ADVENTHTL,INE28GN01010,B,135.95,137.45,132.80,136.70,135.95,2724,368999.00,170
BSE,ADVENZYMES,INE837H01020,B,295.80,296.30,292.70,293.10,294.80,4714,1388513.00,148
BSE,ADVIKCA,INE178T01024,B,1.15,1.19,1.10,1.16,1.15,177534,202740.00,152
BSE,ADVLIFE,INE900E01015,X,29.00,29.92,27.08,27.11,28.50,271,7765.00,7
BSE,ADVPETR-B,INE334N01018,XT,339.85,339.85,339.85,339.85,323.70,117,39762.00,7
BSE,AEGEUS,INE0WR901013,M,112.50,132.00,111.00,120.50,117.30,141600,17158200.00,111
BSE,AEGISLOG,INE208C01025,A,1185.90,1252.40,1185.90,1242.80,1220.55,63706,77947403.00,4098
BSE,AEGISVOPAK,INE0INX01018,A,269.95,288.00,266.50,286.35,270.30,231586,64968125.00,3537
BSE,AEIM,INE072B01027,X,83.55,84.50,81.20,83.19,83.51,20934,1739423.00,281
BSE,AEL,INE829P01020,X,110.60,110.60,103.15,106.25,108.40,6605,707415.00,127
BSE,AEONXDIGI,INE994D01010,X,105.90,111.75,105.90,109.10,107.25,3629,391482.00,43
BSE,AEPL,INE757T01025,B,15.74,15.74,14.85,15.05,15.13,7556,113660.00,48
BSE,AEQUS,INE947N01017,B,246.05,248.05,241.00,245.30,247.25,71248,17462092.00,1340
BSE,AEROENTER,INE065D01027,B,143.85,143.90,139.45,140.45,143.65,43736,6183150.00,542
BSE,AEROFLEX,INE024001021,B,547.50,561.00,537.50,540.60,552.30,91553,50068668.00,2663
BSE,AERONEU,INE035801013,B,81.95,84.95,76.30,79.60,78.36,3108,253760.00,43
BSE,AEROPLANE,INE05TO01019,B,173.15,182.75,173.00,179.55,174.05,60623,10889460.00,563
BSE,AERPACE,INE175N01023,XT,41.60,41.60,41.60,41.60,42.44,110089,4579702.00,173
BSE,AETHER,INE0BWX01014,A,1680.55,1693.20,1642.20,1646.05,1684.05,12446,20727720.00,1349
BSE,AFCOM,INE0OXY01013,M,1495.00,1651.00,1486.35,1616.15,1527.45,98040,155415792.00,582
BSE,AFCONS,INE101I01011,A,282.10,285.90,279.70,284.95,285.25,28715,8107084.00,541
BSE,AFEL,INE663P01015,Z,1.68,1.84,1.68,1.75,1.76,15455,26264.00,25
BSE,AFFLE,INE00WC01027,A,1556.25,1556.25,1507.85,1517.05,1565.50,191543,291196803.00,4009
BSE,AFFORDABLE,INE692Z01013,B,157.00,161.05,157.00,158.55,158.75,2150,340532.00,81
BSE,AFIL,INE916Y01027,B,9.69,9.69,9.29,9.40,9.42,7776,72846.00,36
BSE,AFLTD,INE18HI01019,M,55.94,55.94,55.94,55.94,54.00,3000,167820.00,1
BSE,AFSL,INE00ZE01026,B,210.00,214.00,202.25,210.95,204.30,894,184309.00,13
BSE,AGARIND,INE204E01012,B,437.00,456.60,432.00,451.45,443.65,3190,1396708.00,178
BSE,AGARWAL,INE510B01018,X,18.45,18.45,18.45,18.45,19.40,1,18.00,1
BSE,AGARWALEYE,INE943P01029,A,504.15,524.70,504.15,513.40,508.50,27132,14017140.00,1816
BSE,AGI,INE415A01038,B,776.05,778.15,745.15,749.00,782.85,15542,11767028.00,742
BSE,AGIIL,INE976R01033,B,285.20,285.20,277.00,280.55,285.20,12018,3354978.00,208
BSE,AGIOPAPER,INE112C01011,X,3.86,4.06,3.68,4.06,3.87,712,2676.00,13
BSE,AGL,INE1YPB01014,B,13.44,13.92,13.27,13.81,13.59,126149,1706847.00,460
BSE,AGOL,INE05FR01029,B,4.03,4.03,3.90,3.98,3.98,271126,1069326.00,666
BSE,AGRIBIO,INE679E01015,X,323.05,331.95,323.00,328.45,330.95,5283,1742551.00,33
BSE,AGRITECH,INE449G01018,B,102.00,103.00,97.50,102.65,102.40,178,17870.00,12
BSE,AGSTRA,INE583L01014,Z,2.00,2.04,1.97,2.00,2.01,8550,17060.00,51
BSE,AGVENTURES,INE321D01016,X,132.00,135.00,128.10,132.15,130.95,7045,924164.00,115
BSE,AHASOLAR,INE0NEV01011,M,83.90,83.90,79.00,79.00,80.00,2800,228816.00,7
BSE,AHCL,INE0Y8W01025,B,15.31,15.79,15.31,15.52,15.51,449731,6990272.00,544
BSE,AHLEAST,INE926K01017,B,137.40,144.30,137.40,144.30,140.75,2,281.00,2
BSE,AHLUCONT,INE758C01029,A,610.05,611.00,591.25,603.10,612.45,7641,4586828.00,438
BSE,AHMDSTE,INE868C01018,X,171.30,171.30,163.00,164.40,162.95,1112,184202.00,42
BSE,AIAENG,INE212H01026,A,4222.55,4222.55,4143.30,4157.65,4243.85,1451,6055326.00,502
BSE,AICHAMP,INE768E01024,XT,20.15,20.50,19.02,19.02,20.02,12860,248270.00,72
BSE,AIIL,INE206F01022,A,536.05,539.30,505.00,510.20,538.30,423769,225730645.00,1421
BSE,AIKPIPES,INE0QFT01015,M,28.29,31.10,28.29,31.10,29.77,3200,92776.00,4
BSE,AIMCOPEST,INE008B01013,X,47.14,48.39,46.00,46.00,48.10,381,17771.00,8
BSE,AIML,INE123D01024,XT,2.41,2.44,2.41,2.44,2.40,463508,1130653.00,71
BSE,AIRAN,INE645W01026,B,14.87,15.03,14.50,14.82,14.86,5505,81368.00,99
BSE,AIRFLOA,INE0XBS01012,M,468.00,476.30,463.30,470.15,468.85,69500,32671225.00,100
BSE,AJANTPHARM,INE031B01049,A,3505.20,3546.35,3423.55,3480.95,3505.05,4256,14709490.00,917
BSE,AJANTSOY,INE601B01023,X,23.48,23.48,22.30,23.28,23.09,32053,738189.00,199
BSE,AJAXENGG,INE274Y01021,B,571.80,581.30,564.20,570.40,573.00,2895,1664889.00,243
BSE,AJCJEWEL,INE0XRR01010,MT,188.95,192.20,188.95,192.20,183.05,4800,914820.00,4
BSE,AJCON,INE759C01027,X,6.10,6.10,5.99,6.00,5.83,2606,15739.00,24
BSE,AJMERA,INE298G01035,B,114.90,116.85,113.60,115.90,115.55,29510,3395636.00,875
BSE,AKCAPIT,INE701G01012,B,1719.95,1719.95,1651.00,1701.85,1735.10,652,1106605.00,221
BSE,AKI,INE642Z01026,B,4.70,5.52,4.70,5.52,4.60,595589,3221580.00,997
BSE,AKSHAR,INE256Z01025,B,0.41,0.43,0.41,0.43,0.42,226278,94844.00,67
BSE,AKSHARCHEM,INE542B01011,T,407.45,407.45,371.10,407.45,388.05,12775,5146578.00,158
BSE,AKSHOPTFBR,INE523B01011,T,7.35,7.64,7.06,7.43,7.40,55191,400947.00,112
BSE,AKUMS,INE09XN01023,B,771.05,793.20,768.45,770.05,779.00,17032,13218761.00,1042
BSE,ALAN-RE2,INE273F20030,R,169.90,170.00,152.50,159.55,167.90,3001,489660.00,87
BSE,ALANKIT,INE914E01040,B,7.82,8.10,7.82,7.98,8.07,7773,62076.00,104
BSE,ALANSCOTT,INE273F01022,XT,275.55,278.00,275.50,275.50,290.00,1735,480027.00,39
BSE,ALBERTDAVD,INE155C01010,B,871.75,877.25,867.15,874.00,870.15,401,349495.00,72
BSE,ALEMBICLTD,INE426A01027,B,98.16,100.94,97.92,100.05,98.84,50034,4986634.00,366
BSE,ALEXANDER,INE191N01012,X,7.41,7.42,7.41,7.42,7.41,4832,35805.00,11
BSE,ALFAICA,INE042C01010,X,87.00,89.00,87.00,89.00,86.57,20,1742.00,2
BSE,ALFATRAN,INE209C01015,X,34.04,34.70,33.27,33.54,33.88,4205,141651.00,66
BSE,ALFAVIO,INE883B01027,XT,13.09,13.73,12.75,12.86,13.08,73809,981930.00,139
BSE,ALFL,INE211D01027,X,1.00,1.00,1.00,1.00,1.00,14738,14738.00,18
BSE,ALFREDHE,INE782D01027,B,2924.50,2935.00,2890.05,2890.25,2860.05,164,478401.00,25
BSE,ALGOQUANT,INE598D01035,B,63.58,64.17,62.59,63.89,63.02,403025,25486696.00,1135
BSE,ALICON,INE062D01024,B,653.30,674.60,648.25,664.20,660.80,928,607576.00,92
BSE,ALIVUS,INE03Q201024,A,1443.55,1467.45,1401.50,1418.40,1443.55,11137,15916752.00,1084
BSE,ALKALI,INE773I01017,T,69.00,69.00,65.70,66.16,69.00,531,35224.00,15
BSE,ALKEM,INE540L01014,A,5342.70,5342.70,5199.80,5210.00,5300.00,1938,10126297.00,325
BSE,ALKYLAMINE,INE150B01039,A,2004.15,2044.45,1955.55,1976.90,2010.00,4651,9314670.00,645
BSE,ALLCARGO,INE418H01029,B,11.85,12.35,11.74,12.29,11.94,766262,9177768.00,1341
BSE,ALLDIGI,INE835G01018,B,802.15,809.95,788.05,796.00,808.55,908,724262.00,133
BSE,ALLTIME,INE0GV601021,B,200.00,204.10,197.50,199.40,201.25,6135,1229545.00,200
BSE,ALMONDZ,INE326B01035,B,17.79,17.79,16.90,17.43,17.41,22143,382857.00,137
BSE,ALOKINDS,INE270A01029,A,7.62,8.20,7.07,7.72,7.69,5831414,43736911.00,5773
BSE,ALPA,INE385I01010,B,65.00,68.50,61.00,64.00,61.55,6297,415083.00,75
BSE,ALPHAGEO,INE137C01018,T,288.00,304.30,280.00,300.35,289.85,5226,1532860.00,137
BSE,ALPHALOGIC,INE08E401029,B,38.05,40.74,38.05,39.75,39.75,4029,156794.00,62
BSE,ALPINEHOU,INE840D01015,XT,119.00,119.00,118.90,118.90,119.90,2,237.00,2
BSE,ALPINETEX,INE1JCQ01037,B,51.41,52.25,50.52,51.20,52.03,70772,3635897.00,843
BSE,ALSL,INE030P01017,B,43.00,43.59,40.01,42.48,42.32,3997,168575.00,80
BSE,ALTIUSINVIT,INE0BWS23018,IF,172.00,172.00,172.00,172.00,168.09,731425000,120685475000.00,4
BSE,ALUFLUOR,INE058F01019,B,482.50,504.10,482.50,502.20,499.25,8817,4398965.00,257
BSE,AMAGI,INE121R01077,B,583.65,583.65,568.75,572.90,583.40,9935,5718337.00,368
BSE,AMAL,INE841D01013,B,752.00,769.00,737.65,754.65,751.10,3357,2526235.00,200
BSE,AMANTA,INE084K01015,T,189.90,189.90,187.30,187.30,190.90,3451,654135.00,41
BSE,AMARJOTHI,INE484D01012,B,159.00,159.00,159.00,159.00,160.90,102,16218.00,2
BSE,AMBALALSA,INE432A01017,T,42.25,44.90,42.25,44.79,44.29,6901,303972.00,46
BSE,AMBARPIL,INE072V01017,XT,232.70,232.70,232.00,232.00,232.70,132,30628.00,6
BSE,AMBER,INE371P01015,A,7482.00,7482.00,7282.15,7397.00,7462.20,7051,52010110.00,1177
BSE,AMBICAAGAR,INE792B01012,B,25.75,25.75,24.84,24.84,24.20,1030,26496.00,67
BSE,AMBIKCO,INE540G01014,B,1630.00,1638.25,1623.40,1633.95,1620.60,93,151313.00,16
BSE,AMBIT,INE267C01013,X,8.68,8.68,8.68,8.68,8.60,100,868.00,1
BSE,AMBOAGRI,INE0N6V01016,M,10.01,10.90,10.01,10.90,10.39,11000,111000.00,2
BSE,AMBUJACEM,INE079A01024,A,400.90,402.40,395.25,402.40,402.80,144286,57545440.00,3849
BSE,AMCOIND,INE924B01011,X,68.70,68.70,63.55,64.00,67.39,567,36738.00,20
BSE,AMDIND,INE005I01014,B,57.00,58.75,56.00,58.75,57.00,1049,59489.00,25
BSE,AMEENJI,INE14QA01016,MT,211.00,214.10,211.00,214.10,221.20,24000,5088120.00,7
BSE,AMERISE,INE673C01020,XT,0.79,0.79,0.79,0.79,0.79,22602,17855.00,20
BSE,AMFORG,INE991A01020,X,5.85,5.85,5.40,5.50,5.85,4390,24269.00,30
BSE,AMIC,INE0P9J01013,M,2120.00,2165.00,2090.15,2145.35,2135.35,46400,98823255.00,285
BSE,AMINTAN,INE572Z01017,X,2.22,2.22,2.18,2.22,2.12,1156386,2565211.00,664
BSE,AMITSEC,INE137E01014,X,43.09,43.09,42.50,42.50,41.04,4,170.00,3
BSE,AMJLAND,INE606A01024,B,38.40,38.60,38.40,38.57,38.60,286,11028.00,34
BSE,AMKAY,INE0QSB01016,M,51.00,51.40,51.00,51.40,51.75,18000,921600.00,9
BSE,AMNPLST,INE275D01022,B,183.00,184.90,179.40,182.95,181.65,186,33531.00,16
BSE,AMPL,INE727C01024,X,28.61,28.95,27.16,28.91,28.95,123962,3570514.00,71
BSE,AMPVOLTS,INE989J01017,X,27.89,28.00,27.02,27.06,27.21,22476,620532.00,109
BSE,AMRAAGRI,INE735C01027,X,0.51,0.52,0.51,0.51,0.51,23785,12150.00,36
BSE,AMRAFIN,INE990S01016,MT,23.70,23.70,23.70,23.70,24.94,1200,28440.00,1
BSE,AMRAPLIN,INE762C01021,XT,32.40,32.40,29.83,30.98,31.40,8834,278145.00,69
BSE,AMRUTANJAN,INE098F01031,B,503.25,509.00,500.00,501.90,499.10,919,462442.00,170
BSE,AMS,INE345U01019,XT,49.26,54.00,49.26,54.00,51.85,2157,109614.00,20
BSE,AMTL,INE436N01029,X,17.73,18.50,17.05,17.79,18.19,1898,32927.00,25
BSE,ANANDRATHI,INE463V01026,A,2218.20,2218.20,2182.55,2197.90,2195.65,7190,15792707.00,599
BSE,ANANTAM,INE1UA823019,IF,106.10,106.10,105.83,106.00,105.83,5206,551756.00,4
BSE,ANANTRAJ,INE242C01024,A,584.65,595.00,571.85,587.90,587.45,70118,40598419.00,2314
BSE,ANDHRAPAP,INE435A01051,B,60.93,61.18,60.26,61.06,60.47,27159,1646502.00,787
BSE,ANDHRAPET,INE714B01016,X,41.05,43.00,40.36,42.36,41.28,105030,4396997.00,429
BSE,ANDHRSUGAR,INE715B01021,B,96.51,99.50,96.35,99.14,96.45,47211,4637402.00,445
BSE,ANDREWYU,INE449C01025,B,28.00,28.34,27.50,28.14,28.07,52751,1481155.00,204
BSE,ANG,INE236W01016,T,32.15,32.78,31.90,32.78,32.15,3767,122312.00,16
BSE,ANGEL,INE339Z01011,M,10.50,10.50,10.50,10.50,10.85,4000,42000.00,1
BSE,ANGELONE,INE732I01021,A,280.25,280.75,275.60,279.00,281.80,913499,253649091.00,5544
BSE,ANIKINDS,INE087B01017,B,45.50,46.90,44.17,46.74,47.13,333,15032.00,23
BSE,ANIRIT,INE161F01011,XT,41.50,43.87,41.50,41.50,41.80,4321,179380.00,10
BSE,ANJANI,INE364D01032,X,27.00,27.39,26.30,27.21,27.03,8642,233949.00,31
BSE,ANJANIFIN,INE283D01018,X,9.09,9.09,9.00,9.00,8.30,5,45.00,4
BSE,ANJANIFOODS,INE096I01021,XT,17.98,17.98,17.50,17.52,17.98,114,2000.00,11
BSE,ANKIN,INE067C01025,X,21.80,21.80,20.60,20.95,20.98,6227,132205.00,43
BSE,ANL,INE1KVQ01019,M,272.25,276.05,272.25,276.00,278.20,3000,824300.00,3
BSE,ANMOL,INE02AR01019,B,9.70,10.26,9.70,9.95,10.09,15885,159035.00,45
BSE,ANNAINFRA,INE336D01014,X,29.00,29.00,29.00,29.00,30.04,101,2929.00,2
BSE,ANNU,INE103001017,T,75.00,78.74,71.25,77.90,0.00,1039008,79784907.00,10107
BSE,ANSALAPI,INE436A01026,Z,3.25,3.29,3.22,3.28,3.28,103874,334666.00,22
BSE,ANSALBU,INE030C01015,B,77.03,81.78,77.03,81.49,78.60,969,78145.00,95
BSE,ANSALHSG,INE880B01015,X,5.73,5.73,4.95,4.97,5.50,245580,1241292.00,372
BSE,ANSINDUS,INE234J01018,XT,28.70,28.70,28.70,28.70,27.34,206,5912.00,5
BSE,ANTARIKSH,INE825M01017,XT,15.70,15.70,15.70,15.70,15.40,4,62.00,4
BSE,ANTELOPUS,INE818A01017,B,803.15,951.45,803.15,951.45,792.90,712921,645601957.00,16506
BSE,ANTHEM,INE0CZ201020,A,923.15,952.30,917.05,933.85,923.15,44920,42185473.00,2395
BSE,ANUBHAV,INE1O7201010,M,48.00,48.00,48.00,48.00,50.00,1600,76800.00,1
BSE,ANUHPHR,INE489G01022,B,82.30,82.38,78.55,79.22,81.25,6724,541319.00,142
BSE,ANUP,INE294Z01018,B,1805.00,1814.10,1774.00,1797.05,1809.95,414,739581.00,73
BSE,ANUPAM,INE069B01023,X,1.87,1.90,1.84,1.86,1.86,80748,150578.00,133
BSE,ANURAS,INE930P01018,A,1267.75,1267.75,1232.65,1240.90,1259.05,4262,5299719.00,212
BSE,ANUROOP,INE490Z01012,B,11.00,11.37,10.60,10.69,10.80,5989,64319.00,42
BSE,ANVRDHI,INE075K01013,X,9.45,9.45,9.01,9.15,9.15,1637,14927.00,26
BSE,APARINDS,INE372A01015,A,17549.45,17549.45,16580.00,16805.15,17397.35,3394,57689962.00,1029
BSE,APCL,INE071F01012,B,102.50,102.50,99.00,100.00,100.00,558,55517.00,16
BSE,APCOTEXIND,INE116A01032,B,646.20,646.20,617.70,629.50,638.95,119965,74869336.00,264
BSE,APEX,INE346W01013,B,374.05,375.05,363.00,367.55,375.05,9524,3500504.00,429
BSE,APIS,INE070K01014,B,54.00,54.00,52.54,53.66,53.14,9292,497009.00,166
BSE,APL,INE0SJX01015,M,115.00,115.00,106.65,108.15,113.40,12000,1308700.00,11
BSE,APLAB,INE273A01015,X,77.00,78.50,74.60,76.89,75.71,1805,137453.00,57
BSE,APLAPOLLO,INE702C01027,A,2221.95,2228.55,2186.90,2217.80,2220.05,8876,19582463.00,1035
BSE,APLLTD,INE901L01018,A,843.00,858.00,823.90,826.15,844.30,17622,14844941.00,1170
BSE,APMIN,INE170D01025,X,57.30,57.30,56.15,57.00,57.37,6290,357175.00,26
BSE,APOLLO,INE713T01028,A,379.25,389.20,374.00,382.65,379.25,281704,107847668.00,3393
BSE,APOLLOFI,INE412D01013,X,389.45,406.75,389.45,395.80,389.45,1906,765622.00,52
BSE,APOLLOHOSP,INE437A01024,A,8687.00,8745.00,8640.15,8715.00,8763.00,18645,161689689.00,1689
BSE,APOLLOIN,INE314N01028,XT,76.40,76.40,76.40,76.40,80.42,576,44006.00,15
BSE,APOLLOPIPE,INE126J01016,B,593.00,611.25,589.00,597.45,611.25,26757,15999069.00,733
BSE,APOLLOTYRE,INE438A01022,A,440.75,440.75,432.25,434.25,442.65,33024,14360716.00,934
BSE,APOORVA,INE217S01014,B,26.99,26.99,25.32,25.32,26.65,3,77.00,3
BSE,APPL,INE15XJ01010,MT,308.05,308.05,308.05,308.05,314.30,23200,7146760.00,39
BSE,APTECHT,INE266F01018,T,91.02,92.49,89.25,90.17,91.85,4471,404247.00,103
BSE,APTPACK,INE046E01025,X,66.10,72.25,66.10,70.87,69.56,272,19025.00,10
BSE,APTUS,INE852O01025,A,252.70,255.75,249.30,254.45,253.35,33123,8340432.00,845
BSE,AQYLON,INE416A01051,B,22.45,22.45,20.51,20.53,21.58,232013,4781705.00,250
BSE,ARAVALIS,INE068C01015,X,3.90,3.90,3.90,3.90,3.75,97,378.00,4
BSE,ARCEEIN,INE276D01012,XT,14.00,14.00,14.00,14.00,14.25,73902,1034628.00,1
BSE,ARCFIN,INE202R01026,X,0.49,0.49,0.47,0.49,0.49,1958577,944798.00,701
BSE,ARCHIDPLY,INE877I01016,B,103.10,107.75,97.40,106.10,103.00,6586,688070.00,135
BSE,ARCHIES,INE731A01020,B,13.25,13.25,12.89,12.98,13.59,8035,105252.00,61
BSE,ARCHITORG,INE078I01011,XT,64.99,65.00,63.62,64.96,64.10,26252,1694873.00,97
BSE,ARCL,INE372M01010,B,233.00,233.00,218.85,218.85,230.35,519,114382.00,16
BSE,ARDEE,INE0XNF01022,B,56.96,57.49,55.57,56.39,56.20,359448,20300153.00,2432
BSE,ARE&M,INE885A01032,A,875.65,880.70,864.20,870.80,880.00,53901,46912209.00,4284
BSE,ARFIN,INE784R01023,B,85.90,88.20,85.75,88.08,85.75,21653,1870651.00,196
BSE,ARIES,INE298I01015,B,467.50,509.60,466.20,495.95,458.30,21056,10428861.00,775
BSE,ARIGATO,INE021N01011,X,62.16,68.65,62.16,62.25,65.40,23,1448.00,5
BSE,ARIHANT,INE413D01011,B,826.00,925.00,826.00,900.50,900.50,208,185569.00,44
BSE,ARIHANTCAP,INE420B01036,B,80.02,80.02,77.01,78.14,80.12,10713,837081.00,98
BSE,ARIHANTSUP,INE643K01018,B,247.05,248.75,245.00,245.75,248.75,434,106654.00,8
BSE,ARIS,INE0H9P01028,B,131.05,131.05,126.00,128.55,131.60,38132,4866386.00,543
BSE,ARISE,INE190D01015,X,20.10,20.10,19.25,20.00,20.00,26,517.00,7
BSE,ARITAS,INE1D8001016,M,13.30,13.30,13.30,13.30,12.90,3000,39900.00,1
BSE,ARKADE,INE0QRL01017,B,120.15,121.25,117.50,117.90,120.90,12870,1541265.00,269
BSE,ARL,INE02GA01012,B,43.05,43.98,41.10,41.67,43.16,41190,1728103.00,266
BSE,ARMAN,INE510P01018,X,120.45,120.45,115.00,117.30,118.80,2202,258337.00,53
BSE,ARMANFIN,INE109C01017,B,1943.00,1970.35,1923.60,1948.65,1952.35,1953,3783283.00,181
BSE,ARNOLD,INE185K01036,X,13.10,13.85,12.68,13.68,13.30,9447,125068.00,57
BSE,AROGRANITE,INE210C01013,B,24.99,25.03,24.11,24.11,24.20,108,2694.00,4
BSE,ARROWGREEN,INE570D01018,T,744.00,771.40,721.30,771.40,734.70,4101,3125397.00,185
BSE,ARSHIYA,INE968D01022,Z,0.73,0.73,0.70,0.70,0.73,307609,217760.00,60
BSE,ARSSBL,INE549H01021,B,505.25,511.50,502.50,508.25,507.35,3864,1961312.00,230
BSE,ARTEFACT,INE885B01014,X,54.13,55.20,53.30,54.90,54.13,4579,249541.00,17
BSE,ARTEMISMED,INE025R01021,B,330.80,330.80,320.40,320.95,327.70,14265,4631766.00,568
BSE,ARTSON,INE133D01023,X,153.50,153.95,151.00,153.50,146.65,10427,1604222.00,92
BSE,ARUNAHTEL,INE957C01019,X,7.50,7.50,7.07,7.43,7.32,3955,29373.00,25
BSE,ARVAYA,INE491D01017,XT,123.40,123.40,121.00,121.00,121.00,15,1817.00,3
BSE,ARVIND,INE034A01011,A,557.40,578.00,548.50,572.70,557.55,51740,29249686.00,2678
BSE,ARVINDFASN,INE955V01021,A,462.75,462.95,448.50,459.50,458.50,3978,1813910.00,241
BSE,ARVSMART,INE034S01021,B,648.15,653.35,638.60,640.70,655.90,1174,755628.00,74
BSE,ARYACAPM,INE229R01011,B,415.00,425.00,415.00,425.00,430.00,201,84420.00,3
BSE,ARYAMAN,INE032E01017,B,635.00,635.00,635.00,635.00,625.00,10,6350.00,1
BSE,ARYAN,INE016X01010,X,18.24,18.40,18.24,18.40,18.24,905,16508.00,9
BSE,ASAHIINDIA,INE439A01020,A,950.00,962.90,939.35,950.30,951.00,31022,29515459.00,1629
BSE,ASAHISONG,INE228I01012,T,370.60,372.00,368.60,372.00,375.95,332,123428.00,7
BSE,ASAL,INE900C01027,B,466.75,477.80,466.45,471.80,474.30,1317,618982.00,145
BSE,ASALCBR,INE073G01016,B,691.20,708.00,691.20,705.05,695.25,2057,1442809.00,160
BSE,ASARFI,INE0DN001027,M,207.35,207.35,198.00,199.45,207.35,81000,16442750.00,69
BSE,ASCENSIVE,INE0E4I01027,MS,15.26,16.15,15.26,16.15,16.14,210000,3382100.00,4
BSE,ASGARD,INE767M01029,X,34.29,34.29,32.61,32.99,33.41,27548,915537.00,173
BSE,ASHAI,INE709D01012,XT,10.99,11.20,10.94,11.20,10.99,489,5357.00,6
BSE,ASHAPURMIN,INE348A01023,A,570.00,570.05,549.00,550.25,555.70,11970,6618788.00,744
BSE,ASHCAP,INE894A01026,X,2.69,2.70,2.65,2.69,2.69,29782,79482.00,117
BSE,ASHIANA,INE365D01021,B,364.85,369.70,361.20,369.15,364.85,1259,458609.00,56
BSE,ASHIKAG,INE094B01013,T,421.50,432.25,421.50,428.75,421.50,589,250956.00,30
BSE,ASHIMASYN,INE440A01010,B,17.46,18.09,17.42,17.82,17.57,5290,94280.00,26
BSE,ASHISHPO,INE831C01016,X,28.00,28.97,26.41,26.50,28.34,2903,77305.00,25
BSE,ASHNI,INE694W01024,XT,2.84,2.91,2.71,2.78,2.85,3839920,10690321.00,1175
BSE,ASHNOOR,INE372I01018,X,48.00,49.00,46.00,47.97,47.00,3474,164426.00,33
BSE,ASHOKA,INE442H01029,A,119.90,119.90,116.50,117.45,121.65,181725,21392414.00,1117
BSE,ASHOKAMET,INE760Y01011,B,13.51,14.01,13.33,13.56,14.05,6220,83229.00,52
BSE,ASHOKLEY,INE208A01029,A,169.70,169.70,165.10,167.80,170.30,512219,85449771.00,6460
BSE,ASHRAM,INE293C01019,X,5.90,5.90,5.90,5.90,6.03,11,64.00,1
BSE,ASHSI,INE338C01012,X,23.34,24.27,22.90,22.99,23.31,238,5512.00,14
BSE,ASIACAP,INE131Q01011,XT,110.10,110.10,110.10,110.10,107.95,251,27635.00,4
BSE,ASIAN,INE04Z101016,X,35.00,35.99,32.80,34.38,33.51,12472,425551.00,61
BSE,ASIANENE,INE276G01015,B,491.95,516.60,483.50,504.00,488.50,64936,32405303.00,1677
BSE,ASIANHOTNR,INE363A01022,B,369.75,379.10,368.65,373.10,369.75,1187,445351.00,48
BSE,ASIANPAINT,INE021A01026,A,2554.95,2554.95,2511.00,2526.70,2568.10,13363,33714108.00,1800
BSE,ASIANTILES,INE022I01019,B,49.91,51.00,48.88,50.24,50.36,207527,10373875.00,812
BSE,ASIANTNE,INE822B01017,B,10.40,10.40,9.07,9.78,10.29,6757,64310.00,40
BSE,ASIAPAK,INE784M01016,X,55.00,55.00,55.00,55.00,55.00,3,165.00,1
BSE,ASIIL,INE443A01030,X,25.29,25.29,24.62,24.76,24.91,8363,207231.00,76
BSE,ASINPET,INE810M01019,X,9.89,9.98,9.30,9.63,9.80,24650,238734.00,65
BSE,ASITCFIN,INE041B01014,X,109.70,111.25,108.00,111.00,109.70,80,8805.00,5
BSE,ASKAUTOLTD,INE491J01022,B,631.85,631.90,618.40,622.85,635.20,14145,8854697.00,310
BSE,ASMS,INE855F01042,T,7.03,7.25,7.00,7.09,7.15,10458,73605.00,69
BSE,ASMTEC,INE867C01010,B,4900.00,4900.00,4800.00,4850.70,4862.90,8159,39541058.00,1706
BSE,ASPIRA,INE500C01017,XT,91.00,94.00,90.63,91.20,95.39,477,43372.00,13
BSE,ASRL,INE01B501018,X,6.14,6.23,6.00,6.16,6.11,20563,126631.00,80
BSE,ASSOCER,INE771E01010,X,162.50,175.25,159.00,164.45,166.95,551,90476.00,20
BSE,ASTALLTD,INE307N01014,X,79.75,80.00,77.50,78.37,77.89,22998,1808102.00,181
BSE,ASTAR,INE194D01017,B,603.00,623.90,594.30,623.90,599.00,124,73806.00,17
BSE,ASTEC,INE563J01010,B,553.30,583.00,553.30,572.30,566.30,1308,745866.00,194
BSE,ASTERDM,INE914M01019,A,761.00,772.30,745.55,762.10,758.20,148650,112904617.00,3220
BSE,ASTRAL,INE006I01046,A,1517.95,1517.95,1477.25,1491.10,1508.85,44394,66433235.00,3656
BSE,ASTRAMICRO,INE386C01029,A,1696.45,1696.45,1631.00,1643.20,1682.00,9029,14953579.00,1073
BSE,ASTRAZEN,INE203A01020,A,6885.00,6895.00,6832.15,6870.25,6927.10,646,4426471.00,237
BSE,ASTRON,INE646X01014,Z,3.05,3.05,2.95,2.95,3.05,1532,4670.00,9
BSE,ASTRONMULT,INE0RUY01012,M,17.01,18.86,15.58,17.99,18.34,92000,1605600.00,39
BSE,ATALREAL,INE0ALR01029,B,25.10,26.78,25.05,25.56,26.41,392998,10076402.00,3103
BSE,ATAM,INE09KD01013,B,60.05,60.05,54.00,55.76,55.01,264,14548.00,14
BSE,ATENPAPERS,INE0XCV01014,M,20.00,20.00,20.00,20.00,20.90,1200,24000.00,1
BSE,ATGL,INE399L01023,A,614.05,624.65,604.20,614.75,614.00,81241,49862101.00,2435
BSE,ATHARVA,INE226801012,M,88.50,88.50,85.00,85.58,88.00,34000,2928480.00,17
BSE,ATHARVENT,INE354E01031,XT,4.10,4.15,4.00,4.15,4.20,82944,341291.00,32
BSE,ATHENAGLO,INE576B01019,X,54.10,59.74,54.06,57.13,56.90,603,33657.00,17
BSE,ATHERENERG,INE0LEZ01016,A,1725.60,1736.80,1649.35,1685.15,1721.60,495658,845591417.00,15610
BSE,ATIL,INE0X4A01013,M,101.20,103.00,101.20,101.70,104.25,3000,305900.00,3
BSE,ATISHAY,INE011R01013,X,152.00,154.95,148.05,148.25,150.20,855,127370.00,30
BSE,ATL,INE0NN701020,B,24.59,24.94,23.40,23.71,25.38,99621,2387287.00,1060
BSE,ATLANTAA,INE285H01022,B,40.39,40.85,38.50,39.01,40.17,14528,573046.00,487
BSE,ATLANTAELE,INE0Z4F01028,B,1821.00,1847.90,1785.00,1839.70,1823.10,4844,8795651.00,616
BSE,ATLASCYCLE,INE446A01025,B,94.25,99.48,91.89,96.10,94.94,555,52750.00,43
BSE,ATUL,INE100A01010,A,6400.05,6491.50,6375.00,6484.40,6447.20,454,2927944.00,127
BSE,ATULAUTO,INE951D01028,B,479.95,479.95,464.50,466.35,476.55,7901,3695186.00,413
BSE,ATVOENT,INE219M01021,X,40.00,41.20,39.22,39.27,41.28,141849,5649924.00,328
BSE,ATVPR,INE447A01015,X,26.20,26.20,24.55,24.88,25.21,11847,295993.00,163
BSE,AUBANK,INE949L01017,A,1075.00,1079.45,1064.60,1079.45,1076.60,22450,24035273.00,4076
BSE,AUDROC,INE061B01038,X,15.32,15.32,15.32,15.32,15.02,97,1486.00,4
BSE,AUGMONT,INE16W401027,B,869.80,952.85,856.95,952.85,866.25,364662,333036319.00,16595
BSE,AUREATE,INE1KVL01010,M,36.70,37.00,36.70,37.00,36.50,16000,589600.00,5
BSE,AURIONPRO,INE132H01018,A,696.00,701.05,684.25,693.85,694.85,7226,5003543.00,601
BSE,AURIQUE,INE766A01026,X,14.81,14.81,14.81,14.81,14.11,198,2932.00,4
BSE,AUROLAB,INE292C01011,X,232.00,249.40,229.05,243.05,228.60,11668,2775112.00,94
BSE,AUROPHARMA,INE406A01037,A,1679.80,1695.15,1640.90,1656.30,1683.00,31211,52115345.00,2812
BSE,AURUM,INE898S01029,B,225.35,227.00,220.20,226.20,222.00,7160,1601224.00,290
BSE,AURUS,INE142K01011,B,4.37,4.72,4.20,4.64,4.65,13298,58175.00,23
BSE,AUSOMENT,INE218C01016,B,149.00,157.20,149.00,155.80,149.80,5064,781272.00,89
BSE,AUSTENG,INE759F01012,B,123.95,124.00,122.60,123.70,123.95,2584,319121.00,19
BSE,AUSTERE,INE104201012,M,41.50,41.90,41.20,41.20,41.05,10000,415500.00,5
BSE,AUTOAXLES,INE449A01011,B,1699.40,1736.90,1699.40,1734.00,1696.30,199,341202.00,32
BSE,AUTOIND,INE718H01014,B,84.72,86.89,84.00,84.92,85.17,8822,753488.00,124
BSE,AUTOINT,INE340U01010,X,305.85,305.85,290.05,291.15,291.55,622,182075.00,32
BSE,AUTOPINS,INE706C01028,X,109.35,114.00,109.35,110.70,110.20,16,1757.00,10
BSE,AVADHSUGAR,INE349W01017,B,823.00,848.05,810.00,812.70,822.75,3550,2945361.00,204
BSE,AVAILFC,INE325G01010,B,148.90,148.90,144.00,146.15,149.60,2185,319119.00,59
BSE,AVALON,INE0LCL01028,A,2286.25,2349.00,2166.55,2189.15,2318.80,27682,61619640.00,2656
BSE,AVANCE,INE758A01072,B,0.82,0.85,0.80,0.83,0.82,5739022,4703464.00,925
BSE,AVANTEL,INE005B01027,A,156.85,157.50,155.75,156.85,156.65,61205,9584368.00,563
BSE,AVANTIFEED,INE871C01038,A,835.60,835.60,800.10,801.50,832.90,14857,12039621.00,1365
BSE,AVAX,INE0NQ401024,MT,39.45,39.45,36.30,36.30,38.21,8000,293550.00,4
BSE,AVG,INE680Z01018,T,174.00,174.00,168.30,172.00,175.90,1629,277534.00,31
BSE,AVL,INE679V01027,A,604.50,606.00,593.90,599.75,604.50,7007,4202555.00,267
BSE,AVONMORE,INE323B01024,B,13.20,13.37,12.85,13.05,13.30,9984,129999.00,189
BSE,AVROIND,INE652Z01025,B,8.90,9.20,8.58,9.08,8.61,177700,1580535.00,292
BSE,AVTNPL,INE488D01021,B,87.81,88.14,86.10,87.20,88.62,24483,2128494.00,492
BSE,AWFIS,INE108V01019,A,264.80,264.80,255.50,256.15,262.25,6602,1704295.00,227
BSE,AWHCL,INE01BK01022,B,375.00,375.20,370.00,373.15,378.25,6133,2282529.00,369
BSE,AWL,INE699H01024,A,194.25,194.25,189.70,191.20,194.25,115875,22176877.00,1697
BSE,AXELPOLY,INE197C01012,X,51.70,51.70,46.50,46.50,48.13,179,8684.00,10
BSE,AXISBANK,INE238A01034,A,1251.30,1266.95,1249.70,1255.00,1259.95,549741,690778658.00,8052
BSE,AXISCADES,INE555B01013,B,1658.00,1722.50,1626.00,1689.10,1642.25,10992,18596593.00,885
BSE,AXISOL,INE520G01024,XT,535.20,535.20,535.20,535.20,546.10,7985,4273572.00,122
BSE,AXITA,INE02EZ01022,B,8.08,8.15,7.97,7.98,7.96,268256,2149933.00,213
BSE,AXTEL,INE767C01012,B,397.00,399.35,395.00,398.10,397.10,54,21477.00,10
BSE,AYE,INE501X01029,B,170.60,172.90,168.20,171.40,171.85,1137698,193424621.00,995
BSE,AYMSYNTEX,INE193B01039,B,295.20,318.80,290.00,313.10,292.85,28330,8759953.00,1145
BSE,AZAD,INE02IJ01035,A,2842.00,2851.70,2754.95,2783.75,2842.00,13178,36810305.00,1206
BSE,AZADIND,INE566M01017,B,90.37,93.00,88.84,90.05,89.78,1869,167117.00,61
BSE,AZTEC,INE0SCB01016,M,94.50,96.00,94.50,96.00,95.52,3000,285500.00,3
BSE,B2BSOFT,INE151B01011,X,23.73,23.73,22.50,22.74,23.46,5348,122400.00,119
BSE,BABA,INE893A01036,X,14.40,14.40,13.36,13.59,13.49,28135,385784.00,58
BSE,BACPHAR,INE711D01018,X,13.30,13.89,13.00,13.89,13.23,66046,911521.00,130
BSE,BAFNAPH,INE878I01022,T,308.70,308.70,308.70,308.70,315.00,2585,797989.00,28
BSE,BAGFILMS,INE116D01028,B,4.45,4.50,4.32,4.32,4.33,18056,79626.00,26
BSE,BAGMANE,INE2OVN25015,IF,104.16,106.73,104.16,106.19,106.04,36163,3840211.00,1215
BSE,BAIDFIN,INE020D01022,B,10.10,10.10,9.91,10.03,10.19,870,8696.00,27
BSE,BAIKAKAJI,INE1IJQ01026,M,309.95,328.90,295.00,317.30,311.50,73200,22744320.00,114
BSE,BAJAJ-AUTO,INE917I01010,A,12299.95,12299.95,11916.80,12151.60,12360.00,11079,133671886.00,3261
BSE,BAJAJCON,INE933K01021,A,469.20,498.55,466.00,484.55,471.70,78863,38263253.00,1621
BSE,BAJAJELEC,INE193E01025,A,321.00,327.10,320.65,323.55,325.50,3855,1245985.00,310
BSE,BAJAJFINSV,INE918I01026,A,1959.85,1990.00,1940.00,1990.00,1970.00,11099,21797205.00,1191
BSE,BAJAJHCARE,INE411U01027,B,327.00,331.60,326.00,329.00,329.10,4185,1370230.00,162
BSE,BAJAJHFL,INE377Y01014,A,82.71,83.00,81.80,82.79,82.92,481703,39714794.00,5796
BSE,BAJAJHIND,INE306A01021,B,21.80,22.34,21.52,21.83,21.99,1497154,32678283.00,3557
BSE,BAJAJHLDNG,INE118A01012,A,11300.10,11300.10,11065.80,11090.30,11342.45,1880,20927291.00,463
BSE,BAJAJINDEF,INE0O9T01021,B,224.50,225.70,220.40,220.85,224.80,414,92275.00,31
BSE,BAJAJST,INE704G01024,B,351.90,354.75,341.55,351.80,351.90,2343,819889.00,147
BSE,BAJEL,INE0KQN01018,B,187.35,187.90,184.10,185.30,186.15,6755,1254031.00,158
BSE,BAJFINANCE,INE296A01032,A,1041.05,1060.50,1034.85,1057.00,1053.10,135997,141914350.00,7530
BSE,BALAJEE,INE0S2G01011,B,26.13,26.36,25.95,26.31,26.05,680,17837.00,36
BSE,BALAJITELE,INE794B01026,B,91.01,92.21,90.00,91.19,92.11,30890,2796304.00,249
BSE,BALAMINES,INE050E01027,B,2438.95,2505.00,2373.25,2392.90,2411.20,28764,70268888.00,3044
BSE,BALGOPAL,INE119R01014,X,200.00,200.00,194.65,197.80,194.60,155,30945.00,9
BSE,BALKRISHNA,INE875R01011,B,14.00,17.01,14.00,16.81,17.18,1867,29873.00,19
BSE,BALKRISIND,INE787D01026,A,2347.75,2347.75,2275.00,2328.95,2331.65,7247,16708939.00,1409
BSE,BALMLAWRIE,INE164A01016,B,175.50,177.35,174.00,175.80,176.05,6669,1174874.00,178
BSE,BALPHARMA,INE083D01012,B,88.45,88.55,85.10,85.34,85.39,326,28180.00,19
BSE,BALRAMCHIN,INE119A01028,A,666.30,675.05,638.85,670.50,668.90,294968,193936207.00,5613
BSE,BALTE,INE654B01014,X,12.50,13.00,12.50,12.70,12.52,502,6355.00,7
BSE,BALUFORGE,INE011E01029,A,620.60,627.40,575.10,578.35,621.85,82608,48570670.00,1910
BSE,BAMBINO,INE921D01013,X,210.00,216.90,210.00,216.90,217.20,2410,519108.00,18
BSE,BAMPSL,INE802A01037,X,19.00,19.05,18.70,18.99,18.98,1643,31202.00,27
BSE,BANARBEADS,INE655B01011,B,113.65,116.50,113.35,116.50,118.50,145,16458.00,11
BSE,BANARISUG,INE459A01010,B,3828.80,3893.30,3828.80,3843.10,3790.00,46,177451.00,17
BSE,BANASFN,INE521L01030,X,7.38,7.38,7.10,7.12,7.32,14650,104506.00,73
BSE,BANCOINDIA,INE213C01025,A,624.05,624.05,611.10,613.35,619.75,8587,5270546.00,381
BSE,BANDARAM,INE875N01036,X,19.10,21.60,19.10,21.16,18.55,23308,478599.00,190
BSE,BANDHANBNK,INE545U01014,A,161.00,162.30,159.30,161.70,162.50,219931,35372201.00,2557
BSE,BANG,INE863I01016,B,33.50,34.90,33.25,33.77,34.78,320,10700.00,15
BSE,BANKBARODA,INE028A01039,A,237.70,241.20,236.00,240.55,238.20,368255,88161159.00,4249
BSE,BANKINDIA,INE084A01016,A,142.00,143.30,140.30,142.50,142.10,154970,22000746.00,1417
BSE,BANSALWIRE,INE0B9K01025,B,319.30,320.50,315.90,317.40,319.25,1191,379171.00,86
BSE,BANSWRAS,INE629D01020,B,115.40,119.40,115.40,119.25,115.95,1579,187577.00,32
BSE,BAPACK,INE00FM01013,X,205.00,205.00,205.00,205.00,205.00,50,10250.00,1
BSE,BARODARY,INE461A01024,X,126.10,126.95,122.50,122.60,124.90,748,92748.00,42
BSE,BAROEXT,INE927K01023,X,9.40,10.00,9.05,9.54,9.23,185511,1740010.00,328
BSE,BASANTGL,INE473E01021,X,11.22,11.73,11.22,11.35,11.48,19352,219919.00,92
BSE,BASF,INE373A01013,A,3766.80,3842.90,3735.05,3810.65,3758.95,683,2598216.00,175
BSE,BASML,INE186H01022,T,25.75,25.75,24.57,25.40,25.75,21300,528326.00,38
BSE,BATAINDIA,INE176A01028,A,677.40,678.00,667.05,670.50,677.40,11166,7491701.00,949
BSE,BATLIBOI,INE177C01022,B,85.51,94.80,85.20,93.82,85.89,25358,2327028.00,676
BSE,BAYERCROP,INE462A01022,A,3952.10,3999.60,3933.45,3980.70,3991.75,2045,8100245.00,393
BSE,BAZELINTER,INE217E01014,X,23.28,23.28,22.12,22.14,23.28,206,4690.00,12
BSE,BBL,INE464A01036,B,2300.00,2303.50,2268.95,2289.00,2321.80,2396,5477716.00,341
BSE,BBOX,INE676A01027,A,729.60,729.60,709.50,725.05,721.40,18881,13582082.00,1054
BSE,BBTC,INE050A01025,A,1523.25,1528.35,1491.00,1493.95,1534.10,2357,3556529.00,258
BSE,BBTCL,INE01EE01011,B,222.35,243.00,217.90,224.00,222.35,1532,338370.00,194
BSE,BCCFUBA,INE788D01016,X,241.00,241.00,224.70,225.75,236.50,37495,8599274.00,432
BSE,BCCL,INE0KQ001017,M,32.04,32.04,31.20,32.04,30.52,53600,1707112.00,80
BSE,BCG,INE425B01027,B,9.02,9.05,8.90,8.93,9.01,385482,3443839.00,779
BSE,BCLIND,INE412G01024,B,36.28,36.88,35.93,36.02,36.27,93285,3373556.00,427
BSE,BCONCEPTS,INE977Y01011,B,159.95,167.00,158.95,162.35,163.80,1989,319874.00,70
BSE,BCP,INE905P01028,X,1.77,1.80,1.76,1.77,1.78,38420,68201.00,116
BSE,BCPL,INE00SW01015,B,68.79,68.89,67.32,68.13,68.35,484,32656.00,37
BSE,BDH,INE278D01018,X,538.00,545.00,525.20,525.70,529.95,271,144890.00,44
BSE,BDL,INE171Z01026,A,1243.00,1258.00,1231.15,1254.00,1250.00,49293,61214557.00,2986
BSE,BECTORFOOD,INE495P01020,B,234.35,234.35,222.05,227.95,227.65,87911,19831893.00,1148
BSE,BEDMUTHA,INE844K01012,B,107.00,108.75,106.50,107.10,107.00,347,37159.00,13
BSE,BEEKAY,INE213D01015,B,406.00,406.90,401.00,403.85,395.60,116,47036.00,11
BSE,BEEYU,INE052B01011,X,2.50,2.60,2.50,2.60,2.60,2210,5646.00,9
BSE,BEFOUNDMOL,INE425F01028,XT,3.71,3.71,3.71,3.71,3.90,9,33.00,1
BSE,BEL,INE263A01024,A,408.00,408.00,402.75,405.50,410.95,1099522,445155617.00,8704
BSE,BELDING,INE363L01045,X,1025.00,1035.40,1025.00,1032.90,1035.45,2477,2556598.00,41
BSE,BELLACASA,INE344T01014,B,242.50,249.00,241.00,241.20,247.60,1010,248829.00,18
BSE,BELRISE,INE894V01022,A,229.55,235.00,227.80,234.30,230.70,173078,40225699.00,2619
BSE,BEMHY,INE142E01022,X,109.80,113.00,106.25,107.90,106.75,9439,1030190.00,132
BSE,BEML,INE258A01024,A,1983.50,2047.00,1957.00,2032.55,1971.50,86474,173994349.00,5183
BSE,BENARAS,INE664D01019,B,10229.00,10229.00,10112.00,10130.10,10229.75,32,324272.00,10
BSE,BENCHMARK,INE0Q2Z01013,MT,45.53,45.53,45.00,45.00,43.37,16000,727420.00,8
BSE,BENGALASM,INE083K01017,B,6640.00,6648.00,6289.00,6408.95,6645.40,119,773941.00,77
BSE,BEPL,INE922A01025,B,127.40,129.30,125.10,127.30,127.10,103789,13206916.00,1031
BSE,BERGEPAINT,INE463A01038,A,490.00,490.00,479.00,487.90,491.15,13450,6520728.00,985
BSE,BERLDRG,INE415H01017,X,24.85,24.85,22.56,24.44,23.87,1272,30418.00,22
BSE,BERVINL,INE348I01018,X,56.00,56.00,55.72,55.72,55.70,3,167.00,2
BSE,BERYLSE,INE508J01015,X,31.40,31.40,31.30,31.30,29.94,18,563.00,3
BSE,BESTAGRO,INE052T01021,B,18.08,18.82,18.00,18.82,17.11,374253,6994927.00,501
BSE,BESTEAST,INE553F01035,XT,16.00,16.39,16.00,16.12,16.22,1117,18072.00,16
BSE,BETALA,INE658E01027,XT,30.89,32.43,30.89,32.43,6.18,17477,565893.00,53
BSE,BETXIND,INE765L01017,X,467.05,498.85,467.00,488.55,467.00,15,7220.00,8
BSE,BFINVEST,INE878K01010,B,445.25,454.30,439.00,453.00,445.25,2372,1064141.00,211
BSE,BFLAFL,INE948Q01018,X,6.75,7.35,6.75,6.90,7.08,2751,18733.00,14
BSE,BFUTILITIE,INE243D01012,B,500.90,504.65,497.15,501.95,506.20,2136,1069046.00,122
BSE,BGDL,INE893C01032,B,133.00,140.00,131.30,131.30,145.85,61147,8058260.00,540
BSE,BGIL,INE443D01018,X,6.50,6.67,6.14,6.47,6.37,46512,295765.00,87
BSE,BGRENERGY,INE661I01014,T,232.90,246.10,230.00,245.25,234.40,16441,3990369.00,179
BSE,BGWTATO,INE106G01014,XT,648.95,668.90,642.50,648.25,648.95,2516,1659071.00,53
BSE,BHAGCHEM,INE414D01027,B,269.25,269.40,263.90,267.95,269.60,2855,757994.00,67
BSE,BHAGERIA,INE354C01027,T,274.95,274.95,252.25,274.95,261.90,69050,18807354.00,446
BSE,BHAGGAS,INE099C01010,XT,9.00,9.28,8.60,8.72,8.97,11895,105529.00,103
BSE,BHAGWOX,INE026I01010,X,34.91,35.12,34.91,35.03,37.00,762,26693.00,13
BSE,BHAGYANGR,INE458B01036,B,371.00,385.00,367.00,380.00,380.10,14531,5459860.00,521
BSE,BHANDARI,INE474E01029,B,2.90,3.05,2.90,3.00,2.99,23688,71318.00,71
BSE,BHANDERI,INE336Q01016,MT,131.00,131.00,131.00,131.00,129.00,9600,1257600.00,2
BSE,BHARAT,INE900A01013,X,23.04,23.81,22.73,23.00,23.01,663,15468.00,33
BSE,BHARATAGRI,INE842D01029,X,22.76,22.80,21.90,22.47,22.10,15962,356004.00,74
BSE,BHARATCOAL,INE05XR01022,B,33.23,34.80,33.00,33.94,33.33,640629,21859321.00,2033
BSE,BHARATFORG,INE465A01025,A,2049.00,2049.00,2006.00,2024.05,2055.00,488884,988086957.00,3401
BSE,BHARATGEAR,INE561C01019,T,101.85,102.55,99.20,102.55,100.15,1429,145174.00,36
BSE,BHARATRAS,INE838B01021,B,1250.20,1250.20,1188.30,1204.30,1233.35,2930,3580410.00,377
BSE,BHARATSE,INE415D01024,B,223.65,223.70,212.05,214.55,218.95,16869,3619379.00,294
BSE,BHARATWIRE,INE316L01019,B,172.40,180.20,170.00,176.10,168.35,20999,3654064.00,437
BSE,BHARTIARTL,INE397D01024,A,1872.00,1873.00,1855.00,1860.90,1872.00,159001,296879889.00,12192
BSE,BHARTIHEXA,INE343G01021,A,1511.70,1545.00,1497.15,1527.90,1514.35,3692,5628235.00,415
BSE,BHASKAGR,INE972C01018,X,110.25,112.00,107.75,109.00,111.00,426,46880.00,26
BSE,BHATIA,INE341Z01025,X,31.50,32.18,30.70,31.22,31.50,146821,4577421.00,390
BSE,BHEL,INE257A01026,A,425.25,426.90,417.60,426.90,426.05,151743,64171534.00,4269
BSE,BHILSPIN,INE436C01014,X,134.65,134.85,131.00,132.25,134.80,628,82743.00,22
BSE,BHUDEVI,INE432N01010,X,104.30,104.30,104.30,104.30,109.75,362,37756.00,23
BSE,BI,INE986A01012,T,85.20,90.31,85.20,87.40,88.29,10275,910781.00,58
BSE,BIBCL,INE994B01014,B,15.59,15.73,15.36,15.55,15.59,9402,146527.00,73
BSE,BIGBLOC,INE412U01025,B,41.82,41.86,40.90,41.43,42.04,5546,228352.00,108
BSE,BIHSPONG,INE819C01011,X,12.60,12.60,11.80,11.88,11.94,17470,207898.00,89
BSE,BIKAJI,INE00E101023,A,589.40,597.60,586.45,589.80,598.85,17480,10334472.00,1054
BSE,BIL,INE828A01016,B,894.40,911.85,891.60,893.30,891.70,1207,1081925.00,185
BSE,BILLWIN,INE0CRS01012,M,17.00,17.10,16.40,16.76,16.00,51000,863970.00,15
BSE,BILVYAPAR,INE071A01013,T,4.00,4.18,3.90,4.12,4.00,693,2779.00,13
BSE,BIMETAL,INE469A01019,B,639.05,639.05,624.85,637.50,640.00,302,192019.00,48
BSE,BINNYMILLS,INE160L01011,XT,235.95,248.35,235.95,238.00,248.35,10,2375.00,4
BSE,BIOCON,INE376G01013,A,399.45,402.00,397.85,401.30,401.25,498359,199469002.00,3204
BSE,BIOFILCHEM,INE829A01014,B,32.86,32.86,31.55,31.90,32.22,520,16802.00,19
BSE,BIOGEN,INE703D01023,X,0.28,0.28,0.26,0.28,0.28,6351941,1736921.00,1106
BSE,BIRET,INE0FDU25010,IF,343.00,343.00,339.00,341.41,341.54,12014,4096608.00,1077
BSE,BIRLACABLE,INE800A01015,T,340.35,340.35,328.60,340.35,324.15,28502,9659212.00,434
BSE,BIRLACORPN,INE340A01012,A,868.85,876.00,860.05,866.95,879.80,3083,2673520.00,410
BSE,BIRLACOT,INE655I01032,XT,17.60,18.60,17.08,18.07,17.96,54584,961671.00,308
BSE,BIRLAMONEY,INE865C01022,B,128.20,128.20,125.85,126.65,128.20,1305,164956.00,86
BSE,BIRLANU,INE557A01011,B,1422.50,1435.00,1414.00,1420.10,1440.55,273,389505.00,54
BSE,BIRLAPREC,INE372E01025,B,44.00,44.99,43.10,43.43,43.56,4472,196559.00,59
BSE,BITS,INE839A01021,X,7.07,7.20,6.90,7.08,7.07,29211,206315.00,199
BSE,BIZOTIC,INE0OJ401014,M,87.40,87.40,83.03,83.03,87.40,144000,11966256.00,83
BSE,BKV,INE356C01022,X,8.39,9.25,8.39,8.85,8.61,1972,17651.00,35
BSE,BLACKBUCK,INE0UIZ01018,A,579.75,586.55,571.50,582.60,580.05,8031,4629484.00,356
BSE,BLACKROSE,INE761G01016,T,112.00,114.00,112.00,113.50,112.85,1033,116310.00,33
BSE,BLAL,INE0N7W01012,B,161.90,166.30,161.90,163.75,165.40,434,71057.00,62
BSE,BLBLIMITED,INE791A01024,B,16.92,17.52,15.92,17.03,16.05,24162,413927.00,64
BSE,BLEL,INE1EEM01017,B,434.65,452.15,431.30,445.35,435.10,87857,38942226.00,1771
BSE,BLIL,INE525F01025,B,72.45,72.45,71.91,72.17,72.18,7702,555234.00,330
BSE,BLISSGVS,INE416D01022,T,639.95,657.00,605.35,649.00,629.65,12351,7894094.00,393
BSE,BLKASHYAP,INE350H01032,B,55.84,57.80,54.98,55.71,55.71,24471,1372088.00,385
BSE,BLOIN,INE373E01015,X,30.00,31.00,28.05,30.50,29.00,149,4500.00,12
BSE,BLS,INE153T01027,A,237.90,237.90,234.00,235.15,238.10,79889,18787148.00,1284
BSE,BLSE,INE0NLT01010,B,329.40,329.80,322.35,322.60,327.20,3129,1019828.00,142
BSE,BLT,INE0W4K01013,MT,27.00,27.00,27.00,27.00,26.99,1600,43200.00,1
BSE,BLUECHIPT,INE472D01017,X,113.00,115.25,100.20,107.00,113.10,1787,196875.00,29
BSE,BLUECLOUDS,INE373T01047,B,20.02,20.10,19.62,19.93,20.00,459397,9093300.00,1128
BSE,BLUEDART,INE233B01017,A,5104.75,5147.60,4999.95,5021.60,5104.55,824,4171883.00,189
BSE,BLUEJET,INE0KBH01020,A,581.70,586.00,576.10,580.80,587.45,9244,5369146.00,402
BSE,BLUESTARCO,INE472A01039,A,1490.80,1490.80,1432.00,1447.10,1487.25,22563,32777748.00,1912
BSE,BLUESTONE,INE304W01038,A,815.85,819.30,795.00,813.50,813.50,25508,20553548.00,1060
BSE,BLUSPRING,INE0U4101014,B,118.00,133.50,118.00,132.05,121.65,86129,11090110.00,1107
BSE,BMBMUMG,INE644K01016,XT,7.36,7.36,7.00,7.00,7.36,443,3162.00,5
BSE,BMW,INE374E01021,X,50.00,50.40,47.25,49.35,49.28,375128,18209223.00,1467
BSE,BMWVENTLTD,INE965W01036,B,55.73,55.78,54.59,55.06,55.47,8205,451801.00,166
BSE,BNRSEC,INE710D01028,X,18.44,18.45,17.76,18.01,18.31,4994,90704.00,101
BSE,BNRUDY,INE355C01016,X,42.90,42.90,40.00,41.50,39.69,549,23252.00,10
BSE,BODALCHEM,INE338D01028,B,127.95,151.45,118.70,145.45,126.65,1414478,196019334.00,10517
BSE,BODHTREE,INE104F01029,X,11.75,13.56,11.68,13.52,11.30,53696,705521.00,238
BSE,BOMBCYC,INE691K01017,X,1609.90,1609.90,1535.00,1535.00,1545.00,29,45039.00,6
BSE,BOMBWIR,INE089T01023,X,42.97,44.99,41.06,41.61,42.97,340,14708.00,17
BSE,BOMDYEING,INE032A01023,B,113.90,115.40,111.50,113.85,113.90,51462,5793907.00,576
BSE,BOMOXY-B1,INE01TL01014,X,18556.00,18900.00,18022.00,18343.40,19400.00,62,1150235.00,37
BSE,BONDADA,INE0Q8P01029,M,284.95,284.95,277.00,277.95,285.50,115400,32361610.00,422
BSE,BONLON,INE0B9A01018,B,41.83,41.83,38.10,40.11,41.83,2908,114870.00,37
BSE,BORANA,INE16SF01016,B,308.50,309.75,303.00,305.30,313.55,3364,1031021.00,151
BSE,BOROLTD,INE02PY01013,B,240.00,253.00,236.80,249.80,242.80,19979,4917833.00,394
BSE,BORORENEW,INE666D01022,A,491.70,498.75,488.00,495.75,498.40,14691,7257957.00,690
BSE,BOROSCI,INE02L001032,B,127.50,132.10,127.50,130.75,126.85,11540,1489542.00,319
BSE,BOSCH-HCIL,INE782A01015,B,1737.20,1762.50,1692.60,1746.55,1743.90,1632,2818264.00,192
BSE,BOSCHLTD,INE323A01026,A,48399.95,48399.95,46379.55,47205.00,48180.00,1850,86611165.00,714
BSE,BOSTON,INE109B01019,X,4.79,4.79,4.79,4.79,4.79,140,670.00,3
BSE,BPAGRI,INE439N01031,B,8.72,8.73,8.43,8.64,8.63,14605,125555.00,98
BSE,BPCL,INE029A01011,A,312.25,318.80,312.25,318.80,316.75,486847,153417577.00,2463
BSE,BPL,INE110A01019,B,49.25,50.51,49.25,49.79,50.17,12958,647749.00,598
BSE,BPLPHARMA,INE365Y01019,B,1526.90,1589.95,1500.00,1551.25,1522.45,270,411214.00,35
BSE,BRADYM,INE856A01017,X,689.00,703.90,671.65,702.20,689.00,241,166906.00,30
BSE,BRAHMINFRA,INE320I01017,B,155.00,167.10,155.00,164.25,157.60,16707,2715715.00,217
BSE,BRAWN,INE899B01015,X,23.00,23.00,22.50,22.50,23.00,200,4510.00,2
BSE,BRGIL,INE00ST01011,MT,186.00,191.50,185.10,185.10,186.00,9000,1697650.00,9
BSE,BRIDGESE,INE958C01025,X,8.72,9.59,8.45,9.39,8.72,2109858,20002477.00,1751
BSE,BRIGADE,INE791I01019,A,635.00,656.00,622.75,639.90,645.60,16844,10637318.00,886
BSE,BRIGHOTEL,INE03NU01014,B,58.99,59.00,58.00,58.19,58.27,7919,462587.00,256
BSE,BRIGHT,INE0OMI01019,M,350.00,350.00,350.00,350.00,350.00,1875,656250.00,3
BSE,BRIGHTBR,INE630D01010,B,251.55,257.95,250.00,251.05,253.60,1289,323439.00,39
BSE,BRIJLEAS,INE957E01031,X,8.40,8.40,8.00,8.00,8.46,5576,45393.00,15
BSE,BRITANNIA,INE216A01030,A,5126.60,5150.00,5040.00,5150.00,5181.50,36804,188396227.00,1602
BSE,BRNL,INE727S01012,B,17.07,17.25,17.07,17.20,17.25,1686,28865.00,15
BSE,BROACH,INE0SFZ01018,M,15.20,20.95,15.20,17.58,18.20,24000,407700.00,4
BSE,BROOKS,INE650L01011,T,66.90,66.90,64.10,66.69,66.97,166,11078.00,9
BSE,BRPL,INE319Q01012,B,159.00,159.00,148.00,151.40,151.90,10812,1621547.00,342
BSE,BRRL,INE0IZQ01016,M,958.00,958.00,900.05,932.65,924.35,4200,3862020.00,20
BSE,BSELALGO,INE395A01016,X,4.04,4.17,4.04,4.07,4.06,40678,166525.00,162
BSE,BSHSL,INE032Z01020,B,90.05,90.05,88.68,88.68,88.22,35,3137.00,6
BSE,BSL,INE594B01012,B,123.00,124.00,120.95,122.00,123.00,530,64519.00,9
BSE,BSOFT,INE836A01035,A,294.00,299.45,292.00,294.40,295.95,87404,25834649.00,2755
BSE,BTML,INE0EEJ01023,B,8.21,8.21,7.88,8.15,8.21,33101,264611.00,66
BSE,BTTL,INE274K01012,T,43.19,43.40,43.19,43.19,42.65,76,3282.00,3
BSE,BUILDPRO,INE24OJ01011,B,1280.10,1295.75,1230.70,1264.45,1269.80,2204,2806478.00,228
BSE,BURNPUR,INE817H01022,B,19.57,19.57,17.88,19.57,18.64,117705,2275579.00,381
BSE,BUTTERFLY,INE295F01017,B,625.00,625.00,611.75,611.75,629.00,842,519612.00,125
BSE,BVCL,INE139I01011,B,43.68,43.68,42.71,42.71,43.89,2122,92396.00,13
BSE,BYKE,INE319B01014,T,32.47,32.65,31.40,31.40,32.47,432,13918.00,7
BSE,CALCOM,INE216C01010,X,71.00,72.00,69.00,69.99,69.52,2653,185531.00,40
BSE,CALSOFT,INE526B01014,B,40.84,40.85,40.00,40.85,38.91,42743,1744335.00,194
BSE,CAMEXLTD,INE198C01010,X,43.30,43.65,42.10,42.87,41.81,1213,52318.00,13
BSE,CAMLINFINE,INE052I01032,B,102.00,103.10,101.15,102.85,102.00,20882,2135098.00,242
BSE,CAMPUS,INE278Y01022,A,221.00,222.85,220.05,220.70,223.90,19860,4391704.00,361
BSE,CAMS,INE596I01020,A,752.85,752.85,730.90,741.00,751.90,64099,47281159.00,3829
BSE,CANBK,INE476A01022,A,125.35,127.00,124.35,126.10,125.60,553128,69591240.00,4404
BSE,CANDOUR,INE713D01055,X,64.95,64.99,63.30,64.04,63.82,6014,384733.00,51
BSE,CANFINHOME,INE477A01020,A,795.75,797.15,781.90,795.35,793.60,9123,7215722.00,797
BSE,CANHLIFE,INE01TY01017,B,155.55,155.55,151.65,152.95,154.10,39701,6059870.00,270
BSE,CANTABIL,INE068L01024,B,240.90,241.45,235.00,236.60,242.15,17888,4238986.00,83
BSE,CAPACITE,INE264T01014,B,209.00,210.15,201.65,204.80,208.85,27645,5684088.00,610
BSE,CAPILLARY,INE0ILV01024,B,486.60,491.95,482.35,484.25,493.55,5012,2440338.00,165
BSE,CAPINVIT,INE0Z8Z23013,IF,76.74,76.80,76.25,76.30,76.36,14198,1086996.00,150
BSE,CAPITALSFB,INE646H01017,B,282.45,282.50,280.30,282.50,285.30,1913,539224.00,128
BSE,CAPLIPOINT,INE475E01026,A,2734.85,2734.85,2651.00,2714.70,2710.95,17888,48247614.00,1468
BSE,CAPPIPES,INE513R01026,B,8.65,8.84,8.65,8.75,8.66,51378,450614.00,284
BSE,CAPRICORN,INE968E01012,XT,26.33,26.33,26.33,26.33,25.82,150178,3954186.00,16
BSE,CAPRIHANS,INE479A01018,XT,109.00,111.00,106.00,109.00,109.40,2705,292484.00,25
BSE,CAPRO,INE470N01010,X,46.28,46.28,46.28,46.28,44.08,571,26425.00,4
BSE,CAPTRUST,INE707C01018,T,18.80,19.69,18.55,19.69,18.76,11037,210951.00,54
BSE,CARBORUNIV,INE120A01034,A,1108.20,1108.20,1069.90,1073.35,1102.05,15823,17178142.00,841
BSE,CARERATING,INE752H01013,A,1702.80,1730.15,1680.00,1683.85,1706.30,1376,2345897.00,160
BSE,CARGOTRANS,INE0M4L01013,M,76.00,76.00,76.00,76.00,80.00,750,57000.00,1
BSE,CARRARO,INE0V7W01012,B,542.00,548.80,537.05,541.60,542.95,7440,4034110.00,507
BSE,CARTRADE,INE290S01011,A,2940.10,2987.65,2911.75,2933.00,2970.55,18719,55027648.00,1531
BSE,CARYSIL,INE482D01024,B,1104.65,1144.50,1103.50,1137.60,1116.70,2508,2817909.00,205
BSE,CASPIAN,INE176N01039,X,34.99,35.25,33.51,34.37,35.04,6525,225924.00,59
BSE,CASTORA,INE641H01018,XT,11.25,12.12,11.25,12.00,11.55,4617,54244.00,35
BSE,CASTROLIND,INE172A01027,A,185.15,186.45,184.10,186.05,185.95,44548,8258573.00,890
BSE,CATVISION,INE660B01011,X,20.50,20.50,19.17,19.60,19.60,1677,33155.00,20
BSE,CCAL,INE0M7501019,MT,39.97,39.97,39.97,39.97,39.19,6000,239820.00,1
BSE,CCAVENUE,INE483S01020,A,15.30,15.90,15.01,15.51,15.33,844927,13037544.00,1959
BSE,CCCL,INE429I01024,B,14.31,14.45,14.02,14.10,14.56,84138,1192835.00,204
BSE,CCDL,INE187R01029,XT,1.20,1.20,1.18,1.18,1.20,221365,261440.00,127
BSE,CCHHL,INE652F01027,B,12.30,12.93,12.30,12.85,12.57,28,346.00,4
BSE,CCL,INE421D01022,A,1090.05,1104.50,1075.00,1084.00,1100.20,12595,13717336.00,1008
BSE,CCLINTER,INE778E01031,X,22.99,22.99,22.98,22.99,22.27,90,2068.00,4
BSE,CCME,INE194N01016,X,34.12,34.12,34.12,34.12,35.91,3681,125595.00,18
BSE,CEATLTD,INE482A01020,A,3375.25,3384.80,3340.00,3346.05,3398.85,3199,10730002.00,630
BSE,CEEJAY,INE358C01010,X,169.95,169.95,156.55,162.15,163.80,7,1142.00,7
BSE,CEENIK,INE418D01010,XT,235.00,239.00,229.30,234.70,229.05,430,101198.00,17
BSE,CEETAIN,INE760J01012,X,43.50,43.50,39.99,39.99,39.50,3,123.00,3
BSE,CEIGALL,INE0AG901020,B,341.35,343.90,338.95,340.55,344.95,15163,5165855.00,304
BSE,CEINSYS,INE016Q01014,B,699.95,719.35,696.00,698.05,704.30,15610,11035854.00,648
BSE,CELEBRITY,INE185H01016,B,7.00,7.00,6.34,7.00,7.00,1686,10781.00,13
BSE,CELLA,INE266H01014,Z,38.32,38.32,38.32,38.32,36.50,7545,289124.00,33
BSE,CELLO,INE0LMW01024,A,352.10,352.10,343.00,346.70,350.25,25796,8903325.00,801
BSE,CEMAINFRA,INE222B01028,X,5.03,5.03,5.03,5.03,5.03,1,5.00,1
BSE,CEMPRO,INE686A01026,A,1238.05,1240.35,1213.30,1234.85,1245.95,16450,20202238.00,1885
BSE,CENLUB,INE627F01011,X,193.45,193.45,182.20,185.90,190.90,4588,858794.00,160
BSE,CENTENKA,INE485A01015,B,569.95,623.25,566.95,602.05,543.40,635272,379766422.00,17390
BSE,CENTEXT,INE281A01026,B,22.01,22.60,22.01,22.47,22.30,15793,352153.00,130
BSE,CENTRALBK,INE483A01010,A,30.25,30.51,29.86,30.38,30.29,288423,8728360.00,9848
BSE,CENTRUM,INE660C01027,B,22.66,23.24,22.10,23.13,22.45,17957,404010.00,40
BSE,CENTUM,INE320B01020,B,3497.40,3590.00,3440.00,3556.10,3422.65,6315,22300509.00,856
BSE,CENTUPLE,INE396H01019,XT,34.70,35.99,33.30,35.99,34.70,111,3919.00,10
BSE,CENTURYPLY,INE348B01021,A,750.40,755.60,745.60,748.85,756.55,1025,767590.00,131
BSE,CERA,INE739E01017,A,5709.95,5710.00,5633.20,5650.40,5718.25,280,1585625.00,95
BSE,CEREBRAINT,INE345B01019,Z,2.43,2.65,2.43,2.52,2.53,56437,146143.00,30
BSE,CESC,INE486A01021,A,144.20,147.80,143.50,146.45,145.20,153886,22495835.00,2229
BSE,CEWATER,INE037Z01029,B,264.05,264.55,257.95,261.50,264.20,2569,667528.00,118
BSE,CFEL,INE700F01024,B,31.45,33.00,30.93,31.70,30.75,5599,176715.00,44
BSE,CFF,INE0NJ001013,M,1020.00,1022.00,1002.10,1013.15,1024.40,15600,15763840.00,75
BSE,CGCL,INE180C01042,A,250.85,258.85,249.05,256.20,251.10,185452,47221806.00,2615
BSE,CGPOWER,INE067A01029,A,882.70,882.70,869.35,878.80,885.00,59843,52377269.00,2695
BSE,CGVAK,INE084D01010,B,154.75,154.75,147.55,152.10,154.85,125,19022.00,15
BSE,CHALET,INE427F01016,A,900.55,904.40,885.00,898.25,896.70,3181,2852064.00,356
BSE,CHALLANI,INE807A01010,X,18.55,18.55,16.83,18.39,18.55,439,7427.00,8
BSE,CHAMBLFERT,INE085A01013,A,413.85,414.90,407.95,412.10,412.15,18588,7638161.00,834
BSE,CHANDNIMACH,INE01GZ01011,XT,100.90,101.65,97.25,97.63,101.47,6815,668886.00,59
BSE,CHANDRAP,INE368D01025,X,10.19,10.84,10.19,10.60,10.37,3386,35852.00,32
BSE,CHANDRIMA,INE371F01024,XT,15.56,15.57,15.56,15.57,14.83,4939761,76900498.00,5672
BSE,CHATHA,INE0AH901011,MT,107.40,113.85,107.40,111.95,108.50,11000,1221500.00,10
BSE,CHCL,INE05BN01027,MT,12.16,12.16,12.16,12.16,11.59,274,3331.00,2
BSE,CHDCHEM,INE043U01010,X,5.28,5.28,5.00,5.00,5.30,9,46.00,3
BSE,CHEMBOND,INE995D01025,B,165.05,166.35,165.05,166.30,170.85,170,28247.00,5
BSE,CHEMBONDCH,INE0TGX01019,T,276.75,276.75,260.00,268.00,264.00,1127,303446.00,20
BSE,CHEMCON,INE03YM01018,T,193.25,200.45,193.25,200.45,197.85,2363,463254.00,28
BSE,CHEMCRUX,INE298W01016,B,82.25,83.64,81.50,83.00,83.00,2987,245915.00,23
BSE,CHEMFAB,INE783X01023,B,375.00,375.00,355.05,356.00,365.00,115,40987.00,7
BSE,CHEMKART,INE0VWL01017,M,181.00,185.00,181.00,185.00,181.00,3000,546000.00,5
BSE,CHEMPLASTS,INE488A01050,B,168.65,172.10,168.00,169.80,170.35,11348,1923987.00,272
BSE,CHEMTECH,INE212P01011,X,57.50,61.90,57.50,59.05,62.12,50533,3014852.00,324
BSE,CHENFERRO,INE777O01016,X,72.10,75.50,72.00,72.65,75.00,518,37543.00,45
BSE,CHENNPETRO,INE178A01016,A,1395.05,1423.10,1383.10,1413.40,1387.15,144234,202987639.00,6559
BSE,CHEVIOT,INE974B01016,B,1160.00,1160.00,1111.00,1135.00,1121.30,27,30500.00,18
BSE,CHIRAHARIT,INE12P101018,M,8.55,9.01,8.50,8.76,9.00,24000,208920.00,4
BSE,CHLOGIST,INE558F01026,XT,9.57,9.57,9.57,9.57,9.39,120138,1149720.00,56
BSE,CHMBBRW,INE417N01011,XT,34.51,34.51,32.80,32.86,34.51,5856,193604.00,49
BSE,CHOICEIN,INE102B01014,A,773.00,773.00,760.00,762.65,774.85,12074,9229282.00,545
BSE,CHOKSI,INE865B01016,X,255.00,260.25,246.10,249.30,245.75,449,113380.00,39
BSE,CHOKSILA,INE493D01013,X,151.20,158.75,148.10,158.50,151.20,15665,2473452.00,74
BSE,CHOLAFIN,INE121A01024,A,1799.95,1821.10,1773.50,1820.00,1813.45,11081,19823272.00,1364
BSE,CHOLAHLDNG,INE149A01033,A,1489.05,1497.05,1436.55,1487.10,1473.75,7038,10303756.00,733
BSE,CHORDIA,INE975C01011,X,77.00,82.00,75.00,79.58,75.99,504,39135.00,13
BSE,CHOWGULSTM,INE490A01015,X,21.90,22.70,21.28,22.40,21.75,3294,73151.00,36
BSE,CHROME,INE114E01013,X,44.70,44.70,40.00,41.30,41.22,1393,56166.00,20
BSE,CHRTEDCA,INE953B01010,X,262.45,262.50,262.00,262.50,250.00,161,42256.00,10
BSE,CHTR,INE1B4801017,M,40.25,41.49,40.25,41.25,42.00,7200,294888.00,6
BSE,CIANAGRO,INE052V01019,B,1365.00,1384.00,1348.00,1350.00,1364.00,22422,30365045.00,1555
BSE,CIEINDIA,INE536H01010,A,392.25,392.50,384.25,385.05,391.45,15412,5965130.00,872
BSE,CIFL,INE345H01024,B,20.50,20.50,20.36,20.36,20.36,111,2275.00,6
BSE,CILSEC,INE830A01012,X,38.40,42.00,38.40,38.62,38.40,2076,80926.00,23
BSE,CINELINE,INE704H01022,B,88.83,92.99,88.00,88.00,88.06,338,30528.00,10
BSE,CINEVISTA,INE039B01026,B,17.25,17.25,14.10,15.22,14.40,4438,65004.00,28
BSE,CIPLA,INE059A01026,A,1418.00,1418.00,1402.00,1413.15,1418.00,8394,11833663.00,925
BSE,CITADEL,INE906D01014,X,38.02,39.99,38.01,38.17,39.55,1881,72101.00,23
BSE,CITIUSINVT,INE2Q7823014,IF,114.33,115.00,113.51,114.00,114.90,1239,141028.00,21
BSE,CITIZEN,INE473L01018,X,199.00,209.20,195.00,209.20,199.25,2262,467619.00,38
BSE,CITYONLINE,INE158C01014,Z,7.30,7.30,7.16,7.26,7.16,200,1446.00,19
BSE,CJGEL,INE557D01015,X,27.24,27.24,24.66,26.29,25.95,5231,130899.00,26
BSE,CLEAN,INE227W01023,A,834.35,870.50,816.05,863.20,826.95,71541,60847324.00,3103
BSE,CLEANMAX,INE647U01026,B,1237.15,1266.10,1223.95,1256.75,1250.50,15197,18864980.00,921
BSE,CLEDUCATE,INE201M01029,T,62.45,62.45,60.51,61.72,63.33,1112,69367.00,13
BSE,CLFL,INE949C01016,X,59.48,60.00,59.48,60.00,60.63,6,357.00,2
BSE,CLIOINFO,INE011B01017,XT,12.86,13.82,12.82,13.68,13.49,10023,131650.00,65
BSE,CLN,INE0WDX01010,MT,530.00,530.00,513.00,526.00,540.00,1600,837200.00,7
BSE,CLSEL,INE419D01026,B,299.50,306.45,298.30,301.35,302.50,6465,1945462.00,285
BSE,CMLL,INE11XY01018,B,496.05,520.35,491.00,496.25,502.20,51032,25695344.00,1334
BSE,CMMHOSP,INE889F01017,X,38.00,44.00,38.00,39.30,38.39,1078,42231.00,25
BSE,CMPDI,INE05HV01027,B,222.40,226.15,219.35,222.85,222.65,74547,16533719.00,888
BSE,CMRGREEN,INE00WV01027,B,231.95,231.95,223.65,224.60,230.95,18132,4083405.00,433
BSE,CMSINFO,INE925R01014,A,248.00,253.95,245.80,249.55,247.65,47274,11835953.00,1215
BSE,CMXLTD,INE027F01014,XT,23.93,24.62,23.00,23.01,23.46,12887,310902.00,42
BSE,CNCRD,INE0N0J01014,M,2244.95,2274.90,2182.00,2240.65,2181.00,3800,8463432.00,65
BSE,CNINFOTECH,INE0WXM01011,M,80.00,82.20,80.00,80.50,80.25,10400,842448.00,20
BSE,CNL,INE985W01018,B,1236.00,1267.60,1221.50,1259.60,1245.70,2660,3290919.00,170
BSE,COALINDIA,INE522F01014,A,405.25,422.35,405.05,418.10,402.50,3634746,1515840434.00,32694
BSE,COASTCORP,INE377E01024,B,40.00,40.50,39.18,39.44,39.87,2497,99084.00,76
BSE,COCHINM,INE105D01013,X,306.50,320.80,301.00,315.50,302.75,46185,14510227.00,835
BSE,COCHINSHIP,INE704P01025,A,1465.65,1471.00,1452.40,1460.00,1473.00,26784,39092585.00,1701
BSE,COCHMAL,INE788M01017,X,135.00,152.50,134.40,152.40,131.70,490,69066.00,19
BSE,COCKERILL,INE515A01019,B,8149.95,8149.95,7850.00,7989.25,7953.85,527,4160943.00,165
BSE,COFFEEDAY,INE335K01011,T,28.70,29.90,28.70,29.40,29.21,70239,2049132.00,225
BSE,COFORGE,INE591G01025,A,1979.75,1979.75,1943.00,1960.15,1983.00,71245,139783499.00,8271
BSE,COHANCE,INE03QK01018,A,461.80,469.50,453.50,458.95,459.75,48472,22276607.00,2036
BSE,COLINZ,INE923C01011,XT,69.25,73.00,69.25,69.61,72.80,2216,153845.00,13
BSE,COLORCHIPS,INE621I01042,X,11.40,12.90,11.40,11.49,11.79,3881,45878.00,43
BSE,COLPAL,INE259A01022,A,1855.55,1862.00,1832.60,1857.40,1856.00,16046,29620587.00,1320
BSE,COMCL,INE456N01019,X,14.73,14.73,14.00,14.02,14.16,1354,19598.00,22
BSE,COMFINCAP,INE274M01026,X,7.68,7.68,7.50,7.59,7.65,12071,91375.00,70
BSE,COMFINTE,INE819A01049,B,6.16,6.29,6.12,6.23,6.22,54426,337630.00,146
BSE,COMPEAU,INE823B01015,B,352.45,369.00,352.15,364.95,361.05,1085,391756.00,48
BSE,COMPINFO,INE070C01037,Z,1.12,1.12,1.05,1.08,1.10,4196,4486.00,7
BSE,COMPUPN,INE607B01012,X,3.71,3.83,3.53,3.53,3.71,31811,113088.00,100
BSE,COMPUSOFT,INE453B01029,B,13.75,13.90,13.00,13.49,13.44,1616,21576.00,38
BSE,COMRADE,INE0NXA01015,MT,35.00,35.00,35.00,35.00,35.58,1000,35000.00,1
BSE,COMSYN,INE073V01015,B,304.60,312.30,296.00,302.05,304.60,7456,2274565.00,229
BSE,CONART,INE714D01020,X,97.99,99.00,93.20,95.38,96.96,7536,727847.00,105
BSE,CONCOR,INE111A01025,A,523.85,523.85,508.00,510.10,513.50,186097,95397204.00,1984
BSE,CONCORD,INE858L01010,X,81.50,81.50,78.10,78.72,81.92,3064,244565.00,38
BSE,CONCORDBIO,INE338H01029,A,1492.75,1492.75,1440.10,1442.45,1483.30,6067,8874226.00,506
BSE,CONFIPET,INE552D01024,B,81.91,84.39,78.98,82.58,80.41,314120,25844933.00,2961
BSE,CONSTRONIC,INE537B01011,X,48.99,48.99,45.00,45.00,44.57,672,30448.00,8
BSE,CONTAIN-RE,INE0M8920010,R,0.90,0.90,0.87,0.87,1.45,21000,18300.00,7
BSE,CONTAINE,INE0M8901010,M,19.65,20.00,19.18,19.21,20.18,21000,407950.00,16
BSE,CONTAINER,INE319U01022,X,18.90,20.50,16.89,17.55,18.76,64093,1122189.00,189
BSE,CONTCHM,INE423K01015,X,64.05,64.05,60.85,60.85,64.05,35,2145.00,6
BSE,CONTICON,INE545B01022,XT,15.00,15.00,14.95,14.99,15.00,2301,34512.00,10
BSE,CONTILI,INE080G01029,X,20.03,21.70,19.50,19.99,20.04,5660,115866.00,50
BSE,CONTPTR,INE369D01023,X,78.16,78.16,76.00,77.70,78.16,900,69242.00,5
BSE,CONTROLPR,INE663B01015,B,594.45,609.55,590.10,607.55,595.25,2096,1252264.00,146
BSE,CORALAB,INE683E01017,XT,595.00,600.00,585.00,586.10,596.10,387,227275.00,24
BSE,CORALFINAC,INE558D01021,B,32.10,33.40,32.01,32.81,32.33,713,23082.00,36
BSE,CORDELIA,INE0LZF01039,B,101.85,103.55,100.90,101.80,104.20,109825,11162299.00,1102
BSE,CORDSCABLE,INE792I01017,B,323.95,329.45,306.20,316.15,312.85,43003,13766851.00,1285
BSE,COROENGG,INE312J01012,X,54.40,58.00,54.40,57.93,54.91,5103,285351.00,55
BSE,COROMANDEL,INE169A01031,A,1920.00,1927.55,1890.00,1912.70,1924.70,120237,229384471.00,507
BSE,CORONA,INE02ZQ01018,B,2020.85,2074.15,2020.85,2051.15,2041.60,1644,3372574.00,206
BSE,COSCO,INE949B01018,X,187.00,187.00,176.20,182.80,188.00,1750,318148.00,57
BSE,COSMICCRF,INE0ORA01015,MT,1337.05,1337.05,1300.00,1300.00,1330.40,1900,2506785.00,16
BSE,COSMOFE,INE124B01018,XT,199.95,208.00,190.50,208.00,200.00,3326,658966.00,30
BSE,COSMOFIRST,INE757A01017,B,955.00,965.00,939.00,955.00,951.20,3490,3320891.00,367
BSE,COSPOWER,INE0CQB01010,MT,1960.00,1960.00,1960.00,1960.00,1970.10,125,245000.00,1
BSE,COSYN,INE029B01019,X,25.25,25.25,22.00,23.40,23.97,2499,59641.00,40
BSE,COUNCODOS,INE695B01025,T,6.89,6.89,6.61,6.62,6.76,10447,69238.00,28
BSE,COVANCE,INE0R8101016,XT,151.50,151.50,140.70,141.15,148.10,10308,1459832.00,143
BSE,CPCAP,INE521J01018,B,117.10,117.10,109.10,115.50,119.45,3462,390538.00,103
BSE,CPEDU,INE0P6P01016,B,182.10,186.90,181.20,185.65,185.30,404,73975.00,30
BSE,CPL,INE536P01021,B,64.00,64.85,61.50,62.05,64.68,27884,1748760.00,173
BSE,CPML,INE056001014,M,133.20,133.20,133.20,133.20,140.20,800,106560.00,10
BSE,CPPLUS,INE819V01029,A,3784.30,3784.85,3665.80,3715.75,3724.85,14069,52245585.00,2426
BSE,CRAFTSMAN,INE00LO01017,A,11179.60,11219.30,10926.80,11001.35,11189.10,699,7710632.00,231
BSE,CRAMC,INE218I01013,B,255.35,255.35,251.55,253.05,255.50,11133,2816605.00,388
BSE,CRANEINFRA,INE176L01017,X,12.17,12.17,11.00,11.31,11.79,501,5576.00,6
BSE,CRANESSOFT,INE234B01023,Z,5.03,5.30,4.92,5.07,5.16,59307,298636.00,114
BSE,CRANEX,INE608B01010,XT,77.00,80.80,76.00,77.35,77.52,2248,174981.00,40
BSE,CRAVATEX,INE145E01017,B,340.60,340.60,326.00,339.35,332.30,4,1346.00,3
BSE,CREATIVE,INE146E01015,X,666.60,666.70,656.00,664.00,660.20,359,239162.00,13
BSE,CREATIVEYE,INE230B01021,B,6.28,6.32,5.88,6.32,5.92,1501,9244.00,9
BSE,CREDITACC,INE741K01010,A,1394.95,1410.30,1361.75,1401.70,1393.15,7387,10276635.00,550
BSE,CRESCENTIS,INE754C01010,X,106.85,106.85,104.00,104.00,104.00,20,2108.00,2
BSE,CREST,INE559D01011,B,361.45,367.95,361.45,365.65,365.10,106,38965.00,3
BSE,CRIMSON,INE318P01016,P,28.00,28.00,27.51,27.51,28.95,500,13853.00,2
BSE,CRISIL,INE007A01025,A,4762.25,4786.00,4675.00,4701.70,4834.75,19043,90215301.00,830
BSE,CRIZAC,INE0S4R01014,B,167.60,170.25,161.80,165.85,164.30,37729,6273029.00,702
BSE,CROISSANCE,INE587J01027,XT,1.18,1.19,1.15,1.16,1.18,26506,31111.00,38
BSE,CROMPTON,INE299U01018,A,231.20,231.25,226.00,227.55,231.20,231122,52628042.00,3698
BSE,CROPSTER,INE293E01031,T,3.22,3.22,3.22,3.22,3.38,1700304,5474978.00,2236
BSE,CRSL,INE716D01033,T,2.99,2.99,2.74,2.74,2.88,95002,262260.00,121
BSE,CRSTCHM,INE293N01016,XT,125.00,132.05,124.70,130.05,127.00,1085,139832.00,18
BSE,CRYOGENIC,INE0TL001013,MT,367.95,370.10,367.95,370.10,362.85,10500,3874612.00,14
BSE,CRYSTAL,INE994R01028,X,2.09,2.09,2.00,2.03,2.08,22422,45940.00,81
BSE,CSBBANK,INE679A01013,A,334.70,337.30,329.00,331.95,343.25,9117,3035429.00,406
BSE,CSL,INE183Q01020,XT,20.91,21.49,20.10,21.16,20.87,210311,4434671.00,370
BSE,CSLFINANCE,INE718F01018,B,236.50,240.25,230.80,240.15,237.15,6537,1533941.00,156
BSE,CSM,INE0ZK601013,B,94.01,96.36,93.07,95.98,94.74,16037,1518731.00,285
BSE,CSURGSU,INE405H01018,X,97.64,97.64,92.64,92.73,93.00,70,6605.00,8
BSE,CTCL,INE931X01010,MT,262.00,262.00,262.00,262.00,275.00,750,196500.00,1
BSE,CTE,INE627H01017,T,46.81,46.81,43.25,43.79,45.44,1930,84392.00,21
BSE,CTL,INE172D01021,XT,27.70,27.70,26.30,27.46,27.31,13433,361949.00,82
BSE,CUB,INE491A01021,A,232.00,232.05,226.35,230.30,235.10,102255,23500688.00,2555
BSE,CUBEINVIT,INE0NR623014,IF,156.25,158.00,156.00,156.97,156.55,31148,4862788.00,423
BSE,CUBEXTUB,INE144D01012,B,75.35,77.39,75.31,75.69,76.94,3300,250055.00,84
BSE,CUBIFIN,INE717D01023,XT,5.40,5.40,5.40,5.40,5.30,35894,193827.00,74
BSE,CUMMINSIND,INE298A01020,A,5080.50,5084.00,5001.00,5084.00,5080.25,41188,207192351.00,1785
BSE,CUPID,INE509F01029,A,275.65,282.00,274.10,280.65,275.10,2308015,643314753.00,18982
BSE,CUPIDALBV,INE108G01010,XT,27.39,27.39,25.60,25.91,26.35,33876,890430.00,252
BSE,CURAA,INE117B01020,B,69.88,69.88,65.00,68.13,68.51,30,2058.00,4
BSE,CWD,INE0H8H01019,MS,307.20,314.70,307.00,314.65,312.15,7500,2322350.00,15
BSE,CYBELEIND,INE183D01010,X,35.01,37.94,35.01,37.87,36.17,2889,109316.00,21
BSE,CYBERMEDIA,INE278G01037,B,18.01,20.15,18.01,19.92,18.85,16190,316610.00,161
BSE,CYBERTECH,INE214A01019,T,134.70,134.70,132.05,133.35,132.40,566,75422.00,17
BSE,CYIENT,INE136B01020,A,1159.55,1159.55,1114.15,1122.20,1164.30,52299,59194775.00,1985
BSE,CYIENTDLM,INE055S01018,B,856.00,865.00,836.05,854.70,856.75,27730,23624838.00,1738
BSE,DABUR,INE016A01026,A,384.40,384.40,377.60,379.30,384.30,71969,27330334.00,3307
BSE,DACHEPALLI,INE1F9M01018,M,78.00,78.00,78.00,78.00,78.00,4800,374400.00,4
BSE,DAICHI,INE928C01010,B,335.70,352.15,335.70,348.50,335.40,1269,440268.00,37
BSE,DAIKAFFI,INE789B01018,XT,48.85,48.96,48.78,48.96,48.00,7769,379993.00,22
BSE,DALBHARAT,INE00R701025,A,1797.95,1802.00,1761.05,1769.70,1808.80,6536,11575502.00,694
BSE,DALMIASUG,INE495A01022,B,470.70,472.75,449.95,456.40,467.35,15279,7044829.00,595
BSE,DAMCAPITAL,INE284H01025,B,141.80,145.00,139.50,144.40,141.85,18698,2667404.00,438
BSE,DAMODARIND,INE497D01022,T,28.21,28.35,28.21,28.30,28.35,770,21810.00,6
BSE,DANLAW,INE310B01013,XT,1483.00,1637.30,1482.00,1637.30,1559.35,13410,21170429.00,469
BSE,DANUBE,INE575D01041,XT,5.99,5.99,5.74,5.74,6.04,430373,2476887.00,199
BSE,DARJEELING,INE830S01014,X,28.28,29.36,26.61,27.10,28.00,2523,69207.00,46
BSE,DARSHANORNA,INE671T01028,X,2.19,2.19,2.14,2.15,2.14,5834,12642.00,45
BSE,DATAMATICS,INE365B01017,A,770.05,770.35,760.85,764.95,770.95,1873,1432895.00,110
BSE,DATAPATTNS,INE0IX101010,A,4487.95,4540.95,4455.00,4516.80,4515.30,34311,154298844.00,3132
BSE,DAULAT,INE108C01019,X,28.20,28.20,28.20,28.20,28.34,2,56.00,2
BSE,DAVANGERE,INE179G01029,B,2.10,2.12,2.02,2.09,2.10,813685,1697739.00,433
BSE,DBCORP,INE950I01011,B,198.00,198.05,193.50,194.05,197.95,7418,1442517.00,225
BSE,DBEIL,INE0OPA01027,T,6.45,6.45,6.06,6.19,6.23,31038,192353.00,55
BSE,DBL,INE917M01012,A,399.15,399.15,390.50,393.60,395.50,4393,1728777.00,150
BSE,DBOL,INE0I3401014,B,127.25,130.60,125.50,128.30,127.25,8092,1038559.00,320
BSE,DBREALTY,INE879I01012,A,102.75,103.40,101.10,102.75,103.00,83659,8531352.00,491
BSE,DBSTOCKBRO,INE921B01025,T,30.30,31.88,29.00,30.12,30.40,11101,323202.00,20
BSE,DCAL,INE385W01011,B,183.55,183.55,175.50,177.00,181.90,12027,2156329.00,267
BSE,DCBBANK,INE503A01015,A,225.55,225.55,218.65,222.15,224.55,138443,30593327.00,2197
BSE,DCI,INE0A1101019,B,371.60,375.95,346.05,354.45,371.00,6616,2375522.00,357
BSE,DCM,INE498A01018,T,78.59,78.59,78.59,78.59,78.60,15,1178.00,1
BSE,DCMFINSERV,INE891B01012,B,5.29,5.29,5.01,5.17,5.35,2838,14840.00,10
BSE,DCMNVL,INE08KP01019,B,198.00,198.00,184.00,184.05,188.95,1900,355110.00,21
BSE,DCMSHRIRAM,INE499A01024,A,1022.15,1051.00,1022.15,1027.65,1032.90,20281,21007370.00,2467
BSE,DCMSIL,INE0OU201013,B,65.60,72.45,65.60,71.56,71.41,3028,214438.00,131
BSE,DCMSRIND,INE843D01027,B,45.95,47.33,45.91,46.51,46.67,20670,958031.00,200
BSE,DCW,INE500A01029,B,44.66,48.12,43.75,47.71,44.62,274021,12936842.00,1250
BSE,DCXINDIA,INE0KL801015,B,174.00,174.00,169.85,171.05,173.55,25673,4397119.00,550
BSE,DDEVPLSTIK,INE0HR601026,B,275.20,277.10,271.45,274.00,279.05,11346,3103870.00,342
BSE,DECCAN,INE452W01019,T,12.32,13.37,12.31,12.50,12.95,26823,335389.00,39
BSE,DECCANCE,INE583C01021,B,570.65,570.65,570.65,570.65,571.25,3,1711.00,1
BSE,DECIPHER,INE643N01012,X,5.41,5.85,5.41,5.63,5.40,2022,11255.00,12
BSE,DECNGOLD,INE945F01025,B,218.50,223.75,215.60,218.95,221.10,159520,34881258.00,2015
BSE,DECOMIC,INE907E01010,X,61.00,61.00,58.01,58.01,59.33,60,3486.00,5
BSE,DEEDEV,INE841L01016,B,619.90,650.80,619.05,643.90,619.85,71532,46217250.00,1549
BSE,DEEP,INE00IY01012,B,36.10,36.18,35.66,36.18,36.00,1012,36612.00,4
BSE,DEEPAI,INE005G01026,XT,1.88,1.88,1.77,1.81,1.85,212296,386089.00,482
BSE,DEEPAKCHEM,INE0RDM01013,M,80.55,84.80,79.50,83.90,82.40,10400,847840.00,13
BSE,DEEPAKFERT,INE501A01019,A,1415.45,1432.70,1405.00,1417.10,1426.70,4448,6303339.00,387
BSE,DEEPAKNTR,INE288B01029,A,1783.70,1789.85,1716.55,1733.65,1783.70,172398,301556207.00,2433
BSE,DEEPAKSP,INE272C01013,X,143.80,143.80,137.35,141.80,140.15,1992,280554.00,48
BSE,DEEPINDS,INE0FHS01024,B,668.95,704.00,657.05,693.65,663.50,25906,17562644.00,873
BSE,DEFRAIL,INE0ZE201010,M,70.60,73.00,70.60,71.00,70.30,11200,800960.00,7
BSE,DEL,INE413F01016,X,131.00,131.65,131.00,131.00,134.95,284,37384.00,5
BSE,DELHIVERY,INE148O01028,A,454.15,459.80,452.55,452.70,461.00,122396,55821020.00,2211
BSE,DELPHIFX,INE726L01027,T,6.16,6.50,6.12,6.19,6.44,17787,110560.00,67
BSE,DELTA,INE681Q01015,X,11.00,11.00,11.00,11.00,11.00,200,2200.00,3
BSE,DELTACORP,INE124G01033,B,57.51,57.51,56.60,56.89,57.39,30943,1764340.00,399
BSE,DELTAMAGNT,INE393A01011,B,55.57,58.28,54.00,57.70,58.30,555,30758.00,7
BSE,DEN,INE947J01015,B,27.05,27.94,27.05,27.82,27.79,19042,524414.00,305
BSE,DENISCHEM,INE051G01012,X,70.31,71.60,70.31,70.53,71.08,7055,499526.00,86
BSE,DENORA,INE244A01016,B,814.00,832.30,807.15,819.00,809.55,193,157611.00,23
BSE,DENTA,INE0R4L01018,B,271.95,276.00,266.00,270.00,270.30,9290,2521817.00,207
BSE,DESCO,INE0TGG01014,M,169.00,169.50,169.00,169.20,170.00,9500,1607375.00,17
BSE,DEVIT,INE060X01034,B,24.61,25.53,24.50,24.78,25.41,3620,89459.00,57
BSE,DEVSON,INE2KRP01017,M,265.00,270.00,256.75,270.00,268.65,49200,13064940.00,31
BSE,DEVX,INE0VOV01021,B,33.00,33.60,32.95,33.18,33.04,20489,676390.00,101
BSE,DEVYANI,INE872J01023,A,138.75,138.75,135.40,137.90,138.55,83404,11400156.00,1056
BSE,DFL,INE848N01017,X,40.10,40.10,40.10,40.10,42.21,301,12070.00,2
BSE,DFPL,INE0S6R01027,M,14.00,14.00,14.00,14.00,13.99,22000,308000.00,2
BSE,DGCONTENT,INE03JI01017,B,24.00,29.32,24.00,25.00,24.44,23873,648901.00,205
BSE,DGL,INE01GR01018,MT,0.93,0.93,0.92,0.92,0.93,8000,7400.00,4
BSE,DHABRIYA,INE260R01016,T,531.00,537.45,512.00,518.70,531.50,3385,1759034.00,135
BSE,DHAMPURE,INE956B01013,X,144.00,144.00,135.00,138.75,143.95,8127,1149147.00,158
BSE,DHAMPURSUG,INE041A01016,B,172.70,176.25,168.50,170.55,172.60,46949,8061469.00,639
BSE,DHANBANK,INE680A01011,B,31.67,32.40,31.32,31.65,32.07,73368,2317461.00,453
BSE,DHANCOT,INE977F01010,XT,145.05,145.05,145.05,145.05,148.00,7,1015.00,2
BSE,DHANROTO,INE220C01012,X,76.00,76.00,72.02,72.34,74.40,815,59465.00,19
BSE,DHANSAFAL,INE195E01020,X,2.42,2.52,2.40,2.44,2.44,148035,363316.00,127
BSE,DHANUKA,INE435G01025,B,979.95,998.00,976.00,994.20,989.00,1173,1156827.00,198
BSE,DHARAN,INE278R01034,Z,0.19,0.19,0.19,0.19,0.19,93388,17743.00,41
BSE,DHARFIN,INE899D01011,XT,12.01,13.19,12.01,12.60,12.60,2886,35483.00,17
BSE,DHARMAJ,INE00OQ01016,B,269.25,270.40,265.80,270.40,269.25,1198,320285.00,44
BSE,DHATRE,INE715T01031,B,4.16,4.44,4.16,4.34,4.24,5975,25308.00,31
BSE,DHAVAL,INE1HX301016,M,116.00,119.00,112.20,114.20,115.15,55200,6363240.00,42
BSE,DHENUBUILD,INE758D01027,Z,5.51,6.05,5.51,6.05,5.79,124624,691698.00,105
BSE,DHINDIA,INE589D01018,X,162.00,165.00,158.00,161.20,165.20,9804,1575603.00,58
BSE,DHOOTIN,INE313G01016,XT,273.50,285.00,273.50,284.90,278.25,1630,457179.00,61
BSE,DHOOTTRANS,INE01NH01023,B,1439.80,1593.30,1423.95,1521.15,1461.20,489251,746056754.00,21083
BSE,DHPIND,INE590D01016,X,492.25,514.90,492.25,501.25,496.75,1032,520191.00,58
BSE,DHRUV,INE506Z01015,B,23.00,23.50,22.71,22.81,23.90,2007,46645.00,52
BSE,DHRUVCA,INE972E01014,X,82.41,89.99,82.39,86.85,86.72,2867,245908.00,11
BSE,DHUNINV,INE320L01011,B,990.00,1016.00,990.00,1016.00,980.60,70,69716.00,13
BSE,DHVIJAFIN,INE108T01021,XT,11.50,11.69,10.93,11.40,11.50,41761,469072.00,85
BSE,DHYAANITR,INE0K5F01014,MT,6.95,7.00,6.95,7.00,6.95,64400,450520.00,8
BSE,DIACABS,INE989C01038,T,340.00,345.75,328.00,330.40,340.20,44732,14877382.00,860
BSE,DIAMINESQ,INE591D01014,B,253.80,253.80,253.80,253.80,242.25,41,10405.00,2
BSE,DIAMONDYD,INE393P01035,B,1118.50,1159.80,1114.70,1155.35,1148.50,165,187650.00,29
BSE,DIANATEA,INE012E01035,X,29.72,29.72,28.80,29.00,28.97,329,9508.00,17
BSE,DICIND,INE303A01010,B,559.00,583.95,559.00,571.40,560.35,179,102548.00,128
BSE,DIDL,INE642P01019,X,9.21,9.21,8.50,8.61,9.20,6590,56663.00,21
BSE,DIFFNKG,INE184O01015,B,474.95,487.35,466.95,476.95,478.10,22503,10741167.00,644
BSE,DIGIDRIVE,INE0PSC01024,B,17.62,17.99,16.11,17.43,17.89,5567,94697.00,34
BSE,DIGILOGIC,INE1OOT01028,MT,176.75,176.75,176.75,176.75,180.35,7200,1272600.00,5
BSE,DIGISPICE,INE927C01020,B,17.29,17.29,16.61,16.95,16.97,1686,28481.00,20
BSE,DIGITIDE,INE0U4701011,B,98.00,98.00,95.08,97.13,96.88,9874,956737.00,109
BSE,DIGJAMLMTD,INE731U01028,B,51.80,51.80,50.00,50.00,48.66,425,21591.00,4
BSE,DIKSHA,INE1OSI01014,M,205.00,206.00,205.00,205.00,200.30,8400,1724640.00,7
BSE,DILIGENT,INE650C01036,X,2.09,2.14,2.01,2.08,2.09,121617,249514.00,150
BSE,DISAQ,INE131C01011,B,11888.00,12075.70,11820.00,12041.00,12148.10,13,155654.00,11
BSE,DISHTV,INE836F01026,B,2.67,2.69,2.64,2.66,2.69,92171,245713.00,257
BSE,DITCO,INE183R01010,X,11.98,12.10,11.21,11.89,11.99,2846,34133.00,13
BSE,DIVGIITTS,INE753U01022,B,1254.20,1270.80,1225.60,1246.55,1269.80,15390,19078477.00,705
BSE,DIVISLAB,INE361B01024,A,9051.85,9296.00,9051.85,9232.00,9165.00,12298,112991677.00,3064
BSE,DIVSHKT,INE410G01010,X,48.88,49.89,48.50,49.80,48.74,1279,62569.00,33
BSE,DIXON,INE935N01020,A,14471.15,14620.05,14316.50,14577.10,14471.10,29309,423811334.00,8378
BSE,DJML,INE0B1K01014,B,70.19,73.58,69.77,72.00,70.77,13131,939703.00,163
BSE,DKUAL,INE0QXT01018,M,7.65,7.73,7.65,7.73,7.75,4000,30760.00,2
BSE,DLCL,INE871Z01013,M,7.65,7.88,7.65,7.88,8.03,20000,153920.00,3
BSE,DLF,INE271C01023,A,674.40,674.40,651.15,670.00,674.55,254282,167863775.00,3201
BSE,DLINKINDIA,INE250K01012,B,431.05,456.10,430.15,447.90,436.10,22689,10189570.00,667
BSE,DLTNCBL,INE872E01016,X,604.55,604.55,565.50,576.10,604.55,8371,4875417.00,349
BSE,DMART,INE192R01011,A,3814.80,3814.80,3775.00,3811.00,3805.00,11048,41926418.00,1485
BSE,DMCC,INE505A01010,B,286.40,294.75,285.05,292.45,285.90,2884,835849.00,123
BSE,DML,INE158R01012,M,12.92,14.10,12.92,14.00,13.60,105000,1456150.00,6
BSE,DNAMEDIA,INE016M01021,B,2.57,2.60,2.52,2.52,2.60,1319,3338.00,10
BSE,DODLA,INE021O01019,A,1059.70,1085.75,1057.95,1064.25,1067.40,306,328261.00,85
BSE,DOLATALGO,INE966A01022,B,70.30,70.99,69.42,69.61,70.94,13228,925542.00,163
BSE,DOLFIN,INE666Y01010,B,175.55,175.55,167.95,169.40,167.80,1297,220852.00,357
BSE,DOLLAR,INE325C01035,B,267.10,267.10,260.80,262.90,266.50,8316,2189658.00,142
BSE,DOLPHIN,INE920A01037,B,581.10,607.00,581.10,603.55,583.50,2018,1205642.00,155
BSE,DOMS,INE321T01012,A,2222.00,2224.85,2195.00,2201.90,2227.30,16575,36596800.00,85
BSE,DONEAR,INE668D01028,B,83.60,85.00,82.55,85.00,83.59,655,54677.00,12
BSE,DPABHUSHAN,INE266Y01019,B,1411.00,1411.05,1359.00,1370.75,1419.35,3950,5465832.00,459
BSE,DPL,INE0MC401013,M,5.28,5.53,5.28,5.53,5.27,114000,626430.00,26
BSE,DPWIRES,INE864X01013,T,155.00,158.90,153.10,156.00,155.00,116,17873.00,14
BSE,DRAGARWQ,INE934C01018,B,5299.95,5499.00,5299.95,5414.40,5287.55,2179,11763658.00,223
BSE,DRCSYSTEMS,INE03RS01027,B,14.00,14.02,13.38,13.78,13.73,5424,74969.00,64
BSE,DREAMFOLKS,INE0JS101016,B,66.50,67.60,65.77,66.39,66.43,3033,201164.00,291
BSE,DREDGECORP,INE506A01018,B,1061.00,1082.10,1058.50,1060.10,1074.85,3286,3503119.00,223
BSE,DRL,INE193D01019,XT,37.17,37.17,36.54,36.54,35.69,24,879.00,6
BSE,DRONACHRYA,INE0MQD01015,M,33.76,34.35,33.71,33.71,33.88,17000,576210.00,17
BSE,DRREDDY,INE089A01031,A,1169.55,1171.00,1161.00,1161.00,1171.00,18399,21438018.00,2761
BSE,DSFCL,INE0OFM01015,T,25.52,26.62,25.52,26.30,26.24,10289,269408.00,36
BSE,DSINVEST,INE422D01012,XT,350.80,350.80,350.80,350.80,343.95,1,350.00,1
BSE,DSSL,INE417B01040,B,1006.30,1040.95,1006.30,1015.25,1019.95,2354,2397945.00,249
BSE,DTIL,INE341R01014,B,151.85,155.05,148.40,150.85,154.10,906,137710.00,55
BSE,DUCON,INE741L01018,B,2.09,2.18,1.91,2.05,2.09,238168,487554.00,597
BSE,DUKEOFS,INE397G01019,XT,60.12,60.12,60.12,60.12,58.95,2643,158897.00,25
BSE,DUNCANENG,INE340F01011,X,362.00,362.00,362.00,362.00,362.95,53,19186.00,1
BSE,DUROPACK,INE138B01018,X,58.30,73.65,54.50,68.93,61.95,4743,318846.00,100
BSE,DUROPLY,INE932D01010,X,104.99,104.99,100.00,104.45,103.80,2223,229322.00,43
BSE,DUTRON,INE940C01015,X,101.55,101.55,101.55,101.55,102.05,50,5077.00,1
BSE,DVL,INE477B01010,B,280.20,286.05,275.00,286.05,283.20,696,194080.00,88
BSE,DWARKESH,INE366A01041,B,50.20,50.72,48.20,48.70,49.00,152306,7519738.00,766
BSE,DYCL,INE600Y01019,B,545.00,550.30,530.50,535.40,542.20,96437,52020117.00,2049
BSE,DYNAMATECH,INE221B01012,A,11799.35,11799.35,11355.00,11427.50,11654.40,450,5146595.00,146
BSE,DYNAMICP,INE118C01018,X,12.91,14.25,12.91,14.25,13.58,12,164.00,3
BSE,DYNAMIND,INE457C01010,X,98.70,101.00,97.15,97.25,99.30,2315,227869.00,31
BSE,DYNPRO,INE256H01015,B,230.00,230.15,225.00,230.05,230.95,293,67002.00,19
BSE,E2E,INE255Z01027,T,618.90,618.90,592.00,608.85,621.65,118406,71467376.00,4322
BSE,EASEMYTRIP,INE07O001026,B,6.01,6.08,5.86,5.99,5.99,1022088,6071600.00,1467
BSE,EASTINDIA,INE191C01023,XT,95.00,96.00,94.51,94.83,95.14,11431,1092271.00,84
BSE,EASTRED,INE500D01015,X,30.70,30.70,29.70,30.01,30.10,21,631.00,8
BSE,EASTWEST,INE595R01023,B,2.59,2.59,2.45,2.51,2.40,8307,20380.00,13
BSE,EASUN,INE771C01014,XT,48.25,48.25,48.25,48.25,46.00,5,241.00,1
BSE,EBGNG,INE18JU01028,B,650.80,673.15,637.65,639.70,650.15,75727,49587946.00,1859
BSE,EBIX,INE432F01032,B,20.00,20.19,19.05,20.07,20.00,60236,1185690.00,207
BSE,ECLERX,INE738I01010,A,1959.95,2019.95,1930.00,2003.45,1972.60,14731,29285216.00,1059
BSE,ECOBOAR,INE866A01016,X,57.00,63.99,57.00,63.35,61.99,1283,78994.00,14
BSE,ECOFINITY,INE360S01012,X,70.89,70.89,70.45,70.65,71.50,5452,384277.00,11
BSE,ECOHOTELS,INE638N01012,X,9.49,9.49,9.02,9.48,9.47,12740,120281.00,50
BSE,ECOPLAST,INE423D01010,X,428.90,439.00,420.00,420.30,428.90,10386,4390646.00,76
BSE,ECORECO,INE316A01038,B,454.00,468.20,450.15,455.00,466.25,7073,3234104.00,372
BSE,ECOSMOBLTY,INE06HJ01020,B,112.50,124.00,112.50,114.80,115.15,48862,5801969.00,421
BSE,EDELWEISS,INE532F01054,A,128.75,131.00,125.75,126.30,128.90,188061,24084709.00,1737
BSE,EDVENSWA,INE125G01014,X,20.50,20.98,20.50,20.70,20.32,1239,25602.00,19
BSE,EFCIL,INE886D01026,B,201.05,201.05,197.80,199.05,201.20,8353,1661638.00,155
BSE,EICHERMOT,INE066A01021,A,7858.00,7870.60,7508.25,7700.00,7958.00,76838,586463708.00,10573
BSE,EIDPARRY,INE126A01031,A,803.90,806.40,781.80,801.10,794.45,14359,11366491.00,773
BSE,EIEL,INE0LLY01014,B,190.95,193.80,187.95,192.10,190.95,50502,9596340.00,983
BSE,EIGHTY,INE0KSN01014,MT,35.17,35.17,35.17,35.17,37.02,3000,105510.00,1
BSE,EIHAHOTELS,INE276C01014,B,302.00,309.80,301.10,308.90,292.95,16316,4991006.00,976
BSE,EIHOTEL,INE230A01023,A,298.45,298.45,285.10,286.35,294.30,20535,5902948.00,500
BSE,EIKO,INE666Q01016,X,47.94,47.94,45.50,46.30,47.03,12433,573943.00,93
BSE,EIMCOELECO,INE158B01016,B,2186.45,2229.70,2161.50,2199.70,2186.50,952,2087157.00,144
BSE,EKANSH,INE005E01013,X,211.70,211.70,201.75,207.20,211.70,5321,1106890.00,50
BSE,EKC,INE184H01027,B,105.05,107.00,104.90,106.40,106.10,15561,1645940.00,201
BSE,EKENNIS,INE0KCM01010,M,46.24,46.24,46.24,46.24,48.67,800,36992.00,1
BSE,EKI,INE0CPR01018,B,77.00,77.00,73.25,74.83,74.00,5309,395946.00,241
BSE,ELAND,INE311H01018,X,11.64,11.64,11.11,11.16,11.56,343,3979.00,11
BSE,ELANTAS,INE280B01018,B,12199.95,12199.95,11450.05,11929.55,11284.40,767,9077516.00,308
BSE,ELCIDIN,INE927X01018,B,106250.00,106500.00,106250.00,106500.00,107250.00,2,212750.00,2
BSE,ELDEHSG,INE668G01021,B,772.45,878.40,772.45,800.00,774.75,51,39528.00,5
BSE,ELECON,INE205B01031,A,412.50,418.00,406.90,415.95,412.50,32707,13487323.00,1908
BSE,ELECTCAST,INE086A01029,A,82.99,86.30,82.33,85.06,83.87,313922,26623215.00,2412
BSE,ELECTHERM,INE822G01016,B,988.80,1007.60,983.85,999.65,1000.80,252,251429.00,58
BSE,ELEFLOR,INE152E01013,X,4.84,4.84,4.58,4.77,4.75,16474,77255.00,51
BSE,ELEMARB,INE095B01010,X,189.50,189.80,180.00,184.80,184.90,75,13902.00,15
BSE,ELFIN,INE1FEW01013,M,100.00,102.00,99.00,99.00,105.00,33000,3318600.00,11
BSE,ELFORGE,INE158F01017,X,18.01,18.20,17.77,17.95,18.03,21472,384764.00,68
BSE,ELGIEQUIP,INE285A01027,A,631.40,631.40,614.25,617.00,628.70,15060,9321609.00,867
BSE,ELIN,INE050401020,B,96.25,96.40,94.80,95.45,96.25,17907,1710434.00,264
BSE,ELITECON,INE669R01026,B,9.62,9.62,9.62,9.62,10.12,141435,1360604.00,611
BSE,ELIXIR,INE785D01012,X,102.00,104.40,100.00,100.01,101.92,545,55554.00,15
BSE,ELLEN,INE236E01022,B,312.00,317.65,308.80,313.30,315.65,20530,6431562.00,586
BSE,ELNET,INE033C01019,X,324.00,324.00,315.00,315.05,319.50,1177,374867.00,40
BSE,ELPROINTL,INE579B01039,B,174.00,175.00,173.40,173.55,174.35,1502,261755.00,28
BSE,EMAINDIA,INE279D01016,X,714.80,714.80,700.55,700.55,714.80,2687,1883303.00,25
BSE,EMAMILTD,INE548C01032,A,377.40,377.40,367.00,368.05,377.00,40212,14913141.00,1358
BSE,EMAMIPAP,INE830C01026,T,108.05,111.60,105.95,107.60,110.25,1145,124099.00,40
BSE,EMAMIREAL,INE778K01012,B,68.15,68.15,68.05,68.05,67.55,2064,140580.00,933
BSE,EMBASSY,INE041025011,IF,438.75,439.30,435.01,435.98,438.84,96630,42181240.00,995
BSE,EMBDL,INE069I01010,A,59.50,59.50,58.10,59.16,59.62,182850,10784759.00,691
BSE,EMCURE,INE168P01015,A,1832.60,1877.10,1832.60,1857.40,1845.80,34702,64067552.00,415
BSE,EMERALD,INE030Q01015,X,53.51,55.00,50.31,53.38,53.51,48331,2559332.00,244
BSE,EMERALL,INE044N01021,XT,300.00,300.00,290.00,297.00,300.00,777,226389.00,36
BSE,EMERGENT,INE668L01013,XT,403.90,403.90,403.90,403.90,384.70,10,4039.00,2
BSE,EMIAC,INE1OSW01015,M,96.10,97.50,96.00,97.40,98.00,13200,1281240.00,5
BSE,EMIL,INE02YR01019,B,166.00,178.50,166.00,176.35,175.90,56838,9952584.00,1723
BSE,EMKAY,INE296H01011,B,262.60,262.60,254.95,259.00,262.60,769,197988.00,43
BSE,EMMBI,INE753K01015,T,93.50,94.50,90.30,94.50,93.01,2260,208823.00,17
BSE,EMMESSA,INE634B01016,X,27.70,27.70,23.77,25.40,23.77,5508,138795.00,30
BSE,EMMFORCE,INE0SDC01012,MT,178.00,178.00,175.00,178.00,178.50,7200,1274400.00,5
BSE,EMMVEE,INE1C6T01020,B,318.10,327.50,316.15,325.10,319.30,137750,44491637.00,2996
BSE,EMPIND,INE515H01014,B,1218.95,1218.95,1191.00,1200.35,1207.85,450,542539.00,47
BSE,EMPOWER,INE507F01023,B,1.93,1.93,1.93,1.93,2.03,463422,894404.00,346
BSE,EMROCK,INE554H01021,XT,264.90,264.90,261.60,261.60,266.90,24,6344.00,3
BSE,EMSLIMITED,INE0OV601013,B,385.00,409.95,380.85,385.95,371.95,615829,245193109.00,11135
BSE,EMUDHRA,INE01QM01018,B,533.10,536.85,520.75,523.25,533.50,6614,3469607.00,234
BSE,ENBETRD,INE993I01029,X,0.28,0.30,0.28,0.28,0.29,19606352,5683635.00,1035
BSE,ENCODE,INE900O01014,X,12.47,12.47,12.47,12.47,11.89,108,1346.00,1
BSE,ENDURANCE,INE913H01037,A,2814.30,2829.35,2734.65,2755.15,2841.80,92935,256390194.00,2288
BSE,ENERGYDEV,INE306C01019,B,15.54,16.07,15.54,15.89,15.95,3014,47361.00,58
BSE,ENERGYINF,INE05KD23015,IF,73.64,73.80,73.51,73.51,73.32,175000,12899500.00,7
BSE,ENGINERSIN,INE510A01028,A,279.35,282.95,272.65,276.40,280.10,738271,204731616.00,8483
BSE,ENIL,INE265F01028,B,100.10,100.90,100.10,100.90,101.15,312,31333.00,12
BSE,ENKEIWHEL,INE130L01014,B,397.00,399.00,391.30,395.75,390.25,138,54693.00,11
BSE,ENRIN,INE1NPP01017,A,3141.25,3146.95,3105.95,3119.50,3171.30,9208,28783270.00,991
BSE,ENS,INE23ER01017,MT,102.50,103.50,101.50,102.55,102.85,37200,3818160.00,21
BSE,ENTERO,INE010601016,B,1806.95,1835.55,1790.05,1799.70,1807.90,10112,18276223.00,815
BSE,ENTRINT,INE439G01019,X,21.30,21.30,21.00,21.00,21.00,111,2331.00,3
BSE,ENVAIREL,INE601C01013,XT,42.80,42.80,42.80,42.80,42.78,50,2140.00,1
BSE,EPACK,INE0G5901015,B,189.05,189.70,184.95,187.60,187.55,25944,4867664.00,505
BSE,EPACKPEB,INE0MLS01022,B,220.25,228.00,220.10,225.20,223.85,26193,5881009.00,551
BSE,EPBIO,INE0D2I01014,M,85.05,99.90,85.05,89.00,90.00,5000,467360.00,7
BSE,EPIC,INE932F01015,X,33.39,33.39,31.15,33.38,32.80,6457,209789.00,42
BSE,EPIGRAL,INE071N01016,B,1245.95,1245.95,1209.60,1227.55,1240.15,2456,3009344.00,257
BSE,EPL,INE255A01020,A,239.70,243.10,234.35,236.00,239.95,379918,90883658.00,3288
BSE,EPSOMPRO,INE601F01016,XT,8.20,8.20,7.85,8.20,8.26,1026,8308.00,6
BSE,EPUJA,INE807D01030,X,1.04,1.07,1.00,1.01,1.04,154380,155138.00,79
BSE,EQUILATERA,INE060N01019,X,12.70,12.70,12.70,12.70,13.36,1,12.00,1
BSE,EQUIPPP,INE217G01035,T,22.39,23.45,21.74,22.53,22.39,11274,258693.00,23
BSE,EQUITASBNK,INE063P01018,A,72.67,73.79,72.29,73.51,73.43,46029,3377510.00,527
BSE,ERIS,INE406M01024,A,1285.05,1337.50,1266.80,1293.00,1298.10,2382,3059038.00,241
BSE,ESABINDIA,INE284A01012,B,6079.00,6079.00,6002.00,6035.90,6114.75,124,748411.00,50
BSE,ESAFSFB,INE818W01011,T,41.49,43.00,40.16,42.49,41.50,31261,1298703.00,235
BSE,ESARIND,INE404L01039,X,11.68,12.28,11.32,12.28,11.70,298209,3617574.00,332
BSE,ESARIND-RE,INE404L20013,R,1.02,1.02,1.02,1.02,0.00,151502,154532.00,67
BSE,ESCORP,INE953W01016,B,115.00,115.00,115.00,115.00,115.90,3,345.00,3
BSE,ESCORTS,INE042A01014,A,3011.00,3039.00,2987.50,3019.30,3015.30,2939,8844284.00,533
BSE,ESHAMEDIA,INE328F01016,XT,42.55,42.55,42.55,42.55,43.41,36,1531.00,1
BSE,ESPIRE,INE176O01011,X,143.05,159.50,143.05,154.90,152.70,1876,282689.00,39
BSE,ESSARSHPNG,INE122M01019,B,17.60,17.60,16.55,16.69,16.74,23252,388638.00,98
BSE,ESSENTIA,INE418N01035,B,1.04,1.06,1.03,1.05,1.05,637132,667009.00,234
BSE,ESSEX,INE1IBY01019,M,51.00,53.98,49.51,51.55,50.92,204000,10617540.00,72
BSE,ESTER,INE778B01029,B,93.83,95.20,91.74,94.61,92.40,8357,782993.00,336
BSE,ETERNAL,INE758T01015,A,325.30,327.35,320.30,326.70,327.85,774961,251056085.00,9653
BSE,ETHOSLTD,INE04TZ01018,A,2877.10,2903.95,2820.65,2841.00,2879.95,1057,3029892.00,175
BSE,ETIL,INE937K01014,X,6.52,6.68,6.19,6.51,6.53,4939,31276.00,18
BSE,EUREKAFORB,INE0KCE01017,A,427.00,427.00,419.90,423.50,427.15,2570,1087298.00,161
BSE,EUREKAI,INE958A01011,XT,6.34,6.58,6.34,6.34,6.46,123187,784965.00,76
BSE,EUROBOND,INE505V01016,B,141.00,150.50,141.00,148.65,151.50,71,10349.00,8
BSE,EUROLED,INE940E01011,XT,19.11,20.25,18.53,20.00,19.50,246,4616.00,14
BSE,EUROPRATIK,INE198501012,B,255.25,270.65,252.85,260.85,259.30,7724,2006611.00,149
BSE,EUROTEXIND,INE022C01012,T,13.39,13.39,13.39,13.39,13.39,365,4887.00,3
BSE,EVEREADY,INE128A01029,B,321.55,325.45,316.80,320.70,326.10,5216,1676475.00,203
BSE,EVERESTIND,INE295A01018,T,429.00,429.00,417.00,429.00,423.75,70,29508.00,10
BSE,EVERESTO,INE334C01029,X,273.05,275.00,265.05,267.05,277.00,452,121139.00,26
BSE,EVERFIN,INE339D01034,X,105.00,105.00,101.00,101.10,105.00,136,13949.00,8
BSE,EVEXIA,INE313M01030,X,1.33,1.45,1.33,1.33,1.39,63508639,86338534.00,1345
BSE,EVOQ,INE0JVD01011,MT,1.53,1.62,1.53,1.62,1.60,140000,217280.00,11
BSE,EXATO,INE1E4401010,MT,730.00,739.00,718.50,721.05,752.75,10500,7650550.00,20
BSE,EXCELINDUS,INE369A01029,B,1014.45,1030.30,1014.45,1030.00,1011.60,124,127336.00,16
BSE,EXCELSOFT,INE606N01019,B,70.46,70.46,69.12,69.46,69.73,10047,698694.00,147
BSE,EXHICON,INE0O8901016,M,480.00,482.40,466.00,471.40,482.05,19500,9203587.00,67
BSE,EXICOM,INE777F01014,B,159.20,165.70,158.30,163.25,162.85,52679,8559623.00,522
BSE,EXIDEIND,INE302A01020,A,435.35,436.50,423.80,425.60,436.20,91713,39433124.00,3798
BSE,EXPLEOSOL,INE201K01015,B,899.80,924.00,878.15,891.00,860.85,17724,15928879.00,1356
BSE,EXPLICITFIN,INE335G01019,X,7.70,7.70,7.70,7.70,7.70,2,15.00,1
BSE,EXPOEAPL,INE561D01025,XT,93.50,96.72,89.01,94.44,92.12,16863,1596236.00,93
BSE,EXXARO,INE0GFE01026,B,6.28,6.69,6.28,6.59,6.49,65957,430181.00,298
BSE,EY,INE750G01019,XT,574.95,605.20,574.95,605.20,605.20,71,40851.00,10
BSE,FAALCON,INE0Q9W01015,MT,39.73,39.73,39.73,39.73,41.80,2000,79460.00,1
BSE,FABCLEAN,INE0HSD01011,MT,394.00,404.00,394.00,400.70,393.70,25200,10061220.00,42
BSE,FABTECH,INE0HF201011,B,144.95,149.40,144.95,147.85,148.10,4763,702594.00,160
BSE,FACORALL,INE828G01013,XT,3.06,3.06,2.90,2.94,3.00,45221,132695.00,142
BSE,FACT,INE188A01015,B,815.30,815.30,797.00,805.00,814.20,13559,10913989.00,455
BSE,FAIRCHEMOR,INE0DNW01011,T,655.40,680.00,655.40,670.00,666.70,396,265389.00,14
BSE,FAMILYCARE,INE146N01016,X,2.02,2.04,1.97,1.99,1.99,89856,179441.00,171
BSE,FAZE3Q,INE963C01033,B,498.00,498.00,474.05,488.60,490.00,252,120963.00,25
BSE,FCL,INE045J01034,B,48.52,49.60,48.15,49.21,48.87,672011,32791896.00,2616
BSE,FCSSOFT,INE512B01022,B,1.45,1.50,1.44,1.46,1.46,845440,1239436.00,674
BSE,FDC,INE258B01022,B,336.25,342.30,329.00,339.95,335.35,14298,4796718.00,526
BSE,FEDDERSHOL,INE417D01020,B,45.00,46.74,45.00,46.06,45.28,38327,1767169.00,132
BSE,FEDERALBNK,INE171A01029,A,345.65,353.35,345.30,353.10,349.60,139330,48718839.00,2837
BSE,FEDFINA,INE007N01010,B,156.55,158.10,153.90,157.55,156.10,35836,5596495.00,477
BSE,FEL,INE623B01027,Z,0.49,0.49,0.49,0.49,0.49,6415,3143.00,5
BSE,FERMENTA,INE225B01021,B,486.55,526.70,478.15,522.75,486.55,21033,10634845.00,924
BSE,FERVENTSYN,INE258M01011,X,14.99,14.99,14.99,14.99,15.00,6,89.00,1
BSE,FFPL,INE617C01027,Z,5.45,5.45,5.17,5.17,5.43,501,2725.00,4
BSE,FGP,INE512A01016,X,13.24,13.28,12.41,13.27,12.73,4188,54722.00,44
BSE,FIBERWEB,INE296C01020,B,26.00,26.00,25.51,25.84,26.11,130,3352.00,5
BSE,FIEMIND,INE737H01014,B,2108.80,2108.80,2040.00,2051.30,2083.55,1627,3336809.00,265
BSE,FILATEX,INE816B01035,B,73.85,75.05,72.20,73.34,73.65,88407,6514448.00,593
BSE,FILATFASH,INE185E01021,B,0.19,0.19,0.19,0.19,0.19,572506,108776.00,212
BSE,FILME,INE600B01033,X,1.13,1.13,1.04,1.04,1.09,634522,667577.00,87
BSE,FILTRON,INE589N01017,XT,76.25,77.76,76.00,77.76,76.25,325,24928.00,9
BSE,FINCABLES,INE235A01022,A,1244.70,1244.70,1188.00,1192.15,1248.70,71568,86291084.00,3908
BSE,FINELINE,INE087E01011,X,65.90,67.40,63.37,64.93,66.01,2819,183071.00,34
BSE,FINEORG,INE686Y01026,A,5240.05,5240.05,5128.20,5145.20,5247.75,920,4739372.00,402
BSE,FINKURVE,INE734I01027,B,68.02,71.05,67.41,68.82,67.96,7078,492487.00,92
BSE,FINOPB,INE02NC01014,B,136.70,145.00,134.85,140.65,136.70,30018,4241119.00,416
BSE,FINPIPE,INE183A01024,A,156.95,159.90,152.55,157.95,155.25,103532,16165787.00,1204
BSE,FIRSTCRY,INE02RE01045,A,177.50,177.50,170.00,171.50,177.60,1440262,247230084.00,2628
BSE,FIRSTFIN,INE683B01047,X,6.90,6.91,6.90,6.91,6.59,1725,11918.00,7
BSE,FISCHER,INE771F01041,B,37.99,37.99,36.82,37.88,36.82,64244,2405704.00,304
BSE,FIVESTAR,INE128S01021,A,534.05,535.00,520.00,524.90,538.20,527782,276621674.00,1555
BSE,FLAIR,INE00Y201027,B,250.05,251.85,246.70,246.90,249.40,7813,1936196.00,118
BSE,FLEXFO,INE954B01018,X,47.99,47.99,45.11,46.94,47.53,2822,130256.00,28
BSE,FLEXITUFF,INE060J01017,T,2.43,2.45,2.38,2.44,2.49,7194,17317.00,21
BSE,FLFL,INE452O01016,Z,1.20,1.28,1.16,1.25,1.22,25743,31385.00,19
BSE,FLOMIC,INE952M01019,X,44.99,50.00,42.20,44.50,44.30,1678,74911.00,31
BSE,FLORACORP,INE318U01016,X,6.65,6.82,6.65,6.82,6.50,5510,36743.00,9
BSE,FLUIDOM,INE459C01016,X,726.00,758.00,725.10,741.85,734.35,1494,1090562.00,99
BSE,FLUOROCHEM,INE09N301011,A,4784.60,4784.60,4685.00,4731.25,4739.45,1623,7655153.00,322
BSE,FMGOETZE,INE529A01010,B,624.00,630.00,607.50,612.85,624.90,112181,69081695.00,3267
BSE,FMNL,INE360L01017,B,10.10,10.10,9.83,9.85,10.34,1465,14463.00,51
BSE,FONE4,INE0L3H01014,M,4.51,4.51,4.51,4.51,4.51,20000,90200.00,1
BSE,FOODSIN,INE976E01023,B,53.56,55.68,53.16,54.93,53.56,15095,834113.00,417
BSE,FORBESCO,INE518A01013,X,254.95,262.70,253.00,254.90,254.95,3192,816669.00,108
BSE,FORCEMOT,INE451A01017,A,17730.20,17823.85,17369.00,17635.00,17740.00,5431,95418267.00,1526
BSE,FORINTL,INE501D01013,X,78.50,79.00,78.50,78.61,78.50,1516,119749.00,5
BSE,FORTIS,INE061F01013,A,905.85,914.90,901.60,913.85,910.90,413047,375454237.00,747
BSE,FORTISMLR,INE842B01015,X,47.30,47.30,45.25,45.75,46.65,4458,205693.00,149
BSE,FOSECOC,INE599F01020,X,1865.00,1865.00,1707.35,1823.35,1856.30,8734,15948931.00,682
BSE,FOSECOIND,INE519A01011,B,6308.50,6362.25,6170.00,6186.80,6290.50,513,3212201.00,153
BSE,FRACTAL,INE212S01015,B,836.50,837.05,816.15,820.85,827.70,10663,8791685.00,508
BSE,FRANKLININD,INE789R01022,X,0.33,0.33,0.31,0.32,0.33,2012467,647326.00,655
BSE,FRASER,INE184Q01010,X,8.06,8.70,8.00,8.02,8.42,3602,28938.00,23
BSE,FRATELLI,INE401Z01019,X,128.05,129.00,121.75,125.20,128.05,40748,5083647.00,402
BSE,FREDUN,INE194R01017,B,1525.75,1525.75,1475.00,1506.15,1495.80,1704,2554487.00,190
BSE,FRONTCAP,INE977E01013,X,10.23,10.23,10.23,10.23,9.75,8322,85134.00,18
BSE,FRONTCORP,INE092D01013,X,33.98,33.99,33.98,33.99,33.65,2,67.00,2
BSE,FRONTFN,INE776R01011,XT,24.71,24.71,24.71,24.71,23.54,2,49.00,1
BSE,FRONTSP,INE572D01014,B,1258.50,1264.15,1245.35,1250.90,1258.50,3154,3944977.00,398
BSE,FSL,INE684F01012,A,264.45,272.00,262.35,270.00,265.40,30988,8295305.00,905
BSE,FTL,INE0QOQ01013,M,11.40,11.58,11.40,11.58,11.03,5000,57720.00,5
BSE,FUNDVISER,INE365H01014,X,424.90,424.90,420.00,422.10,425.00,5,2113.00,5
BSE,FUSION,INE139R01012,B,192.50,194.85,191.00,193.15,194.85,15786,3040137.00,319
BSE,FYNX,INE455H01021,XT,5.72,6.32,5.72,6.20,6.02,27503,161881.00,56
BSE,GABRIEL,INE524A01029,A,1427.50,1430.00,1373.00,1383.95,1427.50,24590,34161374.00,1774
BSE,GAEL,INE036B01030,B,171.35,173.45,169.25,170.95,171.70,26242,4481006.00,425
BSE,GAGAN,INE076D01016,X,19.61,20.89,19.52,20.00,20.36,3802,75040.00,31
BSE,GAIL,INE129A01019,A,173.05,173.50,171.00,172.20,172.70,227063,39080215.00,3797
BSE,GAJA,INE18UN01038,B,159.35,164.45,158.00,163.90,162.15,320917,51755458.00,3688
BSE,GAJANANSEC,INE868G01019,X,57.00,57.00,52.00,52.96,52.62,901,48586.00,46
BSE,GALACTICO,INE906Y01028,B,2.22,2.44,2.16,2.27,2.22,483585,1107689.00,314
BSE,GALADA,INE255C01026,XT,20.42,20.42,20.42,20.42,20.02,52,1061.00,3
BSE,GALADAFIN,INE243E01010,X,32.00,32.00,32.00,32.00,32.00,110,3520.00,3
BSE,GALAGEX,INE803L01016,X,97.00,103.89,96.00,96.84,96.89,16941,1670457.00,165
BSE,GALAPREC,INE0RE001014,B,1028.00,1047.85,1002.45,1040.25,1009.80,2437,2522701.00,238
BSE,GALAXYSURF,INE600K01018,B,2220.25,2237.25,2200.45,2222.90,2238.25,1058,2349170.00,188
BSE,GALLANTT,INE297H01019,A,550.25,562.00,543.25,554.85,553.30,10836,6005207.00,653
BSE,GALLARD,INE0BUQ01012,M,192.75,192.75,187.00,187.00,181.00,2000,379750.00,2
BSE,GALLOPENT,INE755J01012,XT,36.66,36.66,34.91,36.65,34.92,2866,104884.00,14
BSE,GALXBRG,INE020S01012,XT,887.95,887.95,843.20,860.20,874.00,254,216088.00,17
BSE,GAMCO,INE890S01026,X,48.85,52.00,48.12,49.33,48.74,45276,2242783.00,113
BSE,GANDHAR,INE717W01049,B,263.75,267.50,262.00,266.20,262.00,74723,19822735.00,2040
BSE,GANDHITUBE,INE524B01027,B,891.00,903.00,889.50,896.00,895.65,810,724736.00,89
BSE,GANECOS,INE845D01014,B,1028.95,1030.00,1001.20,1008.15,1023.20,1574,1605323.00,149
BSE,GANESHBE,INE388A01029,T,117.50,124.00,113.15,124.00,118.10,82702,10150176.00,212
BSE,GANESHCP,INE652V01016,B,168.00,169.50,166.45,167.25,168.40,7972,1333027.00,135
BSE,GANESHHOU,INE460C01014,B,767.05,769.15,757.00,762.60,775.15,1535,1169462.00,85
BSE,GANGESSECU,INE335W01016,B,116.90,116.90,116.90,116.90,116.90,1,116.00,1
BSE,GANHOLD,INE932M01011,XT,103.00,103.00,101.00,101.75,104.20,4,407.00,3
BSE,GANONPRO,INE162L01017,X,7.25,7.78,7.13,7.32,7.49,54066,398335.00,54
BSE,GANVERSE,INE369Q01017,MT,25.08,26.07,25.08,26.00,26.40,22500,575875.00,8
BSE,GARBIFIN,INE721C01019,X,9.00,9.04,8.83,8.83,9.00,302,2705.00,6
BSE,GARFIBRES,INE276A01018,A,849.95,849.95,811.50,814.50,836.60,2963,2443426.00,270
BSE,GARGFUR,INE194E01015,X,165.35,170.00,153.00,156.85,169.65,8157,1302773.00,179
BSE,GARGI,INE0NT601018,M,545.00,556.00,535.00,550.40,549.70,21750,11861493.00,108
BSE,GARMNTMNTR,INE653S01028,X,1.15,1.15,1.13,1.13,1.15,192142,218393.00,169
BSE,GARNET,INE797D01017,X,52.80,53.99,50.15,51.41,54.14,824,44006.00,35
BSE,GARNETINT,INE590B01010,X,56.98,58.00,54.02,55.81,55.45,7877,453842.00,24
BSE,GARUDA,INE0JVO01026,B,180.25,180.25,173.50,174.30,179.75,31213,5499742.00,377
BSE,GARWAMAR,INE925D01014,X,19.43,20.50,19.13,19.33,19.47,4887,95764.00,69
BSE,GARWAOFFS,INE446C01013,X,46.15,46.15,44.56,45.19,46.22,8919,404531.00,63
BSE,GARWSYN,INE340D01016,X,17.55,18.40,16.75,18.38,17.55,2815,49552.00,27
BSE,GATECH,INE224E01028,T,1.03,1.03,1.03,1.03,1.08,550131,566634.00,355
BSE,GATECHDVR,INE224E01036,T,0.55,0.55,0.53,0.53,0.55,24875,13205.00,34
BSE,GATEWAY,INE079J01017,B,53.41,53.66,52.40,53.04,52.82,44753,2372663.00,634
BSE,GAUDIUMIVF,INE0P8B01020,T,128.25,128.25,121.70,123.70,128.10,62071,7642100.00,501
BSE,GAYAHWS,INE287Z01012,B,2.18,2.18,1.93,1.98,1.98,60778,120598.00,65
BSE,GAYAPROJ,INE336H01023,B,20.75,21.79,20.06,21.60,20.76,148955,3217964.00,965
BSE,GAYATRI,INE622E01023,X,8.47,8.47,8.20,8.25,8.47,62381,516209.00,153
BSE,GAYATRIBI,INE052E01015,X,7.80,7.80,7.26,7.28,7.44,2835,20822.00,38
BSE,GBFL,INE997C01015,X,10.55,11.87,9.52,9.87,10.24,59840,614930.00,185
BSE,GBLINFRA,INE377M01043,XT,87.10,87.10,87.10,87.10,85.40,3,261.00,2
BSE,GBLOGISTIC,INE0RWU01016,M,24.06,25.45,24.06,25.45,24.06,3600,88284.00,2
BSE,GCMSECU,INE168O01026,B,0.67,0.69,0.66,0.67,0.66,317930,215257.00,107
BSE,GCONNECT,INE0QHY01011,MT,13.50,13.90,13.50,13.90,13.24,34500,466350.00,5
BSE,GCSL,INE199P01028,B,609.95,609.95,565.00,573.45,562.25,5499,3140000.00,110
BSE,GDLLEAS,INE545E01018,XT,66.90,66.90,63.58,64.98,66.90,207,13382.00,5
BSE,GEE,INE064H01021,XT,131.00,131.00,128.00,128.55,130.95,30197,3924466.00,114
BSE,GEMAROMA,INE06XZ01023,B,166.20,167.40,163.00,164.80,165.55,5930,974663.00,169
BSE,GEMENVIRO,INE0RUJ01013,M,35.01,35.99,34.15,35.99,35.01,4800,167632.00,6
BSE,GEMSI,INE503D01027,X,1.34,1.38,1.31,1.35,1.38,20030,26927.00,100
BSE,GENCON,INE854S01022,B,45.50,45.50,43.69,45.02,44.82,1547,69373.00,17
BSE,GENESYS,INE727B01026,B,226.10,226.10,218.00,220.05,225.65,21628,4785657.00,364
BSE,GENNEX,INE509C01026,X,12.25,12.35,11.70,12.04,12.10,535384,6415420.00,572
BSE,GENPHARMA,INE861N01036,X,1.19,1.36,1.15,1.24,1.18,3448139,4304552.00,816
BSE,GENSOL,INE06H201014,Z,17.38,17.49,16.61,16.91,17.38,16024,273493.00,232
BSE,GENUSPAPER,INE949P01018,B,12.16,12.16,11.64,11.72,12.00,4390,51599.00,28
BSE,GENUSPOWER,INE955D01029,A,326.60,340.90,322.55,335.35,327.75,871196,287624693.00,482035
BSE,GENUSPRIME,INE256D01014,X,44.66,44.66,44.66,44.66,42.54,20995,937636.00,109
BSE,GEOJITFSL,INE007B01023,B,83.00,83.11,81.65,82.99,83.18,14566,1204630.00,186
BSE,GESHIP,INE017A01032,A,1325.55,1329.00,1303.05,1305.55,1325.55,24194,31764426.00,1489
BSE,GFLLIMITED,INE538A01037,B,56.93,59.51,54.76,58.56,55.86,24073,1395600.00,584
BSE,GGAUTO,INE493B01017,X,160.25,162.60,160.20,161.15,162.00,2811,453018.00,41
BSE,GGDPROP,INE631D01026,X,73.80,73.85,71.00,73.85,70.05,337,24676.00,10
BSE,GGL,INE063Z01017,X,3.12,3.17,3.05,3.16,3.09,7015,21745.00,38
BSE,GGPL,INE480S01026,Z,1.26,1.35,1.25,1.33,1.30,125094,158353.00,77
BSE,GHCL,INE539A01019,A,435.95,436.05,432.00,434.45,436.25,2900,1259107.00,187
BSE,GHCLTEXTIL,INE0PA801013,B,143.05,144.30,138.10,139.20,140.40,90798,12849282.00,1149
BSE,GHVINFRA,INE809Q01020,XT,287.00,291.50,281.95,288.40,289.25,8525,2439737.00,197
BSE,GIANLIFE,INE063601012,Z,4.89,4.94,4.63,4.88,4.80,15176,71290.00,36
BSE,GICHSGFIN,INE289B01019,B,142.10,147.90,139.65,145.75,142.20,12362,1779514.00,253
BSE,GICRE,INE481Y01014,A,353.65,358.40,352.40,355.55,354.85,156412,55547211.00,2469
BSE,GILADAFINS,INE918C01029,X,11.90,12.50,11.90,12.33,12.07,4240,52117.00,22
BSE,GILLANDERS,INE047B01011,B,110.90,110.90,106.75,106.75,104.05,8,870.00,2
BSE,GILLETTE,INE322A01010,A,7408.75,7461.15,7301.30,7340.30,7424.25,2296,16923258.00,532
BSE,GINISILK,INE548B01018,X,62.90,64.00,62.69,63.10,58.94,1622,102193.00,28
BSE,GINNIFILA,INE424C01010,T,43.00,43.99,42.50,43.75,43.70,10861,463342.00,26
BSE,GIPCL,INE162A01010,B,202.55,208.00,197.30,206.05,198.45,87105,17717827.00,1923
BSE,GITARENEW,INE776O01018,X,67.93,67.93,66.21,66.56,68.27,745,50260.00,38
BSE,GKB,INE265D01015,B,64.24,66.40,62.00,63.04,62.68,1360,85029.00,27
BSE,GKENERGY,INE1AG301022,B,134.35,134.35,129.00,131.20,131.75,16943,2216947.00,243
BSE,GKL,INE986W01016,X,31.49,31.49,30.68,30.99,30.08,58191,1806771.00,98
BSE,GKP,INE05QJ01015,B,7.21,7.40,6.28,7.00,7.36,20289,138082.00,103
BSE,GKSL,INE0V0W01025,B,163.35,172.00,161.00,168.15,162.40,61136,10259391.00,841
BSE,GLANCE,INE580D01017,X,165.00,165.00,163.00,165.00,163.00,270,44214.00,6
BSE,GLAND,INE068V01023,A,2937.85,2937.85,2805.00,2865.15,2868.35,98341,278422505.00,3493
BSE,GLAXO,INE159A01016,A,2990.00,2990.00,2908.75,2946.60,2994.70,3317,9765539.00,603
BSE,GLCL,INE804Q01013,X,17.23,17.94,17.23,17.68,17.58,9230,162838.00,69
BSE,GLEN,INE0UMC01019,MT,120.25,120.50,119.00,120.00,119.00,27600,3311640.00,16
BSE,GLENMARK,INE935A01035,A,2464.10,2474.00,2422.10,2451.70,2464.20,13919,34105320.00,1872
BSE,GLFL,INE540A01017,B,5.70,5.95,5.70,5.95,5.98,70,411.00,6
BSE,GLHRL,INE0J2K01014,M,12.20,12.28,11.12,11.89,11.70,118000,1398650.00,61
BSE,GLITTEKG,INE741B01027,XT,72.16,72.16,65.60,72.16,68.73,45664,3276551.00,225
BSE,GLOBALCA,INE062C01042,X,0.46,0.47,0.46,0.47,0.47,127319,59106.00,78
BSE,GLOBALE,INE0URU01010,B,11.60,11.60,11.52,11.52,12.12,20,231.00,2
BSE,GLOBALVECT,INE792H01019,B,143.95,143.95,139.00,142.00,143.25,912,128041.00,82
BSE,GLOBECIVIL,INE0V3U01015,B,46.00,47.00,45.50,46.86,46.12,4637,215204.00,62
BSE,GLOBUSCON,INE064L01015,X,12.89,13.30,12.42,12.62,12.64,5986,74792.00,51
BSE,GLOBUSSPR,INE615I01010,B,910.30,910.30,893.75,907.05,916.10,8443,7640684.00,722
BSE,GLOSTERLTD,INE350Z01018,B,590.05,590.05,580.05,581.45,589.90,30,17622.00,11
BSE,GLOTTIS,INE0TQE01026,B,63.17,63.17,62.06,62.80,63.17,7824,489027.00,127
BSE,GMBREW,INE075D01018,B,872.35,889.30,870.45,885.25,876.50,2364,2079877.00,177
BSE,GMDCLTD,INE131A01031,A,559.75,562.65,555.60,556.65,562.40,41434,23117547.00,1557
BSE,GMMPFAUDLR,INE541A01023,A,1075.35,1086.45,1052.15,1069.25,1084.70,11535,12316896.00,572
BSE,GMRAIRPORT,INE776C01039,A,93.48,94.22,92.62,94.04,93.99,138860,12980458.00,1585
BSE,GMRP&UI,INE0CU601026,A,90.72,91.70,86.67,91.14,89.87,89871,8026809.00,722
BSE,GNA,INE934S01014,B,530.00,541.75,526.00,533.00,532.10,9012,4795491.00,410
BSE,GNFC,INE113A01013,A,574.00,583.45,571.80,577.50,575.90,54831,31613065.00,1765
BSE,GNRL,INE207H01018,B,95.90,95.90,94.65,94.98,95.78,5153,490334.00,246
BSE,GOACARBON,INE426D01013,B,368.55,372.90,361.50,365.95,370.00,863,315477.00,72
BSE,GOBLIN,INE492Z01018,M,10.84,10.90,10.74,10.90,9.91,34000,368960.00,13
BSE,GOCLCORP,INE077F01035,B,384.35,393.80,384.35,391.85,385.15,2011,782640.00,156
BSE,GOCOLORS,INE0BJS01011,B,320.05,325.50,318.50,323.60,323.85,3673,1181034.00,146
BSE,GODAVARI,INE362C01012,X,99.00,99.00,93.00,96.80,97.08,14426,1390115.00,76
BSE,GODAVARIB,INE497S01012,B,233.10,238.50,231.40,237.15,235.30,6695,1578707.00,300
BSE,GODFRYPHLP,INE260B01028,A,2070.25,2073.55,2030.15,2033.00,2080.00,21446,43776887.00,2087
BSE,GODIGIT,INE03JT01014,A,260.00,261.60,255.90,259.30,260.40,10841,2808725.00,219
BSE,GODREJAGRO,INE850D01014,A,650.80,679.35,650.05,670.75,654.05,96121,64339842.00,2625
BSE,GODREJCP,INE102D01028,A,899.85,904.35,891.75,903.10,900.20,18857,16921801.00,1094
BSE,GODREJIND,INE233A01035,A,1155.00,1155.00,1134.80,1138.55,1153.25,4293,4887716.00,374
BSE,GODREJPROP,INE484J01027,A,1969.95,1969.95,1911.00,1960.00,1983.90,30906,59546099.00,3179
BSE,GOELCONS,INE0ZOM01013,MT,418.00,418.00,410.05,410.05,418.95,1600,660040.00,4
BSE,GOKAKTEX,INE642I01014,X,56.05,59.97,56.05,59.97,56.02,94,5272.00,4
BSE,GOKEX,INE887G01027,A,775.00,780.40,768.00,770.75,782.55,5571,4306084.00,353
BSE,GOKUL,INE020J01029,B,41.01,41.74,40.75,41.39,41.39,35454,1457012.00,108
BSE,GOKULAGRO,INE314T01033,B,235.00,237.80,230.35,234.30,236.65,17510,4099786.00,581
BSE,GOLDCOINHF,INE634J01027,X,31.50,31.90,30.00,30.00,31.47,2582,81496.00,27
BSE,GOLDENTOBC,INE973A01010,Z,25.21,25.21,24.51,24.84,24.01,37,920.00,7
BSE,GOLDIAM,INE025B01025,A,340.65,345.90,337.30,343.40,342.30,12182,4161748.00,343
BSE,GOLDLEG,INE088E01019,X,8.32,8.32,7.35,7.54,8.12,17343,132316.00,78
BSE,GOLDTECH,INE805A01014,T,47.02,47.02,46.60,47.02,47.02,21,987.00,5
BSE,GOLECHA,INE427D01011,XT,26.46,26.46,26.46,26.46,27.00,32,846.00,5
BSE,GOLKUNDIA,INE798D01015,X,305.00,317.65,295.15,307.60,311.65,5729,1735117.00,149
BSE,GOODLUCK,INE127I01024,B,452.95,479.80,448.00,474.60,452.95,48013,22483695.00,1670
BSE,GOODRICKE,INE300A01016,X,236.00,236.60,207.20,224.35,241.80,33003,7361317.00,502
BSE,GOODYEAR,INE533A01012,B,738.20,741.00,723.50,735.00,738.20,1298,952799.00,209
BSE,GOPAL,INE0L9R01028,B,271.00,271.45,263.65,265.95,270.75,11397,3058089.00,261
BSE,GORANIN,INE792J01015,X,47.50,47.50,42.35,47.09,46.67,708,33401.00,19
BSE,GOURMET,INE512D01028,XT,11.49,11.71,11.49,11.71,11.49,1533,17616.00,8
BSE,GOWRALE,INE225G01012,XT,88.00,89.55,85.60,88.00,89.99,1288,112540.00,12
BSE,GOYALALUM,INE705X01026,B,6.37,6.44,5.92,6.22,6.34,8882,54816.00,87
BSE,GOYALASS,INE912B01032,X,1.07,1.07,1.04,1.04,1.07,21536,22943.00,19
BSE,GPAPL,INE0SIK01014,M,76.30,81.00,72.00,77.95,80.50,64000,4810336.00,31
BSE,GPIL,INE177H01039,A,245.55,245.55,237.00,239.75,243.20,96911,23218309.00,1118
BSE,GPPL,INE517F01014,A,163.60,165.65,161.75,164.10,168.85,122842,20163600.00,1690
BSE,GPSL,INE0QZF01012,M,66.50,67.00,66.50,66.50,70.00,12000,798300.00,20
BSE,GPTHEALTH,INE486R01017,B,157.55,157.55,149.55,150.60,151.05,3255,489658.00,193
BSE,GPTINFRA,INE390G01014,B,106.70,117.75,106.70,110.95,107.85,27972,3167014.00,493
BSE,GRAMEVA,INE578R01011,XT,85.00,92.00,83.45,89.64,87.78,391,33206.00,13
BSE,GRANDMA,INE927M01029,XT,0.67,0.67,0.67,0.67,0.64,72701,48709.00,17
BSE,GRANDOAK,INE926B01016,B,36.55,37.10,34.61,34.68,36.43,1907,66509.00,27
BSE,GRANULES,INE101D01020,A,837.50,837.95,816.00,831.25,837.60,32777,27042981.00,1578
BSE,GRAPHITE,INE371A01025,A,733.00,736.25,720.35,724.45,732.75,47160,34311449.00,1651
BSE,GRASIM,INE047A01021,A,3304.45,3304.45,3236.00,3295.00,3306.65,7877,25682236.00,1680
BSE,GRATEXI,INE915E01013,X,22.43,22.43,22.43,22.43,23.61,428,9600.00,5
BSE,GRAUWEIL,INE266D01021,B,69.50,70.73,69.00,70.05,69.36,30042,2102131.00,329
BSE,GRAVISSHO,INE214F01026,B,28.16,29.44,28.00,29.07,28.50,295,8463.00,19
BSE,GRAVITA,INE024L01027,A,1791.85,1791.85,1747.00,1749.80,1780.95,6567,11596139.00,1005
BSE,GRAVITY,INE995A01013,X,14.97,14.97,14.97,14.97,14.26,59150,885475.00,53
BSE,GREAVESCOT,INE224A01026,A,194.35,197.10,193.10,194.05,198.05,49360,9609312.00,1206
BSE,GREENCREST,INE414C01045,X,0.51,0.53,0.51,0.53,0.51,181612,94761.00,105
BSE,GREENLAM,INE544R01021,B,244.50,244.50,240.75,241.30,242.30,1957,473200.00,64
BSE,GREENPANEL,INE08ZM01014,B,158.25,160.20,154.65,158.00,160.85,15121,2380093.00,2253
BSE,GREENPLY,INE461C01038,B,283.50,287.60,280.05,283.80,286.65,6047,1713260.00,239
BSE,GREENPOWER,INE999K01014,B,8.99,9.22,8.95,9.17,9.13,278543,2533947.00,860
BSE,GRERENEW,INE0U8P01015,M,166.00,166.00,163.55,163.55,169.00,3600,594660.00,3
BSE,GRINDWELL,INE536A01023,A,1998.45,1998.45,1950.00,1967.65,1986.00,1993,3909588.00,390
BSE,GRINFRA,INE201P01022,B,877.55,881.60,863.10,875.50,884.85,442,385383.00,66
BSE,GRMOVER,INE192H01020,B,86.16,86.44,83.80,86.01,85.38,356948,30289158.00,2626
BSE,GROARC,INE042B01012,X,5.85,6.29,5.80,5.85,5.55,7119,41690.00,36
BSE,GROVY,INE343C01012,XT,68.85,69.00,62.97,65.00,66.28,4247,268763.00,36
BSE,GROWINGTON,INE451S01027,B,0.70,0.73,0.62,0.72,0.69,14766589,9817714.00,1390
BSE,GROWW,INE0HOQ01053,B,190.45,190.45,185.35,189.85,189.40,872125,163600699.00,9501
BSE,GRPLTD,INE137I01015,B,2018.50,2027.05,2018.50,2027.05,2028.60,22,44450.00,6
BSE,GRSE,INE382Z01011,A,2524.00,2531.80,2486.50,2495.55,2531.80,38270,95714586.00,3538
BSE,GRWRHITECH,INE291A01017,A,7170.05,7325.00,7118.05,7192.35,7215.80,1543,11122456.00,391
BSE,GSAUTO,INE736H01024,X,19.50,21.70,18.21,21.56,19.98,93956,1970274.00,409
BSE,GSBFIN,INE777C01011,XT,44.00,48.30,44.00,48.30,46.00,2106,101092.00,23
BSE,GSFC,INE026A01025,A,159.25,160.25,157.50,159.95,158.75,39331,6273814.00,588
BSE,GSLSU,INE0JSX01015,B,26.30,26.73,24.42,26.57,25.46,45266,1169684.00,428
BSE,GSLTD,INE403B01016,X,18.99,19.21,18.05,19.20,18.30,9910,188355.00,37
BSE,GSPCROP,INE713R01022,B,625.70,627.45,614.75,626.60,621.25,2118,1312492.00,131
BSE,GSS,INE871H01011,B,12.00,12.00,11.55,11.85,12.07,554,6479.00,11
BSE,GSTL,INE632W01016,X,38.34,38.34,35.86,35.86,37.74,55253,2000996.00,236
BSE,GTIL,INE1H1501013,M,117.70,128.45,117.00,128.30,116.80,262400,33291920.00,143
BSE,GTL,INE043A01012,B,7.20,7.45,7.05,7.24,7.09,43293,309473.00,158
BSE,GTLINFRA,INE221H01019,B,1.16,1.18,1.15,1.16,1.16,4356378,5071617.00,9160
BSE,GTNINDS,INE537A01013,X,22.00,24.90,22.00,24.10,23.34,27236,635258.00,44
BSE,GTNTEX,INE302H01017,X,8.25,9.60,8.25,9.18,9.09,1450,13038.00,18
BSE,GTPL,INE869I01013,B,57.42,57.75,55.50,56.14,57.21,1501,85590.00,52
BSE,GTTDATA,INE959B01017,X,43.45,43.50,41.00,41.36,43.17,17254,719654.00,78
BSE,GTV,INE910R01024,X,65.99,66.89,63.90,64.47,65.99,68237,4401903.00,536
BSE,GUFICBIO,INE742B01025,B,425.05,453.00,419.00,439.25,420.45,26811,11843168.00,1070
BSE,GUJALKALI,INE186A01019,B,727.40,730.00,708.20,714.25,713.25,5577,4019654.00,366
BSE,GUJAPOLLO,INE826C01016,B,339.60,344.95,335.40,336.45,334.15,246,84016.00,12
BSE,GUJARATPOLY,INE541F01022,XT,64.05,68.60,63.65,65.86,66.75,869,56986.00,37
BSE,GUJCONT,INE276I01011,P,172.05,172.05,172.05,172.05,173.05,500,86025.00,1
BSE,GUJCOTEX,INE004C01028,X,2.84,2.84,2.65,2.66,2.78,910210,2436639.00,508
BSE,GUJCRAFT,INE372D01019,X,97.90,99.35,95.50,95.50,97.90,1872,184546.00,25
BSE,GUJCRED,INE034B01019,X,24.78,25.47,24.78,25.47,25.47,289,7222.00,4
BSE,GUJENERGY,INE844O01030,A,255.45,262.80,253.75,262.35,254.15,130466,33799655.00,2317
BSE,GUJHOTE,INE621C01011,X,180.80,185.95,180.80,181.05,180.85,878,160639.00,13
BSE,GUJINJEC,INE659F01022,XT,10.90,10.90,10.40,10.40,10.94,683302,7108362.00,587
BSE,GUJINTRX,INE877E01015,X,444.00,450.00,440.20,441.55,442.30,3422,1521786.00,173
BSE,GUJINV,INE373D01017,X,14.00,14.00,13.60,13.60,14.31,357,4910.00,9
BSE,GUJJUBHAI,INE311N01016,X,100.45,103.00,98.20,99.95,100.40,229778,23073554.00,303
BSE,GUJPETR,INE636P01011,X,55.28,55.28,53.00,53.01,55.03,239,12896.00,5
BSE,GUJRAFFIA,INE610B01024,B,41.00,41.00,40.01,40.01,40.53,126,5120.00,9
BSE,GUJSTATFIN,INE944A01011,B,9.95,10.29,9.67,9.92,9.98,6379,63463.00,67
BSE,GUJTERC,INE499G01013,X,36.30,41.74,36.30,37.49,39.00,1357,50998.00,43
BSE,GUJTHEM,INE942C01045,B,414.75,419.70,407.00,412.60,419.45,11874,4894535.00,294
BSE,GUJTLRM,INE145J01032,B,0.46,0.46,0.44,0.45,0.46,2882671,1302142.00,845
BSE,GUJWIND,INE173V01013,X,9.49,9.75,9.49,9.57,9.98,5183,50318.00,14
BSE,GULFLLOYDS,INE1WDC01012,M,36.40,36.40,34.20,34.36,36.00,30000,1056648.00,25
BSE,GULFOILLUB,INE635Q01029,B,1141.95,1141.95,1120.00,1125.60,1132.05,5046,5683322.00,324
BSE,GULFPETRO,INE586G01017,T,65.10,68.00,65.10,67.89,66.20,4381,291697.00,43
BSE,GULPOLY,INE255D01024,B,189.00,189.40,185.30,187.70,188.10,8132,1523433.00,261
BSE,GVBL,INE574D01010,X,28.60,29.95,27.25,29.88,28.60,2219,65300.00,21
BSE,GVELECTRIC,INE1ZGR01024,M,124.00,127.00,122.40,122.75,127.55,34000,4209850.00,33
BSE,GVFILM,INE395B01048,X,0.41,0.43,0.41,0.41,0.42,5156299,2135126.00,392
BSE,GVKPIL,INE251H01024,T,2.08,2.10,2.03,2.05,2.07,215895,440529.00,219
BSE,GVPIL,INE878A01011,B,622.90,636.25,608.85,632.55,622.90,24739,15549115.00,1029
BSE,GVT&D,INE200A01026,A,4285.20,4285.20,4186.00,4230.00,4325.00,50156,211489144.00,4260
BSE,GYANDEV,INE487G01018,XT,50.00,50.50,50.00,50.30,48.10,793,39956.00,15
BSE,GYFTR,INE724A01017,B,186.00,186.10,175.00,182.15,182.65,5835,1050947.00,200
BSE,HAL,INE066F01020,A,4775.35,4792.80,4708.00,4778.00,4812.00,45960,217767349.00,6400
BSE,HALDER,INE115S01010,B,290.40,295.00,282.85,292.50,290.40,4409,1288029.00,20
BSE,HALDYNGL,INE506D01020,T,143.60,143.65,139.00,141.85,137.95,11858,1689968.00,73
BSE,HAMPTON,INE299D01022,B,7.21,8.18,7.21,8.02,8.07,4536,36244.00,68
BSE,HANMAN,INE982Q01017,M,3.77,3.77,3.77,3.77,4.00,8400,31668.00,2
BSE,HANNAH,INE0JVH01012,MT,118.70,119.00,115.95,115.95,115.50,30000,3526800.00,14
BSE,HANSUGAR,INE101H01013,XT,4.05,4.39,4.05,4.38,4.23,18297,78186.00,81
BSE,HAPPSTMNDS,INE419U01012,A,362.50,362.50,348.35,354.50,362.70,338652,120218872.00,6542
BSE,HAPPYFORGE,INE330T01021,B,2380.10,2460.85,2336.65,2346.40,2420.15,3099,7462368.00,606
BSE,HARAFIN,INE737G01016,ZP,60.99,60.99,60.99,60.99,64.20,800,48792.00,5
BSE,HARCR,INE905C01034,XT,27.76,27.76,27.76,27.76,27.22,103,2859.00,14
BSE,HARDCAS,INE722D01015,X,859.35,859.35,812.00,828.05,820.00,170,141075.00,15
BSE,HARDWYN,INE626Z01029,B,8.90,9.22,8.90,9.17,9.06,116781,1060388.00,198
BSE,HARIAAPL,INE493N01012,X,4.99,5.07,4.90,5.07,5.20,20207,100439.00,24
BSE,HARIAEXPO,INE772B01014,XT,8.90,8.90,8.89,8.89,8.91,200,1779.00,2
BSE,HARIKANTA,INE1UYW01010,M,64.00,64.00,63.00,63.00,64.06,3600,228600.00,3
BSE,HARIOMPIPE,INE00EV01017,B,344.95,352.80,333.60,348.25,342.35,13366,4615918.00,324
BSE,HARISH,INE01K301012,X,59.01,65.00,59.01,64.27,61.01,5071,316362.00,54
BSE,HARLETH,INE681F01018,X,62.00,62.00,57.00,57.23,58.73,384,22152.00,21
BSE,HARRMALAYA,INE544A01019,B,192.75,192.75,189.00,189.50,191.80,335,64008.00,31
BSE,HARSHA,INE0JUS01029,B,448.80,461.95,445.55,450.70,453.70,21027,9555877.00,861
BSE,HARSHILAGR,INE098E01026,XT,0.27,0.28,0.26,0.27,0.27,1972000,535883.00,559
BSE,HARYNACAP,INE928H01019,X,139.30,145.00,139.30,145.00,136.55,80,11559.00,3
BSE,HASTIFIN,INE671D01014,X,8.40,8.40,8.00,8.00,8.00,543,4541.00,5
BSE,HATHWAY,INE982F01036,B,10.40,10.45,10.18,10.35,10.52,160232,1658008.00,486
BSE,HATHWAYB,INE525B01016,X,11.50,11.50,11.40,11.40,11.50,125,1435.00,4
BSE,HATSUN,INE473B01035,A,1173.55,1220.00,1173.00,1193.90,1179.65,35921,43453413.00,1406
BSE,HAVELLS,INE176B01034,A,1226.60,1226.60,1183.80,1195.00,1233.00,751825,903579493.00,2497
BSE,HAVISHA,INE293B01029,B,1.37,1.37,1.29,1.29,1.35,7494,9831.00,31
BSE,HAWAENG,INE230I01018,X,79.79,79.79,73.10,74.99,80.40,42,3170.00,16
BSE,HAWKINCOOK,INE979B01015,B,8150.00,8200.00,8126.80,8198.50,8133.40,61,498283.00,34
BSE,HAZOOR,INE550F01049,B,19.05,19.37,18.80,18.98,19.50,88128,1678319.00,372
BSE,HBESD,INE640B01021,B,75.00,75.00,75.00,75.00,76.80,10,750.00,1
BSE,HBGHOTELS,INE977M01024,X,74.51,82.90,73.45,82.00,76.44,6899,538062.00,59
BSE,HBLEAS,INE549B01016,X,10.15,10.15,10.01,10.01,10.00,325,3266.00,4
BSE,HBLENGINE,INE292B01021,A,660.85,663.15,648.05,660.10,659.25,95002,62021357.00,3068
BSE,HBPOR,INE638B01025,B,60.00,60.00,58.10,58.20,61.49,426,24919.00,23
BSE,HBSL,INE550B01022,B,53.60,54.40,53.60,54.39,55.60,154,8335.00,6
BSE,HCC,INE549A01026,A,23.20,23.73,22.92,23.09,23.35,1310278,30348470.00,1757
BSE,HCG,INE075I01017,A,709.45,717.80,696.00,699.10,705.60,182585,129603304.00,2742
BSE,HCKKVENTURE,INE345Q01017,XT,38.00,40.00,36.38,36.38,38.29,157,5716.00,8
BSE,HCL-INSYS,INE236A01020,B,10.41,10.85,10.22,10.32,10.55,35221,369614.00,293
BSE,HCLTECH,INE860A01027,A,1341.95,1348.50,1317.90,1330.90,1351.00,75561,100645722.00,4208
BSE,HDBFS,INE756I01012,A,665.10,676.30,665.10,674.80,675.65,14690,9862790.00,1044
BSE,HDFCAMC,INE127D01025,A,2522.30,2522.30,2477.00,2520.00,2548.80,232837,581932350.00,4273
BSE,HDFCBANK,INE040A01034,A,701.20,706.05,700.10,700.95,712.05,2021991,1420230848.00,54050
BSE,HDFCLIFE,INE795G01014,A,537.65,537.80,532.05,533.50,541.00,81385,43547483.00,3099
BSE,HDIL,INE191I01012,Z,1.44,1.53,1.44,1.53,1.49,50567,75063.00,43
BSE,HEADSUP,INE759V01019,B,6.80,6.80,6.65,6.66,6.73,1604,10808.00,24
BSE,HEALTHX,INE019J01013,B,313.05,313.05,294.00,300.00,302.05,132,38991.00,33
BSE,HEALTHYLIFE,INE0L3501015,MT,6.71,7.31,6.68,7.19,7.03,82000,555200.00,25
BSE,HEERAISP,INE025D01013,X,6.70,6.70,6.70,6.70,6.61,1,6.00,1
BSE,HEG,INE545A01024,A,728.75,728.75,703.45,705.85,729.15,34243,24492021.00,1491
BSE,HEIDELBERG,INE578A01017,B,158.00,158.95,157.00,157.80,158.30,20306,3207453.00,385
BSE,HELLOJI,INE1FJE01010,M,128.00,128.00,124.00,125.00,128.75,8400,1064400.00,7
BSE,HELPAGE,INE738P01015,X,20.26,21.20,19.11,19.13,21.23,6811,131933.00,42
BSE,HEMANG,INE930A01010,X,10.11,10.11,9.61,9.62,10.11,680,6867.00,6
BSE,HEMIPROP,INE0AJG01018,B,126.95,127.55,125.50,126.65,127.00,14755,1863980.00,197
BSE,HERANBA,INE694N01015,B,177.50,177.50,173.15,175.00,176.00,1650,288623.00,102
BSE,HERCULES,INE688E01024,X,123.90,123.90,121.00,121.75,121.15,3869,471220.00,98
BSE,HERITGFOOD,INE978A01027,B,353.50,384.10,350.55,379.05,353.90,749315,278935015.00,5568
BSE,HEROMOTOCO,INE158A01026,A,5471.00,5481.25,5169.00,5309.00,5545.00,275926,1444403110.00,14776
BSE,HESTERBIO,INE782E01017,B,2181.10,2189.00,2152.00,2182.15,2217.10,256,556747.00,55
BSE,HEXAGON,INE0JUI01012,T,64.76,67.50,64.00,65.96,66.32,66219,4345706.00,306
BSE,HEXATRADEX,INE750M01017,B,155.00,161.70,155.00,158.40,162.95,26,4065.00,5
BSE,HEXT,INE093A01041,A,550.05,551.35,540.00,545.00,552.05,249305,135855619.00,1115
BSE,HFCL,INE548A01028,A,231.75,239.00,225.35,226.65,236.55,889463,205466587.00,12284
BSE,HFIL,INE552B01010,X,8.32,8.32,8.01,8.25,8.19,20967,170973.00,133
BSE,HGINFRA,INE926X01010,B,480.05,482.20,470.65,472.15,481.50,3248,1541180.00,320
BSE,HGM,INE596H01014,B,47.61,47.61,47.61,47.61,49.38,5,238.00,1
BSE,HGS,INE170I01016,B,400.00,400.00,392.15,392.50,393.00,1002,395286.00,257
BSE,HIGHENE,INE783E01023,X,582.50,583.00,575.55,580.05,583.95,2229,1290624.00,98
BSE,HIGHNESS,INE1KI801019,MT,183.00,183.00,177.00,181.25,183.00,8400,1519920.00,7
BSE,HIKAL,INE475B01022,B,198.25,203.00,197.45,201.05,198.55,16660,3327627.00,359
BSE,HIKLASS,INE302R01024,XT,90.00,90.80,90.00,90.80,91.00,65000,5875000.00,19
BSE,HILIKS,INE966Q01010,XT,66.60,66.60,61.45,64.98,63.49,3256,213598.00,37
BSE,HILINFRA,INE00RL01028,B,46.79,46.79,43.50,44.34,44.18,10680,467765.00,57
BSE,HILLTONE,INE168C01013,X,39.85,41.50,39.40,40.00,38.99,15645,623258.00,45
BSE,HILTON,INE788H01017,B,19.30,19.78,18.50,18.83,19.37,12731,241315.00,304
BSE,HIMATSEIDE,INE049A01027,B,68.69,70.00,68.33,69.61,69.25,26903,1860917.00,288
BSE,HIMTEK,INE705G01021,XT,280.00,281.00,270.00,273.95,275.00,10099,2773017.00,85
BSE,HINDADH,INE074C01013,B,351.35,359.05,350.00,358.90,354.45,1931,687073.00,119
BSE,HINDALCO,INE038A01020,A,1009.95,1011.20,997.55,1008.00,1014.30,54778,55115511.00,2382
BSE,HINDALUMI,INE227B01019,B,99.75,99.75,97.00,97.08,97.92,1287,125344.00,26
BSE,HINDAPL,INE02XD01011,X,95.00,102.91,94.53,98.72,98.01,134,12722.00,20
BSE,HINDBIO,INE597C01021,X,7.91,8.23,7.52,7.53,7.91,9662,74578.00,71
BSE,HINDCOMPOS,INE310C01029,B,400.10,406.00,395.65,395.65,408.05,532,212101.00,39
BSE,HINDCOPPER,INE531E01026,A,520.95,524.95,516.25,521.25,526.40,373094,193915681.00,7165
BSE,HINDHARD,INE724D01011,X,690.00,698.75,676.50,687.15,699.75,537,368572.00,46
BSE,HINDMILL,INE832D01020,X,138.00,142.50,136.10,140.95,138.45,1829,252341.00,23
BSE,HINDMOTORS,INE253A01025,X,14.20,14.50,14.00,14.15,14.28,106002,1503216.00,782
BSE,HINDOILEXP,INE345A01011,B,169.95,172.10,165.00,166.20,168.90,50477,8419995.00,699
BSE,HINDPETRO,INE094A01015,A,357.75,362.70,355.30,358.80,362.50,1267454,455781417.00,5981
BSE,HINDTIN,INE428D01019,X,120.90,121.90,115.30,117.30,119.10,8431,986558.00,114
BSE,HINDUNILVR,INE030A01027,A,1986.20,1986.20,1962.40,1976.00,1995.00,64722,127473299.00,9394
BSE,HINDUST,INE092301014,X,37.30,39.05,37.30,39.05,38.59,3610,139852.00,26
BSE,HINDWAREAP,INE05AN01011,B,183.80,183.80,178.90,182.00,182.20,5657,1019253.00,166
BSE,HINDZINC,INE267A01025,A,590.00,592.80,581.65,588.00,596.50,134878,79317015.00,3302
BSE,HIPOLIN,INE963A01011,XT,81.10,81.10,81.01,81.01,85.27,1059,85800.00,18
BSE,HIRECT,INE835D01023,B,1246.00,1247.85,1216.00,1219.35,1249.85,1803,2214468.00,175
BSE,HITECH,INE106T01025,B,78.90,80.00,76.10,76.90,79.74,118080,9177881.00,1132
BSE,HITKITGLO,INE309B01023,X,2.49,2.49,2.40,2.45,2.44,132323,322529.00,83
BSE,HITTCO,INE863C01019,XT,16.43,16.43,16.43,16.43,15.65,14438,237216.00,19
BSE,HLEGLAS,INE461D01028,B,316.00,318.45,313.30,314.05,316.45,10519,3317054.00,339
BSE,HLVLTD,INE102A01024,B,6.34,6.34,6.20,6.32,6.35,56137,352268.00,194
BSE,HMAAGRO,INE0ECP01024,B,20.86,21.67,20.65,20.86,20.93,93871,1967869.00,374
BSE,HMEML,INE0DZD01015,M,55.45,58.00,55.30,57.58,52.80,51200,2913424.00,30
BSE,HMT,INE262A01018,Z,64.57,67.79,64.54,67.78,64.57,20687,1378472.00,176
BSE,HMVL,INE871K01015,T,89.10,89.10,85.06,87.57,85.71,500,43885.00,6
BSE,HNDFDS,INE254N01026,B,644.95,644.95,612.65,621.05,644.75,67186,41525323.00,699
BSE,HOCL,INE048A01011,T,37.05,37.42,36.20,37.04,37.05,7379,273174.00,72
BSE,HOM,INE982C01033,XT,1.98,2.03,1.86,2.02,1.94,151486,302797.00,480
BSE,HOMEFIRST,INE481N01025,A,1170.95,1198.05,1153.95,1196.10,1182.00,3892,4604649.00,292
BSE,HONASA,INE0J5401028,A,478.25,480.75,465.25,470.45,472.75,26174,12372054.00,952
BSE,HONAUT,INE671A01010,A,35499.75,35499.75,34858.85,35154.60,35663.50,936,32889724.00,98
BSE,HONDAPOWER,INE634A01018,B,1985.00,2012.75,1970.00,1974.15,1998.60,139,276103.00,81
BSE,HORIZON,INE1SEO01013,M,118.20,123.70,118.00,123.60,120.45,21600,2626800.00,18
BSE,HORIZONIND,INE685T01010,B,54.72,57.20,53.72,56.78,55.54,520007,28782389.00,3093
BSE,HOTLSILV,INE731B01010,X,10.75,10.98,10.75,10.95,10.24,388,4198.00,7
BSE,HOWARHO,INE931B01016,X,19.00,19.41,19.00,19.41,19.50,45,864.00,7
BSE,HPAL,INE0GSL01024,B,35.12,35.43,34.67,35.23,34.81,1467,51393.00,29
BSE,HPBL,INE136C01044,X,287.70,290.70,280.10,290.70,276.90,12614,3639145.00,212
BSE,HPCOTTON,INE950C01014,X,101.00,101.00,98.00,98.25,99.00,3237,318549.00,22
BSE,HPL,INE495S01016,B,298.55,301.90,294.00,297.35,299.50,6748,2005551.00,267
BSE,HRHYGIENE,INE17DP01015,M,66.50,66.50,63.00,63.00,64.80,19200,1241264.00,12
BSE,HRS,INE1E1V01017,M,250.00,250.00,249.80,249.80,250.00,2000,499800.00,5
BSE,HRYNSHP,INE400G01011,B,100.10,102.75,99.00,99.75,100.10,677,67701.00,28
BSE,HSCL,INE019C01026,A,674.35,683.80,654.10,660.20,680.60,277413,185985240.00,5245
BSE,HSIL,INE0GYI01028,M,352.05,361.85,350.05,359.15,361.10,13200,4687000.00,31
BSE,HTEL,INE0LEG01024,T,77.10,79.36,75.25,78.83,75.59,770494,60021069.00,4307
BSE,HTMEDIA,INE501G01024,B,27.15,27.15,26.05,26.40,26.59,11215,294580.00,58
BSE,HUBTOWN,INE703H01016,A,179.55,181.65,177.70,180.10,180.80,9747,1745407.00,210
BSE,HUDCO,INE031A01017,A,177.95,180.10,175.20,177.90,178.35,156257,27672042.00,1869
BSE,HUHTAMAKI,INE275B01026,B,263.90,270.35,256.70,261.20,259.10,41225,10788931.00,807
BSE,HYBRIDFIN,INE965B01022,T,16.91,17.25,16.42,17.08,17.25,511,8525.00,11
BSE,HYPERSOFT,INE039D01014,XT,199.00,203.90,194.35,199.70,201.00,2340,465711.00,105
BSE,HYUNDAI,INE0V6F01027,A,2165.30,2167.25,2096.75,2150.00,2172.00,104750,221434363.00,2685
BSE,IBINFO,INE678B01039,X,33.50,37.01,33.49,37.01,35.25,2659,95210.00,65
BSE,IBULLSLTD,INE126M01010,B,25.46,26.53,24.69,25.92,25.47,753930,19277634.00,2464
BSE,ICDSLTD,INE613B01010,B,53.96,57.91,50.02,57.91,48.26,6424,365849.00,63
BSE,ICICIAMC,INE346A01027,A,3033.00,3033.00,2945.10,2973.55,3031.75,56643,168703835.00,5023
BSE,ICICIBANK,INE090A01021,A,1423.55,1435.50,1420.40,1428.00,1436.80,718780,1024303790.00,15180
BSE,ICICIGI,INE765G01017,A,1540.10,1553.10,1522.05,1536.40,1567.00,23348,35845391.00,1981
BSE,ICICIPRULI,INE726G01019,A,495.00,501.60,488.00,499.50,495.30,24054,11910252.00,1492
BSE,ICIL,INE483B01026,A,436.35,449.05,425.00,447.65,433.35,32628,14301063.00,1088
BSE,ICL,INE407P01017,X,34.50,35.50,32.78,32.78,34.50,169,5594.00,11
BSE,ICODEX,INE111601014,M,39.57,39.57,34.50,35.25,38.79,39600,1421604.00,33
BSE,ICON,INE0Y0E01012,M,66.50,67.00,66.50,67.00,66.50,2400,160200.00,2
BSE,ICONIKSPEV,INE088P01015,X,38.76,39.00,36.77,38.50,37.72,19429,748240.00,85
BSE,ICRA,INE725G01011,B,4960.05,5000.00,4877.25,4886.40,5008.05,382,1886786.00,96
BSE,ICSL,INE682B01023,X,3.91,3.91,3.40,3.61,3.56,4223,16174.00,25
BSE,IDBI,INE008A01015,A,91.54,93.25,90.65,91.38,92.12,826764,76154376.00,3957
BSE,IDEA,INE669E01016,A,14.16,14.71,13.93,14.52,14.04,22104999,318243547.00,589767
BSE,IDEAFORGE,INE349Y01013,B,780.10,790.90,768.85,769.85,784.50,15522,12068357.00,1056
BSE,IDENTIXWEB,INE0PA401012,M,75.00,75.00,75.00,75.00,74.80,2000,150000.00,1
BSE,IDFCFIRSTB,INE092T01019,A,84.77,85.25,83.67,84.95,84.96,3050664,258214387.00,11364
BSE,IECEDU,INE172B01017,X,22.25,28.96,22.25,26.87,24.45,112384,2801222.00,111
BSE,IEX,INE022Q01020,A,119.00,119.30,117.80,119.15,119.15,1601976,189679476.00,3159
BSE,IFBAGRO,INE076C01018,B,897.00,904.25,893.25,901.90,897.65,328,293570.00,61
BSE,IFBIND,INE559A01017,B,1299.00,1311.10,1275.40,1296.00,1303.10,3423,4425228.00,284
BSE,IFCI,INE039A01010,A,87.32,99.45,87.02,98.20,87.30,25311810,2413657618.00,94676
BSE,IFGLEXPOR,INE133Y01011,B,205.00,212.00,203.70,208.80,208.25,1312,269527.00,41
BSE,IFINSEC,INE474O01010,X,231.20,242.00,230.00,240.00,232.35,721,171951.00,11
BSE,IFINSER,INE064T01018,X,13.50,14.00,13.40,13.71,13.92,3333,46332.00,22
BSE,IFL,INE714U01024,B,0.33,0.35,0.33,0.33,0.34,2688602,907694.00,408
BSE,IGARASHI,INE188B01013,B,421.40,421.50,412.95,414.55,421.40,1924,800576.00,133
BSE,IGCIL,INE099S01016,X,1.99,2.05,1.82,1.98,1.99,84767,167632.00,118
BSE,IGCL,INE05J901018,B,71.34,74.00,71.34,73.95,71.21,1498,108684.00,50
BSE,IGIL,INE0Q9301021,A,346.25,346.25,326.00,327.85,339.65,25206,8316463.00,1567
BSE,IGL,INE203G01027,A,149.70,149.70,147.60,148.05,149.80,57290,8508918.00,732
BSE,IGPL,INE204A01010,B,542.95,548.90,533.55,545.30,547.75,3235,1748004.00,201
BSE,IIFL,INE530B01024,A,638.00,652.00,625.50,633.00,638.30,83579,53502767.00,2908
BSE,IIFLCAPS,INE489L01022,A,340.85,342.55,337.20,338.80,339.95,9427,3204314.00,514
BSE,IIRM,INE670C01026,XT,127.55,133.00,127.55,129.75,127.55,11318,1477795.00,53
BSE,IISL,INE818R01011,XT,11.70,11.70,11.70,11.70,11.15,211,2468.00,3
BSE,IITL,INE886A01014,B,154.10,157.00,147.50,148.55,154.05,6951,1054111.00,46
BSE,IKIO,INE0LOJ01019,B,204.45,212.85,203.00,206.30,207.25,18743,3876998.00,317
BSE,IKOMA,INE164D01010,XT,60.30,61.66,58.21,59.33,60.91,93188,5572298.00,137
BSE,IKS,INE115Q01022,A,1736.05,1748.60,1712.55,1742.70,1744.35,78740,137307638.00,605
BSE,IL&FSENGG,INE369I01014,Z,35.00,36.00,34.20,35.98,35.91,595,20644.00,9
BSE,IL&FSTRANS,INE975G01012,Z,2.29,2.29,2.17,2.20,2.28,577,1304.00,8
BSE,IMAGICAA,INE172N01012,B,54.49,54.98,53.83,54.45,55.03,39206,2133449.00,275
BSE,IMEC,INE611C01020,X,105.00,108.20,105.00,107.30,105.35,2494,261998.00,25
BSE,IMFA,INE919H01018,A,1298.00,1310.40,1283.50,1294.05,1302.40,3803,4929755.00,349
BSE,IMPAL,INE547E01014,B,1102.30,1121.00,1096.00,1115.00,1131.40,174,191463.00,30
BSE,IMPERA,INE351D01013,X,61.85,64.89,61.85,64.89,61.80,170,10586.00,4
BSE,IMPEXFERRO,INE691G01015,Z,4.68,4.68,4.68,4.68,4.59,9641,45119.00,23
BSE,INA,INE0LGX01024,B,91.01,91.01,88.01,89.45,89.64,59429,5314607.00,1346
BSE,INANI,INE635D01027,X,8.55,9.20,8.55,9.09,8.74,1928,17263.00,13
BSE,INCAP,INE437C01012,X,86.00,86.00,86.00,86.00,87.00,10,860.00,1
BSE,INCON,INE507D01010,XT,25.20,26.50,25.18,26.02,26.50,1859,47940.00,12
BSE,INCREDIBLE,INE452L01012,B,33.23,33.23,32.00,33.18,33.23,1179,39048.00,68
BSE,INDAG,INE802D01023,X,120.00,121.95,118.00,120.95,118.95,3731,445685.00,86
BSE,INDAGIV,INE115E01010,XT,38.10,38.10,38.10,38.10,40.10,2864,109118.00,7
BSE,INDBANK,INE841B01017,B,30.00,31.50,30.00,30.96,31.50,1700,52646.00,54
BSE,INDBNK,INE969D01012,B,52.00,52.00,49.15,49.71,48.73,282,14006.00,14
BSE,INDCEMCAP,INE429D01017,XT,27.73,27.73,27.73,27.73,27.19,35092,973101.00,31
BSE,INDCTST,INE146H01018,X,62.05,65.95,60.00,64.95,62.05,1080,69051.00,15
BSE,INDERGR,INE628F01019,XT,25.50,25.50,25.50,25.50,25.50,15,382.00,3
BSE,INDGELA,INE342D01012,X,355.10,365.80,353.00,363.55,360.50,1859,665044.00,50
BSE,INDGN,INE065X01017,A,600.85,610.30,593.25,600.00,605.80,55949,33638147.00,2474
BSE,INDHOTEL,INE053A01029,A,705.55,727.00,705.55,727.00,719.80,80116,57626580.00,3703
BSE,INDIACEM,INE383A01012,A,360.00,360.00,354.05,358.25,359.75,2485,886410.00,155
BSE,INDIAGLYCO,INE560A01023,T,229.85,241.30,229.00,241.30,1112.90,100774,24287233.00,325
BSE,INDIAHOME,INE274E01015,X,30.32,32.47,30.32,31.22,32.10,2637,83965.00,28
BSE,INDIAHOMES,INE072A01029,X,26.79,26.79,26.22,26.46,26.66,279286,7393381.00,353
BSE,INDIAMART,INE933S01016,A,1755.05,1756.25,1733.20,1739.60,1766.20,5116,8911030.00,680
BSE,INDIANACRY,INE862B01013,X,5.98,6.10,5.83,5.98,5.86,110420,661916.00,95
BSE,INDIANB,INE562A01011,A,879.90,884.00,866.00,878.00,880.00,15782,13777152.00,824
BSE,INDIANHUME,INE323C01030,B,369.20,390.10,368.60,388.85,372.10,5448,2090870.00,257
BSE,INDIANVSH,INE131H01028,X,6.68,6.99,6.45,6.56,6.71,3776,25194.00,28
BSE,INDIASHLTR,INE922K01024,A,634.00,656.20,620.85,651.70,629.60,7425,4706481.00,319
BSE,INDIGO,INE646L01027,A,4999.80,5010.00,4900.30,5005.00,5055.50,356002,1753357697.00,8049
BSE,INDIGOPNTS,INE09VQ01012,A,1171.80,1180.00,1127.85,1166.80,1172.05,4923,5676415.00,405
BSE,INDIGRID,INE219X23014,IF,176.30,176.30,174.89,175.32,174.88,38395,6734129.00,643
BSE,INDINFO,INE300B01022,X,0.57,0.57,0.53,0.55,0.57,3369329,1855335.00,855
BSE,INDIQUBE,INE06ST01018,B,187.90,193.00,187.60,193.00,189.05,732,139491.00,23
BSE,INDLEASE,INE333C01013,X,7.79,7.79,7.79,7.79,8.20,521,4058.00,5
BSE,INDNIPPON,INE092B01025,B,1059.55,1078.85,1053.50,1060.20,1073.25,566,600718.00,77
BSE,INDOAMIN,INE760F01028,T,121.45,122.95,118.10,122.80,121.80,3045,368331.00,58
BSE,INDOBELL,INE0FK501019,MT,88.72,88.72,84.50,87.49,84.50,68250,6027367.00,68
BSE,INDOBORAX,INE803D01021,B,518.80,518.80,504.00,505.80,514.30,11454,5844065.00,385
BSE,INDOCITY,INE456B01014,X,13.19,13.19,13.19,13.19,13.19,120,1582.00,2
BSE,INDOCO,INE873D01024,B,243.45,287.35,241.30,273.75,242.50,474321,130287018.00,7084
BSE,INDOCRED,INE147D01015,XT,9.81,9.81,8.89,8.89,9.35,1989,17880.00,13
BSE,INDOEURO,INE319N01019,X,8.24,8.30,8.24,8.24,8.40,1900,15706.00,18
BSE,INDOFARM,INE622H01018,B,134.60,136.00,132.80,134.50,135.00,11474,1542327.00,206
BSE,INDOKEM,INE716F01012,B,612.85,612.85,595.00,595.35,606.75,1313,793678.00,92
BSE,INDOMIM,INE084101034,B,858.00,892.40,838.50,888.45,858.80,159863,139529838.00,5465
BSE,INDONG,INE0KN201016,MT,7.60,7.60,7.60,7.60,7.60,4000,30400.00,1
BSE,INDORAMA,INE156A01020,B,67.24,68.82,65.51,66.73,68.06,47547,3187420.00,373
BSE,INDOSMC,INE0WKY01013,M,479.00,479.95,462.05,469.55,481.20,60000,28068200.00,58
BSE,INDOSTAR,INE896L01010,B,251.05,263.35,250.65,261.45,252.55,4623,1189872.00,161
BSE,INDOTECH,INE332H01014,B,3671.50,3704.35,3550.00,3569.95,3706.05,7562,27179538.00,829
BSE,INDOTHAI,INE337M01021,B,39.71,41.40,39.71,39.71,41.80,1387236,55248540.00,473
BSE,INDOUS,INE250Z01010,B,79.00,79.00,78.50,78.50,77.60,8,630.00,2
BSE,INDOWIND,INE227G01018,B,8.98,9.25,8.80,9.04,9.06,5754,51692.00,90
BSE,INDPRUD,INE620D01011,B,6275.00,6300.00,6270.00,6270.00,6250.00,70,439180.00,24
BSE,INDRAMEDCO,INE681B01017,A,357.00,357.05,349.00,352.55,357.75,8260,2906974.00,468
BSE,INDRANIB,INE007C01021,X,7.83,8.83,7.56,8.26,7.55,61429,505076.00,115
BSE,INDRENEW,INE138O01029,Z,15.17,15.29,14.55,15.00,14.87,22430,334550.00,52
BSE,INDSILHYD,INE867D01018,X,40.60,40.60,39.50,40.35,40.74,5426,216115.00,53
BSE,INDSUCR,INE557C01017,X,80.20,82.50,80.00,81.19,81.20,4398,358499.00,60
BSE,INDSWFTLAB,INE915B01019,B,366.50,378.95,362.45,367.05,368.45,42082,15563331.00,984
BSE,INDTERRAIN,INE611L01021,B,30.30,30.40,30.01,30.17,30.64,56,1700.00,4
BSE,INDTONER,INE826B01026,X,46.00,46.00,44.80,44.97,45.89,13838,626734.00,168
BSE,INDUSFINL,INE935D01013,XT,248.35,248.35,247.90,248.35,243.50,8995,2231380.00,62
BSE,INDUSINDBK,INE095A01012,A,976.20,994.85,963.75,977.10,994.90,51158,49812462.00,4273
BSE,INDUSINVIT,INE0NHL23019,IF,132.51,134.72,132.51,133.19,133.38,3214,429127.00,190
BSE,INDUSTOWER,INE121J01017,A,377.80,379.95,371.95,378.50,375.00,149209,56069080.00,2499
BSE,INDXTRA,INE056E01024,X,5.60,5.83,5.41,5.72,5.73,38318,217609.00,92
BSE,INFINITY,INE16XA01017,M,527.00,532.00,527.00,530.00,531.00,10000,5306820.00,19
BSE,INFLAME,INE464Z01017,M,235.80,237.90,228.00,231.55,235.85,6000,1392462.00,19
BSE,INFOBEAN,INE344S01016,B,157.05,159.00,153.90,157.30,157.65,22280,3485248.00,323
BSE,INFOMEDIA,INE669A01022,B,5.38,5.59,5.00,5.02,5.32,5495,27694.00,16
BSE,INFONATIVE,INE12IB01015,MT,35.00,35.00,35.00,35.00,33.71,1600,56000.00,1
BSE,INFORTEC,INE123E01014,X,83.90,85.00,83.90,85.00,84.00,1209,102507.00,8
BSE,INFRONICS,INE463B01036,X,20.08,20.08,18.43,18.99,19.15,1084,20259.00,25
BSE,INFY,INE009A01021,A,1137.20,1147.20,1118.55,1139.20,1154.00,1523140,1738655127.00,9116
BSE,INGERRAND,INE177A01018,B,4768.60,4954.25,4737.65,4886.95,4792.55,2273,11066301.00,358
BSE,INLANPR,INE055O01033,XT,79.50,79.50,79.50,79.50,77.95,4,318.00,1
BSE,INLCM,INE359D01024,X,340.15,340.15,340.15,340.15,358.05,2151,731662.00,29
BSE,INNOVACAP,INE0DUT01020,B,1060.00,1138.15,1058.75,1113.75,1065.35,7455,8284981.00,752
BSE,INNOVANA,INE403Y01018,B,296.00,304.25,296.00,299.90,309.45,59,17708.00,40
BSE,INNOVATORS,INE870Z01015,M,112.80,112.80,110.00,112.70,115.00,7200,806640.00,9
BSE,INNOVISION,INE0ADB01012,B,262.70,262.70,258.00,259.30,262.90,1819,471010.00,88
BSE,INNOVTEC,INE965C01038,X,14.46,14.68,14.46,14.68,14.46,1087,15863.00,10
BSE,INOXGREEN,INE510W01014,A,160.20,166.50,159.25,164.10,160.20,40013,6545703.00,501
BSE,INOXINDIA,INE616N01034,A,2150.00,2166.40,2080.60,2097.85,2163.40,8491,18069755.00,743
BSE,INOXWIND,INE066P01011,A,69.33,71.25,68.04,70.42,69.43,1721762,119956683.00,3056
BSE,INSECTICID,INE070I01018,B,593.65,613.45,591.70,613.45,594.45,889,538907.00,79
BSE,INSPIRISYS,INE020G01017,B,88.00,89.90,88.00,89.31,86.00,513,45763.00,13
BSE,INTCAPL,INE366H01012,X,13.71,13.71,13.71,13.71,13.71,1,13.00,1
BSE,INTECCAP,INE017E01018,XT,15.47,15.47,14.42,14.95,15.17,3133,45359.00,28
BSE,INTEGFD,INE177M01013,XT,150.00,155.45,150.00,155.40,148.05,26479,4104858.00,550
BSE,INTEGHIT,INE934A01012,X,3.50,3.50,3.50,3.50,3.58,2,7.00,1
BSE,INTEGRAEN,INE984B01023,XT,167.45,169.50,159.40,161.90,164.15,8753,1422512.00,120
BSE,INTELLECT,INE306R01017,A,701.20,701.20,677.45,679.65,694.60,14593,9970705.00,967
BSE,INTENTECH,INE781A01025,B,82.51,82.51,80.05,80.05,80.42,285,22898.00,13
BSE,INTERARCH,INE00M901018,B,1701.30,1737.00,1680.00,1688.20,1723.70,2587,4416734.00,310
BSE,INTLCOMBQ,INE403C01014,X,488.00,502.95,488.00,495.00,500.00,342,169030.00,15
BSE,INTLCONV,INE575C01027,B,80.00,80.00,78.77,79.69,79.38,5356,425305.00,325
BSE,INTRGLB,INE661M01016,X,57.97,58.55,57.97,58.55,58.55,40,2330.00,4
BSE,INTSTOIL,INE003B01014,X,58.25,61.99,57.00,58.66,58.00,21435,1283855.00,174
BSE,INVENTURE,INE878H01024,B,0.92,0.93,0.91,0.93,0.93,221481,202512.00,108
BSE,INVIGO,INE359A01012,X,8.97,8.97,7.61,7.87,7.60,8503,68002.00,43
BSE,INVPRECQ,INE155E01016,T,1270.00,1289.00,1255.00,1275.00,1280.00,114,144580.00,19
BSE,IOB,INE565A01014,A,32.11,32.80,31.85,32.69,32.29,279572,9051120.00,1656
BSE,IOC,INE242A01010,A,135.00,137.50,134.40,137.50,136.45,424438,57616234.00,3999
BSE,IOLCP,INE485C01029,B,191.20,194.05,186.00,188.30,190.45,183596,34692048.00,1888
BSE,IONEXCHANG,INE570A01022,A,364.10,386.05,363.00,380.55,367.75,29853,11199354.00,786
BSE,IPCALAB,INE571A01038,A,1964.55,1999.00,1949.95,1956.35,1985.95,94267,184347128.00,787
BSE,IPL,INE0D6701023,B,139.00,139.00,135.55,136.35,138.00,6545,892613.00,116
BSE,IPRINGLTD,INE558A01019,B,176.70,180.00,163.00,164.75,176.80,6447,1096014.00,165
BSE,IRB,INE821I01022,A,19.38,19.59,19.13,19.18,19.30,587378,11348466.00,5002
BSE,IRBINVIT,INE183W23014,IF,64.55,64.98,64.03,64.34,64.75,29378,1897037.00,646
BSE,IRCON,INE962Y01021,A,118.35,119.00,116.50,118.30,119.20,235343,27711462.00,3029
BSE,IRCTC,INE335Y01020,A,481.40,481.40,472.00,472.75,481.40,160720,76159106.00,11106
BSE,IREDA,INE202E01016,A,113.70,113.75,112.00,112.45,114.30,765307,86164188.00,13801
BSE,IRFC,INE053F01010,A,82.50,82.50,81.35,82.45,82.50,886080,72663739.00,8835
BSE,IRIS,INE864K01010,B,233.50,247.30,233.50,246.55,247.15,1658,401215.00,42
BSE,IRMENERGY,INE07U701015,B,288.85,288.85,280.00,284.25,278.65,6090,1727856.00,199
BSE,IRONWOOD,INE791H01011,X,49.00,49.00,46.00,47.34,48.70,8574,404511.00,53
BSE,ISFL,INE973B01026,X,0.82,0.82,0.77,0.77,0.82,19828,15627.00,25
BSE,ISFT,INE566K01011,B,91.68,93.50,88.47,88.47,92.98,358,32891.00,43
BSE,ISGEC,INE858B01029,B,770.00,786.00,769.40,777.20,779.80,2569,1996813.00,219
BSE,ISHANCH,INE561M01018,B,42.10,44.65,41.50,44.00,44.71,644,28019.00,21
BSE,ISLCONSUL,INE569B01022,X,11.99,11.99,11.94,11.94,11.73,246,2942.00,5
BSE,ISTLTD,INE684B01029,B,640.90,653.25,638.00,653.25,637.70,100,63940.00,5
BSE,ISTRNETWK,INE532B01020,X,52.25,54.90,50.36,53.16,52.90,32022,1659457.00,173
BSE,ITC,INE154A01025,A,266.50,269.00,262.80,266.50,266.45,558716,148787956.00,9589
BSE,ITCHOTELS,INE379A01028,A,161.00,161.00,155.70,158.60,161.65,392982,62076615.00,6002
BSE,ITCONS,INE0O6A01019,M,283.95,302.95,272.80,299.50,275.90,135600,39061670.00,368
BSE,ITDC,INE353K01014,B,650.20,650.20,630.95,637.75,644.80,4477,2843456.00,265
BSE,ITHL,INE262B01016,X,302.95,302.95,288.00,292.45,297.65,4219,1230454.00,149
BSE,ITI,INE248A01017,B,267.10,269.95,263.85,267.80,268.45,8906,2374537.00,239
BSE,ITL,INE478D01014,B,363.00,372.50,359.05,359.10,363.15,311,112783.00,23
BSE,IVALUE,INE056801025,B,233.00,240.00,230.45,238.15,237.05,11104,2618475.00,288
BSE,IVC,INE050B01023,B,9.58,9.58,9.03,9.41,9.32,121203,1129893.00,338
BSE,IVP,INE043C01018,T,208.50,213.95,205.00,212.10,207.05,2625,551075.00,49
BSE,IWP,INE586E01020,B,33.81,35.49,33.81,34.76,34.50,6422,224770.00,66
BSE,IXIGO,INE0HV901016,A,157.65,159.75,155.65,157.05,158.70,1726560,271245073.00,1987
BSE,IZMO,INE848A01014,B,971.05,985.80,885.95,942.00,916.75,75117,70476480.00,4002
BSE,J&KBANK,INE168A01041,A,148.40,148.40,144.15,144.60,147.35,80847,11765376.00,1393
BSE,JACKSON,INE508N01025,X,0.40,0.40,0.38,0.40,0.40,293708,115826.00,140
BSE,JAFINANCE,INE825B01010,X,120.00,128.00,120.00,126.45,125.00,155,19750.00,6
BSE,JAGAJITIND,INE574A01016,X,165.00,166.60,159.30,160.05,164.75,21886,3518735.00,151
BSE,JAGANLAM,INE144C01014,X,61.60,62.90,58.45,60.80,61.30,1127,69552.00,31
BSE,JAGJANANI,INE702H01018,X,6.30,6.30,6.01,6.28,6.30,11178,69079.00,18
BSE,JAGRAN,INE199G01027,B,61.70,61.70,60.90,61.02,61.19,20002,1221707.00,3652
BSE,JAGSNPHARM,INE048B01035,B,239.40,240.80,235.45,237.05,239.20,10466,2483316.00,308
BSE,JAIBALAJI,INE091G01026,A,70.44,72.22,69.59,70.57,70.33,24252,1709904.00,321
BSE,JAICORPLTD,INE070D01027,B,98.50,98.50,96.31,98.05,98.33,9143,889611.00,151
BSE,JAIHIND,INE156E01014,X,39.10,39.85,36.50,36.65,40.06,51383,1981934.00,135
BSE,JAIMATAG,INE250C01027,XT,3.06,3.06,3.00,3.00,3.06,133188,407160.00,74
BSE,JAINCO,INE966C01010,X,4.75,4.75,4.53,4.53,4.75,282,1316.00,5
BSE,JAINEX,INE280F01019,X,152.60,152.60,143.40,149.90,149.40,428,63915.00,11
BSE,JAINREC,INE0YD401026,B,281.55,284.30,272.75,282.40,280.80,134802,37386754.00,2362
BSE,JAIPAN,INE058D01030,XT,39.63,41.00,39.63,40.00,40.44,1335,53581.00,25
BSE,JAMESWARREN,INE718P01017,X,255.90,259.00,253.35,253.35,254.00,2086,538340.00,25
BSE,JAMNAAUTO,INE039C01032,A,120.00,121.10,119.05,120.10,120.80,48852,5854470.00,798
BSE,JAMSHRI,INE462D01034,X,75.30,75.30,74.93,75.30,75.46,276,20759.00,13
BSE,JARO,INE00YJ01010,B,451.05,459.00,450.05,454.90,452.80,8978,4083233.00,137
BSE,JASCH,INE711C01028,XT,289.00,299.00,289.00,294.45,289.95,1498,435404.00,23
BSE,JASH,INE039O01029,B,454.15,472.60,454.15,470.35,458.10,5863,2720906.00,364
BSE,JATTAINDUS,INE722N01014,X,523.00,523.00,500.00,520.00,526.25,152,79085.00,16
BSE,JAUSPOL,INE593O01017,X,24.90,25.00,22.61,23.85,24.97,963,22520.00,15
BSE,JAYAGROGN,INE785A01026,B,227.20,233.20,223.85,226.90,228.70,1554,356718.00,49
BSE,JAYANT,INE0KR801019,MT,74.00,74.08,68.00,73.35,70.56,15750,1126357.00,15
BSE,JAYBARMARU,INE571B01036,B,124.00,124.15,122.05,122.65,124.80,6424,789038.00,206
BSE,JAYCH,INE693E01016,X,6.07,6.07,5.70,5.94,5.89,4989,29197.00,42
BSE,JAYKAILASH,INE0MSS01019,MT,59.39,65.63,59.39,65.63,62.51,166400,10134208.00,85
BSE,JAYKAY,INE903A01025,B,159.50,171.15,156.30,169.55,162.20,86603,14457941.00,1129
BSE,JAYNECOIND,INE854B01010,A,97.57,98.70,95.70,98.02,96.87,115511,11245365.00,861
BSE,JAYSREETEA,INE364A01020,B,98.05,100.34,97.16,99.75,98.05,4596,452833.00,142
BSE,JAYSYNTH,INE263B01022,X,14.50,15.00,14.36,14.75,14.71,31783,465726.00,149
BSE,JAYUSH,INE289D01015,X,859.75,859.75,823.00,859.45,866.45,21,17449.00,8
BSE,JBMA,INE927D01051,A,620.20,631.05,610.95,620.15,622.50,31201,19286789.00,1114
BSE,JDCABLES,INE14VP01014,M,215.95,219.40,209.75,217.65,215.45,37600,8075680.00,45
BSE,JENBURPH,INE354A01013,B,1041.00,1054.00,1025.05,1035.20,1040.00,58,60050.00,12
BSE,JETFREIGHT,INE982V01025,B,22.13,22.13,21.16,21.32,21.48,5796,124057.00,323
BSE,JETKINGQ,INE919C01019,X,120.00,120.00,111.35,117.35,120.00,11749,1363735.00,125
BSE,JFL,INE841Y01019,M,17.99,17.99,17.99,17.99,17.19,2000,35980.00,2
BSE,JGCHEM,INE0MB501011,B,633.85,636.55,598.00,600.55,622.50,16856,10328809.00,702
BSE,JGTL,INE0QXV01014,X,549.90,549.90,527.40,535.10,530.40,839,446890.00,29
BSE,JHS,INE544H01014,B,8.80,8.80,7.80,7.83,7.83,4549,36150.00,31
BSE,JINDALPHOT,INE796G01012,B,1021.70,1031.80,1016.20,1016.20,1021.70,136,139410.00,24
BSE,JINDALPOLY,INE197D01010,B,715.20,715.20,670.45,685.05,699.75,5982,4096037.00,763
BSE,JINDALSAW,INE324A01032,A,313.30,313.30,304.90,309.55,309.15,55589,17190291.00,921
BSE,JINDALSTEL,INE749A01030,A,1159.85,1165.80,1140.60,1156.50,1157.70,11985,13860188.00,785
BSE,JINDCAP,INE356F01017,X,36.00,36.00,32.85,34.71,36.39,5386,184872.00,82
BSE,JINDHOT,INE726D01016,X,65.40,65.40,61.60,65.22,65.32,2694,172774.00,40
BSE,JINDRILL,INE742C01031,B,627.95,646.00,616.00,643.20,614.60,29941,18954307.00,978
BSE,JINDWORLD,INE247D01039,B,42.23,42.23,38.90,39.63,42.06,1044563,43175744.00,2860
BSE,JIOFIN,INE758E01017,A,234.40,237.35,232.30,237.00,235.95,1284499,301992132.00,12587
BSE,JISLJALEQS,INE175A01038,A,27.93,28.58,27.60,28.23,28.05,52270,1469532.00,235
BSE,JITFINFRA,INE863T01013,B,307.40,311.55,305.00,305.15,309.50,316,97209.00,28
BSE,JIVIAL,INE0V3T01017,M,80.60,80.60,80.00,80.00,80.60,15000,1200720.00,11
BSE,JKAGRI,INE690O01011,X,284.85,305.00,284.85,297.70,286.25,258,75031.00,20
BSE,JKCEMENT,INE823G01014,A,5015.25,5051.85,4960.55,4974.95,5079.30,2591,12951243.00,472
BSE,JKIL,INE576I01022,B,485.05,490.85,480.40,484.40,485.20,1609,783223.00,90
BSE,JKIPL,INE1FF001016,B,107.00,107.50,106.00,107.50,107.60,277,29599.00,11
BSE,JKLAKSHMI,INE786A01032,A,527.70,527.70,512.70,514.40,523.20,6695,3451177.00,364
BSE,JKPAPER,INE789E01012,A,409.50,410.00,387.20,394.75,400.50,49020,19543670.00,1308
BSE,JKTYRE,INE573A01042,A,369.00,371.70,364.20,370.10,374.05,61075,22485101.00,2107
BSE,JLHL,INE682M01020,A,292.00,293.85,284.30,288.20,293.05,7827,2250503.00,331
BSE,JLL,INE919T01013,XT,78.03,78.03,78.03,78.03,82.13,532,41511.00,9
BSE,JMDVL,INE047E01031,XT,7.65,7.65,7.13,7.25,7.50,4621,33516.00,39
BSE,JMFINANCIL,INE780C01023,A,127.10,130.00,126.00,129.45,128.45,167310,21445297.00,1504
BSE,JMJFIN,INE242Q01016,X,9.73,9.85,9.30,9.53,9.54,20671,197292.00,92
BSE,JNKINDIA,INE0OAF01028,B,426.25,429.10,418.00,420.55,431.50,5807,2457058.00,297
BSE,JNPR,INE05C901015,B,260.30,261.55,255.90,260.05,261.65,27281,7061722.00,649
BSE,JOHNPHARMA,INE560F01022,X,0.47,0.47,0.46,0.46,0.47,415998,192674.00,271
BSE,JOINDRE,INE024B01010,X,48.55,49.00,48.00,48.96,48.86,1626,79152.00,19
BSE,JOJO,INE312M01024,X,182.20,184.85,170.75,182.60,181.60,74385,13556651.00,215
BSE,JOLYPLS,INE289M01016,XT,47.80,47.80,47.80,47.80,46.02,13,621.00,3
BSE,JONJUA,INE793Z01027,M,4.51,4.51,4.51,4.51,4.30,265155,1195849.00,48
BSE,JOSTS,INE636D01041,X,223.05,223.05,215.00,221.45,223.05,9415,2058540.00,119
BSE,JPOLYINVST,INE147P01019,B,1006.25,1008.70,978.60,996.75,1013.00,1143,1134809.00,144
BSE,JPPOWER,INE351F01018,A,16.53,16.53,16.29,16.38,16.59,2935150,48081517.00,4320
BSE,JSFB,INE953L01027,A,526.35,529.40,518.65,523.65,530.30,9063,4745456.00,375
BSE,JSHL,INE401Q01018,MT,1.92,2.12,1.92,2.12,2.02,120000,231400.00,4
BSE,JSL,INE220G01021,A,734.80,741.00,716.30,733.55,733.25,21783,15832603.00,1620
BSE,JSLINDL,INE581L01018,X,844.00,844.00,844.00,844.00,830.00,5,4220.00,2
BSE,JSLL,INE0J5801029,A,503.90,518.00,497.75,513.50,503.70,18091,9184708.00,706
BSE,JSTL,INE237B01018,X,75.79,75.79,71.01,74.70,73.09,8788,641679.00,75
BSE,JSWCEMENT,INE718I01012,A,124.55,124.55,123.15,123.60,124.50,46023,5692747.00,590
BSE,JSWDULUX,INE133A01011,A,3123.05,3170.00,3080.90,3165.70,3142.70,1717,5414806.00,276
BSE,JSWENERGY,INE121E01018,A,511.20,540.55,511.20,539.00,518.00,150263,80017891.00,4043
BSE,JSWHL,INE824G01012,A,11660.05,11660.05,11411.00,11458.70,11745.75,211,2424269.00,123
BSE,JSWINFRA,INE880J01026,A,335.00,336.80,330.90,331.90,335.15,108371,36157322.00,2385
BSE,JSWSTEEL,INE019A01038,A,1314.70,1314.70,1299.35,1306.00,1309.00,46945,61155756.00,1527
BSE,JTEKTINDIA,INE643A01035,B,125.70,125.70,117.10,121.50,125.35,23204,2783387.00,639
BSE,JTLDEFENCE,INE140B01048,XT,716.60,716.60,716.00,716.60,682.50,8285,5937005.00,250
BSE,JTLIND,INE391J01032,B,88.35,93.96,87.31,92.41,87.90,430287,39447053.00,3507
BSE,JUBLCPL,INE03CC01015,B,2222.05,2240.55,2193.90,2229.15,2217.35,242,539674.00,100
BSE,JUBLFOOD,INE797F01020,A,482.25,485.50,477.30,485.50,484.00,20538,9878411.00,576
BSE,JUBLINGREA,INE0BY001018,A,685.10,691.95,681.00,683.25,693.15,5871,4031872.00,377
BSE,JUBLPHARMA,INE700A01033,A,910.00,910.00,895.00,905.55,908.45,5092,4593309.00,360
BSE,JUJHARLOGI,INE198N01017,XT,225.55,245.00,225.55,226.00,237.15,1985,459038.00,24
BSE,JULIEN,INE890N01027,X,1.24,1.24,1.18,1.20,1.19,156254,188348.00,133
BSE,JUMBO,INE699D01015,XT,90.90,90.90,85.65,87.00,88.70,4236,370479.00,53
BSE,JUNIPER,INE696F01016,B,212.45,220.00,211.00,218.00,214.20,29098,6271351.00,487
BSE,JUPITERIN,INE524N01014,X,32.06,34.04,30.80,34.04,32.42,71030,2369425.00,153
BSE,JUSTDIAL,INE599M01018,A,700.15,701.15,692.45,698.55,706.00,6938,4839382.00,385
BSE,JWL,INE209L01016,A,242.00,242.00,237.35,239.45,242.15,41082,9818221.00,870
BSE,JYOTHYLAB,INE668F01031,A,205.45,209.00,196.40,202.00,204.90,4185266,845882484.00,10094
BSE,JYOTI,INE511D01012,X,64.90,65.00,62.36,64.92,64.99,31149,1989840.00,224
BSE,JYOTICNC,INE980O01024,A,989.10,989.10,948.50,959.90,988.85,95411,92228140.00,1667
BSE,JYOTIRES,INE577D01013,B,870.95,871.00,844.05,859.05,871.75,6692,5717235.00,694
BSE,JYOTISTRUC,INE197A01024,B,9.52,9.88,9.52,9.79,9.88,2314854,22629680.00,602
BSE,KABRADG,INE323K01017,X,19.99,20.39,19.50,19.80,19.65,36404,722156.00,120
BSE,KABRAEXTRU,INE900B01029,B,572.95,579.60,553.00,561.35,582.10,19453,11006057.00,705
BSE,KABSON,INE645C01010,X,21.18,21.25,19.50,20.98,20.78,7493,152514.00,42
BSE,KACHCHH,INE059E01010,X,29.83,29.83,28.34,28.34,29.83,656,18902.00,18
BSE,KACL,INE229G01022,X,6.00,6.24,5.82,6.01,6.10,35619,216287.00,102
BSE,KAHAN,INE04T901017,MT,14.31,15.03,14.00,15.03,14.32,19200,277376.00,3
BSE,KAIRA,INE375D01012,X,1552.00,1552.00,1474.00,1474.00,1551.10,47,69812.00,19
BSE,KAIZENAGRO,INE891N01017,XT,9.62,10.08,9.62,10.08,9.60,5632,56763.00,19
BSE,KAJARIACER,INE217B01036,A,1235.30,1270.00,1215.40,1261.05,1230.15,64702,81317778.00,2738
BSE,KAJARIR,INE434C01027,XT,32.70,32.90,31.50,32.24,33.00,2900,93720.00,17
BSE,KAKA,INE0P3N01018,M,222.00,224.00,218.80,220.80,222.10,13000,2856825.00,24
BSE,KAKATCEM,INE437B01014,B,114.10,114.10,108.30,111.95,113.10,5537,608250.00,35
BSE,KALAMANDIR,INE438K01021,B,85.00,86.03,84.32,85.38,85.63,35524,3021498.00,386
BSE,KALIND,INE377D01026,X,4.51,4.59,4.25,4.59,4.38,11430265,51810732.00,1947
BSE,KALLAM,INE629F01025,XT,2.20,2.20,2.06,2.11,2.14,13383,28702.00,47
BSE,KALPACOMME,INE059Q01014,X,8.75,8.75,7.55,7.90,8.79,1438,11650.00,10
BSE,KALPATARU,INE227J01012,B,273.35,276.70,272.90,274.75,277.35,642,176343.00,54
BSE,KALYANCAP,INE149Q01021,X,6.37,7.30,6.37,6.75,6.82,20262,137603.00,117
BSE,KALYANI,INE0N6U01018,M,1014.80,1014.80,977.10,979.10,1015.80,4000,3966512.00,16
BSE,KALYANIFRG,INE314G01014,B,1089.95,1193.40,976.50,1133.35,1084.95,9401,9887662.00,1162
BSE,KALYANKJIL,INE303R01014,A,571.60,595.35,556.70,589.20,573.65,1296968,746959896.00,18646
BSE,KAMADGIRI,INE535C01013,X,117.00,117.00,107.00,108.90,117.80,83,9341.00,11
BSE,KAMAHOLD,INE411F01010,B,2355.00,2355.80,2324.60,2341.45,2350.85,2762,6490347.00,201
BSE,KAMANWALA,INE344D01018,B,16.70,16.75,15.00,16.75,16.51,3106,48568.00,12
BSE,KAMATHOTEL,INE967C01018,B,231.20,237.20,229.00,233.30,234.20,17241,4041708.00,238
BSE,KAMATS,INE564S01019,B,36.10,36.95,34.00,34.45,36.60,4685,162232.00,43
BSE,KAMDHENU,INE390H01020,T,36.79,37.60,35.50,37.40,36.14,39383,1450623.00,259
BSE,KAMOPAINTS,INE0BTI01037,B,4.21,4.52,4.21,4.44,4.50,62136,273151.00,139
BSE,KANANIIND,INE879E01037,B,1.57,1.60,1.52,1.55,1.54,9173,14261.00,22
BSE,KANCHI,INE081G01019,B,407.00,415.00,404.00,405.50,409.65,437,179769.00,45
BSE,KANELIND,INE252C01023,XT,81.60,81.60,81.60,81.60,85.89,881,71889.00,16
BSE,KANISHK,INE163401016,M,24.75,24.75,22.70,22.71,23.75,4800,112272.00,3
BSE,KANORICHEM,INE138C01024,T,158.00,159.85,153.00,158.25,156.60,4341,676721.00,75
BSE,KANPRPLA,INE694E01014,B,263.65,270.40,254.65,256.15,261.75,1312,340014.00,58
BSE,KANSAINER,INE531A01024,A,193.25,195.45,191.45,194.90,194.50,14664,2834958.00,425
BSE,KANSHST,INE791E01018,X,44.37,46.00,43.82,44.11,44.37,16556,740621.00,65
BSE,KANUNGO,INE453S01015,XT,15.00,15.00,13.61,14.99,14.32,4461,61130.00,6
BSE,KAPILRAJ,INE332Q01023,X,1.55,1.63,1.55,1.61,1.58,1412021,2259401.00,135
BSE,KARBON,INE0V8A01016,M,112.30,112.30,112.30,112.30,117.60,800,89840.00,1
BSE,KARMAENG,INE725L01011,B,37.55,37.55,36.17,36.17,37.55,64,2396.00,8
BSE,KARNAVATI,INE554R01020,X,1.36,1.42,1.33,1.36,1.36,6818,9175.00,31
BSE,KARNAWATI,INE214D01021,X,1.28,1.28,1.24,1.27,1.25,40229,50843.00,94
BSE,KARTKIN,INE524U01019,XT,7581.00,8379.00,7581.00,8275.00,7980.00,51,389406.00,22
BSE,KARURVYSYA,INE036D01028,B,344.70,349.50,344.70,346.40,347.65,96872,33598852.00,2039
BSE,KATIPATANG,INE237C01016,X,13.65,13.71,13.01,13.70,13.62,247347,3384064.00,81
BSE,KATRSPG,INE498G01015,X,98.15,98.15,98.15,98.15,100.15,395,38769.00,11
BSE,KAUSHALYA,INE234I01028,T,887.00,887.00,884.95,884.95,855.00,2,1771.00,2
BSE,KAVDEFENCE,INE641C01019,B,57.99,57.99,54.82,55.39,56.02,5807,320672.00,180
BSE,KAYA,INE587G01015,T,323.00,332.00,319.00,328.25,332.00,532,174928.00,18
BSE,KAYCEEI,INE813G01023,X,820.00,820.00,781.00,804.75,813.15,446,358008.00,67
BSE,KAYNES,INE918Z01012,A,3599.50,3622.15,3520.00,3586.70,3600.00,58399,208135818.00,5033
BSE,KAYPOWR,INE961B01013,X,10.58,10.58,9.11,9.78,10.02,15360,147804.00,71
BSE,KBSINDIA,INE883D01023,X,1.31,1.37,1.31,1.36,1.35,23062,30995.00,68
BSE,KCDGROUP,INE185U01035,X,4.42,4.70,4.21,4.30,4.29,108847,473341.00,106
BSE,KCLINFRA,INE469F01026,X,1.09,1.10,1.04,1.06,1.08,134423,143018.00,141
BSE,KCP,INE805C01028,B,165.90,169.50,165.00,165.65,167.85,4210,700314.00,88
BSE,KCPSUGIND,INE790B01024,T,32.25,32.25,31.55,31.91,32.25,2736,87386.00,28
BSE,KDDL,INE291D01011,B,3900.00,3910.80,3835.25,3850.70,3872.10,717,2770415.00,123
BSE,KDGREEN,INE348N01042,B,54.00,54.00,48.36,50.72,52.76,46053,2328403.00,463
BSE,KEC,INE389H01022,A,416.80,416.80,406.70,407.85,416.85,41065,16803699.00,1785
BSE,KECL,INE134B01017,B,125.10,128.85,125.00,127.10,126.25,10213,1295719.00,208
BSE,KEEPLEARN,INE055C01020,B,1.87,1.97,1.83,1.94,1.91,4717,8748.00,40
BSE,KEERTHI,INE145L01012,X,41.70,41.70,39.06,39.61,40.45,1178,48755.00,9
BSE,KEI,INE878B01027,A,5347.75,5347.75,5131.45,5170.00,5335.20,18951,98552514.00,4175
BSE,KEIL,INE534E01020,X,17.21,18.39,16.73,17.82,16.87,13019,231752.00,88
BSE,KEL,INE079C01012,X,26.00,26.00,25.61,25.61,25.00,2,51.00,2
BSE,KELENRG,INE881E01017,XT,13057.40,13057.40,13057.40,13057.40,13323.85,203,2650652.00,9
BSE,KELLTONTEC,INE164B01030,B,13.82,14.19,13.68,13.99,13.99,234028,3271409.00,567
BSE,KEMISTAR,INE971L01029,X,59.00,59.00,51.31,53.70,57.19,2056,108030.00,72
BSE,KEMP,INE060E01018,X,1000.00,1000.00,1000.00,1000.00,995.30,2,2000.00,2
BSE,KENFIN,INE395E01018,XT,15.23,15.23,14.00,14.00,14.51,353,5027.00,6
BSE,KENNAMET,INE717A01029,B,4545.55,4731.00,4530.00,4650.90,4562.45,3886,18229555.00,548
BSE,KENRIK,INE0AOG01018,M,9.78,9.78,9.78,9.78,9.32,30000,293400.00,5
BSE,KENVI,INE923Y01023,B,1.90,1.93,1.73,1.83,1.89,101707,189145.00,234
BSE,KERALAYUR,INE817B01025,X,163.00,167.75,157.30,164.70,163.75,15052,2457189.00,277
BSE,KERNEX,INE202H01019,B,1642.70,1744.20,1623.75,1735.35,1634.70,25592,43223904.00,1782
BSE,KESAR,INE0L1C01019,M,1160.00,1160.00,1148.90,1149.95,1158.70,13500,15559660.00,77
BSE,KESARENT,INE133B01027,X,9.89,10.65,9.50,10.52,9.87,111484,1147522.00,175
BSE,KESARPE,INE133C01033,X,14.60,14.84,14.16,14.45,14.30,41962,607641.00,170
BSE,KESORAMIND,INE087A01019,T,11.06,11.28,11.06,11.27,11.06,25310,282460.00,34
BSE,KETOMOTORS,INE392H01026,XT,303.25,323.90,303.25,303.25,319.20,16018,4883866.00,272
BSE,KEYCORP,INE130F01016,X,76.82,76.82,69.53,70.11,73.18,2059,145847.00,43
BSE,KEYFINSERV,INE681C01015,B,251.00,251.00,247.60,249.35,255.00,13,3254.00,5
BSE,KFBL,INE991B01010,X,42.00,43.43,41.50,41.72,42.96,7769,328497.00,45
BSE,KFINTECH,INE138Y01010,A,935.05,935.50,912.05,929.00,947.15,98478,90913056.00,5345
BSE,KGDENIM,INE104A01012,X,16.64,16.64,13.55,14.10,14.50,4694,66947.00,56
BSE,KHADIM,INE834I01025,T,116.50,117.00,116.45,116.45,118.80,74173,8677612.00,27
BSE,KHAICHEM,INE745B01028,B,54.03,55.24,53.88,54.00,55.18,16062,873583.00,222
BSE,KHAITANLTD,INE731C01018,B,150.00,166.00,143.05,158.15,149.60,3347,524713.00,470
BSE,KHANDSE,INE060B01014,B,18.33,18.33,18.30,18.30,18.00,51,933.00,2
BSE,KHAZANCHI,INE0OWC01011,M,765.05,769.00,738.00,745.05,768.30,47500,35830487.00,144
BSE,KHOOBSURAT,INE731G01027,X,0.47,0.51,0.46,0.50,0.47,1566585,762998.00,312
BSE,KHYATI,INE593B01030,XT,3.16,3.17,3.01,3.01,3.16,18119,54546.00,12
BSE,KIAASA,INE1C3F01018,M,31.49,31.49,30.12,30.30,30.51,13000,398540.00,13
BSE,KICL,INE029L01018,B,5199.90,5200.00,5199.90,5200.00,5179.00,10,51999.00,9
BSE,KIDUJA,INE845A01028,X,20.00,21.00,18.71,20.48,19.36,1457,28769.00,24
BSE,KIFS,INE902D01013,X,111.20,111.20,109.55,109.65,112.05,607,67354.00,5
BSE,KILITCH,INE729D01010,T,173.05,173.05,167.20,171.40,173.05,496,84537.00,12
BSE,KIMIABL,INE285U01025,X,30.00,30.00,28.75,28.82,29.60,1742,51502.00,22
BSE,KIMS,INE967H01025,A,751.75,767.10,748.30,753.40,759.00,17494,13216298.00,1094
BSE,KINETICENG,INE266B01017,XT,224.15,226.40,220.50,223.75,224.15,4233,948955.00,97
BSE,KINETRU,INE674M01019,XT,61.70,61.70,58.71,58.71,61.80,1511,93180.00,7
BSE,KINGFA,INE473D01015,B,6068.75,6068.75,5895.00,5908.55,6028.35,192,1141313.00,67
BSE,KINGSINFR,INE050N01010,X,85.06,86.95,84.11,84.83,85.68,4902,417847.00,93
BSE,KIOCL,INE880L01014,B,384.00,384.10,377.90,380.75,383.65,8906,3391447.00,194
BSE,KIRANSY-B,INE293D01017,X,14.50,14.50,14.49,14.49,14.02,6,86.00,2
BSE,KIRIINDUS,INE415I01015,A,519.55,531.70,508.10,524.65,516.40,44832,23286592.00,1507
BSE,KIRLFER,INE884B01025,B,444.35,463.20,441.60,460.50,450.30,9634,4392128.00,517
BSE,KIRLOSBROS,INE732A01036,A,1866.30,1878.80,1845.30,1850.25,1884.55,1308,2430479.00,181
BSE,KIRLOSENG,INE146L01010,A,2150.00,2179.90,2091.15,2160.85,2138.55,27950,59780421.00,3064
BSE,KIRLOSIND,INE250A01039,B,3714.30,3722.00,3684.95,3699.40,3747.65,196,727101.00,54
BSE,KIRLPNU,INE811A01038,A,740.80,748.90,726.00,744.25,740.30,6070,4491740.00,360
BSE,KISAAN,INE102C01020,X,12.82,14.32,12.82,13.40,13.56,2756,36713.00,37
BSE,KISAN,INE017C01012,XT,25.33,25.33,25.33,25.33,25.84,7630,193267.00,30
BSE,KISSHT,INE12F801023,B,280.10,303.70,280.10,299.20,295.70,49153,14342598.00,1211
BSE,KITEX,INE602G01020,A,125.05,125.55,123.00,124.75,126.05,32314,4021133.00,382
BSE,KIZI,INE0RMR01013,MT,17.00,17.00,16.83,16.83,17.08,6000,101490.00,2
BSE,KJMCCORP,INE602C01011,X,67.80,67.80,61.00,61.98,63.00,1763,108631.00,32
BSE,KJMCFIN,INE533C01018,B,69.00,69.00,65.70,65.70,69.15,31,2079.00,6
BSE,KKALPANAIND,INE301C01028,X,7.00,7.00,6.70,6.77,6.88,15207,102929.00,65
BSE,KKCL,INE401H01017,B,503.65,504.45,496.55,499.85,508.45,1105,552047.00,85
BSE,KKSHL,INE0OH401016,M,42.00,42.25,42.00,42.25,42.00,6000,252750.00,2
BSE,KKSILK,INE0EOJ01014,MT,9.85,9.98,9.85,9.98,9.98,9000,89430.00,3
BSE,KLASSROOM,INE1LMA01010,M,175.00,179.95,171.55,177.50,180.00,4800,845200.00,6
BSE,KLBRENG-B,INE338F01015,B,421.00,449.00,413.30,442.55,424.40,41058,17924165.00,1247
BSE,KLRFM,INE014E01015,X,85.95,89.80,85.95,87.49,85.97,2902,253590.00,34
BSE,KMCSHIL,INE879K01018,B,135.00,135.00,131.20,133.20,133.30,18479,2453221.00,319
BSE,KMEW,INE0CJD01029,B,2928.00,2961.75,2904.10,2952.80,2935.05,1863,5454805.00,226
BSE,KMFBLDR,INE580H01026,X,8.38,8.38,7.97,7.97,8.38,39,313.00,4
BSE,KMSUGAR,INE157H01023,B,30.83,32.10,30.82,31.36,31.34,10818,340372.00,215
BSE,KNACK,INE17QZ01016,B,191.35,191.35,186.45,187.85,190.20,32415,6103238.00,430
BSE,KNRCON,INE634I01029,A,118.40,118.80,115.35,117.05,117.65,90431,10560443.00,1815
BSE,KOBO,INE881A01015,Z,5.29,5.29,5.29,5.29,5.39,738,3904.00,8
BSE,KOHINOOR,INE080B01012,B,33.01,33.95,33.00,33.38,33.39,8699,291765.00,298
BSE,KOKUYOCMLN,INE760A01029,B,79.08,79.17,77.05,77.80,78.68,793,61604.00,42
BSE,KOLTEPATIL,INE094I01018,B,437.20,441.95,427.10,441.25,436.35,4418,1914817.00,195
BSE,KONNDOR,INE971A01014,XT,14.14,14.14,14.14,14.14,14.58,20,282.00,2
BSE,KOPRAN,INE082A01010,B,216.05,219.90,214.10,218.95,217.80,18849,4096351.00,445
BSE,KOTAKBANK,INE237A01036,A,424.45,425.70,419.00,424.65,424.70,694266,293353536.00,1786
BSE,KOTHARIPRO,INE823A01017,B,68.74,68.74,68.20,68.20,68.74,56,3839.00,7
BSE,KOTIC,INE972A01020,B,140.50,141.30,135.65,136.35,141.25,2832,393700.00,101
BSE,KOTYARK,INE0J0B01017,T,31.30,31.90,30.46,30.62,31.94,65889,2035491.00,235
BSE,KOURA,INE0M8R01011,M,50.05,50.05,50.05,50.05,49.70,2000,100100.00,1
BSE,KOVAI,INE177F01017,B,6087.10,6087.10,5956.50,6012.45,6035.65,211,1261912.00,94
BSE,KPEL,INE127T01021,B,243.05,245.00,239.25,241.70,242.15,20611,4968879.00,437
BSE,KPGEL,INE0QVH01025,M,303.00,304.00,283.15,287.85,297.90,132750,38278775.00,349
BSE,KPIGREEN,INE542W01025,A,307.50,307.50,301.75,304.60,308.00,48842,14855035.00,1244
BSE,KPIL,INE220B01022,A,1399.60,1416.75,1389.90,1410.25,1410.05,17289,24267168.00,1034
BSE,KPITTECH,INE04I401011,A,580.40,589.80,579.15,587.00,590.00,86086,50378169.00,3913
BSE,KPL,INE552U01010,B,3406.60,3445.55,3327.95,3390.95,3387.50,2440,8224752.00,493
BSE,KPRMILL,INE930H01031,A,1144.10,1182.55,1134.30,1170.30,1157.40,15086,17604932.00,861
BSE,KPT,INE731D01024,X,470.00,475.00,460.00,470.70,468.95,3604,1679099.00,107
BSE,KRANTI,INE911T01010,B,53.00,53.00,48.33,48.60,47.98,679,34187.00,55
BSE,KRATIKAL,INE1L0M01019,M,164.00,169.70,161.60,166.20,165.55,13000,2155350.00,11
BSE,KRBL,INE001B01026,A,422.75,429.25,418.45,424.50,425.25,26295,11157147.00,722
BSE,KREONFIN,INE302C01018,XT,81.75,85.99,81.75,85.98,85.22,612,52135.00,11
BSE,KRETTOSYS,INE128R01023,X,0.45,0.46,0.44,0.46,0.45,2169619,973580.00,308
BSE,KRIDHANINF,INE524L01026,T,1.96,2.08,1.96,2.02,2.05,3508,7057.00,11
BSE,KRIFILIND,INE073A01019,X,5.52,5.58,5.52,5.58,5.58,412,2276.00,4
BSE,KRISHIVAL,INE0GGO01015,B,411.50,412.45,407.45,410.35,410.40,1827,749506.00,82
BSE,KRISHNA,INE537L01010,XT,50.16,50.16,50.16,50.16,49.18,20863,1046488.00,33
BSE,KRISHNACAP,INE897B01019,XT,41.60,45.96,41.60,45.96,43.78,616,27869.00,17
BSE,KRITI,INE479D01038,B,60.47,61.70,60.47,61.70,60.47,56,3447.00,3
BSE,KRITINUT,INE798K01010,B,85.05,86.75,83.35,84.13,86.79,1871,158383.00,46
BSE,KRN,INE0Q3J01015,A,1530.20,1545.20,1499.00,1536.30,1523.60,7499,11432275.00,635
BSE,KRONOX,INE0ATZ01017,T,175.35,190.50,175.35,189.50,181.45,25267,4740269.00,281
BSE,KROSS,INE0O6601022,B,207.20,209.95,204.50,207.55,209.40,9138,1891473.00,222
BSE,KRRAIL,INE078T01026,X,22.10,22.93,22.10,22.60,22.34,19214,435232.00,222
BSE,KRSNAA,INE08LI01020,B,563.50,563.50,551.10,554.45,559.60,2226,1235392.00,73
BSE,KRT,INE1JAR25012,IF,109.01,110.25,109.00,110.11,109.64,341758,37490656.00,1223
BSE,KRUPALU,INE0XZB01017,M,29.80,29.80,29.80,29.80,30.80,1600,47680.00,1
BSE,KRYPTONQ,INE951B01014,X,33.69,34.49,33.00,34.47,32.87,6070,201836.00,26
BSE,KRYSTAL,INE0QN801017,B,639.05,684.70,637.30,669.50,646.20,2932,1955860.00,158
BSE,KSB,INE999A01023,A,832.10,832.10,802.00,805.35,828.35,11193,9044948.00,707
BSE,KSCL,INE455I01029,B,766.70,766.70,738.00,740.25,760.10,8198,6121622.00,403
BSE,KSE,INE953E01022,B,178.00,178.45,176.00,177.00,177.80,5241,927331.00,128
BSE,KSHINTL,INE987S01020,B,946.30,956.15,931.25,945.95,953.95,31159,29338686.00,1779
BSE,KSL,INE907A01026,B,904.50,920.15,896.35,904.85,899.95,3086,2798246.00,249
BSE,KSOLVES,INE0D6I01023,B,284.85,284.85,271.65,273.50,279.25,1975,539757.00,233
BSE,KSR,INE1SPP01016,B,29.90,29.90,28.50,28.64,28.03,605,17663.00,4
BSE,KSSMART,INE737E01011,X,111.60,115.55,106.00,109.10,111.30,6526,718213.00,103
BSE,KTIL,INE096L01025,X,58.88,62.96,58.88,62.02,58.77,11754,723872.00,45
BSE,KTKBANK,INE614B01018,A,327.05,333.00,321.55,330.25,330.75,90066,29457335.00,1316
BSE,KUANTUM,INE529I01021,B,71.20,72.22,70.57,71.61,71.90,10945,782897.00,137
BSE,KUBERJI,INE594R01018,XT,50.75,50.75,50.74,50.74,53.41,11590,588079.00,64
BSE,KUNSTOFF,INE638D01021,X,21.11,21.95,19.60,21.95,20.70,1278,25874.00,13
BSE,KUSHIND,INE979D01011,X,6.40,6.60,6.15,6.33,6.40,13403,83061.00,46
BSE,KUSUMGAR,INE0ISX01025,B,563.75,577.75,552.50,570.25,566.15,19135,10768799.00,788
BSE,KUWERIN,INE430F01010,X,10.50,10.50,9.95,9.97,10.25,843,8670.00,23
BSE,KVFORGE,INE013J01016,XT,140.90,140.90,133.50,133.50,135.20,66,8939.00,10
BSE,KVSCASTING,INE163701019,MT,91.80,91.80,86.77,90.70,90.00,60000,5312300.00,30
BSE,KVTOYS,INE1IE301018,M,274.70,274.70,266.05,266.05,272.00,3000,804150.00,4
BSE,KWIL,INE2KCE01013,B,43.68,44.65,42.78,43.37,44.31,811324,35197061.00,1707
BSE,LABELKRAFT,INE0NLJ01011,M,65.00,65.00,65.00,65.00,65.00,2000,130000.00,1
BSE,LACTOSE,INE058I01013,X,106.70,106.70,99.55,100.35,106.20,10528,1067457.00,97
BSE,LADDERUP,INE519D01015,B,53.00,53.00,53.00,53.00,48.01,5,265.00,1
BSE,LADDU,INE546I01025,X,0.45,0.45,0.43,0.43,0.45,301331,130507.00,182
BSE,LAFFANSQ,INE919B01011,X,25.76,25.76,24.00,24.91,25.88,2794,70091.00,56
BSE,LAHL,INE213U01019,X,6.22,6.22,6.22,6.22,6.22,5,31.00,2
BSE,LAHOTIOV,INE515C01023,B,43.00,43.00,42.14,42.14,42.00,305,12855.00,7
BSE,LAKESHORE,INE734D01010,X,65.91,67.00,65.91,66.72,65.91,1046,68979.00,22
BSE,LAKHOTIA,INE191O01010,X,66.95,66.95,54.50,54.50,56.01,892,52523.00,31
BSE,LAKPRE,INE651C01018,Z,5.17,5.17,5.17,5.17,4.93,1,5.00,1
BSE,LAKSELEC,INE284C01018,X,790.00,828.00,780.00,815.00,796.10,1294,1044444.00,96
BSE,LAKSHMIEW,INE718M01022,X,2150.00,2200.00,2060.20,2100.25,2150.00,130,281700.00,24
BSE,LAKSHMIMIL,INE938C01019,B,7901.00,8000.00,7825.00,7911.50,7920.00,87,686116.00,39
BSE,LAL,INE740X01023,B,9.03,9.28,8.76,8.85,9.03,14396,130192.00,98
BSE,LALITHAA,INE0K9O01026,B,269.70,272.70,262.60,264.45,267.65,813854,216910253.00,8579
BSE,LALPATHLAB,INE600L01024,A,1892.30,1928.10,1892.30,1913.55,1903.50,6948,13302309.00,525
BSE,LAMBODHARA,INE112F01022,B,135.10,137.50,132.00,133.70,141.90,1194,158698.00,65
BSE,LANCER,INE359U01028,B,12.53,13.00,12.53,12.93,12.63,239996,3073427.00,592
BSE,LANCORHOL,INE572G01025,B,32.81,33.29,31.00,33.22,33.08,17290,567203.00,278
BSE,LANDMARC,INE394C01023,X,2.10,2.10,2.00,2.04,2.05,23859,48678.00,73
BSE,LANDMARK,INE559R01029,B,499.80,503.80,490.10,494.80,506.15,11717,5798308.00,447
BSE,LANDSMILL,INE688J01023,B,0.68,0.69,0.67,0.69,0.68,753060,513085.00,171
BSE,LAOPALA,INE059D01020,B,173.00,173.00,169.55,171.90,173.25,5318,908155.00,139
BSE,LAPL,INE0X9I01023,M,122.35,122.35,119.00,120.70,122.35,32400,3903000.00,27
BSE,LASA,INE670X01014,B,6.76,7.00,6.65,6.97,6.80,5151,35714.00,46
BSE,LASERPOWER,INE17IR01028,B,310.35,310.35,302.35,303.75,310.40,15041,4602965.00,926
BSE,LASTMILE,INE404B01022,X,5.10,5.25,5.01,5.20,5.20,796281,4142270.00,93
BSE,LATENTVIEW,INE0I7C01011,A,270.00,272.80,268.45,270.80,272.60,10407,2821102.00,511
BSE,LATIMMETAL,INE501N01020,X,10.32,10.32,9.57,9.90,10.13,146993,1445202.00,211
BSE,LAURUSLABS,INE947Q01028,A,1860.00,1864.35,1812.00,1863.00,1860.00,33913,62306295.00,2763
BSE,LAXMIDENTL,INE0WO601020,B,196.70,196.70,192.35,195.25,191.95,5552,1080475.00,157
BSE,LAXMIINDIA,INE06WU01026,B,125.45,128.45,124.95,126.60,127.95,6810,860277.00,151
BSE,LCCINFOTEC,INE938A01021,B,3.38,3.77,3.38,3.74,3.65,6641,24262.00,33
BSE,LCL,INE0QJW01029,B,542.00,552.30,537.25,540.25,543.10,12981,7079454.00,738
BSE,LEADFIN,INE531D01010,X,19.00,19.00,17.82,17.82,18.75,488,8947.00,10
BSE,LEAPIND,INE00GO01025,B,159.45,162.00,156.70,157.80,159.25,387460,61590306.00,4692
BSE,LEENEE,INE791B01014,B,9.31,9.78,8.69,8.81,9.55,30375,281356.00,98
BSE,LEHAR,INE976H01018,X,204.80,204.80,198.80,199.80,199.40,10029,2013191.00,194
BSE,LELAVOIR,INE204S01012,X,94.43,94.43,85.45,94.43,89.94,53563,4925124.00,296
BSE,LEMONTREE,INE970X01018,A,106.15,106.70,104.75,106.20,106.25,283203,29903368.00,3543
BSE,LENSKART,INE956O01016,B,662.25,678.00,662.25,668.55,663.75,529164,354683071.00,6088
BSE,LERTHAI,INE347D01011,XT,487.00,487.00,440.75,482.15,463.90,135,59635.00,9
BSE,LESHAIND,INE050L01048,X,0.76,0.76,0.74,0.76,0.76,63409,47876.00,105
BSE,LESL,INE0X6O01027,M,22.01,22.01,22.00,22.00,22.28,168000,3696060.00,5
BSE,LEXGLOBAL,INE745A01012,XT,173.00,173.00,156.75,156.75,165.00,71,11160.00,3
BSE,LEXORAA,INE185D01015,X,18.30,18.30,17.94,18.29,18.30,536,9796.00,5
BSE,LGBBROSLTD,INE337A01034,A,1681.45,1710.00,1672.10,1699.25,1706.15,869,1472760.00,232
BSE,LGBFORGE,INE201J01017,XT,6.50,6.50,6.25,6.30,6.57,166244,1053715.00,186
BSE,LGEINDIA,INE324D01010,B,1660.05,1665.00,1645.00,1653.05,1667.70,17957,29725546.00,2239
BSE,LGLL,INE12QA01010,M,11.20,11.47,11.10,11.10,10.93,12800,145552.00,8
BSE,LGT,INE191201016,M,38.61,39.00,36.00,36.88,39.40,19200,718488.00,14
BSE,LIBERTSHOE,INE557B01019,B,237.25,237.40,232.50,234.90,239.80,3371,791933.00,367
BSE,LIBORDFIN,INE212B01011,X,17.06,17.06,15.56,16.98,17.14,61,1025.00,3
BSE,LICHSGFIN,INE115A01026,A,533.95,542.00,525.05,540.80,530.55,59685,31850504.00,2229
BSE,LICI,INE0J1Y01017,A,412.00,412.60,407.00,408.50,411.25,140881,57684872.00,2202
BSE,LIKHAMI,INE920T01011,X,298.90,298.90,298.90,298.90,298.90,1,298.00,1
BSE,LIKHITHA,INE060901027,B,205.40,205.90,201.50,202.65,205.40,2410,491777.00,108
BSE,LIMECHM,INE891G01011,X,14.70,14.90,14.70,14.90,14.70,3802,56449.00,5
BSE,LINC,INE802B01027,B,94.24,96.00,93.49,95.80,95.07,960,90783.00,45
BSE,LINCOLN,INE405C01035,B,608.80,629.25,606.55,617.15,610.70,3467,2142125.00,236
BSE,LINDEINDIA,INE473A01011,A,6361.05,6449.95,6320.05,6353.60,6380.80,1348,8633146.00,291
BSE,LINKPH,INE302F01011,X,28.39,28.40,26.79,27.61,28.20,2737,74035.00,26
BSE,LIOTECH,INE0TKX01011,M,92.25,92.25,91.00,91.00,92.25,2400,219700.00,6
BSE,LIPPISYS,INE845B01018,XT,199.25,199.25,190.25,190.70,200.25,9616,1847138.00,92
BSE,LKPSEC,INE341H01023,B,15.01,16.00,14.71,15.46,15.33,9720,148288.00,95
BSE,LLFICL,INE715Q01029,T,1.16,1.16,1.16,1.16,1.11,1089258,1263539.00,158
BSE,LLOYDSENGG,INE093R01011,A,84.17,84.84,81.86,82.81,84.24,290881,24223313.00,2383
BSE,LLOYDSENT,INE080I01025,A,70.54,71.30,69.53,70.95,71.41,123300,8688516.00,765
BSE,LLOYDSME,INE281B01032,A,1789.95,1819.80,1770.35,1810.85,1786.45,9938,17833140.00,630
BSE,LMW,INE269B01029,A,19070.00,19125.00,18745.00,18802.60,19016.65,209,3954700.00,140
BSE,LODHA,INE670K01029,A,1145.05,1211.80,1145.05,1211.80,1194.45,38683,45673201.00,2261
BSE,LOGICA,INE0BSU01018,M,166.00,166.80,165.90,166.45,167.00,19200,3193440.00,15
BSE,LOGICIEL,INE1BA901016,M,33.00,33.00,33.00,33.00,33.00,600,19800.00,1
BSE,LOKESHMACH,INE397H01017,B,341.85,345.00,335.00,338.00,345.05,2026,684793.00,64
BSE,LONGSPUR,INE180M01033,X,8.49,8.50,8.10,8.48,8.23,9466,79307.00,38
BSE,LOOKS,INE204N01013,XT,10.08,10.56,9.56,10.55,10.06,74078,769651.00,96
BSE,LORDSCHLO,INE846D01012,B,138.00,139.70,135.00,137.90,135.45,152,20909.00,24
BSE,LORDSHOTL,INE689J01013,X,15.50,16.50,15.50,16.49,16.22,406,6468.00,10
BSE,LORDSMARK,INE567L01025,XT,78.01,81.11,74.60,81.11,77.25,589774,47179743.00,578
BSE,LOTUSCHO,INE026D01011,B,616.00,655.95,616.00,638.00,620.50,2481,1562644.00,94
BSE,LOTUSDEV,INE0V9Q01010,T,180.85,184.90,174.10,175.70,178.30,10846,1929919.00,141
BSE,LOTUSEYE,INE947I01017,B,109.00,110.10,106.15,109.05,109.00,1046,111355.00,40
BSE,LOVABLE,INE597L01014,B,72.51,73.31,70.20,70.58,73.06,5725,407598.00,162
BSE,LOYAL,INE876S01017,X,152.00,152.00,141.90,146.65,148.40,4288,634737.00,93
BSE,LOYALTEX,INE970D01010,B,227.00,227.00,227.00,227.00,227.25,1,227.00,1
BSE,LPDC,INE197J01017,B,6.99,7.00,6.55,6.82,6.71,10653,71716.00,37
BSE,LT,INE018A01030,A,3970.00,4002.95,3953.95,3989.15,3990.00,88033,350182563.00,10302
BSE,LTELEVATOR,INE0TJ801010,MT,320.00,326.95,318.00,318.00,320.50,16800,5387840.00,21
BSE,LTF,INE498L01015,A,309.40,313.45,302.60,312.10,309.45,403226,123413376.00,6970
BSE,LTFOODS,INE818H01020,A,435.00,443.30,429.95,442.20,436.70,34158,14935595.00,1061
BSE,LTM,INE214T01019,A,4643.50,4643.50,4495.05,4589.40,4611.40,6486,29594775.00,1066
BSE,LTTS,INE010V01017,A,3573.25,3573.25,3495.00,3509.20,3585.90,2843,10000070.00,440
BSE,LUDLOWJUT,INE983C01015,X,316.00,316.00,306.20,308.00,317.70,1192,368498.00,34
BSE,LUMAXIND,INE162B01018,B,6485.00,6616.45,6179.40,6328.30,6436.95,1806,11415507.00,494
BSE,LUMAXTECH,INE872H01027,A,2055.00,2060.15,1978.25,1987.15,2059.60,10365,20779203.00,1022
BSE,LUPIN,INE326A01037,A,2192.95,2192.95,2136.10,2152.60,2150.00,237462,509483610.00,1387
BSE,LUXIND,INE150G01020,B,1192.30,1192.30,1158.30,1164.40,1194.25,1750,2047019.00,179
BSE,LWSKNIT,INE281M01013,X,18.25,18.68,17.60,18.10,18.03,173100,3136202.00,345
BSE,LXCHEM,INE576O01020,B,164.00,170.90,162.00,169.80,164.35,44545,7392494.00,582
BSE,LYKALABS,INE933A01014,T,73.86,76.00,73.55,76.00,75.00,667,49642.00,11
BSE,LYKISLTD,INE624M01014,X,53.00,53.39,52.00,52.07,52.94,13136,687526.00,84
BSE,LYONSCO,INE100F01019,X,21.20,21.20,21.20,21.20,20.50,61,1293.00,1
BSE,M&M,INE101A01026,A,3242.00,3242.00,3142.15,3191.80,3242.50,115233,365835263.00,9767
BSE,M&MFIN,INE774D01024,A,360.10,370.65,360.10,368.55,364.50,264430,96045046.00,2534
BSE,MAANALU,INE215I01027,B,120.25,120.25,117.20,118.00,119.70,3618,428848.00,224
BSE,MACH,INE004Z01011,M,53.07,53.10,53.07,53.10,58.00,3000,159255.00,2
BSE,MACHLTD,INE0UYT01018,M,169.00,169.00,161.20,165.50,163.25,1800,297420.00,3
BSE,MACIND,INE01BT01015,X,355.00,355.95,355.00,355.95,339.00,171,60863.00,15
BSE,MACPLASQ,INE082B01018,X,260.00,268.95,256.00,267.45,261.80,305,80311.00,13
BSE,MADALA,INE002B01016,X,180.10,180.10,166.10,176.00,184.25,2404,421891.00,87
BSE,MADHAV,INE925C01016,B,36.00,36.00,34.50,35.52,37.22,58,2058.00,6
BSE,MADHAVIPL,INE631R01026,B,7.95,8.07,7.73,7.99,8.05,43313,343556.00,132
BSE,MADHUCON,INE378D01032,T,4.78,4.78,4.78,4.78,4.72,100,478.00,1
BSE,MADHURIND,INE110C01015,XT,5.25,5.25,5.25,5.25,5.50,2000,10500.00,2
BSE,MADRASFERT,INE414A01015,B,64.18,65.37,63.55,64.24,64.95,3334,214528.00,112
BSE,MAFATIND,INE270B01035,B,120.25,122.95,118.40,122.10,121.95,6697,812492.00,149
BSE,MAGADSUGAR,INE347W01011,B,563.25,580.00,556.00,570.90,568.55,4028,2294414.00,269
BSE,MAGNAELQ,INE437D01010,X,1299.25,1364.40,1275.00,1287.95,1299.25,2364,3111635.00,108
BSE,MAGNUM,INE387I01016,B,19.16,19.45,18.74,18.77,18.60,1047,19667.00,10
BSE,MAGNUS,INE898E01011,XT,24.20,26.49,24.20,24.20,25.47,38149,930912.00,290
BSE,MAHABANK,INE457A01014,A,82.38,84.27,81.25,82.01,82.40,745130,61536194.00,2596
BSE,MAHACORP,INE272E01027,X,0.30,0.31,0.30,0.31,0.30,384750,116593.00,195
BSE,MAHALIFE,INE0U9D01019,M,184.95,189.00,175.00,175.50,180.20,69600,12253740.00,14
BSE,MAHAPEXLTD,INE843B01013,B,58.00,58.00,55.00,55.00,57.72,113,6219.00,6
BSE,MAHASTEEL,INE451L01014,T,1398.00,1425.00,1328.10,1328.10,1398.00,591,835147.00,19
BSE,MAHAVEER,INE019D01016,Z,11.11,11.11,10.45,11.00,11.00,45,474.00,3
BSE,MAHEPC,INE215D01010,B,102.40,103.65,101.60,102.00,102.40,2351,240875.00,85
BSE,MAHESH,INE01MO01013,X,17.55,18.00,17.55,18.00,18.47,501,8793.00,2
BSE,MAHLIFE,INE813A01018,A,359.05,361.50,352.70,360.30,356.90,4805,1707196.00,184
BSE,MAHLOG,INE766P01016,B,380.50,393.65,380.50,391.75,387.60,3829,1477097.00,166
BSE,MAHSCOOTER,INE288A01013,A,13631.00,13659.60,13450.00,13572.20,13687.45,103,1401224.00,69
BSE,MAHSEAMLES,INE271B01025,A,583.05,673.60,583.05,665.95,650.50,24867,16430384.00,1474
BSE,MAIDEN,INE0O1T01010,M,106.10,106.50,106.00,106.20,106.00,13000,1379500.00,10
BSE,MAINFRA,INE392G01028,X,11.10,11.15,10.53,10.80,10.96,20765,225887.00,78
BSE,MAITHANALL,INE683C01011,B,981.75,1057.35,962.85,1022.60,976.50,17502,17882366.00,1024
BSE,MAITRI,INE501L01024,XT,41.69,41.69,37.73,37.75,39.71,286,10884.00,7
BSE,MAJESAUT,INE201B01022,T,350.65,356.00,350.65,355.00,358.80,326,115368.00,39
BSE,MAKERSL,INE987A01010,B,182.50,188.00,181.50,181.50,187.00,65,11824.00,5
BSE,MAL,INE100C01024,XT,2.57,2.57,2.57,2.57,2.62,3396,8727.00,10
BSE,MALLCOM,INE389C01015,B,1015.00,1045.00,1015.00,1025.15,980.80,882,913489.00,178
BSE,MALPANI,INE0YON01014,M,48.10,61.00,48.10,61.00,59.00,11200,631312.00,7
BSE,MALUPAPER,INE383H01017,B,31.35,31.35,31.20,31.20,31.99,50,1564.00,5
BSE,MAMATA,INE0TO701015,B,400.05,406.10,398.40,400.85,402.05,4165,1681754.00,214
BSE,MANAKALUCO,INE859Q01017,B,45.00,45.00,37.00,37.27,38.30,6373,238511.00,178
BSE,MANAKCOAT,INE830Q01018,B,119.75,123.80,118.45,121.80,119.65,9652,1164720.00,147
BSE,MANAKSIA,INE015D01022,B,58.00,61.95,57.00,58.10,57.42,5619,328064.00,72
BSE,MANAKSTEEL,INE824Q01011,B,104.00,108.92,101.90,108.92,103.74,17190,1815388.00,288
BSE,MANALIPETC,INE201A01024,B,84.49,85.50,81.49,82.80,84.13,582554,48653729.00,2276
BSE,MANAPPURAM,INE522D01027,A,331.35,341.00,330.05,341.00,337.60,181155,60641640.00,4248
BSE,MANBA,INE939X01013,B,130.05,130.15,127.80,128.05,129.35,6764,874965.00,78
BSE,MANCREDIT,INE545L01039,B,232.05,235.00,224.90,227.30,230.00,3632,846727.00,55
BSE,MANGALAM,INE584F01014,B,29.30,30.85,29.22,30.15,29.99,4611,139099.00,58
BSE,MANGIND,INE717C01025,X,0.62,0.62,0.59,0.60,0.61,2840359,1707760.00,554
BSE,MANGLMCEM,INE347A01017,B,1070.30,1119.50,1067.95,1098.70,1088.80,11503,12725992.00,621
BSE,MANINDS,INE993A01026,B,772.55,772.55,742.00,745.45,761.30,15974,12097274.00,817
BSE,MANINFRA,INE949H01023,B,125.85,125.85,119.35,123.30,124.25,236749,28949134.00,1243
BSE,MANIPALHOS,INE459N01021,B,750.25,750.30,704.50,709.15,747.00,158891,114413752.00,9568
BSE,MANIVENI,INE0YD301010,M,30.00,30.00,27.50,27.50,30.10,4000,115000.00,2
BSE,MANKIND,INE634S01028,A,2323.15,2382.50,2323.15,2380.00,2360.00,14327,33953399.00,1743
BSE,MANOJ-RE,INE0MV020018,R,2.17,4.00,2.17,2.78,3.40,26000,77440.00,10
BSE,MANOJJEWEL,INE0MV001018,M,23.57,25.90,23.57,25.90,24.67,10000,247640.00,5
BSE,MANOMAY,INE784W01015,B,225.95,235.00,223.00,224.65,222.95,22238,5020849.00,383
BSE,MANORAMA,INE00VM01036,A,1833.80,1833.80,1799.00,1813.80,1833.60,6433,11663696.00,559
BSE,MANORG,INE370D01013,B,477.20,498.90,474.00,475.85,497.20,781,373666.00,57
BSE,MANTRA,INE304E01010,X,16.00,16.65,15.20,16.54,16.65,1012,15600.00,21
BSE,MANUGRAPH,INE867A01022,T,14.38,14.62,14.38,14.39,15.13,3041,43750.00,8
BSE,MANYAVAR,INE825V01034,A,548.70,551.00,537.05,542.70,547.25,216998,118244402.00,696
BSE,MAPMYINDIA,INE0BV301023,A,999.60,999.85,979.10,982.75,999.85,36675,36177731.00,650
BSE,MAPROIN,INE848M01019,XT,50.00,50.00,49.84,49.84,49.84,2165,108190.00,15
BSE,MARALOVER,INE882A01013,B,53.90,54.24,52.61,54.20,55.00,99,5282.00,7
BSE,MARATHON,INE182D01020,B,436.70,443.55,422.50,433.80,434.50,5770,2512875.00,233
BSE,MARBLE,INE807H01023,X,114.00,114.00,105.00,109.90,113.25,162702,17984380.00,94
BSE,MARBU,INE199D01016,X,45.60,46.55,45.60,46.55,46.40,10,462.00,5
BSE,MARCLOIRE,INE0TBQ01014,M,40.70,40.95,40.70,40.95,39.00,6000,244920.00,5
BSE,MARGOFIN,INE680B01019,X,65.09,65.22,64.26,64.37,65.41,3335,215047.00,26
BSE,MARICO,INE196A01026,A,828.05,835.20,827.10,829.15,836.55,18501,15374442.00,1502
BSE,MARIS,INE866D01010,X,41.60,45.00,41.60,44.20,42.46,36923,1628869.00,128
BSE,MARKOLINES,INE0FW001016,B,175.05,175.95,171.40,173.25,173.95,19782,3428514.00,372
BSE,MARKSANS,INE750C01026,A,320.25,337.45,319.20,332.50,322.45,457746,152140336.00,7095
BSE,MARSONS,INE415B01044,B,124.00,125.95,120.80,122.90,124.30,92582,11422748.00,773
BSE,MARUTI,INE585B01010,A,12849.95,12891.35,12637.60,12842.00,12919.00,25443,324053150.00,6482
BSE,MASFIN,INE348L01012,B,300.00,301.35,293.80,294.80,304.85,5425,1609419.00,193
BSE,MASTEK,INE759A01021,A,1802.85,1802.85,1748.95,1761.75,1800.40,3585,6351331.00,380
BSE,MASTERTR,INE677D01037,B,81.74,81.74,80.21,80.65,81.50,10249,826776.00,54
BSE,MATRIMONY,INE866R01028,B,514.60,522.85,510.50,512.35,517.90,327,168837.00,23
BSE,MAWANASUG,INE636A01039,B,145.00,154.20,143.45,147.90,142.30,35020,5227981.00,523
BSE,MAXESTATES,INE03EI01018,B,494.30,526.05,486.70,513.70,501.10,4376,2182250.00,114
BSE,MAXGROW,INE485D01043,XT,167.80,167.80,167.80,167.80,164.55,2466,413794.00,26
BSE,MAXHEALTH,INE027H01010,A,1007.00,1007.00,987.80,994.00,1007.00,712238,708726821.00,4193
BSE,MAXHEIGHTS,INE393F01010,X,10.69,10.69,9.65,10.39,10.34,2301,23162.00,29
BSE,MAXIMUS,INE544W01021,X,14.85,15.00,14.28,14.80,14.60,25123,368831.00,117
BSE,MAXIND,INE0CG601016,B,148.00,151.10,145.00,149.70,148.80,8918,1326819.00,287
BSE,MAYUR,INE799E01011,XT,31.40,31.81,31.00,31.78,30.30,3536,112032.00,35
BSE,MAYURUNIQ,INE040D01038,B,737.00,739.90,717.30,731.80,744.80,5912,4302008.00,487
BSE,MAZDA,INE885E01042,T,243.50,262.50,243.50,262.45,250.00,24031,6289054.00,138
BSE,MAZDOCK,INE249Z01020,A,2465.00,2467.00,2432.00,2450.00,2480.00,22310,54564696.00,1825
BSE,MBECL,INE748A01024,T,233.60,234.78,233.60,234.78,223.60,141,33068.00,13
BSE,MBEL,INE08N601015,B,264.55,268.05,262.00,266.60,265.10,8657,2283171.00,204
BSE,MBLINFRA,INE912H01013,B,22.98,23.49,22.00,23.18,22.98,14213,318504.00,319
BSE,MCCHRLS-B,INE435D01014,B,675.00,675.00,655.00,664.70,690.00,239,158640.00,24
BSE,MCFL,INE0R5Z01015,MT,114.00,116.30,114.00,116.30,114.00,2400,276360.00,2
BSE,MCLEODRUSS,INE942G01012,B,48.05,48.26,47.00,47.06,48.45,29238,1387339.00,422
BSE,MCLOUD,INE613C01026,B,26.40,27.11,26.20,26.30,26.69,199686,5286545.00,520
BSE,MCLTD,INE410E01015,X,6.01,6.01,6.01,6.01,5.73,10,60.00,1
BSE,MCPL,INE0A6N01026,M,86.78,87.21,86.78,87.21,96.00,2000,173990.00,2
BSE,MCX,INE745G01043,A,3270.05,3331.90,3257.20,3285.00,3303.10,146640,482262800.00,13437
BSE,MDRC,INE1HK501016,M,49.50,51.00,48.50,48.51,48.75,35200,1749296.00,20
BSE,MDRNSTL,INE001F01019,X,13.99,13.99,13.02,13.50,13.40,1630,22003.00,24
BSE,MEAPL,INE250S01015,X,27.45,27.45,26.51,27.08,27.47,9984,269007.00,43
BSE,MEDANTA,INE474Q01031,A,1445.45,1481.10,1440.85,1445.50,1456.55,15988,23418647.00,1310
BSE,MEDIAONE,INE828I01019,Z,14.90,14.90,13.70,14.79,14.38,212,3068.00,15
BSE,MEDIASSIST,INE456Z01021,A,337.95,339.65,329.50,338.25,338.30,3342,1114245.00,236
BSE,MEDICAMEQ,INE646B01010,B,264.25,270.00,258.35,263.50,269.10,3754,990841.00,143
BSE,MEDICAPQ,INE442D01010,B,26.50,27.42,26.25,27.42,26.98,503,13319.00,10
BSE,MEDICO,INE630Y01024,B,39.25,42.86,38.00,39.47,38.91,17261,692103.00,221
BSE,MEDPLUS,INE804L01022,A,664.75,673.85,657.50,660.40,673.85,2458,1632792.00,204
BSE,MEEIND,INE208H01016,B,413.05,413.05,396.95,409.50,411.00,2046,835921.00,465
BSE,MEERA,INE343X01026,B,35.40,35.40,32.19,32.32,33.74,13702,455867.00,85
BSE,MEESHO,INE0VDM01015,B,204.90,213.90,204.65,211.70,205.30,8490245,1783008262.00,14334
BSE,MEFCOMCAP,INE186C01023,X,11.93,12.15,11.92,12.14,11.95,18410,220985.00,52
BSE,MEGACOR,INE804B01023,X,2.56,2.80,2.52,2.73,2.56,61638,166697.00,98
BSE,MEGAMONT,INE317D01014,X,167.00,176.20,167.00,176.20,168.65,806,139680.00,39
BSE,MEGASTAR,INE00EM01016,B,313.00,313.00,304.15,305.80,315.95,53,16213.00,5
BSE,MEGRISOFT,INE756R01013,X,74.00,78.90,73.00,73.97,78.00,228,16926.00,22
BSE,MEHAI,INE062Y01020,X,1.22,1.24,1.22,1.24,1.20,251859,310254.00,226
BSE,MEHSECU,INE241B01010,X,21.03,21.03,21.03,21.03,22.10,100,2103.00,1
BSE,MEHUL,INE1KH601014,M,54.00,55.00,54.00,55.00,53.00,3200,174400.00,2
BSE,MEIL,INE0PKD01011,B,280.95,285.50,278.00,279.30,285.20,14776,4149114.00,206
BSE,MENAMANI,INE148B01033,XT,15.09,15.09,15.09,15.09,15.39,4717,71179.00,18
BSE,MENNPIS,INE650G01029,B,75.79,75.79,72.10,74.26,74.35,18099,1340884.00,204
BSE,MENONBE,INE071D01033,T,304.00,304.00,288.10,294.85,299.05,6253,1850886.00,117
BSE,MEP,INE776I01010,Z,0.76,0.76,0.74,0.74,0.75,47508,35172.00,30
BSE,MERCANTILE,INE689O01013,B,25.19,26.59,23.12,25.09,25.29,128765,3322387.00,160
BSE,MERCTRD,INE319T01016,X,4.18,4.34,4.03,4.14,4.24,10085,41765.00,51
BSE,MERCURYEV,INE763M01028,B,37.28,37.28,36.00,36.71,37.10,21033,771191.00,579
BSE,MERCURYLAB,INE947G01011,X,755.00,755.20,753.20,753.20,753.10,34,25664.00,6
BSE,META,INE958L01034,B,8.83,8.90,8.75,8.90,8.48,3048244,27092299.00,1432
BSE,METAINFO,INE162901016,MT,91.80,92.00,89.00,91.50,92.00,4800,438240.00,5
BSE,METALCO,INE161E01014,X,51.50,51.60,51.50,51.60,51.78,18,928.00,4
BSE,METHODHUB,INE0QZR01017,M,69.00,70.92,66.75,69.01,69.47,52800,3644436.00,86
BSE,METROBRAND,INE317I01021,A,918.00,918.35,897.55,900.45,919.35,3325,3005449.00,565
BSE,METROGLOBL,INE085D01033,B,135.10,136.00,135.10,135.25,135.95,310,41920.00,18
BSE,METROPOLIS,INE112L01020,A,587.45,592.55,578.90,582.05,582.75,14379,8398190.00,511
BSE,METSL,INE318N01011,X,157.00,157.75,153.25,155.50,154.35,2816,439729.00,70
BSE,MFLINDIA,INE244C01020,X,0.39,0.39,0.37,0.37,0.38,440923,164898.00,204
BSE,MFML,INE0US801024,B,20.89,20.89,18.12,19.33,20.89,734,14302.00,16
BSE,MFSINTRCRP,INE614F01019,X,12.98,12.98,12.98,12.98,13.66,1937,25142.00,9
BSE,MFSL,INE180A01020,A,1522.25,1526.00,1495.00,1501.20,1541.35,21826,32961784.00,1872
BSE,MGEL,INE0APB01032,T,14.60,14.65,14.00,14.62,14.08,14082,197622.00,50
BSE,MGIL,INE368C01019,X,38.50,38.50,33.00,35.73,37.11,48042,1689134.00,202
BSE,MGL,INE002S01010,A,1077.20,1082.95,1063.15,1065.15,1077.20,2853,3060905.00,272
BSE,MHEL,INE957U01011,MT,64.00,64.00,64.00,64.00,64.00,750,48000.00,1
BSE,MHLXMIRU,INE112D01035,T,180.00,180.00,171.65,171.85,180.00,257,44977.00,5
BSE,MHRIL,INE998I01010,B,208.30,210.50,206.10,206.55,208.65,12229,2532547.00,720
BSE,MHSGRMS,INE007G01014,ZP,6.29,6.29,6.29,6.29,6.00,100,629.00,1
BSE,MICEL,INE287C01037,T,38.08,38.08,38.08,38.08,38.85,16517,628967.00,163
BSE,MIDEASTP,INE033E01015,XT,36.00,36.00,34.40,34.44,34.54,10618,371368.00,13
BSE,MIDHANI,INE099Z01011,A,419.30,420.00,412.65,414.25,417.25,15674,6505988.00,515
BSE,MIDINDIA,INE401C01018,X,5.83,5.96,5.59,5.60,5.81,2570,14924.00,23
BSE,MIDWESTLTD,INE0XAD01024,B,1041.05,1067.50,1032.75,1036.90,1061.70,3611,3773189.00,450
BSE,MIHIKA,INE779Q01017,X,10.65,10.65,10.60,10.60,10.49,49611,525882.00,4
BSE,MIIL,INE898Q01015,B,726.00,727.95,712.00,723.00,722.05,16409,11743218.00,315
BSE,MIL,INE858Q01019,X,25.75,26.25,24.01,25.51,26.06,9832,245626.00,91
BSE,MILEFUR,INE424Z01011,MT,24.43,24.43,22.39,23.22,23.54,18000,425490.00,6
BSE,MILESTONE,INE151H01018,X,19.08,19.08,19.08,19.08,19.08,690,13165.00,3
BSE,MILKYMIST,INE00IT01020,B,236.60,255.10,228.60,252.65,231.95,3226530,794712477.00,24953
BSE,MILLENNIUM,INE570N01025,X,1.70,1.70,1.62,1.70,1.70,780,1322.00,9
BSE,MILLWORKS,INE1SRC01010,M,968.00,989.00,920.10,981.10,943.05,188800,181632980.00,243
BSE,MINALIND,INE097E01028,T,4.86,4.86,4.86,4.86,4.63,6934,33699.00,17
BSE,MINAXI,INE952C01028,X,1.38,1.38,1.30,1.31,1.38,3218,4411.00,15
BSE,MINDACORP,INE842C01021,A,709.80,713.25,694.00,705.80,712.90,30633,21446930.00,1395
BSE,MINDSPACE,INE0CCU25019,IF,497.40,505.68,495.22,500.64,497.99,9485,4732957.00,616
BSE,MINDTECK,INE110B01017,B,172.25,175.80,170.00,170.20,172.20,2286,392053.00,82
BSE,MINID,INE281E01028,X,4.80,4.90,4.75,4.75,4.77,170146,817110.00,244
BSE,MINOLTAF,INE514C01026,XT,1.54,1.54,1.48,1.52,1.47,546304,830483.00,110
BSE,MIRZAINT,INE771A01026,B,31.32,31.52,30.51,30.86,31.32,8011,247653.00,158
BSE,MISHDESIGN,INE0QI101019,M,33.85,33.85,33.85,33.85,32.00,500,16925.00,1
BSE,MISHKA,INE540S01019,X,43.01,43.01,43.00,43.00,43.00,611,26274.00,6
BSE,MISHTANN,INE094S01041,X,3.36,3.48,3.31,3.33,3.39,866676,2911352.00,1580
BSE,MITSHI,INE844D01017,X,13.87,13.87,13.16,13.74,13.18,31231,429753.00,123
BSE,MITSU,INE317V01016,X,180.00,184.10,175.50,182.25,179.70,20932,3776443.00,271
BSE,MITTALSTL,INE833Q01012,M,24.89,26.00,24.89,25.89,27.65,7000,177060.00,7
BSE,MIVENMACH,INE338P01014,X,62.10,65.20,62.10,62.10,65.35,4343,271710.00,13
BSE,MIZVEN,INE681K01026,X,42.01,45.35,41.04,41.27,43.20,7043,290414.00,47
BSE,MKEXIM,INE227F01010,B,61.89,61.94,56.40,61.13,61.94,36026,2165096.00,255
BSE,MKPL,INE964W01021,B,4.14,4.14,3.97,4.04,4.07,29768,120224.00,101
BSE,MKPMOB,INE676G01024,X,155.00,157.50,146.65,155.00,150.00,447,67881.00,11
BSE,MKVENTURES,INE874A01010,X,1001.10,1019.95,990.15,1004.85,1039.70,284,284578.00,42
BSE,MLKFOOD,INE588G01021,B,81.44,83.80,81.44,83.08,83.28,1053,87179.00,17
BSE,MMFL,INE227C01017,B,664.95,679.30,643.40,645.80,655.15,9953,6571361.00,636
BSE,MMLF,INE340O01021,B,0.66,0.72,0.66,0.66,0.65,26888,18533.00,27
BSE,MMRUBBR-B,INE159E01026,X,59.00,59.00,57.95,57.95,56.75,78,4590.00,11
BSE,MMTC,INE123F01029,B,62.89,62.89,61.45,62.14,62.29,100146,6193200.00,440
BSE,MMWL,INE200D01020,B,14.81,14.90,13.87,14.03,14.52,5766,82100.00,91
BSE,MNIL,INE216Q01010,X,34.00,34.85,33.00,33.05,35.14,16933,575429.00,21
BSE,MOBAVENUE,INE622Q01027,X,308.00,308.00,302.00,302.65,303.95,28215,8571415.00,241
BSE,MOBIKWIK,INE0HLU01028,B,187.55,187.55,184.45,185.60,187.55,28028,5200101.00,390
BSE,MODAIRY,INE617B01011,X,37.30,37.30,34.80,35.01,36.09,11359,401373.00,57
BSE,MODINATUR,INE537F01012,B,341.90,345.00,341.90,343.80,338.60,170,58379.00,12
BSE,MODINSU,INE219W01012,X,402.05,423.00,396.00,410.00,416.70,84953,34522968.00,1467
BSE,MODIPON,INE170C01019,X,39.15,41.00,39.15,41.00,41.21,320,12563.00,5
BSE,MODIRUBBER,INE832A01018,B,124.55,125.10,122.80,123.25,130.30,589,72904.00,62
BSE,MODIS,INE0L0L01012,B,374.10,377.65,372.50,377.45,376.55,1306,489317.00,44
BSE,MODISONLTD,INE737D01021,B,515.00,544.90,507.05,520.30,497.45,66591,35173199.00,2315
BSE,MODMA,INE834C01028,P,43.83,45.00,43.83,45.00,44.05,700,31287.00,6
BSE,MODRNSH,INE370A01019,X,36.79,43.46,36.79,39.47,36.79,2263,86892.00,55
BSE,MODTHREAD,INE794W01014,B,52.00,54.90,51.80,53.89,53.50,69,3606.00,7
BSE,MODULEX,INE064R01012,Z,16.69,16.69,15.25,15.74,15.91,12004,189621.00,29
BSE,MODWOOL,INE380D01012,X,73.00,73.00,73.00,73.00,70.79,16,1168.00,2
BSE,MOHITE,INE154B01023,B,3.10,3.10,3.03,3.03,3.09,1057,3238.00,8
BSE,MOHITIND,INE954E01012,B,23.80,24.98,23.63,24.98,23.63,900,21341.00,31
BSE,MOHITPPR,INE388C01017,X,26.23,27.24,25.85,26.71,26.50,241,6351.00,16
BSE,MOIL,INE490G01020,A,250.60,251.55,247.05,250.60,250.80,35276,8810494.00,891
BSE,MOL,INE0CT101020,B,64.54,66.60,63.35,65.83,64.83,158313,10289372.00,932
BSE,MOLBIO,INE869T01028,B,1054.10,1132.00,1042.85,1111.85,1053.15,80413,87889836.00,3111
BSE,MOLDTECH,INE835B01035,T,192.85,207.05,188.00,202.50,197.20,25835,5229627.00,284
BSE,MOLDTKPAC,INE893J01029,B,698.00,700.00,692.60,694.45,699.35,1329,923655.00,115
BSE,MONARCH,INE903D01011,B,377.35,377.35,368.60,373.60,374.45,1363,506164.00,83
BSE,MONEYBOXX,INE296Q01012,B,57.00,57.00,56.00,56.99,57.00,34682,1958778.00,13
BSE,MONGIPA,INE153K01018,X,21.00,21.00,19.21,19.99,20.80,3435,67641.00,28
BSE,MONIKA,INE0LCG01010,M,150.40,178.40,150.40,163.60,148.70,95200,16317680.00,89
BSE,MONOT,INE811D01024,X,0.29,0.31,0.29,0.30,0.30,711682,211635.00,405
BSE,MONTECARLO,INE950M01013,B,539.95,545.00,531.95,544.60,537.95,4302,2328374.00,174
BSE,MOPSHOP,INE2F5H01015,MT,100.80,100.80,100.80,100.80,106.10,2000,201600.00,2
BSE,MORARKFI,INE367A01015,X,66.40,66.40,65.00,65.07,65.08,545,35450.00,11
BSE,MOREPENLAB,INE083A01026,B,104.00,114.15,103.50,112.90,103.80,2261394,248795728.00,10086
BSE,MORGAN,INE902C01015,X,45.99,47.97,45.02,47.54,44.50,1941,90560.00,19
BSE,MOSCHIP,INE935B01025,A,214.70,219.65,210.05,215.70,215.30,190854,41100471.00,2041
BSE,MOTHERSON,INE775A01035,A,164.70,164.75,160.00,163.00,165.10,512808,82718227.00,4287
BSE,MOTILALOFS,INE338I01027,A,1009.75,1025.15,993.75,1020.95,1013.50,34217,34437596.00,1446
BSE,MOTISONS,INE0FRK01020,B,15.97,15.99,15.27,15.49,15.86,893731,13968716.00,803
BSE,MOTOGENFIN,INE861B01023,T,29.40,29.40,27.50,27.50,28.40,1576,44110.00,12
BSE,MPAGI,INE468C01017,X,9.26,9.27,9.26,9.27,9.50,484,4482.00,6
BSE,MPDL,INE493H01014,T,34.19,36.99,34.19,34.19,35.98,588,20114.00,6
BSE,MPHASIS,INE356A01018,A,2518.30,2518.35,2430.00,2481.50,2505.75,16743,41322627.00,1642
BSE,MPILCORPL,INE844C01027,XT,479.15,479.15,479.10,479.10,469.85,7,3353.00,2
BSE,MPKSTEELS,INE1PJP01015,M,87.75,87.75,87.75,87.75,91.25,800,70200.00,1
BSE,MPL,INE343A01016,X,7.20,7.20,7.18,7.18,7.29,5688,40943.00,8
BSE,MPSLTD,INE943D01017,B,2640.20,2640.20,2589.70,2592.40,2661.70,1020,2665034.00,208
BSE,MRCAGRO,INE333Y01017,B,26.75,28.97,26.60,26.73,27.94,45748,1236536.00,193
BSE,MRF,INE883A01011,A,132300.00,133000.00,130750.00,132174.55,132353.60,311,40826524.00,231
BSE,MRP,INE0D7801012,M,88.90,89.00,88.23,88.30,90.00,6000,531090.00,5
BSE,MRPL,INE103A01014,A,172.10,175.95,169.55,175.20,171.25,512649,88829629.00,3430
BSE,MRTX,INE1RQS01010,M,309.00,316.00,304.05,310.35,309.35,217000,67284800.00,187
BSE,MRUTR,INE738D01029,XT,113.00,113.00,113.00,113.00,115.30,33144,3745272.00,299
BSE,MSAFE,INE2B5L01011,MT,227.40,238.75,227.40,238.75,227.40,57000,13483450.00,39
BSE,MSCTC,INE277E01026,XT,50.54,54.99,50.54,51.03,53.20,1782,90767.00,39
BSE,MSECL,INE0V0L01028,M,264.95,267.90,250.60,262.20,258.35,36600,9585600.00,55
BSE,MSL,INE829S01016,B,132.60,149.00,131.95,149.00,141.00,32,4286.00,7
BSE,MSLGLOBAL,INE856D01011,X,18.48,18.48,16.97,17.06,17.50,74958,1274670.00,35
BSE,MSPL,INE752G01015,B,34.78,36.40,34.48,36.07,34.48,83643,2983446.00,485
BSE,MSTCLTD,INE255X01014,B,715.15,732.65,708.85,712.60,729.70,16925,12120585.00,549
BSE,MSUMI,INE0FS801015,A,37.07,37.07,36.49,36.59,37.09,420853,15404645.00,2200
BSE,MTARTECH,INE864I01014,T,6889.00,6949.00,6550.05,6849.55,6877.05,3879,26240570.00,875
BSE,MTEDUCARE,INE472M01018,T,1.77,1.77,1.74,1.74,1.74,351,611.00,6
BSE,MTL,INE1K0V01011,M,105.50,111.60,104.00,110.85,111.60,49200,5431620.00,25
BSE,MTNL,INE153A01019,B,26.15,26.80,26.15,26.44,26.70,79440,2106425.00,322
BSE,MTPL,INE245H01018,XT,9.63,9.99,9.63,9.63,10.13,5141876,49518946.00,363
BSE,MUFIN,INE08KJ01020,B,134.70,135.25,132.65,134.85,134.90,50338,6731802.00,320
BSE,MUFTI,INE220Q01020,B,72.78,73.63,71.81,72.29,72.78,40509,2925340.00,1043
BSE,MUKANDLTD,INE304A01026,B,134.85,136.00,134.00,134.00,135.20,956,129066.00,28
BSE,MUKATPIP,INE862C01029,XT,15.76,15.76,14.96,15.72,15.74,2251,33926.00,14
BSE,MUKESHB,INE596B01017,B,133.10,133.10,133.00,133.05,140.00,150,19955.00,3
BSE,MUKKA,INE0CG401037,B,27.17,27.56,26.70,26.86,26.68,110072,2980952.00,479
BSE,MUKTA,INE160O01031,X,2.88,2.95,2.88,2.95,2.79,46227,134104.00,22
BSE,MUL,INE150D01027,X,7.53,7.53,6.90,7.45,7.33,50634,368179.00,145
BSE,MULLER,INE003F01015,X,219.55,219.55,209.00,213.65,220.00,65,13879.00,7
BSE,MULTIBASE,INE678F01014,X,177.45,183.90,177.45,182.55,179.45,3075,558713.00,93
BSE,MUNJALAU,INE672B01032,B,113.85,114.45,112.30,113.35,115.45,27481,3111160.00,366
BSE,MUNJALSHOW,INE577A01027,B,128.05,130.05,127.65,129.00,129.75,2402,308557.00,78
BSE,MUNOTHFI,INE348D01019,XT,56.62,56.62,56.62,56.62,57.77,107,6058.00,4
BSE,MURUDCERA,INE692B01014,B,29.28,30.50,29.25,30.50,30.09,252,7436.00,5
BSE,MUTHOOTCAP,INE296G01013,B,243.00,245.70,236.10,242.00,248.55,375,89621.00,51
BSE,MUTHOOTFIN,INE414G01012,A,2870.00,2935.45,2843.05,2935.45,2905.00,135294,393099837.00,4991
BSE,MUTHOOTMF,INE046W01019,B,196.60,204.00,193.55,203.85,196.00,18535,3730842.00,274
BSE,MVELECTRO,INE0OWZ01020,B,710.90,724.45,677.80,683.85,710.75,114379,80359801.00,3361
BSE,MVGJL,INE0KNT01012,B,161.00,166.65,160.65,162.00,162.80,6134,995701.00,230
BSE,MWL,INE0JYY01029,B,37.80,39.71,37.05,39.20,37.72,26308,1017595.00,203
BSE,MYMONEY,INE232L01018,X,33.10,35.52,31.30,35.52,33.21,17,561.00,8
BSE,MYSORPETRO,INE741A01011,T,123.85,124.65,118.55,120.65,124.75,2323,280426.00,35
BSE,MYSTICELE,INE159O01033,X,3.48,3.48,3.32,3.48,3.48,8627,29869.00,35
BSE,NACDAC,INE0LB101011,M,24.80,24.80,24.39,24.39,22.72,12000,295200.00,3
BSE,NACLIND,INE295D01020,B,168.00,168.60,166.00,167.45,168.55,16118,2693928.00,275
BSE,NAGPI,INE099E01016,X,199.00,204.55,195.10,195.30,201.30,2001,396432.00,39
BSE,NAGREEKCAP,INE245I01016,B,22.11,24.28,22.11,23.65,22.66,30,708.00,4
BSE,NAGREEKEXP,INE123B01028,B,21.86,22.25,21.32,21.40,21.96,2746,59487.00,29
BSE,NAGTECH,INE793H01017,X,38.34,41.00,38.34,40.35,40.35,1653,65211.00,14
BSE,NAHARCAP,INE049I01012,B,257.00,263.10,255.95,263.10,257.00,3,776.00,3
BSE,NAHARINDUS,INE289A01011,B,125.00,132.50,125.00,132.50,133.65,78,9757.00,3
BSE,NAHARPOLY,INE308A01027,B,252.25,252.25,248.00,252.25,248.90,200,50093.00,11
BSE,NAHARSPING,INE290A01027,B,298.70,298.70,294.10,294.15,299.90,649,192742.00,13
BSE,NAKSH,INE256S01012,Z,3.81,4.07,3.70,4.03,3.89,4344,16902.00,18
BSE,NAM,INE792G01011,XT,72.20,79.80,72.20,79.80,76.00,160,11574.00,11
BSE,NAM-INDIA,INE298J01013,A,1170.00,1172.05,1146.10,1170.30,1172.00,244839,284589268.00,1043
BSE,NANTA,INE0YJA01011,M,329.95,334.40,314.00,314.05,321.20,5400,1746810.00,9
BSE,NAPEROL,INE585A01020,X,682.30,689.00,660.00,667.70,678.35,1974,1317148.00,150
BSE,NAPL,INE223R01014,X,194.00,200.00,184.95,198.05,190.60,13477,2637472.00,173
BSE,NARMADA,INE117Z01029,B,14.11,14.11,13.60,13.64,13.83,18194,250101.00,62
BSE,NARMADESH,INE0S1B01014,M,317.30,317.30,317.30,317.30,317.30,240,76152.00,1
BSE,NARMP,INE060D01028,X,23.90,24.15,23.75,23.95,23.95,59920,1438627.00,267
BSE,NARPROP,INE603F01012,X,38.79,38.79,38.77,38.77,37.80,102,3954.00,3
BSE,NATCAPSUQ,INE936B01015,B,202.75,219.45,201.10,215.30,201.95,3112,663498.00,131
BSE,NATCOPHARM,INE987B01026,A,849.85,859.25,833.50,843.10,849.30,41139,34624190.00,5046
BSE,NATFIT,INE643C01015,X,231.85,231.85,224.90,231.85,220.85,69572,16093104.00,237
BSE,NATHBIOGEN,INE448G01010,B,152.30,154.30,151.50,152.95,152.30,423,64588.00,20
BSE,NATHIND,INE777A01023,X,50.00,55.60,48.96,49.34,49.95,3101,154653.00,63
BSE,NATHUEC,INE487B01019,XT,38.76,38.76,38.74,38.74,38.00,2,77.00,2
BSE,NATIONALUM,INE139A01034,A,372.75,373.25,367.65,372.85,370.75,132379,49034543.00,2639
BSE,NATIONSTD,INE166R01015,B,107.70,107.70,103.10,104.05,105.20,4798,504599.00,141
BSE,NATPLAS,INE233D01013,X,40.00,40.80,40.00,40.00,40.94,3739,149868.00,17
BSE,NATPLASTI,INE896D01017,X,215.00,223.00,215.00,222.95,214.30,854,188972.00,25
BSE,NATPLY,INE497C01016,Z,2.60,2.60,2.60,2.60,2.60,5,13.00,2
BSE,NATRAJPR,INE444D01016,X,40.80,40.80,38.12,39.29,39.08,1938,75346.00,23
BSE,NATURAL,INE06MM01016,X,3.67,3.67,3.50,3.56,3.55,8013,28499.00,68
BSE,NAUKRI,INE663F01032,A,1348.45,1349.35,1314.70,1338.20,1355.00,18822,25104821.00,1328
BSE,NAVA,INE725A01030,A,560.00,562.20,556.85,560.65,562.40,4839,2710413.00,188
BSE,NAVINFLUOR,INE048G01026,A,8630.00,8632.15,8281.95,8538.25,8635.45,3999,33821689.00,883
BSE,NAVKARCORP,INE278M01019,B,96.00,96.55,94.96,95.85,95.73,11752,1124730.00,210
BSE,NAVKARURB,INE268H01044,T,0.92,0.94,0.89,0.91,0.93,226860,203340.00,59
BSE,NAVNETEDUL,INE060A01024,B,133.55,134.45,131.70,133.50,133.75,1917,255169.00,76
BSE,NAZARA,INE418L01047,A,362.00,367.20,360.25,364.95,367.75,28953,10516832.00,2208
BSE,NBCC,INE095N01031,A,84.94,85.20,83.81,85.05,85.15,276539,23381594.00,1625
BSE,NBFOOT,INE006F01018,P,3.12,3.12,3.12,3.12,3.28,12700,39624.00,11
BSE,NCC,INE868B01028,A,146.95,146.95,141.90,142.60,146.45,75539,10807150.00,1196
BSE,NCCBLUE,INE630N01019,P,21.95,21.95,21.50,21.50,21.52,800,17253.00,5
BSE,NCLIND,INE732C01016,B,175.50,176.65,173.15,174.15,175.05,2149,376858.00,140
BSE,NCLRESE,INE132F01038,XT,0.69,0.69,0.69,0.69,0.70,296942,204889.00,218
BSE,NCML,INE346R01013,M,96.00,96.00,94.30,95.98,96.35,24000,2286784.00,13
BSE,NDASEC,INE026C01013,X,29.90,29.90,26.00,26.00,26.30,272,7126.00,8
BSE,NDL,INE875G01048,B,2.81,2.88,2.81,2.85,2.86,160154,454693.00,190
BSE,NDLVENTURE,INE353A01023,B,124.25,124.25,120.00,122.65,125.65,406,49193.00,9
BSE,NDRAUTO,INE07OG01012,B,718.80,727.35,713.55,717.25,720.45,602,432000.00,60
BSE,NDTV,INE155G01029,B,71.50,71.50,70.05,71.10,71.56,25696,1816525.00,284
BSE,NEAGI,INE605D01012,B,3272.00,3272.00,3272.00,3272.00,3351.00,1,3272.00,1
BSE,NECCLTD,INE553C01016,T,16.04,16.84,16.04,16.84,16.04,13143,218929.00,26
BSE,NECLIFE,INE023H01027,B,12.38,12.38,11.71,12.27,12.10,25472,307963.00,76
BSE,NEELKAN,INE741D01015,Z,59.60,60.88,58.50,58.50,59.69,2324,137775.00,14
BSE,NEELKANTH,INE581D01015,X,37.73,39.61,35.85,35.85,37.73,174,6266.00,8
BSE,NEETUYOSHI,INE0UZO01024,MT,165.60,171.90,165.30,169.05,165.30,94400,16010560.00,109
BSE,NEIL,INE396C01010,X,7.31,7.31,6.80,6.80,6.88,1418,9796.00,23
BSE,NELCAST,INE189I01024,B,116.25,118.20,114.90,117.25,116.25,3803,442635.00,66
BSE,NELCO,INE045B01015,B,925.20,953.35,919.75,930.50,924.55,11391,10699851.00,664
BSE,NEOGEN,INE136S01016,B,2115.00,2165.70,2115.00,2136.45,2155.60,4421,9467987.00,437
BSE,NEOINFRA,INE216I01017,X,41.90,42.00,41.70,42.00,41.90,10413,437339.00,11
BSE,NEPHROPLUS,INE428V01029,B,694.85,699.65,677.40,690.85,689.40,7384,5079760.00,462
BSE,NEPLOG,INE1NQ501012,MT,36.60,36.60,34.50,34.50,34.86,7000,254040.00,7
BSE,NESCO,INE317F01035,A,1048.20,1048.20,1031.50,1036.80,1044.40,2025,2102744.00,127
BSE,NESTLEIND,INE239A01024,A,1430.00,1430.05,1412.35,1423.00,1443.35,26176,37167787.00,2644
BSE,NETLINK,INE040F01033,X,153.85,174.00,146.00,167.95,153.85,4145,671357.00,90
BSE,NETTLINX,INE027D01019,X,12.42,12.42,10.35,11.28,11.68,99226,1126341.00,280
BSE,NETWEB,INE0NT901020,A,5201.00,5216.60,5063.00,5111.75,5131.10,120626,618629836.00,9884
BSE,NETWORK18,INE870H01013,A,27.69,27.99,27.19,27.26,28.09,388929,10654675.00,962
BSE,NEUEON,INE333I01044,T,11.46,12.34,11.46,11.60,12.06,7499,90560.00,37
BSE,NEULANDLAB,INE794A01010,A,23000.05,23300.00,22903.95,22955.85,23036.00,2101,48502050.00,639
BSE,NEWGEN,INE619B01017,A,526.00,529.20,517.55,519.55,532.15,88875,46340171.00,2344
BSE,NEWINFRA,INE997D01021,X,1.98,1.98,1.92,1.95,1.96,61529,119528.00,186
BSE,NEWLIGHT,INE835U01027,XT,1.40,1.44,1.39,1.40,1.45,543455,772977.00,89
BSE,NEWTRAC,INE229N01010,XT,3.95,4.15,3.95,4.13,4.15,45854,183275.00,115
BSE,NEXOME,INE641A01013,XT,105.00,111.90,104.50,105.95,109.95,2150,224747.00,30
BSE,NEXTMEDIA,INE747B01016,B,4.26,4.40,4.08,4.23,4.27,5366,22159.00,42
BSE,NEXUSSURGL,INE370Q01015,X,23.40,24.10,23.09,24.09,22.77,8704,207847.00,115
BSE,NEXXUS,INE0QUL01011,M,77.90,77.90,77.90,77.90,77.90,1200,93480.00,1
BSE,NFL,INE870D01012,B,70.51,70.51,69.51,70.03,70.51,31158,2175715.00,303
BSE,NGIL,INE236Y01012,B,40.98,40.98,40.97,40.97,40.98,16,655.00,2
BSE,NGIND,INE825C01018,X,113.50,115.90,113.00,113.65,113.95,569,64889.00,33
BSE,NGLFINE,INE887E01022,B,2691.25,2735.20,2580.15,2688.95,2677.30,597,1582928.00,144
BSE,NH,INE410P01011,A,1921.80,1941.35,1910.75,1922.95,1938.00,14827,28540363.00,932
BSE,NHCFOODS,INE141C01036,XT,2.59,2.59,2.59,2.59,2.47,6765646,17523023.00,670
BSE,NHPC,INE848E01016,A,75.60,76.61,75.18,75.70,75.91,201232,15269063.00,1664
BSE,NIACL,INE470Y01017,A,184.50,201.25,182.60,199.15,185.85,1214559,238599031.00,12685
BSE,NIBE,INE149O01018,B,1357.25,1357.25,1335.00,1341.70,1357.25,3981,5344656.00,324
BSE,NIBL,INE047O01014,B,30.35,31.98,30.35,31.51,31.13,315,9910.00,52
BSE,NICCOPAR,INE653C01022,B,81.15,81.58,77.30,79.47,82.19,1283,101028.00,57
BSE,NIDHGRN,INE276H01013,XT,297.50,297.50,271.70,292.20,286.00,476,138887.00,21
BSE,NIHARINF,INE876E01033,X,7.35,7.35,7.30,7.30,7.00,3736,27457.00,14
BSE,NIITLTD,INE161A01038,B,101.95,101.95,97.20,97.35,101.35,40957,4017199.00,462
BSE,NIITMTS,INE342G01023,B,227.55,230.05,222.05,223.50,230.35,4030,904530.00,259
BSE,NIKHILAD,INE926C01022,X,80.00,82.00,77.10,81.58,80.36,9819,783371.00,150
BSE,NIKKIGL,INE526C01012,X,20.43,21.45,20.40,21.44,20.43,335,7070.00,12
BSE,NILACHAL,INE416N01013,X,35.70,37.30,33.60,35.48,35.79,1759,62453.00,22
BSE,NILAINFRA,INE937C01029,B,6.62,6.98,6.62,6.70,6.70,5963,40047.00,35
BSE,NILASPACES,INE00S901012,B,12.73,12.97,12.26,12.52,12.76,149244,1890108.00,273
BSE,NILE,INE445D01013,B,1471.55,1490.95,1454.00,1458.30,1475.20,462,678123.00,115
BSE,NILKAMAL,INE310A01015,B,2027.20,2076.95,2022.15,2064.90,2036.75,1121,2306464.00,161
BSE,NIMBSPROJ,INE875B01015,B,168.50,168.50,161.50,161.50,170.00,10724,1783614.00,103
BSE,NINSYS,INE395U01014,B,714.40,747.50,709.00,709.85,712.30,1599,1154708.00,154
BSE,NIPPOBATRY,INE567A01028,B,335.00,335.00,321.00,321.80,329.00,75,24267.00,18
BSE,NIRAJ,INE368I01016,B,29.27,30.14,28.42,28.55,29.35,4690,135512.00,14
BSE,NIRAVCOM,INE242B01018,X,660.55,725.00,660.55,725.00,695.30,3,2046.00,3
BSE,NIRLON,INE910A01012,B,645.00,653.20,645.00,649.35,650.00,1483,963951.00,99
BSE,NIRMITEE,INE0CPQ01010,MS,108.70,108.70,108.70,108.70,92.50,900,97830.00,1
BSE,NISUS,INE0DQN01013,M,156.55,158.95,155.20,158.95,158.65,16800,2647560.00,32
BSE,NITCO,INE858F01012,B,92.25,94.80,91.62,94.10,92.96,13113,1223157.00,136
BSE,NITINCAST,INE861H01020,X,358.95,362.70,350.00,357.30,345.45,1285,460397.00,79
BSE,NITINSPIN,INE229H01012,B,630.00,638.25,617.95,624.55,630.20,5735,3599295.00,208
BSE,NITTAGELA,INE265B01019,B,1589.00,1628.95,1581.90,1612.00,1639.80,609,975910.00,95
BSE,NIVABUPA,INE995S01015,A,82.42,82.49,80.50,80.70,82.42,30633,2492079.00,649
BSE,NIVAKA,INE139E01028,XT,0.73,0.73,0.67,0.73,0.70,143163,99281.00,100
BSE,NIYOGIN,INE480D01010,X,53.10,54.88,50.00,50.47,55.09,132848,6778877.00,494
BSE,NKIND,INE542C01019,B,51.11,60.00,51.11,58.90,56.35,49,2793.00,10
BSE,NLCINDIA,INE589A01014,A,274.80,278.80,271.40,275.60,274.20,80108,22093121.00,1898
BSE,NLFL,INE606C01012,X,39.00,39.00,37.35,37.44,38.50,104,3895.00,5
BSE,NMDC,INE584A01023,A,85.69,85.69,84.25,85.51,85.56,2162562,184727833.00,9371
BSE,NMSGLOBAL,INE169F01014,X,41.35,41.35,38.00,38.85,39.40,2276,88749.00,110
BSE,NOBPOL,INE203Q01026,XT,11.48,11.94,11.48,11.94,11.71,328669,3811189.00,110
BSE,NOCIL,INE163A01018,B,170.60,171.30,167.05,169.65,169.95,42958,7262029.00,660
BSE,NOIDATOLL,INE781B01015,B,4.02,4.35,4.02,4.18,4.26,9701,41003.00,65
BSE,NOL,INE296D01010,X,57.56,59.00,57.54,57.69,57.54,1051,60779.00,30
BSE,NORBTEAEXP,INE369C01017,B,73.89,73.89,73.89,73.89,73.99,1,73.00,1
BSE,NORRIS,INE744C01029,X,14.56,14.75,13.61,14.50,14.27,444,6173.00,10
BSE,NORTHARC,INE850M01015,A,295.85,302.70,292.05,299.65,299.70,99281,29545690.00,1585
BSE,NORTHLINK,INE736P01019,Z,36.75,36.75,36.75,36.75,35.00,11,404.00,1
BSE,NOUVEAU,INE317B01042,X,0.34,0.35,0.34,0.35,0.34,47684,16253.00,36
BSE,NOVAAGRI,INE02H701025,T,23.99,24.00,23.05,23.99,23.84,2544,59635.00,32
BSE,NOVARTIND,INE234A01025,B,1599.90,1611.50,1558.70,1602.15,1584.60,1101,1743654.00,233
BSE,NOVELIX,INE314I01036,XT,81.69,81.69,78.60,79.50,79.76,1368,109975.00,22
BSE,NOVIS,INE608C01026,X,11.84,11.90,11.20,11.24,11.50,1214,14308.00,18
BSE,NOVUS,INE1TFS01019,M,199.90,205.00,194.20,195.40,199.45,127000,25367450.00,64
BSE,NPL,INE0PO601011,XT,627.00,630.00,610.10,615.10,625.00,349,217458.00,28
BSE,NPST,INE0FFK01017,B,1651.25,1750.00,1651.25,1688.70,1652.45,3792,6499832.00,326
BSE,NRAIL,INE740D01017,B,490.00,506.10,488.00,502.30,497.80,501,247511.00,49
BSE,NRBBEARING,INE349A01021,B,457.40,462.15,452.00,453.40,458.60,35886,16411981.00,750
BSE,NSDL,INE301O01023,A,807.00,820.50,803.00,811.90,807.65,599971,487410435.00,20779
BSE,NSIL,INE023A01030,B,5620.00,5715.00,5616.00,5616.00,5673.75,102,576752.00,27
BSE,NSL,INE01BL01012,B,135.50,139.00,133.15,136.60,134.80,28878,3957571.00,339
BSE,NSLNISP,INE0NNS01018,A,45.24,47.25,45.10,45.47,45.64,934587,43278570.00,3831
BSE,NTCIND,INE920C01017,B,133.45,135.00,131.05,134.20,132.90,6193,834983.00,55
BSE,NTPC,INE733E01010,A,324.00,330.75,321.05,330.15,327.00,657065,215059799.00,11570
BSE,NTPCGREEN,INE0ONG01011,A,89.20,89.20,88.00,88.14,89.16,97597,8619898.00,1747
BSE,NUCLEUS,INE096B01018,B,740.05,743.95,732.25,741.00,740.05,457,336569.00,31
BSE,NUKLEUS,INE0VYX01018,M,184.00,198.95,184.00,195.00,185.05,2400,465570.00,4
BSE,NURECA,INE0DSF01015,T,332.00,337.00,330.55,334.00,342.00,514,171093.00,34
BSE,NUTRICIRCLE,INE536C01029,X,260.10,260.10,260.10,260.10,255.00,16,4161.00,3
BSE,NUVAMA,INE531F01023,A,1785.00,1901.40,1751.45,1840.70,1783.35,46557,86326986.00,2665
BSE,NUVOCO,INE118D01016,A,322.05,331.50,317.60,328.15,322.60,23199,7516085.00,737
BSE,NVENTURES,INE0E5R01017,M,81.10,81.10,81.10,81.10,83.50,3000,243300.00,1
BSE,NWIL,INE882B01037,X,22.28,22.28,20.26,20.67,21.82,464646,9707486.00,1591
BSE,NXST,INE0NDH25011,IF,167.60,167.80,166.80,167.31,167.23,12289,2054588.00,468
BSE,NYKAA,INE388Y01029,A,325.30,336.95,325.30,336.25,339.75,230353,76715574.00,4366
BSE,NYSSACORP,INE812K01027,X,2.10,2.22,2.10,2.19,2.16,10834,23617.00,54
BSE,OAL,INE959C01023,B,447.25,464.00,431.90,457.15,447.25,4675,2073473.00,214
BSE,OASISEC,INE876A01023,X,15.35,16.65,15.35,15.51,15.63,3906,60979.00,43
BSE,OBEROIRLTY,INE093I01010,A,1889.65,1889.65,1828.90,1877.50,1880.00,6254,11544189.00,901
BSE,OCCLLTD,INE0PK601023,T,163.40,164.75,158.50,164.45,163.80,9841,1584854.00,45
BSE,OCEANIC,INE711V01010,X,54.00,56.00,54.00,54.00,52.26,1178,64905.00,23
BSE,OCTAVE,INE814L01013,X,3.50,3.77,3.38,3.76,3.57,4244,15711.00,17
BSE,OCTAWARE,INE208U01019,M,53.98,53.98,53.98,53.98,49.08,1600,86368.00,1
BSE,ODIGMA,INE054301028,B,22.70,23.69,22.40,22.63,22.75,1421,32528.00,44
BSE,ODYCORP,INE839E01023,B,7.40,7.50,7.06,7.38,6.89,6535,48462.00,47
BSE,ODYSSEY,INE213B01019,X,37.69,37.69,36.11,37.50,36.59,14342,535347.00,68
BSE,OFSS,INE881D01027,A,12200.35,12200.35,11960.45,12104.90,12133.00,4259,51495594.00,892
BSE,OIL,INE274J01014,A,495.00,499.40,484.25,487.00,490.95,216182,106296529.00,6825
BSE,OILCOUNTUB,INE591A01010,T,70.59,70.59,65.00,67.70,67.45,14803,1019430.00,80
BSE,OIVL,INE125F01032,X,5.19,5.35,5.10,5.33,5.14,82473,431777.00,147
BSE,OKPLA,INE870B01024,XT,3.22,3.22,3.08,3.13,3.19,208476,649684.00,290
BSE,OLAELEC,INE0LXG01040,A,40.30,40.30,38.82,38.98,40.51,3446093,135098344.00,10546
BSE,OLATECH,INE0M3901015,M,74.00,77.00,73.01,73.98,74.14,23125,1734560.00,19
BSE,OLECTRA,INE260D01016,A,1225.70,1265.00,1225.70,1240.50,1247.90,17609,21722884.00,1119
BSE,OLPCL,INE550L01013,X,2.96,2.96,2.96,2.96,2.96,402,1189.00,5
BSE,OLYMPTX,INE482O01021,X,26.00,26.00,24.50,25.39,26.00,892,22377.00,27
BSE,OLYOI,INE286E01019,X,24.29,24.29,24.29,24.29,25.55,1,24.00,1
BSE,OMAXAUTO,INE090B01011,B,183.25,188.90,183.05,186.45,185.00,3176,591726.00,148
BSE,OMAXE,INE800H01010,B,123.40,136.20,123.40,133.90,127.75,1179605,153649226.00,4332
BSE,OMEAG,INE112B01013,X,8.58,8.66,8.58,8.66,8.50,7,60.00,4
BSE,OMEGAIN,INE113B01037,X,29.97,29.98,29.97,29.98,28.56,1014564,30415683.00,3003
BSE,OMFREIGHT,INE1BZC01019,T,87.35,90.00,87.00,90.00,87.10,156,13662.00,10
BSE,OMINFRAL,INE239D01028,B,80.00,82.44,80.00,81.67,82.07,1595,129219.00,105
BSE,OMKARPH,INE501C01015,X,10.25,10.25,10.25,10.25,9.95,34,348.00,4
BSE,OMNI,INE0UH301010,B,541.10,549.05,527.30,543.40,535.20,32431,17489363.00,1017
BSE,OMNIAX,INE369B01019,X,3.65,3.65,3.49,3.49,3.10,1147,4038.00,11
BSE,OMNIPOTENT,INE0JFE01012,M,2.23,2.45,2.23,2.41,2.23,40000,95100.00,13
BSE,OMNITEX,INE814D01010,X,760.00,760.00,750.00,750.00,740.00,425,318760.00,2
BSE,OMPOWER,INE25E901019,B,166.80,175.00,166.60,169.95,168.55,8244,1393688.00,105
BSE,ONEGLOBAL,INE670O01013,B,515.00,515.55,500.05,501.85,514.55,11426,5772357.00,597
BSE,ONEINDIG,INE0UR501013,M,138.70,143.00,135.35,140.75,134.00,8400,1166760.00,7
BSE,ONELIFECAP,INE912L01015,T,31.25,33.00,31.25,33.00,32.50,81,2533.00,2
BSE,ONEPOINT,INE840Y01029,B,54.26,54.60,53.60,54.15,54.24,15410,830399.00,70
BSE,ONESOURCE,INE013P01021,A,1515.25,1559.00,1510.50,1544.85,1526.25,5371,8240802.00,430
BSE,ONGC,INE213A01029,A,238.10,239.20,235.65,237.00,236.90,737664,175109702.00,10122
BSE,ONIDA,INE831A01028,B,35.25,36.00,35.12,35.61,35.63,13080,465995.00,178
BSE,ONIXSOLAR,INE173M01012,B,360.00,365.20,359.20,365.20,347.85,173424,63136830.00,997
BSE,ONMOBILE,INE809I01019,T,48.59,48.59,48.59,48.59,49.58,1961,95284.00,20
BSE,ONTIC,INE989S01042,XT,1.64,1.65,1.64,1.65,1.58,667124,1099720.00,159
BSE,ONWARDTEC,INE229A01017,B,280.05,285.55,277.00,283.60,283.20,1607,450307.00,70
BSE,OONE,INE860E01011,X,6.79,8.14,6.79,7.78,6.79,3560,26075.00,14
BSE,OPTIEMUS,INE350C01017,B,580.25,584.20,569.00,570.25,583.35,5503,3171967.00,237
BSE,OPTIFIN,INE031G01022,B,13.20,13.45,11.65,12.89,13.12,32428,417839.00,83
BSE,ORBTEXP,INE231G01010,T,238.00,241.00,232.95,235.10,231.00,666,157873.00,12
BSE,ORCHASP,INE215B01022,B,1.39,1.44,1.39,1.40,1.44,17092,24276.00,39
BSE,ORCHPHARMA,INE191A01027,B,940.55,953.30,931.15,938.50,945.40,3220,3031745.00,208
BSE,ORGANICREC,INE0MIO01019,M,158.00,158.80,155.05,158.00,161.00,29700,4690215.00,31
BSE,ORGCOAT,INE412E01011,X,15.50,15.50,15.20,15.20,15.99,4908,74780.00,35
BSE,ORIBEVER,INE247F01018,X,175.70,177.80,173.00,176.75,173.85,649,113411.00,23
BSE,ORICONENT,INE730A01022,B,52.71,54.17,51.43,54.17,53.40,991,52642.00,17
BSE,ORIENTALTL,INE998H01012,B,5.03,5.03,4.89,5.00,4.96,17989,89329.00,42
BSE,ORIENTBELL,INE607D01018,B,390.00,404.00,390.00,403.85,389.10,2500,988114.00,159
BSE,ORIENTCEM,INE876N01018,B,127.00,128.75,126.15,127.95,128.20,7583,965036.00,156
BSE,ORIENTCER,INE569C01020,B,43.38,44.41,42.92,43.55,43.42,7894,343859.00,147
BSE,ORIENTELEC,INE142Z01019,B,179.35,180.00,173.50,179.15,177.75,30669,5419495.00,548
BSE,ORIENTHOT,INE750A01020,B,139.15,141.60,137.05,140.35,137.70,19065,2673326.00,177
BSE,ORIENTLTD,INE609C01024,T,82.75,86.39,82.75,86.38,86.90,27,2241.00,3
BSE,ORIENTPPR,INE592A01026,B,16.75,16.85,16.37,16.68,16.82,27564,457626.00,126
BSE,ORIENTTECH,INE0PPK01015,B,237.30,238.15,233.80,236.35,238.35,7927,1864999.00,320
BSE,ORIENTTR,INE681D01039,X,4.18,4.35,4.10,4.24,4.16,208998,881024.00,163
BSE,ORIRAIL,INE457G01029,B,121.60,127.50,121.60,125.50,125.35,25759,3238564.00,327
BSE,ORISSAMINE,INE725E01024,B,4300.65,4350.95,4279.00,4325.60,4329.15,238,1030498.00,56
BSE,ORKLAINDIA,INE16NZ01023,B,582.35,592.45,578.20,590.65,585.25,2142,1250830.00,218
BSE,OROSMITHS,INE628B01034,XT,6.60,6.60,6.33,6.50,6.59,15885,103074.00,105
BSE,OSIAJEE,INE186R01013,X,240.00,245.00,230.10,240.20,239.45,6181,1485355.00,80
BSE,OSWALAGRO,INE142A01012,B,36.34,37.55,36.34,37.11,37.28,272,10030.00,18
BSE,OSWALGREEN,INE143A01010,B,20.42,20.63,20.20,20.42,20.45,10198,207719.00,78
BSE,OSWALPUMPS,INE0BYP01024,B,291.95,291.95,275.50,278.25,291.35,75506,21180945.00,3348
BSE,OVAL,INE0RTI01017,M,54.10,54.10,54.10,54.10,55.10,8000,432800.00,1
BSE,OVOBELE,INE812S01012,XT,263.50,274.90,260.00,269.10,263.50,6716,1791959.00,153
BSE,OXFORDIN,INE114D01015,XT,17.29,17.29,16.47,17.29,16.47,42492,730196.00,125
BSE,OXYGENTAPH,INE102E01018,XT,55.70,56.00,53.70,55.00,55.99,6447,355034.00,45
BSE,PACE,INE0N1L01018,M,17.04,17.05,14.46,14.85,16.97,223200,3359604.00,82
BSE,PACEDIGITK,INE0S3G01027,B,166.50,166.95,163.75,164.80,166.30,23970,3957609.00,465
BSE,PADALPO,INE630U01014,X,16.99,17.83,16.99,17.79,16.99,5113,88502.00,18
BSE,PADAMCO,INE448D01025,XT,1.04,1.05,1.02,1.03,1.04,471382,487094.00,402
BSE,PADMAIND,INE743D01011,X,8.60,8.60,8.60,8.60,8.60,55,473.00,2
BSE,PADMALAYAT,INE243B01016,Z,3.94,4.13,3.81,4.03,3.94,10050,40434.00,19
BSE,PAGEIND,INE761H01022,A,35405.20,36308.00,35240.00,36184.20,35600.00,249,8949187.00,133
BSE,PAISALO,INE420C01059,A,66.86,68.09,65.66,66.79,67.49,803640,53886660.00,1878
BSE,PAJSON,INE14LM01012,M,213.40,214.00,210.00,214.00,220.80,10800,2296710.00,15
BSE,PAKKA,INE551D01018,B,76.49,77.04,75.00,75.70,76.55,3760,284198.00,469
BSE,PALASHSECU,INE471W01019,B,90.00,90.00,88.05,88.05,89.43,50,4451.00,3
BSE,PALCO,INE239L01013,X,153.50,155.00,148.65,150.55,152.00,4271,642134.00,39
BSE,PALMJEWELS,INE838Z01012,X,15.00,15.00,14.70,14.71,15.15,2690,39918.00,16
BSE,PALREDTEC,INE218G01033,T,51.50,51.50,50.90,51.40,51.57,236,12138.00,6
BSE,PANABYTE,INE516E01019,X,15.87,16.58,15.87,16.58,15.87,10366,168200.00,30
BSE,PANACEABIO,INE922B01023,B,392.00,392.00,370.00,382.00,391.85,25643,9724704.00,775
BSE,PANAENERG,INE795A01017,X,264.00,264.00,261.05,263.70,261.70,1223,320213.00,75
BSE,PANAFIC,INE655P01029,XT,2.33,2.33,2.33,2.33,2.22,347088,808715.00,137
BSE,PANAMAPET,INE305C01029,B,490.30,496.35,482.55,489.40,487.30,30974,15199180.00,753
BSE,PANCARBON,INE013E01017,X,434.95,434.95,425.00,425.30,429.20,1851,791908.00,57
BSE,PANCHMAHQ,INE798F01010,B,300.00,304.90,295.00,295.10,301.35,56,16667.00,12
BSE,PANCHSHEEL,INE316G01019,X,116.00,116.00,110.50,111.95,116.50,15187,1721899.00,193
BSE,PANCM,INE167E01037,XT,116.45,116.45,116.00,116.00,116.45,3,348.00,2
BSE,PANELEC,INE648E01010,X,25.28,29.75,25.02,28.64,25.03,733,19656.00,14
BSE,PANIDPR,INE181D01014,X,91.81,91.81,91.81,91.81,91.81,30,2754.00,1
BSE,PANINDIAC,INE376A01032,X,1.50,1.54,1.23,1.40,1.47,176022,249840.00,198
BSE,PANJON,INE744D01019,X,23.35,23.35,22.02,22.26,22.81,26864,613873.00,85
BSE,PANKAJPO,INE698B01011,XT,147.40,147.40,147.40,147.40,140.40,5207,767511.00,23
BSE,PANORAMA,INE258R01028,B,42.40,43.00,40.40,41.57,43.35,13693,571461.00,118
BSE,PANTH,INE945O01019,X,9.95,10.10,9.75,10.04,9.96,13800,138394.00,64
BSE,PAOS,INE791C01012,X,40.80,41.00,40.80,40.99,41.00,206,8444.00,5
BSE,PARACABLES,INE074B01023,B,63.29,65.11,62.64,64.15,63.29,80462,5148914.00,482
BSE,PARADEEP,INE088F01024,A,156.50,157.60,153.50,156.15,157.55,424001,65891514.00,3122
BSE,PARAGMILK,INE883N01014,A,259.70,263.80,248.25,253.55,259.05,113114,28964316.00,1404
BSE,PARAGONF,INE015E01012,X,56.43,56.43,55.30,55.65,56.43,93,5196.00,6
BSE,PARAS,INE045601023,A,1380.00,1419.00,1364.50,1414.15,1380.65,58447,81467316.00,2828
BSE,PARASPETRO,INE162C01024,B,2.10,2.15,2.06,2.11,2.14,115592,244496.00,191
BSE,PARKERAC,INE750B01010,X,20.45,20.50,20.43,20.43,21.50,4561,93181.00,18
BSE,PARKHOSPS,INE119201023,B,280.00,284.30,275.00,276.75,280.90,42147,11770028.00,874
BSE,PARKHOTELS,INE988S01028,B,111.55,115.30,110.85,114.90,111.65,4557,513367.00,129
BSE,PARLEIND,INE272G01014,XT,5.93,5.93,5.93,5.93,6.05,113250,671572.00,310
BSE,PARMCOS-B,INE143I01013,X,39.90,39.90,36.50,37.89,38.00,98,3655.00,9
BSE,PARMESHWAR,INE0QQJ01021,M,290.05,296.95,280.00,285.20,295.00,14000,4049250.00,14
BSE,PARMSILK,INE808R01012,XT,290.00,305.00,289.80,305.00,305.05,432,125504.00,18
BSE,PARNAXLAB,INE383L01019,B,151.90,151.90,134.00,136.00,139.45,4145,579704.00,88
BSE,PARSHVA,INE05MV01019,B,188.00,188.00,185.15,185.15,186.00,11,2048.00,3
BSE,PARSHWANA,INE635I01018,X,101.85,101.85,92.15,93.53,97.00,1070,107689.00,11
BSE,PARSVNATH,INE561H01026,T,1.51,1.51,1.51,1.51,1.49,9528,14387.00,8
BSE,PARVATI,INE295Z01015,X,7.40,7.57,7.07,7.39,7.47,16013,118085.00,78
BSE,PASARI,INE604F01010,X,6.44,6.44,5.79,5.79,5.79,2573,14965.00,8
BSE,PASHUPATI,INE124Y01028,B,84.15,84.15,82.50,82.99,82.89,2242,187259.00,213
BSE,PASUPTAC,INE818B01023,T,62.00,65.75,61.05,64.82,62.79,20300,1281754.00,129
BSE,PASUSPG,INE909B01020,X,33.25,35.90,33.25,33.25,34.90,956,31941.00,14
BSE,PATANJALI,INE619A01035,A,345.00,345.65,339.10,345.65,347.00,88159,30196557.00,1800
BSE,PATELCHEM,INE161701011,MT,106.10,108.00,105.00,106.05,106.50,32000,3407120.00,20
BSE,PATELENG,INE244B01030,A,27.51,27.70,26.00,27.08,27.79,271817,7409412.00,1265
BSE,PATELRMART,INE0R8B01010,B,222.20,222.40,215.20,216.00,223.70,4233,927757.00,178
BSE,PATELSAI,INE082C01024,X,288.80,288.80,275.50,278.85,288.30,8922,2516177.00,188
BSE,PATIDAR,INE637N01014,X,4.98,4.98,4.98,4.98,4.75,54,268.00,3
BSE,PATINTLOG,INE529D01014,T,12.99,13.24,12.81,13.10,12.68,5934,77456.00,37
BSE,PATRON,INE0NPA01011,M,1.99,1.99,1.98,1.98,1.95,20000,39760.00,3
BSE,PATSPINLTD,INE790C01014,X,6.29,6.31,6.05,6.28,6.35,2660,16704.00,17
BSE,PAUSHAKLTD,INE111F01024,B,770.50,819.00,770.50,786.25,801.50,6263,4972721.00,308
BSE,PAVNAIND,INE07S101038,B,17.49,17.50,16.63,17.25,17.06,5500,93788.00,61
BSE,PAYTM,INE982J01020,A,1633.75,1633.75,1594.80,1617.80,1632.00,155946,250293503.00,4867
BSE,PBAINFRA,INE160H01019,XT,11.04,11.04,10.00,10.00,10.52,1292,13452.00,12
BSE,PBMPOLY,INE501F01018,B,62.78,62.78,58.14,59.00,61.55,1545,92471.00,27
BSE,PCBL,INE602A01031,A,317.00,317.00,310.80,315.40,317.35,61585,19378263.00,899
BSE,PCCOSMA,INE417E01010,X,425.95,425.95,412.00,424.05,422.30,1412,590961.00,84
BSE,PCJEWELLER,INE785M01021,A,10.32,10.37,9.99,10.18,10.31,14241459,144873694.00,6576
BSE,PCL,INE0OKG01017,M,31.17,36.94,31.17,36.94,38.00,2000,68110.00,2
BSE,PCS,INE834B01012,X,19.51,19.51,18.81,19.38,19.51,3162,60072.00,36
BSE,PDMJEPAPER,INE865T01018,B,92.85,92.85,89.87,91.06,92.36,7003,636902.00,111
BSE,PDSL,INE111Q01021,B,360.50,360.50,351.50,353.70,360.95,2201,784650.00,126
BSE,PEARLPOLY,INE844A01013,B,15.50,15.50,15.00,15.00,15.67,610,9355.00,11
BSE,PEETISEC,INE328D01011,X,21.00,21.00,20.00,20.00,20.00,53,1110.00,4
BSE,PEIL,INE429K01012,X,7.98,7.98,7.02,7.67,7.49,4378,33217.00,39
BSE,PENIND,INE932A01024,A,167.05,168.80,163.10,166.90,165.70,40784,6795711.00,590
BSE,PENINLAND,INE138A01028,T,15.61,15.61,15.00,15.44,15.36,6767,104452.00,30
BSE,PERFEPA,INE759I01024,X,78.00,78.00,73.00,73.00,74.17,482,36245.00,11
BSE,PERMAGN,INE418E01018,B,889.10,895.00,870.25,873.35,893.55,1019,897932.00,73
BSE,PERSISTENT,INE262H01021,A,5769.25,5769.25,5642.00,5695.00,5795.00,22384,127353799.00,3624
BSE,PERVASIVE,INE443P01038,XT,8.39,8.39,8.39,8.39,8.23,1000,8390.00,1
BSE,PESB,INE510U01018,M,250.00,251.00,249.00,249.40,250.05,10400,2596640.00,11
BSE,PETRONET,INE347G01014,A,289.05,293.45,288.05,288.60,292.35,1087524,315374160.00,1491
BSE,PFC,INE134E01011,A,344.40,347.20,340.50,346.95,345.75,3302393,1142364515.00,3196
BSE,PFIZER,INE182A01018,A,4631.20,4652.75,4603.80,4627.15,4662.50,842,3888514.00,193
BSE,PFL,INE0PZB01013,M,29.90,29.90,29.90,29.90,29.00,3000,89700.00,1
BSE,PFLINFOTC,INE600F01018,X,4.30,4.30,4.30,4.30,4.40,1015,4364.00,1
BSE,PFOCUS,INE367G01038,B,288.00,288.05,277.50,280.40,286.65,52579,14754601.00,990
BSE,PFS,INE560K01014,B,27.17,27.28,26.48,27.17,26.92,21690,581787.00,138
BSE,PGCRL,INE0GTX01019,M,114.85,114.85,111.00,114.50,114.95,7200,803610.00,4
BSE,PGEL,INE457L01029,A,568.70,568.70,556.85,566.50,569.00,40314,22662271.00,1262
BSE,PGFOILQ,INE078D01012,X,216.00,221.00,215.05,219.20,214.60,6768,1482561.00,50
BSE,PGHH,INE179A01014,A,7886.00,7886.05,7740.90,7770.40,7880.65,1086,8458159.00,383
BSE,PGHL,INE199A01012,A,5740.05,5744.10,5658.65,5679.10,5782.60,189,1076493.00,82
BSE,PGIL,INE940H01022,A,2326.15,2392.50,2326.15,2358.75,2349.25,3086,7297545.00,453
BSE,PGINVIT,INE0GGX23010,IF,100.00,100.37,99.86,100.14,100.30,73626,7368510.00,820
BSE,PHARMAID,INE117D01018,X,33.04,33.04,30.51,31.06,32.39,1814,56787.00,44
BSE,PHCAP,INE160F01013,XT,1110.00,1125.00,1056.00,1099.15,1109.50,8591,9236022.00,507
BSE,PHOENIXLTD,INE211B01039,A,1895.65,1930.00,1872.50,1930.00,1887.00,29116,55111881.00,787
BSE,PHOENXINTL,INE245B01011,B,30.50,31.00,29.36,31.00,31.00,360,10720.00,16
BSE,PHOSPHATE,INE398C01016,X,141.50,141.50,135.00,135.00,137.00,29,3941.00,6
BSE,PHOTOQUP,INE813B01016,X,12.70,12.70,12.70,12.70,12.18,52,660.00,2
BSE,PHRMASI,INE486I01016,X,95.05,95.05,90.30,90.30,95.05,131,11838.00,12
BSE,PHYTO,INE037C01010,X,18.50,21.99,18.50,20.00,19.80,1316,26079.00,18
BSE,PICCADIL,INE546C01010,B,631.95,635.80,620.65,622.85,635.15,19255,12058665.00,911
BSE,PICCASUG,INE544C01023,X,39.10,39.15,37.30,38.35,38.99,5165,196067.00,49
BSE,PICTUREHS,INE448B01029,X,8.62,8.80,8.11,8.22,8.45,10160,85611.00,69
BSE,PIDILITIND,INE318A01026,A,1634.55,1639.00,1625.00,1636.40,1644.00,64293,104891629.00,1983
BSE,PIGL,INE557Z01018,B,99.50,102.50,98.35,99.05,99.70,3267,324949.00,40
BSE,PIIND,INE603J01030,A,2378.25,2393.60,2355.00,2390.55,2388.00,3831,9100486.00,633
BSE,PILANIINVS,INE417C01014,B,4279.65,4310.55,4279.65,4290.00,4309.15,15,64471.00,4
BSE,PILITA,INE600A01035,B,7.92,8.48,7.91,7.99,8.32,11115,88250.00,111
BSE,PINELABS,INE15B701018,B,162.90,164.30,157.05,162.25,159.85,2357472,375743115.00,104955
BSE,PIONEEREMB,INE156C01018,B,21.87,21.87,21.50,21.50,22.24,121,2638.00,10
BSE,PIONRINV,INE746D01014,T,80.50,80.50,80.50,80.50,84.35,10,805.00,1
BSE,PIOTEX,INE0R4W01015,M,31.00,31.00,31.00,31.00,26.45,1200,37200.00,1
BSE,PIRAMALFIN,INE202B01038,B,2203.95,2217.80,2160.00,2175.70,2228.80,9857,21562179.00,1027
BSE,PITTIENG,INE450D01021,B,1073.60,1104.85,1061.45,1094.40,1073.60,6181,6709251.00,411
BSE,PIXTRANS,INE751B01018,B,1784.45,1784.45,1759.00,1773.55,1782.90,539,956927.00,79
BSE,PLASTIBLEN,INE083C01022,B,185.00,186.55,182.15,183.95,186.00,1146,210802.00,81
BSE,PLATIND,INE0PT501018,B,224.30,230.00,223.00,230.00,229.50,3046,684699.00,93
BSE,PLAZACABLE,INE0INJ01017,B,58.90,62.09,56.24,61.80,59.19,49112,2899901.00,504
BSE,PMCFIN,INE793G01035,X,1.70,1.74,1.66,1.70,1.70,273194,460277.00,406
BSE,PML,INE291E01019,B,478.00,478.00,478.00,478.00,471.40,4,1912.00,2
BSE,PNB,INE160A01022,A,115.00,117.25,113.85,116.95,115.00,1391132,162261280.00,5263
BSE,PNBGILTS,INE859A01011,B,77.04,80.21,75.73,78.20,76.32,27990,2197805.00,404
BSE,PNBHOUSING,INE572E01012,A,1132.30,1144.35,1125.60,1137.00,1150.25,17064,19376106.00,1102
BSE,PNC,INE392B01011,B,16.89,17.27,16.00,16.15,17.27,6958,114783.00,71
BSE,PNCINFRA,INE195J01029,A,190.30,190.30,179.65,181.10,188.75,98371,17967065.00,1274
BSE,PNGJL,INE953R01016,B,589.05,594.00,563.15,592.15,586.55,25238,14641427.00,1433
BSE,PNGSREVA,INE1RDG01013,B,506.85,527.40,488.35,521.75,511.90,17978,9095840.00,1189
BSE,PNTKYOR,INE702E01015,X,32.12,36.39,31.00,32.32,32.28,2714,89207.00,42
BSE,POCL,INE063E01061,A,481.70,494.00,474.25,479.50,485.50,36748,17738013.00,1536
BSE,PODDARMENT,INE371C01013,B,253.70,253.70,252.90,253.70,253.70,376,95385.00,21
BSE,POEL,INE035S01028,B,151.90,152.20,144.50,145.70,148.90,7234,1063545.00,241
BSE,POKARNA,INE637C01025,B,835.00,845.25,825.10,838.45,842.40,963,801581.00,142
BSE,POLICYBZR,INE417T01026,A,1832.70,1858.00,1808.90,1840.10,1833.45,195869,359761528.00,2828
BSE,POLSON,INE339F01021,X,11250.00,11428.00,10922.15,11428.00,11497.00,54,597321.00,44
BSE,POLYCAB,INE455K01017,A,8870.05,8935.75,8732.00,8800.15,8913.95,26351,232341956.00,6489
BSE,POLYCHEM,INE752B01024,X,1825.00,1915.00,1825.00,1913.10,1875.30,105,196272.00,28
BSE,POLYCHMP,INE809B01014,X,47.41,47.41,46.10,47.29,46.20,180,8405.00,15
BSE,POLYCON,INE262C01014,X,25.10,26.00,23.85,24.05,25.10,1538,39433.00,6
BSE,POLYLINK,INE323D01020,X,22.44,22.44,21.50,22.08,22.44,618,13546.00,23
BSE,POLYMED,INE205C01021,A,1755.00,1858.00,1740.60,1784.35,1755.10,30115,54437626.00,1944
BSE,POLYPLEX,INE633B01018,B,1188.85,1194.10,1173.90,1190.10,1188.80,4482,5303125.00,324
BSE,POLYSPIN,INE914G01029,B,29.60,30.06,29.60,30.06,29.90,51,1532.00,2
BSE,PONNIERODE,INE838E01017,B,375.30,402.00,375.30,399.30,379.90,3924,1539184.00,162
BSE,POOJA,INE973X01012,B,17.00,17.45,16.91,16.95,17.00,8054,137079.00,66
BSE,POOJAENT,INE147C01017,X,66.73,66.73,63.00,66.40,66.40,16397,1041650.00,55
BSE,POONAWALLA,INE511C01022,A,456.90,461.40,450.40,459.60,460.50,425921,195413134.00,738
BSE,PORWAL,INE386I01018,X,52.01,52.02,50.02,50.35,52.01,6967,355437.00,74
BSE,POWERGRID,INE752E01010,A,264.00,268.35,262.30,267.50,264.85,330808,88198408.00,4536
BSE,POWERICA,INE921L01032,B,549.00,549.00,491.75,496.10,511.30,9032,4535352.00,454
BSE,POWERINDIA,INE07Y701011,A,32396.35,32500.00,31800.00,32200.00,32769.85,5453,174525406.00,1835
BSE,POWERMECH,INE211R01019,A,2450.05,2473.55,2435.70,2440.50,2484.20,1681,4121654.00,258
BSE,PPAP,INE095I01015,T,266.10,266.10,256.35,257.55,268.70,1340,348197.00,40
BSE,PPARIVAH,INE0SMW01011,MT,280.00,285.00,280.00,285.00,282.00,4800,1353120.00,4
BSE,PPEL,INE288301026,M,613.00,629.00,575.00,623.05,612.85,243600,146166040.00,500
BSE,PPL,INE050001010,T,263.10,263.10,255.30,259.55,263.10,2463,634269.00,66
BSE,PPLPHARMA,INE0DK501011,A,211.05,217.70,211.05,213.65,213.20,256173,54893777.00,3121
BSE,PQIF,INE689M01025,X,9.35,9.35,8.61,8.79,8.99,42396,379538.00,217
BSE,PRABHA,INE0I0M01023,B,212.80,218.15,210.00,216.55,212.65,8643,1858083.00,235
BSE,PRABHHANS,INE428P01013,XT,37.89,37.90,34.30,36.09,36.10,3004,112449.00,21
BSE,PRADPME,INE770A01010,T,507.90,507.90,485.05,495.00,484.00,321,157037.00,8
BSE,PRAENG,INE505C01016,B,24.74,26.05,24.18,24.66,24.50,33727,848152.00,288
BSE,PRAGBOS,INE962B01011,X,1.97,2.04,1.92,1.93,2.01,3034,5937.00,18
BSE,PRAJIND,INE074A01025,A,340.00,340.85,328.65,334.15,339.35,40589,13584070.00,976
BSE,PRAKASH,INE603A01013,B,127.00,127.00,123.95,124.50,126.35,14553,1815664.00,224
BSE,PRAKASHSTL,INE696K01024,B,3.93,3.93,3.60,3.74,3.85,26286,99611.00,72
BSE,PRARUH,INE0TI501017,MT,115.30,115.30,115.30,115.30,109.85,14000,1614200.00,4
BSE,PRATIK,INE206C01029,X,4.70,4.70,4.27,4.57,4.48,49391,221629.00,63
BSE,PRAVEG,INE722B01019,B,263.00,266.00,260.10,263.30,264.50,2448,644487.00,86
BSE,PRAXIS,INE546Y01022,B,4.69,4.70,4.47,4.49,4.70,20041,89917.00,87
BSE,PRECAM,INE484I01029,B,123.90,123.95,120.00,123.00,122.60,6002,731896.00,192
BSE,PRECISIO,INE143C01024,XT,174.00,180.00,167.00,175.00,175.35,1160,198703.00,22
BSE,PRECWIRE,INE372C01037,B,488.45,502.00,479.00,481.90,497.30,30096,14661429.00,1552
BSE,PREMCO,INE001E01012,B,385.20,385.20,375.00,384.00,389.00,134,51401.00,14
BSE,PREMEXPLN,INE863B01029,A,663.45,699.00,663.45,668.90,663.45,29783,20206018.00,850
BSE,PREMIER,INE342A01018,T,2.89,2.89,2.76,2.76,2.90,1458,4038.00,7
BSE,PREMIERENE,INE0BS701011,A,1013.95,1013.95,998.05,999.50,1013.95,43486,43602726.00,2518
BSE,PREMIERPOL,INE309M01020,B,90.00,91.92,88.31,89.90,90.71,23069,2074490.00,275
BSE,PREMSYN,INE940N01012,X,15.50,15.72,15.46,15.69,14.94,656,10168.00,8
BSE,PRERINFRA,INE426H01014,X,24.26,24.95,24.26,24.87,24.87,1490,36506.00,19
BSE,PRESTIGE,INE811K01011,A,1566.10,1579.00,1523.00,1579.00,1566.50,121365,186519053.00,1502
BSE,PREVEST,INE0GAO01018,M,384.00,389.95,384.00,389.50,383.55,1400,541590.00,6
BSE,PRICOLLTD,INE726V01018,A,802.70,802.70,761.80,766.35,797.35,304332,235474397.00,2549
BSE,PRIMAGR,INE297D01018,X,15.89,15.89,15.75,15.75,15.14,2,31.00,2
BSE,PRIMAIN,INE723N01012,X,16.55,17.68,15.85,17.61,16.09,2595,42555.00,8
BSE,PRIMAINNO,INE13LA01027,X,27.50,30.99,27.50,28.60,29.90,2815,83406.00,40
BSE,PRIMAPLA,INE573B01016,XT,152.00,152.00,140.60,141.10,145.10,5932,857949.00,61
BSE,PRIMECAPM,INE748D01010,XT,5.77,5.77,5.77,5.77,5.77,12,69.00,2
BSE,PRIMEFRESH,INE442V01012,B,173.30,180.00,170.00,176.65,170.55,11947,2092378.00,75
BSE,PRIMEPRO,INE233C01023,XT,23.98,24.25,23.30,24.00,23.10,9962,236676.00,31
BSE,PRIMESECU,INE032B01021,B,282.70,290.00,282.00,287.45,284.00,486,139256.00,15
BSE,PRIMEURB,INE419E01024,X,8.94,8.94,8.28,8.61,8.94,366,3093.00,18
BSE,PRIMIND,INE543F01028,X,40.00,41.90,40.00,41.25,40.99,785,32386.00,17
BSE,PRIMO,INE607A01022,B,21.04,21.30,20.50,20.99,21.31,20613,432105.00,427
BSE,PRINCEPIPE,INE689W01016,B,290.50,290.50,284.45,284.60,291.55,6356,1822373.00,199
BSE,PRISMMEDI,INE730E01016,X,29.24,29.65,28.65,28.79,29.12,5176,151708.00,46
BSE,PRISMX,INE286N01028,B,0.53,0.55,0.51,0.53,0.54,113252,60019.00,69
BSE,PRITHVIEXCH,INE621B01021,X,109.00,109.00,96.00,97.50,98.95,1272,127487.00,49
BSE,PRITIKAUTO,INE583R01029,T,16.36,16.69,16.22,16.29,16.90,23796,390130.00,121
BSE,PRIVISCL,INE959A01019,A,3222.05,3392.00,3222.05,3332.95,3346.95,6554,21842326.00,829
BSE,PRIYALT,INE686C01014,X,22.22,22.44,22.22,22.44,22.00,4,89.00,2
BSE,PROCLB,INE438C01010,X,27.27,27.28,27.27,27.28,25.99,20704,564804.00,13
BSE,PRODOCS,INE10XK01019,M,145.60,147.60,145.60,147.60,151.65,2000,293200.00,2
BSE,PROFINC,INE732K01027,Z,2.54,2.54,2.43,2.46,2.53,193919,475441.00,149
BSE,PROMACT,INE818D01011,X,9.30,9.81,9.00,9.81,9.35,1266,12275.00,7
BSE,PROMAX,INE0I2F01015,M,11.15,12.48,11.15,12.48,11.10,7500,90075.00,3
BSE,PROSTARM,INE0BX301013,B,131.75,132.25,130.45,131.55,131.80,3609,473868.00,108
BSE,PROTEAN,INE004A01022,A,506.25,510.00,496.55,497.85,510.00,23329,11683525.00,1420
BSE,PROZONER,INE195N01013,B,44.04,47.38,44.04,46.47,44.94,35898,1650513.00,435
BSE,PRSMJOHNSN,INE010A01011,B,111.00,112.30,110.75,111.65,111.30,25244,2810944.00,305
BSE,PRUDENT,INE00F201020,A,3345.00,3345.00,3219.00,3224.80,3345.30,1509,4908389.00,401
BSE,PRUDMOULI,INE024D01016,T,16.60,16.60,15.75,16.48,16.22,934,15384.00,9
BSE,PSB,INE608A01012,B,22.50,22.70,22.15,22.63,22.60,83978,1882920.00,544
BSE,PSCELESTIA,INE19RO25039,IF,1020000.00,1020000.00,1020000.00,1020000.00,1005000.00,1,1020000.00,1
BSE,PSITINFRA,INE953M01033,XT,1.83,1.83,1.77,1.83,1.80,56634,102751.00,75
BSE,PSPLATINA,INE19RO25013,IF,1090000.00,1090000.00,1090000.00,1090000.00,1100000.00,1,1090000.00,1
BSE,PSPPROJECT,INE488V01015,B,870.00,889.55,854.50,859.70,873.00,2747,2378905.00,135
BSE,PSTITANIA,INE19RO25021,IF,1100000.00,1100000.00,1100000.00,1100000.00,1100000.00,4,4400000.00,4
BSE,PTC,INE877F01012,A,155.95,155.95,153.40,155.35,155.20,51485,7964987.00,905
BSE,PTCIL,INE596F01018,A,22719.95,22953.40,22327.60,22689.20,22725.75,3143,71357639.00,854
BSE,PTL,INE034D01049,B,38.25,38.70,37.90,38.29,38.41,3983,152891.00,97
BSE,PULSRIN,INE183U01022,X,0.46,0.46,0.44,0.45,0.46,938406,419273.00,322
BSE,PUNJCOMMU,INE609A01010,B,63.99,64.79,61.00,63.68,62.37,7060,446225.00,141
BSE,PURETROP,INE795D01011,X,164.70,167.10,162.40,165.95,162.40,4447,735300.00,44
BSE,PURPLE,INE905R01016,X,4.75,4.75,4.75,4.75,4.75,235,1116.00,4
BSE,PURPLEFIN,INE0CYK01015,X,72.57,72.90,70.00,70.62,71.86,30750,2190543.00,125
BSE,PURPLEWAVE,INE0VDK01019,MT,429.00,431.00,429.00,430.35,410.50,3000,1291000.00,3
BSE,PURSHOTTAM,INE729C01020,X,33.61,33.61,33.60,33.61,35.00,530,17811.00,3
BSE,PURVA,INE323I01011,B,210.20,210.40,208.35,209.45,212.40,4918,1030537.00,157
BSE,PVP,INE362A01016,B,61.72,61.81,61.72,61.72,64.96,141465,8731319.00,361
BSE,PVRINOX,INE191H01014,A,1233.85,1233.90,1206.20,1209.55,1229.10,65042,79306824.00,2050
BSE,PVSL,INE772T01024,B,104.00,104.85,98.65,102.05,104.75,1955,200480.00,187
BSE,PVVINFRA,INE428B01021,X,2.97,2.99,2.70,2.87,2.93,1900466,5374928.00,988
BSE,PWASML,INE523I01016,X,22.44,22.90,21.00,22.80,22.65,14111,307039.00,84
BSE,PWL,INE0LP301011,B,114.40,116.25,112.50,115.75,115.05,461581,52629271.00,2221
BSE,PYRAMID,INE0MIS01010,B,157.20,157.50,155.00,156.65,158.45,1814,283700.00,100
BSE,QGO,INE837C01013,X,40.50,41.38,39.31,39.98,40.93,3783,150726.00,62
BSE,QLL,INE0Q1R01012,M,440.00,444.95,436.10,444.95,440.00,2000,880420.00,4
BSE,QPOWER,INE0SII01026,B,1504.55,1504.55,1452.00,1455.85,1490.75,17909,26327257.00,1282
BSE,QTFOODS,INE13G401012,M,62.12,62.12,62.12,62.12,69.02,87600,5441712.00,50
BSE,QUADFUTURE,INE0LRY01011,B,415.00,428.90,412.75,415.90,418.40,10497,4410174.00,368
BSE,QUANTDIA,INE373C01019,XT,40.50,40.50,39.00,39.00,39.75,4402,174845.00,19
BSE,QUESS,INE615P01015,B,383.50,383.50,363.65,380.10,378.40,22233,8259505.00,930
BSE,QUESTCAP,INE418C01012,X,250.05,254.00,250.00,250.50,255.00,424,106870.00,19
BSE,QUESTFLOW,INE0OYE01013,M,153.00,153.00,145.00,148.50,155.25,10400,1551010.00,44
BSE,QUICKHEAL,INE306L01010,T,137.45,139.40,136.85,137.85,137.45,7784,1070826.00,101
BSE,QUINT,INE641R01017,B,41.50,41.50,39.00,41.00,41.50,421,16926.00,11
BSE,QUINT-RE1,INE641R20025,R,1.40,1.40,0.61,0.90,0.00,18255,23736.00,104
BSE,RAAJMEDI,INE548H01015,X,104.00,104.45,100.00,102.52,99.50,2683,274579.00,30
BSE,RAAMA,INE516P01015,XT,15.41,16.70,15.41,15.56,16.07,89818,1412989.00,159
BSE,RACE,INE084Q01012,B,100.35,102.40,98.47,98.47,100.31,613,61437.00,11
BSE,RACLGEAR,INE704B01017,B,1520.10,1554.70,1481.95,1526.45,1536.95,1684,2549363.00,171
BSE,RADAAN,INE874F01027,B,3.02,3.02,2.79,2.81,3.00,3943,11304.00,13
BSE,RADHEDE,INE986B01044,X,1.39,1.44,1.33,1.39,1.42,191693,263097.00,225
BSE,RADHIKAJWE,INE583V01021,B,71.38,73.53,70.50,71.63,71.11,105142,7554968.00,864
BSE,RADIANTCMS,INE855R01021,B,39.85,39.89,39.00,39.34,39.25,12326,484295.00,201
BSE,RADICO,INE944F01028,A,4464.75,4475.00,4391.00,4475.00,4494.50,6617,29301717.00,1644
BSE,RADIOCITY,INE919I01024,B,6.45,6.49,6.21,6.23,6.50,1916,11933.00,18
BSE,RADIXIND,INE576N01014,X,154.95,154.95,154.95,154.95,151.35,74,11466.00,8
BSE,RAGHUNAT,INE753B01014,X,10.89,10.89,9.86,10.89,10.93,339,3547.00,10
BSE,RAGHUSYN,INE969C01022,X,94.80,94.80,91.00,93.10,91.74,1755,164149.00,13
BSE,RAGHUTOB,INE754B01012,X,13.50,13.75,13.01,13.01,13.12,643,8788.00,19
BSE,RAILTEL,INE0DD101019,A,273.00,274.60,270.40,271.45,278.45,49924,13581711.00,1849
BSE,RAIN,INE855B01025,A,205.80,208.50,202.55,205.95,206.50,118892,24351869.00,1149
BSE,RAINBOW,INE961O01016,A,1439.95,1439.95,1421.00,1430.80,1442.50,687,982633.00,111
BSE,RAINBOWF,INE230F01014,X,35.14,35.14,33.33,33.52,34.88,4332,146885.00,26
BSE,RAJABAH,INE491N01016,X,4925.00,4950.00,4925.00,4926.25,4950.00,50,246275.00,6
BSE,RAJESH,INE0VN801010,M,783.00,797.10,783.00,788.35,791.50,10800,8522905.00,93
BSE,RAJESHEXPO,INE343B01030,Z,79.42,79.42,78.02,79.42,75.64,32539,2573683.00,330
BSE,RAJINFRA,INE016C01014,Z,4.15,4.15,4.15,4.15,3.96,2657,11026.00,11
BSE,RAJKOTINV,INE176R01014,X,47.00,47.00,43.10,43.10,45.00,302,14186.00,7
BSE,RAJKSYN,INE376L01013,X,24.61,24.61,20.00,20.92,21.44,3332,71412.00,10
BSE,RAJNISH,INE685Z01033,B,0.40,0.40,0.39,0.39,0.40,2096059,824953.00,385
BSE,RAJOOENG,INE535F01024,T,49.44,49.44,47.50,48.91,49.64,15666,761191.00,173
BSE,RAJPACK,INE639C01013,X,29.90,29.90,28.50,29.00,29.10,1557,45131.00,10
BSE,RAJPALAYAM,INE296E01026,B,800.50,814.95,795.50,795.65,815.00,304,243051.00,30
BSE,RAJPUTANA,INE751R01014,X,30.00,30.00,30.00,30.00,29.50,6,180.00,1
BSE,RAJRATAN,INE451D01029,B,497.05,497.05,487.75,490.85,497.55,4332,2126918.00,222
BSE,RAJRILTD,INE533D01032,T,22.52,23.19,22.52,22.63,22.97,10665,241457.00,37
BSE,RAJSEC,INE184D01026,X,57.20,57.20,57.00,57.10,57.00,1063447,60706209.00,78
BSE,RAJSPTR,INE374C01017,P,11.47,11.47,11.47,11.47,12.07,200,2294.00,1
BSE,RAJSREESUG,INE562B01019,B,36.39,36.70,35.16,35.68,36.29,3398,123143.00,79
BSE,RAJTUBE,INE497E01020,XT,10.35,10.35,9.95,10.21,10.12,11733,117363.00,54
BSE,RAJTV,INE952H01027,B,9.16,9.16,8.98,8.98,9.45,2323,20878.00,17
BSE,RAJVI,INE381N01019,X,23.39,23.39,23.39,23.39,22.28,170,3976.00,1
BSE,RAL,INE0SK201011,M,41.00,41.00,41.00,41.00,39.57,4800,196800.00,4
BSE,RALEGRA,INE427E01027,XT,51.00,51.26,50.50,51.26,51.45,436,22024.00,4
BSE,RALLIS,INE613A01020,A,205.15,209.95,204.70,209.55,207.35,24038,4982468.00,1144
BSE,RAMANEWS,INE278B01020,B,32.13,32.13,30.72,31.16,31.50,625,19332.00,11
BSE,RAMAPHO,INE809A01032,B,122.25,123.00,121.55,122.90,122.25,382,46631.00,18
BSE,RAMAPPR-B,INE425E01013,Z,14.75,15.48,14.50,15.00,14.75,8321,127149.00,31
BSE,RAMASTEEL,INE230R01035,T,4.16,4.16,4.16,4.16,4.24,73175,304408.00,193
BSE,RAMAVISION,INE763B01013,X,169.10,169.10,158.00,161.60,167.00,2917,471198.00,98
BSE,RAMBHAJO,INE1SJO01012,B,230.25,258.95,230.25,246.10,238.05,86630,21221087.00,814
BSE,RAMCOCEM,INE331A01037,A,884.75,884.75,856.85,863.00,874.85,97256,83927787.00,516
BSE,RAMCOIND,INE614A01028,B,323.80,324.00,310.80,315.10,324.30,10200,3241879.00,194
BSE,RAMCOSYS,INE246B01019,B,590.00,590.00,575.00,579.80,590.60,6323,3679302.00,308
BSE,RAMGOPOLY,INE410D01017,XT,32.00,32.00,32.00,32.00,32.65,1027,32864.00,4
BSE,RAMINFO,INE357B01022,X,46.38,46.38,43.00,43.07,44.35,3580,154654.00,53
BSE,RAMKY,INE874I01013,B,344.80,344.80,339.00,340.55,343.20,4677,1596876.00,53
BSE,RAMRAT,INE207E01023,B,575.50,577.85,533.05,535.80,569.60,27764,15371727.00,990
BSE,RAMSONS,INE609D01014,X,78.00,90.00,78.00,86.90,84.25,352,30616.00,11
BSE,RANASUG,INE625B01014,B,14.58,15.24,14.58,14.91,14.98,24902,370591.00,162
BSE,RANEHOLDIN,INE384A01010,B,1539.30,1613.60,1539.30,1609.95,1562.75,242,382647.00,75
BSE,RANJEET,INE01A501027,M,5.67,6.75,5.67,6.75,6.30,24000,153280.00,3
BSE,RANJITSE,INE863D01017,XT,60.86,60.86,59.00,59.00,59.38,19,1124.00,3
BSE,RAP,INE483D01014,X,35.17,37.80,32.56,36.13,34.78,2971,106062.00,53
BSE,RAPICUT,INE350D01015,XT,354.65,354.65,354.65,354.65,361.85,25446,9024423.00,119
BSE,RAPID,INE0QA901010,M,137.80,137.80,132.00,133.60,145.00,7200,961480.00,5
BSE,RAPIDIN,INE154M01012,X,91.95,92.00,91.95,92.00,92.00,51,4689.00,4
BSE,RASANDIK,INE682D01011,X,57.99,57.99,56.00,56.86,56.40,1058,59739.00,21
BSE,RASIELEC,INE822D01021,X,12.25,12.37,12.00,12.03,12.20,14579,175973.00,106
BSE,RASRESOR,INE651D01016,X,58.99,58.99,54.00,54.79,56.94,439,23885.00,15
BSE,RATEGAIN,INE0CLI01024,A,901.05,913.25,873.50,875.55,912.45,13551,12024655.00,984
BSE,RATHIBAR,INE575I01016,X,16.37,16.38,15.55,15.65,16.38,2732,43080.00,38
BSE,RATHIST,INE336C01016,XT,23.22,23.22,22.25,22.93,23.40,190885,4357678.00,197
BSE,RATNA-RE,INE05CZ20011,R,24.90,24.90,16.62,16.62,0.00,23332,389696.00,407
BSE,RATNAMANI,INE703B01027,A,2600.05,2650.40,2555.10,2629.05,2608.25,2415,6291900.00,321
BSE,RATNAVEER,INE05CZ01011,B,291.35,293.20,281.95,286.55,291.70,83053,23875224.00,1649
BSE,RAVALSUGAR,INE615A01025,X,960.00,960.00,940.00,940.00,935.30,56,53070.00,7
BSE,RAVEL,INE0W4D01018,M,113.70,115.70,110.00,112.70,113.70,47000,5301600.00,8
BSE,RAWEDGE,INE960Z01014,B,16.00,16.25,15.50,15.90,15.96,3016,47061.00,22
BSE,RAYALEMA,INE008C01011,X,27.49,28.97,26.28,28.77,27.09,1156,33218.00,11
BSE,RAYMOND,INE301A01014,A,628.50,674.25,625.55,667.10,635.10,94267,62436304.00,2997
BSE,RAYMONDLSL,INE02ID01020,A,631.00,662.80,628.60,650.25,637.50,14721,9564601.00,531
BSE,RAYMONDREL,INE1SY401010,B,516.30,527.90,503.00,505.55,516.70,20447,10473883.00,801
BSE,RBA,INE07T201019,A,100.05,100.06,97.10,97.65,100.09,222762,21919160.00,1564
BSE,RBLBANK,INE976G01028,A,378.00,392.25,375.05,389.50,380.50,222713,86387941.00,3038
BSE,RBZJEWEL,INE0PEQ01016,B,176.00,184.70,155.10,161.25,169.25,323811,54176182.00,4583
BSE,RCAN,INE0CQ101015,M,16.50,16.78,15.71,16.78,16.67,2000,32708.00,5
BSE,RCCL,INE929D01016,X,31.80,31.90,30.50,30.90,30.40,161,4969.00,15
BSE,RCF,INE027A01015,A,114.00,114.50,112.70,113.85,114.55,48630,5532264.00,935
BSE,RCL,INE792P01020,Z,1.86,1.86,1.86,1.86,1.86,300,558.00,3
BSE,RCOM,INE330H01018,T,0.82,0.82,0.77,0.80,0.81,809632,637490.00,305
BSE,RDBIPL,INE245L01028,B,15.88,15.88,15.08,15.08,15.87,70193,1060359.00,140
BSE,RDBRL,INE123M01017,X,169.45,170.80,162.00,163.90,167.45,12292,2027801.00,103
BSE,RDEL,INE1DKT01011,M,30.85,30.85,30.00,30.00,31.48,3600,109020.00,3
BSE,RDGAIL,INE0S5T01017,M,148.90,148.90,148.90,148.90,149.00,2400,357360.00,2
BSE,REALECO,INE055E01034,X,4.74,4.80,4.70,4.73,4.73,8748,41283.00,80
BSE,RECLTD,INE020B01018,A,311.45,318.00,310.40,317.00,314.30,501639,157493485.00,5642
BSE,RECODE,INE2B6701015,MT,296.00,304.85,296.00,304.85,290.35,17600,5336440.00,15
BSE,REDINGTON,INE891D01026,A,344.00,366.60,343.80,363.00,349.30,524456,187454394.00,7866
BSE,REDTAPE,INE0LXT01019,B,120.85,121.45,118.70,119.10,122.75,31552,3782848.00,578
BSE,REFEX,INE056I01025,A,277.55,282.65,273.25,277.15,277.60,11184,3110057.00,350
BSE,REGAAL,INE0MHO01029,B,88.00,92.00,86.00,90.97,87.75,21720,1945046.00,270
BSE,REGAL,INE101E01010,X,16.20,17.40,16.20,16.74,16.90,4738,78935.00,15
BSE,REGANTO,INE043B01028,Z,5.14,5.29,4.92,4.99,5.14,234074,1181564.00,328
BSE,REGENCERAM,INE277C01012,B,34.50,35.30,34.19,34.45,34.60,183,6334.00,13
BSE,REGENCY,INE964R01013,XT,45.50,48.32,45.50,47.60,47.36,54033,2489301.00,93
BSE,REGENTRP,INE769D01016,X,5.45,5.62,5.17,5.36,5.42,21341,115453.00,66
BSE,REGIS,INE745R01024,X,2.13,2.13,2.09,2.11,2.14,9286,19554.00,37
BSE,RELAXO,INE131B01039,A,356.45,359.00,344.10,346.10,360.05,57499,19938463.00,1466
BSE,RELCHEMQ,INE750D01016,B,113.45,115.95,110.00,111.75,113.45,1432,157967.00,27
BSE,RELIABLE,INE375Y01018,B,139.15,140.55,136.05,137.90,137.20,8772,1213870.00,244
BSE,RELIABVEN,INE419H01019,XT,26.11,26.11,26.11,26.11,25.60,2224,58068.00,10
BSE,RELIANCE,INE002A01018,A,1305.95,1321.75,1293.00,1313.15,1307.35,680372,890820809.00,16950
BSE,RELICAB,INE773T01014,B,36.00,37.44,35.00,35.38,36.66,10808,383160.00,89
BSE,RELICTEC,INE452B01013,X,91.45,91.45,70.55,71.90,79.63,1380,102975.00,50
BSE,RELIGARE,INE621H01010,A,250.65,250.65,245.20,247.65,249.55,44999,11172748.00,704
BSE,RELINFRA,INE036A01016,T,58.60,59.47,57.15,57.15,58.31,48501,2829639.00,515
BSE,RELTD,INE206N01018,B,152.85,154.85,151.00,151.85,153.85,3634,555515.00,150
BSE,REMAGNET,INE519N01014,B,4048.85,4075.00,3852.00,3880.50,4049.00,20102,81586052.00,213
BSE,REMIEDEL,INE158G01015,X,236.45,240.00,229.20,235.75,230.70,2148,508621.00,43
BSE,REMSONSIND,INE474C01023,B,97.87,97.87,93.84,94.80,96.06,6703,634193.00,244
BSE,RENUKA,INE087H01022,A,24.39,24.42,23.72,23.93,24.22,1560760,37534549.00,3116
BSE,REPCOHOME,INE612J01015,B,362.85,362.85,355.35,359.60,362.85,2058,736936.00,110
BSE,REPONO,INE15WN01014,MT,81.15,83.00,80.01,82.68,80.00,13200,1079340.00,11
BSE,REPRO,INE461B01014,B,330.60,330.60,316.95,318.15,328.85,951,304927.00,53
BSE,RESGEN,INE0NYN01016,M,44.14,44.14,43.03,43.93,43.51,4500,197010.00,6
BSE,RESONANCE,INE486D01017,XT,160.00,165.00,155.00,162.05,157.70,20578,3313227.00,224
BSE,RESPONIND,INE688D01026,B,149.00,151.15,148.10,150.65,150.10,555,82933.00,29
BSE,RESPONSINF,INE401B01010,X,20.10,21.00,19.90,20.06,20.08,857,17344.00,9
BSE,RESTILE,INE298E01022,X,7.10,7.76,7.10,7.64,7.20,27715,211071.00,198
BSE,RETAGGIO,INE0KWJ01014,M,46.00,46.00,46.00,46.00,46.00,3000,138000.00,1
BSE,RETAIL,INE03DD01011,B,17.00,18.49,17.00,17.00,17.00,2614,47131.00,28
BSE,RETINA,INE0NTC01019,M,40.30,40.30,37.16,38.58,39.84,32000,1221660.00,16
BSE,REXNORD,INE687C01012,XT,79.24,82.00,78.02,81.99,79.24,787,64044.00,8
BSE,RFL,INE239B01014,X,104.00,114.45,104.00,104.00,109.00,77,8018.00,4
BSE,RFLL,INE018S01016,X,11.55,11.55,10.45,10.47,11.00,81794,871493.00,60
BSE,RFSL,INE201C01012,X,18.75,19.93,18.53,19.93,19.50,2565,47777.00,17
BSE,RGF,INE684D01025,XT,1.64,1.64,1.50,1.53,1.57,261105,396625.00,158
BSE,RGIL,INE364S01022,XT,57.92,57.92,57.92,57.92,59.10,526,30465.00,17
BSE,RGL,INE722H01024,B,138.40,139.65,134.80,137.80,136.85,34753,4771447.00,185
BSE,RGRL,INE601N01010,Z,1.20,1.24,1.15,1.20,1.20,11808,14546.00,32
BSE,RHETAN,INE0KKN01029,B,20.72,21.05,19.70,21.05,19.14,382616,8034977.00,616
BSE,RHFL,INE217K01011,Z,1.78,1.80,1.75,1.75,1.82,169546,298707.00,232
BSE,RHIM,INE743M01012,A,369.00,371.70,361.70,370.35,369.00,11637,4284958.00,330
BSE,RHL,INE508K01013,B,169.40,169.40,169.40,169.40,168.60,50,8470.00,1
BSE,RIBATEX,INE811H01017,XT,68.75,68.75,63.55,63.69,65.58,4006,256431.00,42
BSE,RICHUNV,INE652D01014,X,8.26,8.79,8.20,8.26,8.61,352,2898.00,10
BSE,RICOAUTO,INE209B01025,B,127.60,127.60,123.20,125.95,127.60,138529,17205013.00,716
BSE,RIDDHI,INE249D01019,XT,745.00,775.00,731.00,750.50,745.00,1125,855926.00,47
BSE,RIDDHICORP,INE325X01015,X,56.26,59.50,56.26,58.93,57.00,178,10364.00,7
BSE,RIIL,INE046A01015,B,739.80,744.95,735.30,742.60,749.10,962,712360.00,103
BSE,RIIT,INE2PB023011,IF,121.42,121.74,120.54,121.54,121.42,9165,1108361.00,84
BSE,RIR,INE302D01024,B,159.55,159.55,154.60,157.55,157.75,22008,3443811.00,580
BSE,RISAINTL,INE001O01029,X,0.44,0.44,0.44,0.44,0.44,40309,17735.00,28
BSE,RISHABH,INE0N2P01017,B,687.65,753.00,686.50,745.15,695.50,61271,44845848.00,2320
BSE,RISHDIGA,INE864D01015,X,36.00,36.00,36.00,36.00,36.50,1,36.00,1
BSE,RISHILASE,INE988D01012,X,131.95,133.40,130.00,132.75,132.00,2109,279231.00,35
BSE,RISHIROOP,INE582D01013,X,102.60,109.95,102.60,106.65,107.60,2415,254385.00,37
BSE,RISHITECH,INE989D01010,X,37.81,38.98,37.81,38.98,39.39,11,417.00,2
BSE,RITCO,INE01EG01016,B,295.45,306.80,294.55,302.70,301.25,2575,769865.00,286
BSE,RITES,INE320J01015,A,214.60,214.90,212.05,212.60,216.55,51338,10949094.00,1234
BSE,RITESHIN,INE534D01014,XT,75.50,76.25,73.10,73.30,75.50,3989,301768.00,31
BSE,RIYAASAT,INE0KYI01012,M,59.00,70.80,59.00,70.35,59.00,12000,824868.00,10
BSE,RKDL,INE722J01012,B,20.00,20.00,17.50,18.16,18.25,463,8424.00,11
BSE,RKFORGE,INE399G01023,A,742.90,743.45,722.55,725.50,753.75,25442,18660812.00,1009
BSE,RKSWAMY,INE0NQ801033,B,90.87,92.58,90.67,91.90,90.60,1736,158275.00,178
BSE,RLF,INE629C01014,X,8.30,9.70,8.30,9.70,8.27,1278,12247.00,8
BSE,RMC,INE655V01019,B,232.05,233.30,221.00,221.85,231.85,10196,2286902.00,301
BSE,RMDRIP,INE219Y01026,T,22.00,22.25,20.81,21.31,21.90,35397,748529.00,187
BSE,RML,INE050H01012,B,1111.10,1116.55,1100.00,1102.50,1117.40,749,829532.00,106
BSE,RNBDENIMS,INE012Q01039,B,11.38,11.38,11.38,11.38,10.84,80708,918457.00,70
BSE,RNITAI,INE335Q01026,X,91.50,91.99,90.21,91.22,91.28,49314,4490906.00,323
BSE,ROBU,INE0OLH01013,M,1040.00,1100.00,1040.00,1100.00,1095.45,1320,1422300.00,7
BSE,RODIUM,INE513E01024,X,153.60,154.35,143.00,144.40,153.60,589,85252.00,23
BSE,ROHLTD,INE283H01019,B,305.10,305.10,295.45,296.85,298.95,1571,467097.00,184
BSE,ROJL,INE0BDU01028,B,1.50,1.50,1.48,1.48,1.53,6840,10215.00,25
BSE,ROLCOEN,INE775R01013,P,499.80,499.80,499.80,499.80,476.00,150,74970.00,2
BSE,ROLEXRINGS,INE645S01024,B,175.95,177.95,171.80,173.00,178.65,88201,15432033.00,1285
BSE,ROLLT,INE927A01040,T,4.09,4.09,3.79,3.93,3.95,66501,258873.00,92
BSE,ROML,INE294G01026,B,42.99,42.99,42.99,42.99,43.80,34,1461.00,14
BSE,RONI,INE02AP01013,M,21.30,23.40,21.10,23.40,21.30,25200,563976.00,14
BSE,ROSELABS,INE475C01012,X,23.45,23.45,21.85,23.20,23.00,222,4868.00,10
BSE,ROSEMER,INE649C01012,X,63.30,63.35,60.00,60.89,61.06,80,4867.00,11
BSE,ROSSARI,INE02A801020,B,477.45,480.05,471.20,475.90,477.45,3606,1713374.00,250
BSE,ROSSELLIND,INE847C01020,B,58.49,59.39,56.75,58.98,58.09,5545,318667.00,114
BSE,ROSSTECH,INE0OJW01016,B,1125.05,1158.00,1124.50,1134.10,1137.50,9382,10719238.00,683
BSE,ROTO,INE535D01037,B,65.79,65.79,63.95,64.74,66.06,33340,2150021.00,329
BSE,ROUTE,INE450U01017,B,498.05,505.00,495.45,500.45,501.80,5933,2965089.00,303
BSE,ROYAL,INE0QQG01019,M,105.00,105.00,104.50,104.50,110.00,4000,418250.00,5
BSE,ROYALCU,INE618A01011,X,11.50,11.78,10.91,11.50,11.79,10275,117202.00,35
BSE,ROYALIND,INE510H01015,X,5.51,5.84,5.12,5.62,5.48,86094,479104.00,258
BSE,RPEL,INE912T01018,B,1718.15,1783.90,1703.15,1775.90,1730.85,4619,8063839.00,508
BSE,RPGLIFE,INE105J01010,B,2584.10,2590.30,2552.70,2572.70,2584.05,182,468119.00,53
BSE,RPOWER,INE614G01033,A,22.11,22.20,21.81,22.05,22.27,1479621,32576789.00,4156
BSE,RPPINFRA,INE324L01013,B,55.98,56.57,55.13,55.59,55.94,3887,216918.00,53
BSE,RPSGVENT,INE425Y01011,B,832.85,842.50,832.85,840.45,841.70,818,685230.00,49
BSE,RPTECH,INE0J1F01024,B,813.10,819.85,803.00,806.65,808.70,9978,8090644.00,610
BSE,RRECL,INE0AK901016,B,136.95,137.00,133.00,133.00,144.50,321,43892.00,15
BSE,RRETAIL,INE786J01033,XT,2.17,2.25,2.07,2.16,2.17,195097,416444.00,167
BSE,RRFIN,INE229D01011,XT,63.00,68.78,63.00,67.09,65.51,898,60225.00,24
BSE,RRIL,INE951M01037,B,16.50,17.70,16.50,16.72,16.75,4831,80636.00,158
BSE,RRKABEL,INE777K01022,A,2850.50,2860.70,2616.50,2631.35,2867.75,45958,124216131.00,3831
BSE,RRMETAL,INE117K01013,XT,51.17,51.17,51.17,51.17,52.21,100,5117.00,1
BSE,RSCINT,INE015F01019,XT,76.83,76.83,76.83,76.83,75.33,4281,328909.00,14
BSE,RSDFIN,INE616F01022,T,97.00,97.00,96.00,96.95,97.05,19,1842.00,2
BSE,RSL,INE313L01016,B,177.00,181.15,175.50,179.10,177.05,17563,3127112.00,340
BSE,RSSOFTWARE,INE165B01029,B,29.14,29.29,27.68,28.38,29.13,29228,823092.00,110
BSE,RSWM,INE611A01016,T,199.80,211.40,195.10,211.40,201.35,29179,6125628.00,320
BSE,RSYSTEMS,INE411H01032,B,254.35,256.20,248.00,253.60,255.85,21244,5354864.00,488
BSE,RTFL,INE840I01014,Z,44.89,44.89,44.89,44.89,44.89,1,44.00,1
BSE,RTNINDIA,INE834M01019,B,30.00,30.38,29.34,29.58,30.01,61061,1802492.00,414
BSE,RTNPOWER,INE399K01017,A,7.43,7.50,7.27,7.40,7.46,1278182,9417954.00,9499
BSE,RTSPOWR,INE005C01017,B,91.99,92.00,87.35,88.53,91.00,1956,174066.00,49
BSE,RUBFILA,INE642C01025,B,68.42,68.80,65.25,66.23,68.42,7834,529200.00,560
BSE,RUBICON,INE506V01022,B,1839.10,1840.65,1800.00,1826.75,1820.05,6056,11005683.00,570
BSE,RUBYMILLS,INE301D01026,T,385.00,397.70,380.00,397.70,395.00,582,225855.00,24
BSE,RUCHINFRA,INE413B01023,B,5.26,5.79,5.26,5.50,5.58,11202,61432.00,21
BSE,RUCHIRA,INE803H01014,B,102.45,103.15,101.50,102.30,102.95,524,53695.00,17
BSE,RUDRA,INE027T01023,B,21.50,21.50,20.15,20.44,20.58,4218,85822.00,37
BSE,RUDRAECO,INE723D01021,X,22.85,23.05,22.01,22.83,23.16,143721,3229844.00,144
BSE,RUDRAGAS,INE0OYK01010,M,75.00,75.40,75.00,75.00,76.57,13000,975800.00,13
BSE,RUNGTAIR,INE347C01013,X,50.00,51.75,50.00,51.75,51.00,141,7151.00,4
BSE,RUPA,INE895B01021,B,144.25,145.45,142.65,143.50,145.80,10647,1530427.00,186
BSE,RUSHIL,INE573K01025,B,16.11,16.40,16.00,16.09,16.30,26842,432958.00,150
BSE,RUSTOMJEE,INE263M01029,B,372.80,383.80,369.75,378.65,376.55,1326,500112.00,62
BSE,RVHL,INE09E501017,B,39.48,39.98,39.31,39.80,40.00,96,3820.00,8
BSE,RVNL,INE415G01027,A,207.50,207.50,203.95,205.95,208.35,246399,50626199.00,4299
BSE,RVTH,INE0DAB01012,B,702.00,735.00,701.25,701.25,745.65,371,262301.00,31
BSE,SAATVIKGL,INE13B501022,B,414.75,420.40,413.10,416.25,421.75,2691,1118975.00,173
BSE,SAB,INE137M01017,B,195.00,195.00,195.00,195.00,186.90,1,195.00,1
BSE,SABOOSOD,INE440C01016,X,12.26,12.77,11.90,12.64,12.26,35392,435656.00,81
BSE,SACHEMT,INE433G01020,X,3.60,3.65,3.56,3.60,3.61,211999,765539.00,155
BSE,SADBHAV,INE226H01026,B,8.05,8.42,7.85,8.09,8.02,68847,564414.00,190
BSE,SADBHIN,INE764L01010,T,2.58,2.62,2.56,2.62,2.57,5102,13267.00,25
BSE,SADHNANIQ,INE888C01040,T,2.70,2.70,2.70,2.70,2.75,177814,480097.00,99
BSE,SAFARI,INE429E01023,A,1543.35,1543.35,1491.00,1494.75,1530.80,1279,1924750.00,203
BSE,SAFECURE,INE0SVZ01015,M,22.10,22.10,22.00,22.00,22.19,4800,105960.00,2
BSE,SAFFRON,INE474D01013,X,25.25,26.19,25.00,25.90,25.12,1854,46865.00,10
BSE,SAGARSOFT,INE184B01012,X,95.00,97.96,95.00,95.70,95.10,1078,103756.00,10
BSE,SAGCEM,INE229C01021,B,156.00,158.15,155.45,155.70,156.90,1220,190840.00,51
BSE,SAGILITY,INE0W2G01015,A,46.28,46.95,45.85,46.79,46.31,872040,40536212.00,2487
BSE,SAHARAHOUS,INE135C01012,X,39.20,39.84,38.00,39.79,39.15,126,4949.00,10
BSE,SAHLIBHFI,INE861D01011,B,82.40,89.30,80.00,86.37,78.90,78533,6772614.00,1611
BSE,SAHYADRI,INE280H01015,B,352.25,360.00,348.20,359.50,359.00,1173,417675.00,98
BSE,SAICOM,INE092G01024,X,0.21,0.21,0.21,0.21,0.21,142626,29951.00,36
BSE,SAIL,INE114A01011,A,192.45,198.15,190.20,196.35,192.15,904167,175965850.00,8073
BSE,SAILANI,INE0KHQ01010,M,11.02,11.02,11.00,11.00,13.75,11200,123232.00,7
BSE,SAILIFE,INE570L01029,A,1518.00,1594.75,1511.40,1586.50,1518.90,96804,151386796.00,4845
BSE,SAINIK,INE584B01013,X,37.89,37.89,35.69,35.94,35.42,203,7279.00,7
BSE,SAIPARENT,INE0H9F01037,B,517.95,518.15,512.00,516.60,518.85,11368,5861361.00,384
BSE,SAKHTISUG,INE623A01011,B,20.20,20.89,20.12,20.22,20.47,15452,315713.00,122
BSE,SAKSOFT,INE667G01023,B,155.45,155.45,149.70,150.55,154.20,30745,4652578.00,431
BSE,SAKTHIFIN,INE302E01014,X,27.05,27.70,27.00,27.44,27.43,5752,156201.00,48
BSE,SAKUMA,INE190H01024,B,1.61,1.67,1.56,1.59,1.62,131868,211299.00,264
BSE,SALASAR,INE170V01027,B,5.82,5.83,5.59,5.66,5.86,1025670,5837081.00,1573
BSE,SALAUTO,INE724G01014,X,193.00,200.05,192.00,200.05,198.80,135,26206.00,10
BSE,SALEM,INE894E01028,X,35.00,39.90,34.00,35.65,37.89,8530,311067.00,75
BSE,SALONA,INE498E01010,B,284.30,284.30,263.00,269.30,273.35,283,77179.00,9
BSE,SALORAINTL,INE924A01013,X,28.18,28.18,26.69,26.99,27.50,244,6619.00,7
BSE,SALSAIN,INE315N01017,XT,370.00,389.00,360.05,389.00,379.00,210,76426.00,31
BSE,SALSTEEL,INE658G01014,B,82.47,86.32,79.07,81.95,82.21,148671,12534404.00,1430
BSE,SALZERELEC,INE457F01013,B,539.85,543.00,529.35,538.15,539.85,7073,3806612.00,309
BSE,SAMBANDAM,INE304D01012,B,112.00,115.00,111.95,115.00,114.45,462,53020.00,6
BSE,SAMBHAAV,INE699B01027,B,5.65,6.38,5.65,5.92,6.00,6720,40031.00,20
BSE,SAMBHV,INE12NJ01018,B,127.35,128.10,125.40,126.10,126.95,50693,6401988.00,595
BSE,SAMHI,INE08U801020,A,153.00,155.65,151.05,151.70,153.05,46519,7073630.00,1092
BSE,SAMKRG,INE706B01012,X,117.25,117.30,115.10,115.40,116.50,920,106697.00,31
BSE,SAMMAANCAP,INE148I01020,A,146.50,153.45,144.50,152.45,147.00,1178106,176941401.00,3889
BSE,SAMOR,INE0GD201014,B,91.95,91.95,89.60,90.00,93.95,79,7110.00,11
BSE,SAMPANN,INE735M01018,B,25.15,25.15,23.75,24.06,24.49,5401,132057.00,64
BSE,SAMPAT,INE10XS01012,MT,39.09,39.09,39.09,39.09,39.25,1200,46908.00,1
BSE,SAMPRE,INE375C01022,X,6.02,6.02,5.76,6.02,5.74,777458,4668525.00,313
BSE,SAMRATFORG,INE412J01010,X,250.00,250.00,241.00,242.00,250.00,533,132671.00,7
BSE,SAMRATPH,INE103E01016,X,231.25,234.70,225.00,228.05,234.70,1802,413052.00,53
BSE,SAMSRITA,INE579N01018,X,12.70,12.73,11.84,11.90,12.13,27883,346728.00,76
BSE,SAMTELIN,INE538C01017,XT,38.50,38.50,38.19,38.19,38.96,8288,316519.00,9
BSE,SAMTEX,INE931D01020,X,1.28,1.32,1.20,1.28,1.25,22492,28806.00,51
BSE,SAMYAKINT,INE607G01011,X,18.10,18.10,16.93,17.00,17.80,946,16462.00,23
BSE,SANATHAN,INE0JPD01013,B,437.65,441.60,428.50,431.00,438.65,342,148418.00,39
BSE,SANCF,INE654D01010,Z,51.84,51.84,51.84,51.84,52.90,1,51.00,1
BSE,SANDESH,INE583B01015,B,1061.00,1080.00,1045.25,1080.00,1048.10,31,32788.00,12
BSE,SANDHAR,INE278H01035,B,650.00,652.20,629.75,633.75,653.70,14020,8949555.00,614
BSE,SANDUMA,INE149K01016,A,199.25,199.25,196.15,196.95,200.30,32209,6362452.00,528
BSE,SANDUPHQ,INE751D01014,X,38.49,38.49,36.66,38.05,38.32,3288,123546.00,62
BSE,SANGAMFIN,INE475D01010,X,37.40,39.90,37.40,39.90,37.40,48,1829.00,6
BSE,SANGAMIND,INE495C01010,B,583.60,583.60,554.00,570.65,589.05,12176,6891456.00,462
BSE,SANGHVIMOV,INE989A01032,B,453.75,463.75,444.50,452.45,458.65,20333,9209318.00,778
BSE,SANINFRA,INE799C01049,XT,47.00,48.49,47.00,47.71,47.28,1593,76103.00,39
BSE,SANJIVIN,INE860D01013,X,194.90,202.50,190.25,194.35,194.35,18626,3669435.00,134
BSE,SANOFI,INE058A01010,A,3181.95,3186.95,3139.80,3169.65,3149.80,12970,41119763.00,251
BSE,SANOFICONR,INE0UOS01011,B,4090.00,4200.00,4086.00,4199.85,4121.00,160,660372.00,41
BSE,SANPA,INE384D01022,X,199.50,199.50,189.55,190.00,199.50,188,35729.00,10
BSE,SANSERA,INE953O01021,A,3872.50,3914.50,3786.00,3819.95,3901.95,106224,403816610.00,1109
BSE,SANSTAR,INE08NE01025,B,106.95,110.50,106.25,109.65,106.90,9097,991630.00,171
BSE,SANTETX,INE589J01015,X,153.70,158.00,145.00,148.50,153.60,479,72410.00,20
BSE,SANWARIA,INE890C01046,Z,0.49,0.49,0.49,0.49,0.49,1659,812.00,8
BSE,SAPL,INE002E01010,XT,4123.60,4123.60,3918.00,4122.00,4123.60,19,78047.00,7
BSE,SAPPHIRE,INE806T01020,A,228.55,230.00,224.05,228.20,229.70,218666,49330178.00,414
BSE,SAPPL,INE185C01017,B,277.05,278.00,274.10,278.00,276.05,1255,346317.00,123
BSE,SARDAEN,INE385C01021,A,496.15,496.25,489.95,490.90,497.10,14922,7348988.00,602
BSE,SAREGAMA,INE979A01025,A,491.80,491.80,476.50,477.10,493.20,19415,9353150.00,679
BSE,SARLAPOLY,INE453D01025,B,103.55,103.55,101.25,102.25,103.55,2473,252628.00,99
BSE,SARTHAKGL,INE075H01019,XT,37.81,37.81,34.25,37.60,36.01,753,26156.00,9
BSE,SARTHAKIND,INE074H01012,X,27.00,27.00,24.50,25.88,26.10,681,17238.00,20
BSE,SARUPINDUS,INE305D01019,X,118.05,118.05,118.05,118.05,118.05,1,118.00,1
BSE,SARVESHWAR,INE324X01026,B,3.32,3.40,3.31,3.37,3.33,136141,454590.00,243
BSE,SARVOTTAM,INE822Q01015,X,17.85,17.85,16.99,16.99,16.93,616,10492.00,7
BSE,SASKEN,INE231F01020,B,1895.00,1911.05,1864.85,1880.15,1896.75,214,402407.00,75
BSE,SATCH,INE639K01016,X,3.57,3.74,3.57,3.65,3.69,44835,164724.00,91
BSE,SATIA,INE170E01023,B,56.51,57.33,56.10,57.16,57.11,2498,141565.00,83
BSE,SATIN,INE836B01017,B,216.35,220.00,215.00,218.50,217.05,4115,892273.00,123
BSE,SATTRIX,INE0QUV01010,M,336.85,337.00,336.85,337.00,333.50,1000,336925.00,2
BSE,SAUMYA,INE563C01015,X,122.00,122.00,122.00,122.00,121.35,1,122.00,1
BSE,SAURASHCEM,INE626A01014,B,55.60,55.97,55.23,55.34,55.92,3489,193858.00,173
BSE,SAVERA,INE104E01014,X,168.95,168.95,163.00,166.75,167.00,2013,333914.00,66
BSE,SAWACA,INE248B01023,X,0.29,0.29,0.28,0.28,0.28,829490,235189.00,254
BSE,SAYAJIHOTL,INE318C01014,B,320.00,320.00,306.55,306.55,323.80,3,933.00,3
BSE,SBC,INE04AK01028,B,41.42,42.94,41.42,42.79,42.05,449231,19010402.00,917
BSE,SBCL,INE386D01027,B,1048.05,1059.65,1025.25,1050.40,1047.95,5615,5841358.00,438
BSE,SBECSUG,INE948G01019,XT,64.98,64.98,64.00,64.49,64.98,1071,69017.00,14
BSE,SBECSYS,INE689V01018,X,18.85,21.70,18.65,20.12,18.71,7893,156568.00,38
BSE,SBFC,INE423Y01016,A,101.00,101.25,96.95,99.16,100.00,182668,17965317.00,1461
BSE,SBFL,INE363D01018,X,21.80,22.75,21.50,22.53,21.90,169,3764.00,11
BSE,SBGLP,INE05ST01028,B,24.48,24.87,23.01,23.67,25.29,231,5519.00,21
BSE,SBICARD,INE018E01016,A,631.80,642.20,622.50,633.05,631.85,74997,47373849.00,2100
BSE,SBIFUNDS,INE640G01020,A,565.05,566.00,557.25,564.85,567.15,107469,60411355.00,4377
BSE,SBILIFE,INE123W01016,A,1725.35,1732.75,1716.95,1726.20,1748.00,14911,25700758.00,2406
BSE,SBIN,INE062A01020,A,1029.80,1035.25,1017.05,1020.75,1033.40,800614,822568725.00,12186
BSE,SBL,INE857P01021,XT,1.94,2.03,1.85,1.99,1.94,25102,50052.00,6
BSE,SBLI,INE0DLM01024,M,48.10,48.10,48.10,48.10,49.00,2400,115440.00,1
BSE,SBRANDS,INE204Y01010,M,11.55,11.55,11.55,11.55,10.50,8000,92400.00,7
BSE,SBVCL,INE0RNZ01014,MT,125.50,129.25,125.50,127.95,123.90,15000,1914390.00,22
BSE,SCAGRO,INE895E01017,XT,26.17,27.23,26.17,26.85,26.70,1865,49983.00,13
BSE,SCANPRO,INE393D01015,X,119.20,119.20,113.80,113.80,119.75,3788,431334.00,23
BSE,SCANSTL,INE099G01011,T,56.25,59.89,55.56,59.80,58.48,16466,939617.00,95
BSE,SCARNOSE,INE0IXR01019,M,35.82,35.82,35.82,35.82,37.70,1000,35820.00,1
BSE,SCC,INE892C01018,X,10.02,10.02,10.02,10.02,9.98,20,200.00,1
BSE,SCDL,INE0UMH01018,M,65.70,66.00,63.75,65.01,65.70,14400,938816.00,9
BSE,SCHAEFFLER,INE513A01022,A,4034.20,4034.20,3943.05,3960.35,4000.00,4219,16724368.00,699
BSE,SCHAND,INE807K01035,B,135.15,135.15,132.55,135.05,134.30,1196,160361.00,34
BSE,SCHNEIDER,INE839M01018,A,1186.05,1186.10,1150.00,1167.70,1186.05,8612,9997509.00,704
BSE,SCI,INE109A01011,A,286.90,298.60,282.95,288.95,287.95,524510,153133072.00,6931
BSE,SCILAL,INE0PB301013,B,40.13,40.14,39.31,39.39,40.13,9362,370806.00,193
BSE,SCODATUBES,INE090501011,B,128.65,130.10,127.15,127.75,130.60,4059,521654.00,104
BSE,SCOOBEEDAY,INE962E01015,X,64.05,64.80,62.00,62.76,64.99,909,57463.00,30
BSE,SCPL,INE501Y01019,T,649.00,660.00,630.30,647.85,651.70,3001,1951201.00,111
BSE,SCTL,INE452S01025,X,0.44,0.45,0.44,0.45,0.45,155827,68996.00,123
BSE,SDBL,INE480C01038,B,71.80,73.14,70.16,72.54,71.24,30555,2184406.00,314
BSE,SDL,INE004E01016,X,29.47,29.47,29.47,29.47,31.02,664,19568.00,6
BSE,SEALMATIC,INE0O4601016,M,385.00,385.00,380.00,385.00,385.00,1620,622260.00,8
BSE,SEAMECLTD,INE497B01018,B,1676.55,1745.50,1664.05,1735.35,1676.60,7318,12520105.00,804
BSE,SEASONST,INE707B01010,X,18.00,18.54,17.27,18.01,18.60,1016,18709.00,8
BSE,SEATV,INE351L01016,X,3.04,3.04,3.04,3.04,3.04,2,6.00,2
BSE,SECMARK,INE0BTM01013,B,142.00,143.30,134.85,142.00,150.85,706,99233.00,33
BSE,SECURKLOUD,INE650K01021,B,18.00,18.00,17.35,17.83,17.54,470,8293.00,39
BSE,SEDEMAC,INE00XB01019,B,2960.45,2974.35,2843.50,2859.00,2987.25,7277,20941815.00,939
BSE,SEIL,INE440T01028,B,196.75,205.25,196.70,201.00,201.00,33560,6733765.00,589
BSE,SEJALLTD,INE955I01044,B,665.95,688.35,665.95,670.60,682.55,716,483536.00,34
BSE,SEKURITIND,INE068B01017,B,116.05,117.65,114.00,114.60,116.45,17235,1984576.00,213
BSE,SEL,INE367E01033,X,35.06,35.06,35.06,35.06,35.06,50,1753.00,1
BSE,SELECTRIC,INE155D01018,B,1869.00,1925.80,1804.15,1925.80,1834.10,8122,15563876.00,158
BSE,SELMC,INE105I01020,B,27.65,28.20,26.41,28.20,26.98,588,16567.00,6
BSE,SEML,INE0KPY01017,MT,33.80,36.50,33.71,36.49,35.48,9000,306926.00,19
BSE,SENCO,INE602W01027,A,348.75,351.95,343.00,349.70,352.85,81030,28057680.00,1549
BSE,SENORES,INE0RB801010,A,1467.45,1477.30,1440.80,1450.20,1453.55,7799,11347306.00,627
BSE,SEPC,INE964H01014,B,5.37,5.47,5.24,5.42,5.37,614310,3274819.00,563
BSE,SERA,INE017I01027,X,53.42,60.00,53.42,58.12,53.42,488872,28387409.00,1335
BSE,SESHAPAPER,INE630A01024,B,231.60,232.10,228.25,230.55,231.35,1585,364336.00,105
BSE,SETCO,INE878E01021,T,17.40,18.20,17.40,18.00,18.26,8637,154489.00,47
BSE,SETL,INE0M4D01010,B,389.80,392.00,370.15,375.20,387.65,69803,26252522.00,1815
BSE,SETUINFRA,INE023M01027,Z,0.52,0.54,0.52,0.54,0.52,31736,17010.00,29
BSE,SEVL,INE0SC101013,M,36.24,36.24,33.55,34.39,33.75,9600,340284.00,7
BSE,SEYAIND,INE573R01012,T,12.27,12.27,12.05,12.05,12.27,101,1217.00,2
BSE,SFL,INE916U01025,A,641.00,656.20,635.70,648.00,642.75,5587,3601764.00,712
BSE,SFPIL,INE716K01020,X,8.30,8.82,8.30,8.45,8.33,1732,14609.00,11
BSE,SFSL,INE0JMN01019,M,74.95,74.95,74.95,74.95,76.34,1500,112425.00,1
BSE,SGFIN,INE618R01015,B,685.00,685.00,666.45,675.45,683.10,16498,11105460.00,478
BSE,SGFRL,INE07GA01011,M,86.00,86.00,86.00,86.00,86.20,750,64500.00,1
BSE,SGIL,INE00QT01015,B,599.00,599.00,584.45,587.90,599.45,163,97001.00,64
BSE,SGL,INE353H01010,B,10.41,10.89,10.01,10.69,10.21,3178,32120.00,25
BSE,SGLRES,INE967B01028,B,2.44,2.44,2.28,2.34,2.40,13288,30592.00,27
BSE,SGMART,INE385F01024,B,836.45,844.35,821.50,825.65,835.10,7631,6332827.00,492
BSE,SGNTE,INE266C01023,X,0.64,0.64,0.60,0.60,0.64,46014,28355.00,50
BSE,SGRL,INE414Y01015,B,679.90,694.50,663.80,683.95,684.30,3224,2192520.00,337
BSE,SHADOWFAX,INE12UN01015,B,260.25,260.25,251.60,253.60,257.00,74920,19010359.00,2080
BSE,SHAH,INE482J01021,B,3.75,3.75,3.51,3.58,3.66,72871,259619.00,128
BSE,SHAHALLOYS,INE640C01011,B,110.00,115.00,105.40,112.70,111.80,15828,1767470.00,269
BSE,SHAHFOOD,INE455D01012,XT,409.95,414.95,400.00,410.00,398.35,483,197123.00,32
BSE,SHAHISHIP,INE825D01016,X,10.98,11.60,10.50,11.47,10.59,9561,108624.00,82
BSE,SHAHLON,INE052001026,X,24.50,24.50,23.05,23.90,24.00,7903,186193.00,25
BSE,SHAILY,INE151G01028,A,3236.65,3285.00,3146.10,3171.80,3249.15,10130,32346044.00,1043
BSE,SHAKTIPR,INE794C01016,X,12.20,12.20,11.60,11.71,12.21,194341,2298070.00,680
BSE,SHAKTIPUMP,INE908D01010,A,476.80,476.80,470.45,472.75,478.05,21503,10169797.00,1173
BSE,SHALBY,INE597J01018,B,156.25,156.25,150.00,151.80,154.25,3841,582835.00,177
BSE,SHALIWIR,INE655D01025,X,18.30,18.49,18.30,18.30,18.30,2154,39455.00,23
BSE,SHALPAINTS,INE849C01026,T,79.05,79.05,76.25,78.17,79.50,11103,862865.00,101
BSE,SHALPRO,INE435E01020,XT,0.28,0.28,0.27,0.27,0.28,1563620,423409.00,397
BSE,SHAMFOAM,INE0Z9N01013,M,70.61,72.00,69.95,72.00,71.65,23000,1633510.00,20
BSE,SHANGAR,INE118R01032,X,0.24,0.25,0.23,0.24,0.24,651430,155470.00,181
BSE,SHANKARA,INE274V01019,B,146.00,148.15,144.65,148.10,147.05,5629,821082.00,72
BSE,SHANKESH,INE1WFC01025,B,91.68,98.65,90.03,97.83,92.55,972593,92703775.00,5480
BSE,SHANMUGA,INE0TD301017,M,41.59,42.00,41.01,41.01,41.59,8000,332380.00,4
BSE,SHANTIDENM,INE0QZQ01019,M,36.75,37.65,36.75,37.65,36.00,4000,148800.00,2
BSE,SHANTIGEAR,INE631A01022,B,534.95,534.95,522.00,531.00,528.25,2856,1500914.00,101
BSE,SHANTIGOLD,INE06ZD01017,B,238.90,244.05,234.75,243.55,234.75,83543,19950969.00,1543
BSE,SHANTIGURU,INE892L01019,M,9.00,9.00,9.00,9.00,9.00,3000,27000.00,1
BSE,SHAQUAK,INE545N01019,X,1.20,1.20,1.09,1.09,1.08,217,256.00,6
BSE,SHARDACROP,INE221J01015,A,794.50,794.50,777.00,778.45,788.40,5041,3938547.00,696
BSE,SHARDAMOTR,INE597I01028,B,892.20,892.20,869.95,875.90,885.25,2567,2252485.00,271
BSE,SHARDUL,INE037B01020,T,51.55,53.50,51.55,53.09,52.00,15405,821934.00,33
BSE,SHAREINDIA,INE932X01026,B,171.80,171.80,167.80,168.40,170.75,4461,752252.00,70
BSE,SHARIKA,INE669Y01022,T,19.43,19.43,17.66,17.66,18.58,62529,1115240.00,144
BSE,SHARMEH,INE465H01012,X,96.14,98.50,93.00,95.27,94.58,393,37626.00,40
BSE,SHARPINV,INE909D01026,X,0.40,0.44,0.39,0.43,0.40,1846266,782363.00,158
BSE,SHARPLINE,INE647W01014,X,9.06,9.99,9.06,9.40,9.89,523,5002.00,14
BSE,SHARVAYA,INE0UJF01018,MT,136.35,142.00,135.00,137.00,142.05,11400,1599210.00,19
BSE,SHASHIJIT,INE700V01021,X,2.92,2.92,2.65,2.89,2.92,16436,45488.00,18
BSE,SHAWGELTIN,INE869A01010,X,459.80,463.90,451.10,454.95,460.80,3482,1583902.00,202
BSE,SHAYONAENG,INE0UCL01011,M,141.00,141.00,140.00,140.00,145.00,19000,2661000.00,3
BSE,SHBAJRG,INE402H01015,B,159.05,163.95,155.00,155.55,159.90,2519,396541.00,69
BSE,SHEKHAWATI,INE268L01046,T,15.93,15.93,15.15,15.90,15.85,2890,44106.00,14
BSE,SHELTER,INE013V01011,M,32.00,32.00,32.00,32.00,33.00,12000,384000.00,4
BSE,SHEMAROO,INE363M01019,T,124.50,125.20,124.40,125.15,123.00,978,122202.00,7
BSE,SHERVANI,INE011D01013,B,313.75,314.00,301.00,302.15,308.65,225,68936.00,13
BSE,SHETR,INE278C01010,X,106.95,106.95,103.40,106.60,105.25,549,58316.00,28
BSE,SHGANEL,INE400N01017,X,17.00,17.00,17.00,17.00,17.00,1,17.00,1
BSE,SHHARICH,INE065E01017,XT,224.70,224.70,224.70,224.70,214.00,20083,4512650.00,50
BSE,SHILCTECH,INE024F01011,B,4001.00,4015.00,3945.00,3994.40,4010.35,1776,7087717.00,227
BSE,SHILGRAVQ,INE960A01017,B,154.75,154.95,151.90,154.95,152.65,357,55107.00,10
BSE,SHILINDORE,INE0MGS01014,X,1152.80,1153.00,1152.80,1153.00,1153.75,136,156790.00,5
BSE,SHILPAMED,INE790G01031,A,890.80,931.00,885.45,928.30,889.20,53451,48814865.00,2244
BSE,SHINDL,INE220Z01013,B,163.20,166.35,159.30,160.20,161.55,60967,9864920.00,346
BSE,SHINEFASH,INE0BLY01023,M,24.70,24.70,24.70,24.70,24.75,4000,98800.00,1
BSE,SHIPROCKET,INE0FOO01011,B,133.30,137.60,131.65,133.80,134.50,619498,82954318.00,3901
BSE,SHIPWAVES,INE0O9L01010,M,3.41,3.60,3.23,3.49,3.50,180000,617500.00,18
BSE,SHISHIND,INE145Y01023,X,12.24,12.60,12.00,12.11,12.08,2219158,27150516.00,942
BSE,SHIVA,INE728Q01014,XT,14.43,15.15,13.85,14.81,14.57,17574,248940.00,40
BSE,SHIVAAGRO,INE960E01019,B,38.50,41.44,37.95,41.44,40.33,145,5575.00,8
BSE,SHIVACEM,INE555C01029,B,16.28,16.50,15.51,15.89,16.06,25147,402330.00,129
BSE,SHIVAEXPO,INE191V01015,MT,9.60,9.69,9.60,9.69,9.69,20000,192900.00,2
BSE,SHIVAGR,INE092H01014,X,26.00,26.00,26.00,26.00,24.00,1,26.00,1
BSE,SHIVALIK,INE788J01021,T,343.95,343.95,322.85,325.30,339.80,6431,2101843.00,143
BSE,SHIVAM,INE0SGR01013,M,104.00,107.00,104.00,107.00,103.70,15000,1582725.00,10
BSE,SHIVAMAUTO,INE637H01024,B,17.66,18.09,17.53,18.00,17.96,9796,176197.00,46
BSE,SHIVAMILLS,INE644Y01017,B,65.40,65.40,65.40,65.40,66.00,153,10006.00,1
BSE,SHIVATEX,INE705C01020,B,180.00,181.00,175.00,176.05,180.90,195,34817.00,6
BSE,SHIVTEXCHEM,INE0YRO01015,M,108.20,110.90,107.00,107.00,104.05,4800,520560.00,11
BSE,SHK,INE500L01026,B,149.25,149.50,145.35,148.55,148.45,20284,3002311.00,445
BSE,SHKARTP,INE538D01015,X,7.48,7.60,6.90,7.03,7.30,6353,46698.00,54
BSE,SHLOKKA,INE1EUB01016,M,24.00,24.55,24.00,24.55,25.40,4800,115860.00,4
BSE,SHOPERSTOP,INE498B01024,B,390.00,390.00,379.50,381.30,385.30,268,102081.00,28
BSE,SHPLPUNE,INE07G501017,X,819.50,819.50,750.00,813.00,795.45,270,206725.00,31
BSE,SHRAAITECH,INE489B01031,X,24.06,24.10,23.51,23.79,23.86,6892,164754.00,140
BSE,SHRADDHA,INE311M01018,B,167.40,167.40,154.00,156.95,161.25,1656,258922.00,56
BSE,SHRAJSYNQ,INE796C01011,X,10.00,10.15,9.22,9.50,9.70,1617,15128.00,15
BSE,SHRDAIS,INE385M01012,X,153.25,153.30,140.00,153.30,153.30,936,141050.00,20
BSE,SHREDIGCEM,INE232A01011,B,73.00,74.55,70.60,71.02,74.35,4809,344302.00,283
BSE,SHREE,INE0QIS01011,M,43.25,46.00,43.25,43.79,46.00,5000,218895.00,6
BSE,SHREECEM,INE070A01015,A,23659.05,23676.60,23049.95,23538.50,23449.00,488,11464918.00,184
BSE,SHREEGANES,INE051N01026,X,0.51,0.51,0.48,0.48,0.50,881658,432235.00,312
BSE,SHREEJISPG,INE1B6101010,B,635.00,654.65,635.00,642.35,637.00,1108603,715391338.00,383
BSE,SHREENATH,INE0RXS01018,M,12.61,12.61,12.61,12.61,13.00,3000,37830.00,1
BSE,SHREEPAC,INE847D01010,X,142.00,142.00,136.00,136.25,140.80,771,107833.00,52
BSE,SHREEPUSHK,INE712K01011,B,458.80,476.50,458.80,468.80,462.70,8255,3876671.00,197
BSE,SHREERAMA,INE879A01019,B,43.80,43.80,40.84,41.21,41.30,2097,86559.00,53
BSE,SHREEREF,INE0FMZ01045,M,403.05,408.55,392.00,399.35,410.35,175500,70069350.00,330
BSE,SHREESEC,INE397C01026,Z,0.20,0.21,0.19,0.20,0.20,1331959,266321.00,188
BSE,SHREESHAY,INE452Z01012,M,30.90,30.90,26.00,26.00,26.79,6000,169740.00,3
BSE,SHREMETAL,INE914B01012,X,38.30,39.97,28.90,37.40,36.07,5381,193279.00,162
BSE,SHREYANIND,INE231C01019,B,126.45,127.25,123.90,125.50,125.90,210,26277.00,14
BSE,SHREYASI,INE115F01017,X,6.73,6.79,6.30,6.79,6.79,1376,8831.00,18
BSE,SHRICON,INE753D01010,XT,191.00,199.80,191.00,199.80,191.95,99,19137.00,3
BSE,SHRIDINE,INE204C01024,XT,365.00,376.95,365.00,376.00,370.00,228,84720.00,10
BSE,SHRIGANG,INE241V01018,X,59.94,63.10,59.93,61.30,59.37,17810,1091287.00,78
BSE,SHRIKRISH,INE997I01012,B,43.95,43.95,40.00,40.00,36.65,42,1683.00,3
BSE,SHRINGARMS,INE1B3L01017,B,216.00,217.75,212.30,216.20,216.20,4840,1043311.00,97
BSE,SHRINIWAS,INE201F01015,X,18.88,18.88,18.00,18.88,17.99,7615,143378.00,48
BSE,SHRIPISTON,INE526E01018,A,4550.00,4630.00,4427.10,4607.75,4590.60,6876,31202564.00,965
BSE,SHRIRAMFIN,INE721A01047,A,1045.05,1047.95,1025.85,1046.85,1059.70,269058,278813758.00,10030
BSE,SHRIRAMPPS,INE217L01019,B,76.72,76.72,75.13,75.55,76.10,17789,1344441.00,125
BSE,SHRISTI,INE472C01027,X,27.16,29.87,27.00,29.87,27.66,4136,113361.00,16
BSE,SHRJAGP,INE564J01026,B,614.95,629.90,612.00,616.75,623.95,513,317482.00,39
BSE,SHRYDUS,INE488C01015,XT,4.17,4.17,4.12,4.13,4.19,34802,143972.00,25
BSE,SHTL,INE0D8001018,M,99.50,114.00,98.99,107.99,99.40,50400,5255952.00,20
BSE,SHUBHAM,INE01J501010,X,39.87,41.50,37.83,41.44,39.82,27833,1107681.00,133
BSE,SHUKRAPHAR,INE551C01044,B,44.96,47.32,44.54,46.79,44.45,444503,20394003.00,1808
BSE,SHYAMCENT,INE979R01011,T,5.14,5.14,4.91,5.02,5.04,14790,74458.00,39
BSE,SHYAMMETL,INE810G01011,A,1089.90,1089.90,1067.70,1072.40,1077.75,4311,4627338.00,241
BSE,SHYAMTEL,INE635A01023,B,11.01,11.74,11.01,11.05,12.15,2510,27863.00,32
BSE,SHYMINV,INE203N01015,X,11.85,11.85,11.60,11.80,11.85,7200,84940.00,19
BSE,SIBARAUT,INE441C01014,X,7.98,7.98,7.51,7.80,7.75,3038,23436.00,28
BSE,SICAGEN,INE176J01011,B,55.50,57.70,54.48,57.46,54.97,4061,230023.00,67
BSE,SICALLOG,INE075B01020,T,103.55,103.55,103.55,103.55,98.65,686,71035.00,7
BSE,SICAPIT,INE417F01017,XT,14.98,14.98,14.24,14.24,14.98,3082,43895.00,22
BSE,SICL,INE936N01010,P,12.50,12.50,12.50,12.50,12.00,100,1250.00,1
BSE,SIDDHA,INE140C01012,X,4.20,4.94,4.20,4.50,4.26,2075,9706.00,14
BSE,SIEMENS,INE003A01024,A,4089.80,4089.80,3968.20,4025.00,4021.30,6053,24185110.00,1729
BSE,SIGACHI,INE0D0K01022,B,31.70,32.94,31.31,32.55,31.77,156211,5017034.00,650
BSE,SIGIND,INE529F01035,T,69.58,71.59,69.58,71.50,71.00,8504,607791.00,42
BSE,SIGMA,INE0A0S01028,B,48.30,48.50,46.46,47.73,47.13,11664,548319.00,94
BSE,SIGMAADV,INE933B01012,T,775.00,785.00,754.00,773.45,778.70,16679,12806287.00,491
BSE,SIGNATURE,INE903U01023,A,766.45,770.55,760.55,765.70,777.05,13418,10250447.00,438
BSE,SIGNPOST,INE0KGZ01021,B,252.05,252.05,241.20,242.75,251.10,13566,3350529.00,726
BSE,SIIL,INE400R01018,XT,14.32,15.75,14.31,15.56,15.00,23564,356252.00,36
BSE,SIKA,INE438E01032,B,997.95,1010.00,977.15,987.25,997.95,7376,7290942.00,730
BSE,SIL,INE173A01025,B,20.65,20.65,19.40,19.71,19.74,2510,49282.00,58
BSE,SILINV,INE923A01015,B,482.00,489.90,476.80,476.80,487.65,79,38055.00,13
BSE,SILVERO,INE798C01017,Z,6.06,6.06,6.00,6.00,6.06,137,826.00,6
BSE,SILVERTUC,INE625X01026,B,168.45,176.00,168.45,173.50,171.70,100087,17301775.00,1417
BSE,SILVOAK,INE870J01019,X,70.00,70.00,68.00,70.00,71.00,934,65085.00,34
BSE,SIMANDHAR,INE0VI201010,X,152.80,152.80,152.75,152.75,149.80,8,1222.00,4
BSE,SIMMOND,INE657D01021,X,234.60,244.75,228.10,237.40,232.05,17656,4224354.00,278
BSE,SIMPLEXCAS,INE658D01029,X,101.95,103.80,97.00,101.50,98.55,411565,41261544.00,1682
BSE,SIMPLEXINF,INE059B01024,B,255.35,267.10,255.15,265.05,257.50,2034,535127.00,70
BSE,SIMPLXPAP,INE456H01029,X,1399.90,1399.90,1399.90,1399.90,1424.95,1,1399.00,1
BSE,SIMRAN,INE354D01017,X,160.35,164.65,155.95,163.55,165.35,5666,913065.00,67
BSE,SINCLAIR,INE985A01022,B,83.50,85.13,82.05,83.02,82.62,7028,580523.00,201
BSE,SINDHUTRAD,INE325D01025,B,24.27,24.27,23.70,23.81,24.51,34059,818303.00,188
BSE,SINGERIND,INE638A01035,B,75.05,75.87,74.52,74.71,75.98,5738,430346.00,123
BSE,SIPL,INE413C01013,X,13.00,13.00,12.99,12.99,13.64,1512,19650.00,20
BSE,SIRCA,INE792Z01011,B,431.95,434.00,427.00,430.75,431.80,4040,1736696.00,145
BSE,SIS,INE285J01028,B,423.10,435.00,422.80,431.15,427.75,18737,8044539.00,805
BSE,SITAENT,INE579D01019,X,139.00,139.00,135.00,138.90,134.05,512,70188.00,26
BSE,SITINET,INE965H01011,Z,0.49,0.49,0.49,0.49,0.49,3921,1921.00,17
BSE,SIYARAM,INE0QSK01017,M,35.50,38.47,34.46,37.00,35.45,84000,3052305.00,44
BSE,SIYSIL,INE076B01028,B,555.35,556.70,543.80,549.95,554.95,2521,1380964.00,206
BSE,SIZEMASTER,INE235U01012,X,305.55,305.55,276.45,296.95,291.00,649,188297.00,62
BSE,SJS,INE284S01014,A,2489.45,2489.45,2375.40,2402.25,2457.25,8371,20107899.00,688
BSE,SJVN,INE002L01015,A,64.45,64.87,63.84,63.95,64.93,279654,17973381.00,3102
BSE,SKCIL,INE260E01014,X,98.00,102.99,93.50,95.00,96.00,4928,485941.00,92
BSE,SKFINDIA,INE640A01023,A,1548.10,1548.10,1508.55,1533.30,1527.95,1505,2294855.00,274
BSE,SKFINDUS,INE2J8701016,B,2967.35,3082.00,2937.95,3023.30,2953.25,3516,10661658.00,595
BSE,SKIFL,INE951Z01013,M,9.54,9.55,9.54,9.55,9.10,2500,23862.00,2
BSE,SKIPPER,INE439E01022,B,528.40,541.90,523.65,536.05,534.20,25160,13356989.00,585
BSE,SKM,INE13YH01017,MT,479.75,479.75,465.00,465.35,472.00,20000,9364000.00,20
BSE,SKMEGGPROD,INE411D01023,B,262.00,266.50,258.25,261.60,262.35,21762,5714154.00,505
BSE,SKPSEC,INE709B01016,X,107.00,107.00,98.20,102.45,102.30,133,13522.00,23
BSE,SKRABUL,INE561E01015,X,23.12,23.12,22.02,22.06,23.12,46,1016.00,3
BSE,SKYBIOTECH,INE393H01016,X,124.00,129.95,124.00,124.20,124.00,104,12913.00,6
BSE,SKYGOLD,INE01IU01018,A,777.90,778.70,746.80,752.00,777.90,51883,39395841.00,2718
BSE,SKYIND,INE765B01018,X,92.10,96.00,89.10,93.11,93.33,2662,246948.00,50
BSE,SKYLMILAR,INE178E01026,X,14.23,14.23,13.90,13.94,13.96,1358,19047.00,23
BSE,SKYWAYS,INE0PX301025,B,128.00,132.90,128.00,129.35,125.65,1110691,144581931.00,12202
BSE,SLSTLQ,INE456D01010,X,31.00,31.00,31.00,31.00,31.41,25,775.00,2
BSE,SMARTFIN,INE766D01020,X,8.35,8.35,7.95,8.10,8.19,26944,217321.00,77
BSE,SMARTLINK,INE178C01020,T,218.00,218.00,208.20,208.20,219.15,1634,340618.00,21
BSE,SMARTWORKS,INE0NAZ01010,B,524.65,529.90,521.70,526.40,525.30,1600,840967.00,102
BSE,SMAUTO,INE0C4I01011,M,29.55,29.55,29.55,29.55,29.55,2000,59100.00,1
BSE,SMCGLOBAL,INE103C01036,B,80.70,80.70,78.88,79.45,79.41,2842,225651.00,28
BSE,SMFIL,INE728B01032,XT,11.54,11.54,11.54,11.54,11.77,178,2054.00,4
BSE,SMGOLD,INE00Q901014,B,11.50,11.50,11.01,11.37,11.27,2071,23184.00,31
BSE,SMLMAH,INE294B01019,A,5418.95,5656.30,5303.70,5313.95,5407.70,8153,44628912.00,1185
BSE,SMLT,INE017W01010,B,66.02,66.02,65.00,65.19,64.61,201,13179.00,7
BSE,SMR,INE11XK01017,M,94.95,94.95,90.00,90.00,91.55,3000,278450.00,3
BSE,SMRUTHIORG,INE172E01011,X,137.95,144.00,135.30,141.60,137.95,4123,579262.00,74
BSE,SMSPHARMA,INE812G01025,B,370.55,374.95,363.50,373.05,367.10,7473,2755956.00,204
BSE,SMTEL,INE673E01018,X,373.90,389.30,356.70,385.60,374.90,1292,495826.00,47
BSE,SNIM,INE730R01042,X,11.45,11.45,11.45,11.45,11.45,3,34.00,1
BSE,SNL,INE568F01017,X,389.95,394.80,384.35,389.85,387.95,1630,631830.00,43
BSE,SNOWMAN,INE734N01019,B,36.60,36.73,35.37,35.94,36.64,14006,502275.00,85
BSE,SOBHA,INE671H01015,A,1251.70,1251.70,1221.00,1230.00,1247.85,35406,43542338.00,490
BSE,SOBME,INE754D01018,X,1317.00,1373.95,1276.00,1368.70,1324.75,2502,3350403.00,88
BSE,SODHACAP,INE0QU501030,M,69.75,69.75,69.75,69.75,69.00,2000,139500.00,1
BSE,SOFCOM,INE499Q01012,XT,17.99,18.44,17.22,17.93,17.90,74613,1336568.00,49
BSE,SOFTRAKV,INE562E01021,XT,1.54,1.54,1.47,1.49,1.54,20376,30388.00,50
BSE,SOFTTECH,INE728Z01015,B,409.65,409.65,409.65,409.65,414.35,47,19253.00,1
BSE,SOLARA,INE624Z01016,B,653.75,653.75,631.40,641.65,642.60,25856,16588934.00,733
BSE,SOLARINDS,INE343H01029,A,19989.50,20600.00,19810.05,20550.00,20000.05,9224,186811682.00,1940
BSE,SOLARIUM,INE0W0H01017,M,150.50,152.75,148.90,151.70,149.80,6600,994110.00,21
BSE,SOLARWORLD,INE0TY101024,B,142.90,145.60,141.00,142.85,145.10,30460,4342348.00,604
BSE,SOLEX,INE880Y01017,B,735.95,735.95,704.20,713.70,726.70,7503,5340413.00,437
BSE,SOLIDSTON,INE584G01012,X,26.23,26.75,23.80,26.50,26.23,1252,31140.00,16
BSE,SOLIMAC,INE410A01013,X,85.35,87.55,84.00,86.86,83.88,607,52222.00,24
BSE,SOMANYCERA,INE355A01028,B,556.50,576.25,556.50,569.60,563.75,8876,5040997.00,647
BSE,SOMATEX,INE314C01013,B,88.58,88.58,88.58,88.58,84.37,2828,250504.00,13
BSE,SOMICONVEY,INE323J01019,B,91.03,106.49,89.58,106.49,90.03,400,35880.00,100
BSE,SONACOMS,INE073K01018,A,780.20,801.15,773.10,783.00,813.50,424108,331780892.00,9821
BSE,SONALAD,INE344I01017,X,43.00,43.00,41.00,41.50,42.85,204,8469.00,5
BSE,SONALIS,INE0N5O01013,M,41.43,43.99,41.43,43.99,44.00,10000,423900.00,5
BSE,SONATSOFTW,INE269A01021,A,286.70,290.60,282.50,288.95,288.90,51451,14711455.00,1052
BSE,SOTEFIN,INE12Z301012,M,251.10,252.00,242.10,245.05,252.15,26400,6525150.00,42
BSE,SOTL,INE035D01020,B,782.05,795.25,736.10,751.80,771.50,504075,390895650.00,9830
BSE,SOURCEIND,INE695C01015,XT,47.17,47.17,47.17,47.17,46.25,285,13443.00,5
BSE,SOURCENTRL,INE679C01027,X,106.10,111.00,106.10,107.30,110.60,15632,1678677.00,65
BSE,SOUTHBANK,INE683A01023,A,45.58,45.92,45.36,45.57,45.95,617855,28177794.00,3712
BSE,SOUTHERNIN,INE298B01010,X,20.50,20.50,20.50,20.50,20.50,144,2952.00,16
BSE,SOUTHMG,INE308N01012,X,70.50,76.75,70.50,76.62,76.01,624,46706.00,15
BSE,SOUTHWEST,INE980Y01015,B,209.75,209.75,205.00,206.10,209.25,3805,783698.00,146
BSE,SOUTLAT,INE410M01018,XT,34.01,34.01,34.01,34.01,34.70,51,1734.00,6
BSE,SOVERDIA,INE959D01013,X,24.95,27.15,24.95,26.28,24.95,813,21217.00,28
BSE,SPACEINCUBA,INE797Z01028,XT,0.18,0.18,0.18,0.18,0.18,211341,38041.00,74
BSE,SPAL,INE212I01016,B,1020.00,1084.00,1016.20,1077.95,1018.65,11003,11647404.00,645
BSE,SPANDANA,INE572J01011,B,236.25,236.80,232.45,236.30,236.45,5489,1289632.00,401
BSE,SPAR,INE960B01015,X,5.15,5.23,4.29,4.39,4.76,131580,585812.00,149
BSE,SPARC,INE232I01014,B,197.00,207.75,195.00,199.85,196.80,133196,27091753.00,2104
BSE,SPARKLEGR,INE618F01010,X,67.00,67.00,60.99,66.79,66.99,1526,96733.00,29
BSE,SPCAPIT,INE102F01015,X,52.00,52.00,52.00,52.00,52.03,3,156.00,1
BSE,SPECFOOD,INE547C01018,X,16.11,16.53,15.56,16.44,16.14,25251,408454.00,49
BSE,SPECIALITY,INE247M01014,T,138.85,145.00,135.50,141.80,139.55,3095,427572.00,21
BSE,SPECTRA,INE848B01012,Z,3.59,3.95,3.59,3.95,3.77,125,454.00,7
BSE,SPECTRUM,INE01EO01010,T,2070.05,2152.00,2042.50,2140.55,2149.95,2622,5467410.00,50
BSE,SPELS,INE252A01019,B,152.50,152.50,147.55,148.75,148.30,6702,998938.00,326
BSE,SPENCERS,INE020801028,B,28.76,29.30,28.56,29.10,28.92,1756,50589.00,46
BSE,SPENTA,INE175C01018,XT,135.35,135.35,123.15,124.95,128.95,1275,162115.00,13
BSE,SPIC,INE147A01011,B,69.10,69.72,67.88,69.20,68.89,16284,1115221.00,250
BSE,SPICEISLIN,INE882D01025,XT,97.60,105.85,97.40,103.90,102.40,41975,4259930.00,743
BSE,SPICEJET,INE285B01017,B,10.00,10.00,9.51,9.54,9.99,11730185,113510001.00,11741
BSE,SPICELOUNG,INE631E01024,B,23.42,23.43,23.42,23.43,22.32,770073,18041200.00,734
BSE,SPINAROO,INE10XX01012,M,39.00,45.00,38.70,45.00,43.00,6000,245400.00,3
BSE,SPITZE,INE0JSJ01014,M,30.50,32.00,30.40,31.84,32.00,19000,592890.00,15
BSE,SPL,INE0RDR01012,M,21.00,23.00,21.00,21.55,21.40,38400,849056.00,21
BSE,SPLIL,INE978G01016,B,32.00,32.98,30.57,31.21,32.19,1561,49924.00,20
BSE,SPLPETRO,INE663A01033,A,721.00,723.85,714.45,720.95,717.15,3900,2807748.00,226
BSE,SPML,INE0R0M01014,M,151.50,151.50,147.55,148.50,151.00,4000,597000.00,4
BSE,SPMLINFRA,INE937A01023,B,178.05,178.05,173.05,174.30,180.00,13360,2341459.00,322
BSE,SPORTKING,INE885H01029,B,231.00,231.85,222.05,225.75,230.40,28542,6514937.00,721
BSE,SPRAYKING,INE537U01037,B,1.30,1.32,1.27,1.30,1.30,199687,259715.00,150
BSE,SPRIGHT,INE179O01031,X,0.39,0.39,0.36,0.38,0.39,12106423,4517497.00,1602
BSE,SPSL,INE318K01025,X,15.62,15.63,15.10,15.63,14.89,9386,146644.00,17
BSE,SPTRSHI,INE233P01017,X,22.85,23.99,21.01,22.95,22.60,1078,23333.00,21
BSE,SRAMSET,INE777G01012,X,285.00,285.00,270.00,274.65,276.65,508,140366.00,48
BSE,SRD,INE01NE01012,B,41.00,41.00,38.00,38.63,40.40,13271,506352.00,65
BSE,SRECR,INE377C01010,P,24.00,24.00,24.00,24.00,24.00,500,12000.00,1
BSE,SREEL,INE099F01013,B,241.35,259.60,241.35,256.70,251.30,1229,308309.00,86
BSE,SRESTHA,INE606K01049,X,0.25,0.26,0.24,0.25,0.25,4756183,1197159.00,479
BSE,SRF,INE647A01010,A,2608.30,2608.30,2558.00,2597.00,2581.95,1711,4408706.00,379
BSE,SRGFFL,INE326P01019,M,26.55,31.05,26.55,31.05,31.10,9000,265950.00,3
BSE,SRGHFL,INE559N01010,B,240.50,255.60,240.50,253.00,252.80,204,51607.00,7
BSE,SRHHYPOLTD,INE917H01012,B,501.00,504.65,490.30,494.80,496.20,745,369775.00,32
BSE,SRICC,INE827D01020,X,36.01,37.74,36.00,37.52,36.07,1074,39051.00,14
BSE,SRIGEE,INE0RJ901010,M,84.00,84.00,84.00,84.00,83.10,1200,100800.00,1
BSE,SRIKPRIND,INE009C01019,B,28.40,29.13,27.12,29.13,24.28,23870,684731.00,190
BSE,SRINACHA,INE443E01016,X,27.50,27.50,27.29,27.29,26.99,51,1392.00,2
BSE,SRM,INE0R6Z01013,B,439.25,461.20,436.05,458.10,447.35,6677,3007979.00,226
BSE,SRMCL,INE306D01017,X,58.52,58.81,56.85,57.95,57.38,2635,153452.00,35
BSE,SRMENERGY,INE173J01018,X,27.49,27.49,24.90,25.95,26.19,27443,723129.00,152
BSE,SRSOLTD,INE0MNV01014,M,73.00,75.00,61.30,69.80,75.00,24800,1694296.00,27
BSE,SRTL,INE19GK01015,B,39.43,39.43,36.70,36.96,38.07,7395,276176.00,99
BSE,SRUSTEELS,INE425C01017,XT,1.48,1.48,1.38,1.45,1.42,23435,34103.00,68
BSE,SSDL,INE0PQ101010,B,56.50,57.15,55.63,55.83,56.30,1662,93022.00,80
BSE,SSL,INE0LY301010,MT,47.50,47.65,47.30,47.65,48.25,4800,227920.00,3
BSE,SSMD,INE1U2R01013,M,58.00,58.00,58.00,58.00,60.66,1000,58000.00,1
BSE,SSPDL,INE838C01011,X,15.00,15.00,13.93,14.17,15.09,4472,64171.00,20
BSE,SSPNFIN,INE820R01017,M,6.68,6.68,6.68,6.68,6.37,4000,26720.00,1
BSE,SSPRL,INE1EJ401023,M,112.00,119.00,111.55,118.00,113.40,88000,10352900.00,13
BSE,SSTL,INE0JNA01014,M,18.05,20.87,16.56,20.87,20.41,90000,1615750.00,16
BSE,SSWL,INE802C01033,B,352.00,356.10,338.45,349.45,357.90,451247,156022685.00,5016
BSE,SSWRL,INE387D01025,XT,23.54,25.89,23.54,25.70,24.77,9431,224542.00,36
BSE,STAL,INE0RGM01016,MT,33.55,35.17,33.55,35.17,33.50,10400,359328.00,13
BSE,STALLION,INE0RYC01010,T,208.70,215.00,203.25,212.25,207.35,33734,7089282.00,400
BSE,STANBIK,INE16QA01011,M,24.50,24.50,24.00,24.00,28.85,12000,291200.00,3
BSE,STANCAP,INE625D01028,X,0.31,0.31,0.29,0.30,0.31,13094883,3948250.00,1520
BSE,STANLEY,INE01A001028,B,136.00,138.00,134.00,135.35,138.05,4246,576764.00,168
BSE,STANPACK,INE457D01018,X,12.50,12.50,12.50,12.50,12.51,38,475.00,3
BSE,STAR,INE939A01011,A,1022.70,1050.00,1014.00,1047.30,1023.40,15459,15978136.00,800
BSE,STARCEMENT,INE460H01021,B,183.45,185.15,183.05,184.30,185.60,10026,1846822.00,162
BSE,STARDELTA,INE541K01014,X,467.90,467.90,447.05,458.70,451.60,2471,1127429.00,224
BSE,STARHEALTH,INE575P01011,A,564.15,567.00,551.70,562.85,560.00,8042,4492123.00,485
BSE,STARHFL,INE526R01028,X,4.95,5.15,4.92,4.95,4.92,116717,579419.00,105
BSE,STARIMAGIN,INE0YG001013,M,84.95,89.00,83.50,87.89,83.28,26000,2272370.00,23
BSE,STARLENT,INE594W01042,B,8.75,8.75,8.03,8.19,8.37,368073,3014994.00,444
BSE,STARLOG,INE580C01019,X,37.02,37.99,36.84,37.70,37.61,1757,65306.00,11
BSE,STARPAPER,INE733A01018,B,148.10,148.10,148.10,148.10,151.85,9,1332.00,3
BSE,STARSOURCE,INE320M01019,X,81.00,86.00,81.00,82.06,82.81,389,31907.00,16
BSE,STCINDIA,INE655A01013,B,114.00,116.20,112.70,113.10,115.95,2641,301873.00,59
BSE,STCORP,INE110Q01023,X,4.62,5.07,4.61,4.62,4.84,10716,49997.00,42
BSE,STDBAT,INE502C01039,X,42.10,42.90,40.23,42.44,42.47,1779,74273.00,50
BSE,STDSFAC,INE307D01015,X,88.41,88.41,88.41,88.41,80.38,22693,2006288.00,75
BSE,STEELCAS,INE124E01038,B,335.25,342.50,326.90,328.90,340.30,6567,2205948.00,207
BSE,STEELCO,INE629B01032,XT,263.90,269.10,258.60,264.40,263.85,25127,6644733.00,286
BSE,STEELXIND,INE503B01021,B,10.61,10.75,10.53,10.61,10.58,133011,1414837.00,371
BSE,STEL,INE577L01016,B,610.00,610.00,599.40,601.70,623.30,478,289151.00,45
BSE,STELLANT,INE395F01023,XT,1089.70,1089.70,1020.00,1051.45,1066.55,7591,7963673.00,415
BSE,STELLAR,INE325P01011,M,4.85,6.00,4.85,6.00,5.70,12000,65100.00,2
BSE,STEP2COR,INE623D01015,X,29.90,29.94,29.90,29.94,27.22,1610,48201.00,11
BSE,STERPOW,INE067E01013,X,29.12,29.12,27.67,27.72,29.12,14616,407497.00,138
BSE,STERTOOLS,INE334A01023,T,212.00,222.80,210.50,220.70,213.20,1699,365283.00,63
BSE,STHINPA,INE088G01014,X,118.50,119.10,116.00,117.50,117.95,12177,1429903.00,42
BSE,STL,INE402Y01028,B,8.10,8.49,7.91,8.42,8.05,79446,658793.00,216
BSE,STLNETWORK,INE1VXE01018,B,27.14,28.20,26.71,27.99,27.22,211116,5848493.00,1405
BSE,STLSTRINF,INE205F01016,B,20.32,20.32,18.50,19.84,20.32,562,11413.00,7
BSE,STLTECH,INE089C01029,T,674.05,725.40,665.75,713.85,694.30,122582,86238831.00,4695
BSE,STML,INE0MSK01016,M,68.00,68.00,68.00,68.00,68.00,1200,81600.00,1
BSE,STOVACQ,INE755D01015,X,1679.00,1679.00,1630.15,1669.00,1644.75,151,249973.00,14
BSE,STOVEKRAFT,INE00IN01015,B,838.20,857.05,835.70,843.45,847.90,7206,6097508.00,421
BSE,STRATMONT,INE473C01025,X,57.86,57.86,54.43,54.43,57.29,4145,227227.00,40
BSE,STRGRENWO,INE398F01019,X,22.00,22.00,21.99,21.99,23.14,22,483.00,2
BSE,STUDDS,INE00Q601028,B,433.05,442.00,428.55,432.75,441.25,7408,3195844.00,288
BSE,STYL,INE04VU01023,B,384.85,393.35,378.30,385.90,385.85,3981,1535950.00,236
BSE,STYLAMIND,INE239C01020,B,3340.00,3438.60,3248.50,3264.75,3326.50,3349,11175388.00,454
BSE,STYLEBAAZA,INE01FR01028,B,390.20,404.90,388.00,395.75,398.90,29655,11698137.00,514
BSE,STYRENIX,INE189B01011,B,2013.00,2031.45,1985.85,1986.40,2014.75,1347,2697988.00,237
BSE,SUBAM,INE0U6201010,M,206.00,210.00,204.35,205.20,209.95,9600,1989880.00,12
BSE,SUBEXLTD,INE754A01055,B,17.79,18.15,17.52,17.60,17.90,299277,5307415.00,756
BSE,SUBROS,INE287B01021,B,711.90,714.00,703.90,706.15,717.00,2162,1529180.00,230
BSE,SUCROSA,INE366G01022,XT,14.00,14.49,13.90,14.01,14.17,17548,246478.00,55
BSE,SUDAI,INE618D01015,X,48.10,48.10,45.20,45.21,46.96,2119,96515.00,27
BSE,SUDARCOLOR,INE492A01029,B,379.00,394.00,375.15,390.10,380.15,909,349430.00,133
BSE,SUDARSCHEM,INE659A01023,A,1248.75,1251.45,1210.75,1246.95,1240.40,17522,21625220.00,885
BSE,SUDARSHAN,INE00TV01023,M,38.50,39.40,38.00,39.09,38.61,3796000,145262400.00,42
BSE,SUDEEPPHRM,INE0QPI01025,B,1259.95,1284.85,1222.20,1234.70,1223.70,23890,30116730.00,1378
BSE,SUDTIND-B,INE691D01012,X,73.40,73.40,62.00,66.65,69.75,68323,4459790.00,561
BSE,SUGALDAM,INE309D01011,X,62.00,64.75,60.00,60.00,62.00,1333,82330.00,17
BSE,SUGSLLOYD,INE0XX801016,M,217.40,225.00,206.60,218.60,212.40,50000,10896400.00,48
BSE,SUJALA,INE029H01016,X,13.50,13.94,13.00,13.21,13.45,68668,912988.00,191
BSE,SUKHJITS,INE450E01029,B,158.05,160.60,157.50,157.60,160.70,180,28513.00,6
BSE,SULA,INE142Q01026,B,149.90,149.90,146.10,148.10,148.15,8993,1323932.00,281
BSE,SULABEN,INE673M01029,X,2.68,2.68,2.24,2.43,2.63,173310,419149.00,198
BSE,SUMEDHA,INE886B01012,B,39.50,39.50,38.52,38.72,39.50,12945,508637.00,19
BSE,SUMEETINDS,INE235C01036,B,11.60,11.60,11.12,11.33,11.70,490337,5531086.00,973
BSE,SUMERUIND,INE764B01029,X,1.51,1.51,1.41,1.46,1.46,14139,20370.00,37
BSE,SUMICHEM,INE258G01013,A,516.30,516.30,499.20,505.00,514.35,14532,7335443.00,579
BSE,SUMMITSEC,INE519C01017,B,1417.00,1420.00,1401.00,1415.00,1414.85,187,264310.00,64
BSE,SUNCITYSY,INE584D01019,X,10.45,10.55,10.45,10.45,10.10,3255,34015.00,9
BSE,SUNCLAY,INE0Q3R01026,B,1266.00,1290.20,1265.50,1276.00,1301.90,91,115603.00,15
BSE,SUNDARAM,INE108E01023,B,1.22,1.27,1.22,1.23,1.22,36948,45478.00,71
BSE,SUNDARMFIN,INE660A01013,B,4533.75,4599.50,4527.80,4559.05,4529.45,741,3387261.00,158
BSE,SUNDRMBRAK,INE073D01013,T,750.00,750.00,740.10,740.10,774.00,92,68208.00,6
BSE,SUNDRMFAST,INE387A01021,A,1206.75,1206.75,1186.05,1200.40,1206.65,8277,9903495.00,822
BSE,SUNDROP,INE209A01019,B,660.90,660.90,647.00,655.55,655.25,814,528892.00,13
BSE,SUNFLAG,INE947A01014,B,343.65,353.65,335.05,347.05,339.70,20907,7269563.00,504
BSE,SUNGOLD,INE271D01013,X,2.77,2.81,2.70,2.70,2.56,874,2420.00,10
BSE,SUNILAGR,INE224D01012,X,83.07,83.07,82.24,82.24,79.22,10,826.00,2
BSE,SUNITATOOL,INE0Q1S01010,MT,1055.00,1076.00,1025.00,1073.00,1060.25,6125,6450443.00,36
BSE,SUNLOC,INE671C01016,B,77.90,79.00,76.10,78.19,79.90,899,69780.00,28
BSE,SUNPHARMA,INE044A01036,A,1928.70,1948.05,1915.75,1933.00,1930.45,58083,112282344.00,5006
BSE,SUNRAKSHAK,INE671K01027,B,365.10,374.40,365.05,372.00,365.05,3697,1369228.00,97
BSE,SUNSHIEL,INE199E01014,B,1148.00,1150.00,1139.95,1149.30,1147.05,368,421454.00,37
BSE,SUNSHINE,INE1B3O01011,B,454.90,473.40,436.60,445.30,452.70,287709,131100998.00,4128
BSE,SUNTECK,INE805D01034,B,300.55,300.55,294.90,295.80,302.45,6744,2002587.00,272
BSE,SUNTV,INE424H01027,A,466.30,466.30,455.75,460.55,462.50,10475,4808001.00,770
BSE,SUPER,INE091C01017,XT,1200.00,1242.00,1200.00,1235.00,1202.15,774,938256.00,44
BSE,SUPERBAK,INE897A01011,X,37.49,37.49,37.48,37.48,37.50,4,149.00,2
BSE,SUPERHOUSE,INE712B01010,B,172.75,173.80,166.20,170.60,173.80,369,63261.00,20
BSE,SUPERIOR,INE574R01028,X,1.60,1.60,1.46,1.50,1.60,759,1151.00,8
BSE,SUPERIRON,INE16IQ01014,M,37.99,37.99,37.99,37.99,37.99,1200,45588.00,1
BSE,SUPERSPIN,INE662A01027,T,6.54,6.54,6.51,6.51,6.56,2078,13542.00,5
BSE,SUPERTEX,INE881B01054,X,5.51,5.97,5.51,5.95,6.39,2127,12489.00,12
BSE,SUPHA,INE549S01036,Z,0.30,0.30,0.28,0.29,0.29,862768,246293.00,372
BSE,SUPRAJIT,INE399C01030,A,510.00,510.00,497.00,501.45,506.00,123684,61964706.00,238
BSE,SUPRAPFSL,INE268T01015,X,33.97,33.99,32.53,33.98,33.82,41101,1384480.00,520
BSE,SUPRATRE,INE533B01028,X,14.50,14.50,14.50,14.50,14.50,600,8700.00,3
BSE,SUPREME,INE822E01011,B,38.16,38.16,36.01,36.98,38.19,1817,67171.00,123
BSE,SUPREMEIND,INE195A01028,A,3573.85,3573.85,3506.75,3542.05,3573.90,3930,13870334.00,612
BSE,SUPREMEINF,INE550H01011,B,85.40,85.88,82.10,85.20,84.50,15521,1313456.00,58
BSE,SUPRIYA,INE07RO01027,B,800.05,848.55,799.45,841.50,802.40,49043,40943174.00,1949
BSE,SUPTANERY,INE460D01038,T,16.00,16.45,14.89,14.89,15.67,275087,4414660.00,770
BSE,SURAJ,INE069E01019,Z,249.00,265.00,248.10,259.50,255.75,2674,689119.00,38
BSE,SURAJEST,INE843S01025,B,191.00,191.00,188.75,189.40,191.00,655,123993.00,40
BSE,SURAJLTD,INE713C01016,B,205.00,206.00,205.00,206.00,206.00,101,20781.00,5
BSE,SURAKSHA,INE877V01027,B,335.00,344.00,335.00,339.85,341.10,11452,3900178.00,329
BSE,SURANASOL,INE272L01022,B,26.02,26.73,25.75,25.76,26.43,4432,115037.00,75
BSE,SURANAT&P,INE130B01031,B,16.59,16.59,15.68,16.25,15.98,3109,50144.00,48
BSE,SURATRAML,INE936A01025,X,4.61,4.72,4.61,4.69,4.63,42524,199544.00,154
BSE,SURBHIN,INE899E01019,XT,87.09,87.09,87.09,87.09,82.95,53,4615.00,7
BSE,SURFI,INE565E01016,X,15.89,16.69,15.30,16.69,15.90,3841,62639.00,16
BSE,SURJIND,INE170U01011,X,62.37,62.37,58.60,61.00,59.44,6065,369694.00,54
BSE,SURYAAMBA,INE360J01011,X,118.60,118.95,118.60,118.95,118.95,120,14270.00,3
BSE,SURYALA,INE132C01027,B,405.00,457.00,405.00,434.35,381.35,374,156802.00,24
BSE,SURYALAXMI,INE713B01026,B,67.90,67.90,59.99,63.80,65.00,1633,99449.00,63
BSE,SURYAROSNI,INE335A01020,B,216.15,218.55,215.15,216.55,218.85,215384,46916745.00,878
BSE,SURYODAY,INE428Q01011,B,150.00,152.10,149.70,151.80,150.75,6818,1029043.00,111
BSE,SUSAN,INE2L0V01019,MT,295.15,316.70,289.50,316.70,301.65,89000,27507450.00,87
BSE,SUTLEJTEX,INE645H01027,T,38.50,39.00,38.06,39.00,40.00,1054,40439.00,27
BSE,SUVEN,INE495B01038,B,380.45,388.25,370.95,373.45,380.90,37755,14316876.00,1046
BSE,SUVIDHAA,INE018401013,B,2.19,2.20,2.00,2.11,2.19,79589,167073.00,151
BSE,SUYOG,INE442P01014,B,741.20,750.00,720.00,728.25,733.30,457,340680.00,44
BSE,SUZLON,INE040H01021,A,46.40,46.40,45.47,45.50,46.49,3305472,150906508.00,22400
BSE,SVAMSOF,INE119B01018,X,4.90,4.90,4.72,4.89,4.87,3647,17523.00,26
BSE,SVARTCORP,INE895A01023,X,3.41,3.43,3.30,3.41,3.41,34994,117744.00,61
BSE,SVCIND,INE038B01010,X,3.09,3.32,2.86,3.03,3.03,59060,178264.00,107
BSE,SVGLOBAL,INE159L01013,B,121.05,121.05,120.60,120.80,124.70,367,44304.00,10
BSE,SVPGLOB,INE308E01029,B,3.74,3.74,3.56,3.72,3.74,6934,24966.00,19
BSE,SVRL,INE0HLJ01013,T,520.00,526.70,513.80,519.00,513.80,12253,6358193.00,17
BSE,SVS,INE0MID01012,M,5.55,6.04,5.50,5.66,5.95,48000,274020.00,7
BSE,SWADEIN,INE716M01034,X,70.75,79.00,70.75,78.41,77.80,3082,229033.00,86
BSE,SWADHATURE,INE0P4R01017,X,6.82,6.82,6.82,6.82,6.50,3881,26468.00,2
BSE,SWADPOL,INE243N01029,X,36.00,37.35,35.61,37.34,35.61,6671,239862.00,67
BSE,SWAGTAM,INE150R01019,X,70.00,70.00,70.00,70.00,70.00,2,140.00,1
BSE,SWANCORP,INE665A01038,A,286.35,287.20,282.80,284.90,289.20,24700,7022744.00,445
BSE,SWANDEF,INE542F01020,T,2410.00,2460.00,2305.50,2442.35,2398.80,904,2170889.00,108
BSE,SWARAJ,INE0GMR01016,T,363.00,363.00,356.50,357.15,358.65,1405,502828.00,47
BSE,SWARAJENG,INE277A01016,B,3531.75,3555.90,3504.35,3552.50,3531.75,406,1431831.00,83
BSE,SWARNSAR,INE967A01012,B,34.02,34.05,34.01,34.05,34.01,27,918.00,4
BSE,SWASTIKA,INE691C01022,XT,168.60,168.60,160.35,161.00,168.75,14290,2306425.00,163
BSE,SWASTIKAAL,INE0PTF01017,MT,144.25,144.25,130.55,141.50,137.40,136000,18975600.00,65
BSE,SWASTIVI,INE804A01025,X,3.39,3.69,3.32,3.39,3.39,61017,214478.00,98
BSE,SWATIPRO,INE210F01016,XT,43.89,43.89,43.89,43.89,46.19,9778,429156.00,95
BSE,SWELECTES,INE409B01013,B,575.25,594.95,572.05,585.95,583.60,1338,773983.00,140
BSE,SWIGGY,INE00H001014,A,272.10,272.10,264.45,267.50,275.00,1028973,273963209.00,11902
BSE,SWISSMLTRY,INE010C01025,B,16.33,16.33,15.58,15.80,15.86,12862,203840.00,93
BSE,SWITCHTE,INE311D01017,XT,112.05,122.50,112.05,121.40,116.70,1909,223851.00,20
BSE,SWOJAS,INE295B01016,X,7.40,7.75,7.40,7.48,7.46,29202,220826.00,34
BSE,SWSOLAR,INE00M201021,B,188.70,188.70,183.55,187.05,187.50,68156,12620878.00,1029
BSE,SYLPH,INE706F01021,X,0.22,0.22,0.20,0.21,0.22,8366735,1766196.00,824
BSE,SYMBIOTEC,INE899I01028,B,1100.00,1161.65,1084.70,1092.20,1095.95,723385,811913560.00,29464
BSE,SYMBIOX,INE653R01012,X,1.85,1.94,1.85,1.94,1.94,1654,3199.00,20
BSE,SYMPHONY,INE225D01027,B,579.55,579.55,564.00,567.75,573.90,3235,1835176.00,265
BSE,SYNCOMF,INE312C01025,B,19.90,21.62,19.70,21.39,20.07,2304395,47966461.00,3953
BSE,SYNGENE,INE398R01022,A,398.05,403.85,397.45,398.50,401.65,13025,5211291.00,970
BSE,SYRMA,INE0DYJ01015,A,1444.70,1456.65,1429.00,1436.45,1447.80,279518,401011558.00,1539
BSE,SYSCHEM,INE121D01036,X,31.56,31.56,30.30,30.68,31.15,13297,407295.00,85
BSE,SYSTEMATIC,INE1KLZ01011,M,244.90,270.00,235.00,267.05,237.60,247200,63706710.00,353
BSE,SYSTMTXC,INE356B01024,T,59.34,59.34,57.90,58.40,57.90,135,7890.00,5
BSE,TAALTECH,INE524T01011,B,4406.80,4422.05,4215.40,4391.70,4388.50,170,741833.00,42
BSE,TAHMARENT,INE385D01029,XT,3.50,3.50,3.30,3.33,3.45,19255,64387.00,61
BSE,TAIIND,INE358D01018,X,23.45,25.83,23.45,23.80,24.60,37,899.00,10
BSE,TAINWALCHM,INE123C01018,B,207.00,213.60,207.00,207.75,207.00,69,14366.00,7
BSE,TAJGVK,INE586B01026,B,327.55,344.85,322.75,343.45,328.40,5394,1812024.00,183
BSE,TAKE,INE142I01023,B,13.97,13.97,13.97,13.97,14.70,6608,92313.00,59
BSE,TAKYON,INE14OX01013,M,18.00,18.00,18.00,18.00,18.22,2000,36000.00,1
BSE,TALBROAUTO,INE187D01029,B,407.70,417.15,405.30,406.40,410.90,4030,1649914.00,232
BSE,TALBROSENG,INE717E01013,X,631.60,646.00,631.60,636.55,631.60,2426,1552358.00,46
BSE,TAMBOLIIN,INE864J01012,T,248.25,260.00,248.25,260.00,248.25,100,25414.00,4
BSE,TANAA,INE692C01020,B,287.10,290.00,281.00,283.65,289.80,2151,611798.00,150
BSE,TANDHANIN,INE896J01014,XT,166.75,166.75,158.00,161.65,166.30,7409,1176204.00,85
BSE,TANFACIND,INE639B01023,B,3144.00,3144.00,2933.00,3061.45,3132.15,51285,155170698.00,3558
BSE,TANLA,INE483C01032,A,540.95,540.95,526.70,527.90,543.70,22484,11907384.00,1139
BSE,TARAI,INE906C01016,Z,4.73,4.73,4.73,4.73,4.51,49,231.00,1
BSE,TARAPUR,INE747K01017,B,12.25,13.49,12.25,13.14,13.38,10111,129413.00,96
BSE,TARC,INE0EK901012,B,120.75,122.15,119.00,121.10,122.55,27919,3367962.00,298
BSE,TARIL,INE763I01026,A,309.05,309.05,300.30,302.00,309.10,85890,25970322.00,1834
BSE,TARINI,INE849M01017,M,7.07,7.34,7.07,7.34,8.30,6000,43230.00,2
BSE,TARMAT,INE924H01018,B,58.13,64.00,57.46,62.74,59.26,4869,300463.00,58
BSE,TARSONS,INE144Z01023,B,342.40,347.05,336.85,345.65,344.30,5582,1913214.00,221
BSE,TASTYBITE,INE488B01017,B,9872.00,10029.95,9838.40,9984.80,9924.45,94,931121.00,30
BSE,TATACAP,INE976I01016,A,363.20,368.00,361.10,364.85,368.15,68691,25008593.00,2009
BSE,TATACHEM,INE092A01019,A,634.00,635.85,625.70,633.90,633.55,18288,11552644.00,980
BSE,TATACOMM,INE151A01013,A,1745.50,1745.50,1693.25,1710.05,1734.40,7230,12321691.00,649
BSE,TATACONSUM,INE192A01025,A,1025.00,1025.60,1008.75,1011.50,1027.00,172475,174996028.00,2370
BSE,TATAELXSI,INE670A01012,A,3634.70,3634.70,3535.25,3610.00,3635.00,10706,38364216.00,1690
BSE,TATAINVEST,INE672A01026,A,630.75,633.00,624.50,627.75,634.05,23811,14950294.00,1267
BSE,TATAPOWER,INE245A01021,A,349.65,363.80,347.15,363.80,350.10,885954,317556738.00,11434
BSE,TATASTEEL,INE081A01020,A,182.95,184.00,181.40,183.60,183.95,749352,137034495.00,8679
BSE,TATATECH,INE142M01025,A,817.25,817.25,795.50,812.20,814.65,47038,37891740.00,1780
BSE,TATIAGLOB,INE083G01031,X,2.26,2.27,2.20,2.22,2.25,47253,104920.00,157
BSE,TATVA,INE0GK401011,B,1600.00,1632.25,1563.10,1618.40,1605.25,2657,4228393.00,304
BSE,TAVEXIA,INE280E01038,X,1.02,1.04,0.99,0.99,1.02,756519,760938.00,269
BSE,TBOTEK,INE673O01025,A,1717.25,1728.45,1668.40,1701.05,1722.35,3339,5672548.00,387
BSE,TBZ,INE760L01018,B,384.95,430.40,380.00,417.05,366.50,1576389,636757457.00,29326
BSE,TCC,INE887D01016,B,224.80,238.00,224.80,233.35,227.55,17938,4167169.00,287
BSE,TCFCFINQ,INE389D01013,X,25.16,25.94,25.00,25.94,25.35,115,2918.00,12
BSE,TCI,INE688A01022,B,889.35,889.40,866.15,868.10,881.75,1233,1073407.00,195
BSE,TCIEXP,INE586V01016,B,540.00,558.30,531.35,542.30,541.70,2187,1188674.00,204
BSE,TCIFINANCE,INE911B01018,T,15.33,15.69,15.33,15.60,15.06,229,3533.00,4
BSE,TCIIND,INE920B01019,X,1199.00,1205.00,1150.00,1160.00,1200.00,343,406251.00,16
BSE,TCMLMTD,INE034F01010,X,44.99,49.90,44.50,48.37,44.20,19765,952040.00,131
BSE,TCPLPACK,INE822C01015,B,3854.80,4030.65,3845.70,3983.25,3850.25,322,1281769.00,103
BSE,TCS,INE467B01029,A,2353.95,2362.90,2302.70,2345.00,2366.00,86544,202356663.00,6477
BSE,TDPOWERSYS,INE419M01035,A,757.25,758.25,733.00,735.40,757.70,61454,45651941.00,2629
BSE,TDSL,INE773Y01014,Z,5.07,5.20,4.95,4.95,4.97,16773,85214.00,42
BSE,TEAM24,INE601A01017,X,29.29,29.29,27.81,27.81,29.20,863,24087.00,8
BSE,TEAMGTY,INE289C01025,B,246.00,246.00,230.20,244.60,242.80,12,2792.00,3
BSE,TEAMLEASE,INE985S01024,B,1378.30,1412.75,1250.00,1251.75,1266.00,1358,1699183.00,106
BSE,TECHKGREEN,INE0P4P01011,M,139.90,139.90,134.00,135.95,136.90,2000,273900.00,5
BSE,TECHM,INE669C01036,A,1635.75,1635.75,1605.50,1622.00,1636.00,39753,64285127.00,2942
BSE,TECHNICHEM,INE0ZHT01012,M,37.20,40.90,37.07,40.90,39.02,24000,913480.00,12
BSE,TECHNOCRAF,INE1D0W01018,B,373.50,380.80,369.00,376.55,374.10,56638,21261083.00,1538
BSE,TECHNOCRAT,INE19QK01022,MT,292.45,292.45,292.45,292.45,278.55,12000,3509400.00,10
BSE,TECHNOE,INE285K01026,A,975.70,976.75,959.90,969.70,975.70,5706,5525737.00,434
BSE,TECHNVISN,INE314H01012,B,5215.30,5295.40,5030.10,5089.35,5215.30,78,398496.00,25
BSE,TECILCHEM,INE014B01011,B,9.85,10.98,9.64,9.81,9.98,15448,161269.00,104
BSE,TEEAI,INE757D01011,X,110.65,116.30,110.65,116.25,116.50,92,10222.00,4
BSE,TEGA,INE011K01018,A,1563.95,1564.00,1535.00,1540.80,1569.70,2480,3840931.00,217
BSE,TEJASNET,INE010J01012,A,534.40,553.40,532.05,548.20,542.10,111563,60525560.00,2595
BSE,TEJASSVI,INE173E01019,XT,64.00,64.00,62.66,63.95,65.94,6044,380527.00,17
BSE,TEJNAKSH,INE030T01027,X,13.85,13.85,13.50,13.55,13.53,877,11893.00,16
BSE,TELECANOR,INE381G01013,XT,21.85,21.85,21.85,21.85,23.00,6026,131668.00,40
BSE,TELGE,INE0SRP01014,MT,197.95,197.95,188.00,190.50,188.90,32400,6259260.00,25
BSE,TELOGICA,INE778I01024,XT,8.02,8.58,7.96,8.03,8.18,31974,261359.00,45
BSE,TEMPSENS,INE1KZI01025,B,535.20,588.70,534.55,565.70,539.05,1096889,623386876.00,23939
BSE,TENNIND,INE19RI01016,B,526.55,526.55,497.95,519.85,525.15,278158,142496116.00,2575
BSE,TERAI,INE390D01011,B,134.00,134.00,127.20,127.55,135.00,91,11786.00,5
BSE,TERASOFT,INE482B01010,B,285.05,295.00,281.00,290.15,286.55,1263,363816.00,63
BSE,TEXELIN,INE594V01028,X,65.79,65.79,60.22,62.34,64.58,22602,1415407.00,128
BSE,TEXINFRA,INE435C01024,B,113.45,115.95,113.25,113.90,113.45,7666,873514.00,134
BSE,TEXMOPIPES,INE141K01013,B,45.95,46.36,45.41,45.45,45.44,2073,95037.00,136
BSE,TEXRAIL,INE621L01012,A,113.80,114.45,111.40,113.60,113.20,164035,18565883.00,1220
BSE,TFCILTD,INE305A01023,A,141.85,147.70,140.90,145.80,140.90,511330,73957346.00,2712
BSE,TFL,INE804H01012,B,11.98,12.50,11.98,12.50,11.75,799,9935.00,9
BSE,TFSL,INE761R01013,X,28.75,28.75,28.75,28.75,30.25,20,575.00,1
BSE,TGBHOTELS,INE797H01018,B,9.55,9.80,9.19,9.80,9.88,2560,23749.00,22
BSE,TGIF,INE0SMU01015,M,101.75,102.00,97.50,102.00,101.25,3600,361500.00,3
BSE,TGVSL,INE284B01028,B,103.00,104.50,102.20,103.50,103.35,40909,4226634.00,881
BSE,THAKDEV,INE403F01017,B,141.55,141.55,135.65,140.00,150.55,274,38521.00,28
BSE,THAKRAL,INE190F01028,X,15.87,15.87,14.40,15.62,15.15,278,4098.00,7
BSE,THANGAMAYL,INE085J01014,A,5250.50,5434.00,5171.60,5237.95,5311.75,6238,33132355.00,1369
BSE,THEINVEST,INE924D01017,B,96.38,96.38,94.05,95.49,94.67,4600,436305.00,68
BSE,THELEELA,INE0AQ201015,A,586.75,586.75,561.00,569.80,575.05,11350,6412735.00,504
BSE,THEMISMED,INE083B01024,B,123.05,128.00,122.45,124.10,123.80,10468,1313541.00,205
BSE,THERMAX,INE152A01029,A,3897.70,3898.00,3743.10,3752.55,3918.95,9963,37982685.00,1600
BSE,THINKINK,INE365S01045,X,0.19,0.19,0.19,0.19,0.19,463432,88052.00,147
BSE,THOMASCOOK,INE332A01027,A,106.00,109.15,104.20,106.05,105.60,38654,4103186.00,351
BSE,THOMASCOTT,INE480M01011,B,260.00,267.40,257.15,266.70,263.55,2252,585934.00,88
BSE,THREEMPAPE,INE0UK501010,M,26.00,26.00,24.00,24.03,24.16,10000,249100.00,5
BSE,THRIVE,INE628D01014,X,90.00,93.00,86.00,91.86,87.00,2828,254131.00,41
BSE,THYROCARE,INE594H01019,A,595.10,595.10,573.00,575.95,590.75,16898,9776280.00,1022
BSE,TI,INE133E01013,A,541.25,557.70,531.00,550.70,546.20,54108,29284209.00,1720
BSE,TICL,INE388G01026,T,8.38,8.38,8.02,8.16,8.44,3144,25724.00,29
BSE,TIERRA,INE05CY01014,X,49.50,52.75,47.10,52.12,49.86,52672,2641859.00,126
BSE,TIGERLOGS,INE906O01029,B,28.10,28.50,27.77,28.09,28.23,7953,223437.00,110
BSE,TIGLOB,INE811B01010,X,166.45,175.00,166.00,175.00,169.55,251,42631.00,11
BSE,TIHIL,INE502D01011,XT,2.71,2.86,2.71,2.78,2.76,33106,92293.00,61
BSE,TIIL,INE545H01011,B,3255.85,3315.80,3232.40,3253.10,3259.65,3457,11350295.00,528
BSE,TIINDIA,INE974X01010,A,2736.20,2736.25,2681.00,2716.00,2765.40,18983,51370287.00,1962
BSE,TIJARIA,INE440L01017,B,6.86,7.77,6.81,7.58,6.48,65352,499767.00,333
BSE,TIL,INE806C01018,T,233.90,236.00,227.10,234.90,231.40,6538,1522635.00,44
BSE,TILAK,INE026L01022,X,1.33,1.33,1.28,1.30,1.30,728086,946634.00,504
BSE,TIMESGREEN,INE0B6101012,MT,74.82,81.00,74.82,81.00,78.75,12000,922680.00,3
BSE,TIMETECHNO,INE508G01029,A,189.00,193.25,187.60,188.00,190.65,93069,17622422.00,1183
BSE,TIMEX,INE064A01026,B,646.05,654.80,639.55,644.05,647.05,18331,11885833.00,987
BSE,TIMKEN,INE325A01013,A,3165.00,3165.00,3115.45,3126.40,3200.20,822,2575668.00,176
BSE,TINNARUBR,INE015C01016,B,1009.95,1029.65,995.00,1020.70,1020.80,3757,3796517.00,334
BSE,TIPCO,INE1U6D01014,MT,243.00,255.90,243.00,255.20,243.75,179200,45166720.00,84
BSE,TIPSFILMS,INE0LQS01015,B,331.80,339.00,326.40,328.50,334.00,133,43840.00,35
BSE,TIPSMUSIC,INE716B01029,A,643.80,643.80,628.70,631.40,643.20,8196,5186598.00,422
BSE,TIRSARJ,INE297J01023,X,8.50,8.58,8.00,8.30,8.42,17098,139458.00,54
BSE,TIRTPLS,INE008N01018,X,27.00,27.00,25.65,26.99,27.00,524,13585.00,23
BSE,TIRUFOAM,INE115G01015,X,117.85,117.85,112.55,113.00,118.45,330,37316.00,7
BSE,TIRUMALCHM,INE338A01024,B,159.05,160.90,155.20,159.85,159.45,28833,4568258.00,596
BSE,TIRUPATIIN,INE812Q01016,X,6.39,6.39,5.96,6.21,6.25,37704,232286.00,176
BSE,TIRUSTA,INE314D01011,X,134.40,135.00,133.85,133.95,131.00,57,7636.00,6
BSE,TITAANIUM,INE120V01014,MT,18.00,18.55,18.00,18.55,18.55,3000,55100.00,3
BSE,TITAGARH,INE615H01020,A,835.25,839.00,819.40,825.20,834.25,22847,18886254.00,1264
BSE,TITAN,INE280A01028,A,4995.25,5070.00,4979.15,5070.00,5035.00,38180,191219890.00,4885
BSE,TITANBIO,INE150C01029,XT,403.10,414.85,403.10,414.85,395.10,46471,19085422.00,621
BSE,TITANIN,INE807M01031,X,0.95,0.96,0.92,0.94,0.94,3123311,2936133.00,948
BSE,TITANSEC,INE090D01017,X,39.81,41.39,39.81,40.31,40.27,31966,1299549.00,121
BSE,TLL,INE0MKA01014,M,273.55,275.50,271.80,275.10,273.55,20400,5599230.00,34
BSE,TMB,INE668A01016,A,915.95,916.00,895.00,908.00,907.00,7334,6632036.00,592
BSE,TMCV,INE1TAE01010,B,460.25,461.00,444.50,447.25,464.40,800961,359221524.00,23395
BSE,TMPV,INE155A01022,A,308.00,312.90,305.80,312.90,310.60,531165,164123855.00,14200
BSE,TNPETRO,INE148A01019,B,134.05,138.15,132.50,133.60,132.70,375802,50629229.00,2303
BSE,TNPL,INE107A01015,B,148.20,149.00,144.70,145.60,149.30,7578,1112443.00,163
BSE,TNTELE,INE141D01018,B,8.90,9.60,8.71,8.95,9.00,978,8948.00,19
BSE,TOKYOFIN,INE546D01018,X,19.67,19.67,17.28,17.34,18.74,1005,18204.00,10
BSE,TOKYOPLAST,INE932C01012,B,76.32,76.32,76.32,76.32,76.10,3,228.00,1
BSE,TOLINS,INE0RWQ01014,B,92.25,93.00,91.14,92.08,94.24,5752,528614.00,238
BSE,TORNTPHARM,INE685A01028,A,4977.90,5006.10,4935.15,5004.40,4958.95,4838,24055977.00,1490
BSE,TORNTPOWER,INE813H01021,A,1219.80,1267.00,1219.35,1249.70,1219.50,106344,132789173.00,6166
BSE,TOTEM,INE0TT901016,X,143.00,144.90,138.90,139.70,144.30,17165,2441824.00,258
BSE,TOYAMSL,INE457P01020,B,0.62,0.64,0.62,0.63,0.63,379214,240491.00,82
BSE,TPHQ,INE065J01024,T,0.59,0.60,0.57,0.60,0.58,700165,417711.00,305
BSE,TPINDIA,INE578C01021,XT,19.66,19.66,19.50,19.66,19.66,27271,534601.00,12
BSE,TPLPLASTEH,INE413G01022,B,72.94,72.94,70.10,70.67,71.84,3760,267085.00,66
BSE,TPROJECT,INE901C01017,X,4.18,4.18,3.50,3.69,3.50,5199,19960.00,24
BSE,TRABI,INE773D01018,X,2.89,2.89,2.60,2.70,2.83,34591,95322.00,85
BSE,TRACXN,INE0HMF01019,B,30.00,30.20,29.50,29.97,30.06,10088,300675.00,49
BSE,TRADEUNO,INE1GUJ01014,M,109.00,109.00,107.40,109.00,111.25,8400,913080.00,6
BSE,TRADEWELL,INE819G01012,X,45.03,45.03,45.03,45.03,47.40,2500,112575.00,1
BSE,TRADWIN,INE961E01017,XT,533.60,533.60,533.60,533.60,544.45,52,27747.00,2
BSE,TRANSCHEM,INE019B01010,XT,355.00,362.00,338.50,358.10,351.65,2563,891579.00,90
BSE,TRANSCOR,INE330E01023,B,24.57,25.79,23.16,24.69,25.99,9642,232355.00,76
BSE,TRANSFD,INE213P01027,X,394.35,414.00,394.35,414.00,415.00,125,49392.00,5
BSE,TRANSFRE,INE360D01014,X,18.80,19.99,18.80,19.99,20.00,548,10331.00,16
BSE,TRANSPEK,INE687A01016,T,1365.00,1435.00,1365.00,1388.00,1416.10,268,372763.00,16
BSE,TRANSRAILL,INE454P01035,A,434.50,438.85,426.50,427.50,433.25,14612,6265918.00,698
BSE,TRANSVOY,INE0MPU01011,MT,95.95,96.99,95.95,96.99,92.40,3200,308184.00,4
BSE,TRANSWORLD,INE757B01015,T,167.10,167.10,167.10,167.10,170.50,101,16877.00,2
BSE,TRAVELFOOD,INE103V01028,B,1288.95,1306.00,1250.10,1272.40,1275.35,7598,9682720.00,706
BSE,TREEHOUSE,INE040M01013,B,6.34,6.49,6.10,6.19,6.47,1812,11318.00,13
BSE,TREJHARA,INE00CA01015,B,170.00,170.00,142.05,146.25,144.15,2092,305974.00,53
BSE,TREL,INE0O3901029,B,27.03,27.81,26.86,26.86,26.95,3334,91202.00,67
BSE,TRENT,INE849A01020,A,2863.70,2871.00,2810.15,2862.50,2850.20,21102,59819812.00,3983
BSE,TRESCON,INE088D01011,X,8.03,8.89,8.03,8.57,8.32,16020,133538.00,50
BSE,TRF,INE391D01019,B,224.00,225.95,221.90,223.50,225.10,5383,1202730.00,27
BSE,TRICOMFRU,INE843F01014,XT,1.29,1.41,1.29,1.29,1.35,42794,55204.00,25
BSE,TRIDENT,INE064C01022,A,24.05,24.15,23.77,24.07,24.14,401086,9607850.00,1547
BSE,TRIGYN,INE948A01012,B,60.38,60.85,59.00,59.48,60.60,1691,101090.00,33
BSE,TRILIANCE,INE778N01016,X,46.10,46.10,46.10,46.10,46.10,1,46.00,1
BSE,TRINITYLEA,INE884X01011,X,8.37,8.37,8.37,8.37,8.81,32,267.00,3
BSE,TRIOMERC,INE234G01022,XT,2.18,2.40,2.18,2.18,2.29,551790,1251512.00,108
BSE,TRISHAKT,INE238C01022,XT,248.60,258.00,241.10,253.85,253.75,25224,6190176.00,309
BSE,TRITONV,INE440G01017,B,1148.85,1148.85,1120.00,1129.50,1139.85,549,621061.00,88
BSE,TRITURBINE,INE152M01016,A,580.05,580.90,562.50,565.00,578.10,11725,6662915.00,593
BSE,TRIUMPIN,INE382B01012,X,16.02,16.82,16.02,16.82,16.02,904,14645.00,7
BSE,TRIVENI,INE256C01024,A,281.30,285.60,277.75,282.75,278.15,70497,19870211.00,1798
BSE,TRIVENIENT,INE916P01025,X,1.03,1.03,1.00,1.00,1.01,11629,11689.00,24
BSE,TRIVENIGQ,INE094C01011,XT,7.37,7.37,7.05,7.05,7.40,4004,28229.00,12
BSE,TRL,INE459Z01017,T,64.65,64.65,61.54,62.00,61.58,6363,402558.00,112
BSE,TRU,INE615R01029,B,4.20,4.20,3.93,3.95,3.95,4997,19904.00,32
BSE,TRUALT,INE0MWH01014,B,430.05,432.05,422.90,428.70,428.70,3919,1666453.00,192
BSE,TRUECOLORS,INE1LDV01015,M,143.00,151.60,142.75,151.60,145.20,12000,1748430.00,18
BSE,TRUEGREEN,INE672K01025,XT,233.95,233.95,220.50,225.15,232.10,14190,3188306.00,146
BSE,TRUSTEDGE,INE398H01015,X,131.70,131.70,131.70,131.70,131.90,42,5531.00,2
BSE,TRUSTWAVE,INE668Y01024,XT,126.78,126.78,126.78,126.78,120.75,27,3423.00,4
BSE,TSPIRITUAL,INE541C01037,X,1.82,1.88,1.74,1.85,1.81,23524,43277.00,17
BSE,TTC,INE0XAY01012,M,169.75,169.75,169.75,169.75,164.00,300,50925.00,1
BSE,TTFL,INE071Y01013,X,23.98,24.34,22.55,22.74,23.51,14062,326517.00,85
BSE,TTGIL,INE135H01029,X,7.50,7.55,7.26,7.28,7.39,16851,123206.00,41
BSE,TTIENT,INE404F01031,X,6.84,7.14,6.18,6.45,6.86,16969,109540.00,28
BSE,TTKHLTCARE,INE910C01018,B,1129.60,1153.80,1115.00,1133.45,1129.50,1604,1813923.00,139
BSE,TTKPRESTIG,INE690A01028,B,577.05,584.00,573.00,583.05,579.70,1257,725962.00,129
BSE,TTL,INE592B01024,B,6.80,6.80,6.53,6.74,6.71,14566,97334.00,59
BSE,TTML,INE517B01013,A,38.70,38.70,37.77,37.99,38.88,151394,5756044.00,745
BSE,TULASEEBIOE,INE276N01011,ZP,25.19,25.93,25.19,25.93,24.70,1600,41340.00,13
BSE,TULSYAN,INE463D01016,X,27.99,27.99,26.25,26.25,27.02,811,21590.00,11
BSE,TUNITEX,INE560D01027,X,0.99,0.99,0.96,0.98,0.98,101904,99690.00,96
BSE,TURTLEMINT,INE0OC301013,B,148.25,148.30,143.30,144.10,148.05,55483,8044008.00,467
BSE,TUTIALKA,INE400A01014,B,60.25,61.90,56.66,61.41,60.00,5957,358506.00,121
BSE,TVSELECT,INE236G01019,B,420.00,435.00,410.05,421.80,424.25,1127,478793.00,96
BSE,TVSHLTD,INE105A01035,A,13150.00,13177.35,12924.25,13055.20,13257.45,278,3629569.00,135
BSE,TVSMOTOR,INE494B01023,A,4170.50,4200.00,4065.00,4200.00,4203.00,371691,1529319369.00,12203
BSE,TVSSCS,INE395N01027,B,123.75,125.55,122.55,124.35,125.00,38922,4830093.00,465
BSE,TVSSRICHAK,INE421C01016,B,5420.70,5518.75,5355.00,5424.00,5531.30,1259,6848181.00,255
BSE,TVTODAY,INE038F01029,B,110.80,113.60,110.20,112.00,111.05,1948,218407.00,101
BSE,TVVISION,INE871L01013,T,3.47,3.49,3.37,3.49,3.54,4142,14276.00,26
BSE,TYCHE,INE443B01012,X,107.00,107.00,103.20,105.75,106.60,2721,284860.00,44
BSE,TYROON,INE945B01016,X,95.95,95.95,92.95,92.99,89.36,287,26832.00,13
BSE,UBL,INE686F01025,A,1311.00,1311.05,1275.00,1281.15,1309.90,7801,10051230.00,1170
BSE,UCAL,INE139B01016,T,148.30,149.40,145.10,149.25,149.80,613,90793.00,11
BSE,UCIL,INE926R01012,XT,104.95,105.10,104.00,105.10,100.10,37688,3955589.00,32
BSE,UCOBANK,INE691A01018,A,24.55,24.78,24.30,24.41,24.61,362712,8879603.00,2016
BSE,UDAYJEW,INE551B01012,B,135.15,139.90,132.10,133.35,136.95,1549,207856.00,40
BSE,UDS,INE851I01011,B,227.80,234.00,224.25,231.95,226.90,17376,3986374.00,365
BSE,UEL,INE899L01030,B,219.20,224.90,205.00,224.90,214.20,28794,6337527.00,800
BSE,UFBL,INE382M01027,T,670.80,725.95,660.00,723.40,691.40,4680,3280041.00,211
BSE,UFLEX,INE516A01017,B,646.00,723.05,637.20,701.70,645.55,69987,48267960.00,2547
BSE,UFO,INE527H01019,B,65.16,66.13,64.67,65.28,65.05,1353,88685.00,73
BSE,UGARSUGAR,INE071E01023,B,53.95,55.70,52.22,55.48,53.25,45465,2484990.00,404
BSE,UGROCAP,INE583D01011,B,84.00,85.78,83.89,85.09,85.02,16492,1400764.00,206
BSE,UHMVL,INE0YZ901011,M,31.00,33.90,31.00,33.30,32.00,24000,771992.00,28
BSE,UHZAVERI,INE556Z01010,B,8.76,9.33,8.76,9.17,9.22,23915,214850.00,120
BSE,UJJIVANSFB,INE551W01018,A,65.18,65.50,61.36,63.89,65.40,3791110,237573766.00,16027
BSE,ULTRACAB,INE010R01023,X,6.62,6.72,6.50,6.61,6.61,118642,790228.00,206
BSE,ULTRACEMCO,INE481G01011,A,11388.90,11388.90,11180.00,11380.00,11399.00,13408,151050896.00,2162
BSE,ULTRAMAR,INE405A01021,B,430.00,447.00,427.00,442.10,427.70,12557,5534583.00,615
BSE,UMAEXPORTS,INE0GIU01018,T,25.43,25.43,25.43,25.43,25.94,32,813.00,2
BSE,UMESLTD,INE240C01028,B,4.92,5.30,4.70,4.90,5.04,3804,18453.00,24
BSE,UMIYA,INE173U01015,X,23.50,23.99,22.22,22.40,23.50,1847,42497.00,20
BSE,UMIYA-MRO,INE398B01018,B,97.60,103.53,95.38,97.27,99.07,4894,487915.00,163
BSE,UML,INE1P1A01018,M,59.00,60.00,59.00,60.00,59.00,74000,4372980.00,11
BSE,UNIABEXAL,INE361D01012,XT,5148.80,5148.80,4892.15,5034.55,5148.80,926,4627910.00,172
BSE,UNIAUTO,INE203T01012,B,51.70,53.75,49.50,52.94,51.90,9823,515718.00,59
BSE,UNICHEMLAB,INE351A01035,B,557.00,579.90,555.40,558.10,557.10,9991,5657979.00,444
BSE,UNICK,INE250G01010,X,43.33,43.33,43.33,43.33,45.60,1,43.00,1
BSE,UNIDT,INE961D01019,T,220.05,225.20,211.20,218.70,220.70,2653,575921.00,34
BSE,UNIECOM,INE00U401027,B,87.03,88.14,85.10,86.00,88.05,24276,2097631.00,334
BSE,UNIENTER,INE037A01022,B,94.92,94.92,93.50,93.50,94.45,238,22361.00,7
BSE,UNIFIED,INE1ABX01018,M,372.00,372.00,352.25,362.30,374.00,52800,18919060.00,83
BSE,UNIMECH,INE0U3I01011,B,1465.20,1466.15,1421.00,1451.20,1472.05,6828,9857735.00,528
BSE,UNIOFFICE,INE951C01012,X,7.50,7.86,7.15,7.23,7.49,2551,19343.00,10
BSE,UNIONBANK,INE692A01016,A,184.30,186.35,182.40,186.15,184.35,792825,146540977.00,2570
BSE,UNIPARTS,INE244O01017,B,879.40,913.45,877.55,886.40,901.50,177128,157825208.00,1291
BSE,UNIQUEO,INE333E01019,X,95.00,95.00,90.01,92.00,92.42,3101,286388.00,28
BSE,UNIROYAL,INE980D01019,X,25.50,25.50,25.00,25.00,23.82,55,1401.00,4
BSE,UNISHIRE,INE210P01015,M,1.10,1.10,1.10,1.10,1.14,40000,44000.00,1
BSE,UNISON,INE099D01026,XT,0.82,0.86,0.82,0.85,0.86,1574549,1304686.00,444
BSE,UNITDCR,INE858C01027,X,21.57,22.59,21.57,22.59,21.57,123,2656.00,5
BSE,UNITDSPR,INE854D01024,A,1453.45,1469.65,1447.00,1465.00,1467.90,16483,24001487.00,1071
BSE,UNITECH,INE694A01020,B,3.78,3.88,3.73,3.74,3.78,949136,3580497.00,446
BSE,UNITEDINT,INE706D01018,X,71.40,71.40,68.00,68.00,68.00,31,2169.00,4
BSE,UNITEDPOLY,INE368U01029,B,37.32,38.38,36.75,38.02,36.93,11524,435373.00,129
BSE,UNITINT,INE929K01011,Z,3.40,3.51,3.24,3.24,3.40,14351,46572.00,15
BSE,UNIVARTS,INE464B01018,X,4.68,5.89,4.68,5.70,5.04,127,730.00,5
BSE,UNIVCABLES,INE279A01012,B,1658.60,1680.70,1619.30,1628.50,1641.80,2821,4630530.00,286
BSE,UNIVPHOTO,INE03V001013,T,448.00,448.00,443.50,448.00,450.00,222,98556.00,5
BSE,UNIVSTAR,INE113E01015,XT,194.70,194.75,191.95,191.95,192.95,262,50805.00,5
BSE,UNJHAFOR,INE576D01015,XT,28.40,28.40,27.80,27.80,27.50,2651,74608.00,18
BSE,UNOMINDA,INE405E01023,A,1272.00,1272.00,1228.95,1237.65,1270.65,177092,220629648.00,3455
BSE,UNRYLMA,INE602H01010,XT,18.46,18.46,18.00,18.00,18.55,5,91.00,2
BSE,UPL,INE628A01036,A,564.70,580.00,560.25,576.05,565.65,40448,23079334.00,1001
BSE,UPSURGE,INE890B01014,X,70.85,70.85,68.10,69.49,68.50,2156,150063.00,28
BSE,URAVIDEF,INE568Z01015,T,124.80,125.00,119.05,124.05,119.05,1801,224468.00,76
BSE,URBANCO,INE0CAZ01013,A,167.60,173.80,165.75,172.30,167.65,511723,86899221.00,5644
BSE,URJA,INE550C01020,B,9.10,9.13,8.92,9.06,9.05,177579,1601824.00,789
BSE,URSUGAR,INE904R01027,T,3.45,3.60,3.43,3.56,3.61,56132,194384.00,210
BSE,USGTECH,INE718B01017,XT,8.92,8.92,8.75,8.75,8.92,519,4628.00,5
BSE,USHAKIRA,INE697C01011,X,31.16,31.16,31.16,31.16,29.68,864,26922.00,8
BSE,USHAMART,INE228A01035,A,497.25,508.00,497.25,502.30,500.10,34271,17244855.00,1120
BSE,USK,INE0N0Y01013,B,20.88,21.10,20.59,20.88,20.90,1406,29196.00,23
BSE,UTIAMC,INE094J01016,A,875.00,880.00,870.90,876.95,880.70,8878,7780465.00,545
BSE,UTIQUE,INE096A01010,X,4.29,4.29,3.68,3.77,3.92,13032,50557.00,57
BSE,UTKARSHBNK,INE735W01017,B,14.82,14.91,14.58,14.79,14.87,148878,2193135.00,333
BSE,UTLINDS,INE184E01024,X,1.58,1.58,1.46,1.46,1.44,18737,29197.00,32
BSE,UTLSOLAR,INE12UR01024,B,442.40,451.10,430.00,435.45,439.05,17050,7531601.00,715
BSE,UTTAMSUGAR,INE786F01031,B,296.30,306.00,287.05,291.70,296.25,6888,2059528.00,272
BSE,UVDRHOR,INE890G01047,X,34.35,37.00,34.04,36.56,35.69,7362,256560.00,75
BSE,UVS,INE528C01018,X,81.62,81.62,80.00,81.49,80.93,206,16489.00,7
BSE,UYFINCORP,INE152C01025,T,19.46,19.80,19.16,19.28,19.88,9886,191130.00,46
BSE,V2RETAIL,INE945H01021,B,222.75,222.75,217.35,217.95,221.05,19114,4174635.00,328
BSE,VAARAD,INE418B01048,X,9.24,9.75,9.21,9.21,9.42,2577,24231.00,12
BSE,VADILALIND,INE694D01016,B,7626.85,7702.55,7486.00,7548.10,7760.45,609,4622717.00,205
BSE,VADILENT,INE693D01018,B,10500.05,10500.05,10200.00,10200.00,10337.50,137,1429450.00,33
BSE,VAIBHAVGBL,INE884A01027,B,220.30,220.30,214.70,214.80,218.15,8601,1859681.00,268
BSE,VAKRANGEE,INE051B01021,B,5.79,5.88,5.65,5.80,5.78,75899,436609.00,652
BSE,VALENCIA,INE08RT01016,MS,57.00,58.00,57.00,58.00,56.80,3000,172500.00,2
BSE,VALIANT,INE760B01019,X,1183.10,1240.00,1168.00,1237.35,1202.55,22843,27480901.00,553
BSE,VALIANTLAB,INE0JWS01017,T,92.59,97.31,92.59,97.31,92.68,37173,3592934.00,125
BSE,VALIANTORG,INE565V01010,T,287.15,304.55,281.00,304.55,290.05,5667,1704052.00,109
BSE,VALINDIA,INE130701019,M,18.50,18.50,18.00,18.26,19.50,12000,219912.00,10
BSE,VALLABHSQ,INE457E01016,X,10.00,10.10,10.00,10.10,10.43,12,120.00,2
BSE,VALPLAST,INE0QP701017,M,41.98,41.99,36.00,36.00,40.98,38000,1447200.00,17
BSE,VALSONQ,INE808A01018,X,43.51,47.80,43.51,46.28,45.09,19701,899158.00,81
BSE,VAMA,INE685D01022,X,3.72,3.74,3.53,3.71,3.65,10596,39070.00,48
BSE,VAML,INE1CDF01017,B,432.55,438.60,428.45,437.05,434.45,121585,52645087.00,5957
BSE,VAMSHIRU,INE380C01014,X,40.00,40.58,40.00,40.40,40.50,1027,41523.00,16
BSE,VANDAN,INE0RDJ01019,M,24.38,24.38,24.38,24.38,24.50,1200,29256.00,1
BSE,VANDU,INE0RH001011,M,61.45,62.70,61.20,61.63,63.00,16000,989120.00,8
BSE,VANICOM,INE661Q01017,X,7.65,7.99,7.41,7.93,7.80,6478,49681.00,28
BSE,VAPIENTER,INE464D01014,XT,131.00,131.00,131.00,131.00,131.00,17,2227.00,2
BSE,VARDMNPOLY,INE835A01029,B,5.91,6.10,5.82,6.02,6.03,51333,302969.00,244
BSE,VARIMAN,INE717F01028,X,4.90,4.90,4.90,4.90,4.67,146865,719638.00,45
BSE,VARROC,INE665L01035,A,874.50,874.50,811.55,823.95,874.95,23475,19619280.00,1438
BSE,VARYAA,INE0R6801013,M,29.49,29.49,29.49,29.49,27.50,1000,29490.00,1
BSE,VASCONEQ,INE893I01013,B,30.80,30.86,30.04,30.10,30.52,15927,482830.00,153
BSE,VASHISHTHA,INE0WRP01016,M,67.50,67.50,67.50,67.50,65.10,1200,81000.00,1
BSE,VASINFRA,INE192C01013,XT,7.59,7.89,7.59,7.69,7.59,52,403.00,4
BSE,VASUPRADA,INE574G01013,B,106.99,106.99,104.11,104.11,103.60,12,1278.00,3
BSE,VASWANI,INE590L01019,B,48.54,49.25,47.75,47.76,48.76,1765,84504.00,35
BSE,VBDESAI,INE848D01018,X,19.40,19.40,18.90,18.90,19.00,62,1172.00,3
BSE,VBIND,INE334E01017,X,8.85,8.90,8.24,8.26,8.54,1900,15958.00,29
BSE,VBL,INE200M01039,A,401.75,416.70,400.75,414.95,406.50,427170,175502291.00,8121
BSE,VCU,INE962O01014,X,7.12,7.48,7.12,7.31,7.33,8294,60154.00,76
BSE,VEDAVAAG,INE359B01010,B,18.66,19.40,18.00,18.32,18.57,4288,79662.00,53
BSE,VEDL,INE205A01025,A,271.60,272.00,267.90,270.00,274.25,622435,167774601.00,11888
BSE,VEDPOWER,INE694L01019,B,34.78,35.06,34.21,34.72,34.87,1179386,40708460.00,6954
BSE,VEEDOL,INE484C01030,B,1468.35,1494.55,1462.95,1474.95,1485.00,960,1415896.00,114
BSE,VEEFIN,INE0Q0M01015,M,241.95,241.95,229.00,232.05,238.70,47600,11228900.00,130
BSE,VEERENRGY,INE255E01030,X,13.45,13.77,13.00,13.38,13.23,13350,177271.00,84
BSE,VEERHEALTH,INE882C01035,XT,50.09,50.09,48.10,49.33,49.85,107755,5294751.00,167
BSE,VEERKRUPA,INE0ID001024,M,0.50,0.50,0.50,0.50,0.50,16700,8350.00,1
BSE,VEGA,INE603D01017,XT,61.95,61.95,61.95,61.95,61.95,148,9168.00,4
BSE,VEL,INE560T01015,X,66.50,68.00,65.03,65.55,66.00,17023,1108810.00,86
BSE,VELHO,INE548D01014,XT,6.15,6.15,6.15,6.15,6.20,1,6.00,1
BSE,VELJAN,INE232E01013,T,1800.00,1800.00,1770.00,1770.00,1775.70,6,10710.00,3
BSE,VELLORA,INE530D01012,X,12.84,13.40,12.32,13.38,12.78,9084,117716.00,36
BSE,VENKEYS,INE398A01010,B,1664.45,1679.95,1639.10,1657.45,1647.10,3165,5241975.00,384
BSE,VENLONENT,INE204D01022,X,4.55,4.55,3.94,4.09,4.39,3869,16238.00,26
BSE,VENMAX,INE154G01022,X,14.30,15.43,13.52,13.93,15.44,15582,220032.00,112
BSE,VENTIVE,INE781S01027,B,597.70,597.70,577.50,579.90,592.95,471,274999.00,59
BSE,VENTURA,INE810C01044,X,8.18,8.28,7.53,7.92,8.18,1129,8797.00,17
BSE,VENUSPIPES,INE0JA001018,B,1607.10,1650.25,1582.00,1609.20,1606.35,3462,5601869.00,293
BSE,VENUSREM,INE411B01019,T,1581.50,1658.90,1580.00,1628.50,1601.30,1967,3202576.00,167
BSE,VERANDA,INE0IQ001011,B,241.70,248.05,239.60,243.70,242.95,13587,3304891.00,266
BSE,VERITAS,INE379J01029,XT,163.00,163.00,156.80,161.70,159.90,1161,186439.00,33
BSE,VERTEX,INE316D01024,XT,3.29,3.43,3.20,3.25,3.29,2020,6682.00,33
BSE,VESUVIUS,INE386A01023,A,416.00,416.45,411.60,412.95,416.50,1200,496845.00,118
BSE,VETO,INE918N01018,T,125.45,128.00,125.45,126.55,126.05,3146,397771.00,34
BSE,VGCL,INE761Q01015,B,55.01,57.76,52.26,52.29,55.01,68103,3668949.00,77
BSE,VGIL,INE244W01010,B,138.10,140.00,138.00,138.80,138.10,660,91389.00,14
BSE,VGL,INE273D01027,B,56.25,58.80,56.10,56.32,57.07,632,36296.00,22
BSE,VGUARD,INE951I01027,A,342.10,345.40,338.85,340.95,344.00,46343,15835585.00,1672
BSE,VHL,INE701A01023,B,3519.00,3590.00,3505.80,3590.00,3572.75,14,49721.00,13
BSE,VHLTD,INE048C01025,T,114.55,116.30,114.55,115.90,115.50,260,30169.00,17
BSE,VICTMILL,INE203D01016,X,9400.00,9400.00,9001.00,9143.45,9079.75,413,3805079.00,107
BSE,VIDHIING,INE632C01026,B,347.95,351.05,341.95,341.95,351.10,407,139622.00,25
BSE,VIDYAWIRES,INE14UN01029,B,91.79,91.79,88.09,88.41,91.15,94956,8489737.00,910
BSE,VIJAYA,INE043W01024,A,1511.30,1529.65,1474.25,1480.70,1497.25,7184,10830393.00,433
BSE,VIJIFIN,INE159N01027,T,16.06,16.06,16.06,16.06,15.75,165836,2663326.00,81
BSE,VIJSOLX,INE362D01010,B,675.00,690.45,675.00,690.45,691.35,16,10955.00,3
BSE,VIKASECO,INE806A01020,B,1.09,1.10,1.08,1.10,1.10,391068,426256.00,292
BSE,VIKASLIFE,INE161L01027,B,1.23,1.27,1.23,1.26,1.26,305458,380640.00,7508
BSE,VIKASPROP,INE767B01022,Z,0.28,0.28,0.27,0.27,0.28,120719,32662.00,92
BSE,VIKASWSP,INE706A01022,Z,0.93,0.93,0.90,0.90,0.92,120624,110079.00,54
BSE,VIKRAMAR,INE0NR501012,X,83.00,84.00,81.50,81.50,82.15,3531,292975.00,35
BSE,VIKRAMSOLR,INE078V01014,A,169.50,170.00,166.65,169.00,169.70,187232,31501070.00,1901
BSE,VIKRAMTH,INE337E01010,XT,311.50,311.50,289.90,306.30,305.15,15333,4670152.00,291
BSE,VIKRAN,INE01R501028,B,57.37,57.95,56.77,57.65,57.96,93503,5376288.00,662
BSE,VIMTALABS,INE579C01029,B,670.40,670.45,642.55,654.60,661.35,13479,8842596.00,624
BSE,VINATIORGA,INE410B01037,A,1308.40,1323.35,1302.15,1313.20,1314.90,892,1166976.00,133
BSE,VINAYAKPOL,INE581M01016,X,21.30,21.30,21.30,21.30,22.40,32,681.00,1
BSE,VINCOFE,INE498Q01014,B,178.75,178.75,171.90,175.45,176.95,123125,21437004.00,1206
BSE,VINDHYATEL,INE707A01012,B,2511.15,2750.00,2511.15,2737.05,2581.75,9544,25429963.00,1070
BSE,VINEETLAB,INE505Y01010,B,39.60,39.60,37.50,37.50,37.73,879,33357.00,22
BSE,VINNY,INE01KI01027,B,1.03,1.05,1.03,1.03,1.05,23039,23866.00,42
BSE,VINRKLB,INE092O01028,XT,51.75,51.75,51.75,51.75,50.74,9171,474599.00,27
BSE,VINTAGES,INE153C01015,X,14.42,14.42,14.42,14.42,15.17,101,1456.00,2
BSE,VINYLINDIA,INE250B01029,B,229.75,229.75,223.85,225.40,229.75,807,182518.00,159
BSE,VINYOFL,INE526H01011,X,50.71,52.00,50.50,50.72,50.71,1948,99126.00,13
BSE,VIPCLOTHNG,INE450G01024,B,19.92,20.29,19.68,20.20,20.00,1325,26488.00,23
BSE,VIPIND,INE054A01027,A,301.35,305.75,300.75,304.35,303.55,3327,1010344.00,101
BSE,VIPPYSP,INE660D01017,X,192.40,192.40,183.00,183.65,178.50,128,23546.00,8
BSE,VIPULORG,INE834D01018,X,274.85,288.95,270.20,277.45,274.85,42156,11829457.00,286
BSE,VIRAT,INE467D01017,B,442.45,449.00,437.00,438.35,442.45,1298,571060.00,25
BSE,VIRATCRA,INE295C01014,X,32.44,32.99,31.80,32.84,31.80,102,3327.00,9
BSE,VIRGOGLOB,INE400B01020,X,3.17,3.17,2.90,3.10,3.04,8383,25824.00,30
BSE,VIRINCHI,INE539B01017,B,14.61,15.28,14.32,14.82,14.67,39131,588059.00,132
BSE,VIRTUALG,INE247C01023,B,0.49,0.49,0.46,0.47,0.46,255303,119679.00,64
BSE,VIRYA,INE661K01010,XT,793.25,847.90,793.25,847.90,809.40,3,2434.00,2
BSE,VISACHROME,INE286H01012,B,41.20,41.20,38.01,38.36,39.93,5028,203833.00,76
BSE,VISAGAR,INE309H01038,X,0.31,0.31,0.30,0.30,0.31,450256,136134.00,245
BSE,VISAKAIND,INE392A01021,B,89.05,89.29,87.49,87.53,89.52,7512,661961.00,184
BSE,VISHAL,INE755Q01025,B,19.28,19.28,18.53,18.88,19.07,2989,56707.00,44
BSE,VISHALBL,INE060T01024,B,48.10,49.30,48.00,49.00,48.10,590,28582.00,19
BSE,VISHNU,INE270I01022,B,666.95,674.95,655.70,658.95,661.90,11072,7355933.00,526
BSE,VISHWARAJ,INE430N01022,B,6.17,6.17,5.75,5.91,5.94,94979,554818.00,194
BSE,VISIONCINE,INE515B01025,X,1.18,1.20,1.16,1.20,1.20,17512,20916.00,22
BSE,VISIONCO,INE661D01015,XT,3.02,3.16,3.02,3.16,3.02,16304,50795.00,23
BSE,VISL,INE1CLE01013,B,35.40,37.26,35.00,37.19,35.49,4727702,171961098.00,10319
BSE,VISTAPH,INE427C01021,X,6.00,6.36,5.95,6.09,6.00,4905,29750.00,27
BSE,VISTARAMAR,INE878P01019,X,206.00,210.40,200.00,208.00,204.40,4441,909118.00,54
BSE,VISVEN,INE762D01011,X,47.45,47.45,36.10,37.71,44.97,1093,41701.00,26
BSE,VIVAA,INE0PA601017,MT,128.05,128.05,128.05,128.05,126.00,4000,512200.00,1
BSE,VIVANTA,INE299W01022,X,1.81,1.87,1.62,1.84,1.81,284714,513868.00,411
BSE,VIVANZA,INE984E01035,X,1.72,1.80,1.72,1.79,1.72,19613,34411.00,40
BSE,VIVIDHA,INE370E01029,B,0.50,0.51,0.50,0.51,0.51,39328,19783.00,54
BSE,VIVIDIND,INE737C01023,X,18.62,19.75,18.62,19.75,19.00,10,194.00,3
BSE,VIVIDM,INE647Z01025,B,6.08,6.08,5.80,5.92,5.98,154848,918099.00,133
BSE,VIVIMEDLAB,INE526G01021,T,6.67,6.67,6.67,6.67,6.80,2200,14674.00,3
BSE,VIVOBIOT,INE380K01017,B,18.30,18.84,18.05,18.46,18.30,2315,42505.00,24
BSE,VIYASH,INE807F01027,A,261.50,262.70,256.50,259.15,262.15,94809,24626655.00,1316
BSE,VJLAXMIE,INE466D01019,X,39.50,40.00,39.00,39.84,39.00,2336,93076.00,15
BSE,VJTFEDU,INE117F01013,X,67.68,67.68,67.66,67.66,69.70,210,14211.00,6
BSE,VKAL,INE427T01025,X,0.85,0.85,0.79,0.81,0.84,913426,735341.00,325
BSE,VLEGOV,INE03HW01020,T,10.49,10.55,10.00,10.53,10.51,25806,266870.00,70
BSE,VLSFINANCE,INE709A01018,B,242.70,242.70,242.55,242.65,244.40,43,10431.00,3
BSE,VMART,INE665J01013,A,853.55,853.55,829.70,849.15,850.50,3259,2735088.00,260
BSE,VMM,INE01EA01019,A,106.55,109.45,105.25,109.00,107.00,680984,73423964.00,5828
BSE,VMS,INE932K01015,X,18.70,19.24,18.30,18.34,18.74,20108,369889.00,158
BSE,VMSTMT,INE0SJA01013,B,45.16,46.50,44.00,45.39,45.37,7244,325360.00,82
BSE,VOEPL,INE0I0T01010,B,549.55,555.20,537.25,545.70,551.05,5671,3090362.00,201
BSE,VOGL,INE704J01044,B,37.85,39.06,37.50,38.57,37.78,2376804,91053982.00,7106
BSE,VOITHPAPR,INE285C01015,B,1427.95,1475.35,1427.95,1462.75,1457.55,175,255542.00,37
BSE,VOLKAI,INE820M01018,XT,189.75,190.30,172.20,181.40,181.25,25070,4485416.00,315
BSE,VOLLF,INE763D01019,X,18.59,18.60,17.71,18.58,17.72,19856,368794.00,26
BSE,VOLTAMP,INE540H01012,A,10799.80,10822.40,10618.70,10688.10,10772.10,1081,11580855.00,335
BSE,VOLTAS,INE226A01021,A,1204.75,1204.75,1151.00,1151.00,1205.00,211831,246049468.00,5472
BSE,VPAL,INE1L3801017,MT,226.00,226.00,218.50,218.55,230.00,38400,8406480.00,18
BSE,VPRPL,INE0AE001013,B,32.65,36.00,32.37,35.17,32.96,196832,6912754.00,1474
BSE,VRAJ,INE0S2V01010,B,124.35,124.65,122.05,122.50,125.25,1401,171695.00,38
BSE,VRFILMS,INE06LG01010,B,12.50,12.70,12.50,12.50,12.00,318,3998.00,7
BSE,VRL,INE406F01010,XT,158.85,158.85,151.30,156.50,158.85,884,133769.00,7
BSE,VRLLOG,INE366I01010,B,297.00,303.70,296.65,300.20,299.85,8817,2642733.00,347
BSE,VSFPROJ,INE923K01014,X,29.99,30.49,29.99,30.49,29.54,10735,322145.00,14
BSE,VSL,INE607V01028,B,10.10,10.11,9.80,10.03,10.06,199160,1989389.00,374
BSE,VSSL,INE050M01012,B,354.85,368.40,346.80,361.80,355.35,8823,3122411.00,329
BSE,VSTIND,INE710A01016,B,208.55,208.55,206.00,207.35,208.00,8595,1778832.00,319
BSE,VSTL,INE0QTF01015,B,110.60,114.00,110.60,113.80,111.35,242,27316.00,77
BSE,VSTTILLERS,INE764D01017,B,4204.35,4205.00,4150.30,4168.05,4232.25,582,2428768.00,167
BSE,VTL,INE825A01020,A,598.75,602.00,584.15,587.40,602.40,87422,51624793.00,2344
BSE,VTMLTD,INE222F01029,B,60.90,60.90,57.00,57.73,59.09,8029,466468.00,108
BSE,VVIPIL,INE0MNP01016,M,134.00,139.00,130.50,133.90,134.90,12000,1613910.00,19
BSE,VXLINSTR,INE756A01019,XT,3.11,3.11,3.04,3.08,3.19,12920,39613.00,23
BSE,WAA,INE799N01012,M,43.25,43.25,43.25,43.25,45.67,800,34600.00,1
BSE,WAAREE,INE725P01012,M,209.00,214.00,206.40,207.15,210.25,10500,2203643.00,53
BSE,WAAREEENER,INE377N01017,A,2579.75,2615.50,2552.00,2583.00,2585.00,32931,85163798.00,2865
BSE,WAAREEINDO,INE866K01023,B,267.00,272.60,263.00,266.60,268.35,4373,1174080.00,254
BSE,WAAREERTL,INE299N01021,A,855.50,861.75,845.70,853.45,863.95,20774,17684160.00,1277
BSE,WABAG,INE956G01038,A,2013.05,2013.05,1950.00,1985.15,2014.65,19033,37623640.00,1476
BSE,WAGEND,INE786K01023,X,1.21,1.21,1.14,1.21,1.21,24189,28917.00,24
BSE,WAKEFIT,INE0E7301029,B,153.00,157.20,150.00,152.45,152.95,191512,29525392.00,1721
BSE,WALCHANNAG,INE711A01022,B,209.45,209.45,205.00,205.70,210.05,63868,13182005.00,762
BSE,WALCHPF,INE695D01021,X,141.80,147.00,141.80,147.00,141.80,12,1712.00,4
BSE,WALLFORT,INE121B01014,X,86.00,88.00,84.80,84.81,82.55,808,68983.00,10
BSE,WANBURY,INE107F01022,B,251.80,254.05,244.15,245.10,254.05,7501,1853310.00,173
BSE,WARDINMOBI,INE945P01024,B,5.97,5.97,5.69,5.78,5.89,95497,554343.00,408
BSE,WARDWIZFBL,INE761D01021,X,10.47,10.47,9.73,9.89,10.24,248444,2446369.00,264
BSE,WARRENTEA,INE712A01012,X,46.00,46.94,45.35,45.71,45.99,5582,258961.00,29
BSE,WATERBASE,INE054C01015,B,48.77,48.77,47.00,47.12,48.24,5898,281971.00,127
BSE,WCIL,INE0CJF01024,B,85.00,85.90,83.99,84.49,84.99,3240,274189.00,113
BSE,WEBELSOLAR,INE855C01023,A,73.42,75.80,73.25,73.93,74.10,193067,14342621.00,2713
BSE,WEL,INE02WG01024,B,78.10,83.22,75.10,76.27,80.87,303743,24050233.00,3400
BSE,WELCORP,INE191B01025,A,2582.95,2593.15,2509.85,2522.00,2553.45,120192,306324839.00,6154
BSE,WELCURE,INE331C01025,X,0.25,0.25,0.23,0.24,0.25,6803235,1642166.00,533
BSE,WELENT,INE625G01013,A,706.45,744.10,674.50,741.55,706.30,51358,37402373.00,2123
BSE,WELSPLSOL,INE731F01037,B,51.18,53.51,50.72,53.07,51.19,139150,7296825.00,646
BSE,WELSPUNLIV,INE192B01031,A,199.00,200.70,195.60,200.05,198.10,151242,29977683.00,1956
BSE,WENDT,INE274C01019,B,8011.05,8084.80,7982.00,7991.80,8111.25,281,2251775.00,102
BSE,WEPSOLN,INE434B01029,X,39.58,39.58,36.11,37.69,37.70,839342,32790907.00,929
BSE,WESTLIFE,INE274F01020,A,549.55,549.90,539.60,547.35,554.85,2663,1452650.00,192
BSE,WEWIN,INE082W01014,B,44.00,44.01,44.00,44.01,46.00,444,19537.00,17
BSE,WEWORK,INE085001019,B,666.10,671.25,657.85,660.40,675.20,1692,1127255.00,142
BSE,WHBRADY,INE855A01019,B,488.25,504.95,488.25,504.95,499.00,18,8988.00,6
BSE,WHEELS,INE715A01015,B,1547.60,1563.00,1525.00,1544.20,1543.75,5870,9075371.00,762
BSE,WHIRLPOOL,INE716A01013,A,791.80,806.95,787.25,800.15,801.50,249837,199154458.00,2426
BSE,WHITEORG,INE146C01019,X,3.56,3.56,3.33,3.42,3.50,17217,58610.00,95
BSE,WILLAMAGOR,INE210A01017,B,25.07,25.07,23.35,23.35,24.95,127,3047.00,10
BSE,WILLIMFI,INE188E01017,X,4.11,4.11,4.10,4.10,3.92,1011,4155.00,5
BSE,WINDLAS,INE0H5O01029,B,1022.90,1110.65,1017.25,1093.50,1007.60,43650,47203650.00,2713
BSE,WINDMACHIN,INE052A01021,B,304.05,308.10,302.50,302.80,307.95,1041,317616.00,36
BSE,WINSOMBR,INE391C01011,X,20.91,20.91,19.50,19.70,20.50,6361,127398.00,100
BSE,WINSOMTX,INE837B01031,X,84.03,85.00,83.00,83.02,84.03,2916,243324.00,50
BSE,WIPRO,INE075A01022,A,179.00,180.35,176.80,177.35,181.40,763222,135929164.00,8311
BSE,WIREFABR,INE469D01013,X,151.70,159.30,151.70,159.20,151.75,413,65588.00,14
BSE,WITS,INE0IM001015,TS,141.35,141.35,141.35,141.35,148.75,3200,452320.00,2
BSE,WOCKPHARMA,INE049B01025,A,1850.85,1910.30,1837.00,1904.75,1850.85,634571,1195430251.00,2581
BSE,WONDERLA,INE066O01014,B,531.75,539.45,524.35,529.80,535.45,2839,1498959.00,140
BSE,WORKMATES,INE1I1301016,M,327.00,329.00,326.25,328.80,326.45,4200,1376730.00,7
BSE,WORTH,INE114O01020,X,3.45,3.45,3.30,3.40,3.40,4439102,15149840.00,219
BSE,WORTHPERI,INE196Y01018,B,154.75,156.85,151.30,156.85,151.30,335,51661.00,9
BSE,WOSAL,INE1MF401019,M,16.30,16.30,16.30,16.30,16.30,6000,97800.00,3
BSE,WPIL,INE765D01022,B,436.20,442.60,432.45,439.80,438.25,1871,816401.00,107
BSE,WSFX,INE549D01012,X,63.00,65.51,62.06,65.47,64.64,2145,138576.00,24
BSE,WSI,INE100D01014,B,60.01,61.34,60.00,60.90,61.25,10887,656479.00,56
BSE,WSTCSTPAPR,INE976A01021,B,652.75,652.75,623.70,627.30,654.05,27551,17448723.00,925
BSE,XCHANGING,INE692G01013,B,60.90,60.97,60.12,60.70,60.29,2641,160225.00,43
BSE,XELPMOC,INE01P501012,B,77.00,81.00,77.00,80.75,80.00,540,42844.00,31
BSE,XPROINDIA,INE445C01015,B,1144.75,1332.85,1120.50,1286.50,1134.25,73069,93836042.00,2986
BSE,XTGLOBAL,INE547B01028,B,30.60,31.50,29.49,30.07,30.76,3517,105239.00,106
BSE,XTRANET,INE0NG701011,B,186.30,207.55,185.20,194.35,187.00,213243,42408261.00,1952
BSE,YAANENT,INE969E01010,X,123.45,127.00,115.30,124.80,123.45,397,47218.00,19
BSE,YAASHVI,INE1T6L01010,M,78.10,78.10,71.00,77.45,79.01,41600,3162192.00,26
BSE,YAJUR,INE0CNJ01010,MT,42.00,44.45,41.01,42.78,42.47,41600,1800960.00,41
BSE,YAMNINV,INE457N01025,XT,0.61,0.62,0.60,0.62,0.62,174724,106513.00,241
BSE,YARNSYN,INE564C01013,X,14.50,14.50,13.14,13.42,13.42,1559,20898.00,13
BSE,YASHCHEM,INE571U01010,X,49.52,50.48,47.40,47.57,48.55,860,40987.00,33
BSE,YASHHV,INE00GK01023,M,970.00,979.50,950.00,973.60,970.90,32250,31143275.00,120
BSE,YASHINNO,INE823D01011,X,42.45,42.45,39.20,40.12,41.26,33502,1339840.00,61
BSE,YASHMGM,INE216B01012,X,9.10,9.38,8.77,9.08,9.09,3187,28906.00,23
BSE,YASHO,INE616Z01012,B,4233.40,4245.70,4110.00,4139.25,4273.30,1996,8336681.00,443
BSE,YASHRAJC,INE095C01018,XT,4.30,4.39,4.10,4.39,4.20,4820,19797.00,23
BSE,YATHARTH,INE0JO301016,A,970.50,991.50,964.20,966.40,974.60,11396,11136281.00,586
BSE,YATRA,INE0JR601024,B,113.60,115.15,110.50,114.20,114.00,296342,33628158.00,6048
BSE,YESBANK,INE528G01035,A,22.04,22.18,21.83,22.18,22.05,1615289,35460085.00,20938
BSE,YOGI,INE290E01011,B,164.95,164.95,156.55,158.00,157.75,187,29526.00,7
BSE,YOGISUNG,INE429B01011,X,6.50,6.80,6.46,6.69,6.43,34478,231093.00,38
BSE,YORKEXP,INE057Q01018,X,53.95,53.95,49.50,53.75,51.39,252,12703.00,9
BSE,YSL,INE868X01014,X,27556.05,27600.00,27555.00,27600.00,27555.00,17,468706.00,12
BSE,YUG,INE796W01019,MT,24.00,24.03,24.00,24.03,23.49,20700,497265.00,3
BSE,YUKEN,INE384C01016,B,959.95,987.60,959.95,963.00,973.60,1027,997511.00,100
BSE,YUNIKM,INE143K01019,X,6.98,6.98,5.70,5.84,6.24,8551,50307.00,36
BSE,YURANUS,INE156M01017,XT,65.75,65.75,65.75,65.75,69.20,6,394.00,2
BSE,YUVRAAJHPL,INE139D01020,X,8.50,8.77,8.27,8.60,8.50,96820,831571.00,81
BSE,ZAGGLE,INE07K301024,A,186.20,186.20,180.65,184.45,184.25,60633,11052060.00,795
BSE,ZAPPFRESH,INE0SUM01015,M,68.50,69.72,68.45,68.49,69.26,28800,1983036.00,23
BSE,ZDHJERK,INE239F01015,X,26.45,26.45,26.45,26.45,26.50,5,132.00,1
BSE,ZEAL,INE819S01025,X,11.40,11.40,11.00,11.11,11.13,34865,389943.00,175
BSE,ZEEL,INE256A01028,A,93.28,94.00,90.26,90.56,93.37,2828338,258392862.00,6906
BSE,ZEELEARN,INE565L01011,T,7.46,7.52,7.28,7.30,7.46,17293,127064.00,98
BSE,ZEEMEDIA,INE966H01019,B,8.25,8.40,8.06,8.16,8.29,201243,1637192.00,499
BSE,ZELIO,INE1B3501014,MT,832.40,864.05,832.40,864.05,847.15,26500,22359300.00,32
BSE,ZENIFIB,INE106C01013,X,55.50,55.70,53.80,53.99,55.75,1531,82815.00,45
BSE,ZENITHEXPO,INE058B01018,B,204.00,212.95,195.15,195.20,205.05,127,25290.00,4
BSE,ZENITHHE,INE812B01026,X,3.18,3.55,3.08,3.23,3.10,84603,273527.00,165
BSE,ZENITHSTL,INE318D01020,B,5.31,5.38,5.21,5.38,5.23,7033,36905.00,30
BSE,ZENLABS,INE546F01013,X,30.95,30.95,26.36,27.58,29.90,1180,33986.00,15
BSE,ZENOTECH,INE486F01012,X,45.58,46.90,44.65,45.87,46.40,15036,687605.00,114
BSE,ZENSARTECH,INE520A01027,A,472.00,472.00,460.00,460.35,473.10,51103,23710779.00,2325
BSE,ZENTEC,INE251B01027,A,1762.05,1842.00,1750.10,1829.90,1781.25,38234,68905222.00,3368
BSE,ZFCVINDIA,INE342J01019,A,2517.55,2583.25,2505.00,2571.50,2547.60,2491,6344389.00,525
BSE,ZFSTEERING,INE116C01012,B,670.00,672.00,665.50,665.50,673.00,126,83945.00,23
BSE,ZIMLAB,INE518E01015,B,112.00,136.80,112.00,133.60,118.90,51670,6853138.00,1060
BSE,ZKHANDEN,INE687W01010,XT,200.00,200.00,200.00,200.00,195.00,1,200.00,1
BSE,ZMILGFIN,INE679T01013,X,45.50,46.39,42.00,43.26,45.22,77696,3355574.00,297
BSE,ZMULTIPU,INE017P01014,X,8.13,8.13,8.13,8.13,8.52,1,8.00,1
BSE,ZODIAC,INE761Y01019,B,241.45,243.20,237.60,238.80,238.30,547,132476.00,41
BSE,ZODIACLOTH,INE206B01013,B,72.32,72.32,71.96,72.02,73.80,595,43001.00,60
BSE,ZODIACVEN,INE945J01027,X,1.52,1.54,1.50,1.52,1.52,21703,32948.00,79
BSE,ZODJRDMKJ,INE077B01018,X,36.05,37.92,36.05,37.35,36.93,1649,61086.00,27
BSE,ZR2,INE218N01021,X,109.15,109.15,109.15,109.15,109.15,25,2728.00,2
BSE,ZSARACOM,INE967G01019,B,10600.00,10650.00,10401.00,10401.00,10542.60,9,95316.00,9
BSE,ZSVARAJT,INE406N01014,X,7.36,7.36,7.23,7.26,7.22,196,1420.00,12
BSE,ZUARI,INE840M01016,B,225.00,227.05,222.05,222.95,230.95,14116,3163231.00,345
BSE,ZUARIIND,INE217A01012,B,268.75,273.35,268.20,270.70,269.55,2352,635940.00,79
BSE,ZWELCAST,INE380G01015,X,629.00,629.00,629.00,629.00,625.00,68,42772.00,5
BSE,ZYDUSLIFE,INE010B01027,A,1173.55,1173.55,1147.20,1151.20,1164.05,25712,29709148.00,1710
BSE,ZYDUSWELL,INE768C01028,A,522.00,539.65,522.00,537.55,528.00,6448,3437100.00,331
