exchange,symbol,isin,series,open,high,low,close,prev_close,volume,value,trades
NSE,20MICRONS,INE144J01027,EQ,212.00,216.39,207.00,211.36,213.00,90223,19117720.14,3513
NSE,21STCENMGM,INE253B01015,EQ,40.39,40.39,38.81,38.85,39.60,5812,226747.72,73
NSE,360ONE,INE466L01038,EQ,1156.40,1181.30,1128.60,1181.30,1165.60,666823,765774597.80,29892
NSE,3BBLACKBIO,INE994E01018,EQ,1528.50,1588.90,1469.10,1478.60,1523.50,50928,78639719.10,5115
NSE,3IINFOLTD,INE748C01038,BE,22.80,22.99,22.01,22.43,22.67,131772,2931814.46,656
NSE,3MINDIA,INE470A01017,EQ,33205.00,33290.00,32805.00,32895.00,33315.00,1858,61177925.00,1240
NSE,3PLAND,INE105C01023,EQ,31.80,33.97,31.51,32.75,31.80,911,29027.23,55
NSE,5PAISA,INE618L01018,EQ,344.25,344.80,335.00,336.55,344.85,26993,9156686.85,1671
NSE,63MOONS,INE111B01023,EQ,777.75,820.00,775.00,805.10,775.55,444235,354647129.35,17298
NSE,A2ZINFRA,INE619I01012,EQ,16.16,16.80,16.11,16.40,16.66,167484,2747360.80,424
NSE,AAATECH,INE0D0U01013,EQ,93.79,95.77,93.01,93.07,93.72,9744,912625.32,169
NSE,AADHARHFC,INE883F01010,EQ,478.50,478.50,465.00,475.40,476.45,240290,113903270.10,14622
NSE,AAKASH,INE087Z01024,EQ,8.80,8.87,8.52,8.67,8.68,72356,629877.08,273
NSE,AAREYDRUGS,INE198H01019,EQ,92.50,94.00,91.00,91.72,92.49,146358,13557250.47,1767
NSE,AARNAV,INE750R01016,BE,33.60,33.60,32.05,32.10,33.63,6179,199278.03,38
NSE,AARON,INE721Z01010,EQ,127.60,130.00,124.68,125.95,127.59,8560,1085185.07,403
NSE,AARTECH,INE01C001026,BE,48.00,50.00,48.00,49.81,48.94,68063,3382499.07,173
NSE,AARTIDRUGS,INE767A01016,EQ,430.00,430.00,415.85,417.80,427.10,170806,71657332.55,6266
NSE,AARTIIND,INE769A01020,EQ,520.00,520.90,503.05,505.20,524.85,917705,468212999.45,30622
NSE,AARTIPHARM,INE0LRU01027,EQ,866.00,879.40,859.50,867.25,865.20,343720,298815762.85,19770
NSE,AARTISURF,INE09EO01013,BE,507.00,539.90,502.00,526.05,514.45,22238,11500219.15,563
NSE,AARVI,INE754X01016,EQ,148.94,149.00,142.20,143.08,148.92,29676,4276065.59,1038
NSE,AASTHA,INE2FMX01012,EQ,82.96,82.96,78.10,79.19,83.01,304911,24333623.49,3002
NSE,AAVAS,INE216P01012,EQ,1248.50,1287.60,1234.20,1258.70,1248.40,229811,289446209.10,31542
NSE,ABAN,INE421A01028,BE,14.54,14.83,14.25,14.83,14.54,60782,895557.21,230
NSE,ABANSENT,INE365O01028,EQ,27.93,27.93,26.63,27.58,27.93,14689,400529.81,84
NSE,ABB,INE117A01022,EQ,7348.50,7447.50,7258.00,7447.50,7396.00,163580,1201487131.50,24294
NSE,ABBOTINDIA,INE358A01014,EQ,26185.00,26265.00,25810.00,26045.00,26135.00,7827,203992355.00,3968
NSE,ABCAPITAL,INE674K01013,EQ,390.00,397.05,385.10,397.05,394.45,4883439,1917482501.45,42390
NSE,ABCOTS,INE08PH01015,EQ,215.90,215.90,208.00,209.57,213.11,2466,519902.23,145
NSE,ABDL,INE552Z01027,EQ,614.00,614.90,603.35,604.40,617.20,125467,76343115.70,7666
NSE,ABFRL,INE647O01011,EQ,51.10,51.29,50.20,50.47,51.10,4428051,224515279.93,20145
NSE,ABINFRA,INE00YB01025,BE,11.03,11.39,11.03,11.27,11.32,87389,978239.10,269
NSE,ABLBL,INE14LE01019,EQ,84.60,84.70,82.61,82.78,85.33,860340,71579741.56,12643
NSE,ABMINTLLTD,INE251C01025,BE,55.00,56.10,55.00,56.10,55.00,132,7283.10,6
NSE,ABMKNO,INE850B01026,EQ,190.91,191.86,190.00,190.90,186.74,1070,204167.40,24
NSE,ABREL,INE055A01016,EQ,1350.30,1350.30,1318.70,1331.10,1357.00,84555,112772238.60,7680
NSE,ABSLAMC,INE404A01024,EQ,1025.30,1036.40,1007.50,1022.00,1029.10,398572,406615971.00,13309
NSE,ACC,INE012A01025,EQ,1271.00,1272.20,1252.90,1266.60,1272.30,146429,185400374.80,13465
NSE,ACCELYA,INE793A01012,EQ,1137.90,1143.80,1125.60,1135.10,1132.30,4566,5182656.60,428
NSE,ACCURACY,INE648Z01023,BE,4.29,4.29,4.16,4.26,4.21,57458,243457.39,151
NSE,ACE,INE731H01025,EQ,1087.00,1099.90,1073.80,1090.90,1093.80,159180,172909584.50,13346
NSE,ACEINTEG,INE543V01017,EQ,17.45,17.67,17.01,17.27,17.63,5445,93717.53,92
NSE,ACGL,INE451C01013,EQ,1795.00,1809.80,1756.00,1760.00,1787.80,629,1111894.20,145
NSE,ACI,INE128X01021,EQ,490.00,501.00,484.15,494.10,492.65,635843,312527221.15,18077
NSE,ACL,INE666E01020,EQ,44.10,44.20,43.13,43.92,43.94,8724,381712.16,214
NSE,ACMESOLAR,INE622W01025,EQ,395.00,411.15,391.10,398.25,403.70,2449655,981928499.20,106139
NSE,ACSTECH,INE366C01021,BE,50.94,51.50,50.02,51.25,50.94,59299,3034732.87,156
NSE,ACUTAAS,INE00FF01025,EQ,3161.10,3195.60,3120.00,3134.90,3174.30,190272,598381006.20,23108
NSE,ADANIENSOL,INE931S01010,EQ,1374.60,1401.00,1348.00,1396.60,1382.00,4214587,5807448565.50,106245
NSE,ADANIENT,INE423A01024,EQ,2859.80,2905.00,2830.50,2891.80,2863.90,1642492,4728768811.80,80452
NSE,ADANIGREEN,INE364U01010,EQ,1244.00,1303.00,1236.40,1296.00,1265.00,2634560,3375506061.40,68860
NSE,ADANIPORTS,INE742F01042,EQ,1637.10,1676.70,1632.10,1672.70,1647.50,2338937,3890790193.20,71148
NSE,ADANIPOWER,INE814H01029,EQ,202.59,207.70,200.12,207.70,204.36,18174608,3727412771.46,95985
NSE,ADDIND,INE757C01021,EQ,83.50,90.00,83.50,85.29,81.44,595,51428.48,18
NSE,ADFFOODS,INE982B01027,EQ,263.00,269.00,258.80,267.70,265.15,107626,28283632.50,3112
NSE,ADL,INE0CHO01012,EQ,76.93,76.93,71.75,76.40,75.42,1341,99450.40,39
NSE,ADOR,INE045A01017,EQ,1706.00,1744.80,1670.80,1730.30,1700.80,71667,123197701.20,8126
NSE,ADROITINFO,INE737B01033,EQ,10.53,10.55,10.02,10.26,10.46,7962,82545.66,80
NSE,ADSL,INE102I01027,EQ,103.80,104.94,100.65,103.90,103.94,60736,6297435.45,1182
NSE,ADVAIT,INE0ALI01010,EQ,2095.00,2160.00,2080.00,2139.00,2121.00,49312,104860114.00,6572
NSE,ADVANCE,INE1B0W01010,EQ,116.62,121.09,115.10,117.89,116.22,331320,39437711.72,3421
NSE,ADVANIHOTR,INE199C01026,EQ,49.60,50.00,49.30,49.43,49.55,27794,1381435.11,348
NSE,ADVENTHTL,INE28GN01010,EQ,134.55,137.98,133.41,136.89,135.72,48518,6599581.45,1378
NSE,ADVENZYMES,INE837H01020,EQ,295.35,296.60,292.25,292.90,295.35,188103,55373719.85,3173
NSE,ADVIKCA,INE178T01024,EQ,1.16,1.26,1.11,1.15,1.15,899571,1034558.30,467
NSE,AEGISLOG,INE208C01025,EQ,1202.00,1252.90,1200.00,1241.80,1219.30,722924,887030241.60,37358
NSE,AEGISVOPAK,INE0INX01018,EQ,268.45,288.30,266.30,286.30,270.10,3128778,881059623.25,40284
NSE,AEPL,INE757T01025,EQ,15.87,15.87,15.00,15.08,15.09,478365,7234085.01,319
NSE,AEQUS,INE947N01017,EQ,245.00,248.15,241.03,245.62,247.47,1668299,409466280.96,24263
NSE,AEROENTER,INE065D01027,EQ,142.00,143.59,139.41,140.46,143.39,413196,58153834.54,4515
NSE,AEROFLEX,INE024001021,EQ,548.20,561.45,536.30,540.75,552.05,1124008,614353472.55,26633
NSE,AERONEU,INE035801013,EQ,79.87,84.70,77.80,80.70,77.97,72398,5789495.62,1700
NSE,AEROPLANE,INE05TO01019,EQ,173.95,182.32,172.63,179.25,174.19,711360,127851571.61,4885
NSE,AETHER,INE0BWX01014,EQ,1685.00,1693.70,1641.10,1646.40,1683.70,232941,386090180.40,18828
NSE,AFCONS,INE101I01011,EQ,282.05,286.25,280.50,285.10,285.25,402500,114180321.30,6552
NSE,AFFLE,INE00WC01027,EQ,1561.00,1561.00,1509.00,1517.90,1565.10,443298,673928291.10,33661
NSE,AFFORDABLE,INE692Z01013,EQ,160.99,161.80,157.05,159.41,157.07,7436,1185703.32,388
NSE,AFIL,INE916Y01027,EQ,9.31,9.58,9.31,9.39,9.43,196038,1844009.97,316
NSE,AFSL,INE00ZE01026,EQ,205.00,215.00,202.25,210.47,207.73,6924,1450336.71,322
NSE,AGARIND,INE204E01012,EQ,439.50,454.70,432.05,450.55,442.80,49700,21986780.60,2846
NSE,AGARWALEYE,INE943P01029,EQ,508.15,524.50,508.15,514.25,508.70,640862,331031083.40,17554
NSE,AGI,INE415A01038,EQ,776.00,778.35,748.00,749.45,782.25,199603,151500602.15,11254
NSE,AGIIL,INE976R01033,EQ,284.70,285.00,276.50,280.75,286.10,231029,64782529.90,4242
NSE,AGL,INE1YPB01014,EQ,13.56,13.95,13.28,13.79,13.59,1532028,20858867.30,2719
NSE,AGRITECH,INE449G01018,EQ,102.37,104.90,100.60,100.90,101.16,3722,380424.93,78
NSE,AGROPHOS,INE740V01019,EQ,25.63,26.44,24.81,24.99,25.60,33087,835045.38,393
NSE,AHCL,INE0Y8W01025,EQ,15.49,15.76,15.32,15.56,15.49,1668193,25939742.49,2649
NSE,AHLADA,INE00PV01013,EQ,37.25,38.37,36.70,37.27,37.31,2566,95465.13,59
NSE,AHLEAST,INE926K01017,EQ,138.80,143.00,138.51,142.01,142.20,1209,171161.54,26
NSE,AHLUCONT,INE758C01029,EQ,606.05,611.65,590.00,602.20,612.50,107402,64217235.95,9621
NSE,AHLWEST,INE915K01010,BE,511.05,535.00,511.00,535.00,534.65,330,171003.50,6
NSE,AIAENG,INE212H01026,EQ,4243.20,4260.00,4141.00,4159.70,4243.20,51399,214239790.90,13184
NSE,AIIL,INE206F01022,EQ,538.00,541.05,504.85,507.45,539.30,1027128,530442541.70,26257
NSE,AIRAN,INE645W01026,EQ,14.92,15.05,14.50,14.83,14.92,68092,1008041.86,419
NSE,AIROLAM,INE801L01010,EQ,86.68,88.50,86.50,86.51,86.68,3469,305700.07,42
NSE,AJANTPHARM,INE031B01049,EQ,3504.80,3544.00,3425.00,3481.70,3504.80,99445,343718499.60,16246
NSE,AJAXENGG,INE274Y01021,EQ,569.00,582.00,565.00,570.65,573.95,62498,35820461.10,8032
NSE,AJMERA,INE298G01035,EQ,114.80,117.01,113.79,115.69,115.67,326215,37532153.55,7976
NSE,AJOONI,INE820Y01021,EQ,3.74,3.80,3.70,3.72,3.75,151345,565670.47,366
NSE,AKASH,INE737W01013,EQ,24.70,26.00,24.52,25.20,24.36,5134,129868.94,43
NSE,AKCAPIT,INE701G01012,EQ,1729.70,1729.70,1682.00,1699.40,1733.90,1057,1800142.50,274
NSE,AKG,INE00Y801016,EQ,9.19,9.26,9.02,9.21,9.19,14000,128089.11,89
NSE,AKI,INE642Z01026,EQ,4.85,5.48,4.70,5.48,4.57,3044554,16247651.57,3445
NSE,AKSHAR,INE256Z01025,EQ,0.42,0.43,0.41,0.42,0.41,1428759,598183.02,282
NSE,AKSHARCHEM,INE542B01011,BE,403.00,403.85,375.00,403.85,384.65,32662,12859508.00,522
NSE,AKSHOPTFBR,INE523B01011,BE,7.20,7.69,7.16,7.41,7.42,370249,2726676.99,420
NSE,AKUMS,INE09XN01023,EQ,778.00,794.90,768.20,770.25,779.05,750068,582986947.70,27882
NSE,ALANKIT,INE914E01040,EQ,8.10,8.16,7.85,7.96,8.07,82889,666239.07,433
NSE,ALBERTDAVD,INE155C01010,EQ,875.10,878.00,861.00,871.70,871.70,3973,3459518.10,573
NSE,ALEMBICLTD,INE426A01027,EQ,98.85,101.00,98.00,100.14,98.85,645226,64295598.42,6767
NSE,ALFREDHE,INE782D01027,EQ,2860.90,2980.00,2860.90,2884.00,2889.80,310,907980.60,27
NSE,ALGOQUANT,INE598D01035,EQ,63.00,64.90,62.57,63.80,63.02,1328784,84433130.55,5782
NSE,ALICON,INE062D01024,EQ,652.00,672.55,647.65,665.50,659.65,22999,15147741.05,2260
NSE,ALIVUS,INE03Q201024,EQ,1438.10,1470.10,1398.10,1417.90,1443.70,561531,800167251.10,30353
NSE,ALKALI,INE773I01017,BE,70.45,70.45,66.60,68.86,67.41,5599,386007.00,54
NSE,ALKEM,INE540L01014,EQ,5280.00,5289.50,5187.50,5210.00,5300.00,218220,1139838200.00,20518
NSE,ALKYLAMINE,INE150B01039,EQ,1981.10,2044.50,1956.70,1975.50,2011.00,138950,277718254.50,17205
NSE,ALLCARGO,INE418H01029,EQ,11.92,12.37,11.74,12.27,11.92,16512418,198440556.99,16261
NSE,ALLDIGI,INE835G01018,EQ,811.90,811.90,788.55,796.55,807.80,10831,8602456.45,687
NSE,ALLTIME,INE0GV601021,EQ,200.00,202.84,197.46,199.61,200.60,180025,36045556.15,4954
NSE,ALMONDZ,INE326B01035,EQ,17.02,17.90,16.80,17.43,17.49,286311,4940473.79,770
NSE,ALOKINDS,INE270A01029,EQ,7.60,8.19,7.06,7.73,7.69,117258835,881579744.03,75608
NSE,ALPA,INE385I01010,EQ,61.73,65.00,61.35,63.13,61.73,18733,1173405.47,326
NSE,ALPHAGEO,INE137C01018,BE,289.90,300.75,281.35,300.00,286.45,13023,3838693.95,281
NSE,ALPINETEX,INE1JCQ01037,EQ,51.69,52.38,50.46,51.09,51.95,293413,15025405.05,3046
NSE,ALUFLUOR,INE058F01019,EQ,509.90,509.90,491.90,502.55,496.90,11146,5573144.35,518
NSE,AMAGI,INE121R01077,EQ,578.00,582.25,569.00,572.80,584.25,264517,152376966.80,8736
NSE,AMAL,INE841D01013,EQ,755.00,771.00,741.00,749.70,753.10,15022,11356440.00,765
NSE,AMANTA,INE084K01015,BE,190.00,190.00,186.50,186.50,190.00,24024,4543351.50,129
NSE,AMARJOTHI,INE484D01012,EQ,158.00,160.00,155.00,156.13,159.18,598,93091.54,24
NSE,AMBALALSA,INE432A01017,BE,42.25,44.50,42.25,44.10,43.92,44130,1923485.90,209
NSE,AMBER,INE371P01015,EQ,7470.00,7482.50,7281.50,7415.00,7508.00,174407,1287333518.00,19444
NSE,AMBICAAGAR,INE792B01012,EQ,25.49,25.50,24.26,24.75,24.75,26635,662285.26,130
NSE,AMBIKCO,INE540G01014,EQ,1625.10,1648.80,1614.40,1629.20,1625.10,9215,14985172.60,1056
NSE,AMBUJACEM,INE079A01024,EQ,400.00,402.70,395.05,402.70,402.20,1330391,531274253.70,34675
NSE,AMDIND,INE005I01014,EQ,57.02,58.50,55.55,57.39,57.02,42435,2403556.82,288
NSE,AMJLAND,INE606A01024,EQ,39.00,39.39,38.33,38.61,38.45,5934,231208.47,63
NSE,AMNPLST,INE275D01022,EQ,184.00,185.00,180.00,180.32,181.17,5863,1060176.08,142
NSE,AMRUTANJAN,INE098F01031,EQ,499.50,510.90,499.50,500.25,498.35,33541,16865759.85,2933
NSE,ANANDRATHI,INE463V01026,EQ,2200.00,2212.00,2182.00,2198.30,2197.00,183620,403312548.40,16105
NSE,ANANTRAJ,INE242C01024,EQ,583.00,594.85,571.35,588.85,587.80,1282254,745048273.70,30435
NSE,ANDHRAPAP,INE435A01051,EQ,60.50,61.30,60.20,61.09,60.55,234449,14226698.99,4508
NSE,ANDHRSUGAR,INE715B01021,EQ,96.87,99.80,96.11,99.20,96.49,490982,48249316.18,6574
NSE,ANDREWYU,INE449C01025,EQ,27.66,28.35,27.51,28.15,28.11,123709,3460258.23,363
NSE,ANGELONE,INE732I01021,EQ,280.25,280.85,275.25,279.25,281.55,4437022,1234820926.45,35842
NSE,ANIKINDS,INE087B01017,EQ,44.75,46.47,44.11,44.77,45.89,4037,181964.25,127
NSE,ANMOL,INE02AR01019,EQ,10.07,10.36,9.91,9.97,10.02,61224,612218.43,140
NSE,ANNAPURNA,INE0MGM01017,EQ,144.04,146.58,141.50,143.73,145.76,26855,3880617.05,377
NSE,ANNU,INE103001017,BE,72.00,75.60,70.00,75.60,99.00,6333016,460403554.31,11515
NSE,ANSALBU,INE030C01015,EQ,82.00,82.00,76.10,78.91,78.57,1443,114755.11,117
NSE,ANTELOPUS,INE818A01017,EQ,813.00,951.15,807.10,951.15,792.65,12446135,11223349715.75,305044
NSE,ANTGRAPHIC,INE414B01021,EQ,0.75,0.77,0.72,0.73,0.75,415805,306230.70,204
NSE,ANTHEM,INE0CZ201020,EQ,920.00,952.80,915.65,934.50,924.50,1484697,1396101614.20,50359
NSE,ANUHPHR,INE489G01022,EQ,81.43,81.93,78.40,78.94,81.43,138379,11004535.98,1815
NSE,ANUP,INE294Z01018,EQ,1800.00,1816.00,1767.10,1799.80,1810.20,18045,32336913.90,4085
NSE,ANURAS,INE930P01018,EQ,1259.10,1260.00,1232.10,1240.30,1259.80,282041,350624742.50,9724
NSE,APARINDS,INE372A01015,EQ,17401.00,17444.00,16500.00,16813.00,17400.00,94227,1593915259.00,26235
NSE,APCL,INE071F01012,EQ,100.50,100.50,98.90,100.00,100.19,7960,794235.87,116
NSE,APCOTEXIND,INE116A01032,EQ,638.00,642.40,617.05,628.65,639.20,107750,67479300.80,4870
NSE,APEX,INE346W01013,EQ,374.70,379.00,363.90,367.25,374.70,140115,51434506.55,6360
NSE,APLAPOLLO,INE702C01027,EQ,2219.20,2228.50,2186.70,2210.00,2234.00,786402,1734884667.50,26484
NSE,APLLTD,INE901L01018,EQ,845.00,859.00,823.25,826.90,843.85,172875,145248341.25,12727
NSE,APOLLO,INE713T01028,EQ,378.75,389.10,374.35,382.65,379.50,4275794,1640317300.80,33320
NSE,APOLLOHOSP,INE437A01024,EQ,8680.00,8746.50,8640.00,8719.00,8755.00,169190,1471047435.00,24297
NSE,APOLLOPIPE,INE126J01016,EQ,588.65,612.00,588.60,599.05,609.85,159504,95951124.05,7010
NSE,APOLLOTYRE,INE438A01022,EQ,439.25,440.75,432.20,434.15,442.70,333100,144915833.00,14632
NSE,APOLSINHOT,INE451F01024,EQ,1213.40,1234.70,1201.20,1221.20,1219.50,1311,1595248.50,163
NSE,APOORVA,INE217S01014,EQ,26.58,26.58,25.25,25.25,26.57,500,12861.85,7
NSE,APTECHT,INE266F01018,BE,91.41,92.75,89.00,90.78,91.41,42019,3817385.34,421
NSE,APTUS,INE852O01025,EQ,252.00,256.61,249.20,254.28,253.36,466564,117864718.05,17966
NSE,AQYLON,INE416A01051,EQ,21.50,22.05,20.61,20.61,21.69,684411,14285808.64,1474
NSE,ARCHIDPLY,INE877I01016,EQ,102.05,107.65,102.02,106.52,101.72,33961,3583180.23,470
NSE,ARCHIES,INE731A01020,EQ,13.46,13.46,12.65,12.94,13.40,27463,358070.81,214
NSE,ARCL,INE372M01010,EQ,225.00,230.00,221.35,230.00,233.00,248,55537.90,22
NSE,ARDEE,INE0XNF01022,EQ,56.45,57.49,55.71,56.40,56.20,2698066,152865176.65,11756
NSE,ARE&M,INE885A01032,EQ,878.00,882.30,864.15,871.25,879.90,410795,357631111.65,24138
NSE,ARENTERP,INE610C01014,EQ,34.60,36.40,34.50,34.70,35.31,1644,57378.46,23
NSE,ARFIN,INE784R01023,EQ,85.50,88.50,85.50,87.87,85.50,1010679,87404751.21,2122
NSE,ARIES,INE298I01015,EQ,461.60,510.25,461.55,495.35,458.85,480377,237748370.65,16856
NSE,ARIHANT,INE413D01011,EQ,909.00,914.45,878.00,900.30,900.00,2447,2184523.30,250
NSE,ARIHANTCAP,INE420B01036,EQ,79.80,79.98,77.63,78.48,80.03,132223,10393993.15,1201
NSE,ARIHANTSUP,INE643K01018,EQ,245.20,251.90,245.20,247.75,250.15,3340,827497.00,110
NSE,ARIS,INE0H9P01028,EQ,130.99,131.03,125.86,128.31,131.68,897946,114847782.80,9775
NSE,ARKADE,INE0QRL01017,EQ,120.72,121.08,117.11,117.93,120.72,231541,27612912.37,2583
NSE,ARMANFIN,INE109C01017,EQ,1945.00,1994.00,1927.00,1947.20,1952.30,21151,41119047.90,3292
NSE,AROGRANITE,INE210C01013,EQ,24.45,25.05,24.45,24.61,24.45,4239,104639.09,35
NSE,ARROWGREEN,INE570D01018,BE,746.00,771.20,735.05,771.20,734.50,26675,20256801.20,781
NSE,ARSSBL,INE549H01021,EQ,500.00,514.20,500.00,508.30,508.80,199206,101315711.35,4422
NSE,ARTEMISMED,INE025R01021,EQ,328.00,332.40,320.00,320.70,327.95,226615,73219501.30,10030
NSE,ARTNIRMAN,INE738V01013,EQ,40.70,41.10,39.10,40.25,40.70,1607,65124.32,34
NSE,ARVEE,INE006Z01016,EQ,164.01,166.80,163.39,165.81,164.21,962,158830.80,40
NSE,ARVIND,INE034A01011,EQ,552.95,578.00,548.20,574.05,557.10,790352,446988572.90,28652
NSE,ARVINDFASN,INE955V01021,EQ,454.00,463.00,448.40,461.15,458.80,203097,92873356.10,21623
NSE,ARVSMART,INE034S01021,EQ,650.20,656.00,638.75,642.40,656.00,79766,51386922.55,2957
NSE,ARYAMAN,INE032E01017,EQ,635.00,640.00,620.00,639.95,625.00,229,146114.90,6
NSE,ASAHIINDIA,INE439A01020,EQ,950.00,964.70,936.05,951.05,951.20,213328,203243262.05,14265
NSE,ASAHISONG,INE228I01012,BE,364.15,374.55,364.00,367.90,374.55,12724,4687757.75,202
NSE,ASAL,INE900C01027,EQ,469.90,478.65,463.55,473.40,473.60,13648,6407050.80,747
NSE,ASALCBR,INE073G01016,EQ,694.70,705.00,690.45,703.80,693.70,14509,10151115.20,1482
NSE,ASHAPURMIN,INE348A01023,EQ,555.70,561.00,549.35,550.50,555.50,226693,125372380.80,11233
NSE,ASHIANA,INE365D01021,EQ,367.25,368.95,361.10,368.30,363.65,38619,14127462.00,1462
NSE,ASHIKAG,INE094B01013,BE,429.00,429.00,420.00,425.95,429.95,34573,14637387.85,173
NSE,ASHIMASYN,INE440A01010,EQ,17.67,18.90,17.20,17.83,17.67,71620,1278555.08,338
NSE,ASHOKA,INE442H01029,EQ,119.71,120.00,116.49,117.39,121.75,2169165,255198575.14,14668
NSE,ASHOKAMET,INE760Y01011,EQ,13.63,13.63,13.34,13.49,13.63,18438,248438.80,132
NSE,ASHOKLEY,INE208A01029,EQ,169.11,169.29,165.02,167.90,170.53,16412854,2733440927.72,123369
NSE,ASIANENE,INE276G01015,EQ,490.10,516.15,483.10,504.10,488.40,919172,459828138.95,27497
NSE,ASIANHOTNR,INE363A01022,EQ,369.20,386.00,360.10,379.90,369.20,26364,9875913.50,1021
NSE,ASIANPAINT,INE021A01026,EQ,2548.00,2548.00,2510.70,2527.50,2575.50,497889,1256810334.90,45493
NSE,ASIANTILES,INE022I01019,EQ,50.29,51.18,48.85,50.16,50.26,5231296,261525839.20,12884
NSE,ASIANTNE,INE822B01017,EQ,10.17,10.17,9.75,9.83,10.17,3443,34191.38,45
NSE,ASKAUTOLTD,INE491J01022,EQ,638.05,638.05,618.05,623.85,635.65,134316,83877686.10,6371
NSE,ASMS,INE855F01042,BE,7.15,7.33,6.91,7.01,7.24,323359,2279834.17,463
NSE,ASPINWALL,INE991I01015,EQ,260.05,264.95,256.30,259.85,260.05,1099,285832.15,44
NSE,ASSAMENT,INE165G01010,EQ,828.00,828.00,763.00,819.00,800.00,3,2410.00,3
NSE,ASTAR,INE194D01017,EQ,600.00,600.00,590.00,590.00,599.90,124,73606.55,26
NSE,ASTEC,INE563J01010,EQ,556.95,584.90,553.05,572.55,562.40,37649,21487954.55,2050
NSE,ASTERDM,INE914M01019,EQ,761.70,768.00,745.05,759.90,757.80,1275385,964500210.85,40099
NSE,ASTRAL,INE006I01046,EQ,1502.00,1516.40,1476.70,1487.00,1507.00,1046620,1563724645.60,32807
NSE,ASTRAMICRO,INE386C01029,EQ,1678.00,1678.00,1631.00,1641.80,1686.40,220101,363702699.70,17281
NSE,ASTRAZEN,INE203A01020,EQ,6930.00,6940.00,6835.00,6868.00,6917.00,4789,32866384.00,1933
NSE,ATALREAL,INE0ALR01029,EQ,25.01,26.84,25.01,25.53,26.65,33201247,847229486.89,25684
NSE,ATAM,INE09KD01013,EQ,55.20,56.30,54.09,54.78,55.90,8221,451437.50,157
NSE,ATGL,INE399L01023,EQ,613.95,624.95,604.30,614.95,613.65,776942,477658260.75,27683
NSE,ATHERENERG,INE0LEZ01016,EQ,1722.00,1737.00,1641.00,1686.10,1725.60,6312532,10735584017.70,154854
NSE,ATL,INE0NN701020,EQ,25.30,25.30,23.50,23.80,25.33,782831,18882240.61,4818
NSE,ATLANTAA,INE285H01022,EQ,40.47,40.96,39.00,39.21,40.68,53579,2129056.12,1087
NSE,ATLANTAELE,INE0Z4F01028,EQ,1816.90,1846.90,1784.90,1838.90,1823.60,70238,127778882.80,11104
NSE,ATLASCYCLE,INE446A01025,EQ,95.40,98.55,92.70,95.05,95.37,6678,630933.40,176
NSE,ATUL,INE100A01010,EQ,6430.00,6499.00,6358.00,6485.50,6452.00,22848,147399093.00,6440
NSE,ATULAUTO,INE951D01028,EQ,476.05,476.70,464.70,466.40,476.05,124489,58239350.55,5002
NSE,AUBANK,INE949L01017,EQ,1073.10,1077.90,1063.40,1077.90,1079.20,864436,926229784.50,54900
NSE,AUGMONT,INE16W401027,EQ,865.00,952.85,857.05,952.85,866.25,4700620,4312425512.90,129866
NSE,AURIONPRO,INE132H01018,EQ,692.00,700.25,684.00,693.00,694.70,170519,118131664.30,8605
NSE,AUROPHARMA,INE406A01037,EQ,1675.00,1695.00,1639.60,1648.20,1683.30,816419,1366317259.20,40594
NSE,AURUM,INE898S01029,EQ,225.25,227.11,218.85,224.95,223.93,179857,40063258.18,3966
NSE,AURUS,INE142K01011,EQ,4.72,4.72,4.51,4.64,4.66,22489,102183.56,84
NSE,AUSOMENT,INE218C01016,EQ,148.00,157.25,147.10,156.45,149.77,19464,3021178.84,320
NSE,AUSTENG,INE759F01012,EQ,125.90,125.90,121.35,121.40,122.72,59,7207.69,4
NSE,AUTOAXLES,INE449A01011,EQ,1686.00,1744.50,1674.10,1732.50,1690.90,9452,16272753.50,1247
NSE,AUTOIND,INE718H01014,EQ,85.85,86.80,83.60,84.68,85.59,193816,16467137.98,2716
NSE,AVADHSUGAR,INE349W01017,EQ,823.00,845.00,806.00,811.70,823.30,120202,99244828.90,6922
NSE,AVALON,INE0LCL01028,EQ,2295.00,2348.00,2166.60,2189.60,2318.60,662674,1476691088.90,58117
NSE,AVANCE,INE758A01072,EQ,0.83,0.85,0.80,0.82,0.82,17145793,14069621.66,2083
NSE,AVANTEL,INE005B01027,EQ,156.67,157.82,155.50,156.81,156.67,611755,95851153.51,6094
NSE,AVANTIFEED,INE871C01038,EQ,830.00,830.00,800.00,801.20,833.75,400361,324060698.40,21944
NSE,AVG,INE680Z01018,BE,174.90,174.90,170.10,171.42,174.63,7867,1355566.32,94
NSE,AVL,INE679V01027,EQ,601.00,607.60,593.15,599.85,604.10,315136,188933701.50,6928
NSE,AVONMORE,INE323B01024,EQ,13.30,13.30,12.85,13.10,13.34,194160,2538962.34,743
NSE,AVROIND,INE652Z01025,EQ,8.69,9.25,8.57,9.13,8.64,422890,3806750.36,672
NSE,AVTNPL,INE488D01021,EQ,88.40,88.40,86.15,87.16,88.41,99085,8641504.27,1439
NSE,AWFIS,INE108V01019,EQ,260.00,261.30,255.10,256.40,262.80,135933,35021716.50,3964
NSE,AWHCL,INE01BK01022,EQ,375.00,375.00,370.10,372.95,377.35,63740,23766819.85,3428
NSE,AWL,INE699H01024,EQ,194.01,194.02,189.71,191.25,194.38,2934970,561650499.91,36796
NSE,AXISBANK,INE238A01034,EQ,1254.60,1266.90,1250.00,1253.90,1258.00,6437250,8090023721.30,163906
NSE,AXISCADES,INE555B01013,EQ,1657.00,1723.00,1625.30,1689.70,1644.20,290857,492487391.70,20861
NSE,AXITA,INE02EZ01022,EQ,8.07,8.08,7.97,7.97,7.96,668683,5352406.53,791
NSE,AXTEL,INE767C01012,EQ,395.00,398.50,392.00,396.75,397.65,1840,730041.35,109
NSE,AYE,INE501X01029,EQ,171.00,172.74,168.28,171.34,171.70,1770200,301504303.48,17906
NSE,AYMSYNTEX,INE193B01039,EQ,294.20,318.80,288.00,312.50,294.20,601939,186974280.70,17101
NSE,AZAD,INE02IJ01035,EQ,2820.10,2853.50,2754.90,2785.80,2844.30,254104,709156129.50,22856
NSE,AZADIND,INE566M01017,EQ,91.99,91.99,88.15,89.09,90.37,19649,1756038.03,441
NSE,BAFNAPH,INE878I01022,BE,306.35,308.00,306.35,308.00,312.60,7525,2307645.50,87
NSE,BAGFILMS,INE116D01028,EQ,4.32,4.47,4.30,4.32,4.36,85276,371722.62,168
NSE,BAIDFIN,INE020D01022,EQ,10.15,10.16,9.93,9.99,10.15,18429,184910.19,105
NSE,BAJAJ-AUTO,INE917I01010,EQ,12211.00,12275.00,11925.00,12130.00,12361.00,333619,4023885924.00,55750
NSE,BAJAJCON,INE933K01021,EQ,472.00,498.00,465.60,484.55,471.95,2420197,1177149439.10,47934
NSE,BAJAJELEC,INE193E01025,EQ,322.60,327.00,320.10,323.60,325.85,100313,32461014.10,4345
NSE,BAJAJFINSV,INE918I01026,EQ,1951.50,1990.00,1939.20,1990.00,1972.00,730988,1437906210.10,30423
NSE,BAJAJHCARE,INE411U01027,EQ,330.95,332.00,325.85,329.00,329.00,43921,14415454.65,1740
NSE,BAJAJHFL,INE377Y01014,EQ,82.82,83.06,81.71,82.78,82.85,2276868,187794215.93,23064
NSE,BAJAJHIND,INE306A01021,EQ,21.84,22.33,21.57,21.84,21.92,28951286,632895810.35,31824
NSE,BAJAJHLDNG,INE118A01012,EQ,11210.00,11247.00,11059.00,11100.00,11310.00,32382,360572551.00,8476
NSE,BAJAJINDEF,INE0O9T01021,EQ,224.48,226.60,220.51,221.34,224.51,10094,2248126.12,296
NSE,BAJAJST,INE704G01024,EQ,355.00,355.00,347.00,352.00,351.55,5216,1828707.75,237
NSE,BAJEL,INE0KQN01018,EQ,186.90,187.94,183.99,185.30,186.17,100603,18699459.45,1969
NSE,BAJFINANCE,INE296A01032,EQ,1044.20,1061.00,1034.80,1055.90,1053.90,6234288,6523863818.20,133068
NSE,BALAJEE,INE0S2G01011,EQ,26.27,26.44,25.81,26.25,26.06,16711,437066.22,161
NSE,BALAJITELE,INE794B01026,EQ,90.92,92.57,89.96,91.09,92.26,133306,12156266.43,1986
NSE,BALAMINES,INE050E01027,EQ,2415.20,2506.00,2371.50,2390.10,2409.70,455466,1112930754.70,44528
NSE,BALAXI,INE618N01022,EQ,22.45,25.04,22.45,25.01,22.77,302797,7501353.13,834
NSE,BALKRISHNA,INE875R01011,EQ,17.29,17.29,16.50,16.70,16.97,3958,66313.63,49
NSE,BALKRISIND,INE787D01026,EQ,2310.20,2338.50,2273.00,2329.10,2331.80,343301,792291453.90,30540
NSE,BALMLAWRIE,INE164A01016,EQ,174.51,176.94,173.91,176.06,176.13,97753,17180908.03,1884
NSE,BALPHARMA,INE083D01012,EQ,84.10,88.88,84.10,85.65,85.45,14659,1267869.49,247
NSE,BALRAMCHIN,INE119A01028,EQ,667.20,675.00,638.60,669.75,668.85,4012425,2641001827.80,73423
NSE,BALUFORGE,INE011E01029,EQ,618.05,628.25,574.10,578.40,621.90,2344406,1380613144.00,40756
NSE,BANARBEADS,INE655B01011,EQ,113.20,117.50,113.20,114.15,116.40,355,40789.69,43
NSE,BANARISUG,INE459A01010,EQ,3769.10,3897.90,3768.00,3864.80,3766.20,2140,8230769.30,453
NSE,BANCOINDIA,INE213C01025,EQ,620.10,621.00,610.15,613.60,620.15,81619,50104701.35,6678
NSE,BANDHANBNK,INE545U01014,EQ,161.00,162.32,159.24,161.52,162.90,6396488,1029111113.19,41284
NSE,BANG,INE863I01016,EQ,34.70,34.70,33.11,33.49,34.27,28337,953548.54,286
NSE,BANKA,INE862Y01015,EQ,79.75,79.75,77.20,77.20,78.75,1069,83712.21,29
NSE,BANKBARODA,INE028A01039,EQ,237.50,241.25,235.84,241.20,237.70,9638977,2310822688.86,62387
NSE,BANKINDIA,INE084A01016,EQ,141.50,143.36,140.23,143.10,142.35,5132803,728010225.53,29164
NSE,BANSALWIRE,INE0B9K01025,EQ,316.10,321.60,316.10,319.75,319.75,39275,12534331.15,2848
NSE,BANSWRAS,INE629D01020,EQ,115.80,119.70,114.65,118.99,115.54,41871,4947227.08,519
NSE,BASF,INE373A01013,EQ,3742.00,3845.90,3728.00,3811.00,3760.80,15322,58325307.30,4351
NSE,BASML,INE186H01022,BE,25.06,25.73,24.75,25.00,25.57,64332,1608550.70,107
NSE,BATAINDIA,INE176A01028,EQ,677.50,677.95,666.85,670.45,677.35,87033,58397600.95,6924
NSE,BATLIBOI,INE177C01022,EQ,85.10,94.97,85.10,93.57,85.10,122105,11271518.36,1782
NSE,BAYERCROP,INE462A01022,EQ,3987.60,3994.90,3935.00,3979.50,3987.60,16833,66765099.10,3600
NSE,BBL,INE464A01036,EQ,2322.80,2328.50,2278.60,2288.20,2319.20,18647,42692452.90,1935
NSE,BBOX,INE676A01027,EQ,722.00,728.00,709.15,725.20,719.95,207783,149741038.90,11461
NSE,BBTC,INE050A01025,EQ,1524.10,1538.30,1490.20,1492.70,1539.00,76820,115856068.80,6732
NSE,BBTCL,INE01EE01011,EQ,222.15,229.69,217.78,223.45,220.62,9290,2052325.32,451
NSE,BCG,INE425B01027,EQ,9.01,9.02,8.90,8.92,9.00,3198107,28559003.52,3293
NSE,BCLIND,INE412G01024,EQ,36.39,36.72,35.97,36.07,36.19,473912,17160466.04,3313
NSE,BCONCEPTS,INE977Y01011,EQ,158.57,168.80,158.57,165.27,162.75,7512,1223305.57,441
NSE,BCPL,INE00SW01015,EQ,68.58,68.99,67.15,67.85,68.58,4322,292753.04,234
NSE,BDL,INE171Z01026,EQ,1242.10,1258.00,1231.00,1253.70,1250.00,578257,719270840.40,25948
NSE,BEARDSELL,INE520H01022,EQ,25.70,26.40,24.75,24.94,25.79,22548,567314.83,395
NSE,BECTORFOOD,INE495P01020,EQ,228.00,229.80,222.14,228.31,227.75,963048,217113131.81,22403
NSE,BEDMUTHA,INE844K01012,EQ,107.50,108.00,105.39,107.96,106.61,3679,395087.34,67
NSE,BEEKAY,INE213D01015,EQ,390.20,413.95,390.20,404.30,396.85,3760,1518388.15,156
NSE,BEL,INE263A01024,EQ,407.50,408.00,402.90,405.75,411.20,11919117,4828694866.30,175932
NSE,BELLACASA,INE344T01014,EQ,248.15,253.00,240.00,242.90,248.58,8193,2006459.40,396
NSE,BELRISE,INE894V01022,EQ,229.20,235.00,227.74,234.31,230.73,3569979,832044885.29,38938
NSE,BEML,INE258A01024,EQ,1973.80,2047.80,1955.10,2032.40,1970.20,966324,1945027835.20,61260
NSE,BENARAS,INE664D01019,EQ,10201.00,10300.00,10008.00,10155.00,10312.00,44,450168.00,17
NSE,BENGALASM,INE083K01017,EQ,6630.00,6688.50,6263.00,6474.00,6661.50,336,2199447.00,150
NSE,BEPL,INE922A01025,EQ,127.16,129.20,125.00,127.29,127.16,1468903,187212451.08,13165
NSE,BERGEPAINT,INE463A01038,EQ,488.80,489.90,478.75,488.05,490.85,225836,109558562.75,14152
NSE,BESTAGRO,INE052T01021,EQ,18.40,18.82,18.00,18.82,17.11,2169874,40577198.04,2195
NSE,BETA,INE351Y01019,EQ,2208.50,2208.50,2076.00,2137.00,2206.80,44647,94428139.00,6467
NSE,BFINVEST,INE878K01010,EQ,447.75,454.75,438.00,452.95,444.40,30551,13687515.35,2673
NSE,BFUTILITIE,INE243D01012,EQ,501.50,504.00,495.35,500.65,504.70,23073,11559100.90,1203
NSE,BGRENERGY,INE661I01014,BE,234.00,244.77,230.02,244.77,233.12,61270,14869836.19,503
NSE,BHAGCHEM,INE414D01027,EQ,266.60,270.45,265.10,268.10,269.05,70506,18853984.95,1256
NSE,BHAGERIA,INE354C01027,BE,273.00,276.35,253.05,276.35,263.20,613964,167581499.95,2448
NSE,BHAGYANGR,INE458B01036,EQ,379.90,386.00,368.15,380.40,380.00,140035,52720053.90,4509
NSE,BHANDARI,INE474E01029,EQ,2.97,3.10,2.94,2.98,2.96,198728,595376.73,256
NSE,BHARATCOAL,INE05XR01022,EQ,33.33,34.83,33.00,33.92,33.34,12235859,418122384.49,32104
NSE,BHARATFORG,INE465A01025,EQ,2046.10,2046.10,2006.30,2031.80,2052.20,1341071,2705460559.50,32598
NSE,BHARATGEAR,INE561C01019,BE,101.30,102.99,99.05,102.08,100.30,8134,825987.60,197
NSE,BHARATRAS,INE838B01021,EQ,1239.90,1247.90,1190.50,1203.30,1233.00,25627,31258970.20,2572
NSE,BHARATSE,INE415D01024,EQ,219.25,220.99,212.03,214.00,219.25,180073,38529841.75,3760
NSE,BHARATWIRE,INE316L01019,EQ,172.40,180.50,169.63,175.76,174.18,247468,43465438.97,7030
NSE,BHARTIARTL,INE397D01024,EQ,1869.00,1873.00,1854.90,1862.80,1877.20,4125938,7696355020.70,161986
NSE,BHARTIHEXA,INE343G01021,EQ,1512.00,1547.30,1498.20,1531.10,1511.70,70741,107858646.80,12348
NSE,BHEL,INE257A01026,EQ,423.55,427.50,417.35,427.50,426.55,5742323,2429609414.40,58421
NSE,BI,INE986A01012,BE,87.00,91.50,85.00,87.04,87.26,46584,4093894.83,197
NSE,BIGBLOC,INE412U01025,EQ,42.01,42.01,40.95,41.24,41.89,24121,995640.39,497
NSE,BIKAJI,INE00E101023,EQ,597.00,598.30,586.90,590.20,598.30,356630,210664004.80,16228
NSE,BIL,INE828A01016,EQ,938.00,938.00,885.45,893.20,885.45,18069,16242739.35,1344
NSE,BILVYAPAR,INE071A01013,BE,4.10,4.10,3.85,3.90,3.99,2096,8586.94,17
NSE,BIMETAL,INE469A01019,EQ,640.00,641.00,633.00,638.90,640.05,329,209160.15,37
NSE,BIOCON,INE376G01013,EQ,400.00,402.40,397.90,401.00,401.05,1433504,574111674.95,34775
NSE,BIOFILCHEM,INE829A01014,EQ,32.60,32.80,31.55,31.95,32.15,4881,156719.06,112
NSE,BIRLACABLE,INE800A01015,BE,334.40,341.60,332.05,341.60,325.35,324909,110416915.35,2955
NSE,BIRLACORPN,INE340A01012,EQ,870.00,877.60,862.00,867.40,879.55,43993,38198471.50,7688
NSE,BIRLAMONEY,INE865C01022,EQ,127.02,129.00,125.62,126.47,127.02,11603,1469928.22,523
NSE,BIRLANU,INE557A01011,EQ,1443.50,1443.50,1403.10,1422.30,1437.70,3869,5515519.20,568
NSE,BIRLAPREC,INE372E01025,EQ,43.80,44.89,43.00,43.11,43.79,52217,2285244.52,484
NSE,BLACKBUCK,INE0UIZ01018,EQ,578.20,584.70,570.10,581.65,580.30,232439,134317110.75,17766
NSE,BLACKROSE,INE761G01016,BE,113.60,114.20,112.00,112.64,113.60,13715,1554361.72,152
NSE,BLAL,INE0N7W01012,EQ,167.00,167.00,162.92,163.27,164.88,19000,3110055.04,486
NSE,BLBLIMITED,INE791A01024,EQ,16.25,17.50,15.82,17.11,16.15,361782,5999057.28,494
NSE,BLEL,INE1EEM01017,EQ,434.00,452.80,431.10,445.25,436.40,1657322,734702708.80,26294
NSE,BLIL,INE525F01025,EQ,72.38,72.38,71.94,72.11,72.18,58245,4200710.02,1360
NSE,BLISSGVS,INE416D01022,BE,624.10,659.00,616.00,648.65,630.40,541997,347920994.35,4141
NSE,BLKASHYAP,INE350H01032,EQ,55.80,57.89,54.80,55.75,55.84,682619,38617466.40,4328
NSE,BLS,INE153T01027,EQ,238.09,238.09,234.00,235.22,238.19,620128,145890015.75,13163
NSE,BLSE,INE0NLT01010,EQ,329.05,330.40,322.50,322.85,327.70,151988,49457944.50,3214
NSE,BLUECLOUDS,INE373T01047,EQ,20.00,20.02,19.61,19.89,19.99,1134230,22473130.01,2742
NSE,BLUECOAST,INE472B01011,BE,21.50,22.50,21.50,22.07,22.57,1407,31472.61,17
NSE,BLUEDART,INE233B01017,EQ,5061.00,5133.90,4991.00,5017.50,5105.00,23531,118672691.70,5603
NSE,BLUEJET,INE0KBH01020,EQ,586.30,586.30,576.50,580.35,586.35,275975,160327483.25,11478
NSE,BLUESTARCO,INE472A01039,EQ,1491.00,1491.00,1432.50,1445.30,1490.90,657972,954436126.80,34361
NSE,BLUESTONE,INE304W01038,EQ,810.00,819.00,794.55,813.40,813.25,351724,283967628.20,14011
NSE,BLUSPRING,INE0U4101014,EQ,121.88,133.61,120.71,132.44,121.47,1043522,134767730.77,10244
NSE,BMWVENTLTD,INE965W01036,EQ,56.24,56.24,55.00,55.23,55.28,51206,2831736.76,1964
NSE,BNAGROCHEM,INE00HZ01011,EQ,225.05,228.89,218.00,225.00,229.00,1745,384855.52,63
NSE,BNALTD,INE489D01011,BE,360.00,360.00,355.10,355.10,362.00,394,140899.40,5
NSE,BODALCHEM,INE338D01028,EQ,126.51,151.89,119.00,145.45,126.76,30271526,4222352328.44,176356
NSE,BOHRAIND,INE802W01023,EQ,13.34,13.34,12.24,12.36,12.69,21139,261430.73,99
NSE,BOMDYEING,INE032A01023,EQ,112.70,115.50,111.47,113.86,113.49,568186,64393556.22,5524
NSE,BONLON,INE0B9A01018,EQ,41.91,42.89,40.01,40.24,41.71,4432,183515.18,129
NSE,BORANA,INE16SF01016,EQ,308.50,310.50,303.00,304.90,309.15,19418,5940396.55,481
NSE,BOROLTD,INE02PY01013,EQ,241.10,253.77,236.51,249.92,241.85,310915,76597138.40,6627
NSE,BORORENEW,INE666D01022,EQ,493.00,499.00,487.80,495.75,497.15,172957,85543256.05,7165
NSE,BOROSCI,INE02L001032,EQ,126.37,134.00,126.37,131.31,127.65,92825,12018711.73,1858
NSE,BOSCH-HCIL,INE782A01015,EQ,1746.50,1750.80,1686.40,1733.90,1745.50,29791,51441503.40,3579
NSE,BOSCHLTD,INE323A01026,EQ,47780.00,48090.00,46410.00,47250.00,48550.00,50832,2378650580.00,20954
NSE,BPCL,INE029A01011,EQ,312.10,319.60,312.10,319.60,317.65,8277464,2615931400.10,50371
NSE,BPL,INE110A01019,EQ,49.60,50.74,49.20,49.78,50.02,59833,2985485.36,1064
NSE,BPLPHARMA,INE365Y01019,EQ,1513.00,1532.90,1490.00,1518.20,1507.40,524,794639.20,75
NSE,BRAHMINFRA,INE320I01017,EQ,162.00,167.99,159.99,164.96,157.41,46742,7643385.37,869
NSE,BRIGADE,INE791I01019,EQ,639.70,658.00,622.60,640.00,645.10,258628,163959242.50,13658
NSE,BRIGHOTEL,INE03NU01014,EQ,58.32,59.39,58.01,58.42,58.32,76485,4483461.88,1471
NSE,BRIGHTBR,INE630D01010,EQ,259.40,259.40,247.55,258.25,260.00,1199,305584.85,40
NSE,BRITANNIA,INE216A01030,EQ,5135.00,5172.00,5046.00,5154.00,5187.00,325672,1658400672.50,36879
NSE,BRNL,INE727S01012,EQ,17.44,17.44,17.00,17.11,17.28,35170,601873.05,194
NSE,BROOKS,INE650L01011,BE,66.00,66.10,64.00,65.10,66.47,23544,1523342.99,110
NSE,BSE,INE118H01025,EQ,3222.60,3265.00,3131.50,3168.00,3242.00,6510791,20703811346.10,321310
NSE,BSHSL,INE032Z01020,EQ,89.03,90.89,89.03,89.91,89.03,3027,270975.23,87
NSE,BSL,INE594B01012,EQ,122.89,123.00,121.05,122.12,123.25,1740,211985.71,40
NSE,BSOFT,INE836A01035,EQ,294.60,299.45,291.80,294.40,295.80,1273310,376349990.10,28875
NSE,BTML,INE0EEJ01023,EQ,8.13,8.19,7.90,8.08,8.06,453815,3638670.12,329
NSE,BTTL,INE274K01012,BE,43.00,43.00,41.20,42.09,43.19,8575,359430.40,35
NSE,BUILDPRO,INE24OJ01011,EQ,1273.00,1298.00,1234.10,1261.80,1272.40,129285,164235719.10,5610
NSE,BURNPUR,INE817H01022,EQ,19.57,19.57,18.05,19.57,18.64,467871,8981991.29,1459
NSE,BUTTERFLY,INE295F01017,EQ,624.35,624.35,611.10,614.25,624.35,12254,7554027.75,757
NSE,BVCL,INE139I01011,EQ,43.10,43.77,42.20,42.93,43.50,6239,270820.17,89
NSE,BYKE,INE319B01014,BE,32.97,32.97,31.17,31.72,31.87,16685,525815.27,56
NSE,CALSOFT,INE526B01014,EQ,40.49,41.08,40.11,41.08,39.13,283152,11551721.40,710
NSE,CAMLINFINE,INE052I01032,EQ,102.01,103.30,101.00,102.80,102.14,384536,39300831.43,3801
NSE,CAMPUS,INE278Y01022,EQ,223.50,223.50,220.10,220.87,223.92,248414,54980730.40,7928
NSE,CAMS,INE596I01020,EQ,751.00,752.00,730.55,741.85,752.00,1271642,937713833.20,38126
NSE,CANBK,INE476A01022,EQ,125.35,126.99,124.38,126.30,125.60,13231733,1665563644.19,64406
NSE,CANFINHOME,INE477A01020,EQ,786.50,798.00,783.00,795.30,793.40,171636,136181888.60,12749
NSE,CANHLIFE,INE01TY01017,EQ,154.18,154.99,151.55,152.81,154.18,315187,48111952.56,6104
NSE,CANTABIL,INE068L01024,EQ,241.40,241.58,235.21,236.60,241.92,96859,23121458.63,1616
NSE,CAPACITE,INE264T01014,EQ,207.50,209.94,201.51,205.02,208.64,471954,96442717.49,7021
NSE,CAPILLARY,INE0ILV01024,EQ,491.80,491.80,482.00,484.00,491.80,79393,38566350.20,2753
NSE,CAPITALSFB,INE646H01017,EQ,284.85,284.90,280.05,283.25,284.40,10917,3082532.65,389
NSE,CAPLIPOINT,INE475E01026,EQ,2710.00,2735.80,2650.00,2720.50,2711.20,373618,1007210751.00,32337
NSE,CAPTRUST,INE707C01018,BE,18.60,19.76,18.60,19.76,18.82,26227,511844.83,139
NSE,CARBORUNIV,INE120A01034,EQ,1100.50,1107.60,1068.50,1071.50,1100.50,146299,158238867.20,13118
NSE,CARERATING,INE752H01013,EQ,1694.00,1727.50,1675.20,1683.00,1705.00,101976,173278557.40,10795
NSE,CARRARO,INE0V7W01012,EQ,539.95,559.00,535.00,542.00,542.25,88463,48081183.05,6957
NSE,CARTRADE,INE290S01011,EQ,2933.40,2990.60,2914.00,2932.30,2970.10,157344,462094612.00,19278
NSE,CARYSIL,INE482D01024,EQ,1102.60,1147.80,1102.60,1139.20,1118.00,43539,49150447.60,4305
NSE,CASTROLIND,INE172A01027,EQ,185.40,186.40,184.20,186.08,186.02,858851,159641253.90,23055
NSE,CCAVENUE,INE483S01020,EQ,15.30,15.91,15.02,15.50,15.31,14217006,220080566.47,19841
NSE,CCCL,INE429I01024,EQ,14.45,14.49,14.01,14.31,14.45,102155,1452755.31,488
NSE,CCHHL,INE652F01027,EQ,12.90,12.90,12.22,12.42,12.77,20907,260572.72,126
NSE,CCL,INE421D01022,EQ,1096.60,1106.60,1074.50,1086.10,1100.10,145991,159081992.80,17944
NSE,CDSL,INE736A01011,EQ,1378.00,1379.70,1355.90,1365.20,1391.00,858052,1171265708.10,35997
NSE,CEATLTD,INE482A01020,EQ,3381.60,3382.30,3337.00,3347.80,3400.20,47129,157974262.10,9552
NSE,CEIGALL,INE0AG901020,EQ,342.90,344.70,338.90,340.60,344.70,203190,69294239.15,3916
NSE,CEINSYS,INE016Q01014,EQ,698.00,720.00,694.95,697.90,704.40,63889,45022677.05,3445
NSE,CELEBRITY,INE185H01016,EQ,6.70,6.90,6.46,6.75,6.74,10192,67794.73,119
NSE,CELLO,INE0LMW01024,EQ,349.40,349.40,343.15,347.60,349.40,201808,69868176.50,7502
NSE,CEMPRO,INE686A01026,EQ,1244.00,1244.10,1213.40,1235.80,1244.10,188580,232424420.50,13302
NSE,CENTENKA,INE485A01015,EQ,560.00,624.80,560.00,602.35,544.10,9590323,5726296749.95,189707
NSE,CENTEXT,INE281A01026,EQ,22.23,22.91,21.81,22.49,22.28,184050,4103741.60,1082
NSE,CENTRALBK,INE483A01010,EQ,30.19,30.53,29.89,30.37,30.31,6820964,206381716.20,21820
NSE,CENTRUM,INE660C01027,EQ,22.30,23.10,22.05,22.90,22.33,201793,4546564.45,519
NSE,CENTUM,INE320B01020,EQ,3467.70,3595.00,3437.20,3555.30,3420.10,117868,417014929.40,20339
NSE,CENTURYPLY,INE348B01021,EQ,754.95,757.35,745.10,748.45,755.45,25519,19139521.70,6607
NSE,CERA,INE739E01017,EQ,5700.00,5712.00,5641.00,5662.50,5717.50,2090,11840478.00,829
NSE,CESC,INE486A01021,EQ,144.52,147.94,143.55,146.44,145.15,1227110,179679514.12,19962
NSE,CEWATER,INE037Z01029,EQ,262.00,267.10,256.70,263.30,262.70,44650,11659005.35,2217
NSE,CFEL,INE700F01024,EQ,31.90,32.75,31.00,31.80,30.88,18100,574124.04,104
NSE,CGCL,INE180C01042,EQ,250.85,259.00,249.00,256.60,250.90,3713359,948727407.20,34271
NSE,CGPOWER,INE067A01029,EQ,878.05,881.40,870.00,877.75,885.50,2061765,1805604384.80,62541
NSE,CGVAK,INE084D01010,EQ,150.01,152.98,148.00,148.93,152.99,1333,199881.82,25
NSE,CHALET,INE427F01016,EQ,897.55,904.70,884.50,897.95,897.50,70205,62974524.35,6213
NSE,CHAMBLFERT,INE085A01013,EQ,412.40,414.65,407.25,411.45,412.30,739003,303398552.05,21421
NSE,CHEMBOND,INE995D01025,EQ,174.44,174.44,165.61,167.67,168.99,3886,654143.25,147
NSE,CHEMBONDCH,INE0TGX01019,BE,269.00,276.90,260.05,261.40,267.60,8614,2315908.15,113
NSE,CHEMCON,INE03YM01018,BE,198.00,200.37,195.32,199.61,199.32,15863,3131713.89,248
NSE,CHEMCRUX,INE298W01016,EQ,83.24,83.85,80.24,81.52,83.24,3519,288982.25,142
NSE,CHEMFAB,INE783X01023,EQ,366.00,366.00,351.80,355.25,362.80,2940,1045641.55,138
NSE,CHEMPLASTS,INE488A01050,EQ,171.13,172.38,167.61,169.83,170.35,128382,21801102.16,3938
NSE,CHENNPETRO,INE178A01016,EQ,1396.60,1423.50,1382.50,1414.00,1387.00,1672746,2352088722.10,57977
NSE,CHEVIOT,INE974B01016,EQ,1112.10,1159.00,1101.00,1150.60,1124.60,1549,1758639.60,253
NSE,CHOICEIN,INE102B01014,EQ,773.00,774.75,760.00,763.40,774.70,203010,155248120.10,6029
NSE,CHOLAFIN,INE121A01024,EQ,1796.00,1825.90,1773.50,1825.90,1814.70,853169,1534951821.90,51405
NSE,CHOLAHLDNG,INE149A01033,EQ,1470.00,1501.00,1437.00,1489.00,1475.00,143781,210993615.40,15603
NSE,CIEINDIA,INE536H01010,EQ,392.00,392.00,383.85,385.00,390.85,191339,73930745.15,11935
NSE,CIFL,INE345H01024,EQ,20.31,20.64,20.30,20.41,20.38,8872,180937.76,98
NSE,CINELINE,INE704H01022,EQ,88.98,89.59,88.00,88.18,88.95,8621,760937.51,116
NSE,CINEVISTA,INE039B01026,EQ,14.78,15.09,13.96,14.40,14.38,11609,166183.04,150
NSE,CIPLA,INE059A01026,EQ,1414.00,1417.00,1401.20,1412.80,1423.00,578260,815335088.40,34342
NSE,CLEAN,INE227W01023,EQ,826.35,869.10,815.50,863.15,827.10,1112817,945185695.00,41501
NSE,CLEANMAX,INE647U01026,EQ,1240.00,1267.00,1225.10,1257.60,1249.50,104707,131075384.20,10575
NSE,CLEDUCATE,INE201M01029,BE,63.00,63.00,60.21,60.96,62.96,16196,1009031.68,102
NSE,CLSEL,INE419D01026,EQ,301.00,306.85,298.00,301.40,302.40,70678,21358180.85,2929
NSE,CMLL,INE11XY01018,EQ,501.00,521.00,491.00,495.45,501.40,716590,359693435.10,15113
NSE,CMPDI,INE05HV01027,EQ,222.00,226.30,219.20,222.97,222.68,906471,202406615.20,13911
NSE,CMRGREEN,INE00WV01027,EQ,231.03,231.03,223.58,224.71,231.03,277896,62664301.99,5081
NSE,CMSINFO,INE925R01014,EQ,248.00,254.00,245.62,249.30,247.67,625944,156584487.89,15835
NSE,CNL,INE985W01018,EQ,1246.00,1270.00,1225.00,1259.60,1245.50,17267,21508285.90,1472
NSE,COALINDIA,INE522F01014,EQ,408.20,422.40,406.50,417.85,401.60,34130970,14237413551.85,271387
NSE,COASTCORP,INE377E01024,EQ,39.50,40.58,39.00,39.40,39.84,59914,2380595.74,915
NSE,COCHINSHIP,INE704P01025,EQ,1473.90,1473.90,1452.10,1463.00,1475.90,327832,478579163.20,16340
NSE,COCKERILL,INE515A01019,EQ,7965.00,8049.00,7820.50,8005.00,7968.50,4052,32159039.00,1204
NSE,COFFEEDAY,INE335K01011,BE,29.39,29.99,28.90,29.81,29.08,325805,9586024.74,800
NSE,COFORGE,INE591G01025,EQ,1970.00,1975.00,1942.00,1965.70,1988.90,1665060,3266885506.10,102409
NSE,COHANCE,INE03QK01018,EQ,460.00,469.60,452.20,458.30,460.00,417152,191649532.45,16369
NSE,COLPAL,INE259A01022,EQ,1848.80,1862.60,1831.90,1861.50,1859.80,274685,508056884.20,16516
NSE,COMFINTE,INE819A01049,EQ,6.30,6.30,6.15,6.23,6.20,116294,723434.10,286
NSE,COMPEAU,INE823B01015,EQ,359.50,366.00,354.00,354.00,359.65,561,203856.70,18
NSE,COMPUSOFT,INE453B01029,EQ,13.61,13.61,13.00,13.38,13.48,17899,238944.83,141
NSE,COMSYN,INE073V01015,EQ,302.60,314.85,297.00,302.65,304.35,113506,34629042.45,2621
NSE,CONCOR,INE111A01025,EQ,510.00,520.75,508.25,510.00,514.00,2202359,1130042576.50,29440
NSE,CONCORDBIO,INE338H01029,EQ,1485.00,1492.80,1440.90,1444.80,1484.30,90956,132628508.80,10178
NSE,CONFIPET,INE552D01024,EQ,80.11,84.40,78.85,82.55,80.34,5113322,421752523.02,24018
NSE,CONSOFINVT,INE025A01027,BE,276.90,276.90,266.00,266.25,264.00,1836,490490.70,40
NSE,CONTROLPR,INE663B01015,EQ,597.80,607.00,588.00,603.30,597.80,64466,38680739.35,3030
NSE,CORALFINAC,INE558D01021,EQ,33.00,33.00,32.01,32.36,32.21,17316,561947.44,364
NSE,CORDELIA,INE0LZF01039,EQ,103.80,103.80,100.80,101.89,103.92,1054722,107317379.12,6510
NSE,CORDSCABLE,INE792I01017,EQ,319.85,329.30,305.50,315.50,312.95,516769,165104272.05,12256
NSE,COROMANDEL,INE169A01031,EQ,1916.10,1929.50,1890.00,1914.60,1922.90,95960,183422588.90,16435
NSE,CORONA,INE02ZQ01018,EQ,2031.00,2073.10,2020.20,2054.20,2033.30,9979,20497515.10,1892
NSE,COSMOFIRST,INE757A01017,EQ,950.20,966.00,938.85,952.85,949.65,136691,130377897.50,8184
NSE,COUNCODOS,INE695B01025,BE,6.70,6.88,6.61,6.70,6.72,13720,92079.83,143
NSE,CPCAP,INE521J01018,EQ,118.33,118.50,113.00,115.16,117.72,7926,914918.88,375
NSE,CPEDU,INE0P6P01016,EQ,178.00,189.00,178.00,186.93,183.28,2202,406579.57,118
NSE,CPL,INE536P01021,EQ,63.06,65.17,61.52,61.87,64.27,144900,9089225.99,950
NSE,CPPLUS,INE819V01029,EQ,3742.00,3787.60,3665.20,3721.40,3726.90,222182,825269509.30,29419
NSE,CRAFTSMAN,INE00LO01017,EQ,11215.00,11215.00,10927.00,10999.00,11253.00,43059,474204732.00,15923
NSE,CRAMC,INE218I01013,EQ,255.00,255.00,251.50,252.85,255.35,166410,42112391.60,6666
NSE,CRAVATEX,INE145E01017,EQ,339.00,339.00,339.00,339.00,318.10,1,339.00,1
NSE,CREATIVEYE,INE230B01021,EQ,6.18,6.18,6.00,6.15,6.09,1356,8190.60,38
NSE,CREDITACC,INE741K01010,EQ,1379.00,1410.90,1362.20,1403.40,1393.30,394282,553076978.40,45229
NSE,CREST,INE559D01011,EQ,357.00,370.00,357.00,364.95,364.45,4044,1475417.10,58
NSE,CRISIL,INE007A01025,EQ,4770.30,4793.20,4672.00,4701.70,4829.50,40753,192344469.00,14672
NSE,CRIZAC,INE0S4R01014,EQ,164.95,170.42,161.66,165.30,164.63,380389,63397557.33,7877
NSE,CROMPTON,INE299U01018,EQ,230.90,230.90,226.05,227.72,231.10,3476670,791309539.24,41067
NSE,CROWN,INE491V01019,EQ,110.90,112.00,107.21,108.27,109.04,7390,813669.25,134
NSE,CRSL,INE716D01033,BE,2.94,2.95,2.74,2.74,2.88,397232,1109620.43,654
NSE,CSBBANK,INE679A01013,EQ,337.10,338.00,328.70,331.65,338.95,340893,113358379.45,9414
NSE,CSLFINANCE,INE718F01018,EQ,239.95,242.00,230.65,239.05,236.92,46180,10861467.13,1537
NSE,CSM,INE0ZK601013,EQ,94.49,96.30,93.12,95.94,94.49,130639,12435527.70,1402
NSE,CTE,INE627H01017,BE,44.00,44.50,42.70,43.16,44.78,6771,296068.19,66
NSE,CUB,INE491A01021,EQ,231.90,231.90,226.40,230.61,234.99,2227407,512135670.91,52869
NSE,CUBEXTUB,INE144D01012,EQ,76.81,76.96,75.50,76.07,76.82,22424,1707204.18,1083
NSE,CUMMINSIND,INE298A01020,EQ,5089.00,5089.00,5001.00,5088.50,5105.00,368600,1855481975.50,39047
NSE,CUPID,INE509F01029,EQ,275.05,282.30,274.00,280.70,275.05,9328144,2603590734.85,66546
NSE,CURAA,INE117B01020,EQ,68.34,68.50,67.00,67.04,67.00,39,2640.85,8
NSE,CYBERMEDIA,INE278G01037,EQ,19.00,20.05,18.11,19.90,18.66,83153,1616231.21,640
NSE,CYBERTECH,INE214A01019,BE,133.99,133.99,132.01,133.35,132.91,6781,901664.61,133
NSE,CYIENT,INE136B01020,EQ,1150.00,1150.00,1114.50,1122.20,1164.60,820374,926084681.40,34205
NSE,CYIENTDLM,INE055S01018,EQ,852.00,865.10,836.05,854.75,857.20,581016,495661987.05,31351
NSE,DABUR,INE016A01026,EQ,383.70,383.70,377.60,379.00,384.00,1597939,607084791.35,27433
NSE,DAICHI,INE928C01010,EQ,337.80,355.95,331.50,352.30,339.00,18127,6283548.30,238
NSE,DALBHARAT,INE00R701025,EQ,1801.90,1802.00,1760.20,1773.10,1806.60,58918,104454310.10,7382
NSE,DALMIASUG,INE495A01022,EQ,462.50,472.95,450.50,456.55,467.85,337632,155376174.20,9535
NSE,DAMCAPITAL,INE284H01025,EQ,141.15,144.99,139.64,144.16,141.45,271119,38757216.01,3485
NSE,DAMODARIND,INE497D01022,BE,27.98,28.90,26.51,28.71,27.85,3635,101722.14,29
NSE,DANGEE,INE688Y01022,EQ,2.74,2.97,2.63,2.87,2.71,91306,262315.14,203
NSE,DATAMATICS,INE365B01017,EQ,767.70,769.45,760.15,763.95,771.05,29964,22911002.30,1745
NSE,DATAPATTNS,INE0IX101010,EQ,4505.20,4543.60,4454.00,4516.70,4515.20,292275,1314560161.10,26115
NSE,DAVANGERE,INE179G01029,EQ,2.10,2.13,2.06,2.09,2.08,9326102,19534333.62,2323
NSE,DBCORP,INE950I01011,EQ,197.10,199.02,193.05,194.27,197.76,97496,18970174.31,3503
NSE,DBEIL,INE0OPA01027,BE,6.14,6.37,6.01,6.11,6.27,156716,964123.47,342
NSE,DBL,INE917M01012,EQ,394.70,396.65,390.55,395.05,394.80,58809,23176065.25,2420
NSE,DBOL,INE0I3401014,EQ,126.60,130.95,125.70,128.18,126.76,136571,17552206.27,3708
NSE,DBREALTY,INE879I01012,EQ,103.00,103.35,101.00,102.81,102.90,752185,76826426.32,5409
NSE,DBSTOCKBRO,INE921B01025,BE,30.46,31.97,29.52,30.30,30.46,24139,740956.42,79
NSE,DCAL,INE385W01011,EQ,182.00,183.62,174.82,176.85,181.83,225327,40303776.04,4027
NSE,DCBBANK,INE503A01015,EQ,224.39,224.39,218.55,222.34,224.39,2487065,548785675.23,32289
NSE,DCI,INE0A1101019,EQ,374.00,376.60,345.80,354.55,369.70,249417,88767992.30,8023
NSE,DCM,INE498A01018,BE,77.56,78.79,76.79,78.39,77.67,14889,1148342.02,50
NSE,DCMFINSERV,INE891B01012,EQ,5.20,5.41,5.05,5.21,5.22,9021,47221.30,44
NSE,DCMNVL,INE08KP01019,EQ,189.73,193.00,185.00,185.47,189.67,31825,6013453.51,430
NSE,DCMSHRIRAM,INE499A01024,EQ,1033.00,1052.50,1021.00,1028.00,1030.40,88712,91944987.00,14347
NSE,DCMSIL,INE0OU201013,EQ,69.48,72.83,69.48,71.65,70.98,55181,3938037.02,1706
NSE,DCMSRIND,INE843D01027,EQ,45.98,47.48,45.98,46.81,46.61,170129,7927575.56,1488
NSE,DCW,INE500A01029,EQ,44.55,48.20,43.75,47.61,44.58,6153160,288360396.63,23971
NSE,DCXINDIA,INE0KL801015,EQ,173.00,173.00,169.62,171.23,173.51,215087,36788688.46,3833
NSE,DDEVPLSTIK,INE0HR601026,EQ,280.40,280.40,272.95,274.05,278.75,64985,17827818.90,2223
NSE,DECCANCE,INE583C01021,EQ,567.05,573.70,567.00,571.30,574.40,2760,1572788.70,170
NSE,DECNGOLD,INE945F01025,EQ,216.69,223.99,215.50,219.03,221.05,757656,165884092.69,12232
NSE,DEEDEV,INE841L01016,EQ,619.00,650.75,617.20,643.85,619.80,530818,342737159.35,9883
NSE,DEEP,INE00IY01012,EQ,36.10,36.10,34.20,35.24,36.10,5874,208641.71,58
NSE,DEEPAKFERT,INE501A01019,EQ,1427.50,1433.20,1404.70,1416.70,1427.50,130758,185166759.80,18571
NSE,DEEPAKNTR,INE288B01029,EQ,1784.00,1789.50,1717.80,1734.10,1782.80,389513,679593570.30,28296
NSE,DEEPINDS,INE0FHS01024,EQ,666.85,704.50,655.00,693.65,665.00,450290,306397436.40,13598
NSE,DELHIVERY,INE148O01028,EQ,458.50,459.70,452.50,454.80,460.80,1061104,483047375.95,26549
NSE,DELPHIFX,INE726L01027,BE,6.41,6.41,6.09,6.09,6.41,172651,1059434.87,276
NSE,DELTACORP,INE124G01033,EQ,57.30,57.50,56.60,56.95,57.41,647310,36862875.84,4203
NSE,DELTAMAGNT,INE393A01011,EQ,57.87,57.87,55.10,57.74,58.45,2805,159287.34,89
NSE,DEN,INE947J01015,EQ,27.90,27.93,27.33,27.85,27.77,304255,8400256.98,1516
NSE,DENORA,INE244A01016,EQ,802.00,824.00,802.00,816.95,813.90,1761,1432194.65,249
NSE,DENTA,INE0R4L01018,EQ,271.00,275.90,262.90,270.50,270.35,111326,30260584.60,3096
NSE,DEVIT,INE060X01034,EQ,24.61,25.09,24.60,24.64,25.02,12989,321467.16,159
NSE,DEVX,INE0VOV01021,EQ,33.40,34.68,32.80,33.01,32.99,114889,3794044.01,526
NSE,DEVYANI,INE872J01023,EQ,137.40,138.55,135.35,138.07,138.69,1211173,166166513.69,15597
NSE,DGCONTENT,INE03JI01017,EQ,24.69,29.07,24.66,24.95,24.23,198027,5322594.99,1174
NSE,DHABRIYA,INE260R01016,BE,516.05,539.00,505.00,506.50,529.80,23368,12099560.80,275
NSE,DHAMPURSUG,INE041A01016,EQ,172.20,176.79,168.03,170.67,172.82,655398,112837900.12,10723
NSE,DHANBANK,INE680A01011,EQ,31.91,31.92,31.30,31.50,32.05,612773,19383728.26,1965
NSE,DHANUKA,INE435G01025,EQ,980.00,999.80,972.80,995.70,990.35,17041,16848152.00,2283
NSE,DHARMAJ,INE00OQ01016,EQ,267.50,271.00,267.50,270.00,269.75,105881,28584982.40,1197
NSE,DHATRE,INE715T01031,EQ,4.45,4.45,4.20,4.32,4.35,16175,69082.50,132
NSE,DHOOTTRANS,INE01NH01023,EQ,1433.10,1595.00,1424.00,1522.10,1450.10,4833587,7379713652.80,176665
NSE,DHRUV,INE506Z01015,EQ,23.50,23.85,23.01,23.40,23.50,4896,115052.90,71
NSE,DHUNINV,INE320L01011,EQ,987.90,1021.00,985.50,1016.65,987.30,2140,2152118.05,210
NSE,DIACABS,INE989C01038,BE,340.60,340.60,328.00,330.90,340.60,857893,286575888.35,14014
NSE,DIAMINESQ,INE591D01014,EQ,242.00,244.50,239.00,243.65,242.01,4583,1109055.82,105
NSE,DIAMONDYD,INE393P01035,EQ,1135.00,1169.90,1102.30,1155.20,1144.80,7145,8220733.00,860
NSE,DICIND,INE303A01010,EQ,579.00,591.95,557.10,576.55,553.60,4900,2822431.65,381
NSE,DIFFNKG,INE184O01015,EQ,476.50,486.70,467.00,476.80,477.50,306772,146450787.65,9227
NSE,DIGIDRIVE,INE0PSC01024,EQ,17.62,17.82,17.26,17.69,17.82,10459,183425.64,127
NSE,DIGISPICE,INE927C01020,EQ,16.81,17.10,16.70,16.97,17.00,50007,844095.14,220
NSE,DIGITIDE,INE0U4701011,EQ,96.30,99.00,95.12,95.88,97.01,146462,14112186.09,1485
NSE,DIGJAMLMTD,INE731U01028,EQ,49.10,50.00,49.00,49.01,49.17,2110,103754.09,41
NSE,DISAQ,INE131C01011,EQ,12160.00,12160.00,11811.00,12008.00,11724.00,342,4091133.00,290
NSE,DISHTV,INE836F01026,EQ,2.67,2.70,2.64,2.65,2.67,741311,1973587.33,903
NSE,DIVGIITTS,INE753U01022,EQ,1268.80,1277.30,1220.10,1244.40,1268.80,122025,152144161.20,11149
NSE,DIVISLAB,INE361B01024,EQ,9121.50,9299.00,9104.50,9220.00,9165.00,403619,3718760984.50,48348
NSE,DIXON,INE935N01020,EQ,14461.00,14620.00,14315.00,14590.00,14461.00,216702,3135309538.00,41345
NSE,DJML,INE0B1K01014,EQ,70.12,73.48,69.41,72.22,71.92,147754,10592060.32,2104
NSE,DLF,INE271C01023,EQ,666.00,673.55,651.30,673.55,675.15,3578778,2366825523.50,83213
NSE,DLINKINDIA,INE250K01012,EQ,436.00,456.90,430.05,447.85,436.10,411216,184251847.80,10757
NSE,DMART,INE192R01011,EQ,3790.00,3813.40,3775.00,3813.40,3824.00,204007,774598504.50,21307
NSE,DMCC,INE505A01010,EQ,286.60,297.00,285.10,293.35,286.80,63510,18480537.65,2266
NSE,DNAMEDIA,INE016M01021,EQ,2.55,2.69,2.50,2.53,2.58,26237,66774.99,97
NSE,DODLA,INE021O01019,EQ,1067.90,1084.30,1056.30,1065.30,1066.20,34781,37290599.70,7770
NSE,DOLATALGO,INE966A01022,EQ,70.13,70.88,69.57,69.96,70.93,178494,12510090.10,1401
NSE,DOLLAR,INE325C01035,EQ,266.05,266.05,260.00,262.35,266.60,84900,22303903.80,2114
NSE,DOLPHIN,INE920A01037,EQ,598.00,608.00,565.50,603.45,583.30,34269,20309092.00,1425
NSE,DOMS,INE321T01012,EQ,2220.00,2226.90,2193.40,2206.30,2229.00,29319,64704143.80,3861
NSE,DONEAR,INE668D01028,EQ,84.40,85.35,83.01,83.46,84.02,8254,690305.44,131
NSE,DPABHUSHAN,INE266Y01019,EQ,1408.90,1408.90,1356.90,1370.40,1416.00,24177,33372260.30,2335
NSE,DPSCLTD,INE360C01024,BE,7.38,7.71,6.99,7.41,7.35,130408,949515.30,434
NSE,DPWIRES,INE864X01013,BE,159.00,159.00,151.20,155.30,158.02,2189,338663.63,85
NSE,DRAGARWQ,INE934C01018,EQ,5319.00,5489.50,5260.50,5420.00,5309.50,2319,12471014.50,937
NSE,DRCSYSTEMS,INE03RS01027,EQ,14.22,14.22,13.42,13.59,13.76,30334,414934.28,275
NSE,DREAMFOLKS,INE0JS101016,EQ,67.65,67.65,65.80,66.39,66.36,26461,1757784.16,1214
NSE,DREDGECORP,INE506A01018,EQ,1070.10,1084.80,1056.20,1060.90,1076.70,43034,45910486.90,3726
NSE,DRREDDY,INE089A01031,EQ,1165.00,1170.90,1156.50,1156.50,1171.00,486542,566415813.40,30353
NSE,DSFCL,INE0OFM01015,BE,26.01,26.53,25.56,26.23,26.07,24672,643848.40,93
NSE,DSKULKARNI,INE891A01022,BE,19.04,19.04,19.04,19.04,18.67,4,76.16,1
NSE,DSSL,INE417B01040,EQ,1019.30,1039.60,1010.00,1016.00,1020.80,36263,36967291.00,2764
NSE,DTIL,INE341R01014,EQ,153.50,153.50,148.50,149.95,153.50,11996,1807707.64,365
NSE,DUCON,INE741L01018,EQ,2.15,2.15,1.92,2.08,2.07,1030380,2108166.10,1367
NSE,DVL,INE477B01010,EQ,282.50,287.00,275.10,285.65,282.50,14922,4219504.65,588
NSE,DWARKESH,INE366A01041,EQ,49.15,50.75,48.12,48.78,49.14,3908597,192855678.21,17280
NSE,DYCL,INE600Y01019,EQ,542.00,550.00,530.25,535.55,542.40,1090048,587365618.45,26370
NSE,DYNAMATECH,INE221B01012,EQ,11612.00,11612.00,11350.00,11425.00,11678.00,9361,106992059.00,3371
NSE,DYNPRO,INE256H01015,EQ,228.10,234.21,224.00,229.06,230.19,10344,2360654.54,312
NSE,E2E,INE255Z01027,BE,614.00,619.00,590.25,608.45,620.90,626317,378126002.25,10525
NSE,EASEMYTRIP,INE07O001026,EQ,5.99,6.14,5.86,6.00,5.99,11843898,70398318.79,8838
NSE,EASTSILK,INE962C01035,BE,63.00,63.00,60.50,61.28,63.68,83,5061.90,9
NSE,EASTWEST,INE595R01023,EQ,2.42,2.48,2.36,2.45,2.40,26674,65042.96,70
NSE,EBGNG,INE18JU01028,EQ,650.00,673.40,637.60,641.80,650.50,1248083,820742668.85,38003
NSE,EBIX,INE432F01032,EQ,19.06,20.50,19.06,20.03,19.99,79184,1551787.28,218
NSE,ECLERX,INE738I01010,EQ,1950.00,2020.00,1929.40,2004.50,1973.80,264722,527786341.40,28766
NSE,ECORECO,INE316A01038,EQ,459.80,468.70,451.05,454.45,464.50,13107,5995525.80,755
NSE,ECOSMOBLTY,INE06HJ01020,EQ,114.05,124.19,112.50,114.79,115.16,438547,51090561.12,4403
NSE,EDELWEISS,INE532F01054,EQ,128.61,131.20,125.53,126.18,128.94,5705746,728893835.68,40500
NSE,EFCIL,INE886D01026,EQ,200.00,200.92,197.60,199.12,201.34,203846,40596043.25,4540
NSE,EICHERMOT,INE066A01021,EQ,7860.00,7893.00,7507.50,7711.50,7970.00,1117588,8521558103.00,113006
NSE,EIDPARRY,INE126A01031,EQ,795.60,805.45,782.15,800.65,795.60,358986,284385697.65,16474
NSE,EIEL,INE0LLY01014,EQ,190.00,194.00,188.00,192.36,190.82,446613,85087523.35,9627
NSE,EIFFL,INE546V01010,BE,284.25,284.25,284.25,284.25,290.05,420,119385.00,8
NSE,EIHAHOTELS,INE276C01014,EQ,290.50,309.85,290.30,307.85,293.30,49556,15086380.10,2716
NSE,EIHOTEL,INE230A01023,EQ,290.00,292.80,285.00,285.80,294.45,174245,50023656.25,9406
NSE,EIMCOELECO,INE158B01016,EQ,2180.00,2247.80,2159.40,2194.60,2193.40,22028,48592812.40,3155
NSE,EKC,INE184H01027,EQ,105.62,107.00,104.46,106.25,105.79,127389,13468465.76,1854
NSE,EKI,INE0CPR01018,EQ,76.99,77.00,72.52,75.80,73.69,16532,1246283.56,271
NSE,ELANTAS,INE280B01018,EQ,11590.00,12238.00,11403.00,11904.00,11297.00,8310,98384254.00,3655
NSE,ELCIDIN,INE927X01018,EQ,106170.00,107000.00,106170.00,107000.00,106700.00,3,320170.00,3
NSE,ELDEHSG,INE668G01021,EQ,798.95,799.95,776.25,794.25,783.65,838,665233.75,108
NSE,ELECON,INE205B01031,EQ,412.60,418.35,406.20,416.60,412.25,329056,136002346.90,22353
NSE,ELECTCAST,INE086A01029,EQ,83.63,86.27,82.16,85.28,83.83,3654988,310693666.22,28171
NSE,ELECTHERM,INE822G01016,EQ,995.60,1005.90,981.10,1000.10,997.25,7593,7578948.65,617
NSE,ELGIEQUIP,INE285A01027,EQ,627.05,627.05,613.90,616.75,628.90,340531,210388053.25,15981
NSE,ELGIRUBCO,INE819L01012,EQ,60.66,61.80,59.40,60.88,60.66,56371,3416957.63,1424
NSE,ELIN,INE050401020,EQ,95.01,96.99,94.62,95.26,96.17,147098,14026652.02,1790
NSE,ELITECON,INE669R01026,EQ,9.61,9.61,9.61,9.61,10.11,809638,7780621.18,3098
NSE,ELLEN,INE236E01022,EQ,315.05,317.90,308.35,313.30,315.40,232113,72745007.05,5280
NSE,ELPROINTL,INE579B01039,EQ,175.48,175.48,173.62,173.86,175.01,17302,3012071.76,146
NSE,EMAMILTD,INE548C01032,EQ,375.95,375.95,366.10,368.05,376.65,1183546,437713419.85,22575
NSE,EMAMIPAP,INE830C01026,BE,107.61,110.47,105.10,109.31,109.77,15695,1697470.61,187
NSE,EMAMIREAL,INE778K01012,EQ,68.57,69.30,67.85,67.98,68.57,14408,988666.00,1033
NSE,EMBDL,INE069I01010,EQ,59.45,59.56,58.08,59.18,59.63,2150451,126573118.16,9821
NSE,EMCURE,INE168P01015,EQ,1845.90,1880.00,1840.00,1858.40,1845.90,93727,174479567.60,16050
NSE,EMIL,INE02YR01019,EQ,173.00,179.39,173.00,176.44,175.70,942548,165885342.78,15156
NSE,EMKAY,INE296H01011,EQ,266.75,266.75,252.15,255.30,264.10,34967,8986408.80,702
NSE,EMMBI,INE753K01015,BE,93.50,94.99,90.00,91.41,92.66,16813,1528072.79,111
NSE,EMMVEE,INE1C6T01020,EQ,316.20,327.45,315.90,324.70,319.25,1011269,326960769.30,21895
NSE,EMPIND,INE515H01014,EQ,1219.00,1221.00,1190.00,1196.90,1209.20,7580,9125924.20,412
NSE,EMPOWER,INE507F01023,EQ,1.91,1.91,1.91,1.91,2.01,2054257,3923630.87,1493
NSE,EMSLIMITED,INE0OV601013,EQ,391.00,409.50,380.00,386.80,372.40,8214302,3267242617.65,128490
NSE,EMUDHRA,INE01QM01018,EQ,533.80,536.10,520.00,522.15,533.10,72368,38113603.65,3731
NSE,ENDURANCE,INE913H01037,EQ,2840.00,2841.30,2735.00,2755.90,2841.70,143316,394705290.50,22337
NSE,ENERGYDEV,INE306C01019,EQ,15.66,16.13,15.58,15.65,15.78,17038,268378.94,284
NSE,ENGINERSIN,INE510A01028,EQ,279.00,282.85,273.65,276.60,280.05,6781901,1882256305.05,65217
NSE,ENIL,INE265F01028,EQ,101.01,101.16,100.00,100.28,100.96,8961,899936.60,276
NSE,ENKEIWHEL,INE130L01014,EQ,400.00,405.00,385.00,389.20,400.00,2735,1088696.10,57
NSE,ENRIN,INE1NPP01017,EQ,3140.00,3155.90,3104.50,3119.30,3172.50,245835,768615439.00,31144
NSE,ENTERO,INE010601016,EQ,1805.70,1834.00,1785.30,1797.40,1805.00,166967,301981596.80,16391
NSE,EPACK,INE0G5901015,EQ,187.00,189.61,184.86,187.53,187.72,393677,73878149.04,5901
NSE,EPACKPEB,INE0MLS01022,EQ,221.92,227.95,220.00,225.04,224.00,479629,107699013.29,6524
NSE,EPIGRAL,INE071N01016,EQ,1235.00,1240.80,1206.20,1230.60,1239.50,35163,43217081.00,5258
NSE,EPL,INE255A01020,EQ,238.90,243.00,234.15,236.30,240.35,10496347,2511792275.80,49449
NSE,EQUIPPP,INE217G01035,BE,22.37,23.20,22.20,23.19,22.20,14860,340210.60,31
NSE,EQUITASBNK,INE063P01018,EQ,72.69,73.80,72.12,73.45,73.42,670856,49169403.34,10746
NSE,ERIS,INE406M01024,EQ,1292.00,1349.90,1265.10,1288.90,1299.90,152755,195852302.50,13397
NSE,ESABINDIA,INE284A01012,EQ,6156.00,6175.50,6001.00,6038.50,6141.50,6800,41129852.00,2132
NSE,ESAFSFB,INE818W01011,BE,41.48,42.60,40.10,42.36,41.48,366036,15195414.36,1279
NSE,ESCORTS,INE042A01014,EQ,3009.40,3039.90,2983.10,3019.40,3016.10,103177,311136342.60,17343
NSE,ESSARSHPNG,INE122M01019,EQ,16.99,16.99,16.50,16.73,16.83,147217,2462990.65,552
NSE,ESSENTIA,INE418N01035,EQ,1.06,1.06,1.03,1.04,1.04,2411294,2522315.33,741
NSE,ESTER,INE778B01029,EQ,91.71,94.75,91.41,94.05,92.68,95277,8892204.64,2164
NSE,ETERNAL,INE758T01015,EQ,325.50,327.50,320.30,327.30,327.75,20138975,6541082409.40,145685
NSE,ETHOSLTD,INE04TZ01018,EQ,2879.40,2901.50,2820.00,2839.40,2879.40,25873,74122144.80,4947
NSE,EUREKAFORB,INE0KCE01017,EQ,425.50,426.30,419.85,422.95,427.80,81366,34384250.15,8055
NSE,EUROBOND,INE505V01016,EQ,149.95,152.00,145.51,150.04,148.02,7429,1110750.17,110
NSE,EUROPRATIK,INE198501012,EQ,257.50,271.20,255.30,260.05,259.35,201379,52631344.55,2907
NSE,EVEREADY,INE128A01029,EQ,322.50,329.65,316.85,321.30,325.10,86932,27833744.75,2642
NSE,EVERESTIND,INE295A01018,BE,429.00,429.00,414.00,427.55,420.75,3705,1574537.55,104
NSE,EXCELINDUS,INE369A01029,EQ,1018.00,1035.10,1010.00,1027.40,1015.50,5547,5694412.40,860
NSE,EXCELSOFT,INE606N01019,EQ,70.00,70.00,69.05,69.62,69.79,171128,11900391.06,1495
NSE,EXICOM,INE777F01014,EQ,158.31,165.80,158.15,163.33,162.98,698763,113616886.87,9718
NSE,EXIDEIND,INE302A01020,EQ,435.00,436.50,423.70,425.65,436.25,2878998,1234629680.15,55350
NSE,EXPLEOSOL,INE201K01015,EQ,871.50,926.90,871.50,890.85,854.40,431972,387500194.35,22476
NSE,EXXARO,INE0GFE01026,EQ,6.48,6.71,6.36,6.60,6.48,382891,2510470.53,1213
NSE,FABTECH,INE0HF201011,EQ,147.64,149.79,145.77,147.84,147.60,62164,9205299.88,1128
NSE,FACT,INE188A01015,EQ,815.00,817.45,800.30,804.30,815.25,140166,113065588.05,8315
NSE,FAIRCHEMOR,INE0DNW01011,BE,662.00,677.35,662.00,674.00,664.15,3070,2054940.75,62
NSE,FAZE3Q,INE963C01033,EQ,482.80,491.95,473.00,488.75,490.55,17325,8365441.55,860
NSE,FCL,INE045J01034,EQ,49.00,49.60,48.11,49.19,48.83,7723374,377210491.08,23280
NSE,FCSSOFT,INE512B01022,EQ,1.45,1.50,1.44,1.45,1.45,2997571,4406190.04,1302
NSE,FDC,INE258B01022,EQ,334.25,344.60,328.80,340.60,333.60,159404,53658340.95,7321
NSE,FEDDERSHOL,INE417D01020,EQ,45.99,46.94,45.00,45.99,45.21,954494,43947190.42,1826
NSE,FEDERALBNK,INE171A01029,EQ,349.00,353.50,345.20,353.35,349.25,6273256,2198017162.10,67869
NSE,FEDFINA,INE007N01010,EQ,155.00,158.50,153.89,157.57,156.21,704394,110566902.16,9906
NSE,FERMENTA,INE225B01021,EQ,486.00,529.80,480.00,520.65,485.80,159537,80978559.70,7161
NSE,FIBERWEB,INE296C01020,EQ,26.00,26.00,25.52,25.76,26.15,12490,322235.62,142
NSE,FIEMIND,INE737H01014,EQ,2085.00,2085.00,2040.00,2052.00,2085.70,55396,113429164.10,6994
NSE,FILATEX,INE816B01035,EQ,73.00,75.21,72.10,73.31,73.74,1849818,136041502.41,9380
NSE,FILATFASH,INE185E01021,EQ,0.18,0.19,0.18,0.18,0.18,20978413,3878952.83,1702
NSE,FINCABLES,INE235A01022,EQ,1232.30,1235.50,1186.50,1191.20,1248.30,643658,775250186.20,30248
NSE,FINEORG,INE686Y01026,EQ,5250.50,5251.50,5130.00,5146.50,5255.50,17127,88244943.50,4539
NSE,FINKURVE,INE734I01027,EQ,68.02,71.79,67.56,69.53,67.76,58734,4080542.50,1153
NSE,FINOPB,INE02NC01014,EQ,137.12,145.78,135.00,140.49,136.44,871541,123351086.83,10484
NSE,FINPIPE,INE183A01024,EQ,154.80,159.70,152.51,157.84,155.34,1132536,175350745.00,25204
NSE,FIRSTCRY,INE02RE01045,EQ,176.98,176.98,168.15,170.82,177.67,2461807,423857748.85,32981
NSE,FISCHER,INE771F01041,EQ,37.67,38.00,36.76,37.73,36.77,651361,24408636.84,2658
NSE,FIVESTAR,INE128S01021,EQ,535.00,535.00,518.50,524.85,538.10,558691,293485595.85,27151
NSE,FLAIR,INE00Y201027,EQ,250.50,250.50,246.10,247.14,249.98,67200,16686377.25,1214
NSE,FLEXITUFF,INE060J01017,BE,2.46,2.46,2.34,2.39,2.46,62354,148958.58,89
NSE,FLUOROCHEM,INE09N301011,EQ,4744.90,4746.00,4680.10,4727.70,4740.10,116596,549921973.50,16356
NSE,FMGOETZE,INE529A01010,EQ,626.00,628.75,607.40,612.40,624.85,1528240,938977023.90,23843
NSE,FMNL,INE360L01017,EQ,10.09,10.20,9.62,9.64,10.04,15300,150266.32,125
NSE,FOCUS,INE593W01028,BE,66.20,67.87,64.33,64.53,66.14,37259,2430838.01,367
NSE,FOODSIN,INE976E01023,EQ,53.37,56.00,53.20,54.78,53.46,374789,20600442.56,1982
NSE,FORCEMOT,INE451A01017,EQ,17720.00,17823.00,17360.00,17600.00,17722.00,103485,1818451279.00,24785
NSE,FORTIS,INE061F01013,EQ,907.65,915.00,901.35,915.00,915.00,725295,659650471.60,21281
NSE,FOSECOIND,INE519A01011,EQ,6300.00,6369.50,6150.00,6183.00,6308.50,12329,76896499.00,3410
NSE,FRACTAL,INE212S01015,EQ,824.90,838.75,816.40,821.40,827.80,154219,127240439.70,9133
NSE,FREDUN,INE194R01017,EQ,1497.80,1519.60,1470.00,1505.80,1497.80,9712,14546150.10,1487
NSE,FRONTSP,INE572D01014,EQ,1259.90,1264.30,1242.50,1250.40,1256.20,13571,16991131.90,1912
NSE,FSL,INE684F01012,EQ,263.80,272.00,262.20,270.40,266.00,674372,180839583.10,15770
NSE,FUSION,INE139R01012,EQ,194.65,196.11,191.13,193.42,194.65,206791,39837953.37,4410
NSE,GABRIEL,INE524A01029,EQ,1427.00,1434.90,1372.20,1384.90,1426.30,230274,320206665.70,15481
NSE,GAEL,INE036B01030,EQ,171.80,173.67,169.15,170.80,172.03,483798,82734858.58,10502
NSE,GAIL,INE129A01019,EQ,172.60,173.60,171.02,173.00,172.69,5580510,961037860.08,59418
NSE,GAJA,INE18UN01038,EQ,159.75,164.70,158.10,163.83,161.79,2433047,393935364.56,24912
NSE,GALAPREC,INE0RE001014,EQ,1015.30,1047.80,1002.00,1040.50,1009.60,35036,36152158.70,3556
NSE,GALAXYSURF,INE600K01018,EQ,2223.90,2244.00,2200.00,2223.10,2229.40,11285,25052643.20,3538
NSE,GALLANTT,INE297H01019,EQ,552.80,562.00,543.15,555.40,552.80,49632,27461577.45,5430
NSE,GANDHAR,INE717W01049,EQ,263.65,267.75,262.10,265.95,261.80,1018241,270201078.35,14840
NSE,GANDHITUBE,INE524B01027,EQ,891.65,904.50,887.35,896.40,896.60,7989,7165149.55,600
NSE,GANECOS,INE845D01014,EQ,1026.50,1040.00,1001.80,1004.40,1024.60,53502,54317821.40,5294
NSE,GANESHBE,INE388A01029,BE,115.50,122.18,114.50,122.18,116.37,186820,22565494.66,459
NSE,GANESHCP,INE652V01016,EQ,167.00,170.00,166.50,167.47,168.20,67303,11281445.56,1087
NSE,GANESHHOU,INE460C01014,EQ,773.95,773.95,757.05,762.00,775.20,11344,8652493.15,865
NSE,GANGAFORGE,INE691Z01023,EQ,1.85,1.85,1.77,1.85,1.77,7078382,13059862.50,1465
NSE,GANGESSECU,INE335W01016,EQ,118.10,119.80,115.70,117.87,118.03,1435,169540.08,30
NSE,GARFIBRES,INE276A01018,EQ,846.95,846.95,810.30,814.75,842.70,52451,43240393.60,5511
NSE,GARUDA,INE0JVO01026,EQ,178.05,180.00,173.10,174.34,179.85,459289,80953979.79,8118
NSE,GATECH,INE224E01028,BE,1.00,1.00,1.00,1.00,1.05,5654832,5654832.00,4670
NSE,GATECHDVR,INE224E01036,BE,0.52,0.53,0.52,0.52,0.54,435438,226907.46,267
NSE,GATEWAY,INE079J01017,EQ,53.40,53.53,52.40,53.10,52.86,928175,49233476.83,8408
NSE,GAUDIUMIVF,INE0P8B01020,BE,128.98,129.80,121.34,123.40,127.72,159307,19554045.31,1285
NSE,GAYAHWS,INE287Z01012,EQ,2.02,2.09,1.95,1.99,2.02,215434,429825.51,331
NSE,GAYAPROJ,INE336H01023,EQ,20.51,21.72,20.35,21.46,20.69,549373,11847261.86,2023
NSE,GCSL,INE199P01028,EQ,564.50,575.65,564.50,571.85,562.90,556823,317496052.30,5597
NSE,GEECEE,INE916G01016,BE,373.95,373.95,362.30,366.90,368.55,1751,641902.00,31
NSE,GEEKAYWIRE,INE669X01032,EQ,31.20,31.20,27.51,27.86,29.09,334848,9755335.08,2694
NSE,GEMAROMA,INE06XZ01023,EQ,167.35,169.00,162.88,164.17,166.69,63560,10474306.89,1155
NSE,GENCON,INE854S01022,EQ,45.41,45.41,43.51,44.33,44.93,245355,10958878.48,599
NSE,GENESYS,INE727B01026,EQ,225.00,225.79,216.35,219.87,225.93,396489,87784456.75,5955
NSE,GENUSPAPER,INE949P01018,EQ,12.04,12.14,11.82,11.96,11.99,42138,504476.27,175
NSE,GENUSPOWER,INE955D01029,EQ,325.00,341.00,324.00,336.15,327.90,3705712,1232072983.65,89491
NSE,GEOJITFSL,INE007B01023,EQ,83.00,83.22,81.77,82.76,83.22,225428,18615802.46,2670
NSE,GESHIP,INE017A01032,EQ,1322.10,1328.00,1303.00,1305.60,1325.60,471098,617527423.10,26876
NSE,GFLLIMITED,INE538A01037,EQ,55.12,59.67,54.18,58.82,56.30,346841,20184957.36,4558
NSE,GHCL,INE539A01019,EQ,435.00,438.15,431.00,435.10,435.60,53854,23396895.55,2766
NSE,GHCLTEXTIL,INE0PA801013,EQ,142.00,144.59,138.00,139.35,140.45,1397109,197013793.37,19365
NSE,GICHSGFIN,INE289B01019,EQ,140.60,148.38,139.50,145.82,141.95,155356,22331565.59,2260
NSE,GICL,INE947T01022,EQ,23.56,24.90,23.30,23.99,23.74,234510,5575663.92,308
NSE,GICRE,INE481Y01014,EQ,354.95,358.45,352.25,355.45,354.75,1798962,639200063.20,20274
NSE,GILLANDERS,INE047B01011,EQ,106.00,108.89,103.00,105.02,105.83,3326,349553.13,44
NSE,GILLETTE,INE322A01010,EQ,7400.00,7460.00,7306.00,7346.00,7419.50,20760,153207640.50,5166
NSE,GINNIFILA,INE424C01010,BE,43.99,44.00,43.00,43.97,43.54,38932,1703784.65,116
NSE,GIPCL,INE162A01010,EQ,200.35,207.94,197.51,205.94,198.80,1526007,311486717.75,21902
NSE,GKB,INE265D01015,EQ,66.33,66.99,65.80,65.80,67.00,68,4503.73,7
NSE,GKENERGY,INE1AG301022,EQ,132.00,133.70,128.82,131.04,132.08,225373,29521378.59,3036
NSE,GKSL,INE0V0W01025,EQ,162.45,171.90,161.50,168.30,162.45,817412,137223607.93,10015
NSE,GKWLIMITED,INE528A01020,EQ,1568.00,1600.00,1510.10,1593.30,1550.00,26045,40389574.70,160
NSE,GLAND,INE068V01023,EQ,2915.00,2930.00,2803.00,2868.40,2875.00,556481,1593070275.40,49204
NSE,GLAXO,INE159A01016,EQ,2972.60,2990.10,2908.50,2949.90,2996.10,59227,174519690.80,9304
NSE,GLENMARK,INE935A01035,EQ,2455.00,2476.90,2420.00,2460.00,2470.40,516029,1262181585.60,26799
NSE,GLFL,INE540A01017,EQ,5.70,5.92,5.64,5.80,5.93,6306,35968.21,21
NSE,GLOBAL,INE291W01037,EQ,110.40,119.00,110.22,117.31,110.14,496539,56919399.46,3475
NSE,GLOBALE,INE0URU01010,EQ,11.30,11.30,10.65,11.23,11.20,3568,38522.04,29
NSE,GLOBALVECT,INE792H01019,EQ,140.50,143.99,139.21,142.93,142.20,5651,798216.62,271
NSE,GLOBE,INE581X01021,EQ,1.90,1.93,1.87,1.91,1.90,610832,1159424.20,338
NSE,GLOBECIVIL,INE0V3U01015,EQ,47.00,47.70,45.20,46.84,46.21,158647,7344378.37,445
NSE,GLOBUSSPR,INE615I01010,EQ,914.45,918.95,892.55,908.75,914.95,110360,99579385.80,4863
NSE,GLOSTERLTD,INE350Z01018,EQ,581.10,599.70,581.10,585.35,591.50,1284,756265.55,77
NSE,GLOTTIS,INE0TQE01026,EQ,63.01,63.47,62.12,62.22,63.01,26138,1638087.73,423
NSE,GMBREW,INE075D01018,EQ,876.00,889.90,871.00,885.40,876.20,19456,17091827.75,1329
NSE,GMDCLTD,INE131A01031,EQ,558.00,562.85,555.55,557.65,562.25,395940,221030619.80,13243
NSE,GMMPFAUDLR,INE541A01023,EQ,1080.00,1089.60,1050.10,1070.00,1083.80,167948,178941947.50,11185
NSE,GMRAIRPORT,INE776C01039,EQ,93.40,94.21,92.60,93.99,94.12,6108730,571802977.39,31555
NSE,GMRP&UI,INE0CU601026,EQ,89.20,91.91,86.80,91.14,89.91,2248453,201407773.49,15522
NSE,GNA,INE934S01014,EQ,530.20,541.60,525.60,532.40,532.45,155940,82961474.50,5039
NSE,GNFC,INE113A01013,EQ,573.20,583.50,571.60,576.95,576.00,610680,351684887.80,24415
NSE,GNRL,INE207H01018,EQ,95.90,95.90,94.70,94.84,95.56,58303,5540281.94,597
NSE,GOACARBON,INE426D01013,EQ,366.15,373.00,363.00,365.80,369.05,6453,2375364.60,479
NSE,GOCLCORP,INE077F01035,EQ,387.75,395.00,382.55,391.70,387.35,22496,8741376.40,1455
NSE,GOCOLORS,INE0BJS01011,EQ,323.45,326.65,318.50,323.35,323.45,51374,16590149.40,1692
NSE,GODAVARIB,INE497S01012,EQ,234.95,239.00,232.00,237.30,234.95,31043,7323741.50,1322
NSE,GODFRYPHLP,INE260B01028,EQ,2072.00,2074.80,2025.40,2025.40,2078.30,226079,460660344.60,17118
NSE,GODIGIT,INE03JT01014,EQ,258.05,262.20,255.20,258.40,260.75,121329,31421673.00,7775
NSE,GODREJAGRO,INE850D01014,EQ,652.00,679.70,650.00,670.25,654.40,2230141,1490500826.05,50244
NSE,GODREJCP,INE102D01028,EQ,900.55,905.00,891.50,905.00,905.00,1120078,1005049474.85,32524
NSE,GODREJIND,INE233A01035,EQ,1152.90,1152.90,1135.00,1138.80,1152.90,45406,51760555.20,4515
NSE,GODREJPROP,INE484J01027,EQ,1950.00,1970.70,1908.90,1970.70,1978.00,770610,1488405058.30,36302
NSE,GOKEX,INE887G01027,EQ,774.00,779.90,767.00,770.10,780.50,138716,107172897.95,6169
NSE,GOKUL,INE020J01029,EQ,40.70,41.77,40.50,41.37,41.53,219183,9040378.31,1679
NSE,GOKULAGRO,INE314T01033,EQ,235.40,238.00,229.68,234.19,236.58,487548,113625852.71,9589
NSE,GOLDIAM,INE025B01025,EQ,340.20,347.10,336.05,344.10,342.40,326183,111446868.85,5891
NSE,GOLDTECH,INE805A01014,BE,47.75,47.93,46.25,47.28,47.25,12252,573506.66,109
NSE,GOODLUCK,INE127I01024,EQ,453.10,479.90,448.00,474.75,452.90,674267,315126244.50,15603
NSE,GOODYEAR,INE533A01012,EQ,729.05,740.00,729.05,736.10,736.25,3995,2939078.70,452
NSE,GOPAL,INE0L9R01028,EQ,270.30,271.60,262.80,264.90,270.30,126055,33604483.60,3533
NSE,GOYALALUM,INE705X01026,EQ,6.41,6.41,6.20,6.23,6.29,33923,211892.48,273
NSE,GPIL,INE177H01039,EQ,243.41,243.41,237.01,239.39,243.41,1989265,476450164.32,31169
NSE,GPPL,INE517F01014,EQ,162.42,165.50,162.00,164.44,169.02,2172344,356615735.39,30486
NSE,GPTHEALTH,INE486R01017,EQ,150.00,154.54,150.00,150.83,151.63,50195,7564297.03,1337
NSE,GPTINFRA,INE390G01014,EQ,107.55,119.13,106.41,110.71,107.72,1296483,147691166.79,14919
NSE,GRADIENTE,INE361K01017,EQ,2.64,2.67,2.63,2.65,2.59,606549,1607983.17,171
NSE,GRANDOAK,INE926B01016,EQ,36.28,36.28,34.42,34.58,36.23,7029,245437.28,67
NSE,GRANULES,INE101D01020,EQ,834.05,838.00,816.00,831.75,837.20,787511,652459874.80,26033
NSE,GRAPHITE,INE371A01025,EQ,732.00,737.00,721.05,726.60,732.90,680122,495573548.20,19024
NSE,GRASIM,INE047A01021,EQ,3292.00,3298.30,3235.50,3294.90,3305.00,1085964,3545755225.40,61538
NSE,GRAUWEIL,INE266D01021,EQ,68.81,70.79,68.81,70.06,69.25,219735,15402883.63,2951
NSE,GRAVISSHO,INE214F01026,EQ,30.99,30.99,30.79,30.83,28.20,128,3946.75,6
NSE,GRAVITA,INE024L01027,EQ,1779.00,1789.50,1746.00,1749.10,1781.90,120612,212934412.30,20427
NSE,GREAVESCOT,INE224A01026,EQ,195.00,196.66,193.25,194.20,197.80,785920,153078627.36,11381
NSE,GREENLAM,INE544R01021,EQ,242.61,244.90,240.35,242.06,242.61,50408,12207394.74,989
NSE,GREENPANEL,INE08ZM01014,EQ,160.00,160.49,154.55,158.00,160.09,274624,43314945.18,22525
NSE,GREENPLY,INE461C01038,EQ,285.35,288.70,280.60,283.70,286.20,76970,21859052.50,2226
NSE,GREENPOWER,INE999K01014,EQ,9.00,9.23,8.90,9.16,9.12,1495912,13603565.00,3360
NSE,GRINDWELL,INE536A01023,EQ,1983.30,1999.00,1950.10,1967.50,1983.30,14477,28460323.20,3689
NSE,GRINFRA,INE201P01022,EQ,875.05,890.00,858.25,873.90,882.50,10763,9360801.70,1522
NSE,GRMOVER,INE192H01020,EQ,85.05,86.47,83.72,86.03,85.29,1220718,103893871.07,4242
NSE,GROBTEA,INE646C01018,EQ,980.00,980.55,960.00,965.50,975.25,123,119269.70,29
NSE,GROWW,INE0HOQ01053,EQ,190.00,190.23,185.35,189.88,189.41,21060867,3964209774.40,128571
NSE,GRPLTD,INE137I01015,EQ,2035.00,2048.00,1983.20,2008.90,2025.60,771,1558598.60,212
NSE,GRSE,INE382Z01011,EQ,2523.00,2535.00,2487.00,2495.10,2530.20,273379,683286383.10,21221
NSE,GRWRHITECH,INE291A01017,EQ,7178.00,7323.00,7115.00,7202.50,7209.50,27984,201776035.50,7212
NSE,GSFC,INE026A01025,EQ,158.00,160.25,157.30,159.95,158.75,787261,125662471.57,9027
NSE,GSLSU,INE0JSX01015,EQ,24.60,25.74,24.55,25.74,24.52,180235,4604253.20,845
NSE,GSPCROP,INE713R01022,EQ,621.00,627.30,614.55,625.95,621.70,51552,32015468.70,1960
NSE,GSS,INE871H01011,EQ,11.91,12.03,11.55,11.83,11.90,14411,169922.84,132
NSE,GTECJAINX,INE586X01012,BE,28.30,29.35,27.50,28.90,28.28,2322,66162.56,31
NSE,GTL,INE043A01012,EQ,7.20,7.50,7.05,7.23,7.07,196396,1414309.73,601
NSE,GTLINFRA,INE221H01019,EQ,1.17,1.18,1.15,1.16,1.15,31318894,36396453.50,10421
NSE,GTPL,INE869I01013,EQ,58.20,58.20,55.51,56.17,57.14,55563,3142684.25,508
NSE,GUFICBIO,INE742B01025,EQ,419.75,453.95,415.50,438.80,421.05,693834,307016506.70,23086
NSE,GUJALKALI,INE186A01019,EQ,726.00,729.50,707.10,714.80,713.30,107798,77462836.80,9514
NSE,GUJAPOLLO,INE826C01016,EQ,355.00,355.00,336.00,337.70,335.65,3595,1221452.65,160
NSE,GUJENERGY,INE844O01030,EQ,255.00,262.80,253.65,262.29,254.30,2260654,587260835.34,41185
NSE,GUJRAFFIA,INE610B01024,EQ,40.02,41.45,39.46,40.00,39.96,1260,51470.81,28
NSE,GUJTHEM,INE942C01045,EQ,408.95,420.20,407.10,413.05,419.95,1719974,709264738.15,5334
NSE,GULFOILLUB,INE635Q01029,EQ,1133.00,1147.40,1118.00,1125.00,1132.80,64023,71968524.20,6699
NSE,GULFPETRO,INE586G01017,BE,68.45,68.45,66.00,67.56,67.51,90692,6057606.45,299
NSE,GULPOLY,INE255D01024,EQ,187.98,189.74,185.25,187.56,188.28,170753,31961092.87,3321
NSE,GVKPIL,INE251H01024,BE,2.10,2.10,2.04,2.06,2.08,956635,1960297.93,927
NSE,GVPIL,INE878A01011,EQ,622.80,638.45,608.00,632.15,622.55,125940,78541522.35,5160
NSE,GVPTECH,INE382T01030,EQ,8.43,8.99,8.11,8.33,8.23,231970,1954502.11,759
NSE,GVT&D,INE200A01026,EQ,4280.00,4282.50,4183.20,4240.00,4324.00,836148,3529375660.60,73323
NSE,GYFTR,INE724A01017,EQ,183.95,189.17,173.50,183.00,182.15,102161,18518146.55,1545
NSE,HAL,INE066F01020,EQ,4785.00,4793.50,4707.00,4780.00,4807.60,525620,2493794982.80,38580
NSE,HALDER,INE115S01010,EQ,274.00,297.85,274.00,293.90,292.25,34207,10073863.10,277
NSE,HALDYNGL,INE506D01020,BE,140.45,145.00,137.77,142.55,139.52,75540,10708938.37,414
NSE,HALEOSLABS,INE320X01016,EQ,1480.10,1490.00,1475.00,1481.40,1480.00,1498,2217761.00,34
NSE,HAMPTON,INE299D01022,EQ,8.33,8.33,7.87,8.17,8.03,6209,50578.32,73
NSE,HAPPSTMNDS,INE419U01012,EQ,362.00,362.25,348.65,354.85,362.70,4999399,1775623883.80,69910
NSE,HAPPYFORGE,INE330T01021,EQ,2380.80,2460.00,2340.00,2345.90,2420.40,102193,247241074.30,21675
NSE,HARDWYN,INE626Z01029,EQ,9.06,9.25,8.95,9.12,9.03,1367993,12436487.45,1034
NSE,HARIOMPIPE,INE00EV01017,EQ,340.40,352.90,332.50,348.60,342.55,134360,46339715.65,4172
NSE,HARRMALAYA,INE544A01019,EQ,191.55,194.00,186.66,188.98,193.07,11701,2218614.49,480
NSE,HARSHA,INE0JUS01029,EQ,458.00,462.00,445.00,450.75,453.70,241531,109506827.35,9958
NSE,HATHWAY,INE982F01036,EQ,10.49,10.49,10.25,10.34,10.50,1410954,14598918.89,2217
NSE,HATSUN,INE473B01035,EQ,1191.00,1222.00,1172.50,1193.60,1178.50,244250,293535850.50,15255
NSE,HAVELLS,INE176B01034,EQ,1220.00,1220.00,1183.00,1193.00,1222.80,752254,897838338.70,51947
NSE,HAVISHA,INE293B01029,EQ,1.35,1.35,1.27,1.28,1.34,47158,61598.21,84
NSE,HAWKINCOOK,INE979B01015,EQ,8151.00,8220.50,8124.00,8194.50,8152.00,804,6561136.50,204
NSE,HAZOOR,INE550F01049,EQ,19.47,19.47,18.81,18.95,19.39,171123,3256918.34,630
NSE,HBESD,INE640B01021,EQ,74.90,75.90,74.90,75.00,75.27,224,16798.90,7
NSE,HBLENGINE,INE292B01021,EQ,658.05,663.00,648.00,660.20,659.20,519552,340242752.60,18859
NSE,HBPOR,INE638B01025,EQ,59.99,60.00,58.05,59.99,59.99,515,30493.25,35
NSE,HBSL,INE550B01022,EQ,54.33,54.99,52.44,52.98,54.06,730,38970.97,44
NSE,HCC,INE549A01026,EQ,23.26,23.74,22.90,23.08,23.36,32414628,751745396.12,30683
NSE,HCG,INE075I01017,EQ,704.40,716.55,695.80,699.30,704.40,95423,67326272.35,8840
NSE,HCL-INSYS,INE236A01020,EQ,10.72,10.72,10.25,10.32,10.46,237943,2485436.74,837
NSE,HCLTECH,INE860A01027,EQ,1340.10,1349.30,1317.40,1331.50,1351.40,2739386,3646172791.00,74188
NSE,HDBFS,INE756I01012,EQ,670.50,676.70,667.50,675.20,675.30,203242,136745061.70,8183
NSE,HDFCAMC,INE127D01025,EQ,2511.50,2528.50,2477.00,2525.70,2544.90,962353,2406151916.40,67554
NSE,HDFCBANK,INE040A01034,EQ,702.30,705.65,700.00,700.80,711.90,36950338,25947121981.35,475283
NSE,HDFCLIFE,INE795G01014,EQ,538.00,538.00,532.05,533.00,540.30,1116864,597834902.85,34775
NSE,HEADSUP,INE759V01019,EQ,6.72,7.00,6.60,6.83,6.85,9607,64953.60,123
NSE,HEALTHX,INE019J01013,EQ,309.95,309.95,293.00,294.30,297.90,1875,554469.95,82
NSE,HECPROJECT,INE558R01013,EQ,116.37,119.37,115.00,116.09,116.37,4614,533805.85,151
NSE,HEG,INE545A01024,EQ,725.00,726.30,702.95,706.40,729.90,1020619,728247931.15,18971
NSE,HEIDELBERG,INE578A01017,EQ,157.00,159.38,157.00,157.87,158.10,138843,21910887.73,3055
NSE,HEMIPROP,INE0AJG01018,EQ,126.52,127.30,125.25,126.61,127.15,253856,32066685.31,2832
NSE,HERANBA,INE694N01015,EQ,175.99,177.32,173.74,175.23,175.96,20511,3591997.92,593
NSE,HERITGFOOD,INE978A01027,EQ,352.35,384.80,349.30,378.75,353.70,4731013,1762793197.20,75855
NSE,HEROMOTOCO,INE158A01026,EQ,5477.00,5485.00,5167.00,5300.00,5555.00,1746768,9194406579.00,135952
NSE,HESTERBIO,INE782E01017,EQ,2189.50,2210.90,2146.00,2176.50,2200.50,7011,15253557.80,915
NSE,HEXAGON,INE0JUI01012,BE,65.00,66.50,64.80,66.14,66.19,107199,7034700.74,495
NSE,HEXATRADEX,INE750M01017,EQ,158.25,161.00,157.40,157.91,158.72,789,124942.40,41
NSE,HEXT,INE093A01041,EQ,552.80,552.80,539.60,543.60,551.10,311273,169675900.10,23758
NSE,HFCL,INE548A01028,EQ,230.00,238.89,225.01,226.27,236.64,17046359,3935043275.56,121641
NSE,HGINFRA,INE926X01010,EQ,481.90,483.25,470.00,471.80,481.85,91321,43291460.80,4548
NSE,HGM,INE596H01014,EQ,49.77,49.77,46.55,48.34,48.67,15445,751866.05,139
NSE,HGS,INE170I01016,EQ,395.50,399.15,390.60,393.10,393.70,12083,4765347.45,824
NSE,HIKAL,INE475B01022,EQ,198.88,202.99,197.01,200.60,198.54,237919,47529026.24,6385
NSE,HILINFRA,INE00RL01028,EQ,43.55,44.84,43.50,43.56,44.19,69280,3026746.49,606
NSE,HILTON,INE788H01017,EQ,19.51,19.71,18.40,18.79,19.32,202367,3799149.03,793
NSE,HIMATSEIDE,INE049A01027,EQ,69.27,69.88,68.00,69.66,69.27,266034,18406988.21,2681
NSE,HINDADH,INE074C01013,EQ,348.90,365.00,347.90,359.50,346.10,2619,933321.65,179
NSE,HINDALCO,INE038A01020,EQ,1004.00,1011.20,998.20,1009.70,1014.40,1902917,1915002708.00,65112
NSE,HINDALUMI,INE227B01019,EQ,99.00,100.00,97.00,97.32,97.80,5519,541758.30,106
NSE,HINDCOMPOS,INE310C01029,EQ,405.20,405.20,397.00,399.60,405.20,4600,1839699.45,202
NSE,HINDCON,INE642Y01029,EQ,23.50,23.50,22.81,23.16,23.47,15529,358031.63,160
NSE,HINDCOPPER,INE531E01026,EQ,521.25,524.55,516.25,520.95,526.65,6616530,3440496796.25,82167
NSE,HINDOILEXP,INE345A01011,EQ,170.00,171.99,165.10,166.18,169.00,551626,92123403.71,8777
NSE,HINDPETRO,INE094A01015,EQ,358.30,362.90,355.40,359.00,363.10,7705518,2762912468.50,86435
NSE,HINDUNILVR,INE030A01027,EQ,1983.00,1983.80,1962.30,1975.00,1994.80,1497019,2948008757.10,60321
NSE,HINDWAREAP,INE05AN01011,EQ,182.16,183.48,179.22,182.08,182.11,74310,13431301.27,3172
NSE,HINDZINC,INE267A01025,EQ,590.00,592.90,581.30,588.40,597.00,3987561,2345349963.70,57085
NSE,HIRECT,INE835D01023,EQ,1244.00,1250.90,1214.00,1218.50,1248.20,26426,32465661.30,2784
NSE,HISARMETAL,INE598C01011,EQ,161.14,165.80,155.23,159.80,159.54,2599,420287.70,77
NSE,HITECH,INE106T01025,EQ,79.62,80.00,76.00,76.54,79.67,1100863,85372416.31,5234
NSE,HITECHCORP,INE120D01012,BE,339.90,339.90,335.00,336.55,337.65,7808,2619273.90,50
NSE,HITECHGEAR,INE127B01011,BE,565.00,574.60,560.05,569.20,569.25,1031,586899.00,29
NSE,HLEGLAS,INE461D01028,EQ,316.75,318.35,312.85,314.10,316.75,71474,22533589.95,2436
NSE,HLVLTD,INE102A01024,EQ,6.34,6.34,6.22,6.30,6.34,203740,1280102.58,499
NSE,HMAAGRO,INE0ECP01024,EQ,20.90,21.64,20.71,20.89,20.92,4096974,86242348.28,6792
NSE,HMVL,INE871K01015,BE,86.10,88.20,86.00,87.33,86.57,8500,741076.81,48
NSE,HNDFDS,INE254N01026,EQ,644.10,644.10,612.70,622.80,644.10,239548,148894372.45,11192
NSE,HOMEFIRST,INE481N01025,EQ,1187.00,1199.00,1153.90,1196.70,1182.80,125641,148980903.30,25485
NSE,HONASA,INE0J5401028,EQ,472.50,481.50,464.60,469.95,473.50,966603,457035010.05,30353
NSE,HONAUT,INE671A01010,EQ,35415.00,35415.00,34875.00,35170.00,35580.00,2073,72831425.00,1389
NSE,HONDAPOWER,INE634A01018,EQ,2001.20,2021.80,1956.20,1976.10,1993.40,5423,10757820.50,915
NSE,HORIZONIND,INE685T01010,EQ,55.57,57.25,53.75,56.57,55.37,11684390,647483422.57,49482
NSE,HPAL,INE0GSL01024,EQ,34.93,35.50,34.40,35.01,34.93,45020,1577072.49,539
NSE,HPIL,INE05X901010,EQ,122.00,124.75,121.00,122.01,121.17,484,58901.68,19
NSE,HPL,INE495S01016,EQ,295.65,301.85,290.20,297.35,299.80,74715,22212514.55,3489
NSE,HRYNSHP,INE400G01011,EQ,100.05,102.78,100.00,102.00,100.05,395,39884.04,13
NSE,HSCL,INE019C01026,EQ,672.50,683.80,654.00,659.60,680.85,10982851,7357376504.30,89265
NSE,HTEL,INE0LEG01024,BE,76.80,81.40,75.25,78.55,78.75,4060604,318984319.37,20499
NSE,HTMEDIA,INE501G01024,EQ,26.98,26.98,25.71,26.19,26.88,143113,3765846.45,467
NSE,HUBTOWN,INE703H01016,EQ,180.04,183.71,177.12,180.60,180.33,369887,66401400.97,4317
NSE,HUDCO,INE031A01017,EQ,177.80,180.27,175.13,178.35,178.58,1558842,275615368.28,23402
NSE,HUHTAMAKI,INE275B01026,EQ,261.90,271.90,257.10,261.35,258.95,337585,88303733.70,6857
NSE,HYBRIDFIN,INE965B01022,BE,16.96,16.96,16.20,16.60,16.96,7358,121272.46,48
NSE,HYUNDAI,INE0V6F01027,EQ,2168.00,2168.00,2095.80,2154.40,2179.80,1012608,2151717909.00,67601
NSE,IBULLSLTD,INE126M01010,EQ,25.39,26.50,24.66,25.96,25.44,12745266,326898965.63,20215
NSE,ICDSLTD,INE613B01010,EQ,52.00,59.06,52.00,59.06,49.22,122072,7029725.38,762
NSE,ICEMAKE,INE520Y01019,EQ,729.00,743.00,727.55,739.70,733.45,7785,5734281.00,750
NSE,ICICIAMC,INE346A01027,EQ,3030.00,3039.90,2946.00,2973.30,3038.10,880414,2619068559.50,74038
NSE,ICICIBANK,INE090A01021,EQ,1425.10,1436.00,1420.70,1426.50,1438.00,8515824,12146450397.70,148174
NSE,ICICIGI,INE765G01017,EQ,1542.20,1554.40,1521.10,1537.00,1566.90,605897,929123727.20,34335
NSE,ICICIPRULI,INE726G01019,EQ,495.00,501.85,487.50,499.50,495.45,1099572,546121476.80,33055
NSE,ICIL,INE483B01026,EQ,433.45,450.00,423.45,447.15,433.45,823554,361814297.35,23946
NSE,ICRA,INE725G01011,EQ,4959.90,4999.80,4881.00,4891.30,5011.90,16104,79251880.60,2984
NSE,IDBI,INE008A01015,EQ,91.65,93.25,90.61,91.55,92.06,10822943,995347460.75,38093
NSE,IDEA,INE669E01016,EQ,14.12,14.72,13.93,14.53,14.06,527024719,7596762787.77,818860
NSE,IDEAFORGE,INE349Y01013,EQ,780.00,792.20,768.10,769.75,783.60,214711,166746228.70,14764
NSE,IDFCFIRSTB,INE092T01019,EQ,84.61,85.25,83.70,85.09,84.90,15107630,1281048088.33,57257
NSE,IEX,INE022Q01020,EQ,118.99,119.25,117.70,118.86,119.20,3975640,471487125.82,79328
NSE,IFBAGRO,INE076C01018,EQ,893.00,900.00,889.55,897.65,899.40,2396,2147980.45,262
NSE,IFBIND,INE559A01017,EQ,1296.40,1311.70,1271.40,1296.00,1301.40,35123,45517005.50,6589
NSE,IFCI,INE039A01010,EQ,87.50,99.49,87.01,98.32,87.26,428062214,41039071131.68,844172
NSE,IFGLEXPOR,INE133Y01011,EQ,207.58,211.50,202.41,207.95,207.91,18135,3755328.70,705
NSE,IGARASHI,INE188B01013,EQ,421.05,421.75,412.10,415.00,421.05,32627,13589823.85,1819
NSE,IGCL,INE05J901018,EQ,72.24,74.80,71.15,73.27,71.98,75535,5476304.00,475
NSE,IGIL,INE0Q9301021,EQ,339.05,339.05,325.85,327.20,339.75,552217,181853064.05,26342
NSE,IGL,INE203G01027,EQ,149.51,149.76,147.45,147.94,149.85,1206517,179067428.79,20886
NSE,IGPL,INE204A01010,EQ,545.35,549.20,532.60,546.40,548.35,75076,40669759.90,3480
NSE,IIFL,INE530B01024,EQ,633.85,652.00,624.25,633.25,639.15,4480751,2863782993.40,66467
NSE,IIFLCAPS,INE489L01022,EQ,339.45,342.45,337.05,338.30,340.15,375285,127591923.80,9029
NSE,IITL,INE886A01014,EQ,154.12,158.98,148.12,150.05,153.00,96731,14814215.75,1039
NSE,IKIO,INE0LOJ01019,EQ,204.50,213.00,203.00,206.14,207.53,375682,78149566.95,6972
NSE,IKS,INE115Q01022,EQ,1740.80,1748.00,1712.10,1744.10,1740.80,78597,136284811.30,8396
NSE,IMAGICAA,INE172N01012,EQ,54.50,54.99,53.90,54.61,55.00,484536,26345911.61,2589
NSE,IMFA,INE919H01018,EQ,1299.00,1313.50,1285.00,1289.10,1301.10,76217,98728050.30,7413
NSE,IMPAL,INE547E01014,EQ,1134.00,1134.00,1090.00,1102.10,1131.40,1509,1660558.00,180
NSE,INA,INE0LGX01024,EQ,90.98,90.98,88.00,89.37,89.60,328762,29354789.11,3837
NSE,INCREDIBLE,INE452L01012,EQ,32.48,33.48,31.00,32.08,32.81,5295,171197.88,135
NSE,INDBANK,INE841B01017,EQ,31.50,31.50,30.95,31.10,31.27,14504,451854.95,180
NSE,INDGN,INE065X01017,EQ,602.40,613.75,593.60,600.15,605.40,684806,411662500.15,27098
NSE,INDHOTEL,INE053A01029,EQ,713.55,727.70,706.05,727.70,718.00,1623631,1169722522.10,42073
NSE,INDIACEM,INE383A01012,EQ,359.85,360.15,354.20,358.30,359.85,73072,26075518.60,4676
NSE,INDIAGLYCO,INE560A01023,BE,225.00,236.20,217.00,236.20,1111.70,115189,26332106.70,974
NSE,INDIAMART,INE933S01016,EQ,1760.00,1760.00,1733.30,1740.80,1764.40,48141,83808592.70,5537
NSE,INDIANB,INE562A01011,EQ,875.00,884.40,866.00,878.80,881.75,898988,784813863.10,29905
NSE,INDIANCARD,INE061A01014,EQ,206.00,212.94,206.00,209.92,211.47,313,65006.22,23
NSE,INDIANHUME,INE323C01030,EQ,370.10,394.00,368.50,388.70,372.15,91818,35356311.35,2576
NSE,INDIASHLTR,INE922K01024,EQ,630.05,658.00,620.15,651.20,628.90,94870,60476643.55,7118
NSE,INDIGO,INE646L01027,EQ,4957.00,5020.00,4908.50,5020.00,5052.00,1437991,7111870961.50,91643
NSE,INDIGOPNTS,INE09VQ01012,EQ,1172.20,1182.00,1127.40,1171.00,1172.40,106322,123334900.90,12948
NSE,INDIQUBE,INE06ST01018,EQ,190.53,193.79,186.91,193.17,190.05,38944,7458749.23,983
NSE,INDNIPPON,INE092B01025,EQ,1076.20,1079.70,1055.10,1064.30,1072.10,9746,10378069.10,1400
NSE,INDOAMIN,INE760F01028,BE,121.00,122.79,118.50,122.38,120.47,36353,4408359.09,287
NSE,INDOBORAX,INE803D01021,EQ,508.00,518.25,502.15,506.15,516.05,129523,65940151.25,6264
NSE,INDOCO,INE873D01024,EQ,242.00,287.80,241.34,273.77,243.84,19225160,5294320339.46,253065
NSE,INDOFARM,INE622H01018,EQ,134.50,136.00,133.04,134.97,134.83,67157,9027232.31,1485
NSE,INDOKEM,INE716F01012,EQ,615.00,619.00,590.30,597.55,607.45,2412,1461405.05,179
NSE,INDOMIM,INE084101034,EQ,856.00,892.00,839.05,888.00,858.85,2583002,2253150080.30,65987
NSE,INDORAMA,INE156A01020,EQ,69.99,69.99,65.50,66.77,68.01,435143,29110018.05,4943
NSE,INDOSTAR,INE896L01010,EQ,250.13,263.90,250.00,261.07,252.08,130359,33796552.83,2341
NSE,INDOTECH,INE332H01014,EQ,3700.00,3703.30,3551.00,3577.20,3702.20,20517,74200879.90,3407
NSE,INDOTHAI,INE337M01021,EQ,39.61,43.00,39.61,39.61,41.69,6527923,259322473.66,3029
NSE,INDOUS,INE250Z01010,EQ,79.00,81.30,76.05,78.15,79.09,5087,396742.47,134
NSE,INDOWIND,INE227G01018,EQ,9.00,9.09,8.81,8.98,9.04,79240,711581.12,321
NSE,INDPRUD,INE620D01011,EQ,6297.00,6297.00,6275.00,6275.00,6232.00,38,238472.00,23
NSE,INDRAMEDCO,INE681B01017,EQ,356.80,357.05,349.55,352.35,357.80,295932,104225709.20,7489
NSE,INDSWFTLAB,INE915B01019,EQ,364.10,378.90,363.10,366.85,368.15,473769,175118859.20,10743
NSE,INDTERRAIN,INE611L01021,EQ,30.01,30.50,30.00,30.16,30.82,16292,491165.57,93
NSE,INDUSINDBK,INE095A01012,EQ,985.00,987.60,963.30,978.00,992.60,2673391,2607154743.40,68147
NSE,INDUSTOWER,INE121J01017,EQ,375.00,380.00,371.95,379.00,375.00,2707843,1020172280.45,48600
NSE,INFOBEAN,INE344S01016,EQ,158.21,159.18,154.03,157.22,157.52,284603,44665203.83,4110
NSE,INFOMEDIA,INE669A01022,EQ,5.27,5.27,5.06,5.15,5.27,16755,86870.33,50
NSE,INFY,INE009A01021,EQ,1137.70,1147.80,1118.60,1140.00,1156.00,8564358,9720500603.10,192466
NSE,INGERRAND,INE177A01018,EQ,4761.50,4955.00,4738.80,4883.50,4794.00,78135,381461895.40,11427
NSE,INNOVACAP,INE0DUT01020,EQ,1068.10,1140.00,1058.10,1108.60,1068.10,246228,273749429.00,25011
NSE,INNOVANA,INE403Y01018,EQ,301.00,303.00,291.05,298.05,300.00,1770,526364.70,121
NSE,INNOVISION,INE0ADB01012,EQ,263.00,263.30,258.00,258.75,263.30,7422,1925876.65,470
NSE,INOXGREEN,INE510W01014,EQ,160.34,166.70,159.12,164.25,160.29,673411,110394011.01,10851
NSE,INOXINDIA,INE616N01034,EQ,2145.00,2168.90,2076.40,2099.40,2165.90,226228,479907199.40,24673
NSE,INOXWIND,INE066P01011,EQ,69.15,71.31,68.00,70.59,69.50,13562084,948385451.12,46132
NSE,INSECTICID,INE070I01018,EQ,598.00,614.95,591.10,612.60,598.35,18329,11125021.50,1527
NSE,INSPIRISYS,INE020G01017,EQ,86.25,89.99,86.00,89.70,86.21,3545,313095.94,89
NSE,INTELLECT,INE306R01017,EQ,696.00,697.70,677.00,679.25,694.70,342023,233961727.90,20609
NSE,INTENTECH,INE781A01025,EQ,82.47,82.80,79.00,80.09,81.20,12426,997479.81,281
NSE,INTERARCH,INE00M901018,EQ,1720.00,1737.90,1680.10,1687.50,1722.60,55317,94413559.20,6009
NSE,INTLCONV,INE575C01027,EQ,80.50,80.50,78.21,79.65,79.51,26946,2145803.06,1384
NSE,INVENTURE,INE878H01024,EQ,0.94,0.94,0.91,0.92,0.92,590515,544128.72,303
NSE,INVPRECQ,INE155E01016,BE,1290.00,1290.00,1257.00,1275.00,1281.00,2935,3731392.00,55
NSE,IOB,INE565A01014,EQ,32.15,32.84,31.83,32.68,32.27,3854357,124730700.83,18414
NSE,IOC,INE242A01010,EQ,135.00,137.00,134.35,137.00,136.53,8229119,1118360606.46,58634
NSE,IOLCP,INE485C01029,EQ,190.00,194.10,186.00,188.38,190.48,2248618,425302582.14,24637
NSE,IONEXCHANG,INE570A01022,EQ,367.60,385.50,362.85,382.10,367.60,309897,116570313.15,12569
NSE,IPCALAB,INE571A01038,EQ,1979.00,2001.50,1948.90,1956.50,1987.60,161648,316938182.00,23019
NSE,IPL,INE0D6701023,EQ,136.80,137.61,135.61,136.45,138.24,66187,9032041.83,1556
NSE,IPRINGLTD,INE558A01019,EQ,176.70,182.20,163.00,167.78,176.70,7719,1311101.50,329
NSE,IRB,INE821I01022,EQ,19.35,19.59,19.11,19.18,19.35,28951268,558061793.03,41719
NSE,IRCON,INE962Y01021,EQ,118.50,119.00,116.46,118.25,119.08,1047669,123314562.28,15201
NSE,IRCTC,INE335Y01020,EQ,481.30,481.35,470.70,472.60,481.35,1151968,545577076.65,45279
NSE,IREDA,INE202E01016,EQ,113.65,113.68,112.05,112.55,114.20,4711096,530471872.32,31096
NSE,IRFC,INE053F01010,EQ,82.50,82.50,81.30,82.48,82.50,7977861,654778320.37,42786
NSE,IRIS,INE864K01010,EQ,249.00,249.00,241.00,245.80,250.04,25963,6354625.91,1028
NSE,IRISDOREME,INE01GN01025,EQ,57.84,58.80,57.16,58.39,57.85,676779,39478636.22,4345
NSE,IRMENERGY,INE07U701015,EQ,287.90,287.90,278.85,283.25,280.40,95221,26949199.20,3588
NSE,ISFT,INE566K01011,EQ,91.68,93.88,87.50,87.81,93.21,19820,1775019.19,654
NSE,ISGEC,INE858B01029,EQ,782.10,785.75,766.75,777.55,778.25,20339,15803751.25,3056
NSE,ISHANCH,INE561M01018,EQ,44.23,44.39,41.81,43.77,44.22,23202,1001600.64,493
NSE,ISTLTD,INE684B01029,EQ,640.00,649.90,631.10,636.10,646.15,246,156576.95,38
NSE,ITC,INE154A01025,EQ,266.00,269.00,262.80,266.30,266.60,14643482,3909106881.55,244645
NSE,ITCHOTELS,INE379A01028,EQ,161.00,161.00,155.80,158.63,161.58,2352334,371677277.18,37670
NSE,ITDC,INE353K01014,EQ,645.00,645.05,630.00,637.15,644.75,67907,43172637.35,5908
NSE,ITI,INE248A01017,EQ,266.00,269.90,264.15,267.70,268.55,133079,35587974.40,4327
NSE,ITL,INE478D01014,EQ,373.00,373.00,358.05,363.20,363.95,852,310351.70,67
NSE,IVALUE,INE056801025,EQ,234.36,241.52,230.41,238.38,236.35,176126,41765743.66,4348
NSE,IVC,INE050B01023,EQ,9.50,9.90,9.01,9.59,9.32,1346252,12729063.46,1530
NSE,IVP,INE043C01018,BE,206.80,211.00,206.00,209.80,205.84,22584,4704729.19,239
NSE,IWP,INE586E01020,EQ,34.49,35.50,34.49,34.96,34.49,2965,104276.10,57
NSE,IXIGO,INE0HV901016,EQ,158.00,159.75,155.76,156.42,158.57,2142604,336165769.23,21231
NSE,IZMO,INE848A01014,EQ,940.00,989.00,885.10,938.80,916.30,963349,898911789.45,59837
NSE,J&KBANK,INE168A01041,EQ,146.50,147.88,144.00,144.44,147.38,1856552,269606591.37,30719
NSE,JAGRAN,INE199G01027,EQ,61.41,61.44,60.80,61.03,61.17,189910,11600730.65,31065
NSE,JAGSNPHARM,INE048B01035,EQ,239.49,239.55,235.50,237.03,239.63,58876,13946970.82,1878
NSE,JAIBALAJI,INE091G01026,EQ,69.61,72.26,69.04,70.60,70.44,563457,39802057.07,5054
NSE,JAICORPLTD,INE070D01027,EQ,98.00,98.52,96.41,98.01,98.35,230222,22429492.92,3247
NSE,JAINREC,INE0YD401026,EQ,278.00,284.45,272.55,282.15,280.70,1437062,398985445.15,25166
NSE,JAIPURKURT,INE696V01013,EQ,26.00,26.42,26.00,26.30,26.25,4856,126735.46,32
NSE,JAMNAAUTO,INE039C01032,EQ,119.86,121.00,118.89,120.29,120.85,910304,109051621.22,10528
NSE,JARO,INE00YJ01010,EQ,453.90,459.80,449.05,455.25,453.05,84913,38701883.90,2267
NSE,JASH,INE039O01029,EQ,456.85,472.00,456.85,470.35,457.70,75576,35185209.10,4870
NSE,JAYAGROGN,INE785A01026,EQ,227.18,233.95,222.32,229.57,229.42,18896,4315965.37,551
NSE,JAYBARMARU,INE571B01036,EQ,125.73,125.73,122.00,122.44,124.80,108296,13301506.43,1388
NSE,JAYKAY,INE903A01025,EQ,158.00,171.00,155.81,169.40,161.97,937003,156706478.41,16405
NSE,JAYNECOIND,INE854B01010,EQ,97.30,99.00,95.66,98.19,96.88,2257984,220050889.96,14910
NSE,JAYSREETEA,INE364A01020,EQ,98.41,101.00,97.02,99.79,98.12,67011,6621202.31,1141
NSE,JBMA,INE927D01051,EQ,620.00,631.55,611.50,621.50,621.85,208269,129215218.80,10882
NSE,JENBURPH,INE354A01013,EQ,1056.50,1057.00,1032.10,1043.90,1048.00,574,600086.30,39
NSE,JETFREIGHT,INE982V01025,EQ,21.40,22.23,21.06,21.17,21.59,188582,4039478.27,1757
NSE,JGCHEM,INE0MB501011,EQ,628.85,637.90,597.30,600.85,626.30,364638,222563602.25,17717
NSE,JHS,INE544H01014,EQ,8.29,8.29,7.77,7.81,7.91,52593,413750.99,203
NSE,JINDALPHOT,INE796G01012,EQ,1032.30,1032.30,1004.20,1027.60,1012.00,1024,1049245.90,187
NSE,JINDALPOLY,INE197D01010,EQ,714.95,714.95,671.00,686.25,694.45,98538,67710682.50,5514
NSE,JINDALSAW,INE324A01032,EQ,309.75,313.35,304.20,309.15,309.75,2082953,644877275.60,29876
NSE,JINDALSTEL,INE749A01030,EQ,1149.00,1165.30,1141.00,1159.40,1160.00,706262,816325299.80,26974
NSE,JINDRILL,INE742C01031,EQ,624.00,646.55,616.00,642.10,615.65,610029,386251968.50,20487
NSE,JINDWORLD,INE247D01039,EQ,42.00,42.05,38.40,40.19,42.08,15067052,618213848.16,30985
NSE,JIOFIN,INE758E01017,EQ,234.00,237.40,232.30,236.90,235.85,15926208,3749640180.85,88253
NSE,JISLJALEQS,INE175A01038,EQ,27.99,28.58,27.54,28.24,28.07,1413119,39691428.51,4495
NSE,JITFINFRA,INE863T01013,EQ,309.90,312.60,303.10,304.25,310.25,15433,4722624.75,441
NSE,JKCEMENT,INE823G01014,EQ,5078.50,5080.00,4951.00,4979.50,5078.50,63500,316611459.50,11497
NSE,JKIL,INE576I01022,EQ,484.00,491.90,480.50,483.50,486.45,56942,27725499.15,2811
NSE,JKIPL,INE1FF001016,EQ,104.00,108.96,103.82,107.56,108.40,28408,3058654.95,305
NSE,JKLAKSHMI,INE786A01032,EQ,525.05,528.75,512.30,514.30,524.10,141071,72628574.55,10678
NSE,JKPAPER,INE789E01012,EQ,408.05,412.00,387.00,395.20,401.05,776388,306965371.50,18038
NSE,JKTYRE,INE573A01042,EQ,368.00,371.50,363.50,370.15,373.95,367987,135557296.00,12185
NSE,JLHL,INE682M01020,EQ,293.00,293.35,282.35,287.65,293.15,210142,60405459.25,8797
NSE,JMA,INE412C01023,EQ,91.25,92.59,87.30,90.56,91.27,7357,670111.25,156
NSE,JMFINANCIL,INE780C01023,EQ,127.85,130.00,125.61,129.39,128.25,1534370,197121281.05,20465
NSE,JNKINDIA,INE0OAF01028,EQ,430.75,430.75,415.60,420.90,430.75,59074,24940823.35,2490
NSE,JNPR,INE05C901015,EQ,260.90,261.65,255.60,260.25,262.35,329482,85331388.20,8488
NSE,JOCIL,INE839G01010,BE,148.20,150.80,147.60,150.79,148.74,2702,402318.19,20
NSE,JPOLYINVST,INE147P01019,EQ,1010.00,1019.00,980.10,1011.90,1011.80,8189,8182393.45,995
NSE,JPPOWER,INE351F01018,EQ,16.55,16.55,16.28,16.37,16.56,21807243,357279808.22,21165
NSE,JSFB,INE953L01027,EQ,529.00,529.70,519.00,523.40,529.80,250706,131406660.70,8170
NSE,JSL,INE220G01021,EQ,730.00,741.50,715.90,734.90,734.00,485040,353538074.80,34437
NSE,JSLL,INE0J5801029,EQ,503.45,517.95,495.85,513.65,503.45,394505,201043396.45,15605
NSE,JSWCEMENT,INE718I01012,EQ,124.70,124.70,123.17,123.60,124.75,822154,101698662.68,21636
NSE,JSWDULUX,INE133A01011,EQ,3143.40,3180.00,3085.60,3163.30,3143.40,29237,91622345.80,5529
NSE,JSWENERGY,INE121E01018,EQ,515.00,540.75,511.40,539.80,518.00,3635853,1941829963.20,66075
NSE,JSWHL,INE824G01012,EQ,11716.00,11717.00,11405.00,11441.00,11716.00,1387,15941236.00,789
NSE,JSWINFRA,INE880J01026,EQ,335.00,336.75,330.65,332.10,334.80,1661891,553653136.25,23245
NSE,JSWSTEEL,INE019A01038,EQ,1308.10,1309.80,1299.40,1306.00,1313.50,1562597,2036025220.80,37710
NSE,JTEKTINDIA,INE643A01035,EQ,124.85,124.86,117.00,121.38,125.72,765359,92011641.56,9495
NSE,JTLIND,INE391J01032,EQ,88.05,94.00,87.26,92.40,87.97,10046013,922838820.81,57130
NSE,JUBLCPL,INE03CC01015,EQ,2220.00,2252.00,2185.70,2217.90,2222.00,12367,27430300.90,1717
NSE,JUBLFOOD,INE797F01020,EQ,482.00,486.50,476.95,486.50,484.40,976244,469617316.90,20125
NSE,JUBLINGREA,INE0BY001018,EQ,689.85,691.80,680.70,683.60,693.25,93217,63904644.95,8840
NSE,JUBLPHARMA,INE700A01033,EQ,907.60,911.70,893.60,900.30,907.60,63912,57580406.70,9156
NSE,JUNIPER,INE696F01016,EQ,213.00,220.20,211.60,218.50,214.14,383474,82710398.54,6949
NSE,JUSTDIAL,INE599M01018,EQ,704.00,704.00,691.50,697.85,705.65,172227,120081778.05,5851
NSE,JWL,INE209L01016,EQ,242.00,242.00,237.40,239.37,242.36,498860,119272523.36,15871
NSE,JYOTHYLAB,INE668F01031,EQ,206.50,209.00,195.98,202.09,204.81,8133068,1644602899.85,50489
NSE,JYOTICNC,INE980O01024,EQ,989.10,990.00,948.05,955.65,989.10,757084,730776883.55,31520
NSE,JYOTIRES,INE577D01013,EQ,871.05,880.40,836.05,857.60,870.95,10196,8689580.40,1076
NSE,JYOTISTRUC,INE197A01024,EQ,9.83,9.87,9.67,9.79,9.84,5733894,56000750.46,3772
NSE,KABRAEXTRU,INE900B01029,EQ,567.35,580.00,552.35,559.95,579.40,315900,178421378.25,10961
NSE,KAJARIACER,INE217B01036,EQ,1205.30,1269.90,1205.30,1261.10,1229.00,725742,909588158.40,44646
NSE,KAKATCEM,INE437B01014,EQ,112.55,114.70,106.70,110.50,112.30,6804,753420.29,170
NSE,KALAMANDIR,INE438K01021,EQ,85.50,86.00,84.10,85.65,85.62,338173,28793636.95,2878
NSE,KALPATARU,INE227J01012,EQ,278.70,279.00,272.00,274.90,278.10,18702,5130393.25,681
NSE,KALYANIFRG,INE314G01014,EQ,1079.05,1192.25,975.55,1113.65,1083.90,82533,86778212.85,6887
NSE,KALYANKJIL,INE303R01014,EQ,568.60,595.45,556.50,590.00,573.00,21212135,12283333654.45,161486
NSE,KAMAHOLD,INE411F01010,EQ,2350.10,2359.80,2340.00,2344.90,2352.70,6405,15050713.70,591
NSE,KAMANWALA,INE344D01018,EQ,16.50,16.55,15.99,16.00,16.66,25901,424290.22,20
NSE,KAMATHOTEL,INE967C01018,EQ,233.90,238.40,227.67,232.74,233.89,128608,30062647.73,2936
NSE,KAMDHENU,INE390H01020,BE,35.30,37.62,35.00,37.45,36.16,1034547,38090226.14,1730
NSE,KAMOPAINTS,INE0BTI01037,EQ,4.42,4.55,4.38,4.46,4.48,147223,655982.50,477
NSE,KANANIIND,INE879E01037,EQ,1.56,1.60,1.53,1.53,1.56,123510,193357.97,267
NSE,KANCHI,INE081G01019,EQ,405.10,417.00,400.00,410.95,411.50,3543,1443037.55,149
NSE,KANCOTEA,INE398L01017,EQ,55.35,56.65,53.99,54.67,55.55,46,2509.09,10
NSE,KANORICHEM,INE138C01024,BE,158.85,159.45,150.05,154.75,156.18,49706,7716186.39,299
NSE,KANPRPLA,INE694E01014,EQ,263.25,273.95,252.00,253.35,262.20,19999,5174934.15,893
NSE,KANSAINER,INE531A01024,EQ,193.75,195.50,191.05,194.82,194.75,279290,54070564.78,9642
NSE,KAPSTON,INE542Z01028,EQ,570.00,579.00,552.30,573.75,572.30,47094,26811152.10,2379
NSE,KARMAENG,INE725L01011,EQ,37.70,37.95,36.61,37.00,37.28,2444,91480.36,52
NSE,KARURVYSYA,INE036D01028,EQ,345.60,349.85,345.00,346.60,347.60,1317009,457062420.15,30025
NSE,KAUSHALYA,INE234I01028,BE,855.00,876.80,852.30,872.75,876.90,376,324188.80,17
NSE,KAVDEFENCE,INE641C01019,EQ,55.75,56.78,55.00,55.31,56.05,61691,3413181.65,1003
NSE,KAYA,INE587G01015,BE,326.00,339.95,324.40,335.20,327.15,8079,2682348.00,338
NSE,KAYNES,INE918Z01012,EQ,3580.00,3623.10,3517.10,3583.00,3600.50,834972,2980776324.30,54492
NSE,KCP,INE805C01028,EQ,167.89,169.66,164.81,165.81,167.89,84149,14028160.83,1706
NSE,KCPSUGIND,INE790B01024,BE,32.25,33.00,31.52,32.00,32.25,75406,2414562.66,307
NSE,KDDL,INE291D01011,EQ,3877.40,3927.80,3838.80,3852.90,3877.40,17464,67522117.50,3638
NSE,KEC,INE389H01022,EQ,415.00,416.00,406.50,407.80,417.00,701636,287194464.10,22575
NSE,KECL,INE134B01017,EQ,125.95,130.00,124.10,127.24,126.34,95939,12222566.53,2145
NSE,KEEPLEARN,INE055C01020,EQ,1.98,1.98,1.82,1.90,1.86,12851,24407.06,93
NSE,KEI,INE878B01027,EQ,5335.00,5335.00,5132.00,5170.00,5348.00,666412,3462703624.00,75187
NSE,KELLTONTEC,INE164B01030,EQ,13.96,14.18,13.72,14.01,13.98,2245431,31449740.71,4183
NSE,KENNAMET,INE717A01029,EQ,4635.00,4734.90,4536.30,4643.10,4558.20,35878,167570801.10,5517
NSE,KERNEX,INE202H01019,EQ,1625.00,1748.00,1625.00,1736.40,1634.30,280085,475758926.60,21837
NSE,KESORAMIND,INE087A01019,BE,11.10,11.32,11.10,11.27,11.10,229868,2592885.85,224
NSE,KEYFINSERV,INE681C01015,EQ,251.70,256.50,251.70,255.25,251.70,391,99386.20,21
NSE,KFINTECH,INE138Y01010,EQ,937.00,937.00,911.85,929.00,937.50,1181875,1092581732.50,39925
NSE,KHADIM,INE834I01025,BE,117.20,117.20,116.11,116.11,118.47,47389,5505352.82,63
NSE,KHAICHEM,INE745B01028,EQ,55.29,55.29,53.25,54.00,55.02,120726,6557246.00,1135
NSE,KHAITANLTD,INE731C01018,EQ,150.00,166.00,143.75,160.80,149.45,19103,2981423.05,817
NSE,KHANDSE,INE060B01014,EQ,17.89,17.89,17.00,17.56,17.97,674,11659.41,36
NSE,KICL,INE029L01018,EQ,5177.00,5249.00,5130.50,5215.00,5177.00,840,4348863.50,141
NSE,KILITCH,INE729D01010,BE,170.60,172.40,166.15,171.37,170.55,25939,4427046.27,253
NSE,KIMS,INE967H01025,EQ,752.50,767.00,748.30,753.65,758.40,670696,505492350.75,30844
NSE,KINGFA,INE473D01015,EQ,6050.50,6050.50,5875.00,5932.00,6030.00,5721,34051799.00,2464
NSE,KIOCL,INE880L01014,EQ,382.55,384.70,377.95,380.55,383.95,75452,28700527.45,2591
NSE,KIRANVYPAR,INE555P01013,EQ,201.00,202.90,197.05,200.00,198.99,778,156757.31,21
NSE,KIRIINDUS,INE415I01015,EQ,510.05,531.00,509.00,523.65,515.95,977381,509200406.20,23476
NSE,KIRLFER,INE884B01025,EQ,451.50,463.30,444.35,460.00,449.80,126379,57814756.90,6567
NSE,KIRLOSBROS,INE732A01036,EQ,1864.60,1884.00,1842.70,1847.70,1886.30,35102,65240344.10,5847
NSE,KIRLOSENG,INE146L01010,EQ,2142.90,2180.00,2091.80,2160.90,2138.30,498719,1070760284.00,46312
NSE,KIRLOSIND,INE250A01039,EQ,3724.70,3737.90,3685.00,3699.00,3740.40,1735,6429235.40,517
NSE,KIRLPNU,INE811A01038,EQ,740.00,749.80,725.70,745.45,740.40,220039,163125893.70,13554
NSE,KISSHT,INE12F801023,EQ,295.00,303.00,284.65,300.90,295.80,1891855,553292311.65,37038
NSE,KITEX,INE602G01020,EQ,125.25,125.50,122.75,124.77,126.00,196813,24515087.26,2805
NSE,KJMCFIN,INE533C01018,EQ,64.10,67.00,64.10,64.37,64.10,615,39795.61,10
NSE,KKCL,INE401H01017,EQ,507.05,507.15,497.00,499.65,510.20,9917,4971365.80,1734
NSE,KLBRENG-B,INE338F01015,EQ,424.00,448.40,410.00,443.25,424.25,450114,196921093.00,12579
NSE,KMCSHIL,INE879K01018,EQ,133.83,134.90,131.45,133.19,133.32,62555,8294814.55,1395
NSE,KMEW,INE0CJD01029,EQ,2920.00,2960.00,2903.60,2951.60,2936.00,35123,102904889.40,6221
NSE,KMSUGAR,INE157H01023,EQ,31.30,32.12,31.00,31.26,31.39,239654,7555721.02,1849
NSE,KNACK,INE17QZ01016,EQ,190.00,190.21,186.50,187.43,190.21,1092839,205110808.96,7232
NSE,KNAGRI,INE0KNW01016,EQ,215.00,215.00,207.62,209.46,214.99,7223,1520022.76,282
NSE,KNRCON,INE634I01029,EQ,117.65,118.64,115.02,117.07,117.68,1522950,177928464.98,38620
NSE,KOHINOOR,INE080B01012,EQ,33.04,34.00,33.00,33.41,33.04,105947,3559077.13,2089
NSE,KOKUYOCMLN,INE760A01029,EQ,79.00,79.70,77.55,77.84,78.54,20142,1576669.23,568
NSE,KOLTEPATIL,INE094I01018,EQ,436.20,442.10,425.80,440.80,436.20,77009,33393321.65,3172
NSE,KOPRAN,INE082A01010,EQ,215.25,220.40,214.04,218.81,217.58,212685,46192666.18,3783
NSE,KOTAKBANK,INE237A01036,EQ,421.90,425.75,418.95,423.50,425.00,10022695,4230440348.45,120517
NSE,KOTARISUG,INE419A01022,BE,31.23,31.23,29.82,30.11,31.34,103522,3132910.40,423
NSE,KOTHARIPET,INE720A01015,EQ,130.90,132.89,128.00,129.17,130.90,44226,5736427.37,1203
NSE,KOTHARIPRO,INE823A01017,EQ,67.80,68.67,66.00,68.19,66.97,3873,262764.25,75
NSE,KOTIC,INE972A01020,EQ,140.78,141.20,136.10,136.47,140.78,14128,1957127.16,349
NSE,KOTYARK,INE0J0B01017,BE,31.82,31.82,30.50,30.63,31.84,180309,5551334.93,572
NSE,KOVAI,INE177F01017,EQ,6035.00,6035.00,5930.50,6017.50,6036.00,2393,14335711.00,747
NSE,KPEL,INE127T01021,EQ,241.75,245.00,239.10,241.14,241.75,208427,50262966.02,4719
NSE,KPIGREEN,INE542W01025,EQ,307.00,307.00,301.50,304.60,307.80,907949,275762921.15,12768
NSE,KPIL,INE220B01022,EQ,1408.40,1418.70,1391.00,1410.50,1408.40,78306,110158229.70,10027
NSE,KPITTECH,INE04I401011,EQ,588.00,589.90,579.10,588.00,590.00,715333,419096566.60,21016
NSE,KPL,INE552U01010,EQ,3388.90,3425.00,3324.10,3390.10,3390.50,25588,86383888.70,4115
NSE,KPRMILL,INE930H01031,EQ,1154.00,1182.90,1133.30,1167.40,1158.50,308659,359444497.30,26251
NSE,KRBL,INE001B01026,EQ,422.00,429.15,418.60,424.40,424.10,442674,187599645.90,11693
NSE,KREBSBIO,INE268B01013,EQ,55.50,56.85,54.72,54.91,54.49,5283,295416.09,45
NSE,KRIDHANINF,INE524L01026,BE,2.00,2.09,1.95,2.06,2.04,24110,49083.33,42
NSE,KRISHANA,INE506W01020,EQ,192.60,193.00,186.91,188.06,192.23,272212,51637640.69,6260
NSE,KRISHIVAL,INE0GGO01015,EQ,412.30,412.65,409.00,410.35,411.35,6752,2778490.55,213
NSE,KRISHNADEF,INE0J5601015,EQ,992.00,1023.00,987.10,1007.40,1001.70,58316,58759899.70,5444
NSE,KRITI,INE479D01038,EQ,61.45,61.49,58.10,60.90,60.56,12298,738206.96,159
NSE,KRITIKA,INE00Z501029,EQ,5.35,5.44,5.31,5.39,5.35,81083,436022.83,281
NSE,KRITINUT,INE798K01010,EQ,87.51,88.10,84.06,84.30,86.65,13595,1153872.11,243
NSE,KRN,INE0Q3J01015,EQ,1535.00,1544.80,1495.30,1534.80,1527.40,161090,245180292.00,14996
NSE,KRONOX,INE0ATZ01017,BE,181.30,190.24,175.00,189.68,181.19,216651,40699564.83,1323
NSE,KROSS,INE0O6601022,EQ,209.00,209.83,204.39,207.52,209.03,166705,34526113.38,3480
NSE,KRSNAA,INE08LI01020,EQ,558.00,559.70,551.00,553.10,559.95,32269,17911378.00,2717
NSE,KRYSTAL,INE0QN801017,EQ,646.55,683.45,632.10,667.00,647.35,108555,72246655.40,3045
NSE,KSB,INE999A01023,EQ,827.45,827.45,800.75,805.80,828.20,200288,161780924.45,14114
NSE,KSCL,INE455I01029,EQ,763.00,763.00,735.95,738.75,761.60,112238,83647190.90,5561
NSE,KSE,INE953E01022,EQ,179.96,179.96,175.00,177.04,177.86,18978,3349195.74,421
NSE,KSHINTL,INE987S01020,EQ,951.85,956.50,931.25,945.70,953.00,123540,116312906.65,9736
NSE,KSHITIJ-RE,INE013820027,BE,0.06,0.06,0.06,0.06,0.05,6816757,409005.42,741
NSE,KSHITIJPOL,INE013801027,EQ,2.85,3.00,2.85,3.00,2.86,1179895,3488315.06,707
NSE,KSL,INE907A01026,EQ,906.00,919.00,891.40,904.30,900.00,110343,99950981.60,6382
NSE,KSOLVES,INE0D6I01023,EQ,281.30,283.95,271.55,273.20,281.30,23800,6505065.00,1394
NSE,KSR,INE1SPP01016,EQ,28.65,29.85,28.65,29.49,28.65,9678,281569.05,80
NSE,KTKBANK,INE614B01018,EQ,326.95,333.00,321.55,330.35,330.90,2245525,735806933.65,31879
NSE,KUANTUM,INE529I01021,EQ,71.81,72.25,70.35,71.23,71.62,59962,4266108.25,1088
NSE,KUSUMGAR,INE0ISX01025,EQ,562.10,576.95,553.20,571.15,565.10,388168,219169628.35,9293
NSE,KWIL,INE2KCE01013,EQ,43.01,44.69,42.75,43.38,44.35,19189455,834370154.92,33857
NSE,LADDERUP,INE519D01015,EQ,48.20,52.85,48.20,50.06,49.60,102,4953.60,7
NSE,LAGNAM,INE548Z01017,EQ,76.90,76.90,72.60,74.92,75.93,5214,387994.93,154
NSE,LAHOTIOV,INE515C01023,EQ,42.19,43.00,40.76,41.98,41.99,6724,280005.55,40
NSE,LAKSHMIMIL,INE938C01019,EQ,7950.00,8086.00,7700.00,7927.00,8000.00,222,1759627.00,46
NSE,LAL,INE740X01023,EQ,9.28,9.28,8.46,8.88,8.97,30403,271157.34,278
NSE,LALITHAA,INE0K9O01026,EQ,269.00,272.80,262.55,264.35,267.60,8411510,2240194222.30,60212
NSE,LALPATHLAB,INE600L01024,EQ,1904.40,1933.60,1893.10,1916.10,1904.40,178401,341391035.60,23416
NSE,LAMBODHARA,INE112F01022,EQ,141.04,141.04,131.63,133.45,141.38,15039,2015227.81,630
NSE,LANCER,INE359U01028,EQ,13.00,13.00,12.50,12.91,12.61,506482,6482418.09,1169
NSE,LANCORHOL,INE572G01025,EQ,33.50,33.50,32.22,33.15,33.46,144455,4735708.75,1583
NSE,LANDMARK,INE559R01029,EQ,507.00,507.60,490.65,494.90,505.95,91762,45643390.75,4397
NSE,LANDSMILL,INE688J01023,EQ,0.68,0.69,0.67,0.68,0.68,2203565,1501887.79,780
NSE,LAOPALA,INE059D01020,EQ,173.00,173.00,169.26,171.87,173.30,79552,13605873.06,1848
NSE,LASA,INE670X01014,EQ,6.96,6.96,6.66,6.78,6.76,20793,140880.45,105
NSE,LASERPOWER,INE17IR01028,EQ,308.00,311.00,302.15,303.55,311.35,394417,120728713.85,8875
NSE,LATENTVIEW,INE0I7C01011,EQ,270.00,272.55,268.45,271.00,272.55,335930,91039489.85,7835
NSE,LATTEYS,INE262Z01023,EQ,20.56,21.69,20.56,21.26,20.80,46863,986673.90,271
NSE,LAURUSLABS,INE947Q01028,EQ,1853.20,1864.40,1811.70,1864.00,1861.60,2265630,4155162340.70,59216
NSE,LAXMICOT,INE801V01019,EQ,12.50,13.02,11.36,12.72,12.76,49268,599811.79,221
NSE,LAXMIDENTL,INE0WO601020,EQ,195.80,196.00,191.74,194.58,192.95,43016,8341325.91,1586
NSE,LAXMIINDIA,INE06WU01026,EQ,127.30,128.46,124.65,125.93,127.04,137828,17383062.15,1253
NSE,LCCINFOTEC,INE938A01021,EQ,3.64,3.94,3.45,3.64,3.60,44030,160174.02,131
NSE,LCL,INE0QJW01029,EQ,539.00,553.95,535.80,540.85,543.80,144632,78585505.55,10302
NSE,LEAPIND,INE00GO01025,EQ,159.00,162.00,156.51,157.68,159.47,4097242,650903490.92,33934
NSE,LEENEE,INE791B01014,EQ,9.34,9.87,8.62,8.89,9.51,52757,484466.50,191
NSE,LEMERITE,INE0G1L01025,EQ,21.34,21.34,19.95,20.38,21.00,147751,3001457.56,361
NSE,LEMONTREE,INE970X01018,EQ,105.75,106.66,104.71,106.18,106.15,2312163,244677769.55,23821
NSE,LENSKART,INE956O01016,EQ,665.90,678.40,663.05,668.90,663.75,8766705,5874957641.05,198897
NSE,LEXUS,INE500X01013,EQ,13.50,14.51,13.02,13.96,13.38,51576,715187.34,270
NSE,LFIC,INE850E01012,EQ,134.00,135.99,131.40,135.91,133.01,480,64482.83,25
NSE,LGBBROSLTD,INE337A01034,EQ,1680.90,1710.00,1672.30,1699.90,1702.90,22848,38689477.50,3881
NSE,LGEINDIA,INE324D01010,EQ,1664.10,1667.30,1644.10,1653.20,1665.60,200141,330960204.50,21869
NSE,LGHL,INE258Y01016,EQ,180.95,181.96,171.64,175.77,179.64,9420,1685188.31,526
NSE,LIBAS,INE908V01012,EQ,10.45,10.64,10.25,10.49,10.63,5823,61307.41,100
NSE,LIBERTSHOE,INE557B01019,EQ,239.44,239.44,233.60,234.79,239.45,13033,3068754.47,905
NSE,LICHSGFIN,INE115A01026,EQ,530.00,542.15,525.25,541.25,534.90,2788144,1495063611.05,25476
NSE,LICI,INE0J1Y01017,EQ,411.95,412.50,406.80,408.25,412.15,2710302,1109907925.80,27340
NSE,LIKHITHA,INE060901027,EQ,204.23,205.99,200.00,202.76,204.23,25415,5173573.82,473
NSE,LINC,INE802B01027,EQ,94.38,96.30,94.09,95.86,94.35,5707,540903.58,179
NSE,LINCOLN,INE405C01035,EQ,611.30,629.45,605.40,618.35,609.65,56377,34970875.45,2985
NSE,LINDEINDIA,INE473A01011,EQ,6363.00,6446.00,6310.00,6352.50,6373.00,16567,105647233.00,7237
NSE,LKPSEC,INE341H01023,EQ,15.18,15.58,14.01,15.19,15.18,19888,290693.80,229
NSE,LLOYDSENGG,INE093R01011,EQ,83.97,84.80,81.76,82.77,84.27,7857744,653722402.17,29150
NSE,LLOYDSENT,INE080I01025,EQ,71.00,71.33,69.51,70.96,71.34,2422934,171217848.54,8871
NSE,LLOYDSME,INE281B01032,EQ,1785.20,1819.00,1770.00,1813.00,1790.00,369752,664948223.30,23813
NSE,LMW,INE269B01029,EQ,18905.00,19168.00,18700.00,18783.00,19011.00,3472,65628670.00,1477
NSE,LODHA,INE670K01029,EQ,1179.70,1208.30,1166.40,1208.30,1193.90,1532916,1815186099.80,48538
NSE,LOKESHMACH,INE397H01017,EQ,345.00,345.05,334.00,339.90,346.25,25446,8637963.25,753
NSE,LORDSCHLO,INE846D01012,EQ,134.50,138.98,134.19,138.28,136.46,2603,357509.12,144
NSE,LOTUSCHO,INE026D01011,EQ,659.00,659.00,620.00,640.05,621.85,2761,1745298.95,203
NSE,LOTUSDEV,INE0V9Q01010,BE,180.29,182.89,173.80,175.95,179.18,851992,151603763.80,1176
NSE,LOTUSEYE,INE947I01017,EQ,109.20,109.20,105.00,107.98,108.77,12570,1342085.63,216
NSE,LOVABLE,INE597L01014,EQ,72.80,73.90,70.21,70.84,72.78,13799,982500.97,455
NSE,LOYALTEX,INE970D01010,EQ,218.40,218.40,206.14,209.00,205.27,80,17141.27,9
NSE,LPDC,INE197J01017,EQ,6.80,7.43,6.57,6.68,6.67,25525,173207.00,164
NSE,LT,INE018A01030,EQ,3966.00,4002.30,3956.70,3981.00,3980.10,1307081,5205148125.60,96121
NSE,LTF,INE498L01015,EQ,308.75,313.35,302.70,312.80,309.05,6165981,1891934115.90,88668
NSE,LTFOODS,INE818H01020,EQ,434.80,444.00,429.55,442.45,437.00,718335,313956651.65,22592
NSE,LTM,INE214T01019,EQ,4587.20,4611.00,4489.00,4588.00,4625.00,218038,996983161.50,26275
NSE,LTTS,INE010V01017,EQ,3589.00,3589.00,3490.30,3505.00,3587.80,41078,144490191.90,8420
NSE,LUMAXIND,INE162B01018,EQ,6504.50,6609.50,6176.00,6347.00,6422.50,38591,243925731.50,10421
NSE,LUMAXTECH,INE872H01027,EQ,2053.90,2066.40,1976.90,1986.50,2060.00,117029,234436951.00,15571
NSE,LUPIN,INE326A01037,EQ,2152.10,2155.20,2135.00,2155.20,2153.00,714232,1531450929.70,44563
NSE,LUXIND,INE150G01020,EQ,1192.80,1192.80,1160.80,1164.90,1192.80,16563,19384628.70,1815
NSE,LXCHEM,INE576O01020,EQ,164.25,170.99,162.00,169.55,164.90,639001,106328059.61,9143
NSE,LYKALABS,INE933A01014,BE,73.00,75.33,73.00,75.33,73.86,15303,1134924.86,47
NSE,M&M,INE101A01026,EQ,3223.50,3229.60,3142.50,3190.00,3259.00,2883166,9162469677.90,162418
NSE,M&MFIN,INE774D01024,EQ,364.50,370.60,360.30,368.85,364.40,1218704,444697754.25,46017
NSE,MAANALU,INE215I01027,EQ,119.78,120.39,117.01,118.15,119.42,33362,3940005.14,813
NSE,MACPOWER,INE155Z01011,EQ,1900.00,1908.60,1834.10,1883.60,1911.30,30923,57863140.10,5137
NSE,MADHAV,INE925C01016,EQ,35.95,35.95,34.55,35.25,35.42,349,12509.62,22
NSE,MADHAVIPL,INE631R01026,EQ,8.22,8.22,7.66,7.97,8.04,80860,642197.38,277
NSE,MADHUCON,INE378D01032,BE,4.84,5.08,4.79,5.01,4.84,10089,50500.79,36
NSE,MADRASFERT,INE414A01015,EQ,65.39,65.39,63.84,64.26,64.70,51060,3282921.87,1011
NSE,MAFATIND,INE270B01035,EQ,122.00,124.00,119.12,122.57,121.77,27261,3306823.16,766
NSE,MAGADSUGAR,INE347W01011,EQ,567.95,581.40,555.10,559.15,568.05,75176,42579987.65,4202
NSE,MAGNUM,INE387I01016,EQ,18.66,19.44,18.55,19.18,18.95,32977,628475.74,105
NSE,MAHABANK,INE457A01014,EQ,82.20,84.30,81.31,82.40,82.70,17803645,1470203166.47,58900
NSE,MAHAPEXLTD,INE843B01013,EQ,56.07,56.29,54.80,54.94,56.17,3134,173375.68,87
NSE,MAHASTEEL,INE451L01014,BE,1390.60,1419.00,1324.40,1324.40,1394.10,3557,4786079.00,237
NSE,MAHEPC,INE215D01010,EQ,104.33,104.33,101.24,101.95,102.30,8705,891155.39,405
NSE,MAHESHWARI,INE263W01010,BE,70.76,73.74,70.66,71.88,70.78,10168,733032.19,52
NSE,MAHLIFE,INE813A01018,EQ,357.00,361.00,352.05,359.00,356.95,73364,26080499.80,3176
NSE,MAHLOG,INE766P01016,EQ,384.20,394.30,380.25,392.45,387.20,105720,41115861.80,7565
NSE,MAHSCOOTER,INE288A01013,EQ,13690.00,13746.00,13440.00,13560.00,13695.00,2871,39029694.00,684
NSE,MAHSEAMLES,INE271B01025,EQ,647.00,673.90,645.00,665.05,649.60,492471,325866534.80,24843
NSE,MAITHANALL,INE683C01011,EQ,977.90,1056.65,964.55,1019.35,972.75,435952,446973317.70,24047
NSE,MAJESAUT,INE201B01022,BE,357.70,360.00,347.15,353.65,357.15,4135,1468979.20,112
NSE,MAKERSL,INE987A01010,EQ,188.48,188.48,181.60,182.70,187.60,1964,360120.90,101
NSE,MALLCOM,INE389C01015,EQ,1000.00,1050.00,982.45,1021.15,1004.45,42842,44316847.80,935
NSE,MALUPAPER,INE383H01017,EQ,31.80,31.90,30.30,31.05,31.94,30518,943623.97,136
NSE,MAMATA,INE0TO701015,EQ,401.10,406.50,398.20,401.15,401.85,18074,7284463.00,1057
NSE,MANAKALUCO,INE859Q01017,EQ,38.65,39.35,36.55,37.12,38.34,97514,3662353.79,953
NSE,MANAKCOAT,INE830Q01018,EQ,120.95,124.00,118.00,121.56,120.46,736255,87656193.61,4394
NSE,MANAKSIA,INE015D01022,EQ,57.75,58.41,56.00,58.14,57.79,38440,2211265.92,429
NSE,MANAKSTEEL,INE824Q01011,EQ,104.00,109.30,101.53,109.30,104.10,509467,55084414.14,3283
NSE,MANALIPETC,INE201A01024,EQ,84.70,85.40,81.60,82.76,84.04,8290147,691603580.21,34540
NSE,MANAPPURAM,INE522D01027,EQ,333.00,341.10,330.30,340.90,337.00,5411370,1816853749.70,50101
NSE,MANBA,INE939X01013,EQ,129.76,129.80,128.00,128.31,129.30,60344,7770425.01,450
NSE,MANBRO,INE348N01042,EQ,53.60,54.99,48.75,51.06,54.16,498508,25057828.69,2010
NSE,MANCREDIT,INE545L01039,EQ,227.00,234.90,225.02,227.79,230.19,10860,2479946.16,390
NSE,MANGALAM,INE584F01014,EQ,30.45,30.97,29.06,30.33,29.86,28610,856742.26,257
NSE,MANGLMCEM,INE347A01017,EQ,1108.20,1114.40,1054.00,1092.90,1084.00,304145,333667016.50,10160
NSE,MANINDS,INE993A01026,EQ,755.00,769.85,741.50,744.85,762.75,417411,314043882.40,15302
NSE,MANINFRA,INE949H01023,EQ,124.99,125.08,119.11,123.27,124.56,3095001,378918301.52,16230
NSE,MANIPALHOS,INE459N01021,EQ,750.00,750.70,702.00,709.90,746.90,4066750,2932566049.15,91380
NSE,MANKIND,INE634S01028,EQ,2351.00,2391.50,2341.20,2391.50,2356.50,334009,792952516.80,26083
NSE,MANOMAY,INE784W01015,EQ,230.00,230.00,223.20,224.52,223.64,90681,20477137.38,1789
NSE,MANORAMA,INE00VM01036,EQ,1805.10,1833.20,1795.10,1813.10,1834.00,157707,285930607.30,14720
NSE,MANORG,INE370D01013,EQ,490.00,499.80,472.00,478.65,496.80,11497,5568786.90,391
NSE,MANUGRAPH,INE867A01022,BE,14.99,14.99,14.30,14.38,14.54,15297,220986.00,40
NSE,MANYAVAR,INE825V01034,EQ,546.85,550.45,537.20,544.10,546.85,222703,121566922.00,12146
NSE,MAPMYINDIA,INE0BV301023,EQ,999.80,1000.30,978.30,982.60,999.60,114018,112348460.30,10059
NSE,MARALOVER,INE882A01013,EQ,52.40,54.98,52.40,54.13,54.44,11811,632269.67,97
NSE,MARATHON,INE182D01020,EQ,436.00,443.80,422.05,433.80,434.50,188885,82261577.30,7328
NSE,MARICO,INE196A01026,EQ,830.00,834.85,826.50,829.35,838.10,1477115,1227327776.50,37139
NSE,MARINE,INE01JE01028,EQ,430.60,436.00,423.15,431.50,432.60,956684,411667207.85,25828
NSE,MARKOLINES,INE0FW001016,EQ,175.00,176.00,170.63,172.66,173.96,506896,87697933.67,2437
NSE,MARKSANS,INE750C01026,EQ,321.20,337.65,318.75,332.50,322.40,6573003,2187187027.35,83813
NSE,MARSONS,INE415B01044,EQ,123.81,126.00,120.56,122.84,123.99,2909043,358471574.02,17524
NSE,MARUTI,INE585B01010,EQ,12763.00,12888.00,12640.00,12849.00,12950.00,614156,7817012629.00,115523
NSE,MASFIN,INE348L01012,EQ,305.40,305.55,292.95,294.45,304.50,135767,40299430.95,11191
NSE,MASKINVEST,INE885F01015,EQ,146.00,146.00,146.00,146.00,146.00,5,730.00,1
NSE,MASTEK,INE759A01021,EQ,1798.90,1798.90,1748.00,1763.00,1802.00,88631,156622312.30,10810
NSE,MASTERTR,INE677D01037,EQ,81.71,83.00,79.97,80.85,81.58,231560,18720429.13,1120
NSE,MATRIMONY,INE866R01028,EQ,512.80,520.25,510.55,514.35,519.00,5735,2957649.90,539
NSE,MAWANASUG,INE636A01039,EQ,142.31,154.47,142.31,147.87,142.31,734892,110058823.09,14026
NSE,MAXESTATES,INE03EI01018,EQ,495.00,527.60,485.10,520.65,503.00,193763,98312293.60,6642
NSE,MAXHEALTH,INE027H01010,EQ,1003.00,1005.00,987.20,994.00,1003.00,1195319,1187041175.30,53700
NSE,MAXIND,INE0CG601016,EQ,148.50,151.33,144.90,147.90,148.97,128088,18910925.67,2376
NSE,MAYURUNIQ,INE040D01038,EQ,737.50,739.40,716.30,728.75,742.20,194948,141398951.65,8256
NSE,MAZDA,INE885E01042,BE,252.90,261.85,242.00,261.30,249.40,62477,16169322.95,568
NSE,MAZDOCK,INE249Z01020,EQ,2465.00,2472.10,2430.90,2459.00,2485.00,410616,1004693622.80,23537
NSE,MBAPL,INE900L01028,EQ,160.78,163.90,157.53,159.07,160.78,1021835,163581427.38,7859
NSE,MBECL,INE748A01024,BE,234.83,234.83,234.83,234.83,223.65,5502,1292034.66,204
NSE,MBEL,INE08N601015,EQ,266.30,268.10,261.30,266.10,265.60,87436,23119310.70,3870
NSE,MBLINFRA,INE912H01013,EQ,22.84,23.50,22.10,23.34,22.84,53582,1218639.36,431
NSE,MCCHRLS-B,INE435D01014,EQ,694.95,694.95,650.00,675.60,694.95,345,228272.40,52
NSE,MCL,INE813V01022,EQ,56.00,57.11,55.72,56.17,56.86,45631,2575250.17,2264
NSE,MCLEODRUSS,INE942G01012,EQ,48.25,48.30,46.65,47.04,48.57,406637,19246187.97,2156
NSE,MCLOUD,INE613C01026,EQ,26.74,27.19,26.07,26.28,26.67,2883337,76202722.40,7242
NSE,MCX,INE745G01043,EQ,3280.00,3333.00,3258.00,3286.00,3303.00,2448588,8065507913.20,99633
NSE,MEDANTA,INE474Q01031,EQ,1455.00,1482.60,1440.00,1444.90,1458.10,224430,327353494.00,24815
NSE,MEDIASSIST,INE456Z01021,EQ,333.00,340.00,330.00,338.75,338.05,131832,44192167.60,7633
NSE,MEDICAMEQ,INE646B01010,EQ,268.00,270.90,259.05,265.25,267.40,74789,19723236.45,1645
NSE,MEDICAPQ,INE442D01010,EQ,23.80,27.29,23.80,26.70,26.99,4283,115566.67,39
NSE,MEDICO,INE630Y01024,EQ,38.35,43.00,37.50,39.33,38.91,745016,29919142.75,4774
NSE,MEDPLUS,INE804L01022,EQ,673.05,673.10,657.00,659.95,673.05,73117,48488589.65,5701
NSE,MEESHO,INE0VDM01015,EQ,205.15,213.95,204.60,211.60,205.15,23152746,4845375648.51,154057
NSE,MEGASTAR,INE00EM01016,EQ,310.00,310.00,301.40,305.45,309.90,938,286849.25,29
NSE,MEIL,INE0PKD01011,EQ,282.35,285.15,277.60,278.90,284.95,63130,17750970.95,1079
NSE,MENNPIS,INE650G01029,EQ,75.40,75.50,72.44,74.20,74.30,76929,5737103.34,1581
NSE,MENONBE,INE071D01033,BE,299.80,299.80,287.00,293.90,301.40,51333,15062644.00,905
NSE,MERCANTILE,INE689O01013,EQ,24.60,26.65,24.01,25.59,25.32,138793,3596815.71,415
NSE,MERCURYEV,INE763M01028,EQ,36.54,37.31,36.00,36.66,37.64,83693,3058823.68,1300
NSE,METROBRAND,INE317I01021,EQ,918.00,924.75,896.50,900.65,917.95,48088,43403291.60,7766
NSE,METROGLOBL,INE085D01033,EQ,136.00,139.99,131.00,132.95,139.85,2818,375925.78,63
NSE,METROPOLIS,INE112L01020,EQ,584.00,593.00,579.05,582.20,582.25,135132,79023156.35,10010
NSE,MFML,INE0US801024,EQ,19.45,19.45,17.30,18.57,18.97,2032,37835.46,66
NSE,MFSL,INE180A01020,EQ,1531.50,1531.50,1494.00,1505.00,1534.70,547908,830044126.90,22490
NSE,MGEL,INE0APB01032,BE,14.10,14.64,14.10,14.44,14.33,64418,927921.13,173
NSE,MGL,INE002S01010,EQ,1072.00,1082.60,1062.20,1065.20,1077.70,176423,189312895.50,11015
NSE,MHLXMIRU,INE112D01035,BE,175.45,180.00,170.00,176.82,172.57,11796,2051348.55,87
NSE,MHRIL,INE998I01010,EQ,207.86,210.00,205.20,206.59,208.31,94450,19590712.31,2768
NSE,MICEL,INE287C01037,BE,38.24,38.24,38.24,38.24,39.02,22139,846595.36,236
NSE,MIDHANI,INE099Z01011,EQ,416.00,420.00,412.15,414.40,417.45,309511,128536306.30,10285
NSE,MIDWESTLTD,INE0XAD01024,EQ,1059.80,1068.90,1032.00,1036.90,1058.30,31260,32668419.70,3515
NSE,MIIL,INE898Q01015,EQ,724.20,727.95,710.05,722.55,722.85,65224,46638546.55,1027
NSE,MILKYMIST,INE00IT01020,EQ,234.00,255.23,228.36,252.04,232.03,56560370,13995110489.61,391757
NSE,MINALIND,INE097E01028,BE,4.86,4.86,4.86,4.86,4.63,92358,448859.88,82
NSE,MINDACORP,INE842C01021,EQ,707.05,714.35,694.30,707.85,712.40,355440,249631021.70,17507
NSE,MINDTECK,INE110B01017,EQ,175.00,175.00,170.00,170.32,171.84,16830,2873411.34,466
NSE,MIRZAINT,INE771A01026,EQ,31.85,31.85,30.00,30.84,31.29,107709,3316161.87,1300
NSE,MITCON,INE828O01033,BE,76.50,78.97,75.24,78.76,79.20,3467,267883.55,28
NSE,MITTAL,INE997Y01027,EQ,0.82,0.82,0.80,0.81,0.81,368821,298240.17,291
NSE,MKEXIM,INE227F01010,EQ,60.61,61.89,55.52,61.42,61.61,14748,881999.04,296
NSE,MKPL,INE964W01021,EQ,4.08,4.10,3.99,4.00,4.03,140220,564096.05,433
NSE,MLKFOOD,INE588G01021,EQ,83.88,83.88,81.60,83.15,83.88,2213,183794.04,48
NSE,MMFL,INE227C01017,EQ,665.00,678.00,643.75,648.05,657.45,172249,114323702.05,10049
NSE,MMP,INE511Y01018,EQ,373.00,393.05,373.00,384.10,383.25,61096,23439801.10,1822
NSE,MMTC,INE123F01029,EQ,62.20,62.45,61.41,62.10,62.32,691082,42814889.74,6343
NSE,MMWL,INE200D01020,EQ,14.42,14.67,14.00,14.13,14.14,22481,322574.71,226
NSE,MOBIKWIK,INE0HLU01028,EQ,187.78,188.48,184.06,185.32,187.78,472492,87687154.81,5981
NSE,MODINATUR,INE537F01012,EQ,338.80,344.90,336.00,340.80,338.80,4439,1515163.30,163
NSE,MODIRUBBER,INE832A01018,EQ,129.57,129.57,123.00,123.80,128.29,7993,1003132.93,244
NSE,MODIS,INE0L0L01012,EQ,374.00,382.00,371.10,379.10,377.95,24944,9398673.75,829
NSE,MODISONLTD,INE737D01021,EQ,509.00,546.00,509.00,520.65,499.45,822776,434433266.65,24183
NSE,MODTHREAD,INE794W01014,EQ,52.02,52.89,51.51,52.61,51.54,1791,93495.57,56
NSE,MOHITE,INE154B01023,EQ,3.13,3.13,2.96,2.96,3.13,29651,90101.66,148
NSE,MOHITIND,INE954E01012,EQ,24.89,24.89,23.55,23.72,24.28,9634,230818.32,148
NSE,MOIL,INE490G01020,EQ,250.43,251.70,247.12,250.72,250.43,503390,125754837.58,9753
NSE,MOKSH,INE514Y01020,EQ,10.50,10.53,10.10,10.15,10.46,134879,1384235.14,427
NSE,MOL,INE0CT101020,EQ,64.75,66.70,63.30,65.75,64.85,2295235,149699856.12,14537
NSE,MOLBIO,INE869T01028,EQ,1047.20,1132.10,1043.80,1107.80,1053.30,1874333,2055297654.60,66785
NSE,MOLDTECH,INE835B01035,BE,192.75,202.39,187.00,202.38,192.76,135934,27116535.26,887
NSE,MOLDTKPAC,INE893J01029,EQ,695.00,699.95,692.25,694.55,699.95,41442,28796876.90,2063
NSE,MONARCH,INE903D01011,EQ,374.45,376.00,367.45,372.40,374.60,47758,17734830.20,1444
NSE,MONEYBOXX,INE296Q01012,EQ,57.90,57.90,55.40,56.00,57.01,81508,4601122.04,64
NSE,MONTECARLO,INE950M01013,EQ,539.80,545.50,532.15,544.20,539.05,31016,16812510.35,1649
NSE,MOREPENLAB,INE083A01026,EQ,104.01,114.00,103.55,111.97,103.65,36392769,3990612928.27,121740
NSE,MOSCHIP,INE935B01025,EQ,213.00,219.95,210.02,215.84,215.26,1794518,386377505.98,22425
NSE,MOTHERSON,INE775A01035,EQ,163.80,163.80,159.92,163.30,165.60,18944363,3056214297.11,90487
NSE,MOTILALOFS,INE338I01027,EQ,1000.00,1025.00,993.20,1017.60,1016.00,1044243,1053837836.10,25926
NSE,MOTISONS,INE0FRK01020,EQ,15.94,15.96,15.26,15.43,15.87,28644230,447096735.39,16383
NSE,MOTOGENFIN,INE861B01023,BE,28.50,28.50,26.86,27.51,28.03,18373,504899.74,56
NSE,MPDL,INE493H01014,BE,29.55,31.65,28.65,31.65,30.15,1792,54619.10,21
NSE,MPHASIS,INE356A01018,EQ,2505.50,2515.00,2428.00,2480.00,2505.50,900566,2237148664.90,36873
NSE,MPSLTD,INE943D01017,EQ,2650.00,2651.70,2588.00,2594.60,2652.60,13801,35989562.10,2737
NSE,MRF,INE883A01011,EQ,132000.00,132865.00,130700.00,131880.00,132335.00,4254,558705410.00,3568
NSE,MRPL,INE103A01014,EQ,171.40,175.99,169.47,175.22,171.42,9772096,1695293745.38,52202
NSE,MSL,INE829S01016,EQ,138.00,140.00,136.62,137.53,138.00,272,37415.06,13
NSE,MSPL,INE752G01015,EQ,34.40,36.50,34.30,36.14,34.17,1475581,52702258.01,5554
NSE,MSTCLTD,INE255X01014,EQ,728.00,728.00,708.55,711.75,729.55,166202,118981216.15,6973
NSE,MSUMI,INE0FS801015,EQ,37.00,37.10,36.48,36.60,37.11,5800135,212318266.06,31353
NSE,MTARTECH,INE864I01014,BE,6880.00,6890.00,6611.50,6872.00,6946.50,97570,661706526.50,15714
NSE,MTEDUCARE,INE472M01018,BE,1.72,1.87,1.71,1.75,1.80,17930,31305.33,53
NSE,MTNL,INE153A01019,EQ,26.68,26.84,26.28,26.43,26.68,398024,10555024.72,2018
NSE,MUFIN,INE08KJ01020,EQ,134.40,135.44,132.61,134.65,134.65,460508,61837209.50,2457
NSE,MUFTI,INE220Q01020,EQ,72.81,73.78,71.50,72.13,72.81,98065,7110776.01,2281
NSE,MUKANDLTD,INE304A01026,EQ,135.10,135.56,133.72,134.18,136.03,47819,6431934.99,917
NSE,MUKESHB,INE596B01017,EQ,139.00,139.00,133.00,133.76,137.00,507,69378.08,10
NSE,MUKKA,INE0CG401037,EQ,27.19,27.50,26.60,26.85,26.70,966096,26125422.92,4219
NSE,MUKTAARTS,INE374B01019,BE,57.00,57.72,57.00,57.50,57.00,805,46038.60,5
NSE,MUNJALAU,INE672B01032,EQ,114.49,117.00,112.20,113.44,115.46,386696,43918137.47,5369
NSE,MUNJALSHOW,INE577A01027,EQ,129.30,130.00,127.30,129.20,128.90,27263,3511438.93,464
NSE,MURUDCERA,INE692B01014,EQ,30.00,30.45,29.66,29.88,30.12,10584,316441.14,119
NSE,MUTHOOTCAP,INE296G01013,EQ,246.46,249.95,238.01,241.22,245.24,11241,2719143.73,398
NSE,MUTHOOTFIN,INE414G01012,EQ,2870.00,2937.70,2840.00,2937.70,2905.00,950173,2749501598.80,59656
NSE,MUTHOOTMF,INE046W01019,EQ,196.00,204.00,193.35,203.20,196.21,289137,57993495.87,7931
NSE,MVELECTRO,INE0OWZ01020,EQ,708.95,724.50,675.40,686.05,713.70,1444414,1012225582.80,30245
NSE,MVGJL,INE0KNT01012,EQ,161.90,166.93,158.00,161.76,162.37,84333,13695561.99,1892
NSE,MWL,INE0JYY01029,EQ,37.80,39.84,37.30,39.20,37.71,584088,22799614.29,3395
NSE,MYSORPETRO,INE741A01011,BE,122.75,123.99,120.00,120.05,124.76,15331,1852554.42,206
NSE,NACLIND,INE295D01020,EQ,169.00,171.92,165.99,167.40,168.61,236134,39414602.37,4138
NSE,NAGREEKCAP,INE245I01016,EQ,23.40,23.40,22.60,23.24,23.18,312,7216.76,41
NSE,NAGREEKEXP,INE123B01028,EQ,21.91,22.35,21.10,21.35,22.00,20300,437984.97,189
NSE,NAHARCAP,INE049I01012,EQ,258.00,260.00,254.00,258.80,258.00,1289,328895.95,34
NSE,NAHARINDUS,INE289A01011,EQ,134.99,134.99,131.41,133.86,134.32,9869,1311254.62,274
NSE,NAHARPOLY,INE308A01027,EQ,251.00,252.58,244.28,250.37,250.13,9520,2368536.25,281
NSE,NAHARSPING,INE290A01027,EQ,300.70,301.10,294.00,294.95,299.55,21882,6510741.65,917
NSE,NAM-INDIA,INE298J01013,EQ,1166.20,1172.50,1146.80,1171.50,1178.90,1599776,1856368012.40,33661
NSE,NARMADA,INE117Z01029,EQ,13.78,13.95,13.55,13.63,13.85,216101,2949857.62,828
NSE,NATCAPSUQ,INE936B01015,EQ,201.37,219.00,194.59,216.18,201.37,32916,6991096.64,1099
NSE,NATCOPHARM,INE987B01026,EQ,848.00,857.35,833.50,843.25,849.20,472795,397680774.70,40683
NSE,NATHBIOGEN,INE448G01010,EQ,153.27,153.94,152.00,152.55,152.30,4814,734889.54,257
NSE,NATIONALUM,INE139A01034,EQ,371.65,373.50,367.50,370.00,372.00,4447742,1646979920.15,71785
NSE,NATIONSTD,INE166R01015,EQ,107.70,107.70,103.25,103.94,105.31,25843,2700339.47,678
NSE,NAUKRI,INE663F01032,EQ,1330.10,1352.40,1314.80,1343.70,1356.00,1456671,1940878804.20,68370
NSE,NAVA,INE725A01030,EQ,563.00,563.00,556.20,560.75,563.60,108634,60798511.00,4292
NSE,NAVINFLUOR,INE048G01026,EQ,8605.00,8645.00,8275.50,8542.50,8636.00,217819,1842422589.00,38394
NSE,NAVKARCORP,INE278M01019,EQ,95.98,96.50,94.86,95.47,95.65,178227,17010369.68,1999
NSE,NAVKARURB,INE268H01044,BE,0.92,0.94,0.88,0.89,0.92,1313053,1162299.69,442
NSE,NAVNETEDUL,INE060A01024,EQ,133.95,134.90,130.35,133.91,133.95,356332,47178821.81,3753
NSE,NAZARA,INE418L01047,EQ,363.10,367.60,360.10,366.00,367.65,851024,310127589.60,15007
NSE,NBCC,INE095N01031,EQ,84.80,85.22,83.84,85.00,85.20,4241099,358623697.24,24243
NSE,NBIFIN,INE365I01020,EQ,1933.20,2000.00,1925.70,1986.20,1966.40,444,875377.80,50
NSE,NCC,INE868B01028,EQ,145.50,146.43,141.85,142.53,146.46,1800066,257396676.37,22573
NSE,NCLIND,INE732C01016,EQ,174.83,176.40,172.52,174.94,174.15,42536,7431020.02,2960
NSE,NDGL,INE756C01015,EQ,2733.00,2800.00,2701.10,2743.90,2733.20,153,421129.40,28
NSE,NDL,INE875G01048,EQ,2.86,2.89,2.82,2.85,2.85,915190,2599141.01,1013
NSE,NDLVENTURE,INE353A01023,EQ,121.10,122.98,119.30,120.91,122.99,3844,465211.80,89
NSE,NDRAUTO,INE07OG01012,EQ,720.00,725.00,713.70,719.15,722.40,10211,7329092.75,1386
NSE,NDTV,INE155G01029,EQ,71.02,71.50,69.90,70.84,71.42,76014,5365138.99,1027
NSE,NECCLTD,INE553C01016,BE,16.10,16.90,15.57,16.90,16.10,541572,9149332.15,217
NSE,NECLIFE,INE023H01027,EQ,12.13,12.58,11.66,12.31,12.13,306974,3703323.58,531
NSE,NELCAST,INE189I01024,EQ,116.09,119.00,114.91,117.58,116.39,74954,8737348.41,2092
NSE,NELCO,INE045B01015,EQ,925.00,953.30,918.55,929.65,924.35,193155,181174629.45,9760
NSE,NEOGEN,INE136S01016,EQ,2147.50,2166.30,2113.10,2136.40,2153.90,62823,134506156.00,12982
NSE,NEPHROPLUS,INE428V01029,EQ,695.00,699.25,677.60,692.70,689.60,168797,116198321.30,14452
NSE,NESCO,INE317F01035,EQ,1049.90,1050.00,1029.40,1038.40,1044.00,19259,20018998.30,2724
NSE,NESTLEIND,INE239A01024,EQ,1425.00,1428.00,1411.00,1425.00,1438.20,875020,1242707464.80,39110
NSE,NETWEB,INE0NT901020,EQ,5133.00,5216.50,5064.00,5110.00,5136.50,1273170,6529850636.50,99150
NSE,NETWORK18,INE870H01013,EQ,27.77,27.90,27.16,27.24,28.05,4631562,126703041.25,13165
NSE,NEUEON,INE333I01044,BE,11.99,12.30,11.45,11.45,12.05,80587,928294.71,177
NSE,NEULANDLAB,INE794A01010,EQ,23045.00,23320.00,22880.00,22960.00,23025.00,39701,914676040.00,14080
NSE,NEWGEN,INE619B01017,EQ,526.70,529.75,517.70,519.30,532.05,652094,339840465.20,17528
NSE,NEXTMEDIA,INE747B01016,EQ,4.29,4.30,4.09,4.21,4.27,46900,195346.35,207
NSE,NFL,INE870D01012,EQ,70.29,70.29,69.51,69.98,70.53,417453,29140676.19,2983
NSE,NGIL,INE236Y01012,EQ,39.50,40.85,39.25,39.41,39.50,863,34036.26,23
NSE,NGLFINE,INE887E01022,EQ,2664.30,2745.00,2575.10,2688.70,2657.60,11220,29883578.30,2206
NSE,NH,INE410P01011,EQ,1929.10,1940.80,1911.40,1922.70,1938.70,302703,582199049.00,25910
NSE,NHPC,INE848E01016,EQ,75.75,76.64,75.09,75.65,76.30,13055359,991229668.83,63394
NSE,NIACL,INE470Y01017,EQ,185.45,201.40,182.41,199.11,185.77,24334669,4790999542.96,168134
NSE,NIBE,INE149O01018,EQ,1356.00,1356.10,1330.00,1342.90,1355.90,23503,31541694.30,2643
NSE,NIBL,INE047O01014,EQ,30.51,31.85,30.51,31.08,30.82,2762,86097.99,88
NSE,NICCOPAR,INE653C01022,EQ,81.50,82.00,75.25,79.04,82.06,394310,32091355.64,181
NSE,NIITLTD,INE161A01038,EQ,100.89,100.89,97.10,97.33,101.25,295739,28988073.59,3402
NSE,NIITMTS,INE342G01023,EQ,230.04,230.07,221.95,223.47,230.16,131578,29618682.87,4629
NSE,NILAINFRA,INE937C01029,EQ,6.70,6.76,6.66,6.71,6.76,105470,709928.18,343
NSE,NILASPACES,INE00S901012,EQ,12.68,12.99,12.20,12.51,12.73,1795219,22474037.35,3434
NSE,NILE,INE445D01013,EQ,1500.00,1500.00,1437.10,1471.50,1474.50,4261,6236531.20,765
NSE,NILKAMAL,INE310A01015,EQ,2031.00,2074.00,2007.00,2063.10,2034.00,16375,33536142.30,2820
NSE,NIMBSPROJ,INE875B01015,EQ,170.81,170.81,159.61,159.92,168.01,93586,15656810.97,409
NSE,NINSYS,INE395U01014,EQ,710.00,745.85,707.00,710.95,710.35,8522,6137106.70,978
NSE,NIPPOBATRY,INE567A01028,EQ,325.00,328.00,321.20,323.10,328.05,885,286039.25,74
NSE,NIRAJ,INE368I01016,EQ,29.41,29.93,28.25,29.00,29.27,25160,729691.80,154
NSE,NIRAJISPAT,INE326T01011,EQ,428.00,429.65,428.00,429.65,390.60,1061,455842.15,26
NSE,NIRLON,INE910A01012,EQ,652.00,652.00,647.00,649.80,649.45,21690,14094270.65,895
NSE,NITCO,INE858F01012,EQ,93.28,95.00,91.51,94.30,93.43,350076,32697188.47,2841
NSE,NITINSPIN,INE229H01012,EQ,629.75,637.50,617.90,623.85,630.75,103781,64848499.80,4255
NSE,NITIRAJ,INE439T01012,EQ,209.95,209.95,201.05,206.00,204.50,1748,360520.29,60
NSE,NITTAGELA,INE265B01019,EQ,1630.70,1643.90,1591.00,1618.20,1631.40,3273,5265674.40,748
NSE,NIVABUPA,INE995S01015,EQ,83.00,83.47,80.51,80.73,82.30,365819,29738028.34,7769
NSE,NKIND,INE542C01019,EQ,55.70,60.40,55.25,57.00,57.24,1205,69179.75,24
NSE,NLCINDIA,INE589A01014,EQ,274.00,278.90,271.10,275.50,274.30,1874329,517460465.65,42138
NSE,NMDC,INE584A01023,EQ,84.90,85.75,84.25,85.75,85.69,16726795,1421988266.69,49293
NSE,NOCIL,INE163A01018,EQ,169.62,171.31,166.98,169.95,169.62,416607,70567846.12,6678
NSE,NOIDATOLL,INE781B01015,EQ,4.23,4.30,4.01,4.11,4.23,60960,252927.28,286
NSE,NORBTEAEXP,INE369C01017,EQ,65.46,67.80,65.22,65.29,65.46,227,15240.21,21
NSE,NORTHARC,INE850M01015,EQ,298.15,303.15,292.10,299.70,299.50,1420849,422768720.50,18957
NSE,NOVAAGRI,INE02H701025,BE,23.46,24.00,23.01,23.51,24.22,76744,1787120.19,353
NSE,NOVARTIND,INE234A01025,EQ,1585.00,1614.00,1560.20,1601.50,1582.10,7814,12417737.70,1200
NSE,NPST,INE0FFK01017,EQ,1655.60,1753.00,1642.50,1690.00,1655.60,79415,136283506.80,8796
NSE,NRAIL,INE740D01017,EQ,492.25,507.90,487.00,498.50,495.90,11677,5792513.25,587
NSE,NRBBEARING,INE349A01021,EQ,459.00,463.40,451.05,453.55,458.25,147623,67326552.10,5203
NSE,NRL,INE0JM501013,BE,120.05,122.00,120.05,122.00,120.05,159039,19240899.30,225
NSE,NSIL,INE023A01030,EQ,5690.00,5753.00,5616.00,5647.50,5696.00,1451,8220739.00,263
NSE,NSLNISP,INE0NNS01018,EQ,45.55,47.24,45.11,45.69,45.61,10189200,471595637.94,34542
NSE,NTCIND,INE920C01017,EQ,131.00,137.00,130.00,134.95,133.21,2148,284482.77,69
NSE,NTPC,INE733E01010,EQ,324.00,331.10,321.00,330.00,327.50,11993091,3927701357.65,110755
NSE,NTPCGREEN,INE0ONG01011,EQ,89.11,89.12,88.00,88.12,89.21,3375911,297828306.04,57409
NSE,NUCLEUS,INE096B01018,EQ,732.50,743.90,732.50,740.65,740.70,11170,8245437.70,827
NSE,NURECA,INE0DSF01015,BE,338.05,338.05,330.30,336.75,339.00,1655,552776.40,101
NSE,NUVAMA,INE531F01023,EQ,1785.00,1903.90,1751.70,1841.00,1785.00,1438209,2662485578.90,82997
NSE,NUVOCO,INE118D01016,EQ,322.50,331.90,317.05,328.15,322.85,697182,227534437.00,17889
NSE,NYKAA,INE388Y01029,EQ,335.05,337.40,329.75,337.40,338.50,3267663,1090670648.90,48135
NSE,OAL,INE959C01023,EQ,442.05,464.80,432.25,457.95,446.30,51928,23405662.05,2223
NSE,OBCL,INE426Z01016,EQ,55.90,55.90,54.70,54.77,55.04,7881,432675.01,64
NSE,OBEROIRLTY,INE093I01010,EQ,1869.00,1869.00,1828.90,1866.00,1880.70,378206,700255371.60,30546
NSE,OCCLLTD,INE0PK601023,BE,164.00,164.70,160.00,163.35,163.01,34223,5557329.29,227
NSE,ODIGMA,INE054301028,EQ,22.35,23.15,22.35,23.09,23.16,10264,232831.08,310
NSE,ODYCORP,INE839E01023,EQ,7.48,8.00,7.14,7.42,7.12,46452,359248.38,97
NSE,OFSS,INE881D01027,EQ,12141.00,12199.00,11951.00,12158.00,12187.00,238698,2886689374.00,35639
NSE,OIL,INE274J01014,EQ,495.00,499.50,484.15,498.15,490.00,4334724,2131687304.05,111618
NSE,OILCOUNTUB,INE591A01010,BE,67.80,70.59,64.20,67.67,67.23,186901,12928035.27,513
NSE,OLAELEC,INE0LXG01040,EQ,40.20,40.25,38.80,38.98,40.51,44552453,1745217642.17,90424
NSE,OLECTRA,INE260D01016,EQ,1247.30,1249.80,1226.10,1238.90,1247.30,230590,285062001.30,18856
NSE,OMAXAUTO,INE090B01011,EQ,183.50,189.00,181.81,187.09,184.48,26860,5005927.56,948
NSE,OMAXE,INE800H01010,EQ,125.00,136.00,123.38,132.67,126.77,29571125,3870344519.62,155327
NSE,OMFREIGHT,INE1BZC01019,BE,89.94,90.59,87.50,88.08,89.94,1697,150203.44,61
NSE,OMINFRAL,INE239D01028,EQ,83.46,83.46,80.15,81.84,82.04,19943,1632818.40,611
NSE,OMNI,INE0UH301010,EQ,538.00,548.40,527.00,543.15,535.60,373850,201084241.20,13560
NSE,OMPOWER,INE25E901019,EQ,169.00,175.03,162.90,171.86,169.08,76844,13011424.70,1233
NSE,ONEGLOBAL,INE670O01013,EQ,510.55,520.00,501.00,502.05,514.15,19205,9713488.75,1015
NSE,ONELIFECAP,INE912L01015,BE,31.50,32.95,31.30,31.93,32.46,18881,594005.57,42
NSE,ONEPOINT,INE840Y01029,EQ,54.70,54.81,53.76,54.61,54.74,448452,24376848.16,1390
NSE,ONESOURCE,INE013P01021,EQ,1530.00,1564.00,1509.00,1544.40,1527.90,136288,209349895.80,22029
NSE,ONGC,INE213A01029,EQ,237.60,239.21,235.64,237.50,236.45,13073915,3100658809.26,102227
NSE,ONIDA,INE831A01028,EQ,35.50,36.20,34.99,35.57,35.63,242327,8586687.11,1310
NSE,ONIXSOLAR,INE173M01012,EQ,360.00,365.75,358.05,365.75,348.35,252187,91624490.45,2073
NSE,ONMOBILE,INE809I01019,BE,48.51,48.51,48.51,48.51,49.50,15762,764614.62,149
NSE,ONWARDTEC,INE229A01017,EQ,281.10,286.00,277.50,284.55,283.90,26315,7432266.55,698
NSE,OPTIEMUS,INE350C01017,EQ,582.70,585.00,569.00,571.00,582.80,70937,40878393.40,4067
NSE,OPTIFIN,INE031G01022,EQ,12.56,13.50,12.56,13.16,13.20,24221,316650.38,101
NSE,ORBTEXP,INE231G01010,BE,236.90,245.00,236.90,240.76,238.97,1452,346595.53,30
NSE,ORCHASP,INE215B01022,EQ,1.40,1.45,1.35,1.40,1.40,116260,162706.13,145
NSE,ORCHPHARMA,INE191A01027,EQ,946.00,954.95,931.35,938.05,947.90,39875,37653810.20,3162
NSE,ORICONENT,INE730A01022,EQ,53.43,54.44,52.20,54.20,53.30,8648,463469.24,188
NSE,ORIENTALTL,INE998H01012,EQ,5.06,5.06,4.76,4.98,4.96,74893,368378.64,385
NSE,ORIENTBELL,INE607D01018,EQ,390.45,405.00,386.25,400.65,390.45,46905,18643447.55,2452
NSE,ORIENTCEM,INE876N01018,EQ,128.49,128.79,126.25,127.70,128.16,124129,15844778.28,1691
NSE,ORIENTCER,INE569C01020,EQ,43.80,44.39,42.93,43.78,43.20,54517,2387703.53,1692
NSE,ORIENTELEC,INE142Z01019,EQ,178.54,181.90,175.01,179.35,177.66,162963,28961556.32,5643
NSE,ORIENTHOT,INE750A01020,EQ,138.44,141.90,136.95,141.32,138.65,1214254,170449333.68,4080
NSE,ORIENTLTD,INE609C01024,BE,81.00,83.88,81.00,82.50,82.22,758,61777.76,13
NSE,ORIENTPPR,INE592A01026,EQ,16.73,16.84,16.45,16.65,16.78,130048,2167407.89,443
NSE,ORIENTTECH,INE0PPK01015,EQ,238.46,238.46,233.61,236.36,238.46,83273,19587477.77,2389
NSE,ORIRAIL,INE457G01029,EQ,124.00,127.95,123.42,125.37,124.79,75670,9535649.83,1121
NSE,ORISSAMINE,INE725E01024,EQ,4321.00,4340.90,4260.70,4308.60,4325.00,4729,20343131.40,1306
NSE,ORKLAINDIA,INE16NZ01023,EQ,583.95,593.95,577.50,590.90,584.50,66831,39251105.65,5350
NSE,ORTINGLOBE,INE749B01020,EQ,15.36,15.86,15.36,15.43,15.86,2952,45990.24,24
NSE,OSIAHYPER,INE06IR01021,BE,2.46,2.48,2.39,2.46,2.45,282119,687280.41,266
NSE,OSWALAGRO,INE142A01012,EQ,36.53,37.40,36.53,36.89,36.90,24071,890207.68,137
NSE,OSWALGREEN,INE143A01010,EQ,20.69,20.69,20.11,20.46,20.41,60322,1226781.37,386
NSE,OSWALPUMPS,INE0BYP01024,EQ,289.80,289.95,275.20,278.30,291.35,1056339,296621005.40,28655
NSE,OSWALSEEDS,INE00IK01029,EQ,11.20,11.90,11.20,11.80,11.40,80227,931039.93,253
NSE,PACEDIGITK,INE0S3G01027,EQ,167.00,167.00,163.41,164.88,166.37,547183,90153758.97,7099
NSE,PACIFICI,INE883C01025,EQ,141.00,141.00,137.00,137.05,136.02,293,40675.05,17
NSE,PAGEIND,INE761H01022,EQ,35500.00,36325.00,35220.00,36200.00,35675.00,19411,698726110.00,9609
NSE,PAISALO,INE420C01059,EQ,66.96,68.15,65.61,66.52,67.07,9805048,657040474.20,24027
NSE,PAKKA,INE551D01018,EQ,76.98,77.00,74.50,75.80,76.68,55938,4235295.26,1901
NSE,PALASHSECU,INE471W01019,EQ,90.00,90.00,88.10,88.98,90.77,1459,131016.92,96
NSE,PALREDTEC,INE218G01033,BE,50.40,52.80,48.16,52.80,50.50,1064,53515.90,11
NSE,PANACEABIO,INE922B01023,EQ,389.95,389.95,370.05,382.35,390.90,311504,117894533.30,8217
NSE,PANACHE,INE895W01019,BE,515.00,525.05,515.00,525.05,519.40,1973,1022867.20,43
NSE,PANAMAPET,INE305C01029,EQ,486.75,496.80,482.10,489.75,487.05,309631,151640331.85,9108
NSE,PANCHMAHQ,INE798F01010,EQ,292.00,300.00,292.00,300.00,292.10,290,86197.75,22
NSE,PANORAMA,INE258R01028,EQ,42.63,43.79,40.00,41.59,42.57,131992,5510617.92,898
NSE,PANSARI,INE697V01011,EQ,305.00,308.05,290.00,296.10,303.80,1656,495638.20,33
NSE,PAR,INE04LG01015,EQ,146.00,168.72,146.00,168.25,140.60,1507861,240372058.77,21216
NSE,PARACABLES,INE074B01023,EQ,63.47,65.20,62.64,64.16,63.45,1184196,75844079.79,6649
NSE,PARADEEP,INE088F01024,EQ,156.62,157.69,153.51,156.19,157.51,2874257,446438214.94,28211
NSE,PARAGMILK,INE883N01014,EQ,257.05,263.80,248.35,254.90,259.10,2039126,523244355.65,26429
NSE,PARAS,INE045601023,EQ,1380.00,1420.00,1363.80,1413.10,1380.10,901120,1259362995.10,42785
NSE,PARASPETRO,INE162C01024,EQ,2.13,2.15,2.08,2.11,2.10,125641,265167.64,303
NSE,PARKHOSPS,INE119201023,EQ,280.50,284.70,274.30,276.75,280.50,496312,137782894.50,11366
NSE,PARKHOTELS,INE988S01028,EQ,111.56,116.00,110.81,114.05,111.92,141887,16033284.84,1824
NSE,PARNAXLAB,INE383L01019,EQ,143.00,144.90,134.01,137.23,140.78,9197,1306853.24,213
NSE,PARSVNATH,INE561H01026,BE,1.51,1.51,1.51,1.51,1.49,2510953,3791539.03,262
NSE,PASHUPATI,INE124Y01028,EQ,83.70,83.70,82.50,83.06,83.10,8777,730017.84,817
NSE,PASUPTAC,INE818B01023,BE,62.00,65.00,61.55,64.64,62.73,126973,8085712.07,574
NSE,PATANJALI,INE619A01035,EQ,344.90,345.00,339.10,345.00,345.80,3980958,1362629964.55,22281
NSE,PATELENG,INE244B01030,EQ,27.70,27.72,26.21,26.86,27.76,3474743,94330973.19,7309
NSE,PATELRMART,INE0R8B01010,EQ,221.55,222.90,215.40,216.42,223.14,222326,48340712.62,2201
NSE,PATINTLOG,INE529D01014,BE,12.80,13.50,12.80,13.30,12.87,145528,1888492.03,172
NSE,PAUSHAKLTD,INE111F01024,EQ,802.00,820.00,771.70,785.70,801.60,41615,33113230.30,3875
NSE,PAVNAIND,INE07S101038,EQ,17.26,17.94,16.00,17.23,17.17,83740,1409573.97,465
NSE,PAYTM,INE982J01020,EQ,1628.10,1633.30,1594.20,1619.00,1633.50,3008191,4830851624.30,91787
NSE,PBMPOLY,INE501F01018,EQ,62.60,62.60,58.00,59.26,64.41,1728,102432.83,83
NSE,PCBL,INE602A01031,EQ,316.70,316.80,310.70,315.30,317.50,867848,272817627.40,13727
NSE,PCJEWELLER,INE785M01021,EQ,10.30,10.39,9.98,10.18,10.32,274840339,2797179502.04,81554
NSE,PDMJEPAPER,INE865T01018,EQ,92.50,92.50,89.81,90.92,92.57,74507,6762366.93,1214
NSE,PDSL,INE111Q01021,EQ,362.00,362.00,350.80,351.85,359.85,90855,32230241.15,6099
NSE,PEARLPOLY,INE844A01013,EQ,15.50,15.50,15.00,15.25,15.05,54336,828228.86,56
NSE,PENIND,INE932A01024,EQ,165.00,168.95,163.15,165.90,165.66,360595,60072454.43,6215
NSE,PENINLAND,INE138A01028,BE,15.38,15.64,15.00,15.49,15.38,90151,1390040.84,205
NSE,PERMAGN,INE418E01018,EQ,895.10,895.10,870.00,871.55,895.10,4817,4229027.65,379
NSE,PERSISTENT,INE262H01021,EQ,5700.00,5738.00,5640.50,5690.00,5800.00,610391,3472512475.50,44524
NSE,PETRONET,INE347G01014,EQ,293.25,294.00,288.35,289.20,292.30,1476710,428879643.30,30093
NSE,PFC,INE134E01011,EQ,343.40,347.30,340.50,346.50,345.80,11746142,4058101775.65,49358
NSE,PFIZER,INE182A01018,EQ,4625.30,4655.90,4614.00,4627.60,4665.90,9434,43649343.20,3220
NSE,PFOCUS,INE367G01038,EQ,287.00,287.00,277.50,280.35,286.50,515115,144724120.75,11170
NSE,PFS,INE560K01014,EQ,27.00,27.30,26.43,27.12,26.96,429299,11514409.01,2247
NSE,PGEL,INE457L01029,EQ,566.00,567.45,556.20,566.00,569.90,1907087,1074316519.30,34949
NSE,PGHH,INE179A01014,EQ,7881.50,7885.50,7740.00,7762.50,7881.50,20386,158461245.00,5016
NSE,PGHL,INE199A01012,EQ,5750.00,5759.50,5662.50,5669.50,5776.00,4582,26102229.50,1455
NSE,PGIL,INE940H01022,EQ,2346.00,2395.80,2322.10,2361.60,2348.00,74186,175380141.40,9971
NSE,PHOENIXLTD,INE211B01039,EQ,1890.10,1920.10,1870.60,1920.10,1892.60,200132,379970601.60,13974
NSE,PHOENXINTL,INE245B01011,EQ,30.70,31.49,29.56,31.39,31.58,1386,41019.29,44
NSE,PICCADIL,INE546C01010,EQ,630.75,637.90,620.50,622.25,634.00,142699,89437608.55,8287
NSE,PIDILITIND,INE318A01026,EQ,1639.00,1639.50,1624.10,1637.00,1643.50,635780,1038077754.80,31990
NSE,PIGL,INE557Z01018,EQ,99.51,103.88,98.61,99.28,99.68,16989,1697183.18,397
NSE,PIIND,INE603J01030,EQ,2376.10,2393.60,2353.50,2393.00,2397.10,128403,305336530.70,12422
NSE,PILANIINVS,INE417C01014,EQ,4325.00,4356.20,4270.60,4325.00,4353.20,987,4254934.40,225
NSE,PILITA,INE600A01035,EQ,8.08,8.08,7.77,7.95,8.08,29807,236028.02,187
NSE,PINELABS,INE15B701018,EQ,161.50,164.40,158.27,162.32,159.89,20367566,3288069087.46,116373
NSE,PIONEEREMB,INE156C01018,EQ,21.51,21.87,21.28,21.40,21.73,2023,43335.14,35
NSE,PIONRINV,INE746D01014,BE,79.50,79.50,75.53,76.43,79.50,1221,93588.82,30
NSE,PIRAMALFIN,INE202B01038,EQ,2204.00,2219.60,2165.90,2186.50,2226.10,588816,1288859976.40,25186
NSE,PITTIENG,INE450D01021,EQ,1071.70,1103.00,1055.00,1093.00,1074.70,71422,77390127.20,6206
NSE,PIXTRANS,INE751B01018,EQ,1780.50,1787.90,1757.90,1766.90,1785.10,8408,14886001.90,1200
NSE,PKTEA,INE431F01018,EQ,719.20,745.00,700.00,728.65,739.50,176,126339.55,23
NSE,PLASTIBLEN,INE083C01022,EQ,184.15,186.72,181.80,183.39,185.59,15465,2851711.01,551
NSE,PLATIND,INE0PT501018,EQ,225.10,230.99,219.00,229.69,227.79,61075,13899621.22,1853
NSE,PLAZACABLE,INE0INJ01017,EQ,58.89,61.86,55.98,61.80,58.92,303102,17841964.11,2524
NSE,PML,INE291E01019,EQ,486.00,490.00,481.00,483.85,492.00,99,47828.30,15
NSE,PNB,INE160A01022,EQ,114.65,117.25,113.92,117.00,115.22,21100041,2458172464.04,61783
NSE,PNBGILTS,INE859A01011,EQ,76.44,80.80,75.52,78.19,76.44,530316,41685979.50,5399
NSE,PNBHOUSING,INE572E01012,EQ,1148.00,1148.00,1125.40,1141.00,1152.00,446878,507916636.20,23676
NSE,PNC,INE392B01011,EQ,17.50,17.50,15.96,16.37,16.89,39970,647940.88,351
NSE,PNCINFRA,INE195J01029,EQ,188.75,190.19,179.50,180.89,188.77,859041,157038412.86,10598
NSE,PNGJL,INE953R01016,EQ,586.70,593.90,563.10,592.10,586.65,1137103,658285787.45,34469
NSE,PNGSREVA,INE1RDG01013,EQ,508.00,527.40,488.00,521.70,511.25,194259,98790465.95,5959
NSE,POCL,INE063E01061,EQ,484.75,494.20,475.00,479.20,484.75,323807,156829223.90,11483
NSE,PODDARMENT,INE371C01013,EQ,256.05,257.95,250.30,253.90,256.20,2199,555148.25,99
NSE,POEL,INE035S01028,EQ,148.00,151.54,140.60,144.62,148.42,30475,4459956.58,561
NSE,POKARNA,INE637C01025,EQ,838.00,844.90,825.30,839.35,841.95,31652,26439723.05,2774
NSE,POLICYBZR,INE417T01026,EQ,1829.00,1860.00,1810.00,1851.90,1829.20,610594,1123846516.10,25459
NSE,POLYCAB,INE455K01017,EQ,8876.50,8933.00,8732.00,8804.00,8895.50,434543,3830067920.00,54283
NSE,POLYMED,INE205C01021,EQ,1750.00,1858.00,1739.60,1783.80,1756.40,744104,1348051428.50,56811
NSE,POLYPLEX,INE633B01018,EQ,1182.10,1194.70,1172.10,1190.40,1187.70,46020,54534409.90,4545
NSE,POLYSPIN,INE914G01029,EQ,29.99,29.99,28.56,28.77,30.10,230,6858.43,18
NSE,PONNIERODE,INE838E01017,EQ,375.85,403.75,375.85,399.05,380.20,35699,14012745.50,2333
NSE,POONAWALLA,INE511C01022,EQ,458.00,461.20,450.60,459.65,460.95,473536,215715607.45,15326
NSE,POWERGRID,INE752E01010,EQ,264.00,268.35,262.40,266.80,264.55,9068868,2414978342.15,69928
NSE,POWERICA,INE921L01032,EQ,510.00,510.90,490.65,494.55,512.35,98400,49134085.95,4188
NSE,POWERINDIA,INE07Y701011,EQ,32595.00,32595.00,31750.00,32200.00,32640.00,84787,2715711490.00,35056
NSE,POWERMECH,INE211R01019,EQ,2473.30,2479.00,2435.00,2440.00,2481.00,26551,65154608.70,4421
NSE,PPAP,INE095I01015,BE,269.00,269.00,256.25,261.05,269.30,14487,3783340.25,241
NSE,PPL,INE050001010,BE,258.20,259.45,254.00,257.10,261.55,21504,5533104.45,311
NSE,PPLPHARMA,INE0DK501011,EQ,212.84,217.82,211.36,213.78,213.20,3102064,664652351.94,30176
NSE,PRABHA,INE0I0M01023,EQ,214.09,218.80,207.32,216.27,212.56,161854,34748030.89,2740
NSE,PRADPME,INE770A01010,BE,490.00,497.90,483.00,497.90,490.35,2320,1143328.05,29
NSE,PRAENG,INE505C01016,EQ,24.98,26.19,24.42,24.86,24.44,407368,10228906.41,1799
NSE,PRAJIND,INE074A01025,EQ,339.00,341.65,328.10,334.50,340.30,633023,211584131.95,15480
NSE,PRAKASH,INE603A01013,EQ,125.15,125.89,124.00,124.34,126.22,196922,24543154.94,2795
NSE,PRAKASHSTL,INE696K01024,EQ,3.88,3.92,3.79,3.80,3.87,158017,605588.66,392
NSE,PRAVEG,INE722B01019,EQ,263.00,265.00,260.05,260.85,265.95,16745,4383644.00,954
NSE,PRAXIS,INE546Y01022,EQ,4.69,4.71,4.46,4.46,4.69,186357,837335.94,275
NSE,PRECAM,INE484I01029,EQ,123.60,130.00,119.49,122.87,123.15,139788,16980816.69,3419
NSE,PRECOT,INE283A01014,EQ,686.00,702.40,686.00,692.20,694.90,1212,838513.45,114
NSE,PRECWIRE,INE372C01037,EQ,493.55,502.20,478.90,483.10,497.30,604171,293691328.30,21644
NSE,PREMCO,INE001E01012,EQ,383.00,394.05,380.70,383.75,382.60,1114,430659.80,65
NSE,PREMEXPLN,INE863B01029,EQ,702.50,702.50,666.10,668.80,663.95,817689,554415887.85,15419
NSE,PREMIER,INE342A01018,BE,2.90,2.90,2.76,2.76,2.90,5669,15874.16,22
NSE,PREMIERENE,INE0BS701011,EQ,1012.90,1012.90,998.00,1000.00,1012.90,827532,829713593.10,30777
NSE,PREMIERPOL,INE309M01020,EQ,90.30,92.19,89.02,89.79,90.44,163733,14763111.42,3194
NSE,PRESTIGE,INE811K01011,EQ,1562.20,1582.00,1521.80,1582.00,1570.00,546247,847401468.50,26689
NSE,PRICOLLTD,INE726V01018,EQ,796.20,796.20,762.00,767.75,797.00,545899,422965148.45,19771
NSE,PRIMESECU,INE032B01021,EQ,284.90,291.65,279.70,287.30,282.70,89913,25736916.75,487
NSE,PRIMO,INE607A01022,EQ,21.25,21.44,20.31,20.80,21.26,121947,2545525.89,1617
NSE,PRINCEPIPE,INE689W01016,EQ,292.00,292.45,284.00,285.00,291.75,122407,35098185.65,3287
NSE,PRISMX,INE286N01028,EQ,0.55,0.55,0.51,0.51,0.53,148588,78411.96,129
NSE,PRITI,INE974Z01015,BE,33.99,33.99,33.25,33.25,33.29,3141,105776.57,51
NSE,PRITIKAUTO,INE583R01029,BE,16.80,16.99,16.16,16.32,16.75,111868,1834500.86,329
NSE,PRIVISCL,INE959A01019,EQ,3323.60,3397.80,3303.30,3335.30,3345.90,63594,212304411.60,13615
NSE,PROSTARM,INE0BX301013,EQ,132.23,134.17,130.56,131.56,131.72,112415,14777823.61,1615
NSE,PROTEAN,INE004A01022,EQ,510.00,511.00,496.20,497.65,509.90,320935,160558720.75,11381
NSE,PROZONER,INE195N01013,EQ,44.10,47.48,44.10,46.49,44.92,498977,22998980.57,2320
NSE,PRSMJOHNSN,INE010A01011,EQ,111.50,112.20,110.14,111.64,111.20,243544,27116770.14,3469
NSE,PRUDENT,INE00F201020,EQ,3341.00,3341.00,3215.00,3237.40,3352.30,28548,92926473.00,7353
NSE,PRUDMOULI,INE024D01016,BE,15.80,16.20,15.75,15.81,16.42,3073,48520.62,24
NSE,PSB,INE608A01012,EQ,22.58,22.72,22.09,22.58,22.58,1678778,37591041.86,3703
NSE,PSPPROJECT,INE488V01015,EQ,867.00,887.90,848.70,858.00,874.50,79009,68261172.05,3474
NSE,PTC,INE877F01012,EQ,155.00,155.90,153.41,155.44,155.20,761035,117775580.70,8441
NSE,PTCIL,INE596F01018,EQ,22685.00,22980.00,22335.00,22715.00,22755.00,33761,767069490.00,12123
NSE,PTL,INE034D01049,EQ,38.35,38.59,38.15,38.45,38.39,27631,1062584.29,523
NSE,PUNJABCHEM,INE277B01014,EQ,1113.10,1118.40,1088.40,1093.40,1109.30,3693,4051565.80,526
NSE,PURVA,INE323I01011,EQ,214.00,214.00,208.20,209.79,212.38,102085,21382218.54,2599
NSE,PVP,INE362A01016,EQ,61.81,62.00,61.81,61.81,65.06,700698,43318624.44,990
NSE,PVRINOX,INE191H01014,EQ,1231.70,1231.70,1207.00,1210.00,1228.20,311807,380143191.40,29076
NSE,PVSL,INE772T01024,EQ,105.00,105.00,98.10,102.39,103.70,30147,3048445.28,1119
NSE,PWL,INE0LP301011,EQ,114.50,116.24,112.39,115.47,114.94,5535743,632069395.48,28506
NSE,PYRAMID,INE0MIS01010,EQ,159.66,159.66,154.82,155.64,158.08,42803,6680676.67,981
NSE,QMSMEDI,INE0FMW01018,BE,160.00,161.99,157.75,158.33,161.31,12338,1965704.54,129
NSE,QPOWER,INE0SII01026,EQ,1488.20,1500.00,1450.00,1455.60,1488.00,190928,280905642.50,11967
NSE,QUADFUTURE,INE0LRY01011,EQ,412.00,429.70,412.00,415.00,419.15,294548,124158528.55,9237
NSE,QUESS,INE615P01015,EQ,378.00,382.00,363.50,379.25,379.50,401103,149599590.75,17499
NSE,QUICKHEAL,INE306L01010,BE,138.66,138.66,136.05,137.96,137.23,34614,4763735.63,422
NSE,QUINT,INE641R01017,EQ,40.10,40.29,38.75,39.44,40.97,1281,50402.69,35
NSE,RACE,INE084Q01012,EQ,102.50,102.50,98.50,100.36,99.68,12224,1212075.44,84
NSE,RACLGEAR,INE704B01017,EQ,1530.00,1560.00,1485.00,1516.60,1537.90,23651,35817484.70,3094
NSE,RADAAN,INE874F01027,EQ,2.73,3.00,2.73,2.88,2.90,27131,77449.90,89
NSE,RADHIKAJWE,INE583V01021,EQ,71.00,73.90,70.55,71.60,71.10,1365803,98242186.29,12208
NSE,RADIANTCMS,INE855R01021,EQ,39.60,39.90,38.90,39.18,39.07,254057,9981851.33,2164
NSE,RADICO,INE944F01028,EQ,4448.60,4476.20,4390.00,4476.20,4474.30,183742,814219945.80,31222
NSE,RADIOCITY,INE919I01024,EQ,6.40,6.48,6.21,6.32,6.41,33741,212917.12,120
NSE,RAILTEL,INE0DD101019,EQ,274.30,275.05,270.50,271.55,277.90,303377,82574669.70,9144
NSE,RAIN,INE855B01025,EQ,205.00,208.70,202.58,205.66,206.55,2767223,567361553.24,18459
NSE,RAINBOW,INE961O01016,EQ,1440.00,1440.00,1421.00,1433.00,1446.40,38375,54916229.40,6534
NSE,RAJMET,INE00KV01022,EQ,3.09,3.16,3.09,3.10,3.11,246319,767400.28,609
NSE,RAJOOENG,INE535F01024,BE,49.44,49.44,48.06,48.67,49.45,79982,3887169.57,554
NSE,RAJPALAYAM,INE296E01026,EQ,810.05,810.05,791.90,794.10,810.00,839,668675.20,67
NSE,RAJRATAN,INE451D01029,EQ,496.70,496.70,487.55,490.45,496.70,31340,15407935.00,1882
NSE,RAJRILTD,INE533D01032,BE,22.81,23.15,22.36,22.43,22.81,38997,875235.11,120
NSE,RAJSREESUG,INE562B01019,EQ,35.52,36.99,35.33,35.55,36.23,25195,912232.49,407
NSE,RAJTV,INE952H01027,EQ,8.93,8.93,8.93,8.93,9.39,49994,446446.42,175
NSE,RALLIS,INE613A01020,EQ,206.99,209.97,204.51,209.50,207.17,724374,150549804.24,24027
NSE,RAMANEWS,INE278B01020,EQ,31.80,31.80,30.82,31.20,31.49,6736,209527.13,92
NSE,RAMAPHO,INE809A01032,EQ,121.86,124.00,121.10,122.93,122.22,6459,791122.63,260
NSE,RAMASTEEL,INE230R01035,BE,4.17,4.17,4.17,4.17,4.25,410347,1711146.99,1144
NSE,RAMBHAJO,INE1SJO01012,EQ,233.34,258.99,233.34,246.17,237.07,1238324,302682034.82,14962
NSE,RAMCOCEM,INE331A01037,EQ,878.25,878.25,856.75,864.35,875.35,100528,86719005.05,7838
NSE,RAMCOIND,INE614A01028,EQ,321.60,324.55,317.35,319.50,323.70,122658,39286247.85,2905
NSE,RAMCOSYS,INE246B01019,EQ,590.00,593.00,575.00,579.00,590.95,86512,50355753.20,3731
NSE,RAMKY,INE874I01013,EQ,343.50,343.85,333.00,340.85,343.85,22632,7713419.65,874
NSE,RAMRAT,INE207E01023,EQ,570.20,577.50,532.30,535.10,570.20,400073,219625292.90,18262
NSE,RANASUG,INE625B01014,EQ,14.78,15.13,14.70,14.90,14.94,193282,2893718.60,637
NSE,RANEHOLDIN,INE384A01010,EQ,1552.00,1615.00,1538.10,1605.20,1560.70,10389,16463809.80,1435
NSE,RATEGAIN,INE0CLI01024,EQ,907.00,914.70,871.25,875.35,911.25,602952,533025837.60,33546
NSE,RATNA-RE,INE05CZ20011,BE,17.50,17.50,16.45,16.45,27.35,115644,1911049.75,1273
NSE,RATNAMANI,INE703B01027,EQ,2610.00,2656.00,2556.00,2634.30,2605.10,44485,116122415.70,12941
NSE,RATNAVEER,INE05CZ01011,EQ,291.30,293.60,282.00,286.15,291.35,1974512,567611076.35,18506
NSE,RAYMOND,INE301A01014,EQ,632.90,674.90,625.30,667.25,635.30,2180718,1448368266.75,58513
NSE,RAYMONDLSL,INE02ID01020,EQ,631.00,662.90,628.25,650.30,637.15,225434,146735121.15,9205
NSE,RAYMONDREL,INE1SY401010,EQ,516.75,528.00,501.05,506.05,516.75,529641,271389922.55,12654
NSE,RBA,INE07T201019,EQ,100.22,100.24,97.50,97.75,99.96,2134628,209998734.41,12354
NSE,RBLBANK,INE976G01028,EQ,377.60,392.70,375.00,389.40,380.50,4297189,1659504821.05,55056
NSE,RBZJEWEL,INE0PEQ01016,EQ,176.40,184.67,155.00,161.47,169.00,10355122,1732269959.65,119102
NSE,RCF,INE027A01015,EQ,113.96,114.45,112.70,113.94,114.51,717999,81660520.52,7539
NSE,RCOM,INE330H01018,BE,0.82,0.82,0.78,0.79,0.81,3152372,2521892.93,1812
NSE,RECLTD,INE020B01018,EQ,312.00,318.50,310.40,316.45,314.05,4975534,1570207616.00,35373
NSE,REDINGTON,INE891D01026,EQ,344.35,366.70,343.70,363.20,349.60,10766413,3875485925.80,104241
NSE,REDTAPE,INE0LXT01019,EQ,121.00,121.69,118.55,118.99,122.19,314900,37634493.31,5383
NSE,REFEX,INE056I01025,EQ,277.00,282.45,273.00,277.45,277.60,212725,59030510.40,5716
NSE,REGAAL,INE0MHO01029,EQ,88.00,92.18,85.68,90.78,87.90,826348,74565506.27,3465
NSE,REGENCERAM,INE277C01012,EQ,36.00,36.00,34.00,35.24,34.49,1738,61233.07,55
NSE,RELAXO,INE131B01039,EQ,359.00,359.00,344.00,346.40,359.35,180409,62655340.90,8676
NSE,RELCHEMQ,INE750D01016,EQ,113.19,115.79,110.37,111.70,113.19,2340,263102.28,69
NSE,RELIABLE,INE375Y01018,EQ,138.00,139.90,133.61,138.74,135.98,57192,7918827.17,930
NSE,RELIANCE,INE002A01018,EQ,1298.00,1321.90,1293.10,1313.10,1309.00,13497841,17668058961.20,196257
NSE,RELIGARE,INE621H01010,EQ,249.78,251.01,245.42,248.06,249.78,576451,143095626.66,10620
NSE,RELINFRA,INE036A01016,BE,58.50,59.30,57.05,57.05,58.21,333917,19375271.97,2686
NSE,RELTD,INE206N01018,EQ,152.06,155.49,151.50,152.13,153.90,142843,21815840.59,2371
NSE,REMSONSIND,INE474C01023,EQ,97.44,98.40,94.00,94.88,97.44,69007,6570284.35,2681
NSE,RENUKA,INE087H01022,EQ,24.30,24.41,23.73,23.94,24.21,12027252,289020465.66,19936
NSE,REPCOHOME,INE612J01015,EQ,362.80,362.80,354.20,359.60,362.80,76623,27539031.35,1708
NSE,REPL,INE364Z01019,BE,64.99,67.99,62.65,64.30,64.99,1691,110789.39,21
NSE,REPRO,INE461B01014,EQ,328.00,328.00,317.60,318.40,328.60,16541,5323816.40,736
NSE,RESPONIND,INE688D01026,EQ,149.01,152.00,148.07,150.47,150.17,51938,7792038.20,1252
NSE,RETAIL,INE03DD01011,EQ,16.60,18.69,16.60,17.29,17.09,11270,199334.96,119
NSE,RGL,INE722H01024,EQ,136.96,139.50,134.80,137.79,136.96,523746,72040916.38,6750
NSE,RHETAN,INE0KKN01029,EQ,21.03,21.03,21.02,21.02,19.12,5392754,113398713.63,4681
NSE,RHIM,INE743M01012,EQ,366.60,372.00,361.35,370.50,368.20,330000,120774895.80,7013
NSE,RHL,INE508K01013,EQ,165.25,174.00,164.20,172.71,169.45,6533,1119502.68,87
NSE,RICOAUTO,INE209B01025,EQ,127.40,127.40,123.48,125.70,127.39,757096,94846483.78,7018
NSE,RIIL,INE046A01015,EQ,744.00,747.80,736.00,743.75,749.70,34494,25562676.30,2180
NSE,RIR,INE302D01024,EQ,158.44,159.00,154.00,157.69,157.50,78631,12293052.43,2015
NSE,RISHABH,INE0N2P01017,EQ,690.00,753.00,685.85,746.00,695.70,1177885,866207377.80,41910
NSE,RITCO,INE01EG01016,EQ,297.30,306.45,294.65,303.80,300.30,49466,14875637.85,1954
NSE,RITES,INE320J01015,EQ,215.33,216.20,211.62,212.60,216.38,292047,62243158.68,7823
NSE,RKDL,INE722J01012,EQ,18.98,18.98,18.10,18.25,18.63,8523,155221.05,89
NSE,RKEC,INE786W01010,EQ,21.04,22.50,21.04,21.56,21.54,33170,724063.04,121
NSE,RKFORGE,INE399G01023,EQ,749.00,749.00,723.00,726.10,753.60,604068,443089514.35,18425
NSE,RKSWAMY,INE0NQ801033,EQ,92.87,93.00,90.51,92.14,90.58,19499,1791355.85,486
NSE,RMC,INE655V01019,EQ,232.41,232.82,220.05,221.42,232.45,83910,18854866.37,2799
NSE,RMDRIP,INE219Y01026,BE,21.80,22.00,21.00,21.06,21.77,326982,6903743.98,774
NSE,RML,INE050H01012,EQ,1111.20,1117.90,1100.00,1103.70,1117.20,9847,10899453.70,1165
NSE,RNBDENIMS,INE012Q01039,EQ,11.37,11.37,11.37,11.37,10.83,103008,1171200.96,146
NSE,ROHLTD,INE283H01019,EQ,298.05,302.40,295.40,296.80,297.40,10656,3177821.55,793
NSE,ROLEXRINGS,INE645S01024,EQ,175.55,178.00,171.56,173.01,178.68,1140921,199244439.61,17164
NSE,ROLLT,INE927A01040,BE,4.01,4.05,3.81,3.98,4.01,354271,1381446.55,298
NSE,ROML,INE294G01026,EQ,43.15,43.80,42.05,42.13,43.15,677,28891.99,43
NSE,ROSSARI,INE02A801020,EQ,477.00,481.95,470.00,476.20,476.55,47960,22788859.10,2644
NSE,ROSSELLIND,INE847C01020,EQ,57.80,59.15,56.75,58.58,58.13,57008,3301835.77,971
NSE,ROSSTECH,INE0OJW01016,EQ,1139.90,1159.40,1120.00,1134.00,1136.20,164242,186843138.30,10561
NSE,ROTO,INE535D01037,EQ,65.61,65.61,63.50,64.80,65.97,244904,15838881.66,3415
NSE,ROUTE,INE450U01017,EQ,501.10,507.60,495.50,499.70,501.95,115619,57769575.50,4359
NSE,RPEL,INE912T01018,EQ,1729.40,1785.00,1704.20,1774.60,1727.10,49856,87604161.50,7267
NSE,RPGLIFE,INE105J01010,EQ,2590.50,2591.30,2550.00,2564.90,2590.50,7011,18001077.80,884
NSE,RPOWER,INE614G01033,EQ,22.13,22.18,21.80,22.05,22.26,10033374,220918953.10,22056
NSE,RPPINFRA,INE324L01013,EQ,56.57,56.63,55.11,55.57,56.57,56432,3162704.42,670
NSE,RPPL,INE760W01023,BE,23.00,23.00,22.50,22.89,23.14,17997,407608.50,81
NSE,RPSGVENT,INE425Y01011,EQ,835.00,844.00,830.05,839.70,842.35,14547,12198148.85,720
NSE,RPTECH,INE0J1F01024,EQ,809.10,819.80,802.00,806.10,809.10,167976,136026712.90,10322
NSE,RRECL,INE0AK901016,EQ,134.15,139.90,131.05,138.85,134.15,539,71912.75,21
NSE,RRIL,INE951M01037,EQ,17.00,17.00,16.50,16.64,16.67,6550,109148.10,141
NSE,RRKABEL,INE777K01022,EQ,2869.50,2869.50,2618.00,2630.40,2869.80,1150212,3109218551.00,94716
NSE,RSDFIN,INE616F01022,BE,93.00,101.00,93.00,95.37,97.60,1895,180096.95,37
NSE,RSL,INE313L01016,EQ,177.00,180.95,175.15,178.98,176.74,159908,28528644.57,2079
NSE,RSSOFTWARE,INE165B01029,EQ,28.75,29.20,27.29,28.54,28.72,94746,2653017.08,539
NSE,RSWM,INE611A01016,BE,198.05,206.94,195.00,206.94,197.09,59644,12099150.78,457
NSE,RSYSTEMS,INE411H01032,EQ,252.00,255.95,248.20,253.96,255.74,333125,83871961.77,5644
NSE,RTNINDIA,INE834M01019,EQ,30.00,30.02,29.35,29.59,30.02,1119765,33096884.22,4778
NSE,RTNPOWER,INE399K01017,EQ,7.46,7.48,7.30,7.39,7.45,15138484,111642602.67,16142
NSE,RTSPOWR,INE005C01017,EQ,90.00,90.00,87.34,88.66,89.08,1028,90591.51,42
NSE,RUBFILA,INE642C01025,EQ,68.48,69.50,65.59,66.21,68.48,76795,5171489.02,981
NSE,RUBICON,INE506V01022,EQ,1822.20,1839.00,1799.70,1828.80,1822.20,123136,223844245.30,11549
NSE,RUBYMILLS,INE301D01026,BE,382.20,399.00,375.00,396.80,385.80,5981,2331570.35,104
NSE,RUCHINFRA,INE413B01023,EQ,5.65,5.68,5.31,5.53,5.68,46520,255432.71,214
NSE,RUCHIRA,INE803H01014,EQ,102.90,103.08,102.10,102.67,102.97,7739,795150.80,234
NSE,RUDRA,INE027T01023,EQ,21.21,21.21,20.25,20.72,20.79,45235,924104.09,151
NSE,RUPA,INE895B01021,EQ,145.67,145.68,142.40,143.15,145.38,80144,11508662.10,2911
NSE,RUSHIL,INE573K01025,EQ,16.31,16.50,16.00,16.09,16.24,156900,2530276.15,626
NSE,RUSTOMJEE,INE263M01029,EQ,376.05,385.00,370.60,379.15,376.05,31294,11851875.65,1137
NSE,RVHL,INE09E501017,EQ,40.79,41.34,38.16,39.28,39.24,2310,91663.14,67
NSE,RVNL,INE415G01027,EQ,207.00,207.00,203.83,206.00,208.38,3795701,779603834.34,43916
NSE,RVTH,INE0DAB01012,EQ,725.05,738.85,704.15,723.85,740.25,707,513046.15,71
NSE,S&SPOWER,INE902B01017,EQ,338.40,338.40,320.00,322.00,331.45,898,293145.40,61
NSE,SAATVIKGL,INE13B501022,EQ,416.60,421.15,412.55,417.25,420.50,32529,13563197.10,1403
NSE,SADBHAV,INE226H01026,EQ,8.43,8.43,7.90,8.07,8.03,711395,5922758.72,846
NSE,SADBHIN,INE764L01010,BE,2.58,2.66,2.51,2.58,2.58,76195,198068.95,157
NSE,SADHNANIQ,INE888C01040,BE,2.71,2.71,2.71,2.71,2.76,827739,2243172.69,326
NSE,SAFARI,INE429E01023,EQ,1534.00,1534.00,1490.70,1497.20,1530.90,27131,40964280.00,4909
NSE,SAGARDEEP,INE976T01013,EQ,23.76,24.00,23.60,23.66,23.76,2274,53889.55,35
NSE,SAGCEM,INE229C01021,EQ,157.00,158.54,155.00,155.63,157.03,29660,4641898.96,720
NSE,SAGILITY,INE0W2G01015,EQ,46.00,46.98,45.82,46.70,46.45,16448512,765184946.32,31521
NSE,SAHLIBHFI,INE861D01011,EQ,82.00,89.50,80.00,86.36,75.58,1697290,145411034.91,7128
NSE,SAHYADRI,INE280H01015,EQ,352.85,362.25,348.00,356.20,352.80,17544,6214398.70,810
NSE,SAICAPI,INE531X01018,EQ,144.10,146.30,140.00,140.00,148.15,863,122518.37,37
NSE,SAIL,INE114A01011,EQ,192.21,198.39,190.27,196.50,193.00,19458118,3781913739.80,81558
NSE,SAILIFE,INE570L01029,EQ,1518.10,1595.00,1509.00,1587.00,1518.10,2747154,4299305610.50,103444
NSE,SAIPARENT,INE0H9F01037,EQ,515.75,518.95,512.05,515.55,518.75,44100,22715277.55,1690
NSE,SAKAR,INE732S01012,EQ,993.00,1024.00,975.50,985.80,965.75,385693,382332078.05,19448
NSE,SAKHTISUG,INE623A01011,EQ,20.50,20.99,20.10,20.37,20.40,176853,3615083.21,1003
NSE,SAKSOFT,INE667G01023,EQ,154.22,154.44,149.33,150.38,154.22,387000,58406158.28,6331
NSE,SAKUMA,INE190H01024,EQ,1.62,1.64,1.57,1.60,1.62,1107702,1781208.98,1023
NSE,SALASAR,INE170V01027,EQ,5.84,5.84,5.58,5.65,5.84,7181900,40783708.14,6028
NSE,SALONA,INE498E01010,EQ,274.95,274.95,260.05,262.45,270.00,205,54361.40,31
NSE,SALSTEEL,INE658G01014,EQ,81.99,86.25,78.76,82.04,82.43,1174529,98346482.52,6632
NSE,SALZERELEC,INE457F01013,EQ,537.00,543.00,526.00,535.85,538.75,60215,32200347.10,2890
NSE,SAMBANDAM,INE304D01012,EQ,113.49,114.45,113.49,114.45,113.49,84,9585.00,5
NSE,SAMBHAAV,INE699B01027,EQ,6.00,6.20,5.73,6.00,5.98,9375,55968.20,88
NSE,SAMBHV,INE12NJ01018,EQ,126.60,128.55,125.12,126.18,126.93,914541,115487069.23,6300
NSE,SAMHI,INE08U801020,EQ,152.50,153.95,150.55,151.45,153.05,830168,125960113.52,13848
NSE,SAMMAANCAP,INE148I01020,EQ,146.40,153.40,144.50,152.31,147.14,10530796,1574615172.75,43778
NSE,SAMPANN,INE735M01018,EQ,24.90,24.90,24.10,24.33,24.59,14882,363911.23,142
NSE,SANATHAN,INE0JPD01013,EQ,439.10,444.85,425.05,434.00,440.25,60244,26156532.35,1826
NSE,SANDESH,INE583B01015,EQ,1079.90,1079.90,1038.20,1050.00,1059.40,1835,1944240.10,331
NSE,SANDHAR,INE278H01035,EQ,651.00,653.75,629.05,633.75,653.15,168187,107065896.60,7818
NSE,SANDUMA,INE149K01016,EQ,199.00,199.32,196.20,197.00,200.40,381024,75305702.62,7543
NSE,SANGAMIND,INE495C01010,EQ,583.75,586.90,565.10,569.80,586.65,65448,37484273.60,3520
NSE,SANGHVIMOV,INE989A01032,EQ,455.00,464.30,444.00,452.30,458.05,292649,132677165.95,13741
NSE,SANGINITA,INE753W01010,BE,60.00,61.69,55.85,57.20,58.76,2064599,122871951.74,1602
NSE,SANOFI,INE058A01010,EQ,3155.00,3186.00,3134.50,3157.40,3155.00,13872,43943960.50,4313
NSE,SANOFICONR,INE0UOS01011,EQ,4140.00,4220.30,4070.10,4182.40,4137.80,4642,19206913.80,1023
NSE,SANSERA,INE953O01021,EQ,3883.50,3925.50,3782.00,3810.60,3903.00,137509,525575282.00,23658
NSE,SANSTAR,INE08NE01025,EQ,106.79,110.50,105.55,109.91,107.36,157555,17185291.51,2591
NSE,SAPPHIRE,INE806T01020,EQ,230.00,230.38,224.18,228.21,229.96,683474,155339031.42,16060
NSE,SAPPL,INE185C01017,EQ,281.25,288.95,275.00,280.00,289.15,2539,705336.40,159
NSE,SARDAEN,INE385C01021,EQ,491.10,496.10,489.50,491.05,497.05,130326,64145897.50,6393
NSE,SAREGAMA,INE979A01025,EQ,491.35,491.35,476.15,477.30,493.75,358580,172796034.35,22056
NSE,SARLAPOLY,INE453D01025,EQ,103.81,103.81,101.50,102.46,103.81,36715,3752303.07,1082
NSE,SARVESHWAR,INE324X01026,EQ,3.34,3.36,3.30,3.34,3.33,908268,3024675.08,1322
NSE,SASKEN,INE231F01020,EQ,1902.50,1934.90,1870.00,1885.50,1904.30,15405,29011848.40,5106
NSE,SATIA,INE170E01023,EQ,57.03,57.49,56.45,57.12,57.06,36353,2070128.60,578
NSE,SATIN,INE836B01017,EQ,216.00,219.90,214.91,218.52,217.18,153677,33396929.25,3611
NSE,SAURASHCEM,INE626A01014,EQ,55.56,55.99,55.05,55.22,55.54,46410,2574104.28,805
NSE,SAYAJIHOTL,INE318C01014,EQ,313.95,313.95,303.00,303.00,316.00,12,3720.55,5
NSE,SAYAJIIND,INE327G01032,EQ,114.26,119.89,114.25,117.48,117.43,326,37266.99,8
NSE,SBC,INE04AK01028,EQ,42.23,43.00,42.00,42.81,42.04,7904399,335095934.22,6399
NSE,SBCL,INE386D01027,EQ,1032.50,1060.90,1025.00,1050.90,1047.90,240612,251561526.00,15211
NSE,SBFC,INE423Y01016,EQ,100.99,101.49,96.90,99.23,99.95,1753870,173012999.49,15611
NSE,SBGLP,INE05ST01028,EQ,24.94,24.94,22.59,23.29,24.33,37505,888500.08,234
NSE,SBICARD,INE018E01016,EQ,630.00,642.30,622.20,635.15,632.40,1969265,1242928086.65,28335
NSE,SBIFUNDS,INE640G01020,EQ,565.90,566.10,557.30,564.70,566.95,772367,434310390.60,25992
NSE,SBILIFE,INE123W01016,EQ,1730.00,1738.40,1716.00,1719.90,1739.30,671784,1158060561.10,34831
NSE,SBIN,INE062A01020,EQ,1026.00,1035.30,1017.30,1020.90,1034.50,13843678,14155674464.20,316338
NSE,SCANSTL,INE099G01011,BE,56.52,59.70,55.00,58.02,57.19,28324,1606739.14,139
NSE,SCHAEFFLER,INE513A01022,EQ,4000.00,4014.00,3944.10,3967.10,4000.20,47965,190567655.30,18582
NSE,SCHAND,INE807K01035,EQ,133.55,135.75,131.36,134.20,133.55,26812,3572661.83,749
NSE,SCHNEIDER,INE839M01018,EQ,1185.00,1185.00,1150.00,1169.50,1188.30,190208,221159954.10,16037
NSE,SCI,INE109A01011,EQ,285.50,298.75,282.60,288.20,287.50,4450212,1298361974.90,44545
NSE,SCILAL,INE0PB301013,EQ,39.90,39.98,39.20,39.47,40.03,179599,7101650.36,1296
NSE,SCODATUBES,INE090501011,EQ,130.62,131.46,127.24,128.61,130.29,121615,15654920.46,1407
NSE,SCPL,INE501Y01019,BE,631.00,648.00,622.25,637.20,644.00,6415,4097153.00,174
NSE,SDBL,INE480C01038,EQ,71.09,73.00,70.31,72.58,71.10,320158,22914643.56,2907
NSE,SEAMECLTD,INE497B01018,EQ,1670.70,1749.00,1663.10,1735.70,1678.80,168329,288912064.50,13368
NSE,SECMARK,INE0BTM01013,EQ,142.40,144.13,137.00,142.78,148.51,5992,844410.18,286
NSE,SECURKLOUD,INE650K01021,EQ,17.83,17.83,17.10,17.35,17.33,4671,81491.72,89
NSE,SEDEMAC,INE00XB01019,EQ,2954.00,2970.00,2845.60,2866.50,2988.60,226318,650566407.80,34896
NSE,SEIL,INE440T01028,EQ,199.50,205.20,196.66,201.56,200.50,644724,130993764.51,3663
NSE,SEJALLTD,INE955I01044,EQ,670.50,686.85,658.00,672.85,675.30,5960,4011802.50,637
NSE,SEKURITIND,INE068B01017,EQ,117.99,119.00,113.21,113.70,116.59,15293,1757935.06,268
NSE,SELMC,INE105I01020,EQ,27.10,28.20,26.56,27.43,27.11,5527,148852.22,74
NSE,SENCO,INE602W01027,EQ,351.00,351.95,342.70,348.60,352.75,564599,195871884.45,12948
NSE,SENORES,INE0RB801010,EQ,1454.70,1478.80,1440.20,1449.50,1454.70,170199,247501276.90,14364
NSE,SEPC,INE964H01014,EQ,5.37,5.55,5.26,5.43,5.37,9018965,48332763.83,4807
NSE,SERVOTECH,INE782X01033,EQ,78.58,79.90,77.05,79.47,78.58,308764,24280026.63,4049
NSE,SESHAPAPER,INE630A01024,EQ,232.85,232.85,227.50,229.67,232.52,37976,8773186.24,735
NSE,SETCO,INE878E01021,BE,17.67,18.35,17.15,17.51,17.67,43962,776811.32,144
NSE,SETL,INE0M4D01010,EQ,389.95,389.95,370.50,374.95,387.05,882005,332167451.45,16589
NSE,SEYAIND,INE573R01012,BE,12.17,12.25,12.05,12.25,12.17,3788,45944.86,28
NSE,SFL,INE916U01025,EQ,648.00,656.95,634.30,646.85,644.75,183379,118786560.00,17608
NSE,SGFIN,INE618R01015,EQ,682.35,687.55,666.25,674.60,682.30,116799,78661728.35,4680
NSE,SGIL,INE00QT01015,EQ,603.25,607.70,580.55,590.65,602.40,6679,3998144.75,290
NSE,SGL,INE353H01010,EQ,10.21,10.94,10.11,10.21,10.31,3454,35932.92,48
NSE,SGLRES,INE967B01028,EQ,2.42,2.43,2.31,2.33,2.42,12072,28159.33,44
NSE,SGMART,INE385F01024,EQ,837.55,845.10,821.30,827.20,835.05,112710,93783073.20,6906
NSE,SGRL,INE414Y01015,EQ,661.60,697.95,661.60,685.65,684.35,29477,19947353.05,2118
NSE,SHADOWFAX,INE12UN01015,EQ,257.40,257.40,251.50,253.55,257.20,1855864,470669462.25,22509
NSE,SHAH,INE482J01021,EQ,3.67,3.68,3.50,3.57,3.67,976261,3497698.96,839
NSE,SHAHALLOYS,INE640C01011,EQ,109.50,115.40,106.00,112.46,113.00,223823,25050773.91,2589
NSE,SHAILY,INE151G01028,EQ,3220.10,3287.50,3147.00,3172.50,3266.30,151078,481635004.70,20896
NSE,SHAKTIPUMP,INE908D01010,EQ,475.30,477.95,470.25,472.35,477.95,254955,120561029.95,12910
NSE,SHALBY,INE597J01018,EQ,154.25,155.01,148.22,151.33,153.65,95389,14445821.56,1971
NSE,SHALPAINTS,INE849C01026,BE,79.06,79.75,76.60,77.67,79.38,67729,5271332.36,375
NSE,SHANKARA,INE274V01019,EQ,147.00,148.48,145.41,147.33,146.59,85064,12486139.43,546
NSE,SHANKESH,INE1WFC01025,EQ,91.10,98.72,90.11,97.95,91.77,9301184,891559336.68,49300
NSE,SHANTI,INE933X01016,EQ,6.47,6.66,6.07,6.29,6.35,13911,87805.16,73
NSE,SHANTIGEAR,INE631A01022,EQ,530.00,535.00,520.00,529.85,530.65,71215,37617856.75,1825
NSE,SHANTIGOLD,INE06ZD01017,EQ,235.00,245.00,234.66,243.30,234.78,1230246,295140225.74,15357
NSE,SHARDACROP,INE221J01015,EQ,786.10,788.85,777.00,778.30,788.30,59207,46215860.90,5451
NSE,SHARDAMOTR,INE597I01028,EQ,888.25,890.50,869.20,875.70,884.30,33554,29434324.75,4702
NSE,SHARDUL,INE037B01020,BE,51.90,53.38,51.90,53.03,52.77,12696,671052.80,55
NSE,SHAREINDIA,INE932X01026,EQ,170.27,170.63,167.78,168.48,170.80,135258,22828167.41,1399
NSE,SHBAJRG,INE402H01015,EQ,162.98,162.99,153.15,155.07,158.49,5047,799627.60,143
NSE,SHEKHAWATI,INE268L01046,BE,15.95,15.95,15.19,15.30,15.98,10798,166285.89,60
NSE,SHEMAROO,INE363M01019,BE,122.36,127.89,122.36,126.78,126.16,7971,1009271.20,49
NSE,SHERVANI,INE011D01013,EQ,307.20,346.15,307.20,342.75,307.20,58,19879.50,8
NSE,SHILCTECH,INE024F01011,EQ,3994.00,4019.70,3942.00,3995.40,4014.40,17768,70863159.40,4237
NSE,SHILGRAVQ,INE960A01017,EQ,153.00,155.90,151.50,155.12,153.72,1033,159656.17,24
NSE,SHILPAMED,INE790G01031,EQ,889.00,930.85,887.05,928.55,889.70,1465404,1345123590.55,48025
NSE,SHINDL,INE220Z01013,EQ,162.59,168.96,159.11,160.68,162.21,311659,50182084.95,2301
NSE,SHIPROCKET,INE0FOO01011,EQ,134.80,137.77,131.70,133.82,134.25,7254180,973408147.87,39048
NSE,SHIVAAGRO,INE960E01019,EQ,39.70,40.97,37.00,40.80,40.84,1056,39292.04,17
NSE,SHIVACEM,INE555C01029,EQ,16.39,16.39,15.62,15.99,16.04,41292,659791.09,172
NSE,SHIVALIK,INE788J01021,BE,344.30,344.30,321.15,325.85,338.05,41241,13429363.80,672
NSE,SHIVAMAUTO,INE637H01024,EQ,18.37,18.37,17.53,17.85,17.94,41911,744617.72,146
NSE,SHIVAMILLS,INE644Y01017,EQ,60.80,62.10,59.61,61.15,62.34,534,32391.49,24
NSE,SHIVATEX,INE705C01020,EQ,177.44,184.90,175.98,180.51,178.33,6823,1225327.93,151
NSE,SHIVAUM,INE719F01016,EQ,483.90,483.90,423.05,448.20,448.35,109000,46935804.60,119
NSE,SHK,INE500L01026,EQ,148.50,149.16,145.53,148.37,148.67,594034,87780512.01,7990
NSE,SHOPERSTOP,INE498B01024,EQ,387.85,391.65,378.00,381.25,386.35,15781,6015402.00,914
NSE,SHRADDHA,INE311M01018,EQ,164.00,164.00,153.96,157.89,160.72,4640,728182.32,126
NSE,SHRADHA,INE715Y01031,EQ,31.85,32.00,31.55,31.63,31.85,5791,183632.36,36
NSE,SHREDIGCEM,INE232A01011,EQ,73.82,75.40,70.15,70.95,73.82,225107,16099288.07,3514
NSE,SHREECEM,INE070A01015,EQ,23450.00,23680.00,23060.00,23680.00,23490.00,17542,411978870.00,10406
NSE,SHREEJISPG,INE1B6101010,EQ,635.10,654.70,635.10,643.40,637.10,772101,499761575.30,9876
NSE,SHREEPUSHK,INE712K01011,EQ,464.45,477.20,455.75,468.05,464.45,71193,33343172.05,3780
NSE,SHREERAMA,INE879A01019,EQ,41.25,41.99,40.81,41.13,41.63,40231,1654714.49,602
NSE,SHREYANIND,INE231C01019,EQ,126.30,127.06,125.00,125.71,125.80,4428,556442.92,66
NSE,SHRIKRISH,INE997I01012,EQ,37.49,40.00,37.49,39.81,37.49,908,35577.79,16
NSE,SHRINGARMS,INE1B3L01017,EQ,215.97,218.39,213.60,216.23,215.97,144996,31395207.41,1870
NSE,SHRIPISTON,INE526E01018,EQ,4570.00,4613.00,4422.20,4600.40,4598.20,95112,430476707.30,13996
NSE,SHRIRAMFIN,INE721A01047,EQ,1048.00,1048.00,1026.10,1047.00,1059.10,6535021,6772146437.60,268363
NSE,SHRIRAMPPS,INE217L01019,EQ,76.00,76.41,75.11,75.68,76.13,245690,18554067.76,2492
NSE,SHRJAGP,INE564J01026,EQ,623.00,625.00,604.00,615.55,622.55,896,553298.55,84
NSE,SHUKRAPHAR,INE551C01044,EQ,44.52,47.24,44.52,46.79,44.43,2933344,135806585.30,7002
NSE,SHYAMCENT,INE979R01011,BE,5.19,5.19,4.85,5.02,4.95,40748,204102.67,77
NSE,SHYAMMETL,INE810G01011,EQ,1078.00,1079.90,1067.10,1072.60,1078.00,102401,109812813.30,5987
NSE,SHYAMTEL,INE635A01023,EQ,12.02,12.02,11.00,11.12,12.02,27921,311079.93,174
NSE,SICAGEN,INE176J01011,EQ,56.00,58.25,54.91,57.93,55.48,50178,2873798.20,466
NSE,SICALLOG,INE075B01020,BE,103.50,103.70,103.50,103.70,98.77,24246,2513957.60,58
NSE,SIEL,INE843L01012,EQ,33.31,33.31,30.90,32.50,32.50,423,13448.83,14
NSE,SIEMENS,INE003A01024,EQ,4024.90,4029.00,3966.20,4018.90,4030.00,263290,1053559468.60,27961
NSE,SIGACHI,INE0D0K01022,EQ,31.73,32.85,31.40,32.53,31.72,1728224,55680253.17,6818
NSE,SIGIND,INE529F01035,BE,68.80,72.50,68.80,71.58,70.09,26413,1875409.58,345
NSE,SIGMA,INE0A0S01028,EQ,47.50,47.50,46.41,46.85,47.29,54352,2547377.60,880
NSE,SIGMAADV,INE933B01012,BE,778.05,787.80,750.25,772.95,780.45,169732,130288539.20,3145
NSE,SIGNATURE,INE903U01023,EQ,772.30,773.10,760.15,765.30,777.20,177375,135725126.85,4863
NSE,SIGNPOST,INE0KGZ01021,EQ,252.30,255.00,241.00,242.70,252.30,164552,40383278.30,4477
NSE,SIKA,INE438E01032,EQ,1014.90,1014.90,977.55,987.40,995.40,16813,16702969.45,1902
NSE,SIKKO,INE112X01025,BE,5.11,5.34,4.92,5.19,5.11,515912,2634226.64,441
NSE,SIL,INE173A01025,EQ,20.00,20.10,19.25,19.67,19.77,58178,1145933.02,434
NSE,SILGO,INE01II01013,EQ,71.04,72.59,70.03,71.89,70.94,317809,22486422.59,1642
NSE,SILINV,INE923A01015,EQ,481.30,491.00,470.30,477.65,485.25,2397,1154808.75,256
NSE,SILLYMONKS,INE203Y01012,EQ,16.40,16.40,15.90,15.99,16.08,107,1721.59,18
NSE,SILVERTUC,INE625X01026,EQ,171.50,175.74,169.22,173.81,171.12,385462,66503980.98,6572
NSE,SIMPLEXINF,INE059B01024,EQ,256.60,267.80,252.55,265.20,256.60,109146,28687114.30,2195
NSE,SINCLAIR,INE985A01022,EQ,82.10,84.50,82.10,82.67,82.91,41291,3433463.52,852
NSE,SINDHUTRAD,INE325D01025,EQ,24.48,24.48,23.61,23.86,24.50,833375,19971180.68,1336
NSE,SINGERIND,INE638A01035,EQ,75.90,75.90,74.42,74.64,75.65,34572,2588825.00,429
NSE,SINTERCOM,INE129Z01016,EQ,78.40,78.50,76.31,76.54,78.30,1004,77381.70,40
NSE,SIRCA,INE792Z01011,EQ,431.00,433.80,427.00,431.25,431.00,174471,75136192.20,2506
NSE,SIS,INE285J01028,EQ,430.90,435.00,422.45,430.00,427.55,369279,158395481.15,8320
NSE,SIYSIL,INE076B01028,EQ,553.55,558.70,542.15,550.35,554.45,39032,21463103.25,3014
NSE,SJS,INE284S01014,EQ,2460.10,2460.10,2374.60,2403.80,2461.20,96297,231213694.00,16228
NSE,SJVN,INE002L01015,EQ,64.31,64.84,63.80,63.92,64.92,1760999,113047720.12,17776
NSE,SKFINDIA,INE640A01023,EQ,1532.00,1560.00,1508.00,1532.10,1531.60,28428,43390690.10,4171
NSE,SKFINDUS,INE2J8701016,EQ,2958.00,3082.90,2935.60,3039.20,2953.00,78757,238543611.00,22379
NSE,SKIPPER,INE439E01022,EQ,531.00,541.95,524.05,537.15,534.55,754042,402369116.10,16023
NSE,SKMEGGPROD,INE411D01023,EQ,262.20,266.60,258.90,261.75,262.20,186842,49072475.00,4686
NSE,SKYGOLD,INE01IU01018,EQ,777.00,780.25,747.00,753.10,778.25,1060004,802675998.30,40747
NSE,SKYWAYS,INE0PX301025,EQ,128.00,132.99,128.00,129.31,125.56,17596762,2291106917.94,121357
NSE,SMARTLINK,INE178C01020,BE,207.60,222.90,205.00,209.37,214.42,6540,1359332.77,95
NSE,SMARTWORKS,INE0NAZ01010,EQ,525.90,533.00,522.00,525.45,525.90,41047,21619074.90,5936
NSE,SMCGLOBAL,INE103C01036,EQ,79.85,79.90,78.31,79.37,79.65,263104,20842606.10,979
NSE,SMLMAH,INE294B01019,EQ,5400.00,5650.00,5300.00,5318.50,5412.50,157903,862517849.50,25747
NSE,SMLT,INE017W01010,EQ,64.20,67.00,64.00,64.61,65.61,8912,577914.22,175
NSE,SMSPHARMA,INE812G01025,EQ,367.00,376.00,362.10,373.05,368.25,176928,65565848.40,5466
NSE,SNOWMAN,INE734N01019,EQ,36.68,36.80,35.75,36.07,36.68,121902,4417404.27,1315
NSE,SOBHA,INE671H01015,EQ,1249.00,1249.90,1221.00,1230.10,1244.90,75521,92805314.70,10631
NSE,SOFTTECH,INE728Z01015,EQ,425.00,425.00,412.45,412.90,415.10,1513,627023.00,60
NSE,SOLARA,INE624Z01016,EQ,647.90,649.80,632.35,640.35,643.45,350170,224930426.80,14754
NSE,SOLARINDS,INE343H01029,EQ,19970.00,20610.00,19810.00,20600.00,20060.00,139030,2817552420.00,28669
NSE,SOLARWORLD,INE0TY101024,EQ,145.34,145.34,140.50,142.83,145.04,213492,30323327.30,4150
NSE,SOLEX,INE880Y01017,EQ,728.25,728.70,705.10,712.95,726.40,32821,23355741.50,2856
NSE,SOMANYCERA,INE355A01028,EQ,565.00,576.80,560.25,570.10,563.15,180890,102951974.25,9068
NSE,SOMATEX,INE314C01013,EQ,88.30,88.34,88.30,88.34,84.14,9355,826388.70,29
NSE,SOMICONVEY,INE323J01019,EQ,90.62,91.40,89.55,90.45,90.62,8346,751948.86,235
NSE,SONACOMS,INE073K01018,EQ,803.00,803.00,773.40,782.65,809.50,3609368,2818463467.45,75356
NSE,SONAL,INE321M01017,EQ,86.87,88.99,86.87,88.99,86.87,16,1417.48,3
NSE,SONAMLTD,INE00LM01029,EQ,70.49,72.43,68.63,71.44,70.59,212626,14968668.62,2456
NSE,SONATSOFTW,INE269A01021,EQ,288.00,290.95,282.00,289.30,289.00,813831,232878994.95,17224
NSE,SOTL,INE035D01020,EQ,780.95,797.00,735.00,752.60,771.40,5145071,3957087341.90,128528
NSE,SOUTHBANK,INE683A01023,EQ,45.75,45.95,45.39,45.74,45.91,5752468,262571258.81,15695
NSE,SOUTHWEST,INE980Y01015,EQ,208.53,208.53,204.81,206.38,208.60,61416,12652671.52,1355
NSE,SPAL,INE212I01016,EQ,1021.30,1085.00,1011.80,1072.40,1021.30,144792,153385424.20,12570
NSE,SPANDANA,INE572J01011,EQ,236.54,236.54,232.50,235.98,236.45,77756,18259928.39,2815
NSE,SPARC,INE232I01014,EQ,196.80,207.80,194.77,199.58,196.98,2409904,490051777.35,31553
NSE,SPCENET,INE970N01027,EQ,3.28,3.28,3.09,3.10,3.09,1503707,4729729.63,929
NSE,SPECIALITY,INE247M01014,BE,138.10,140.05,135.20,138.09,138.93,46224,6430203.06,171
NSE,SPECTRUM,INE01EO01010,BE,2100.00,2180.00,2072.20,2148.30,2135.80,6134,12961813.90,272
NSE,SPELS,INE252A01019,EQ,151.00,151.00,145.00,148.68,149.76,25327,3756644.39,1068
NSE,SPENCERS,INE020801028,EQ,29.10,29.61,28.40,28.51,28.89,36449,1049561.74,292
NSE,SPIC,INE147A01011,EQ,68.70,69.80,67.61,69.09,68.86,471117,32352415.60,3043
NSE,SPLIL,INE978G01016,EQ,31.52,32.69,30.65,31.45,31.65,7069,222143.23,99
NSE,SPLPETRO,INE663A01033,EQ,718.05,724.25,713.40,721.85,718.50,83706,60305446.75,6690
NSE,SPMLINFRA,INE937A01023,EQ,179.71,179.71,172.55,174.24,179.64,201362,35204778.75,3418
NSE,SPORTKING,INE885H01029,EQ,230.90,232.90,221.51,225.74,229.91,306220,69770150.17,7960
NSE,SRD,INE01NE01012,EQ,39.98,39.98,38.00,38.63,39.62,38691,1487426.40,321
NSE,SREEL,INE099F01013,EQ,247.32,264.40,247.32,253.70,249.74,19178,4876632.47,797
NSE,SRF,INE647A01010,EQ,2575.00,2598.40,2557.10,2598.40,2592.00,129379,333951502.50,12314
NSE,SRGHFL,INE559N01010,EQ,254.10,258.00,246.10,246.85,255.60,1741,440547.50,48
NSE,SRHHYPOLTD,INE917H01012,EQ,494.30,500.00,489.80,498.20,494.45,7917,3929316.65,449
NSE,SRIKPRIND,INE009C01019,EQ,27.10,30.42,27.00,30.42,25.35,221530,6444630.20,1684
NSE,SRM,INE0R6Z01013,EQ,447.00,462.40,434.95,458.30,447.30,100666,45667007.95,3979
NSE,SRTL,INE19GK01015,EQ,38.39,38.77,36.70,36.99,37.99,108713,4055252.90,507
NSE,SSDL,INE0PQ101010,EQ,56.23,57.08,55.94,56.03,56.23,12140,682625.21,323
NSE,SSWL,INE802C01033,EQ,353.25,355.90,338.40,349.70,357.25,4499959,1554594483.15,66435
NSE,STALLION,INE0RYC01010,BE,207.11,215.00,205.30,212.45,207.60,362563,76578198.87,3559
NSE,STANLEY,INE01A001028,EQ,137.72,137.72,134.01,135.41,137.72,48527,6594918.83,1353
NSE,STAR,INE939A01011,EQ,1009.40,1050.10,1009.40,1047.80,1024.20,327406,339138841.80,18259
NSE,STARCEMENT,INE460H01021,EQ,185.40,185.63,182.41,184.10,185.63,106376,19582340.25,2855
NSE,STARHEALTH,INE575P01011,EQ,554.30,567.25,551.00,562.95,560.40,246774,138253388.00,14998
NSE,STARPAPER,INE733A01018,EQ,152.00,152.00,145.50,147.16,150.26,6997,1039724.76,194
NSE,STARTECK,INE992I01013,EQ,249.15,249.15,245.35,247.90,249.30,25,6198.50,4
NSE,STCINDIA,INE655A01013,EQ,115.52,115.89,112.00,112.97,115.70,51290,5828601.65,725
NSE,STEELCAS,INE124E01038,EQ,340.00,342.55,327.00,330.75,339.85,61704,20710178.10,2662
NSE,STEELCITY,INE395H01011,EQ,84.78,84.78,82.00,82.31,83.12,5769,476037.53,124
NSE,STEELXIND,INE503B01021,EQ,10.68,10.73,10.50,10.61,10.56,2631091,27959274.49,1758
NSE,STEL,INE577L01016,EQ,631.55,631.55,598.00,601.45,623.10,2919,1774820.35,424
NSE,STERTOOLS,INE334A01023,BE,212.00,223.48,211.50,220.06,212.84,28250,6174303.16,464
NSE,STLNETWORK,INE1VXE01018,EQ,27.16,28.24,26.71,28.01,27.16,1379678,38177492.74,4446
NSE,STLSTRINF,INE205F01016,EQ,19.00,19.84,18.45,19.57,18.91,1251,24507.79,23
NSE,STLTECH,INE089C01029,BE,680.10,725.40,665.50,714.35,693.70,1724135,1214078095.45,62449
NSE,STOVEKRAFT,INE00IN01015,EQ,851.55,858.80,834.55,844.40,847.10,120280,101791161.45,7547
NSE,STUDDS,INE00Q601028,EQ,436.95,441.30,428.90,433.40,441.30,60119,25979140.35,2441
NSE,STYL,INE04VU01023,EQ,388.60,392.20,378.05,386.00,386.80,80614,31075831.75,3272
NSE,STYLAMIND,INE239C01020,EQ,3322.10,3417.70,3239.60,3264.80,3344.30,39966,131647339.70,8954
NSE,STYLEBAAZA,INE01FR01028,EQ,396.70,405.00,386.80,395.45,398.15,1012868,403013692.45,9937
NSE,STYRENIX,INE189B01011,EQ,2002.80,2038.00,1982.00,1990.80,2011.70,49695,99264066.60,7126
NSE,SUBEXLTD,INE754A01055,EQ,17.91,17.98,17.50,17.57,17.88,1683676,29784139.14,3623
NSE,SUBROS,INE287B01021,EQ,714.40,714.45,704.05,706.80,716.60,37033,26195071.50,2109
NSE,SUDARCOLOR,INE492A01029,EQ,378.70,395.00,378.40,388.75,379.00,5938,2281276.55,346
NSE,SUDARSCHEM,INE659A01023,EQ,1226.00,1252.80,1210.50,1245.80,1240.70,376056,464842297.60,19353
NSE,SUDEEPPHRM,INE0QPI01025,EQ,1245.00,1292.40,1221.20,1234.00,1230.90,344574,433756048.40,17683
NSE,SUKHJITS,INE450E01029,EQ,158.00,160.00,157.51,157.74,158.99,10837,1723620.72,122
NSE,SULA,INE142Q01026,EQ,148.40,149.00,145.71,148.36,148.65,207531,30564422.84,3304
NSE,SUMEDHA,INE886B01012,EQ,40.49,40.49,39.00,39.07,39.50,520,20306.61,7
NSE,SUMEETINDS,INE235C01036,EQ,11.45,11.56,11.09,11.34,11.67,2604502,29358597.91,2951
NSE,SUMICHEM,INE258G01013,EQ,513.95,513.95,499.45,505.15,514.20,151724,76577266.55,8872
NSE,SUMIT,INE748Z01013,EQ,50.20,50.90,49.96,50.68,50.92,17785,893795.20,398
NSE,SUMMITSEC,INE519C01017,EQ,1407.00,1422.30,1400.00,1413.30,1413.70,1347,1896565.10,239
NSE,SUNCLAY,INE0Q3R01026,EQ,1296.70,1296.70,1251.40,1272.60,1296.70,4019,5124230.80,585
NSE,SUNDARAM,INE108E01023,EQ,1.22,1.26,1.22,1.23,1.22,361250,448304.27,264
NSE,SUNDARMFIN,INE660A01013,EQ,4539.00,4614.90,4525.00,4557.20,4540.10,35627,162547018.90,12515
NSE,SUNDRMBRAK,INE073D01013,BE,750.00,761.30,740.20,748.00,768.00,875,657199.05,43
NSE,SUNDRMFAST,INE387A01021,EQ,1204.70,1215.40,1187.10,1200.70,1204.70,77604,92915532.40,8455
NSE,SUNDROP,INE209A01019,EQ,658.05,658.10,645.80,653.80,655.55,6378,4166630.20,680
NSE,SUNFLAG,INE947A01014,EQ,339.90,354.20,335.05,347.30,339.65,335900,116867089.25,6064
NSE,SUNLOC,INE671C01016,EQ,79.74,79.74,76.62,79.58,79.74,565,44562.41,24
NSE,SUNPHARMA,INE044A01036,EQ,1910.00,1948.50,1910.00,1931.70,1929.00,1245419,2404602172.20,86157
NSE,SUNRAKSHAK,INE671K01027,EQ,365.80,375.00,363.85,371.55,365.80,13513,5003573.45,240
NSE,SUNSHIEL,INE199E01014,EQ,1135.10,1179.00,1135.10,1150.00,1152.70,1386,1585751.90,116
NSE,SUNSHINE,INE1B3O01011,EQ,453.00,473.80,435.60,445.80,450.75,2415155,1104005781.00,30572
NSE,SUNTECK,INE805D01034,EQ,301.00,301.00,294.20,295.50,303.25,144955,43051164.95,3465
NSE,SUNTV,INE424H01027,EQ,460.05,462.75,455.25,460.60,462.15,270939,124400406.70,17270
NSE,SUPERHOUSE,INE712B01010,EQ,173.80,173.80,168.10,168.37,173.09,3375,572211.38,85
NSE,SUPERSPIN,INE662A01027,BE,6.68,6.84,6.45,6.51,6.52,24050,157810.24,38
NSE,SUPRAJIT,INE399C01030,EQ,506.55,509.70,497.00,501.30,506.45,116904,58553955.15,11357
NSE,SUPREME,INE822E01011,EQ,37.80,38.80,36.00,36.96,38.29,51447,1883703.31,501
NSE,SUPREMEIND,INE195A01028,EQ,3580.00,3584.10,3506.00,3530.60,3605.00,177650,627242626.00,25095
NSE,SUPREMEINF,INE550H01011,EQ,85.43,88.04,83.00,84.62,84.93,35271,2985954.84,832
NSE,SUPRIYA,INE07RO01027,EQ,803.00,849.50,800.00,841.20,803.15,960564,802475858.20,39470
NSE,SUPTANERY,INE460D01038,BE,16.21,16.21,14.67,14.67,15.44,663473,10408442.04,2211
NSE,SURAJEST,INE843S01025,EQ,189.01,190.79,188.00,189.94,191.51,78507,14875910.67,749
NSE,SURAJLTD,INE713C01016,EQ,205.00,207.90,203.50,204.15,206.01,25,5108.09,9
NSE,SURAKSHA,INE877V01027,EQ,336.35,344.55,336.35,340.35,340.80,117448,40056081.45,4774
NSE,SURANASOL,INE272L01022,EQ,26.39,26.62,25.85,26.07,26.26,31079,812790.76,380
NSE,SURANAT&P,INE130B01031,EQ,16.08,16.75,15.80,16.03,16.08,17916,288143.09,341
NSE,SURYALA,INE132C01027,EQ,419.75,419.75,389.00,414.95,387.00,3061,1242290.30,145
NSE,SURYALAXMI,INE713B01026,EQ,61.20,62.39,60.01,60.60,62.92,3224,195846.98,118
NSE,SURYAROSNI,INE335A01020,EQ,218.30,219.00,213.11,216.30,218.82,303758,65809992.25,7342
NSE,SURYODAY,INE428Q01011,EQ,151.00,152.95,149.08,151.81,151.06,150284,22708751.06,3549
NSE,SUTLEJTEX,INE645H01027,BE,39.20,39.50,38.50,38.77,39.44,25954,1004351.77,71
NSE,SUVEN,INE495B01038,EQ,379.00,387.95,370.10,372.85,381.60,556245,209739140.10,20470
NSE,SUVIDHAA,INE018401013,EQ,2.18,2.19,1.77,2.11,2.18,288944,582423.40,447
NSE,SUYOG,INE442P01014,EQ,737.75,751.50,721.00,731.35,736.70,19234,14163789.30,1376
NSE,SUZLON,INE040H01021,EQ,46.39,46.39,45.46,45.46,46.50,52679194,2405067310.66,114319
NSE,SVGLOBAL,INE159L01013,EQ,127.70,132.54,115.00,120.01,131.29,1146,140776.67,50
NSE,SVLL,INE00CE01017,BE,838.00,838.00,800.00,807.00,815.10,2150,1734669.15,98
NSE,SVPGLOB,INE308E01029,EQ,3.79,3.79,3.61,3.62,3.69,15878,57900.25,58
NSE,SWANCORP,INE665A01038,EQ,286.40,287.70,282.20,285.40,289.40,479500,136408036.90,10959
NSE,SWANDEF,INE542F01020,BE,2427.00,2480.00,2314.00,2444.70,2413.80,20462,49513141.50,656
NSE,SWARAJ,INE0GMR01016,BE,367.85,367.85,356.15,357.40,358.95,82430,29505363.35,315
NSE,SWARAJENG,INE277A01016,EQ,3537.70,3553.90,3501.00,3540.90,3537.70,7376,26050856.70,1839
NSE,SWARNSAR,INE967A01012,EQ,34.75,34.76,34.03,34.11,34.82,3122,107395.25,28
NSE,SWELECTES,INE409B01013,EQ,582.50,592.50,571.10,584.35,588.55,15634,9078261.80,1444
NSE,SWIGGY,INE00H001014,EQ,270.00,270.10,264.55,267.70,275.00,16995573,4534729640.30,190133
NSE,SWISSMLTRY,INE010C01025,EQ,15.99,16.36,15.51,15.89,15.93,51395,817137.81,300
NSE,SWSOLAR,INE00M201021,EQ,187.00,188.00,183.53,187.16,187.42,703828,130681811.84,9623
NSE,SYMBIOTEC,INE899I01028,EQ,1110.00,1161.00,1085.10,1092.80,1097.70,7998317,8961901059.20,278336
NSE,SYMPHONY,INE225D01027,EQ,575.75,575.75,564.00,567.75,574.40,56565,32121257.20,3082
NSE,SYNCOMF,INE312C01025,EQ,20.07,21.65,19.64,21.39,20.07,28986293,608480040.01,66540
NSE,SYNGENE,INE398R01022,EQ,400.00,403.95,397.10,398.60,402.05,593732,237582823.80,40804
NSE,SYRMA,INE0DYJ01015,EQ,1439.50,1457.50,1427.70,1434.00,1447.90,785469,1129229063.60,39054
NSE,SYSTMTXC,INE356B01024,BE,55.40,58.00,55.40,56.82,57.72,1376,78480.22,35
NSE,TAALTECH,INE524T01011,EQ,4210.00,4421.90,4210.00,4399.60,4449.50,3630,15807467.30,721
NSE,TAINWALCHM,INE123C01018,EQ,210.04,212.50,206.10,207.48,207.76,2536,527363.41,63
NSE,TAJGVK,INE586B01026,EQ,326.60,344.80,322.50,343.45,328.95,101607,34224575.75,4334
NSE,TAKE,INE142I01023,EQ,13.86,13.86,13.86,13.86,14.58,129454,1794232.44,306
NSE,TALBROAUTO,INE187D01029,EQ,410.55,417.00,405.00,407.40,410.80,74903,30683475.20,2953
NSE,TAMBOLIIN,INE864J01012,BE,248.00,253.00,248.00,253.00,253.05,1089,272139.20,20
NSE,TANAA,INE692C01020,EQ,289.95,290.00,280.50,281.50,290.55,8882,2517937.20,608
NSE,TANLA,INE483C01032,EQ,535.00,536.40,526.80,527.85,543.15,296338,157018782.85,12565
NSE,TARACHAND,INE555Z01020,EQ,47.70,48.00,46.55,47.63,47.69,49634,2353743.05,1368
NSE,TARAPUR,INE747K01017,EQ,13.65,13.65,12.67,13.04,13.36,37307,485718.93,232
NSE,TARC,INE0EK901012,EQ,121.21,122.23,118.81,121.29,122.49,872528,105062504.43,6182
NSE,TARIL,INE763I01026,EQ,307.15,307.20,301.00,302.00,308.90,992101,300202138.45,16761
NSE,TARMAT,INE924H01018,EQ,58.89,64.45,57.50,62.78,58.92,84089,5166350.32,1108
NSE,TARSONS,INE144Z01023,EQ,344.00,346.90,337.00,345.35,344.10,113735,38984769.75,4054
NSE,TASTYBITE,INE488B01017,EQ,9918.00,10050.00,9756.00,10008.00,9946.00,2420,24073797.00,793
NSE,TATACAP,INE976I01016,EQ,365.00,367.65,361.20,364.75,367.85,695696,253610594.15,18343
NSE,TATACHEM,INE092A01019,EQ,632.80,635.25,625.60,633.95,633.60,529669,334780433.35,19412
NSE,TATACOMM,INE151A01013,EQ,1733.00,1733.00,1692.20,1710.00,1733.80,505913,862875581.40,30530
NSE,TATACONSUM,INE192A01025,EQ,1025.50,1027.40,1008.30,1012.00,1030.50,1052859,1068613419.50,42929
NSE,TATAELXSI,INE670A01012,EQ,3608.10,3627.10,3535.00,3609.00,3638.00,181417,650365305.80,18484
NSE,TATAINVEST,INE672A01026,EQ,631.10,633.45,624.90,628.10,633.65,112437,70624511.00,7180
NSE,TATAPOWER,INE245A01021,EQ,349.00,364.00,347.15,364.00,350.55,12229632,4385488222.65,126007
NSE,TATASTEEL,INE081A01020,EQ,182.50,184.06,181.44,183.85,184.07,19496175,3566169254.13,164305
NSE,TATATECH,INE142M01025,EQ,814.95,818.70,795.00,813.25,814.95,947143,764042918.05,32563
NSE,TATVA,INE0GK401011,EQ,1605.00,1639.80,1563.60,1616.90,1605.00,41870,66826498.20,4990
NSE,TBOTEK,INE673O01025,EQ,1724.00,1729.00,1667.30,1700.00,1722.40,156687,267231222.00,18286
NSE,TBZ,INE760L01018,EQ,380.00,430.00,379.05,418.25,366.80,27976693,11277729164.40,405633
NSE,TCC,INE887D01016,EQ,227.44,238.33,225.55,233.31,227.44,267452,62420053.15,9614
NSE,TCI,INE688A01022,EQ,885.00,899.25,867.00,869.10,883.25,14924,13010804.75,3181
NSE,TCIEXP,INE586V01016,EQ,536.15,558.00,532.20,544.35,541.95,61910,33824238.30,4433
NSE,TCIFINANCE,INE911B01018,BE,15.05,15.25,15.05,15.20,15.25,7965,120481.36,61
NSE,TCPLPACK,INE822C01015,EQ,3858.80,4038.20,3826.00,4000.30,3860.20,12897,51192978.10,3388
NSE,TCS,INE467B01029,EQ,2347.90,2363.00,2303.50,2348.00,2369.00,2533005,5922881120.10,96240
NSE,TDPOWERSYS,INE419M01035,EQ,753.00,758.90,733.00,735.05,758.05,1116065,827897965.85,40311
NSE,TEAMGTY,INE289C01025,EQ,246.10,246.10,235.00,244.44,241.00,211,51467.57,15
NSE,TEAMLEASE,INE985S01024,EQ,1271.00,1274.00,1241.30,1252.70,1264.50,14205,17803157.70,1264
NSE,TECHM,INE669C01036,EQ,1630.00,1637.20,1604.50,1623.00,1638.00,1508528,2438897122.60,69222
NSE,TECHNOCRAF,INE1D0W01018,EQ,371.95,381.00,368.35,376.10,374.20,1206752,453378950.70,19526
NSE,TECHNOE,INE285K01026,EQ,971.50,977.80,958.35,969.95,976.35,78529,76067295.90,8752
NSE,TECHNVISN,INE314H01012,EQ,5055.00,5237.50,5020.50,5112.00,5282.00,181,927603.50,95
NSE,TECILCHEM,INE014B01011,EQ,9.95,11.10,9.74,9.89,9.74,120586,1232772.38,307
NSE,TEGA,INE011K01018,EQ,1560.00,1566.00,1534.60,1539.70,1570.50,60419,93373922.50,5221
NSE,TEJASNET,INE010J01012,EQ,536.00,553.50,532.00,548.85,541.90,2071490,1127033766.90,47274
NSE,TEMBO,INE869Y01028,EQ,55.80,57.85,55.50,56.67,56.03,4407998,249574900.60,7333
NSE,TEMPSENS,INE1KZI01025,EQ,536.00,589.00,535.05,566.30,539.05,15878807,9025753711.00,228251
NSE,TENNIND,INE19RI01016,EQ,525.00,526.35,497.80,519.80,525.20,2271705,1159935799.70,70529
NSE,TERAI,INE390D01011,EQ,134.60,134.60,123.00,133.98,129.48,367,48946.02,21
NSE,TERASOFT,INE482B01010,EQ,283.15,294.90,280.10,290.55,283.15,15985,4626615.40,686
NSE,TEXINFRA,INE435C01024,EQ,113.80,115.98,113.33,113.96,113.33,169201,19300706.83,1311
NSE,TEXMOPIPES,INE141K01013,EQ,45.06,46.49,45.06,45.67,45.93,17558,803198.27,329
NSE,TEXRAIL,INE621L01012,EQ,113.70,114.65,111.33,113.65,113.07,2481981,281131936.33,21524
NSE,TFCILTD,INE305A01023,EQ,141.07,147.65,140.75,146.14,141.07,14852059,2140673443.29,37383
NSE,TFL,INE804H01012,EQ,11.98,12.78,11.98,12.44,11.65,8146,100561.72,82
NSE,TGBHOTELS,INE797H01018,EQ,9.97,9.97,9.11,9.67,9.77,24199,226424.23,175
NSE,TGVSL,INE284B01028,EQ,103.64,104.48,102.60,103.35,103.24,72480,7498676.94,821
NSE,THACKER,INE077P01034,BE,1090.00,1090.00,1000.00,1000.00,1039.00,102,110550.00,5
NSE,THAKDEV,INE403F01017,EQ,154.40,154.40,138.05,138.09,142.00,1156,170057.03,72
NSE,THANGAMAYL,INE085J01014,EQ,5280.00,5430.00,5176.50,5238.00,5311.50,116329,612356722.00,16217
NSE,THEINVEST,INE924D01017,EQ,97.68,97.68,94.60,94.60,94.32,2915,280529.42,77
NSE,THEJO,INE121N01019,EQ,2066.00,2115.00,2054.90,2098.70,2075.40,2835,5900321.70,424
NSE,THELEELA,INE0AQ201015,EQ,570.00,575.00,560.05,569.90,575.35,151712,85915081.80,12198
NSE,THEMISMED,INE083B01024,EQ,123.37,127.95,122.21,124.15,123.57,107957,13557332.82,2012
NSE,THERMAX,INE152A01029,EQ,3888.00,3908.40,3740.20,3752.50,3913.20,134165,509201279.60,25121
NSE,THOMASCOOK,INE332A01027,EQ,105.90,109.51,104.16,106.09,105.71,1264084,134569728.53,11365
NSE,THOMASCOTT,INE480M01011,EQ,262.85,268.80,258.80,267.05,261.80,18552,4862478.40,1103
NSE,THYROCARE,INE594H01019,EQ,590.60,590.80,572.40,576.75,590.55,344774,199088902.15,20143
NSE,TI,INE133E01013,EQ,542.50,559.40,531.50,552.35,545.70,582156,316325620.65,15620
NSE,TICL,INE388G01026,BE,8.38,8.38,8.00,8.23,8.39,108161,876925.62,235
NSE,TIGERLOGS,INE906O01029,EQ,28.15,28.45,27.86,28.25,28.15,28811,811316.04,397
NSE,TIIL,INE545H01011,EQ,3262.00,3322.40,3234.10,3262.00,3267.50,40346,132078971.80,6761
NSE,TIINDIA,INE974X01010,EQ,2748.30,2748.30,2680.50,2720.00,2763.20,278336,752559873.30,34520
NSE,TIJARIA,INE440L01017,EQ,7.21,8.05,6.86,7.58,6.73,1007554,7792445.34,1848
NSE,TIL,INE806C01018,BE,227.10,236.00,227.10,233.34,230.67,41589,9677158.32,241
NSE,TIMETECHNO,INE508G01029,EQ,189.80,193.20,187.41,188.02,190.53,2037704,388469684.65,22255
NSE,TIMEX,INE064A01026,EQ,645.00,654.95,639.40,643.15,647.45,162126,104978467.15,11601
NSE,TIMKEN,INE325A01013,EQ,3164.60,3209.40,3112.00,3134.50,3209.60,52088,163681372.70,10673
NSE,TINNARUBR,INE015C01016,EQ,1019.00,1029.05,994.05,1020.05,1020.20,32493,32919709.15,3174
NSE,TIPSFILMS,INE0LQS01015,EQ,333.45,333.85,324.30,330.45,333.45,2364,777113.90,275
NSE,TIPSMUSIC,INE716B01029,EQ,641.05,641.95,628.20,631.45,643.50,220603,139603686.90,20991
NSE,TIRUMALCHM,INE338A01024,EQ,158.61,161.05,155.00,159.82,159.38,609306,96380733.12,7399
NSE,TIRUPATIFL,INE319Y01024,BE,67.50,68.65,66.00,66.33,68.13,146320,9783343.28,726
NSE,TITAGARH,INE615H01020,EQ,839.45,839.45,819.45,824.95,833.95,276233,228498009.85,17414
NSE,TITAN,INE280A01028,EQ,4972.00,5092.00,4971.50,5074.00,5050.00,812660,4072048067.00,105525
NSE,TMB,INE668A01016,EQ,905.00,916.00,895.05,906.60,908.10,123515,111938779.20,9266
NSE,TMCV,INE1TAE01010,EQ,460.00,461.15,444.60,447.45,464.35,11505564,5158708116.80,233403
NSE,TMPV,INE155A01022,EQ,307.70,312.95,305.65,312.75,310.00,6667459,2066999608.15,74203
NSE,TNPETRO,INE148A01019,EQ,134.33,138.00,132.12,133.73,132.35,4876318,654920554.59,36567
NSE,TNPL,INE107A01015,EQ,148.41,149.49,145.00,145.69,149.32,156122,22937531.79,3374
NSE,TNTELE,INE141D01018,EQ,9.18,9.18,8.83,9.00,9.00,23183,208175.08,109
NSE,TOKYOPLAST,INE932C01012,EQ,76.34,78.89,75.01,77.00,77.90,344,26381.08,18
NSE,TOLINS,INE0RWQ01014,EQ,93.00,93.00,91.41,91.91,93.67,53130,4892955.67,1361
NSE,TORNTPHARM,INE685A01028,EQ,4945.00,5012.00,4932.50,5012.00,4965.50,295518,1469205202.00,27541
NSE,TORNTPOWER,INE813H01021,EQ,1219.30,1267.70,1217.20,1248.90,1219.30,1313132,1645248182.20,77158
NSE,TOTAL,INE336X01012,EQ,68.50,70.20,66.20,69.06,66.70,5814,397443.47,200
NSE,TOUCHWOOD,INE486Y01013,EQ,59.60,59.60,58.10,58.13,59.79,659,38497.85,35
NSE,TOYAMSL,INE457P01020,EQ,0.64,0.64,0.62,0.63,0.62,284250,179905.03,123
NSE,TPHQ,INE065J01024,BE,0.59,0.59,0.57,0.57,0.57,1294758,760501.50,471
NSE,TPLPLASTEH,INE413G01022,EQ,71.60,72.50,70.00,71.04,72.07,110344,7855574.44,1311
NSE,TRACXN,INE0HMF01019,EQ,30.01,30.11,30.01,30.02,30.03,98120,2945402.41,317
NSE,TRANSCOR,INE330E01023,EQ,25.49,25.49,23.00,24.92,25.49,5464,128850.00,94
NSE,TRANSPEK,INE687A01016,BE,1420.00,1420.00,1356.00,1384.90,1422.80,2669,3698226.60,130
NSE,TRANSRAILL,INE454P01035,EQ,433.85,435.00,426.45,427.15,433.45,326335,139781521.55,11118
NSE,TRANSWORLD,INE757B01015,BE,166.35,166.35,166.35,166.35,169.74,3101,515851.35,40
NSE,TRAVELFOOD,INE103V01028,EQ,1270.50,1305.00,1251.10,1273.50,1270.50,102712,131184275.10,10573
NSE,TREEHOUSE,INE040M01013,EQ,6.48,6.98,6.05,6.12,6.35,13632,85434.13,88
NSE,TREJHARA,INE00CA01015,EQ,144.55,148.50,141.11,144.78,144.98,18416,2675513.82,734
NSE,TREL,INE0O3901029,EQ,27.90,27.90,26.34,26.96,27.15,128079,3485525.25,3425
NSE,TRENT,INE849A01020,EQ,2845.00,2873.00,2810.00,2852.30,2855.00,873641,2481956315.90,78702
NSE,TRF,INE391D01019,EQ,226.04,226.04,222.00,223.64,224.18,3808,850865.31,198
NSE,TRIDENT,INE064C01022,EQ,24.00,24.14,23.82,24.06,24.14,1848117,44356035.56,8975
NSE,TRIGYN,INE948A01012,EQ,60.50,60.87,58.71,59.36,61.45,37762,2261607.49,803
NSE,TRITONV,INE440G01017,EQ,1139.30,1143.60,1120.10,1124.40,1138.90,900,1019933.20,215
NSE,TRITURBINE,INE152M01016,EQ,578.50,581.85,562.20,565.20,578.50,367778,208514052.05,53455
NSE,TRIVENI,INE256C01024,EQ,279.85,285.70,277.25,282.60,277.95,1255483,354400483.15,25653
NSE,TRU,INE615R01029,EQ,4.00,4.10,3.91,4.07,4.05,97876,390668.18,198
NSE,TRUALT,INE0MWH01014,EQ,427.50,432.40,422.45,428.85,428.15,67695,28862435.35,2725
NSE,TSFINV,INE202Z01029,EQ,402.45,410.60,398.85,403.15,403.10,66092,26708700.90,5578
NSE,TTKHLTCARE,INE910C01018,EQ,1125.00,1155.00,1115.10,1131.50,1128.70,27903,31603913.90,3646
NSE,TTKPRESTIG,INE690A01028,EQ,579.70,593.95,571.95,586.25,579.75,41248,23923440.30,3813
NSE,TTL,INE592B01024,EQ,6.65,6.80,6.45,6.75,6.64,158754,1061462.02,384
NSE,TTML,INE517B01013,EQ,38.74,38.74,37.81,38.00,38.92,1754985,66752299.49,8014
NSE,TURTLEMINT,INE0OC301013,EQ,148.79,148.79,143.00,144.08,148.81,580456,84079579.93,8494
NSE,TUTIALKA,INE400A01014,EQ,60.38,61.60,55.00,61.55,59.20,27698,1675082.76,224
NSE,TVSELECT,INE236G01019,EQ,422.10,438.40,415.00,420.75,422.80,49562,21154474.45,3091
NSE,TVSHLTD,INE105A01035,EQ,13258.00,13258.00,12931.00,13045.00,13258.00,5389,70241811.00,2119
NSE,TVSMOTOR,INE494B01023,EQ,4168.00,4200.00,4064.90,4200.00,4203.00,1596164,6591941810.10,123634
NSE,TVSSCS,INE395N01027,EQ,125.00,125.45,122.51,124.39,124.99,466646,57920185.07,8480
NSE,TVSSRICHAK,INE421C01016,EQ,5448.00,5529.50,5351.00,5426.00,5525.50,15811,85951955.00,4018
NSE,TVTODAY,INE038F01029,EQ,110.01,112.48,110.01,112.12,111.46,18298,2037978.49,426
NSE,TVVISION,INE871L01013,BE,3.55,3.55,3.31,3.31,3.48,44121,148390.61,73
NSE,UBL,INE686F01025,EQ,1310.00,1310.00,1276.40,1282.60,1308.90,60937,78461906.50,9132
NSE,UCAL,INE139B01016,BE,146.00,149.45,145.52,148.11,146.87,12495,1843481.58,114
NSE,UCOBANK,INE691A01018,EQ,24.59,24.79,24.30,24.39,24.59,6678091,163416026.53,16197
NSE,UDAYJEW,INE551B01012,EQ,135.40,138.90,132.10,133.31,137.78,7761,1034717.23,140
NSE,UDS,INE851I01011,EQ,227.12,233.30,224.50,231.44,227.12,425241,97634216.45,9438
NSE,UEL,INE899L01030,EQ,214.99,219.15,208.72,219.15,208.72,47835,10304144.51,731
NSE,UFBL,INE382M01027,BE,672.50,727.65,658.55,727.25,693.00,129643,91894677.05,1932
NSE,UFLEX,INE516A01017,EQ,646.70,723.50,639.05,701.80,645.05,2479035,1714577439.80,75073
NSE,UFO,INE527H01019,EQ,65.20,65.86,64.50,65.38,64.87,25203,1647864.08,419
NSE,UGARSUGAR,INE071E01023,EQ,53.15,55.80,52.05,55.01,53.15,562806,30785562.73,5287
NSE,UGROCAP,INE583D01011,EQ,84.85,85.50,84.04,85.10,84.92,70643,5999270.73,1210
NSE,UJJIVANSFB,INE551W01018,EQ,65.37,65.49,61.40,63.64,65.36,49431916,3098859056.97,201228
NSE,ULTRACEMCO,INE481G01011,EQ,11350.00,11398.00,11180.00,11393.00,11400.00,228820,2576095014.00,40436
NSE,ULTRAMAR,INE405A01021,EQ,430.10,447.00,425.90,441.35,428.10,182999,80524440.55,6507
NSE,UMAEXPORTS,INE0GIU01018,BE,25.00,25.00,24.94,24.94,25.44,11520,287316.30,49
NSE,UMESLTD,INE240C01028,EQ,4.89,5.04,4.80,4.88,4.91,15908,77717.13,102
NSE,UMIYA-MRO,INE398B01018,EQ,99.78,104.79,96.00,97.39,98.88,67934,6782453.74,938
NSE,UNICHEMLAB,INE351A01035,EQ,556.90,579.50,554.40,559.65,556.35,155387,88196906.55,7756
NSE,UNIDT,INE961D01019,BE,221.50,226.80,213.10,221.27,222.20,4597,1006003.93,77
NSE,UNIECOM,INE00U401027,EQ,87.30,88.22,85.10,85.83,87.71,213694,18473741.13,2497
NSE,UNIENTER,INE037A01022,EQ,95.86,95.86,93.20,93.74,95.39,2151,202638.53,67
NSE,UNIINFO,INE481Z01011,EQ,11.55,11.55,10.82,11.45,11.38,2283,25959.15,33
NSE,UNIMECH,INE0U3I01011,EQ,1470.50,1473.90,1421.20,1451.90,1475.10,141142,204112578.00,11140
NSE,UNIONBANK,INE692A01016,EQ,183.50,186.86,182.50,186.86,184.90,9420048,1740754951.02,60376
NSE,UNIPARTS,INE244O01017,EQ,888.95,915.00,878.00,886.35,901.15,222773,199035542.75,17072
NSE,UNITDSPR,INE854D01024,EQ,1459.00,1470.00,1446.30,1469.50,1470.00,878500,1281700112.60,23986
NSE,UNITECH,INE694A01020,EQ,3.80,3.80,3.72,3.74,3.78,3663595,13768493.44,1861
NSE,UNITEDPOLY,INE368U01029,EQ,37.65,38.45,37.00,38.04,36.91,44043,1669922.75,358
NSE,UNITEDTEA,INE458F01011,EQ,445.50,451.90,441.00,442.95,447.50,2143,953828.05,125
NSE,UNIVASTU,INE562X01013,BE,151.53,160.71,146.10,160.70,153.06,203175,32200993.77,791
NSE,UNIVCABLES,INE279A01012,EQ,1625.00,1682.00,1618.40,1628.00,1644.60,87261,143375020.50,10406
NSE,UNIVPHOTO,INE03V001013,BE,440.15,450.00,440.00,445.00,444.60,417,186069.60,13
NSE,UNOMINDA,INE405E01023,EQ,1270.00,1272.00,1228.30,1236.00,1274.40,1278381,1584329669.50,42163
NSE,UPHOT,INE726E01014,EQ,1459.00,1459.00,1459.00,1459.00,1461.80,2,2918.00,2
NSE,UPL,INE628A01036,EQ,562.95,580.70,560.25,578.45,567.10,4050279,2318491294.15,32639
NSE,URAVIDEF,INE568Z01015,BE,119.70,124.91,119.20,124.05,118.97,17249,2138340.19,276
NSE,URBANCO,INE0CAZ01013,EQ,166.97,173.84,166.40,171.84,167.63,6821540,1159232333.07,56500
NSE,URJA,INE550C01020,EQ,9.18,9.18,8.95,9.03,9.03,745016,6718083.47,2148
NSE,USHAMART,INE228A01035,EQ,500.00,508.35,498.05,501.60,499.60,1857600,934591747.50,22177
NSE,USK,INE0N0Y01013,EQ,21.00,21.09,20.51,20.60,20.88,9356,194212.26,122
NSE,UTIAMC,INE094J01016,EQ,877.00,880.15,870.75,877.00,879.50,415847,364513037.25,5064
NSE,UTKARSHBNK,INE735W01017,EQ,14.81,14.95,14.60,14.77,14.88,3974860,58662112.88,4365
NSE,UTLSOLAR,INE12UR01024,EQ,437.15,451.50,430.80,434.40,439.15,250798,110560877.00,11684
NSE,UTTAMSUGAR,INE786F01031,EQ,296.20,306.60,290.35,292.55,296.30,256268,76305683.70,7584
NSE,UYFINCORP,INE152C01025,BE,19.90,19.90,19.05,19.30,19.84,96462,1874992.80,218
NSE,V2RETAIL,INE945H01021,EQ,220.11,221.05,217.01,218.16,221.25,483602,105646756.44,9615
NSE,VADILALIND,INE694D01016,EQ,7728.50,7728.50,7474.00,7559.50,7757.00,23667,179340017.50,6407
NSE,VADILENT,INE693D01018,EQ,10444.00,10444.00,10000.00,10019.00,10217.00,27,271554.00,20
NSE,VAIBHAVGBL,INE884A01027,EQ,218.00,218.75,214.42,214.79,218.45,215191,46498784.22,10946
NSE,VAISHALI,INE972X01022,EQ,8.03,8.35,7.81,8.06,8.03,80519,656622.28,238
NSE,VAKRANGEE,INE051B01021,EQ,5.76,5.81,5.50,5.76,5.80,851507,4864870.53,1604
NSE,VALIANTLAB,INE0JWS01017,BE,92.58,96.13,92.58,96.13,91.56,296583,28421518.94,393
NSE,VALIANTORG,INE565V01010,BE,288.20,301.10,285.00,301.10,286.80,58968,17542003.95,425
NSE,VAML,INE1CDF01017,EQ,433.35,438.70,428.30,437.10,434.65,6114791,2655918221.20,91863
NSE,VARDHACRLC,INE116G01013,BE,43.10,43.63,42.70,42.70,43.22,12692,545654.21,108
NSE,VARDMNPOLY,INE835A01029,EQ,5.93,6.05,5.90,5.98,5.99,64616,384802.93,360
NSE,VARROC,INE665L01035,EQ,865.80,865.80,812.25,824.40,877.00,535517,445117285.45,26595
NSE,VASCONEQ,INE893I01013,EQ,30.50,30.70,29.93,30.11,30.52,251078,7579423.30,1008
NSE,VASUPRADA,INE574G01013,EQ,97.20,97.20,97.20,97.20,97.00,3,291.60,3
NSE,VASWANI,INE590L01019,EQ,48.70,49.46,47.20,47.82,49.13,10414,501093.52,195
NSE,VBL,INE200M01039,EQ,400.60,416.95,400.50,415.00,405.85,7804640,3215699604.55,79950
NSE,VCL,INE098201036,BE,1.82,1.83,1.74,1.74,1.83,706068,1259351.30,225
NSE,VEDAVAAG,INE359B01010,EQ,18.50,18.86,18.01,18.28,18.32,12389,227969.92,70
NSE,VEDL,INE205A01025,EQ,272.00,272.00,267.75,270.70,274.00,7580567,2042023080.00,90506
NSE,VEDPOWER,INE694L01019,EQ,34.75,35.07,34.22,34.72,34.83,9127321,315634423.16,33022
NSE,VEEDOL,INE484C01030,EQ,1489.80,1496.80,1465.10,1473.70,1489.80,7185,10628354.60,1382
NSE,VELJAN,INE232E01013,BE,1824.60,1835.00,1781.00,1803.10,1801.00,447,814572.70,51
NSE,VENKEYS,INE398A01010,EQ,1654.00,1682.00,1640.10,1659.00,1649.00,70557,116947917.80,6819
NSE,VENTIVE,INE781S01027,EQ,595.00,595.00,575.00,578.80,593.30,17395,10105182.40,1697
NSE,VENUSPIPES,INE0JA001018,EQ,1601.10,1650.90,1580.00,1605.00,1606.70,100592,162641729.40,10012
NSE,VENUSREM,INE411B01019,BE,1600.90,1650.00,1571.10,1620.90,1600.90,25245,40838995.10,1124
NSE,VERANDA,INE0IQ001011,EQ,241.00,248.60,239.10,243.92,242.94,247127,60454689.28,2711
NSE,VERTOZ,INE188Y01031,EQ,36.60,38.95,36.60,38.59,37.72,49065,1888274.67,408
NSE,VESUVIUS,INE386A01023,EQ,416.05,416.70,411.25,412.90,416.05,31174,12894139.45,2628
NSE,VETO,INE918N01018,BE,127.99,127.99,123.30,126.02,126.05,13200,1660672.95,124
NSE,VGCL,INE761Q01015,EQ,54.98,57.71,52.27,53.59,54.99,9221,494926.45,51
NSE,VGL,INE273D01027,EQ,57.50,58.58,56.05,57.12,57.02,7793,448137.16,189
NSE,VGUARD,INE951I01027,EQ,343.05,345.40,338.05,341.20,343.05,517815,177003803.30,12883
NSE,VHL,INE701A01023,EQ,3568.40,3613.70,3500.10,3570.40,3568.40,748,2664238.50,157
NSE,VHLTD,INE048C01025,BE,116.57,117.41,114.80,115.25,115.42,13990,1614699.27,58
NSE,VIDHIING,INE632C01026,EQ,350.10,350.10,342.00,342.90,354.35,13344,4597548.65,528
NSE,VIDYAWIRES,INE14UN01029,EQ,91.10,91.27,88.01,88.51,91.24,724958,64698852.02,6901
NSE,VIJAYA,INE043W01024,EQ,1499.00,1530.00,1475.00,1481.10,1499.00,146439,219449894.40,16502
NSE,VIJIFIN,INE159N01027,BE,15.95,15.95,15.95,15.95,15.64,28993,462438.35,41
NSE,VIJSOLX,INE362D01010,EQ,677.90,690.00,677.90,689.00,676.70,74,50286.70,11
NSE,VIKASECO,INE806A01020,EQ,1.10,1.10,1.08,1.09,1.09,1168495,1274057.08,857
NSE,VIKASLIFE,INE161L01027,EQ,1.25,1.27,1.23,1.26,1.25,1995003,2486199.12,8401
NSE,VIKRAMSOLR,INE078V01014,EQ,169.45,170.00,166.64,169.15,169.67,1166360,196766709.37,11690
NSE,VIKRAN,INE01R501028,EQ,57.73,57.94,56.80,57.68,57.84,594959,34209322.62,3998
NSE,VIMTALABS,INE579C01029,EQ,666.65,666.65,644.00,655.35,661.75,301111,197370794.20,11381
NSE,VINATIORGA,INE410B01037,EQ,1311.00,1325.30,1301.00,1313.80,1315.40,26348,34482895.70,2933
NSE,VINCOFE,INE498Q01014,EQ,176.80,176.94,172.07,175.56,176.85,2162670,377612753.14,40541
NSE,VINDHYATEL,INE707A01012,EQ,2540.00,2750.00,2540.00,2737.10,2576.70,192191,518057004.40,20065
NSE,VINEETLAB,INE505Y01010,EQ,38.95,38.95,36.31,37.57,37.95,67674,2553754.32,598
NSE,VINNY,INE01KI01027,EQ,1.04,1.05,1.02,1.03,1.04,332495,343861.60,209
NSE,VINYLINDIA,INE250B01029,EQ,226.00,229.88,225.00,225.18,230.21,5548,1256694.30,452
NSE,VIPCLOTHNG,INE450G01024,EQ,19.81,20.34,19.80,20.23,19.97,57213,1146093.38,104
NSE,VIPIND,INE054A01027,EQ,302.75,305.50,300.45,304.40,303.75,185156,56225159.45,3047
NSE,VIPULLTD,INE946H01037,BE,14.55,14.55,14.55,14.55,14.84,1096,15946.80,18
NSE,VIRAT,INE467D01017,EQ,460.00,460.00,435.00,437.80,441.65,2254,994103.75,104
NSE,VIRINCHI,INE539B01017,EQ,14.63,16.00,14.00,14.75,14.53,148532,2220564.82,483
NSE,VIRTUALG,INE247C01023,EQ,0.48,0.49,0.45,0.46,0.46,859494,401277.92,228
NSE,VISACHROME,INE286H01012,EQ,40.99,40.99,38.25,38.54,40.18,39349,1522722.90,250
NSE,VISAKAIND,INE392A01021,EQ,89.01,90.00,87.19,87.84,89.09,178763,15755532.90,2961
NSE,VISHAL,INE755Q01025,EQ,19.00,19.49,18.86,18.96,19.15,29604,563824.03,118
NSE,VISHNU,INE270I01022,EQ,662.65,673.90,655.20,659.55,661.75,114032,75691481.05,4842
NSE,VISHWARAJ,INE430N01022,EQ,5.85,6.04,5.73,5.87,5.94,447461,2637814.23,883
NSE,VISL,INE1CLE01013,EQ,35.49,37.25,35.01,37.15,35.48,31066046,1132236215.26,42331
NSE,VITAL,INE0L4K01016,EQ,52.50,54.75,52.50,54.50,54.75,206,11223.85,8
NSE,VIVIANA,INE0MEG01014,BE,743.95,754.90,715.00,750.40,740.55,17022,12589889.95,420
NSE,VIVIDHA,INE370E01029,EQ,0.51,0.51,0.48,0.50,0.50,291889,146556.25,167
NSE,VIVIMEDLAB,INE526G01021,BE,6.67,6.67,6.67,6.67,6.80,29304,195457.68,27
NSE,VIVOBIOT,INE380K01017,EQ,18.98,18.98,17.76,18.21,18.30,4252,77529.93,65
NSE,VIYASH,INE807F01027,EQ,260.90,262.65,256.30,259.10,262.30,3330249,864645753.70,24519
NSE,VLEGOV,INE03HW01020,BE,10.37,10.69,9.90,10.42,10.23,60749,627955.89,225
NSE,VLSFINANCE,INE709A01018,EQ,244.80,245.00,243.00,244.32,243.09,5204,1268198.53,154
NSE,VMART,INE665J01013,EQ,850.30,853.35,830.35,849.95,850.30,35124,29526350.15,3896
NSE,VMM,INE01EA01019,EQ,106.55,109.49,105.21,108.57,106.55,13754007,1488562071.60,71165
NSE,VMSTMT,INE0SJA01013,EQ,45.45,46.75,44.08,45.57,45.23,92983,4233924.13,424
NSE,VOEPL,INE0I0T01010,EQ,551.45,564.10,537.00,548.55,551.45,65132,35600884.55,2364
NSE,VOGL,INE704J01044,EQ,37.80,39.06,37.46,38.57,37.78,33253547,1275745742.43,49595
NSE,VOITHPAPR,INE285C01015,EQ,1421.20,1472.00,1410.00,1466.00,1452.90,423,606427.60,55
NSE,VOLTAMP,INE540H01012,EQ,10782.00,10846.00,10605.00,10682.00,10782.00,21874,234576976.00,9237
NSE,VOLTAS,INE226A01021,EQ,1199.90,1199.90,1151.00,1152.10,1205.00,1981487,2304682873.30,72502
NSE,VPRPL,INE0AE001013,EQ,32.80,36.00,32.36,35.15,32.89,1627741,57228057.02,9898
NSE,VRAJ,INE0S2V01010,EQ,126.20,126.20,122.21,122.41,124.88,10291,1265658.96,328
NSE,VRLLOG,INE366I01010,EQ,299.00,303.70,294.00,299.85,299.85,178174,53510950.35,10606
NSE,VSSL,INE050M01012,EQ,354.85,369.90,345.55,362.10,354.85,106991,38134470.90,3802
NSE,VSTIND,INE710A01016,EQ,208.00,208.21,206.00,207.59,208.00,79441,16443797.32,2676
NSE,VSTL,INE0QTF01015,EQ,111.83,114.10,109.00,113.76,111.83,20067,2275993.47,351
NSE,VSTTILLERS,INE764D01017,EQ,4155.90,4206.20,4149.00,4164.60,4208.50,8804,36722707.20,2204
NSE,VTL,INE825A01020,EQ,598.00,602.90,584.25,587.45,602.30,990696,583418652.40,25694
NSE,VTMLTD,INE222F01029,EQ,58.12,59.30,57.25,57.73,59.43,14672,857049.25,154
NSE,WAAREEENER,INE377N01017,EQ,2569.50,2617.20,2552.50,2581.10,2588.00,741486,1918706294.30,42444
NSE,WAAREEINDO,INE866K01023,EQ,267.95,273.70,261.20,264.95,268.10,51929,13928324.95,1642
NSE,WAAREERTL,INE299N01021,EQ,863.05,871.90,847.55,853.25,863.80,108714,92653414.70,8773
NSE,WABAG,INE956G01038,EQ,2013.90,2013.90,1948.90,1987.80,2013.90,294457,581742210.60,20073
NSE,WAKEFIT,INE0E7301029,EQ,153.66,157.50,150.08,152.47,152.92,2880004,443106843.65,29036
NSE,WALCHANNAG,INE711A01022,EQ,208.91,208.91,204.20,206.09,210.01,405493,83783065.40,6737
NSE,WANBURY,INE107F01022,EQ,254.00,254.00,243.15,245.00,254.40,116224,28718577.55,2598
NSE,WARDINMOBI,INE945P01024,EQ,5.94,5.96,5.60,5.74,5.89,460492,2667115.06,1065
NSE,WATERBASE,INE054C01015,EQ,48.02,48.96,47.00,47.31,48.02,13651,651610.56,204
NSE,WCIL,INE0CJF01024,EQ,85.79,85.79,84.03,84.28,84.90,57609,4874985.90,1383
NSE,WEALTH,INE658T01017,EQ,853.00,853.00,828.75,846.60,854.20,2362,1995232.55,248
NSE,WEBELSOLAR,INE855C01023,EQ,73.70,75.90,73.08,73.86,74.50,3031926,225403042.07,17003
NSE,WEIZMANIND,INE080A01014,EQ,75.00,75.00,74.00,74.78,74.90,153,11455.50,13
NSE,WEL,INE02WG01024,EQ,78.48,83.21,75.11,75.98,80.84,5897220,459464389.25,33658
NSE,WELCORP,INE191B01025,EQ,2561.60,2592.00,2510.00,2523.50,2553.60,2258642,5753122863.70,103967
NSE,WELENT,INE625G01013,EQ,707.50,745.00,698.15,741.70,705.55,1021703,744739618.10,30576
NSE,WELINV,INE389K01018,BE,2213.00,2213.00,2140.00,2145.10,2170.10,459,1009265.10,24
NSE,WELSPLSOL,INE731F01037,EQ,50.93,53.59,50.70,53.22,50.83,612747,32132562.74,3891
NSE,WELSPUNLIV,INE192B01031,EQ,199.00,200.96,195.60,200.01,198.41,3448721,686579657.43,31162
NSE,WENDT,INE274C01019,EQ,8100.00,8100.00,7970.50,7991.50,8105.00,4494,36037270.00,1285
NSE,WESTLIFE,INE274F01020,EQ,549.50,552.00,541.40,547.55,553.90,28617,15627569.60,2837
NSE,WEWIN,INE082W01014,EQ,43.85,43.99,42.60,42.76,43.90,1077,46394.50,37
NSE,WEWORK,INE085001019,EQ,673.55,673.55,658.05,661.10,675.65,65155,43309777.35,4854
NSE,WHBRADY,INE855A01019,EQ,497.00,497.00,497.00,497.00,497.00,2,994.00,1
NSE,WHEELS,INE715A01015,EQ,1541.80,1564.90,1523.10,1544.30,1541.80,100218,154758193.00,7511
NSE,WHIRLPOOL,INE716A01013,EQ,794.00,807.50,787.45,800.20,801.15,163297,130485607.55,17216
NSE,WILLAMAGOR,INE210A01017,EQ,24.70,24.70,24.05,24.69,23.74,705,17207.05,18
NSE,WINDLAS,INE0H5O01029,EQ,1017.80,1110.00,1003.05,1096.60,1008.35,1564975,1694732741.00,67874
NSE,WINDMACHIN,INE052A01021,EQ,304.40,309.00,303.10,305.05,307.50,24441,7480863.00,752
NSE,WIPL,INE215F01023,EQ,162.63,165.00,162.62,162.99,162.05,224,36627.82,10
NSE,WIPRO,INE075A01022,EQ,180.00,180.39,176.80,177.09,181.70,12056634,2144279105.16,101352
NSE,WOCKPHARMA,INE049B01025,EQ,1846.20,1911.00,1838.00,1904.30,1850.60,684958,1282248757.10,34385
NSE,WONDERLA,INE066O01014,EQ,543.95,543.95,524.75,529.55,536.25,66709,35475762.65,3471
NSE,WORTHPERI,INE196Y01018,EQ,153.00,157.43,151.16,155.55,154.50,3491,541751.70,155
NSE,WPIL,INE765D01022,EQ,436.20,441.95,432.00,440.05,439.15,30472,13318742.65,1470
NSE,WSI,INE100D01014,EQ,61.90,61.90,59.50,61.04,60.98,15759,958261.64,361
NSE,WSTCSTPAPR,INE976A01021,EQ,651.45,651.45,622.75,629.05,653.60,309218,195352154.95,13052
NSE,XCHANGING,INE692G01013,EQ,60.35,60.97,60.00,60.84,60.31,44176,2679603.84,510
NSE,XELPMOC,INE01P501012,EQ,78.50,80.96,78.50,80.62,79.34,3321,266503.74,95
NSE,XPROINDIA,INE445C01015,EQ,1134.00,1330.20,1110.00,1285.60,1135.80,1517669,1940195742.10,76454
NSE,XTGLOBAL,INE547B01028,EQ,30.99,30.99,29.50,29.73,30.74,37394,1118654.82,495
NSE,XTRANET,INE0NG701011,EQ,186.30,207.41,184.81,193.68,187.34,3941896,782863030.90,54534
NSE,YASHO,INE616Z01012,EQ,4265.00,4265.00,4102.00,4129.50,4269.80,20753,86369357.30,5242
NSE,YATHARTH,INE0JO301016,EQ,971.00,991.80,962.20,966.50,974.80,242009,235910616.20,13530
NSE,YATRA,INE0JR601024,EQ,113.00,115.14,110.41,114.15,113.89,2681062,304335547.93,19286
NSE,YESBANK,INE528G01035,EQ,22.00,22.15,21.82,22.15,22.10,44781892,983985896.15,67910
NSE,YOGI,INE290E01011,EQ,163.90,163.90,155.00,155.05,162.95,622,97743.75,13
NSE,YUKEN,INE384C01016,EQ,975.00,990.00,951.05,967.25,972.05,12576,12256400.75,800
NSE,ZAGGLE,INE07K301024,EQ,184.05,185.10,180.65,184.33,184.42,846978,154625603.26,9419
NSE,ZEEL,INE256A01028,EQ,92.85,93.34,90.20,90.57,93.41,18542223,1697332763.43,62501
NSE,ZEELEARN,INE565L01011,BE,7.21,7.49,7.21,7.36,7.42,238149,1753343.69,340
NSE,ZEEMEDIA,INE966H01019,EQ,8.25,8.60,8.05,8.23,8.28,2384037,19437983.79,2212
NSE,ZENITHEXPO,INE058B01018,EQ,204.00,207.99,204.00,204.07,214.00,854,174691.53,22
NSE,ZENITHSTL,INE318D01020,EQ,5.35,5.38,5.22,5.29,5.30,51372,271191.95,188
NSE,ZENSARTECH,INE520A01027,EQ,469.95,470.15,460.00,460.55,472.95,470784,218255316.00,15270
NSE,ZENTEC,INE251B01027,EQ,1776.90,1842.40,1749.10,1829.10,1780.70,433929,783087826.20,30314
NSE,ZFCVINDIA,INE342J01019,EQ,2544.00,2585.00,2503.00,2572.20,2547.80,86753,221663280.80,15403
NSE,ZFSTEERING,INE116C01012,EQ,668.00,671.90,666.00,667.10,665.90,1632,1090268.45,118
NSE,ZIMLAB,INE518E01015,EQ,117.94,136.90,116.30,133.95,117.94,680389,89365425.28,8053
NSE,ZODIAC,INE761Y01019,EQ,240.02,245.47,236.41,240.30,239.89,4540,1091078.31,337
NSE,ZODIACLOTH,INE206B01013,EQ,72.43,73.00,72.22,72.49,73.04,1913,138729.86,65
NSE,ZOTA,INE358U01012,EQ,1028.00,1085.00,1022.00,1078.00,1028.10,86014,90698881.60,4080
NSE,ZSARACOM,INE967G01019,EQ,10436.00,10949.00,10301.00,10437.00,10702.00,60,629733.00,38
NSE,ZUARI,INE840M01016,EQ,226.01,226.95,222.30,222.86,231.42,151094,33797851.72,4452
NSE,ZUARIIND,INE217A01012,EQ,269.15,274.45,268.00,270.80,269.60,42621,11529417.45,1870
NSE,ZYDUSLIFE,INE010B01027,EQ,1168.40,1173.90,1147.00,1154.20,1167.80,1377441,1588872984.90,36804
NSE,ZYDUSWELL,INE768C01028,EQ,525.00,539.10,523.80,534.60,528.80,179000,95059963.55,16259
