exchange,symbol,isin,series,open,high,low,close,prev_close,volume,value,trades
BSE,1STCUS,INE609B01018,X,71.00,74.00,69.80,74.00,74.00,288,20301.00,15
BSE,20MICRONS,INE144J01027,B,182.80,184.65,180.85,183.00,179.40,5313,974617.00,264
BSE,21STCENMGM,INE253B01015,B,33.06,33.06,32.25,32.99,32.90,492,15938.00,19
BSE,360ONE,INE466L01038,A,1068.55,1098.95,1058.85,1095.60,1063.15,16219,17445327.00,1838
BSE,3BBLACKBIO,INE994E01018,B,1263.75,1270.35,1241.00,1250.00,1251.80,944,1184781.00,82
BSE,3BFILMS,INE0TE101010,MT,25.80,25.80,23.70,24.89,24.67,453000,11261850.00,63
BSE,3IINFOLTD,INE748C01038,B,17.22,17.49,16.96,17.20,17.04,43389,744889.00,331
BSE,3MINDIA,INE470A01017,A,31540.00,31690.05,31246.45,31542.80,31182.60,294,9229087.00,80
BSE,3PLAND,INE105C01023,B,30.43,32.49,30.43,32.49,32.33,106,3417.00,5
BSE,5PAISA,INE618L01018,B,307.40,310.55,305.30,309.85,303.25,3230,998888.00,105
BSE,63MOONS,INE111B01023,A,643.95,663.40,643.95,661.15,642.55,8596,5659411.00,477
BSE,7NR,INE413X01035,XT,5.55,5.74,5.55,5.64,5.64,26059,146788.00,92
BSE,7SEASL,INE454F01010,X,73.75,79.00,73.75,78.09,74.05,14597,1135505.00,103
BSE,7TEC,INE856B01023,X,39.75,40.79,38.55,40.62,39.33,18631,746560.00,175
BSE,A1L,INE911Z01025,B,8.50,8.50,8.49,8.50,8.10,2626865,22320991.00,1855
BSE,A2ZINFRA,INE619I01012,B,14.85,14.85,13.12,14.25,14.04,26044,357224.00,105
BSE,AAATECH,INE0D0U01013,B,98.72,98.98,96.95,98.59,98.09,865,84332.00,98
BSE,AADHARHFC,INE883F01010,A,460.95,476.00,459.00,473.90,454.00,37198,17424688.00,2077
BSE,AADIIND,INE563D01013,X,9.30,9.30,9.30,9.30,9.30,1324,12313.00,14
BSE,AAIL,INE864E01021,X,88.05,90.60,88.00,89.60,88.00,2924,258710.00,30
BSE,AANCHALISP,INE322R01022,XT,71.27,71.27,71.27,71.27,67.88,26,1853.00,6
BSE,AAREYDRUGS,INE198H01019,T,76.40,79.53,76.40,78.90,77.00,206,16366.00,5
BSE,AARNAV,INE750R01016,B,24.73,24.73,24.71,24.71,24.73,257,6350.00,3
BSE,AARTECH,INE01C001026,B,41.01,42.06,41.00,41.63,41.39,2205,91513.00,229
BSE,AARTIDRUGS,INE767A01016,B,372.90,374.95,368.00,372.80,368.00,4539,1682561.00,226
BSE,AARTIIND,INE769A01020,A,430.50,442.00,427.95,440.50,427.40,15629,6805296.00,735
BSE,AARTIPHARM,INE0LRU01027,A,627.65,643.45,626.15,641.25,621.75,6710,4274761.00,278
BSE,AARTISURF,INE09EO01013,B,366.25,370.85,357.95,370.85,359.45,172,63225.00,28
BSE,AASTAFIN,INE819K01014,X,30.10,34.05,30.10,32.12,31.48,712,23270.00,35
BSE,AAVAS,INE216P01012,A,1367.80,1443.35,1349.65,1403.50,1320.10,113318,158190083.00,3786
BSE,AAYUSH,INE430R01023,X,29.49,29.50,28.35,28.98,28.32,118725,3429089.00,756
BSE,AAYUSHBULL,INE777X01017,M,1178.00,1189.30,1177.50,1184.50,1180.45,109375,129423581.00,670
BSE,ABANSENT,INE365O01028,T,26.16,27.80,25.60,25.82,26.85,2099,54778.00,18
BSE,ABATEAS,INE454E01013,X,10.40,10.66,10.21,10.52,10.43,17461,183047.00,111
BSE,ABB,INE117A01022,A,6786.00,6843.35,6723.05,6766.10,6723.00,11347,76961491.00,2619
BSE,ABBOTINDIA,INE358A01014,A,26030.10,26431.55,25975.00,26272.05,26073.95,528,13831770.00,378
BSE,ABCAPITAL,INE674K01013,A,341.10,359.40,341.10,357.95,336.55,65173,22892963.00,1518
BSE,ABCINDQ,INE125D01011,X,65.63,65.63,62.68,63.12,65.66,965,61607.00,24
BSE,ABCOTS,INE08PH01015,B,202.90,211.65,201.10,210.05,198.70,120210,24758077.00,3038
BSE,ABDL,INE552Z01027,A,615.00,647.10,609.85,644.75,608.35,299334,187540220.00,3828
BSE,ABFRL,INE647O01011,A,58.98,60.08,58.65,59.96,58.24,107434,6398479.00,1390
BSE,ABHICAP,INE516F01016,X,114.20,114.20,113.65,113.95,113.50,8,911.00,5
BSE,ABHIFIN,INE723C01015,XT,51.50,55.00,51.45,55.00,54.15,778,40059.00,5
BSE,ABHIINFRA,INE281P01016,X,8.67,8.67,8.45,8.45,8.26,5,42.00,3
BSE,ABINFRA,INE00YB01025,B,9.10,10.93,9.10,10.89,9.11,199283,2018113.00,525
BSE,ABIRAFN,INE195I01013,Z,35.00,35.72,34.02,35.72,34.02,2145,75999.00,16
BSE,ABLBL,INE14LE01019,B,96.75,98.65,96.45,98.30,95.40,43109,4193925.00,652
BSE,ABMKNO,INE850B01026,B,205.00,213.00,203.55,210.90,215.00,970,200296.00,56
BSE,ABREL,INE055A01016,A,1188.95,1226.40,1182.00,1198.40,1182.65,22721,27279335.00,1826
BSE,ABRIL,INE15MX01014,M,35.00,38.50,35.00,38.50,35.00,6000,217000.00,3
BSE,ABSLAMC,INE404A01024,A,1069.70,1118.80,1069.70,1100.25,1067.90,48766,53802673.00,2591
BSE,ABVL,INE485K01022,X,5.97,6.00,5.40,5.73,5.75,469959,2698949.00,542
BSE,ACC,INE012A01025,A,1310.00,1343.00,1309.50,1334.50,1304.55,223395,293882890.00,1386
BSE,ACCEDERE,INE578B01015,X,56.02,65.00,56.02,65.00,60.55,1628,100936.00,34
BSE,ACCEL,INE258C01038,X,12.75,13.45,12.70,13.15,12.95,2552,33169.00,30
BSE,ACCELERATE,INE0POP01017,M,102.00,102.00,102.00,102.00,103.60,640,65280.00,1
BSE,ACCELYA,INE793A01012,B,1121.30,1122.80,1105.20,1120.80,1107.15,226,252664.00,77
BSE,ACCORDTS,INE132201018,M,59.47,59.59,58.10,59.38,56.79,90000,5313660.00,29
BSE,ACCURACY,INE648Z01023,B,5.72,5.72,5.27,5.48,5.48,15382,84030.00,82
BSE,ACE,INE731H01025,A,903.00,934.50,897.50,931.15,892.20,94524,86674432.00,4283
BSE,ACEALPHA,INE0S9X01011,M,115.05,125.75,115.05,123.40,119.00,36000,4384550.00,20
BSE,ACEMEN,INE023R01018,X,97.50,97.50,92.00,97.01,96.00,323,30523.00,41
BSE,ACESOFT,INE849B01010,X,113.70,119.95,113.00,117.80,113.65,25102,2940484.00,150
BSE,ACFSL,INE218P01018,MT,39.58,39.58,39.58,39.58,37.70,1200,47496.00,1
BSE,ACGL,INE451C01013,B,2115.00,2199.00,2114.95,2140.70,2071.95,4016,8708576.00,424
BSE,ACHYUT,INE0K1401020,B,6.69,6.75,6.03,6.50,6.61,193607,1248287.00,330
BSE,ACI,INE128X01021,A,535.00,553.20,529.85,542.95,532.95,13711,7499955.00,675
BSE,ACIIN,INE167B01025,X,1.17,1.20,1.15,1.19,1.17,28991,34052.00,137
BSE,ACKNIT,INE326C01017,X,275.05,298.75,273.95,293.95,288.95,324,90314.00,12
BSE,ACL,INE666E01020,B,55.29,55.29,51.85,52.71,52.50,275,14534.00,40
BSE,ACLD,INE0T3401029,M,149.10,153.65,149.10,152.35,148.90,14400,2193510.00,23
BSE,ACME,INE636B01011,Z,30.69,30.69,30.49,30.49,29.26,65,1984.00,7
BSE,ACMESOLAR,INE622W01025,A,337.10,347.00,334.50,335.60,334.45,153226,51829019.00,2664
BSE,ACROW,INE950D01012,X,813.20,890.00,813.20,850.00,854.00,22,18932.00,4
BSE,ACSTECH,INE366C01021,B,41.49,41.49,39.04,39.78,39.52,50489,2022271.00,321
BSE,ACTIVE,INE380Z01015,B,132.45,133.50,127.65,128.45,127.65,2843,372068.00,54
BSE,ACUTAAS,INE00FF01025,A,3180.20,3191.00,3074.75,3146.45,3129.00,27278,85360083.00,2852
BSE,ADANIENSOL,INE931S01010,A,1500.60,1508.15,1477.05,1487.20,1466.50,104670,156082933.00,4671
BSE,ADANIENT,INE423A01024,A,2957.85,2970.90,2887.50,2920.25,2908.15,134846,393739191.00,7271
BSE,ADANIGREEN,INE364U01010,A,1483.15,1493.45,1456.00,1485.10,1454.10,217662,321310732.00,6982
BSE,ADANIPORTS,INE742F01042,A,1805.00,1817.70,1778.70,1813.30,1787.30,117352,211237309.00,6692
BSE,ADANIPOWER,INE814H01029,A,217.95,223.85,216.40,222.90,215.65,2179316,478899946.00,13931
BSE,ADARSHPL,INE627D01016,X,29.50,30.94,29.00,30.55,29.50,4447,134836.00,12
BSE,ADCINDIA,INE833A01016,XT,2385.10,2432.80,2385.10,2432.80,2385.10,3655,8880445.00,83
BSE,ADCON,INE805Q01028,X,0.50,0.50,0.48,0.49,0.50,243645,119799.00,146
BSE,ADCOUNTY,INE0W1601012,M,102.00,103.00,100.00,100.90,100.15,30400,3072960.00,34
BSE,ADDIND,INE757C01021,X,98.00,98.00,85.00,85.80,90.93,944,83322.00,50
BSE,ADFFOODS,INE982B01027,B,280.05,284.60,275.75,282.50,273.25,5211,1462331.00,138
BSE,ADHBHUTIN,INE578L01014,X,14.00,14.70,14.00,14.58,14.00,493,7228.00,4
BSE,ADINATH,INE207C01019,XT,20.72,21.00,20.00,20.60,20.72,198,4032.00,14
BSE,ADISHAKTI,INE0CWK01019,M,13.30,13.50,12.99,13.33,12.50,250000,3325900.00,16
BSE,ADITYA,INE570B01012,X,9.29,9.29,9.00,9.19,9.29,10558,96099.00,15
BSE,ADITYASP,INE122D01026,X,15.20,15.20,14.42,14.93,15.13,1052,15544.00,24
BSE,ADL,INE0CHO01012,B,70.00,70.00,68.22,68.22,69.00,31,2129.00,6
BSE,ADMACH,INE0XLO01010,MT,299.95,299.95,289.10,289.10,289.20,1800,528630.00,3
BSE,ADMANUM,INE556D01017,X,62.94,62.94,58.70,59.99,60.76,5317,319193.00,47
BSE,ADOR,INE045A01017,B,1136.15,1169.00,1129.20,1164.60,1109.60,1350,1557769.00,215
BSE,ADROITINFO,INE737B01033,B,10.09,10.20,8.74,9.31,9.48,5874,53913.00,48
BSE,ADSL,INE102I01027,B,117.00,118.00,115.25,117.05,114.20,6578,763446.00,169
BSE,ADTECH,INE257C01014,X,57.93,61.91,55.05,60.96,57.72,4597,267029.00,42
BSE,ADVAIT,INE0ALI01010,B,2275.30,2365.00,2273.75,2307.15,2217.20,10199,23708629.00,1058
BSE,ADVANCE,INE1B0W01010,B,98.45,99.95,95.80,99.00,96.35,11686,1151533.00,96
BSE,ADVANIHOTR,INE199C01026,B,53.50,53.50,51.24,52.34,50.37,1561,81662.00,66
BSE,ADVENTHTL,INE28GN01010,B,118.15,130.95,118.10,129.90,121.15,27381,3448116.00,848
BSE,ADVENZYMES,INE837H01020,B,368.90,371.55,365.20,369.85,361.70,2066,761048.00,131
BSE,ADVIKCA,INE178T01024,X,1.28,1.33,1.28,1.31,1.31,632682,822266.00,351
BSE,ADVLIFE,INE900E01015,X,29.99,29.99,27.33,28.12,28.76,1924,53241.00,23
BSE,AEGISLOG,INE208C01025,A,959.90,975.95,913.35,944.55,927.75,1912968,1817725259.00,38233
BSE,AEGISVOPAK,INE0INX01018,B,209.30,218.75,202.95,218.15,198.90,161339,34417032.00,2579
BSE,AEIM,INE072B01027,X,106.95,109.35,105.00,107.55,105.90,37806,4045708.00,620
BSE,AEL,INE829P01020,X,109.00,109.00,106.00,108.30,106.25,5980,644882.00,87
BSE,AEONXDIGI,INE994D01010,X,127.95,127.95,115.50,120.40,122.05,796,95929.00,11
BSE,AEPL,INE757T01025,B,16.00,16.32,15.85,16.17,15.85,182,2898.00,8
BSE,AEQUS,INE947N01017,B,177.05,185.00,177.05,182.75,176.35,193320,35339745.00,2275
BSE,AEROENTER,INE065D01027,B,104.14,111.93,104.13,109.61,102.97,67144,7321118.00,694
BSE,AEROFLEX,INE024001021,B,419.00,449.70,419.00,448.50,408.85,272168,119271711.00,3862
BSE,AERONEU,INE035801013,B,86.00,86.46,84.58,85.21,86.00,477,40934.00,66
BSE,AERPACE,INE175N01023,X,26.40,26.59,24.61,25.02,25.38,404870,10410748.00,661
BSE,AETHER,INE0BWX01014,A,1131.95,1160.00,1131.95,1143.85,1127.75,4704,5409051.00,288
BSE,AFCOM,INE0OXY01013,M,903.20,949.90,888.00,945.60,892.30,195000,180443550.00,937
BSE,AFCONS,INE101I01011,A,318.40,327.70,316.95,326.05,317.65,110623,35475730.00,2097
BSE,AFEL,INE663P01015,Z,1.85,1.85,1.73,1.78,1.82,24775,43635.00,54
BSE,AFFLE,INE00WC01027,A,1454.50,1469.85,1401.20,1447.15,1437.35,18511,26439840.00,2401
BSE,AFFORDABLE,INE692Z01013,T,177.00,178.55,172.60,178.50,177.20,3230,571135.00,23
BSE,AFIL,INE916Y01027,T,9.65,10.24,9.65,10.04,9.89,61519,616982.00,76
BSE,AFLTD,INE18HI01019,M,48.75,49.30,47.50,47.75,45.81,54000,2604300.00,16
BSE,AFSL,INE00ZE01026,B,201.90,201.90,201.00,201.00,201.00,332,66757.00,14
BSE,AGARIND,INE204E01012,B,461.95,491.95,459.20,484.80,448.55,9711,4658857.00,363
BSE,AGARWAL,INE510B01018,X,21.70,21.70,21.70,21.70,21.70,150,3255.00,2
BSE,AGARWALEYE,INE943P01029,A,446.70,446.70,439.00,440.10,439.85,2894,1277046.00,205
BSE,AGI,INE415A01038,A,617.80,647.40,617.80,644.85,617.85,23716,15129396.00,1116
BSE,AGIIL,INE976R01033,B,372.85,376.60,365.90,372.40,367.95,36904,13751812.00,1160
BSE,AGIOPAPER,INE112C01011,X,3.80,3.80,3.61,3.61,3.80,6,21.00,2
BSE,AGOL,INE05FR01029,B,4.00,4.10,4.00,4.07,4.02,458191,1850396.00,594
BSE,AGRIBIO,INE679E01015,X,291.95,297.80,288.05,292.00,288.05,6056,1790312.00,47
BSE,AGRITECH,INE449G01018,T,117.00,122.50,117.00,119.70,116.95,758,90474.00,19
BSE,AGVENTURES,INE321D01016,X,122.65,128.00,122.40,126.35,122.40,9922,1243803.00,122
BSE,AHCL,INE0Y8W01025,B,15.28,15.39,14.40,15.08,14.98,650556,9692233.00,1045
BSE,AHLEAST,INE926K01017,B,156.00,158.35,153.00,153.00,152.60,4814,753798.00,103
BSE,AHLUCONT,INE758C01029,B,798.85,800.60,783.95,798.50,787.90,7127,5651645.00,499
BSE,AHLWEST,INE915K01010,T,298.35,298.35,298.35,298.35,284.15,152,45349.00,4
BSE,AHMDSTE,INE868C01018,XT,159.95,160.95,151.55,159.00,157.90,77,11765.00,8
BSE,AIAENG,INE212H01026,A,4361.70,4382.35,4302.00,4330.70,4322.65,7633,33142786.00,871
BSE,AICHAMP,INE768E01024,X,36.15,36.51,35.00,36.05,35.01,788,27935.00,19
BSE,AIHL,INE342U01016,X,37.06,37.06,37.06,37.06,39.01,10,370.00,1
BSE,AIIL,INE206F01022,A,469.00,547.40,468.90,528.40,459.35,501525,262419319.00,12139
BSE,AIKPIPES,INE0QFT01015,MT,21.86,23.50,21.85,23.50,23.00,6400,141192.00,6
BSE,AIMCOPEST,INE008B01013,X,55.92,55.92,53.00,53.40,54.56,800,42815.00,23
BSE,AIML,INE123D01024,X,1.71,1.82,1.68,1.80,1.70,374719,659086.00,200
BSE,AIRAN,INE645W01026,B,15.46,16.85,15.46,16.15,16.06,3341,54141.00,41
BSE,AIRFLOA,INE0XBS01012,M,315.95,323.00,312.30,320.05,306.20,113500,36136050.00,193
BSE,AJANTPHARM,INE031B01049,A,3199.30,3199.30,3111.55,3129.35,3140.05,23782,74237364.00,857
BSE,AJANTSOY,INE601B01023,X,21.84,22.48,20.31,21.22,21.75,23601,506055.00,229
BSE,AJAXENGG,INE274Y01021,B,571.45,573.60,540.05,550.05,546.85,6943,3848307.00,252
BSE,AJCJEWEL,INE0XRR01010,M,99.50,103.50,99.00,103.50,99.00,4800,481500.00,4
BSE,AJCON,INE759C01027,X,6.26,6.27,5.95,6.03,5.94,3395,20711.00,25
BSE,AJMERA,INE298G01035,B,113.00,122.25,113.00,121.15,111.40,47659,5639441.00,640
BSE,AJWAFUN,INE863E01015,P,31.45,31.45,31.00,31.00,31.45,3200,99290.00,5
BSE,AKCAPIT,INE701G01012,B,1735.00,1740.00,1690.00,1690.00,1681.50,12,20780.00,3
BSE,AKI,INE642Z01026,B,4.98,4.98,4.70,4.88,4.74,5645,27181.00,35
BSE,AKSHAR,INE256Z01025,B,0.44,0.46,0.44,0.46,0.45,50752,23133.00,57
BSE,AKSHARCHEM,INE542B01011,B,221.70,221.70,205.40,207.45,202.45,943,196461.00,107
BSE,AKSHOPTFBR,INE523B01011,T,6.92,7.11,6.92,7.11,7.06,230670,1602496.00,80
BSE,AKUMS,INE09XN01023,B,614.10,633.55,614.10,622.95,608.65,38684,24137251.00,1439
BSE,ALANKIT,INE914E01040,B,8.08,8.39,8.05,8.17,8.16,24039,195590.00,145
BSE,ALANSCOTT,INE273F01022,X,270.90,270.90,266.00,270.90,270.65,2227,602585.00,10
BSE,ALBERTDAVD,INE155C01010,B,707.00,728.00,707.00,726.35,696.75,632,457568.00,90
BSE,ALEMBICLTD,INE426A01027,B,87.25,87.43,85.16,87.15,85.32,19801,1703493.00,198
BSE,ALEXANDER,INE191N01012,X,9.00,9.00,8.20,8.20,8.20,14908,124206.00,17
BSE,ALFATRAN,INE209C01015,XT,48.38,48.38,48.38,48.38,49.36,4933,238658.00,42
BSE,ALFAVIO,INE883B01027,XT,8.41,8.80,7.98,8.06,8.39,65668,528263.00,92
BSE,ALFL,INE211D01027,X,1.08,1.08,1.00,1.00,1.08,8403,8456.00,18
BSE,ALFREDHE,INE782D01027,X,2870.00,2870.00,2775.00,2802.05,2815.20,26,73657.00,10
BSE,ALGOQUANT,INE598D01035,B,54.95,57.00,53.50,56.23,53.99,276907,15229140.00,1556
BSE,ALICON,INE062D01024,B,635.75,652.00,633.00,647.50,632.00,162,104858.00,95
BSE,ALIVUS,INE03Q201024,A,1025.00,1079.15,1024.95,1046.95,1021.95,20799,21944343.00,1376
BSE,ALKALI,INE773I01017,T,86.58,86.71,86.28,86.38,82.59,990,85667.00,12
BSE,ALKEM,INE540L01014,A,5319.80,5358.00,5282.25,5296.05,5301.55,3014,16020067.00,629
BSE,ALKOSIGN,INE0KA601012,M,57.00,57.00,57.00,57.00,58.00,1125,64125.00,1
BSE,ALKYLAMINE,INE150B01039,A,1816.00,1841.90,1812.30,1830.70,1808.60,2628,4801964.00,302
BSE,ALLCARGO,INE418H01029,B,8.80,8.96,8.72,8.91,8.73,360650,3189464.00,674
BSE,ALLDIGI,INE835G01018,B,816.90,826.55,813.35,818.75,826.75,209,171207.00,68
BSE,ALLTIME,INE0GV601021,B,220.00,236.80,218.30,231.75,217.85,8879,2017836.00,259
BSE,ALMONDZ,INE326B01035,B,14.20,14.20,13.45,13.50,13.60,20474,283504.00,69
BSE,ALOKINDS,INE270A01029,A,12.20,12.24,11.91,12.18,11.86,676331,8150206.00,1773
BSE,ALPA,INE385I01010,B,64.40,70.70,63.60,69.71,68.00,1239,86837.00,96
BSE,ALPHAGEO,INE137C01018,B,205.00,209.15,204.55,205.65,204.00,94,19315.00,9
BSE,ALPHAIND,INE0NZF01019,M,147.10,147.10,147.10,147.10,163.00,600,88260.00,1
BSE,ALPHALOGIC,INE08E401029,T,47.95,49.33,45.23,49.31,47.01,2491,121046.00,48
BSE,ALPINEHOU,INE840D01015,X,97.22,97.22,96.96,96.96,95.31,11,1066.00,2
BSE,ALSL,INE030P01017,B,70.54,71.00,67.52,70.20,69.76,120705,8457317.00,202
BSE,ALUFLUOR,INE058F01019,X,459.80,459.85,435.15,440.40,451.55,26554,11774972.00,843
BSE,AMAGI,INE121R01077,B,443.50,444.00,417.70,424.25,425.40,540316,228019693.00,737
BSE,AMAL,INE841D01013,B,525.00,549.70,522.00,537.85,522.40,3420,1813330.00,171
BSE,AMALGAM,INE492N01022,XT,93.31,93.31,93.31,93.31,91.49,41,3825.00,2
BSE,AMANTA,INE084K01015,B,152.35,156.70,150.30,151.65,149.05,72536,11128547.00,759
BSE,AMARJOTHI,INE484D01012,X,164.25,164.25,160.40,161.45,160.25,733,118873.00,28
BSE,AMARSEC,INE745P01010,X,13.66,13.97,13.66,13.97,13.76,2207,30407.00,8
BSE,AMBALALSA,INE432A01017,B,31.99,33.30,31.51,32.40,31.52,47964,1561225.00,283
BSE,AMBARPIL,INE072V01017,X,179.45,188.00,179.45,186.45,175.10,199,36814.00,25
BSE,AMBER,INE371P01015,A,7469.95,7475.95,7125.00,7420.70,7283.50,19462,142166667.00,4232
BSE,AMBICAAGAR,INE792B01012,B,23.90,26.49,23.70,24.32,25.49,650,15845.00,15
BSE,AMBIKCO,INE540G01014,B,1615.90,1616.90,1598.25,1601.90,1589.60,255,409993.00,60
BSE,AMBIT,INE267C01013,X,10.50,10.50,9.25,9.25,9.70,1201,12340.00,7
BSE,AMBOAGRI,INE0N6V01016,M,14.10,14.10,14.06,14.06,14.35,11000,154740.00,7
BSE,AMBUJACEM,INE079A01024,A,414.00,425.00,408.85,423.20,405.80,128705,53218991.00,2110
BSE,AMCOIND,INE924B01011,X,65.30,65.30,62.00,62.03,65.30,228,14561.00,11
BSE,AMDIND,INE005I01014,B,45.84,46.06,45.83,45.95,45.84,806,37018.00,24
BSE,AMEENJI,INE14QA01016,M,136.00,142.00,133.00,135.20,140.00,14400,1966080.00,10
BSE,AMERISE,INE673C01020,X,0.71,0.71,0.68,0.71,0.70,215803,147770.00,38
BSE,AMFORG,INE991A01020,X,7.97,8.19,7.05,7.97,7.58,11179,82809.00,59
BSE,AMIC,INE0P9J01013,M,1650.00,1674.95,1643.00,1646.35,1630.15,18900,31328600.00,111
BSE,AMINTAN,INE572Z01017,XT,1.69,1.69,1.60,1.66,1.64,23907,39750.00,103
BSE,AMIRCHAND,INE05TO01019,B,119.35,123.65,118.35,123.50,117.40,48454,5879827.00,498
BSE,AMITSEC,INE137E01014,X,52.50,52.50,51.00,51.75,50.00,24,1243.00,4
BSE,AMJLAND,INE606A01024,B,35.52,36.98,35.51,36.77,35.51,815,29653.00,19
BSE,AMNPLST,INE275D01022,B,190.50,195.55,187.65,189.30,188.45,2180,415833.00,99
BSE,AMPVOLTS,INE989J01017,XT,31.00,31.00,30.38,30.38,31.00,3737,113561.00,26
BSE,AMRAAGRI,INE735C01027,X,0.55,0.56,0.55,0.56,0.56,81431,45566.00,42
BSE,AMRAFIN,INE990S01016,MT,25.10,25.10,25.10,25.10,23.91,1200,30120.00,1
BSE,AMRAPLIN,INE762C01021,XT,34.90,35.09,31.75,35.09,33.42,83650,2775038.00,284
BSE,AMRUTANJAN,INE098F01031,B,572.00,572.00,556.10,557.75,562.65,1827,1019256.00,160
BSE,AMS,INE345U01019,XT,60.00,60.00,60.00,60.00,60.00,139,8340.00,7
BSE,AMTL,INE436N01029,X,17.57,19.01,17.35,18.73,17.53,2880,52873.00,38
BSE,AMWILL,INE0U2L01017,MT,45.00,45.00,41.80,41.84,44.00,38400,1623360.00,32
BSE,ANANDRATHI,INE463V01026,A,1766.40,1769.70,1741.00,1764.35,1742.80,10374,18180823.00,1283
BSE,ANANTAM,INE1UA823019,IF,104.00,104.02,103.80,104.02,104.01,172,17856.00,8
BSE,ANANTRAJ,INE242C01024,A,521.65,536.00,521.65,534.70,513.50,211406,111999308.00,5008
BSE,ANDHRAPAP,INE435A01051,B,60.82,61.82,60.61,60.85,60.83,5156,315268.00,90
BSE,ANDHRAPET,INE714B01016,X,49.49,51.90,47.50,49.74,47.46,225638,11272763.00,962
BSE,ANDHRSUGAR,INE715B01021,B,85.00,86.00,81.77,82.94,83.44,38335,3218453.00,435
BSE,ANDREWYU,INE449C01025,B,23.69,23.69,23.15,23.52,23.23,56430,1318282.00,275
BSE,ANG,INE236W01016,B,29.90,31.10,29.51,30.87,29.92,8159,245865.00,70
BSE,ANGELONE,INE732I01021,A,329.85,340.45,325.10,339.45,323.50,283154,94406915.00,4038
BSE,ANIKINDS,INE087B01017,T,44.40,44.40,41.61,43.00,43.75,578,24623.00,13
BSE,ANIRIT,INE161F01011,XT,60.00,60.30,60.00,60.30,60.27,50,3012.00,5
BSE,ANJANI,INE364D01032,X,22.50,22.70,22.01,22.51,22.42,2095,46877.00,29
BSE,ANJANIFIN,INE283D01018,X,10.43,11.19,10.40,10.95,10.94,2362,25076.00,22
BSE,ANJANIFOODS,INE096I01021,X,17.50,17.99,17.00,17.00,17.33,2568,44493.00,25
BSE,ANKIN,INE067C01025,X,20.25,20.34,19.75,19.77,19.38,10525,209276.00,24
BSE,ANKITMETAL,INE106I01010,Z,1.57,1.57,1.50,1.57,1.57,12547,19142.00,19
BSE,ANL,INE1KVQ01019,MT,260.00,260.00,260.00,260.00,257.50,1000,260000.00,1
BSE,ANMOL,INE02AR01019,B,11.50,11.50,10.78,11.06,10.92,1151,12697.00,33
BSE,ANNAINFRA,INE336D01014,X,34.85,37.97,34.85,37.00,34.85,440,15700.00,5
BSE,ANSALBU,INE030C01015,X,88.50,89.38,86.01,86.89,88.03,896,78411.00,23
BSE,ANSALHSG,INE880B01015,X,6.75,6.90,6.61,6.69,6.64,69142,462890.00,72
BSE,ANTARIKSH,INE825M01017,XT,4.75,4.75,4.75,4.75,4.53,1,4.00,1
BSE,ANTELOPUS,INE818A01017,B,859.00,882.00,828.00,838.25,859.20,10668,9085060.00,951
BSE,ANTHEM,INE0CZ201020,B,784.90,795.50,780.00,788.60,779.90,43541,34330775.00,2386
BSE,ANUHPHR,INE489G01022,B,77.00,84.46,77.00,79.14,75.85,54452,4420032.00,673
BSE,ANUP,INE294Z01018,A,1807.30,1912.05,1807.30,1899.10,1799.95,1572,2940927.00,380
BSE,ANUPAM,INE069B01023,X,1.93,1.97,1.89,1.95,1.91,186004,360257.00,238
BSE,ANURAS,INE930P01018,A,1305.00,1305.05,1210.85,1247.80,1256.60,11941,14800697.00,761
BSE,ANUROOP,INE490Z01012,B,14.49,14.49,13.76,13.79,13.85,2264,31765.00,54
BSE,ANVRDHI,INE075K01013,X,10.10,10.29,10.00,10.23,10.11,4985,50518.00,54
BSE,APARINDS,INE372A01015,A,14849.95,15348.40,14641.40,15237.95,14559.75,19914,302287821.00,5714
BSE,APCL,INE071F01012,B,109.35,110.00,105.80,109.90,106.20,692,75696.00,24
BSE,APCOTEXIND,INE116A01032,B,524.30,540.00,519.05,531.30,521.50,5763,3052715.00,305
BSE,APEX,INE346W01013,B,406.55,422.40,404.75,419.45,400.55,24989,10390969.00,684
BSE,APIS,INE070K01014,X,61.50,61.50,59.50,60.07,60.42,6082,365923.00,168
BSE,APL,INE0SJX01015,M,75.00,83.01,61.02,82.78,73.67,296000,20339710.00,163
BSE,APLAB,INE273A01015,XT,105.00,105.00,100.00,100.80,102.20,564,57567.00,10
BSE,APLAPOLLO,INE702C01027,A,1765.50,1823.10,1759.20,1818.00,1762.60,13354,23884731.00,2208
BSE,APLLTD,INE901L01018,A,737.15,750.65,737.15,743.10,735.00,4101,3048781.00,747
BSE,APMIN,INE170D01025,X,45.10,45.85,44.31,44.99,45.00,8477,381859.00,37
BSE,APOLLO,INE713T01028,A,389.80,410.75,387.50,409.25,381.70,1276114,508040224.00,13182
BSE,APOLLOFI,INE412D01013,X,344.95,345.00,332.00,344.60,336.60,380,129186.00,25
BSE,APOLLOHOSP,INE437A01024,A,8558.95,8558.95,8436.10,8496.45,8495.95,9258,78663326.00,2103
BSE,APOLLOIN,INE314N01028,XT,70.36,70.36,70.36,70.36,68.99,5238,368545.00,8
BSE,APOLLOPIPE,INE126J01016,B,479.50,497.40,479.50,494.55,478.20,6269,3062419.00,182
BSE,APOLLOTYRE,INE438A01022,A,389.00,397.10,386.75,396.10,380.25,29657,11608761.00,891
BSE,APOORVA,INE217S01014,X,32.70,34.44,32.00,34.44,34.90,405,12967.00,7
BSE,APPL,INE15XJ01010,MT,216.10,216.10,216.10,216.10,220.50,20800,4494880.00,40
BSE,APTECHT,INE266F01018,B,109.30,115.25,109.30,114.95,106.60,143847,16407801.00,1150
BSE,APTPACK,INE046E01025,XT,122.00,122.00,110.40,110.40,116.20,309,34126.00,12
BSE,APTUS,INE852O01025,A,259.00,274.55,259.00,272.15,258.60,296746,79236802.00,6571
BSE,AQYLON,INE416A01051,B,56.39,57.28,56.00,56.70,55.99,788717,44709248.00,310
BSE,ARAVALIS,INE068C01015,X,3.75,4.10,3.50,3.61,3.75,2452,8997.00,17
BSE,ARCEEIN,INE276D01012,X,14.28,14.28,13.60,14.28,13.60,550,7851.00,7
BSE,ARCFIN,INE202R01026,X,0.54,0.58,0.54,0.55,0.55,1450803,797943.00,571
BSE,ARCHIDPLY,INE877I01016,B,79.75,83.90,77.82,82.53,80.85,1147,93519.00,37
BSE,ARCHIES,INE731A01020,B,13.90,14.50,13.62,13.88,13.90,2075,28978.00,25
BSE,ARCHITORG,INE078I01011,X,53.50,54.40,50.50,52.51,52.29,65971,3451470.00,247
BSE,ARCL,INE372M01010,X,176.70,182.05,175.00,182.00,177.05,760,135258.00,21
BSE,ARE&M,INE885A01032,A,812.00,825.00,806.90,823.45,796.05,27167,22178074.00,1556
BSE,ARENTERP,INE610C01014,B,35.21,35.21,35.21,35.21,38.50,4,140.00,1
BSE,ARFIN,INE784R01023,B,86.00,86.00,83.10,84.82,83.28,50259,4242146.00,300
BSE,ARIES,INE298I01015,B,311.00,339.90,311.00,338.60,326.40,1150,385606.00,144
BSE,ARIGATO,INE021N01011,XT,53.47,53.47,53.21,53.26,53.21,15,798.00,2
BSE,ARIHANT,INE413D01011,B,850.00,876.00,827.00,855.05,842.70,1375,1160927.00,275
BSE,ARIHANTCAP,INE420B01036,B,63.52,70.31,62.93,69.17,62.07,59819,4088509.00,775
BSE,ARIHANTSUP,INE643K01018,B,254.55,255.00,252.40,255.00,247.95,21,5339.00,6
BSE,ARIS,INE0H9P01028,B,114.50,122.45,112.65,120.65,113.00,70780,8321416.00,860
BSE,ARISE,INE190D01015,X,19.80,20.50,19.11,19.38,19.80,454,8784.00,20
BSE,ARISINT,INE588E01026,XT,398.15,398.15,398.15,398.15,379.20,203,80824.00,2
BSE,ARKADE,INE0QRL01017,B,111.25,114.50,111.25,114.15,111.25,13936,1579375.00,341
BSE,ARL,INE02GA01012,B,49.56,49.56,49.56,49.56,47.20,12080,598684.00,64
BSE,ARMAN,INE510P01018,X,109.60,111.05,107.25,109.30,110.00,50188,5478403.00,99
BSE,ARMANFIN,INE109C01017,B,1585.05,1653.00,1585.05,1646.85,1588.00,1619,2637227.00,220
BSE,ARNOLD,INE185K01036,X,14.56,14.56,13.61,13.93,13.10,2830,39322.00,47
BSE,AROGRANITE,INE210C01013,B,24.87,25.24,24.41,24.67,24.74,148,3676.00,14
BSE,ARROWGREEN,INE570D01018,T,570.00,595.00,555.00,584.85,572.45,1309,757395.00,48
BSE,ARROWHEAD,INE0PP401015,M,70.00,70.00,70.00,70.00,70.00,600,42000.00,1
BSE,ARSHIYA,INE968D01022,Z,1.05,1.14,1.05,1.08,1.09,232678,263459.00,62
BSE,ARSSBL,INE549H01021,B,521.15,545.00,516.10,542.95,511.25,26561,14210107.00,905
BSE,ARTEFACT,INE885B01014,X,58.95,60.00,57.00,59.78,56.16,7474,438814.00,46
BSE,ARTEMISMED,INE025R01021,B,262.95,264.65,258.30,263.35,254.55,9249,2434619.00,207
BSE,ARTSON,INE133D01023,X,163.65,170.00,157.25,163.80,156.80,18563,3075517.00,223
BSE,ARUNAHTEL,INE957C01019,X,8.04,8.04,7.46,7.85,7.71,1390,10616.00,26
BSE,ARVIND,INE034A01011,A,502.95,504.20,492.00,494.70,492.90,9500,4708957.00,391
BSE,ARVINDFASN,INE955V01021,A,443.45,453.40,443.45,450.45,447.55,4392,1974575.00,293
BSE,ARVSMART,INE034S01021,B,561.90,574.90,561.90,574.75,562.20,354,202037.00,45
BSE,ARYACAPM,INE229R01011,B,410.00,425.00,410.00,416.00,395.50,5,2079.00,3
BSE,ARYAMAN,INE032E01017,X,593.80,610.00,593.80,601.35,590.05,1270,760004.00,32
BSE,ARYAVAN,INE360S01012,X,51.00,51.00,47.28,48.93,49.45,4598,223554.00,17
BSE,ASAHIINDIA,INE439A01020,A,862.00,886.00,862.00,879.60,860.70,4647,4073541.00,383
BSE,ASAHISONG,INE228I01012,B,256.00,258.00,254.00,254.55,252.30,610,155662.00,42
BSE,ASAL,INE900C01027,B,495.15,504.35,489.85,501.20,487.10,464,229053.00,50
BSE,ASALCBR,INE073G01016,B,820.05,828.80,815.90,818.85,817.15,1712,1402011.00,153
BSE,ASARFI,INE0DN001027,M,228.00,235.00,220.00,229.20,228.05,73000,16651800.00,66
BSE,ASCENSIVE,INE0E4I01027,MS,20.25,20.25,20.25,20.25,19.17,20000,405000.00,2
BSE,ASGARD,INE767M01029,X,35.49,35.49,32.20,33.12,34.12,1146005,37871328.00,771
BSE,ASHAI,INE709D01012,XT,9.88,9.88,9.88,9.88,9.41,380,3754.00,4
BSE,ASHAPURMIN,INE348A01023,A,690.75,695.50,679.25,690.65,679.00,20546,14127526.00,557
BSE,ASHCAP,INE894A01026,X,2.65,2.77,2.65,2.71,2.68,107089,290052.00,188
BSE,ASHIANA,INE365D01021,B,361.30,364.60,355.25,361.95,357.85,2160,776419.00,140
BSE,ASHIKA,INE094B01013,B,372.25,382.00,369.00,379.60,369.00,61018,22837979.00,1555
BSE,ASHIMASYN,INE440A01010,B,16.00,16.50,15.85,16.00,15.90,8554,138074.00,17
BSE,ASHISHPO,INE831C01016,X,31.99,31.99,29.00,29.45,28.00,47,1408.00,10
BSE,ASHNI,INE694W01024,X,3.23,3.28,3.12,3.15,3.17,1596736,5059930.00,672
BSE,ASHNOOR,INE372I01018,X,38.88,39.35,38.88,39.35,38.50,350,13645.00,5
BSE,ASHOKA,INE442H01029,A,115.50,123.90,115.50,123.30,115.25,88750,10729397.00,1175
BSE,ASHOKAMET,INE760Y01011,B,16.30,16.30,14.81,15.02,15.15,1210,18217.00,26
BSE,ASHOKLEY,INE208A01029,A,143.10,153.55,143.00,152.50,138.70,5655527,845440910.00,24277
BSE,ASHRAM,INE293C01019,X,5.25,5.25,5.25,5.25,5.00,3348,17577.00,2
BSE,ASHSI,INE338C01012,X,24.20,25.20,23.10,24.40,24.17,693,16607.00,24
BSE,ASIACAP,INE131Q01011,XT,57.64,57.64,57.64,57.64,58.81,2,115.00,2
BSE,ASIAN,INE04Z101016,X,36.90,36.90,34.26,36.40,35.30,29,1056.00,12
BSE,ASIANENE,INE276G01015,B,363.25,371.20,363.25,366.50,363.05,13017,4785368.00,316
BSE,ASIANHOTNR,INE363A01022,B,270.05,299.15,270.05,295.80,293.65,808,227167.00,74
BSE,ASIANPAINT,INE021A01026,A,2716.30,2752.60,2709.60,2746.50,2691.00,62240,170278546.00,7386
BSE,ASIANTILES,INE022I01019,B,59.57,61.77,59.21,60.05,59.18,172300,10470243.00,980
BSE,ASIANTNE,INE822B01017,X,9.17,9.44,8.90,8.93,8.99,30419,275492.00,89
BSE,ASIIL,INE443A01030,X,23.79,23.98,23.15,23.82,23.78,16918,397912.00,104
BSE,ASINPET,INE810M01019,X,9.72,9.72,9.72,9.72,10.23,5542,53868.00,27
BSE,ASITCFIN,INE041B01014,X,115.00,115.05,115.00,115.05,114.95,750,86280.00,4
BSE,ASKAUTOLTD,INE491J01022,B,427.05,434.50,425.00,428.65,422.80,2891,1239009.00,195
BSE,ASMS,INE855F01042,B,7.15,7.33,7.11,7.25,7.13,34357,248080.00,198
BSE,ASMTEC,INE867C01010,B,3450.00,3487.90,3420.05,3452.30,3407.45,28629,99140767.00,2226
BSE,ASPIRA,INE500C01017,XT,115.85,120.00,115.85,120.00,118.20,7061,846643.00,21
BSE,ASRL,INE01B501018,B,7.11,7.25,7.11,7.19,7.11,8234,59182.00,88
BSE,ASSOCER,INE771E01010,X,170.00,170.25,170.00,170.25,170.25,10,1702.00,2
BSE,ASSOCIATED,INE0RIQ01013,M,75.00,86.00,75.00,86.00,72.00,5500,467440.00,8
BSE,ASTALLTD,INE307N01014,X,78.89,81.00,75.10,77.28,77.76,30727,2393842.00,187
BSE,ASTAR,INE194D01017,B,690.85,690.90,637.00,637.00,610.00,32,21284.00,7
BSE,ASTEC,INE563J01010,B,787.00,790.35,767.10,769.00,770.55,2722,2118382.00,112
BSE,ASTERDM,INE914M01019,A,847.95,847.95,806.35,814.95,814.20,78309,64320773.00,4052
BSE,ASTONEALAB,INE0TG901011,MT,240.00,243.70,240.00,243.70,232.10,3000,727400.00,3
BSE,ASTRAL,INE006I01046,A,1509.85,1531.00,1498.50,1507.00,1490.45,21722,32906376.00,2321
BSE,ASTRAMICRO,INE386C01029,A,1405.55,1460.00,1405.55,1444.75,1397.35,26405,38047779.00,1669
BSE,ASTRAZEN,INE203A01020,A,8285.50,8289.50,8207.55,8243.90,8248.80,500,4126490.00,247
BSE,ASTRON,INE646X01014,T,3.92,3.95,3.82,3.95,3.92,691,2701.00,10
BSE,ASTRONMULT,INE0RUY01012,MT,18.50,18.50,18.50,18.50,17.70,4000,74000.00,2
BSE,ATALREAL,INE0ALR01029,B,28.60,29.79,28.10,29.48,28.87,225801,6580267.00,523
BSE,ATAM,INE09KD01013,B,70.02,73.95,70.02,72.08,70.43,173,12212.00,20
BSE,ATENPAPERS,INE0XCV01014,MT,24.00,24.40,24.00,24.40,23.90,4800,115680.00,3
BSE,ATGL,INE399L01023,A,728.20,735.80,718.30,728.25,716.00,277798,201819631.00,5637
BSE,ATHARVENT,INE354E01031,X,3.70,3.70,3.50,3.50,3.70,3663,12920.00,11
BSE,ATHENAGLO,INE576B01019,XT,61.56,62.00,60.90,61.90,61.56,940,58082.00,12
BSE,ATHERENERG,INE0LEZ01016,B,1034.00,1057.85,1020.00,1028.15,1027.85,314847,326584318.00,7572
BSE,ATIL,INE0X4A01013,M,89.00,89.00,86.00,88.90,85.00,6000,524910.00,6
BSE,ATISHAY,INE011R01013,X,205.50,214.95,202.50,203.00,205.55,2297,473530.00,43
BSE,ATL,INE0NN701020,B,23.30,24.46,23.30,23.96,23.76,5955,142847.00,102
BSE,ATLANTAA,INE285H01022,B,39.94,40.49,39.71,39.96,39.95,3035,121321.00,114
BSE,ATLANTAELE,INE0Z4F01028,T,1830.00,1914.90,1734.25,1842.00,1825.50,8081,14823443.00,667
BSE,ATLASCYCLE,INE446A01025,B,104.80,104.80,98.50,98.51,98.00,738,76724.00,12
BSE,ATUL,INE100A01010,A,6585.00,6610.80,6500.00,6513.55,6499.35,756,4953880.00,283
BSE,ATULAUTO,INE951D01028,B,439.05,457.90,439.05,455.05,437.10,4363,1956608.00,154
BSE,ATVOENT,INE219M01021,XT,25.45,25.48,25.45,25.48,24.99,342834,8725439.00,39
BSE,ATVPR,INE447A01015,X,28.49,28.99,27.11,27.38,27.63,16348,453359.00,154
BSE,AUBANK,INE949L01017,A,969.45,1019.20,960.00,1015.85,964.40,246603,244159632.00,5129
BSE,AURIONPRO,INE132H01018,A,773.95,790.00,765.05,775.35,750.05,11011,8549254.00,715
BSE,AUROLAB,INE292C01011,X,254.00,275.00,253.80,263.95,253.80,9304,2488077.00,102
BSE,AUROPHARMA,INE406A01037,A,1478.00,1481.00,1466.00,1472.25,1464.10,23138,34136142.00,1729
BSE,AURUM,INE898S01029,B,185.80,187.45,179.20,182.65,181.50,4623,849053.00,124
BSE,AUSOMENT,INE218C01016,T,112.30,122.25,112.25,119.40,117.95,107,12105.00,4
BSE,AUSTENG,INE759F01012,X,135.00,135.00,128.00,132.85,129.00,777,101378.00,21
BSE,AUSTERE,INE104201012,M,45.00,49.25,45.00,49.25,45.00,8000,368500.00,4
BSE,AUTOAXLES,INE449A01011,B,1660.80,1695.00,1639.90,1684.75,1642.15,164,271739.00,61
BSE,AUTOIND,INE718H01014,T,72.00,74.45,71.00,74.09,72.99,5480,397160.00,65
BSE,AUTOINT,INE340U01010,X,319.15,329.50,305.00,328.95,316.00,1071,340581.00,61
BSE,AUTOPRD,INE0NY101012,XT,5.10,5.10,5.10,5.10,4.86,189,963.00,3
BSE,AVADHSUGAR,INE349W01017,T,456.40,456.40,447.80,453.85,456.30,302,136589.00,20
BSE,AVAILFC,INE325G01010,B,150.10,155.95,150.10,153.15,152.15,3283,501643.00,47
BSE,AVALON,INE0LCL01028,A,1586.00,1694.00,1567.15,1684.45,1578.50,18529,30495225.00,1488
BSE,AVANCE,INE758A01072,X,0.97,0.99,0.97,0.98,0.98,6385456,6266479.00,1663
BSE,AVANTEL,INE005B01027,A,161.45,167.40,161.35,166.60,156.90,124660,20456489.00,1175
BSE,AVANTIFEED,INE871C01038,A,1055.05,1064.80,1037.20,1060.00,1034.30,37151,39025243.00,1683
BSE,AVAX,INE0NQ401024,MT,51.45,51.45,51.45,51.45,50.00,15000,771750.00,4
BSE,AVG,INE680Z01018,B,167.30,189.65,167.25,177.75,167.95,77042,13782673.00,1333
BSE,AVIVA,INE461H01011,X,65.00,66.50,65.00,65.00,65.28,60,3915.00,5
BSE,AVL,INE679V01027,A,530.00,551.90,523.90,539.15,521.60,9041,4824064.00,599
BSE,AVONMORE,INE323B01024,B,11.79,11.79,10.75,10.87,10.03,68069,758093.00,234
BSE,AVROIND,INE652Z01025,B,11.70,11.70,10.54,11.11,10.55,141038,1556099.00,380
BSE,AVTNPL,INE488D01021,B,70.29,70.58,67.92,70.53,69.04,5868,406144.00,100
BSE,AWFIS,INE108V01019,A,288.65,306.45,288.65,304.05,288.95,17302,5156115.00,365
BSE,AWHCL,INE01BK01022,B,440.00,449.85,437.70,445.80,434.50,5446,2421734.00,199
BSE,AWL,INE699H01024,A,187.05,191.70,186.65,190.60,185.40,73773,13944687.00,918
BSE,AXELPOLY,INE197C01012,X,46.39,46.39,40.28,44.54,42.12,536,24489.00,17
BSE,AXISBANK,INE238A01034,A,1332.85,1358.30,1319.00,1355.55,1317.10,206466,276552516.00,6232
BSE,AXISCADES,INE555B01013,B,1896.00,1968.75,1881.35,1959.05,1875.00,8649,16710611.00,865
BSE,AXITA,INE02EZ01022,B,7.81,7.82,7.64,7.66,7.62,68125,525575.00,309
BSE,AXTEL,INE767C01012,X,449.95,452.90,441.00,449.35,443.80,4705,2105662.00,136
BSE,AYE,INE501X01029,B,141.25,150.50,141.25,150.00,140.45,135211,19930927.00,1426
BSE,AYMSYNTEX,INE193B01039,B,217.90,226.50,215.10,220.65,216.80,743,165142.00,67
BSE,AZAD,INE02IJ01035,A,2151.75,2177.00,2108.90,2146.10,2105.35,25164,53679212.00,2115
BSE,AZADIND,INE566M01017,X,104.70,105.00,98.85,101.15,99.50,7564,778017.00,82
BSE,AZTEC,INE0SCB01016,M,85.01,86.00,85.01,86.00,86.80,7000,597350.00,7
BSE,B2BSOFT,INE151B01011,X,24.18,25.30,24.02,24.35,24.66,16966,417719.00,157
BSE,BABA,INE893A01036,X,13.98,14.95,13.41,14.55,13.66,135003,1914945.00,243
BSE,BACPHAR,INE711D01018,X,52.00,52.00,43.67,43.67,48.52,245092,11146624.00,185
BSE,BAFNAPH,INE878I01022,T,168.25,174.00,166.25,166.25,174.95,6653,1119449.00,66
BSE,BAGFILMS,INE116D01028,B,4.90,5.04,4.83,4.97,4.95,7133,35344.00,57
BSE,BAGMANE,INE2OVN25015,IF,104.39,104.39,103.11,103.34,103.35,24835,2570116.00,204
BSE,BAIDFIN,INE020D01022,B,9.95,10.18,9.80,9.92,9.95,8245,81652.00,52
BSE,BAIKAKAJI,INE1IJQ01026,M,179.95,180.00,179.25,180.00,179.90,3000,538860.00,5
BSE,BAJAJ-AUTO,INE917I01010,A,10200.55,10245.00,9922.00,10062.55,10118.05,17826,178920842.00,4428
BSE,BAJAJCON,INE933K01021,B,576.20,595.05,573.05,591.35,565.80,19726,11548860.00,794
BSE,BAJAJELEC,INE193E01025,A,308.50,312.00,304.00,311.00,304.95,20077,6165630.00,1347
BSE,BAJAJFINSV,INE918I01026,A,1667.55,1691.80,1648.85,1689.25,1645.00,16213,27052297.00,1444
BSE,BAJAJHCARE,INE411U01027,B,288.35,304.80,286.35,303.20,282.50,12690,3783694.00,532
BSE,BAJAJHFL,INE377Y01014,A,83.69,84.85,83.31,84.57,82.81,155548,13072809.00,1622
BSE,BAJAJHIND,INE306A01021,A,18.78,19.07,18.56,18.96,18.52,414054,7787155.00,1211
BSE,BAJAJHLDNG,INE118A01012,A,9883.25,10190.00,9883.25,10160.65,9860.70,26114,260174756.00,337
BSE,BAJAJINDEF,INE0O9T01021,B,240.90,249.10,238.40,246.20,235.30,1179,289739.00,86
BSE,BAJAJST,INE704G01024,B,361.95,375.15,356.40,367.55,360.95,10116,3689547.00,263
BSE,BAJEL,INE0KQN01018,B,193.60,199.05,193.60,198.45,194.55,16843,3308072.00,372
BSE,BAJFINANCE,INE296A01032,A,882.00,921.00,880.70,918.65,870.30,344086,309385013.00,6971
BSE,BALAJEE,INE0S2G01011,B,29.50,29.58,28.21,28.57,28.15,702,20213.00,30
BSE,BALAJITELE,INE794B01026,B,86.99,88.60,85.87,88.35,85.09,5231,456664.00,139
BSE,BALAMINES,INE050E01027,B,2065.00,2146.40,2065.00,2136.30,2055.70,22501,47583722.00,1534
BSE,BALGOPAL,INE119R01014,X,164.95,170.00,153.05,156.00,158.50,1891,311580.00,19
BSE,BALKRISHNA,INE875R01011,B,18.00,18.95,17.82,18.95,17.61,125,2354.00,4
BSE,BALKRISIND,INE787D01026,A,1999.70,2025.60,1990.00,2012.55,1975.60,9649,19376407.00,1230
BSE,BALMLAWRIE,INE164A01016,B,172.95,175.70,172.10,175.25,170.35,7101,1232267.00,170
BSE,BALPHARMA,INE083D01012,B,84.90,89.47,83.36,86.70,84.82,3003,260858.00,181
BSE,BALRAMCHIN,INE119A01028,A,551.80,551.80,536.70,539.60,548.85,15929,8631581.00,625
BSE,BALTE,INE654B01014,X,12.76,13.22,12.10,12.76,12.70,902,11423.00,26
BSE,BALUFORGE,INE011E01029,A,432.55,452.05,431.50,448.80,428.00,32870,14464298.00,1730
BSE,BAMBINO,INE921D01013,X,214.95,214.95,202.00,204.05,206.00,1171,239286.00,56
BSE,BAMPSL,INE802A01037,X,18.25,18.50,18.17,18.33,18.05,3455,63223.00,25
BSE,BANARBEADS,INE655B01011,B,102.45,103.70,100.50,101.85,101.55,3798,388172.00,151
BSE,BANARISUG,INE459A01010,B,3680.00,3680.00,3649.95,3649.95,3624.15,59,215497.00,3
BSE,BANASFN,INE521L01030,X,6.94,7.15,6.94,7.00,7.03,6601,46322.00,46
BSE,BANCOINDIA,INE213C01025,A,670.25,697.15,658.40,689.90,668.45,48774,33244036.00,1751
BSE,BANDARAM,INE875N01036,X,28.20,29.00,27.15,27.56,27.50,4402,122652.00,34
BSE,BANDHANBNK,INE545U01014,A,198.20,205.95,194.35,204.50,193.95,916904,185376058.00,6937
BSE,BANG,INE863I01016,B,34.00,35.00,31.00,31.67,33.74,22166,720507.00,323
BSE,BANKBARODA,INE028A01039,A,270.50,276.10,268.70,274.65,267.35,471014,128686934.00,4723
BSE,BANKINDIA,INE084A01016,A,143.40,145.90,142.00,145.60,141.50,520449,75141089.00,3684
BSE,BANSALWIRE,INE0B9K01025,B,294.35,305.00,290.95,303.20,288.55,2230,661319.00,83
BSE,BANSTEA,INE856E01019,ZP,10.83,10.83,10.83,10.83,11.39,100,1083.00,1
BSE,BANSWRAS,INE629D01020,B,129.35,133.85,126.85,132.80,127.35,2005,262236.00,36
BSE,BARODARY,INE461A01024,X,126.95,127.80,123.50,126.80,127.00,1108,139142.00,52
BSE,BAROEXT,INE927K01023,X,8.11,8.47,8.11,8.34,8.19,169615,1413796.00,235
BSE,BASANTGL,INE473E01021,X,12.31,12.89,12.31,12.63,12.72,21285,266987.00,139
BSE,BASF,INE373A01013,A,3260.00,3365.35,3260.00,3352.95,3253.95,2321,7707305.00,456
BSE,BASML,INE186H01022,B,25.50,25.57,24.51,24.84,24.91,9018,224967.00,117
BSE,BATAINDIA,INE176A01028,A,669.95,671.50,658.60,669.00,657.70,3431,2279037.00,364
BSE,BATLIBOI,INE177C01022,B,75.88,76.25,73.32,75.53,74.00,7585,572842.00,134
BSE,BAYERCROP,INE462A01022,A,4227.50,4263.70,4227.50,4250.30,4215.50,466,1980041.00,152
BSE,BAZELINTER,INE217E01014,X,19.20,20.00,19.00,19.72,19.19,1279,25031.00,25
BSE,BBL,INE464A01036,A,2758.25,2790.75,2739.50,2776.85,2693.40,975,2688510.00,185
BSE,BBOX,INE676A01027,A,1000.00,1028.60,983.60,1018.00,989.20,24536,24816589.00,1160
BSE,BBTC,INE050A01025,A,1491.05,1523.70,1491.05,1518.20,1489.55,628,946318.00,97
BSE,BBTCL,INE01EE01011,B,224.90,226.45,219.10,221.00,226.00,211,47029.00,29
BSE,BCCFUBA,INE788D01016,XT,153.50,155.90,150.25,152.15,153.70,6796,1039815.00,94
BSE,BCCL,INE0KQ001017,M,47.98,47.98,44.00,46.50,43.99,11200,517748.00,24
BSE,BCG,INE425B01027,B,10.44,10.98,10.36,10.92,10.24,1520594,16264157.00,1659
BSE,BCLENTERPR,INE368E01023,XT,0.56,0.59,0.56,0.59,0.58,41290,24030.00,28
BSE,BCLIND,INE412G01024,B,38.52,38.98,37.56,37.81,38.24,106523,4066868.00,563
BSE,BCONCEPTS,INE977Y01011,B,188.90,188.90,176.60,177.45,182.30,3474,619714.00,108
BSE,BCP,INE905P01028,X,1.90,2.00,1.87,1.96,1.88,91143,177057.00,111
BSE,BCPL,INE00SW01015,B,81.55,81.55,76.26,76.97,75.60,749,57743.00,172
BSE,BDH,INE278D01018,X,408.95,413.90,400.30,403.15,405.80,751,305571.00,32
BSE,BDL,INE171Z01026,A,1179.45,1203.95,1168.15,1199.65,1160.75,89522,106058493.00,4522
BSE,BECTORFOOD,INE495P01020,A,181.05,183.40,177.30,181.85,177.25,33169,5986349.00,761
BSE,BEEKAY,INE213D01015,B,400.05,402.25,400.05,401.70,400.05,74,29673.00,10
BSE,BEEYU,INE052B01011,X,2.78,2.78,2.70,2.71,2.73,1444,3955.00,26
BSE,BEEZAASAN,INE13VU01016,M,276.95,289.50,267.00,287.60,269.10,79200,21748400.00,88
BSE,BEFOUNDMOL,INE425F01028,X,3.79,3.79,3.79,3.79,3.79,1006,3812.00,4
BSE,BEL,INE263A01024,A,407.85,409.05,403.40,406.55,402.35,716078,290947189.00,12797
BSE,BELDING,INE363L01045,X,1368.00,1368.00,1300.00,1323.90,1368.00,412,541668.00,54
BSE,BELLACASA,INE344T01014,B,229.25,234.00,224.25,226.05,226.10,279,63271.00,33
BSE,BELRISE,INE894V01022,B,225.25,228.95,223.50,228.10,220.15,182609,41398325.00,2026
BSE,BEMHY,INE142E01022,X,84.02,86.50,84.02,84.99,84.01,2984,253803.00,69
BSE,BEML,INE258A01024,A,1734.15,1780.00,1734.15,1773.55,1727.70,15718,27704557.00,1245
BSE,BENARAS,INE664D01019,B,10265.05,10284.95,10200.00,10243.35,10200.05,186,1904354.00,174
BSE,BENCHMARK,INE0Q2Z01013,MT,33.50,35.50,33.50,35.45,34.39,28000,945800.00,3
BSE,BENGALASM,INE083K01017,B,6360.05,6594.90,6360.05,6476.70,6468.00,136,881156.00,34
BSE,BENGALT,INE665D01016,X,136.95,143.80,135.35,143.80,142.00,3464,474972.00,12
BSE,BEPL,INE922A01025,B,94.27,97.30,94.27,97.04,94.07,17385,1674672.00,211
BSE,BERGEPAINT,INE463A01038,A,520.00,523.15,510.05,515.20,514.95,27945,14444353.00,1348
BSE,BERLDRG,INE415H01017,X,22.58,23.74,22.58,23.02,23.04,105,2400.00,11
BSE,BERYLSE,INE508J01015,XT,30.66,30.66,27.74,27.74,29.20,101,2804.00,2
BSE,BESTAGRO,INE052T01021,B,15.45,15.98,15.41,15.78,15.45,82212,1295615.00,222
BSE,BESTEAST,INE553F01035,X,11.49,11.88,10.82,11.34,11.74,1806,20337.00,28
BSE,BETXIND,INE765L01017,X,508.00,510.00,464.95,477.50,499.00,547,264785.00,39
BSE,BFINVEST,INE878K01010,B,430.00,442.25,430.00,437.70,422.30,1455,634472.00,111
BSE,BFLAFL,INE948Q01018,X,6.64,7.10,6.64,6.90,6.64,4241,29970.00,23
BSE,BFUTILITIE,INE243D01012,B,591.25,643.95,587.00,622.20,577.45,23195,14476543.00,1055
BSE,BGDL,INE893C01032,B,98.65,104.90,97.15,102.00,96.55,10043,1002245.00,282
BSE,BGIL,INE443D01018,X,7.29,7.29,6.81,6.99,7.01,32756,228437.00,38
BSE,BGRENERGY,INE661I01014,T,327.95,334.80,321.00,327.05,320.45,9119,2970918.00,144
BSE,BGWTATO,INE106G01014,X,524.80,524.80,483.15,491.25,493.85,1041,512822.00,59
BSE,BHAGCHEM,INE414D01027,B,259.65,274.00,259.65,269.95,258.10,3681,995532.00,178
BSE,BHAGERIA,INE354C01027,B,208.95,209.85,206.10,209.20,205.30,6193,1291089.00,164
BSE,BHAGGAS,INE099C01010,XT,7.10,7.10,7.10,7.10,6.97,10877,77226.00,17
BSE,BHAGWOX,INE026I01010,X,34.00,34.00,34.00,34.00,34.20,11,374.00,3
BSE,BHAGYANGR,INE458B01036,T,307.85,313.90,305.00,310.30,300.10,1570,485926.00,53
BSE,BHANDARI,INE474E01029,T,3.13,3.13,2.95,3.05,3.00,61375,185662.00,107
BSE,BHARAT,INE900A01013,X,23.50,24.40,23.26,23.95,23.60,2681,64422.00,34
BSE,BHARATAGRI,INE842D01029,X,30.79,30.79,29.15,29.75,29.56,9485,281385.00,77
BSE,BHARATCOAL,INE05XR01022,B,37.35,38.15,37.12,37.55,36.70,2176551,81867616.00,6754
BSE,BHARATFORG,INE465A01025,A,1958.20,1982.30,1912.40,1946.00,1941.65,37339,72554461.00,3592
BSE,BHARATGEAR,INE561C01019,B,111.10,112.00,110.10,111.75,109.35,801,89266.00,65
BSE,BHARATRAS,INE838B01021,B,1399.00,1405.00,1371.05,1404.10,1374.45,311,433453.00,84
BSE,BHARATROHAN,INE0QMV01017,M,114.70,114.70,108.00,112.00,110.45,6400,701200.00,8
BSE,BHARATSE,INE415D01024,B,173.65,181.05,173.65,179.85,172.80,12054,2151773.00,275
BSE,BHARATWIRE,INE316L01019,B,202.20,210.00,199.90,209.20,197.35,12465,2565195.00,266
BSE,BHARTIARTL,INE397D01024,A,1799.90,1824.95,1786.00,1822.55,1782.15,407106,738044688.00,6738
BSE,BHARTIHEXA,INE343G01021,A,1480.55,1484.70,1453.45,1479.95,1471.65,53208,78711049.00,351
BSE,BHASKAGR,INE972C01018,XT,125.55,132.30,125.55,132.25,131.95,1121,143272.00,21
BSE,BHATIA,INE341Z01025,X,25.52,26.18,25.28,25.60,25.44,17198,443651.00,102
BSE,BHAVIK,INE18PB01017,M,159.00,159.00,159.00,159.00,161.00,1000,159000.00,1
BSE,BHEL,INE257A01026,A,376.45,380.05,369.65,378.75,370.60,323438,121466634.00,6467
BSE,BHILSPIN,INE436C01014,X,126.00,126.00,116.25,120.75,119.15,5902,687959.00,36
BSE,BHUDEVI,INE432N01010,XT,211.75,219.05,211.75,211.75,222.85,719,152677.00,32
BSE,BI,INE986A01012,B,60.00,61.00,59.50,60.00,59.56,7231,434389.00,103
BSE,BIBCL,INE994B01014,B,17.16,17.29,16.81,17.02,16.82,9831,167719.00,41
BSE,BIGBLOC,INE412U01025,B,48.25,49.58,47.93,49.36,47.89,9844,478748.00,454
BSE,BIHSPONG,INE819C01011,X,12.40,13.15,12.11,12.70,12.40,17906,228356.00,211
BSE,BIKAJI,INE00E101023,A,671.80,679.25,667.35,672.45,671.80,8673,5837832.00,442
BSE,BIL,INE828A01016,B,695.20,708.40,695.00,701.15,700.00,41,28607.00,18
BSE,BILLWIN,INE0CRS01012,M,23.50,23.50,20.85,21.66,24.25,36000,775260.00,12
BSE,BILVYAPAR,INE071A01013,T,4.07,4.07,4.04,4.04,3.98,2124,8641.00,6
BSE,BIMETAL,INE469A01019,B,649.50,649.50,649.50,649.50,649.85,10,6495.00,1
BSE,BIOCON,INE376G01013,A,418.60,422.00,414.50,418.55,416.80,75013,31420661.00,1803
BSE,BIOFILCHEM,INE829A01014,B,36.20,38.00,35.16,36.20,35.67,186120,6744704.00,413
BSE,BIOGEN,INE703D01023,X,0.34,0.34,0.33,0.34,0.34,1853810,626306.00,762
BSE,BIRET,INE0FDU25010,IF,321.00,321.00,319.32,319.46,319.30,7160,2289300.00,479
BSE,BIRLACABLE,INE800A01015,T,188.00,194.70,187.35,194.70,185.45,8445,1637710.00,124
BSE,BIRLACORPN,INE340A01012,A,928.45,957.50,928.45,949.35,928.45,2694,2538813.00,274
BSE,BIRLAMONEY,INE865C01022,B,128.85,133.20,127.70,131.65,124.75,4274,554623.00,187
BSE,BIRLANU,INE557A01011,B,1270.50,1389.90,1265.00,1358.75,1259.15,2347,3156345.00,285
BSE,BIRLAPREC,INE372E01025,B,36.15,37.76,36.15,36.93,36.03,7841,290136.00,104
BSE,BITS,INE839A01021,X,8.05,8.30,7.44,8.02,8.05,70695,563573.00,276
BSE,BIZOTIC,INE0OJ401014,MT,702.00,748.70,700.85,728.10,737.70,2600,1887890.00,12
BSE,BKV,INE356C01022,X,10.04,10.81,10.04,10.09,10.62,1824,18688.00,29
BSE,BLACKBUCK,INE0UIZ01018,A,543.90,548.00,529.65,546.05,533.10,54326,29341855.00,1736
BSE,BLACKROSE,INE761G01016,B,90.70,92.49,87.24,90.57,90.86,9627,863598.00,231
BSE,BLAL,INE0N7W01012,B,179.35,186.95,179.35,183.25,182.10,2945,542432.00,196
BSE,BLBLIMITED,INE791A01024,B,16.49,16.49,15.50,16.20,15.76,1344,21289.00,14
BSE,BLIL,INE525F01025,B,70.78,71.22,70.01,70.53,70.12,12562,888724.00,581
BSE,BLISSGVS,INE416D01022,B,442.75,449.00,435.60,438.10,436.05,30367,13420830.00,472
BSE,BLKASHYAP,INE350H01032,B,51.50,54.10,51.50,53.73,51.38,19429,1026597.00,329
BSE,BLOIN,INE373E01015,X,32.33,34.80,31.70,34.10,33.16,1309,43397.00,31
BSE,BLS,INE153T01027,A,255.20,263.60,253.25,262.15,251.35,164697,42626416.00,2677
BSE,BLSE,INE0NLT01010,B,223.60,231.00,223.60,227.90,225.40,11021,2510814.00,263
BSE,BLT,INE0W4K01013,M,29.00,29.00,29.00,29.00,30.00,3200,92800.00,2
BSE,BLUECHIPT,INE472D01017,X,124.60,125.95,124.60,124.95,124.60,120,14964.00,8
BSE,BLUECLOUDS,INE373T01047,B,17.93,18.24,17.93,18.07,17.81,489272,8843979.00,1156
BSE,BLUECOAST,INE472B01011,T,28.41,28.41,28.34,28.34,29.83,2721,77113.00,16
BSE,BLUEDART,INE233B01017,A,4739.00,4781.15,4730.05,4754.40,4716.90,1252,5950023.00,424
BSE,BLUEJET,INE0KBH01020,A,504.45,520.00,495.50,512.65,498.45,61050,31237674.00,2598
BSE,BLUESTARCO,INE472A01039,A,1568.65,1587.00,1554.80,1582.80,1557.55,19079,29931786.00,1649
BSE,BLUESTONE,INE304W01038,B,524.40,525.15,512.50,520.50,516.20,116014,60008489.00,498
BSE,BLUSPRING,INE0U4101014,B,86.37,92.97,84.89,88.45,83.69,33996,3053567.00,354
BSE,BMBMUMG,INE644K01016,X,8.65,8.65,8.65,8.65,9.10,1489,12879.00,7
BSE,BMW,INE374E01021,B,62.21,63.80,59.80,60.69,62.21,572483,35139425.00,2843
BSE,BMWVENTLTD,INE965W01036,B,59.69,60.10,58.60,58.86,59.10,3576,212445.00,99
BSE,BNAGROCHEM,INE00HZ01011,T,269.00,294.80,267.10,285.90,281.00,564,155451.00,43
BSE,BNALTD,INE489D01011,B,345.00,345.00,345.00,345.00,340.00,100,34500.00,2
BSE,BNRSEC,INE710D01028,X,16.38,16.99,16.12,16.58,16.31,53759,897496.00,175
BSE,BNRUDY,INE355C01016,X,36.45,36.45,32.50,32.78,36.45,1322,43522.00,20
BSE,BODALCHEM,INE338D01028,T,68.15,69.29,67.40,67.65,67.43,6269,426136.00,63
BSE,BODHTREE,INE104F01029,X,17.60,17.60,15.26,17.23,16.01,1472,25486.00,24
BSE,BOMBCYC,INE691K01017,X,1605.00,1614.00,1565.00,1604.65,1605.00,29,46234.00,7
BSE,BOMBWIR,INE089T01023,X,48.46,48.46,47.00,47.90,47.51,156,7463.00,12
BSE,BOMDYEING,INE032A01023,A,123.05,127.50,123.05,127.10,122.70,54275,6833182.00,541
BSE,BOMOXY-B1,INE01TL01014,X,19006.00,19498.95,19000.00,19094.00,19398.00,29,554230.00,23
BSE,BONDADA,INE0Q8P01029,M,320.00,324.00,315.20,321.70,314.10,68200,21843530.00,262
BSE,BONLON,INE0B9A01018,B,41.10,42.81,41.10,42.81,40.78,7981,335362.00,42
BSE,BORANA,INE16SF01016,B,323.40,327.35,318.90,321.00,322.20,1800,577648.00,49
BSE,BOROLTD,INE02PY01013,B,222.10,222.50,218.40,221.65,217.80,5453,1201453.00,160
BSE,BORORENEW,INE666D01022,A,518.55,545.95,518.55,544.55,516.65,49345,26566198.00,1178
BSE,BOROSCI,INE02L001032,B,155.00,156.35,152.55,153.05,152.10,8666,1336522.00,228
BSE,BOSCH-HCIL,INE782A01015,B,1339.85,1340.65,1308.90,1336.75,1320.25,240,319938.00,71
BSE,BOSCHLTD,INE323A01026,A,38101.75,39463.00,38101.75,39054.10,37545.15,3977,155216528.00,1883
BSE,BOSTON,INE109B01019,XT,6.32,6.32,6.32,6.32,6.44,2103,13290.00,6
BSE,BPAGRI,INE439N01031,B,13.04,13.04,11.80,11.90,12.42,144432,1797642.00,581
BSE,BPCL,INE029A01011,A,292.25,303.50,292.25,302.20,286.35,687432,204687122.00,8825
BSE,BPL,INE110A01019,B,54.00,54.00,51.29,51.84,51.03,5151,266691.00,241
BSE,BPLPHARMA,INE365Y01019,X,1321.05,1348.00,1321.00,1331.85,1324.20,103,137347.00,17
BSE,BRADYM,INE856A01017,X,819.00,840.00,787.00,810.10,788.65,188,152256.00,27
BSE,BRAHMINFRA,INE320I01017,X,157.50,162.00,149.85,155.15,157.40,23722,3675965.00,214
BSE,BRAWN,INE899B01015,X,18.14,19.50,18.14,19.50,19.05,1670,30411.00,7
BSE,BRIDGESE,INE958C01025,X,14.69,14.89,14.27,14.81,14.64,44301,649318.00,142
BSE,BRIGADE,INE791I01019,A,655.55,681.00,655.00,678.50,648.45,16773,11183325.00,1198
BSE,BRIGHOTEL,INE03NU01014,B,62.55,62.95,61.76,62.14,62.14,10071,624097.00,66
BSE,BRIGHT,INE0OMI01019,M,375.00,375.00,374.10,375.00,374.00,14625,5484018.00,34
BSE,BRIGHTBR,INE630D01010,X,216.15,224.75,212.00,213.65,215.65,2019,434309.00,102
BSE,BRIJLEAS,INE957E01031,X,10.03,10.89,10.03,10.03,10.03,1679,16841.00,14
BSE,BRITANNIA,INE216A01030,A,5174.05,5177.00,5119.70,5165.35,5109.50,5431,27960318.00,2384
BSE,BRNL,INE727S01012,B,19.14,19.50,18.75,19.08,18.96,4049,77255.00,76
BSE,BROOKS,INE650L01011,T,68.00,68.00,65.00,66.39,65.25,4856,316285.00,15
BSE,BRPL,INE319Q01012,B,121.00,122.80,118.95,120.80,120.70,12288,1475152.00,233
BSE,BRRL,INE0IZQ01016,M,943.00,943.00,839.05,897.00,888.00,1000,906210.00,4
BSE,BSELALGO,INE395A01016,X,4.29,4.50,4.29,4.47,4.29,60487,265610.00,198
BSE,BSHSL,INE032Z01020,T,95.30,95.30,91.50,91.96,96.28,1214,112813.00,43
BSE,BSL,INE594B01012,B,125.10,126.00,122.00,122.05,124.00,23,2836.00,8
BSE,BSOFT,INE836A01035,A,316.10,318.25,309.35,316.20,311.10,84457,26381425.00,2461
BSE,BTML,INE0EEJ01023,B,6.61,6.61,6.49,6.57,6.61,17850,116053.00,38
BSE,BTTL,INE274K01012,B,34.78,34.78,33.85,33.85,34.10,300,10228.00,8
BSE,BUILDPRO,INE24OJ01011,B,1058.00,1058.00,1014.00,1020.00,1031.95,2632,2700580.00,255
BSE,BUTTERFLY,INE295F01017,B,626.00,636.20,626.00,627.65,626.40,1302,820016.00,97
BSE,BVCL,INE139I01011,B,42.80,42.80,39.97,40.00,40.00,60,2456.00,7
BSE,BYKE,INE319B01014,B,33.46,35.09,33.00,33.59,33.31,3201,106690.00,88
BSE,CALCOM,INE216C01010,X,78.00,81.00,78.00,78.99,77.21,1801,141947.00,30
BSE,CALSOFT,INE526B01014,T,20.39,20.39,19.59,19.96,19.99,3117,62228.00,24
BSE,CAMEXLTD,INE198C01010,X,40.74,43.50,39.65,40.97,40.74,3028,121871.00,46
BSE,CAMLINFINE,INE052I01032,A,127.50,138.55,127.50,136.55,125.35,382721,52024933.00,2980
BSE,CAMPUS,INE278Y01022,A,233.00,240.15,230.95,238.30,231.85,12364,2905695.00,519
BSE,CAMS,INE596I01020,A,732.80,760.00,732.75,757.45,723.00,91421,68093123.00,3377
BSE,CANBK,INE476A01022,A,130.10,131.90,128.80,131.60,131.55,1802030,234584585.00,8937
BSE,CANDOUR,INE713D01055,X,72.89,73.08,68.00,73.08,69.60,23655,1668365.00,155
BSE,CANFINHOME,INE477A01020,A,845.00,865.00,839.85,862.25,843.95,6097,5198479.00,547
BSE,CANHLIFE,INE01TY01017,B,138.60,140.45,138.00,138.60,139.20,15886,2207872.00,448
BSE,CANTABIL,INE068L01024,B,216.20,218.15,214.10,217.05,214.85,1470,317884.00,78
BSE,CAPACITE,INE264T01014,B,214.10,221.75,214.10,221.40,211.60,7856,1714605.00,261
BSE,CAPILLARY,INE0ILV01024,B,499.10,545.40,478.70,509.90,498.00,833217,430036884.00,10734
BSE,CAPINVIT,INE0Z8Z23013,IF,72.40,73.00,71.59,72.98,71.48,131520,9523864.00,264
BSE,CAPITALSFB,INE646H01017,B,286.00,286.00,278.00,282.05,276.95,2385,671892.00,343
BSE,CAPLIPOINT,INE475E01026,A,2342.95,2424.00,2342.95,2411.30,2330.80,11551,27647253.00,1515
BSE,CAPPIPES,INE513R01026,B,10.10,10.28,10.00,10.16,10.07,60991,619345.00,286
BSE,CAPRIHANS,INE479A01018,X,79.60,80.00,78.00,79.67,80.00,1828,143689.00,17
BSE,CAPRO,INE470N01010,X,46.55,49.50,46.55,49.45,49.00,1612,78225.00,10
BSE,CAPTRUST,INE707C01018,T,13.20,13.95,12.80,13.50,13.44,2657,35056.00,30
BSE,CARBORUNIV,INE120A01034,A,1000.00,1060.65,996.25,1054.40,996.25,5665,5844647.00,337
BSE,CARERATING,INE752H01013,A,1616.00,1629.00,1599.30,1623.55,1591.35,527,852389.00,126
BSE,CARGOTRANS,INE0M4L01013,M,92.15,92.15,92.15,92.15,92.15,750,69112.00,1
BSE,CARRARO,INE0V7W01012,B,513.75,527.15,509.80,525.25,502.25,8479,4405900.00,478
BSE,CARTRADE,INE290S01011,A,2402.90,2419.55,2311.10,2349.05,2385.55,214069,505432605.00,5631
BSE,CARYSIL,INE482D01024,B,1182.90,1198.00,1165.20,1180.40,1167.95,11621,13721065.00,611
BSE,CASPIAN,INE176N01039,XT,36.18,39.00,36.18,38.81,38.07,1071,39991.00,40
BSE,CASTROLIND,INE172A01027,A,182.55,183.25,182.10,182.55,182.10,33585,6129707.00,654
BSE,CATVISION,INE660B01011,X,19.98,19.98,18.20,18.36,18.09,2098,39346.00,55
BSE,CCAL,INE0M7501019,MT,26.62,26.62,26.62,26.62,25.36,18000,479160.00,3
BSE,CCAVENUE,INE483S01020,A,13.30,13.58,13.30,13.51,13.26,374510,5039771.00,1802
BSE,CCCL,INE429I01024,B,14.79,15.00,14.64,14.83,14.60,5988,88496.00,37
BSE,CCDL,INE187R01029,X,0.98,1.03,0.93,1.00,0.98,665742,664283.00,227
BSE,CCHHL,INE652F01027,B,11.03,12.99,11.03,12.86,12.86,7309,90131.00,51
BSE,CCL,INE421D01022,A,1153.95,1153.95,1120.85,1128.75,1131.70,52583,60040470.00,2325
BSE,CCLINTER,INE778E01031,X,24.59,25.00,23.19,23.20,24.59,1249,30263.00,15
BSE,CCME,INE194N01016,XT,95.05,95.05,86.05,94.00,90.55,375,32587.00,17
BSE,CDG,INE198N01017,XT,261.95,261.95,239.40,239.40,251.95,2051,500474.00,64
BSE,CEATLTD,INE482A01020,A,3188.50,3353.65,3188.50,3333.50,3147.65,12058,39592130.00,1522
BSE,CEEJAY,INE358C01010,X,165.05,173.00,161.50,169.00,170.00,95,15468.00,12
BSE,CEENIK,INE418D01010,X,185.00,185.00,177.80,184.70,184.85,2544,455292.00,39
BSE,CEETAIN,INE760J01012,X,41.00,41.75,41.00,41.57,40.79,12,498.00,9
BSE,CEIGALL,INE0AG901020,B,371.50,382.90,369.05,375.05,370.00,47642,17970129.00,1645
BSE,CEINSYS,INE016Q01014,B,945.00,945.00,916.00,921.45,908.40,8501,7857836.00,498
BSE,CELEBRITY,INE185H01016,B,7.45,7.69,7.45,7.60,7.39,305,2307.00,4
BSE,CELLA,INE266H01014,Z,18.01,18.81,18.01,18.81,17.92,17351,324822.00,100
BSE,CELLO,INE0LMW01024,A,377.05,380.00,371.00,377.15,371.45,14682,5498787.00,1557
BSE,CEMAINFRA,INE222B01028,X,4.79,4.79,4.75,4.75,4.79,318,1518.00,14
BSE,CEMPRO,INE686A01026,A,1167.30,1195.95,1117.50,1122.40,1176.30,96625,110068137.00,3977
BSE,CENLUB,INE627F01011,X,251.95,257.10,239.95,253.35,244.90,8586,2157516.00,133
BSE,CENTENKA,INE485A01015,B,501.75,502.90,494.15,501.60,491.45,1439,719263.00,72
BSE,CENTEXT,INE281A01026,B,19.98,20.25,19.46,19.92,19.70,18035,356373.00,109
BSE,CENTRALBK,INE483A01010,A,30.54,31.14,30.54,31.03,30.19,1131783,34949461.00,2490
BSE,CENTRUM,INE660C01027,B,21.25,22.08,21.25,21.57,21.52,8208,178093.00,38
BSE,CENTUM,INE320B01020,B,3459.50,3636.00,3422.60,3588.70,3380.70,3910,13858671.00,576
BSE,CENTUPLE,INE396H01019,X,38.71,40.80,38.00,39.99,38.92,2221,86396.00,35
BSE,CENTURYPLY,INE348B01021,A,741.10,741.10,716.70,724.30,735.00,6041,4384586.00,852
BSE,CERA,INE739E01017,A,5930.00,6191.00,5917.00,6129.10,5856.20,1757,10590559.00,464
BSE,CEREBRAINT,INE345B01019,Z,3.69,3.83,3.54,3.74,3.69,13137,49400.00,28
BSE,CESC,INE486A01021,A,168.75,170.20,167.80,168.30,167.95,54726,9220968.00,935
BSE,CEWATER,INE037Z01029,B,256.80,262.00,252.95,259.90,250.05,5469,1405346.00,176
BSE,CFEL,INE700F01024,X,38.70,39.30,38.00,38.38,38.65,5582,215940.00,68
BSE,CFF,INE0NJ001013,M,733.00,755.00,727.00,741.75,708.65,20800,15398280.00,93
BSE,CGCL,INE180C01042,A,200.10,209.10,198.85,207.95,199.60,240432,49192533.00,2419
BSE,CGFL,INE727C01024,X,28.40,30.00,27.15,29.24,28.28,798318,23850981.00,290
BSE,CGPOWER,INE067A01029,A,924.95,924.95,897.55,914.05,901.30,96209,87336603.00,3633
BSE,CGVAK,INE084D01010,X,185.95,188.00,176.30,178.10,179.00,3422,620926.00,108
BSE,CHALET,INE427F01016,A,722.70,745.50,720.60,736.10,725.75,60095,43610932.00,767
BSE,CHALLANI,INE807A01010,X,18.99,20.40,18.99,20.19,18.99,118,2379.00,5
BSE,CHAMBLFERT,INE085A01013,A,468.50,471.50,465.85,470.15,466.35,71426,33480405.00,1866
BSE,CHANDNIMACH,INE01GZ01011,X,76.90,76.90,68.00,69.00,71.99,10016,706262.00,209
BSE,CHANDRAP,INE368D01025,XT,13.05,13.74,12.81,13.51,13.44,4540,60271.00,37
BSE,CHANDRIMA,INE371F01024,X,6.35,6.48,6.20,6.20,6.35,51503,320895.00,99
BSE,CHATHA,INE0AH901011,M,78.00,78.00,72.00,75.00,72.00,19000,1434470.00,19
BSE,CHDCHEM,INE043U01010,X,5.80,5.81,5.80,5.81,5.80,1340,7775.00,6
BSE,CHEMBOND,INE995D01025,T,154.10,154.10,150.45,151.95,158.35,634,95722.00,37
BSE,CHEMBONDCH,INE0TGX01019,T,176.00,176.00,176.00,176.00,176.35,13,2288.00,2
BSE,CHEMCON,INE03YM01018,B,193.95,196.00,192.80,194.95,189.90,12725,2471823.00,580
BSE,CHEMCRUX,INE298W01016,B,90.60,90.60,87.30,89.76,90.09,6618,590280.00,156
BSE,CHEMFAB,INE783X01023,T,378.00,378.00,373.60,375.00,393.20,226,84679.00,14
BSE,CHEMKART,INE0VWL01017,MT,129.00,129.00,127.25,127.25,127.55,1800,230100.00,3
BSE,CHEMPLASTS,INE488A01050,B,196.55,210.20,196.55,202.95,197.25,41029,8378921.00,703
BSE,CHEMTECH,INE212P01011,X,74.00,75.49,72.99,73.94,72.01,17058,1259526.00,95
BSE,CHENFERRO,INE777O01016,X,89.00,91.70,85.00,90.95,85.12,587,52259.00,73
BSE,CHENNPETRO,INE178A01016,A,1132.10,1158.80,1115.00,1136.35,1140.60,96362,109484968.00,4054
BSE,CHEVIOT,INE974B01016,B,1082.00,1091.15,1071.00,1084.80,1081.50,109,117939.00,41
BSE,CHLLTD,INE790D01020,X,31.00,31.00,30.96,30.96,29.39,17,526.00,4
BSE,CHLOGIST,INE558F01026,X,6.18,6.76,6.18,6.30,6.35,91189,574070.00,154
BSE,CHMBBRW,INE417N01011,XT,23.00,23.00,22.73,22.73,23.15,14733,338655.00,21
BSE,CHOICEIN,INE102B01014,A,661.45,677.50,661.45,673.80,656.70,35673,23987615.00,938
BSE,CHOKSI,INE865B01016,XT,137.45,142.55,134.45,142.10,137.05,3522,491757.00,48
BSE,CHOKSILA,INE493D01013,XT,119.70,119.70,117.85,117.90,114.00,92,10869.00,9
BSE,CHOLAFIN,INE121A01024,A,1474.25,1577.00,1474.25,1566.90,1453.20,173038,261228391.00,4145
BSE,CHOLAHLDNG,INE149A01033,A,1429.00,1539.00,1429.00,1526.80,1426.65,11584,17285171.00,877
BSE,CHORDIA,INE975C01011,X,70.31,72.52,70.30,72.52,74.00,23,1628.00,3
BSE,CHOWGULSTM,INE490A01015,X,22.25,22.25,21.28,21.89,21.28,424,9090.00,19
BSE,CHROME,INE114E01013,X,41.49,41.49,40.23,40.35,40.17,8035,325928.00,26
BSE,CHTR,INE1B4801017,MT,56.80,56.80,52.25,52.25,55.00,14400,771564.00,12
BSE,CIANAGRO,INE052V01019,T,1536.15,1536.15,1536.15,1536.15,1463.00,33496,51454880.00,728
BSE,CIEINDIA,INE536H01010,A,439.45,454.00,438.50,451.25,436.30,12901,5773485.00,530
BSE,CIFL,INE345H01024,B,24.45,24.45,23.07,23.23,23.06,12093,279802.00,38
BSE,CILSEC,INE830A01012,X,37.00,37.00,36.15,36.32,36.62,591,21417.00,13
BSE,CINDHO,INE908C01012,X,49.36,49.36,49.36,49.36,49.60,3,148.00,2
BSE,CINDRELL,INE897D01015,X,10.47,10.50,10.47,10.50,11.02,950,9964.00,6
BSE,CINELINE,INE704H01022,B,78.78,78.78,78.78,78.78,78.78,5,393.00,4
BSE,CINEVISTA,INE039B01026,B,15.32,15.43,15.05,15.05,15.27,3561,54628.00,15
BSE,CIPLA,INE059A01026,A,1401.45,1401.45,1382.45,1388.80,1383.00,18251,25373262.00,2570
BSE,CITADEL,INE906D01014,X,38.00,38.00,37.25,37.54,37.50,8125,306085.00,26
BSE,CITICHEM,INE0A8401016,M,17.00,17.00,17.00,17.00,17.20,4000,68000.00,2
BSE,CITIPOR,INE494D01011,XT,35.35,36.03,35.35,36.00,34.32,2127,76548.00,13
BSE,CITIUSINVT,INE2Q7823014,IF,106.99,107.26,106.01,106.29,106.72,9922,1058472.00,160
BSE,CITYMAN,INE117C01010,X,15.59,15.59,15.59,15.59,15.95,1,15.00,1
BSE,CITYONLINE,INE158C01014,Z,8.13,8.13,7.81,8.12,8.22,583,4702.00,13
BSE,CITYSQUARE,INE1DRH01011,MT,141.55,141.55,141.55,141.55,148.95,800,113240.00,1
BSE,CJGEL,INE557D01015,XT,22.99,22.99,22.99,22.99,22.99,1,22.00,1
BSE,CLARA,INE0JJS01014,M,35.00,35.00,35.00,35.00,34.80,4150,145250.00,1
BSE,CLEAN,INE227W01023,A,743.85,773.80,743.85,771.20,741.10,11933,9116442.00,1132
BSE,CLEANMAX,INE647U01026,B,1277.95,1333.65,1228.35,1253.70,1284.60,38660,48669972.00,2521
BSE,CLEDUCATE,INE201M01029,T,54.01,54.01,53.80,53.80,54.88,4722,254983.00,23
BSE,CLFL,INE949C01016,X,55.65,55.65,54.00,54.00,53.00,1905,105992.00,9
BSE,CLIOINFO,INE011B01017,XT,8.18,8.18,7.90,8.14,7.80,1450,11505.00,13
BSE,CLN,INE0WDX01010,M,399.00,399.95,394.00,394.00,385.10,600,238590.00,3
BSE,CLSEL,INE419D01026,B,264.75,312.50,264.75,300.20,266.10,389634,117723579.00,5364
BSE,CMMHOSP,INE889F01017,X,37.11,39.20,37.11,38.94,39.34,1241,46401.00,12
BSE,CMPDI,INE05HV01027,B,228.75,239.40,226.05,238.40,222.80,202069,46995496.00,2544
BSE,CMRGREEN,INE00WV01027,B,249.60,253.80,242.50,252.00,243.75,322541,79975648.00,5452
BSE,CMSINFO,INE925R01014,A,291.00,298.50,291.00,296.90,288.85,11758,3473884.00,648
BSE,CMXLTD,INE027F01014,X,16.35,17.44,16.01,17.38,15.86,9109,156150.00,51
BSE,CNCRD,INE0N0J01014,M,2749.95,2950.00,2713.00,2917.20,2718.55,7850,22259560.00,111
BSE,CNINFOTECH,INE0WXM01011,M,110.10,112.00,110.00,110.07,110.05,26000,2865756.00,27
BSE,CNL,INE985W01018,B,697.05,708.00,692.20,705.50,693.95,321,223854.00,67
BSE,COALINDIA,INE522F01014,A,453.10,453.15,439.55,443.70,446.10,405998,179956231.00,7020
BSE,COARO,INE229E01019,P,24.50,24.50,24.50,24.50,25.75,100,2450.00,1
BSE,COASTCORP,INE377E01024,B,46.23,50.00,46.23,48.56,45.41,17913,870080.00,276
BSE,COCHINM,INE105D01013,X,244.00,253.00,241.70,243.25,248.85,13656,3340149.00,244
BSE,COCHINSHIP,INE704P01025,A,1400.90,1428.00,1395.60,1423.85,1387.70,65754,92869779.00,3288
BSE,COCHMAL,INE788M01017,X,140.00,140.00,135.00,139.90,137.15,184,25721.00,19
BSE,COCKERILL,INE515A01019,B,9800.05,10200.00,9646.30,10029.05,9659.90,5441,54133703.00,1604
BSE,COFFEEDAY,INE335K01011,T,34.70,34.85,33.50,34.01,34.96,116774,3966287.00,557
BSE,COFORGE,INE591G01025,A,1414.10,1414.10,1364.00,1367.20,1392.35,113502,156393935.00,5993
BSE,COHANCE,INE03QK01018,A,432.05,433.00,422.95,426.80,423.30,32124,13718118.00,1161
BSE,COLINZ,INE923C01011,XT,55.80,55.80,54.50,54.68,53.15,3172,175450.00,11
BSE,COLORCHIPS,INE621I01042,X,12.89,12.89,12.10,12.17,12.19,4953,62108.00,43
BSE,COLPAL,INE259A01022,A,2036.10,2082.00,2036.10,2078.90,2028.70,12898,26662267.00,2162
BSE,COMCL,INE456N01019,XT,14.15,14.15,13.40,13.45,13.99,10320,140464.00,19
BSE,COMFINCAP,INE274M01026,X,7.40,7.40,7.08,7.28,7.29,7702,56039.00,46
BSE,COMFINTE,INE819A01049,B,5.85,6.00,5.85,5.95,5.85,48639,289866.00,168
BSE,COMPEAU,INE823B01015,X,363.90,377.80,363.90,377.70,361.65,5178,1931023.00,59
BSE,COMPINFO,INE070C01037,Z,1.35,1.40,1.32,1.40,1.35,29419,41053.00,11
BSE,COMPUPN,INE607B01012,X,4.11,4.11,3.87,3.98,3.99,7674,30030.00,35
BSE,COMPUSOFT,INE453B01029,B,13.79,13.79,13.44,13.66,13.71,3385,46310.00,42
BSE,COMSYN,INE073V01015,B,169.35,170.50,167.40,170.30,169.70,1139,192948.00,74
BSE,CONART,INE714D01020,X,103.60,103.60,96.00,97.95,97.00,1771,171934.00,51
BSE,CONCOR,INE111A01025,A,443.90,451.15,438.50,450.20,440.10,43320,19296474.00,1904
BSE,CONCORD,INE858L01010,X,75.10,81.00,74.70,77.31,78.54,18431,1435614.00,118
BSE,CONCORDBIO,INE338H01029,A,1343.50,1366.80,1337.60,1353.85,1345.30,37363,50370067.00,2176
BSE,CONFIPET,INE552D01024,B,73.26,74.71,69.68,70.55,73.21,156888,11267646.00,964
BSE,CONSTRONIC,INE537B01011,X,43.99,44.01,41.30,42.93,42.15,991,43169.00,23
BSE,CONTAINE,INE0M8901010,MT,20.14,21.80,20.14,20.18,21.20,11000,223680.00,9
BSE,CONTAINER,INE319U01022,X,18.00,18.30,17.06,17.06,18.42,8794,150364.00,16
BSE,CONTCHM,INE423K01015,X,62.13,67.78,62.13,65.98,65.40,268,17652.00,7
BSE,CONTICON,INE545B01022,X,6.86,7.55,6.86,7.55,7.22,3575,24550.00,8
BSE,CONTILI,INE080G01029,X,23.98,23.98,22.51,23.38,22.50,419,9708.00,23
BSE,CONTPTR,INE369D01023,X,92.30,92.30,90.60,90.60,87.48,154,13959.00,6
BSE,CONTROLPR,INE663B01015,B,602.00,609.00,598.00,606.80,596.45,750,452649.00,70
BSE,CORALAB,INE683E01017,X,494.90,500.05,480.05,489.80,494.85,1196,583846.00,80
BSE,CORALFINAC,INE558D01021,B,32.00,32.08,31.50,31.83,32.70,1236,39478.00,74
BSE,CORDSCABLE,INE792I01017,T,202.15,210.70,202.15,209.60,200.70,2088,438954.00,25
BSE,CORNE,INE715D01019,X,9.50,9.50,9.03,9.05,9.50,163,1493.00,5
BSE,COROENGG,INE312J01012,X,56.89,56.89,54.60,54.85,54.22,5116,286187.00,35
BSE,COROMANDEL,INE169A01031,A,1889.75,1929.00,1864.00,1915.65,1864.85,10029,19026776.00,1202
BSE,CORONA,INE02ZQ01018,B,1709.25,1734.05,1703.05,1728.40,1680.75,253,433705.00,52
BSE,COSCO,INE949B01018,X,190.00,195.00,186.00,191.65,185.30,319,60636.00,11
BSE,COSMICCRF,INE0ORA01015,MT,1030.00,1040.00,985.60,1023.85,995.50,4600,4682380.00,39
BSE,COSMOFE,INE124B01018,XT,194.05,214.20,194.05,214.20,204.00,5714,1223047.00,91
BSE,COSMOFIRST,INE757A01017,B,719.40,734.55,719.40,727.00,715.75,4637,3374153.00,162
BSE,COSPOWER,INE0CQB01010,MT,1710.00,1750.00,1702.00,1750.00,1772.10,625,1082750.00,5
BSE,COSYN,INE029B01019,X,20.26,20.57,20.10,20.51,20.82,1796,36668.00,30
BSE,COTFAB,INE0S0I01011,M,16.21,16.35,16.04,16.20,16.21,8000,129280.00,4
BSE,COUNCODOS,INE695B01025,B,5.15,5.20,4.85,5.06,5.00,7999,40240.00,69
BSE,COVANCE,INE0R8101016,XT,150.15,161.90,149.15,160.30,156.95,12229,1857937.00,216
BSE,COVIDH,INE899M01020,XT,103.94,103.94,103.94,103.94,101.91,117,12160.00,3
BSE,CPCAP,INE521J01018,T,94.80,95.00,93.95,94.00,91.25,10491,986508.00,53
BSE,CPL,INE536P01021,X,70.25,75.00,70.00,70.20,69.98,70273,5014668.00,287
BSE,CPML,INE056001014,M,2210.00,2230.00,2101.10,2194.85,2240.00,1600,3478312.00,31
BSE,CPPLUS,INE819V01029,B,3420.25,3440.65,3295.00,3371.70,3345.70,19017,64414477.00,2376
BSE,CRAFTSMAN,INE00LO01017,A,8900.25,9006.10,8750.50,8887.35,8803.35,23827,211090367.00,1276
BSE,CRAMC,INE218I01013,B,244.00,251.00,244.00,249.60,240.80,17299,4291886.00,704
BSE,CRANEINFRA,INE176L01017,X,14.75,14.75,13.89,13.94,13.43,835,11798.00,12
BSE,CRANESSOFT,INE234B01023,Z,3.65,3.69,3.51,3.57,3.61,587532,2131870.00,126
BSE,CRANEX,INE608B01010,X,78.00,78.00,71.36,75.70,75.48,2664,200046.00,43
BSE,CRAVATEX,INE145E01017,X,362.90,362.90,352.00,359.35,349.05,246,87898.00,16
BSE,CREATIVE,INE146E01015,X,535.00,535.00,529.90,530.65,545.00,71,37688.00,8
BSE,CREATIVEYE,INE230B01021,B,6.44,6.84,6.44,6.45,6.44,560,3623.00,8
BSE,CREDITACC,INE741K01010,A,1272.40,1315.00,1266.25,1307.55,1265.20,6785,8779625.00,416
BSE,CRESCENTIS,INE754C01010,X,115.50,120.00,115.50,119.90,117.95,917,108148.00,12
BSE,CREST,INE559D01011,B,363.05,381.00,362.00,377.45,367.10,558,210820.00,32
BSE,CRISIL,INE007A01025,A,3977.75,3977.75,3852.50,3897.70,3898.10,53536,207763982.00,844
BSE,CRIZAC,INE0S4R01014,B,209.05,211.45,203.00,206.40,206.75,11027,2277298.00,274
BSE,CROISSANCE,INE587J01027,X,1.18,1.25,1.13,1.15,1.18,193969,224983.00,139
BSE,CROMPTON,INE299U01018,A,256.10,258.90,252.25,256.05,253.50,2385647,608092742.00,4152
BSE,CROPSTER,INE293E01031,B,5.79,5.79,5.43,5.46,5.59,92983,509518.00,209
BSE,CRSL,INE716D01033,X,2.61,2.67,2.52,2.62,2.59,303539,794204.00,462
BSE,CRSTCHM,INE293N01016,XT,141.00,147.00,141.00,143.30,140.05,5038,714161.00,30
BSE,CRYOGENIC,INE0TL001013,M,269.85,274.60,268.00,274.60,261.55,40500,11075850.00,47
BSE,CRYSTAL,INE994R01028,XT,1.98,2.07,1.98,2.07,1.98,30839,63752.00,45
BSE,CSBBANK,INE679A01013,A,357.75,367.75,355.90,366.20,354.20,9007,3241077.00,296
BSE,CSL,INE183Q01020,X,13.03,13.98,13.00,13.51,12.97,26963,355428.00,79
BSE,CSLFINANCE,INE718F01018,B,224.05,229.55,223.95,227.00,224.70,876,198766.00,158
BSE,CSURGSU,INE405H01018,X,81.00,81.00,76.96,77.77,81.01,295,23159.00,10
BSE,CTCL,INE931X01010,M,186.00,219.00,186.00,210.00,230.00,2250,461250.00,3
BSE,CTE,INE627H01017,B,32.76,32.90,31.60,32.50,31.01,1028,33202.00,19
BSE,CTL,INE172D01021,X,15.58,15.79,15.00,15.72,15.53,4803,74616.00,45
BSE,CUB,INE491A01021,A,196.60,208.50,195.85,201.70,257.50,340702,68592273.00,6776
BSE,CUBEINVIT,INE0NR623014,IF,148.25,148.25,148.25,148.25,148.25,25000,3706250.00,1
BSE,CUBEXTUB,INE144D01012,B,81.99,84.78,81.49,83.14,81.99,10972,908398.00,173
BSE,CUBIFIN,INE717D01023,XT,4.02,4.02,4.02,4.02,4.10,12954,52075.00,40
BSE,CUMMINSIND,INE298A01020,A,5680.25,5680.25,5571.70,5622.70,5552.40,6545,36704669.00,2391
BSE,CUPID,INE509F01029,B,158.00,160.10,157.15,159.95,155.60,2123312,338259749.00,11762
BSE,CUPIDALBV,INE108G01010,XT,32.36,32.36,32.36,32.36,30.82,25154,813983.00,61
BSE,CURAA,INE117B01020,B,91.80,98.75,91.80,97.66,102.00,447,41611.00,17
BSE,CWD,INE0H8H01019,MS,305.00,305.00,298.00,298.60,295.00,9000,2701025.00,13
BSE,CYBELEIND,INE183D01010,X,52.00,52.37,49.01,49.92,49.88,4342,223124.00,53
BSE,CYBERMEDIA,INE278G01037,T,16.93,16.93,16.11,16.27,16.93,1522,25419.00,6
BSE,CYBERTECH,INE214A01019,B,136.85,137.30,134.30,136.00,133.50,2798,379236.00,94
BSE,CYIENT,INE136B01020,A,876.70,883.20,861.10,878.20,847.10,140415,122382545.00,7569
BSE,CYIENTDLM,INE055S01018,B,441.05,455.30,440.50,450.50,431.55,17723,7954978.00,658
BSE,DABUR,INE016A01026,A,422.15,428.80,420.45,426.15,422.20,76827,32621145.00,2040
BSE,DACHEPALLI,INE1F9M01018,MT,76.00,76.12,76.00,76.12,72.50,4800,365232.00,3
BSE,DAICHI,INE928C01010,B,239.95,239.95,234.00,238.00,233.90,368,87322.00,19
BSE,DAIKAFFI,INE789B01018,XT,40.95,42.98,40.50,42.97,40.95,11421,479941.00,36
BSE,DALBHARAT,INE00R701025,A,1626.00,1663.00,1616.00,1657.90,1610.50,5016,8267543.00,786
BSE,DALMIASUG,INE495A01022,B,324.20,328.75,324.20,328.15,323.60,2956,965684.00,114
BSE,DAMCAPITAL,INE284H01025,B,142.00,148.00,141.60,147.50,140.15,28408,4154868.00,475
BSE,DAMODARIND,INE497D01022,B,29.01,30.40,29.01,30.40,29.50,121,3663.00,5
BSE,DANLAW,INE310B01013,XT,948.70,963.60,924.00,941.85,948.70,2863,2717304.00,116
BSE,DANUBE,INE575D01041,X,4.74,4.79,4.42,4.66,4.76,43637,206469.00,94
BSE,DARJEELING,INE830S01014,XT,34.94,35.90,32.54,32.54,34.25,49,1701.00,7
BSE,DARSHANORNA,INE671T01028,X,2.33,2.33,2.28,2.32,2.29,30832,70739.00,54
BSE,DATAMATICS,INE365B01017,B,760.00,782.85,760.00,779.00,754.10,2885,2238065.00,199
BSE,DATAPATTNS,INE0IX101010,A,4289.95,4568.00,4252.55,4545.30,4206.75,188513,839913591.00,16023
BSE,DAULAT,INE108C01019,X,28.90,28.90,27.50,28.90,28.90,395,11299.00,10
BSE,DAVANGERE,INE179G01029,B,3.63,3.72,3.58,3.62,3.61,637444,2308704.00,343
BSE,DAVIN,INE0Q2L01013,M,32.56,32.56,32.35,32.40,38.03,10000,324320.00,5
BSE,DBCORP,INE950I01011,B,200.65,203.00,200.00,202.35,199.40,3650,734822.00,127
BSE,DBEIL,INE0OPA01019,T,78.60,80.67,77.80,79.82,78.17,3248,255775.00,51
BSE,DBL,INE917M01012,A,433.10,433.10,423.30,430.25,424.75,2904,1242234.00,415
BSE,DBOL,INE0I3401014,T,113.95,118.55,112.15,114.40,112.95,17104,1989523.00,118
BSE,DBREALTY,INE879I01012,T,109.05,112.55,108.30,112.15,110.55,16007,1777658.00,205
BSE,DBSTOCKBRO,INE921B01025,B,30.66,32.00,30.00,31.94,30.55,230,7208.00,16
BSE,DCAL,INE385W01011,B,180.55,187.00,179.55,184.45,176.85,14491,2655651.00,311
BSE,DCBBANK,INE503A01015,A,174.70,180.60,174.70,179.95,174.35,30910,5506578.00,381
BSE,DCI,INE0A1101019,T,268.00,271.40,265.20,268.00,262.10,48711,13146394.00,15
BSE,DCM,INE498A01018,B,93.01,93.01,90.60,92.55,91.81,280,25896.00,8
BSE,DCMFINSERV,INE891B01012,T,5.57,5.68,5.46,5.68,5.57,4230,23250.00,9
BSE,DCMNVL,INE08KP01019,T,163.50,163.50,158.30,160.10,159.35,145,23554.00,3
BSE,DCMSHRIRAM,INE499A01024,A,1044.25,1047.30,1020.00,1027.35,1028.15,900,924539.00,143
BSE,DCMSIL,INE0OU201013,T,64.48,65.00,64.48,64.48,65.79,1741,112415.00,22
BSE,DCMSRIND,INE843D01027,B,38.90,38.90,37.50,38.16,37.98,17899,678679.00,221
BSE,DCW,INE500A01029,B,45.11,46.90,45.11,46.81,44.97,99345,4600794.00,413
BSE,DCXINDIA,INE0KL801015,B,178.75,185.80,177.50,183.95,174.35,89256,16227939.00,1048
BSE,DDEVPLSTIK,INE0HR601026,B,250.80,258.00,250.80,256.30,247.65,10022,2565901.00,315
BSE,DECCAN,INE452W01019,B,13.40,13.40,12.00,13.08,12.46,9982,125518.00,57
BSE,DECCANCE,INE583C01021,B,579.00,585.90,573.95,574.30,567.75,120,69448.00,16
BSE,DECIPHER,INE643N01012,X,6.85,6.85,6.25,6.80,6.85,1560,10623.00,12
BSE,DECNGOLD,INE945F01025,B,157.00,166.00,157.00,163.90,153.15,427729,69689371.00,4295
BSE,DECOMIC,INE907E01010,X,55.01,55.01,55.01,55.01,58.00,18,990.00,1
BSE,DECPO,INE132E01015,X,36.72,36.72,36.72,36.72,35.00,10,367.00,1
BSE,DEEDEV,INE841L01016,T,620.00,661.95,620.00,661.95,630.45,19340,12684050.00,386
BSE,DEEP,INE00IY01012,B,39.50,40.48,38.69,40.37,39.51,4557,182128.00,54
BSE,DEEPAI,INE005G01026,X,2.12,2.12,2.01,2.06,2.03,409156,841307.00,588
BSE,DEEPAKCHEM,INE0RDM01013,M,75.60,77.10,73.01,75.80,79.59,26400,1979064.00,28
BSE,DEEPAKFERT,INE501A01019,A,1533.55,1583.00,1510.55,1554.60,1503.25,59793,93063356.00,3475
BSE,DEEPAKNTR,INE288B01029,A,1631.00,1684.90,1631.00,1670.10,1611.15,5033,8385271.00,459
BSE,DEEPAKSP,INE272C01013,X,113.90,113.90,111.35,113.30,112.50,427,48138.00,17
BSE,DEEPINDS,INE0FHS01024,B,504.05,513.55,486.05,495.25,503.05,12776,6302864.00,620
BSE,DEL,INE413F01016,X,170.00,180.00,170.00,180.00,171.20,182,32610.00,6
BSE,DELHIVERY,INE148O01028,A,434.40,442.70,434.35,440.05,432.05,66703,29269288.00,873
BSE,DELPHIFX,INE726L01027,B,8.56,9.09,8.56,8.87,8.53,16565,147521.00,63
BSE,DELTA,INE681Q01015,X,12.80,12.80,12.80,12.80,12.80,10,128.00,2
BSE,DELTACORP,INE124G01033,A,64.20,65.00,63.67,64.50,63.45,152322,9789652.00,836
BSE,DELTAMAGNT,INE393A01011,B,57.00,59.90,56.01,58.60,58.45,1422,81295.00,27
BSE,DEN,INE947J01015,B,26.48,27.35,26.48,27.27,26.48,19927,538235.00,191
BSE,DENISCHEM,INE051G01012,X,72.00,73.50,72.00,72.94,72.00,1784,129069.00,42
BSE,DENORA,INE244A01016,B,753.90,753.90,727.50,732.00,738.70,506,371104.00,59
BSE,DENTA,INE0R4L01018,B,244.95,246.00,241.00,245.40,240.45,3281,800042.00,156
BSE,DESCO,INE0TGG01014,MT,211.00,211.00,201.00,205.00,207.50,33000,6775150.00,61
BSE,DESIFARMS,INE358F01013,XT,611.55,636.00,611.55,635.90,624.00,266,167863.00,7
BSE,DEVINE,INE455C01014,X,8.30,8.30,8.00,8.00,8.30,314,2602.00,3
BSE,DEVIT,INE060X01034,B,27.75,28.69,26.93,27.24,28.13,7834,216456.00,140
BSE,DEVLAB,INE0NIJ01025,MT,24.01,24.01,24.01,24.01,24.50,24000,576240.00,4
BSE,DEVX,INE0VOV01021,B,36.11,36.50,35.67,36.50,35.94,23347,851751.00,52
BSE,DEVYANI,INE872J01023,A,107.05,110.10,107.05,109.55,106.35,78630,8572974.00,928
BSE,DFL,INE848N01017,X,43.90,44.50,43.80,43.80,43.80,544,23895.00,10
BSE,DFPL,INE0S6R01027,MT,16.61,17.20,16.61,17.20,16.64,4000,67620.00,2
BSE,DGCONTENT,INE03JI01017,B,24.61,24.61,24.61,24.61,24.36,25,615.00,1
BSE,DGL,INE01GR01018,MT,1.12,1.12,1.10,1.10,1.12,58000,64320.00,4
BSE,DHABRIYA,INE260R01016,X,349.90,360.00,349.90,353.05,346.95,13857,4906449.00,247
BSE,DHAMPURE,INE956B01013,X,122.00,122.00,117.80,117.80,119.65,3104,375395.00,38
BSE,DHAMPURSUG,INE041A01016,B,143.70,144.25,140.65,141.30,142.90,9215,1307380.00,130
BSE,DHANBANK,INE680A01011,B,31.26,32.60,31.26,32.39,31.40,70073,2257487.00,445
BSE,DHANFAB,INE953D01016,X,50.00,50.00,50.00,50.00,50.05,1,50.00,1
BSE,DHANROTO,INE220C01012,X,82.00,82.00,77.50,79.76,76.07,568,44851.00,21
BSE,DHANSAFAL,INE195E01020,X,2.61,2.61,2.56,2.60,2.61,191686,494751.00,80
BSE,DHANUKA,INE435G01025,B,1051.00,1083.15,1040.05,1082.40,1051.55,3805,4036917.00,297
BSE,DHARAN,INE278R01034,Z,0.19,0.19,0.19,0.19,0.19,240023,45604.00,64
BSE,DHARFIN,INE899D01011,X,12.78,12.78,12.78,12.78,12.18,959,12256.00,6
BSE,DHARMAJ,INE00OQ01016,B,277.90,278.95,274.85,277.85,276.20,1301,359336.00,52
BSE,DHATRE,INE715T01031,X,4.76,4.80,4.69,4.77,4.75,21805,103763.00,143
BSE,DHINDIA,INE589D01018,XT,224.80,224.80,211.00,215.35,215.80,6946,1485318.00,96
BSE,DHOOTIN,INE313G01016,X,224.95,225.25,220.00,221.00,224.25,1094,245082.00,34
BSE,DHPIND,INE590D01016,X,497.50,504.00,497.50,502.30,495.00,292,146559.00,18
BSE,DHRUV,INE506Z01015,T,28.15,28.15,27.60,27.60,27.60,426,11909.00,6
BSE,DHRUVCA,INE972E01014,XT,422.60,435.00,422.60,435.00,431.20,10973,4639273.00,33
BSE,DHUNINV,INE320L01011,B,775.00,797.05,775.00,790.50,800.00,23,18069.00,5
BSE,DHYAANITR,INE0K5F01014,M,4.54,4.55,4.46,4.55,4.34,462000,2095296.00,79
BSE,DIACABS,INE989C01038,B,196.65,203.45,196.65,201.90,193.30,178236,35746500.00,1847
BSE,DIAMINESQ,INE591D01014,B,245.00,258.50,243.60,258.50,241.35,74,18684.00,7
BSE,DIAMONDYD,INE393P01035,B,1135.00,1146.20,1108.25,1125.75,1125.10,946,1065567.00,79
BSE,DIANATEA,INE012E01035,X,26.58,27.15,26.02,26.41,26.05,7719,205203.00,48
BSE,DICIND,INE303A01010,B,482.10,498.00,482.10,498.00,512.00,7,3390.00,3
BSE,DIDL,INE642P01019,X,9.50,10.40,9.00,9.89,9.98,1002,9247.00,23
BSE,DIFFNKG,INE184O01015,B,370.55,376.65,358.60,360.85,362.25,20658,7600573.00,603
BSE,DIGIDRIVE,INE0PSC01024,B,18.50,18.50,17.40,18.08,17.76,7260,126696.00,33
BSE,DIGILOGIC,INE1OOT01028,M,121.00,124.00,120.90,122.85,121.90,100800,12384840.00,80
BSE,DIGISPICE,INE927C01020,T,20.68,20.68,20.07,20.65,19.93,2242,45664.00,13
BSE,DIGITIDE,INE0U4701011,B,81.28,83.69,80.51,83.05,81.22,26138,2130483.00,170
BSE,DIGJAMLMTD,INE731U01028,B,45.49,47.00,45.22,46.95,44.99,2449,111791.00,26
BSE,DILIGENT,INE650C01036,X,2.15,2.32,2.11,2.23,2.13,205696,455774.00,181
BSE,DISAQ,INE131C01011,B,10414.00,11405.00,10414.00,11379.75,11258.00,48,543125.00,35
BSE,DISHTV,INE836F01026,T,3.00,3.15,3.00,3.15,3.00,606901,1899681.00,564
BSE,DITCO,INE183R01010,X,14.10,14.15,13.42,13.47,14.10,257,3493.00,7
BSE,DIVGIITTS,INE753U01022,B,809.95,829.95,807.65,817.60,803.80,5836,4771024.00,436
BSE,DIVISLAB,INE361B01024,A,6685.35,6736.95,6621.00,6633.05,6651.25,3207,21344158.00,552
BSE,DIVSHKT,INE410G01010,X,47.12,47.38,45.40,45.81,47.12,3760,172938.00,72
BSE,DIXON,INE935N01020,A,11583.85,11583.85,11385.45,11544.60,11358.25,23926,274850508.00,4838
BSE,DJML,INE0B1K01014,B,111.00,114.90,107.25,114.30,108.35,97699,10905616.00,1289
BSE,DJSSS,INE234E01027,X,1.89,1.94,1.83,1.90,1.84,6862,12672.00,45
BSE,DKUAL,INE0QXT01018,M,9.35,9.35,9.29,9.32,9.77,10000,93180.00,5
BSE,DLCL,INE871Z01013,M,9.00,9.38,9.00,9.38,9.55,8000,73520.00,2
BSE,DLF,INE271C01023,A,569.00,589.00,565.80,587.15,563.25,102055,59126731.00,3193
BSE,DLINKINDIA,INE250K01012,B,492.50,505.00,492.50,501.70,491.20,9469,4752039.00,362
BSE,DLTNCBL,INE872E01016,X,407.60,415.00,401.20,406.60,399.60,1965,801255.00,80
BSE,DMART,INE192R01011,A,4081.30,4081.30,3957.00,3992.45,3986.40,35499,141118920.00,3739
BSE,DMCC,INE505A01010,B,245.80,249.00,234.00,244.15,239.05,8848,2111204.00,99
BSE,DMR,INE07L501010,M,31.21,32.00,31.21,32.00,34.00,9750,310459.00,3
BSE,DNAMEDIA,INE016M01021,B,2.85,3.11,2.85,2.92,2.85,905,2643.00,9
BSE,DODLA,INE021O01019,A,1078.95,1092.80,1075.00,1085.30,1064.35,459,496851.00,73
BSE,DOLATALGO,INE966A01022,B,73.00,75.76,72.63,74.88,72.52,12711,942578.00,178
BSE,DOLFIN,INE666Y01010,B,169.00,175.00,169.00,169.05,168.95,1073,184835.00,35
BSE,DOLLAR,INE325C01035,B,246.50,249.50,244.80,248.95,244.00,4536,1121336.00,124
BSE,DOLPHIN,INE920A01037,B,388.50,390.60,386.65,390.55,387.70,91,35432.00,26
BSE,DOMS,INE321T01012,A,2289.80,2321.05,2251.10,2288.35,2255.30,9862,22498491.00,946
BSE,DONEAR,INE668D01028,B,89.06,89.81,87.96,89.23,88.01,1179,104720.00,48
BSE,DPABHUSHAN,INE266Y01019,B,902.90,902.90,872.00,898.20,882.80,953,846742.00,157
BSE,DPL,INE0MC401013,M,7.06,7.20,6.90,7.00,7.02,54000,379740.00,16
BSE,DPWIRES,INE864X01013,B,172.50,180.00,172.50,178.85,172.25,1291,228758.00,105
BSE,DRAGARWQ,INE934C01018,B,4950.00,5100.00,4912.60,4962.65,4912.60,107,533529.00,51
BSE,DRCSYSTEMS,INE03RS01027,B,14.40,14.89,14.00,14.09,14.22,8231,116255.00,75
BSE,DREAMFOLKS,INE0JS101016,B,67.16,70.23,67.16,69.78,66.83,16134,1120242.00,395
BSE,DREDGECORP,INE506A01018,B,1079.90,1098.70,1036.95,1087.85,1040.40,24411,26216037.00,982
BSE,DRONACHRYA,INE0MQD01015,M,42.05,42.75,41.30,41.93,41.61,39000,1637160.00,28
BSE,DRREDDY,INE089A01031,A,1288.25,1288.25,1266.00,1273.90,1275.05,16559,21088367.00,1546
BSE,DSFCL,INE0OFM01015,B,24.75,24.75,23.00,23.60,23.59,8982,213951.00,121
BSE,DSINVEST,INE422D01012,XT,388.50,388.60,388.50,388.60,381.00,43,16709.00,7
BSE,DSSL,INE417B01040,B,1331.05,1346.40,1252.55,1285.50,1304.95,9998,12765799.00,835
BSE,DTIL,INE341R01014,B,137.30,137.30,137.30,137.30,131.90,300,41190.00,3
BSE,DUCON,INE741L01018,T,3.75,3.75,3.61,3.73,3.58,35997,133727.00,69
BSE,DUKEOFS,INE397G01019,XT,18.57,18.57,18.57,18.57,17.69,6148,114168.00,20
BSE,DUNCANENG,INE340F01011,X,366.00,372.00,360.00,370.10,369.25,186,68439.00,18
BSE,DUROPACK,INE138B01018,X,56.57,56.57,54.50,56.01,56.03,1514,84204.00,14
BSE,DUROPLY,INE932D01010,X,132.50,132.50,128.00,128.10,126.10,809,105609.00,18
BSE,DVL,INE477B01010,B,234.80,240.00,231.05,240.00,234.80,5761,1376658.00,187
BSE,DWARKESH,INE366A01041,B,45.87,45.87,44.25,44.32,44.86,37437,1670700.00,185
BSE,DYCL,INE600Y01019,B,313.60,320.35,308.35,318.55,303.35,14208,4499467.00,414
BSE,DYNAMATECH,INE221B01012,B,9934.95,10200.00,9934.95,10168.15,9913.65,400,4039549.00,149
BSE,DYNAMIND,INE457C01010,X,113.80,113.80,113.80,113.80,110.00,2,227.00,2
BSE,DYNAVSN,INE083E01010,X,195.00,195.00,186.70,187.10,190.00,245,45983.00,15
BSE,DYNPRO,INE256H01015,B,232.40,234.10,228.00,228.15,232.85,15124,3475590.00,270
BSE,E2E,INE255Z01027,B,375.00,387.45,361.70,385.45,0.00,323333,122983578.00,4107
BSE,EASEMYTRIP,INE07O001026,A,8.33,8.56,8.22,8.35,8.33,2221043,18613137.00,1919
BSE,EASTINDIA,INE191C01023,XT,108.90,111.00,103.55,109.00,108.90,926,97098.00,30
BSE,EASTRED,INE500D01015,X,27.49,27.49,27.39,27.39,27.50,22,604.00,3
BSE,EASTWEST,INE595R01023,XT,2.71,2.74,2.66,2.69,2.71,19529,52454.00,82
BSE,EBGNG,INE18JU01028,B,434.80,455.00,425.00,433.45,418.15,119560,52740559.00,2124
BSE,EBIX,INE432F01032,XT,28.05,28.98,27.00,28.03,28.05,139894,3913995.00,309
BSE,ECLERX,INE738I01010,A,1355.00,1399.70,1344.40,1395.50,1336.75,7668,10497145.00,731
BSE,ECOBOAR,INE866A01016,X,58.69,58.69,55.00,55.18,55.72,2324,129160.00,31
BSE,ECOHOTELS,INE638N01012,XT,13.69,13.98,13.11,13.19,13.69,15546,208899.00,88
BSE,ECOPLAST,INE423D01010,X,455.80,482.75,442.35,478.30,437.45,450,214231.00,41
BSE,ECORECO,INE316A01038,T,427.00,434.50,425.00,428.65,422.45,7420,3185773.00,280
BSE,ECOSMOBLTY,INE06HJ01020,T,126.45,126.75,123.15,126.10,122.20,1397,175057.00,17
BSE,EDELWEISS,INE532F01054,A,107.30,110.05,106.70,109.75,105.25,112764,12237043.00,1039
BSE,EDVENSWA,INE125G01014,XT,24.00,25.24,24.00,24.99,24.04,20612,503563.00,61
BSE,EFCIL,INE886D01026,B,189.05,190.95,184.00,186.70,187.85,31799,5960655.00,581
BSE,EFORU,INE355H01015,X,109.00,109.00,97.97,100.28,99.17,523,53888.00,16
BSE,EICHERMOT,INE066A01021,A,7344.55,7354.00,7218.00,7310.75,7177.60,14904,108695834.00,3548
BSE,EIDPARRY,INE126A01031,A,712.25,731.00,712.25,729.30,710.10,15082,10868973.00,1183
BSE,EIEL,INE0LLY01014,A,178.55,187.05,178.55,185.70,177.55,53459,9775119.00,748
BSE,EIGHTY,INE0KSN01014,MT,40.00,40.00,39.99,39.99,42.00,6000,239970.00,2
BSE,EIHAHOTELS,INE276C01014,B,300.00,305.45,295.50,302.75,295.00,483,144698.00,75
BSE,EIHOTEL,INE230A01023,A,289.50,296.45,288.05,295.70,289.45,4857,1415943.00,243
BSE,EIKO,INE666Q01016,X,52.00,53.00,50.51,51.59,51.79,12842,663486.00,108
BSE,EIMCOELECO,INE158B01016,B,1541.00,1544.80,1520.00,1538.95,1533.15,329,503063.00,66
BSE,EKAMLEA,INE906L01025,XT,6.37,6.37,6.37,6.37,6.37,10,63.00,2
BSE,EKANSH,INE005E01013,X,220.25,220.25,215.00,215.80,215.60,8155,1772824.00,41
BSE,EKC,INE184H01027,B,105.30,109.65,105.30,109.05,104.85,8694,937314.00,163
BSE,EKI,INE0CPR01018,B,87.00,87.00,83.56,85.68,83.20,20792,1763435.00,430
BSE,ELAND,INE311H01018,X,13.70,13.70,13.00,13.00,13.19,16985,224021.00,17
BSE,ELANGO,INE594D01018,XT,14.30,14.30,14.30,14.30,15.00,10,143.00,1
BSE,ELANTAS,INE280B01018,B,9448.05,9571.75,9050.00,9561.10,9310.40,87,818400.00,64
BSE,ELCIDIN,INE927X01018,B,115210.25,117190.00,115210.25,117190.00,117195.00,5,580640.00,5
BSE,ELDEHSG,INE668G01021,B,823.95,823.95,822.50,822.55,829.00,3,2469.00,3
BSE,ELECON,INE205B01031,A,538.40,551.65,529.05,535.15,526.35,43943,23788386.00,1626
BSE,ELECTCAST,INE086A01029,A,69.51,72.13,69.51,71.74,69.34,154486,10933524.00,2611
BSE,ELECTHERM,INE822G01016,B,1199.50,1225.20,1167.50,1187.35,1179.30,5458,6503831.00,448
BSE,ELEFLOR,INE152E01013,X,5.34,5.34,5.06,5.18,5.25,49870,259866.00,72
BSE,ELEMARB,INE095B01010,X,193.95,193.95,182.05,186.15,185.30,31,5783.00,8
BSE,ELFIN,INE1FEW01013,MT,72.00,73.50,71.70,71.70,70.00,21000,1525950.00,7
BSE,ELFORGE,INE158F01017,X,17.25,17.40,16.87,17.23,17.00,2798,48061.00,33
BSE,ELGIEQUIP,INE285A01027,A,600.00,608.50,599.40,604.15,593.45,17274,10431678.00,1545
BSE,ELIN,INE050401020,B,101.55,109.90,101.50,106.50,101.80,7605,790403.00,210
BSE,ELITECON,INE669R01026,B,30.51,31.69,29.68,29.97,30.38,734308,22364811.00,3183
BSE,ELIXIR,INE785D01012,X,108.30,112.40,102.20,109.85,102.75,5020,539744.00,81
BSE,ELLEN,INE236E01022,B,265.65,277.55,260.55,275.30,258.00,24927,6732756.00,843
BSE,ELNET,INE033C01019,X,330.00,334.50,330.00,330.00,330.60,155,51374.00,9
BSE,ELPROINTL,INE579B01039,B,170.00,170.00,166.30,169.15,166.80,9636,1624572.00,226
BSE,EMAINDIA,INE279D01016,XT,760.05,760.05,760.05,760.05,775.55,287,218134.00,6
BSE,EMAMILTD,INE548C01032,A,393.50,393.55,387.00,390.95,386.80,28797,11236040.00,929
BSE,EMAMIPAP,INE830C01026,B,81.99,85.83,80.10,85.54,81.99,8918,750800.00,307
BSE,EMAMIREAL,INE778K01012,T,82.00,82.11,82.00,82.11,81.55,15,1230.00,2
BSE,EMBASSY,INE041025011,IF,433.97,433.97,428.23,429.49,431.38,4763,2047509.00,252
BSE,EMBDL,INE069I01010,A,57.50,59.19,57.10,59.07,56.46,135405,7859477.00,556
BSE,EMCURE,INE168P01015,A,1699.80,1745.00,1678.50,1734.25,1682.60,2813,4803926.00,410
BSE,EMERALD,INE030Q01015,X,53.00,55.50,52.71,53.68,53.15,49537,2651807.00,342
BSE,EMERALL,INE044N01021,X,175.00,177.95,165.15,174.70,174.15,276,48138.00,10
BSE,EMERGENT,INE668L01013,XT,361.00,384.00,361.00,376.70,379.50,66,25276.00,9
BSE,EMIAC,INE1OSW01015,M,100.00,101.45,96.90,97.85,98.90,16800,1654392.00,13
BSE,EMIL,INE02YR01019,A,102.70,106.05,101.95,105.50,101.55,1542044,158930092.00,738
BSE,EMKAY,INE296H01011,B,270.35,299.90,267.80,290.30,266.70,15095,4377023.00,536
BSE,EMMBI,INE753K01015,B,89.70,89.70,80.37,84.50,83.60,731,60589.00,28
BSE,EMMESSA,INE634B01016,X,26.99,26.99,24.35,25.17,25.00,3699,94218.00,20
BSE,EMMFORCE,INE0SDC01012,M,113.70,120.00,112.00,114.00,111.50,22800,2659380.00,18
BSE,EMMVEE,INE1C6T01020,B,333.95,346.00,326.65,343.65,321.65,546710,184845092.00,6554
BSE,EMPIND,INE515H01014,X,1010.50,1015.00,996.00,1005.65,985.35,1944,1947452.00,98
BSE,EMPOWER,INE507F01023,T,1.93,1.93,1.93,1.93,1.96,833897,1609421.00,104
BSE,EMROCK,INE554H01021,XT,263.20,288.80,263.20,273.20,277.00,2224,605707.00,43
BSE,EMSLIMITED,INE0OV601013,B,297.55,305.95,297.55,304.00,298.50,11450,3469056.00,421
BSE,EMUDHRA,INE01QM01018,B,473.10,477.95,465.35,468.45,469.20,5388,2527699.00,407
BSE,ENBETRD,INE993I01029,X,0.34,0.35,0.33,0.34,0.34,8976524,3058607.00,817
BSE,ENCODE,INE900O01014,X,13.60,13.60,13.60,13.60,12.96,5,68.00,1
BSE,ENDURANCE,INE913H01037,A,2478.80,2545.35,2470.00,2511.25,2476.85,4510,11243192.00,1408
BSE,ENERGYDEV,INE306C01019,B,16.70,16.90,16.35,16.45,16.22,1640,26894.00,33
BSE,ENERGYINF,INE05KD23015,IF,77.00,77.68,76.90,77.04,77.00,1925000,148239500.00,41
BSE,ENGINERSIN,INE510A01028,A,225.65,238.40,225.15,234.55,224.15,386503,89347807.00,3826
BSE,ENIL,INE265F01028,B,112.00,112.00,106.95,109.30,108.85,743,81485.00,53
BSE,ENKEIWHEL,INE130L01014,X,400.00,404.85,396.00,400.40,399.50,841,336144.00,39
BSE,ENRIN,INE1NPP01017,B,3428.05,3648.40,3428.05,3611.30,3409.60,36099,128298149.00,3678
BSE,ENTERO,INE010601016,B,1134.25,1143.15,1124.75,1135.75,1118.35,1835,2080640.00,139
BSE,ENVAIREL,INE601C01013,XT,95.65,95.65,95.65,95.65,97.60,464,44381.00,5
BSE,EPACK,INE0G5901015,A,222.45,230.00,222.45,226.95,222.45,59917,13632328.00,737
BSE,EPACKPEB,INE0MLS01022,B,237.05,245.50,231.65,240.65,227.85,502875,120444902.00,7558
BSE,EPBIO,INE0D2I01014,M,103.50,103.50,103.50,103.50,94.00,500,51750.00,1
BSE,EPIC,INE932F01015,X,35.48,35.48,34.20,35.31,33.51,8025,280041.00,74
BSE,EPIGRAL,INE071N01016,A,1075.00,1117.40,1075.00,1114.90,1063.65,2986,3295651.00,290
BSE,EPL,INE255A01020,A,219.80,225.40,218.00,224.65,217.25,56005,12533005.00,1060
BSE,EPUJA,INE807D01030,X,1.38,1.41,1.33,1.33,1.40,557333,748522.00,196
BSE,EQUILATERA,INE060N01019,X,22.05,22.05,22.05,22.05,21.00,10,220.00,1
BSE,EQUIPPP,INE217G01035,T,18.05,18.41,17.90,18.23,17.54,19433,350284.00,29
BSE,EQUITASBNK,INE063P01018,A,72.00,76.15,72.00,75.53,71.40,654332,49082239.00,4121
BSE,ERIS,INE406M01024,A,1368.05,1410.00,1368.00,1402.90,1366.75,4426,6164741.00,486
BSE,ESABINDIA,INE284A01012,A,5686.55,5738.45,5676.50,5725.65,5628.05,96,548193.00,37
BSE,ESAFSFB,INE818W01011,B,26.70,28.63,26.70,28.52,26.58,37662,1052037.00,371
BSE,ESARIND,INE404L01039,X,12.19,12.20,11.76,12.17,12.00,16481,199520.00,70
BSE,ESCORP,INE953W01016,B,97.10,104.00,97.05,104.00,100.00,3575,359263.00,22
BSE,ESCORTS,INE042A01014,A,2761.20,2765.00,2730.00,2761.80,2723.25,2699,7419268.00,560
BSE,ESHAMEDIA,INE328F01016,XT,21.92,21.92,21.92,21.92,23.07,1,21.00,1
BSE,ESPIRE,INE176O01011,X,180.00,198.50,170.00,180.00,179.10,1982,349311.00,107
BSE,ESSARSHPNG,INE122M01019,B,21.95,23.95,21.95,23.38,22.34,41086,953883.00,382
BSE,ESSENTIA,INE418N01035,T,1.51,1.59,1.51,1.55,1.56,193060,297239.00,160
BSE,ESSEX,INE1IBY01019,MT,44.78,44.78,43.00,44.12,43.72,20000,888000.00,8
BSE,ESTER,INE778B01029,B,87.07,88.82,86.79,88.05,85.10,455,39573.00,52
BSE,ETERNAL,INE758T01015,A,239.70,244.35,237.70,243.80,235.25,1904645,459128409.00,12999
BSE,ETHOSLTD,INE04TZ01018,A,2380.60,2398.30,2360.55,2376.90,2358.15,237,563660.00,59
BSE,ETIL,INE937K01014,X,7.79,7.92,7.45,7.80,7.80,634,4965.00,16
BSE,EUREKAFORB,INE0KCE01017,A,439.90,443.95,433.35,438.90,436.90,5395,2367150.00,323
BSE,EUREKAI,INE958A01011,XT,11.06,11.06,11.06,11.06,10.85,150085,1659940.00,24
BSE,EUROBOND,INE505V01016,B,178.00,178.00,178.00,178.00,168.10,28,4984.00,1
BSE,EUROLED,INE940E01011,X,17.75,17.95,17.06,17.78,17.06,748,12940.00,29
BSE,EUROPRATIK,INE198501012,B,257.05,275.75,255.65,273.35,253.20,7042,1885548.00,202
BSE,EUROTEXIND,INE022C01012,B,19.70,20.64,19.31,19.90,21.45,4466,88273.00,67
BSE,EVEREADY,INE128A01029,B,340.65,348.65,336.75,345.25,335.30,8162,2815004.00,259
BSE,EVERESTIND,INE295A01018,B,333.50,334.55,322.00,329.95,335.85,990,325460.00,119
BSE,EVERESTO,INE334C01029,X,247.05,260.00,247.05,254.90,259.90,1733,446522.00,30
BSE,EVERFIN,INE339D01034,X,110.00,110.00,109.95,109.95,107.85,4,439.00,2
BSE,EVEXIA,INE313M01030,XT,1.74,1.78,1.62,1.75,1.70,34325250,58863051.00,1169
BSE,EVOQ,INE0JVD01011,M,2.73,2.83,2.60,2.76,2.73,60000,165160.00,13
BSE,EXATO,INE1E4401010,M,370.00,380.00,365.00,380.00,364.20,7000,2621200.00,14
BSE,EXCELINDUS,INE369A01029,B,913.35,922.00,906.20,914.30,904.70,132,120841.00,44
BSE,EXCELSOFT,INE606N01019,B,79.79,81.11,79.00,79.58,78.25,12386,992632.00,178
BSE,EXHICON,INE0O8901016,M,434.40,472.00,432.45,462.70,436.55,54000,24696150.00,155
BSE,EXICOM,INE777F01014,B,138.40,144.30,137.60,141.90,136.15,210679,29827557.00,1782
BSE,EXIDEIND,INE302A01020,A,391.00,393.80,388.00,391.90,385.70,128656,50309471.00,3393
BSE,EXPLEOSOL,INE201K01015,B,796.50,796.50,765.00,783.95,772.80,944,732256.00,175
BSE,EXPLICITFIN,INE335G01019,X,9.64,9.64,9.64,9.64,9.60,15,144.00,1
BSE,EXPOEAPL,INE561D01025,X,68.00,68.00,66.00,66.22,68.29,1111,74029.00,24
BSE,EXXARO,INE0GFE01026,B,6.63,7.71,6.63,7.69,6.43,1022865,7842081.00,928
BSE,EY,INE750G01019,XT,740.05,740.05,740.05,740.05,779.00,17,12580.00,4
BSE,FAALCON,INE0Q9W01015,M,34.01,34.89,34.01,34.45,34.68,6000,206700.00,3
BSE,FABCLEAN,INE0HSD01011,MT,409.50,414.20,405.00,410.00,394.50,12800,5277640.00,28
BSE,FABTECH,INE0HF201011,B,147.00,147.85,144.00,147.00,143.45,2923,425971.00,76
BSE,FACORALL,INE828G01013,X,2.83,2.96,2.83,2.93,2.85,78039,224299.00,127
BSE,FACT,INE188A01015,B,894.65,914.95,887.75,901.45,888.45,9067,8196422.00,575
BSE,FAMILYCARE,INE146N01016,X,3.18,3.22,3.11,3.15,3.12,29124,92323.00,126
BSE,FAZE3Q,INE963C01033,B,525.65,542.85,522.45,542.85,517.00,1990,1077249.00,43
BSE,FCL,INE045J01034,B,38.15,39.68,38.00,39.22,37.04,817781,31620819.00,1879
BSE,FCSSOFT,INE512B01022,T,1.65,1.65,1.65,1.65,1.68,73379,121075.00,98
BSE,FDC,INE258B01022,B,384.15,389.35,377.65,387.90,378.25,15618,5988745.00,1780
BSE,FEDDERSHOL,INE417D01020,B,35.05,35.06,34.00,34.02,34.03,1505,51954.00,89
BSE,FEDERALBNK,INE171A01029,A,315.00,318.30,311.70,315.20,310.00,280878,88629261.00,5545
BSE,FEDFINA,INE007N01010,B,150.50,153.40,148.60,152.40,149.45,68564,10387160.00,2413
BSE,FEL,INE623B01027,Z,0.49,0.49,0.49,0.49,0.49,2016,987.00,9
BSE,FERMENTA,INE225B01021,B,330.00,339.25,330.00,338.80,328.55,3572,1202815.00,193
BSE,FERVENTSYN,INE258M01011,X,15.01,17.00,13.35,14.32,15.40,63716,903899.00,243
BSE,FFPL,INE617C01027,Z,5.24,5.24,5.24,5.24,5.51,55,288.00,3
BSE,FGP,INE512A01016,X,12.46,12.46,11.70,11.98,12.05,8782,105521.00,37
BSE,FIBERWEB,INE296C01020,B,28.40,28.40,27.71,28.18,27.55,436,12258.00,13
BSE,FIEMIND,INE737H01014,B,2298.35,2317.05,2262.25,2309.30,2250.25,2435,5581360.00,425
BSE,FIL,INE1W3Q01011,M,201.70,201.70,201.70,201.70,197.35,1200,242040.00,2
BSE,FILATEX,INE816B01035,B,49.25,52.99,49.25,52.09,49.25,127581,6617923.00,689
BSE,FILATFASH,INE185E01021,T,0.20,0.20,0.19,0.20,0.20,2554803,504587.00,443
BSE,FILME,INE600B01033,XT,1.72,1.80,1.66,1.80,1.72,3108,5491.00,14
BSE,FILTRA,INE541R01019,M,42.50,51.70,42.00,51.70,50.53,24000,1120940.00,12
BSE,FINCABLES,INE235A01022,A,1020.00,1039.95,1014.75,1035.20,1013.05,46172,47585475.00,3405
BSE,FINELINE,INE087E01011,X,51.99,51.99,49.85,50.17,52.47,8887,446106.00,148
BSE,FINEORG,INE686Y01026,A,4692.20,4736.00,4675.00,4723.95,4665.00,207,973693.00,54
BSE,FINKURVE,INE734I01027,B,63.18,65.33,62.55,63.05,62.78,1929,122178.00,43
BSE,FINOPB,INE02NC01014,B,134.05,137.45,133.95,136.00,131.25,19862,2695450.00,395
BSE,FINPIPE,INE183A01024,A,169.85,173.65,168.50,172.90,168.70,55853,9537917.00,1594
BSE,FIRSTCRY,INE02RE01045,A,214.05,217.90,213.60,216.80,212.55,93454,20172682.00,1752
BSE,FIRSTFIN,INE683B01047,X,8.77,9.03,8.17,9.03,8.60,51605,451168.00,63
BSE,FISCHER,INE771F01041,B,35.40,36.77,35.07,36.20,34.72,49463,1771502.00,353
BSE,FIVESTAR,INE128S01021,A,428.80,441.20,423.60,439.80,423.95,53169,23094082.00,2754
BSE,FLAIR,INE00Y201027,B,275.90,276.60,261.70,270.50,267.75,92980,25329398.00,533
BSE,FLEXFO,INE954B01018,X,38.53,41.30,38.53,40.16,41.10,4830,193270.00,66
BSE,FLEXITUFF,INE060J01017,B,6.60,7.12,6.60,7.00,6.99,1167,8003.00,16
BSE,FLFL,INE452O01016,Z,1.30,1.36,1.27,1.34,1.30,15844,20695.00,22
BSE,FLOMIC,INE952M01019,X,48.00,51.00,46.00,50.97,51.00,1030,50676.00,43
BSE,FLUIDOM,INE459C01016,X,783.10,819.00,783.10,800.60,794.10,4584,3645111.00,240
BSE,FLUOROCHEM,INE09N301011,A,3724.15,3724.15,3619.05,3657.00,3680.65,2640,9670213.00,396
BSE,FMEC,INE108T01021,X,17.80,17.80,17.80,17.80,18.73,26620,473836.00,124
BSE,FMGOETZE,INE529A01010,B,443.00,448.00,440.50,445.70,441.75,2082,926533.00,155
BSE,FMNL,INE360L01017,T,10.28,10.28,10.06,10.20,10.44,6981,71375.00,17
BSE,FOCUS,INE0DXR01010,M,152.00,170.00,152.00,170.00,175.00,4266,686826.00,2
BSE,FONE4,INE0L3H01014,M,4.00,4.14,4.00,4.07,3.79,20000,81400.00,2
BSE,FOODSIN,INE976E01023,B,54.15,54.50,53.81,53.88,53.90,1906,102945.00,32
BSE,FORBESCO,INE518A01013,X,315.05,322.00,315.05,317.60,313.85,1032,326660.00,46
BSE,FORCEMOT,INE451A01017,A,17486.95,17996.80,17191.00,17895.30,17092.90,7631,133862889.00,1919
BSE,FORINTL,INE501D01013,X,77.00,77.00,77.00,77.00,77.00,34,2618.00,5
BSE,FORTIS,INE061F01013,A,1002.60,1002.60,986.95,990.40,988.95,237571,235878080.00,2250
BSE,FORTISMLR,INE842B01015,X,52.99,53.00,51.30,52.38,51.34,3891,203750.00,127
BSE,FOSECOC,INE599F01020,X,1199.95,1200.05,1185.00,1190.35,1188.90,4243,5078935.00,106
BSE,FOSECOIND,INE519A01011,B,4817.00,5064.00,4817.00,4952.60,4625.90,185,918488.00,73
BSE,FRACTAL,INE212S01015,B,959.80,973.05,949.10,950.85,939.95,14933,14316485.00,762
BSE,FRANKLININD,INE789R01022,XT,0.39,0.39,0.38,0.38,0.39,2312485,884665.00,527
BSE,FRATELLI,INE401Z01019,X,102.00,102.00,97.00,99.19,95.47,14910,1475872.00,111
BSE,FREDUN,INE194R01017,X,2289.70,2327.00,2289.65,2310.75,2249.55,9047,20888985.00,344
BSE,FRONTCAP,INE977E01013,X,7.08,7.13,6.63,6.85,7.08,11393,77385.00,22
BSE,FRONTCORP,INE092D01013,X,32.32,32.32,32.32,32.32,34.00,118,3813.00,3
BSE,FRONTSP,INE572D01014,B,1448.00,1501.00,1417.90,1482.80,1406.05,5965,8739022.00,661
BSE,FSL,INE684F01012,A,249.05,253.35,245.55,247.65,247.65,278558,68816894.00,1954
BSE,FUNDVISER,INE365H01014,XT,372.40,372.40,372.40,372.40,380.00,157,58466.00,7
BSE,FUSION,INE139R01012,B,169.60,175.90,166.65,174.95,163.05,19170,3272156.00,372
BSE,FUTSOL,INE241F01011,X,49.40,49.40,49.40,49.40,52.00,49,2420.00,1
BSE,FYNX,INE455H01021,X,4.50,4.50,4.33,4.34,4.55,3087,13522.00,23
BSE,GABRIEL,INE524A01029,A,1048.65,1061.00,1012.30,1040.35,1009.70,28535,29614572.00,2873
BSE,GAEL,INE036B01030,B,157.10,159.75,155.85,157.80,155.30,27481,4336108.00,382
BSE,GAGAN,INE076D01016,XT,20.05,22.13,20.04,21.54,21.08,7405,157628.00,79
BSE,GAIL,INE129A01019,A,166.45,171.30,166.45,170.35,166.05,419305,70635546.00,11282
BSE,GAJANANSEC,INE868G01019,X,56.18,56.80,53.20,53.47,55.08,968,53579.00,58
BSE,GALACTICO,INE906Y01028,B,1.98,2.03,1.96,1.98,1.98,74612,148376.00,184
BSE,GALADA,INE255C01026,XT,9.38,9.38,9.38,9.38,9.20,138,1294.00,2
BSE,GALADAFIN,INE243E01010,XT,23.69,23.69,23.69,23.69,24.93,1,23.00,1
BSE,GALAGEX,INE803L01016,X,65.00,68.90,62.10,64.93,65.50,13178,854477.00,40
BSE,GALAPREC,INE0RE001014,B,936.75,943.60,925.95,926.95,922.95,3328,3105280.00,252
BSE,GALAXYSURF,INE600K01018,A,1692.15,1714.00,1645.00,1699.95,1675.00,2284,3817858.00,210
BSE,GALLANTT,INE297H01019,B,642.25,670.60,642.25,653.15,653.60,19598,12926501.00,796
BSE,GALLARD,INE0BUQ01012,M,152.05,152.05,146.05,151.05,161.00,17000,2550550.00,13
BSE,GALLOPENT,INE755J01012,XT,27.09,27.09,26.99,26.99,26.50,30,810.00,2
BSE,GALXBRG,INE020S01012,X,601.75,601.75,575.00,579.35,591.10,883,513371.00,55
BSE,GAMCO,INE890S01026,X,44.00,44.00,42.22,43.39,43.36,128704,5570226.00,202
BSE,GANDHAR,INE717W01049,B,158.00,160.95,156.25,159.90,155.55,27427,4337813.00,410
BSE,GANDHITUBE,INE524B01027,B,850.00,851.35,831.50,845.10,850.00,356,299939.00,50
BSE,GANECOS,INE845D01014,A,919.00,921.15,896.20,912.80,909.20,1705,1550571.00,145
BSE,GANESHBE,INE388A01029,B,110.42,113.05,108.03,108.25,108.06,15833,1746874.00,195
BSE,GANESHCP,INE652V01016,B,198.70,203.90,197.40,198.35,198.60,4401,885078.00,160
BSE,GANESHHOU,INE460C01014,A,756.55,772.35,750.15,761.75,756.55,902,686084.00,124
BSE,GANGAPA,INE278O01015,X,64.55,64.55,64.55,64.55,63.10,10,645.00,1
BSE,GANGESSECU,INE335W01016,B,122.90,126.40,122.90,126.40,117.15,1222,150966.00,20
BSE,GANONPRO,INE162L01017,X,15.44,15.44,13.61,14.00,14.97,31640,444016.00,85
BSE,GANVERSE,INE369Q01017,M,25.26,26.00,25.00,25.45,25.00,11250,283887.00,9
BSE,GARBIFIN,INE721C01019,X,10.40,10.40,9.87,9.88,10.40,2223,22027.00,19
BSE,GARFIBRES,INE276A01018,A,687.55,694.95,683.90,691.85,690.40,2800,1935656.00,279
BSE,GARGFUR,INE194E01015,X,119.00,119.45,115.95,118.50,118.00,3526,414750.00,60
BSE,GARGI,INE0NT601018,M,807.00,868.00,805.95,859.25,805.95,14375,12019825.00,88
BSE,GARMNTMNTR,INE653S01028,X,1.15,1.18,1.13,1.14,1.15,1253418,1434304.00,418
BSE,GARNET,INE797D01017,X,80.70,80.70,75.51,78.04,75.19,3128,242558.00,49
BSE,GARNETINT,INE590B01010,X,73.00,76.00,73.00,73.10,73.90,15309,1129668.00,101
BSE,GARUDA,INE0JVO01026,B,162.40,167.95,161.85,167.50,159.65,28991,4780505.00,360
BSE,GARWAMAR,INE925D01014,X,21.45,21.98,20.05,21.77,21.00,5837,122961.00,72
BSE,GARWAOFFS,INE446C01013,X,46.99,47.00,44.50,45.87,46.00,13448,614954.00,63
BSE,GARWSYN,INE340D01016,X,18.90,18.90,18.90,18.90,18.00,1000,18900.00,1
BSE,GATECH,INE224E01028,B,0.51,0.54,0.51,0.53,0.51,621876,325900.00,141
BSE,GATECHDVR,INE224E01036,B,0.47,0.49,0.46,0.47,0.47,198851,94539.00,52
BSE,GATEWAY,INE079J01017,B,57.06,58.96,57.06,58.21,56.86,39824,2320784.00,679
BSE,GAUDIUMIVF,INE0P8B01020,T,99.15,99.15,99.15,99.15,101.15,59991,5948107.00,273
BSE,GAYAHWS,INE287Z01012,B,2.27,2.27,2.14,2.15,2.16,53615,116766.00,102
BSE,GAYAPROJ,INE336H01023,T,21.40,21.90,20.71,21.88,20.86,73716,1602448.00,106
BSE,GAYATRI,INE622E01023,X,8.39,8.39,8.01,8.10,8.14,52764,429914.00,209
BSE,GAYATRIBI,INE052E01015,X,8.25,8.25,7.66,7.91,7.89,17223,135712.00,64
BSE,GBFL,INE997C01015,XT,10.23,10.55,10.00,10.18,10.23,13112,133517.00,70
BSE,GBLINFRA,INE377M01043,XT,46.33,46.33,46.33,46.33,45.43,3026,140194.00,14
BSE,GBLOGISTIC,INE0RWU01016,M,33.49,34.10,33.49,33.85,31.60,6000,202644.00,5
BSE,GCMSECU,INE168O01026,B,0.66,0.68,0.65,0.66,0.65,36599,24035.00,69
BSE,GCONNECT,INE0QHY01011,M,10.80,12.90,10.80,12.90,12.00,7500,84150.00,5
BSE,GCSL,INE199P01028,B,429.90,436.35,428.20,433.20,427.55,2357,1021140.00,112
BSE,GDLLEAS,INE545E01018,XT,63.00,69.39,63.00,69.39,66.09,101,6989.00,4
BSE,GEE,INE064H01021,X,83.50,84.50,81.00,82.99,83.04,10089,837365.00,28
BSE,GEECEE,INE916G01016,B,322.70,328.35,319.25,319.25,322.45,40,12908.00,8
BSE,GEL,INE721X01023,M,40.50,40.50,36.40,36.40,45.50,180000,6745500.00,50
BSE,GEMAROMA,INE06XZ01023,T,166.25,173.90,166.25,172.50,166.25,12586,2161806.00,176
BSE,GEMENVIRO,INE0RUJ01013,M,38.84,40.56,38.00,40.28,39.63,5600,221088.00,7
BSE,GEMSI,INE503D01027,X,1.55,1.62,1.52,1.55,1.57,125807,195290.00,154
BSE,GENCON,INE854S01022,B,38.10,38.99,38.10,38.95,37.37,3507,135598.00,93
BSE,GENESYS,INE727B01026,B,332.00,337.75,314.65,317.70,331.35,99973,32649296.00,1339
BSE,GENNEX,INE509C01026,X,10.37,10.67,10.08,10.59,10.04,181861,1907410.00,399
BSE,GENPHARMA,INE861N01036,X,1.20,1.20,1.11,1.14,1.14,314097,356240.00,207
BSE,GENUSPAPER,INE949P01018,B,11.92,12.19,11.87,11.96,11.92,10563,127000.00,58
BSE,GENUSPOWER,INE955D01029,A,313.00,320.00,310.70,319.05,310.20,47223,14897048.00,944
BSE,GENUSPRIME,INE256D01014,XT,30.99,30.99,30.88,30.88,31.51,5838,180518.00,26
BSE,GEOJITFSL,INE007B01023,B,74.89,75.24,73.98,75.08,73.00,13957,1042981.00,320
BSE,GESHIP,INE017A01032,A,1408.95,1416.00,1362.60,1389.40,1389.55,29765,41098918.00,2209
BSE,GFLLIMITED,INE538A01037,B,48.00,49.10,46.08,47.68,46.11,10158,484657.00,93
BSE,GGAUTO,INE493B01017,X,138.15,143.70,138.00,140.40,136.10,6455,907827.00,129
BSE,GGL,INE063Z01017,X,3.28,3.32,3.18,3.26,3.25,4649,15025.00,56
BSE,GGPL,INE480S01026,Z,1.50,1.51,1.50,1.51,1.52,13437,20165.00,36
BSE,GHCL,INE539A01019,A,422.05,432.90,421.35,430.35,419.85,30418,12957714.00,2863
BSE,GHCLTEXTIL,INE0PA801013,B,93.20,93.56,90.00,92.53,91.63,26812,2456880.00,262
BSE,GHVINFRA,INE809Q01020,X,224.95,228.00,214.25,224.40,221.60,64584,14278704.00,753
BSE,GIANLIFE,INE063601012,Z,5.39,5.65,5.37,5.37,5.65,13200,71583.00,42
BSE,GICHSGFIN,INE289B01019,B,159.95,159.95,153.75,155.65,155.50,2767,430333.00,64
BSE,GICRE,INE481Y01014,A,373.30,380.35,371.90,378.70,370.75,22757,8536430.00,1013
BSE,GILADAFINS,INE918C01029,X,12.75,12.75,11.99,12.27,12.23,12434,150506.00,37
BSE,GILLANDERS,INE047B01011,B,94.06,94.06,94.06,94.06,87.25,2,188.00,1
BSE,GILLETTE,INE322A01010,A,7749.95,7798.00,7681.20,7712.60,7659.15,10691,82328742.00,291
BSE,GINISILK,INE548B01018,X,57.00,57.00,51.10,51.74,54.23,1604,85496.00,28
BSE,GINNIFILA,INE424C01010,B,43.45,43.45,41.46,42.68,42.08,11257,470470.00,95
BSE,GIPCL,INE162A01010,B,156.95,161.40,156.55,160.80,155.30,18864,3001572.00,398
BSE,GITARENEW,INE776O01018,X,78.14,82.35,78.13,78.17,77.75,603,47558.00,24
BSE,GKB,INE265D01015,X,64.40,64.40,61.30,63.69,63.49,836,52328.00,24
BSE,GKCONS,INE131D01019,X,16.35,16.35,14.90,14.90,14.54,26,393.00,6
BSE,GKENERGY,INE1AG301022,B,137.95,144.00,137.65,143.25,134.45,91458,12971686.00,1043
BSE,GKL,INE986W01016,X,38.39,38.39,36.30,37.45,37.01,24487,913355.00,54
BSE,GKP,INE05QJ01015,B,6.24,6.24,5.90,5.97,6.10,7161,42935.00,75
BSE,GKSL,INE0V0W01025,B,127.00,131.90,125.35,129.20,126.00,21983,2825912.00,435
BSE,GLANCE,INE580D01017,X,168.00,168.00,168.00,168.00,160.00,16,2688.00,2
BSE,GLAND,INE068V01023,A,2328.35,2350.50,2250.00,2261.10,2305.50,34029,77881055.00,3396
BSE,GLAXO,INE159A01016,A,2125.90,2130.60,2088.00,2120.70,2102.70,353278,740375778.00,3257
BSE,GLCL,INE804Q01013,XT,19.92,20.65,19.92,20.01,19.92,7266,145985.00,58
BSE,GLEN,INE0UMC01019,M,67.50,70.20,67.50,68.56,65.60,15600,1077432.00,13
BSE,GLENMARK,INE935A01035,A,2191.80,2191.80,2118.00,2173.20,2144.35,13893,29900335.00,1855
BSE,GLFL,INE540A01017,T,6.50,6.78,6.50,6.69,6.84,501,3349.00,4
BSE,GLHRL,INE0J2K01014,MT,11.35,11.35,10.83,10.83,11.39,23000,249690.00,19
BSE,GLITTEKG,INE741B01027,XT,45.22,45.22,44.10,44.10,45.00,4924,219491.00,27
BSE,GLOBALCA,INE062C01042,X,0.50,0.51,0.48,0.50,0.50,206697,103123.00,114
BSE,GLOBALE,INE0URU01010,T,11.40,11.97,11.30,11.97,11.40,17,197.00,4
BSE,GLOBALVECT,INE792H01019,B,162.30,162.30,152.50,153.50,159.10,683,107321.00,77
BSE,GLOBECIVIL,INE0V3U01015,T,39.15,40.96,39.00,40.14,39.18,2874,113458.00,38
BSE,GLOBTIER,INE12P601017,MT,18.43,18.43,18.43,18.43,17.56,3200,58976.00,2
BSE,GLOBUSCON,INE064L01015,X,13.73,13.73,13.21,13.48,13.60,3150,42363.00,38
BSE,GLOBUSSPR,INE615I01010,B,847.00,859.10,842.05,852.45,835.60,3011,2555016.00,221
BSE,GLOSTERLTD,INE350Z01018,B,673.70,673.70,655.00,664.40,667.80,1953,1294579.00,19
BSE,GLOTTIS,INE0TQE01026,T,67.00,68.90,65.00,67.59,67.03,4553,306938.00,62
BSE,GLPL,INE1CLW01015,M,46.35,48.25,46.35,46.55,48.05,45000,2110200.00,15
BSE,GMBREW,INE075D01018,B,884.95,903.00,884.95,900.95,872.60,3625,3245237.00,274
BSE,GMDCLTD,INE131A01031,A,604.90,614.05,596.85,611.90,588.50,103855,62811676.00,2131
BSE,GMMPFAUDLR,INE541A01023,A,740.05,764.05,740.05,760.35,738.15,7728,5805174.00,1710
BSE,GMRAIRPORT,INE776C01039,A,102.00,103.90,101.15,103.60,100.10,795728,81648544.00,4350
BSE,GMRP&UI,INE0CU601026,A,102.65,105.95,102.05,105.35,101.85,64169,6644594.00,637
BSE,GNA,INE934S01014,B,361.35,372.00,359.00,370.80,353.90,4565,1663814.00,164
BSE,GNFC,INE113A01013,A,494.15,504.50,494.15,503.90,491.25,20267,10126152.00,530
BSE,GNRL,INE207H01018,B,92.00,93.65,91.71,93.45,92.92,6113,566612.00,312
BSE,GOACARBON,INE426D01013,B,383.80,383.95,373.45,376.40,376.05,1481,556727.00,109
BSE,GOBLIN,INE492Z01018,MT,8.63,8.63,8.62,8.62,9.03,4000,34500.00,2
BSE,GOCLCORP,INE077F01035,B,384.40,406.60,384.40,400.65,382.45,7375,2928477.00,344
BSE,GOCOLORS,INE0BJS01011,B,350.20,363.00,347.00,358.30,343.70,69529,24743300.00,2060
BSE,GODAVARI,INE362C01012,XT,115.15,121.80,115.00,120.65,116.00,9289,1099075.00,132
BSE,GODAVARIB,INE497S01012,B,283.85,283.85,274.10,278.40,276.35,2838,788300.00,108
BSE,GODFRYPHLP,INE260B01028,A,2244.60,2306.80,2229.55,2300.90,2191.10,15518,35293119.00,1864
BSE,GODIGIT,INE03JT01014,A,297.10,302.40,293.95,300.55,297.10,23402,6983839.00,614
BSE,GODREJAGRO,INE850D01014,A,563.80,568.15,560.55,565.25,557.85,3447,1944991.00,285
BSE,GODREJCP,INE102D01028,A,1028.80,1036.80,1013.70,1033.45,1008.40,8646,8852002.00,902
BSE,GODREJIND,INE233A01035,A,1011.50,1068.65,1011.50,1039.65,1010.25,10940,11341148.00,799
BSE,GODREJPROP,INE484J01027,A,1654.40,1696.00,1638.00,1689.70,1620.55,48732,81332654.00,2531
BSE,GOEL,INE0K6L01010,MT,12.76,12.76,12.14,12.50,12.76,14000,173900.00,7
BSE,GOELCONS,INE0ZOM01013,MT,409.00,412.00,400.00,409.75,409.00,4800,1946420.00,10
BSE,GOGIACAPGL,INE832C01014,X,55.00,55.00,55.00,55.00,53.00,4,220.00,1
BSE,GOKAKTEX,INE642I01014,X,56.01,59.50,56.00,58.29,58.00,1204,69837.00,26
BSE,GOKEX,INE887G01027,A,671.15,680.35,662.30,674.10,655.90,17565,11798077.00,510
BSE,GOKUL,INE020J01029,B,40.90,44.13,40.50,41.19,40.12,10081,423898.00,185
BSE,GOKULAGRO,INE314T01033,B,230.75,236.00,230.60,232.90,230.65,34795,8108676.00,427
BSE,GOLDENCREST,INE222U01010,X,368.00,368.00,366.15,366.15,350.85,10,3670.00,3
BSE,GOLDENTOBC,INE973A01010,Z,26.10,26.10,25.01,25.90,25.00,197,5074.00,7
BSE,GOLDIAM,INE025B01025,A,430.75,485.25,430.35,479.30,423.30,207387,97478549.00,4583
BSE,GOLDLEG,INE088E01019,X,9.65,9.65,8.73,8.81,9.16,5267,47277.00,45
BSE,GOLDTECH,INE805A01014,B,41.39,42.66,41.11,41.40,41.39,373,15497.00,38
BSE,GOLKUNDIA,INE798D01015,X,242.50,243.00,233.00,237.55,242.50,2069,489479.00,64
BSE,GOODLUCK,INE127I01024,B,1318.50,1319.95,1274.00,1316.20,1286.95,3727,4830911.00,380
BSE,GOODRICKE,INE300A01016,X,180.00,181.00,176.05,179.65,176.75,918,165162.00,35
BSE,GOODYEAR,INE533A01012,B,724.50,735.00,724.00,729.90,724.00,805,585785.00,114
BSE,GOPAL,INE0L9R01028,B,295.00,295.00,281.00,283.35,279.55,9015,2549399.00,91
BSE,GORANIN,INE792J01015,XT,46.55,46.55,46.55,46.55,49.00,200,9310.00,13
BSE,GOURMET,INE512D01028,XT,14.48,15.19,13.77,14.86,14.48,12656,187844.00,55
BSE,GOYALALUM,INE705X01026,B,6.67,7.05,6.67,6.89,6.66,38030,261389.00,166
BSE,GOYALASS,INE912B01032,X,0.75,0.75,0.75,0.75,0.75,260336,195252.00,39
BSE,GPAPL,INE0SIK01014,M,81.50,81.50,81.50,81.50,84.00,1600,130400.00,1
BSE,GPIL,INE177H01039,A,281.00,284.85,276.30,277.15,278.20,112531,31348308.00,3031
BSE,GPPL,INE517F01014,A,150.55,154.30,150.30,153.95,149.30,74821,11383663.00,1114
BSE,GPSL,INE0QZF01012,M,86.70,93.50,86.70,89.05,91.25,107400,9542790.00,146
BSE,GPTHEALTH,INE486R01017,B,147.70,149.60,146.00,148.10,144.45,5992,885887.00,114
BSE,GPTINFRA,INE390G01014,B,112.65,114.85,112.65,113.15,111.95,3438,391963.00,77
BSE,GRAMEVA,INE578R01011,XT,74.34,74.34,67.93,67.99,70.80,101,6867.00,2
BSE,GRANDMA,INE927M01029,X,0.41,0.43,0.41,0.43,0.41,27021,11279.00,20
BSE,GRANDOAK,INE926B01016,B,35.00,35.11,32.25,32.83,35.83,18780,615830.00,412
BSE,GRANULES,INE101D01020,A,778.15,778.70,762.85,766.10,763.15,32006,24662421.00,1659
BSE,GRAPHITE,INE371A01025,A,630.00,647.30,625.15,644.45,624.45,56871,36242837.00,1776
BSE,GRASIM,INE047A01021,A,3148.85,3148.85,3077.00,3105.35,3089.35,11156,34543231.00,1710
BSE,GRAUWEIL,INE266D01021,B,71.55,72.70,71.35,72.49,71.35,18284,1320688.00,364
BSE,GRAVISSHO,INE214F01026,B,29.00,29.69,28.75,29.10,27.98,75,2179.00,5
BSE,GRAVITA,INE024L01027,A,1585.00,1614.60,1558.85,1606.15,1571.55,12815,20312872.00,1278
BSE,GRAVITY,INE995A01013,XT,12.38,12.38,11.27,11.27,11.86,98639,1119579.00,212
BSE,GREAVESCOT,INE224A01026,A,178.30,185.60,178.30,185.20,176.35,68273,12484453.00,875
BSE,GREENCREST,INE414C01045,X,0.49,0.50,0.48,0.48,0.49,136193,65865.00,124
BSE,GREENLAM,INE544R01021,B,246.40,255.45,242.85,252.20,241.50,19886,4983359.00,884
BSE,GREENPANEL,INE08ZM01014,B,192.65,194.95,190.45,194.00,190.25,8229,1589007.00,206
BSE,GREENPLY,INE461C01038,B,299.40,299.40,287.35,291.05,292.60,14485,4242819.00,494
BSE,GREENPOWER,INE999K01014,B,10.85,11.18,10.85,11.15,10.83,335970,3729477.00,765
BSE,GRERENEW,INE0U8P01015,MT,140.25,140.25,140.00,140.00,142.00,3600,504300.00,3
BSE,GRINDWELL,INE536A01023,A,1925.00,1928.65,1907.45,1921.95,1892.90,1966,3774158.00,155
BSE,GRINFRA,INE201P01022,A,842.55,863.00,832.55,855.55,841.15,1754,1480342.00,213
BSE,GRMOVER,INE192H01020,B,90.20,96.00,90.20,93.30,87.30,248123,23399968.00,1617
BSE,GROARC,INE042B01012,X,6.80,7.04,6.29,6.48,6.41,8633,58191.00,39
BSE,GROVY,INE343C01012,X,45.34,45.34,44.95,44.96,44.09,342,15424.00,15
BSE,GROWINGTON,INE451S01027,T,0.70,0.72,0.69,0.71,0.72,5045041,3511137.00,589
BSE,GROWW,INE0HOQ01053,B,193.75,201.00,192.15,199.00,191.85,3107585,609934312.00,16776
BSE,GRPLTD,INE137I01015,B,1670.00,1693.00,1651.00,1687.85,1641.00,17,28515.00,12
BSE,GRSE,INE382Z01011,A,2578.85,2656.00,2573.75,2648.05,2536.05,47044,123167595.00,3481
BSE,GRWRHITECH,INE291A01017,A,6279.55,6308.65,6091.30,6132.50,6225.65,2239,13869400.00,316
BSE,GSAUTO,INE736H01024,X,15.10,16.25,14.75,14.92,15.14,203882,3173456.00,582
BSE,GSBFIN,INE777C01011,X,37.99,37.99,32.95,33.99,33.94,2055,69711.00,99
BSE,GSFC,INE026A01025,A,163.95,164.95,162.00,164.40,162.00,63222,10318320.00,737
BSE,GSLSEC,INE721D01017,XT,51.00,51.00,49.40,49.40,51.99,290,14495.00,3
BSE,GSLSU,INE0JSX01015,B,49.00,49.97,48.10,48.68,49.13,6081,297198.00,172
BSE,GSLTD,INE403B01016,X,19.00,19.00,18.50,18.58,18.43,1391,26073.00,15
BSE,GSPCROP,INE713R01022,B,438.00,452.80,435.65,449.30,431.50,3121,1393618.00,230
BSE,GSS,INE871H01011,T,12.58,12.58,12.32,12.38,12.20,343,4233.00,7
BSE,GSTL,INE632W01016,XT,24.15,24.20,22.80,23.99,23.20,15307,364265.00,58
BSE,GTIL,INE1H1501013,M,65.52,65.52,62.37,62.37,62.30,3200,204624.00,2
BSE,GTL,INE043A01012,B,8.15,8.60,8.15,8.46,8.27,193082,1624593.00,413
BSE,GTLINFRA,INE221H01019,B,1.46,1.52,1.45,1.51,1.44,7778224,11540210.00,12335
BSE,GTNINDS,INE537A01013,X,23.90,24.30,23.30,23.80,23.91,171,4063.00,5
BSE,GTNTEX,INE302H01017,X,8.52,9.86,8.51,8.52,9.18,5993,51202.00,32
BSE,GTPL,INE869I01013,B,64.09,69.00,64.09,67.09,63.34,165,10614.00,4
BSE,GTTDATA,INE959B01017,X,41.28,42.84,40.27,42.20,40.27,30078,1246399.00,72
BSE,GTV,INE910R01024,X,75.95,77.49,74.00,74.77,74.82,35370,2673476.00,256
BSE,GUFICBIO,INE742B01025,B,362.85,375.00,352.70,371.30,354.00,6903,2500286.00,344
BSE,GUJALKALI,INE186A01019,B,629.10,638.85,619.30,628.40,617.15,3643,2298604.00,247
BSE,GUJAPOLLO,INE826C01016,B,368.95,376.80,368.85,370.40,362.50,518,192143.00,158
BSE,GUJARATPOLY,INE541F01022,X,53.10,57.25,53.10,56.45,55.93,4215,234078.00,63
BSE,GUJCOTEX,INE004C01028,XT,4.50,4.56,4.34,4.34,4.56,428314,1861378.00,481
BSE,GUJCRAFT,INE372D01019,X,95.00,99.98,93.50,95.06,93.50,2022,197025.00,26
BSE,GUJCRED,INE034B01019,X,24.00,24.00,24.00,24.00,24.00,11,264.00,2
BSE,GUJGASLTD,INE844O01030,A,379.55,391.40,376.70,388.95,376.65,24777,9527998.00,942
BSE,GUJHOTE,INE621C01011,X,185.50,191.00,180.05,185.05,182.45,3098,573772.00,48
BSE,GUJINJEC,INE659F01014,XT,119.85,120.40,117.00,119.00,114.70,55999,6715832.00,238
BSE,GUJINTRX,INE877E01015,X,431.95,431.95,421.00,426.55,425.35,995,423324.00,91
BSE,GUJINV,INE373D01017,X,18.68,20.64,18.68,20.49,19.66,126,2400.00,3
BSE,GUJJUBHAI,INE311N01016,X,119.50,128.75,119.30,124.80,118.30,156130,19289360.00,282
BSE,GUJPETR,INE636P01011,X,59.99,59.99,58.80,58.80,56.37,20,1188.00,7
BSE,GUJRAFFIA,INE610B01024,B,41.56,42.40,40.58,41.60,40.55,260,10724.00,5
BSE,GUJSTATFIN,INE944A01011,B,10.90,10.98,10.44,10.79,10.82,9866,105053.00,103
BSE,GUJTERC,INE499G01013,X,32.39,33.50,31.33,32.72,31.33,1104,35800.00,22
BSE,GUJTHEM,INE942C01045,B,386.05,392.00,382.10,387.65,382.00,5410,2092690.00,226
BSE,GUJTLRM,INE145J01032,B,0.53,0.56,0.53,0.55,0.53,2942466,1607774.00,731
BSE,GUJWIND,INE173V01013,X,7.04,7.37,7.04,7.37,7.02,32,231.00,4
BSE,GULFOILLUB,INE635Q01029,B,918.20,941.70,915.70,940.05,909.80,5353,4971380.00,987
BSE,GULFPETRO,INE586G01017,T,38.59,40.40,38.00,40.18,38.48,12001,472566.00,89
BSE,GULPOLY,INE255D01024,B,207.95,210.00,202.35,207.00,204.75,21027,4350321.00,368
BSE,GVBL,INE574D01010,X,25.95,28.60,25.95,28.60,27.30,297,8213.00,8
BSE,GVKPIL,INE251H01024,T,2.81,2.89,2.81,2.85,2.84,110916,318093.00,116
BSE,GVL,INE0S0701019,M,47.90,47.90,47.90,47.90,47.90,1000,47900.00,1
BSE,GVPIL,INE878A01011,B,900.65,929.65,900.65,929.65,885.40,72340,67120506.00,1110
BSE,GVT&D,INE200A01026,A,4849.65,4970.50,4780.00,4936.55,4734.80,31177,151826163.00,4667
BSE,GYANDEV,INE487G01018,XT,44.06,45.84,41.86,41.90,44.06,1885,82871.00,21
BSE,GYFTR,INE724A01017,B,170.00,180.00,165.00,176.20,170.60,8202,1420686.00,285
BSE,HAL,INE066F01020,A,4224.95,4224.95,4165.75,4193.25,4171.50,27015,113318744.00,3265
BSE,HALDER,INE115S01010,B,260.25,260.25,242.20,243.25,258.95,723,184069.00,69
BSE,HALDYNGL,INE506D01020,B,119.45,125.45,118.80,124.15,118.25,43230,5311733.00,669
BSE,HALEOSLABS,INE320X01016,B,1352.05,1499.00,1352.05,1356.00,1350.60,68,92272.00,5
BSE,HAMPTON,INE299D01022,X,9.00,9.25,8.91,8.98,9.00,18196,164336.00,103
BSE,HANNAH,INE0JVH01012,MT,95.00,95.00,93.55,94.12,98.35,14000,1317700.00,6
BSE,HANSUGAR,INE101H01013,XT,3.99,3.99,3.91,3.94,3.91,9027,35744.00,37
BSE,HAPPSTMNDS,INE419U01012,A,358.05,359.40,347.05,349.60,345.05,77057,27004227.00,1882
BSE,HAPPYFORGE,INE330T01021,B,1370.00,1370.00,1324.10,1330.95,1351.00,6899,9244572.00,701
BSE,HARDCAS,INE722D01015,X,784.90,793.80,725.20,784.05,790.00,173,132688.00,45
BSE,HARDWYN,INE626Z01029,B,24.36,24.90,23.65,23.80,24.15,328804,7984622.00,515
BSE,HARIAAPL,INE493N01012,X,5.20,5.61,5.20,5.55,5.75,2400,13275.00,9
BSE,HARIAEXPO,INE772B01014,X,5.80,5.80,5.80,5.80,6.05,20,116.00,1
BSE,HARIKANTA,INE1UYW01010,MT,80.15,80.15,76.58,76.58,80.61,12000,923244.00,10
BSE,HARIOMPIPE,INE00EV01017,B,389.85,411.55,389.85,408.55,379.70,38306,15484306.00,916
BSE,HARISH,INE01K301012,X,63.36,65.15,63.36,65.15,63.36,120,7782.00,5
BSE,HARLETH,INE681F01018,X,68.28,68.28,64.00,65.00,64.92,102,6533.00,3
BSE,HARRMALAYA,INE544A01019,B,202.85,211.95,201.25,207.95,202.45,578,119550.00,31
BSE,HARSHA,INE0JUS01029,B,403.55,408.50,397.95,403.00,394.70,15054,6067775.00,509
BSE,HARSHDEEP,INE0OLZ01015,M,79.50,81.00,79.50,81.00,80.28,4500,360750.00,3
BSE,HARSHILAGR,INE098E01026,XT,0.35,0.35,0.34,0.35,0.35,2534926,868120.00,650
BSE,HARYNACAP,INE928H01019,X,140.00,149.10,140.00,143.70,140.15,368,52524.00,63
BSE,HASTIFIN,INE671D01014,X,5.76,5.76,5.76,5.76,6.00,2548,14676.00,3
BSE,HATHWAY,INE982F01036,B,10.37,10.75,10.37,10.69,10.35,102685,1086553.00,317
BSE,HATHWAYB,INE525B01016,X,12.67,12.67,11.52,11.52,12.67,188,2340.00,3
BSE,HATSUN,INE473B01035,A,900.50,918.55,900.50,917.15,900.45,434,397542.00,56
BSE,HAVELLS,INE176B01034,A,1142.25,1156.85,1135.00,1153.30,1130.85,28775,33026504.00,2355
BSE,HAVISHA,INE293B01029,B,1.39,1.51,1.26,1.35,1.39,426244,594708.00,1034
BSE,HAWAENG,INE230I01018,X,83.50,83.50,82.00,83.03,83.90,874,72394.00,15
BSE,HAWKINCOOK,INE979B01015,B,7675.00,7886.85,7624.70,7709.75,7587.85,62,477670.00,44
BSE,HAZOOR,INE550F01049,B,25.03,25.31,24.58,24.85,24.90,307994,7645701.00,618
BSE,HBESD,INE640B01021,B,78.00,80.00,74.01,74.01,73.26,247,19244.00,9
BSE,HBGHOTELS,INE977M01024,X,99.00,99.00,94.00,96.90,94.00,5378,520211.00,16
BSE,HBLEAS,INE549B01016,X,10.97,11.10,10.50,10.56,10.78,15059,163574.00,46
BSE,HBLENGINE,INE292B01021,A,753.10,775.40,753.10,774.40,745.15,43003,32849255.00,1821
BSE,HBPOR,INE638B01025,X,58.01,61.99,58.01,61.76,58.71,876,53743.00,93
BSE,HBSL,INE550B01022,T,51.50,53.96,51.27,53.96,53.94,129,6644.00,11
BSE,HCC,INE549A01026,A,22.35,23.52,22.35,23.37,21.70,2800681,64398318.00,4343
BSE,HCG,INE075I01017,A,641.60,641.60,626.00,630.75,628.95,5080,3206948.00,230
BSE,HCKKVENTURE,INE345Q01017,XT,36.88,38.04,36.88,36.88,38.82,35567,1312556.00,33
BSE,HCL-INSYS,INE236A01020,B,12.35,12.35,11.76,12.19,11.76,51830,628744.00,348
BSE,HCLTECH,INE860A01027,A,1124.45,1124.45,1100.70,1109.20,1110.00,67945,75270269.00,4141
BSE,HDBFS,INE756I01012,B,634.00,647.00,630.25,640.75,622.90,27654,17599651.00,2271
BSE,HDFCAMC,INE127D01025,A,2406.30,2462.20,2380.65,2457.15,2390.65,282340,676026602.00,3188
BSE,HDFCBANK,INE040A01034,A,755.00,774.45,752.80,772.40,744.60,2246959,1716090227.00,70472
BSE,HDFCLIFE,INE795G01014,A,551.00,557.90,545.95,555.40,545.60,102223,56342945.00,3889
BSE,HDIL,INE191I01012,Z,1.86,1.90,1.83,1.90,1.84,47912,88694.00,71
BSE,HEADSUP,INE759V01019,B,6.70,7.33,6.70,7.26,7.50,1421,9763.00,17
BSE,HEALTHX,INE019J01013,B,281.30,284.95,277.05,280.30,277.90,124,34740.00,13
BSE,HEALTHYLIFE,INE0L3501015,M,7.01,7.05,6.78,6.83,7.12,62000,424260.00,20
BSE,HEERAISP,INE025D01013,X,7.25,7.25,7.25,7.25,7.25,1021,7402.00,5
BSE,HEG,INE545A01024,A,514.20,531.05,512.00,526.20,511.60,36308,18911144.00,1495
BSE,HEIDELBERG,INE578A01017,B,148.00,149.70,147.90,149.05,146.95,1999,297770.00,127
BSE,HELLOJI,INE1FJE01010,M,138.00,138.00,138.00,138.00,130.00,2400,331200.00,1
BSE,HELPAGE,INE738P01015,X,21.50,21.87,21.50,21.86,21.93,47,1023.00,4
BSE,HEMANG,INE930A01010,XT,13.64,14.03,12.71,12.96,13.37,750,9914.00,16
BSE,HEMIPROP,INE0AJG01018,B,137.95,140.65,137.75,140.30,135.65,22314,3101298.00,305
BSE,HERANBA,INE694N01015,B,182.45,190.00,182.45,187.80,181.00,1561,289835.00,74
BSE,HERCULES,INE688E01024,X,121.90,124.95,120.00,122.40,119.40,5661,691193.00,151
BSE,HERITGFOOD,INE978A01027,A,315.85,323.00,315.85,320.10,315.35,28101,8997414.00,1143
BSE,HEROMOTOCO,INE158A01026,A,4924.40,4966.20,4868.70,4963.05,4836.10,8995,44361439.00,1785
BSE,HESTERBIO,INE782E01017,B,1979.00,1982.00,1932.00,1960.40,1952.15,286,560303.00,56
BSE,HEXAGON,INE0JUI01012,T,48.00,50.39,48.00,50.39,0.00,1419953,69591331.00,3733
BSE,HEXATRADEX,INE750M01017,B,163.95,165.00,163.95,164.70,156.80,518,85309.00,4
BSE,HEXT,INE093A01041,A,519.75,524.30,491.45,498.00,502.30,872108,434804629.00,2559
BSE,HFCL,INE548A01028,A,169.30,171.85,169.30,171.85,163.70,359072,61429692.00,1960
BSE,HFIL,INE552B01010,X,9.49,9.49,9.32,9.38,9.31,18700,174896.00,94
BSE,HGINFRA,INE926X01010,B,546.80,564.65,546.80,563.15,545.10,10100,5598000.00,1395
BSE,HGM,INE596H01014,B,53.99,54.00,53.70,54.00,52.40,930,50133.00,10
BSE,HGS,INE170I01016,B,426.95,432.65,421.85,424.05,427.15,3278,1396834.00,195
BSE,HIGHENE,INE783E01023,X,514.75,514.75,502.20,511.80,503.70,7864,4008452.00,274
BSE,HIGHNESS,INE1KI801019,M,155.75,162.00,152.00,158.25,155.75,61200,9625140.00,44
BSE,HIKAL,INE475B01022,B,179.80,185.20,179.00,183.95,174.95,7181,1302426.00,184
BSE,HIKLASS,INE302R01024,XT,85.47,85.47,85.47,85.47,85.47,10,854.00,1
BSE,HILIKS,INE966Q01010,X,60.80,62.89,55.01,55.78,58.16,56193,3240107.00,226
BSE,HILINFRA,INE00RL01028,T,47.90,48.00,46.50,47.82,46.58,2743,129111.00,40
BSE,HILLTONE,INE168C01013,X,42.10,45.90,40.25,42.49,44.93,3822,164743.00,46
BSE,HILTON,INE788H01017,T,18.60,19.17,18.41,18.86,18.65,12172,227224.00,79
BSE,HIMATSEIDE,INE049A01027,B,75.70,76.23,74.41,76.07,73.99,20888,1575823.00,369
BSE,HIMTEK,INE705G01021,X,204.50,207.15,204.30,204.35,204.35,3834,783445.00,31
BSE,HINDADH,INE074C01013,X,313.40,313.40,305.00,308.00,295.90,535,164749.00,31
BSE,HINDALCO,INE038A01020,A,1043.00,1050.05,1015.95,1021.40,1023.75,180474,185140892.00,7630
BSE,HINDALUMI,INE227B01019,X,101.90,103.00,100.05,102.75,101.25,2603,264837.00,97
BSE,HINDAPL,INE02XD01011,XT,113.96,113.96,113.96,113.96,108.54,623,70997.00,19
BSE,HINDBIO,INE597C01021,XT,7.65,7.99,7.32,7.68,7.70,17970,132804.00,60
BSE,HINDCOMPOS,INE310C01029,B,408.70,420.00,401.50,413.05,403.35,281,114318.00,55
BSE,HINDCOPPER,INE531E01026,A,511.50,516.50,507.40,510.15,499.25,472162,241463926.00,8493
BSE,HINDHARD,INE724D01011,X,812.00,812.00,790.00,803.10,804.95,957,760046.00,26
BSE,HINDMILL,INE832D01020,X,164.00,165.00,160.00,164.95,160.55,20,3279.00,8
BSE,HINDMOTORS,INE253A01025,XT,16.28,16.90,16.00,16.79,16.27,176792,2923088.00,770
BSE,HINDOILEXP,INE345A01011,B,161.75,177.85,157.35,165.70,167.75,199293,33659686.00,2665
BSE,HINDPETRO,INE094A01015,A,376.35,390.95,372.00,388.75,365.70,594316,226333906.00,10667
BSE,HINDTIN,INE428D01019,X,106.80,107.50,105.35,106.30,106.30,2928,311467.00,46
BSE,HINDUNILVR,INE030A01027,A,2159.45,2178.00,2145.85,2167.55,2139.40,28728,62115942.00,2924
BSE,HINDUST,INE092301014,X,41.00,46.99,41.00,44.70,42.51,144,6122.00,17
BSE,HINDWAREAP,INE05AN01011,B,222.00,257.45,220.40,255.00,214.55,259015,63774324.00,4001
BSE,HINDZINC,INE267A01025,A,560.95,564.90,555.00,559.85,544.95,151953,84951927.00,3315
BSE,HIPOLIN,INE963A01011,XT,78.99,78.99,78.99,78.99,80.60,1,78.00,1
BSE,HIRECT,INE835D01023,B,1119.95,1142.00,1111.55,1125.75,1114.15,7702,8678149.00,523
BSE,HITECH,INE106T01025,B,86.70,89.90,86.70,89.31,85.00,92668,8191859.00,691
BSE,HITECHCORP,INE120D01012,T,306.90,315.70,299.25,311.00,311.80,1411,437218.00,37
BSE,HITECHGEAR,INE127B01011,T,580.00,589.95,580.00,580.40,590.00,82,47579.00,6
BSE,HITKITGLO,INE309B01023,XT,2.65,2.69,2.50,2.64,2.59,74098,187278.00,100
BSE,HITTCO,INE863C01019,X,10.25,10.25,9.70,9.70,10.25,1797,17480.00,12
BSE,HLEGLAS,INE461D01028,B,363.70,392.10,363.70,381.85,361.65,16681,6346004.00,693
BSE,HLVLTD,INE102A01024,B,7.80,7.93,7.72,7.84,7.62,7413,58076.00,45
BSE,HMAAGRO,INE0ECP01024,B,21.89,22.96,21.89,22.63,22.12,48848,1103174.00,270
BSE,HMT,INE262A01018,Z,55.99,55.99,53.02,54.11,54.99,5054,272625.00,31
BSE,HMVL,INE871K01015,B,75.30,80.00,75.30,78.16,78.32,2126,165073.00,39
BSE,HNDFDS,INE254N01026,B,536.05,538.85,527.50,529.65,528.20,1793,959369.00,100
BSE,HOCL,INE048A01011,T,37.30,38.49,36.71,38.27,37.13,55452,2094529.00,240
BSE,HOM,INE982C01033,XT,2.29,2.29,2.29,2.29,2.33,340563,779889.00,79
BSE,HOMEFIRST,INE481N01025,A,1032.40,1113.50,1032.40,1109.75,1030.05,51580,56218181.00,7625
BSE,HONASA,INE0J5401028,A,424.50,426.10,411.80,413.40,417.80,603085,255321325.00,2447
BSE,HONAUT,INE671A01010,A,36300.50,36395.00,35427.25,36122.95,35300.55,334,12052117.00,200
BSE,HONDAPOWER,INE634A01018,B,2190.00,2212.50,2180.50,2191.90,2174.90,329,721770.00,84
BSE,HOTLSILV,INE731B01010,X,11.61,11.74,10.91,10.99,11.50,6355,70072.00,56
BSE,HOWARHO,INE931B01016,X,24.74,24.74,24.72,24.72,23.42,4,98.00,4
BSE,HPAL,INE0GSL01024,B,34.20,35.85,34.20,35.63,35.06,5677,200620.00,155
BSE,HPBL,INE136C01044,XT,210.45,210.45,196.00,204.90,204.95,103432,21112491.00,71
BSE,HPIL,INE05X901010,B,123.10,123.10,123.10,123.10,123.10,180,22158.00,9
BSE,HPL,INE495S01016,B,349.30,360.00,347.05,358.30,340.95,13523,4781978.00,473
BSE,HRS,INE1E1V01017,M,234.50,240.00,234.50,237.00,236.00,5200,1228200.00,5
BSE,HRYNSHP,INE400G01011,X,95.00,96.55,93.05,94.05,94.25,1610,151996.00,25
BSE,HSCL,INE019C01026,A,690.85,692.15,667.65,680.15,680.45,917205,622465512.00,12469
BSE,HSIL,INE0GYI01028,MT,380.00,380.00,361.00,374.35,380.00,30800,11283480.00,67
BSE,HTMEDIA,INE501G01024,B,22.62,23.00,22.36,22.61,22.30,6643,150732.00,22
BSE,HUBTOWN,INE703H01016,B,184.05,187.20,179.95,186.00,180.00,16895,3112892.00,317
BSE,HUDCO,INE031A01017,A,205.05,208.00,202.25,205.35,203.00,171281,35087651.00,1721
BSE,HUHTAMAKI,INE275B01026,B,170.40,174.45,169.25,173.90,169.10,8528,1468455.00,161
BSE,HYBRIDFIN,INE965B01022,B,16.58,17.44,15.86,16.02,16.05,6239,100700.00,55
BSE,HYPERSOFT,INE039D01014,XT,205.85,209.00,205.85,208.00,205.85,10763,2217118.00,35
BSE,HYUNDAI,INE0V6F01027,A,1956.30,1996.95,1956.30,1989.85,1939.75,57885,114707907.00,7557
BSE,IBINFO,INE678B01039,XT,53.56,53.56,53.56,53.56,54.65,322,17246.00,14
BSE,IBULLSLTD,INE126M01010,T,23.61,24.68,22.35,23.62,23.51,810706,19119437.00,1086
BSE,ICDSLTD,INE613B01010,B,45.84,45.84,45.84,45.84,45.44,108,4950.00,1
BSE,ICICIAMC,INE346A01027,A,3270.60,3326.30,3210.00,3240.75,3210.00,40050,130074800.00,4702
BSE,ICICIBANK,INE090A01021,A,1327.55,1344.00,1318.50,1340.35,1317.40,592319,789278699.00,17208
BSE,ICICIGI,INE765G01017,A,1720.50,1720.55,1672.45,1699.75,1712.00,178156,301655871.00,2233
BSE,ICICIPRULI,INE726G01019,A,465.00,469.50,462.40,468.25,460.50,39930,18650617.00,2367
BSE,ICIL,INE483B01026,A,324.45,346.00,322.25,345.20,322.30,20829,7063493.00,476
BSE,ICL,INE407P01017,XT,30.45,30.45,30.45,30.45,30.30,178,5420.00,6
BSE,ICON,INE0Y0E01012,MT,69.57,69.57,69.57,69.57,66.26,9600,667872.00,8
BSE,ICONIKSPEV,INE088P01015,X,42.63,42.63,39.81,40.80,41.90,6832,277944.00,94
BSE,ICRA,INE725G01011,B,5175.70,5175.70,5099.00,5145.00,5074.20,118,606675.00,19
BSE,ICSL,INE682B01023,X,4.59,4.59,4.56,4.56,4.80,3045,13915.00,12
BSE,IDBI,INE008A01015,A,73.32,75.67,73.32,75.44,72.31,786556,58724125.00,4063
BSE,IDEA,INE669E01016,A,14.45,15.09,14.24,14.90,14.18,69449322,1028114703.00,328990
BSE,IDEAFORGE,INE349Y01013,T,879.95,904.95,855.00,872.15,869.70,25422,22263978.00,1000
BSE,IDFCFIRSTB,INE092T01019,A,73.17,77.48,73.17,76.51,72.95,4997361,377214401.00,17849
BSE,IDM,INE649R01010,X,28.80,28.80,28.80,28.80,28.80,154,4435.00,6
BSE,IDREAM,INE459E01012,P,333.00,367.50,332.95,360.00,350.45,600,212155.00,11
BSE,IECEDU,INE172B01017,X,24.99,24.99,24.40,24.50,24.22,485,11885.00,15
BSE,IEX,INE022Q01020,A,117.90,121.20,117.90,120.85,117.10,375581,44919319.00,4237
BSE,IFBAGRO,INE076C01018,T,924.65,924.65,891.20,908.55,924.65,117,105461.00,18
BSE,IFBIND,INE559A01017,B,1266.95,1340.00,1266.95,1288.25,1233.90,11194,14628170.00,736
BSE,IFCI,INE039A01010,A,72.31,84.63,72.31,84.63,70.53,23166167,1899330384.00,44254
BSE,IFGLEXPOR,INE133Y01011,B,186.80,190.60,185.10,187.00,184.35,2379,445280.00,88
BSE,IFINSEC,INE474O01010,X,192.00,192.00,188.00,188.85,190.05,615,116144.00,9
BSE,IFINSER,INE064T01018,X,14.00,14.00,13.03,13.61,13.67,1185,15636.00,28
BSE,IFL,INE714U01024,B,0.38,0.39,0.38,0.39,0.37,1383964,533042.00,557
BSE,IGARASHI,INE188B01013,B,372.00,388.35,370.00,377.80,365.50,3507,1326659.00,193
BSE,IGCIL,INE099S01016,X,2.31,2.31,2.22,2.25,2.30,50160,113333.00,126
BSE,IGCL,INE05J901018,B,57.00,61.99,56.00,60.51,55.99,11578,690730.00,198
BSE,IGIL,INE0Q9301021,A,354.75,367.70,354.75,366.35,354.00,40090,14545725.00,1063
BSE,IGL,INE203G01027,A,161.00,165.80,161.00,163.40,160.90,254778,41575425.00,2819
BSE,IGPL,INE204A01010,B,429.00,437.70,429.00,437.65,427.10,279,120739.00,34
BSE,IIFL,INE530B01024,A,503.20,521.25,500.35,518.70,490.85,78547,40226634.00,2244
BSE,IIFLCAPS,INE489L01022,A,347.45,347.45,339.20,342.20,342.25,45442,15497520.00,1075
BSE,IIRM,INE670C01026,X,126.95,126.95,110.00,119.45,114.75,56289,6586320.00,276
BSE,IISL,INE818R01011,XT,15.00,15.00,15.00,15.00,15.00,45,675.00,5
BSE,IITL,INE886A01014,B,139.35,141.85,136.35,136.85,137.55,6966,968571.00,41
BSE,IITLPROJ,INE786E01018,X,44.00,44.00,42.00,42.08,44.17,524,22624.00,8
BSE,IKIO,INE0LOJ01019,B,153.15,157.40,151.45,155.20,150.35,5659,869415.00,116
BSE,IKOMA,INE164D01010,XT,63.75,63.75,63.75,63.75,62.50,72927,4649096.00,77
BSE,IKS,INE115Q01022,A,1685.00,1694.10,1651.35,1679.70,1648.65,5520,9209341.00,466
BSE,IL&FSENGG,INE369I01014,Z,29.32,29.32,29.00,29.00,29.32,61,1769.00,3
BSE,IL&FSTRANS,INE975G01012,Z,2.32,2.45,2.32,2.45,2.39,3387,7929.00,7
BSE,IMAGICAA,INE172N01012,B,41.51,42.56,41.21,42.41,40.64,15172,638018.00,224
BSE,IMEC,INE611C01020,X,160.00,160.00,152.00,156.85,151.15,1548,241468.00,42
BSE,IMFA,INE919H01018,B,1396.70,1410.05,1371.05,1398.75,1379.35,4178,5821195.00,405
BSE,IMPAL,INE547E01014,B,1064.00,1075.00,1060.00,1064.45,1042.00,173,183658.00,54
BSE,INA,INE0LGX01024,B,116.60,122.75,116.10,117.00,113.90,158657,18835672.00,1158
BSE,INANI,INE635D01027,X,11.40,11.40,11.01,11.28,10.76,1253,14138.00,10
BSE,INCAP,INE437C01012,X,77.25,80.00,76.86,79.38,77.24,321,25072.00,19
BSE,INCON,INE507D01010,X,14.50,15.22,14.50,15.22,14.50,313,4735.00,6
BSE,INCREDIBLE,INE452L01012,B,34.40,35.47,33.00,33.71,34.70,1584,53494.00,28
BSE,INDAG,INE802D01023,X,83.37,86.00,83.37,84.40,83.35,1828,155074.00,83
BSE,INDAGIV,INE115E01010,X,57.22,60.08,57.22,60.08,57.22,103,6173.00,5
BSE,INDBANK,INE841B01017,B,33.46,33.60,33.25,33.55,32.91,2246,75080.00,88
BSE,INDBNK,INE969D01012,B,51.00,51.00,46.20,46.20,46.50,612,29636.00,16
BSE,INDCEMCAP,INE429D01017,X,15.10,15.86,15.07,15.41,15.48,9290,143006.00,51
BSE,INDCTST,INE146H01018,X,50.50,53.00,50.50,50.82,53.60,653,33733.00,10
BSE,INDERGR,INE628F01019,X,21.03,21.03,21.02,21.02,20.03,7236,152162.00,21
BSE,INDGELA,INE342D01012,X,352.00,358.90,348.20,353.85,351.25,691,245009.00,34
BSE,INDGN,INE065X01017,A,510.05,516.85,508.20,511.20,507.85,38945,19881113.00,629
BSE,INDHOTEL,INE053A01029,A,662.00,681.85,660.10,679.85,655.45,486904,324215639.00,3342
BSE,INDIACEM,INE383A01012,A,392.00,394.00,381.60,393.15,383.80,8549,3299870.00,301
BSE,INDIAGLYCO,INE560A01023,B,956.00,990.20,952.70,984.10,941.40,1123,1085990.00,102
BSE,INDIAHOME,INE274E01015,X,30.40,30.80,29.28,30.48,30.45,5220,157854.00,57
BSE,INDIAHOMES,INE072A01029,XT,21.51,22.60,21.51,22.48,21.94,354138,7926832.00,424
BSE,INDIAMART,INE933S01016,A,1981.00,2019.00,1981.00,2017.20,1967.35,3394,6817942.00,331
BSE,INDIANACRY,INE862B01013,X,5.85,6.00,5.82,5.82,5.81,10295,60370.00,47
BSE,INDIANB,INE562A01011,A,834.65,850.90,824.55,846.65,825.65,69886,58557668.00,2490
BSE,INDIANCARD,INE061A01014,B,239.85,239.85,214.15,221.30,213.20,46,10550.00,11
BSE,INDIANHUME,INE323C01030,B,289.80,299.20,289.00,298.30,282.85,4370,1286558.00,332
BSE,INDIANVSH,INE131H01028,X,7.49,7.49,6.92,7.39,7.14,2297,16319.00,21
BSE,INDIASHLTR,INE922K01024,A,738.30,828.90,734.00,798.75,728.65,511653,376089307.00,854
BSE,INDIGO,INE646L01027,A,4599.85,4727.40,4565.20,4708.65,4501.90,69510,324591952.00,7873
BSE,INDIGOPNTS,INE09VQ01012,B,964.60,1003.60,960.00,994.00,949.90,7235,7114089.00,1174
BSE,INDIGRID,INE219X23014,IF,171.99,171.99,170.50,171.07,170.93,169687,28944095.00,341
BSE,INDINFO,INE300B01022,X,0.63,0.63,0.61,0.62,0.62,1193008,741672.00,564
BSE,INDIQUBE,INE06ST01018,B,153.80,154.70,151.50,152.50,150.55,765,116489.00,38
BSE,INDLEASE,INE333C01013,X,8.83,8.83,8.83,8.83,8.41,984,8688.00,7
BSE,INDNIPPON,INE092B01025,B,874.00,896.30,874.00,889.70,859.40,990,874424.00,92
BSE,INDOAMIN,INE760F01028,B,129.55,131.25,128.70,130.45,126.60,3569,463920.00,79
BSE,INDOBELL,INE0FK501019,MT,44.75,48.30,44.75,48.30,46.00,4500,214687.00,5
BSE,INDOBORAX,INE803D01021,B,359.60,376.90,359.60,373.15,358.60,10431,3898353.00,516
BSE,INDOCITY,INE456B01014,X,14.99,14.99,12.86,14.53,14.20,15563,219173.00,98
BSE,INDOCO,INE873D01024,B,255.05,262.00,243.10,248.95,244.05,271720,68432607.00,3874
BSE,INDOCRED,INE147D01015,XT,9.92,9.92,9.80,9.80,9.92,202,1982.00,4
BSE,INDOEURO,INE319N01019,X,10.69,10.69,10.69,10.69,10.40,103,1101.00,5
BSE,INDOFARM,INE622H01018,B,129.90,131.05,128.65,130.50,127.65,2439,317327.00,92
BSE,INDOKEM,INE716F01012,B,519.95,527.80,503.05,519.05,510.20,1518,789342.00,95
BSE,INDORAMA,INE156A01020,B,45.49,46.33,44.12,45.13,44.44,7488,338639.00,204
BSE,INDOSMC,INE0WKY01013,MT,275.00,283.35,270.00,282.95,269.90,72000,20223350.00,65
BSE,INDOSTAR,INE896L01010,B,240.25,246.40,235.60,241.95,233.40,6585,1593593.00,155
BSE,INDOTECH,INE332H01014,T,2495.00,2610.00,2495.00,2607.60,2528.75,817,2109699.00,83
BSE,INDOTHAI,INE337M01021,B,240.00,245.15,233.00,239.00,236.35,54544,13072380.00,708
BSE,INDOUS,INE250Z01010,B,94.00,95.10,88.00,89.35,88.85,515,47075.00,62
BSE,INDOWIND,INE227G01018,T,8.75,9.19,8.75,9.05,9.05,31018,279640.00,134
BSE,INDPRUD,INE620D01011,B,6419.00,6420.00,6410.00,6415.20,6447.00,12,76986.00,11
BSE,INDRAMEDCO,INE681B01017,B,384.35,387.45,380.00,384.55,376.15,8708,3338647.00,278
BSE,INDRANIB,INE007C01021,XT,10.89,11.40,10.89,11.02,11.00,167145,1847945.00,107
BSE,INDRENEW,INE138O01029,Z,10.39,10.98,10.39,10.65,10.60,6741,72909.00,38
BSE,INDSILHYD,INE867D01018,X,39.90,41.59,39.60,40.14,39.55,6989,280392.00,78
BSE,INDSUCR,INE557C01017,X,75.49,75.90,73.33,73.78,72.81,3211,240132.00,43
BSE,INDSWFTLAB,INE915B01019,B,160.75,164.00,159.05,162.90,158.35,28374,4591719.00,316
BSE,INDTERRAIN,INE611L01021,B,32.57,32.57,31.00,31.14,31.35,1007,31704.00,51
BSE,INDTONER,INE826B01018,X,252.00,265.00,249.10,263.05,249.90,8915,2306136.00,157
BSE,INDUSFINL,INE935D01013,XT,114.50,114.50,114.50,114.50,116.55,3857,441626.00,27
BSE,INDUSINDBK,INE095A01012,A,902.55,919.90,890.00,916.90,889.90,122533,110455845.00,4028
BSE,INDUSINVIT,INE0NHL23019,IF,126.90,126.90,125.00,125.17,125.36,12394,1555701.00,368
BSE,INDUSTOWER,INE121J01017,A,415.35,424.40,415.35,420.90,413.00,1673879,704693337.00,3040
BSE,INDXTRA,INE056E01024,X,5.80,5.80,5.41,5.51,5.52,28465,155705.00,124
BSE,INFINITY,INE16XA01017,M,390.00,409.00,390.00,409.00,400.00,6800,2728520.00,16
BSE,INFLAME,INE464Z01017,M,234.80,250.00,217.10,224.35,222.35,15750,3559312.00,57
BSE,INFOBEAN,INE344S01016,B,167.85,170.05,165.00,169.70,165.05,38428,6439543.00,530
BSE,INFOMEDIA,INE669A01022,B,5.84,5.84,5.84,5.84,5.50,75,438.00,4
BSE,INFONATIVE,INE12IB01015,M,27.05,27.05,27.05,27.05,27.05,1600,43280.00,1
BSE,INFORTEC,INE123E01014,X,78.55,83.80,75.10,83.50,83.50,1108,92199.00,13
BSE,INFRONICS,INE463B01036,X,17.52,17.52,15.96,16.23,16.69,877,14537.00,14
BSE,INFY,INE009A01021,A,1121.20,1123.60,1111.50,1116.45,1114.00,260436,290919684.00,9234
BSE,INGERRAND,INE177A01018,A,4039.95,4150.00,4022.00,4141.15,4001.05,1370,5619277.00,269
BSE,INLCM,INE359D01024,X,815.30,923.90,815.30,899.70,895.80,215,193185.00,25
BSE,INNOKAIZ,INE0LDI01022,MT,14.80,14.80,14.80,14.80,15.57,800,11840.00,1
BSE,INNOVACAP,INE0DUT01020,B,957.00,974.00,939.10,941.00,951.25,8372,8010204.00,585
BSE,INNOVANA,INE403Y01018,B,322.00,331.00,322.00,331.00,318.25,26,8381.00,7
BSE,INNOVATORS,INE870Z01015,M,127.50,131.50,127.00,131.00,121.80,20000,2563520.00,21
BSE,INNOVISION,INE0ADB01012,B,287.10,293.95,287.00,289.25,287.10,4107,1184664.00,235
BSE,INNOVTEC,INE965C01038,X,14.18,14.18,13.80,14.15,14.25,655,9122.00,14
BSE,INOVSYNTH,INE690J01011,XT,114.89,114.89,114.89,114.89,112.64,2387,274242.00,17
BSE,INOXGREEN,INE510W01014,A,181.00,192.45,180.95,190.10,179.10,156036,29532503.00,2489
BSE,INOXINDIA,INE616N01034,A,1876.00,1927.50,1797.85,1807.70,1849.90,48371,89713458.00,3206
BSE,INOXWIND,INE066P01011,A,82.96,88.39,82.37,88.07,81.10,1421340,122238917.00,6860
BSE,INSECTICID,INE070I01018,B,711.95,721.65,710.05,720.45,704.75,338,242617.00,55
BSE,INSPIRISYS,INE020G01017,T,107.10,115.00,107.10,113.90,112.60,3210,344335.00,26
BSE,INTECCAP,INE017E01018,XT,15.00,15.66,14.54,15.43,15.30,3653,53242.00,51
BSE,INTEGFD,INE177M01013,XT,139.90,142.70,139.90,142.70,139.95,3980,567610.00,10
BSE,INTEGHIT,INE934A01012,XT,3.80,3.96,3.75,3.82,3.94,8081,31210.00,18
BSE,INTEGRAEN,INE984B01023,XT,225.35,230.00,216.70,222.25,220.00,26260,5832716.00,141
BSE,INTELLECT,INE306R01017,A,731.65,747.00,731.65,742.95,731.10,18102,13438553.00,516
BSE,INTENTECH,INE781A01025,B,100.00,103.00,97.75,100.42,98.45,5250,525701.00,108
BSE,INTERARCH,INE00M901018,B,1750.00,1801.20,1724.30,1796.20,1719.65,5748,10233992.00,637
BSE,INTLCOMBQ,INE403C01014,X,488.65,488.65,466.00,472.50,482.55,605,287795.00,68
BSE,INTLCONV,INE575C01027,B,79.17,79.50,77.43,78.31,77.97,4060,319357.00,155
BSE,INTRGLB,INE661M01016,X,64.00,64.00,63.00,63.00,61.65,62,3907.00,4
BSE,INTSTOIL,INE003B01014,X,39.06,42.00,39.06,41.39,39.06,2698,108673.00,17
BSE,INVENTURE,INE878H01024,B,0.93,0.95,0.93,0.94,0.93,311796,292367.00,122
BSE,INVIGO,INE359A01012,X,6.12,6.15,5.71,5.99,6.30,151,909.00,12
BSE,INVPRECQ,INE155E01016,B,625.00,630.00,620.00,625.45,613.65,104,65235.00,20
BSE,IOB,INE565A01014,A,32.72,33.45,32.70,33.35,32.39,226083,7453746.00,757
BSE,IOC,INE242A01010,A,137.00,141.40,136.80,140.95,134.35,1416028,196889018.00,10163
BSE,IOLCP,INE485C01029,B,129.10,134.90,129.10,134.25,127.85,79244,10540316.00,1073
BSE,IONEXCHANG,INE570A01022,A,335.85,347.00,335.55,346.35,329.65,30063,10236586.00,1130
BSE,IPCALAB,INE571A01038,A,1634.00,1639.95,1572.80,1585.80,1613.05,4010,6425774.00,578
BSE,IPL,INE0D6701023,B,160.15,161.25,157.85,161.05,157.00,7234,1153260.00,157
BSE,IPRINGLTD,INE558A01019,X,126.70,126.70,119.05,120.50,117.05,212,25977.00,17
BSE,IRB,INE821I01022,A,20.49,20.86,20.34,20.82,20.20,603759,12452622.00,1545
BSE,IRBINVIT,INE183W23014,IF,60.61,60.61,60.11,60.43,60.11,32220,1946339.00,540
BSE,IRCON,INE962Y01021,A,132.10,135.95,131.80,135.30,130.30,269573,36061461.00,3139
BSE,IRCTC,INE335Y01020,A,522.15,525.55,520.30,521.15,521.30,104045,54298579.00,4536
BSE,IREDA,INE202E01016,A,120.00,122.95,119.90,122.10,118.30,492615,59581077.00,4435
BSE,IRFC,INE053F01010,A,94.50,96.14,93.95,95.88,93.31,517742,49136467.00,3846
BSE,IRIS,INE864K01010,B,246.85,247.75,231.95,235.95,227.50,2550,610142.00,110
BSE,IRMENERGY,INE07U701015,B,249.85,255.80,246.35,255.30,244.35,12171,3047930.00,157
BSE,IRONWOOD,INE791H01011,X,45.00,45.00,41.52,42.42,42.47,14596,626913.00,76
BSE,ISFL,INE973B01026,X,0.84,0.85,0.84,0.85,0.84,7075,6013.00,7
BSE,ISFT,INE566K01011,B,83.00,83.00,78.70,82.16,83.14,53,4224.00,4
BSE,ISGEC,INE858B01029,A,891.35,915.00,884.30,911.05,874.85,1770,1590940.00,155
BSE,ISHANCH,INE561M01018,B,60.04,62.40,57.11,61.18,59.75,457,26504.00,10
BSE,ISHITADR,INE806D01016,X,74.51,76.50,74.51,75.06,77.99,648,48609.00,18
BSE,ISLCONSUL,INE569B01022,X,21.99,21.99,21.80,21.83,20.23,3,65.00,3
BSE,ISTLTD,INE684B01029,B,646.00,698.00,646.00,655.00,661.80,1010,661009.00,96
BSE,ISTRNETWK,INE532B01020,XT,48.94,50.49,48.15,49.12,49.18,14548,714164.00,116
BSE,ITC,INE154A01025,A,283.95,285.55,283.00,285.15,282.30,385358,109600219.00,6147
BSE,ITCHOTELS,INE379A01028,A,151.15,154.65,150.55,154.05,149.30,234516,35699100.00,4290
BSE,ITCONS,INE0O6A01019,MT,337.50,337.50,312.50,330.15,328.90,34600,11259420.00,86
BSE,ITDC,INE353K01014,B,588.20,598.20,578.00,585.15,581.95,20505,12013145.00,466
BSE,ITHL,INE262B01016,X,305.00,309.75,298.55,301.85,299.15,2197,661846.00,60
BSE,ITI,INE248A01017,A,295.85,300.30,292.90,299.25,289.00,83389,24799597.00,1558
BSE,ITL,INE478D01014,X,279.95,279.95,264.00,268.75,271.75,2629,703240.00,70
BSE,IVALUE,INE056801025,B,231.00,235.05,229.90,234.50,229.90,2445,567756.00,116
BSE,IVC,INE050B01023,B,8.27,8.54,8.25,8.42,8.27,34642,292355.00,242
BSE,IVP,INE043C01018,B,160.30,162.10,159.00,159.00,163.00,849,135425.00,30
BSE,IWP,INE586E01020,B,34.99,35.00,33.40,33.57,35.80,2590,88874.00,62
BSE,IXIGO,INE0HV901016,A,161.15,180.00,161.10,178.30,158.35,374246,65253080.00,3803
BSE,IZMO,INE848A01014,B,969.90,982.60,941.55,982.60,935.85,13531,13123633.00,562
BSE,J&KBANK,INE168A01041,A,157.00,158.85,154.50,157.25,152.95,177531,27821855.00,1832
BSE,JACKSON,INE508N01025,X,0.44,0.45,0.42,0.44,0.44,198638,85702.00,130
BSE,JAGAJITIND,INE574A01016,X,135.90,136.75,133.00,134.30,133.80,9562,1287899.00,105
BSE,JAGANLAM,INE144C01014,X,50.90,50.90,48.89,50.26,51.00,1429,71299.00,53
BSE,JAGJANANI,INE702H01018,X,4.95,4.95,4.35,4.35,4.80,1710,8458.00,8
BSE,JAGRAN,INE199G01027,B,61.65,62.82,61.65,62.51,61.53,16908,1057437.00,709
BSE,JAGSNPHARM,INE048B01035,B,212.80,219.30,210.05,210.80,209.50,7429,1592659.00,191
BSE,JAGSONSER,INE582C01015,X,49.25,53.25,49.21,50.87,51.80,1671,83580.00,32
BSE,JAIBALAJI,INE091G01026,T,64.90,66.55,64.60,66.29,64.15,11947,782915.00,157
BSE,JAICORPLTD,INE070D01027,B,110.00,113.50,109.95,112.45,108.15,21934,2452222.00,259
BSE,JAIHIND,INE156E01014,X,37.90,38.97,36.50,38.97,37.88,1070,41036.00,35
BSE,JAIMATAG,INE250C01027,X,1.64,1.74,1.64,1.73,1.67,26351,44904.00,51
BSE,JAINCO,INE966C01010,X,4.48,4.48,4.46,4.46,4.68,2400,10732.00,7
BSE,JAINEX,INE280F01019,X,132.75,132.75,120.00,121.65,122.95,573,69853.00,11
BSE,JAINREC,INE0YD401026,B,311.95,327.50,310.20,326.40,305.35,514967,164624843.00,8255
BSE,JAIPAN,INE058D01030,X,26.14,26.30,25.00,25.02,26.14,50659,1267498.00,34
BSE,JAMESWARREN,INE718P01017,X,272.10,272.10,266.10,269.25,269.45,554,148966.00,31
BSE,JAMNAAUTO,INE039C01032,B,117.10,122.50,116.65,121.90,114.90,125422,15086854.00,1279
BSE,JAMSHRI,INE462D01034,X,78.00,85.00,76.13,79.13,79.11,431,34362.00,22
BSE,JARO,INE00YJ01010,B,546.05,577.50,546.05,569.30,546.80,13306,7459282.00,331
BSE,JASCH,INE711C01028,X,234.95,236.00,222.00,225.60,227.55,2971,684464.00,64
BSE,JASH,INE039O01029,B,444.60,468.65,444.45,466.75,447.90,9112,4160586.00,352
BSE,JATTAINDUS,INE722N01014,X,410.00,410.00,409.50,409.50,405.00,51,20885.00,2
BSE,JAUSPOL,INE593O01017,XT,26.31,26.31,24.51,24.51,25.79,5544,138236.00,25
BSE,JAYAGROGN,INE785A01026,B,221.75,225.00,220.70,224.95,217.50,234,52479.00,54
BSE,JAYANT,INE0KR801019,M,65.30,82.00,64.00,79.84,69.09,186750,14226285.00,172
BSE,JAYATMA,INE246D01015,XT,62.23,62.23,62.23,62.23,63.49,5,311.00,1
BSE,JAYBARMARU,INE571B01036,B,134.65,144.90,134.50,144.90,131.75,208553,29793394.00,1600
BSE,JAYCH,INE693E01016,X,6.74,6.90,6.60,6.78,6.74,17896,121271.00,100
BSE,JAYIND,INE250D01017,X,12.54,12.54,12.54,12.54,11.95,500,6270.00,2
BSE,JAYKAILASH,INE0MSS01019,MT,44.22,44.23,43.83,43.83,46.13,81600,3583088.00,49
BSE,JAYKAY,INE903A01025,B,174.00,174.55,170.20,171.50,170.05,25092,4337610.00,391
BSE,JAYNECOIND,INE854B01010,B,89.50,91.60,86.60,90.95,86.80,420355,37758381.00,2017
BSE,JAYSREETEA,INE364A01020,B,82.78,87.35,81.40,87.04,82.10,7338,624833.00,183
BSE,JAYSYNTH,INE263B01022,X,12.51,12.76,12.25,12.51,12.51,34449,425305.00,122
BSE,JAYUSH,INE289D01015,X,895.00,895.00,867.70,894.00,895.00,105,92673.00,21
BSE,JBCHEPHARM,INE572A01036,A,2297.85,2299.95,2253.10,2261.40,2251.85,14378,32872042.00,1485
BSE,JBMA,INE927D01051,A,653.90,690.25,653.90,683.75,644.70,222371,151101481.00,5394
BSE,JDCABLES,INE14VP01014,M,185.20,189.75,185.20,186.35,180.35,73600,13781160.00,90
BSE,JENBURPH,INE354A01013,X,1166.00,1190.00,1165.95,1187.45,1157.65,1743,2060387.00,126
BSE,JETFREIGHT,INE982V01025,B,22.99,22.99,21.61,21.69,21.72,26359,580897.00,68
BSE,JETKINGQ,INE919C01019,X,113.80,113.80,105.90,107.95,104.80,922,100340.00,31
BSE,JGCHEM,INE0MB501011,B,436.80,438.05,426.65,432.65,425.15,7619,3296858.00,284
BSE,JGTL,INE0QXV01014,X,529.00,529.00,495.10,501.45,492.30,348,178483.00,35
BSE,JHACC,INE865D01012,X,173.20,175.00,170.00,170.05,172.85,1140,195811.00,22
BSE,JHS,INE544H01014,B,8.31,8.31,7.85,8.10,8.09,9073,73206.00,140
BSE,JINDALPHOT,INE796G01012,B,1078.35,1122.00,1078.35,1106.25,1084.75,506,557579.00,103
BSE,JINDALPOLY,INE197D01010,B,765.45,765.45,729.20,753.10,730.65,9931,7473628.00,584
BSE,JINDALSAW,INE324A01032,A,229.90,240.00,226.95,238.30,223.85,162073,37803359.00,2605
BSE,JINDALSTEL,INE749A01030,A,1131.15,1149.95,1128.45,1148.50,1121.95,19495,22249162.00,1465
BSE,JINDCAP,INE356F01017,X,33.90,33.90,31.77,32.11,32.70,2048,66922.00,46
BSE,JINDHOT,INE726D01016,X,63.00,65.75,63.00,65.00,62.61,298,19298.00,10
BSE,JINDRILL,INE742C01031,B,610.70,610.70,596.00,600.00,609.85,73161,43916034.00,913
BSE,JINDWORLD,INE247D01039,B,27.64,31.50,27.64,29.86,27.63,578611,17662008.00,2205
BSE,JIOFIN,INE758E01017,A,230.60,236.45,230.10,236.05,228.00,712844,166378927.00,5911
BSE,JISLJALEQS,INE175A01038,A,29.95,31.22,29.95,31.05,29.64,265140,8177582.00,969
BSE,JITFINFRA,INE863T01013,B,293.15,297.85,293.00,297.85,293.25,217,63664.00,5
BSE,JJFINCOR,INE584C01011,X,45.20,49.90,45.17,46.72,47.54,12188,553249.00,29
BSE,JKAGRI,INE690O01011,X,311.15,312.75,311.15,312.70,311.15,162,50459.00,10
BSE,JKCEMENT,INE823G01014,A,4749.55,4876.25,4670.05,4863.80,4701.25,4704,22488191.00,784
BSE,JKIL,INE576I01022,A,464.90,469.90,454.25,458.55,461.10,5736,2645983.00,617
BSE,JKIPL,INE1FF001016,T,97.50,102.79,93.61,102.79,97.90,5623,567853.00,82
BSE,JKLAKSHMI,INE786A01032,A,584.90,594.15,584.90,589.00,584.90,234852,138333346.00,501
BSE,JKPAPER,INE789E01012,A,352.95,354.40,349.00,353.90,346.40,22520,7929943.00,686
BSE,JKTYRE,INE573A01042,A,364.15,380.90,359.05,377.95,352.85,153594,56806110.00,3421
BSE,JLHL,INE682M01012,A,1321.60,1335.90,1308.00,1316.35,1316.05,999,1321182.00,167
BSE,JMDVL,INE047E01031,X,5.29,5.55,5.03,5.28,5.29,88899,470993.00,68
BSE,JMFINANCIL,INE780C01023,A,116.45,122.00,116.25,120.75,115.40,171248,20391368.00,1763
BSE,JMJFIN,INE242Q01016,X,9.84,9.86,9.38,9.79,9.65,20856,200892.00,88
BSE,JNKINDIA,INE0OAF01028,B,474.90,508.00,474.90,504.35,470.20,125173,62286997.00,2623
BSE,JOHNPHARMA,INE560F01022,X,0.51,0.52,0.50,0.51,0.51,593123,299833.00,401
BSE,JOINDRE,INE024B01010,X,49.25,50.23,49.05,49.47,49.11,681,33731.00,32
BSE,JOJO,INE312M01016,X,209.35,228.70,209.35,224.50,209.35,3569,795250.00,64
BSE,JOLYPLS,INE289M01016,XT,40.25,40.27,38.01,39.01,38.36,1340,53402.00,10
BSE,JONJUA,INE793Z01027,MT,3.51,3.51,3.34,3.37,3.51,62673,213570.00,13
BSE,JOSTS,INE636D01041,X,244.75,244.75,238.00,240.50,241.45,8670,2087647.00,124
BSE,JPOLYINVST,INE147P01019,B,1068.00,1083.00,1068.00,1080.80,1060.70,280,302649.00,60
BSE,JPPOWER,INE351F01018,A,18.00,18.47,17.91,18.41,17.74,6853404,124558760.00,6815
BSE,JSFB,INE953L01027,A,467.00,483.00,463.85,479.60,461.80,8841,4196244.00,243
BSE,JSL,INE220G01021,A,686.45,697.60,678.05,695.00,678.45,15921,10979178.00,988
BSE,JSLINDL,INE581L01018,X,995.00,995.00,995.00,995.00,994.55,1,995.00,1
BSE,JSLL,INE0J5801029,B,605.05,617.00,591.80,610.75,593.10,41712,25092806.00,1124
BSE,JSTL,INE237B01018,X,78.79,81.30,77.22,80.55,77.91,33397,2671888.00,152
BSE,JSWCEMENT,INE718I01012,B,125.55,128.00,125.25,127.45,124.55,155497,19661396.00,1538
BSE,JSWDULUX,INE133A01011,A,3165.55,3252.50,3149.40,3173.50,3191.35,3162,10143467.00,1005
BSE,JSWENERGY,INE121E01018,A,564.45,565.50,549.75,559.60,552.05,97148,54055947.00,3338
BSE,JSWHL,INE824G01012,A,11900.10,12315.10,11900.10,12258.15,12062.75,455,5498045.00,183
BSE,JSWINFRA,INE880J01026,A,277.25,294.60,277.25,290.80,275.65,516296,148917356.00,5761
BSE,JSWSTEEL,INE019A01038,A,1296.00,1305.00,1286.10,1297.55,1282.55,27798,36032256.00,2590
BSE,JTEKTINDIA,INE643A01035,B,120.90,125.65,120.90,125.45,120.95,16306,2028102.00,183
BSE,JTLIND,INE391J01032,B,73.19,75.52,71.24,74.79,71.28,406917,30032505.00,1435
BSE,JUBLCPL,INE03CC01015,B,1846.60,1884.00,1843.40,1884.00,1820.00,106,198821.00,20
BSE,JUBLFOOD,INE797F01020,A,416.15,421.55,411.10,419.45,413.25,127186,53059861.00,3972
BSE,JUBLINGREA,INE0BY001018,A,618.90,630.00,618.90,623.35,618.90,8202,5119723.00,613
BSE,JUBLPHARMA,INE700A01033,A,938.50,980.00,938.50,975.30,946.00,4743,4556225.00,443
BSE,JULIEN,INE890N01027,X,1.43,1.48,1.43,1.47,1.43,67930,98945.00,98
BSE,JUMBO,INE699D01015,X,57.00,57.00,54.01,56.47,56.69,3218,178267.00,54
BSE,JUNGLECAMP,INE0WCH01015,M,50.00,50.00,50.00,50.00,51.00,1600,80000.00,1
BSE,JUNIPER,INE696F01016,B,196.50,197.85,192.55,195.30,193.05,7805,1527630.00,167
BSE,JUPITERIN,INE524N01014,XT,57.50,57.50,54.27,57.20,57.12,18467,1026267.00,76
BSE,JUSTDIAL,INE599M01018,A,524.35,539.10,524.30,537.70,529.65,3092,1656063.00,175
BSE,JUSTO,INE0W5Q01017,M,95.00,95.00,90.00,91.00,96.00,6000,549350.00,6
BSE,JWL,INE209L01016,A,266.75,276.95,266.75,275.35,264.35,47702,12980865.00,831
BSE,JYOTHYLAB,INE668F01031,A,200.90,202.95,199.05,200.95,200.85,55855,11188863.00,2037
BSE,JYOTI,INE511D01012,X,58.00,61.39,58.00,60.07,58.44,15298,913832.00,111
BSE,JYOTICNC,INE980O01024,A,643.95,687.00,639.60,678.55,633.60,233231,155402969.00,5520
BSE,JYOTIRES,INE577D01013,B,914.00,931.00,901.90,922.60,902.50,10305,9449243.00,619
BSE,JYOTISTRUC,INE197A01024,A,11.96,12.27,11.85,12.15,11.66,530240,6410403.00,729
BSE,KABRADG,INE323K01017,X,22.20,25.02,21.75,23.63,21.43,63463,1507225.00,190
BSE,KABRAEXTRU,INE900B01029,B,231.20,238.00,230.60,237.75,229.65,1042,244534.00,239
BSE,KABSON,INE645C01010,XT,19.62,20.00,18.65,19.00,19.62,1240,23540.00,21
BSE,KACHCHH,INE059E01010,X,29.00,30.53,27.99,30.53,27.76,7084,212833.00,34
BSE,KACL,INE229G01022,XT,6.50,6.64,6.41,6.42,6.52,21897,141620.00,101
BSE,KAHAN,INE04T901017,M,40.00,40.00,40.00,40.00,40.00,4800,192000.00,2
BSE,KAIRA,INE375D01012,X,1469.00,1469.00,1460.15,1460.15,1438.75,7,10267.00,3
BSE,KAIZENAGRO,INE891N01017,X,10.22,10.22,8.70,9.32,8.52,11780,113667.00,67
BSE,KAJARIACER,INE217B01036,A,1092.75,1092.75,1072.00,1083.05,1075.50,3297,3559999.00,366
BSE,KAJARIR,INE434C01027,XT,35.11,37.12,35.11,36.35,36.00,4160,151230.00,18
BSE,KAKA,INE0P3N01018,M,176.50,178.00,176.00,176.80,175.00,6500,1151300.00,12
BSE,KAKATCEM,INE437B01014,T,119.70,125.65,119.40,125.65,119.70,747,93473.00,13
BSE,KAKTEX,INE092E01011,X,8.46,8.55,8.46,8.55,8.90,163,1385.00,6
BSE,KALAMANDIR,INE438K01021,B,105.55,107.25,102.90,106.75,103.35,69767,7362924.00,542
BSE,KALIND,INE377D01018,XT,92.10,95.00,92.00,93.78,92.05,251463,23478266.00,294
BSE,KALLAM,INE629F01025,XT,2.85,2.90,2.78,2.84,2.86,16790,47626.00,58
BSE,KALPACOMME,INE059Q01014,X,9.00,9.96,8.82,9.92,8.93,10280,97837.00,48
BSE,KALPATARU,INE227J01012,B,310.40,315.45,310.40,313.45,308.85,1136,355605.00,126
BSE,KALYANCAP,INE149Q01021,XT,8.25,8.50,8.25,8.40,8.25,4693,39071.00,48
BSE,KALYANI,INE0N6U01018,MT,553.50,553.50,531.00,545.20,530.00,9750,5265450.00,39
BSE,KALYANIFRG,INE314G01014,B,610.00,610.00,600.00,601.20,593.60,12,7276.00,7
BSE,KALYANKJIL,INE303R01014,A,337.75,345.75,335.05,344.65,330.90,597757,203180219.00,9825
BSE,KAMADGIRI,INE535C01013,XT,115.15,126.45,115.15,124.90,121.05,97,11683.00,8
BSE,KAMAHOLD,INE411F01010,A,2554.60,2610.00,2554.60,2580.35,2554.60,264,682050.00,82
BSE,KAMANWALA,INE344D01018,X,16.99,16.99,16.03,16.22,16.99,4408,73337.00,23
BSE,KAMATHOTEL,INE967C01018,B,162.75,164.00,158.35,163.20,158.45,8912,1444128.00,203
BSE,KAMATS,INE564S01019,B,38.11,41.78,38.11,40.37,39.09,2130,85819.00,19
BSE,KAMDHENU,INE390H01020,B,28.60,29.50,28.25,29.29,28.22,210257,6054277.00,810
BSE,KAMOPAINTS,INE0BTI01037,B,5.21,5.31,5.06,5.14,5.11,14404,74090.00,82
BSE,KANANIIND,INE879E01037,B,1.58,1.58,1.52,1.57,1.53,8524,13202.00,50
BSE,KANCHI,INE081G01019,T,343.60,343.60,340.00,340.60,341.90,561,191043.00,23
BSE,KANCOTEA,INE398L01017,X,55.00,56.01,54.55,55.60,54.00,518,28834.00,22
BSE,KANISHK,INE163401016,MT,31.00,31.00,31.00,31.00,31.00,1600,49600.00,1
BSE,KANORICHEM,INE138C01024,T,96.70,96.70,96.70,96.70,92.10,2916,281977.00,21
BSE,KANPRPLA,INE694E01014,B,194.95,194.95,186.50,186.50,190.00,522,99021.00,41
BSE,KANSAINER,INE531A01024,A,218.15,220.00,213.85,216.40,216.00,13219,2852113.00,379
BSE,KANSHST,INE791E01018,X,56.00,56.00,53.55,53.79,54.04,1968,106243.00,20
BSE,KANUNGO,INE453S01015,X,10.05,10.05,10.05,10.05,9.58,29001,291460.00,11
BSE,KAPILRAJ,INE332Q01023,X,2.67,2.67,2.67,2.67,2.81,233415,623218.00,230
BSE,KARANWO,INE327D01013,X,8.90,8.90,8.89,8.90,8.48,22,195.00,4
BSE,KARBON,INE0V8A01016,M,99.85,104.55,99.85,104.50,95.55,3200,330640.00,4
BSE,KARMAENG,INE725L01011,B,41.99,41.99,41.99,41.99,41.00,43,1805.00,9
BSE,KARNAVATI,INE554R01020,X,1.30,1.35,1.11,1.26,1.30,30469,37895.00,71
BSE,KARNAWATI,INE214D01021,XT,1.43,1.43,1.33,1.37,1.37,89514,126771.00,90
BSE,KARTKIN,INE524U01019,XT,8095.85,8095.85,8095.85,8095.85,8261.05,6,48575.00,2
BSE,KARURVYSYA,INE036D01028,B,280.00,289.90,277.95,289.05,276.05,435915,124950791.00,6988
BSE,KASTURI,INE0T1301023,M,50.75,54.80,47.00,50.75,53.00,40000,2021180.00,14
BSE,KATIPATANG,INE237C01016,X,17.49,17.49,16.20,17.00,16.35,15407,261945.00,48
BSE,KATRSPG,INE498G01015,X,102.90,102.95,102.00,102.95,102.90,750,77205.00,8
BSE,KAUSHALYA,INE234I01028,B,823.00,840.00,823.00,840.00,833.30,2,1663.00,2
BSE,KAVDEFENCE,INE641C01019,B,63.00,63.00,58.66,60.51,58.63,9727,582223.00,183
BSE,KAYA,INE587G01015,B,240.45,257.65,240.00,253.60,237.05,1387,345034.00,61
BSE,KAYCEEI,INE813G01023,X,865.10,896.00,856.45,861.45,870.05,734,643927.00,102
BSE,KAYNES,INE918Z01012,A,3085.05,3105.00,3025.75,3076.05,3027.20,113209,346768171.00,10446
BSE,KAYPOWR,INE961B01013,X,10.05,10.11,9.69,9.70,9.75,8829,87267.00,28
BSE,KBSINDIA,INE883D01023,X,1.32,1.32,1.30,1.30,1.30,33992,44630.00,59
BSE,KCDGROUP,INE185U01035,X,4.04,4.26,4.04,4.19,4.02,12398,51974.00,30
BSE,KCLINFRA,INE469F01026,X,1.26,1.27,1.24,1.25,1.26,44244,55450.00,122
BSE,KCP,INE805C01028,B,163.05,167.85,163.05,166.90,159.70,3161,524860.00,83
BSE,KCPSUGIND,INE790B01024,B,23.21,23.21,22.43,22.59,22.73,4087,92323.00,95
BSE,KDDL,INE291D01011,B,2842.40,2883.00,2800.00,2879.25,2815.30,566,1608785.00,116
BSE,KEC,INE389H01022,A,495.00,508.60,491.10,504.30,488.65,68432,34311740.00,2265
BSE,KECL,INE134B01017,T,98.70,99.95,98.00,99.95,99.95,4356,429585.00,52
BSE,KEEPLEARN,INE055C01020,B,2.07,2.09,1.98,2.05,2.07,6056,12562.00,9
BSE,KEERTHI,INE145L01012,X,41.95,41.95,40.00,40.79,40.00,635,25403.00,10
BSE,KEI,INE878B01027,A,5384.40,5384.40,5225.00,5369.05,5177.95,36259,191487493.00,2659
BSE,KEIL,INE534E01020,X,16.11,16.99,16.11,16.24,16.42,1119,18206.00,37
BSE,KEL,INE079C01012,X,26.73,26.73,26.50,26.73,26.73,178,4757.00,4
BSE,KELENRG,INE881E01017,XT,5200.10,5300.00,5020.00,5227.60,5187.10,506,2632736.00,87
BSE,KELLTONTEC,INE164B01030,B,15.11,15.42,15.11,15.29,15.03,132978,2027583.00,549
BSE,KEMISTAR,INE971L01029,X,54.26,54.64,50.00,52.72,53.20,2981,157502.00,44
BSE,KENNAMET,INE717A01029,B,2838.80,2838.80,2750.10,2777.55,2753.90,716,1984729.00,204
BSE,KENRIK,INE0AOG01018,M,8.28,8.28,8.28,8.28,8.71,12000,99360.00,2
BSE,KENVI,INE923Y01023,B,2.25,2.25,2.17,2.21,2.17,48273,106955.00,130
BSE,KERALAYUR,INE817B01025,X,174.85,177.95,168.00,173.75,169.80,14805,2564270.00,187
BSE,KERNEX,INE202H01019,B,1930.45,1999.95,1930.00,1991.25,1893.90,20324,40093584.00,1504
BSE,KESAR,INE0L1C01019,M,1235.50,1237.40,1175.00,1223.10,1244.40,10600,12973935.00,19
BSE,KESARENT,INE133B01027,X,6.46,6.60,6.20,6.57,6.09,15125,97733.00,54
BSE,KESARPE,INE133C01033,X,16.49,16.55,15.69,15.91,16.28,64712,1035006.00,215
BSE,KESORAMIND,INE087A01019,T,10.66,11.05,10.60,11.05,10.53,94231,1024095.00,192
BSE,KEYCORP,INE130F01016,X,60.27,62.69,60.00,61.05,60.27,264,16024.00,19
BSE,KEYFINSERV,INE681C01015,B,250.00,253.60,250.00,253.60,250.20,96,24039.00,6
BSE,KFBL,INE991B01010,X,39.30,41.39,39.30,40.64,39.65,1324,53929.00,25
BSE,KFINTECH,INE138Y01010,A,819.55,828.00,808.50,826.90,803.70,25732,21061197.00,1365
BSE,KGDENIM,INE104A01012,X,15.90,16.48,14.71,14.96,15.14,37753,574790.00,220
BSE,KGPETRO,INE902G01016,X,168.20,168.20,167.05,167.20,175.80,9,1504.00,2
BSE,KHADIM,INE834I01025,B,97.15,104.50,96.70,102.40,95.35,13448,1332616.00,225
BSE,KHAICHEM,INE745B01028,T,54.95,55.77,54.20,55.31,54.86,8997,489899.00,51
BSE,KHAITANLTD,INE731C01018,T,131.40,139.00,131.40,132.00,134.00,622,82979.00,21
BSE,KHANDSE,INE060B01014,B,18.69,18.69,16.70,17.55,18.12,403,7073.00,5
BSE,KHAZANCHI,INE0OWC01011,M,619.00,633.00,618.05,625.45,616.00,21250,13204150.00,58
BSE,KHOOBSURAT,INE731G01027,X,0.52,0.53,0.51,0.51,0.51,418731,215103.00,193
BSE,KHYATI,INE593B01030,XT,4.07,4.07,4.07,4.07,3.88,4202,17102.00,8
BSE,KIAASA,INE1C3F01018,M,42.10,43.95,40.05,41.50,42.10,24000,998550.00,16
BSE,KICL,INE029L01018,B,5005.40,5125.50,4945.40,5024.70,5005.40,183,931335.00,30
BSE,KIDUJA,INE845A01028,X,17.09,17.09,15.60,16.35,16.39,249,4011.00,12
BSE,KIFS,INE902D01013,X,116.40,119.80,113.30,113.30,116.40,190,21924.00,12
BSE,KILITCH,INE729D01010,B,184.30,190.70,181.50,188.40,181.05,9909,1858922.00,254
BSE,KIMIABL,INE285U01025,X,33.00,34.50,33.00,33.82,33.57,1057,35806.00,23
BSE,KIMS,INE967H01025,A,780.35,790.65,773.80,787.10,765.05,44798,35153872.00,895
BSE,KINETICENG,INE266B01017,X,223.35,223.40,216.00,218.20,216.05,5505,1205403.00,96
BSE,KINGFA,INE473D01015,B,5150.00,5158.60,5082.70,5121.40,5056.15,307,1574722.00,24
BSE,KINGSINFR,INE050N01010,X,127.40,128.95,126.40,126.85,125.65,6462,822329.00,120
BSE,KIOCL,INE880L01014,A,394.15,402.60,390.35,399.10,386.35,17959,7130232.00,533
BSE,KIRANSY-B,INE293D01017,X,13.25,13.25,13.25,13.25,13.86,10,132.00,2
BSE,KIRANVYPAR,INE555P01013,B,191.00,191.70,184.15,188.25,191.20,1795,338652.00,68
BSE,KIRIINDUS,INE415I01015,A,395.20,401.70,395.20,400.35,393.10,9311,3718734.00,342
BSE,KIRLFER,INE884B01025,B,419.30,432.65,412.45,427.05,415.40,30345,12847865.00,962
BSE,KIRLOSBROS,INE732A01036,A,1693.60,1735.00,1692.00,1728.05,1660.50,4212,7226516.00,440
BSE,KIRLOSENG,INE146L01010,A,1808.00,1902.50,1805.80,1888.40,1797.50,26532,49345162.00,4269
BSE,KIRLOSIND,INE250A01039,B,3062.80,3150.00,3062.80,3137.75,3057.00,144,450316.00,51
BSE,KIRLPNU,INE811A01020,A,1584.00,1613.50,1568.00,1607.20,1576.50,6457,10293899.00,772
BSE,KISAAN,INE102C01020,X,17.00,17.00,16.11,16.99,16.91,5292,88416.00,40
BSE,KISAN,INE017C01012,X,33.03,34.20,32.99,33.68,32.83,82043,2765125.00,308
BSE,KISSHT,INE12F801023,B,264.25,273.00,261.35,270.95,257.70,176733,47098511.00,1813
BSE,KITEX,INE602G01020,A,144.95,145.65,142.00,145.10,142.60,57293,8245074.00,761
BSE,KJMCCORP,INE602C01011,X,54.85,59.49,52.50,53.20,55.40,1378,73885.00,28
BSE,KJMCFIN,INE533C01018,X,57.04,57.04,55.27,55.83,52.24,257,14295.00,5
BSE,KKALPANAIND,INE301C01028,X,6.76,7.30,6.75,7.27,6.85,21307,151607.00,75
BSE,KKCL,INE401H01017,B,432.95,435.45,428.05,434.15,429.90,292,126349.00,121
BSE,KKSILK,INE0EOJ01014,M,9.65,10.56,9.65,10.56,10.24,9000,92310.00,3
BSE,KLBRENG-B,INE338F01015,B,473.05,473.95,460.10,470.30,468.70,6319,2947155.00,372
BSE,KLRFM,INE014E01015,X,88.80,96.90,88.15,95.00,87.70,6369,581713.00,135
BSE,KMCSHIL,INE879K01018,B,122.50,122.90,117.85,118.55,119.95,236962,28635119.00,1934
BSE,KMEW,INE0CJD01029,B,1860.05,1929.10,1831.00,1924.55,1862.50,14635,27521143.00,544
BSE,KMFBLDR,INE580H01026,X,6.50,6.50,6.45,6.45,6.30,269,1738.00,2
BSE,KMSUGAR,INE157H01023,B,26.10,26.95,26.10,26.63,26.59,6873,183204.00,113
BSE,KNRCON,INE634I01029,A,118.20,125.95,118.20,125.25,118.15,1030606,124353513.00,2545
BSE,KOBO,INE881A01015,Z,6.34,6.34,6.34,6.34,6.04,27111,171883.00,22
BSE,KOHINOOR,INE080B01012,B,24.50,24.85,23.59,24.48,23.58,18041,436612.00,357
BSE,KOKUYOCMLN,INE760A01029,B,83.01,84.90,82.32,84.90,82.81,2872,239549.00,206
BSE,KOLTEPATIL,INE094I01018,B,352.00,354.70,346.40,351.55,345.30,4529,1584931.00,125
BSE,KONNDOR,INE971A01014,X,20.16,20.16,18.75,19.05,19.20,184909,3495349.00,25
BSE,KOPRAN,INE082A01010,T,181.00,183.75,176.35,181.35,176.05,8009,1437589.00,109
BSE,KOTAKBANK,INE237A01036,A,397.75,404.15,395.25,403.35,393.10,2189072,872337862.00,4899
BSE,KOTIC,INE972A01020,B,160.95,160.95,156.00,157.00,156.50,693,110279.00,14
BSE,KOTYARK,INE0J0B01017,B,416.10,419.55,405.25,409.90,400.00,899,368972.00,54
BSE,KOURA,INE0M8R01011,M,35.35,35.35,35.35,35.35,35.00,2000,70700.00,1
BSE,KOVAI,INE177F01017,B,5826.40,5841.00,5706.20,5803.05,5797.40,273,1581923.00,117
BSE,KPEL,INE127T01021,B,335.00,346.25,331.70,344.50,328.40,14253,4819833.00,466
BSE,KPGEL,INE0QVH01025,M,359.00,368.00,358.50,365.20,353.20,35500,12874500.00,111
BSE,KPIGREEN,INE542W01025,A,387.45,404.00,387.45,401.40,381.60,49638,19515368.00,983
BSE,KPIL,INE220B01022,A,1253.50,1310.00,1253.50,1302.50,1253.45,11348,14603984.00,1152
BSE,KPITTECH,INE04I401011,A,744.90,752.70,736.50,750.15,736.40,24181,18002573.00,1076
BSE,KPL,INE552U01010,B,2380.20,2547.85,2372.80,2497.00,2372.75,10821,26840396.00,1543
BSE,KPRMILL,INE930H01031,A,1055.55,1080.80,1055.55,1068.55,1054.35,7233,7742764.00,751
BSE,KPT,INE731D01024,X,449.75,449.75,420.00,431.90,432.85,4742,2030380.00,173
BSE,KRANTI,INE911T01010,B,58.43,59.50,58.43,59.05,57.37,813,47692.00,21
BSE,KRBL,INE001B01026,A,346.60,368.00,346.60,366.55,345.75,41751,15062145.00,1480
BSE,KREBSBIO,INE268B01013,B,63.15,66.49,63.15,64.06,63.19,76,4889.00,7
BSE,KREONFIN,INE302C01018,XT,64.00,65.06,62.50,64.15,61.97,86437,5605697.00,188
BSE,KRETTOSYS,INE128R01023,XT,0.57,0.61,0.57,0.61,0.59,1845764,1094858.00,301
BSE,KRIDHANINF,INE524L01026,T,2.89,2.90,2.75,2.85,2.89,5675,16089.00,9
BSE,KRISHIVAL,INE0GGO01015,B,406.50,406.50,403.90,404.45,405.90,622,251728.00,113
BSE,KRISHNA,INE537L01010,X,32.88,33.38,28.16,33.38,30.35,79305,2595908.00,275
BSE,KRITI,INE479D01038,T,70.02,73.00,69.02,73.00,70.02,1017,71504.00,24
BSE,KRITINUT,INE798K01010,T,78.25,84.97,78.25,81.35,81.50,2581,209442.00,22
BSE,KRN,INE0Q3J01015,T,1221.00,1263.35,1200.10,1263.35,1203.20,17112,21404233.00,758
BSE,KRONOX,INE0ATZ01017,B,135.80,135.80,132.10,134.95,131.65,3366,450461.00,196
BSE,KROSS,INE0O6601022,B,180.00,183.85,179.30,182.65,176.75,25135,4571332.00,359
BSE,KRRAIL,INE078T01026,X,26.85,27.77,26.85,27.39,26.13,34765,949183.00,341
BSE,KRSNAA,INE08LI01020,B,539.85,540.00,533.00,535.40,531.90,2678,1435122.00,133
BSE,KRT,INE1JAR25012,IF,117.99,118.50,115.57,116.64,117.46,28310,3341675.00,751
BSE,KRUPALU,INE0XZB01017,M,36.75,36.75,36.00,36.35,35.00,4800,174560.00,3
BSE,KRYPTONQ,INE951B01014,X,33.68,35.24,33.68,35.19,34.37,846,29094.00,17
BSE,KRYSTAL,INE0QN801017,B,581.65,581.70,575.00,575.20,575.20,1753,1009571.00,94
BSE,KSB,INE999A01023,A,810.05,844.60,810.05,835.50,807.45,18979,15802785.00,981
BSE,KSCL,INE455I01029,A,882.30,887.00,876.85,878.50,871.30,2397,2112160.00,164
BSE,KSE,INE953E01022,X,189.95,189.95,179.00,184.65,187.80,45294,8275083.00,467
BSE,KSHINTL,INE987S01020,B,839.95,855.50,812.05,818.90,819.15,43142,35782116.00,1963
BSE,KSL,INE907A01026,B,800.00,819.00,780.90,804.15,782.05,1140,907208.00,248
BSE,KSOLVES,INE0D6I01023,B,279.00,287.75,279.00,285.30,278.15,4024,1144886.00,150
BSE,KSR,INE1SPP01016,T,31.00,31.50,30.01,31.48,31.17,8500,264065.00,35
BSE,KSSMART,INE737E01011,X,153.80,157.75,143.60,146.50,151.15,9642,1426504.00,240
BSE,KTIL,INE096L01025,X,63.90,63.90,63.50,63.90,63.89,103,6581.00,4
BSE,KTKBANK,INE614B01018,A,269.95,277.45,267.95,275.10,265.00,152836,41751831.00,2041
BSE,KUANTUM,INE529I01021,B,72.63,74.83,72.63,73.80,73.46,1437,106374.00,37
BSE,KUBERJI,INE594R01018,XT,23.62,23.62,23.62,23.62,24.10,5447,128658.00,5
BSE,KUNSTOFF,INE638D01021,X,23.86,23.89,23.82,23.83,23.49,73,1740.00,7
BSE,KUSHIND,INE979D01011,X,7.40,7.40,6.91,6.95,7.25,6515,45982.00,31
BSE,KUWERIN,INE430F01010,X,13.00,13.00,11.52,13.00,12.80,2421,29161.00,9
BSE,KVFORGE,INE013J01016,X,131.95,144.75,130.65,134.20,129.75,3139,432111.00,81
BSE,KVSCASTING,INE163701019,M,68.50,69.00,68.00,68.50,66.00,14000,958780.00,7
BSE,KVTOYS,INE1IE301018,M,277.00,277.00,258.00,264.00,267.50,8400,2233020.00,14
BSE,KWIL,INE2KCE01013,B,35.69,37.40,35.01,36.85,34.93,3310699,120964358.00,9004
BSE,KZLFIN,INE006C01015,X,20.09,20.09,20.09,20.09,19.21,10,200.00,1
BSE,LACTOSE,INE058I01013,X,113.95,113.95,107.80,109.30,109.85,4115,454872.00,61
BSE,LADDERUP,INE519D01015,X,50.40,50.40,48.45,48.46,48.45,372,18124.00,4
BSE,LADDU,INE546I01025,X,0.52,0.52,0.52,0.52,0.54,270651,140738.00,280
BSE,LAHL,INE213U01019,X,7.63,7.63,7.20,7.20,7.14,698,5090.00,22
BSE,LAHOTIOV,INE515C01023,B,46.90,46.90,41.50,42.57,43.62,45348,1982984.00,123
BSE,LAKESHORE,INE734D01010,X,63.90,64.49,61.02,64.35,63.90,162,10152.00,15
BSE,LAKHOTIA,INE191O01010,X,64.64,64.64,60.00,61.00,59.94,18,1121.00,11
BSE,LAKPRE,INE651C01018,Z,5.00,5.00,5.00,5.00,4.84,49,245.00,2
BSE,LAKSELEC,INE284C01018,X,761.00,761.00,735.00,750.70,761.65,959,718816.00,34
BSE,LAKSHMIEW,INE718M01022,X,2360.10,2444.95,2360.05,2444.95,2393.45,43,101568.00,11
BSE,LAKSHMIMIL,INE938C01019,X,7420.05,7551.00,7399.95,7516.50,7261.00,158,1182929.00,54
BSE,LAL,INE740X01023,B,7.05,7.40,7.05,7.38,7.23,7722,56364.00,46
BSE,LALPATHLAB,INE600L01024,A,1590.05,1634.00,1585.25,1600.50,1593.75,13247,21206853.00,1213
BSE,LAMBODHARA,INE112F01022,B,102.85,103.65,102.75,103.65,101.40,400,41185.00,18
BSE,LANCER,INE359U01028,X,10.28,10.34,10.00,10.10,10.07,173992,1762617.00,443
BSE,LANCORHOL,INE572G01025,B,24.90,25.35,23.94,25.27,24.95,1821,45304.00,24
BSE,LANDMARC,INE394C01023,X,2.08,2.08,1.90,1.93,2.00,45666,88725.00,111
BSE,LANDMARK,INE559R01029,B,423.10,426.40,415.50,422.60,417.50,3603,1517517.00,198
BSE,LANDSMILL,INE688J01023,B,0.87,0.88,0.85,0.87,0.86,230792,199033.00,153
BSE,LAOPALA,INE059D01020,B,175.20,177.10,172.25,175.90,175.15,10732,1883193.00,182
BSE,LASA,INE670X01014,B,7.98,7.98,7.03,7.16,7.26,7187,51527.00,70
BSE,LASTMILE,INE404B01022,XT,8.06,8.17,7.41,7.97,7.79,196265,1530948.00,259
BSE,LATENTVIEW,INE0I7C01011,A,289.00,303.50,287.50,301.15,285.30,31556,9291408.00,799
BSE,LATIMMETAL,INE501N01020,X,8.67,8.82,8.45,8.60,8.50,26796,229861.00,107
BSE,LAURUSLABS,INE947Q01028,A,1413.85,1413.85,1374.60,1394.10,1390.50,44269,61778615.00,3433
BSE,LAXMIDENTL,INE0WO601020,B,219.15,242.70,217.70,226.00,212.65,85539,19918440.00,2089
BSE,LAXMIINDIA,INE06WU01026,T,101.90,104.80,100.60,104.35,100.65,6168,630233.00,62
BSE,LAXMIPATI,INE920P01019,M,250.00,288.00,250.00,288.00,250.00,2000,548000.00,4
BSE,LCCINFOTEC,INE938A01021,B,4.84,4.84,4.50,4.50,4.73,33662,152371.00,79
BSE,LEENEE,INE791B01014,X,7.10,7.78,7.10,7.30,7.28,1879,13964.00,42
BSE,LEHAR,INE976H01018,X,266.00,269.70,253.00,256.80,265.10,27011,7008886.00,485
BSE,LELAVOIR,INE204S01012,X,152.00,157.05,145.30,154.40,150.00,3513,528972.00,65
BSE,LEMONTREE,INE970X01018,A,104.15,108.20,104.15,107.30,103.70,560694,59608468.00,5320
BSE,LENSKART,INE956O01016,B,508.55,508.55,493.20,494.05,502.35,189377,94313317.00,8291
BSE,LERTHAI,INE347D01011,XT,517.85,517.85,491.00,491.00,493.25,5,2481.00,3
BSE,LESHAIND,INE050L01048,X,0.84,0.85,0.81,0.82,0.84,389427,322321.00,187
BSE,LEXORAA,INE185D01015,X,20.40,20.40,18.00,18.01,18.58,2664,53204.00,14
BSE,LGBBROSLTD,INE337A01034,B,1487.00,1536.65,1478.90,1525.85,1471.75,920,1385375.00,95
BSE,LGBFORGE,INE201J01017,XT,6.30,6.30,5.86,5.99,6.16,229560,1370286.00,315
BSE,LGEINDIA,INE324D01010,B,1526.00,1538.35,1498.30,1511.20,1520.00,11018,16673083.00,1265
BSE,LGLL,INE12QA01010,M,17.90,18.06,17.90,18.06,17.20,6400,115152.00,4
BSE,LGT,INE191201016,M,41.42,41.42,38.00,39.25,39.45,44400,1726356.00,37
BSE,LIBERTSHOE,INE557B01019,B,235.00,239.60,235.00,239.25,233.00,615,145831.00,24
BSE,LIBORDFIN,INE212B01011,X,16.00,16.59,15.07,16.10,16.00,128,1964.00,10
BSE,LICHSGFIN,INE115A01026,A,541.55,560.90,541.55,559.35,536.15,105235,58231301.00,2939
BSE,LICI,INE0J1Y01017,A,397.45,400.00,393.15,399.25,393.00,68694,27245853.00,2285
BSE,LIKHITHA,INE060901027,T,233.95,233.95,228.60,230.10,224.45,2541,589062.00,32
BSE,LIMECHM,INE891G01011,X,14.00,14.70,14.00,14.70,14.00,676,9740.00,7
BSE,LINC,INE802B01027,B,98.47,99.43,97.82,98.89,97.99,180,17764.00,12
BSE,LINCOLN,INE405C01035,B,641.20,643.80,631.10,635.05,629.35,3338,2130977.00,165
BSE,LINDEINDIA,INE473A01011,A,6711.10,6951.00,6711.10,6922.60,6709.95,828,5677597.00,452
BSE,LINKPH,INE302F01011,X,27.39,28.75,27.39,28.47,27.39,721,20471.00,7
BSE,LIPPISYS,INE845B01018,XT,134.20,146.05,133.00,146.05,139.10,37435,5324334.00,167
BSE,LKPSEC,INE341H01023,XT,16.40,17.24,16.40,17.17,16.85,6136,103772.00,47
BSE,LLFICL,INE715Q01029,B,1.34,1.35,1.25,1.27,1.31,6419271,8227156.00,1228
BSE,LLOYDSENGG,INE093R01011,A,68.39,71.19,68.39,70.87,66.70,691400,48423355.00,2514
BSE,LLOYDSENT,INE080I01025,A,65.71,67.37,64.88,66.89,64.58,160614,10642327.00,876
BSE,LLOYDSME,INE281B01032,A,1724.95,1774.00,1706.50,1760.20,1674.15,33072,57807066.00,3428
BSE,LMW,INE269B01029,A,15823.00,15823.00,15658.30,15762.40,15562.30,37,582580.00,25
BSE,LODHA,INE670K01029,A,888.80,901.00,876.00,899.95,867.75,65685,58379718.00,2690
BSE,LOGICA,INE0BSU01018,M,160.00,166.00,158.00,163.95,160.00,21600,3496230.00,30
BSE,LOGICIEL,INE1BA901016,MT,39.10,41.40,39.10,39.88,41.15,4800,189630.00,8
BSE,LOKESHMACH,INE397H01017,T,265.00,266.80,256.55,264.90,256.00,526,138910.00,22
BSE,LONGSPUR,INE180M01033,X,6.85,7.56,6.85,7.56,7.21,20220,138592.00,12
BSE,LOOKS,INE204N01013,XT,10.28,10.29,9.42,10.29,9.80,112030,1128003.00,195
BSE,LORDSCHLO,INE846D01012,B,135.50,135.50,131.40,132.75,133.65,1471,195865.00,150
BSE,LOTUSCHO,INE026D01011,B,685.25,708.00,675.25,688.65,669.45,4456,3091113.00,459
BSE,LOTUSDEV,INE0V9Q01010,B,134.55,134.90,132.50,134.05,129.80,11776,1572704.00,316
BSE,LOTUSEYE,INE947I01017,B,137.65,138.50,130.15,134.90,134.10,7939,1068876.00,306
BSE,LOVABLE,INE597L01014,B,70.25,70.95,70.12,70.68,69.84,328,23106.00,15
BSE,LOYAL,INE876S01017,X,156.50,160.00,155.00,157.30,157.10,8260,1298209.00,126
BSE,LPDC,INE197J01017,B,6.73,6.78,6.35,6.60,6.72,3243,21123.00,37
BSE,LT,INE018A01030,A,3936.50,4059.55,3922.00,4050.20,3859.45,158734,633297143.00,13168
BSE,LTELEVATOR,INE0TJ801010,M,234.95,242.90,234.95,240.85,233.95,35200,8407480.00,38
BSE,LTF,INE498L01015,A,262.15,276.90,262.15,275.85,256.85,224230,60555001.00,3614
BSE,LTFOODS,INE818H01020,A,379.25,382.65,371.20,380.90,374.05,15090,5696358.00,611
BSE,LTM,INE214T01019,A,3886.30,3886.30,3805.60,3840.00,3821.50,6322,24273905.00,1082
BSE,LTTS,INE010V01017,A,3353.90,3368.40,3290.15,3349.25,3287.85,3257,10847201.00,488
BSE,LUDLOWJUT,INE983C01015,XT,314.90,321.00,314.90,320.95,315.70,438,139025.00,24
BSE,LUMAXIND,INE162B01018,B,5106.85,5325.00,5106.85,5302.10,5121.60,639,3368278.00,215
BSE,LUMAXTECH,INE872H01027,A,1636.45,1679.55,1615.00,1634.15,1604.45,11874,19529291.00,1006
BSE,LUPIN,INE326A01037,A,2276.30,2296.40,2268.25,2292.70,2274.00,24902,56857717.00,2876
BSE,LUXIND,INE150G01020,B,1270.00,1297.75,1256.65,1266.80,1258.35,1762,2247129.00,134
BSE,LUXURY,INE1CJB01013,MT,70.20,70.20,70.00,70.13,71.95,4800,336640.00,2
BSE,LWSKNIT,INE281M01013,X,15.41,16.24,15.41,16.12,15.31,1118,17566.00,14
BSE,LXCHEM,INE576O01020,A,148.00,154.25,148.00,153.75,148.00,38791,5921746.00,522
BSE,LYKALABS,INE933A01014,B,70.81,70.81,69.09,69.33,68.96,870,60644.00,95
BSE,LYKISLTD,INE624M01014,X,45.53,47.47,45.31,45.96,45.53,11065,509790.00,49
BSE,LYONSCO,INE100F01019,X,19.70,20.20,19.70,20.20,19.70,144,2858.00,6
BSE,LYPSAGEMS,INE142K01011,B,4.88,4.95,4.81,4.86,4.88,4700,22788.00,26
BSE,M&M,INE101A01026,A,3024.00,3050.00,2982.80,3043.35,3001.20,184240,556691747.00,9798
BSE,M&MFIN,INE774D01024,A,276.90,291.80,276.90,291.25,275.70,185917,53063864.00,4166
BSE,MAANALU,INE215I01027,B,118.40,126.00,118.40,124.00,121.00,16273,2015326.00,178
BSE,MACH,INE004Z01011,M,76.00,85.00,76.00,85.00,86.00,3000,241500.00,2
BSE,MACHLTD,INE0UYT01018,M,154.00,154.70,149.10,149.95,146.00,37800,5729700.00,31
BSE,MACIND,INE01BT01015,X,375.35,388.90,375.35,384.00,372.90,7,2695.00,5
BSE,MACPLASQ,INE082B01018,X,250.00,266.20,250.00,254.70,244.40,815,208199.00,29
BSE,MADHAV,INE925C01016,B,36.50,36.50,36.50,36.50,36.02,4,146.00,2
BSE,MADHAVIPL,INE631R01026,B,8.50,8.98,8.50,8.63,8.69,29809,258185.00,172
BSE,MADHUCON,INE378D01032,B,5.50,5.59,5.33,5.33,5.19,802,4302.00,5
BSE,MADHUDIN,INE469C01023,X,37.01,40.50,37.01,40.08,38.35,3183,127220.00,31
BSE,MADHUSE,INE856D01011,X,17.60,18.72,17.27,17.30,17.60,2865,49729.00,34
BSE,MADRASFERT,INE414A01015,B,67.09,68.74,66.48,68.24,67.11,17903,1211828.00,146
BSE,MAFATIND,INE270B01035,B,125.55,128.00,125.55,126.35,125.55,8575,1084179.00,242
BSE,MAFIA,INE0KQQ01011,M,8.15,8.27,6.00,6.49,7.02,164000,1082560.00,32
BSE,MAGADSUGAR,INE347W01011,B,455.65,455.65,440.55,449.70,454.15,424,189318.00,45
BSE,MAGENTA,INE0QZ901011,M,9.50,9.50,8.70,8.70,9.10,8000,72800.00,2
BSE,MAGNAELQ,INE437D01010,XT,1025.75,1069.95,1014.00,1023.80,1025.75,168,171206.00,12
BSE,MAGNUM,INE387I01016,B,19.56,19.74,19.55,19.65,19.55,4,78.00,4
BSE,MAGNUS,INE898E01011,XT,119.75,119.75,119.75,119.75,126.05,4822,577434.00,153
BSE,MAHABANK,INE457A01014,A,84.16,87.60,83.71,87.29,83.11,3533002,303680349.00,18369
BSE,MAHACORP,INE272E01027,X,0.35,0.38,0.33,0.35,0.35,1795721,633224.00,288
BSE,MAHALIFE,INE0U9D01019,M,175.00,176.00,174.25,175.00,175.65,4800,840300.00,4
BSE,MAHALXSE,INE257F01017,Z,8.20,8.20,7.76,7.88,8.16,609,4777.00,8
BSE,MAHAPEXLTD,INE843B01013,B,48.00,49.97,47.00,49.88,47.75,1043,50088.00,9
BSE,MAHASTEEL,INE451L01014,T,859.90,895.00,859.90,884.00,864.20,10,8798.00,3
BSE,MAHEPC,INE215D01010,B,108.35,109.40,104.95,109.00,104.90,5276,564786.00,176
BSE,MAHLIFE,INE813A01018,A,323.85,328.80,322.65,328.50,318.85,3157,1025134.00,137
BSE,MAHLOG,INE766P01016,B,326.10,341.70,326.10,337.50,334.50,4344,1463602.00,540
BSE,MAHSCOOTER,INE288A01013,A,12200.00,12380.00,12172.00,12343.25,12055.30,237,2906175.00,127
BSE,MAHSEAMLES,INE271B01025,A,585.45,618.80,585.45,617.25,594.10,4379,2680471.00,437
BSE,MAIDEN,INE0O1T01010,M,74.50,77.75,74.00,76.50,74.50,13000,982560.00,13
BSE,MAINFRA,INE392G01028,XT,11.70,12.20,11.65,11.77,11.71,9932,117829.00,80
BSE,MAITHANALL,INE683C01011,B,972.15,1020.00,972.15,1014.85,947.35,4122,4112495.00,346
BSE,MAJESAUT,INE201B01022,B,335.00,338.00,334.75,335.20,335.00,265,89210.00,21
BSE,MAKERSL,INE987A01010,X,145.85,158.85,145.00,156.85,142.00,5134,786110.00,57
BSE,MAL,INE100C01024,X,2.33,2.33,2.33,2.33,2.22,2698,6286.00,4
BSE,MALLCOM,INE389C01015,B,969.90,1032.00,964.25,1018.20,969.90,336,337404.00,97
BSE,MALPANI,INE0YON01014,M,68.65,68.65,65.00,67.79,64.99,4800,322304.00,3
BSE,MALUPAPER,INE383H01017,B,31.50,32.55,31.00,32.03,31.00,657,21170.00,19
BSE,MAMATA,INE0TO701015,B,346.85,362.95,346.85,361.05,346.90,3765,1341810.00,195
BSE,MANAKALUCO,INE859Q01017,B,40.30,40.88,39.20,39.60,38.55,14467,575118.00,299
BSE,MANAKCOAT,INE830Q01018,B,105.55,109.05,103.55,108.10,103.55,8405,904259.00,124
BSE,MANAKSIA,INE015D01022,B,57.41,57.41,56.99,57.07,57.13,314,17947.00,14
BSE,MANAKSTEEL,INE824Q01011,T,66.60,67.00,66.01,66.58,66.27,3477,231506.00,22
BSE,MANALIPETC,INE201A01024,B,60.86,68.27,60.51,64.96,59.11,373017,24489535.00,2130
BSE,MANAPPURAM,INE522D01027,A,299.95,305.80,297.45,304.90,291.95,64076,19317555.00,1687
BSE,MANBA,INE939X01013,B,121.00,125.55,121.00,124.50,119.25,14335,1759525.00,296
BSE,MANBRO,INE348N01042,X,71.50,74.95,69.07,73.03,71.45,200759,14527165.00,662
BSE,MANCREDIT,INE545L01039,B,219.90,224.05,217.50,222.05,215.40,20722,4594098.00,161
BSE,MANGALAM,INE584F01014,B,28.99,28.99,27.78,28.11,28.00,3869,108498.00,48
BSE,MANGIND,INE717C01025,X,0.61,0.62,0.60,0.61,0.61,2902451,1766002.00,715
BSE,MANGLMCEM,INE347A01017,B,846.00,848.00,833.60,841.90,833.30,1193,1004164.00,374
BSE,MANINDS,INE993A01026,B,522.00,547.15,521.45,546.45,510.25,31600,16903621.00,766
BSE,MANINFRA,INE949H01023,A,112.00,112.50,110.10,111.00,110.15,74187,8231101.00,1325
BSE,MANIVENI,INE0YD301010,MT,38.50,39.00,37.25,37.59,39.00,114000,4354620.00,32
BSE,MANKIND,INE634S01028,A,2400.35,2413.60,2368.55,2379.45,2371.65,6362,15208045.00,787
BSE,MANOJJEWEL,INE0MV001018,M,42.97,44.49,40.99,41.00,39.10,26000,1087880.00,13
BSE,MANOMAY,INE784W01015,B,193.00,196.00,191.30,194.10,191.15,345,66087.00,74
BSE,MANORAMA,INE00VM01036,A,1561.45,1585.80,1549.95,1563.05,1531.55,9082,14219437.00,643
BSE,MANORG,INE370D01013,T,442.60,477.50,442.60,477.30,454.95,1646,776790.00,53
BSE,MANSIFIN,INE094E01017,X,60.82,61.95,58.90,59.42,60.82,144,8499.00,8
BSE,MANTRA,INE304E01010,X,15.85,18.78,15.12,15.91,15.85,2861,45718.00,12
BSE,MANUGRAPH,INE867A01022,T,16.23,16.23,15.68,15.70,16.43,1674,26615.00,13
BSE,MANYAVAR,INE825V01034,A,401.05,408.50,400.00,407.10,395.45,6181,2495184.00,296
BSE,MAPMYINDIA,INE0BV301023,A,858.45,861.95,836.60,844.00,842.30,12544,10597064.00,1454
BSE,MAPROIN,INE848M01019,X,39.30,44.80,39.00,42.29,41.99,954,40201.00,15
BSE,MARATHON,INE182D01020,B,386.00,408.15,386.00,404.00,386.75,1372,546108.00,66
BSE,MARBLE,INE807H01023,X,90.00,92.99,88.01,91.61,90.86,111185,10111877.00,61
BSE,MARBU,INE199D01016,X,42.60,45.00,42.60,44.27,42.60,240,10622.00,5
BSE,MARCLOIRE,INE0TBQ01014,M,39.38,39.38,39.38,39.38,41.21,1200,47256.00,1
BSE,MARGOFIN,INE680B01019,X,62.79,65.00,62.30,64.00,62.79,786,50310.00,17
BSE,MARICO,INE196A01026,A,811.30,821.70,808.85,818.75,811.15,26446,21547069.00,2351
BSE,MARIS,INE866D01010,X,29.50,30.80,28.41,30.80,29.20,409,11800.00,9
BSE,MARKOLINES,INE0FW001016,B,164.60,169.95,164.60,166.20,164.95,42819,7162013.00,668
BSE,MARKSANS,INE750C01026,A,252.65,259.95,248.40,252.15,249.65,119617,30336920.00,1875
BSE,MARSONS,INE415B01044,B,115.25,123.50,114.10,117.60,111.25,289304,34092813.00,2201
BSE,MARUTI,INE585B01010,A,13200.15,13410.00,13135.05,13371.25,13093.30,85099,1126192858.00,5720
BSE,MASFIN,INE348L01012,B,293.50,302.45,291.20,301.35,291.65,9456,2775435.00,163
BSE,MASTEK,INE759A01021,A,1593.00,1593.45,1558.85,1577.75,1580.60,1066,1683458.00,167
BSE,MASTERTR,INE677D01037,B,76.50,79.63,74.74,78.29,75.31,125614,9673850.00,599
BSE,MATRIMONY,INE866R01028,B,387.30,399.00,387.10,389.80,387.10,573,224376.00,119
BSE,MAWANASUG,INE636A01039,T,100.00,104.89,100.00,104.27,102.20,6838,705068.00,58
BSE,MAXESTATES,INE03EI01018,B,437.10,437.10,425.95,432.15,429.10,3675,1586950.00,100
BSE,MAXHEALTH,INE027H01010,A,1020.60,1020.60,1008.60,1012.20,1008.95,38430,38865011.00,1466
BSE,MAXHEIGHTS,INE393F01010,X,13.97,13.97,12.65,12.65,12.61,266,3694.00,6
BSE,MAXIMUS,INE544W01021,X,10.65,11.00,10.65,10.97,10.75,81093,883495.00,104
BSE,MAXIND,INE0CG601016,B,152.00,160.35,152.00,157.85,154.75,692,109342.00,34
BSE,MAYUR,INE799E01011,X,17.80,19.92,17.80,17.83,19.77,620332,11065760.00,74
BSE,MAYURUNIQ,INE040D01038,B,808.00,808.00,790.00,794.25,795.05,7711,6146543.00,517
BSE,MAZDA,INE885E01042,B,228.05,231.00,225.90,230.65,222.45,625,141583.00,41
BSE,MAZDOCK,INE249Z01020,A,2388.80,2416.00,2365.55,2408.95,2347.95,74365,177839014.00,4712
BSE,MBEL,INE08N601015,B,286.55,291.20,280.05,286.90,283.30,5887,1684719.00,259
BSE,MBLINFRA,INE912H01013,T,26.00,27.39,26.00,27.38,26.45,1433,38753.00,8
BSE,MCCHRLS-B,INE435D01014,B,691.95,691.95,691.95,691.95,686.60,15,10379.00,6
BSE,MCFL,INE0R5Z01015,M,201.15,201.15,199.30,199.65,200.95,36000,7206300.00,25
BSE,MCLEODRUSS,INE942G01012,T,64.01,64.01,64.01,64.01,65.31,84792,5427535.00,102
BSE,MCLOUD,INE613C01026,B,22.51,23.05,21.87,22.19,22.45,202421,4529368.00,789
BSE,MCLTD,INE410E01015,X,5.50,5.50,5.50,5.50,5.59,5,27.00,1
BSE,MCPL,INE0A6N01026,MT,103.90,105.72,103.90,105.59,100.69,39000,4112030.00,17
BSE,MCX,INE745G01043,A,2825.85,2858.00,2781.05,2852.65,2780.35,158338,447071104.00,12411
BSE,MDRC,INE1HK501016,M,56.00,56.00,50.10,51.50,55.00,12800,678096.00,7
BSE,MDRNSTL,INE001F01019,X,13.20,14.25,13.16,13.37,13.20,1771,24040.00,39
BSE,MEAPL,INE250S01015,X,29.48,30.50,29.11,29.42,29.36,22595,670650.00,143
BSE,MEDANTA,INE474Q01031,A,1244.95,1244.95,1217.00,1235.15,1228.60,6692,8227996.00,761
BSE,MEDIAONE,INE828I01019,Z,15.30,15.50,15.30,15.50,15.30,8,123.00,6
BSE,MEDIASSIST,INE456Z01021,A,353.00,385.15,351.65,373.35,346.80,12515,4687894.00,518
BSE,MEDICAMEQ,INE646B01010,B,227.05,232.40,227.05,229.45,225.70,1695,388046.00,82
BSE,MEDICAPQ,INE442D01010,X,26.65,27.97,26.08,26.92,26.91,3476,93742.00,50
BSE,MEDICO,INE630Y01024,B,42.38,43.00,41.20,42.90,41.31,10126,424189.00,101
BSE,MEDPLUS,INE804L01022,A,880.80,887.60,862.85,882.05,876.10,3708,3237846.00,313
BSE,MEERA,INE343X01026,T,46.85,46.94,46.00,46.94,44.71,16465,771571.00,76
BSE,MEESHO,INE0VDM01015,B,169.60,170.65,165.60,167.15,168.35,630788,105481776.00,5017
BSE,MEFCOMCAP,INE186C01023,X,11.07,11.73,11.07,11.44,11.07,5292,59299.00,41
BSE,MEGACOR,INE804B01023,XT,2.90,3.04,2.81,2.90,2.95,64627,187427.00,105
BSE,MEGAMONT,INE317D01014,XT,136.00,150.30,136.00,149.10,143.15,3979,567898.00,32
BSE,MEGASTAR,INE00EM01016,B,314.95,327.50,300.00,321.30,309.35,1920,603509.00,87
BSE,MEGRISOFT,INE756R01013,X,80.00,81.60,77.00,81.42,81.25,264,20852.00,10
BSE,MEHAI,INE062Y01020,XT,1.21,1.26,1.20,1.25,1.20,938126,1157529.00,368
BSE,MEHSECU,INE241B01010,X,24.00,24.00,24.00,24.00,24.05,200,4800.00,1
BSE,MEIL,INE0PKD01011,T,297.45,315.00,297.45,314.95,300.50,540,167627.00,27
BSE,MENAMANI,INE148B01033,X,6.00,6.01,6.00,6.01,6.15,42167,253004.00,22
BSE,MENNPIS,INE650G01029,B,56.07,56.99,55.47,56.55,55.30,4535,255394.00,50
BSE,MENONBE,INE071D01033,B,169.70,171.00,165.10,167.35,165.85,25140,4234590.00,374
BSE,MEP,INE776I01010,Z,0.84,0.84,0.83,0.83,0.84,6884,5713.00,20
BSE,MERCANTILE,INE689O01013,B,25.99,25.99,23.40,24.46,24.45,1982,47806.00,42
BSE,MERCTRD,INE319T01016,X,6.57,6.57,6.06,6.09,6.37,50535,308363.00,169
BSE,MERCURYEV,INE763M01028,T,30.77,30.77,30.77,30.77,31.39,21043,647493.00,129
BSE,MERCURYLAB,INE947G01011,X,758.85,775.00,758.85,775.00,758.85,30,22927.00,2
BSE,META,INE958L01034,T,10.50,10.75,9.88,10.34,10.39,1046532,10827790.00,1098
BSE,METAINFO,INE162901016,MT,69.12,71.30,68.00,68.64,69.12,16000,1102488.00,17
BSE,METALCO,INE161E01014,X,54.29,55.45,53.04,54.35,54.02,294,15881.00,15
BSE,METHODHUB,INE0QZR01017,M,88.95,88.95,86.00,86.05,86.50,22200,1918620.00,20
BSE,METROBRAND,INE317I01021,A,979.00,1004.45,979.00,1000.05,978.75,16740,16597644.00,291
BSE,METROGLOBL,INE085D01033,B,128.90,134.90,125.10,133.55,130.00,2668,353645.00,34
BSE,METROPOLIS,INE112L01020,A,520.80,532.40,520.80,530.95,519.70,4012,2106581.00,503
BSE,METSL,INE318N01011,X,145.00,145.00,136.10,138.55,135.90,5684,792591.00,91
BSE,MFLINDIA,INE244C01020,X,0.40,0.41,0.39,0.39,0.40,436008,173477.00,230
BSE,MFML,INE0US801024,B,23.00,23.00,22.30,22.30,23.11,11,246.00,2
BSE,MFSINTRCRP,INE614F01019,XT,14.78,14.84,14.77,14.77,15.54,1047,15465.00,6
BSE,MFSL,INE180A01020,A,1567.35,1591.85,1548.15,1580.05,1561.55,3783,5962706.00,670
BSE,MGEL,INE0APB01032,T,16.10,16.72,15.84,16.25,15.98,23633,382266.00,67
BSE,MGIL,INE368C01019,XT,39.50,39.69,38.00,38.74,39.80,1280,49948.00,20
BSE,MGL,INE002S01010,A,1066.45,1104.00,1065.95,1094.25,1062.20,32619,35435239.00,1228
BSE,MHEL,INE957U01011,MT,65.20,65.20,65.20,65.20,62.40,750,48900.00,1
BSE,MHLXMIRU,INE112D01035,B,176.45,176.45,176.45,176.45,176.45,42,7410.00,3
BSE,MHRIL,INE998I01010,B,231.35,237.55,224.50,235.80,231.30,30484,7022700.00,1475
BSE,MICEL,INE287C01037,B,42.15,42.89,41.68,42.34,41.56,34464,1461261.00,301
BSE,MIDEASTP,INE033E01015,XT,27.00,28.35,25.65,28.35,27.00,4283,115179.00,14
BSE,MIDHANI,INE099Z01011,A,426.25,441.90,426.25,435.35,422.65,118785,51832880.00,2787
BSE,MIDINDIA,INE401C01018,X,5.90,6.57,5.90,6.20,6.20,6158,37964.00,15
BSE,MIDWEST,INE519N01014,T,3899.00,3909.95,3811.00,3891.15,3860.10,526,2035745.00,106
BSE,MIDWESTLTD,INE0XAD01024,B,1234.85,1258.00,1219.95,1246.25,1204.75,991,1220455.00,97
BSE,MIIL,INE898Q01015,B,730.00,747.85,720.20,734.60,728.35,63861,46938002.00,469
BSE,MIL,INE858Q01019,X,29.73,29.73,24.00,24.89,24.78,8007,205188.00,54
BSE,MILEFUR,INE424Z01011,MT,25.95,25.95,25.75,25.85,25.55,12000,310200.00,3
BSE,MILESTONE,INE151H01018,X,18.00,18.00,18.00,18.00,18.00,120,2160.00,3
BSE,MILLENNIUM,INE570N01025,X,1.64,1.64,1.64,1.64,1.64,690,1131.00,5
BSE,MINALIND,INE097E01028,X,2.49,2.88,2.39,2.63,2.40,95489,247246.00,128
BSE,MINAXI,INE952C01028,X,1.42,1.53,1.42,1.45,1.55,1663,2408.00,13
BSE,MINDACORP,INE842C01021,A,635.05,647.95,631.75,636.70,632.70,16950,10806501.00,844
BSE,MINDSPACE,INE0CCU25019,IF,463.00,463.00,459.26,460.44,459.74,5869,2703685.00,495
BSE,MINDTECK,INE110B01017,B,202.00,211.60,202.00,208.20,200.75,4407,910807.00,144
BSE,MINID,INE281E01028,X,14.17,14.28,13.95,14.00,14.01,409290,5754902.00,1185
BSE,MIRCELECTR,INE831A01028,T,35.69,37.47,34.60,37.47,35.69,27281,1004925.00,111
BSE,MIRZAINT,INE771A01026,B,29.11,29.60,29.11,29.50,28.62,5007,147305.00,40
BSE,MISHDESIGN,INE0QI101019,M,34.81,34.81,34.20,34.20,33.16,1500,51905.00,3
BSE,MISHKA,INE540S01019,X,41.01,41.50,41.00,41.00,41.00,358,14678.00,7
BSE,MISHTANN,INE094S01041,X,3.89,4.09,3.83,3.92,3.88,1917118,7558833.00,2026
BSE,MITSHI,INE844D01017,X,14.00,14.99,14.00,14.71,14.45,621,9153.00,16
BSE,MITSU,INE317V01016,XT,150.00,152.20,145.00,146.35,145.05,100955,14938707.00,171
BSE,MITTALSTL,INE833Q01012,MT,32.11,33.20,30.51,33.20,32.11,18000,556800.00,12
BSE,MIZVEN,INE681K01026,X,139.95,139.95,127.80,127.80,134.50,714,91273.00,8
BSE,MKEXIM,INE227F01010,X,52.59,52.59,50.52,50.97,50.67,18651,951748.00,79
BSE,MKPL,INE964W01021,B,4.71,4.76,4.62,4.72,4.71,18104,85162.00,110
BSE,MKTCREAT,INE944C01017,X,15.26,15.26,13.82,13.82,14.54,1214,16778.00,3
BSE,MKVENTURES,INE874A01010,X,958.95,959.00,917.05,947.60,903.40,190,177933.00,36
BSE,MLKFOOD,INE588G01021,X,66.88,69.75,66.85,66.97,66.66,541,36241.00,14
BSE,MMFL,INE227C01017,B,446.40,452.00,440.35,448.25,446.05,1410,628403.00,92
BSE,MMLF,INE340O01021,B,0.79,0.79,0.74,0.77,0.79,77167,58833.00,81
BSE,MMRUBBR-B,INE159E01026,X,61.99,63.95,61.00,62.09,61.99,451,27836.00,13
BSE,MMTC,INE123F01029,A,63.31,71.25,63.31,68.08,63.07,2226816,153742543.00,8972
BSE,MMWL,INE200D01020,T,13.68,13.68,12.71,12.82,13.28,3966,51249.00,19
BSE,MNIL,INE216Q01010,X,49.75,49.75,40.63,41.33,44.99,4089,171524.00,37
BSE,MOBAVENUE,INE622Q01027,B,287.70,309.25,286.00,309.20,1405.85,198650,60089756.00,2384
BSE,MOBIKWIK,INE0HLU01028,B,190.75,195.45,190.70,194.20,189.10,50841,9838112.00,525
BSE,MODAIRY,INE617B01011,X,34.48,34.48,33.35,34.18,33.73,4457,151144.00,59
BSE,MODINATUR,INE537F01012,T,422.00,433.90,410.10,433.90,421.20,451,190095.00,19
BSE,MODINSU,INE219W01012,XT,403.90,412.90,385.00,412.75,393.25,86456,34845139.00,751
BSE,MODIPON,INE170C01019,XT,48.75,52.00,48.75,52.00,51.31,72,3513.00,6
BSE,MODIRUBBER,INE832A01018,B,125.00,125.00,125.00,125.00,126.70,100,12500.00,1
BSE,MODIS,INE0L0L01012,B,347.00,347.00,345.00,345.00,340.30,160,55394.00,26
BSE,MODISONLTD,INE737D01021,T,309.00,317.00,297.50,302.15,311.05,64112,19411483.00,493
BSE,MODRNSH,INE370A01019,X,35.30,35.30,32.65,35.00,34.30,581,20101.00,13
BSE,MODULEX,INE064R01012,Z,16.39,16.39,14.95,15.63,15.69,16680,257021.00,57
BSE,MOHITE,INE154B01023,X,2.20,2.34,2.20,2.27,2.21,59258,133432.00,101
BSE,MOHITIND,INE954E01012,B,22.50,22.50,22.50,22.50,22.00,220,4950.00,2
BSE,MOHITPPR,INE388C01017,X,27.50,28.00,27.01,27.50,27.45,1661,45192.00,10
BSE,MOIL,INE490G01020,A,284.10,293.20,284.10,291.85,283.05,27161,7842617.00,1384
BSE,MOL,INE0CT101020,B,46.26,48.10,46.26,47.91,46.16,39680,1877198.00,377
BSE,MOLDTECH,INE835B01035,B,125.70,128.05,124.35,127.00,123.00,12702,1609824.00,327
BSE,MOLDTKPAC,INE893J01029,B,682.35,683.05,663.00,676.45,669.45,3211,2160007.00,199
BSE,MONARCH,INE903D01011,B,335.50,345.90,334.80,341.95,329.90,18584,6359245.00,156
BSE,MONEYBOXX,INE296Q01012,B,69.10,70.25,68.88,69.31,69.06,1012,70663.00,53
BSE,MONGIPA,INE153K01018,X,17.00,17.75,17.00,17.00,17.00,19113,324998.00,47
BSE,MONIKA,INE0LCG01010,M,228.10,228.10,218.00,220.30,227.00,26000,5726940.00,39
BSE,MONIND,INE407E01029,X,24.26,24.26,24.26,24.26,25.52,8,194.00,2
BSE,MONOT,INE811D01024,X,0.40,0.41,0.38,0.39,0.40,1969689,774916.00,503
BSE,MONTECARLO,INE950M01013,B,524.00,536.70,522.10,536.25,521.10,738,389899.00,72
BSE,MORARKFI,INE367A01015,X,61.05,65.90,61.05,63.09,62.13,3261,207987.00,74
BSE,MOREPENLAB,INE083A01026,A,48.48,51.50,48.20,50.16,47.27,816998,40662215.00,2540
BSE,MORGAN,INE902C01015,X,47.89,48.00,46.50,47.60,46.30,703,33485.00,19
BSE,MOSCHIP,INE935B01025,A,204.10,211.00,204.10,210.05,201.10,180585,37592449.00,2285
BSE,MOTHERSON,INE775A01035,A,142.75,145.40,141.20,143.40,140.75,971260,139076374.00,5960
BSE,MOTILALOFS,INE338I01027,A,858.70,890.75,852.30,888.80,831.50,141120,123494702.00,4874
BSE,MOTISONS,INE0FRK01020,B,13.68,15.22,13.29,14.80,13.21,3541129,50845869.00,5293
BSE,MOTOGENFIN,INE861B01023,T,29.50,30.36,29.50,30.36,29.50,1017,30431.00,4
BSE,MPAGI,INE468C01017,X,11.09,11.23,10.60,10.85,10.23,3809,42280.00,26
BSE,MPDL,INE493H01014,X,33.50,34.90,32.05,32.80,34.60,7388,240967.00,77
BSE,MPHASIS,INE356A01018,A,2287.80,2305.45,2256.05,2270.80,2276.25,2974,6774927.00,483
BSE,MPILCORPL,INE844C01027,XT,631.90,631.90,607.60,607.60,620.00,106,66678.00,6
BSE,MPKSTEELS,INE1PJP01015,M,122.00,122.00,117.80,121.00,121.00,17600,2122760.00,21
BSE,MPL,INE343A01016,X,6.00,6.65,6.00,6.60,5.60,8273,54292.00,24
BSE,MPSLTD,INE943D01017,B,1799.75,1820.00,1789.00,1812.15,1766.20,336,607544.00,70
BSE,MRCAGRO,INE333Y01017,B,35.60,36.20,34.20,34.87,34.48,59755,2104854.00,350
BSE,MRF,INE883A01011,A,123685.00,125694.65,123585.50,125457.40,122961.70,745,92831900.00,590
BSE,MRP,INE0D7801012,M,89.88,90.00,89.88,90.00,90.00,3000,269770.00,3
BSE,MRPL,INE103A01014,A,158.85,162.65,155.70,160.95,155.65,449160,71370449.00,3209
BSE,MRTX,INE1RQS01010,MT,358.00,361.25,345.00,361.25,344.05,127000,45569350.00,96
BSE,MRUTR,INE738D01029,XT,44.92,44.92,44.92,44.92,44.04,105,4716.00,1
BSE,MSAFE,INE2B5L01011,M,158.00,158.00,151.00,154.50,154.80,92000,14230150.00,73
BSE,MSCTC,INE277E01026,X,53.60,53.60,51.96,51.96,54.69,1598,83120.00,32
BSE,MSECL,INE0V0L01028,MT,214.95,214.95,206.45,207.15,211.50,15600,3275010.00,25
BSE,MSL,INE829S01016,X,125.00,125.00,122.00,123.75,125.45,207,25510.00,21
BSE,MSPL,INE752G01015,B,40.78,41.89,40.71,41.43,39.90,129277,5351347.00,499
BSE,MSTCLTD,INE255X01014,B,565.00,574.60,560.10,568.00,562.80,46162,26212107.00,985
BSE,MSUMI,INE0FS801015,A,36.59,37.53,36.45,36.86,36.40,3692204,135653856.00,6436
BSE,MTARTECH,INE864I01014,A,6687.35,7245.00,6625.10,7160.70,6295.60,567080,3981086542.00,44139
BSE,MTEDUCARE,INE472M01018,T,1.90,1.90,1.76,1.76,1.84,1598,2890.00,13
BSE,MTL,INE1K0V01011,M,93.00,94.95,93.00,93.98,94.49,3600,337140.00,3
BSE,MTNL,INE153A01019,B,28.98,31.91,28.73,30.83,28.55,241021,7438437.00,1439
BSE,MTPL,INE245H01018,XT,37.51,37.51,35.73,35.92,35.73,2249,80723.00,29
BSE,MUDUNURU,INE491C01027,X,8.52,8.52,8.52,8.52,8.12,44,374.00,1
BSE,MUFIN,INE08KJ01020,B,120.90,122.80,119.80,122.60,118.95,40743,4960154.00,265
BSE,MUFTI,INE220Q01020,B,85.86,88.98,85.86,87.61,84.09,7924,695357.00,168
BSE,MUKANDLTD,INE304A01026,B,133.95,135.25,132.00,134.15,131.85,6307,841267.00,121
BSE,MUKATPIP,INE862C01029,XT,18.73,18.73,18.36,18.36,18.73,100,1840.00,4
BSE,MUKESHB,INE596B01017,X,131.85,131.85,125.30,125.30,131.85,24,3053.00,2
BSE,MUKKA,INE0CG401037,B,21.12,23.20,21.12,22.75,21.12,128896,2935209.00,517
BSE,MUKTA,INE160O01031,X,2.61,2.61,2.61,2.61,2.61,523,1365.00,7
BSE,MUKTAARTS,INE374B01019,B,60.17,60.17,60.17,60.17,62.61,14,842.00,2
BSE,MUL,INE150D01027,X,8.50,9.61,8.20,8.94,8.99,70383,627692.00,139
BSE,MULLER,INE003F01015,X,202.00,212.00,202.00,212.00,202.00,11,2294.00,4
BSE,MULTIBASE,INE678F01014,X,182.95,183.20,180.50,182.25,179.10,1648,299825.00,104
BSE,MUNCAPM,INE910G01027,XT,115.00,115.00,115.00,115.00,115.00,1,115.00,1
BSE,MUNJALAU,INE672B01032,B,95.45,101.63,95.45,98.06,95.55,68751,6881911.00,697
BSE,MUNJALSHOW,INE577A01027,B,129.30,129.95,127.25,127.60,127.05,1365,174165.00,26
BSE,MURUDCERA,INE692B01014,B,31.00,31.62,30.84,31.35,30.70,1180,36923.00,20
BSE,MUTHOOTCAP,INE296G01013,B,195.65,196.00,192.00,194.85,192.95,1671,324142.00,71
BSE,MUTHOOTFIN,INE414G01012,A,2969.95,3051.00,2951.90,3039.10,2887.75,31602,94630426.00,4454
BSE,MUTHOOTMF,INE046W01019,B,182.80,188.60,180.50,187.25,180.45,5509,1013939.00,253
BSE,MVGJL,INE0KNT01012,B,149.00,154.80,144.30,146.65,143.85,2155,314950.00,75
BSE,MWL,INE0JYY01011,B,368.45,382.00,368.45,377.45,376.00,1414,537565.00,37
BSE,MYMONEY,INE232L01018,X,41.50,41.75,39.00,41.75,41.76,17,696.00,8
BSE,MYSORPETRO,INE741A01011,X,95.28,98.90,95.28,97.67,95.27,344,33772.00,20
BSE,MYSTICELE,INE159O01033,X,3.65,3.65,3.37,3.40,3.36,4378,14924.00,19
BSE,NACLIND,INE295D01020,B,158.95,167.00,158.95,164.50,159.40,31420,5136654.00,442
BSE,NAGPI,INE099E01016,X,147.05,148.50,141.50,143.95,145.00,2433,351087.00,49
BSE,NAGREEKCAP,INE245I01016,T,27.31,28.49,27.31,27.94,28.74,1137,31216.00,15
BSE,NAGREEKEXP,INE123B01028,B,24.90,27.73,24.90,26.55,26.79,882,23316.00,30
BSE,NAHARINDUS,INE289A01011,B,117.25,118.05,116.10,116.40,116.70,125,14585.00,8
BSE,NAHARPOLY,INE308A01027,B,245.05,247.70,244.25,245.50,240.90,240,58868.00,10
BSE,NAHARSPING,INE290A01027,T,262.05,264.00,260.60,261.05,265.90,480,125349.00,7
BSE,NAKSH,INE256S01012,T,3.90,4.09,3.90,4.07,3.90,879,3575.00,13
BSE,NAM-INDIA,INE298J01013,A,1050.90,1094.65,1050.00,1087.55,1041.75,140277,149558309.00,2186
BSE,NANTA,INE0YJA01011,MT,400.00,420.00,400.00,420.00,400.00,18000,7548000.00,27
BSE,NAPEROL,INE585A01020,X,603.00,610.00,600.00,604.85,597.60,198,119456.00,37
BSE,NAPL,INE223R01014,X,207.95,207.95,189.05,200.50,198.95,14564,2814451.00,148
BSE,NARMADA,INE117Z01011,B,36.27,39.04,36.27,37.06,35.22,133811,5046779.00,717
BSE,NARMADESH,INE0S1B01014,MT,344.00,344.00,315.00,315.00,328.50,1920,622416.00,8
BSE,NARMP,INE060D01028,X,20.75,21.45,20.75,21.41,20.63,46233,973975.00,193
BSE,NARPROP,INE603F01012,X,36.50,37.49,36.50,37.49,35.50,114,4175.00,2
BSE,NATCAPSUQ,INE936B01015,B,154.20,154.20,154.20,154.20,152.15,34,5242.00,4
BSE,NATCOPHARM,INE987B01026,A,865.00,866.00,849.75,863.85,842.55,50037,42930690.00,3635
BSE,NATFIT,INE643C01015,X,161.00,161.00,150.60,156.60,154.00,7258,1128501.00,50
BSE,NATGENI,INE654H01011,XT,62.17,62.17,62.17,62.17,63.43,20,1243.00,1
BSE,NATHBIOGEN,INE448G01010,B,168.00,168.00,165.00,167.25,164.95,2804,467222.00,123
BSE,NATHIND,INE777A01023,X,57.80,57.80,47.45,47.69,48.66,1711,83273.00,44
BSE,NATHUEC,INE487B01019,XT,39.68,39.68,38.14,38.14,38.91,56406,2236973.00,42
BSE,NATIONALUM,INE139A01034,A,376.10,384.65,375.35,376.95,370.70,553420,210221013.00,10362
BSE,NATIONSTD,INE166R01015,B,1200.00,1200.00,1165.00,1189.55,1167.15,54,64245.00,11
BSE,NATPLAS,INE233D01013,X,42.99,43.60,42.05,42.22,41.99,491,20794.00,15
BSE,NATPLASTI,INE896D01017,X,205.40,205.40,194.55,199.40,205.40,1199,240133.00,47
BSE,NATPLY,INE497C01016,Z,2.74,2.74,2.69,2.69,2.74,799,2156.00,12
BSE,NATRAJPR,INE444D01016,X,37.23,37.23,36.00,36.00,37.05,58,2110.00,9
BSE,NATURAL,INE06MM01016,XT,3.45,3.49,3.26,3.44,3.36,22799,77294.00,63
BSE,NAUKRI,INE663F01032,A,968.70,983.60,962.00,972.05,963.85,33476,32600646.00,1754
BSE,NAVA,INE725A01030,A,571.60,586.50,570.00,584.45,565.55,15658,9095167.00,525
BSE,NAVINFLUOR,INE048G01026,A,7167.05,7328.90,7167.05,7303.60,7186.40,9231,67041576.00,1730
BSE,NAVKARCORP,INE278M01019,B,97.29,103.01,95.99,102.25,95.05,63015,6355797.00,536
BSE,NAVKARURB,INE268H01044,B,1.00,1.02,0.98,1.01,0.98,454339,457279.00,97
BSE,NAVNETEDUL,INE060A01024,B,140.15,142.80,140.00,142.65,140.00,3993,561706.00,84
BSE,NAZARA,INE418L01047,A,284.90,287.75,283.30,285.90,281.45,37661,10749863.00,2200
BSE,NBCC,INE095N01031,A,102.10,105.40,102.10,105.10,100.55,1313973,136530916.00,6404
BSE,NBFOOT,INE006F01018,P,7.89,7.89,7.89,7.89,7.52,19000,149910.00,3
BSE,NBL,INE0GOA01018,MS,70.09,73.94,70.09,73.00,70.01,4800,344544.00,3
BSE,NCC,INE868B01028,A,146.35,152.00,146.30,151.55,145.25,216684,32539165.00,2474
BSE,NCCBLUE,INE630N01019,P,18.96,19.55,18.96,19.55,19.95,5200,99191.00,9
BSE,NCLIND,INE732C01016,B,181.60,186.20,181.60,184.95,179.25,2400,442274.00,129
BSE,NCLRESE,INE132F01038,X,0.51,0.52,0.49,0.50,0.51,3111015,1559310.00,778
BSE,NDASEC,INE026C01013,X,31.16,34.35,30.61,31.53,31.80,2166,67351.00,27
BSE,NDL,INE875G01048,B,2.43,2.55,2.43,2.54,2.51,62825,158878.00,218
BSE,NDLVENTURE,INE353A01023,B,128.00,128.00,127.80,127.80,126.15,60,7678.00,2
BSE,NDRAUTO,INE07OG01012,B,797.95,797.95,778.20,785.70,782.45,3179,2495244.00,230
BSE,NDTV,INE155G01029,B,79.00,81.62,78.99,81.13,78.37,11376,914261.00,210
BSE,NEAGI,INE605D01012,B,3100.00,3160.00,3050.05,3050.05,3040.00,96,300092.00,22
BSE,NECCLTD,INE553C01016,B,17.25,17.26,16.27,16.65,16.81,20528,342938.00,89
BSE,NECLIFE,INE023H01027,T,11.48,11.82,11.20,11.78,11.26,57368,652034.00,106
BSE,NEELKAN,INE741D01015,Z,30.48,30.48,30.48,30.48,29.03,840,25603.00,6
BSE,NEETUYOSHI,INE0UZO01024,MT,148.50,148.50,139.05,142.70,141.45,61600,8871800.00,62
BSE,NEIL,INE396C01010,X,6.27,6.69,6.11,6.22,6.50,15245,94851.00,46
BSE,NELCAST,INE189I01024,B,137.40,140.40,136.05,140.15,135.45,6016,830994.00,128
BSE,NELCO,INE045B01015,B,712.95,725.20,712.00,721.60,705.40,11808,8504938.00,646
BSE,NEOGEN,INE136S01016,B,2050.05,2082.75,1929.80,2037.45,2026.80,9936,19976932.00,1087
BSE,NEOINFRA,INE216I01017,X,45.00,45.99,40.00,43.99,45.94,702,30984.00,28
BSE,NEPHROPLUS,INE428V01029,B,759.75,767.95,735.00,749.90,744.75,13181,9917510.00,840
BSE,NEPLOG,INE1NQ501012,MT,35.98,35.98,35.98,35.98,35.98,3000,107940.00,3
BSE,NESCO,INE317F01035,B,1095.35,1104.85,1081.00,1089.40,1089.30,2161,2351934.00,262
BSE,NESTLEIND,INE239A01024,A,1439.65,1439.65,1370.00,1375.85,1421.75,108218,150629132.00,6205
BSE,NETLINK,INE040F01033,X,198.90,204.85,192.80,198.80,207.50,416,82208.00,29
BSE,NETTLINX,INE027D01019,X,17.39,17.39,16.07,16.38,16.67,2294,37364.00,38
BSE,NETWEB,INE0NT901020,A,4300.00,4609.00,4299.95,4586.75,4194.05,306918,1383649703.00,22327
BSE,NETWORK18,INE870H01013,A,30.49,31.65,30.01,31.53,29.78,686499,21114078.00,2276
BSE,NEULANDLAB,INE794A01010,A,17290.50,17400.00,17018.95,17177.50,16952.25,970,16637756.00,258
BSE,NEWGEN,INE619B01017,A,459.25,469.20,458.40,464.50,455.40,61707,28582803.00,1882
BSE,NEWINFRA,INE997D01021,X,1.86,1.92,1.86,1.91,1.86,38294,72630.00,110
BSE,NEWLIGHT,INE835U01027,X,1.35,1.35,1.26,1.29,1.23,75714,98504.00,152
BSE,NEWMKTAVE,INE800K01014,XT,33.08,33.08,33.08,33.08,32.44,1,33.00,1
BSE,NEWTRAC,INE229N01010,X,4.51,4.65,4.42,4.50,4.51,4047,18366.00,31
BSE,NEXOME,INE641A01013,X,110.00,110.95,102.60,105.05,106.70,7492,787213.00,51
BSE,NEXTMEDIA,INE747B01016,B,3.87,4.17,3.70,3.84,3.87,24034,93565.00,31
BSE,NEXUSSURGL,INE370Q01015,X,19.51,19.61,19.51,19.61,19.51,1289,25204.00,9
BSE,NEXXUS,INE0QUL01011,M,73.44,73.44,67.00,69.45,73.75,3600,254796.00,3
BSE,NFL,INE870D01012,B,74.79,75.49,74.00,75.11,73.87,92706,6941367.00,703
BSE,NGIL,INE236Y01012,T,37.63,39.40,37.63,39.39,38.02,253,9964.00,4
BSE,NGIND,INE825C01018,X,117.90,117.90,117.55,117.55,117.85,126,14814.00,6
BSE,NGLFINE,INE887E01022,B,2769.15,3122.25,2769.15,3063.60,2714.85,5135,15515430.00,805
BSE,NH,INE410P01011,A,1883.25,1907.25,1874.05,1893.25,1861.80,17435,32997174.00,1929
BSE,NHCFOODS,INE141C01036,XT,1.24,1.28,1.23,1.25,1.22,2716952,3422666.00,594
BSE,NHPC,INE848E01016,A,72.62,73.89,72.62,73.77,72.13,646432,47390947.00,3909
BSE,NIACL,INE470Y01017,A,147.30,153.60,147.30,152.80,147.00,62532,9462150.00,837
BSE,NIBE,INE149O01018,B,1445.05,1581.60,1445.05,1581.60,1437.85,44443,69545583.00,1335
BSE,NIBL,INE047O01014,B,31.50,31.60,31.50,31.60,30.43,523,16474.00,15
BSE,NICCOPAR,INE653C01022,X,75.00,75.90,71.17,75.00,72.10,1967,146643.00,41
BSE,NIDHGRN,INE276H01013,XT,435.00,435.00,400.00,409.35,415.00,409,167711.00,20
BSE,NIHARINF,INE876E01033,X,6.80,6.80,6.80,6.80,6.48,12478,84850.00,9
BSE,NIITLTD,INE161A01038,B,85.38,88.79,85.31,87.15,85.23,71429,6198638.00,1221
BSE,NIITMTS,INE342G01023,A,216.65,216.65,210.55,212.75,211.85,21677,4620734.00,1232
BSE,NIKHILAD,INE926C01022,X,84.89,85.00,82.21,83.78,83.20,6633,555416.00,108
BSE,NIKSTECH,INE0GX601011,TS,340.25,340.25,340.25,340.25,358.15,300,102075.00,1
BSE,NILACHAL,INE416N01013,X,41.50,41.69,38.50,38.50,37.90,204,8409.00,10
BSE,NILAINFRA,INE937C01029,B,7.86,8.04,7.82,7.91,7.86,4736,37419.00,62
BSE,NILASPACES,INE00S901012,B,11.91,12.19,11.88,12.11,11.91,21386,257570.00,143
BSE,NILE,INE445D01013,B,1674.00,1740.15,1674.00,1696.95,1668.70,2052,3506777.00,167
BSE,NILKAMAL,INE310A01015,B,1271.00,1272.00,1260.15,1270.00,1260.00,397,504193.00,108
BSE,NINSYS,INE395U01014,T,680.00,699.95,670.45,689.75,685.20,419,285836.00,19
BSE,NIPPOBATRY,INE567A01028,B,338.55,342.00,326.00,332.60,334.90,2733,906338.00,465
BSE,NIRAJ,INE368I01016,T,29.17,29.17,29.17,29.17,27.79,250,7292.00,3
BSE,NIRLON,INE910A01012,B,621.00,623.00,618.00,618.40,621.00,55,34182.00,13
BSE,NISMGMT,INE0M3X01010,M,48.00,48.20,48.00,48.10,48.00,4800,230880.00,4
BSE,NISUS,INE0DQN01013,M,201.30,207.00,199.50,202.80,197.00,20000,4046540.00,47
BSE,NITCO,INE858F01012,B,96.00,99.70,95.61,98.85,93.88,40820,4010702.00,595
BSE,NITINCAST,INE861H01020,X,578.95,599.90,578.95,592.45,579.75,91,53914.00,12
BSE,NITINSPIN,INE229H01012,B,547.20,562.00,540.05,559.20,534.15,14561,8077059.00,562
BSE,NITTAGELA,INE265B01019,B,1401.25,1428.85,1361.20,1415.95,1322.25,3167,4419159.00,325
BSE,NIVABUPA,INE995S01015,A,83.16,84.80,82.79,84.12,82.95,45865,3834195.00,602
BSE,NIVAKA,INE139E01028,X,0.84,0.84,0.79,0.84,0.80,18021,15089.00,24
BSE,NIYOGIN,INE480D01010,X,46.94,46.94,45.51,45.90,45.53,9623,439285.00,54
BSE,NKIND,INE542C01019,B,64.00,64.00,63.00,63.00,58.35,2,127.00,2
BSE,NLCINDIA,INE589A01014,A,315.05,319.75,311.55,316.15,310.05,245051,77504633.00,2665
BSE,NLFL,INE606C01012,X,44.99,44.99,39.05,40.54,40.50,2126,84257.00,71
BSE,NMDC,INE584A01023,A,90.35,91.28,89.64,90.89,88.43,663393,60007863.00,4252
BSE,NMSGLOBAL,INE169F01014,X,86.00,89.97,86.00,86.99,86.47,40,3462.00,13
BSE,NOBPOL,INE203Q01026,XT,4.03,4.03,4.03,4.03,3.96,6650,26799.00,6
BSE,NOCIL,INE163A01018,B,159.00,162.00,158.70,161.55,156.00,9527,1529249.00,205
BSE,NOIDATOLL,INE781B01015,T,5.09,5.21,5.00,5.17,4.99,84477,435090.00,125
BSE,NOL,INE296D01010,X,70.60,78.00,70.10,71.51,70.35,634,45748.00,34
BSE,NORBTEAEXP,INE369C01017,B,78.91,78.91,73.15,75.40,76.99,572,42464.00,29
BSE,NORRIS,INE744C01029,X,13.50,14.30,13.00,14.11,13.51,1704,23742.00,25
BSE,NORTHARC,INE850M01015,A,278.50,291.00,278.50,290.40,277.45,35507,10194610.00,1092
BSE,NOUVEAU,INE317B01042,X,0.38,0.38,0.38,0.38,0.39,27877,10593.00,28
BSE,NOVAAGRI,INE02H701025,T,28.19,28.33,26.46,26.90,27.31,3163,85487.00,46
BSE,NOVARTIND,INE234A01025,B,1335.90,1349.95,1293.50,1303.85,1329.30,2026,2661585.00,211
BSE,NOVELIX,INE314I01036,X,80.40,84.70,76.70,82.62,79.48,23263,1898690.00,233
BSE,NOVIS,INE608C01026,X,11.90,12.15,11.79,11.79,11.79,3233,38233.00,13
BSE,NOVUS,INE1TFS01019,M,148.00,148.00,140.00,147.70,146.00,53000,7697000.00,39
BSE,NPFL,INE471R01019,M,8.00,8.25,8.00,8.13,8.25,12000,97500.00,2
BSE,NPL,INE0PO601011,XT,560.00,570.00,548.00,555.00,551.45,114,63733.00,18
BSE,NPRFIN,INE446D01011,X,21.75,21.75,21.00,21.00,22.06,1295,27321.00,15
BSE,NPST,INE0FFK01017,B,1713.60,1713.60,1617.05,1647.65,1531.05,5232,8680799.00,479
BSE,NRBBEARING,INE349A01021,B,447.70,449.90,424.00,425.90,434.95,30693,13247056.00,635
BSE,NSDL,INE301O01023,B,818.10,832.50,818.10,828.85,814.85,293025,241616054.00,9455
BSE,NSIL,INE023A01030,B,5499.00,5591.25,5472.05,5544.20,5422.00,92,507527.00,39
BSE,NSL,INE01BL01012,B,124.00,124.00,119.50,120.70,120.95,11305,1367294.00,149
BSE,NSLNISP,INE0NNS01018,A,46.47,47.40,46.15,47.23,45.45,256490,11994814.00,2019
BSE,NTCIND,INE920C01017,X,154.90,154.95,148.85,150.80,149.70,2673,401866.00,79
BSE,NTPC,INE733E01010,A,355.70,356.00,349.80,353.95,352.00,641983,226136490.00,7066
BSE,NTPCGREEN,INE0ONG01011,A,97.90,99.15,97.50,98.40,97.10,257414,25282088.00,2712
BSE,NUCLEUS,INE096B01018,B,764.75,764.75,739.25,747.50,749.95,3980,2970834.00,229
BSE,NURECA,INE0DSF01015,B,230.95,233.65,230.50,233.00,229.90,490,113508.00,40
BSE,NUTECGLOB,INE960H01012,X,28.90,28.90,28.50,28.50,28.22,2747,78309.00,4
BSE,NUVAMA,INE531F01023,A,1567.10,1598.45,1528.00,1586.90,1509.65,11386,17771154.00,1278
BSE,NUVOCO,INE118D01016,A,307.55,317.40,305.00,311.15,301.35,33877,10541005.00,973
BSE,NVENTURES,INE0E5R01017,M,104.30,109.00,104.30,109.00,104.20,30000,3147375.00,6
BSE,NWIL,INE882B01037,X,19.20,21.38,19.20,19.75,19.05,1187124,23619693.00,2014
BSE,NXST,INE0NDH25011,IF,155.60,155.60,153.29,154.59,155.12,17309,2671268.00,298
BSE,NYKAA,INE388Y01029,A,264.00,275.50,262.80,273.25,260.35,335446,90466322.00,5521
BSE,NYSSACORP,INE812K01027,X,2.70,2.70,2.51,2.59,2.49,25959,66752.00,99
BSE,OAL,INE959C01023,B,324.00,333.95,324.00,325.70,323.40,607,197899.00,28
BSE,OASISEC,INE876A01023,XT,14.70,14.71,13.33,14.70,14.01,789,11053.00,15
BSE,OBCL,INE426Z01016,B,58.51,61.08,58.51,59.60,60.03,1066,63959.00,21
BSE,OBEROIRLTY,INE093I01010,A,1618.45,1634.40,1591.20,1622.95,1582.95,11487,18463152.00,1208
BSE,OCCLLTD,INE0PK601023,T,123.50,128.40,122.30,128.40,122.30,6120,783040.00,34
BSE,OCEANIC,INE711V01010,X,57.00,57.00,57.00,57.00,58.00,2,114.00,2
BSE,OCTAL,INE513C01010,X,19.90,19.90,19.86,19.86,20.90,222,4413.00,10
BSE,OCTAVE,INE814L01013,X,4.14,4.14,3.92,3.98,4.04,3964,15896.00,17
BSE,OCTAVIUSPL,INE117S01016,X,49.00,49.00,48.00,48.00,50.19,1013,48637.00,2
BSE,ODIGMA,INE054301028,B,20.13,21.71,20.13,21.58,20.92,12138,259041.00,232
BSE,ODYCORP,INE839E01023,X,7.66,7.95,7.63,7.84,7.59,21235,166025.00,47
BSE,ODYSSEY,INE213B01019,X,38.69,40.89,37.07,40.01,37.59,27180,1070479.00,180
BSE,OFSS,INE881D01027,A,9296.30,9402.85,9225.65,9321.00,9267.60,32393,302537949.00,3331
BSE,OIL,INE274J01014,A,425.20,425.90,414.80,418.05,429.40,368994,154755107.00,9759
BSE,OILCOUNTUB,INE591A01010,T,57.50,57.50,55.50,55.90,55.33,786,43677.00,15
BSE,OIVL,INE125F01032,XT,5.91,6.49,5.91,5.97,6.22,219990,1350672.00,148
BSE,OKPLA,INE870B01024,XT,4.57,4.57,4.30,4.52,4.52,214163,945039.00,314
BSE,OLAELEC,INE0LXG01040,A,46.27,47.47,45.34,45.73,45.53,7858003,363288507.00,18403
BSE,OLATECH,INE0M3901015,M,92.10,96.89,89.00,93.56,97.61,15725,1468076.00,17
BSE,OLECTRA,INE260D01016,A,1275.00,1299.95,1270.00,1293.05,1251.70,44527,57370559.00,1592
BSE,OLPCL,INE550L01013,X,2.85,3.16,2.85,3.16,3.18,3266,10099.00,13
BSE,OLYMPTX,INE482O01021,X,29.15,30.70,29.15,30.50,30.95,204,6081.00,12
BSE,OMAXAUTO,INE090B01011,T,216.00,226.80,216.00,226.80,216.00,3653,804622.00,58
BSE,OMAXE,INE800H01010,B,74.00,80.00,74.00,76.11,74.64,57394,4435418.00,360
BSE,OMEAG,INE112B01013,X,9.66,9.66,9.66,9.66,9.66,25,241.00,1
BSE,OMFREIGHT,INE1BZC01019,B,81.51,83.33,81.00,82.10,81.11,1422,117771.00,44
BSE,OMINFRAL,INE239D01028,B,81.41,83.81,79.05,82.92,81.45,3601,294858.00,126
BSE,OMKARPH,INE501C01015,X,19.20,19.20,18.24,18.24,19.20,1070,19527.00,7
BSE,OML,INE0R8Q01018,MT,21.65,21.65,21.65,21.65,20.62,3200,69280.00,2
BSE,OMNI,INE0UH301010,B,463.20,492.95,462.35,470.15,454.75,65678,31196101.00,1749
BSE,OMNIAX,INE369B01019,X,3.70,3.70,3.29,3.34,3.44,553,1945.00,12
BSE,OMNITEX,INE814D01010,XT,769.95,769.95,720.00,754.25,737.55,458,345763.00,19
BSE,OMPOWER,INE25E901019,B,175.60,180.75,175.15,177.85,175.85,29766,5278378.00,437
BSE,ONEGLOBAL,INE670O01013,X,605.00,634.30,600.00,633.90,604.10,47640,29783092.00,1018
BSE,ONELIFECAP,INE912L01015,T,26.25,26.25,25.72,26.00,25.42,257,6723.00,9
BSE,ONEPOINT,INE840Y01029,B,56.01,58.64,55.84,57.67,56.25,120702,6862912.00,569
BSE,ONESOURCE,INE013P01021,A,1663.80,1668.30,1595.00,1613.40,1649.20,7777,12649891.00,706
BSE,ONGC,INE213A01029,A,251.75,251.75,243.35,246.15,252.55,832484,205014613.00,11184
BSE,ONIXSOLAR,INE173M01012,XT,654.85,654.85,654.85,654.85,668.20,14187,9290356.00,40
BSE,ONMOBILE,INE809I01019,B,46.00,49.78,46.00,49.42,48.57,8287,407097.00,104
BSE,ONTIC,INE989S01042,X,1.34,1.34,1.24,1.26,1.25,211802,267253.00,83
BSE,ONWARDTEC,INE229A01017,B,254.70,254.95,247.05,247.80,250.00,3037,762240.00,219
BSE,OONE,INE860E01011,X,7.40,7.40,6.34,6.81,6.90,3277,21638.00,29
BSE,OPTIEMUS,INE350C01017,B,415.05,427.00,415.05,422.50,413.25,5183,2190983.00,163
BSE,OPTIFIN,INE031G01022,X,15.06,16.44,14.95,15.98,15.10,416813,6617255.00,728
BSE,ORBTEXP,INE231G01010,B,192.15,197.50,186.85,188.00,194.85,617,116833.00,33
BSE,ORCHASP,INE215B01022,B,1.99,2.04,1.86,1.88,1.97,114996,217424.00,84
BSE,ORCHPHARMA,INE191A01027,B,847.00,933.50,847.00,917.00,852.45,35161,31840733.00,1725
BSE,ORGANICREC,INE0MIO01019,M,231.05,231.55,229.50,229.85,230.80,63600,14641680.00,76
BSE,ORGCOAT,INE412E01011,X,18.50,18.50,17.11,17.11,17.85,1137,20951.00,7
BSE,ORIBEVER,INE247F01018,X,175.55,185.00,170.00,184.05,175.40,1996,357145.00,63
BSE,ORICONENT,INE730A01022,B,58.51,60.40,55.70,58.78,55.99,50609,2931896.00,486
BSE,ORIENTALTL,INE998H01012,B,6.65,6.65,6.22,6.27,6.29,7302,45688.00,30
BSE,ORIENTBELL,INE607D01018,B,312.00,320.00,312.00,319.00,315.90,340,108346.00,57
BSE,ORIENTCEM,INE876N01018,A,129.60,135.65,129.60,134.85,130.00,13558,1797592.00,285
BSE,ORIENTCER,INE569C01020,B,37.50,40.00,37.37,38.11,37.62,37957,1498735.00,224
BSE,ORIENTELEC,INE142Z01019,B,177.70,177.70,174.15,175.55,173.95,7111,1249403.00,155
BSE,ORIENTHOT,INE750A01020,B,105.25,109.00,102.77,108.37,103.19,23314,2483827.00,204
BSE,ORIENTLTD,INE609C01024,B,57.15,63.85,57.15,63.85,58.50,50,3025.00,2
BSE,ORIENTPPR,INE592A01026,B,17.00,17.44,17.00,17.30,16.93,77272,1318994.00,78
BSE,ORIENTTECH,INE0PPK01015,B,248.00,254.20,245.95,252.50,245.50,9016,2262575.00,226
BSE,ORIENTTR,INE681D01039,X,5.53,5.53,5.02,5.02,5.28,104957,528876.00,161
BSE,ORIRAIL,INE457G01029,B,135.45,136.00,132.90,135.35,131.95,30240,4071019.00,382
BSE,ORISSAMINE,INE725E01024,B,3928.85,4015.65,3928.85,4010.20,3851.20,320,1273712.00,111
BSE,ORKLAINDIA,INE16NZ01023,B,619.00,619.00,602.50,604.40,609.95,2249,1366330.00,204
BSE,OROSMITHS,INE628B01034,X,6.65,7.05,6.55,6.93,6.42,457524,3166045.00,511
BSE,ORTEL,INE849L01019,Z,1.77,1.77,1.61,1.69,1.69,108,182.00,6
BSE,ORTINGLOBE,INE749B01020,T,16.70,18.38,16.70,17.35,17.52,40,681.00,11
BSE,OSIAJEE,INE186R01013,X,407.05,457.90,404.05,438.95,413.10,215492,90847994.00,387
BSE,OSWALAGRO,INE142A01012,T,41.99,42.99,41.99,42.99,42.42,1010,42724.00,8
BSE,OSWALGREEN,INE143A01010,B,23.00,23.50,22.84,23.01,22.81,26425,609851.00,210
BSE,OSWALPUMPS,INE0BYP01024,B,375.55,399.85,375.55,398.35,372.95,58239,22603347.00,1113
BSE,OTCO,INE910B01028,XT,8.66,8.66,8.27,8.27,8.70,31,264.00,2
BSE,OVAL,INE0RTI01017,M,62.69,62.69,62.69,62.69,63.00,1600,100304.00,1
BSE,OVOBELE,INE812S01012,X,179.80,179.80,168.85,175.05,167.30,6027,1050599.00,109
BSE,OXFORDIN,INE114D01015,XT,17.79,17.79,16.12,17.79,16.95,7676,133970.00,32
BSE,OXYGENTAPH,INE102E01018,X,47.45,49.00,45.90,48.58,44.61,24414,1156085.00,104
BSE,PACE,INE0N1L01018,MT,17.06,17.10,17.05,17.09,17.07,39600,675984.00,24
BSE,PACEDIGITK,INE0S3G01027,B,185.90,189.45,183.00,187.55,184.80,88214,16424001.00,1060
BSE,PACIFICI,INE883C01025,X,136.50,136.65,132.00,136.65,136.50,2376,316028.00,31
BSE,PADAMCO,INE448D01025,X,0.98,1.00,0.96,0.99,0.98,1123722,1105204.00,481
BSE,PADMAIND,INE743D01011,XT,8.97,8.97,8.30,8.42,8.55,769,6887.00,16
BSE,PADMALAYAT,INE243B01016,Z,4.09,4.09,3.85,3.90,4.05,6273,24559.00,20
BSE,PAGEIND,INE761H01022,A,37900.10,38795.00,37900.10,38655.75,37696.90,344,13212793.00,200
BSE,PAISALO,INE420C01059,A,59.37,60.36,58.96,59.19,58.59,262436,15633406.00,996
BSE,PAJSON,INE14LM01012,M,195.30,195.30,188.00,188.00,195.00,1800,344340.00,3
BSE,PAKKA,INE551D01018,B,77.85,79.99,77.50,79.86,77.85,2850,225659.00,57
BSE,PALASHSECU,INE471W01019,B,95.50,99.00,95.00,98.93,93.00,102,10090.00,3
BSE,PALCO,INE239L01013,X,140.00,146.00,132.00,132.55,134.95,2237,303147.00,60
BSE,PALMJEWELS,INE838Z01012,B,14.85,15.20,14.25,15.03,14.70,15638,231457.00,62
BSE,PALREDTEC,INE218G01033,T,44.59,44.65,44.59,44.65,42.57,720,32114.00,6
BSE,PANABYTE,INE516E01019,X,19.74,19.74,18.71,19.50,18.80,949,18439.00,20
BSE,PANACEABIO,INE922B01023,B,534.00,546.00,523.20,537.30,525.60,43135,23029355.00,869
BSE,PANAENERG,INE795A01017,X,283.95,292.70,282.00,283.50,280.95,613,175316.00,53
BSE,PANAFIC,INE655P01029,XT,1.01,1.05,1.00,1.05,1.05,7808269,7845227.00,117
BSE,PANAMAPET,INE305C01029,B,382.85,384.20,369.65,377.80,375.35,16477,6185857.00,403
BSE,PANCARBON,INE013E01017,X,476.00,483.95,476.00,477.95,475.05,1446,692257.00,92
BSE,PANCHMAHQ,INE798F01010,X,280.25,297.80,280.25,284.00,280.25,145,41915.00,6
BSE,PANCHSHEEL,INE316G01019,X,115.15,121.85,114.35,118.75,117.80,3735,438451.00,79
BSE,PANCM,INE167E01037,XT,101.05,101.05,96.00,101.05,100.50,404,40238.00,11
BSE,PANELEC,INE648E01010,X,25.25,25.50,24.10,24.10,25.25,541,13751.00,4
BSE,PANHR,INE1N9E01015,MT,62.00,62.00,60.95,60.95,64.15,9600,586880.00,6
BSE,PANINDIAC,INE376A01032,X,1.92,1.94,1.88,1.90,1.89,23094,43868.00,102
BSE,PANJON,INE744D01019,X,20.00,20.25,19.11,19.57,19.45,6682,130086.00,34
BSE,PANKAJPO,INE698B01011,XT,68.69,68.98,65.70,68.98,65.70,19225,1323190.00,88
BSE,PANORAMA,INE258R01028,B,47.79,48.50,45.54,48.02,47.11,268290,12791114.00,653
BSE,PANTH,INE945O01019,XT,11.10,11.49,10.76,11.01,11.10,10176,112006.00,66
BSE,PARACABLES,INE074B01023,B,63.44,64.84,62.56,64.16,60.92,170065,10842016.00,1077
BSE,PARADEEP,INE088F01024,A,122.85,127.00,122.80,126.25,121.55,370240,46386799.00,2227
BSE,PARAGMILK,INE883N01014,B,230.85,236.50,230.85,233.45,230.20,17755,4156366.00,322
BSE,PARAGONF,INE015E01012,X,45.50,52.50,45.50,46.54,50.00,296,13710.00,19
BSE,PARAS,INE045601023,A,1008.80,1104.45,1008.80,1097.05,989.20,425249,451163543.00,12989
BSE,PARASPETRO,INE162C01024,B,1.78,2.02,1.78,1.98,1.91,31935,62012.00,127
BSE,PARKERAC,INE750B01010,X,14.92,14.92,14.50,14.70,14.85,3182,46155.00,8
BSE,PARKHOSPS,INE119201023,B,272.05,283.65,271.70,274.75,274.15,63423,17423715.00,1060
BSE,PARKHOTELS,INE988S01028,B,114.90,116.90,113.45,116.10,112.95,9043,1039283.00,185
BSE,PARLEIND,INE272G01014,XT,11.35,11.35,11.35,11.35,10.81,423271,4804125.00,344
BSE,PARMAX,INE240T01014,XT,59.32,59.32,59.32,59.32,56.50,9545,566209.00,34
BSE,PARMCOS-B,INE143I01013,X,33.01,33.01,33.01,33.01,33.00,10,330.00,1
BSE,PARMESHWAR,INE0QQJ01021,MT,195.05,199.00,193.00,199.00,191.10,28000,5436750.00,21
BSE,PARNAXLAB,INE383L01019,X,139.00,139.00,126.00,130.10,127.30,6128,786814.00,71
BSE,PARSVNATH,INE561H01026,T,3.31,3.31,3.31,3.31,3.37,63310,209556.00,94
BSE,PARVATI,INE295Z01015,X,6.80,7.09,6.66,6.94,6.80,1437265,9784469.00,79
BSE,PASARI,INE604F01010,X,7.34,7.60,6.74,7.41,7.20,27308,202314.00,29
BSE,PASHUPATI,INE124Y01028,B,91.89,91.89,87.45,88.86,87.80,4035,358398.00,146
BSE,PASUPTAC,INE818B01023,T,67.00,70.00,64.10,66.85,67.47,13152,880946.00,91
BSE,PASUSPG,INE909B01020,X,28.78,28.78,28.78,28.78,27.41,73,2100.00,4
BSE,PATANJALI,INE619A01035,A,425.40,427.60,422.45,425.85,419.45,123455,52520796.00,7445
BSE,PATELCHEM,INE161701011,M,84.50,87.10,84.20,85.73,84.50,17600,1501648.00,11
BSE,PATELENG,INE244B01030,A,26.52,27.40,26.52,27.29,26.22,320594,8661056.00,1031
BSE,PATELRMART,INE0R8B01010,B,218.00,220.30,211.25,217.15,208.00,62799,13618672.00,596
BSE,PATELSAI,INE082C01024,XT,290.90,292.00,278.00,289.00,279.55,2572,741481.00,105
BSE,PATIDAR,INE637N01014,X,7.60,7.60,7.60,7.60,8.00,1,7.00,1
BSE,PATINTLOG,INE529D01014,B,13.26,13.34,13.10,13.34,12.86,1035,13587.00,12
BSE,PATRON,INE0NPA01011,MT,2.37,2.44,2.37,2.44,2.49,28000,66640.00,7
BSE,PATSPINLTD,INE790C01014,X,7.18,7.18,6.74,7.03,7.18,1537,10772.00,28
BSE,PAUSHAKLTD,INE111F01024,B,453.00,464.05,453.00,456.55,453.00,1070,489104.00,215
BSE,PAVNAIND,INE07S101038,T,16.48,16.80,16.43,16.43,16.00,8177,136258.00,17
BSE,PAYTM,INE982J01020,A,1031.75,1077.00,1031.75,1073.55,1022.80,86381,90856237.00,3812
BSE,PBAINFRA,INE160H01019,X,9.49,9.49,9.00,9.02,9.03,3433,31817.00,23
BSE,PBMPOLY,INE501F01018,X,54.05,56.99,52.50,54.16,54.57,735,39804.00,10
BSE,PCBL,INE602A01031,A,284.30,292.50,283.05,290.10,277.90,101035,28986762.00,1939
BSE,PCCOSMA,INE417E01010,X,304.00,304.00,295.60,297.90,299.20,2479,743702.00,69
BSE,PCJEWELLER,INE785M01021,A,8.87,8.97,8.77,8.94,8.72,1460639,12935796.00,1588
BSE,PCL,INE0OKG01017,M,38.60,45.00,38.60,45.00,44.00,4000,172600.00,3
BSE,PCS,INE834B01012,X,19.60,19.60,19.50,19.60,19.28,1150,22537.00,18
BSE,PDMJEPAPER,INE865T01018,B,80.40,82.09,78.90,80.96,79.32,4460,357599.00,81
BSE,PDSL,INE111Q01021,B,302.20,308.10,296.85,306.45,299.70,1530,466806.00,97
BSE,PEARLPOLY,INE844A01013,T,17.75,18.25,17.75,18.25,18.50,321,5808.00,6
BSE,PEETISEC,INE328D01011,X,20.98,20.98,20.98,20.98,21.14,48,1007.00,1
BSE,PEIL,INE429K01012,X,6.70,6.70,6.00,6.21,6.26,7658,47568.00,38
BSE,PENIND,INE932A01024,B,151.60,155.40,151.35,154.80,147.95,20634,3171786.00,284
BSE,PENINLAND,INE138A01028,T,14.99,15.26,14.69,14.91,14.54,10108,151001.00,46
BSE,PERFEPA,INE759I01024,X,68.50,72.89,67.02,72.89,68.07,207,14026.00,9
BSE,PERMAGN,INE418E01018,X,816.85,860.00,815.00,850.30,810.10,2644,2227267.00,172
BSE,PERSISTENT,INE262H01021,A,4954.70,4954.70,4797.95,4810.00,4871.15,70371,341595452.00,2734
BSE,PERVASIVE,INE443P01038,XT,2.88,2.88,2.88,2.88,2.75,101,290.00,1
BSE,PESB,INE510U01018,MT,271.00,279.00,271.00,278.70,272.00,3200,880560.00,4
BSE,PETRONET,INE347G01014,A,263.10,275.40,263.10,274.80,262.95,36539,9897536.00,1385
BSE,PFC,INE134E01011,A,420.75,421.55,414.30,421.10,413.50,144820,60499374.00,2624
BSE,PFIZER,INE182A01018,A,4563.95,4580.55,4505.00,4509.90,4572.55,2176,9824141.00,587
BSE,PFL,INE0PZB01013,M,29.20,29.20,29.20,29.20,28.75,3000,87600.00,1
BSE,PFLINFOTC,INE600F01018,XT,3.80,3.80,3.61,3.64,3.80,3680,13496.00,17
BSE,PFOCUS,INE367G01038,T,223.45,237.85,223.45,237.85,226.55,3938,925129.00,53
BSE,PFS,INE560K01014,B,30.34,30.65,30.01,30.55,29.96,42906,1302409.00,229
BSE,PGCRL,INE0GTX01019,M,131.95,131.95,114.10,128.00,134.00,4800,607200.00,5
BSE,PGEL,INE457L01029,A,468.85,487.35,465.75,482.80,459.05,442828,211994711.00,10234
BSE,PGFOILQ,INE078D01012,X,202.40,208.00,198.05,202.35,201.85,6548,1328226.00,102
BSE,PGHH,INE179A01014,A,9080.00,9120.35,8939.25,9002.50,9028.85,11163,100460170.00,414
BSE,PGHL,INE199A01012,A,6240.00,6322.65,6215.00,6273.55,6187.70,477,2991787.00,178
BSE,PGIL,INE940H01022,A,1640.00,1657.00,1617.65,1630.35,1623.60,746,1220345.00,106
BSE,PGINVIT,INE0GGX23010,IF,93.93,93.93,93.75,93.81,93.76,68014,6381157.00,444
BSE,PHARMAID,INE117D01018,X,28.52,30.90,27.51,28.96,28.52,3206,93793.00,37
BSE,PHCAP,INE160F01013,XT,954.90,954.90,920.00,930.90,917.00,1754,1630166.00,42
BSE,PHOENIXLTD,INE211B01039,A,1750.20,1783.85,1722.80,1758.40,1732.60,8395,14759261.00,799
BSE,PHOENXINTL,INE245B01011,X,28.00,29.65,28.00,29.64,28.48,1413,41047.00,23
BSE,PHRMASI,INE486I01016,X,109.96,109.96,104.47,104.74,109.96,298,31414.00,12
BSE,PHYTO,INE037C01010,X,23.85,23.85,23.00,23.65,22.94,521,12319.00,5
BSE,PICCADIL,INE546C01010,B,579.90,583.90,575.05,579.95,575.85,6157,3567304.00,690
BSE,PICCASUG,INE544C01023,X,34.98,35.95,33.45,35.61,33.45,2615,90848.00,71
BSE,PICTUREHS,INE448B01029,XT,8.17,8.17,8.10,8.10,8.17,1125,9112.00,6
BSE,PIDILITIND,INE318A01026,A,1520.25,1553.70,1516.15,1536.00,1498.80,101176,155244194.00,5521
BSE,PIGL,INE557Z01018,B,104.40,104.40,100.45,103.90,100.85,5495,560055.00,136
BSE,PIIND,INE603J01030,A,2824.50,2855.20,2811.25,2839.80,2800.45,9615,27198348.00,1175
BSE,PILANIINVS,INE417C01014,B,4211.00,4301.30,4211.00,4286.15,4210.75,86,367341.00,26
BSE,PILITA,INE600A01035,T,8.23,8.24,7.90,7.96,8.19,27085,215643.00,48
BSE,PINELABS,INE15B701018,B,147.80,151.55,147.15,150.55,145.05,1846285,276391929.00,45806
BSE,PIONEEREMB,INE156C01018,B,25.25,25.25,25.25,25.25,24.68,19,479.00,1
BSE,PIONRINV,INE746D01014,B,104.95,104.95,99.00,102.05,103.85,198,20099.00,15
BSE,PIRAMALFIN,INE202B01038,B,1978.90,2025.00,1957.40,2015.30,1947.95,7655,15361692.00,640
BSE,PITTIENG,INE450D01021,B,951.45,1000.00,939.40,994.00,929.90,6602,6469069.00,450
BSE,PIXTRANS,INE751B01018,B,1603.10,1643.40,1586.95,1593.85,1590.30,481,774360.00,91
BSE,PLASTIBLEN,INE083C01022,B,170.00,174.50,168.40,174.45,168.40,13157,2266067.00,264
BSE,PLATIND,INE0PT501018,B,220.50,225.00,216.60,223.75,215.20,4272,933422.00,94
BSE,PLAZACABLE,INE0INJ01017,T,46.50,47.45,46.00,47.00,46.95,6342,293149.00,46
BSE,PMCFIN,INE793G01035,X,1.89,1.91,1.87,1.90,1.89,300044,565330.00,370
BSE,PML,INE291E01019,B,512.00,530.00,480.30,495.70,507.00,52,25793.00,9
BSE,PNB,INE160A01022,A,105.75,107.00,104.35,106.85,106.25,1442790,152294519.00,6565
BSE,PNBGILTS,INE859A01011,B,87.42,94.70,87.00,90.02,85.48,201927,18247354.00,1437
BSE,PNBHOUSING,INE572E01012,A,969.95,992.80,966.00,989.80,955.30,53853,53084850.00,2171
BSE,PNC,INE392B01011,B,20.13,21.48,20.13,20.89,20.00,682,14339.00,14
BSE,PNCINFRA,INE195J01029,A,200.90,206.85,197.45,203.60,197.90,34855,7063243.00,649
BSE,PNGJL,INE953R01016,B,549.75,549.75,533.10,546.40,538.20,15829,8528179.00,695
BSE,PNGSREVA,INE1RDG01013,B,372.25,382.40,371.25,379.05,364.75,3850,1449291.00,178
BSE,PNTKYOR,INE702E01015,X,36.51,36.55,36.51,36.55,36.15,159,5809.00,6
BSE,POCL,INE063E01053,B,1206.10,1275.00,1193.50,1262.50,1184.90,14320,17562520.00,864
BSE,PODDARMENT,INE371C01013,B,268.95,268.95,256.00,259.00,258.15,209,56154.00,10
BSE,POEL,INE035S01028,X,166.00,169.50,161.10,164.35,162.20,39329,6431887.00,380
BSE,POKARNA,INE637C01025,B,819.00,850.00,819.00,845.60,824.60,3731,3127098.00,235
BSE,POLICYBZR,INE417T01026,A,1530.95,1551.60,1495.00,1547.15,1504.00,406816,612881256.00,2420
BSE,POLSON,INE339F01021,X,11190.00,11195.05,11190.00,11195.05,11200.00,4,44770.00,3
BSE,POLYCAB,INE455K01017,A,9490.00,9575.00,9385.00,9552.65,9369.90,8297,78737017.00,2067
BSE,POLYCHEM,INE752B01024,X,1873.40,1889.95,1840.00,1869.00,1863.40,151,281507.00,45
BSE,POLYCHMP,INE809B01014,X,52.40,52.50,51.00,52.12,53.21,624,32362.00,27
BSE,POLYCON,INE262C01014,X,20.47,20.47,19.00,20.35,19.50,318,6066.00,6
BSE,POLYLINK,INE323D01020,X,21.00,21.45,19.70,21.38,20.97,3893,81205.00,64
BSE,POLYMED,INE205C01021,A,1485.55,1536.00,1461.65,1531.15,1478.90,17452,26369275.00,1528
BSE,POLYPLEX,INE633B01018,B,888.10,908.70,888.10,897.75,887.75,2776,2501848.00,170
BSE,POLYSPIN,INE914G01029,X,30.82,30.82,29.06,30.50,30.07,291,8796.00,10
BSE,PONNIERODE,INE838E01017,B,316.30,320.10,311.20,318.70,319.00,2188,691972.00,69
BSE,POOJA,INE973X01012,B,15.45,15.99,15.09,15.74,15.09,121492,1903313.00,346
BSE,POOJAENT,INE147C01017,XT,66.64,67.90,66.64,67.00,68.00,1092,73113.00,28
BSE,POONAWALLA,INE511C01022,A,375.55,393.25,375.55,391.75,372.85,152546,59129707.00,4311
BSE,POPULARES,INE370C01015,X,19.30,19.30,19.30,19.30,19.34,20,386.00,1
BSE,PORWAL,INE386I01018,X,47.99,51.99,46.32,49.40,47.27,16448,797796.00,146
BSE,POWERGRID,INE752E01010,A,289.90,289.90,282.80,284.80,286.65,462318,131727505.00,4563
BSE,POWERICA,INE921L01032,B,444.05,462.55,444.05,459.65,441.75,22449,10192164.00,956
BSE,POWERINDIA,INE07Y701011,A,33875.00,34434.35,33750.00,34337.15,33238.75,9602,327848459.00,2860
BSE,POWERMECH,INE211R01019,A,2630.00,2809.80,2629.95,2789.95,2599.40,39524,108554453.00,3550
BSE,PPAP,INE095I01015,B,255.35,272.55,244.15,247.60,244.65,23793,6080869.00,652
BSE,PPARIVAH,INE0SMW01011,M,158.85,160.60,155.20,159.45,155.00,45600,7268160.00,37
BSE,PPL,INE050001010,B,240.80,245.00,237.75,242.00,236.05,8984,2169045.00,303
BSE,PPLPHARMA,INE0DK501011,A,162.15,166.20,162.15,163.85,161.30,137282,22511356.00,2455
BSE,PQIF,INE689M01025,B,16.00,16.00,15.06,15.74,15.26,83861,1305751.00,471
BSE,PRABHA,INE0I0M01023,B,157.25,160.85,157.25,160.00,155.00,1393,221408.00,29
BSE,PRABHHANS,INE428P01013,X,34.74,34.74,30.00,30.00,29.80,3158,94744.00,13
BSE,PRADPME,INE770A01010,B,485.00,492.70,484.60,487.40,480.60,1158,565195.00,154
BSE,PRAENG,INE505C01016,B,20.90,21.40,20.15,20.48,20.21,5938,122440.00,33
BSE,PRAGBOS,INE962B01011,X,1.70,1.88,1.70,1.85,1.82,10563,18979.00,21
BSE,PRAJIND,INE074A01025,A,339.45,339.45,324.30,332.35,327.70,53190,17557229.00,2090
BSE,PRAKASH,INE603A01013,B,137.00,141.75,137.00,141.55,136.05,9625,1347287.00,138
BSE,PRAKASHSTL,INE696K01024,B,4.26,4.40,4.26,4.30,4.34,42432,183418.00,181
BSE,PRARUH,INE0TI501017,M,57.00,57.00,57.00,57.00,57.00,4000,228000.00,2
BSE,PRATIK,INE206C01029,X,6.94,6.94,6.23,6.45,6.34,32768,210539.00,54
BSE,PRATIKSH,INE530D01012,X,19.67,20.48,19.10,19.31,19.60,11933,232251.00,64
BSE,PRAVEG,INE722B01019,B,219.00,228.00,217.00,225.90,212.75,15048,3330451.00,523
BSE,PRAXIS,INE546Y01022,T,7.49,7.49,7.13,7.15,7.50,2242,16411.00,9
BSE,PRECAM,INE484I01029,B,140.00,144.55,139.45,143.70,136.75,9140,1298824.00,260
BSE,PRECISIO,INE143C01024,X,181.70,181.70,181.70,181.70,173.05,701,127371.00,14
BSE,PRECWIRE,INE372C01037,B,395.60,401.55,386.95,391.90,388.15,26853,10535347.00,908
BSE,PREMCAP,INE946K01023,X,4.16,4.24,4.16,4.24,4.24,431,1826.00,3
BSE,PREMCO,INE001E01012,B,375.00,382.00,367.10,377.95,375.00,164,61503.00,27
BSE,PREMEXPLN,INE863B01029,A,667.45,696.50,665.60,693.15,654.50,32881,22405907.00,845
BSE,PREMIER,INE342A01018,T,2.80,3.03,2.80,2.98,2.91,84,242.00,7
BSE,PREMIERENE,INE0BS701011,A,1062.30,1084.55,1026.00,1035.30,1053.95,601589,647184364.00,3056
BSE,PREMIERPOL,INE309M01020,T,55.89,56.70,54.50,56.48,54.02,2923,163155.00,23
BSE,PREMSYN,INE940N01012,X,15.50,16.64,15.50,15.75,15.50,1641,27016.00,14
BSE,PRERINFRA,INE426H01014,X,29.00,29.00,26.97,28.29,27.12,30043,830227.00,89
BSE,PRESTIGE,INE811K01011,A,1333.40,1392.35,1333.40,1386.30,1329.30,26793,36582704.00,2081
BSE,PREVEST,INE0GAO01018,M,362.25,383.95,361.00,383.50,368.00,13400,4993590.00,42
BSE,PRICOLLTD,INE726V01018,A,551.05,555.70,547.50,550.70,550.70,20119,11103788.00,823
BSE,PRIMAGR,INE297D01018,X,14.75,15.67,14.75,15.59,14.25,1013,15437.00,23
BSE,PRIMAIN,INE723N01012,X,14.36,15.50,14.36,15.47,15.55,2809,42659.00,14
BSE,PRIMAPLA,INE573B01016,XT,131.00,136.45,130.00,130.90,130.70,3575,470620.00,30
BSE,PRIMECAPM,INE748D01010,X,6.41,6.41,6.41,6.41,6.23,100,641.00,3
BSE,PRIMEFRESH,INE442V01012,B,227.95,238.00,220.65,222.45,224.45,3351,751995.00,109
BSE,PRIMEPRO,INE233C01023,XT,31.98,32.70,30.00,31.79,31.20,7865,240146.00,33
BSE,PRIMESECU,INE032B01021,B,286.00,290.00,282.80,287.90,288.00,478,136889.00,27
BSE,PRIMEURB,INE419E01024,X,9.60,9.60,8.27,8.87,8.01,7747,69941.00,29
BSE,PRIMIND,INE543F01028,XT,46.46,46.46,42.10,44.95,44.25,6641,290132.00,29
BSE,PRIMO,INE607A01022,B,23.11,25.49,23.11,24.42,24.13,10425,255130.00,648
BSE,PRINCEPIPE,INE689W01016,B,273.90,278.55,272.15,277.00,270.60,19059,5239689.00,442
BSE,PRISMMEDI,INE730E01016,XT,28.95,28.95,28.00,28.40,28.40,604,17314.00,11
BSE,PRISMX,INE286N01028,X,0.62,0.64,0.59,0.60,0.62,625564,379409.00,180
BSE,PRITHVIEXCH,INE621B01021,X,115.80,115.80,107.00,108.95,109.10,1056,115201.00,23
BSE,PRITIKAUTO,INE583R01029,B,13.51,14.89,13.51,14.37,14.19,13273,190000.00,123
BSE,PRIVISCL,INE959A01019,A,3293.20,3458.50,3262.75,3440.95,3236.70,9813,33209105.00,1166
BSE,PRIYALT,INE686C01014,X,27.55,27.55,27.48,27.48,26.25,2,55.00,2
BSE,PROCLB,INE438C01010,X,26.54,26.54,26.54,26.54,27.93,12307,326627.00,24
BSE,PROFINC,INE732K01027,Z,3.27,3.34,3.08,3.17,3.24,1556000,4867045.00,461
BSE,PROSTARM,INE0BX301013,B,140.00,142.55,138.50,141.75,137.65,9640,1348891.00,247
BSE,PROTEAN,INE004A01022,A,600.75,626.00,592.85,617.20,588.35,19555,11938256.00,962
BSE,PROZONER,INE195N01013,B,48.72,48.85,46.50,47.63,48.00,20133,953981.00,191
BSE,PRSMJOHNSN,INE010A01011,B,118.25,119.10,117.45,117.85,117.70,20844,2455190.00,865
BSE,PRSNTIN,INE100E01012,X,19.49,19.49,19.49,19.49,19.49,50,974.00,1
BSE,PRUDENT,INE00F201020,A,2888.80,2913.30,2819.40,2904.70,2809.25,2140,6125857.00,249
BSE,PRUDMOULI,INE024D01016,T,15.06,15.80,14.85,14.93,15.13,287,4285.00,10
BSE,PSB,INE608A01012,B,23.52,24.21,23.44,24.03,23.42,159084,3776706.00,1119
BSE,PSCELESTIA,INE19RO25039,IF,1012001.00,1012001.00,1012000.00,1012000.00,1012000.00,2,2024001.00,2
BSE,PSITINFRA,INE953M01033,XT,1.31,1.31,1.31,1.31,1.33,1121,1468.00,8
BSE,PSPPROJECT,INE488V01015,B,897.80,922.10,890.75,914.50,877.90,5349,4859602.00,679
BSE,PTC,INE877F01012,A,185.95,190.35,185.10,189.10,183.00,57967,10910687.00,871
BSE,PTCIL,INE596F01018,A,18300.65,18641.45,18300.05,18587.75,18189.50,1072,19791212.00,449
BSE,PTL,INE034D01049,B,41.00,41.00,40.05,40.92,40.00,2967,119936.00,41
BSE,PULSRIN,INE183U01022,X,0.55,0.55,0.53,0.54,0.55,7454824,3976286.00,1157
BSE,PUNJABCHEM,INE277B01014,B,1008.50,1012.30,997.90,1004.75,1000.15,495,498391.00,96
BSE,PUNJCOMMU,INE609A01010,B,49.88,49.88,47.20,48.08,48.58,1157,56060.00,27
BSE,PURETROP,INE795D01011,X,152.15,154.00,152.15,154.00,152.80,5156,791782.00,18
BSE,PUROHITCON,INE147J01012,XT,12.34,12.34,12.34,12.34,12.97,318,3924.00,1
BSE,PURPLE,INE905R01016,X,6.49,6.50,6.48,6.50,6.57,6250,40607.00,7
BSE,PURPLEFIN,INE0CYK01015,X,68.99,68.99,66.10,67.77,67.09,99828,6730681.00,156
BSE,PURPLEWAVE,INE0VDK01019,M,116.00,116.00,113.10,113.10,117.50,3000,345100.00,3
BSE,PURSHOTTAM,INE729C01020,X,33.40,35.46,32.10,33.57,35.66,15160,489786.00,36
BSE,PURVA,INE323I01011,B,206.90,209.80,204.15,209.80,203.20,3963,818299.00,251
BSE,PVP,INE362A01016,B,30.83,32.50,30.75,31.21,30.91,20109,630521.00,138
BSE,PVRINOX,INE191H01014,A,952.70,958.65,939.45,942.95,943.20,11731,11080337.00,588
BSE,PVSL,INE772T01024,B,95.00,95.00,93.37,94.24,93.06,582,54645.00,61
BSE,PVVINFRA,INE428B01021,X,3.97,3.97,3.85,3.88,3.89,1235776,4851283.00,389
BSE,PWASML,INE523I01016,X,24.12,24.12,22.27,23.93,24.18,543,12980.00,17
BSE,PWL,INE0LP301011,B,107.95,108.45,105.70,106.90,105.85,394834,42174503.00,2344
BSE,PYRAMID,INE0MIS01010,B,160.05,169.65,160.05,168.25,163.25,2534,421597.00,78
BSE,QGO,INE837C01013,X,40.41,44.39,40.00,40.18,40.41,2387,96063.00,30
BSE,QLL,INE0Q1R01012,M,395.00,412.00,390.00,410.05,397.00,15600,6252780.00,26
BSE,QPOWER,INE0SII01026,T,1174.00,1215.95,1150.00,1215.95,1158.05,16976,20199232.00,467
BSE,QUADFUTURE,INE0LRY01011,B,336.25,345.00,334.10,343.90,333.55,41187,14104564.00,594
BSE,QUADRANT,INE527B01020,XT,0.36,0.36,0.34,0.35,0.35,470036,164338.00,213
BSE,QUANTDIA,INE373C01019,XT,23.00,23.00,23.00,23.00,23.28,5,115.00,2
BSE,QUESS,INE615P01015,A,244.05,246.15,239.45,244.05,242.25,35151,8532823.00,598
BSE,QUESTCAP,INE418C01012,X,272.30,272.50,268.90,270.60,272.30,411,111192.00,14
BSE,QUESTFLOW,INE0OYE01013,MT,208.85,208.85,208.55,208.55,212.80,6200,1293520.00,18
BSE,QUICKHEAL,INE306L01010,T,167.00,172.00,165.15,168.70,166.85,18209,3069424.00,228
BSE,QUINT,INE641R01017,B,41.00,43.49,41.00,42.55,43.54,452,19140.00,10
BSE,RACHIT,INE0ZN101029,MT,221.00,222.10,209.00,209.25,212.40,12000,2595700.00,12
BSE,RACLGEAR,INE704B01017,B,1249.90,1282.50,1241.30,1278.45,1226.70,941,1190985.00,132
BSE,RACONTEUR,INE00WY01013,M,12.16,13.20,11.26,13.20,12.16,11200,133536.00,3
BSE,RADAAN,INE874F01027,B,3.08,3.10,2.91,3.02,3.07,4999,15121.00,18
BSE,RADHEDE,INE986B01044,X,1.70,1.74,1.66,1.68,1.68,89678,151074.00,118
BSE,RADHIKAJWE,INE583V01021,B,55.33,56.77,55.32,56.62,55.34,11738,656033.00,142
BSE,RADIANTCMS,INE855R01021,B,39.79,40.73,38.90,39.40,39.01,11964,470273.00,197
BSE,RADICO,INE944F01028,A,3463.15,3554.00,3458.00,3539.00,3450.55,70954,250685452.00,4879
BSE,RADIOCITY,INE919I01024,B,6.20,6.20,6.00,6.08,6.06,269,1645.00,23
BSE,RADIXIND,INE576N01014,XT,175.00,186.45,175.00,176.60,181.05,243,42918.00,6
BSE,RAFL,INE865P01016,M,30.01,30.01,30.01,30.01,33.94,625,18756.00,1
BSE,RAGHUNAT,INE753B01014,X,11.50,11.50,11.45,11.50,11.50,753,8654.00,9
BSE,RAGHUSYN,INE969C01022,X,99.50,100.00,98.30,99.85,98.90,3405,338152.00,28
BSE,RAGHUTOB,INE754B01012,X,15.30,15.30,14.50,15.00,15.30,710,10608.00,13
BSE,RAILTEL,INE0DD101019,A,298.05,310.60,297.00,308.75,294.50,119074,36035032.00,2500
BSE,RAIN,INE855B01025,A,197.80,202.50,195.05,196.80,194.70,137363,27284560.00,1176
BSE,RAINBOW,INE961O01016,A,1340.10,1367.10,1340.10,1363.65,1340.05,6752,9147882.00,551
BSE,RAINBOWF,INE230F01014,X,39.50,39.99,38.85,39.92,39.53,6472,255392.00,32
BSE,RAJABAH,INE491N01016,X,5895.00,5895.00,5850.00,5895.00,5694.50,114,671882.00,11
BSE,RAJESH,INE0VN801010,M,831.20,855.00,831.20,850.05,825.60,16900,14356255.00,117
BSE,RAJESHEXPO,INE343B01030,Z,77.05,77.05,77.05,77.05,81.10,13265,1022068.00,401
BSE,RAJINFRA,INE016C01014,Z,4.80,5.14,4.75,5.14,4.90,7525,38589.00,31
BSE,RAJKOTINV,INE176R01014,X,41.00,44.00,41.00,44.00,40.20,192,8122.00,8
BSE,RAJNISH,INE685Z01033,B,0.43,0.46,0.43,0.44,0.43,9367592,4124319.00,699
BSE,RAJOOENG,INE535F01024,B,56.60,56.60,52.85,53.96,53.12,20874,1124764.00,314
BSE,RAJPACK,INE639C01013,X,31.65,31.65,29.15,30.43,28.80,2179,67127.00,13
BSE,RAJPALAYAM,INE296E01026,B,820.00,827.10,802.25,827.05,820.00,338,276853.00,47
BSE,RAJPUTANA,INE751R01014,X,33.90,34.00,33.00,33.78,33.00,1536,51905.00,18
BSE,RAJRATAN,INE451D01029,B,450.00,465.00,443.10,459.10,439.90,11389,5200458.00,521
BSE,RAJRILTD,INE533D01032,T,20.00,20.49,20.00,20.32,20.40,1169,23568.00,27
BSE,RAJSEC,INE184D01026,X,48.69,48.70,48.51,48.67,48.30,14422,702089.00,61
BSE,RAJSPTR,INE374C01017,P,8.47,8.47,7.67,8.47,8.07,12200,99494.00,12
BSE,RAJSREESUG,INE562B01019,B,32.29,32.57,31.91,32.23,31.62,1031,33331.00,33
BSE,RAJTUBE,INE497E01020,X,14.60,15.40,13.30,14.13,14.31,24996,352823.00,116
BSE,RAJTV,INE952H01027,B,11.90,12.40,11.60,11.80,12.17,17098,203993.00,120
BSE,RAL,INE0SK201011,MT,43.76,43.76,43.76,43.76,43.76,1200,52512.00,1
BSE,RALEGRA,INE427E01027,XT,53.00,55.00,49.88,55.00,52.50,851,46355.00,23
BSE,RALLIS,INE613A01020,A,225.90,229.30,225.10,229.00,222.90,17879,4068172.00,379
BSE,RAMANEWS,INE278B01020,B,29.90,29.90,28.27,28.90,28.73,7577,219659.00,29
BSE,RAMAPHO,INE809A01032,B,122.50,123.95,120.10,121.40,120.80,2532,306497.00,97
BSE,RAMAPPR-B,INE425E01013,Z,15.35,16.35,15.35,15.40,16.14,10425,166882.00,9
BSE,RAMASTEEL,INE230R01035,B,5.21,5.29,5.16,5.23,5.16,408965,2134383.00,724
BSE,RAMAVISION,INE763B01013,X,141.80,141.80,132.20,134.05,139.45,4642,626591.00,93
BSE,RAMCOCEM,INE331A01037,A,857.95,886.40,845.85,882.20,850.75,9347,8112858.00,793
BSE,RAMCOIND,INE614A01028,B,282.30,295.05,276.00,291.85,278.80,10274,2964510.00,294
BSE,RAMCOSYS,INE246B01019,B,565.60,581.55,551.05,562.65,550.95,19162,10884756.00,637
BSE,RAMGOPOLY,INE410D01017,X,13.35,14.64,13.26,14.64,13.95,3403,49024.00,21
BSE,RAMINFO,INE357B01022,X,46.30,47.90,45.50,47.45,46.35,7435,349018.00,65
BSE,RAMKY,INE874I01013,B,423.00,439.20,423.00,438.30,413.15,5113,2204816.00,330
BSE,RAMRAT,INE207E01023,B,373.70,380.55,370.00,379.25,366.30,4775,1793507.00,278
BSE,RAMSONS,INE609D01014,XT,89.10,92.79,88.73,92.79,93.39,1271,114201.00,29
BSE,RANASUG,INE625B01014,B,12.70,12.76,12.46,12.59,12.58,6595,82715.00,43
BSE,RANDER,INE821D01031,X,9.88,10.34,9.40,9.40,9.89,416,3994.00,6
BSE,RANEHOLDIN,INE384A01010,B,1394.90,1464.30,1394.90,1447.70,1369.35,459,659230.00,139
BSE,RANJITSE,INE863D01017,XT,65.66,65.66,65.66,65.66,67.00,21,1378.00,2
BSE,RAP,INE483D01014,X,40.69,40.69,37.06,38.05,38.99,2945,114196.00,20
BSE,RAPICUT,INE350D01015,X,179.10,194.00,179.10,189.40,179.05,4716,882447.00,59
BSE,RAPIDIN,INE154M01012,XT,79.60,79.60,79.00,79.48,79.60,16,1273.00,4
BSE,RASANDIK,INE682D01011,X,65.00,68.95,65.00,65.59,62.76,247,16201.00,11
BSE,RASIELEC,INE822D01021,X,12.15,12.80,11.76,12.65,12.33,12237,151073.00,127
BSE,RASRESOR,INE651D01016,X,54.48,54.48,53.99,53.99,50.19,110,5939.00,3
BSE,RATEGAIN,INE0CLI01024,A,789.35,796.55,775.30,783.65,773.00,10373,8159075.00,517
BSE,RATHIBAR,INE575I01016,X,21.67,21.67,20.00,21.03,20.75,15472,319099.00,110
BSE,RATHIST,INE336C01016,X,18.95,18.95,18.35,18.52,18.84,17155,318894.00,145
BSE,RATNABHUMI,INE821Y01011,B,255.00,255.00,254.60,254.60,268.00,3,764.00,2
BSE,RATNAMANI,INE703B01027,A,2545.00,2594.00,2530.00,2581.40,2529.70,989,2527186.00,374
BSE,RATNAVEER,INE05CZ01011,B,162.30,166.15,160.50,164.05,160.95,54576,8902589.00,646
BSE,RAUNAQ,INE523K01012,X,29.42,29.42,26.65,26.90,28.04,2208,59426.00,16
BSE,RAVALSUGAR,INE615A01025,X,945.00,949.40,945.00,949.40,931.00,4,3784.00,2
BSE,RAVEL,INE0W4D01018,M,105.00,113.00,104.00,111.05,105.00,19000,2054450.00,19
BSE,RAWEDGE,INE960Z01014,B,20.95,20.95,19.92,20.00,19.92,570,11443.00,12
BSE,RAYALEMA,INE008C01011,X,32.00,32.00,29.16,30.66,30.44,2317,69176.00,26
BSE,RAYMOND,INE301A01014,A,562.90,585.55,562.20,581.05,555.05,45928,26333564.00,1246
BSE,RAYMONDLSL,INE02ID01020,A,787.30,800.00,780.00,792.65,769.00,18836,14911076.00,1416
BSE,RAYMONDREL,INE1SY401010,B,572.80,596.95,572.80,594.00,562.25,41893,24620780.00,1058
BSE,RBA,INE07T201019,A,68.06,69.11,68.06,68.76,68.08,35243,2421065.00,298
BSE,RBLBANK,INE976G01028,A,362.05,368.35,353.85,365.70,359.30,1296387,470281688.00,11050
BSE,RBZJEWEL,INE0PEQ01016,B,130.15,135.00,129.50,134.00,129.50,4180,551899.00,99
BSE,RCAN,INE0CQ101015,M,17.97,18.05,17.50,18.00,18.02,6800,121928.00,8
BSE,RCCL,INE929D01016,X,33.00,33.00,32.70,32.70,31.66,17,558.00,3
BSE,RCF,INE027A01015,A,126.10,127.70,125.10,127.30,124.60,91240,11525966.00,1453
BSE,RCL,INE792P01020,Z,2.90,2.99,2.75,2.98,2.85,47378,134169.00,16
BSE,RCOM,INE330H01018,T,0.92,0.94,0.92,0.94,0.92,335678,310863.00,183
BSE,RDBIPL,INE245L01028,X,24.80,24.80,23.45,24.32,23.90,61686,1478849.00,155
BSE,RDBRL,INE123M01017,X,149.45,149.45,140.50,147.10,143.35,7803,1125923.00,99
BSE,RDEL,INE1DKT01011,MT,34.20,34.20,32.56,32.56,34.27,7200,236496.00,6
BSE,REALECO,INE055E01034,X,4.31,4.54,4.31,4.39,4.32,5055,22358.00,59
BSE,RECLTD,INE020B01018,A,341.95,348.60,340.00,348.10,336.55,142880,49182117.00,2012
BSE,RECODE,INE2B6701015,M,189.95,202.00,186.05,199.30,183.15,84000,16388880.00,87
BSE,REDINGTON,INE891D01026,A,235.25,236.95,232.15,235.90,231.05,172041,40446642.00,2046
BSE,REDTAPE,INE0LXT01019,B,134.75,134.75,130.70,133.95,131.75,17149,2273833.00,465
BSE,REFEX,INE056I01025,A,302.00,311.80,302.00,311.15,295.90,26358,8136283.00,549
BSE,REGAAL,INE0MHO01029,T,82.15,82.50,80.70,81.20,81.12,3393,275795.00,49
BSE,REGAL,INE101E01010,X,17.49,17.49,16.90,17.39,16.90,5143,86925.00,8
BSE,REGANTO,INE043B01028,Z,7.71,7.84,7.36,7.49,7.74,148203,1101551.00,374
BSE,REGENCERAM,INE277C01012,B,39.99,40.01,38.62,39.48,38.61,902,35872.00,8
BSE,REGENCY,INE964R01013,X,35.89,37.00,34.80,35.34,36.07,232152,8263050.00,541
BSE,REGENTRP,INE769D01016,X,5.76,5.94,5.67,5.70,5.70,3898,22316.00,31
BSE,REGIS,INE745R01024,X,2.30,2.30,2.25,2.27,2.26,35512,80629.00,60
BSE,RELAXO,INE131B01039,A,337.00,345.00,337.00,342.55,336.95,17614,6028234.00,800
BSE,RELCHEMQ,INE750D01016,B,128.55,142.80,124.00,139.65,119.00,6515,863819.00,437
BSE,RELIABLE,INE375Y01018,B,145.05,147.00,143.15,146.65,144.05,1139,165875.00,68
BSE,RELIABVEN,INE419H01019,XT,28.99,30.50,28.99,28.99,30.51,56948,1657776.00,111
BSE,RELIANCE,INE002A01018,A,1278.95,1297.45,1262.10,1292.75,1262.60,2683648,3415250586.00,14645
BSE,RELICAB,INE773T01014,B,37.25,38.99,35.50,36.73,37.25,11795,428880.00,52
BSE,RELIGARE,INE621H01010,A,232.65,241.10,230.15,239.85,231.40,32963,7819354.00,383
BSE,RELTD,INE206N01018,B,133.75,136.50,130.60,136.10,131.80,18641,2492775.00,348
BSE,REMIEDEL,INE158G01015,X,208.00,208.00,185.00,192.55,198.45,6372,1224294.00,132
BSE,REMSONSIND,INE474C01023,B,86.37,89.30,86.12,88.50,84.32,10666,936664.00,240
BSE,RENUKA,INE087H01022,A,21.80,22.37,21.80,22.29,21.72,945862,20864950.00,2971
BSE,REPCOHOME,INE612J01015,B,375.35,382.45,370.00,381.50,369.45,4362,1640898.00,173
BSE,REPONO,INE15WN01014,M,63.00,63.98,60.00,62.98,60.25,32400,2037408.00,22
BSE,REPRO,INE461B01014,B,344.95,380.00,344.95,358.65,348.45,246,88072.00,46
BSE,RESGEN,INE0NYN01016,M,52.00,52.50,50.50,50.50,50.09,29250,1504950.00,29
BSE,RESONANCE,INE486D01017,X,131.00,134.70,127.55,131.80,131.35,13513,1781451.00,139
BSE,RESPONIND,INE688D01026,B,167.25,176.45,167.25,174.60,164.80,3696,637198.00,173
BSE,RESPONSINF,INE401B01010,X,22.30,23.50,22.25,23.50,23.00,1763,39934.00,17
BSE,RESTILE,INE298E01022,X,7.57,7.57,7.21,7.53,7.27,11912,89676.00,53
BSE,RETAIL,INE03DD01011,B,18.79,19.45,17.92,18.38,17.36,1867,34739.00,66
BSE,RETINA,INE0NTC01019,M,47.49,47.49,45.00,46.27,49.70,26000,1200880.00,13
BSE,REXNORD,INE687C01012,XT,89.55,89.63,87.70,89.63,85.37,2537,225739.00,25
BSE,REXSEAL,INE0MFT01014,M,135.00,149.95,135.00,145.00,145.00,115500,15648050.00,7
BSE,RFIL,INE1GM501015,MT,49.30,50.00,48.70,49.83,50.00,26000,1283100.00,12
BSE,RFL,INE239B01014,XT,161.00,161.00,150.00,150.00,157.25,329,50881.00,10
BSE,RFLL,INE018S01016,X,15.16,16.24,14.02,15.91,15.16,1181,18077.00,14
BSE,RFSL,INE201C01012,X,27.95,27.95,26.00,26.00,27.80,110,3055.00,4
BSE,RGF,INE684D01025,XT,2.32,2.34,2.12,2.12,2.23,603799,1347179.00,312
BSE,RGIL,INE364S01014,XT,198.90,198.90,198.90,198.90,198.95,107,21282.00,7
BSE,RGL,INE722H01024,B,104.80,105.55,103.55,105.10,102.65,36145,3769246.00,371
BSE,RGRL,INE601N01010,Z,1.49,1.53,1.45,1.53,1.49,12687,19201.00,24
BSE,RHETAN,INE0KKN01029,B,31.46,32.34,29.58,29.92,31.48,1008225,30864759.00,1674
BSE,RHFL,INE217K01011,Z,2.12,2.23,2.12,2.20,2.16,309620,677550.00,230
BSE,RHIM,INE743M01012,A,360.55,368.50,360.55,367.45,357.95,5311,1933506.00,148
BSE,RHL,INE508K01013,B,176.05,176.80,175.80,175.95,175.00,309,54367.00,7
BSE,RIBATEX,INE811H01017,X,69.90,73.94,68.50,73.26,68.30,15064,1065871.00,89
BSE,RICHUNV,INE652D01014,XT,12.95,12.95,11.81,12.95,12.34,127,1530.00,7
BSE,RICOAUTO,INE209B01025,B,128.40,134.50,128.40,133.25,127.35,125163,16607355.00,797
BSE,RIDDHI,INE249D01019,XT,791.00,791.00,757.80,774.95,776.55,548,422329.00,36
BSE,RIDDHICORP,INE325X01015,X,62.00,62.00,62.00,62.00,61.99,568,35216.00,2
BSE,RIIL,INE046A01015,B,780.00,791.30,779.20,788.60,771.00,4990,3920174.00,314
BSE,RIIT,INE2PB023011,IF,112.30,113.55,111.90,112.00,111.75,459713,51494722.00,192
BSE,RIKHAV,INE0CFH01028,M,46.01,46.50,45.70,46.50,46.50,65600,3039072.00,14
BSE,RIR,INE302D01024,B,169.80,172.50,167.05,170.30,165.30,91938,15563725.00,1160
BSE,RISAINTL,INE001O01029,X,0.50,0.50,0.47,0.48,0.51,162735,79029.00,96
BSE,RISHABH,INE0N2P01017,B,543.00,559.35,537.45,556.60,535.60,15298,8452685.00,745
BSE,RISHDIGA,INE864D01015,X,30.50,32.00,29.00,31.83,32.00,2921,90196.00,25
BSE,RISHILASE,INE988D01012,X,126.50,127.00,122.40,123.45,124.00,2894,360387.00,43
BSE,RISHIROOP,INE582D01013,X,93.90,93.90,87.00,90.65,84.18,1376,123443.00,24
BSE,RISHITECH,INE989D01010,X,39.49,39.49,36.51,38.99,38.50,4543,177827.00,14
BSE,RITCO,INE01EG01016,B,246.95,250.95,244.00,250.55,246.65,1434,356345.00,72
BSE,RITES,INE320J01015,A,202.00,206.75,202.00,206.10,200.45,43665,8913371.00,884
BSE,RITESHIN,INE534D01014,X,48.00,51.00,46.00,51.00,48.32,6729,332729.00,35
BSE,RJSHAH,INE712Z01019,P,450.05,450.05,450.00,450.00,459.90,100,45002.00,2
BSE,RKDL,INE722J01012,B,18.03,18.99,18.03,18.18,18.00,1333,25065.00,16
BSE,RKFORGE,INE399G01023,A,567.00,594.80,567.00,592.05,562.80,34042,19893777.00,1171
BSE,RKSWAMY,INE0NQ801033,B,98.50,99.81,97.76,98.92,97.98,2388,236390.00,207
BSE,RLF,INE629C01014,X,9.01,9.64,8.53,9.21,9.01,1993,17972.00,18
BSE,RLFL,INE516P01015,XT,14.99,14.99,14.15,14.72,14.79,29317,423473.00,118
BSE,RMC,INE655V01019,T,298.80,302.40,298.80,299.60,288.00,10562,3170968.00,108
BSE,RMDRIP,INE219Y01026,B,18.21,18.49,17.86,18.49,17.61,138348,2551675.00,293
BSE,RML,INE050H01012,B,910.10,924.95,910.10,920.80,891.25,372,340873.00,64
BSE,RNBDENIMS,INE012Q01039,B,10.23,10.67,10.23,10.67,10.17,34516,354936.00,28
BSE,RNITAI,INE335Q01026,XT,63.03,63.06,62.00,63.06,61.83,29569,1856612.00,67
BSE,ROBU,INE0OLH01013,M,1115.05,1199.50,1115.00,1159.40,1144.75,4290,4954232.00,23
BSE,RODIUM,INE513E01024,X,181.00,181.00,163.40,177.15,184.00,3524,626340.00,39
BSE,ROHLTD,INE283H01019,B,315.00,319.90,311.50,314.90,308.90,732,231242.00,151
BSE,ROJL,INE0BDU01028,B,1.70,1.70,1.64,1.64,1.68,22573,37126.00,32
BSE,ROLCOEN,INE775R01013,P,516.00,516.00,516.00,516.00,516.00,50,25800.00,1
BSE,ROLEXRINGS,INE645S01024,B,137.45,140.20,137.10,139.30,136.90,42102,5844103.00,559
BSE,ROLLT,INE927A01040,T,2.77,2.77,2.53,2.71,2.64,98333,263154.00,161
BSE,ROML,INE294G01026,B,45.30,45.30,45.30,45.30,43.67,6,271.00,5
BSE,RONI,INE02AP01013,M,43.50,43.50,43.50,43.50,42.00,1800,78300.00,1
BSE,ROOPAIND,INE443C01010,X,46.42,49.87,46.42,47.29,46.41,270,12809.00,12
BSE,ROSELABS,INE475C01012,X,20.90,20.90,20.90,20.90,21.99,1011,21129.00,4
BSE,ROSEMER,INE649C01012,X,69.79,69.79,63.38,63.47,65.29,241,15470.00,8
BSE,ROSSARI,INE02A801020,B,496.95,508.40,492.55,503.45,488.90,24492,12323288.00,356
BSE,ROSSELLIND,INE847C01020,B,53.93,54.75,53.80,54.50,53.76,159,8596.00,47
BSE,ROSSTECH,INE0OJW01016,B,999.50,1004.60,985.30,998.80,970.80,3278,3272278.00,270
BSE,ROTO,INE535D01037,B,59.00,68.35,59.00,64.48,58.07,487704,31982797.00,4028
BSE,ROUTE,INE450U01017,B,517.00,522.00,512.15,520.85,509.55,7946,4110557.00,265
BSE,ROYAL,INE0QQG01019,M,106.00,106.00,102.00,102.00,105.00,7500,785000.00,11
BSE,ROYALCU,INE618A01011,X,15.80,15.80,14.01,14.95,14.89,1313,18881.00,30
BSE,ROYALIND,INE510H01015,XT,5.77,6.23,5.71,6.23,5.94,119487,732132.00,156
BSE,RPEL,INE912T01018,B,1172.25,1201.00,1160.50,1186.55,1162.85,6785,8033219.00,533
BSE,RPGLIFE,INE105J01010,B,2199.95,2300.00,2188.40,2209.50,2200.25,549,1221363.00,126
BSE,RPOWER,INE614G01033,A,26.13,26.74,26.03,26.62,25.72,3225160,85024352.00,5278
BSE,RPPINFRA,INE324L01013,B,60.00,62.00,59.56,61.84,59.48,6866,421519.00,157
BSE,RPSGVENT,INE425Y01011,B,865.00,883.60,863.20,872.10,871.90,2491,2170759.00,139
BSE,RPTECH,INE0J1F01024,B,545.50,559.50,541.60,558.60,529.75,8390,4624812.00,298
BSE,RRECL,INE0AK901016,X,151.75,154.00,147.20,151.00,154.85,1084,162498.00,29
BSE,RRETAIL,INE786J01033,X,2.63,2.67,2.53,2.63,2.57,80043,210184.00,176
BSE,RRFIN,INE229D01011,X,56.90,57.52,56.88,57.52,54.79,6208,357032.00,49
BSE,RRIL,INE951M01037,B,21.40,21.40,20.37,20.37,19.79,2130,43900.00,13
BSE,RRKABEL,INE777K01022,A,2136.95,2216.75,2136.95,2168.65,2125.70,14947,32576236.00,1014
BSE,RRMETAL,INE117K01013,XT,47.13,47.14,47.13,47.14,44.90,676,31864.00,6
BSE,RRSECUR,INE474H01014,P,15.20,15.20,15.20,15.20,15.75,100,1520.00,1
BSE,RSCINT,INE015F01019,X,23.60,24.84,23.60,23.60,24.84,3788,89704.00,22
BSE,RSDFIN,INE616F01022,B,82.97,82.97,82.97,82.97,83.00,8,663.00,1
BSE,RSL,INE313L01016,B,130.60,132.25,127.50,131.05,128.00,29072,3801751.00,257
BSE,RSSOFTWARE,INE165B01029,T,31.27,31.27,30.40,30.50,31.26,1683,51345.00,13
BSE,RSWM,INE611A01016,B,209.85,210.15,204.80,208.45,203.95,3332,693465.00,109
BSE,RSYSTEMS,INE411H01032,B,244.05,254.00,244.05,251.60,243.10,23168,5808977.00,522
BSE,RTFL,INE840I01014,Z,48.90,48.90,48.90,48.90,49.00,1,48.00,1
BSE,RTNINDIA,INE834M01019,A,35.70,36.49,35.25,36.34,35.07,175857,6306235.00,1436
BSE,RTNPOWER,INE399K01017,A,9.01,9.27,8.99,9.24,9.00,1485948,13577625.00,4156
BSE,RTSPOWR,INE005C01017,X,103.95,108.75,99.95,102.25,103.95,6967,719044.00,126
BSE,RUBFILA,INE642C01025,B,71.50,73.49,70.51,73.16,70.04,88,6325.00,7
BSE,RUBICON,INE506V01022,B,1298.00,1333.95,1284.40,1294.35,1287.70,47570,62086324.00,3083
BSE,RUBYMILLS,INE301D01026,T,335.10,345.00,327.75,329.95,345.00,3792,1257670.00,81
BSE,RUCHINFRA,INE413B01023,B,6.26,6.30,5.07,6.11,6.05,76599,433511.00,119
BSE,RUCHIRA,INE803H01014,B,109.65,109.95,106.90,109.40,108.00,2503,269289.00,123
BSE,RUDRA,INE027T01023,T,17.62,17.97,17.40,17.94,17.62,6316,112350.00,33
BSE,RUDRAECO,INE723D01021,X,22.00,22.59,21.18,22.47,21.61,86378,1926137.00,179
BSE,RUDRAGAS,INE0OYK01010,M,73.00,73.50,73.00,73.01,73.13,3000,219510.00,3
BSE,RUNGTAIR,INE347C01013,X,55.00,56.00,54.50,54.70,53.08,816,44890.00,19
BSE,RUPA,INE895B01021,B,144.80,150.30,144.80,149.10,144.85,5789,858751.00,168
BSE,RUSHIL,INE573K01025,B,14.73,15.38,14.70,15.14,14.73,23900,358334.00,107
BSE,RUSTOMJEE,INE263M01029,B,384.00,390.45,381.80,388.90,382.45,721,278910.00,117
BSE,RVHL,INE09E501017,B,46.72,50.81,45.61,50.40,47.02,2223,110253.00,46
BSE,RVNL,INE415G01027,A,226.25,234.00,225.00,233.25,222.20,1051419,240456008.00,9247
BSE,RVTH,INE0DAB01012,B,732.65,779.45,699.80,700.00,684.95,69,49069.00,37
BSE,S&SPOWER,INE902B01017,T,413.95,413.95,413.95,413.95,413.90,5,2069.00,2
BSE,SAATVIKGL,INE13B501022,B,462.70,484.00,462.70,478.65,463.20,10978,5217522.00,578
BSE,SAB,INE137M01017,X,160.20,160.20,149.25,159.00,157.05,522,77971.00,14
BSE,SABEVENTS,INE860T01019,T,7.21,7.21,7.21,7.21,7.18,4,28.00,1
BSE,SABOOSOD,INE440C01016,X,12.25,12.59,11.62,11.69,11.98,47942,561956.00,133
BSE,SACHEMT,INE433G01020,X,3.84,3.89,3.82,3.88,3.84,48423,187637.00,74
BSE,SADBHAV,INE226H01026,B,9.33,9.83,8.91,9.09,9.23,22348,203450.00,163
BSE,SADBHIN,INE764L01010,T,2.97,3.10,2.97,3.02,3.03,21767,65076.00,28
BSE,SADHNANIQ,INE888C01040,T,2.29,2.29,2.29,2.29,2.33,606059,1387875.00,86
BSE,SAFARI,INE429E01023,A,1530.00,1554.40,1515.35,1537.25,1518.15,15322,23548283.00,421
BSE,SAFE,INE0Q3401017,M,148.00,159.00,148.00,159.00,158.00,12500,1900900.00,15
BSE,SAFECURE,INE0SVZ01015,M,26.00,26.00,23.15,23.90,26.10,21600,535032.00,18
BSE,SAFFRON,INE474D01013,X,28.31,30.97,28.01,28.67,28.17,1785,51454.00,17
BSE,SAGARSOFT,INE184B01012,X,66.00,66.00,64.00,64.76,60.02,1069,69271.00,23
BSE,SAGCEM,INE229C01021,B,170.35,172.35,167.00,168.55,168.15,1472,249506.00,105
BSE,SAGILITY,INE0W2G01015,A,40.60,40.66,39.70,40.48,39.24,665018,26693938.00,2479
BSE,SAHARAHOUS,INE135C01012,X,39.90,40.45,38.61,40.03,40.45,1388,55545.00,8
BSE,SAHLIBHFI,INE861D01011,B,75.31,78.80,74.04,76.25,74.25,4189,320147.00,76
BSE,SAHYADRI,INE280H01015,B,270.00,270.00,263.25,264.35,263.50,222,58703.00,14
BSE,SAICAPI,INE531X01018,X,143.00,147.95,143.00,143.25,144.05,904,131062.00,29
BSE,SAICOM,INE092G01024,X,0.23,0.23,0.23,0.23,0.23,70048,16111.00,27
BSE,SAIL,INE114A01011,A,184.95,185.90,180.40,184.00,181.30,510045,93268357.00,4259
BSE,SAILIFE,INE570L01029,A,1184.65,1243.00,1184.65,1218.90,1180.30,16779,20456363.00,1247
BSE,SAINIK,INE584B01013,X,38.25,38.25,38.00,38.00,36.90,107,4066.00,3
BSE,SAIPARENT,INE0H9F01037,B,572.85,597.15,564.95,567.15,557.65,17708,10219894.00,1422
BSE,SAKHTISUG,INE623A01011,B,16.79,17.77,16.79,17.60,17.64,17929,312204.00,128
BSE,SAKSOFT,INE667G01023,B,138.20,140.70,135.70,138.50,138.20,128408,17841637.00,781
BSE,SAKTHIFIN,INE302E01014,X,26.56,27.75,26.47,27.45,26.47,2417,66061.00,49
BSE,SAKUMA,INE190H01024,T,1.88,1.92,1.86,1.90,1.87,149524,280786.00,224
BSE,SALASAR,INE170V01027,B,6.59,7.08,6.53,6.98,6.45,535667,3641134.00,941
BSE,SALAUTO,INE724G01014,X,189.00,194.90,189.00,193.85,189.15,17,3301.00,3
BSE,SALEM,INE894E01028,X,33.01,37.60,31.05,35.00,33.42,1226,42406.00,22
BSE,SALGUTI,INE159C01012,X,32.95,32.95,32.95,32.95,32.25,5,164.00,1
BSE,SALONA,INE498E01010,B,271.00,271.00,260.00,260.00,259.95,3,798.00,3
BSE,SALORAINTL,INE924A01013,X,27.80,30.50,27.80,29.43,27.58,798,23127.00,12
BSE,SALSAIN,INE315N01017,XT,254.00,254.50,236.55,250.00,249.00,160,39978.00,23
BSE,SALSTEEL,INE658G01014,T,56.50,60.39,55.22,58.78,57.76,15365,884616.00,131
BSE,SALZERELEC,INE457F01013,B,622.90,635.30,615.25,633.65,620.35,2407,1510870.00,199
BSE,SAMBANDAM,INE304D01012,X,111.10,112.05,108.90,112.00,110.00,1462,161540.00,16
BSE,SAMBHAAV,INE699B01027,B,5.80,6.72,5.80,6.62,6.27,5496,36273.00,24
BSE,SAMBHV,INE12NJ01018,B,105.45,108.65,105.30,108.25,103.80,78640,8410746.00,385
BSE,SAMHI,INE08U801020,A,162.95,164.20,160.40,163.85,159.90,33400,5410552.00,458
BSE,SAMINDUS,INE653D01012,X,46.99,46.99,44.80,44.80,44.35,86,3854.00,4
BSE,SAMKRG,INE706B01012,X,121.00,121.00,118.00,119.80,118.10,2745,325430.00,42
BSE,SAMMAANCAP,INE148I01020,A,171.20,174.80,169.60,174.35,167.95,303508,52401618.00,4756
BSE,SAMOR,INE0GD201014,B,96.00,96.00,92.00,95.00,91.80,5004,460383.00,7
BSE,SAMPANN,INE735M01018,B,28.50,28.75,26.90,27.17,27.19,7065,199353.00,91
BSE,SAMPAT,INE10XS01012,M,39.00,39.00,38.00,38.00,38.05,2400,92400.00,2
BSE,SAMPRE,INE375C01022,X,11.49,11.49,10.45,10.45,11.00,369224,3882081.00,368
BSE,SAMRATFORG,INE412J01010,X,239.95,239.95,239.00,239.00,247.95,62,14856.00,3
BSE,SAMRATPH,INE103E01016,X,205.10,209.70,199.05,200.75,200.15,2053,418950.00,87
BSE,SAMSRITA,INE579N01018,X,18.20,18.56,16.50,16.80,16.88,42013,754325.00,192
BSE,SAMTELIN,INE538C01017,XT,54.36,54.36,54.36,54.36,53.30,1628,88498.00,12
BSE,SAMTEX,INE931D01020,X,1.40,1.49,1.28,1.48,1.37,12633,16909.00,49
BSE,SAMYAKINT,INE607G01011,X,15.99,15.99,14.20,15.30,15.69,385,5553.00,28
BSE,SANATHAN,INE0JPD01013,B,405.15,409.50,405.15,407.50,404.90,336,136915.00,111
BSE,SANCODE,INE0P7001013,MT,229.60,229.60,229.60,229.60,234.25,500,114800.00,1
BSE,SANCTRN,INE391G01012,X,725.90,725.90,685.10,685.10,691.35,86,59535.00,9
BSE,SANDHAR,INE278H01035,B,749.80,764.10,706.50,712.50,734.25,37932,27792208.00,1326
BSE,SANDUMA,INE149K01016,B,212.45,216.50,210.60,215.70,206.85,92390,19716447.00,1135
BSE,SANDUPHQ,INE751D01014,X,42.73,42.88,40.00,41.61,42.94,3287,136717.00,42
BSE,SANGAMFIN,INE475D01010,X,40.80,43.00,39.90,40.90,40.80,174,7042.00,9
BSE,SANGAMIND,INE495C01010,B,525.95,544.10,525.95,541.35,526.15,2456,1325888.00,151
BSE,SANGHVIMOV,INE989A01032,B,372.30,390.00,372.30,388.95,371.70,44456,17172237.00,972
BSE,SANINFRA,INE799C01049,XT,40.68,42.92,38.88,42.92,40.88,24512,1035258.00,363
BSE,SANJIVIN,INE860D01013,X,148.00,148.00,142.10,147.40,140.15,11848,1711524.00,108
BSE,SANOFI,INE058A01010,A,3155.05,3178.90,3086.25,3119.95,3145.65,279372,879876628.00,704
BSE,SANOFICONR,INE0UOS01011,A,4646.95,4646.95,4600.00,4629.10,4586.85,114,528348.00,46
BSE,SANPA,INE384D01022,X,158.20,174.60,158.20,173.90,166.50,58,9301.00,4
BSE,SANSERA,INE953O01021,A,2900.05,2950.40,2877.95,2913.75,2858.25,7064,20560433.00,865
BSE,SANSTAR,INE08NE01025,B,116.60,117.25,112.00,116.60,111.55,23623,2719604.00,736
BSE,SANTETX,INE589J01015,X,139.25,139.25,130.00,131.00,132.20,62,8108.00,7
BSE,SANWARIA,INE890C01046,Z,0.49,0.49,0.49,0.49,0.49,1094,536.00,5
BSE,SAPL,INE002E01010,X,2603.95,2604.00,2356.00,2356.00,2480.00,27,66353.00,17
BSE,SAPPHIRE,INE806T01020,A,165.15,171.00,165.15,169.15,166.95,62731,10572237.00,2026
BSE,SAPPL,INE185C01017,B,288.95,288.95,283.90,283.90,269.95,10,2844.00,3
BSE,SARDAEN,INE385C01021,A,524.45,528.30,508.15,519.90,523.20,55004,28449843.00,2020
BSE,SAREGAMA,INE979A01025,A,457.05,468.45,452.25,455.80,452.50,51761,23851537.00,1402
BSE,SARLAPOLY,INE453D01025,B,96.71,98.34,96.51,97.98,96.14,4244,414407.00,77
BSE,SARTHAKGL,INE075H01019,XT,37.06,37.06,37.06,37.06,37.80,1500,55590.00,1
BSE,SARTHAKIND,INE074H01012,X,26.06,26.99,26.06,26.07,26.00,131,3507.00,5
BSE,SARUPINDUS,INE305D01019,X,112.60,113.45,103.00,111.85,108.05,71,7958.00,10
BSE,SARVESHWAR,INE324X01026,T,3.43,3.54,3.39,3.45,3.43,166526,571566.00,290
BSE,SARVOTTAM,INE822Q01015,X,21.47,21.47,20.46,20.67,21.53,23,478.00,4
BSE,SASKEN,INE231F01020,B,2229.95,2229.95,2105.80,2118.70,2068.45,1863,3971015.00,249
BSE,SATCH,INE639K01016,XT,5.14,5.26,5.06,5.08,5.09,127150,650945.00,133
BSE,SATIA,INE170E01023,B,53.01,54.47,53.01,54.42,52.85,5218,281276.00,172
BSE,SATIN,INE836B01017,B,222.60,228.20,220.70,224.10,220.00,18331,4093673.00,393
BSE,SATTRIX,INE0QUV01010,M,365.00,374.00,365.00,374.00,363.90,6500,2393000.00,9
BSE,SATTVASUKU,INE280E01038,X,0.75,0.77,0.75,0.75,0.75,193659,146565.00,103
BSE,SAUMYA,INE563C01015,X,138.00,139.00,132.05,139.00,139.00,72,9523.00,5
BSE,SAURASHCEM,INE626A01014,B,58.06,59.67,57.50,59.39,56.88,1444,84772.00,142
BSE,SAVERA,INE104E01014,X,169.50,169.50,151.00,152.05,154.55,2951,453232.00,64
BSE,SAWACA,INE248B01023,X,0.35,0.36,0.32,0.32,0.35,5672445,1852482.00,795
BSE,SAYAJIHOTL,INE318C01014,B,295.00,308.00,290.75,304.15,294.00,2932,883030.00,61
BSE,SAYAJIIND,INE327G01032,X,137.10,137.10,134.25,134.45,132.50,542,73765.00,24
BSE,SBC,INE04AK01028,B,37.20,37.87,36.76,37.32,36.98,1043907,38970470.00,948
BSE,SBCL,INE386D01027,B,670.20,705.60,670.20,695.65,668.70,41439,28748023.00,1154
BSE,SBECSUG,INE948G01019,XT,69.63,69.63,69.63,69.63,66.32,7976,555368.00,37
BSE,SBECSYS,INE689V01018,X,20.80,22.98,19.66,20.89,20.96,1900,38901.00,26
BSE,SBFC,INE423Y01016,A,90.23,91.66,90.23,90.62,89.89,90242,8182826.00,1036
BSE,SBFL,INE363D01018,X,22.05,22.74,21.02,22.62,22.56,1912,42052.00,41
BSE,SBGLP,INE05ST01028,B,26.00,26.00,24.20,25.88,25.86,3818,98689.00,84
BSE,SBICARD,INE018E01016,A,575.80,590.75,571.40,589.45,567.70,17967,10436630.00,886
BSE,SBILIFE,INE123W01016,A,1749.30,1749.30,1701.05,1706.90,1723.20,130807,224520080.00,2808
BSE,SBIN,INE062A01020,A,1018.95,1018.95,1004.40,1016.90,1000.65,483190,489022155.00,15491
BSE,SBRANDS,INE204Y01010,MT,11.52,11.52,11.52,11.52,12.12,31000,357120.00,2
BSE,SBVCL,INE0RNZ01014,M,104.75,110.00,104.75,105.50,107.95,4800,512310.00,8
BSE,SCAGRO,INE895E01017,X,19.41,19.41,19.30,19.40,19.40,3487,67649.00,6
BSE,SCANPRO,INE393D01015,XT,133.20,133.20,126.55,126.55,133.20,829,104916.00,8
BSE,SCANSTL,INE099G01011,B,34.39,38.46,33.90,36.83,33.41,14222,499644.00,109
BSE,SCBL,INE467X01023,XT,45.00,48.70,45.00,48.59,46.39,2410,112067.00,11
BSE,SCC,INE892C01018,X,11.00,11.00,10.48,10.48,11.00,11983,126015.00,14
BSE,SCDL,INE0UMH01018,M,78.90,79.99,78.90,79.97,78.89,11200,888384.00,7
BSE,SCHAEFFLER,INE513A01022,A,3946.45,4063.40,3874.30,4050.00,3866.05,4063,16098315.00,430
BSE,SCHAND,INE807K01035,B,143.15,146.60,142.00,145.65,142.90,5002,722002.00,94
BSE,SCHNEIDER,INE839M01018,A,1110.00,1113.85,1072.85,1105.35,1088.40,14113,15472480.00,1230
BSE,SCI,INE109A01011,A,292.40,298.00,289.80,297.00,286.20,174723,51439113.00,2339
BSE,SCILAL,INE0PB301013,B,43.94,45.45,43.89,44.79,43.42,26796,1189233.00,158
BSE,SCODATUBES,INE090501011,B,121.35,123.50,120.45,123.20,118.55,7095,863409.00,129
BSE,SCOOBEEDAY,INE962E01015,X,69.60,71.34,69.60,70.60,69.60,2127,150929.00,16
BSE,SCPL,INE501Y01019,T,479.15,485.00,451.25,455.55,474.40,10869,5216959.00,155
BSE,SCTL,INE452S01025,X,0.45,0.46,0.44,0.46,0.45,324344,144668.00,192
BSE,SDBL,INE480C01038,B,75.90,78.62,75.33,77.03,74.05,72057,5539899.00,667
BSE,SEALMATIC,INE0O4601016,M,359.00,359.90,337.80,345.20,341.30,30420,10482957.00,124
BSE,SEAMECLTD,INE497B01018,B,1620.45,1620.45,1533.50,1584.00,1588.25,3726,5784002.00,282
BSE,SEASONST,INE707B01010,X,18.50,19.00,17.01,17.37,18.50,804,13846.00,12
BSE,SEATV,INE351L01016,X,3.33,3.33,3.30,3.30,3.32,3082,10173.00,5
BSE,SECMARK,INE0BTM01013,B,127.00,127.00,127.00,127.00,132.45,22,2794.00,2
BSE,SECURKLOUD,INE650K01021,B,20.60,20.66,18.51,19.04,19.99,27688,528305.00,291
BSE,SEDEMAC,INE00XB01019,B,2690.65,2938.60,2648.00,2771.10,2641.35,23918,66620187.00,2373
BSE,SEIL,INE440T01028,B,194.00,199.35,191.25,197.30,192.45,176753,34349427.00,2224
BSE,SEJALLTD,INE955I01044,T,667.90,674.95,650.00,653.00,660.75,2456,1610883.00,46
BSE,SEKURITIND,INE068B01017,B,123.95,127.70,123.25,125.80,122.25,52348,6582598.00,556
BSE,SEL,INE367E01033,X,39.00,39.00,38.90,39.00,39.50,891,34709.00,3
BSE,SELMC,INE105I01020,B,31.72,31.72,29.54,29.85,29.41,775,23250.00,15
BSE,SEMAC,INE617A01013,T,328.00,328.15,328.00,328.15,312.55,151,49546.00,12
BSE,SEML,INE0KPY01017,M,50.77,50.77,46.25,50.76,46.16,37500,1868868.00,70
BSE,SENCO,INE602W01027,A,335.00,339.80,329.25,338.30,328.25,24717,8278190.00,867
BSE,SENORES,INE0RB801010,B,1189.50,1295.00,1185.50,1291.25,1159.60,60079,75019625.00,4014
BSE,SEPC,INE964H01014,B,6.23,7.00,6.23,6.93,6.19,2633631,17700233.00,1665
BSE,SERA,INE017I01027,X,40.00,40.98,39.99,40.11,40.00,79459,3230226.00,108
BSE,SESHAPAPER,INE630A01024,B,227.10,228.90,225.90,228.90,225.00,188,42950.00,10
BSE,SETCO,INE878E01021,T,18.62,18.62,18.62,18.62,18.26,14419,268481.00,7
BSE,SETL,INE0M4D01010,B,154.25,160.45,154.25,159.10,153.25,20287,3218312.00,338
BSE,SETUINFRA,INE023M01027,Z,0.44,0.47,0.43,0.46,0.45,123060,55900.00,42
BSE,SEVL,INE0SC101013,M,41.35,42.92,41.35,42.92,40.00,7200,301236.00,6
BSE,SEYAIND,INE573R01012,T,12.90,12.98,12.70,12.89,12.95,5068,64587.00,15
BSE,SFL,INE916U01025,A,690.00,707.10,673.80,703.25,678.95,12522,8687191.00,599
BSE,SFPIL,INE716K01020,X,10.00,10.05,9.03,9.78,9.51,16665,166787.00,22
BSE,SGFIN,INE618R01015,B,581.60,615.25,581.55,611.35,569.60,37317,22493945.00,1380
BSE,SGIL,INE00QT01015,B,552.90,556.30,546.00,550.00,551.30,600,330790.00,41
BSE,SGL,INE353H01010,B,10.79,11.09,10.60,10.90,10.79,567,6017.00,5
BSE,SGLRES,INE967B01028,XT,2.62,2.62,2.49,2.59,2.62,91960,232337.00,95
BSE,SGMART,INE385F01024,B,587.30,595.65,574.25,593.00,578.55,10581,6149641.00,227
BSE,SGNTE,INE266C01023,X,0.60,0.65,0.60,0.64,0.60,37255,24100.00,29
BSE,SGRL,INE414Y01015,X,599.90,620.05,585.05,600.45,592.75,6579,3999685.00,155
BSE,SHADOWFAX,INE12UN01015,B,214.35,222.65,213.15,218.15,209.70,98187,21441167.00,1662
BSE,SHAH,INE482J01021,B,4.70,4.79,4.56,4.73,4.66,588153,2757369.00,583
BSE,SHAH-RE1,INE482J20021,R,0.36,0.36,0.36,0.36,0.60,140994,50757.00,198
BSE,SHAHISHIP,INE825D01016,X,12.50,13.24,12.50,12.74,12.84,615,8022.00,27
BSE,SHAHLON,INE052001026,X,24.75,24.75,23.10,23.60,23.98,17102,403731.00,65
BSE,SHAILY,INE151G01028,A,2993.35,3005.00,2896.85,2970.50,2931.70,9305,27519537.00,940
BSE,SHAKTIPR,INE794C01016,XT,20.76,20.76,20.76,20.76,21.85,23465,487133.00,109
BSE,SHAKTIPUMP,INE908D01010,A,513.60,542.20,512.15,537.50,507.05,64332,34026275.00,1527
BSE,SHALBY,INE597J01018,B,168.30,170.00,166.35,169.10,164.70,1681,283155.00,83
BSE,SHALIWIR,INE655D01025,X,17.75,18.00,17.26,17.96,17.76,714,12510.00,30
BSE,SHALPAINTS,INE849C01026,B,54.95,54.95,50.74,52.30,51.11,2009,103192.00,26
BSE,SHALPRO,INE435E01020,X,0.38,0.38,0.38,0.38,0.39,517610,196691.00,318
BSE,SHANGAR,INE118R01032,X,0.23,0.24,0.22,0.23,0.23,754568,170616.00,158
BSE,SHANKARA,INE274V01019,T,110.80,110.80,109.10,110.40,110.80,1206,132687.00,13
BSE,SHANMUGA,INE0TD301017,M,35.65,36.00,35.60,36.00,36.98,12000,428620.00,6
BSE,SHANTIDENM,INE0QZQ01019,M,40.55,40.55,40.00,40.00,40.55,6000,241100.00,3
BSE,SHANTIGEAR,INE631A01022,B,440.50,443.00,440.50,441.80,440.40,305,134451.00,34
BSE,SHANTIGOLD,INE06ZD01017,B,221.80,227.25,221.80,225.85,221.70,24937,5614623.00,327
BSE,SHANTIGURU,INE892L01019,M,10.20,10.20,10.10,10.10,9.59,15000,151800.00,5
BSE,SHAQUAK,INE545N01019,X,1.29,1.29,1.25,1.25,1.29,9347,11768.00,11
BSE,SHARDACROP,INE221J01015,A,885.00,929.00,884.95,922.20,875.95,29794,27015817.00,1436
BSE,SHARDAMOTR,INE597I01028,B,776.05,784.05,770.85,781.35,768.15,2839,2205757.00,791
BSE,SHARDUL,INE037B01020,B,28.00,29.99,28.00,29.97,27.50,3,87.00,3
BSE,SHAREINDIA,INE932X01026,B,130.35,137.35,129.95,136.60,127.55,22655,3026669.00,304
BSE,SHARIKA,INE669Y01022,B,14.19,14.23,13.27,14.23,13.56,77533,1082112.00,182
BSE,SHARMEH,INE465H01012,X,106.70,106.70,102.00,103.05,106.70,874,89229.00,6
BSE,SHARPINV,INE909D01026,X,0.41,0.41,0.37,0.39,0.39,195996,76120.00,109
BSE,SHARPLINE,INE647W01014,X,10.68,11.99,9.66,10.35,10.65,23960,255628.00,88
BSE,SHARVAYA,INE0UJF01018,M,81.00,81.00,79.10,79.15,81.00,4200,336930.00,7
BSE,SHASHIJIT,INE700V01021,X,2.52,2.52,2.43,2.45,2.51,1061,2652.00,13
BSE,SHAWGELTIN,INE869A01010,X,477.05,482.65,466.15,469.80,474.45,11075,5233189.00,353
BSE,SHAYONAENG,INE0UCL01011,M,128.00,139.00,128.00,134.00,134.25,28000,3687950.00,18
BSE,SHBAJRG,INE402H01015,B,203.05,203.05,191.25,196.85,203.00,2045,412434.00,118
BSE,SHEKHAWATI,INE268L01046,T,15.14,15.14,14.02,14.24,14.42,3566,50858.00,20
BSE,SHELTER,INE013V01011,M,29.05,29.99,29.00,29.20,30.10,51000,1497630.00,14
BSE,SHEMAROO,INE363M01019,B,113.60,123.80,110.80,118.90,113.90,1890,225418.00,203
BSE,SHENTRA,INE0OUS01011,XT,98.16,98.16,98.16,98.16,93.49,150,14724.00,3
BSE,SHESHAINDS,INE193R01019,X,16.51,16.52,16.51,16.52,17.01,392,6474.00,5
BSE,SHETR,INE278C01010,X,92.60,96.00,91.50,91.90,91.50,353,32512.00,16
BSE,SHHARICH,INE065E01017,X,112.00,115.00,112.00,115.00,106.50,1531,174535.00,24
BSE,SHIKHAR,INE641B01011,XT,12.57,12.57,11.39,12.52,11.98,54,619.00,3
BSE,SHILCTECH,INE024F01011,B,3989.95,4087.65,3800.00,4043.35,3819.40,4004,15682629.00,655
BSE,SHILGRAVQ,INE960A01017,X,145.90,146.00,141.50,143.80,143.15,3056,436557.00,60
BSE,SHILPAMED,INE790G01031,A,543.55,555.00,539.00,546.20,538.90,33059,18040815.00,820
BSE,SHINDL,INE220Z01013,B,158.50,159.50,155.30,156.95,156.40,57987,9154354.00,259
BSE,SHINEFASH,INE0BLY01023,MT,24.96,24.96,24.96,24.96,23.83,4000,99840.00,1
BSE,SHIPWAVES,INE0O9L01010,MT,3.69,3.70,3.45,3.49,3.56,80000,284400.00,8
BSE,SHISHIND,INE145Y01023,B,11.26,11.88,11.20,11.42,11.42,548624,6291937.00,419
BSE,SHIVA,INE728Q01014,XT,10.82,10.82,10.82,10.82,10.31,49267,533068.00,24
BSE,SHIVAAGRO,INE960E01019,X,40.95,42.50,40.75,42.00,40.65,698,28716.00,12
BSE,SHIVACEM,INE555C01029,X,17.81,18.39,17.62,17.89,17.77,130666,2341136.00,234
BSE,SHIVAGR,INE092H01014,X,24.00,25.98,24.00,25.89,24.00,444,11411.00,10
BSE,SHIVALIK,INE788J01021,T,229.95,230.90,221.15,225.20,232.75,4021,910154.00,87
BSE,SHIVAM,INE0SGR01013,M,109.90,110.00,106.00,109.03,108.50,18000,1943910.00,11
BSE,SHIVAMAUTO,INE637H01024,T,16.92,17.33,16.90,16.95,17.00,4678,79528.00,33
BSE,SHIVAMILLS,INE644Y01017,T,61.19,63.58,61.19,63.58,64.41,352,21562.00,6
BSE,SHIVATEX,INE705C01020,B,150.00,153.00,146.40,148.80,154.20,36,5400.00,6
BSE,SHIVTEXCHEM,INE0YRO01015,MT,125.00,127.00,125.00,127.00,124.00,2400,302420.00,5
BSE,SHK,INE500L01026,B,124.10,128.85,123.35,128.20,122.10,18257,2308291.00,350
BSE,SHKARTP,INE538D01015,X,6.53,6.88,6.10,6.70,6.53,2233,14832.00,25
BSE,SHOORA,INE0OJZ01019,MT,76.19,76.19,76.19,76.19,74.70,1500,114285.00,1
BSE,SHOPERSTOP,INE498B01024,B,380.55,380.55,365.95,374.55,364.20,3271,1217759.00,202
BSE,SHPLPUNE,INE07G501017,X,930.00,930.00,820.00,832.95,795.55,200,168276.00,20
BSE,SHRAAITECH,INE489B01031,X,26.92,27.48,26.57,27.20,26.91,14539,394725.00,142
BSE,SHRADDHA,INE311M01018,X,164.00,164.40,158.05,163.70,160.70,25214,4092500.00,170
BSE,SHRAJSYNQ,INE796C01011,XT,17.79,17.79,17.79,17.79,17.62,50,889.00,1
BSE,SHRDAIS,INE385M01012,X,174.35,187.90,166.75,176.40,174.35,69,12384.00,10
BSE,SHREDIGCEM,INE232A01011,B,66.07,73.95,66.07,73.45,69.04,43139,3139494.00,504
BSE,SHREECEM,INE070A01015,A,24085.05,24260.00,23840.70,24186.45,23698.40,27503,656388616.00,449
BSE,SHREEGANES,INE051N01026,X,0.57,0.59,0.56,0.58,0.57,825758,471918.00,344
BSE,SHREEJISPG,INE1B6101010,B,452.25,485.05,452.25,481.95,452.90,32450,15403961.00,429
BSE,SHREENATH,INE0RXS01018,M,11.12,12.74,11.06,12.03,11.96,18000,205650.00,6
BSE,SHREEPAC,INE847D01010,X,143.95,143.95,137.00,137.90,139.10,3563,499895.00,58
BSE,SHREEPUSHK,INE712K01011,B,356.40,358.20,355.00,356.50,353.10,625,222623.00,40
BSE,SHREERAMA,INE879A01019,B,41.95,41.95,40.84,41.58,40.94,6407,264203.00,206
BSE,SHREEREF,INE0FMZ01045,M,292.40,309.00,289.80,302.50,289.80,202500,61447300.00,347
BSE,SHREESEC,INE397C01026,Z,0.20,0.21,0.19,0.20,0.20,1673550,336785.00,196
BSE,SHREMETAL,INE914B01012,X,42.00,42.00,35.00,38.27,39.60,8518,323453.00,117
BSE,SHREYASI,INE115F01017,X,6.03,6.03,5.71,5.71,6.00,276,1658.00,7
BSE,SHRICON,INE753D01010,XT,220.00,220.00,220.00,220.00,220.00,2,440.00,1
BSE,SHRIDINE,INE204C01024,X,304.10,312.95,304.10,309.75,310.00,313,96121.00,24
BSE,SHRIGANG,INE241V01018,X,63.15,64.44,62.57,63.03,63.14,15142,960076.00,162
BSE,SHRINGARMS,INE1B3L01017,B,203.50,212.00,201.05,210.85,201.00,21180,4398790.00,266
BSE,SHRIPISTON,INE526E01018,A,3520.05,3639.00,3512.25,3525.35,3509.00,6592,23491929.00,981
BSE,SHRIRAMFIN,INE721A01047,A,909.50,959.40,902.00,955.05,886.35,465336,434942789.00,13860
BSE,SHRIRAMPPS,INE217L01019,B,83.00,86.49,82.93,85.92,81.92,47970,4034833.00,308
BSE,SHRISTI,INE472C01027,X,36.00,36.85,32.00,34.00,34.00,1826,63135.00,21
BSE,SHRJAGP,INE564J01026,X,551.25,562.50,551.25,561.85,551.40,340,189209.00,29
BSE,SHRMFGC,INE632A01012,X,11.77,11.77,11.77,11.77,12.01,100,1177.00,1
BSE,SHRYDUS,INE488C01015,X,3.13,3.33,2.98,3.08,3.14,38305,119909.00,95
BSE,SHTL,INE0D8001018,MT,77.00,77.00,74.75,74.75,77.10,7200,549012.00,5
BSE,SHUBHAM,INE01J501010,X,38.40,39.00,38.40,38.40,40.42,19733,757838.00,73
BSE,SHUKJEW,INE344E01016,P,9.40,9.40,9.40,9.40,9.89,500,4700.00,2
BSE,SHUKRAPHAR,INE551C01044,B,30.19,30.75,29.50,29.97,29.16,137653,4124098.00,852
BSE,SHVFL,INE981C01019,X,31.80,31.80,31.80,31.80,33.44,60,1908.00,3
BSE,SHYAMACOMP,INE861E01019,P,5.25,5.33,5.05,5.29,5.09,1600,8368.00,6
BSE,SHYAMCENT,INE979R01011,B,5.10,5.10,4.70,4.90,4.86,30444,147723.00,184
BSE,SHYAMMETL,INE810G01011,A,974.95,992.05,974.95,983.40,967.65,13767,13560121.00,613
BSE,SHYAMTEL,INE635A01023,T,16.47,16.47,16.47,16.47,16.80,100,1647.00,1
BSE,SHYMINV,INE203N01015,X,12.18,13.25,12.18,12.80,12.73,5099,66006.00,63
BSE,SIBARAUT,INE441C01014,X,7.63,7.97,7.63,7.70,7.49,187,1458.00,10
BSE,SICAGEN,INE176J01011,B,55.25,56.89,54.00,54.28,54.16,819,44827.00,19
BSE,SICALLOG,INE075B01020,T,80.80,80.85,79.00,80.85,77.00,22383,1804666.00,61
BSE,SIDDHA,INE140C01012,X,4.30,4.30,4.30,4.30,4.30,1768,7602.00,12
BSE,SIDDHEGA,INE797C01019,X,18.50,19.96,18.06,19.96,19.01,446,8074.00,11
BSE,SIEL,INE843L01012,X,30.00,31.00,30.00,31.00,30.00,146,4414.00,10
BSE,SIEMENS,INE003A01024,A,3535.35,3596.35,3519.00,3568.15,3524.15,14225,50536926.00,2451
BSE,SIGACHI,INE0D0K01022,T,20.91,21.00,20.50,20.78,20.50,41596,863281.00,113
BSE,SIGIND,INE529F01035,B,49.70,49.70,47.53,47.75,49.75,252,12033.00,4
BSE,SIGMA,INE0A0S01028,B,40.07,41.00,39.92,41.00,40.00,407,16456.00,12
BSE,SIGMAADV,INE933B01012,T,498.00,504.20,470.00,482.60,480.20,64219,31561850.00,1114
BSE,SIGNATURE,INE903U01023,A,778.55,787.00,754.15,774.90,778.15,28261,21704165.00,1135
BSE,SIGNPOST,INE0KGZ01021,B,283.05,283.05,257.90,260.80,278.75,12791,3417533.00,349
BSE,SIIL,INE400R01018,X,13.99,13.99,13.89,13.90,13.00,856,11921.00,13
BSE,SIKA,INE438E01032,B,898.05,910.00,888.10,896.70,888.25,3052,2729497.00,274
BSE,SIKOZY,INE528E01022,X,1.44,1.51,1.40,1.50,1.44,273,388.00,10
BSE,SIL,INE173A01025,B,14.85,15.53,14.85,15.43,15.17,5746,87592.00,53
BSE,SILINV,INE923A01015,B,428.00,435.00,414.00,435.00,419.00,116,49445.00,4
BSE,SILVERO,INE798C01017,Z,6.00,6.00,6.00,6.00,6.00,681,4086.00,14
BSE,SILVERTUC,INE625X01026,B,190.00,199.00,189.80,198.95,189.55,186989,36932014.00,1471
BSE,SILVOAK,INE870J01019,X,82.00,82.00,78.10,79.74,78.00,318,25559.00,16
BSE,SIMANDHAR,INE0VI201010,XT,180.95,180.95,163.75,163.75,172.35,2056,345828.00,28
BSE,SIMBHALS,INE748T01016,Z,6.89,7.05,6.85,6.94,6.78,682,4740.00,14
BSE,SIMMOND,INE657D01021,XT,179.95,179.95,171.00,174.00,172.75,4761,832456.00,47
BSE,SIMPLEXCAS,INE658D01011,X,477.45,494.95,477.45,491.30,477.45,3470,1693733.00,101
BSE,SIMPLEXINF,INE059B01024,B,254.75,258.45,251.65,258.05,246.85,1676,426305.00,60
BSE,SIMPLXPAP,INE456H01029,X,1206.00,1212.00,1205.50,1205.50,1268.90,42,50648.00,13
BSE,SIMRAN,INE354D01017,X,146.00,153.80,146.00,153.70,149.15,4103,618935.00,16
BSE,SINCLAIR,INE985A01022,B,76.50,76.94,74.33,75.97,75.54,1551,117015.00,98
BSE,SINDHUTRAD,INE325D01025,B,24.19,24.89,24.19,24.39,24.15,10700,261848.00,49
BSE,SINGERIND,INE638A01035,B,68.94,69.84,68.05,68.61,67.85,7082,486957.00,113
BSE,SIPL,INE413C01013,X,20.90,20.90,20.00,20.00,20.00,188,3868.00,16
BSE,SIRCA,INE792Z01011,B,420.05,420.50,416.50,418.80,416.00,3388,1419153.00,166
BSE,SIS,INE285J01028,B,436.80,437.20,419.00,420.70,428.20,7797,3318272.00,358
BSE,SITAENT,INE579D01019,X,167.00,167.00,133.00,136.10,139.85,4855,663731.00,100
BSE,SITINET,INE965H01011,Z,0.49,0.49,0.49,0.49,0.49,74677,36591.00,20
BSE,SIYARAM,INE0QSK01017,MT,34.15,34.50,33.03,33.64,34.16,55500,1876065.00,30
BSE,SIYSIL,INE076B01028,B,601.75,621.00,601.75,617.35,601.50,1885,1159203.00,173
BSE,SIZEMASTER,INE235U01012,XT,372.60,372.60,350.00,372.60,354.90,46,16788.00,12
BSE,SJS,INE284S01014,A,2111.05,2149.05,2066.70,2112.95,2082.20,8238,17359467.00,675
BSE,SJVN,INE002L01015,A,71.35,72.99,71.15,72.66,70.30,159469,11464385.00,1055
BSE,SKCIL,INE260E01014,X,140.55,141.80,136.10,138.50,145.35,3116,431883.00,83
BSE,SKFINDIA,INE640A01023,A,1572.55,1608.00,1569.55,1591.50,1561.35,570,902945.00,113
BSE,SKFINDUS,INE2J8701016,B,2415.65,2425.50,2368.15,2389.90,2385.00,1977,4731600.00,178
BSE,SKIPPER,INE439E01022,A,530.40,549.25,528.75,545.25,520.75,43222,23374267.00,1203
BSE,SKM,INE13YH01017,MT,395.00,396.00,385.00,393.00,384.50,11000,4300900.00,10
BSE,SKMEGGPROD,INE411D01023,B,229.10,244.00,229.10,240.25,228.65,35827,8546450.00,616
BSE,SKPMIL,INE970C01012,X,129.25,129.25,129.25,129.25,128.00,1,129.00,1
BSE,SKPSEC,INE709B01016,X,100.50,119.50,100.50,106.65,100.55,462,49307.00,21
BSE,SKRABUL,INE561E01015,XT,41.80,41.80,41.80,41.80,43.99,2,83.00,1
BSE,SKYBIOTECH,INE393H01016,XT,203.45,203.45,199.95,200.00,194.25,272,54576.00,9
BSE,SKYGOLD,INE01IU01018,A,493.00,512.00,493.00,509.25,490.70,45192,22886164.00,1459
BSE,SKYIND,INE765B01018,X,82.99,86.74,80.63,84.35,81.91,3358,278277.00,37
BSE,SKYLMILAR,INE178E01026,X,15.62,16.57,15.62,16.03,16.40,919,14709.00,14
BSE,SLSTLQ,INE456D01010,X,25.00,25.20,25.00,25.20,24.00,513,12826.00,9
BSE,SMARTFIN,INE766D01020,X,8.00,8.29,7.65,8.13,7.90,4300,34248.00,76
BSE,SMARTWORKS,INE0NAZ01010,B,447.40,450.05,438.35,448.00,443.50,1443,643422.00,81
BSE,SMCGLOBAL,INE103C01036,B,73.00,73.55,71.43,71.99,71.15,58282,4212104.00,321
BSE,SMFIL,INE728B01032,XT,7.89,7.89,7.89,7.89,7.52,67258,530665.00,56
BSE,SMGOLD,INE00Q901014,B,12.58,12.58,11.96,12.18,12.38,11230,136819.00,89
BSE,SMLMAH,INE294B01019,B,3691.70,3898.00,3691.70,3878.10,3688.80,4722,18169372.00,790
BSE,SMLT,INE017W01010,B,70.95,70.95,70.80,70.80,68.51,5,354.00,2
BSE,SMR,INE11XK01017,MT,84.00,84.00,84.00,84.00,88.40,5000,420000.00,5
BSE,SMRUTHIORG,INE172E01011,X,119.50,120.25,114.15,115.70,119.50,3658,423958.00,58
BSE,SMSPHARMA,INE812G01025,B,387.35,389.00,377.00,384.45,379.85,11599,4446534.00,198
BSE,SMTEL,INE673E01018,XT,380.95,420.00,380.95,420.00,401.00,930,355415.00,38
BSE,SNIM,INE730R01042,X,10.19,10.19,10.19,10.19,9.71,1,10.00,1
BSE,SNL,INE568F01017,X,392.60,392.60,370.65,372.35,379.15,1735,651753.00,69
BSE,SNOWMAN,INE734N01019,B,37.00,37.56,36.50,37.25,36.47,32056,1184102.00,184
BSE,SOBHA,INE671H01015,A,1268.50,1340.00,1268.50,1332.75,1273.65,2232,2922047.00,208
BSE,SOBME,INE754D01018,X,920.60,920.60,873.00,880.85,903.55,1150,1025694.00,99
BSE,SODHACAP,INE0QU501030,M,56.65,57.30,56.45,56.45,56.60,12000,682000.00,3
BSE,SOFCOM,INE499Q01012,X,19.99,20.00,17.23,18.10,19.63,133470,2479995.00,207
BSE,SOFTRAKV,INE562E01021,X,1.01,1.11,1.01,1.11,1.06,208035,215009.00,50
BSE,SOLARA,INE624Z01016,B,579.70,619.00,579.70,607.90,581.30,25649,15582503.00,816
BSE,SOLARINDS,INE343H01029,A,17400.00,17575.00,17060.00,17137.05,17146.75,8335,143933288.00,1966
BSE,SOLARIUM,INE0W0H01017,M,177.05,180.00,175.80,178.35,174.60,11700,2084655.00,32
BSE,SOLARWORLD,INE0TY101024,B,189.90,191.00,182.05,184.50,187.00,13860,2582397.00,361
BSE,SOLIDSTON,INE584G01012,X,24.25,27.67,24.25,25.82,26.34,2666,65262.00,48
BSE,SOLIMAC,INE410A01013,X,92.35,96.85,90.50,92.50,92.15,1707,159255.00,53
BSE,SOLVEX,INE1IIQ01028,MT,27.00,28.03,26.63,26.63,28.03,6400,173856.00,4
BSE,SOMANYCERA,INE355A01028,B,500.00,520.40,500.00,513.40,495.85,1293,664788.00,108
BSE,SOMATEX,INE314C01013,B,95.75,96.90,93.85,94.95,93.50,2458,235151.00,96
BSE,SOMICONVEY,INE323J01019,B,99.00,99.00,96.90,97.40,97.00,258,25388.00,38
BSE,SONACOMS,INE073K01018,A,591.00,597.35,584.25,593.25,585.25,63834,37645478.00,3108
BSE,SONAL,INE321M01017,B,91.00,96.50,91.00,92.00,92.15,64,5887.00,3
BSE,SONALAD,INE344I01017,X,40.01,41.80,40.01,40.32,41.60,2266,91665.00,48
BSE,SONALIS,INE0N5O01013,M,50.03,50.03,50.00,50.00,52.99,12000,600100.00,6
BSE,SONATSOFTW,INE269A01021,A,255.95,262.65,251.60,253.70,255.30,27940,7184998.00,784
BSE,SOTL,INE035D01020,B,554.50,578.35,550.00,571.05,541.75,19086,10834159.00,675
BSE,SOURCEIND,INE695C01015,XT,18.68,18.68,18.68,18.68,18.32,150,2802.00,2
BSE,SOURCENTRL,INE679C01027,X,102.15,108.50,99.95,106.15,104.00,4553,468567.00,88
BSE,SOUTHBANK,INE683A01023,A,45.43,47.50,45.43,46.66,45.33,3349338,156367192.00,8504
BSE,SOUTHERNIN,INE298B01010,X,22.11,22.11,21.51,22.11,22.12,734,15982.00,10
BSE,SOUTHMG,INE308N01012,X,77.00,81.50,77.00,81.01,82.19,265,20987.00,15
BSE,SOUTHWEST,INE980Y01015,B,248.00,250.25,231.50,242.50,241.95,47327,11338228.00,812
BSE,SOUTLAT,INE410M01018,X,29.18,30.93,28.00,28.54,29.78,936,26543.00,22
BSE,SOVERDIA,INE959D01013,X,20.10,20.99,19.80,19.95,20.49,1403,28155.00,27
BSE,SPACEINCUBA,INE797Z01028,X,0.20,0.20,0.19,0.20,0.19,846110,164627.00,164
BSE,SPAL,INE212I01016,B,796.45,802.80,787.15,793.95,793.55,112,88945.00,29
BSE,SPANDANA,INE572J01011,B,228.00,231.60,223.50,226.80,226.45,27083,6163259.00,563
BSE,SPAR,INE960B01015,XT,4.96,5.05,4.96,5.05,4.81,1145,5681.00,4
BSE,SPARC,INE232I01014,B,208.95,224.40,207.45,223.40,204.00,420493,92508190.00,3324
BSE,SPARKLEGR,INE618F01010,X,69.60,69.60,62.01,69.19,66.00,2257,141459.00,19
BSE,SPCAPIT,INE102F01015,X,51.80,56.75,51.70,56.75,51.70,349,18058.00,5
BSE,SPECFOOD,INE547C01018,X,12.31,12.85,12.30,12.50,12.31,8015,98742.00,20
BSE,SPECIALITY,INE247M01014,B,104.40,105.20,104.35,105.20,104.40,532,55558.00,32
BSE,SPECTRA,INE848B01012,Z,4.62,4.62,4.19,4.59,4.41,1339,5748.00,9
BSE,SPECTRUM,INE01EO01010,B,1625.00,1633.75,1595.00,1599.75,1606.45,573,919301.00,74
BSE,SPELS,INE252A01019,X,150.30,154.80,150.30,154.25,149.10,26447,4053212.00,800
BSE,SPENCERS,INE020801028,B,35.65,36.70,34.34,36.62,34.66,10487,378674.00,239
BSE,SPENTA,INE175C01018,X,102.50,105.25,100.00,104.00,104.50,749,78286.00,14
BSE,SPIC,INE147A01011,B,67.15,69.70,67.15,68.91,66.83,29259,2018516.00,236
BSE,SPICEISLIN,INE882D01017,X,454.00,456.05,449.00,455.35,434.35,30781,14006043.00,454
BSE,SPICEJET,INE285B01017,A,11.65,12.58,11.65,12.35,11.51,12409708,151746419.00,9442
BSE,SPICELOUNG,INE631E01024,B,24.70,25.73,24.47,24.69,24.54,96215,2374416.00,253
BSE,SPITZE,INE0JSJ01014,MT,70.90,71.68,67.80,70.60,68.29,13000,902340.00,12
BSE,SPL,INE0RDR01012,M,22.00,22.00,22.00,22.00,22.00,8000,176000.00,5
BSE,SPLIL,INE978G01016,B,29.50,31.25,28.01,29.99,29.50,1040,30852.00,30
BSE,SPLPETRO,INE663A01033,A,665.80,707.70,665.80,702.80,665.75,11058,7642830.00,432
BSE,SPML,INE0R0M01014,MT,212.90,212.90,203.00,203.00,204.50,7000,1466350.00,6
BSE,SPMLINFRA,INE937A01023,B,184.05,192.15,184.05,189.90,183.95,22635,4280682.00,315
BSE,SPORTKING,INE885H01029,B,174.30,183.55,174.30,181.95,173.55,28306,5122110.00,478
BSE,SPRAYKING,INE537U01037,B,1.17,1.21,1.15,1.15,1.20,553634,644339.00,360
BSE,SPRIGHT,INE179O01031,XT,0.49,0.49,0.49,0.49,0.49,715622,350654.00,418
BSE,SPSL,INE318K01025,X,13.15,13.15,13.00,13.00,12.53,1105,14447.00,9
BSE,SPTRSHI,INE233P01017,X,31.50,32.75,31.50,32.30,31.71,20,640.00,3
BSE,SRAMSET,INE777G01012,X,287.00,290.00,285.00,288.35,281.60,7739,2228203.00,46
BSE,SRD,INE01NE01012,B,41.50,41.50,38.65,39.42,39.42,6043,235908.00,66
BSE,SRECR,INE377C01010,P,34.05,34.05,34.05,34.05,35.80,200,6810.00,1
BSE,SREEL,INE099F01013,B,207.75,207.75,207.75,207.75,190.65,1,207.00,1
BSE,SRESTHA,INE606K01049,X,0.24,0.25,0.23,0.23,0.24,2583422,612473.00,378
BSE,SRF,INE647A01010,A,2686.05,2746.80,2686.05,2738.40,2658.95,12145,32929228.00,1581
BSE,SRGHFL,INE559N01010,B,265.15,270.00,265.15,270.00,274.40,2,535.00,2
BSE,SRHHYPOLTD,INE917H01012,B,499.05,522.85,491.55,501.65,484.00,270,135915.00,30
BSE,SRICC,INE827D01020,X,44.42,45.89,42.00,45.01,44.43,1098,48736.00,28
BSE,SRIGEE,INE0RJ901010,M,88.40,88.40,79.01,82.10,85.00,34800,2910276.00,26
BSE,SRIKPRIND,INE009C01019,X,22.70,22.70,20.10,21.00,20.80,966,20208.00,25
BSE,SRINACHA,INE443E01016,X,30.23,30.23,28.01,29.78,30.85,1030,29896.00,17
BSE,SRM,INE0R6Z01013,B,475.95,485.60,470.70,484.10,465.50,5811,2775159.00,232
BSE,SRMCL,INE306D01017,XT,55.89,58.00,54.25,56.76,55.24,5457,304322.00,48
BSE,SRSOLTD,INE0MNV01014,MT,71.00,71.00,70.98,71.00,71.00,3200,227176.00,4
BSE,SRTL,INE19GK01015,B,40.79,40.95,40.39,40.91,39.82,2209,90150.00,40
BSE,SRUSTEELS,INE425C01017,XT,1.97,1.99,1.85,1.91,1.91,47236,91393.00,132
BSE,SSDL,INE0PQ101010,B,55.00,55.35,54.95,55.35,53.84,651,35858.00,11
BSE,SSMD,INE1U2R01013,MT,57.00,59.00,55.00,59.00,57.70,12000,690000.00,7
BSE,SSPDL,INE838C01011,X,19.21,20.97,19.21,19.90,20.22,12780,253262.00,54
BSE,SSWL,INE802C01033,B,229.40,232.90,227.00,231.45,225.25,17665,4055624.00,398
BSE,SSWRL,INE387D01025,X,21.49,21.49,19.50,20.40,20.28,2328,45611.00,26
BSE,STAL,INE0RGM01016,M,28.60,30.20,28.60,30.14,28.60,13600,403912.00,17
BSE,STALLION,INE0RYC01010,B,175.80,184.30,175.80,183.30,172.65,110715,20062624.00,1211
BSE,STANCAP,INE625D01028,X,0.37,0.40,0.36,0.39,0.37,37501612,14470611.00,1619
BSE,STANLEY,INE01A001028,B,140.05,144.15,139.00,143.35,137.25,9672,1370307.00,262
BSE,STANPACK,INE457D01018,X,9.67,9.67,9.67,9.67,10.16,1,9.00,1
BSE,STANROS,INE441L01015,X,64.90,65.00,64.90,65.00,65.55,440,28596.00,8
BSE,STAR,INE939A01011,A,998.40,1062.90,980.95,1054.30,989.35,17655,18022573.00,966
BSE,STARCEMENT,INE460H01021,A,207.95,221.00,207.95,218.45,208.15,36631,7965071.00,871
BSE,STARCOM,INE347I01010,X,59.60,61.35,59.00,59.00,58.43,10,602.00,3
BSE,STARDELTA,INE541K01014,X,588.00,598.00,565.50,588.50,577.55,2593,1524856.00,112
BSE,STARHEALTH,INE575P01011,A,520.85,528.00,517.90,519.35,520.00,20429,10629860.00,713
BSE,STARHFL,INE526R01028,XT,7.45,7.51,7.16,7.20,7.16,38945,286452.00,89
BSE,STARIMAGIN,INE0YG001013,MT,86.00,87.90,84.65,87.19,85.50,52000,4502460.00,29
BSE,STARLENT,INE594W01042,T,10.84,11.09,10.51,10.67,10.75,229956,2475271.00,291
BSE,STARLOG,INE580C01019,X,38.44,39.14,36.60,37.46,37.90,3007,112244.00,24
BSE,STARPAPER,INE733A01018,B,136.50,136.50,136.50,136.50,132.60,254,34671.00,20
BSE,STARSOURCE,INE320M01019,X,114.30,118.75,108.50,108.50,114.00,31,3507.00,3
BSE,STARTECK,INE992I01013,B,266.00,266.00,264.00,265.55,269.00,3328,883402.00,18
BSE,STCINDIA,INE655A01013,B,115.00,122.25,115.00,118.00,113.20,12173,1452267.00,501
BSE,STCORP,INE110Q01023,XT,4.30,4.30,3.90,4.24,4.10,33273,130742.00,39
BSE,STDBAT,INE502C01039,X,49.00,51.00,45.30,49.84,48.75,1758,86613.00,44
BSE,STDSFAC,INE307D01015,X,47.30,50.34,46.50,50.31,47.30,126,5916.00,8
BSE,STEELCAS,INE124E01038,B,283.45,288.50,283.45,285.45,281.85,1913,545797.00,67
BSE,STEELXIND,INE503B01021,B,10.96,11.87,10.96,11.52,11.15,965632,11090391.00,1040
BSE,STEL,INE577L01016,B,554.10,556.15,545.50,550.90,546.20,680,374468.00,79
BSE,STELLANT,INE395F01023,XT,585.00,594.80,546.15,577.80,566.50,3052,1770209.00,71
BSE,STERPOW,INE067E01013,XT,34.69,34.71,33.00,34.71,33.06,7157,241516.00,52
BSE,STERTOOLS,INE334A01023,B,208.10,211.60,205.40,209.85,204.20,4741,986890.00,178
BSE,STHINPA,INE088G01014,X,93.16,93.62,93.15,93.62,92.70,118,10992.00,6
BSE,STL,INE402Y01028,B,8.25,8.73,8.07,8.44,8.46,27066,225809.00,248
BSE,STLNETWORK,INE1VXE01018,T,27.00,27.56,27.00,27.56,26.25,86761,2385622.00,245
BSE,STLSTRINF,INE205F01016,X,19.50,22.92,18.10,19.75,19.10,3413,66858.00,36
BSE,STLTECH,INE089C01029,T,579.00,599.65,565.00,582.10,572.20,191672,112731804.00,3042
BSE,STML,INE0MSK01016,M,66.95,66.95,66.95,66.95,68.25,1200,80340.00,1
BSE,STOVACQ,INE755D01015,X,1670.20,1699.95,1599.95,1612.95,1670.10,873,1412303.00,92
BSE,STOVEKRAFT,INE00IN01015,B,659.90,666.40,643.10,655.55,650.50,3317,2170030.00,226
BSE,STRATMONT,INE473C01025,XT,65.31,65.63,65.31,65.31,66.64,207,13519.00,5
BSE,STRGRENWO,INE398F01019,X,19.47,19.47,18.59,18.59,19.47,41,771.00,7
BSE,STUDDS,INE00Q601028,B,510.90,512.80,493.20,501.45,506.70,8291,4147453.00,433
BSE,STYL,INE04VU01023,B,284.95,284.95,265.60,279.55,259.95,19270,5347852.00,499
BSE,STYLAMIND,INE239C01020,B,3090.40,3181.00,3079.70,3178.30,3059.60,1217,3814355.00,229
BSE,STYLEBAAZA,INE01FR01028,T,328.05,337.00,327.00,333.95,328.10,7370,2447091.00,186
BSE,STYRENIX,INE189B01011,A,2132.55,2150.00,2099.60,2130.40,2121.60,1509,3203896.00,256
BSE,SUBAM,INE0U6201010,M,217.00,225.95,217.00,225.00,212.55,20800,4612040.00,23
BSE,SUBEXLTD,INE754A01055,T,10.03,10.58,10.03,10.58,10.08,159275,1674230.00,256
BSE,SUBROS,INE287B01021,B,717.10,728.90,707.00,722.80,702.00,888,634299.00,80
BSE,SUCROSA,INE366G01022,X,9.75,10.10,9.62,9.80,9.75,123520,1215829.00,69
BSE,SUDAI,INE618D01015,X,45.17,45.17,40.88,41.49,43.03,9891,408160.00,95
BSE,SUDARCOLOR,INE492A01029,B,363.00,363.50,356.95,358.95,356.70,139,49916.00,20
BSE,SUDARSCHEM,INE659A01023,A,873.95,888.00,864.30,883.50,855.15,4270,3756750.00,197
BSE,SUDARSHAN,INE00TV01023,MT,35.00,35.90,34.90,35.70,35.07,236000,8295800.00,21
BSE,SUDEEPPHRM,INE0QPI01025,B,752.50,764.00,737.95,749.50,729.10,8137,6104804.00,453
BSE,SUDTIND-B,INE691D01012,X,93.75,93.75,89.35,91.38,89.28,16096,1475987.00,51
BSE,SUGALDAM,INE309D01011,X,70.00,70.00,60.20,61.68,66.23,3985,250730.00,79
BSE,SUGSLLOYD,INE0XX801016,MT,116.00,117.00,113.70,116.00,115.70,44000,5069750.00,40
BSE,SUJALA,INE029H01016,X,15.49,15.50,14.35,14.56,15.06,32276,476104.00,373
BSE,SUKHJITS,INE450E01029,B,172.00,177.00,168.25,169.00,172.00,865,152951.00,20
BSE,SULA,INE142Q01026,A,154.20,158.50,153.75,157.00,151.15,25151,3917291.00,408
BSE,SULABEN,INE673M01029,X,2.60,2.67,2.52,2.60,2.53,7617,19811.00,88
BSE,SUMEDHA,INE886B01012,X,40.50,40.97,38.55,40.40,39.53,4217,164237.00,40
BSE,SUMEETINDS,INE235C01036,B,23.38,24.79,23.06,24.30,27.72,167630,3947155.00,461
BSE,SUMERUIND,INE764B01029,X,1.60,1.60,1.54,1.58,1.60,3735,5870.00,20
BSE,SUMICHEM,INE258G01013,A,452.25,463.95,452.10,461.45,447.20,5617,2573035.00,221
BSE,SUMMITSEC,INE519C01017,B,1474.95,1499.00,1465.50,1497.10,1433.20,284,421376.00,77
BSE,SUNCITYSY,INE584D01019,X,7.13,7.13,7.13,7.13,7.13,20,142.00,1
BSE,SUNCLAY,INE0Q3R01026,B,1335.00,1384.50,1332.20,1359.55,1318.65,478,643928.00,173
BSE,SUNDARAM,INE108E01023,B,1.38,1.41,1.36,1.39,1.38,38147,52583.00,70
BSE,SUNDARMFIN,INE660A01013,B,4120.15,4210.00,4120.00,4165.20,4116.35,1549,6449728.00,337
BSE,SUNDRMBRAK,INE073D01013,B,715.05,737.00,715.00,729.20,707.70,65,47076.00,20
BSE,SUNDRMFAST,INE387A01021,A,835.90,862.00,835.90,841.80,835.90,5222,4432609.00,608
BSE,SUNDROP,INE209A01019,B,648.15,700.00,648.10,676.90,658.00,789,517963.00,192
BSE,SUNFLAG,INE947A01014,B,336.05,355.00,336.05,353.40,335.40,13968,4869348.00,351
BSE,SUNGOLD,INE271D01013,X,2.60,2.60,2.60,2.60,2.60,10,26.00,1
BSE,SUNITATOOL,INE0Q1S01010,MT,693.20,718.00,693.20,710.35,696.35,19375,13539331.00,79
BSE,SUNLOC,INE671C01016,X,65.00,65.00,63.00,63.60,62.30,6,382.00,4
BSE,SUNPHARMA,INE044A01036,A,1808.00,1814.60,1792.40,1807.25,1794.30,49984,90249460.00,5400
BSE,SUNRAJDI,INE459D01014,X,13.37,14.18,13.37,14.09,13.51,525,7426.00,17
BSE,SUNRAKSHAK,INE671K01027,X,325.00,327.80,320.00,326.25,321.80,6245,2029197.00,159
BSE,SUNRETAIL,INE206Z01020,M,0.33,0.33,0.32,0.32,0.32,384000,124800.00,8
BSE,SUNSHIEL,INE199E01014,X,1264.40,1264.40,1180.05,1191.80,1218.05,3954,4760776.00,307
BSE,SUNSKY,INE10CM01027,M,47.00,47.00,46.50,46.50,44.62,3000,140250.00,2
BSE,SUNTECK,INE805D01034,A,276.00,290.15,276.00,287.50,273.85,25167,7119279.00,1063
BSE,SUNTV,INE424H01027,A,509.65,515.95,504.70,513.55,501.00,13002,6634310.00,509
BSE,SUPER,INE091C01017,X,898.35,898.35,830.10,873.20,828.30,526,458796.00,33
BSE,SUPERBAK,INE897A01011,X,31.71,31.71,31.71,31.71,30.20,101,3202.00,2
BSE,SUPERHOUSE,INE712B01010,B,151.00,154.05,147.40,150.10,151.00,112,16826.00,24
BSE,SUPERIOR,INE574R01028,X,1.89,1.89,1.81,1.81,1.80,15349,27861.00,19
BSE,SUPERIRON,INE16IQ01014,MT,45.71,46.00,45.71,46.00,47.25,4800,220272.00,4
BSE,SUPERSPIN,INE662A01027,B,5.22,5.55,4.99,5.19,4.86,207,1053.00,13
BSE,SUPERTEX,INE881B01054,X,5.33,5.77,5.33,5.75,5.65,1194,6445.00,10
BSE,SUPHA,INE549S01036,XT,0.28,0.28,0.28,0.28,0.29,2851929,798540.00,811
BSE,SUPRAJIT,INE399C01030,B,453.45,462.00,448.45,460.30,446.85,5616,2556652.00,202
BSE,SUPRAPFSL,INE268T01015,X,31.49,32.10,31.02,31.61,32.30,21037,668236.00,184
BSE,SUPRATRE,INE533B01028,X,14.95,14.95,14.94,14.94,14.25,23,343.00,4
BSE,SUPREME,INE822E01011,B,44.61,46.69,44.38,46.40,44.61,21943,1014752.00,151
BSE,SUPREMEIND,INE195A01028,A,3460.00,3519.30,3433.50,3479.70,3442.85,47129,164414527.00,1154
BSE,SUPREMEINF,INE550H01011,B,88.90,88.90,77.66,79.81,79.59,6562,529716.00,87
BSE,SUPRIYA,INE07RO01027,A,959.00,995.00,958.15,978.65,936.15,26878,26369461.00,1112
BSE,SUPTANERY,INE460D01038,X,7.65,7.65,7.07,7.42,7.60,47582,347864.00,233
BSE,SURAJ,INE069E01019,Z,245.95,245.95,225.60,235.00,236.95,1637,380104.00,45
BSE,SURAJEST,INE843S01025,B,190.00,191.00,186.20,189.00,186.60,3530,665199.00,98
BSE,SURAJLTD,INE713C01016,B,228.50,235.00,228.50,233.50,228.50,26,6019.00,7
BSE,SURAKSHA,INE877V01027,B,260.00,272.15,260.00,269.25,266.10,1030,277669.00,77
BSE,SURANASOL,INE272L01022,B,27.65,27.65,27.10,27.37,26.57,4822,131568.00,106
BSE,SURANAT&P,INE130B01031,B,17.67,18.90,17.67,18.20,17.81,1055,19359.00,22
BSE,SURATRAML,INE936A01025,X,4.16,4.50,4.16,4.42,4.04,136689,601959.00,323
BSE,SURBHIN,INE899E01019,XT,128.35,128.35,128.35,128.35,135.10,646,82914.00,20
BSE,SURFI,INE565E01016,X,18.19,18.80,17.35,18.77,18.19,1459,26904.00,11
BSE,SURJIND,INE170U01011,XT,59.00,60.50,57.60,60.50,58.70,7088,427775.00,28
BSE,SURYAAMBA,INE360J01011,X,133.00,133.00,114.55,125.00,121.80,5,603.00,5
BSE,SURYALA,INE132C01027,B,421.25,423.50,418.00,422.15,418.75,795,333114.00,36
BSE,SURYALAXMI,INE713B01026,B,55.90,59.90,55.90,59.00,54.02,529,30937.00,14
BSE,SURYAROSNI,INE335A01020,A,256.25,264.95,252.30,263.00,249.65,59341,15346206.00,1499
BSE,SURYODAY,INE428Q01011,B,167.80,169.80,165.70,169.65,165.05,21845,3663490.00,276
BSE,SUTLEJTEX,INE645H01027,B,35.00,36.20,35.00,36.14,35.47,4584,162207.00,46
BSE,SUVEN,INE495B01038,B,265.95,273.30,265.00,268.60,263.25,57599,15566702.00,937
BSE,SUVIDHAA,INE018401013,B,2.56,2.74,2.56,2.66,2.69,31914,85145.00,63
BSE,SUYOG,INE442P01014,B,692.00,700.00,681.00,696.70,671.05,184,127432.00,30
BSE,SUZLON,INE040H01021,A,53.99,55.19,53.80,55.09,53.25,3339321,182285952.00,10084
BSE,SVAMSOF,INE119B01018,XT,5.05,5.57,5.05,5.57,5.31,10997,58603.00,34
BSE,SVARTCORP,INE895A01023,X,3.58,3.88,3.58,3.78,3.57,60494,223988.00,145
BSE,SVCIND,INE038B01010,X,2.25,2.30,2.25,2.28,2.25,198012,451234.00,72
BSE,SVGLOBAL,INE159L01013,X,129.65,147.45,129.65,142.95,129.00,7,982.00,5
BSE,SVJ,INE0JZS01010,M,382.50,382.50,382.50,382.50,370.00,250,95625.00,1
BSE,SVPGLOB,INE308E01029,T,3.99,4.05,3.71,3.92,3.89,36953,146048.00,20
BSE,SVRL,INE0HLJ01013,MT,255.00,256.00,255.00,256.00,254.95,3500,893475.00,5
BSE,SVS,INE0MID01012,M,5.66,5.87,5.66,5.66,5.70,72000,408780.00,4
BSE,SWADEIN,INE716M01034,XT,92.99,92.99,91.30,91.30,93.16,913,83375.00,21
BSE,SWADPOL,INE243N01029,X,36.37,36.37,35.04,35.59,35.66,1441,51229.00,28
BSE,SWAGTAM,INE150R01019,X,62.75,62.75,62.75,62.75,66.01,163,10228.00,3
BSE,SWANAGRO,INE0GEN01012,M,41.49,41.49,41.49,41.49,41.50,2000,82980.00,1
BSE,SWANCORP,INE665A01038,A,314.50,317.80,312.30,316.55,312.45,55165,17381206.00,825
BSE,SWANDEF,INE542F01020,T,1998.00,2040.00,1960.00,1968.70,1966.80,522,1037647.00,61
BSE,SWARAJENG,INE277A01016,B,3738.20,3738.20,3679.05,3716.85,3685.50,653,2421727.00,171
BSE,SWARNSAR,INE967A01012,X,32.56,33.00,32.50,32.52,32.55,2063,67270.00,24
BSE,SWASTH,INE0TIR01017,M,17.00,17.00,17.00,17.00,17.00,2400,40800.00,2
BSE,SWASTIKA,INE691C01022,X,64.02,64.02,61.20,63.31,62.76,6043,377162.00,83
BSE,SWASTIKAAL,INE0PTF01017,M,41.50,41.50,41.50,41.50,41.87,10000,415000.00,3
BSE,SWASTIVI,INE804A01025,X,3.70,3.95,3.70,3.86,3.74,33594,126738.00,109
BSE,SWATIPRO,INE210F01016,X,34.43,34.43,32.00,32.71,32.43,1842,60593.00,39
BSE,SWELECTES,INE409B01013,B,618.50,640.35,618.00,632.10,617.65,338,213594.00,48
BSE,SWIGGY,INE00H001014,A,244.45,251.00,243.50,249.90,240.15,382803,94305548.00,2300
BSE,SWISSMLTRY,INE010C01025,X,16.27,16.90,16.20,16.45,16.15,60531,996535.00,354
BSE,SWITCHTE,INE311D01017,X,98.49,98.49,92.50,92.93,93.90,3977,375374.00,26
BSE,SWOJAS,INE295B01016,X,7.83,7.95,7.25,7.66,7.86,26147,196047.00,62
BSE,SWRNASE,INE595G01018,X,86.00,86.00,84.98,84.98,81.99,13,1106.00,3
BSE,SWSOLAR,INE00M201021,A,195.65,211.35,195.35,208.00,193.15,317558,64884267.00,3580
BSE,SYBLY,INE080D01042,Z,1.66,1.66,1.66,1.66,1.64,350,581.00,5
BSE,SYLPH,INE706F01021,XT,0.30,0.30,0.29,0.29,0.30,16563257,4811772.00,1903
BSE,SYMBIOX,INE653R01012,X,1.79,1.79,1.71,1.71,1.68,4727,8234.00,18
BSE,SYMPHONY,INE225D01027,B,668.00,674.60,658.80,670.10,661.55,6368,4240987.00,412
BSE,SYNCOMF,INE312C01025,B,13.97,14.35,13.97,14.29,13.88,143598,2040460.00,424
BSE,SYNGENE,INE398R01022,A,457.90,460.00,449.30,458.60,447.90,34171,15557318.00,1699
BSE,SYRMA,INE0DYJ01015,A,1267.00,1279.80,1250.55,1267.75,1236.40,114913,145274546.00,4436
BSE,SYSCHEM,INE121D01036,X,43.07,43.90,42.35,42.47,43.00,38717,1663004.00,204
BSE,SYSTEMATIC,INE1KLZ01011,MT,186.60,193.90,185.25,185.25,184.70,25200,4758930.00,34
BSE,SYSTMTXC,INE356B01024,B,63.00,66.67,63.00,65.15,63.50,389,25417.00,19
BSE,TAALTECH,INE524T01011,B,3399.00,3399.00,3313.65,3354.90,3399.50,214,717495.00,58
BSE,TACENT,INE149D01011,XT,46.80,46.80,46.80,46.80,44.58,2,93.00,1
BSE,TAHMARENT,INE385D01029,XT,6.51,6.51,6.00,6.09,6.23,8515,52329.00,48
BSE,TAINWALCHM,INE123C01018,B,200.00,200.00,198.95,200.00,194.50,374,74476.00,19
BSE,TAJGVK,INE586B01026,B,321.45,332.90,320.65,331.10,315.60,9534,3103287.00,284
BSE,TAKE,INE142I01023,T,29.14,30.86,29.14,29.76,29.69,39933,1196267.00,7432
BSE,TAKYON,INE14OX01013,M,20.25,20.90,20.07,20.07,21.12,32000,645160.00,15
BSE,TALBROAUTO,INE187D01029,B,361.05,362.20,354.65,358.25,356.55,3698,1325032.00,183
BSE,TALBROSENG,INE717E01013,X,676.20,684.95,661.00,670.45,668.05,1076,720144.00,76
BSE,TAMBOLIIN,INE864J01012,B,173.25,183.95,173.25,181.25,173.25,93,16234.00,7
BSE,TANAA,INE692C01020,X,279.95,280.85,271.00,276.50,271.85,9676,2656778.00,300
BSE,TANDHANIN,INE896J01014,XT,132.90,132.90,132.90,132.90,130.30,100,13290.00,1
BSE,TANFACIND,INE639B01023,B,1950.00,2052.00,1900.20,2017.85,1918.75,7687,15154008.00,952
BSE,TANLA,INE483C01032,A,502.55,515.35,502.55,513.75,500.85,24599,12534797.00,767
BSE,TAPARIA,INE614R01014,X,29.07,29.07,29.07,29.07,27.69,1101,32006.00,3
BSE,TARAI,INE906C01016,Z,5.31,5.31,5.31,5.31,5.30,300,1593.00,1
BSE,TARAPUR,INE747K01017,B,19.20,19.20,19.20,19.20,18.32,19,364.00,1
BSE,TARC,INE0EK901012,B,122.00,126.20,122.00,124.95,121.25,23102,2870534.00,207
BSE,TARIL,INE763I01026,A,305.90,316.00,305.90,315.35,300.30,105600,32922420.00,2030
BSE,TARINI,INE849M01017,M,8.70,8.70,8.70,8.70,8.69,3000,26100.00,1
BSE,TARMAT,INE924H01018,B,52.10,53.48,51.21,51.37,52.05,548,28527.00,13
BSE,TARSONS,INE144Z01023,B,205.55,208.35,202.15,205.30,201.95,1246,255990.00,82
BSE,TASTYBITE,INE488B01017,B,8250.00,8276.00,8048.00,8164.00,8004.65,112,913544.00,56
BSE,TATACAP,INE976I01016,A,322.60,328.05,322.50,325.95,321.35,540009,175785002.00,3697
BSE,TATACHEM,INE092A01019,A,758.90,762.60,742.00,746.60,741.00,67396,50741977.00,1968
BSE,TATACOMM,INE151A01013,A,1978.00,1978.00,1942.85,1965.00,1965.55,15656,30713706.00,1308
BSE,TATACONSUM,INE192A01025,A,1115.55,1118.00,1097.00,1100.15,1109.10,55782,61494160.00,3311
BSE,TATAELXSI,INE670A01012,A,4059.50,4074.95,4014.85,4064.50,4008.80,10543,42767675.00,1366
BSE,TATAINVEST,INE672A01026,A,648.00,677.70,643.85,665.75,635.55,65064,43174074.00,2497
BSE,TATAPOWER,INE245A01021,A,396.95,396.95,388.05,393.60,390.25,345559,135353409.00,7765
BSE,TATASTEEL,INE081A01020,A,199.50,200.55,195.75,197.85,198.00,1434680,282803857.00,27653
BSE,TATATECH,INE142M01025,A,744.50,763.25,737.80,760.90,730.35,551090,411140055.00,3616
BSE,TATIAGLOB,INE083G01031,X,2.37,2.40,2.32,2.38,2.37,28282,67027.00,112
BSE,TATVA,INE0GK401011,B,1164.65,1214.00,1164.30,1204.25,1153.55,3377,4035630.00,361
BSE,TBOTEK,INE673O01025,A,1256.10,1370.00,1256.10,1361.20,1255.25,14598,19130600.00,1208
BSE,TBZ,INE760L01018,B,169.00,189.35,168.85,183.90,165.90,225401,41258578.00,2900
BSE,TCC,INE887D01016,B,355.50,360.05,355.50,357.85,356.35,755,270492.00,147
BSE,TCFCFINQ,INE389D01013,X,26.80,27.21,25.28,26.17,26.80,1887,49822.00,73
BSE,TCI,INE688A01022,B,924.00,938.95,924.00,933.50,924.80,504,469954.00,65
BSE,TCIEXP,INE586V01016,B,504.75,519.80,499.50,516.75,505.60,1094,558562.00,101
BSE,TCIFINANCE,INE911B01018,T,26.38,26.38,26.38,26.38,25.13,5656,149205.00,34
BSE,TCIIND,INE920B01019,X,1501.00,1547.95,1501.00,1547.95,1510.00,365,564767.00,6
BSE,TCMLMTD,INE034F01010,X,46.00,46.90,45.00,45.59,44.64,2808,128237.00,55
BSE,TCPLPACK,INE822C01015,B,2492.60,2532.05,2492.60,2530.90,2454.95,65,163445.00,13
BSE,TCS,INE467B01029,A,2150.10,2167.50,2138.60,2161.50,2135.30,101685,218930062.00,7802
BSE,TDPOWERSYS,INE419M01027,A,1153.60,1200.00,1135.00,1192.70,1125.55,74948,87121326.00,3581
BSE,TDSL,INE773Y01014,XT,4.16,4.16,4.14,4.16,3.97,7848,32641.00,29
BSE,TEAM24,INE601A01017,X,29.85,29.90,28.42,29.41,29.19,1357,39398.00,30
BSE,TEAMGTY,INE289C01025,B,246.00,246.00,240.60,241.25,240.80,136,32868.00,28
BSE,TEAMLEASE,INE985S01024,B,1440.00,1440.00,1401.80,1406.10,1408.05,682,960351.00,89
BSE,TECHKGREEN,INE0P4P01011,M,140.20,142.90,140.00,141.05,142.90,1200,169240.00,3
BSE,TECHM,INE669C01036,A,1486.65,1486.65,1424.90,1429.40,1464.75,92141,132300775.00,4850
BSE,TECHNICHEM,INE0ZHT01012,M,36.63,36.64,36.63,36.64,38.55,4000,146540.00,2
BSE,TECHNOE,INE285K01026,A,1015.30,1045.60,1015.30,1038.95,1009.75,29020,29959722.00,1948
BSE,TECHNOPACK,INE0MXP01015,M,11.70,12.99,11.70,12.99,11.70,12000,148360.00,3
BSE,TECHNVISN,INE314H01012,B,5397.95,5398.00,5397.95,5398.00,5228.50,51,275297.00,3
BSE,TECILCHEM,INE014B01011,B,11.45,11.45,11.10,11.12,11.63,277,3088.00,14
BSE,TEEAI,INE757D01011,X,115.00,118.80,112.40,114.20,114.95,93,10634.00,25
BSE,TEGA,INE011K01018,A,1739.90,1764.65,1704.00,1760.25,1683.95,1972,3419458.00,203
BSE,TEJASNET,INE010J01012,A,582.75,602.60,575.00,598.85,573.30,639261,377516803.00,11281
BSE,TEJASSVI,INE173E01019,XT,39.79,39.79,39.79,39.79,39.02,1,39.00,1
BSE,TEJNAKSH,INE030T01027,X,14.20,14.90,13.55,14.18,13.78,8222,116356.00,29
BSE,TELECANOR,INE381G01013,X,16.89,17.20,16.02,16.66,16.51,8903,149334.00,51
BSE,TELGE,INE0SRP01014,M,113.10,113.10,111.25,111.80,115.00,13200,1485120.00,9
BSE,TELOGICA,INE778I01024,XT,10.00,10.70,9.77,9.87,10.20,8520,85320.00,46
BSE,TENNIND,INE19RI01016,B,574.10,577.90,567.95,573.30,560.80,109108,62686587.00,4007
BSE,TERAI,INE390D01011,X,103.30,110.00,103.30,109.90,103.25,39,4193.00,5
BSE,TERASOFT,INE482B01010,B,427.00,435.00,416.50,422.70,415.95,801,338139.00,93
BSE,TEXELIN,INE594V01028,X,61.49,63.99,60.00,61.89,59.42,15223,944861.00,97
BSE,TEXINFRA,INE435C01024,B,99.34,99.76,98.27,99.00,98.00,1861,184087.00,43
BSE,TEXMOPIPES,INE141K01013,B,44.28,44.50,44.00,44.38,43.17,4523,200172.00,98
BSE,TEXRAIL,INE621L01012,A,101.30,106.20,101.30,105.90,101.00,310817,32527884.00,2030
BSE,TFCILTD,INE305A01023,B,75.49,75.66,74.51,74.72,73.85,96304,7212726.00,226
BSE,TFL,INE804H01012,B,12.14,13.70,11.93,11.93,12.39,94,1150.00,3
BSE,TFSL,INE761R01013,XT,42.00,42.00,42.00,42.00,41.33,1251,52542.00,4
BSE,TGBHOTELS,INE797H01018,B,9.15,9.15,8.65,8.79,8.90,5466,48298.00,58
BSE,TGIF,INE0SMU01015,M,94.95,95.00,94.95,95.00,90.50,3600,341940.00,3
BSE,TGVSL,INE284B01028,B,108.05,108.90,106.75,107.95,107.00,81245,8744942.00,507
BSE,THACKER,INE077P01034,T,1150.00,1160.00,1114.60,1159.50,1173.25,55,62554.00,18
BSE,THAKRAL,INE190F01028,X,13.40,13.40,13.40,13.40,12.77,1253,16790.00,8
BSE,THANGAMAYL,INE085J01014,A,5495.45,5559.90,5300.00,5474.40,5411.15,3977,21647623.00,872
BSE,THEINVEST,INE924D01017,B,93.00,100.00,91.95,97.20,93.00,6206,592001.00,121
BSE,THELEELA,INE0AQ201015,B,410.95,431.40,409.55,429.80,407.70,24063,10262806.00,861
BSE,THEMISMED,INE083B01024,B,102.75,105.00,102.30,104.25,100.20,2649,275100.00,82
BSE,THERMAX,INE152A01029,A,4585.00,4745.00,4584.95,4727.25,4572.20,74852,350476076.00,3895
BSE,THINKINK,INE365S01045,XT,0.20,0.20,0.19,0.19,0.19,1732735,332472.00,261
BSE,THOMASCOOK,INE332A01027,A,110.22,112.09,108.50,109.72,108.13,130929,14477721.00,1295
BSE,THOMASCOTT,INE480M01011,B,258.35,258.55,253.40,257.90,251.70,3230,827031.00,96
BSE,THREEMPAPE,INE0UK501010,M,26.01,26.01,26.00,26.00,26.10,48000,1248040.00,5
BSE,THRIVE,INE628D01014,X,90.00,90.00,86.00,88.65,87.40,7137,632029.00,49
BSE,THYROCARE,INE594H01019,B,522.60,538.25,522.60,528.65,519.90,40192,21170480.00,1059
BSE,TI,INE133E01013,A,436.30,437.45,426.00,434.15,427.60,14098,6088379.00,407
BSE,TICL,INE388G01026,B,21.50,21.50,20.45,20.50,21.00,15907,331585.00,161
BSE,TIERRA,INE05CY01014,X,40.99,41.12,39.10,40.37,40.72,809,31990.00,27
BSE,TIGERLOGS,INE906O01029,T,34.08,35.00,34.05,34.84,35.00,3766,130351.00,62
BSE,TIGLOB,INE811B01010,X,160.30,167.00,160.10,160.40,160.60,1359,217771.00,18
BSE,TIHIL,INE502D01011,X,4.49,4.72,4.35,4.66,4.50,101474,460480.00,140
BSE,TIIL,INE545H01011,B,2512.00,2520.20,2494.70,2504.15,2509.10,173,434128.00,42
BSE,TIINDIA,INE974X01010,A,2980.60,3169.90,2980.60,3139.55,2975.30,6974,21489584.00,1134
BSE,TIJARIA,INE440L01017,B,4.57,4.57,4.31,4.42,4.57,5352,23584.00,31
BSE,TIL,INE806C01018,B,183.00,183.90,180.00,182.10,180.05,1786,323326.00,73
BSE,TILAK,INE026L01022,XT,1.15,1.18,1.15,1.16,1.16,510157,592092.00,360
BSE,TIMESGREEN,INE0B6101012,M,50.00,51.50,49.99,51.10,50.00,112000,5742480.00,10
BSE,TIMETECHNO,INE508G01029,A,166.50,170.90,165.05,170.15,163.05,44403,7452419.00,886
BSE,TIMEX,INE064A01026,B,462.70,497.00,459.00,493.65,455.55,286775,138302974.00,3798
BSE,TIMKEN,INE325A01013,A,3512.50,3598.95,3512.50,3534.85,3514.50,1543,5484948.00,370
BSE,TINNARUBR,INE015C01016,B,871.95,878.85,848.20,851.40,867.10,6186,5334865.00,368
BSE,TIPCO,INE1U6D01014,MT,152.75,156.90,152.75,155.40,149.45,121600,18966880.00,47
BSE,TIPSFILMS,INE0LQS01015,B,351.00,351.00,344.95,347.15,341.70,55,19114.00,11
BSE,TIPSMUSIC,INE716B01029,A,647.90,648.60,630.05,640.30,637.10,6355,4078334.00,388
BSE,TIRSARJ,INE297J01023,X,8.60,9.00,8.60,8.89,8.74,6261,53954.00,21
BSE,TIRTPLS,INE008N01018,X,30.14,31.60,28.65,28.67,30.14,5252,153375.00,56
BSE,TIRUFOAM,INE115G01015,X,62.50,67.99,62.50,67.99,65.32,3600,225549.00,23
BSE,TIRUMALCHM,INE338A01024,B,165.40,173.00,165.40,171.70,163.30,21435,3637255.00,282
BSE,TIRUPATIIN,INE812Q01016,XT,9.16,9.17,9.16,9.17,8.74,197396,1808595.00,212
BSE,TIRUSTA,INE314D01011,X,123.00,127.95,120.10,127.90,123.95,896,112255.00,21
BSE,TITAANIUM,INE120V01014,MT,24.50,24.50,23.12,23.12,24.25,5000,116990.00,5
BSE,TITAGARH,INE615H01020,A,833.50,860.80,831.65,856.40,822.05,53393,45229887.00,1674
BSE,TITAN,INE280A01028,A,4050.15,4200.00,4050.15,4187.05,4024.90,30729,126921108.00,4865
BSE,TITANBIO,INE150C01029,XT,442.35,458.00,430.00,444.75,442.40,50371,22630284.00,685
BSE,TITANIN,INE807M01031,X,1.00,1.03,0.97,0.97,1.00,10295017,10242564.00,1489
BSE,TITANSEC,INE090D01017,X,41.97,43.61,41.97,42.53,41.97,29263,1244660.00,138
BSE,TLL,INE0MKA01014,M,259.95,259.95,245.00,248.60,241.15,53400,13375710.00,55
BSE,TMB,INE668A01016,A,769.00,777.60,758.40,767.85,767.35,7846,6014402.00,436
BSE,TMCV,INE1TAE01010,B,363.45,397.90,361.70,391.35,358.40,2442048,926451172.00,48366
BSE,TMPV,INE155A01022,A,380.00,392.65,379.00,389.40,375.80,299300,114858221.00,5734
BSE,TNPETRO,INE148A01019,B,89.99,91.14,89.41,90.51,89.96,16470,1480707.00,131
BSE,TNPL,INE107A01015,B,145.20,145.90,143.05,144.65,143.20,963,139139.00,75
BSE,TNTELE,INE141D01018,B,10.49,10.49,8.60,9.12,8.93,6308,56227.00,29
BSE,TOKYOFIN,INE546D01018,X,20.00,20.00,20.00,20.00,20.25,47,940.00,3
BSE,TOLINS,INE0RWQ01014,B,100.40,102.70,98.95,102.10,98.20,6935,697886.00,324
BSE,TORNTPHARM,INE685A01028,A,4634.75,4664.95,4562.55,4574.95,4570.00,13748,63518194.00,2951
BSE,TORNTPOWER,INE813H01021,A,1385.00,1398.70,1371.85,1392.55,1374.95,7629,10563711.00,449
BSE,TOTEM,INE0TT901016,X,148.95,148.95,143.10,146.05,143.95,11912,1730606.00,220
BSE,TOYAMSL,INE457P01020,X,0.75,0.75,0.73,0.73,0.74,358895,264067.00,206
BSE,TPHQ,INE065J01024,B,0.49,0.50,0.48,0.49,0.49,149170,73296.00,81
BSE,TPINDIA,INE578C01021,X,14.72,14.72,13.65,14.00,14.06,26029,366337.00,60
BSE,TPLPLASTEH,INE413G01022,B,65.99,68.32,65.69,66.64,64.79,3783,251128.00,140
BSE,TPROJECT,INE901C01017,X,3.81,4.20,3.81,4.20,3.81,2707,10314.00,11
BSE,TRABI,INE773D01018,X,2.97,3.08,2.90,2.94,2.97,14229,41978.00,61
BSE,TRACXN,INE0HMF01019,B,34.49,34.49,30.80,31.39,30.80,7009,218711.00,134
BSE,TRADEUNO,INE1GUJ01014,M,94.45,94.50,90.00,94.50,91.00,8400,774540.00,7
BSE,TRANSCHEM,INE019B01010,XT,261.45,288.00,261.45,266.45,275.20,7810,2086641.00,105
BSE,TRANSCOR,INE330E01023,X,27.25,27.25,25.75,27.00,26.42,8697,232585.00,34
BSE,TRANSFD,INE213P01027,X,490.75,490.75,489.95,489.95,467.40,2,980.00,2
BSE,TRANSFRE,INE360D01014,X,21.52,22.50,21.49,21.73,22.64,6871,148066.00,35
BSE,TRANSPACT,INE06YD01010,TS,200.35,200.35,200.35,200.35,200.50,6500,1302275.00,3
BSE,TRANSPEK,INE687A01016,B,989.05,1038.40,981.90,1025.60,977.55,4591,4604103.00,316
BSE,TRANSRAILL,INE454P01035,A,468.80,480.00,468.80,476.95,466.75,38161,18075189.00,1260
BSE,TRANSWORLD,INE757B01015,B,159.40,162.90,159.05,162.35,157.95,771,124817.00,31
BSE,TRAVELFOOD,INE103V01028,B,1217.00,1255.00,1213.70,1244.70,1215.60,7116,8804018.00,786
BSE,TRAVELS,INE0SG001011,MT,12.95,12.95,11.74,11.74,12.35,78000,923640.00,26
BSE,TREEHOUSE,INE040M01013,B,7.30,7.37,6.75,7.09,6.99,13149,94960.00,25
BSE,TREJHARA,INE00CA01015,B,138.05,142.55,136.70,141.80,136.65,2505,352030.00,116
BSE,TREL,INE0O3901029,B,25.90,25.90,25.00,25.34,25.90,18332,464174.00,218
BSE,TRENT,INE849A01020,A,2737.15,2785.90,2722.30,2754.75,2711.80,37120,102152108.00,3891
BSE,TRESCON,INE088D01011,X,8.53,9.95,8.53,9.11,8.77,5585,49491.00,37
BSE,TRF,INE391D01019,B,227.00,229.60,221.00,227.50,220.65,6325,1429664.00,97
BSE,TRICOMFRU,INE843F01014,XT,1.81,1.89,1.80,1.89,1.80,1059,1924.00,9
BSE,TRIDENT,INE064C01022,A,23.79,24.24,23.74,24.19,23.57,569499,13653548.00,2117
BSE,TRIGYN,INE948A01012,B,56.00,56.00,53.77,55.17,54.51,2497,135756.00,45
BSE,TRILIANCE,INE778N01016,XT,49.45,49.45,46.06,46.06,48.48,360,16615.00,3
BSE,TRINITYLEA,INE884X01011,X,10.66,10.66,10.35,10.35,10.88,6,62.00,3
BSE,TRIOMERC,INE234G01022,XT,1.71,1.87,1.71,1.87,1.79,1078907,1934025.00,139
BSE,TRISHAKT,INE238C01022,X,159.00,159.00,156.60,157.70,156.00,6156,976109.00,76
BSE,TRITONV,INE440G01017,X,1030.00,1083.00,1025.05,1073.10,1019.90,13682,14382312.00,384
BSE,TRITURBINE,INE152M01016,A,642.55,673.00,642.55,671.40,640.80,83297,55158534.00,2220
BSE,TRIUMPIN,INE382B01012,XT,16.00,16.30,16.00,16.30,16.54,22,352.00,4
BSE,TRIVENI,INE256C01024,A,384.00,387.95,379.65,385.65,382.65,21556,8248276.00,514
BSE,TRIVENIENT,INE916P01025,X,1.05,1.11,1.05,1.06,1.05,2168,2314.00,16
BSE,TRIVENIGQ,INE094C01011,X,6.81,6.89,6.81,6.88,6.78,3025,20655.00,15
BSE,TRL,INE459Z01017,B,94.69,94.69,87.99,89.69,88.47,7692,691455.00,238
BSE,TRU,INE615R01029,B,6.00,6.00,5.60,5.70,5.85,14910,85945.00,58
BSE,TRUALT,INE0MWH01014,B,509.05,511.75,495.00,502.45,499.15,20705,10419018.00,558
BSE,TRUECOLORS,INE1LDV01015,M,137.00,140.10,135.00,139.55,133.45,86400,11976060.00,111
BSE,TRUEGREEN,INE672K01025,XT,185.65,185.65,185.65,185.65,182.05,6786,1259820.00,32
BSE,TRUSTEDGE,INE398H01015,X,142.00,142.00,142.00,142.00,142.00,40,5680.00,2
BSE,TSPIRITUAL,INE541C01037,X,1.63,1.63,1.63,1.63,1.56,2178,3550.00,7
BSE,TTC,INE0XAY01012,M,241.00,251.80,225.55,233.20,260.00,15000,3535620.00,21
BSE,TTFL,INE071Y01013,B,40.55,40.55,38.40,40.48,38.62,48837,1956016.00,252
BSE,TTGIL,INE135H01029,X,8.55,8.60,8.25,8.50,8.49,34046,283554.00,65
BSE,TTIENT,INE404F01031,XT,8.47,8.47,8.19,8.44,8.18,7494,61796.00,13
BSE,TTKHLTCARE,INE910C01018,B,886.00,897.50,883.35,897.50,883.35,4,3552.00,4
BSE,TTKPRESTIG,INE690A01028,A,538.35,540.95,525.20,536.35,531.90,5478,2908824.00,274
BSE,TTL,INE592B01024,B,7.15,7.37,6.79,6.81,7.15,19219,131514.00,114
BSE,TTML,INE517B01013,A,42.53,47.85,42.27,46.43,42.18,3412528,158049616.00,10160
BSE,TULASEEBIOE,INE276N01011,ZP,41.14,41.14,41.14,41.14,39.19,100,4114.00,1
BSE,TULIVE,INE637D01015,XT,1178.00,1178.00,1178.00,1178.00,1178.00,10,11780.00,2
BSE,TULSYAN,INE463D01016,XT,35.17,35.17,35.17,35.17,33.50,198,6963.00,3
BSE,TUNITEX,INE560D01027,X,1.04,1.07,1.04,1.06,1.04,300281,317054.00,168
BSE,TUSALDAH,INE319M01011,XT,135.40,142.50,135.40,135.40,142.50,3026,431041.00,9
BSE,TUTIALKA,INE400A01014,X,54.00,54.00,52.20,53.16,53.56,19021,1014234.00,132
BSE,TVSELECT,INE236G01019,B,438.50,459.75,438.50,456.75,436.95,6406,2887952.00,286
BSE,TVSHLTD,INE105A01035,A,13394.95,13394.95,13225.70,13314.80,13324.15,121,1610956.00,83
BSE,TVSMOTOR,INE494B01023,A,3343.30,3365.00,3267.00,3319.10,3287.10,17306,57249424.00,3347
BSE,TVSSCS,INE395N01027,A,122.00,131.55,121.50,131.55,119.60,68627,8822674.00,630
BSE,TVSSRICHAK,INE421C01016,B,3917.90,4039.35,3837.05,3988.95,3879.00,601,2380200.00,174
BSE,TVTODAY,INE038F01029,B,105.95,108.00,103.60,105.90,105.05,4724,494759.00,95
BSE,TVVISION,INE871L01013,B,4.80,5.34,4.80,5.27,5.16,13661,66785.00,39
BSE,TYCHE,INE443B01012,X,127.95,127.95,124.10,126.85,123.00,1693,213232.00,32
BSE,TYROON,INE945B01016,X,86.43,86.43,86.35,86.35,89.31,290,25045.00,4
BSE,UBL,INE686F01025,A,1328.05,1359.40,1325.10,1351.10,1320.55,4529,6079407.00,487
BSE,UCAL,INE139B01016,B,99.51,101.10,98.00,100.98,99.50,279,27785.00,12
BSE,UCIL,INE926R01012,X,89.50,89.50,89.49,89.50,85.24,332732,29779513.00,61
BSE,UCOBANK,INE691A01018,A,25.41,26.04,25.28,25.97,25.10,334256,8603897.00,824
BSE,UDAYJEW,INE551B01012,X,159.95,159.95,146.00,149.10,150.00,700,104184.00,30
BSE,UDS,INE851I01011,B,186.85,191.20,181.15,182.50,183.90,36030,6676414.00,473
BSE,UEL,INE899L01030,B,140.50,144.65,139.70,140.15,143.95,682,96370.00,119
BSE,UFBL,INE382M01027,B,568.30,600.60,558.80,594.50,555.00,18643,10940050.00,714
BSE,UFLEX,INE516A01017,B,424.00,424.00,413.20,417.50,405.75,2861,1191754.00,194
BSE,UFO,INE527H01019,B,71.84,72.09,71.35,71.62,71.84,1704,122067.00,25
BSE,UGARSUGAR,INE071E01023,B,39.30,40.19,39.00,39.46,39.00,6739,264476.00,76
BSE,UGROCAP,INE583D01011,B,93.98,95.83,93.36,95.57,92.55,7345,694411.00,63
BSE,UHZAVERI,INE556Z01010,B,12.31,13.50,12.31,13.00,12.90,19064,242922.00,43
BSE,UJJIVANSFB,INE551W01018,A,53.92,55.00,53.75,54.84,53.22,347983,18957490.00,2887
BSE,ULTRACAB,INE010R01023,X,7.20,7.50,6.37,7.18,7.20,306321,2126192.00,543
BSE,ULTRACEMCO,INE481G01011,A,10891.15,11151.00,10850.00,11107.95,10833.85,20732,226872769.00,3292
BSE,ULTRAMAR,INE405A01021,B,377.00,394.95,372.65,378.80,376.85,5353,2016482.00,478
BSE,UMAEXPORTS,INE0GIU01018,T,22.25,23.10,22.00,23.09,22.00,2439,54956.00,26
BSE,UMESLTD,INE240C01028,T,5.75,5.77,5.47,5.47,5.57,1403,7681.00,5
BSE,UMIYA,INE173U01015,X,38.92,38.98,37.00,37.49,38.55,11602,436093.00,58
BSE,UMIYA-MRO,INE398B01018,B,87.00,87.99,86.51,87.99,86.13,809,70739.00,7
BSE,UML,INE1P1A01018,M,48.00,50.00,48.00,50.00,48.00,14000,683600.00,7
BSE,UNIABEXAL,INE361D01012,XT,4188.00,4230.00,4005.00,4211.20,4035.10,1430,5956604.00,195
BSE,UNIAUTO,INE203T01012,B,55.95,55.95,51.12,52.10,52.42,4230,221182.00,59
BSE,UNICHEMLAB,INE351A01035,B,449.95,463.50,439.05,446.10,461.70,168340,76448730.00,3252
BSE,UNIDT,INE961D01019,T,231.50,232.00,226.90,227.15,238.80,1235,281604.00,24
BSE,UNIECOM,INE00U401027,B,91.60,94.50,89.06,90.23,91.13,281043,25969006.00,2291
BSE,UNIENTER,INE037A01022,B,108.00,108.00,102.00,102.55,102.30,139,14251.00,11
BSE,UNIFIED,INE1ABX01018,M,370.00,380.00,361.50,363.65,361.60,38400,14142340.00,81
BSE,UNIMECH,INE0U3I01011,B,1098.45,1187.10,1098.40,1161.25,1079.20,66351,77756069.00,2574
BSE,UNIONBANK,INE692A01016,A,166.75,170.30,166.35,170.00,164.55,611531,103064964.00,5072
BSE,UNIPARTS,INE244O01017,B,659.75,662.95,640.10,659.00,637.10,8185,5374934.00,483
BSE,UNIQUEO,INE333E01019,X,94.00,94.75,83.40,89.80,89.05,6645,584893.00,107
BSE,UNIROYAL,INE980D01019,X,19.50,20.06,19.05,19.52,19.86,1453,28644.00,18
BSE,UNISON,INE099D01026,XT,0.87,0.91,0.87,0.88,0.89,308969,276826.00,234
BSE,UNITDCR,INE858C01027,X,27.00,27.00,27.00,27.00,28.25,91,2457.00,1
BSE,UNITDSPR,INE854D01024,A,1265.00,1277.05,1261.80,1272.35,1258.15,828307,1049300190.00,1891
BSE,UNITECH,INE694A01020,B,4.67,4.87,4.66,4.77,4.67,760325,3624905.00,553
BSE,UNITEDINT,INE706D01018,X,74.99,74.99,74.99,74.99,72.11,1,74.00,1
BSE,UNITEDPOLY,INE368U01029,T,33.75,33.75,32.50,33.45,33.28,6855,226867.00,29
BSE,UNITINT,INE929K01011,Z,3.69,3.77,3.51,3.69,3.69,970,3462.00,12
BSE,UNIVARTS,INE464B01018,X,5.94,5.94,5.00,5.30,5.00,1034,5188.00,8
BSE,UNIVCABLES,INE279A01012,B,1154.15,1198.95,1154.15,1178.75,1135.15,8789,10370725.00,837
BSE,UNIVSTAR,INE113E01015,X,213.90,213.90,204.10,204.10,201.35,67,13775.00,9
BSE,UNJHAFOR,INE576D01015,X,18.55,19.70,18.55,19.70,19.70,260,4892.00,6
BSE,UNOMINDA,INE405E01023,A,1073.35,1085.20,1032.00,1057.60,1067.80,174149,184822001.00,4422
BSE,UNRYLMA,INE602H01010,X,12.80,12.80,12.80,12.80,13.10,24,307.00,2
BSE,UNTTEMI,INE357P01014,P,34.20,34.20,34.20,34.20,34.20,50,1710.00,1
BSE,UPHOT,INE726E01014,X,1440.00,1499.00,1440.00,1450.00,1430.00,45,65965.00,7
BSE,UPL,INE628A01036,A,597.05,614.75,597.05,610.00,594.00,46555,28261602.00,2087
BSE,UPROTECH,INE448F01012,XT,22.20,22.20,20.33,22.00,21.39,2394,48845.00,18
BSE,UPSURGE,INE890B01014,X,59.94,59.99,58.25,58.27,59.94,9964,581117.00,35
BSE,URAVIDEF,INE568Z01015,B,118.50,119.15,112.00,114.40,113.80,484,55295.00,46
BSE,URBANCO,INE0CAZ01013,B,124.00,126.95,124.00,126.25,122.90,98723,12424482.00,940
BSE,URJA,INE550C01020,B,10.13,10.62,10.13,10.34,10.13,96331,991536.00,478
BSE,URSUGAR,INE904R01027,B,2.97,2.97,2.67,2.71,2.84,476038,1311281.00,189
BSE,USGTECH,INE718B01017,XT,14.36,14.36,14.36,14.36,14.65,1615,23191.00,7
BSE,USHAKIRA,INE697C01011,X,31.78,32.02,31.78,32.00,33.45,88,2814.00,7
BSE,USHAMART,INE228A01035,A,481.55,491.00,481.55,486.40,480.05,12770,6212646.00,733
BSE,USK,INE0N0Y01013,B,24.01,24.48,23.77,24.39,23.88,2493,60105.00,18
BSE,UTIAMC,INE094J01016,A,919.35,931.60,915.05,924.60,915.70,4428,4077856.00,428
BSE,UTIQUE,INE096A01010,X,3.86,4.08,3.86,3.91,3.96,4479,17690.00,47
BSE,UTKARSHBNK,INE735W01017,B,12.41,13.14,12.41,13.10,12.39,453847,5841969.00,751
BSE,UTLINDS,INE184E01024,X,1.79,1.93,1.75,1.76,1.76,53611,98344.00,89
BSE,UTLSOLAR,INE12UR01024,T,299.00,319.55,291.30,309.95,304.35,20685,6447089.00,499
BSE,UTTAMSUGAR,INE786F01031,B,233.25,233.70,229.50,230.70,231.20,817,188701.00,46
BSE,UVDRHOR,INE890G01047,XT,39.18,39.97,39.18,39.97,39.97,5291,210496.00,31
BSE,UVS,INE528C01018,X,96.30,98.00,92.35,95.15,98.60,72381,6902757.00,138
BSE,UYFINCORP,INE152C01025,B,14.69,14.69,14.15,14.25,14.10,2754,39666.00,29
BSE,V2RETAIL,INE945H01021,B,221.55,226.35,217.80,223.90,215.25,57910,12901273.00,797
BSE,VAARAD,INE418B01048,X,10.05,10.05,9.82,9.83,9.14,133,1320.00,13
BSE,VADILALIND,INE694D01016,B,5841.05,6125.00,5841.05,6012.05,5933.15,1544,9314208.00,297
BSE,VADILENT,INE693D01018,X,9801.00,9895.00,9800.00,9880.00,9800.00,7,68776.00,7
BSE,VAHH,INE0H3U01013,MT,63.18,67.90,63.18,63.18,66.50,212000,13480320.00,80
BSE,VAIBHAVGBL,INE884A01027,B,229.00,233.95,227.50,230.20,223.55,16265,3755392.00,425
BSE,VAKRANGEE,INE051B01021,B,6.01,6.50,6.01,6.20,6.06,124362,763372.00,391
BSE,VALENCIA,INE08RT01016,MS,60.99,60.99,60.97,60.98,58.00,6000,365880.00,4
BSE,VALIANT,INE760B01019,X,1206.35,1224.80,1126.95,1208.00,1191.40,11970,14202469.00,841
BSE,VALIANTLAB,INE0JWS01017,T,67.20,69.90,67.20,69.80,67.18,1468,101586.00,20
BSE,VALIANTORG,INE565V01010,B,267.05,281.90,267.05,278.65,266.50,1377,375393.00,111
BSE,VALINDIA,INE130701019,M,16.01,16.11,16.01,16.09,16.21,10800,173460.00,8
BSE,VALLABHSQ,INE457E01016,X,11.73,11.73,11.68,11.68,11.45,505,5898.00,5
BSE,VALPLAST,INE0QP701017,M,43.27,44.00,43.27,44.00,46.50,6000,262540.00,3
BSE,VALSONQ,INE808A01018,X,30.72,30.73,27.32,27.32,27.35,2124,62951.00,19
BSE,VAMA,INE685D01022,X,3.79,3.87,3.70,3.87,3.78,22985,86715.00,70
BSE,VAMSHIRU,INE380C01014,X,40.90,40.90,40.50,40.50,40.80,110,4457.00,6
BSE,VANDAN,INE0RDJ01019,M,30.00,30.02,29.00,29.06,31.00,34800,1021872.00,26
BSE,VANDU,INE0RH001011,M,52.00,52.00,52.00,52.00,55.50,32000,1664000.00,3
BSE,VANICOM,INE661Q01017,X,9.08,9.08,8.43,8.79,8.95,2144,18262.00,12
BSE,VANTABIO,INE695X01011,MT,22.26,23.12,22.26,23.12,22.02,2250,51375.00,3
BSE,VAPIENTER,INE464D01014,X,95.60,95.60,95.60,95.60,95.40,262,25047.00,11
BSE,VARDMNPOLY,INE835A01029,B,6.81,7.25,6.81,7.15,6.92,19138,134234.00,102
BSE,VARIMAN,INE717F01028,XT,3.89,4.05,3.89,3.90,3.89,64123,254061.00,85
BSE,VARROC,INE665L01035,A,572.45,573.00,565.30,570.35,560.40,1523,865485.00,106
BSE,VARYAA,INE0R6801013,M,27.21,27.70,27.21,27.70,30.00,2000,54910.00,2
BSE,VASCONEQ,INE893I01013,T,34.00,34.99,33.09,34.52,34.83,67626,2309026.00,403
BSE,VASHISHTHA,INE0WRP01016,M,80.00,80.00,76.95,76.95,81.00,15600,1205052.00,11
BSE,VASUPRADA,INE574G01013,X,93.30,94.00,93.30,94.00,93.20,108,10090.00,4
BSE,VASWANI,INE590L01019,B,57.00,61.00,57.00,60.23,58.16,2756,165800.00,56
BSE,VBIND,INE334E01017,X,6.50,7.19,6.00,6.45,6.55,5860,37932.00,38
BSE,VBL,INE200M01039,A,529.05,529.40,517.90,522.10,519.75,50212,26212573.00,1813
BSE,VCU,INE962O01014,XT,8.32,8.32,8.06,8.24,8.06,16353,134103.00,63
BSE,VEDANTASSET,INE0NC801013,MT,45.50,45.50,45.50,45.50,44.10,6000,273000.00,4
BSE,VEDAVAAG,INE359B01010,X,19.06,19.82,19.06,19.62,19.41,8282,162125.00,61
BSE,VEDL,INE205A01025,A,314.80,314.80,303.55,309.50,305.05,1484318,458304559.00,20621
BSE,VEEDOL,INE484C01030,B,1423.45,1432.30,1409.20,1413.80,1403.65,917,1302441.00,77
BSE,VEEFIN,INE0Q0M01015,M,310.00,315.00,303.00,306.05,303.80,31800,9784120.00,86
BSE,VEERENRGY,INE255E01030,X,11.96,12.27,11.70,11.99,11.97,11074,132362.00,61
BSE,VEERHEALTH,INE882C01035,X,25.00,25.00,24.60,24.85,24.99,73326,1826707.00,214
BSE,VEL,INE560T01015,X,67.50,67.50,61.10,61.16,63.07,16099,1008799.00,121
BSE,VELHO,INE548D01014,X,6.16,6.35,6.02,6.20,6.29,1628,10010.00,9
BSE,VELJAN,INE232E01013,B,1249.90,1283.90,1235.55,1245.00,1193.40,187,235902.00,51
BSE,VENKEYS,INE398A01010,B,1382.35,1406.55,1365.45,1390.15,1364.70,1578,2179916.00,232
BSE,VENLONENT,INE204D01022,X,5.10,5.10,4.56,4.98,5.05,2868,13168.00,10
BSE,VENMAX,INE154G01022,X,20.90,20.90,20.00,20.00,19.95,1306,26509.00,9
BSE,VENTIVE,INE781S01027,B,605.45,623.50,605.45,618.65,604.25,2508,1545721.00,187
BSE,VENTURA,INE810C01044,X,8.32,8.84,8.32,8.37,8.36,2143,17934.00,19
BSE,VENUSPIPES,INE0JA001018,B,1386.25,1417.95,1369.25,1411.10,1344.55,1055,1467855.00,134
BSE,VENUSREM,INE411B01019,B,1773.85,1802.25,1701.60,1801.25,1716.45,22982,40838232.00,1297
BSE,VERANDA,INE0IQ001011,B,212.60,239.20,212.60,226.85,217.60,19724,4539639.00,466
BSE,VERITAS,INE379J01029,XT,156.25,162.30,156.25,162.30,159.15,3216,520734.00,40
BSE,VERTEX,INE316D01024,X,3.59,3.93,3.59,3.60,3.77,421625,1517165.00,209
BSE,VESUVIUS,INE386A01023,A,445.55,456.55,445.10,454.10,447.70,7770,3516895.00,216
BSE,VETO,INE918N01018,B,145.55,148.00,143.85,145.50,144.50,6287,916526.00,126
BSE,VGCL,INE761Q01015,XT,47.30,49.50,44.94,46.70,47.30,9617,443082.00,60
BSE,VGIL,INE244W01010,T,144.15,144.15,142.50,143.10,144.00,1963,281355.00,21
BSE,VGL,INE273D01027,B,70.00,70.35,69.00,69.29,68.68,7181,500602.00,94
BSE,VGUARD,INE951I01027,A,295.50,299.95,295.05,299.25,293.45,10815,3216272.00,260
BSE,VHL,INE701A01023,B,3369.35,3369.35,3349.30,3366.30,3463.25,106,355281.00,7
BSE,VHLTD,INE048C01025,T,141.90,141.90,136.60,139.00,137.45,2612,360639.00,20
BSE,VICTMILL,INE203D01016,X,5259.00,5260.00,5115.00,5175.00,5150.20,11,57201.00,10
BSE,VIDHIING,INE632C01026,B,288.00,290.10,285.05,285.95,286.00,107,30671.00,22
BSE,VIDYAWIRES,INE14UN01029,B,86.20,89.05,86.20,89.05,84.85,202769,17948998.00,1210
BSE,VIJAYA,INE043W01024,A,1304.30,1304.30,1252.00,1286.90,1278.75,5210,6623318.00,928
BSE,VIJIFIN,INE159N01027,T,3.99,3.99,3.83,3.91,3.97,11303,44069.00,31
BSE,VIJSOLX,INE362D01010,XT,605.75,605.75,590.00,602.00,599.80,98,58788.00,11
BSE,VIKALPS,INE186E01011,X,20.76,20.76,20.76,20.76,20.76,50,1038.00,1
BSE,VIKASECO,INE806A01020,B,1.28,1.28,1.25,1.27,1.25,249755,316055.00,202
BSE,VIKASLIFE,INE161L01027,B,1.43,1.47,1.43,1.46,1.44,352311,510092.00,6820
BSE,VIKASPROP,INE767B01022,Z,0.27,0.29,0.27,0.28,0.28,292019,80484.00,86
BSE,VIKASWSP,INE706A01022,Z,0.97,0.99,0.94,0.96,0.95,117609,113183.00,58
BSE,VIKRAMAR,INE0NR501012,X,63.00,64.30,61.13,63.89,63.00,508,31856.00,30
BSE,VIKRAMSOLR,INE078V01014,B,205.65,210.60,204.30,209.85,202.20,204789,42408951.00,1949
BSE,VIKRAMTH,INE337E01010,X,184.60,193.00,184.60,192.60,184.25,9939,1902696.00,171
BSE,VIKRAN,INE01R501028,B,66.80,70.00,66.80,69.66,66.00,194858,13330109.00,947
BSE,VIMTALABS,INE579C01029,B,531.25,562.00,525.00,554.10,521.05,28030,15411231.00,1108
BSE,VINATIORGA,INE410B01037,A,1310.00,1321.00,1296.90,1303.35,1304.15,2889,3780907.00,359
BSE,VINCOFE,INE498Q01014,B,163.15,165.70,157.45,159.35,159.35,3692940,599208975.00,9333
BSE,VINDHYATEL,INE707A01012,B,2056.55,2139.00,2056.50,2089.40,1976.55,5869,12362604.00,733
BSE,VINEETLAB,INE505Y01010,T,34.89,34.89,33.15,33.22,34.89,5251,175317.00,37
BSE,VINNY,INE01KI01027,B,1.08,1.09,1.07,1.08,1.07,57711,62021.00,45
BSE,VINRKLB,INE092O01028,XT,39.00,39.00,39.00,39.00,39.01,2500,97500.00,6
BSE,VINTAGES,INE153C01015,X,15.40,16.37,15.40,16.37,15.60,51,786.00,3
BSE,VINYLINDIA,INE250B01029,B,243.90,245.00,238.00,243.25,239.15,1452,350529.00,75
BSE,VINYOFL,INE526H01011,X,56.26,56.26,54.00,54.14,52.68,46,2569.00,7
BSE,VIPCLOTHNG,INE450G01024,T,24.88,25.48,24.00,25.48,24.88,11370,277240.00,58
BSE,VIPIND,INE054A01027,A,304.80,318.95,302.60,314.40,297.95,34280,10666797.00,1839
BSE,VIPPYSP,INE660D01017,X,183.70,183.70,172.05,173.45,179.05,317,55379.00,19
BSE,VIPULLTD,INE946H01037,B,9.57,9.92,9.26,9.33,9.51,4896,47107.00,37
BSE,VIPULORG,INE834D01018,X,276.15,285.85,265.00,269.35,278.85,31328,8500462.00,428
BSE,VIRAT,INE467D01017,X,400.00,400.00,390.00,399.85,395.00,573,228961.00,15
BSE,VIRATCRA,INE295C01014,X,34.94,37.43,33.60,35.76,35.61,4332,152064.00,33
BSE,VIRGOGLOB,INE400B01020,XT,5.81,6.40,5.81,6.40,6.10,35251,221560.00,53
BSE,VIRINCHI,INE539B01017,B,14.75,15.48,14.75,15.17,15.00,8187,124388.00,74
BSE,VIRTUALG,INE247C01023,X,0.52,0.59,0.43,0.53,0.52,1049556,552863.00,273
BSE,VISACHROME,INE286H01012,T,41.51,41.65,40.00,40.02,41.51,6114,251860.00,31
BSE,VISAGAR,INE309H01038,X,0.35,0.36,0.34,0.35,0.36,785752,276809.00,308
BSE,VISAKAIND,INE392A01021,B,79.00,79.00,74.53,76.05,74.88,13374,1014309.00,156
BSE,VISHAL,INE755Q01025,B,20.04,20.51,20.04,20.20,20.15,20237,409375.00,159
BSE,VISHALBL,INE060T01024,B,60.95,61.00,60.70,60.80,60.99,79,4812.00,8
BSE,VISHNU,INE270I01022,B,585.00,592.65,583.80,590.70,578.60,3234,1903426.00,232
BSE,VISHWARAJ,INE430N01022,B,5.33,5.92,5.33,5.85,5.55,52776,300979.00,223
BSE,VISIONCINE,INE515B01025,XT,1.30,1.30,1.19,1.22,1.25,109347,133715.00,91
BSE,VISIONCO,INE661D01015,X,2.50,2.72,2.49,2.49,2.50,3849,9619.00,14
BSE,VISTAPH,INE427C01021,X,7.39,7.40,7.38,7.40,7.10,2652,19583.00,21
BSE,VISTARAMAR,INE878P01019,X,174.80,183.35,174.80,180.95,174.80,1464,263230.00,28
BSE,VISVEN,INE762D01011,X,36.07,39.49,36.07,36.17,36.06,109,3974.00,8
BSE,VIVAA,INE0PA601017,MT,52.00,52.00,52.00,52.00,52.00,2000,104000.00,1
BSE,VIVANTA,INE299W01022,X,1.78,1.83,1.76,1.81,1.77,73185,131747.00,186
BSE,VIVANZA,INE984E01035,X,1.70,1.70,1.70,1.70,1.70,17845,30336.00,23
BSE,VIVIDHA,INE370E01029,B,0.54,0.54,0.52,0.52,0.53,37019,19482.00,47
BSE,VIVIDIND,INE737C01023,X,21.25,21.74,19.99,21.68,21.39,1237,25551.00,34
BSE,VIVIDM,INE647Z01025,B,6.79,7.09,6.61,6.70,6.78,54986,372908.00,98
BSE,VIVIMEDLAB,INE526G01021,T,6.19,6.33,6.04,6.27,6.07,13603,85285.00,30
BSE,VIVOBIOT,INE380K01017,X,23.90,23.95,23.00,23.77,23.04,3681,86585.00,73
BSE,VIYASH,INE807F01027,B,256.95,256.95,249.00,249.95,249.35,85045,21476379.00,1220
BSE,VJLAXMIE,INE466D01019,X,37.90,37.90,36.00,36.00,37.00,886,31897.00,9
BSE,VJTFEDU,INE117F01013,X,64.00,65.89,62.00,63.00,62.66,533,33799.00,15
BSE,VKAL,INE427T01025,XT,1.05,1.06,0.98,1.04,1.03,262724,268964.00,228
BSE,VLEGOV,INE03HW01020,T,13.05,13.95,13.05,13.60,13.53,11085,150887.00,80
BSE,VLL,INE347L01022,XT,52.50,52.50,52.50,52.50,52.80,2,105.00,1
BSE,VLSFINANCE,INE709A01018,B,230.40,232.45,226.05,228.15,226.55,3423,781848.00,45
BSE,VMART,INE665J01013,A,715.20,721.20,696.75,719.00,699.10,17989,12742672.00,952
BSE,VMM,INE01EA01019,A,119.15,120.05,117.85,119.70,117.60,116168,13845490.00,1057
BSE,VMS,INE932K01015,X,22.00,23.40,21.50,22.98,21.72,36452,824456.00,190
BSE,VMSTMT,INE0SJA01013,T,45.39,45.96,44.02,45.69,44.55,3861,173720.00,49
BSE,VOEPL,INE0I0T01010,M,343.00,389.00,320.00,369.80,329.30,174000,61176187.00,440
BSE,VOITHPAPR,INE285C01015,X,1524.90,1524.90,1458.20,1483.35,1505.00,550,814861.00,81
BSE,VOLKAI,INE820M01018,XT,76.00,80.34,76.00,80.34,76.52,3854,308756.00,71
BSE,VOLLF,INE763D01019,X,12.75,13.06,11.82,13.04,12.44,140,1662.00,9
BSE,VOLTAMP,INE540H01012,A,9630.20,9805.00,9611.00,9715.60,9575.65,1748,16970677.00,548
BSE,VOLTAS,INE226A01021,A,1293.45,1302.95,1275.00,1285.30,1276.70,15702,20199391.00,998
BSE,VPAL,INE1L3801017,M,150.10,171.00,150.10,169.10,159.75,163200,27160000.00,85
BSE,VPRPL,INE0AE001013,T,23.99,26.51,23.99,26.51,25.25,183996,4631381.00,814
BSE,VRAJ,INE0S2V01010,B,120.70,123.50,120.00,120.05,120.30,1215,148100.00,210
BSE,VRFILMS,INE06LG01010,B,14.25,15.00,14.20,14.90,15.35,1768,26150.00,23
BSE,VRL,INE406F01010,X,157.10,159.95,157.10,157.50,154.65,719,113579.00,19
BSE,VRLLOG,INE366I01010,B,229.90,232.15,228.60,230.10,229.90,4336,996959.00,431
BSE,VRUDDHI,INE0OMZ01013,M,230.00,230.00,225.00,225.00,245.00,1000,227500.00,2
BSE,VSFPROJ,INE923K01014,X,38.79,38.79,31.12,33.73,33.00,842,29429.00,13
BSE,VSL,INE607V01028,B,10.22,10.80,9.90,10.41,9.87,259521,2680492.00,280
BSE,VSSL,INE050M01012,B,265.00,278.00,265.00,275.90,269.00,10063,2765003.00,322
BSE,VSTIND,INE710A01016,B,256.35,261.05,256.35,259.55,256.00,7634,1976658.00,167
BSE,VSTL,INE0QTF01015,B,119.80,121.00,117.85,120.30,120.80,676,80000.00,29
BSE,VSTTILLERS,INE764D01017,B,4413.85,4521.00,4356.70,4503.40,4356.70,471,2088773.00,116
BSE,VTL,INE825A01020,A,620.45,631.00,616.50,627.60,615.30,28710,17903090.00,726
BSE,VTMLTD,INE222F01029,X,59.40,59.40,57.75,58.37,58.21,33808,1967829.00,128
BSE,VVIPIL,INE0MNP01016,M,121.55,125.00,121.55,124.70,121.95,6000,738810.00,9
BSE,VXLINSTR,INE756A01019,XT,3.15,3.27,3.00,3.27,3.12,5948,17941.00,18
BSE,WAAREE,INE725P01012,MT,239.95,252.00,239.95,252.00,240.00,11725,2941653.00,53
BSE,WAAREEENER,INE377N01017,A,3059.40,3075.70,3020.00,3031.40,3014.80,55629,169206132.00,4645
BSE,WAAREEINDO,INE866K01023,B,373.65,384.35,371.00,380.00,372.95,6113,2296296.00,337
BSE,WAAREERTL,INE299N01021,A,937.00,957.30,937.00,954.50,922.50,17960,17010032.00,1115
BSE,WABAG,INE956G01038,A,1548.00,1585.00,1530.80,1578.35,1522.30,12144,18913107.00,921
BSE,WAGEND,INE786K01023,X,1.16,1.25,1.15,1.25,1.15,128767,157107.00,40
BSE,WAKEFIT,INE0E7301029,B,115.15,116.00,113.40,114.75,113.50,38467,4413476.00,471
BSE,WALCHANNAG,INE711A01022,B,248.00,267.95,247.10,265.30,243.40,393532,102670872.00,4621
BSE,WALCHPF,INE695D01021,X,136.15,139.50,135.00,139.25,136.20,1718,237956.00,26
BSE,WALLFORT,INE121B01014,X,75.00,77.90,71.50,76.69,71.50,635,45829.00,21
BSE,WANBURY,INE107F01022,B,259.25,281.95,256.00,274.50,256.05,13683,3685551.00,405
BSE,WARDINMOBI,INE945P01024,XT,6.90,6.90,6.61,6.66,6.83,476582,3211178.00,1086
BSE,WARDWIZFBL,INE761D01021,X,9.55,10.34,9.55,10.03,10.05,403226,3967575.00,456
BSE,WARRENTEA,INE712A01012,X,45.80,50.15,44.25,45.85,45.35,5307,252181.00,53
BSE,WATERBASE,INE054C01015,X,44.98,45.84,44.21,44.91,45.00,11428,511516.00,141
BSE,WCIL,INE0CJF01024,B,93.00,94.27,91.55,93.67,90.97,1128,105080.00,164
BSE,WEALTH,INE658T01017,B,961.00,961.00,896.00,955.00,899.95,29,26409.00,6
BSE,WEBELSOLAR,INE855C01023,A,102.85,104.80,101.60,103.60,100.00,276146,28471115.00,1725
BSE,WEIZMANIND,INE080A01014,B,80.20,80.20,80.20,80.20,80.00,24,1924.00,5
BSE,WEL,INE02WG01024,B,92.07,94.78,92.07,92.67,92.07,5916,552981.00,68
BSE,WELCORP,INE191B01025,A,1404.95,1413.90,1382.80,1398.95,1388.05,12891,18018711.00,1086
BSE,WELCURE,INE331C01025,X,0.26,0.27,0.25,0.27,0.25,11990059,3116422.00,795
BSE,WELENT,INE625G01013,A,561.30,561.30,547.00,550.80,550.25,8229,4558223.00,292
BSE,WELINV,INE389K01018,T,1765.20,1765.20,1765.20,1765.20,1765.20,25,44130.00,2
BSE,WELSPLSOL,INE731F01037,B,53.50,55.39,50.50,51.68,53.03,351467,18412413.00,1980
BSE,WELSPUNLIV,INE192B01031,A,135.75,138.95,135.25,138.60,135.65,106121,14536591.00,1399
BSE,WENDT,INE274C01019,B,6979.95,7912.00,6923.25,7697.65,6774.25,5489,41977651.00,1532
BSE,WEPSOLN,INE434B01029,X,26.03,26.50,25.00,26.01,26.03,3212,82441.00,52
BSE,WESTLEIRES,INE266P01017,X,89.90,89.90,89.90,89.90,85.68,365,32813.00,4
BSE,WESTLIFE,INE274F01020,A,436.70,447.95,436.70,446.20,441.80,899,399006.00,116
BSE,WEWIN,INE082W01014,T,50.02,52.88,50.02,50.41,52.50,4360,221067.00,25
BSE,WEWORK,INE085001019,B,638.55,659.00,630.85,638.55,638.60,11827,7661740.00,1771
BSE,WHBRADY,INE855A01019,X,551.65,551.65,523.00,525.80,530.00,173,90949.00,14
BSE,WHEELS,INE715A01015,B,1625.30,1640.05,1606.25,1634.20,1624.05,6494,10567399.00,1174
BSE,WHIRLPOOL,INE716A01013,A,771.15,779.35,765.00,770.00,769.40,115201,88726461.00,1594
BSE,WHITEORG,INE146C01019,X,3.98,3.98,3.70,3.77,3.88,45443,171320.00,97
BSE,WILLAMAGOR,INE210A01017,B,25.03,25.03,25.03,25.03,26.90,10,250.00,1
BSE,WILLIMFI,INE188E01017,X,8.19,8.19,8.19,8.19,7.80,10,81.00,1
BSE,WINDLAS,INE0H5O01029,B,821.30,828.10,808.00,821.10,811.50,5030,4117459.00,399
BSE,WINDMACHIN,INE052A01021,B,318.40,333.15,318.40,325.40,318.45,3894,1266475.00,137
BSE,WINSOMBR,INE391C01011,X,22.69,23.39,21.56,22.11,22.16,9339,205255.00,146
BSE,WINSOMTX,INE837B01031,B,87.40,90.00,84.00,89.88,87.41,4039,360472.00,49
BSE,WIPRO,INE075A01022,A,179.65,180.45,177.55,180.10,177.40,1324286,236804203.00,17653
BSE,WOCKPHARMA,INE049B01025,A,1948.15,1976.05,1918.25,1934.95,1927.00,110472,214685212.00,5431
BSE,WONDERLA,INE066O01014,B,470.10,481.40,470.00,477.85,464.90,2101,997895.00,168
BSE,WORKMATES,INE1I1301016,M,294.70,300.70,294.55,300.50,294.70,7200,2147280.00,11
BSE,WORTH,INE114O01020,XT,3.69,3.69,3.69,3.69,3.76,129689,478552.00,82
BSE,WORTHPERI,INE196Y01018,B,123.80,123.80,123.80,123.80,130.00,5,619.00,1
BSE,WOSAL,INE1MF401019,MT,18.15,18.45,18.15,18.45,17.58,6000,110100.00,3
BSE,WPIL,INE765D01022,B,430.00,469.90,423.50,455.40,417.45,50520,22945772.00,2146
BSE,WSFX,INE549D01012,X,60.10,63.47,60.10,60.34,61.62,2191,133569.00,35
BSE,WSI,INE100D01014,B,70.14,70.14,68.50,69.72,69.43,6822,472796.00,82
BSE,WSTCSTPAPR,INE976A01021,B,494.75,499.45,487.15,494.85,484.20,246249,121155990.00,175
BSE,WWALUM,INE550D01010,X,20.50,20.75,19.25,19.75,20.17,3852,75036.00,17
BSE,XCHANGING,INE692G01013,B,62.69,63.31,61.87,63.05,61.68,6036,379655.00,110
BSE,XELPMOC,INE01P501012,B,90.00,91.40,86.00,86.75,88.95,3767,328775.00,146
BSE,XPROINDIA,INE445C01015,B,1175.80,1210.00,1175.80,1206.90,1172.05,768,923401.00,80
BSE,XTGLOBAL,INE547B01028,B,29.75,29.94,28.63,28.95,28.55,3061,89007.00,171
BSE,YAANENT,INE969E01010,X,97.01,100.00,95.00,95.00,100.00,2849,271627.00,49
BSE,YAASHVI,INE1T6L01010,MT,84.51,88.30,84.51,88.30,84.10,152000,13335920.00,70
BSE,YAJUR,INE0CNJ01010,M,40.70,40.70,39.01,39.51,38.10,12000,477656.00,14
BSE,YAMNINV,INE457N01025,XT,0.63,0.64,0.63,0.64,0.63,349758,221722.00,262
BSE,YARNSYN,INE564C01013,X,15.11,15.46,15.11,15.46,15.06,683,10476.00,8
BSE,YASHCHEM,INE571U01010,X,49.00,49.00,47.85,47.87,47.08,901,43359.00,30
BSE,YASHHTEJ,INE1O6P01016,MT,51.74,51.74,49.16,49.16,51.74,27600,1368312.00,21
BSE,YASHHV,INE00GK01023,M,736.90,743.90,726.05,734.75,721.20,79000,58097375.00,236
BSE,YASHINNO,INE823D01011,X,45.50,47.99,45.00,46.20,47.01,12831,580967.00,80
BSE,YASHMGM,INE216B01012,X,9.98,10.36,9.34,10.14,9.98,3524,35296.00,37
BSE,YASHO,INE616Z01012,B,2579.00,2936.85,2579.00,2887.55,2553.20,6901,19416148.00,958
BSE,YASHRAJC,INE095C01018,XT,4.89,4.89,4.61,4.70,4.78,2341,11073.00,14
BSE,YATHARTH,INE0JO301016,A,829.15,845.00,829.15,839.70,826.15,15413,12922746.00,852
BSE,YATRA,INE0JR601024,B,98.15,103.80,98.10,103.10,96.60,214811,21891406.00,1627
BSE,YESBANK,INE528G01035,A,22.81,23.05,22.43,23.02,22.23,10647921,242683811.00,31980
BSE,YOGI,INE290E01011,X,173.00,174.30,165.05,172.85,167.05,5033,841170.00,37
BSE,YOGISUNG,INE429B01011,XT,8.00,8.00,8.00,8.00,8.16,3510,28080.00,7
BSE,YORKEXP,INE057Q01018,X,56.50,56.65,56.50,56.50,54.00,158,8932.00,4
BSE,YSL,INE868X01014,X,28564.95,28568.00,27725.05,27799.95,27211.00,5,141225.00,5
BSE,YUG,INE796W01019,MT,23.70,23.70,23.70,23.70,22.75,15525,367942.00,2
BSE,YUKEN,INE384C01016,B,693.00,693.00,666.00,683.00,671.55,627,425148.00,88
BSE,YUNIKM,INE143K01019,X,7.45,7.45,7.45,7.45,7.45,681,5073.00,6
BSE,YUVRAAJHPL,INE139D01020,XT,6.84,7.18,6.84,7.18,6.84,131008,935361.00,55
BSE,ZAGGLE,INE07K301024,A,198.25,210.60,197.90,209.15,195.05,119198,24391601.00,1524
BSE,ZAPPFRESH,INE0SUM01015,M,88.00,88.80,85.30,85.99,89.50,67200,5808660.00,52
BSE,ZBINTXPP,INE626H01019,XT,1800.05,1800.05,1711.00,1800.00,1800.20,11,19089.00,7
BSE,ZEAL,INE819S01025,XT,11.63,11.80,11.05,11.39,11.63,287751,3266253.00,360
BSE,ZEEL,INE256A01028,A,113.66,114.77,108.40,112.34,111.51,4199267,471818596.00,22447
BSE,ZEELEARN,INE565L01011,T,6.92,7.18,6.92,7.00,6.84,108963,762965.00,140
BSE,ZEEMEDIA,INE966H01019,B,8.69,8.73,8.43,8.59,8.51,127884,1093827.00,361
BSE,ZELIO,INE1B3501014,MT,549.80,549.80,549.80,549.80,539.05,9500,5223100.00,13
BSE,ZENIFIB,INE106C01013,X,51.01,53.00,50.02,51.08,53.00,450,22809.00,14
BSE,ZENITHEXPO,INE058B01018,B,202.10,202.10,202.10,202.10,192.55,20,4042.00,6
BSE,ZENITHHE,INE812B01026,X,3.10,3.18,3.08,3.14,3.10,27109,84959.00,120
BSE,ZENITHSTL,INE318D01020,B,5.44,5.98,5.44,5.93,5.54,17325,102228.00,37
BSE,ZENLABS,INE546F01013,XT,34.34,35.70,33.32,35.70,34.00,12797,449426.00,23
BSE,ZENOTECH,INE486F01012,X,44.90,44.90,43.80,44.08,44.00,4321,190709.00,49
BSE,ZENSARTECH,INE520A01027,A,454.00,454.85,443.05,452.75,443.20,44455,19984590.00,1833
BSE,ZENTEC,INE251B01027,A,1740.00,1816.00,1737.45,1794.10,1715.70,111948,199424154.00,5964
BSE,ZFCVINDIA,INE342J01019,A,14788.00,14974.95,14700.00,14716.70,14591.80,504,7466377.00,341
BSE,ZFSTEERING,INE116C01012,B,658.00,658.00,637.65,642.75,658.00,333,214496.00,85
BSE,ZIMLAB,INE518E01015,T,112.00,115.95,109.00,112.95,113.60,6502,741247.00,57
BSE,ZINEMA,INE641Q01019,MT,17.72,18.70,17.72,18.70,18.65,16000,295280.00,2
BSE,ZMILGFIN,INE679T01013,X,43.99,43.99,41.00,41.69,42.76,45104,1893456.00,119
BSE,ZODIAC,INE761Y01019,T,269.70,277.85,269.70,277.30,265.95,893,246077.00,25
BSE,ZODIACLOTH,INE206B01013,B,73.50,75.19,73.50,74.32,74.16,6014,446451.00,47
BSE,ZODIACVEN,INE945J01027,XT,1.75,1.76,1.73,1.74,1.73,31750,55438.00,93
BSE,ZODJRDMKJ,INE077B01018,X,39.34,39.34,35.22,35.80,37.18,11662,424551.00,71
BSE,ZR2,INE218N01021,XT,127.40,136.40,123.50,129.00,130.00,408,52244.00,32
BSE,ZSARACOM,INE967G01019,B,9303.00,9303.00,9303.00,9303.00,9303.00,2,18606.00,2
BSE,ZSVARAJT,INE406N01014,X,8.77,8.77,8.34,8.55,8.30,125,1058.00,7
BSE,ZUARI,INE840M01016,B,214.70,217.05,211.75,216.15,210.35,4105,879916.00,163
BSE,ZUARIIND,INE217A01012,B,237.00,245.75,237.00,243.50,239.25,1320,321011.00,66
BSE,ZWELCAST,INE380G01015,X,706.90,708.50,700.00,708.50,706.90,40,28154.00,5
BSE,ZYDUSLIFE,INE010B01027,A,1115.95,1117.00,1101.85,1104.35,1105.65,20335,22557698.00,1461
BSE,ZYDUSWELL,INE768C01028,A,502.15,508.85,500.15,506.25,500.10,15148,7638352.00,493
