exchange,symbol,isin,series,open,high,low,close,prev_close,volume,value,trades
BSE,1STCUS,INE609B01018,X,68.88,68.88,65.00,68.69,68.71,437,28513.00,31
BSE,20MICRONS,INE144J01027,B,208.15,208.20,203.05,204.55,210.00,9014,1848568.00,215
BSE,21STCENMGM,INE253B01015,B,36.00,37.30,36.00,37.30,36.57,6830,254043.00,21
BSE,360ONE,INE466L01038,A,1068.25,1104.55,1065.75,1101.30,1086.05,64118,69444867.00,4685
BSE,3BBLACKBIO,INE994E01018,B,1278.05,1291.00,1272.80,1279.05,1272.70,1149,1469397.00,195
BSE,3BFILMS,INE0TE101010,MT,15.90,16.50,15.90,16.18,16.02,12000,194250.00,4
BSE,3IINFOLTD,INE748C01038,B,20.10,20.23,19.49,19.67,20.45,628151,12397854.00,1590
BSE,3MINDIA,INE470A01017,A,35209.95,35804.55,34990.00,35516.00,35240.25,188,6669770.00,95
BSE,3PLAND,INE105C01023,B,31.41,32.00,31.41,32.00,32.35,6,189.00,2
BSE,4THGEN,INE739B01039,XT,6.86,6.86,6.86,6.86,7.22,30,205.00,3
BSE,5PAISA,INE618L01018,B,362.80,373.90,362.80,373.55,367.95,1871,688028.00,109
BSE,63MOONS,INE111B01023,A,683.45,711.15,683.45,709.05,703.75,12766,8940997.00,425
BSE,7NR,INE413X01035,XT,6.70,6.70,6.44,6.44,6.57,44048,288497.00,42
BSE,7SEASL,INE454F01010,X,72.20,76.80,72.20,74.00,77.00,3409,251514.00,59
BSE,7TEC,INE856B01023,X,37.84,38.70,36.51,38.59,37.66,11489,435064.00,146
BSE,A1L,INE911Z01025,B,5.77,5.77,5.50,5.72,5.50,2515636,14254632.00,2508
BSE,A2ZINFRA,INE619I01012,B,12.20,12.75,12.03,12.45,12.20,17828,217730.00,89
BSE,AAATECH,INE0D0U01013,B,91.00,91.19,89.00,91.19,92.00,2896,261868.00,140
BSE,AADHARHFC,INE883F01010,A,499.20,500.00,492.90,494.85,501.40,10841,5373375.00,462
BSE,AADIIND,INE563D01013,X,8.54,8.54,8.54,8.54,8.14,448,3825.00,3
BSE,AAIL,INE864E01021,X,118.15,124.00,110.25,112.90,115.14,4967,560085.00,120
BSE,AANCHALISP,INE322R01022,XT,75.35,75.35,75.35,75.35,79.30,1649,124252.00,33
BSE,AAREYDRUGS,INE198H01019,T,74.92,74.92,74.92,74.92,76.44,25101,1880566.00,24
BSE,AARNAV,INE750R01016,B,28.50,29.40,28.18,28.46,28.52,2487,71046.00,33
BSE,AARTECH,INE01C001026,T,47.03,47.03,47.03,47.03,47.43,55,2586.00,2
BSE,AARTIDRUGS,INE767A01016,B,404.80,410.00,401.25,404.65,408.90,5073,2052219.00,196
BSE,AARTIIND,INE769A01020,A,474.65,480.70,468.75,477.35,478.60,43264,20530252.00,1401
BSE,AARTIPHARM,INE0LRU01027,A,659.75,684.00,657.80,674.25,659.70,7917,5315055.00,438
BSE,AARTISURF,INE09EO01013,B,385.85,385.85,375.60,383.00,385.85,579,220720.00,58
BSE,AASTAFIN,INE819K01014,X,34.99,34.99,32.23,33.90,32.98,7694,261022.00,55
BSE,AASTHA,INE2FMX01012,B,102.10,106.00,102.00,102.70,103.30,806354,83259502.00,5518
BSE,AAVAS,INE216P01012,A,1370.00,1400.90,1339.90,1379.55,1387.25,9482,12937493.00,921
BSE,AAYUSH,INE430R01023,X,23.60,24.07,23.23,23.45,23.62,57695,1354338.00,490
BSE,AAYUSHBULL,INE777X01017,M,1161.50,1189.00,1161.40,1168.95,1164.30,109625,127704368.00,644
BSE,ABAN,INE421A01028,T,14.62,15.24,14.57,15.08,14.98,7108,104862.00,45
BSE,ABANSENT,INE365O01028,T,27.45,27.50,26.10,27.50,27.18,2179,57458.00,28
BSE,ABATEAS,INE454E01013,X,9.86,9.86,9.47,9.78,9.78,27092,260748.00,89
BSE,ABB,INE117A01022,A,7531.85,7578.85,7339.95,7369.70,7523.85,13692,102461557.00,2439
BSE,ABBOTINDIA,INE358A01014,A,27500.70,28056.95,27500.70,28003.45,28735.45,1173,32656223.00,488
BSE,ABCAPITAL,INE674K01013,A,387.25,396.00,384.45,394.20,392.70,117905,45859557.00,3126
BSE,ABCINDQ,INE125D01011,X,68.00,68.00,66.30,66.30,64.34,6,400.00,3
BSE,ABCOTS,INE08PH01015,B,204.90,204.90,199.00,199.20,200.40,182,36374.00,29
BSE,ABDL,INE552Z01027,A,594.95,627.00,581.40,619.70,602.50,41522,25136724.00,2005
BSE,ABFRL,INE647O01011,A,55.96,56.85,54.96,56.30,56.03,221308,12300018.00,1986
BSE,ABHICAP,INE516F01016,X,109.00,109.90,103.15,108.20,109.00,152,16467.00,9
BSE,ABHIFIN,INE723C01015,XT,62.40,62.40,56.46,56.46,59.43,26,1563.00,4
BSE,ABINFRA,INE00YB01025,B,9.88,10.55,8.90,10.24,10.02,135870,1334868.00,135
BSE,ABIRAFN,INE195I01013,Z,31.50,31.50,31.50,31.50,31.50,154,4851.00,4
BSE,ABLBL,INE14LE01019,A,93.36,94.45,91.80,94.09,92.75,9244,859156.00,243
BSE,ABMKNO,INE850B01026,B,190.00,190.95,190.00,190.95,198.20,9,1713.00,2
BSE,ABREL,INE055A01016,A,1397.95,1397.95,1360.50,1374.00,1396.05,6070,8355314.00,510
BSE,ABRFL,INE0ZDY01011,M,41.95,41.95,40.00,41.90,40.14,3600,148620.00,3
BSE,ABSLAMC,INE404A01024,A,983.85,1021.45,980.00,1016.90,985.45,12663,12707964.00,673
BSE,ABVL,INE485K01022,X,5.41,5.41,5.13,5.30,5.41,110761,583569.00,280
BSE,ACC,INE012A01025,A,1332.00,1353.00,1313.00,1339.20,1334.40,15167,20178850.00,1393
BSE,ACCEDERE,INE578B01015,XT,62.47,65.25,60.00,64.76,62.78,675,41177.00,12
BSE,ACCEL,INE258C01038,X,12.02,12.74,12.02,12.33,12.25,14228,177674.00,61
BSE,ACCELYA,INE793A01012,B,1128.70,1161.00,1128.70,1158.75,1145.65,889,1022797.00,307
BSE,ACCORDTS,INE132201018,M,52.58,52.98,51.51,52.21,51.60,24000,1252230.00,8
BSE,ACCURACY,INE648Z01023,T,5.15,5.15,4.85,4.95,5.10,5902,28768.00,42
BSE,ACE,INE731H01025,A,970.05,1050.85,967.15,1040.15,978.85,103913,106774707.00,3637
BSE,ACEALPHA,INE0S9X01011,M,133.35,141.05,130.00,136.25,128.10,94000,12577850.00,38
BSE,ACEEDU,INE715F01014,Z,4.28,4.41,4.05,4.39,4.20,1885,8261.00,18
BSE,ACEMEN,INE023R01018,X,99.95,100.00,95.50,97.21,97.99,20567,2003886.00,91
BSE,ACESOFT,INE849B01010,X,142.25,145.90,138.15,144.75,135.20,85823,12187984.00,401
BSE,ACGL,INE451C01013,B,2231.20,2253.00,2202.10,2222.20,2257.30,890,1985041.00,139
BSE,ACHYUT,INE0K1401020,T,7.25,7.25,6.94,7.07,7.07,59568,418198.00,316
BSE,ACI,INE128X01021,A,550.05,557.00,545.45,554.65,553.45,10978,6047928.00,731
BSE,ACIIN,INE167B01025,X,1.63,1.63,1.48,1.50,1.63,352706,529707.00,189
BSE,ACKNIT,INE326C01017,X,310.00,310.00,300.35,301.70,309.80,443,134721.00,16
BSE,ACL,INE666E01020,B,47.11,48.74,46.30,46.53,47.79,12494,587420.00,104
BSE,ACLD,INE0T3401029,M,140.00,144.25,140.00,143.85,143.35,8400,1196370.00,14
BSE,ACME,INE636B01011,Z,30.96,30.96,30.00,30.08,29.50,61,1846.00,7
BSE,ACMESOLAR,INE622W01025,A,361.95,374.80,361.95,366.05,363.05,71397,26270684.00,1959
BSE,ACML,INE427V01013,M,32.45,32.50,32.45,32.50,32.45,2000,64950.00,2
BSE,ACSTECH,INE366C01021,B,40.23,42.20,38.75,41.86,40.25,42695,1714071.00,367
BSE,ACTIVE,INE380Z01015,B,115.50,129.95,115.00,115.95,115.50,14688,1770587.00,137
BSE,ACUTAAS,INE00FF01025,A,3381.00,3451.95,3211.00,3257.15,3455.90,78749,260359073.00,5924
BSE,ADANIENSOL,INE931S01010,A,1672.70,1713.00,1666.90,1703.05,1684.15,104535,177170914.00,6536
BSE,ADANIENT,INE423A01024,A,2990.55,3041.90,2990.55,3027.15,3010.45,73858,222885111.00,6021
BSE,ADANIGREEN,INE364U01010,A,1359.95,1404.40,1352.15,1394.25,1380.05,353176,488171504.00,16590
BSE,ADANIPORTS,INE742F01042,A,1768.95,1784.40,1756.20,1768.10,1778.30,61092,108252080.00,3929
BSE,ADANIPOWER,INE814H01029,A,211.75,215.00,210.10,213.65,212.30,2083706,443619217.00,14979
BSE,ADARSHPL,INE627D01016,X,30.00,30.00,30.00,30.00,29.80,1,30.00,1
BSE,ADCINDIA,INE833A01016,XT,2199.00,2224.95,2100.00,2123.85,2177.10,1189,2524832.00,162
BSE,ADCON,INE805Q01028,XT,0.50,0.52,0.50,0.52,0.52,97412,49982.00,80
BSE,ADCOUNTY,INE0W1601012,M,97.41,98.49,90.00,93.00,95.50,20800,1964320.00,26
BSE,ADDIND,INE757C01021,X,84.90,84.90,78.00,78.02,79.53,1022,81088.00,28
BSE,ADFFOODS,INE982B01027,B,290.65,308.85,286.45,307.40,297.10,16470,4818361.00,454
BSE,ADHBHUTIN,INE578L01014,X,15.57,15.57,14.81,14.81,15.58,775,11488.00,7
BSE,ADHHATA,INE586D01014,X,27.00,27.00,25.50,25.50,26.75,90,2342.00,6
BSE,ADINATH,INE207C01019,XT,20.00,21.00,20.00,20.85,20.00,186,3736.00,8
BSE,ADISHAKTI,INE0CWK01019,M,12.87,12.87,12.01,12.50,12.62,80000,1001900.00,7
BSE,ADITYA,INE570B01012,X,9.10,9.15,9.10,9.15,9.10,4568,41571.00,10
BSE,ADITYASP,INE122D01026,X,15.96,16.00,15.70,15.94,15.81,404,6377.00,14
BSE,ADMACH,INE0XLO01010,MT,393.00,395.00,386.65,386.65,407.00,11400,4432140.00,16
BSE,ADMANUM,INE556D01017,X,59.98,59.98,54.07,55.06,53.86,2671,149826.00,24
BSE,ADON,INE1SME01017,M,85.03,89.99,83.04,86.99,85.56,246000,21318860.00,75
BSE,ADOR,INE045A01017,B,1439.95,1500.00,1439.95,1489.30,1462.00,1546,2272095.00,278
BSE,ADROITINFO,INE737B01033,B,9.29,9.29,9.15,9.15,9.15,3286,30378.00,12
BSE,ADSL,INE102I01027,B,112.50,121.25,111.45,118.60,114.05,16782,1947472.00,382
BSE,ADTECH,INE257C01014,X,56.90,56.90,51.80,54.52,55.50,1891,103286.00,40
BSE,ADVAIT,INE0ALI01010,B,2222.05,2260.45,2162.65,2249.55,2234.70,3376,7421118.00,496
BSE,ADVANCE,INE1B0W01010,B,111.00,111.00,108.00,110.95,109.90,3974,435560.00,77
BSE,ADVANIHOTR,INE199C01026,B,51.02,51.99,50.62,51.09,51.64,1312,67240.00,133
BSE,ADVENTHTL,INE28GN01010,B,143.00,147.50,139.50,142.35,143.90,9693,1375205.00,162
BSE,ADVENZYMES,INE837H01020,B,314.80,319.00,310.25,317.25,314.75,11372,3567376.00,381
BSE,ADVIKCA,INE178T01024,X,1.23,1.38,1.21,1.34,1.23,1193279,1498209.00,346
BSE,ADVLIFE,INE900E01015,X,30.90,30.90,30.90,30.90,31.26,7,216.00,1
BSE,AEGISLOG,INE208C01025,A,1360.05,1361.00,1299.10,1349.40,1369.75,89003,117947502.00,4508
BSE,AEGISVOPAK,INE0INX01018,A,290.45,295.85,282.30,293.05,294.75,117567,34006391.00,1525
BSE,AEIM,INE072B01027,X,94.00,94.00,90.50,90.95,92.05,18191,1659887.00,246
BSE,AEL,INE829P01020,X,108.65,114.50,108.00,113.40,110.75,6692,738829.00,72
BSE,AEONXDIGI,INE994D01010,X,120.00,120.00,112.30,115.00,120.00,433,49778.00,18
BSE,AEPL,INE757T01025,B,15.29,15.45,14.80,15.02,14.99,1202,18018.00,25
BSE,AEQUS,INE947N01017,B,220.65,230.45,220.00,229.05,221.55,201996,45730614.00,2369
BSE,AEROENTER,INE065D01027,B,124.95,129.05,120.30,127.55,123.50,84929,10608486.00,851
BSE,AEROFLEX,INE024001021,B,414.80,438.05,403.45,420.95,420.10,93444,39445848.00,2310
BSE,AERONEU,INE035801013,B,87.45,88.50,85.00,85.00,86.20,34,2927.00,9
BSE,AEROPLANE,INE05TO01019,B,186.90,190.10,182.10,185.85,188.90,13248,2445488.00,296
BSE,AERPACE,INE175N01023,X,37.30,37.30,35.50,35.96,36.88,525949,19013756.00,883
BSE,AETHER,INE0BWX01014,A,1441.05,1441.60,1400.60,1428.15,1434.90,15342,21785636.00,849
BSE,AFCOM,INE0OXY01013,M,1318.00,1353.95,1300.00,1337.35,1328.90,53160,70939038.00,260
BSE,AFCONS,INE101I01011,A,280.00,288.95,279.95,285.95,283.80,35594,10106722.00,821
BSE,AFEL,INE663P01015,Z,1.78,1.78,1.62,1.62,1.70,12160,20010.00,52
BSE,AFFLE,INE00WC01027,A,1458.00,1464.60,1420.00,1444.35,1461.20,15861,22917509.00,1521
BSE,AFFORDABLE,INE692Z01013,T,189.95,189.95,180.00,186.40,185.05,1128,204177.00,29
BSE,AFIL,INE916Y01027,B,9.40,9.45,9.16,9.34,9.25,29892,276499.00,136
BSE,AFLTD,INE18HI01019,M,59.00,59.00,58.88,58.88,55.05,9000,530580.00,3
BSE,AGARIND,INE204E01012,B,480.00,480.00,472.55,478.70,483.60,1597,761192.00,105
BSE,AGARWAL,INE510B01018,X,21.00,21.00,21.00,21.00,21.00,50,1050.00,2
BSE,AGARWALEYE,INE943P01029,A,481.55,482.30,475.60,478.55,478.00,816,390600.00,128
BSE,AGI,INE415A01038,B,669.10,681.95,657.40,673.15,671.90,5355,3576244.00,265
BSE,AGIIL,INE976R01033,B,317.10,319.60,310.60,311.70,317.50,34376,10810119.00,482
BSE,AGIOPAPER,INE112C01011,X,3.78,3.78,3.68,3.68,3.78,749,2808.00,5
BSE,AGL,INE1YPB01014,B,12.88,12.88,12.21,12.53,12.69,157997,1968439.00,439
BSE,AGOL,INE05FR01029,B,3.81,3.96,3.75,3.84,3.84,380507,1443740.00,755
BSE,AGRIBIO,INE679E01015,X,325.00,325.00,316.50,320.25,319.55,17554,5594047.00,74
BSE,AGVENTURES,INE321D01016,X,110.00,114.00,110.00,113.55,110.45,5471,613824.00,45
BSE,AHASOLAR,INE0NEV01011,M,74.00,74.00,74.00,74.00,74.00,800,59200.00,2
BSE,AHCL,INE0Y8W01025,B,15.10,15.12,14.82,15.01,15.07,92001,1379431.00,226
BSE,AHLEAST,INE926K01017,B,150.00,150.75,144.00,149.55,149.35,1717,252861.00,97
BSE,AHLUCONT,INE758C01029,A,800.40,836.90,793.80,828.75,800.60,4169,3417819.00,397
BSE,AHLWEST,INE915K01010,T,485.65,485.65,485.65,485.65,462.55,8,3885.00,1
BSE,AHMDSTE,INE868C01018,XT,174.00,174.00,164.70,173.00,173.35,2186,367812.00,38
BSE,AIAENG,INE212H01026,A,4550.55,4609.00,4508.45,4584.80,4577.50,43351,196706430.00,869
BSE,AICHAMP,INE768E01024,XT,36.85,36.85,35.60,36.66,35.10,176,6464.00,18
BSE,AIHL,INE342U01016,X,33.99,33.99,33.99,33.99,33.99,1,33.00,1
BSE,AIIL,INE206F01022,A,538.95,539.00,525.45,530.90,541.70,17580,9332848.00,794
BSE,AIKPIPES,INE0QFT01015,M,24.00,24.31,24.00,24.23,23.16,3200,77536.00,4
BSE,AIMCOPEST,INE008B01013,X,51.10,51.15,50.20,50.40,51.06,1009,51400.00,23
BSE,AIML,INE123D01024,XT,2.12,2.22,2.06,2.18,2.12,69216,148986.00,199
BSE,AIRAN,INE645W01026,B,15.15,15.30,14.94,15.20,15.18,6037,91215.00,31
BSE,AIRFLOA,INE0XBS01012,M,325.00,331.00,321.10,330.15,330.30,53000,17247500.00,93
BSE,AJANTPHARM,INE031B01049,A,3448.90,3457.80,3358.25,3366.45,3440.90,24032,81530104.00,519
BSE,AJANTSOY,INE601B01023,X,21.86,21.86,21.20,21.30,21.54,8514,181415.00,107
BSE,AJAXENGG,INE274Y01021,B,582.90,582.90,559.00,568.10,570.90,2728,1546773.00,172
BSE,AJCJEWEL,INE0XRR01010,M,113.20,117.00,113.20,116.98,114.00,13200,1525560.00,9
BSE,AJCON,INE759C01027,X,5.75,5.89,5.45,5.66,5.75,1375,7844.00,28
BSE,AJMERA,INE298G01035,B,122.40,124.75,121.00,122.45,123.15,24976,3056907.00,414
BSE,AKCAPIT,INE701G01012,B,1787.60,1800.00,1747.50,1750.60,1752.70,2317,4102656.00,70
BSE,AKI,INE642Z01026,B,4.24,4.43,4.24,4.34,4.52,20647,88186.00,67
BSE,AKSHAR,INE256Z01025,B,0.42,0.43,0.41,0.43,0.42,83194,34815.00,36
BSE,AKSHARCHEM,INE542B01011,T,229.10,236.00,228.00,236.00,237.55,59,13467.00,9
BSE,AKSHOPTFBR,INE523B01011,T,5.79,5.79,5.79,5.79,5.90,3106,17983.00,12
BSE,AKUMS,INE09XN01023,B,689.50,691.95,679.00,684.40,695.55,4831,3308734.00,313
BSE,ALANKIT,INE914E01040,B,7.90,8.08,7.81,7.93,7.90,11523,91641.00,85
BSE,ALANSCOTT,INE273F01022,XT,329.95,336.00,315.50,329.45,323.90,4272,1392850.00,57
BSE,ALBERTDAVD,INE155C01010,B,685.75,701.45,679.25,692.00,685.75,34,23393.00,18
BSE,ALEMBICLTD,INE426A01027,B,87.86,88.80,86.90,87.72,88.32,16048,1407058.00,306
BSE,ALEXANDER,INE191N01012,X,8.27,8.27,7.50,7.50,7.02,766,5859.00,17
BSE,ALFAICA,INE042C01010,X,76.29,76.29,72.60,72.60,76.29,107,7772.00,5
BSE,ALFATRAN,INE209C01015,XT,39.90,40.40,38.56,39.87,39.90,9281,360119.00,66
BSE,ALFAVIO,INE883B01027,X,10.42,10.42,9.80,10.25,9.93,4153,41483.00,38
BSE,ALFL,INE211D01027,X,1.05,1.05,1.05,1.05,1.05,4567,4795.00,8
BSE,ALFREDHE,INE782D01027,X,2641.00,2749.95,2641.00,2713.50,2699.70,38,102785.00,21
BSE,ALGOQUANT,INE598D01035,B,65.20,69.90,65.15,68.45,65.38,387574,25819767.00,1460
BSE,ALICON,INE062D01024,B,635.00,640.00,620.70,630.10,635.00,1082,680171.00,64
BSE,ALIVUS,INE03Q201024,A,1118.95,1118.95,1087.50,1101.55,1104.05,6028,6625775.00,564
BSE,ALKALI,INE773I01017,T,76.00,76.00,76.00,76.00,79.99,99,7524.00,10
BSE,ALKEM,INE540L01014,A,5588.75,5649.05,5566.10,5635.60,5606.50,1480,8290287.00,701
BSE,ALKYLAMINE,INE150B01039,A,1800.00,1808.75,1764.85,1780.15,1813.85,3483,6206379.00,397
BSE,ALLCARGO,INE418H01029,B,7.89,8.12,7.87,8.06,8.00,229947,1842152.00,628
BSE,ALLDIGI,INE835G01018,B,830.00,832.55,810.85,820.70,838.25,303,248031.00,129
BSE,ALLTIME,INE0GV601021,B,222.05,224.60,220.00,221.35,224.45,1807,400756.00,90
BSE,ALMONDZ,INE326B01035,B,12.98,13.00,12.74,12.84,12.97,9336,120871.00,44
BSE,ALOKINDS,INE270A01029,A,11.99,12.14,11.92,12.08,12.03,343311,4131715.00,975
BSE,ALPA,INE385I01010,B,66.00,67.32,64.34,67.00,66.65,621,40790.00,36
BSE,ALPHAGEO,INE137C01018,B,199.00,204.00,198.65,204.00,200.00,595,120443.00,47
BSE,ALPHAIND,INE0NZF01019,M,155.10,155.10,155.10,155.10,141.00,1800,279180.00,1
BSE,ALPHALOGIC,INE08E401029,B,38.50,43.50,38.50,41.52,41.00,7355,300978.00,117
BSE,ALPINEHOU,INE840D01015,X,134.45,134.45,126.56,129.28,131.50,1119,145141.00,43
BSE,ALPINETEX,INE1JCQ01037,T,85.60,85.60,85.60,85.60,90.10,5968,510860.00,157
BSE,ALSL,INE030P01017,B,66.10,66.55,64.45,66.10,65.70,6040,397724.00,68
BSE,ALTIUSINVIT,INE0BWS23018,IF,170.50,171.00,170.50,171.00,171.00,350000,59837500.00,13
BSE,ALUFLUOR,INE058F01019,X,468.00,484.75,464.55,480.35,470.40,7828,3691762.00,227
BSE,AMAGI,INE121R01077,B,646.30,653.40,604.80,607.85,655.25,33638,20895590.00,1789
BSE,AMAL,INE841D01013,X,724.90,781.60,692.10,774.60,728.75,45301,34191830.00,1602
BSE,AMALGAM,INE492N01022,XT,126.44,126.44,126.44,126.44,120.42,177,22379.00,4
BSE,AMANTA,INE084K01015,T,165.00,165.00,163.00,163.00,164.00,2062,340170.00,15
BSE,AMARJOTHI,INE484D01012,X,178.15,180.85,176.05,180.80,180.10,1057,188333.00,29
BSE,AMARSEC,INE745P01010,X,13.79,13.79,13.29,13.79,13.10,29139,399612.00,11
BSE,AMBALALSA,INE432A01017,B,31.06,33.02,31.06,32.45,32.67,14477,473914.00,181
BSE,AMBARPIL,INE072V01017,X,185.00,188.00,182.00,188.00,194.00,119,21941.00,10
BSE,AMBER,INE371P01015,A,7428.05,7428.05,7218.00,7260.75,7428.75,8594,62505056.00,1634
BSE,AMBICAAGAR,INE792B01012,B,26.30,26.30,23.90,24.63,24.55,1713,42336.00,10
BSE,AMBIKCO,INE540G01014,B,1696.70,1747.90,1660.25,1712.30,1701.95,2572,4354276.00,296
BSE,AMBIT,INE267C01013,X,10.82,10.82,10.80,10.80,9.85,118,1275.00,4
BSE,AMBOAGRI,INE0N6V01016,M,9.13,9.59,9.12,9.50,9.60,25000,232150.00,19
BSE,AMBUJACEM,INE079A01024,A,419.05,427.30,415.40,424.95,423.65,110435,46496136.00,3059
BSE,AMCOIND,INE924B01011,X,84.70,89.98,74.00,75.42,80.46,36740,3049819.00,384
BSE,AMDIND,INE005I01014,B,48.23,51.80,47.10,49.22,49.23,10316,497828.00,195
BSE,AMEENJI,INE14QA01016,M,136.75,145.00,136.75,145.00,136.75,12000,1705560.00,6
BSE,AMERISE,INE673C01020,X,0.86,0.87,0.86,0.87,0.86,22072,19015.00,29
BSE,AMFORG,INE991A01020,X,6.39,6.39,5.56,6.24,6.48,15956,94912.00,86
BSE,AMIC,INE0P9J01013,M,1726.95,1740.00,1661.00,1724.80,1736.80,50500,85663650.00,261
BSE,AMINTAN,INE572Z01017,XT,1.51,1.54,1.44,1.44,1.48,41670,61164.00,41
BSE,AMITSEC,INE137E01014,X,38.95,40.89,38.95,40.89,38.95,268,10946.00,3
BSE,AMJLAND,INE606A01024,B,35.21,38.00,35.21,38.00,37.55,3937,149169.00,134
BSE,AMNPLST,INE275D01022,B,194.90,196.95,191.00,193.20,194.50,3410,662059.00,127
BSE,AMPL,INE727C01024,X,31.52,32.79,31.35,31.81,32.09,10059,320519.00,97
BSE,AMPVOLTS,INE989J01017,XT,27.23,27.23,26.30,26.37,26.81,5407,144978.00,40
BSE,AMRAAGRI,INE735C01027,X,0.55,0.55,0.51,0.51,0.55,26865,13982.00,42
BSE,AMRAPLIN,INE762C01021,XT,33.50,35.23,31.91,33.31,33.57,4743,163171.00,61
BSE,AMRUTANJAN,INE098F01031,B,510.10,518.50,505.20,510.50,518.15,5793,2963840.00,422
BSE,AMS,INE345U01019,XT,62.80,63.00,58.90,63.00,61.99,1656,104058.00,20
BSE,AMTL,INE436N01029,X,18.32,18.38,17.25,18.33,18.32,1796,32262.00,63
BSE,AMWILL,INE0U2L01017,M,42.50,42.50,41.00,41.58,41.43,3600,149700.00,3
BSE,ANANDRATHI,INE463V01026,A,2030.55,2054.95,2002.65,2041.80,2044.20,12025,24327771.00,810
BSE,ANANTAM,INE1UA823019,IF,105.40,105.50,105.00,105.50,105.48,418,44083.00,9
BSE,ANANTRAJ,INE242C01024,A,584.50,591.60,576.10,587.55,586.90,121753,71217137.00,2422
BSE,ANDHRAPAP,INE435A01051,B,62.17,62.99,60.65,61.21,62.17,38828,2386366.00,299
BSE,ANDHRAPET,INE714B01016,X,48.30,48.69,47.00,47.31,48.85,98583,4675434.00,500
BSE,ANDHRSUGAR,INE715B01021,B,84.50,86.84,83.42,86.37,85.25,14524,1238464.00,173
BSE,ANDREWYU,INE449C01025,B,23.92,26.00,23.65,25.49,23.92,190675,4767787.00,532
BSE,ANG,INE236W01016,T,36.50,36.50,34.62,35.94,36.43,5640,197486.00,18
BSE,ANGELONE,INE732I01021,A,304.85,310.60,301.20,308.00,306.00,145591,44444625.00,2631
BSE,ANIKINDS,INE087B01017,T,41.00,41.50,41.00,41.00,41.66,1422,58311.00,12
BSE,ANJANI,INE364D01032,X,22.50,23.00,22.21,22.23,22.96,1151,25596.00,7
BSE,ANJANIFIN,INE283D01018,X,8.84,8.84,8.50,8.84,8.85,1249,11037.00,9
BSE,ANJANIFOODS,INE096I01021,XT,20.90,20.90,19.93,19.94,20.97,6845,136455.00,63
BSE,ANKIN,INE067C01025,X,23.45,23.59,21.72,22.55,22.53,7755,179224.00,35
BSE,ANMOL,INE02AR01019,B,10.29,10.29,10.04,10.09,10.29,12134,122516.00,76
BSE,ANNAINFRA,INE336D01014,X,28.88,28.88,28.88,28.88,30.40,11,317.00,2
BSE,ANSALAPI,INE436A01026,Z,3.50,3.64,3.50,3.63,3.57,131905,462452.00,30
BSE,ANSALBU,INE030C01015,X,74.00,78.00,74.00,74.51,74.50,665,51018.00,8
BSE,ANSALHSG,INE880B01015,X,5.93,6.02,5.63,5.81,6.02,27362,160126.00,104
BSE,ANTELOPUS,INE818A01017,B,900.85,908.00,854.05,896.80,898.15,6398,5612536.00,387
BSE,ANTHEM,INE0CZ201020,A,772.00,780.00,767.25,769.90,779.30,22739,17530970.00,2661
BSE,ANUBHAV,INE1O7201010,M,50.90,54.00,50.90,51.15,51.00,67200,3582240.00,14
BSE,ANUHPHR,INE489G01022,B,79.98,79.98,78.91,79.13,79.16,1952,154656.00,29
BSE,ANUP,INE294Z01018,B,2117.55,2142.75,2068.20,2116.85,2104.25,1062,2242848.00,149
BSE,ANUPAM,INE069B01023,X,1.87,1.87,1.82,1.86,1.88,108462,199929.00,139
BSE,ANURAS,INE930P01018,A,1229.90,1257.00,1215.00,1249.20,1237.90,7730,9581790.00,776
BSE,ANUROOP,INE490Z01012,B,12.04,12.04,11.55,11.62,12.04,10615,125874.00,35
BSE,ANVRDHI,INE075K01013,X,9.67,9.67,9.11,9.21,9.48,8472,77887.00,67
BSE,APARINDS,INE372A01015,A,13422.65,14642.00,13300.00,13855.40,13408.65,26801,375392736.00,4139
BSE,APCL,INE071F01012,B,102.10,103.55,100.25,100.40,102.10,1015,102482.00,210
BSE,APCOTEXIND,INE116A01032,B,562.00,579.50,555.00,560.10,559.50,8720,4923713.00,443
BSE,APEX,INE346W01013,B,398.90,398.90,377.70,382.50,381.75,6005,2299013.00,217
BSE,APIS,INE070K01014,B,54.48,54.48,51.36,51.54,53.04,12780,664297.00,323
BSE,APL,INE0SJX01015,M,62.21,64.25,60.25,64.24,62.21,4000,250950.00,4
BSE,APLAB,INE273A01015,XT,86.97,86.97,80.06,84.50,84.27,19120,1620855.00,55
BSE,APLAPOLLO,INE702C01027,A,1820.00,1833.50,1798.35,1825.70,1830.90,10549,19181951.00,1188
BSE,APLLTD,INE901L01018,A,798.90,802.05,790.35,796.50,794.05,3017,2403512.00,261
BSE,APMIN,INE170D01025,X,46.79,47.90,45.08,47.89,46.79,1309,59829.00,18
BSE,APOLLO,INE713T01028,A,389.00,396.25,386.10,394.10,393.75,444134,173994572.00,3938
BSE,APOLLOFI,INE412D01013,X,330.00,338.50,318.45,338.00,334.95,321,106229.00,12
BSE,APOLLOHOSP,INE437A01024,A,8805.00,8865.90,8791.65,8804.30,8880.10,4813,42438913.00,1463
BSE,APOLLOIN,INE314N01028,XT,124.72,124.72,124.72,124.72,122.28,167,20828.00,4
BSE,APOLLOPIPE,INE126J01016,B,485.10,494.05,477.00,489.45,486.25,3512,1718639.00,99
BSE,APOLLOTYRE,INE438A01022,A,420.00,420.10,413.65,419.45,423.95,11667,4870827.00,415
BSE,APPL,INE15XJ01010,MT,250.00,254.50,250.00,254.50,251.65,5600,1412580.00,14
BSE,APTECHT,INE266F01018,T,90.00,91.95,88.20,91.50,91.10,13026,1176661.00,98
BSE,APTPACK,INE046E01025,X,82.99,83.67,75.75,76.43,79.69,1578,127387.00,32
BSE,APTUS,INE852O01025,A,283.85,283.85,276.50,277.35,284.95,582455,161950832.00,2394
BSE,AQYLON,INE416A01051,B,26.03,26.80,26.03,26.03,27.39,487151,12697822.00,596
BSE,ARAVALIS,INE068C01015,X,3.88,3.88,3.88,3.88,3.70,312,1210.00,8
BSE,ARCFIN,INE202R01026,X,0.51,0.52,0.50,0.51,0.51,954186,488173.00,576
BSE,ARCHIDPLY,INE877I01016,B,79.66,84.50,79.66,81.77,83.30,1428,117676.00,92
BSE,ARCHIES,INE731A01020,B,13.76,14.00,13.75,14.00,13.71,552,7591.00,6
BSE,ARCHITORG,INE078I01011,XT,54.05,54.98,53.40,53.58,54.26,11220,602617.00,53
BSE,ARCL,INE372M01010,X,197.90,202.70,193.00,193.65,194.00,3110,616531.00,32
BSE,ARE&M,INE885A01032,A,876.45,884.75,865.45,872.90,876.45,75384,65902423.00,3753
BSE,ARENTERP,INE610C01014,B,52.40,53.00,42.03,43.53,48.56,26442,1264132.00,383
BSE,AREXMIS,INE480H01011,X,113.00,113.00,113.00,113.00,117.90,1,113.00,1
BSE,ARFIN,INE784R01023,B,89.10,92.87,89.07,91.71,90.90,56152,5112075.00,485
BSE,ARIES,INE298I01015,B,338.00,344.75,331.35,341.60,339.75,2740,916707.00,55
BSE,ARIGATO,INE021N01011,XT,50.83,50.83,50.83,50.83,53.50,2,101.00,1
BSE,ARIHANT,INE413D01011,B,977.95,1044.80,965.90,1020.80,973.50,409,409200.00,101
BSE,ARIHANTCAP,INE420B01036,B,82.09,82.20,79.79,81.10,81.27,16487,1334788.00,298
BSE,ARIHANTSUP,INE643K01018,B,256.50,262.25,256.50,259.30,256.35,205,52956.00,11
BSE,ARIS,INE0H9P01028,B,122.95,126.50,121.85,123.15,122.20,79272,9882861.00,1242
BSE,ARISE,INE190D01015,X,19.28,19.28,19.26,19.26,19.29,37,712.00,3
BSE,ARITAS,INE1D8001016,MT,12.50,12.50,12.50,12.50,13.11,9000,112500.00,2
BSE,ARKADE,INE0QRL01017,B,139.50,139.50,133.55,135.70,139.95,17139,2319547.00,248
BSE,ARL,INE02GA01012,B,53.89,53.89,50.49,50.75,51.89,5915,302693.00,217
BSE,ARMAN,INE510P01018,X,110.40,110.40,107.00,107.90,110.55,18474,2001378.00,74
BSE,ARMANFIN,INE109C01017,B,1920.60,1989.95,1900.00,1916.50,1926.90,3708,7190518.00,397
BSE,ARNOLD,INE185K01036,X,12.25,12.50,11.89,12.25,12.28,509893,6065367.00,70
BSE,AROGRANITE,INE210C01013,B,24.11,25.58,24.11,25.58,25.40,493,12354.00,9
BSE,ARROWGREEN,INE570D01018,T,691.10,710.00,683.10,710.00,714.50,917,636512.00,42
BSE,ARSHIYA,INE968D01022,Z,1.00,1.06,0.97,0.97,1.02,13489,13787.00,28
BSE,ARSSBL,INE549H01021,B,506.40,513.10,503.10,508.15,510.55,7801,3952409.00,338
BSE,ARTEFACT,INE885B01014,X,53.00,53.10,52.21,52.83,53.12,609,32192.00,12
BSE,ARTEMISMED,INE025R01021,B,272.15,277.00,268.00,275.85,271.85,11053,3053130.00,169
BSE,ARTSON,INE133D01023,XT,150.00,152.00,145.05,149.15,150.00,4249,632627.00,23
BSE,ARUNAHTEL,INE957C01019,X,7.66,7.94,7.08,7.34,7.61,2226,16475.00,41
BSE,ARVAYA,INE491D01017,XT,139.41,139.41,139.41,139.41,132.78,650,90616.00,6
BSE,ARVIND,INE034A01011,A,513.05,528.90,506.15,527.25,513.05,11521,5984605.00,491
BSE,ARVINDFASN,INE955V01021,A,480.00,480.00,460.05,462.85,477.15,7070,3310414.00,281
BSE,ARVSMART,INE034S01021,B,590.60,634.55,586.85,611.90,591.85,4168,2549052.00,179
BSE,ARYACAPM,INE229R01011,B,392.95,406.90,390.00,398.55,393.50,1193,471485.00,266
BSE,ARYAMAN,INE032E01017,X,588.80,597.00,588.80,590.20,589.95,99,58396.00,8
BSE,ARYAN,INE016X01010,X,17.51,18.36,17.51,18.36,17.49,3,54.00,2
BSE,ARYAVAN,INE360S01012,X,57.84,61.19,57.80,59.95,61.22,2716,158762.00,22
BSE,ASAHIINDIA,INE439A01020,A,869.00,891.00,864.00,886.10,872.70,4352,3812681.00,341
BSE,ASAHISONG,INE228I01012,B,321.95,335.00,320.25,329.45,318.10,3152,1035324.00,217
BSE,ASAL,INE900C01027,B,545.00,554.60,504.75,509.00,545.00,10278,5381343.00,534
BSE,ASALCBR,INE073G01016,B,802.25,828.70,795.00,824.85,803.00,1819,1480073.00,202
BSE,ASARFI,INE0DN001027,M,209.10,214.00,209.10,213.05,213.20,12000,2546450.00,10
BSE,ASGARD,INE767M01029,X,31.49,31.49,30.01,30.72,30.19,32318,987414.00,96
BSE,ASHAI,INE709D01012,XT,11.02,11.57,11.00,11.00,11.02,1289,14218.00,8
BSE,ASHAPURMIN,INE348A01023,A,689.15,701.60,670.00,696.95,687.35,29861,20532002.00,968
BSE,ASHCAP,INE894A01026,X,2.76,2.78,2.65,2.71,2.69,56388,152810.00,248
BSE,ASHIANA,INE365D01021,B,375.15,388.30,375.15,386.75,380.20,6371,2434767.00,222
BSE,ASHIKA,INE094B01013,B,395.15,399.90,393.15,399.35,397.25,39945,15832535.00,332
BSE,ASHIMASYN,INE440A01010,B,16.99,17.18,16.70,16.76,16.99,10387,174633.00,54
BSE,ASHNI,INE694W01024,XT,3.46,3.70,3.46,3.60,3.62,616811,2200428.00,758
BSE,ASHNOOR,INE372I01018,X,38.51,40.50,34.75,39.75,39.50,4668,182617.00,57
BSE,ASHOKA,INE442H01029,A,121.05,121.15,119.30,120.75,120.50,39756,4780250.00,660
BSE,ASHOKAMET,INE760Y01011,B,14.46,14.50,14.01,14.14,14.12,3468,49177.00,24
BSE,ASHOKLEY,INE208A01029,A,150.20,151.40,147.60,151.15,150.25,613296,91487816.00,12650
BSE,ASHSI,INE338C01012,X,20.89,22.97,20.89,22.15,21.48,6759,151385.00,33
BSE,ASIACAP,INE131Q01011,XT,82.81,82.81,82.81,82.81,84.50,500,41405.00,2
BSE,ASIAN,INE04Z101016,X,36.00,36.00,34.98,34.98,35.45,502,18045.00,4
BSE,ASIANENE,INE276G01015,B,346.55,362.25,341.00,356.45,350.60,18114,6431151.00,337
BSE,ASIANHOTNR,INE363A01022,B,282.95,324.90,282.95,309.05,293.40,15026,4645668.00,373
BSE,ASIANPAINT,INE021A01026,A,2633.00,2655.00,2630.00,2638.30,2669.00,17438,46075719.00,2245
BSE,ASIANTILES,INE022I01019,B,52.02,56.95,52.02,53.79,51.96,3099770,168889567.00,10607
BSE,ASIANTNE,INE822B01017,X,8.98,9.00,8.00,8.67,8.89,60615,528117.00,118
BSE,ASIIL,INE443A01030,X,23.37,23.45,23.02,23.31,23.37,3415,79683.00,37
BSE,ASINPET,INE810M01019,X,9.38,9.39,8.58,9.33,9.25,10550,95744.00,47
BSE,ASITCFIN,INE041B01014,X,114.50,114.50,114.50,114.50,115.20,214,24503.00,1
BSE,ASKAUTOLTD,INE491J01022,B,503.55,512.00,498.00,509.80,502.45,31978,16180745.00,1214
BSE,ASMS,INE855F01042,T,7.19,7.19,6.95,7.07,7.02,15404,108827.00,68
BSE,ASMTEC,INE867C01010,B,4061.10,4455.20,4012.45,4254.30,4145.20,25245,106165012.00,2234
BSE,ASPIRA,INE500C01017,XT,105.55,107.65,105.55,107.65,105.55,1042,110506.00,5
BSE,ASRL,INE01B501018,X,6.94,6.94,6.70,6.82,6.94,9769,66257.00,76
BSE,ASSOCER,INE771E01010,X,162.00,162.00,161.85,161.85,170.35,141,22825.00,10
BSE,ASTALLTD,INE307N01014,X,80.44,83.70,79.00,82.55,80.44,14858,1201879.00,123
BSE,ASTEC,INE563J01010,B,661.00,663.40,639.00,659.10,665.75,1462,954674.00,141
BSE,ASTERDM,INE914M01019,A,784.00,791.15,772.05,784.00,784.55,121440,95181251.00,1152
BSE,ASTONEALAB,INE0TG901011,MT,266.00,266.05,266.00,266.05,261.75,2000,532050.00,2
BSE,ASTRAL,INE006I01046,A,1411.85,1476.85,1401.55,1467.95,1413.95,93635,135665574.00,6494
BSE,ASTRAMICRO,INE386C01029,A,1787.15,1818.90,1748.80,1814.40,1778.75,18931,33946499.00,1209
BSE,ASTRAZEN,INE203A01020,A,7834.25,8007.75,7820.25,8000.10,7873.60,571,4522584.00,212
BSE,ASTRON,INE646X01014,T,4.04,4.30,4.00,4.01,4.18,10032,41276.00,43
BSE,ASTRONMULT,INE0RUY01012,MT,18.09,18.99,18.09,18.50,19.04,18000,329940.00,7
BSE,ATALREAL,INE0ALR01029,B,30.66,32.12,30.66,31.44,31.36,184372,5816222.00,365
BSE,ATAM,INE09KD01013,B,66.00,67.22,66.00,66.03,67.29,650,42968.00,28
BSE,ATENPAPERS,INE0XCV01014,MT,19.51,21.00,19.51,20.26,20.11,2400,48612.00,2
BSE,ATGL,INE399L01023,A,653.00,663.70,648.85,653.20,664.05,105585,69213255.00,3362
BSE,ATHARVA,INE226801012,M,78.00,79.70,78.00,78.00,79.30,16000,1259820.00,8
BSE,ATHARVENT,INE354E01031,X,3.37,3.75,3.37,3.69,3.34,351,1295.00,15
BSE,ATHCON,INE291R01011,M,3.32,3.32,3.32,3.32,3.02,2500,8300.00,1
BSE,ATHENAGLO,INE576B01019,XT,54.50,54.51,54.15,54.42,57.00,2384,129857.00,14
BSE,ATHERENERG,INE0LEZ01016,A,1225.15,1225.15,1189.20,1209.20,1231.30,429047,516672016.00,5985
BSE,ATIL,INE0X4A01013,M,83.00,83.70,83.00,83.70,83.73,4000,332700.00,4
BSE,ATISHAY,INE011R01013,X,164.50,171.90,163.80,169.25,164.25,1640,276752.00,19
BSE,ATL,INE0NN701020,B,23.48,23.48,22.57,22.83,22.84,2329,52903.00,64
BSE,ATLANTAA,INE285H01022,B,36.00,36.54,34.80,35.16,36.53,2751,98301.00,389
BSE,ATLANTAELE,INE0Z4F01028,B,1574.65,1615.80,1554.15,1590.55,1538.90,16096,25675358.00,979
BSE,ATLASCYCLE,INE446A01025,B,96.85,99.13,96.85,97.10,97.03,135,13114.00,6
BSE,ATUL,INE100A01010,A,6153.00,6520.00,6077.35,6394.95,6133.25,14217,89257864.00,2285
BSE,ATULAUTO,INE951D01028,B,465.65,477.40,463.05,474.75,474.65,7527,3537611.00,319
BSE,ATVOENT,INE219M01021,XT,30.69,30.69,30.28,30.50,30.87,5876,178631.00,22
BSE,ATVPR,INE447A01015,X,22.97,22.99,22.52,22.75,22.83,9476,215153.00,98
BSE,AUBANK,INE949L01017,A,970.00,1015.00,967.40,1002.25,976.30,825841,807471173.00,6948
BSE,AUREATE,INE1KVL01010,M,30.75,30.75,30.75,30.75,32.36,6000,184500.00,3
BSE,AURIONPRO,INE132H01018,A,808.45,828.70,800.15,825.45,808.10,4636,3758924.00,317
BSE,AUROLAB,INE292C01011,X,241.00,244.80,240.00,243.90,240.50,88,21185.00,10
BSE,AUROPHARMA,INE406A01037,A,1516.30,1540.65,1513.15,1531.50,1523.90,21044,32206861.00,1819
BSE,AURUM,INE898S01029,B,227.80,227.80,221.00,221.95,226.15,5019,1121809.00,179
BSE,AURUS,INE142K01011,B,4.82,5.05,4.60,4.68,4.89,1511,7051.00,16
BSE,AUSOMENT,INE218C01016,T,132.95,132.95,132.75,132.75,127.10,529,70324.00,5
BSE,AUSTENG,INE759F01012,X,169.65,169.65,161.00,161.50,166.60,1217,196779.00,29
BSE,AUSTERE,INE104201012,M,41.20,41.20,41.20,41.20,41.00,2000,82400.00,1
BSE,AUTOAXLES,INE449A01011,B,1807.60,1810.35,1783.00,1810.35,1812.00,326,585043.00,36
BSE,AUTOIND,INE718H01014,T,83.96,88.20,80.01,88.17,84.02,8700,734657.00,103
BSE,AUTOINT,INE340U01010,X,296.00,296.00,272.45,272.45,286.75,3268,891651.00,149
BSE,AUTOPRD,INE0NY101012,XT,6.48,6.48,6.48,6.48,6.18,50,324.00,1
BSE,AVADHSUGAR,INE349W01017,T,516.35,529.95,516.35,529.95,531.20,184,96322.00,19
BSE,AVAILFC,INE325G01010,B,146.25,149.95,143.25,145.00,148.60,3158,459272.00,75
BSE,AVALON,INE0LCL01028,A,1741.40,1765.35,1719.00,1741.75,1741.40,6816,11854749.00,637
BSE,AVANCE,INE758A01072,X,0.90,0.91,0.89,0.90,0.90,4110272,3688040.00,1490
BSE,AVANTEL,INE005B01027,A,164.65,164.65,160.50,163.45,164.45,267000,43330956.00,1196
BSE,AVANTIFEED,INE871C01038,A,955.35,985.15,952.25,978.15,959.25,44620,42971311.00,1710
BSE,AVAX,INE0NQ401024,MT,50.00,52.40,50.00,52.40,50.00,36000,1802400.00,6
BSE,AVEER,INE09BN01011,X,609.95,611.00,608.95,610.85,599.80,93,56767.00,7
BSE,AVG,INE680Z01018,T,200.70,206.00,193.20,205.45,203.35,9119,1778863.00,52
BSE,AVIVA,INE461H01011,X,57.15,57.43,57.15,57.43,57.41,26,1486.00,2
BSE,AVL,INE679V01027,A,610.05,616.40,603.25,610.85,619.10,10521,6421240.00,419
BSE,AVONMORE,INE323B01024,B,9.69,9.69,9.34,9.45,9.61,5379,50818.00,76
BSE,AVROIND,INE652Z01025,B,8.80,9.20,8.60,8.84,8.92,16901,148887.00,119
BSE,AVTNPL,INE488D01021,B,69.33,70.71,69.00,69.71,69.75,3850,267222.00,61
BSE,AWFIS,INE108V01019,A,273.00,274.85,270.75,272.25,278.95,22521,6128726.00,644
BSE,AWHCL,INE01BK01022,B,435.90,436.15,429.00,432.80,434.80,2179,940261.00,146
BSE,AWL,INE699H01024,A,186.30,189.00,185.20,188.20,187.60,138207,25851827.00,2113
BSE,AXELPOLY,INE197C01012,X,44.00,44.00,41.51,42.94,41.48,748,31343.00,14
BSE,AXISBANK,INE238A01034,A,1220.65,1233.50,1211.30,1228.10,1222.95,504952,615544445.00,6556
BSE,AXISCADES,INE555B01013,B,1565.95,1616.00,1538.10,1608.50,1560.65,5682,9045834.00,625
BSE,AXITA,INE02EZ01022,B,7.46,7.46,7.31,7.33,7.33,55193,406634.00,190
BSE,AXTEL,INE767C01012,X,426.65,432.00,422.70,425.35,428.75,513,219188.00,62
BSE,AYE,INE501X01029,B,171.15,175.00,164.95,171.90,170.65,87469,14865547.00,979
BSE,AYMSYNTEX,INE193B01039,B,231.95,234.95,225.55,234.00,236.40,2685,615376.00,165
BSE,AZAD,INE02IJ01035,A,2356.10,2443.25,2335.00,2440.15,2346.95,37535,90011115.00,2603
BSE,AZADIND,INE566M01017,X,87.00,87.99,85.20,86.21,86.39,1083,92930.00,34
BSE,AZTEC,INE0SCB01016,M,96.60,102.00,96.60,101.20,97.20,14000,1393250.00,14
BSE,B2BSOFT,INE151B01011,X,26.55,29.70,25.75,28.77,27.22,61498,1743096.00,351
BSE,BABA,INE893A01036,X,14.65,14.65,13.72,14.13,14.03,10859,153542.00,62
BSE,BACPHAR,INE711D01018,X,28.20,28.20,28.20,28.20,29.68,366,10321.00,16
BSE,BAFNAPH,INE878I01022,T,238.20,246.95,238.00,245.00,242.40,1439,348340.00,22
BSE,BAGFILMS,INE116D01028,B,4.59,4.60,4.41,4.55,4.59,10543,47180.00,45
BSE,BAGMANE,INE2OVN25015,IF,104.99,104.99,104.31,104.53,104.60,1862,194848.00,172
BSE,BAIDFIN,INE020D01022,B,10.01,10.04,9.81,9.83,9.80,26212,258893.00,57
BSE,BAIKAKAJI,INE1IJQ01026,M,181.60,190.00,181.60,189.05,185.00,5400,1006350.00,8
BSE,BAJAJ-AUTO,INE917I01010,A,11273.80,11325.00,11108.80,11128.05,11278.65,19560,219624788.00,5232
BSE,BAJAJCON,INE933K01021,A,557.70,558.80,540.50,551.10,555.65,24215,13321814.00,683
BSE,BAJAJELEC,INE193E01025,A,325.00,332.35,321.95,328.75,326.50,6351,2059599.00,240
BSE,BAJAJFINSV,INE918I01026,A,1884.25,1893.10,1867.25,1876.95,1889.35,261372,491756507.00,3055
BSE,BAJAJHCARE,INE411U01027,B,318.00,325.35,313.85,323.05,317.90,23467,7495563.00,521
BSE,BAJAJHFL,INE377Y01014,A,84.05,84.55,83.56,84.18,84.82,439862,36993015.00,5083
BSE,BAJAJHIND,INE306A01021,B,16.70,17.37,16.57,17.26,16.84,356300,6028381.00,1591
BSE,BAJAJHLDNG,INE118A01012,A,10640.80,10744.15,10550.65,10677.30,10640.85,3716,39652807.00,945
BSE,BAJAJINDEF,INE0O9T01021,B,234.00,234.25,226.00,230.00,235.20,1513,344432.00,54
BSE,BAJAJST,INE704G01024,B,385.65,405.00,380.00,396.35,388.90,4654,1820263.00,409
BSE,BAJEL,INE0KQN01018,B,179.00,179.60,176.00,179.30,179.35,10914,1946104.00,206
BSE,BAJFINANCE,INE296A01032,A,1025.00,1030.40,1002.00,1012.65,1039.50,1602537,1624960173.00,13055
BSE,BALAJEE,INE0S2G01011,B,29.95,29.95,26.90,27.20,28.02,10989,296565.00,139
BSE,BALAJITELE,INE794B01026,B,85.00,85.23,83.10,84.16,85.66,4477,375917.00,77
BSE,BALAMINES,INE050E01027,B,2324.40,2327.50,2127.10,2181.10,2345.30,13813,30791058.00,1487
BSE,BALGOPAL,INE119R01014,X,239.00,239.00,182.00,198.75,205.45,4311,831306.00,92
BSE,BALKRISHNA,INE875R01011,B,17.83,17.83,17.65,17.65,17.83,116,2056.00,4
BSE,BALKRISIND,INE787D01026,A,2007.95,2029.00,1980.90,2014.00,2011.60,6870,13787030.00,923
BSE,BALMLAWRIE,INE164A01016,B,173.45,175.80,173.45,174.45,175.75,13131,2292325.00,198
BSE,BALPHARMA,INE083D01012,B,86.85,87.59,86.54,87.08,88.21,1725,150090.00,29
BSE,BALRAMCHIN,INE119A01028,A,610.55,619.75,607.10,610.15,612.85,17916,10960805.00,562
BSE,BALTE,INE654B01014,X,11.83,12.00,11.78,11.89,11.83,2517,30019.00,14
BSE,BALUFORGE,INE011E01029,A,430.35,435.40,425.25,433.45,431.25,22126,9470510.00,540
BSE,BAMBINO,INE921D01013,X,218.00,218.00,202.00,207.35,207.95,1829,376292.00,40
BSE,BAMPSL,INE802A01037,X,19.69,19.72,19.00,19.72,19.38,3013,57656.00,16
BSE,BANARBEADS,INE655B01011,B,113.65,123.20,113.65,121.25,113.65,3396,408412.00,121
BSE,BANASFN,INE521L01030,X,6.84,7.10,6.21,7.10,6.84,30735,213582.00,76
BSE,BANCOINDIA,INE213C01025,A,602.80,614.15,589.60,608.25,607.80,13962,8355677.00,804
BSE,BANDARAM,INE875N01036,X,23.50,23.50,23.15,23.50,23.10,3935,92467.00,12
BSE,BANDHANBNK,INE545U01014,A,165.80,167.70,161.95,166.00,165.75,1158192,190848556.00,8661
BSE,BANG,INE863I01016,B,27.42,28.24,26.60,27.68,27.42,1035,28724.00,41
BSE,BANKBARODA,INE028A01039,A,242.30,247.10,239.30,246.60,243.00,360622,87677237.00,4687
BSE,BANKINDIA,INE084A01016,A,142.15,143.15,139.85,142.65,142.20,341481,48268381.00,2523
BSE,BANSALWIRE,INE0B9K01025,B,311.90,324.95,307.85,323.05,308.10,14258,4530076.00,490
BSE,BANSWRAS,INE629D01020,B,128.15,128.65,125.65,126.40,127.25,703,89990.00,26
BSE,BAPACK,INE00FM01013,X,195.00,203.00,187.25,195.00,195.00,311,60502.00,14
BSE,BARODARY,INE461A01024,X,129.30,129.30,126.00,127.40,129.30,111,14145.00,16
BSE,BAROEXT,INE927K01023,X,8.46,8.46,7.80,8.24,8.23,60378,497312.00,160
BSE,BASANTGL,INE473E01021,X,11.35,11.35,10.80,10.92,10.99,17755,193093.00,91
BSE,BASF,INE373A01013,A,3671.30,3696.50,3624.00,3670.35,3700.70,2061,7539001.00,284
BSE,BASML,INE186H01022,T,27.14,27.14,26.06,26.19,27.08,4560,120935.00,29
BSE,BATAINDIA,INE176A01028,A,676.00,693.85,667.50,688.85,677.00,20856,14202752.00,985
BSE,BATLIBOI,INE177C01022,B,85.50,87.49,84.00,84.61,87.09,3017,258840.00,127
BSE,BAYERCROP,INE462A01022,A,4251.55,4260.85,4214.60,4218.45,4275.50,1060,4488414.00,304
BSE,BAZELINTER,INE217E01014,X,17.50,17.90,17.40,17.40,17.40,1011,17665.00,16
BSE,BBL,INE464A01036,B,2508.10,2533.00,2450.00,2514.35,2510.05,1608,4027271.00,308
BSE,BBOX,INE676A01027,A,778.00,786.95,769.00,778.75,786.75,16803,13033355.00,1027
BSE,BBTC,INE050A01025,A,1450.55,1464.15,1432.55,1458.25,1471.70,3174,4597314.00,388
BSE,BBTCL,INE01EE01011,B,216.35,221.90,210.00,214.55,216.35,3559,765779.00,64
BSE,BCCFUBA,INE788D01016,XT,215.00,228.00,207.55,208.70,218.45,63313,14012992.00,557
BSE,BCCL,INE0KQ001017,M,41.00,41.50,39.65,39.85,41.00,2000,81280.00,5
BSE,BCG,INE425B01027,B,9.35,9.45,9.21,9.41,9.37,380449,3538112.00,801
BSE,BCLIND,INE412G01024,B,35.19,35.97,34.44,35.65,34.97,60819,2144391.00,225
BSE,BCONCEPTS,INE977Y01011,B,190.10,190.10,186.15,186.15,185.90,48,9054.00,13
BSE,BCP,INE905P01028,X,1.77,1.81,1.77,1.78,1.79,32191,57511.00,81
BSE,BCPL,INE00SW01015,B,71.29,71.29,69.15,70.16,70.06,691,48311.00,75
BSE,BDH,INE278D01018,X,580.35,598.00,551.20,589.80,580.35,10198,5971168.00,265
BSE,BDL,INE171Z01026,A,1226.55,1251.05,1221.05,1242.40,1239.90,63208,78114823.00,3819
BSE,BECTORFOOD,INE495P01020,B,197.90,210.75,197.00,207.05,199.30,266860,54541086.00,2243
BSE,BEEKAY,INE213D01015,B,403.20,405.00,386.00,403.40,395.25,296,116824.00,16
BSE,BEEYU,INE052B01011,X,2.79,2.79,2.76,2.76,2.57,1466,4066.00,8
BSE,BEEZAASAN,INE13VU01016,MT,369.10,373.90,356.00,370.00,369.10,3200,1175200.00,4
BSE,BEFOUNDMOL,INE425F01028,X,3.19,3.19,3.04,3.04,3.20,652,1982.00,6
BSE,BEL,INE263A01024,A,405.20,406.20,401.25,405.05,405.30,914697,368928016.00,4761
BSE,BELDING,INE363L01045,X,1049.30,1049.30,992.20,999.45,1025.00,35999,36076759.00,221
BSE,BELLACASA,INE344T01014,B,242.70,252.50,239.70,241.35,248.75,8454,2084342.00,322
BSE,BELRISE,INE894V01022,A,227.25,230.35,224.05,228.40,229.25,119344,27113215.00,1763
BSE,BEMHY,INE142E01022,X,107.00,107.50,104.00,104.77,106.14,4914,518661.00,122
BSE,BEML,INE258A01024,A,1713.75,1730.35,1698.00,1713.10,1728.15,8032,13773861.00,639
BSE,BENARAS,INE664D01019,B,10250.05,10290.00,10169.95,10200.00,10200.00,952,9747797.00,823
BSE,BENGALASM,INE083K01017,B,6202.05,6202.10,6202.05,6202.10,6205.05,2,12404.00,2
BSE,BENGALT,INE665D01016,X,144.85,144.85,138.00,138.50,139.20,18,2531.00,7
BSE,BEPL,INE922A01025,B,116.95,122.86,116.50,121.83,117.07,312621,37468523.00,2576
BSE,BERGEPAINT,INE463A01038,A,490.05,500.40,489.00,497.90,493.05,5923,2932049.00,350
BSE,BERLDRG,INE415H01017,X,22.25,22.75,21.00,21.28,21.94,1388,30777.00,45
BSE,BERVINL,INE348I01018,X,44.56,44.56,40.32,42.81,42.44,458,18704.00,13
BSE,BERYLSE,INE508J01015,XT,39.99,39.99,36.29,36.29,38.19,3273,118956.00,21
BSE,BESTAGRO,INE052T01021,B,14.99,15.31,14.87,15.02,15.19,49750,746218.00,224
BSE,BESTEAST,INE553F01035,XT,16.70,17.48,16.20,16.70,16.80,4361,74430.00,17
BSE,BETXIND,INE765L01017,X,459.00,499.00,459.00,490.00,490.00,184,90118.00,17
BSE,BFINVEST,INE878K01010,B,451.10,463.00,440.00,458.45,450.95,3668,1653941.00,199
BSE,BFLAFL,INE948Q01018,X,7.00,7.00,6.67,6.67,7.00,1160,7831.00,11
BSE,BFUTILITIE,INE243D01012,B,578.95,582.80,565.00,580.70,579.00,6190,3569345.00,237
BSE,BGDL,INE893C01032,B,87.00,89.99,87.00,89.77,88.51,7930,700519.00,194
BSE,BGIL,INE443D01018,X,7.76,8.00,7.50,7.66,7.78,47287,362981.00,116
BSE,BGRENERGY,INE661I01014,T,289.95,293.00,289.00,291.20,294.30,815,237314.00,42
BSE,BGWTATO,INE106G01014,X,705.00,733.90,651.30,696.40,687.95,23346,16004485.00,803
BSE,BHAGCHEM,INE414D01027,B,259.00,265.00,254.75,261.10,259.05,3138,806668.00,84
BSE,BHAGERIA,INE354C01027,T,239.70,239.70,230.00,230.90,228.50,67533,15923280.00,272
BSE,BHAGGAS,INE099C01010,XT,12.41,12.41,12.17,12.41,12.17,261254,3209880.00,307
BSE,BHAGWOX,INE026I01010,X,41.37,41.37,37.51,37.62,39.40,1487,60038.00,34
BSE,BHAGYANGR,INE458B01036,T,407.00,420.00,386.25,398.15,406.55,11914,4788214.00,345
BSE,BHANDARI,INE474E01029,T,2.86,2.92,2.85,2.91,2.86,2095,6043.00,15
BSE,BHARAT,INE900A01013,X,24.30,25.49,23.80,24.15,23.63,2979,72777.00,43
BSE,BHARATAGRI,INE842D01029,X,22.91,23.15,22.50,23.15,22.90,4359,99924.00,46
BSE,BHARATCOAL,INE05XR01022,B,34.37,35.25,34.05,34.95,34.82,471211,16256446.00,1304
BSE,BHARATFORG,INE465A01025,A,2147.85,2167.45,2127.50,2151.85,2176.75,76246,163409344.00,5395
BSE,BHARATGEAR,INE561C01019,T,119.60,122.00,118.90,122.00,118.45,3963,480069.00,67
BSE,BHARATRAS,INE838B01021,B,1270.00,1273.70,1253.70,1262.00,1267.00,601,758329.00,147
BSE,BHARATROHAN,INE0QMV01017,M,136.95,136.95,130.50,132.15,137.95,21600,2857680.00,27
BSE,BHARATSE,INE415D01024,B,210.50,219.25,208.85,217.05,214.75,24072,5118020.00,508
BSE,BHARATWIRE,INE316L01019,B,192.40,194.55,189.65,193.65,194.10,3098,595676.00,109
BSE,BHARTIARTL,INE397D01024,A,1901.45,1905.30,1878.00,1899.10,1931.15,131790,249276141.00,7252
BSE,BHARTIHEXA,INE343G01021,A,1592.70,1610.30,1571.45,1607.05,1608.00,58036,92197647.00,349
BSE,BHASKAGR,INE972C01018,X,135.00,135.00,123.00,123.35,126.10,589,73529.00,25
BSE,BHATIA,INE341Z01025,X,23.26,23.93,23.26,23.60,23.72,8686,204948.00,71
BSE,BHEL,INE257A01026,A,405.00,418.00,402.20,417.20,409.85,1669630,676959033.00,11166
BSE,BHILSPIN,INE436C01014,X,128.50,131.50,126.00,128.55,126.15,3441,441633.00,58
BSE,BHUDEVI,INE432N01010,XT,153.95,153.95,140.60,149.00,147.70,176,26978.00,10
BSE,BI,INE986A01012,B,60.26,60.90,59.10,59.34,60.25,856,51140.00,21
BSE,BIBCL,INE994B01014,B,16.34,16.39,15.79,15.86,16.03,21224,339486.00,157
BSE,BIGBLOC,INE412U01025,B,46.27,48.68,46.01,47.86,46.50,10652,495809.00,215
BSE,BIHSPONG,INE819C01011,X,12.70,12.70,12.10,12.25,12.21,4115,50217.00,26
BSE,BIKAJI,INE00E101023,A,624.85,639.05,624.85,633.10,631.55,9137,5783116.00,1328
BSE,BIL,INE828A01016,B,745.00,745.00,727.00,727.00,731.35,12,8839.00,7
BSE,BILLWIN,INE0CRS01012,M,20.25,20.25,19.50,19.99,23.65,9000,179910.00,3
BSE,BILVYAPAR,INE071A01013,T,4.05,4.09,3.87,3.89,4.05,666,2640.00,7
BSE,BIOCON,INE376G01013,A,433.05,434.50,426.80,433.70,435.10,70320,30263415.00,1201
BSE,BIOFILCHEM,INE829A01014,B,36.50,36.50,31.81,31.98,32.34,1152,41054.00,12
BSE,BIOGEN,INE703D01023,X,0.32,0.32,0.31,0.32,0.31,2251348,714018.00,710
BSE,BIRET,INE0FDU25010,IF,337.90,341.87,334.90,339.34,336.75,6540,2216351.00,367
BSE,BIRLACABLE,INE800A01015,T,198.10,200.80,192.00,197.45,198.25,7428,1465750.00,179
BSE,BIRLACORPN,INE340A01012,A,967.95,970.00,939.00,956.10,974.90,12558,12029301.00,2017
BSE,BIRLAMONEY,INE865C01022,B,133.55,133.55,130.00,131.80,132.75,5032,661600.00,505
BSE,BIRLANU,INE557A01011,B,1340.00,1360.30,1322.15,1346.30,1347.85,533,719503.00,56
BSE,BIRLAPREC,INE372E01025,B,34.57,34.57,33.62,34.00,34.24,3250,111069.00,47
BSE,BITS,INE839A01021,X,7.58,7.60,7.15,7.49,7.57,27644,204600.00,160
BSE,BIZOTIC,INE0OJ401014,MT,545.10,579.95,540.00,567.50,560.00,1600,883820.00,8
BSE,BKV,INE356C01022,X,9.50,9.87,9.50,9.82,9.69,135,1283.00,6
BSE,BLACKBUCK,INE0UIZ01018,A,543.75,543.75,533.10,539.30,545.60,9863,5309931.00,547
BSE,BLACKROSE,INE761G01016,T,96.10,98.80,95.05,96.15,97.70,2990,287741.00,70
BSE,BLAL,INE0N7W01012,B,179.50,179.50,175.00,176.25,179.50,527,93046.00,42
BSE,BLBLIMITED,INE791A01024,B,17.15,17.32,15.52,15.98,15.75,2252,37355.00,20
BSE,BLIL,INE525F01025,B,69.80,70.31,69.80,69.86,70.02,5076,354804.00,199
BSE,BLISSGVS,INE416D01022,T,455.00,467.30,446.20,463.55,462.85,10255,4714444.00,280
BSE,BLKASHYAP,INE350H01032,B,54.52,55.43,53.58,54.56,54.69,19294,1051412.00,167
BSE,BLOIN,INE373E01015,X,33.90,33.90,32.26,33.35,33.95,5496,177355.00,11
BSE,BLOOM,INE253C01013,X,7.01,7.01,7.01,7.01,7.16,2304,16151.00,5
BSE,BLS,INE153T01027,A,227.00,234.80,226.55,233.65,230.20,82752,19045876.00,1158
BSE,BLSE,INE0NLT01010,B,260.05,287.75,259.95,282.20,263.50,73749,20453653.00,1447
BSE,BLT,INE0W4K01013,MT,28.80,29.00,28.80,29.00,27.65,4800,138560.00,3
BSE,BLUECHIP,INE657B01025,T,2.46,2.46,2.46,2.46,2.51,21,51.00,2
BSE,BLUECHIPT,INE472D01017,X,118.00,120.00,116.05,119.95,116.00,209,25018.00,8
BSE,BLUECLOUDS,INE373T01047,B,19.67,20.66,19.42,20.46,19.68,5054238,103582014.00,4151
BSE,BLUECOAST,INE472B01011,T,22.51,24.73,22.40,24.73,23.56,14,339.00,3
BSE,BLUEDART,INE233B01017,A,4760.00,4970.00,4716.50,4896.75,4767.35,2265,11096114.00,438
BSE,BLUEJET,INE0KBH01020,A,576.00,595.40,563.50,566.65,577.20,49081,28517824.00,1515
BSE,BLUESTARCO,INE472A01039,A,1640.20,1654.90,1603.20,1637.00,1632.25,12027,19624192.00,1951
BSE,BLUESTONE,INE304W01038,A,755.40,793.45,712.20,772.90,749.60,3231834,2437470731.00,49944
BSE,BLUSPRING,INE0U4101014,B,104.10,109.25,101.10,108.75,104.15,17060,1779694.00,203
BSE,BMBMUMG,INE644K01016,XT,7.00,7.00,6.75,6.75,7.10,19,129.00,3
BSE,BMW,INE374E01021,X,54.05,55.40,54.05,55.14,55.07,115257,6303342.00,365
BSE,BMWVENTLTD,INE965W01036,B,56.72,57.00,56.01,56.42,56.60,1295,73154.00,49
BSE,BNAGROCHEM,INE00HZ01011,T,274.80,274.80,274.80,274.80,277.95,9,2473.00,2
BSE,BNALTD,INE489D01011,T,490.00,490.00,465.50,484.90,490.00,535,251652.00,9
BSE,BNRSEC,INE710D01028,X,16.95,16.95,16.36,16.58,16.71,21136,350723.00,175
BSE,BNRUDY,INE355C01016,X,33.15,35.90,33.15,33.31,33.15,34,1132.00,4
BSE,BODALCHEM,INE338D01028,T,68.99,68.99,65.80,68.02,66.55,12790,860886.00,75
BSE,BODHTREE,INE104F01029,X,18.50,18.50,16.50,17.00,18.32,10791,184964.00,54
BSE,BOMBCYC,INE691K01017,X,1598.80,1598.80,1532.00,1541.70,1559.55,9,13979.00,5
BSE,BOMBWIR,INE089T01023,X,47.50,48.50,47.50,47.50,47.50,25,1202.00,4
BSE,BOMDYEING,INE032A01023,B,120.75,121.90,118.00,121.70,120.45,24458,2936772.00,615
BSE,BOMOXY-B1,INE01TL01014,X,18412.05,19247.00,18412.00,19247.00,18912.00,16,300614.00,15
BSE,BOMTALKIES,INE910D01024,X,3.20,3.20,3.20,3.20,3.20,4,12.00,2
BSE,BONDADA,INE0Q8P01029,M,310.00,314.50,304.10,306.35,305.95,198000,61048560.00,527
BSE,BONLON,INE0B9A01018,B,41.20,41.91,41.20,41.90,41.00,12,502.00,3
BSE,BORANA,INE16SF01016,B,322.95,332.80,321.95,328.00,326.30,790,258240.00,59
BSE,BOROLTD,INE02PY01013,B,230.10,236.60,228.50,232.80,233.65,4752,1101522.00,152
BSE,BORORENEW,INE666D01022,A,573.95,583.25,570.75,581.20,578.05,24440,14104838.00,769
BSE,BOROSCI,INE02L001032,B,153.10,153.55,150.85,152.05,152.05,2527,384064.00,61
BSE,BOSCH-HCIL,INE782A01015,B,1309.85,1335.25,1301.00,1329.15,1309.85,433,567688.00,62
BSE,BOSCHLTD,INE323A01026,A,42300.50,42300.50,41500.00,41766.35,42203.55,389,16256355.00,232
BSE,BOSTON,INE109B01019,X,5.24,5.24,5.24,5.24,5.25,602,3154.00,2
BSE,BPAGRI,INE439N01031,B,8.92,9.10,8.61,9.01,8.80,13426,120045.00,125
BSE,BPCL,INE029A01011,A,306.60,311.75,305.50,310.20,309.90,233231,71998657.00,3950
BSE,BPL,INE110A01019,B,54.00,54.28,53.20,53.99,54.15,1976,106125.00,91
BSE,BPLPHARMA,INE365Y01019,X,1509.95,1509.95,1426.00,1436.40,1507.90,828,1199052.00,46
BSE,BRADYM,INE856A01017,X,741.00,753.00,741.00,744.25,741.00,64,47496.00,9
BSE,BRAHMINFRA,INE320I01017,X,160.65,166.55,160.65,164.00,163.45,2122,346879.00,100
BSE,BRAWN,INE899B01015,X,23.39,23.39,23.39,23.39,23.50,111,2596.00,2
BSE,BRGIL,INE00ST01011,M,126.30,131.75,126.30,130.45,126.30,17000,2194800.00,16
BSE,BRIDGESE,INE958C01025,X,15.90,15.90,13.95,14.30,15.34,61387,898301.00,573
BSE,BRIGADE,INE791I01019,A,524.50,528.90,515.55,525.40,526.70,23076,12052065.00,1485
BSE,BRIGHOTEL,INE03NU01014,B,60.76,61.00,60.10,60.24,60.93,1591,95928.00,289
BSE,BRIGHT,INE0OMI01019,M,364.95,369.00,360.00,362.60,360.65,24750,9038362.00,44
BSE,BRIGHTBR,INE630D01010,X,222.20,237.00,222.20,228.20,222.20,1771,405156.00,42
BSE,BRIJLEAS,INE957E01031,X,9.70,9.90,9.15,9.79,9.75,6074,56590.00,20
BSE,BRISK,INE0Q6L01014,MT,74.95,77.45,74.95,77.45,73.85,6400,487680.00,6
BSE,BRITANNIA,INE216A01030,A,5408.85,5456.80,5315.35,5383.75,5388.60,7435,40049390.00,2168
BSE,BRNL,INE727S01012,B,17.59,18.97,17.21,18.29,17.40,7265,130428.00,29
BSE,BROOKS,INE650L01011,T,65.01,65.01,64.15,64.20,67.52,2021,129982.00,30
BSE,BRPL,INE319Q01012,B,116.20,122.95,116.20,120.20,119.75,4605,557610.00,95
BSE,BRRL,INE0IZQ01016,M,801.50,888.00,801.50,869.70,900.00,7200,6239300.00,25
BSE,BSELALGO,INE395A01016,X,4.15,4.19,4.01,4.14,4.17,49146,201028.00,130
BSE,BSHSL,INE032Z01020,T,88.80,88.80,84.44,86.84,88.88,361,30839.00,22
BSE,BSL,INE594B01012,B,124.10,124.10,124.10,124.10,124.10,200,24820.00,1
BSE,BSOFT,INE836A01035,A,277.95,285.95,277.50,282.50,278.90,70555,19817508.00,1442
BSE,BTML,INE0EEJ01023,B,6.05,7.09,5.70,6.92,6.10,161061,1066123.00,358
BSE,BTTL,INE274K01012,T,47.50,49.00,47.50,48.98,49.98,2963,142013.00,17
BSE,BUILDPRO,INE24OJ01011,B,1234.40,1250.00,1207.00,1237.20,1237.55,930,1145570.00,131
BSE,BUTTERFLY,INE295F01017,B,748.00,761.10,733.00,760.60,751.35,365,272475.00,56
BSE,BVCL,INE139I01011,B,40.31,41.53,40.31,40.37,40.83,204,8265.00,10
BSE,BYKE,INE319B01014,T,32.50,32.70,32.50,32.50,32.51,2017,65572.00,7
BSE,CALCOM,INE216C01010,X,76.89,78.80,76.89,77.50,76.89,232,17988.00,10
BSE,CALLISTA,INE714Q01014,XT,160.00,168.00,157.30,160.85,160.00,6389,1015853.00,22
BSE,CALSOFT,INE526B01014,T,21.35,22.18,20.65,22.00,21.51,13593,287275.00,53
BSE,CAMEXLTD,INE198C01010,X,38.71,42.50,38.70,41.13,40.72,2257,93736.00,24
BSE,CAMLINFINE,INE052I01032,B,120.00,125.30,118.75,124.70,120.45,24975,3054152.00,415
BSE,CAMPUS,INE278Y01022,A,219.80,220.30,216.00,216.80,218.95,30735,6695911.00,637
BSE,CAMS,INE596I01020,A,758.20,766.65,747.50,761.15,758.20,109110,82381186.00,5966
BSE,CANBK,INE476A01022,A,124.05,126.75,123.00,125.70,125.25,1355828,169536518.00,6965
BSE,CANDOUR,INE713D01055,X,84.00,84.00,77.02,78.88,80.32,14751,1179890.00,85
BSE,CANFINHOME,INE477A01020,A,818.95,819.00,799.00,814.20,818.55,16194,13036190.00,1265
BSE,CANHLIFE,INE01TY01017,B,149.55,151.05,147.05,147.35,153.50,126797,18856398.00,1168
BSE,CANTABIL,INE068L01024,B,240.10,242.25,235.20,240.25,241.35,4672,1110925.00,219
BSE,CAPACITE,INE264T01014,B,214.40,214.40,210.95,212.75,214.35,14259,3034976.00,314
BSE,CAPILLARY,INE0ILV01024,B,477.55,477.80,471.00,475.20,477.20,160211,76099962.00,101
BSE,CAPINVIT,INE0Z8Z23013,IF,72.50,72.99,72.00,72.27,74.40,43606,3156274.00,1564
BSE,CAPITALSFB,INE646H01017,B,300.00,300.00,287.60,292.20,299.85,4778,1394791.00,189
BSE,CAPLIPOINT,INE475E01026,A,2458.00,2514.40,2455.20,2464.65,2487.15,8465,21045076.00,1060
BSE,CAPPIPES,INE513R01026,B,9.49,9.53,9.14,9.23,9.40,81451,756173.00,330
BSE,CAPRICORN,INE968E01012,XT,17.35,17.35,15.71,17.35,16.53,81779,1415747.00,86
BSE,CAPRIHANS,INE479A01018,X,75.04,76.50,73.00,76.50,75.04,521,38358.00,15
BSE,CAPRO,INE470N01010,X,49.82,49.83,47.34,49.82,49.83,801,39894.00,8
BSE,CAPTRUST,INE707C01018,B,14.98,15.42,14.51,14.89,15.27,7501,111149.00,48
BSE,CARBORUNIV,INE120A01034,A,1057.05,1071.00,1034.60,1064.15,1056.35,6907,7267193.00,546
BSE,CARERATING,INE752H01013,A,1747.95,1747.95,1652.95,1680.10,1728.70,2186,3697930.00,308
BSE,CARRARO,INE0V7W01012,B,537.00,542.05,527.00,536.15,536.95,5302,2823461.00,332
BSE,CARTRADE,INE290S01011,A,2661.55,2738.95,2638.55,2654.95,2693.20,25996,69652816.00,2035
BSE,CARYSIL,INE482D01024,B,1121.10,1144.00,1094.40,1133.00,1117.25,5933,6627847.00,493
BSE,CASPIAN,INE176N01039,XT,35.00,35.80,33.57,34.79,35.33,1478,51998.00,32
BSE,CASTROLIND,INE172A01027,A,185.05,186.60,184.00,184.85,185.25,43487,8052739.00,1037
BSE,CATVISION,INE660B01011,X,19.13,20.39,18.80,20.04,20.60,3829,74097.00,28
BSE,CBPL,INE07QQ01016,M,33.00,33.00,32.00,32.00,33.00,2000,65000.00,2
BSE,CCAL,INE0M7501019,MT,29.60,29.61,29.60,29.61,28.20,18000,532920.00,3
BSE,CCAVENUE,INE483S01020,A,16.16,16.54,15.83,16.30,16.16,551532,8912312.00,1293
BSE,CCCL,INE429I01024,B,16.07,16.12,15.56,15.88,16.00,8649,137926.00,51
BSE,CCDL,INE187R01029,XT,1.11,1.18,1.11,1.16,1.15,1339557,1555567.00,203
BSE,CCDL-RE,INE187R20011,R,0.04,0.04,0.04,0.04,0.04,527373,21094.00,84
BSE,CCHHL,INE652F01027,B,12.50,12.50,12.43,12.43,12.53,1650,20614.00,25
BSE,CCL,INE421D01022,A,1173.05,1198.90,1166.05,1182.55,1184.25,4421,5197306.00,487
BSE,CCLINTER,INE778E01031,X,22.40,24.39,22.40,23.00,23.78,33,741.00,6
BSE,CCME,INE194N01016,XT,114.00,118.85,114.00,117.90,114.00,61245,7213563.00,106
BSE,CDG,INE198N01017,XT,279.80,289.80,279.50,289.80,294.00,390,109181.00,9
BSE,CEATLTD,INE482A01020,A,3342.75,3351.20,3311.00,3325.45,3344.15,9477,31561240.00,1870
BSE,CEENIK,INE418D01010,XT,268.00,268.00,244.10,260.00,255.80,893,227963.00,43
BSE,CEETAIN,INE760J01012,X,40.49,40.49,40.49,40.49,39.97,1,40.00,1
BSE,CEIGALL,INE0AG901020,B,333.95,338.00,329.40,337.10,336.25,8564,2863251.00,687
BSE,CEINSYS,INE016Q01014,B,890.00,890.00,855.50,870.45,871.70,8049,6971740.00,499
BSE,CELEBRITY,INE185H01016,B,7.02,7.16,6.91,6.94,7.28,3815,26667.00,17
BSE,CELLA,INE266H01014,Z,27.88,27.88,25.24,27.88,26.56,77928,2086836.00,288
BSE,CELLO,INE0LMW01024,A,340.25,345.50,336.95,344.45,340.40,15403,5261546.00,697
BSE,CEMAINFRA,INE222B01028,X,5.53,5.53,5.15,5.38,5.42,297,1603.00,13
BSE,CEMPRO,INE686A01026,A,1441.15,1466.50,1441.15,1441.15,1517.00,30916,44709966.00,1168
BSE,CENLUB,INE627F01011,X,221.45,221.45,211.00,215.65,215.10,1499,320696.00,73
BSE,CENTENKA,INE485A01015,B,568.95,582.35,557.05,573.30,564.95,3451,1964043.00,173
BSE,CENTEXT,INE281A01026,B,18.60,19.08,18.60,18.89,18.98,3008,56685.00,62
BSE,CENTRALBK,INE483A01010,A,30.70,31.18,30.50,31.03,30.96,875604,26934062.00,2386
BSE,CENTRUM,INE660C01027,B,22.91,24.01,22.91,23.50,23.75,5579,129382.00,63
BSE,CENTUM,INE320B01020,B,3586.90,3650.00,3533.00,3596.95,3566.00,1120,4030065.00,195
BSE,CENTUPLE,INE396H01019,X,35.45,38.40,33.90,34.23,35.45,1408,49297.00,10
BSE,CENTURYPLY,INE348B01021,A,773.00,795.00,762.55,792.75,773.75,1874,1469015.00,264
BSE,CERA,INE739E01017,A,6020.00,6058.80,5951.05,6017.95,6044.05,217,1304604.00,81
BSE,CEREBRAINT,INE345B01019,Z,3.02,3.05,2.96,3.02,3.02,12039,36393.00,11
BSE,CESC,INE486A01021,A,162.60,163.60,161.50,163.10,162.00,427699,69317730.00,861
BSE,CEWATER,INE037Z01029,B,291.50,301.15,290.55,299.50,297.55,4996,1478447.00,240
BSE,CFEL,INE700F01024,X,33.37,35.38,31.58,31.99,33.38,69283,2238762.00,330
BSE,CFF,INE0NJ001013,M,928.00,962.50,918.65,960.30,939.10,25400,23976780.00,114
BSE,CGCL,INE180C01042,A,244.10,244.10,237.05,238.15,243.60,41388,9889485.00,800
BSE,CGPOWER,INE067A01029,A,861.25,893.90,839.25,866.35,884.05,774211,674335463.00,24776
BSE,CGVAK,INE084D01010,X,164.45,164.45,157.00,157.70,161.00,1009,161433.00,42
BSE,CHALET,INE427F01016,A,819.10,822.75,809.30,815.05,819.10,1924,1565982.00,125
BSE,CHALLANI,INE807A01010,X,19.40,19.95,18.85,19.50,20.70,560,10628.00,13
BSE,CHAMBLFERT,INE085A01013,A,430.20,434.25,425.00,431.50,431.90,30627,13130192.00,1080
BSE,CHANDNIMACH,INE01GZ01011,XT,103.50,105.00,101.50,103.61,102.00,5835,603030.00,57
BSE,CHANDRAP,INE368D01025,X,10.10,11.20,10.10,11.11,10.73,11593,128127.00,48
BSE,CHANDRIMA,INE371F01024,X,6.68,7.00,6.36,6.98,6.82,240624,1675737.00,165
BSE,CHATHA,INE0AH901011,M,84.00,88.40,82.80,86.14,84.95,37000,3138160.00,32
BSE,CHDCHEM,INE043U01010,X,5.02,5.02,4.75,5.02,5.02,3187,15228.00,16
BSE,CHEMBOND,INE995D01025,T,180.00,180.00,168.85,174.45,177.70,711,121531.00,21
BSE,CHEMBONDCH,INE0TGX01019,T,255.00,255.00,245.60,250.05,258.50,1214,302120.00,20
BSE,CHEMCON,INE03YM01018,T,179.50,180.00,171.60,175.20,178.80,1425,250194.00,68
BSE,CHEMCRUX,INE298W01016,B,88.44,88.44,87.40,87.70,88.44,2054,180105.00,65
BSE,CHEMFAB,INE783X01023,T,357.00,369.50,357.00,369.50,360.00,306,113032.00,6
BSE,CHEMKART,INE0VWL01017,MT,184.60,184.60,184.00,184.00,181.00,9600,1769640.00,5
BSE,CHEMPLASTS,INE488A01050,B,206.00,208.05,198.70,202.45,209.90,17059,3465256.00,426
BSE,CHEMTECH,INE212P01011,X,71.80,73.90,70.00,70.47,72.20,4062,288123.00,48
BSE,CHENFERRO,INE777O01016,X,79.00,79.00,75.01,78.50,78.93,822,63677.00,43
BSE,CHENNPETRO,INE178A01016,A,1277.45,1280.00,1209.00,1214.00,1269.50,134455,164435686.00,4901
BSE,CHEVIOT,INE974B01016,B,1125.00,1175.90,1120.10,1154.50,1124.05,1081,1240576.00,96
BSE,CHIRAHARIT,INE12P101018,M,8.03,8.03,8.02,8.02,8.10,54000,433140.00,2
BSE,CHLLTD,INE790D01020,X,26.66,26.66,26.50,26.55,26.51,500,13273.00,9
BSE,CHLOGIST,INE558F01026,X,5.89,5.89,5.60,5.79,5.71,22250,127813.00,76
BSE,CHMBBRW,INE417N01011,XT,41.55,41.55,41.55,41.55,40.74,20446,849531.00,32
BSE,CHOICEIN,INE102B01014,A,802.00,805.00,788.25,797.50,805.80,25571,20355190.00,933
BSE,CHOKSI,INE865B01016,XT,188.00,194.95,177.55,194.55,185.70,12726,2453205.00,72
BSE,CHOKSILA,INE493D01013,XT,112.85,112.85,112.80,112.80,112.75,272,30693.00,6
BSE,CHOLAFIN,INE121A01024,A,1684.10,1741.60,1662.45,1725.70,1717.90,39084,66304784.00,4652
BSE,CHOLAHLDNG,INE149A01033,A,1502.00,1528.10,1492.45,1518.20,1515.45,40127,60770197.00,373
BSE,CHORDIA,INE975C01011,X,70.00,70.00,70.00,70.00,70.01,50,3500.00,1
BSE,CHOWGULSTM,INE490A01015,X,22.98,23.00,22.00,22.05,23.21,673,14965.00,13
BSE,CHROME,INE114E01013,X,42.00,42.00,40.00,41.50,39.61,1049,43148.00,10
BSE,CHRTEDCA,INE953B01010,X,279.95,279.95,256.55,273.95,269.90,5,1346.00,5
BSE,CHTR,INE1B4801017,MT,42.60,43.08,42.60,43.08,44.03,2400,102816.00,2
BSE,CIANAGRO,INE052V01019,T,1490.00,1501.00,1460.00,1496.30,1497.00,23736,35259888.00,1303
BSE,CIEINDIA,INE536H01010,A,414.10,416.80,402.00,413.90,418.95,76139,31151412.00,2643
BSE,CIFL,INE345H01024,B,21.70,21.70,19.80,20.05,20.82,30192,607656.00,146
BSE,CILSEC,INE830A01012,X,36.30,36.65,35.00,35.11,36.89,302,10733.00,6
BSE,CINELINE,INE704H01022,B,79.60,87.29,78.04,87.10,80.00,7712,629150.00,144
BSE,CINEVISTA,INE039B01026,B,15.28,15.76,15.20,15.25,15.28,3337,51053.00,94
BSE,CIPLA,INE059A01026,A,1381.60,1444.40,1381.60,1410.90,1393.75,368674,526340943.00,10945
BSE,CITADEL,INE906D01014,X,36.50,36.98,35.16,36.98,36.50,73,2652.00,5
BSE,CITIPOR,INE494D01011,X,34.96,34.96,34.96,34.96,34.96,3,104.00,1
BSE,CITIUSINVT,INE2Q7823014,IF,108.50,109.95,108.38,108.55,109.60,266,28987.00,22
BSE,CITIZEN,INE473L01018,X,312.60,312.60,311.00,312.25,306.50,934,291865.00,43
BSE,CITYMAN,INE117C01010,X,16.13,16.13,16.13,16.13,15.37,1,16.00,1
BSE,CJGEL,INE557D01015,XT,21.00,21.00,19.90,19.90,20.93,1426,28453.00,11
BSE,CLEAN,INE227W01023,A,721.10,729.40,716.00,720.95,729.35,16258,11737557.00,1533
BSE,CLEANMAX,INE647U01026,B,1427.50,1470.00,1389.85,1450.95,1423.20,7670,10960498.00,658
BSE,CLEDUCATE,INE201M01029,T,60.10,62.00,60.10,61.72,60.00,12766,786774.00,69
BSE,CLFL,INE949C01016,X,55.00,55.00,52.66,52.66,55.43,26,1392.00,6
BSE,CLIOINFO,INE011B01017,XT,13.38,13.38,13.30,13.38,12.75,10864,145200.00,22
BSE,CLN,INE0WDX01010,MT,515.00,515.00,512.50,515.00,512.50,600,308500.00,3
BSE,CLSEL,INE419D01026,B,277.30,280.15,273.05,278.90,278.60,886,245209.00,53
BSE,CMBL,INE850R01014,X,52.75,52.75,47.73,47.73,50.24,1122,58660.00,11
BSE,CMLL,INE11XY01018,B,504.00,538.15,463.15,528.50,0.00,2163165,1077627181.00,95239
BSE,CMMHOSP,INE889F01017,X,36.11,37.89,36.11,37.30,36.54,527,19518.00,23
BSE,CMPDI,INE05HV01027,B,252.95,254.90,245.90,249.10,253.15,173712,43429774.00,2259
BSE,CMRGREEN,INE00WV01027,B,216.00,218.60,213.45,218.15,217.15,26031,5620316.00,511
BSE,CMSINFO,INE925R01014,A,272.00,278.45,268.50,273.80,271.70,162759,44754268.00,678
BSE,CMXLTD,INE027F01014,X,20.80,21.79,19.76,20.98,20.80,6733,134242.00,36
BSE,CNCRD,INE0N0J01014,M,2450.00,2479.95,2400.00,2453.50,2515.60,10150,24676132.00,164
BSE,CNINFOTECH,INE0WXM01011,M,91.70,92.00,91.01,91.90,90.80,10800,992756.00,12
BSE,CNL,INE985W01018,B,866.95,1056.65,866.95,987.95,880.55,246777,240406452.00,7505
BSE,COALINDIA,INE522F01014,A,427.05,428.85,424.80,427.25,427.05,227068,96862361.00,4277
BSE,COARO,INE229E01019,P,30.92,30.92,30.92,30.92,29.45,100,3092.00,1
BSE,COASTCORP,INE377E01024,B,50.08,50.63,49.89,50.00,50.03,884,44230.00,22
BSE,COCHINM,INE105D01013,X,247.00,249.45,243.10,244.85,247.75,6085,1489318.00,93
BSE,COCHINSHIP,INE704P01025,A,1384.90,1399.00,1374.75,1391.95,1395.35,42581,59183364.00,2184
BSE,COCHMAL,INE788M01017,X,138.00,138.00,135.00,135.00,138.00,4,543.00,4
BSE,COCKERILL,INE515A01019,B,8930.00,8974.30,8723.75,8915.15,8927.05,314,2772223.00,132
BSE,COFFEEDAY,INE335K01011,T,30.13,30.57,29.91,30.35,30.69,35383,1066005.00,155
BSE,COFORGE,INE591G01025,A,1431.20,1488.00,1431.20,1484.70,1439.90,680490,991184600.00,10359
BSE,COHANCE,INE03QK01018,A,418.10,420.95,411.05,417.60,422.40,30700,12776545.00,1128
BSE,COLINZ,INE923C01011,XT,80.98,80.98,76.47,78.64,80.49,3101,238016.00,27
BSE,COLORCHIPS,INE621I01042,X,9.97,9.97,9.12,9.53,9.42,8454,80323.00,44
BSE,COLPAL,INE259A01022,A,2085.30,2103.85,2072.05,2088.25,2086.00,7318,15277912.00,1407
BSE,COMCL,INE456N01019,XT,15.03,15.82,14.47,15.01,15.10,5634,83774.00,29
BSE,COMFINCAP,INE274M01026,X,7.55,7.55,7.40,7.47,7.43,3705,27551.00,25
BSE,COMFINTE,INE819A01049,B,5.44,5.54,5.40,5.45,5.48,12554,68410.00,54
BSE,COMPEAU,INE823B01015,X,379.95,379.95,363.25,374.95,366.80,257,95702.00,25
BSE,COMPINFO,INE070C01037,Z,1.14,1.19,1.09,1.19,1.14,24323,28457.00,20
BSE,COMPUPN,INE607B01012,X,3.69,3.69,3.51,3.55,3.68,6541,23297.00,36
BSE,COMPUSOFT,INE453B01029,B,13.60,13.60,13.15,13.41,13.43,1053,13915.00,17
BSE,COMRADE,INE0NXA01015,MT,41.67,41.67,41.67,41.67,39.69,10000,416700.00,8
BSE,COMSYN,INE073V01015,B,180.20,181.05,177.00,178.40,180.20,6096,1091019.00,169
BSE,CONART,INE714D01020,X,89.71,89.71,86.25,88.00,89.71,1917,168760.00,30
BSE,CONCOR,INE111A01025,A,475.00,483.90,474.50,477.80,480.70,57554,27510685.00,1823
BSE,CONCORD,INE858L01010,X,73.00,73.00,69.15,70.00,71.06,3485,247567.00,48
BSE,CONCORDBIO,INE338H01029,A,1252.20,1270.45,1237.70,1248.65,1268.25,2786,3488738.00,227
BSE,CONFIPET,INE552D01024,B,74.30,79.47,73.42,78.15,74.53,256410,19695829.00,1775
BSE,CONSTRONIC,INE537B01011,X,50.00,50.00,46.97,48.25,48.50,74,3514.00,8
BSE,CONTAINE,INE0M8901010,MT,26.45,26.45,26.45,26.45,26.00,1000,26450.00,1
BSE,CONTAINER,INE319U01022,X,18.00,18.00,16.80,16.80,17.85,2271,40874.00,21
BSE,CONTCHM,INE423K01015,X,59.36,59.36,59.35,59.35,62.47,52,3086.00,7
BSE,CONTICON,INE545B01022,X,9.80,10.30,9.80,10.30,10.31,8766,88579.00,47
BSE,CONTPTR,INE369D01023,X,72.00,72.00,69.16,69.99,71.50,951,67028.00,23
BSE,CONTROLPR,INE663B01015,B,575.50,597.15,559.65,590.80,573.45,9156,5298872.00,392
BSE,CORALAB,INE683E01017,XT,575.00,582.00,560.00,581.95,569.00,330,190701.00,17
BSE,CORALFINAC,INE558D01021,B,31.38,36.80,30.77,32.64,31.38,23950,776884.00,179
BSE,CORDELIA,INE0LZF01013,B,828.70,828.70,802.20,806.40,829.20,33287,26995307.00,1369
BSE,CORDSCABLE,INE792I01017,T,205.00,205.00,202.20,204.00,205.55,218,44551.00,11
BSE,COROENGG,INE312J01012,X,50.11,51.25,48.90,49.69,51.10,3317,164579.00,52
BSE,COROMANDEL,INE169A01031,A,1967.10,1996.60,1957.20,1981.15,2024.50,7326,14477227.00,874
BSE,CORONA,INE02ZQ01018,B,2035.45,2123.50,2035.45,2114.10,2027.40,3940,8249863.00,443
BSE,COSCO,INE949B01018,X,197.20,197.20,195.00,195.00,197.20,1126,219578.00,8
BSE,COSMICCRF,INE0ORA01015,MT,1222.00,1235.00,1192.00,1226.75,1241.00,3900,4713015.00,34
BSE,COSMOFE,INE124B01018,XT,207.10,207.15,207.10,207.10,211.30,2306,477573.00,13
BSE,COSMOFIRST,INE757A01017,B,870.45,885.90,870.45,882.25,875.80,3105,2726037.00,204
BSE,COSPOWER,INE0CQB01010,MT,1911.00,1915.00,1910.00,1910.00,1912.00,375,717000.00,3
BSE,COSYN,INE029B01019,X,21.00,21.49,20.50,21.49,21.00,322,6755.00,10
BSE,COTFAB,INE0S0I01011,M,16.50,16.50,16.50,16.50,16.95,2000,33000.00,1
BSE,COUNCODOS,INE695B01025,B,6.42,6.55,6.28,6.40,6.56,21228,135652.00,79
BSE,COVANCE,INE0R8101016,XT,254.00,264.10,245.55,263.30,255.15,3413,875335.00,148
BSE,CPCAP,INE521J01018,T,108.95,108.95,104.50,104.50,108.95,250,26250.00,5
BSE,CPEDU,INE0P6P01016,B,185.15,190.00,185.15,188.50,189.00,803,148855.00,103
BSE,CPL,INE536P01021,B,69.00,70.90,68.56,70.51,71.25,13583,945595.00,149
BSE,CPML,INE056001014,M,521.35,521.35,521.35,521.35,548.75,100,52135.00,2
BSE,CPPLUS,INE819V01029,A,3550.60,3597.65,3476.30,3535.15,3614.80,14208,49978117.00,1757
BSE,CRAFTSMAN,INE00LO01017,A,9260.95,9311.00,9125.75,9295.90,9300.45,5886,54164692.00,243
BSE,CRAMC,INE218I01013,B,263.15,264.30,256.85,260.10,266.05,60718,15804102.00,1479
BSE,CRANEINFRA,INE176L01017,X,12.45,12.45,12.30,12.44,12.09,148,1833.00,7
BSE,CRANESSOFT,INE234B01023,Z,3.59,3.59,3.40,3.44,3.50,2534,8791.00,19
BSE,CRANEX,INE608B01010,XT,91.55,91.55,87.75,90.00,92.00,1859,166610.00,30
BSE,CRAVATEX,INE145E01017,X,373.05,380.00,364.85,370.85,396.70,4198,1563392.00,221
BSE,CRAZY,INE0RBX01014,M,53.51,54.51,53.01,53.01,56.98,12000,646590.00,4
BSE,CREATIVE,INE146E01015,X,565.00,565.00,565.00,565.00,565.00,1,565.00,1
BSE,CREATIVEYE,INE230B01021,B,6.06,7.04,5.68,6.69,5.87,31320,215902.00,153
BSE,CREDITACC,INE741K01010,A,1505.00,1521.40,1457.70,1516.90,1503.25,9159,13759658.00,929
BSE,CRESCENTIS,INE754C01010,X,104.00,111.45,103.00,111.45,108.00,497,54209.00,21
BSE,CRISIL,INE007A01025,A,4402.85,4420.25,4262.30,4350.30,4399.35,6329,27467246.00,952
BSE,CRIZAC,INE0S4R01014,B,187.05,187.95,183.45,185.55,186.65,19096,3546841.00,303
BSE,CROISSANCE,INE587J01027,X,1.33,1.38,1.25,1.37,1.26,141356,193283.00,118
BSE,CROMPTON,INE299U01018,A,250.00,251.50,240.15,249.95,252.35,288773,71434803.00,8324
BSE,CROPSTER,INE293E01031,T,6.90,6.90,6.90,6.90,7.26,723636,4993088.00,1553
BSE,CRSL,INE716D01033,X,2.22,2.28,2.22,2.27,2.27,93124,208833.00,337
BSE,CRSTCHM,INE293N01016,XT,133.30,133.95,127.50,133.00,132.00,757,97551.00,25
BSE,CRYOGENIC,INE0TL001013,MT,287.00,300.90,286.00,296.55,288.50,16500,4780012.00,17
BSE,CRYSTAL,INE994R01028,XT,1.90,1.90,1.90,1.90,1.87,6074,11540.00,26
BSE,CSBBANK,INE679A01013,A,339.00,342.40,331.65,340.65,338.30,16548,5571644.00,475
BSE,CSL,INE183Q01020,X,13.48,13.60,12.66,13.05,13.62,50067,655102.00,99
BSE,CSLFINANCE,INE718F01018,B,218.55,218.55,212.35,215.00,213.00,625,133029.00,9
BSE,CSM,INE0ZK601013,B,99.85,101.80,95.10,99.55,97.15,56692,5587427.00,801
BSE,CSURGSU,INE405H01018,X,85.00,85.00,80.50,80.50,81.00,221,17840.00,3
BSE,CTE,INE627H01017,B,31.30,31.67,30.58,31.13,31.60,807,25103.00,21
BSE,CTL,INE172D01021,XT,26.70,26.70,25.52,25.80,26.01,59443,1539743.00,58
BSE,CUB,INE491A01021,A,218.25,221.00,217.00,219.75,219.90,235997,51406797.00,3013
BSE,CUBEXTUB,INE144D01012,B,92.00,92.00,77.00,77.19,77.32,5586,432984.00,175
BSE,CUBIFIN,INE717D01023,XT,4.65,4.86,4.42,4.63,4.65,261069,1175283.00,156
BSE,CUMMINSIND,INE298A01020,A,5556.10,5651.80,5538.60,5601.85,5599.15,8080,45299132.00,2218
BSE,CUPID,INE509F01029,A,209.35,214.15,206.00,213.55,208.40,1679753,354401150.00,10004
BSE,CUPIDALBV,INE108G01010,XT,27.94,28.89,26.55,27.84,27.74,22730,633734.00,217
BSE,CURAA,INE117B01020,B,68.76,68.76,68.76,68.76,69.10,13,893.00,5
BSE,CWD,INE0H8H01019,MS,300.00,303.95,300.00,303.95,300.55,2500,753950.00,5
BSE,CYBELEIND,INE183D01010,X,45.26,45.26,42.87,43.04,45.12,832,35881.00,26
BSE,CYBERMEDIA,INE278G01037,T,15.98,15.98,15.50,15.75,15.34,17543,276049.00,22
BSE,CYBERTECH,INE214A01019,T,146.95,146.95,137.70,144.70,144.35,3289,469344.00,66
BSE,CYIENT,INE136B01020,A,838.30,873.05,814.65,840.00,830.70,617090,518774700.00,7785
BSE,CYIENTDLM,INE055S01018,B,663.55,680.40,653.60,671.10,665.05,38888,25990994.00,1155
BSE,DABUR,INE016A01026,A,420.05,424.80,419.65,423.40,423.00,34253,14457969.00,1040
BSE,DACHEPALLI,INE1F9M01018,MT,81.29,85.80,81.29,81.60,85.56,43200,3625728.00,20
BSE,DAICHI,INE928C01010,T,310.00,310.00,300.25,300.25,302.00,125,37862.00,3
BSE,DAIKAFFI,INE789B01018,XT,40.68,42.33,40.67,42.33,41.50,1620,66592.00,6
BSE,DALBHARAT,INE00R701025,A,1850.00,1870.00,1780.20,1808.75,1855.30,21650,39505167.00,4058
BSE,DALMIASUG,INE495A01022,B,361.90,364.65,357.20,363.15,362.20,2223,798563.00,85
BSE,DAMCAPITAL,INE284H01025,B,157.90,160.00,153.95,157.90,157.90,25655,4015363.00,375
BSE,DANLAW,INE310B01013,XT,1018.00,1021.75,981.20,991.55,1016.70,476,472478.00,33
BSE,DANUBE,INE575D01041,XT,6.53,6.85,6.40,6.83,6.53,195395,1332412.00,255
BSE,DARJEELING,INE830S01014,X,14.36,14.36,14.36,14.36,15.11,1650,23694.00,16
BSE,DARSHANORNA,INE671T01028,X,2.20,2.24,2.12,2.17,2.22,35376,76731.00,56
BSE,DATAMATICS,INE365B01017,A,835.85,835.85,815.00,820.85,833.85,2959,2429426.00,241
BSE,DATAPATTNS,INE0IX101010,A,4522.25,4668.40,4420.05,4582.50,4599.15,92130,419228146.00,9478
BSE,DAULAT,INE108C01019,X,28.00,28.90,27.00,28.90,29.00,17,473.00,7
BSE,DAVANGERE,INE179G01029,B,3.29,3.47,3.24,3.41,3.29,430693,1446554.00,322
BSE,DAVIN,INE0Q2L01013,M,28.10,32.99,28.10,30.00,31.40,18000,547560.00,7
BSE,DBCORP,INE950I01011,B,206.15,212.00,203.25,208.35,208.70,12147,2519781.00,308
BSE,DBEIL,INE0OPA01027,T,7.05,7.50,7.05,7.49,7.23,22581,163311.00,89
BSE,DBL,INE917M01012,A,385.05,434.00,381.75,420.05,387.05,862240,358809067.00,13185
BSE,DBOL,INE0I3401014,B,100.95,102.70,100.00,102.20,101.90,4563,461432.00,73
BSE,DBREALTY,INE879I01012,T,112.00,113.95,110.50,113.60,112.85,21986,2468753.00,189
BSE,DBSTOCKBRO,INE921B01025,T,34.00,34.00,34.00,34.00,33.70,10,340.00,1
BSE,DCAL,INE385W01011,B,179.55,184.35,176.15,184.05,179.45,16571,2986550.00,356
BSE,DCBBANK,INE503A01015,A,188.70,188.70,184.65,186.10,189.75,48911,9130264.00,867
BSE,DCI,INE0A1101019,B,275.00,290.00,270.60,288.20,276.00,1612,453787.00,62
BSE,DCM,INE498A01018,T,88.45,88.45,88.18,88.18,88.45,51,4510.00,3
BSE,DCMFINSERV,INE891B01012,T,5.17,5.17,4.87,5.14,5.06,63,311.00,5
BSE,DCMNVL,INE08KP01019,T,142.05,150.85,142.05,150.85,147.00,462,65935.00,9
BSE,DCMSHRIRAM,INE499A01024,A,1000.05,1018.30,998.00,1005.45,1008.10,993,1004659.00,93
BSE,DCMSIL,INE0OU201013,T,80.23,80.23,80.23,80.23,81.86,3595,288426.00,11
BSE,DCMSRIND,INE843D01027,B,40.00,40.33,39.01,40.00,39.96,9733,385658.00,180
BSE,DCW,INE500A01029,B,45.94,46.41,44.71,46.34,45.87,72876,3337537.00,458
BSE,DCXINDIA,INE0KL801015,B,178.00,182.05,175.50,180.55,179.85,41191,7360511.00,818
BSE,DDEVPLSTIK,INE0HR601026,B,273.60,277.25,268.00,275.50,272.70,3966,1078153.00,271
BSE,DECCAN,INE452W01019,T,12.65,12.99,12.17,12.46,12.64,4147,52263.00,18
BSE,DECCANCE,INE583C01021,B,558.05,563.50,549.60,560.05,557.15,98,54724.00,35
BSE,DECIPHER,INE643N01012,X,5.46,5.95,5.46,5.95,6.05,3446,19664.00,16
BSE,DECNGOLD,INE945F01025,B,191.95,195.55,187.30,194.40,193.95,173187,33189056.00,1904
BSE,DEEDEV,INE841L01016,T,645.00,677.95,615.15,657.90,647.50,4199,2697206.00,185
BSE,DEEP,INE00IY01012,X,34.39,35.49,33.50,33.56,33.94,21176,718089.00,112
BSE,DEEPAI,INE005G01026,XT,2.01,2.04,1.98,2.01,2.01,403035,808111.00,451
BSE,DEEPAKCHEM,INE0RDM01013,M,76.28,76.28,76.00,76.00,76.28,1600,121824.00,2
BSE,DEEPAKFERT,INE501A01019,A,1575.00,1590.00,1563.35,1571.55,1580.05,7299,11468602.00,376
BSE,DEEPAKNTR,INE288B01029,A,1647.70,1660.90,1634.15,1649.50,1653.20,6492,10722992.00,706
BSE,DEEPAKSP,INE272C01013,X,134.20,139.80,129.35,138.35,134.25,4062,539255.00,30
BSE,DEEPINDS,INE0FHS01024,B,454.30,484.00,453.55,479.60,458.40,370867,177100730.00,1316
BSE,DEL,INE413F01016,X,140.45,140.45,140.45,140.45,147.80,103,14466.00,10
BSE,DELHIVERY,INE148O01028,A,464.35,466.55,458.40,462.55,465.40,70843,32739623.00,1459
BSE,DELPHIFX,INE726L01027,T,6.97,6.97,6.69,6.80,6.97,39112,265943.00,43
BSE,DELTA,INE681Q01015,X,12.43,12.43,12.43,12.43,12.45,15,186.00,1
BSE,DELTACORP,INE124G01033,B,62.47,63.19,61.64,63.00,62.47,47175,2945650.00,434
BSE,DELTAMAGNT,INE393A01011,B,63.40,63.40,54.81,56.20,59.70,2594,153174.00,51
BSE,DEN,INE947J01015,B,27.07,27.37,26.63,27.03,26.92,38839,1052301.00,175
BSE,DENISCHEM,INE051G01012,X,71.30,71.35,68.00,69.79,71.33,33135,2312609.00,118
BSE,DENORA,INE244A01016,B,867.35,868.00,848.00,856.85,868.05,559,479752.00,80
BSE,DENTA,INE0R4L01018,B,327.20,338.75,323.25,336.45,331.00,15474,5135479.00,358
BSE,DESCO,INE0TGG01014,MT,180.70,185.00,180.70,184.55,184.50,10500,1915600.00,19
BSE,DEVIT,INE060X01034,B,25.89,26.15,25.81,26.00,25.89,6598,170862.00,67
BSE,DEVSON,INE2KRP01017,MT,222.00,226.00,213.05,222.50,223.25,124800,27457380.00,95
BSE,DEVX,INE0VOV01021,B,33.30,34.22,33.30,34.00,33.80,3196,108573.00,32
BSE,DEVYANI,INE872J01023,A,109.65,113.10,107.05,112.30,109.85,163628,18152028.00,1979
BSE,DFPL,INE0S6R01027,MT,15.10,15.10,15.00,15.00,14.92,6000,90200.00,3
BSE,DHABRIYA,INE260R01016,X,488.00,494.30,427.20,443.20,473.60,215611,96221025.00,2476
BSE,DHAMPURE,INE956B01013,X,118.10,119.00,117.15,117.65,118.65,1505,178345.00,12
BSE,DHAMPURSUG,INE041A01016,B,141.25,142.40,139.30,142.10,142.15,13204,1859072.00,157
BSE,DHANBANK,INE680A01011,B,34.20,34.60,33.40,34.30,34.38,133927,4576210.00,437
BSE,DHANCOT,INE977F01010,XT,115.85,115.85,115.85,115.85,113.60,3,347.00,1
BSE,DHANFAB,INE953D01016,X,49.00,49.00,49.00,49.00,49.00,1,49.00,1
BSE,DHANROTO,INE220C01012,X,75.95,75.95,72.00,73.38,72.88,1642,123994.00,16
BSE,DHANSAFAL,INE195E01020,X,2.34,2.40,2.18,2.25,2.30,131721,296517.00,120
BSE,DHANUKA,INE435G01025,B,1008.00,1014.85,999.90,1013.10,1010.00,39659,39988057.00,1192
BSE,DHARAN,INE278R01034,Z,0.19,0.19,0.19,0.19,0.19,48205,9158.00,39
BSE,DHARFIN,INE899D01011,XT,13.65,13.65,12.35,12.36,13.00,286,3773.00,3
BSE,DHARMAJ,INE00OQ01016,B,260.95,261.90,259.30,260.85,258.90,330,86025.00,41
BSE,DHATRE,INE715T01031,X,4.25,4.25,4.07,4.19,4.15,18421,76211.00,73
BSE,DHENUBUILD,INE758D01027,Z,8.75,8.75,8.42,8.69,8.58,18760,162688.00,106
BSE,DHILLON,INE0SPJ01011,M,35.45,38.00,34.40,34.64,37.80,40000,1442944.00,24
BSE,DHINDIA,INE589D01018,X,242.50,244.95,233.90,234.75,240.95,2408,569972.00,32
BSE,DHOOTIN,INE313G01016,X,236.75,240.25,230.05,239.40,236.75,547,130500.00,27
BSE,DHPIND,INE590D01016,X,518.20,528.00,511.10,514.05,515.65,407,208120.00,11
BSE,DHRUV,INE506Z01015,T,25.00,25.00,24.75,24.80,24.93,918,22905.00,11
BSE,DHRUVCA,INE972E01014,X,165.85,165.85,165.85,165.85,174.55,13,2156.00,8
BSE,DHUNINV,INE320L01011,B,865.00,949.90,865.00,932.40,890.00,6,5342.00,3
BSE,DHYAANITR,INE0K5F01014,MT,5.07,5.15,4.78,5.15,4.97,308000,1524432.00,24
BSE,DIACABS,INE989C01038,B,265.30,298.90,263.55,295.25,273.95,836684,235118575.00,9079
BSE,DIAMINESQ,INE591D01014,B,247.65,254.70,246.00,246.15,250.50,487,120301.00,19
BSE,DIAMONDYD,INE393P01035,B,1105.00,1116.00,1104.30,1116.00,1113.55,141,156764.00,15
BSE,DIANATEA,INE012E01035,X,25.40,25.40,24.54,24.55,24.88,1150,28399.00,17
BSE,DICIND,INE303A01010,B,511.00,511.00,511.00,511.00,511.20,1,511.00,1
BSE,DIFFNKG,INE184O01015,B,384.70,397.00,381.90,395.80,386.05,7091,2747480.00,310
BSE,DIGIDRIVE,INE0PSC01024,B,18.00,18.00,17.50,17.67,18.00,440,7796.00,21
BSE,DIGILOGIC,INE1OOT01028,M,118.00,121.50,116.65,119.10,119.35,56400,6708180.00,37
BSE,DIGISPICE,INE927C01020,T,18.96,19.15,18.51,19.04,18.75,10739,202937.00,15
BSE,DIGITIDE,INE0U4701011,B,100.05,101.84,98.31,100.83,100.99,8503,852371.00,175
BSE,DIGJAMLMTD,INE731U01028,B,41.90,42.00,40.26,40.95,42.00,4427,185419.00,36
BSE,DILIGENT,INE650C01036,X,2.00,2.03,1.96,1.97,2.02,155951,307498.00,132
BSE,DISAQ,INE131C01011,B,11800.00,12150.00,11800.00,11969.00,12040.00,10,119894.00,6
BSE,DISHTV,INE836F01026,T,2.84,2.85,2.75,2.83,2.82,131658,367098.00,255
BSE,DITCO,INE183R01010,X,12.30,12.89,11.71,12.49,12.31,13509,173826.00,5
BSE,DIVGIITTS,INE753U01022,B,928.50,960.00,904.50,944.60,934.80,2153,2004479.00,219
BSE,DIVISLAB,INE361B01024,A,7212.60,7282.40,7178.30,7246.65,7302.55,7421,53686246.00,1747
BSE,DIVSHKT,INE410G01010,X,51.40,51.40,49.02,51.25,49.00,92,4522.00,9
BSE,DIXON,INE935N01020,A,13787.70,13889.35,13587.25,13845.25,13827.20,21107,289393724.00,4907
BSE,DJML,INE0B1K01014,B,110.95,115.75,108.75,115.10,109.50,57887,6556170.00,897
BSE,DJSSS,INE234E01027,X,1.66,1.74,1.61,1.68,1.66,50738,86235.00,53
BSE,DKUAL,INE0QXT01018,M,7.60,7.87,7.60,7.87,7.71,12000,92540.00,6
BSE,DLCL,INE871Z01013,M,7.56,7.97,7.56,7.97,7.95,28000,216600.00,7
BSE,DLF,INE271C01023,A,639.95,648.75,630.35,645.50,642.40,69497,44472739.00,2639
BSE,DLINKINDIA,INE250K01012,B,441.25,455.10,433.15,452.40,441.25,18470,8190697.00,537
BSE,DLTNCBL,INE872E01016,X,408.00,415.85,405.50,410.00,411.85,833,342956.00,52
BSE,DMART,INE192R01011,A,4020.95,4071.50,3989.00,4017.80,4037.55,15486,62453707.00,2933
BSE,DMCC,INE505A01010,B,263.20,273.00,259.00,272.25,262.70,7554,2003216.00,410
BSE,DMR,INE07L501010,M,27.60,27.60,27.60,27.60,27.60,1950,53820.00,1
BSE,DNAMEDIA,INE016M01021,B,2.90,2.90,2.69,2.84,2.84,1154,3181.00,8
BSE,DODLA,INE021O01019,A,1025.85,1063.40,1022.60,1052.75,1039.90,876,907146.00,93
BSE,DOLATALGO,INE966A01022,B,68.50,69.26,67.09,68.11,68.50,6594,448550.00,451
BSE,DOLFIN,INE666Y01010,B,170.95,173.95,170.00,170.50,170.95,2802,478170.00,29
BSE,DOLLAR,INE325C01035,B,252.05,258.85,249.20,258.40,252.15,3706,941575.00,126
BSE,DOLPHIN,INE920A01037,B,405.00,405.00,370.00,377.05,395.65,1812,691754.00,186
BSE,DOMS,INE321T01012,A,2220.00,2241.40,2206.05,2221.85,2233.40,6602,14662985.00,796
BSE,DONEAR,INE668D01028,B,84.00,86.38,84.00,85.82,84.00,317,27149.00,7
BSE,DPABHUSHAN,INE266Y01019,B,1350.00,1364.50,1306.85,1325.45,1349.25,1758,2340539.00,163
BSE,DPL,INE0MC401013,M,5.16,5.16,4.94,4.97,5.20,57000,284580.00,17
BSE,DPWIRES,INE864X01013,T,165.00,172.00,161.60,169.00,165.40,1152,192158.00,30
BSE,DRAGARWQ,INE934C01018,B,4955.00,5030.05,4955.00,5018.55,5030.05,54,270785.00,41
BSE,DRCSYSTEMS,INE03RS01027,B,13.32,13.57,13.32,13.47,13.35,815,10912.00,9
BSE,DREAMFOLKS,INE0JS101016,B,66.20,67.92,65.88,66.97,66.85,4413,293937.00,175
BSE,DREDGECORP,INE506A01018,B,978.70,1009.70,961.50,1004.10,982.40,5627,5582797.00,443
BSE,DRL,INE193D01019,XT,26.38,26.38,26.38,26.38,26.98,1,26.00,1
BSE,DRONACHRYA,INE0MQD01015,M,36.15,37.00,35.40,35.83,36.70,43000,1551780.00,39
BSE,DRREDDY,INE089A01031,A,1149.90,1165.00,1129.10,1152.60,1166.50,230444,264855956.00,15233
BSE,DSFCL,INE0OFM01015,T,27.44,27.50,27.44,27.44,28.00,27252,749204.00,19
BSE,DSINVEST,INE422D01012,XT,400.00,400.00,400.00,400.00,393.00,2,800.00,2
BSE,DSSL,INE417B01040,B,1157.20,1241.20,1157.20,1241.20,1182.10,3881,4697187.00,313
BSE,DTIL,INE341R01014,B,134.50,134.50,131.00,131.00,134.00,435,57434.00,36
BSE,DUCON,INE741L01018,B,3.00,3.11,2.91,3.06,3.01,76765,229737.00,69
BSE,DUKEOFS,INE397G01019,XT,34.65,34.65,34.65,34.65,33.98,9141,316735.00,25
BSE,DUNCANENG,INE340F01011,X,379.15,396.00,379.10,382.05,396.90,70,26567.00,7
BSE,DUROPACK,INE138B01018,X,55.29,55.89,55.29,55.89,55.56,104,5778.00,7
BSE,DUROPLY,INE932D01010,X,102.65,104.50,102.65,103.80,104.00,5408,558158.00,44
BSE,DWARKESH,INE366A01041,B,42.09,43.60,41.57,43.31,42.43,34784,1480297.00,253
BSE,DYCL,INE600Y01019,B,403.05,424.80,394.35,402.55,406.50,80930,33100058.00,1781
BSE,DYNAMATECH,INE221B01012,A,10135.00,10492.00,10135.00,10442.40,10186.65,233,2394213.00,147
BSE,DYNAMIND,INE457C01010,X,107.15,115.00,107.10,111.10,107.15,417,44698.00,11
BSE,DYNAVSN,INE083E01010,X,200.25,206.00,200.25,202.00,198.05,334,67287.00,15
BSE,DYNPRO,INE256H01015,B,233.90,234.15,231.55,231.55,235.05,169,39456.00,21
BSE,E2E,INE255Z01027,B,516.00,516.95,491.75,516.95,492.35,1999739,1030325867.00,8343
BSE,EASEMYTRIP,INE07O001026,B,6.78,6.85,6.73,6.83,6.84,465508,3156786.00,833
BSE,EASTBUILD,INE706N01017,XT,52.95,52.95,52.95,52.95,50.52,1,52.00,1
BSE,EASTINDIA,INE191C01023,XT,95.00,95.49,95.00,95.49,95.00,216,20520.00,12
BSE,EASTRED,INE500D01015,X,28.45,32.00,25.95,28.50,28.26,7862,228870.00,135
BSE,EASTWEST,INE595R01023,XT,2.54,2.59,2.47,2.52,2.54,18407,46039.00,53
BSE,EASUN,INE771C01014,XT,42.27,42.27,42.27,42.27,44.49,1,42.00,1
BSE,EBGNG,INE18JU01028,B,536.00,573.15,536.00,573.15,545.90,30283,16967496.00,1460
BSE,EBIX,INE432F01032,XT,20.00,21.50,20.00,21.03,20.58,185028,3932558.00,302
BSE,ECLERX,INE738I01010,A,1881.00,1899.45,1811.00,1861.50,1889.95,18360,33857604.00,1536
BSE,ECOBOAR,INE866A01016,X,53.99,53.99,52.10,52.54,53.67,7418,390735.00,28
BSE,ECOHOTELS,INE638N01012,XT,12.25,12.25,11.90,12.10,12.25,1855,22693.00,18
BSE,ECOPLAST,INE423D01010,X,506.25,510.00,482.10,486.15,506.15,685,336140.00,29
BSE,ECORECO,INE316A01038,XT,497.90,520.00,481.30,506.50,499.65,11833,5896135.00,548
BSE,ECOSMOBLTY,INE06HJ01020,T,128.95,128.95,123.70,128.45,126.60,968,121368.00,23
BSE,EDELWEISS,INE532F01054,A,114.60,117.70,113.85,117.10,116.10,80399,9293601.00,995
BSE,EDVENSWA,INE125G01014,XT,22.52,23.00,21.89,22.01,22.52,1625,35812.00,20
BSE,EFCIL,INE886D01026,B,196.55,196.55,189.80,195.10,195.80,10097,1957486.00,250
BSE,EFORU,INE355H01015,X,89.20,93.63,89.20,93.63,89.18,19081,1774801.00,160
BSE,EICHERMOT,INE066A01021,A,7742.25,7742.25,7580.00,7628.40,7719.10,26845,204687065.00,3051
BSE,EIDPARRY,INE126A01031,A,763.05,765.60,749.85,757.80,759.25,10315,7808398.00,836
BSE,EIEL,INE0LLY01014,B,217.85,221.55,212.25,219.90,217.85,103666,22368338.00,1334
BSE,EIHAHOTELS,INE276C01014,B,309.05,314.80,303.50,311.20,309.05,12430,3832478.00,1158
BSE,EIHOTEL,INE230A01023,A,317.90,328.50,316.75,325.35,320.55,4313,1396683.00,161
BSE,EIKO,INE666Q01016,X,50.69,50.69,48.50,48.93,50.11,4409,216623.00,60
BSE,EIMCOELECO,INE158B01016,B,1795.70,1795.70,1743.10,1785.90,1788.80,902,1599761.00,169
BSE,EKAMLEA,INE906L01025,XT,8.19,8.58,8.19,8.58,8.19,376,3093.00,5
BSE,EKANSH,INE005E01013,X,230.60,234.00,225.30,229.95,233.95,4075,938938.00,40
BSE,EKC,INE184H01027,B,108.50,109.75,106.70,109.15,108.90,10901,1178933.00,221
BSE,EKI,INE0CPR01018,B,83.30,86.50,81.00,83.09,84.32,11830,983377.00,252
BSE,ELAND,INE311H01018,X,13.95,13.95,12.21,12.50,12.74,3862,48227.00,20
BSE,ELANGO,INE594D01018,XT,10.30,10.30,10.30,10.30,10.79,1,10.00,1
BSE,ELANTAS,INE280B01018,B,9389.10,9389.10,9246.10,9290.70,9322.45,42,392611.00,15
BSE,ELDEHSG,INE668G01021,B,784.00,784.00,784.00,784.00,783.00,173,135632.00,43
BSE,ELECON,INE205B01031,A,439.20,439.20,419.05,421.50,432.75,69232,29301023.00,2846
BSE,ELECTCAST,INE086A01029,A,70.09,72.35,69.50,72.15,70.45,88188,6218367.00,822
BSE,ELECTHERM,INE822G01016,B,997.30,1095.00,995.25,1009.55,1002.20,2289,2392710.00,211
BSE,ELEFLOR,INE152E01013,X,4.92,5.05,4.88,5.00,5.05,4490,22218.00,39
BSE,ELEMARB,INE095B01010,X,173.90,180.00,171.50,178.80,171.05,206,36089.00,23
BSE,ELFIN,INE1FEW01013,MT,79.50,79.50,79.50,79.50,79.50,3000,238500.00,1
BSE,ELFORGE,INE158F01017,X,18.35,19.00,18.11,18.35,18.35,1317,24248.00,31
BSE,ELGIEQUIP,INE285A01027,A,585.95,585.95,569.00,577.85,585.95,61006,35027943.00,451
BSE,ELIN,INE050401020,B,99.25,102.70,98.90,100.45,100.45,5861,587681.00,117
BSE,ELITECON,INE669R01026,B,15.52,16.62,15.45,15.55,16.09,868674,13841671.00,2764
BSE,ELIXIR,INE785D01012,X,121.00,121.00,112.05,116.75,119.75,953,109691.00,35
BSE,ELLEN,INE236E01022,B,277.00,284.45,273.65,281.30,278.35,24824,6951842.00,722
BSE,ELNET,INE033C01019,X,324.00,324.00,314.05,323.85,318.60,267,84866.00,14
BSE,ELPROINTL,INE579B01039,B,175.05,176.85,175.00,175.80,175.00,4955,869968.00,62
BSE,EMAINDIA,INE279D01016,XT,745.80,745.80,745.80,745.80,761.00,32,23865.00,5
BSE,EMAMILTD,INE548C01032,A,415.95,415.95,406.55,408.30,416.00,6760,2776203.00,290
BSE,EMAMIPAP,INE830C01026,B,121.00,122.71,116.78,117.69,122.88,24725,2944335.00,407
BSE,EMAMIREAL,INE778K01012,T,79.50,79.50,79.50,79.50,79.10,100,7950.00,1
BSE,EMBASSY,INE041025011,IF,440.00,441.50,437.05,438.46,442.04,105873,46353645.00,854
BSE,EMBDL,INE069I01010,A,61.11,62.07,60.05,61.28,61.45,289040,17761215.00,1063
BSE,EMCURE,INE168P01015,A,1872.60,1892.40,1856.10,1881.65,1864.05,3602,6758801.00,420
BSE,EMERALD,INE030Q01015,X,54.50,54.50,50.22,51.31,53.64,145823,7470098.00,773
BSE,EMERALL,INE044N01021,X,172.95,174.00,171.50,171.55,162.10,1574,272483.00,9
BSE,EMERGENT,INE668L01013,XT,427.00,430.00,427.00,427.70,427.00,100,42772.00,3
BSE,EMIAC,INE1OSW01015,M,93.10,95.00,93.10,94.70,93.05,27600,2580840.00,18
BSE,EMIL,INE02YR01019,B,128.40,130.00,125.80,129.40,127.70,46161,5894930.00,506
BSE,EMKAY,INE296H01011,B,234.90,242.00,232.00,238.40,235.45,2259,543615.00,75
BSE,EMMBI,INE753K01015,T,88.00,88.50,88.00,88.50,88.20,70,6182.00,4
BSE,EMMESSA,INE634B01016,X,24.90,24.90,24.30,24.45,24.13,44,1093.00,4
BSE,EMMFORCE,INE0SDC01012,MT,170.05,181.00,166.50,179.70,175.00,34800,6160260.00,28
BSE,EMMVEE,INE1C6T01020,B,318.95,332.00,314.30,330.70,319.65,92799,30070645.00,1699
BSE,EMPIND,INE515H01014,X,1022.00,1029.00,1000.55,1017.50,1025.30,1121,1140567.00,52
BSE,EMPOWER,INE507F01023,T,2.35,2.40,2.35,2.37,2.35,1293909,3064022.00,597
BSE,EMROCK,INE554H01021,XT,234.90,237.75,215.50,235.25,226.45,4093,952046.00,46
BSE,EMSLIMITED,INE0OV601013,B,404.90,406.50,392.00,404.05,406.65,16316,6510534.00,592
BSE,EMUDHRA,INE01QM01018,B,455.90,463.70,448.10,456.70,457.50,2414,1095606.00,143
BSE,ENBETRD,INE993I01029,X,0.28,0.28,0.27,0.27,0.28,11221177,3033135.00,663
BSE,ENCODE,INE900O01014,X,11.41,11.41,11.41,11.41,11.98,10,114.00,2
BSE,ENDURANCE,INE913H01037,A,2717.75,2717.75,2548.10,2637.35,2719.70,13930,36266220.00,1838
BSE,ENERGYDEV,INE306C01019,B,16.55,17.93,16.52,17.46,16.75,781,13358.00,26
BSE,ENERGYINF,INE05KD23015,IF,74.50,74.99,73.95,74.40,73.95,675000,50263250.00,22
BSE,ENGINERSIN,INE510A01028,A,223.40,226.55,219.45,225.30,224.15,37071,8274202.00,754
BSE,ENKEIWHEL,INE130L01014,X,369.95,369.95,358.15,364.70,360.30,2978,1087597.00,72
BSE,ENRIN,INE1NPP01017,A,3319.00,3319.00,3225.00,3240.10,3326.55,60850,199106510.00,1771
BSE,ENTERO,INE010601016,B,1199.95,1234.90,1194.00,1230.80,1199.00,1103,1348157.00,132
BSE,ENTRINT,INE439G01019,X,19.01,20.00,19.00,19.50,19.76,781,15044.00,9
BSE,ENVAIREL,INE601C01013,XT,49.17,49.17,49.17,49.17,51.75,2683,131923.00,18
BSE,EPACK,INE0G5901015,B,227.25,235.50,227.15,234.25,230.75,21315,4944854.00,501
BSE,EPACKPEB,INE0MLS01022,B,242.20,254.35,237.65,252.50,243.50,61711,15280127.00,1172
BSE,EPIC,INE932F01015,X,35.34,35.34,32.26,34.21,35.34,4264,144832.00,60
BSE,EPIGRAL,INE071N01016,B,1165.15,1214.35,1153.90,1163.05,1148.85,13668,16155731.00,863
BSE,EPL,INE255A01020,A,233.95,234.35,222.05,233.10,233.05,55649,12682651.00,1050
BSE,EPSOMPRO,INE601F01016,XT,8.00,8.00,8.00,8.00,8.00,100,800.00,3
BSE,EPUJA,INE807D01030,X,1.28,1.37,1.28,1.33,1.34,296148,388197.00,144
BSE,EQUIPPP,INE217G01035,T,23.62,24.00,23.61,23.99,24.50,1858,44001.00,9
BSE,EQUITASBNK,INE063P01018,A,78.49,78.95,76.53,78.49,78.55,113780,8828707.00,1061
BSE,ERIS,INE406M01024,A,1371.00,1406.90,1370.30,1398.90,1395.15,1224,1702348.00,207
BSE,ESABINDIA,INE284A01012,B,5717.00,5743.75,5644.00,5654.40,5727.40,98,556240.00,40
BSE,ESAFSFB,INE818W01011,B,35.55,38.90,35.20,38.72,35.60,700032,26421941.00,2401
BSE,ESARIND,INE404L01039,X,11.32,11.32,10.88,11.31,11.10,25812,288670.00,87
BSE,ESCORP,INE953W01016,B,100.00,103.00,100.00,102.90,103.00,164,16568.00,13
BSE,ESCORTS,INE042A01014,A,2903.00,2923.00,2878.05,2903.50,2907.65,2649,7684554.00,530
BSE,ESHAMEDIA,INE328F01016,XT,43.73,43.73,43.73,43.73,46.03,7926,346603.00,43
BSE,ESPIRE,INE176O01011,X,164.00,164.95,157.60,164.80,164.80,439,72175.00,18
BSE,ESSARSHPNG,INE122M01019,B,20.06,20.38,19.60,20.03,20.06,13804,276096.00,249
BSE,ESSENTIA,INE418N01035,T,1.13,1.13,1.11,1.11,1.14,299265,334312.00,201
BSE,ESSEX,INE1IBY01019,MT,39.51,40.89,39.50,40.89,41.44,8000,319800.00,4
BSE,ESTER,INE778B01029,B,89.00,89.40,87.14,88.13,89.71,4225,373224.00,158
BSE,ETERNAL,INE758T01015,A,286.50,286.50,276.60,280.00,286.70,2165302,604808618.00,21063
BSE,ETHOSLTD,INE04TZ01018,A,2560.00,2588.35,2525.30,2557.75,2580.20,1081,2754733.00,198
BSE,ETIL,INE937K01014,X,6.57,6.57,6.37,6.39,6.40,215,1387.00,10
BSE,EUREKAFORB,INE0KCE01017,A,430.50,433.90,425.05,432.40,434.55,5545,2383651.00,404
BSE,EUREKAI,INE958A01011,XT,9.60,9.60,9.60,9.60,10.10,5935,56976.00,32
BSE,EUROBOND,INE505V01016,B,161.00,164.50,160.25,164.00,161.00,2932,470144.00,117
BSE,EUROLED,INE940E01011,X,16.00,16.25,15.60,16.20,15.75,5118,82448.00,28
BSE,EUROPRATIK,INE198501012,B,299.10,304.30,292.25,301.70,299.75,7403,2210288.00,183
BSE,EUROTEXIND,INE022C01012,T,12.80,12.86,12.80,12.83,12.85,335,4294.00,3
BSE,EVANS,INE06TD01010,M,66.00,70.00,66.00,69.00,65.80,6000,409900.00,6
BSE,EVEREADY,INE128A01029,B,350.05,358.00,343.95,357.00,351.30,4110,1455239.00,199
BSE,EVERESTIND,INE295A01018,T,499.00,524.35,495.10,521.65,499.50,2791,1448377.00,64
BSE,EVERESTO,INE334C01029,X,291.05,291.80,290.00,290.35,291.00,394,114669.00,11
BSE,EVERFIN,INE339D01034,X,117.00,117.00,100.00,104.50,103.00,206,21956.00,17
BSE,EVEXIA,INE313M01030,XT,1.64,1.68,1.56,1.59,1.64,4209909,6660125.00,729
BSE,EVOQ,INE0JVD01011,MT,1.88,1.92,1.88,1.89,1.88,48000,91000.00,12
BSE,EXATO,INE1E4401010,MT,533.30,574.00,531.00,568.25,558.15,23000,12613975.00,40
BSE,EXCELINDUS,INE369A01029,B,909.00,941.65,909.00,941.65,916.40,149,136189.00,23
BSE,EXCELSOFT,INE606N01019,B,74.00,74.79,73.09,74.41,74.50,15255,1123089.00,158
BSE,EXHICON,INE0O8901016,M,518.05,519.00,510.00,510.50,521.30,16750,8596450.00,57
BSE,EXICOM,INE777F01014,B,159.20,162.40,155.50,160.35,161.85,166749,26471967.00,1409
BSE,EXIDEIND,INE302A01020,A,434.95,448.00,434.90,442.95,439.20,390985,173026324.00,5928
BSE,EXPLEOSOL,INE201K01015,B,811.25,811.25,798.20,802.35,815.00,2214,1782284.00,252
BSE,EXPOEAPL,INE561D01025,X,69.00,74.95,68.10,73.53,70.20,36120,2641080.00,65
BSE,EXXARO,INE0GFE01026,B,6.29,6.75,6.10,6.66,6.25,66403,437574.00,170
BSE,EY,INE750G01019,XT,698.25,734.00,698.25,698.25,735.00,27,18888.00,4
BSE,FAALCON,INE0Q9W01015,M,39.55,39.55,39.55,39.55,39.50,2000,79100.00,1
BSE,FABCLEAN,INE0HSD01011,MT,385.00,385.00,376.00,376.00,380.00,1200,454800.00,3
BSE,FABTECH,INE0HF201011,B,149.95,152.50,147.00,149.25,148.85,10331,1545202.00,260
BSE,FACORALL,INE828G01013,XT,3.65,3.85,3.55,3.73,3.67,214192,806147.00,161
BSE,FACT,INE188A01015,B,805.05,813.05,789.35,807.40,804.45,8710,6956744.00,475
BSE,FAIRCHEMOR,INE0DNW01011,T,774.00,778.00,745.10,750.00,772.90,1185,898851.00,49
BSE,FAMILYCARE,INE146N01016,X,2.74,2.94,2.70,2.72,2.73,43473,119593.00,158
BSE,FAZE3Q,INE963C01033,B,539.25,546.75,534.50,546.20,545.40,412,223578.00,33
BSE,FCL,INE045J01034,B,43.50,43.50,39.00,39.62,41.93,2774759,112257534.00,6748
BSE,FCSSOFT,INE512B01022,T,1.55,1.60,1.50,1.55,1.53,51424,78797.00,95
BSE,FDC,INE258B01022,B,397.55,417.40,397.55,411.30,401.65,3751,1517280.00,222
BSE,FEDDERSHOL,INE417D01020,B,47.06,47.87,45.34,45.77,47.91,126991,5882688.00,494
BSE,FEDERALBNK,INE171A01029,A,351.15,354.90,349.85,354.20,354.55,1013109,356037816.00,3551
BSE,FEDFINA,INE007N01010,B,150.20,151.45,147.50,150.55,150.20,53450,7988304.00,470
BSE,FEL,INE623B01027,Z,0.49,0.49,0.49,0.49,0.49,3004,1471.00,17
BSE,FERMENTA,INE225B01021,B,393.95,437.40,393.95,432.60,401.95,16831,7114054.00,614
BSE,FERVENTSYN,INE258M01011,X,16.40,16.87,15.22,16.08,15.72,1412,22532.00,21
BSE,FFPL,INE617C01027,Z,5.36,5.36,5.36,5.36,5.11,450,2412.00,3
BSE,FGP,INE512A01016,X,10.82,10.82,10.40,10.69,10.42,1231,13133.00,14
BSE,FIBERWEB,INE296C01020,B,29.20,30.40,29.20,30.40,30.00,3714,111650.00,16
BSE,FIEMIND,INE737H01014,B,2308.95,2342.00,2301.60,2337.95,2355.45,2566,5967328.00,397
BSE,FILATEX,INE816B01035,B,71.98,77.50,70.58,73.83,71.85,633911,47546205.00,5600
BSE,FILATFASH,INE185E01021,T,0.19,0.19,0.19,0.19,0.19,913501,173565.00,312
BSE,FILME,INE600B01033,XT,1.87,1.88,1.87,1.88,1.90,5358,10039.00,10
BSE,FILTRON,INE589N01017,XT,60.13,61.33,58.93,61.33,60.13,2811,171370.00,28
BSE,FINCABLES,INE235A01022,A,966.15,1004.85,957.50,998.55,978.95,33584,32928131.00,2044
BSE,FINELINE,INE087E01011,XT,69.82,69.82,66.33,69.77,69.82,1929,130461.00,29
BSE,FINEORG,INE686Y01026,A,4675.05,4838.20,4675.05,4831.55,4745.10,370,1769327.00,92
BSE,FINKURVE,INE734I01027,B,62.23,62.66,61.74,62.00,62.57,35,2175.00,10
BSE,FINOPB,INE02NC01014,B,168.00,168.45,163.10,167.60,171.50,54965,9103250.00,719
BSE,FINPIPE,INE183A01024,A,159.70,164.15,158.50,163.60,159.95,75189,12174758.00,1370
BSE,FIRSTCRY,INE02RE01045,A,208.15,209.30,205.10,208.40,209.50,48396,10026779.00,882
BSE,FIRSTFIN,INE683B01047,XT,7.14,7.58,6.93,6.94,7.29,11175,78997.00,62
BSE,FISCHER,INE771F01041,B,39.71,39.72,37.78,38.18,38.92,76055,2916435.00,345
BSE,FIVESTAR,INE128S01021,A,533.00,537.45,520.50,535.15,534.35,1169672,620181159.00,2635
BSE,FLAIR,INE00Y201027,B,247.65,254.95,243.00,253.10,245.55,8181,2042304.00,189
BSE,FLEXFO,INE954B01018,X,37.15,44.75,37.15,44.26,40.69,10196,437718.00,83
BSE,FLEXITUFF,INE060J01017,T,4.59,4.80,4.59,4.65,4.83,592,2824.00,5
BSE,FLFL,INE452O01016,Z,1.36,1.44,1.35,1.44,1.39,2061,2936.00,7
BSE,FLOMIC,INE952M01019,X,47.50,49.00,47.00,48.79,47.50,1231,58109.00,13
BSE,FLORACORP,INE318U01016,X,7.72,7.72,7.72,7.72,7.72,2,15.00,1
BSE,FLUIDOM,INE459C01016,X,915.00,922.00,868.85,899.35,924.25,8078,7278291.00,286
BSE,FLUOROCHEM,INE09N301011,A,4530.00,4628.90,4470.10,4597.70,4575.10,17707,80434772.00,498
BSE,FMEC,INE108T01021,XT,12.55,12.97,12.06,12.86,12.62,234673,2993894.00,263
BSE,FMGOETZE,INE529A01010,B,475.90,478.35,473.05,477.70,480.65,1668,793756.00,76
BSE,FMNL,INE360L01017,T,9.14,9.99,9.12,9.48,9.59,10978,100683.00,28
BSE,FOODSIN,INE976E01023,B,55.24,55.55,54.00,55.41,55.40,15009,816473.00,201
BSE,FORBESCO,INE518A01013,X,270.00,277.95,260.00,265.00,269.90,3822,1014537.00,139
BSE,FORCEMOT,INE451A01017,A,17449.95,17860.15,17182.20,17627.10,17418.35,11777,208066799.00,2462
BSE,FORINTL,INE501D01013,X,67.00,78.50,66.00,78.50,78.20,192,14898.00,13
BSE,FORTIS,INE061F01013,A,935.05,951.00,928.00,945.15,943.90,289534,271307651.00,2017
BSE,FORTISMLR,INE842B01015,X,48.50,50.95,48.50,50.53,49.53,5248,260393.00,158
BSE,FOSECOC,INE599F01020,X,1280.00,1297.00,1243.00,1261.50,1264.95,5983,7698598.00,106
BSE,FOSECOIND,INE519A01011,B,5057.00,5129.00,5015.50,5050.80,5007.35,33,167066.00,15
BSE,FRACTAL,INE212S01015,B,825.95,844.90,780.00,787.20,862.15,103530,83825229.00,6623
BSE,FRANKLININD,INE789R01022,XT,0.35,0.36,0.34,0.36,0.35,932861,325051.00,423
BSE,FRASER,INE184Q01010,X,9.13,9.79,9.13,9.57,9.47,196,1892.00,12
BSE,FRATELLI,INE401Z01019,XT,87.52,96.33,87.17,96.00,91.75,138067,12205761.00,284
BSE,FREDUN,INE194R01017,X,895.00,909.95,851.70,895.20,896.30,19020,16745684.00,947
BSE,FRONTCAP,INE977E01013,X,8.48,8.88,8.13,8.50,8.48,10646,93166.00,16
BSE,FRONTCORP,INE092D01013,X,32.27,32.27,32.27,32.27,33.96,4,129.00,2
BSE,FRONTSP,INE572D01014,B,1346.90,1360.10,1307.95,1331.00,1350.80,6264,8337725.00,675
BSE,FRUTION,INE836C01015,XT,41.05,41.05,40.80,41.00,41.79,1934,79295.00,12
BSE,FSL,INE684F01012,A,254.60,257.40,251.50,253.80,255.90,33301,8460145.00,832
BSE,FTL,INE0QOQ01013,MT,11.76,11.76,11.18,11.18,11.76,6000,67660.00,6
BSE,FUNDVISER,INE365H01014,XT,380.00,380.00,380.00,380.00,387.10,7,2660.00,3
BSE,FUSION,INE139R01012,B,219.60,219.60,209.15,216.00,220.65,30367,6514022.00,472
BSE,FUTURSEC,INE425D01015,X,24.45,24.45,24.45,24.45,24.45,9,220.00,1
BSE,FYNX,INE455H01021,X,4.47,4.51,4.30,4.51,4.31,2702,12081.00,22
BSE,GABRIEL,INE524A01029,A,1370.05,1385.50,1335.10,1364.05,1380.05,42494,57727068.00,1962
BSE,GAEL,INE036B01030,B,137.00,152.80,137.00,151.65,139.30,277002,41003757.00,3026
BSE,GAGAN,INE076D01016,XT,20.28,20.28,20.26,20.28,19.32,2212,44855.00,18
BSE,GAIL,INE129A01019,A,170.70,171.25,167.30,170.00,172.00,292680,49681132.00,3840
BSE,GAJANANSEC,INE868G01019,X,52.00,52.90,52.00,52.90,52.00,115,6056.00,13
BSE,GALACTICO,INE906Y01028,B,2.01,2.01,1.91,1.98,1.98,31814,62513.00,101
BSE,GALADA,INE255C01026,XT,13.30,13.30,13.30,13.30,13.04,76,1010.00,1
BSE,GALADAFIN,INE243E01010,XT,39.78,39.78,39.00,39.00,39.00,168,6553.00,6
BSE,GALAGEX,INE803L01016,X,68.90,70.00,64.15,68.18,65.79,150871,10043743.00,150
BSE,GALAPREC,INE0RE001014,B,1137.40,1157.15,1130.00,1143.55,1166.20,1869,2124526.00,185
BSE,GALAXYSURF,INE600K01018,B,1905.80,1935.75,1905.80,1933.95,1934.10,189,363954.00,47
BSE,GALLANTT,INE297H01019,A,532.60,547.95,515.00,523.90,539.50,51778,27386368.00,2007
BSE,GALLOPENT,INE755J01012,XT,37.80,37.80,34.30,34.30,36.10,5,180.00,3
BSE,GALXBRG,INE020S01012,XT,875.00,888.85,870.10,888.75,893.30,374,329732.00,35
BSE,GAMCO,INE890S01026,X,51.85,51.85,48.30,50.49,51.00,142349,7088005.00,298
BSE,GANDHAR,INE717W01049,B,290.20,303.20,275.70,283.20,282.20,1609235,464569240.00,20332
BSE,GANDHITUBE,INE524B01027,B,870.00,880.00,863.10,872.85,870.00,550,479677.00,52
BSE,GANECOS,INE845D01014,B,1187.85,1212.00,1160.00,1210.15,1194.65,12038,14289868.00,580
BSE,GANESHBE,INE388A01029,B,113.00,113.80,109.00,111.65,113.65,30948,3442471.00,440
BSE,GANESHCP,INE652V01016,B,171.60,174.95,169.40,172.10,171.05,4410,760239.00,203
BSE,GANESHHOU,INE460C01014,B,793.00,807.50,778.85,795.85,811.40,2407,1917279.00,212
BSE,GANGAPA,INE278O01015,X,104.90,104.90,99.50,99.50,100.99,104,10680.00,9
BSE,GANHOLD,INE932M01011,XT,92.61,92.61,92.61,92.61,88.20,1183,109557.00,7
BSE,GANONPRO,INE162L01017,X,12.50,12.50,11.00,11.05,11.75,11551,128410.00,51
BSE,GANVERSE,INE369Q01017,MT,27.34,29.29,26.51,29.28,27.90,13750,390150.00,10
BSE,GARBIFIN,INE721C01019,X,9.46,9.46,8.15,8.60,9.19,5571,47453.00,49
BSE,GARFIBRES,INE276A01018,A,734.90,750.35,733.25,749.70,744.85,1167,870022.00,144
BSE,GARGFUR,INE194E01015,X,114.75,114.75,110.80,112.45,116.00,4618,515478.00,59
BSE,GARGI,INE0NT601018,M,646.00,660.00,646.00,654.55,645.65,10125,6605075.00,61
BSE,GARMNTMNTR,INE653S01028,X,1.12,1.13,1.10,1.12,1.11,348385,387837.00,172
BSE,GARNET,INE797D01017,X,69.75,69.75,66.35,67.12,68.02,986,66421.00,37
BSE,GARNETINT,INE590B01010,X,63.01,64.39,62.50,64.13,64.43,593,37386.00,7
BSE,GARUDA,INE0JVO01026,B,169.80,174.95,168.20,174.70,172.75,23940,4088534.00,379
BSE,GARWAMAR,INE925D01014,X,21.58,21.89,21.12,21.15,21.69,2256,47877.00,44
BSE,GARWAOFFS,INE446C01013,XT,45.00,45.95,44.20,45.00,46.40,14631,656371.00,47
BSE,GARWSYN,INE340D01016,X,18.62,18.62,18.60,18.60,18.25,1619,30113.00,6
BSE,GATECH,INE224E01028,B,0.50,0.50,0.48,0.49,0.50,442078,216621.00,140
BSE,GATECHDVR,INE224E01036,B,0.46,0.46,0.43,0.44,0.45,160351,71748.00,53
BSE,GATEWAY,INE079J01017,B,57.38,57.38,56.02,56.33,57.03,37113,2092275.00,675
BSE,GAUDIUMIVF,INE0P8B01020,T,151.45,151.45,151.45,151.45,154.50,6574,995632.00,89
BSE,GAYAHWS,INE287Z01012,B,1.90,1.92,1.85,1.90,1.89,5327,10014.00,37
BSE,GAYAPROJ,INE336H01023,T,20.55,21.26,19.76,20.91,20.44,16867,344805.00,99
BSE,GAYATRI,INE622E01023,X,7.80,8.00,7.80,7.94,8.00,36093,286893.00,93
BSE,GAYATRIBI,INE052E01015,X,7.01,7.21,6.80,7.21,6.87,8651,61988.00,37
BSE,GBFL,INE997C01015,X,9.71,9.80,9.24,9.57,9.11,11135,106183.00,69
BSE,GBLOGISTIC,INE0RWU01016,M,25.50,27.00,25.25,27.00,27.03,7200,187104.00,6
BSE,GCMSECU,INE168O01026,B,0.70,0.70,0.67,0.69,0.70,29903,20406.00,55
BSE,GCSL,INE199P01028,B,516.50,532.90,511.05,531.90,521.30,4023,2096364.00,163
BSE,GDLLEAS,INE545E01018,XT,66.30,66.30,66.25,66.25,66.30,15,994.00,5
BSE,GEE,INE064H01021,XT,112.50,116.00,108.55,111.00,112.50,30239,3401251.00,158
BSE,GEECEE,INE916G01016,T,335.30,357.95,335.30,336.40,350.60,150,50455.00,14
BSE,GEL,INE721X01023,M,33.49,33.99,32.99,33.88,33.40,15000,502890.00,5
BSE,GEMAROMA,INE06XZ01023,B,176.55,179.05,175.00,177.20,177.00,4466,791095.00,100
BSE,GEMENVIRO,INE0RUJ01013,M,39.00,39.00,37.20,37.20,39.00,2400,90760.00,3
BSE,GEMSI,INE503D01027,X,1.51,1.56,1.46,1.47,1.51,26934,39761.00,118
BSE,GENCON,INE854S01022,B,39.74,40.15,39.74,40.00,40.46,20813,834440.00,67
BSE,GENESYS,INE727B01026,B,291.00,301.95,290.00,296.90,299.65,14836,4381239.00,329
BSE,GENNEX,INE509C01026,X,9.10,9.15,8.90,9.08,9.07,158929,1437652.00,298
BSE,GENPHARMA,INE861N01036,X,1.05,1.05,1.00,1.02,1.03,292175,300616.00,199
BSE,GENUSPAPER,INE949P01018,B,12.48,12.48,11.84,12.00,12.24,4992,60148.00,42
BSE,GENUSPOWER,INE955D01029,A,309.55,316.90,307.20,315.60,313.85,54063,16845718.00,1122
BSE,GENUSPRIME,INE256D01014,X,28.60,29.90,28.60,29.17,29.91,16501,479180.00,64
BSE,GEOJITFSL,INE007B01023,B,77.50,78.22,75.34,76.15,78.74,39322,3010690.00,451
BSE,GESHIP,INE017A01032,A,1449.40,1449.45,1419.50,1437.40,1440.30,12534,17953036.00,1044
BSE,GETALONG,INE0H1201020,MT,7.70,7.70,7.70,7.70,7.40,5000,38500.00,1
BSE,GFLLIMITED,INE538A01037,B,44.70,45.91,44.50,45.08,45.22,1749,78854.00,62
BSE,GGAUTO,INE493B01017,X,164.90,164.90,158.00,162.00,160.05,3072,494745.00,116
BSE,GGDPROP,INE631D01026,X,75.00,77.00,70.65,77.00,75.10,1133,85038.00,10
BSE,GGL,INE063Z01017,X,3.05,3.07,2.99,3.03,3.05,89162,270154.00,48
BSE,GGPL,INE480S01026,Z,1.60,1.73,1.59,1.59,1.67,44939,71788.00,80
BSE,GHCL,INE539A01019,A,429.25,438.00,427.85,435.75,429.25,3602,1559463.00,154
BSE,GHCLTEXTIL,INE0PA801013,B,115.56,117.01,112.36,115.58,115.28,32970,3782242.00,392
BSE,GHVINFRA,INE809Q01020,X,245.05,245.10,238.35,241.55,233.45,59049,14450550.00,485
BSE,GIANLIFE,INE063601012,Z,4.65,4.87,4.59,4.60,4.72,17681,82214.00,53
BSE,GICHSGFIN,INE289B01019,B,145.25,147.20,144.65,146.85,147.30,3822,558443.00,141
BSE,GICRE,INE481Y01014,A,357.45,359.70,356.60,357.40,359.55,14535,5200114.00,327
BSE,GILADAFINS,INE918C01029,X,13.54,14.89,13.54,14.16,13.47,11575,164662.00,52
BSE,GILLANDERS,INE047B01011,B,88.90,88.90,88.90,88.90,86.71,271,24091.00,1
BSE,GILLETTE,INE322A01010,A,7789.95,7850.00,7725.05,7816.80,7785.60,373,2904839.00,194
BSE,GINISILK,INE548B01018,X,61.90,61.90,55.65,55.65,54.56,507,29186.00,17
BSE,GINNIFILA,INE424C01010,T,46.95,47.76,45.20,47.30,47.00,15951,739038.00,65
BSE,GIPCL,INE162A01010,B,156.40,157.45,154.40,156.95,156.75,5128,801227.00,119
BSE,GITARENEW,INE776O01018,X,70.91,71.00,70.91,71.00,70.91,136,9645.00,11
BSE,GKB,INE265D01015,X,55.15,57.49,55.15,57.49,55.10,291,16341.00,7
BSE,GKCONS,INE131D01019,X,11.98,11.98,11.00,11.20,11.60,533,5864.00,7
BSE,GKENERGY,INE1AG301022,B,134.05,137.25,133.45,136.25,136.10,33745,4546375.00,576
BSE,GKL,INE986W01016,X,32.37,33.00,30.00,32.57,31.47,98030,3063577.00,207
BSE,GKP,INE05QJ01015,B,5.61,5.78,5.41,5.69,5.63,3560,20054.00,35
BSE,GKSL,INE0V0W01025,B,127.80,129.20,127.00,128.25,127.25,9996,1276096.00,362
BSE,GLANCE,INE580D01017,X,152.10,152.10,152.10,152.10,152.10,5,760.00,1
BSE,GLAND,INE068V01023,A,2385.70,2414.85,2370.50,2378.35,2377.55,8626,20606871.00,701
BSE,GLAXO,INE159A01016,A,2494.20,2525.80,2455.00,2513.25,2494.20,3064,7611635.00,526
BSE,GLCL,INE804Q01013,XT,20.05,20.20,19.36,20.08,19.96,14807,293664.00,54
BSE,GLEN,INE0UMC01019,M,73.00,75.00,73.00,74.00,73.00,36000,2667852.00,29
BSE,GLENMARK,INE935A01035,A,2180.05,2214.70,2180.05,2193.25,2205.55,13737,30134547.00,922
BSE,GLFL,INE540A01017,T,6.56,6.56,6.56,6.56,6.57,1,6.00,1
BSE,GLHRL,INE0J2K01014,M,12.89,12.89,11.79,12.20,12.41,8000,96480.00,6
BSE,GLITTEKG,INE741B01027,XT,58.45,58.45,58.44,58.45,57.31,15070,880802.00,29
BSE,GLOBALCA,INE062C01042,X,0.45,0.55,0.45,0.49,0.46,718284,355906.00,219
BSE,GLOBALVECT,INE792H01019,B,145.20,151.90,145.20,149.15,150.50,145,21519.00,19
BSE,GLOBECIVIL,INE0V3U01015,T,40.05,40.05,39.25,39.84,40.99,2655,104475.00,20
BSE,GLOBTIER,INE12P601017,MT,17.01,17.01,16.25,16.26,17.01,6400,105312.00,4
BSE,GLOBUSCON,INE064L01015,X,13.90,13.90,12.40,12.87,13.49,11062,139875.00,70
BSE,GLOBUSSPR,INE615I01010,B,851.15,884.15,851.15,879.60,861.40,8720,7622455.00,435
BSE,GLOSTERLTD,INE350Z01018,B,680.75,688.00,670.05,685.80,685.60,563,385189.00,35
BSE,GLOTTIS,INE0TQE01026,T,66.00,66.99,65.55,66.20,66.38,2198,145708.00,23
BSE,GLPL,INE1CLW01015,M,40.98,40.98,38.13,38.13,39.99,15000,600270.00,4
BSE,GMBREW,INE075D01018,B,900.00,907.00,895.00,906.05,903.60,2166,1948784.00,65
BSE,GMDCLTD,INE131A01031,A,557.35,564.45,551.15,562.55,563.15,138191,76987711.00,2760
BSE,GMMPFAUDLR,INE541A01023,A,793.90,813.75,789.40,809.25,796.30,5153,4141079.00,260
BSE,GMRAIRPORT,INE776C01039,A,107.00,107.40,105.55,107.10,107.35,155868,16604687.00,1484
BSE,GMRP&UI,INE0CU601026,A,98.70,98.70,96.75,97.39,99.88,54504,5318053.00,480
BSE,GNA,INE934S01014,B,495.25,511.50,485.50,508.75,500.80,31099,15466531.00,999
BSE,GNFC,INE113A01013,A,496.00,504.90,492.40,503.35,497.25,7525,3752361.00,416
BSE,GNRL,INE207H01018,B,91.05,93.90,88.40,92.45,91.65,14867,1356725.00,1136
BSE,GOACARBON,INE426D01013,B,375.05,385.00,372.80,376.10,381.45,824,310028.00,82
BSE,GOCLCORP,INE077F01035,B,387.85,398.00,384.45,396.95,391.35,4270,1679807.00,129
BSE,GOCOLORS,INE0BJS01011,B,320.25,325.35,316.85,324.10,321.25,11953,3840683.00,249
BSE,GODAVARI,INE362C01012,XT,115.00,119.60,111.50,118.40,115.65,2342,273930.00,28
BSE,GODAVARIB,INE497S01012,B,272.00,280.25,272.00,278.45,276.80,9491,2634766.00,207
BSE,GODFRYPHLP,INE260B01028,A,2045.00,2139.00,2025.65,2127.10,2047.20,39543,82558790.00,2903
BSE,GODIGIT,INE03JT01014,A,270.05,274.80,254.00,256.50,280.85,266442,69419074.00,6560
BSE,GODREJAGRO,INE850D01014,A,563.80,582.85,556.55,574.05,560.80,16001,9183531.00,376
BSE,GODREJCP,INE102D01028,A,1051.85,1066.00,1045.95,1059.20,1057.85,10491,11114731.00,767
BSE,GODREJIND,INE233A01035,A,1340.00,1340.00,1309.05,1331.95,1345.40,3737,4953982.00,487
BSE,GODREJPROP,INE484J01027,A,2038.75,2045.95,1996.75,2026.55,2042.20,25034,50486701.00,2550
BSE,GOEL,INE0K6L01010,M,11.55,11.55,11.50,11.54,12.10,10000,115400.00,3
BSE,GOELCONS,INE0ZOM01013,MT,442.00,442.00,436.00,440.00,442.00,1600,703200.00,4
BSE,GOGIACAPGL,INE832C01014,X,52.48,52.48,52.48,52.48,51.45,1,52.00,1
BSE,GOKAKTEX,INE642I01014,X,61.00,61.00,60.00,60.00,61.39,194,11750.00,8
BSE,GOKEX,INE887G01027,A,801.90,833.20,789.30,830.40,794.65,17423,14203997.00,824
BSE,GOKUL,INE020J01029,B,39.52,39.77,39.10,39.52,39.84,18480,726659.00,78
BSE,GOKULAGRO,INE314T01033,B,209.10,212.95,207.35,210.10,209.45,14487,3026423.00,300
BSE,GOLDCOINHF,INE634J01027,X,31.50,32.00,25.36,30.33,31.30,5610,175828.00,81
BSE,GOLDIAM,INE025B01025,A,343.45,351.10,335.35,349.70,347.80,48078,16498720.00,1199
BSE,GOLDLEG,INE088E01019,X,8.81,8.92,8.30,8.46,8.44,10733,91212.00,71
BSE,GOLDTECH,INE805A01014,T,60.98,60.98,58.57,59.00,59.44,4380,259391.00,41
BSE,GOLECHA,INE427D01011,X,28.75,28.75,28.75,28.75,28.75,45,1293.00,4
BSE,GOLKUNDIA,INE798D01015,X,240.55,243.95,238.00,238.35,243.00,1931,463561.00,62
BSE,GOODLUCK,INE127I01024,B,1507.55,1535.00,1491.45,1511.70,1531.05,8970,13550947.00,756
BSE,GOODRICKE,INE300A01016,X,184.00,184.00,178.20,182.00,184.60,1477,269996.00,22
BSE,GOODYEAR,INE533A01012,B,823.00,829.30,817.20,824.25,825.20,1695,1396457.00,146
BSE,GOPAL,INE0L9R01028,B,260.80,260.80,256.60,258.85,258.20,13779,3564144.00,222
BSE,GORANIN,INE792J01015,XT,44.00,44.00,42.50,43.01,44.50,636,27726.00,9
BSE,GOURMET,INE512D01028,XT,11.74,11.74,11.00,11.69,11.19,6473,74900.00,22
BSE,GOWRALE,INE225G01012,XT,98.35,102.00,93.10,101.60,97.70,3149,312946.00,59
BSE,GOYALALUM,INE705X01026,B,6.34,6.69,6.34,6.52,6.50,15685,102238.00,107
BSE,GOYALASS,INE912B01032,X,0.98,0.99,0.98,0.99,0.98,37576,37153.00,28
BSE,GPAPL,INE0SIK01014,M,75.98,79.90,75.00,75.00,73.00,12800,990752.00,7
BSE,GPIL,INE177H01039,A,242.65,243.00,237.35,240.25,241.20,27723,6669837.00,670
BSE,GPPL,INE517F01014,A,147.20,149.50,146.75,149.20,147.20,57907,8591733.00,1348
BSE,GPSL,INE0QZF01012,M,97.00,99.00,96.00,99.00,98.00,3600,351000.00,6
BSE,GPTHEALTH,INE486R01017,B,157.25,164.70,155.35,160.00,156.50,20390,3278470.00,502
BSE,GPTINFRA,INE390G01014,B,113.95,119.25,112.85,116.65,114.30,6368,734327.00,134
BSE,GRAMEVA,INE578R01011,XT,95.50,97.35,95.50,97.30,95.50,127,12342.00,10
BSE,GRANDMA,INE927M01029,X,0.30,0.30,0.30,0.30,0.29,5236,1570.00,5
BSE,GRANDOAK,INE926B01016,B,39.48,39.48,37.59,37.65,39.56,351,13329.00,10
BSE,GRANULES,INE101D01020,A,842.05,856.00,831.90,833.65,851.85,16670,14026096.00,554
BSE,GRAPHITE,INE371A01025,A,657.65,687.85,654.05,672.60,657.70,228585,154196242.00,6981
BSE,GRASIM,INE047A01021,A,3109.60,3109.60,3067.40,3087.45,3112.70,4559,14058983.00,889
BSE,GRATEXI,INE915E01013,X,26.63,26.63,26.60,26.60,26.50,155,4123.00,3
BSE,GRAUWEIL,INE266D01021,B,73.61,74.51,72.95,74.02,73.88,25760,1898500.00,301
BSE,GRAVISSHO,INE214F01026,B,29.85,30.75,29.56,29.58,30.81,420,12417.00,6
BSE,GRAVITA,INE024L01027,A,1749.55,1782.80,1713.70,1775.35,1755.05,8033,14015894.00,601
BSE,GRAVITY,INE995A01013,XT,11.00,11.29,10.66,11.27,10.89,17545,192307.00,71
BSE,GREAVESCOT,INE224A01026,A,235.95,248.40,231.45,246.25,237.05,160126,38405098.00,2085
BSE,GREENCREST,INE414C01045,X,0.49,0.49,0.47,0.48,0.49,113713,54338.00,136
BSE,GREENLAM,INE544R01021,B,242.35,257.90,238.75,255.65,240.30,10663,2678936.00,319
BSE,GREENPANEL,INE08ZM01014,B,191.85,195.10,189.40,194.00,193.15,2915,563247.00,123
BSE,GREENPLY,INE461C01038,B,327.65,328.00,294.60,298.80,320.95,62198,18984027.00,1496
BSE,GREENPOWER,INE999K01014,B,9.88,10.14,9.75,10.03,10.00,192748,1915892.00,772
BSE,GRERENEW,INE0U8P01015,MT,193.45,193.45,184.30,184.30,194.00,22800,4214760.00,19
BSE,GRINDWELL,INE536A01023,A,1991.05,2044.75,1985.25,2011.75,2000.85,4865,9772249.00,612
BSE,GRINFRA,INE201P01022,B,861.35,875.70,861.35,870.55,870.45,577,501066.00,72
BSE,GRMOVER,INE192H01020,B,89.74,90.52,88.45,90.21,89.83,8213,733554.00,133
BSE,GROARC,INE042B01012,X,5.68,5.68,5.57,5.57,5.58,680,3793.00,8
BSE,GROVY,INE343C01012,X,59.70,63.70,55.23,56.28,53.38,40804,2368190.00,278
BSE,GROWINGTON,INE451S01027,B,0.71,0.72,0.69,0.71,0.71,2257703,1591337.00,396
BSE,GROWW,INE0HOQ01053,B,202.75,205.00,200.35,202.30,202.40,778975,157721902.00,6466
BSE,GRPLTD,INE137I01015,B,2074.95,2074.95,1970.00,2006.70,1952.75,1972,3972646.00,220
BSE,GRSE,INE382Z01011,A,2573.75,2586.50,2536.35,2565.45,2574.25,14516,37112898.00,1019
BSE,GRWRHITECH,INE291A01017,A,6859.90,6925.00,6747.35,6906.30,6855.15,1426,9738123.00,414
BSE,GSAUTO,INE736H01024,X,14.26,15.21,13.52,14.72,14.19,21246,307155.00,89
BSE,GSBFIN,INE777C01011,XT,45.72,45.72,44.10,44.64,45.50,593,26202.00,16
BSE,GSFC,INE026A01025,A,154.65,155.20,152.75,154.50,154.65,69238,10664835.00,976
BSE,GSLSU,INE0JSX01015,B,28.57,28.57,27.00,28.57,27.21,80016,2271641.00,369
BSE,GSLTD,INE403B01016,X,18.80,18.94,17.43,17.65,18.22,10501,193964.00,28
BSE,GSPCROP,INE713R01022,B,549.50,556.95,524.85,530.10,546.70,40557,21703030.00,991
BSE,GSS,INE871H01011,B,12.18,12.26,12.00,12.12,12.24,10817,130015.00,27
BSE,GSTL,INE632W01016,XT,23.85,24.95,23.07,24.46,23.96,18250,446419.00,69
BSE,GTIL,INE1H1501013,M,84.00,84.00,83.50,83.50,83.44,6400,536000.00,4
BSE,GTL,INE043A01012,B,7.06,7.20,7.06,7.12,7.13,48529,345297.00,194
BSE,GTLINFRA,INE221H01019,B,1.20,1.23,1.18,1.23,1.21,3117579,3766864.00,16709
BSE,GTNINDS,INE537A01013,X,24.99,24.99,22.88,23.90,24.00,132,3121.00,17
BSE,GTNTEX,INE302H01017,X,8.95,8.95,8.60,8.94,8.96,5901,52778.00,5
BSE,GTPL,INE869I01013,B,60.00,60.66,58.81,59.50,59.49,6499,386423.00,168
BSE,GTTDATA,INE959B01017,X,39.70,39.70,37.30,38.19,38.56,9972,384384.00,44
BSE,GTV,INE910R01024,X,69.05,70.99,68.60,70.93,70.12,114624,7991165.00,259
BSE,GUFICBIO,INE742B01025,B,372.10,380.70,368.05,378.25,377.00,2163,806146.00,79
BSE,GUJALKALI,INE186A01019,B,708.25,708.25,668.50,673.55,643.90,34899,24187844.00,1920
BSE,GUJAPOLLO,INE826C01016,B,346.10,365.00,346.10,363.70,348.00,1159,416180.00,184
BSE,GUJARATPOLY,INE541F01022,XT,72.49,73.99,71.30,73.95,74.42,2373,173237.00,20
BSE,GUJCONT,INE276I01011,P,149.65,149.65,149.65,149.65,155.00,500,74825.00,1
BSE,GUJCOTEX,INE004C01028,XT,3.00,3.00,2.79,2.79,2.93,278031,781817.00,255
BSE,GUJCRAFT,INE372D01019,X,94.00,94.00,94.00,94.00,94.75,25,2350.00,1
BSE,GUJENERGY,INE844O01030,A,262.05,267.05,261.30,265.30,263.05,22349,5906427.00,1429
BSE,GUJHOTE,INE621C01011,X,185.10,188.00,184.05,184.50,185.10,29,5351.00,7
BSE,GUJINJEC,INE659F01022,XT,10.50,11.45,10.45,11.40,10.95,361992,3849431.00,428
BSE,GUJINTRX,INE877E01015,X,430.10,435.80,427.00,435.10,430.10,522,224706.00,46
BSE,GUJINV,INE373D01017,X,19.15,19.62,19.15,19.62,18.69,6,115.00,2
BSE,GUJJUBHAI,INE311N01016,X,120.05,121.00,116.25,118.65,118.90,6249,739997.00,46
BSE,GUJPETR,INE636P01011,X,56.72,56.72,54.27,55.00,54.72,2960,163281.00,17
BSE,GUJRAFFIA,INE610B01024,B,39.25,39.25,39.25,39.25,39.29,38,1491.00,6
BSE,GUJSTATFIN,INE944A01011,B,10.72,10.95,10.50,10.90,10.85,16101,173093.00,65
BSE,GUJTERC,INE499G01013,X,33.33,35.25,32.33,34.89,33.32,1128,38153.00,16
BSE,GUJTHEM,INE942C01045,B,354.85,361.95,347.00,360.50,355.30,3052,1075857.00,191
BSE,GUJTLRM,INE145J01032,B,0.54,0.56,0.51,0.53,0.53,2548872,1342102.00,804
BSE,GUJWIND,INE173V01013,X,7.00,7.00,7.00,7.00,7.00,305,2135.00,2
BSE,GULFOILLUB,INE635Q01029,B,1036.95,1036.95,1012.05,1014.85,1035.65,3155,3216078.00,258
BSE,GULFPETRO,INE586G01017,T,42.21,43.24,39.15,43.24,41.19,20460,848819.00,67
BSE,GULPOLY,INE255D01024,B,187.75,196.00,186.40,195.05,186.40,30464,5804208.00,481
BSE,GVBL,INE574D01010,X,28.25,28.25,28.25,28.25,28.25,47,1327.00,2
BSE,GVKPIL,INE251H01024,T,2.43,2.45,2.43,2.43,2.47,43743,106372.00,149
BSE,GVPIL,INE878A01011,B,775.75,808.80,775.75,798.10,776.90,10944,8661951.00,619
BSE,GVT&D,INE200A01026,A,4325.00,4333.55,4116.05,4156.75,4332.95,60658,254584027.00,7423
BSE,GYANDEV,INE487G01018,XT,55.08,55.08,55.08,55.08,54.00,17,936.00,1
BSE,GYFTR,INE724A01017,B,142.00,152.60,142.00,150.00,150.30,5502,825796.00,310
BSE,HAL,INE066F01020,A,4564.50,4597.80,4520.10,4569.15,4592.05,32430,148027481.00,3731
BSE,HALDER,INE115S01010,B,231.05,234.40,231.00,234.40,229.15,4043,934481.00,4
BSE,HALDYNGL,INE506D01020,T,119.05,123.30,116.20,121.35,120.25,2136,255755.00,35
BSE,HALEOSLABS,INE320X01016,B,1650.00,1650.00,1528.95,1585.70,1586.90,32,49552.00,9
BSE,HAMPS,INE0QBD01018,MT,24.30,24.30,24.30,24.30,23.48,4000,97200.00,1
BSE,HAMPTON,INE299D01022,X,9.09,9.09,8.28,8.91,8.55,13313,114425.00,83
BSE,HANNAH,INE0JVH01012,MT,110.00,110.00,108.10,109.95,108.00,14000,1529300.00,7
BSE,HANSUGAR,INE101H01013,XT,3.57,3.71,3.50,3.52,3.57,29726,105098.00,50
BSE,HAPPSTMNDS,INE419U01012,A,363.00,373.95,360.00,372.25,365.75,40618,14912002.00,1207
BSE,HAPPYFORGE,INE330T01021,B,1599.55,1626.70,1590.00,1614.10,1584.65,1934,3121204.00,235
BSE,HARDCAS,INE722D01015,X,815.90,842.95,804.00,826.40,859.90,284,231374.00,31
BSE,HARDWYN,INE626Z01029,B,15.75,16.30,14.20,15.92,15.63,348436,5401384.00,979
BSE,HARIAAPL,INE493N01012,X,4.82,5.26,4.82,5.21,5.75,10200,51830.00,13
BSE,HARIKANTA,INE1UYW01010,M,77.99,77.99,74.49,74.49,75.38,6000,456264.00,5
BSE,HARIOMPIPE,INE00EV01017,B,384.00,395.00,377.90,390.60,382.65,11478,4407310.00,301
BSE,HARISH,INE01K301012,X,66.06,69.00,65.20,66.60,69.15,2812,187712.00,27
BSE,HARLETH,INE681F01018,X,60.00,63.00,60.00,62.40,63.48,2052,128048.00,11
BSE,HARRMALAYA,INE544A01019,B,216.95,220.50,216.45,220.50,220.50,19,4151.00,6
BSE,HARSHA,INE0JUS01029,B,400.30,417.80,399.05,405.95,403.60,8800,3587245.00,398
BSE,HARSHDEEP,INE0OLZ01015,M,81.16,81.16,79.15,81.00,83.26,18000,1452075.00,11
BSE,HARSHILAGR,INE098E01026,XT,0.30,0.30,0.28,0.29,0.29,2019996,577510.00,427
BSE,HARYNACAP,INE928H01019,X,142.75,142.75,140.00,140.70,142.80,137,19208.00,10
BSE,HATHWAY,INE982F01036,B,10.55,10.90,10.51,10.77,10.65,206625,2210134.00,407
BSE,HATHWAYB,INE525B01016,X,11.02,11.37,11.02,11.37,11.25,312,3546.00,12
BSE,HATSUN,INE473B01035,A,881.20,888.00,873.05,886.35,872.95,1746,1533392.00,210
BSE,HAVELLS,INE176B01034,A,1193.30,1239.00,1193.30,1226.80,1209.75,71358,87100991.00,2804
BSE,HAVISHA,INE293B01029,B,1.27,1.27,1.20,1.24,1.24,2679,3262.00,22
BSE,HAWAENG,INE230I01018,X,76.00,85.00,74.40,84.44,79.79,1541,117551.00,49
BSE,HAWKINCOOK,INE979B01015,B,8311.90,8800.00,8260.00,8715.35,8475.45,346,2947595.00,124
BSE,HAZOOR,INE550F01049,B,22.00,22.01,21.70,21.98,22.11,149302,3269351.00,391
BSE,HBEL,INE02PC01027,MT,14.70,14.70,14.70,14.70,14.00,2500,36750.00,2
BSE,HBESD,INE640B01021,B,72.63,73.05,72.60,73.05,71.02,186,13512.00,16
BSE,HBGHOTELS,INE977M01024,X,85.00,85.70,80.00,81.71,86.02,1902,158085.00,56
BSE,HBLEAS,INE549B01016,X,10.00,10.55,10.00,10.00,10.00,1579,16043.00,17
BSE,HBLENGINE,INE292B01021,A,706.25,706.25,685.45,698.55,704.90,49034,34089576.00,2139
BSE,HBPOR,INE638B01025,X,54.57,54.57,52.30,53.05,53.50,279,14794.00,14
BSE,HBSL,INE550B01022,T,48.00,49.90,48.00,48.51,49.00,262,12668.00,8
BSE,HCC,INE549A01026,A,21.17,21.67,20.94,21.45,21.42,1389788,29542171.00,2188
BSE,HCG,INE075I01017,A,674.75,674.75,660.85,666.25,669.30,3743,2494892.00,266
BSE,HCKKVENTURE,INE345Q01017,XT,40.87,40.87,40.50,40.67,38.94,280,11383.00,8
BSE,HCL-INSYS,INE236A01020,B,11.37,11.60,11.11,11.32,11.50,53559,606984.00,325
BSE,HCLTECH,INE860A01027,A,1240.00,1275.50,1235.20,1270.70,1244.85,3083475,3863496659.00,13855
BSE,HDBFS,INE756I01012,A,691.85,694.00,682.10,691.20,691.85,8491,5848459.00,637
BSE,HDFCAMC,INE127D01025,A,2508.20,2532.00,2469.05,2505.70,2508.25,88731,222929414.00,2125
BSE,HDFCBANK,INE040A01034,A,737.50,748.00,737.20,742.60,748.00,1968197,1462099675.00,48197
BSE,HDFCLIFE,INE795G01014,A,549.25,556.80,546.50,555.10,550.90,45457,25137779.00,1268
BSE,HDIL,INE191I01012,Z,1.65,1.69,1.65,1.68,1.71,8333,13915.00,29
BSE,HEADSUP,INE759V01019,B,7.00,7.22,6.75,7.20,6.98,4989,35233.00,37
BSE,HEALTHX,INE019J01013,B,307.90,316.45,303.00,316.45,318.15,245,76351.00,17
BSE,HEALTHYLIFE,INE0L3501015,MT,5.80,5.90,5.58,5.72,5.87,158000,885320.00,45
BSE,HEERAISP,INE025D01013,X,6.18,6.25,6.18,6.25,6.50,400,2486.00,2
BSE,HEG,INE545A01024,A,611.55,653.95,611.55,642.60,624.35,400803,256957218.00,8819
BSE,HEIDELBERG,INE578A01017,B,156.20,157.70,155.35,156.85,156.85,3928,613327.00,112
BSE,HEMANG,INE930A01010,X,12.58,12.58,11.34,12.50,12.58,248,2902.00,13
BSE,HEMIPROP,INE0AJG01018,B,132.55,133.70,131.05,133.30,133.25,21013,2783121.00,287
BSE,HERANBA,INE694N01015,B,175.05,175.40,171.70,174.95,174.65,1531,265672.00,105
BSE,HERCULES,INE688E01024,X,116.95,117.95,114.25,116.50,116.95,5903,683588.00,110
BSE,HERITGFOOD,INE978A01027,B,325.75,337.15,325.60,335.10,329.90,18228,6038255.00,352
BSE,HEROMOTOCO,INE158A01026,A,5100.80,5100.85,4981.85,5010.80,5174.00,38487,193735583.00,6271
BSE,HESTERBIO,INE782E01017,B,2357.10,2370.50,2303.15,2364.50,2363.55,256,599948.00,53
BSE,HEXAGON,INE0JUI01012,T,63.94,67.43,61.05,65.50,64.26,303611,18961806.00,770
BSE,HEXATRADEX,INE750M01017,B,153.50,157.00,153.00,156.00,157.40,67,10354.00,7
BSE,HEXT,INE093A01041,A,534.55,553.90,531.05,551.55,541.45,19760,10723171.00,800
BSE,HFCL,INE548A01028,A,201.50,204.50,196.70,196.85,207.05,1631334,323973404.00,11884
BSE,HFIL,INE552B01010,X,9.15,9.19,8.72,8.79,9.02,27876,248712.00,127
BSE,HGINFRA,INE926X01010,B,536.35,540.00,531.05,536.65,541.55,3464,1855140.00,173
BSE,HGM,INE596H01014,B,46.00,46.96,46.00,46.96,45.78,1319,61243.00,6
BSE,HGS,INE170I01016,B,426.25,427.65,420.45,423.10,424.30,1160,491380.00,60
BSE,HIGHENE,INE783E01023,X,597.45,627.80,588.10,612.05,602.55,15005,9158252.00,476
BSE,HIGHNESS,INE1KI801019,MT,163.00,174.50,161.00,174.50,169.00,12000,1998000.00,10
BSE,HIKAL,INE475B01022,B,213.15,219.70,208.30,217.20,211.75,16709,3593391.00,558
BSE,HILIKS,INE966Q01010,XT,70.84,70.84,65.00,69.77,68.13,32340,2264942.00,65
BSE,HILINFRA,INE00RL01028,T,43.50,44.49,43.00,43.82,44.00,3936,173606.00,50
BSE,HILLTONE,INE168C01013,X,41.59,42.99,40.24,42.64,41.59,33041,1371414.00,44
BSE,HILTON,INE788H01017,T,21.22,21.29,20.70,21.15,21.22,3541,73884.00,33
BSE,HIMATSEIDE,INE049A01027,B,80.35,81.17,79.26,80.53,80.91,33968,2727249.00,437
BSE,HIMTEK,INE705G01021,X,253.00,272.80,242.25,252.95,248.90,83289,21576166.00,839
BSE,HINDADH,INE074C01013,X,272.95,272.95,257.00,257.65,264.45,790,205188.00,43
BSE,HINDALCO,INE038A01020,A,941.45,948.60,939.65,942.75,955.45,620404,585505913.00,1913
BSE,HINDALUMI,INE227B01019,X,97.90,98.50,91.00,96.55,96.50,9910,938151.00,180
BSE,HINDAPL,INE02XD01011,XT,99.35,109.75,99.35,109.50,104.55,754,76673.00,25
BSE,HINDBIO,INE597C01021,XT,7.39,7.39,7.03,7.20,7.40,3133,22203.00,31
BSE,HINDCOMPOS,INE310C01029,B,475.00,475.00,426.00,428.10,448.00,280,120432.00,62
BSE,HINDCOPPER,INE531E01026,A,486.25,486.95,478.20,483.35,491.90,406142,195494313.00,9296
BSE,HINDHARD,INE724D01011,X,792.30,804.95,785.05,797.55,792.30,672,539324.00,25
BSE,HINDMILL,INE832D01020,X,161.90,161.90,160.75,160.75,164.55,108,17482.00,4
BSE,HINDMOTORS,INE253A01025,XT,15.57,15.57,15.30,15.47,15.57,104936,1613875.00,779
BSE,HINDOILEXP,INE345A01011,B,168.85,168.85,160.50,162.15,167.00,41419,6739087.00,572
BSE,HINDPETRO,INE094A01015,A,380.95,383.20,372.10,381.25,385.20,712567,269386770.00,13089
BSE,HINDTIN,INE428D01019,X,104.90,104.90,100.50,100.60,101.70,5116,518469.00,56
BSE,HINDUNILVR,INE030A01027,A,2152.45,2163.15,2139.50,2144.75,2160.70,82047,175992045.00,11638
BSE,HINDUST,INE092301014,X,42.00,42.00,40.00,40.11,40.73,883,36146.00,27
BSE,HINDWAREAP,INE05AN01011,B,210.05,215.00,206.90,212.15,211.35,5015,1059124.00,145
BSE,HINDZINC,INE267A01025,A,528.00,534.65,522.75,531.95,531.10,263368,139517934.00,6705
BSE,HIPOLIN,INE963A01011,XT,101.50,101.50,101.00,101.50,99.51,1340,135960.00,14
BSE,HIRAUTO,INE258Z01013,P,193.00,193.00,193.00,193.00,193.80,100,19300.00,1
BSE,HIRECT,INE835D01023,B,1272.00,1324.35,1254.25,1300.25,1283.95,5427,6986060.00,416
BSE,HISARMETAL,INE598C01011,B,148.00,154.15,145.25,146.05,150.60,394,57536.00,11
BSE,HISARSP,INE689E01014,P,41.00,41.00,40.51,40.88,40.51,400,16351.00,2
BSE,HITECH,INE106T01025,B,84.15,85.31,82.78,84.77,85.05,44258,3715341.00,399
BSE,HITECHCORP,INE120D01012,T,322.00,322.00,317.05,318.00,322.00,35,11225.00,5
BSE,HITECHGEAR,INE127B01011,T,582.00,582.00,572.10,572.10,595.00,126,72332.00,3
BSE,HITKITGLO,INE309B01023,X,1.74,1.80,1.71,1.80,1.72,56358,100626.00,44
BSE,HITTCO,INE863C01019,XT,11.61,12.67,11.61,11.66,12.18,3048,36072.00,20
BSE,HLEGLAS,INE461D01028,B,415.95,421.80,404.35,419.25,411.95,22421,9235455.00,627
BSE,HLVLTD,INE102A01024,B,7.47,7.47,7.00,7.02,7.15,43336,306867.00,126
BSE,HMAAGRO,INE0ECP01024,B,21.40,21.70,21.00,21.41,21.39,10346,221130.00,144
BSE,HMEML,INE0DZD01015,M,47.25,49.61,47.25,49.61,47.25,3200,154976.00,2
BSE,HMT,INE262A01018,Z,60.00,60.41,59.00,60.41,60.00,235,13917.00,6
BSE,HMVL,INE871K01015,B,82.01,93.94,82.01,93.15,89.21,7547,693513.00,274
BSE,HNDFDS,INE254N01026,B,565.90,580.00,563.00,577.85,568.75,5712,3280618.00,311
BSE,HOCL,INE048A01011,T,36.28,37.00,36.28,36.74,36.75,10655,392076.00,53
BSE,HOM,INE982C01033,XT,2.09,2.09,2.09,2.09,2.05,287701,601295.00,162
BSE,HOMEFIRST,INE481N01025,A,1190.90,1190.90,1155.80,1173.75,1202.35,112772,131231455.00,2663
BSE,HONASA,INE0J5401028,A,446.10,455.00,445.00,448.90,444.80,19906,8937718.00,793
BSE,HONAUT,INE671A01010,A,37800.00,37820.00,37250.15,37481.05,37840.95,1780,66436303.00,81
BSE,HONDAPOWER,INE634A01018,B,2089.00,2104.45,2070.00,2104.45,2089.35,63,131117.00,17
BSE,HORIZON,INE1SEO01013,M,142.00,145.50,138.05,144.30,143.65,39600,5630820.00,32
BSE,HOTLSILV,INE731B01010,X,11.22,11.22,11.20,11.20,10.71,210,2354.00,8
BSE,HOWARHO,INE931B01016,X,20.02,20.98,20.02,20.79,20.61,105,2105.00,6
BSE,HPAL,INE0GSL01024,B,32.55,33.60,32.50,33.20,32.55,2997,98977.00,92
BSE,HPBL,INE136C01044,XT,181.00,184.70,174.00,183.05,181.00,1075,194072.00,24
BSE,HPIL,INE05X901010,B,121.50,126.95,121.50,126.95,128.50,104,12854.00,15
BSE,HPL,INE495S01016,B,335.95,335.95,328.15,333.70,337.70,8742,2905082.00,346
BSE,HRS,INE1E1V01017,M,249.00,249.00,248.90,248.90,249.95,2000,497900.00,5
BSE,HRYNSHP,INE400G01011,X,101.20,103.80,100.00,103.70,101.10,1035,104879.00,53
BSE,HSCL,INE019C01026,A,774.00,792.55,769.70,789.30,777.50,265291,207296013.00,4472
BSE,HSIL,INE0GYI01028,MT,384.00,384.00,366.00,380.90,384.25,10000,3722060.00,24
BSE,HTMEDIA,INE501G01024,B,24.11,24.84,24.11,24.30,25.11,49417,1201360.00,263
BSE,HUBTOWN,INE703H01016,A,196.20,197.70,193.05,195.05,198.10,17949,3508915.00,367
BSE,HUDCO,INE031A01017,A,196.60,197.30,191.85,195.75,196.60,106448,20648828.00,1316
BSE,HUHTAMAKI,INE275B01026,B,294.80,320.80,289.05,319.30,297.30,323413,99817736.00,2434
BSE,HYBRIDFIN,INE965B01022,T,18.53,20.40,18.53,19.00,19.49,239,4598.00,8
BSE,HYPERSOFT,INE039D01014,XT,205.85,220.00,205.85,212.85,216.65,4157,896389.00,64
BSE,HYUNDAI,INE0V6F01027,A,1947.70,1974.65,1928.40,1953.20,1953.70,19793,38675067.00,1638
BSE,IBINFO,INE678B01039,XT,54.00,54.00,51.92,51.92,54.65,1466,76863.00,43
BSE,IBULLSLTD,INE126M01010,T,29.50,30.89,28.01,30.67,29.42,797313,23851844.00,1778
BSE,ICDSLTD,INE613B01010,B,40.00,40.00,39.00,39.00,39.00,15,587.00,3
BSE,ICICIAMC,INE346A01027,A,3108.00,3130.20,3091.45,3125.90,3131.15,3349,10422557.00,397
BSE,ICICIBANK,INE090A01021,A,1431.35,1440.00,1416.50,1433.15,1433.95,121128,172953942.00,6131
BSE,ICICIGI,INE765G01017,A,1606.55,1665.90,1606.40,1661.50,1621.00,125568,207855604.00,8611
BSE,ICICIPRULI,INE726G01019,A,498.90,502.95,495.55,500.30,501.65,1780218,885896181.00,1364
BSE,ICIL,INE483B01026,A,397.90,407.55,388.40,403.60,397.90,11451,4563431.00,493
BSE,ICL,INE407P01017,XT,41.85,43.85,39.70,41.55,41.78,10075,418083.00,70
BSE,ICON,INE0Y0E01012,MT,74.85,77.99,73.35,75.57,75.30,14400,1088196.00,8
BSE,ICONIKSPEV,INE088P01015,X,32.98,33.93,32.98,33.55,32.82,9356,312437.00,46
BSE,ICRA,INE725G01011,B,4777.00,4817.70,4749.60,4806.60,4772.15,1022,4890896.00,161
BSE,ICSL,INE682B01023,X,3.66,3.80,3.66,3.80,3.66,3275,12266.00,7
BSE,IDBI,INE008A01015,A,84.11,85.46,82.75,84.96,85.19,613418,51468278.00,3856
BSE,IDEA,INE669E01016,A,13.14,13.18,12.76,13.13,13.21,27168560,351799679.00,438907
BSE,IDEAFORGE,INE349Y01013,T,850.00,892.00,850.00,868.75,859.45,10276,8949034.00,631
BSE,IDFCFIRSTB,INE092T01019,A,80.16,81.05,78.89,80.83,79.86,516165,41236349.00,4882
BSE,IDREAM,INE459E01012,P,638.00,638.00,635.00,635.00,628.00,100,63650.00,2
BSE,IECEDU,INE172B01017,X,22.99,22.99,20.55,21.10,21.37,337,7238.00,18
BSE,IEX,INE022Q01020,A,121.10,125.70,120.65,124.25,121.85,566196,70183316.00,3578
BSE,IFBAGRO,INE076C01018,T,941.80,984.95,930.00,982.75,938.05,262,255037.00,30
BSE,IFBIND,INE559A01017,B,1300.45,1310.00,1276.00,1306.00,1302.55,1335,1728833.00,195
BSE,IFCI,INE039A01010,A,70.77,70.77,68.84,70.15,71.13,874338,60961584.00,2893
BSE,IFGLEXPOR,INE133Y01011,B,196.20,201.00,190.00,197.50,196.05,11081,2166385.00,419
BSE,IFINSEC,INE474O01010,X,228.40,228.40,228.40,228.40,229.50,7,1598.00,1
BSE,IFINSER,INE064T01018,X,12.74,12.74,11.30,12.32,12.44,3036,38473.00,32
BSE,IFL,INE714U01024,B,0.37,0.38,0.37,0.37,0.38,1570588,585169.00,394
BSE,IGARASHI,INE188B01013,B,443.30,458.00,435.50,455.25,442.30,5697,2561491.00,192
BSE,IGCIL,INE099S01016,X,2.13,2.13,2.05,2.10,2.14,18830,39775.00,48
BSE,IGCL,INE05J901018,B,76.98,76.98,73.00,74.29,75.37,3748,278683.00,95
BSE,IGIL,INE0Q9301021,A,353.15,353.15,326.00,338.75,345.55,140349,46956359.00,2886
BSE,IGL,INE203G01027,A,148.00,150.00,147.25,149.30,150.05,154305,22897534.00,2705
BSE,IGPL,INE204A01010,B,449.55,453.30,444.00,450.80,450.90,526,235003.00,47
BSE,IIFL,INE530B01024,A,565.00,565.00,547.80,557.10,568.75,73951,41033353.00,1504
BSE,IIFLCAPS,INE489L01022,A,339.70,343.40,338.00,339.60,339.20,12823,4358022.00,218
BSE,IIRM,INE670C01026,XT,131.60,131.65,125.00,130.00,125.40,64263,8350589.00,111
BSE,IISL,INE818R01011,XT,14.81,14.81,14.81,14.81,15.11,170,2517.00,3
BSE,IITL,INE886A01014,B,129.90,139.00,126.10,131.35,127.05,7256,940491.00,60
BSE,IITLPROJ,INE786E01018,XT,52.50,54.20,52.50,54.20,51.75,432,23049.00,8
BSE,IKIO,INE0LOJ01019,B,205.00,207.20,199.00,204.65,206.70,20409,4150393.00,413
BSE,IKOMA,INE164D01010,XT,68.98,68.98,66.85,68.32,67.48,181429,12388373.00,185
BSE,IKS,INE115Q01022,A,1798.05,1806.85,1736.55,1760.60,1798.55,3963,7006122.00,554
BSE,IL&FSENGG,INE369I01014,Z,32.41,32.41,31.40,31.56,30.87,106242,3442032.00,78
BSE,IL&FSTRANS,INE975G01012,Z,2.10,2.10,2.03,2.08,2.06,1629,3365.00,10
BSE,IMAGICAA,INE172N01012,B,46.34,47.30,45.99,46.66,46.89,11936,555198.00,186
BSE,IMEC,INE611C01020,X,116.00,116.00,99.00,102.85,112.45,2564,260714.00,95
BSE,IMFA,INE919H01018,A,1321.10,1345.50,1303.00,1341.70,1334.45,3605,4765603.00,400
BSE,IMPAL,INE547E01014,B,1071.55,1092.40,1058.40,1092.20,1080.75,91,98178.00,21
BSE,INA,INE0LGX01024,B,111.55,113.65,110.70,112.55,113.45,76658,8596472.00,798
BSE,INANI,INE635D01027,X,10.59,10.59,10.48,10.48,10.70,101,1058.00,2
BSE,INANISEC,INE224C01014,XT,19.55,19.55,19.55,19.55,19.50,27,527.00,1
BSE,INCAP,INE437C01012,XT,91.00,95.50,91.00,95.50,91.00,12,1101.00,3
BSE,INCON,INE507D01010,XT,30.32,30.32,30.32,30.32,30.93,3,90.00,2
BSE,INCREDIBLE,INE452L01012,B,34.68,34.68,33.20,33.51,34.89,781,26171.00,13
BSE,INDAG,INE802D01023,XT,92.00,94.85,92.00,93.45,94.80,2687,252690.00,49
BSE,INDBANK,INE841B01017,B,32.61,33.52,32.50,33.35,32.50,1517,49938.00,33
BSE,INDBNK,INE969D01012,B,58.00,58.00,47.05,49.59,51.71,3653,177477.00,66
BSE,INDCEMCAP,INE429D01017,XT,19.53,19.53,19.52,19.52,19.15,9391,183406.00,30
BSE,INDERGR,INE628F01019,XT,27.15,28.41,27.15,28.41,28.57,301,8173.00,6
BSE,INDGELA,INE342D01012,X,365.20,371.95,361.75,369.35,367.00,557,202951.00,23
BSE,INDGN,INE065X01017,A,483.80,494.40,483.80,492.75,488.55,12718,6241877.00,470
BSE,INDHOTEL,INE053A01029,A,716.80,728.45,713.45,727.40,724.35,127823,92317831.00,2713
BSE,INDIACEM,INE383A01012,A,402.20,409.10,397.60,407.60,408.00,7922,3197135.00,293
BSE,INDIAGLYCO,INE560A01023,A,1169.45,1175.00,1142.75,1158.10,1172.95,3046,3532364.00,212
BSE,INDIAHOME,INE274E01015,X,33.00,33.00,29.72,30.07,30.86,1165,35161.00,33
BSE,INDIAHOMES,INE072A01029,XT,21.71,22.17,21.63,21.97,21.97,192722,4224560.00,331
BSE,INDIAMART,INE933S01016,A,1792.05,1800.00,1752.00,1757.85,1792.45,18786,33217017.00,2156
BSE,INDIANACRY,INE862B01013,X,5.85,5.85,5.70,5.75,5.75,8665,49696.00,56
BSE,INDIANB,INE562A01011,A,826.70,828.75,814.50,826.40,828.00,58569,48111152.00,1760
BSE,INDIANCARD,INE061A01014,B,229.00,234.95,229.00,234.10,214.15,151,34839.00,5
BSE,INDIANHUME,INE323C01030,B,368.80,389.65,368.80,385.35,372.25,4056,1551154.00,205
BSE,INDIANVSH,INE131H01028,X,6.42,6.79,6.42,6.50,6.52,1118,7386.00,28
BSE,INDIASHLTR,INE922K01024,A,741.15,741.15,715.30,721.70,746.85,7254,5265629.00,590
BSE,INDIGO,INE646L01027,A,4931.25,5004.00,4886.70,4984.95,5023.90,132453,652940505.00,22017
BSE,INDIGOPNTS,INE09VQ01012,A,1047.60,1059.95,1034.00,1046.65,1047.65,2819,2952102.00,176
BSE,INDIGRID,INE219X23014,IF,178.67,179.88,178.67,179.54,179.17,11911,2135507.00,330
BSE,INDINFO,INE300B01022,X,0.59,0.59,0.57,0.58,0.57,891017,517829.00,457
BSE,INDIQUBE,INE06ST01018,B,180.00,182.90,175.65,180.70,181.25,381110,68027923.00,124
BSE,INDNIPPON,INE092B01025,B,1209.60,1210.40,1169.50,1204.30,1207.40,3541,4237804.00,240
BSE,INDOAMIN,INE760F01028,T,129.75,132.95,127.00,131.40,129.75,2015,261214.00,35
BSE,INDOBELL,INE0FK501019,MT,67.00,71.99,66.80,67.01,70.30,8250,559080.00,11
BSE,INDOBORAX,INE803D01021,B,364.00,438.80,361.75,420.65,373.30,337630,138598061.00,4799
BSE,INDOCITY,INE456B01014,XT,13.54,13.54,12.28,12.90,12.92,220,2724.00,7
BSE,INDOCO,INE873D01024,B,238.90,244.95,235.35,242.00,237.55,3084,741346.00,159
BSE,INDOCRED,INE147D01015,XT,10.25,10.25,10.25,10.25,10.25,1,10.00,1
BSE,INDOEURO,INE319N01019,X,9.98,9.98,9.20,9.20,9.98,192,1844.00,5
BSE,INDOFARM,INE622H01018,B,152.80,155.35,150.30,152.40,153.00,7014,1073762.00,187
BSE,INDOKEM,INE716F01012,B,661.30,688.50,628.25,628.25,661.30,12866,8269944.00,483
BSE,INDONG,INE0KN201016,M,9.00,9.91,9.00,9.01,9.02,40000,379800.00,10
BSE,INDORAMA,INE156A01020,B,47.69,48.88,46.00,48.67,47.55,5956,276340.00,67
BSE,INDOSMC,INE0WKY01013,MT,446.80,448.60,427.30,448.60,427.25,105000,46563750.00,82
BSE,INDOSTAR,INE896L01010,B,261.20,262.30,256.20,260.35,261.05,1278,332681.00,49
BSE,INDOTECH,INE332H01014,T,3280.00,3425.00,3202.00,3414.80,3296.15,603,2006120.00,105
BSE,INDOTHAI,INE337M01021,B,218.40,221.55,215.00,216.15,217.45,49348,10773469.00,648
BSE,INDOUS,INE250Z01010,B,86.07,86.40,84.96,85.01,86.13,312,26681.00,21
BSE,INDOWIND,INE227G01018,T,8.81,9.30,8.81,9.24,9.18,31605,290888.00,74
BSE,INDRAMEDCO,INE681B01017,A,365.10,367.35,360.00,364.20,366.75,1977,717514.00,177
BSE,INDRANIB,INE007C01021,X,8.00,8.10,7.80,8.02,7.79,10385,83348.00,53
BSE,INDRENEW,INE138O01029,Z,12.56,13.26,12.56,13.01,13.22,4851,63063.00,30
BSE,INDSILHYD,INE867D01018,X,37.29,38.35,36.70,38.12,36.93,7851,297326.00,37
BSE,INDSUCR,INE557C01017,X,75.88,75.88,70.00,72.97,74.70,4497,325567.00,108
BSE,INDSWFTLAB,INE915B01019,B,225.85,230.50,217.35,227.00,225.45,28516,6431626.00,373
BSE,INDTERRAIN,INE611L01021,B,29.60,29.89,28.50,29.40,28.65,306,9068.00,6
BSE,INDTONER,INE826B01026,X,51.00,51.05,49.00,50.20,51.40,11748,585354.00,305
BSE,INDUSFINL,INE935D01013,XT,150.00,155.00,142.70,154.55,150.15,5115,780798.00,39
BSE,INDUSINDBK,INE095A01012,A,998.35,1002.75,984.25,995.95,1005.55,86804,86309498.00,4340
BSE,INDUSINVIT,INE0NHL23019,IF,130.80,131.15,130.35,130.86,130.25,3705,484356.00,145
BSE,INDUSTOWER,INE121J01017,A,387.05,395.70,385.30,394.40,390.15,81890,32032412.00,1753
BSE,INDXTRA,INE056E01024,X,6.55,6.55,6.10,6.21,6.17,17389,108406.00,63
BSE,INFINITY,INE16XA01017,M,363.90,399.00,363.90,390.00,352.20,5200,1970440.00,13
BSE,INFLAME,INE464Z01017,M,241.00,241.00,226.75,237.20,236.00,4750,1106300.00,19
BSE,INFOBEAN,INE344S01016,B,154.75,160.35,154.75,157.30,156.70,9506,1496365.00,230
BSE,INFOMEDIA,INE669A01022,B,5.59,5.81,5.46,5.81,5.46,15,82.00,4
BSE,INFONATIVE,INE12IB01015,M,31.50,31.50,31.50,31.50,31.50,1600,50400.00,1
BSE,INFORTEC,INE123E01014,X,82.00,85.00,79.60,84.31,83.00,1236,104208.00,8
BSE,INFRONICS,INE463B01036,X,21.35,21.35,21.32,21.32,22.44,737,15721.00,13
BSE,INFY,INE009A01021,A,1029.95,1043.40,1014.15,1040.95,1051.80,2606471,2675548067.00,35208
BSE,INGERRAND,INE177A01018,B,4377.95,4408.05,4313.00,4343.95,4393.60,1619,7031103.00,225
BSE,INLANPR,INE055O01033,XT,70.48,70.48,70.48,70.48,67.16,202,14236.00,6
BSE,INLCM,INE359D01024,X,513.50,513.50,513.50,513.50,540.50,580,297830.00,40
BSE,INNOVACAP,INE0DUT01020,B,965.00,965.00,935.10,943.75,967.00,4770,4503745.00,176
BSE,INNOVANA,INE403Y01018,B,326.00,345.75,324.50,344.75,323.25,233,76567.00,50
BSE,INNOVATORS,INE870Z01015,M,115.00,115.00,109.95,110.15,116.00,19200,2147280.00,22
BSE,INNOVISION,INE0ADB01012,B,293.00,293.00,280.45,285.20,285.25,801,226907.00,116
BSE,INNOVTEC,INE965C01038,X,13.70,13.95,13.38,13.53,13.36,2075,28397.00,32
BSE,INOXGREEN,INE510W01014,A,185.10,193.15,183.65,192.20,187.50,48621,9187660.00,826
BSE,INOXINDIA,INE616N01034,A,2010.00,2014.65,1968.45,2003.55,2010.55,5244,10449896.00,486
BSE,INOXWIND,INE066P01011,A,75.88,77.37,75.17,76.93,76.21,593862,45196555.00,3360
BSE,INSECTICID,INE070I01018,B,608.00,622.00,597.35,617.25,603.35,1332,812159.00,116
BSE,INSPIRISYS,INE020G01017,T,99.80,99.80,96.00,96.40,98.30,323,31142.00,7
BSE,INTCAPL,INE366H01012,X,12.15,12.77,12.15,12.77,12.77,475,6046.00,2
BSE,INTEGFD,INE177M01013,XT,140.90,143.90,133.95,143.85,141.00,1434,201814.00,29
BSE,INTEGHIT,INE934A01012,X,3.35,3.36,3.27,3.36,3.20,805,2698.00,4
BSE,INTEGRAEN,INE984B01023,XT,178.00,178.00,166.60,169.15,169.55,7045,1191316.00,99
BSE,INTELLECT,INE306R01017,A,724.20,734.70,710.00,732.80,733.25,13778,9976511.00,629
BSE,INTENTECH,INE781A01025,B,91.01,91.57,90.01,90.45,90.61,410,37151.00,23
BSE,INTERARCH,INE00M901018,B,1765.55,1830.00,1765.55,1799.00,1811.15,2047,3681553.00,262
BSE,INTLCOMBQ,INE403C01014,X,564.15,580.95,542.60,564.90,588.05,1251,706949.00,74
BSE,INTLCONV,INE575C01027,B,73.85,75.90,73.75,75.16,73.82,3501,262648.00,120
BSE,INTRGLB,INE661M01016,X,67.00,67.00,60.62,60.76,63.81,5946,361146.00,18
BSE,INTSTOIL,INE003B01014,X,43.00,43.00,39.80,39.80,38.13,7,284.00,6
BSE,INVENTURE,INE878H01024,B,0.89,0.90,0.88,0.90,0.90,125099,111348.00,120
BSE,INVIGO,INE359A01012,X,6.13,6.47,5.60,6.05,6.20,5103,29432.00,24
BSE,INVPRECQ,INE155E01016,B,948.85,995.00,890.00,983.75,944.15,5197,4968913.00,581
BSE,IOB,INE565A01014,A,33.78,33.99,33.20,33.86,33.82,248844,8371283.00,1320
BSE,IOC,INE242A01010,A,138.65,138.85,136.75,138.50,139.95,745406,102708919.00,10261
BSE,IOLCP,INE485C01029,B,144.85,150.25,143.80,149.40,147.25,156643,22910019.00,1661
BSE,IONEXCHANG,INE570A01022,A,410.60,426.75,409.50,425.40,415.00,26063,10886507.00,929
BSE,IPCALAB,INE571A01038,A,1772.85,1786.45,1746.85,1762.70,1771.10,2343,4141820.00,300
BSE,IPL,INE0D6701023,B,149.95,150.65,146.60,149.85,150.10,12911,1920223.00,204
BSE,IPRINGLTD,INE558A01019,X,120.05,125.95,118.65,121.35,125.00,2306,278580.00,45
BSE,IRB,INE821I01022,A,19.42,19.69,19.27,19.62,19.49,706554,13752055.00,2508
BSE,IRBINVIT,INE183W23014,IF,63.22,63.22,62.66,63.01,62.86,53032,3336070.00,482
BSE,IRCON,INE962Y01021,A,124.35,126.65,123.45,126.10,125.50,147056,18378238.00,2207
BSE,IRCTC,INE335Y01020,A,492.80,495.85,489.00,495.20,493.85,36723,18060190.00,1636
BSE,IREDA,INE202E01016,A,118.80,120.70,117.50,120.50,119.55,448657,53487076.00,48091
BSE,IRFC,INE053F01010,A,86.68,87.85,86.09,87.62,87.03,810987,70354634.00,7635
BSE,IRIS,INE864K01010,B,235.00,245.20,230.00,243.80,237.40,2316,551747.00,115
BSE,IRMENERGY,INE07U701015,B,252.55,256.10,252.15,254.85,255.90,4252,1075555.00,138
BSE,IRONWOOD,INE791H01011,X,49.00,50.18,48.45,49.02,50.41,811,39957.00,15
BSE,ISERA,INE899M01020,XT,143.90,143.90,143.90,143.90,143.90,968,139295.00,3
BSE,ISFL,INE973B01026,X,0.76,0.76,0.73,0.74,0.73,17317,13068.00,25
BSE,ISFT,INE566K01011,B,74.00,77.40,73.00,76.60,73.57,450,33749.00,17
BSE,ISGEC,INE858B01029,B,858.35,863.00,836.15,855.35,855.50,2000,1711596.00,310
BSE,ISHANCH,INE561M01018,B,52.36,54.00,51.11,52.21,54.01,13640,712523.00,90
BSE,ISHITADR,INE806D01016,X,74.60,74.60,74.05,74.05,71.96,9,668.00,3
BSE,ISTLTD,INE684B01029,X,617.30,625.00,602.15,606.00,610.90,1031,624262.00,88
BSE,ISTRNETWK,INE532B01020,X,46.84,48.74,46.84,48.49,46.83,4730,229576.00,27
BSE,ITC,INE154A01025,A,279.75,284.80,279.70,283.60,281.40,1207781,341677795.00,13926
BSE,ITCHOTELS,INE379A01028,A,160.95,161.00,158.50,159.90,161.85,116587,18608129.00,2274
BSE,ITCONS,INE0O6A01019,M,283.00,294.70,268.00,286.25,281.00,70400,19913930.00,168
BSE,ITDC,INE353K01014,B,748.70,748.70,722.45,737.20,751.00,25239,18602289.00,795
BSE,ITHL,INE262B01016,X,319.75,319.75,310.00,314.10,310.75,1846,576414.00,48
BSE,ITI,INE248A01017,B,274.25,276.55,272.25,274.90,277.75,26042,7152581.00,519
BSE,ITL,INE478D01014,X,295.00,295.00,280.00,285.70,287.50,566,160342.00,36
BSE,IVALUE,INE056801025,B,278.00,289.65,277.40,288.20,280.70,15005,4219615.00,367
BSE,IVC,INE050B01023,B,8.40,8.40,7.98,8.28,8.30,13117,107625.00,112
BSE,IVP,INE043C01018,T,152.55,160.05,151.05,159.25,159.00,2472,381642.00,27
BSE,IWP,INE586E01020,B,32.96,33.93,32.00,32.75,32.80,506,16639.00,15
BSE,IXIGO,INE0HV901016,A,185.35,185.35,180.55,184.65,186.45,21407,3908874.00,474
BSE,IZMO,INE848A01014,B,1066.00,1122.00,1044.95,1102.75,1077.35,7377,8061398.00,651
BSE,J&KBANK,INE168A01041,A,173.05,175.00,170.20,172.70,173.45,291500,50237961.00,2712
BSE,JACKSON,INE508N01025,X,0.40,0.41,0.39,0.40,0.41,203339,80814.00,99
BSE,JAFINANCE,INE825B01010,X,87.00,87.00,87.00,87.00,87.00,200,17400.00,2
BSE,JAGAJITIND,INE574A01016,X,126.00,129.00,125.40,128.00,127.55,7147,910536.00,68
BSE,JAGANLAM,INE144C01014,X,47.40,47.40,45.25,45.56,46.06,663,30259.00,26
BSE,JAGJANANI,INE702H01018,X,3.90,3.90,3.90,3.90,3.91,358,1396.00,5
BSE,JAGRAN,INE199G01027,B,61.93,62.99,61.76,62.77,62.00,21498,1339449.00,240
BSE,JAGSNPHARM,INE048B01035,B,217.80,222.20,214.85,222.05,217.85,3404,743135.00,161
BSE,JAGSONSER,INE582C01015,X,59.00,59.00,58.00,58.00,58.49,21,1238.00,2
BSE,JAIBALAJI,INE091G01026,T,59.72,61.90,59.00,61.04,59.97,27083,1626048.00,122
BSE,JAICORPLTD,INE070D01027,B,99.05,101.40,98.10,100.40,101.65,44605,4462600.00,545
BSE,JAIHIND,INE156E01014,X,34.50,38.41,34.13,37.46,34.92,2494,93756.00,24
BSE,JAIMATAG,INE250C01027,XT,2.82,2.82,2.82,2.82,2.69,201446,568077.00,87
BSE,JAINCO,INE966C01010,X,3.96,3.96,3.90,3.90,3.79,277,1094.00,8
BSE,JAINEX,INE280F01019,X,122.95,122.95,115.00,120.00,115.60,485,56395.00,14
BSE,JAINREC,INE0YD401026,B,330.70,345.00,328.20,339.80,337.15,51098,17178505.00,850
BSE,JAIPAN,INE058D01030,X,33.25,35.70,33.25,34.75,34.00,5428,190433.00,43
BSE,JAMESWARREN,INE718P01017,X,252.25,260.00,250.00,258.15,252.25,537,135934.00,58
BSE,JAMNAAUTO,INE039C01032,A,130.55,133.20,127.95,132.60,130.95,105695,13733792.00,1275
BSE,JAMSHRI,INE462D01034,X,76.95,76.95,75.00,76.94,77.85,572,43154.00,28
BSE,JARO,INE00YJ01010,B,461.15,477.00,461.10,474.60,462.30,6998,3307154.00,176
BSE,JASCH,INE711C01028,XT,304.90,311.75,296.95,311.75,296.95,41993,12998419.00,258
BSE,JASH,INE039O01029,B,504.50,512.00,500.00,507.90,510.15,3161,1599134.00,132
BSE,JATTAINDUS,INE722N01014,X,412.60,412.60,412.60,412.60,421.00,1,412.00,1
BSE,JAUSPOL,INE593O01017,X,25.00,25.50,24.50,25.50,25.18,7008,172646.00,8
BSE,JAYAGROGN,INE785A01026,B,223.20,226.35,221.20,223.05,222.80,374,83962.00,32
BSE,JAYATMA,INE246D01015,XT,37.36,37.36,37.36,37.36,39.32,4,149.00,1
BSE,JAYBARMARU,INE571B01036,B,151.90,165.05,151.90,161.40,159.85,161492,25055405.00,1254
BSE,JAYBHCR,INE998D01011,XT,13.10,13.10,13.10,13.10,13.10,50,655.00,1
BSE,JAYCH,INE693E01016,X,5.86,6.09,5.76,6.04,5.70,31194,185639.00,66
BSE,JAYIND,INE250D01017,X,11.60,11.65,11.60,11.65,12.21,122,1416.00,4
BSE,JAYKAILASH,INE0MSS01019,MT,36.50,36.78,36.50,36.75,35.03,43200,1587936.00,22
BSE,JAYKAY,INE903A01025,B,166.80,166.80,161.30,165.45,163.25,7654,1256862.00,215
BSE,JAYNECOIND,INE854B01010,A,84.08,87.64,82.54,86.93,84.24,191975,16335899.00,1200
BSE,JAYSREETEA,INE364A01020,B,79.72,80.95,79.71,80.08,80.89,1079,86235.00,69
BSE,JAYSYNTH,INE263B01022,X,12.69,12.75,12.40,12.50,12.63,12175,154043.00,37
BSE,JAYUSH,INE289D01015,X,857.00,861.00,857.00,857.05,880.90,40,34373.00,8
BSE,JBMA,INE927D01051,A,652.00,658.00,642.60,656.35,659.20,38952,25272161.00,1408
BSE,JDCABLES,INE14VP01014,M,222.00,222.00,209.15,211.10,220.85,83200,17947760.00,96
BSE,JENBURPH,INE354A01013,X,1055.55,1077.70,1040.60,1051.15,1077.55,1614,1695656.00,134
BSE,JETFREIGHT,INE982V01025,B,23.05,23.19,22.52,22.92,23.10,9417,214994.00,61
BSE,JETKINGQ,INE919C01019,X,94.00,101.60,91.00,99.35,96.30,313,30561.00,14
BSE,JGCHEM,INE0MB501011,B,478.65,511.00,467.75,505.25,475.95,25768,12679345.00,769
BSE,JGTL,INE0QXV01014,X,478.35,479.70,466.40,477.05,478.35,1590,749668.00,54
BSE,JHACC,INE865D01012,X,194.95,194.95,181.25,184.65,186.00,996,182983.00,38
BSE,JHS,INE544H01014,B,7.40,7.72,7.32,7.41,7.40,7382,55531.00,49
BSE,JINDALPHOT,INE796G01012,B,1043.00,1082.75,1043.00,1082.15,1060.25,204,216616.00,30
BSE,JINDALPOLY,INE197D01010,B,634.65,642.40,628.60,637.90,640.35,558,353519.00,53
BSE,JINDALSAW,INE324A01032,A,258.05,260.35,253.35,255.50,261.00,87868,22581332.00,1805
BSE,JINDALSTEL,INE749A01030,A,1038.70,1042.90,1021.00,1035.95,1040.10,10860,11213305.00,737
BSE,JINDCAP,INE356F01017,X,32.94,32.94,28.63,30.35,31.59,8185,246323.00,126
BSE,JINDHOT,INE726D01016,X,65.00,65.00,63.00,64.88,64.38,360,23310.00,9
BSE,JINDRILL,INE742C01031,B,619.95,620.00,601.65,605.40,613.05,22350,13564012.00,540
BSE,JINDWORLD,INE247D01039,B,33.62,39.60,33.33,38.21,34.31,2278007,84420140.00,4667
BSE,JIOFIN,INE758E01017,A,232.20,235.50,231.25,234.75,233.15,766833,178807254.00,6662
BSE,JISLJALEQS,INE175A01038,A,29.30,30.50,29.20,30.44,29.51,85476,2568272.00,600
BSE,JITFINFRA,INE863T01013,B,366.00,368.75,358.80,367.75,360.05,1539,558700.00,49
BSE,JIVIAL,INE0V3T01017,M,75.00,79.65,75.00,78.55,79.65,4200,327750.00,5
BSE,JJFINCOR,INE584C01011,X,60.35,60.35,60.00,60.35,57.48,1768,106081.00,19
BSE,JKAGRI,INE690O01011,X,311.00,329.00,304.10,326.65,317.40,250,81601.00,12
BSE,JKCEMENT,INE823G01014,A,5659.25,5669.00,5584.25,5653.30,5666.30,1860,10469944.00,738
BSE,JKIL,INE576I01022,B,487.30,488.80,480.30,486.60,491.15,1453,701197.00,96
BSE,JKIPL,INE1FF001016,T,98.00,98.00,98.00,98.00,98.00,2,196.00,2
BSE,JKLAKSHMI,INE786A01032,A,573.35,575.00,566.40,572.15,573.35,3684,2099606.00,268
BSE,JKPAPER,INE789E01012,A,390.00,405.00,388.75,401.30,391.65,69818,27747511.00,1405
BSE,JKTYRE,INE573A01042,A,382.60,392.00,379.20,390.30,386.90,46445,17892560.00,1619
BSE,JLHL,INE682M01020,A,315.25,327.40,306.00,324.30,1576.30,5861,1845117.00,507
BSE,JLL,INE919T01013,XT,149.95,149.95,149.95,149.95,153.00,20,2999.00,2
BSE,JMDVL,INE047E01031,XT,7.94,8.33,7.59,8.16,7.98,206480,1676280.00,58
BSE,JMFINANCIL,INE780C01023,A,121.40,122.50,118.85,122.05,121.95,116884,14079830.00,942
BSE,JMJFIN,INE242Q01016,X,9.69,9.98,9.33,9.53,9.58,8616,82557.00,56
BSE,JNKINDIA,INE0OAF01028,B,455.55,475.95,452.00,470.50,461.75,19507,8980113.00,485
BSE,JOHNPHARMA,INE560F01022,X,0.48,0.48,0.46,0.47,0.47,763656,356184.00,329
BSE,JOINDRE,INE024B01010,X,51.84,51.84,48.08,48.53,53.99,17547,873037.00,169
BSE,JOJO,INE312M01016,X,244.80,254.45,241.05,253.45,245.80,2852,710853.00,65
BSE,JONJUA,INE793Z01027,MT,3.40,3.42,3.39,3.42,3.26,62673,213714.00,12
BSE,JOSTS,INE636D01041,X,253.00,253.00,239.00,246.60,249.10,11325,2753113.00,140
BSE,JPOLYINVST,INE147P01019,B,1025.00,1039.25,1012.70,1023.05,1017.85,158,161941.00,66
BSE,JPPOWER,INE351F01018,A,16.91,17.06,16.75,16.96,17.07,4512665,76204580.00,4701
BSE,JSFB,INE953L01027,A,540.00,544.50,525.90,537.80,545.35,39240,20940077.00,1099
BSE,JSL,INE220G01021,A,726.55,726.75,712.95,714.55,735.80,6646,4774839.00,472
BSE,JSLINDL,INE581L01018,X,890.00,890.00,850.00,857.00,895.00,4,3453.00,4
BSE,JSLL,INE0J5801029,A,559.20,559.80,544.00,555.20,560.30,22094,12170013.00,673
BSE,JSTL,INE237B01018,X,72.00,75.00,72.00,72.77,71.93,13521,983051.00,113
BSE,JSWCEMENT,INE718I01012,A,133.00,133.20,129.90,132.00,133.80,113887,14980414.00,2255
BSE,JSWDULUX,INE133A01011,A,2912.25,2958.85,2873.80,2937.65,2916.55,874,2544477.00,188
BSE,JSWENERGY,INE121E01018,A,555.25,555.25,546.05,551.90,557.15,40533,22298535.00,1490
BSE,JSWHL,INE824G01012,A,10500.05,10900.00,10500.05,10857.20,10657.75,530,5656381.00,221
BSE,JSWINFRA,INE880J01026,A,319.55,325.15,316.60,322.40,324.55,183462,58745751.00,5243
BSE,JSWSTEEL,INE019A01038,A,1243.65,1244.40,1228.70,1240.65,1246.65,61540,76193855.00,2149
BSE,JTEKTINDIA,INE643A01035,B,131.90,132.65,129.00,131.60,131.15,9043,1177191.00,99
BSE,JTLIND,INE391J01032,B,70.01,73.49,70.01,72.68,72.21,79967,5742828.00,782
BSE,JUBLCPL,INE03CC01015,B,1820.80,1873.00,1819.30,1850.40,1844.50,177,326654.00,74
BSE,JUBLFOOD,INE797F01020,A,412.20,420.00,408.50,418.40,412.20,51389,21264830.00,1694
BSE,JUBLINGREA,INE0BY001018,A,750.90,750.90,723.70,725.50,744.75,17052,12499413.00,850
BSE,JUBLPHARMA,INE700A01033,A,958.75,970.00,950.10,962.00,970.85,6950,6671076.00,347
BSE,JULIEN,INE890N01027,X,1.26,1.27,1.20,1.26,1.26,128148,159331.00,152
BSE,JUMBO,INE699D01015,X,69.95,69.95,64.70,64.92,67.27,2086,137230.00,32
BSE,JUNGLECAMP,INE0WCH01015,M,46.45,46.95,45.51,46.95,47.00,6400,295088.00,4
BSE,JUNIPER,INE696F01016,B,193.95,194.15,190.00,192.70,194.90,19171,3662861.00,356
BSE,JUPITERIN,INE524N01014,X,52.50,55.55,51.95,52.13,54.60,9553,504909.00,50
BSE,JUSTDIAL,INE599M01018,A,729.95,733.40,700.85,729.60,723.90,22336,16001165.00,680
BSE,JUSTO,INE0W5Q01017,M,87.20,88.00,87.20,88.00,86.00,11000,967200.00,2
BSE,JWL,INE209L01016,A,244.00,248.05,242.00,246.70,245.85,72041,17608519.00,1634
BSE,JYOTHYLAB,INE668F01031,A,198.45,199.45,195.05,198.60,198.45,19727,3889185.00,605
BSE,JYOTI,INE511D01012,X,55.00,56.40,54.00,55.19,55.09,8808,485101.00,94
BSE,JYOTICNC,INE980O01024,A,788.00,800.10,777.00,796.20,788.25,40298,31698332.00,1591
BSE,JYOTIRES,INE577D01013,B,935.60,945.00,860.05,927.15,940.30,18618,16756118.00,1697
BSE,JYOTISTRUC,INE197A01024,B,10.82,11.04,10.57,11.00,10.72,152377,1642049.00,232
BSE,KABRADG,INE323K01017,X,22.64,24.50,22.40,24.07,22.64,187331,4469083.00,346
BSE,KABRAEXTRU,INE900B01029,B,353.55,384.60,346.75,377.20,350.85,24453,8923886.00,859
BSE,KABSON,INE645C01010,XT,21.00,21.59,20.00,20.02,20.60,1725,35788.00,18
BSE,KACHCHH,INE059E01010,XT,27.09,27.09,27.09,27.09,25.80,2000,54180.00,2
BSE,KACL,INE229G01022,XT,6.33,6.33,6.10,6.11,6.22,6763,41899.00,26
BSE,KAHAN,INE04T901017,MT,68.59,68.59,68.59,68.59,72.20,3200,219488.00,2
BSE,KAIRA,INE375D01012,X,1600.05,1600.05,1600.05,1600.05,1600.05,4,6400.00,1
BSE,KAIZENAGRO,INE891N01017,XT,9.90,10.34,9.50,10.24,9.92,1264,12967.00,9
BSE,KAJARIACER,INE217B01036,A,1200.00,1222.15,1190.85,1212.65,1210.25,10026,12056195.00,641
BSE,KAJARIR,INE434C01027,XT,36.38,36.54,35.28,36.11,36.55,4351,158645.00,9
BSE,KAKA,INE0P3N01018,M,211.00,215.25,211.00,212.00,208.25,8500,1805875.00,16
BSE,KAKATCEM,INE437B01014,T,122.95,126.85,122.95,124.00,124.00,216,26915.00,12
BSE,KALAMANDIR,INE438K01021,B,88.40,88.75,86.30,88.50,88.40,62084,5434583.00,593
BSE,KALIND,INE377D01026,XT,10.89,11.29,10.88,11.29,80.91,2567860,28934484.00,2080
BSE,KALLAM,INE629F01025,XT,2.50,2.50,2.33,2.40,2.43,3262,7691.00,28
BSE,KALPACOMME,INE059Q01014,X,8.49,8.49,8.01,8.02,8.50,2463,20346.00,15
BSE,KALPATARU,INE227J01012,B,269.60,269.95,265.10,266.05,269.60,1857,497455.00,256
BSE,KALYANCAP,INE149Q01021,XT,8.16,8.26,7.62,7.74,8.00,9549,75462.00,70
BSE,KALYANI,INE0N6U01018,MT,727.00,743.45,715.00,740.95,727.00,3000,2199212.00,12
BSE,KALYANIFRG,INE314G01014,B,607.00,607.25,589.35,598.60,607.25,50,30119.00,14
BSE,KALYANKJIL,INE303R01014,A,584.90,588.45,569.10,573.10,585.80,1051347,608940102.00,17383
BSE,KAMADGIRI,INE535C01013,XT,121.95,122.85,121.95,122.85,117.00,546,66883.00,10
BSE,KAMAHOLD,INE411F01010,B,2505.00,2561.95,2505.00,2530.10,2522.45,494,1246429.00,158
BSE,KAMANWALA,INE344D01018,X,15.15,15.15,15.15,15.15,15.55,622,9423.00,7
BSE,KAMATHOTEL,INE967C01018,B,169.90,170.15,167.00,168.40,169.90,1631,274454.00,107
BSE,KAMATS,INE564S01019,B,40.75,40.75,37.80,39.12,39.10,870,33871.00,46
BSE,KAMDHENU,INE390H01020,T,35.49,36.60,34.03,36.14,34.86,110495,3894230.00,339
BSE,KAMOPAINTS,INE0BTI01037,B,4.50,4.59,4.50,4.55,4.52,39680,179021.00,110
BSE,KANANIIND,INE879E01037,B,1.46,1.54,1.46,1.48,1.50,9590,14271.00,30
BSE,KANCHI,INE081G01019,T,360.00,369.90,352.10,369.90,360.00,240,85532.00,21
BSE,KANCOTEA,INE398L01017,X,46.62,47.99,45.00,47.69,46.54,2012,92859.00,38
BSE,KANISHK,INE163401016,MT,28.25,28.25,28.25,28.25,27.34,1600,45200.00,1
BSE,KANORICHEM,INE138C01024,T,161.85,161.85,154.00,161.40,154.15,7892,1236269.00,74
BSE,KANPRPLA,INE694E01014,B,178.00,240.20,178.00,220.35,210.95,36110,8270117.00,1313
BSE,KANSAINER,INE531A01024,A,194.40,194.40,191.45,193.10,194.40,14789,2851647.00,557
BSE,KANSHST,INE791E01018,X,52.99,52.99,49.05,50.82,51.80,1520,76198.00,12
BSE,KANUNGO,INE453S01015,X,9.48,9.48,9.40,9.40,9.03,12293,116529.00,7
BSE,KAPILRAJ,INE332Q01023,X,1.51,1.51,1.37,1.51,1.44,747455,1116894.00,254
BSE,KARANWO,INE327D01013,X,8.01,8.01,8.00,8.00,8.10,235,1882.00,2
BSE,KARMAENG,INE725L01011,B,37.21,38.50,37.20,37.94,38.50,183,6942.00,5
BSE,KARNAVATI,INE554R01020,X,1.35,1.40,1.32,1.35,1.35,9294,12520.00,43
BSE,KARNAWATI,INE214D01021,XT,1.22,1.22,1.15,1.21,1.18,23954,28973.00,115
BSE,KARTKIN,INE524U01019,XT,8359.00,8359.00,8359.00,8359.00,8529.55,2,16718.00,2
BSE,KARURVYSYA,INE036D01028,B,333.70,340.00,331.25,338.95,337.05,301269,101102097.00,6588
BSE,KASTURI,INE0T1301023,M,53.99,53.99,53.70,53.85,52.65,4000,215380.00,2
BSE,KATIPATANG,INE237C01016,X,15.08,15.42,14.00,14.22,14.36,11880,176458.00,78
BSE,KAUSHALYA,INE234I01028,T,840.10,900.00,840.10,900.00,883.00,21,17702.00,6
BSE,KAVDEFENCE,INE641C01019,B,57.67,57.67,55.07,56.92,57.53,15209,857270.00,184
BSE,KAYA,INE587G01015,B,264.40,285.20,261.00,281.75,263.55,2188,602227.00,116
BSE,KAYCEEI,INE813G01023,X,914.00,939.95,908.00,919.90,934.55,289,265050.00,56
BSE,KAYNES,INE918Z01012,A,3219.90,3236.75,3132.00,3176.10,3238.70,39796,126019379.00,4319
BSE,KAYPOWR,INE961B01013,X,10.07,10.95,10.07,10.69,10.17,14374,150168.00,58
BSE,KBSINDIA,INE883D01023,X,1.38,1.40,1.34,1.37,1.39,58698,79852.00,49
BSE,KCDGROUP,INE185U01035,X,3.93,3.93,3.73,3.88,3.79,8817,33942.00,41
BSE,KCLINFRA,INE469F01026,X,1.19,1.20,1.12,1.17,1.21,167790,195348.00,204
BSE,KCP,INE805C01028,B,161.60,164.35,160.90,162.60,163.75,3284,533004.00,102
BSE,KCPSUGIND,INE790B01024,B,22.56,28.81,22.56,27.79,24.22,223898,6158090.00,1683
BSE,KDDL,INE291D01011,B,3045.00,3153.40,3045.00,3146.65,3096.95,622,1937455.00,108
BSE,KEC,INE389H01022,A,470.60,477.65,462.80,470.90,472.70,52394,24608906.00,1393
BSE,KECL,INE134B01017,T,127.00,127.00,123.00,124.75,125.80,43266,5364763.00,61
BSE,KEEPLEARN,INE055C01020,B,1.90,1.90,1.75,1.89,1.90,3828,7010.00,23
BSE,KEERTHI,INE145L01012,X,39.97,39.97,39.97,39.97,38.55,100,3997.00,4
BSE,KEI,INE878B01027,A,4897.55,4897.55,4792.10,4869.60,4895.85,5215,25251642.00,964
BSE,KEIL,INE534E01020,X,17.00,17.00,15.66,16.82,15.90,17159,287084.00,54
BSE,KELENRG,INE881E01017,XT,7710.00,7999.00,7510.15,7872.05,7789.90,1230,9545113.00,103
BSE,KELLTONTEC,INE164B01030,B,14.46,14.51,14.06,14.12,14.37,211580,3002350.00,723
BSE,KEMISTAR,INE971L01029,X,51.00,51.00,47.00,49.93,49.47,809,38495.00,16
BSE,KENFIN,INE395E01018,XT,12.66,12.66,12.66,12.66,12.65,400,5064.00,3
BSE,KENNAMET,INE717A01029,B,2737.30,2793.05,2722.00,2779.45,2774.95,322,890911.00,106
BSE,KENVI,INE923Y01023,B,2.00,2.02,1.90,1.97,1.99,109563,215562.00,124
BSE,KERALAYUR,INE817B01025,X,158.00,159.75,148.65,155.00,156.20,5171,796681.00,199
BSE,KERNEX,INE202H01019,B,2219.45,2219.45,2131.30,2204.60,2218.75,3845,8385373.00,365
BSE,KESAR,INE0L1C01019,M,1250.50,1259.00,1220.00,1251.10,1274.80,186700,233474325.00,180
BSE,KESARENT,INE133B01027,X,5.80,5.85,5.41,5.59,5.80,49271,273337.00,73
BSE,KESARPE,INE133C01033,X,16.06,17.48,15.98,17.05,16.01,59143,993502.00,189
BSE,KESORAMIND,INE087A01019,T,11.76,11.76,11.76,11.76,12.00,2713,31904.00,26
BSE,KEYCORP,INE130F01016,X,74.20,74.20,73.98,73.99,74.34,1402,103728.00,28
BSE,KEYFINSERV,INE681C01015,B,256.00,256.00,256.00,256.00,256.25,101,25856.00,2
BSE,KFBL,INE991B01010,X,45.55,45.55,45.00,45.23,46.92,2270,102681.00,22
BSE,KFINTECH,INE138Y01010,A,871.05,872.00,856.00,858.00,867.60,37790,32621836.00,2225
BSE,KGDENIM,INE104A01012,X,16.35,16.35,13.12,14.00,14.52,35401,485426.00,118
BSE,KHADIM,INE834I01025,T,94.80,94.90,93.00,94.85,93.90,1367,128945.00,56
BSE,KHAICHEM,INE745B01028,T,49.87,49.87,47.70,48.00,48.80,4129,198043.00,33
BSE,KHAITANLTD,INE731C01018,T,128.10,128.10,128.10,128.10,128.10,1,128.00,1
BSE,KHAZANCHI,INE0OWC01011,M,665.55,674.50,665.00,673.40,665.55,30750,20598650.00,93
BSE,KHOOBSURAT,INE731G01027,X,0.50,0.52,0.50,0.52,0.50,1103983,562634.00,168
BSE,KHYATI,INE593B01030,XT,3.37,3.37,3.06,3.31,3.22,389,1294.00,11
BSE,KIAASA,INE1C3F01018,M,35.50,35.50,34.50,34.50,35.50,5000,175000.00,4
BSE,KICL,INE029L01018,B,5344.50,5344.50,5251.95,5335.75,5373.00,22,116463.00,17
BSE,KIDUJA,INE845A01028,X,15.12,15.12,14.37,15.11,15.12,2718,39505.00,13
BSE,KIFS,INE902D01013,X,113.85,113.85,113.00,113.00,106.00,16,1812.00,7
BSE,KILITCH,INE729D01010,T,174.65,180.50,169.00,177.20,174.65,446,79176.00,16
BSE,KIMIABL,INE285U01025,X,32.53,32.53,31.62,31.90,32.53,2900,92866.00,12
BSE,KIMS,INE967H01025,A,784.60,799.45,778.85,797.25,781.85,38511,30490617.00,3203
BSE,KINETICENG,INE266B01017,XT,284.00,284.00,269.10,272.15,274.70,7368,1998419.00,127
BSE,KINETRU,INE674M01019,XT,41.99,41.99,41.93,41.95,40.00,1101,46175.00,4
BSE,KINGFA,INE473D01015,B,5050.00,5270.10,4986.80,5228.15,5028.25,1139,5880643.00,246
BSE,KINGSINFR,INE050N01010,X,118.10,119.70,114.55,116.20,117.80,6732,782574.00,150
BSE,KIOCL,INE880L01014,B,350.10,350.60,341.95,349.45,351.00,3646,1264050.00,205
BSE,KIRANSY-B,INE293D01017,X,12.95,12.95,12.95,12.95,12.35,110,1424.00,3
BSE,KIRANVYPAR,INE555P01013,B,199.95,201.00,199.10,201.00,198.90,645,129053.00,60
BSE,KIRIINDUS,INE415I01015,A,407.55,411.15,398.00,405.95,411.45,4540,1826956.00,210
BSE,KIRLFER,INE884B01025,B,461.00,475.00,458.45,469.75,464.60,12693,5960149.00,694
BSE,KIRLOSBROS,INE732A01036,A,1835.00,1844.00,1798.35,1834.50,1845.95,2618,4767587.00,286
BSE,KIRLOSENG,INE146L01010,A,2152.10,2208.00,2136.20,2181.55,2183.05,19656,42524692.00,1674
BSE,KIRLOSIND,INE250A01039,B,3731.80,3794.00,3705.15,3791.90,3731.80,332,1238756.00,55
BSE,KIRLPNU,INE811A01020,A,1501.95,1523.00,1465.00,1495.60,1513.15,72049,107895200.00,6311
BSE,KISAAN,INE102C01020,X,11.81,11.99,11.58,11.77,11.80,1851,21799.00,26
BSE,KISAN,INE017C01012,XT,23.53,24.00,23.01,23.99,23.47,34745,823709.00,99
BSE,KISSHT,INE12F801023,B,343.10,350.15,334.20,340.45,345.55,105426,35997387.00,2075
BSE,KITEX,INE602G01020,A,143.65,147.70,142.90,146.85,144.25,44201,6420816.00,667
BSE,KIZI,INE0RMR01013,M,19.00,19.00,19.00,19.00,19.00,3000,57000.00,1
BSE,KJMCCORP,INE602C01011,X,54.00,54.00,54.00,54.00,54.40,1,54.00,1
BSE,KJMCFIN,INE533C01018,X,54.49,54.49,51.01,53.34,53.86,148,7639.00,14
BSE,KKALPANAIND,INE301C01028,X,7.46,7.48,6.93,7.20,7.17,18453,132525.00,56
BSE,KKCL,INE401H01017,B,501.75,508.00,499.65,502.50,503.60,1746,878546.00,83
BSE,KKPLASTICK,INE465K01016,XT,44.77,44.77,44.77,44.77,42.64,1177,52694.00,11
BSE,KKSILK,INE0EOJ01014,MT,9.77,10.50,9.77,10.01,10.25,9000,90120.00,3
BSE,KLBRENG-B,INE338F01015,B,437.45,441.90,434.00,438.75,436.75,2707,1181759.00,125
BSE,KLRFM,INE014E01015,X,95.00,98.50,93.00,98.30,94.80,1629,154555.00,41
BSE,KMCSHIL,INE879K01018,B,129.20,129.90,125.10,128.90,129.20,142424,18092517.00,2047
BSE,KMEW,INE0CJD01029,B,2319.85,2471.40,2318.40,2433.45,2340.40,5287,12647765.00,618
BSE,KMFBLDR,INE580H01026,X,6.90,6.90,6.90,6.90,6.90,92,634.00,2
BSE,KMSUGAR,INE157H01023,B,27.65,28.45,27.05,27.75,28.06,7926,218318.00,164
BSE,KNACK,INE17QZ01016,B,190.55,196.00,188.45,194.75,193.55,206655,39681724.00,1664
BSE,KNRCON,INE634I01029,A,118.45,122.00,117.80,121.00,119.25,42962,5124524.00,465
BSE,KOBO,INE881A01015,Z,8.90,8.90,8.90,8.90,9.08,2169,19304.00,9
BSE,KOHINOOR,INE080B01012,B,22.25,23.28,22.25,22.78,22.51,4612,105610.00,224
BSE,KOKUYOCMLN,INE760A01029,B,83.26,84.52,83.13,84.47,84.94,1028,85793.00,34
BSE,KOLTEPATIL,INE094I01018,B,391.35,395.00,385.00,390.65,388.65,6321,2474249.00,265
BSE,KONNDOR,INE971A01014,XT,17.06,17.06,17.06,17.06,16.25,101,1723.00,2
BSE,KOPRAN,INE082A01010,T,197.00,199.95,195.00,198.90,200.50,3824,754433.00,71
BSE,KOTAKBANK,INE237A01036,A,377.50,386.40,377.50,384.70,383.45,840387,323404755.00,5321
BSE,KOTHARIPRO,INE823A01017,B,66.02,68.44,66.01,68.44,66.01,85,5671.00,14
BSE,KOTIC,INE972A01020,B,166.00,166.00,156.00,162.75,166.80,549,88962.00,59
BSE,KOTYARK,INE0J0B01017,T,32.50,33.59,31.89,32.00,33.03,8361,271301.00,44
BSE,KOURA,INE0M8R01011,M,32.30,32.30,32.20,32.20,33.60,8000,258000.00,4
BSE,KOVAI,INE177F01017,B,5744.95,5860.00,5712.65,5848.30,5764.05,261,1513261.00,131
BSE,KPEL,INE127T01021,B,300.90,306.00,298.05,303.05,304.15,16240,4903100.00,485
BSE,KPGEL,INE0QVH01025,M,335.00,337.90,330.00,333.75,335.15,40250,13391637.00,146
BSE,KPIGREEN,INE542W01025,A,388.15,394.95,383.05,390.00,390.25,22560,8779448.00,805
BSE,KPIL,INE220B01022,A,1302.10,1309.35,1273.25,1303.65,1298.40,8270,10684608.00,663
BSE,KPITTECH,INE04I401011,A,549.35,586.85,546.50,583.00,550.45,341023,196254163.00,5918
BSE,KPL,INE552U01010,B,2685.30,2815.00,2656.65,2776.90,2670.70,2792,7678850.00,537
BSE,KPRMILL,INE930H01031,A,1034.10,1063.90,1015.00,1061.95,1034.10,19159,19923969.00,1208
BSE,KPT,INE731D01024,X,538.00,538.00,496.25,506.95,512.25,859,433075.00,70
BSE,KRANTI,INE911T01010,B,51.93,52.94,50.58,51.69,51.61,9205,474994.00,204
BSE,KRATIKAL,INE1L0M01019,M,160.25,169.00,160.25,168.00,168.50,13000,2168700.00,13
BSE,KRBL,INE001B01026,A,340.55,351.90,339.80,350.65,343.90,8352,2887663.00,346
BSE,KREBSBIO,INE268B01013,B,53.00,53.94,51.30,53.94,53.00,107,5664.00,16
BSE,KREONFIN,INE302C01018,XT,83.00,83.90,79.00,81.30,81.10,9269,752887.00,35
BSE,KRETTOSYS,INE128R01023,XT,0.53,0.53,0.51,0.51,0.53,1182292,605654.00,253
BSE,KRIDHANINF,INE524L01026,T,2.45,2.47,2.36,2.46,2.45,384,941.00,12
BSE,KRIFILIND,INE073A01019,X,5.55,5.55,5.28,5.29,5.55,10129,53484.00,9
BSE,KRISHIVAL,INE0GGO01015,B,398.95,398.95,387.70,387.95,391.05,79,30914.00,30
BSE,KRISHNA,INE537L01010,XT,44.03,44.03,44.03,44.03,44.92,390,17171.00,5
BSE,KRITI,INE479D01038,T,64.40,65.60,63.50,64.12,64.95,986,63261.00,21
BSE,KRITINUT,INE798K01010,T,76.65,76.65,76.40,76.40,75.15,129,9883.00,3
BSE,KRN,INE0Q3J01015,T,1219.00,1248.20,1190.00,1237.55,1226.65,8784,10669652.00,271
BSE,KRONOX,INE0ATZ01017,B,153.30,155.55,147.75,153.40,152.25,3912,590819.00,151
BSE,KROSS,INE0O6601022,B,203.20,206.95,200.40,205.60,205.50,36534,7433038.00,466
BSE,KRRAIL,INE078T01026,X,25.71,25.71,24.00,24.30,25.25,50391,1234404.00,477
BSE,KRSNAA,INE08LI01020,B,537.10,548.20,526.80,541.95,537.10,8436,4549237.00,373
BSE,KRT,INE1JAR25012,IF,116.78,116.90,116.04,116.74,116.12,1521,177157.00,155
BSE,KRUPALU,INE0XZB01017,M,30.00,30.00,27.98,28.00,29.45,9600,273520.00,6
BSE,KRYPTONQ,INE951B01014,X,37.44,39.75,36.80,39.68,36.14,8317,317374.00,70
BSE,KRYSTAL,INE0QN801017,B,603.20,603.20,600.00,602.45,603.20,515,309317.00,105
BSE,KSB,INE999A01023,A,869.95,876.35,851.80,866.80,869.60,2447,2107768.00,229
BSE,KSCL,INE455I01029,B,831.10,837.85,818.15,834.10,829.95,1941,1607533.00,174
BSE,KSE,INE953E01022,X,194.90,196.35,188.30,192.05,193.80,12389,2372062.00,269
BSE,KSHINTL,INE987S01020,B,863.55,894.00,854.00,885.70,867.50,16878,14738562.00,733
BSE,KSL,INE907A01026,B,883.95,899.95,871.70,893.10,888.00,1071,950500.00,143
BSE,KSOLVES,INE0D6I01023,B,283.90,284.25,272.80,281.45,281.45,12400,3459293.00,295
BSE,KSR,INE1SPP01016,B,29.49,30.25,28.02,29.16,29.49,622,18117.00,7
BSE,KSSMART,INE737E01011,X,116.05,122.70,111.10,122.10,116.90,18573,2103844.00,170
BSE,KTIL,INE096L01025,X,61.79,62.00,60.00,62.00,62.00,1574,97140.00,14
BSE,KTKBANK,INE614B01018,A,282.10,282.15,274.50,279.80,281.70,79044,22028996.00,1101
BSE,KUANTUM,INE529I01021,B,79.00,80.46,77.22,77.54,79.84,9224,723209.00,246
BSE,KUBERJI,INE594R01018,XT,25.01,25.55,23.56,23.61,24.74,14973,362678.00,137
BSE,KUMPFIN,INE795E01019,X,22.50,22.50,22.50,22.50,22.57,200,4500.00,3
BSE,KUNSTOFF,INE638D01021,X,21.90,22.27,21.90,22.24,21.89,186,4082.00,11
BSE,KUSHIND,INE979D01011,X,6.00,6.01,5.96,6.00,6.00,6415,38461.00,30
BSE,KUSUMGAR,INE0ISX01025,B,602.95,613.20,589.60,600.40,608.30,57856,34770571.00,2349
BSE,KUWERIN,INE430F01010,X,10.86,10.86,10.86,10.86,10.98,2,21.00,2
BSE,KVFORGE,INE013J01016,XT,150.00,153.85,148.20,153.10,154.55,473,71231.00,22
BSE,KVTOYS,INE1IE301018,M,265.00,293.95,265.00,280.00,289.50,19200,5387820.00,25
BSE,KWIL,INE2KCE01013,B,31.73,32.16,31.05,32.00,31.73,296902,9408115.00,1226
BSE,LABELKRAFT,INE0NLJ01011,M,61.61,61.61,61.61,61.61,62.80,2000,123220.00,1
BSE,LACTOSE,INE058I01013,X,96.00,102.55,93.00,100.00,101.00,3312,326436.00,89
BSE,LADDU,INE546I01025,X,0.60,0.60,0.56,0.56,0.58,3119489,1819204.00,314
BSE,LAFFANSQ,INE919B01011,X,27.05,27.89,27.05,27.89,27.89,924,24997.00,5
BSE,LAHL,INE213U01019,X,7.01,7.01,6.66,6.73,7.02,342,2360.00,7
BSE,LAHOTIOV,INE515C01023,B,44.00,44.00,44.00,44.00,43.49,8,352.00,2
BSE,LAKESHORE,INE734D01010,X,75.00,75.00,72.00,73.40,73.85,587,42665.00,20
BSE,LAKHOTIA,INE191O01010,X,62.88,62.88,58.10,58.10,57.61,698,42138.00,18
BSE,LAKPRE,INE651C01018,Z,5.15,5.15,5.10,5.10,4.99,110,566.00,2
BSE,LAKSELEC,INE284C01018,X,810.05,828.95,798.00,822.85,807.85,218,178340.00,37
BSE,LAKSHMIEW,INE718M01022,X,2260.50,2260.50,2200.00,2200.25,2260.00,31,68738.00,6
BSE,LAKSHMIMIL,INE938C01019,X,7800.05,7981.00,7800.00,7800.35,7907.40,30,234185.00,14
BSE,LAL,INE740X01023,B,8.83,8.83,8.27,8.66,9.04,778,6547.00,16
BSE,LALPATHLAB,INE600L01024,A,1692.70,1776.50,1650.45,1756.70,1686.70,89915,153979680.00,3393
BSE,LAMBODHARA,INE112F01022,B,110.40,112.00,110.40,111.85,110.95,55,6078.00,22
BSE,LANCER,INE359U01028,X,10.05,10.48,10.05,10.14,10.22,96890,982847.00,392
BSE,LANCORHOL,INE572G01025,B,24.71,26.84,23.99,25.61,24.40,71699,1794598.00,340
BSE,LANDMARC,INE394C01023,X,1.99,2.03,1.90,1.93,2.00,548272,1050429.00,103
BSE,LANDMARK,INE559R01029,B,502.00,518.00,487.00,512.80,504.85,13407,6767011.00,358
BSE,LANDSMILL,INE688J01023,B,0.75,0.77,0.75,0.76,0.75,238095,179776.00,147
BSE,LAOPALA,INE059D01020,B,187.65,187.65,181.55,184.05,187.10,4306,790036.00,166
BSE,LASA,INE670X01014,B,7.15,7.15,6.80,6.82,7.15,8404,58063.00,40
BSE,LASERPOWER,INE17IR01028,B,277.80,308.65,272.65,308.65,280.60,684144,203158553.00,9103
BSE,LASTMILE,INE404B01022,XT,6.29,6.59,6.04,6.29,6.35,774465,4858671.00,143
BSE,LATENTVIEW,INE0I7C01011,A,295.40,296.85,288.00,295.95,293.85,22889,6685020.00,431
BSE,LATIMMETAL,INE501N01020,X,8.14,8.37,8.00,8.09,8.23,193934,1571814.00,241
BSE,LAURUSLABS,INE947Q01028,A,1560.00,1610.00,1555.95,1602.30,1568.30,104496,165616391.00,6651
BSE,LAXMIDENTL,INE0WO601020,B,211.35,218.00,210.35,216.25,215.45,8321,1770007.00,346
BSE,LAXMIINDIA,INE06WU01026,T,128.75,133.00,121.25,131.02,126.76,94070,12299807.00,81
BSE,LCCINFOTEC,INE938A01021,B,4.64,4.64,4.35,4.40,4.54,4480,19694.00,15
BSE,LEENEE,INE791B01014,X,7.89,7.89,7.17,7.25,7.43,9454,68774.00,44
BSE,LEHAR,INE976H01018,X,250.30,250.35,242.00,246.75,247.55,16505,4085558.00,289
BSE,LELAVOIR,INE204S01012,X,53.50,53.50,53.50,53.50,56.30,215,11502.00,22
BSE,LEMONTREE,INE970X01018,A,110.00,110.40,107.60,109.25,110.30,262772,28548527.00,2877
BSE,LENSKART,INE956O01016,B,547.25,559.70,545.00,555.80,557.60,142492,79151612.00,7038
BSE,LERTHAI,INE347D01011,XT,452.00,452.00,452.00,452.00,475.00,51,23052.00,3
BSE,LESHAIND,INE050L01048,X,0.76,0.78,0.76,0.78,0.77,139425,107692.00,106
BSE,LESL,INE0X6O01027,M,22.00,22.40,21.50,22.23,22.24,90000,1982820.00,13
BSE,LEXGLOBAL,INE745A01012,XT,196.00,196.00,196.00,196.00,197.00,309,60564.00,7
BSE,LEXORAA,INE185D01015,XT,17.50,17.50,16.65,16.65,17.50,133,2318.00,3
BSE,LGBBROSLTD,INE337A01034,A,1533.90,1549.30,1506.35,1536.10,1542.45,517,789864.00,82
BSE,LGBFORGE,INE201J01017,XT,5.79,5.79,5.49,5.61,5.74,87473,486362.00,137
BSE,LGEINDIA,INE324D01010,B,1505.10,1535.00,1505.10,1525.25,1528.70,11457,17403684.00,1127
BSE,LGLL,INE12QA01010,M,11.41,11.42,11.41,11.41,12.01,9600,109552.00,6
BSE,LGT,INE191201016,M,47.00,47.00,47.00,47.00,47.00,1200,56400.00,1
BSE,LIBERTSHOE,INE557B01019,B,255.65,263.15,251.20,258.45,257.10,2063,526675.00,122
BSE,LICHSGFIN,INE115A01026,A,531.00,541.80,529.50,538.90,533.30,8795,4710781.00,513
BSE,LICI,INE0J1Y01017,A,420.30,423.90,416.50,421.35,421.45,107060,44981939.00,2638
BSE,LIKHITHA,INE060901027,B,227.50,228.55,224.00,227.75,231.00,2137,483986.00,82
BSE,LINC,INE802B01027,B,107.50,107.50,101.40,102.50,102.75,1346,137071.00,131
BSE,LINCOLN,INE405C01035,B,584.45,584.55,573.35,581.90,589.25,2039,1174901.00,94
BSE,LINDEINDIA,INE473A01011,A,6630.75,6808.00,6630.75,6735.40,6712.85,1244,8385315.00,330
BSE,LINKPH,INE302F01011,X,28.00,28.00,28.00,28.00,28.13,4,112.00,3
BSE,LIOTECH,INE0TKX01011,M,96.70,99.00,95.10,96.50,100.10,21600,2063220.00,49
BSE,LIPPISYS,INE845B01018,XT,262.25,272.95,262.25,265.25,267.60,44834,11967494.00,111
BSE,LKPSEC,INE341H01023,XT,15.88,16.27,15.50,16.00,15.61,6191,98219.00,51
BSE,LLFICL,INE715Q01029,T,1.18,1.19,1.12,1.17,1.17,1601361,1834071.00,476
BSE,LLOYDSENGG,INE093R01011,A,87.14,88.82,84.95,88.46,87.35,515268,44701911.00,2680
BSE,LLOYDSENT,INE080I01025,A,77.69,78.46,75.77,77.94,77.93,265442,20504932.00,1525
BSE,LLOYDSME,INE281B01032,A,1915.40,1949.10,1875.65,1939.55,1932.90,45861,87805466.00,2330
BSE,LMW,INE269B01029,A,15850.00,17604.45,15621.95,15763.95,15950.00,1185,19400060.00,463
BSE,LODHA,INE670K01029,A,1138.85,1166.00,1124.80,1144.40,1146.60,69995,80100686.00,3508
BSE,LOGICA,INE0BSU01018,M,155.00,160.10,155.00,158.05,160.10,4800,749820.00,8
BSE,LOGICIEL,INE1BA901016,MT,30.75,30.75,30.75,30.75,32.00,600,18450.00,1
BSE,LOKESHMACH,INE397H01017,T,332.00,339.75,332.00,335.00,338.10,2043,688031.00,18
BSE,LONGSPUR,INE180M01033,X,8.62,9.09,8.41,8.66,8.69,1735,15234.00,22
BSE,LOOKS,INE204N01013,XT,9.70,9.70,9.60,9.60,9.51,10712,103900.00,16
BSE,LORDSCHLO,INE846D01012,B,147.95,152.00,142.65,148.60,145.90,11032,1627201.00,466
BSE,LORDSHOTL,INE689J01013,X,15.00,15.59,14.51,14.75,14.85,943,14455.00,22
BSE,LOTUSCHO,INE026D01011,B,666.00,669.85,651.50,657.50,661.15,3772,2483399.00,292
BSE,LOTUSDEV,INE0V9Q01010,B,174.35,180.95,174.35,180.40,173.65,836224,149971334.00,4023
BSE,LOTUSEYE,INE947I01017,B,119.45,122.20,116.95,120.05,119.45,1816,216453.00,47
BSE,LOVABLE,INE597L01014,B,72.00,72.39,71.03,72.08,72.05,946,68026.00,78
BSE,LOYAL,INE876S01017,X,153.00,157.60,150.25,154.65,153.15,1850,284323.00,85
BSE,LOYALTEX,INE970D01010,B,219.20,219.40,197.55,206.80,219.40,417,88729.00,9
BSE,LPDC,INE197J01017,B,6.31,6.37,6.00,6.19,6.38,75651,462116.00,159
BSE,LT,INE018A01030,A,3754.15,3805.00,3720.00,3785.25,3793.60,100735,379055894.00,12901
BSE,LTELEVATOR,INE0TJ801010,MT,243.10,250.00,240.50,250.00,251.15,16000,3902480.00,18
BSE,LTF,INE498L01015,A,302.55,304.70,297.10,302.40,305.15,172931,51981839.00,3915
BSE,LTFOODS,INE818H01020,A,368.35,377.00,368.35,375.50,373.30,31255,11671243.00,813
BSE,LTM,INE214T01019,A,3945.25,4102.10,3940.00,4094.70,3965.05,11424,46305880.00,1802
BSE,LTTS,INE010V01017,A,3367.80,3447.00,3340.00,3417.90,3373.45,5591,19023865.00,697
BSE,LUDLOWJUT,INE983C01015,XT,385.25,400.00,385.25,391.60,385.25,1038,408839.00,53
BSE,LUMAXIND,INE162B01018,B,5062.00,5159.35,5020.30,5133.35,5098.90,381,1933238.00,56
BSE,LUMAXTECH,INE872H01027,A,1469.45,1470.90,1430.05,1465.20,1474.30,2649,3834520.00,267
BSE,LUPIN,INE326A01037,A,2379.50,2385.90,2340.60,2369.45,2396.00,10680,25257379.00,1298
BSE,LUXIND,INE150G01020,B,1220.35,1232.35,1208.30,1226.75,1230.80,1499,1826238.00,167
BSE,LUXURY,INE1CJB01013,MT,73.00,73.00,69.82,72.98,73.49,8000,568720.00,5
BSE,LWSKNIT,INE281M01013,X,16.00,17.00,15.55,16.21,15.92,1407,22936.00,18
BSE,LXCHEM,INE576O01020,B,180.00,186.50,178.30,182.30,183.15,132570,24111182.00,1425
BSE,LYKALABS,INE933A01014,T,62.88,64.56,61.79,63.57,63.13,596,37321.00,17
BSE,LYKISLTD,INE624M01014,X,46.25,47.70,46.25,47.50,45.93,12579,593507.00,69
BSE,LYONSCO,INE100F01019,X,22.50,22.50,22.50,22.50,22.00,50,1125.00,1
BSE,M&M,INE101A01026,A,3226.10,3226.10,3136.00,3161.00,3228.70,71809,227092288.00,5900
BSE,M&MFIN,INE774D01024,A,367.45,367.50,355.40,356.45,370.45,252070,91210101.00,5264
BSE,MAANALU,INE215I01027,B,114.05,114.25,112.80,114.25,113.95,2207,252074.00,144
BSE,MACH,INE004Z01011,M,85.00,85.00,82.00,82.00,91.00,4500,378000.00,3
BSE,MACHLTD,INE0UYT01018,M,150.20,153.00,149.00,149.20,155.00,7200,1077720.00,12
BSE,MACIND,INE01BT01015,X,362.50,362.50,344.70,354.10,362.80,133,46425.00,11
BSE,MACPLASQ,INE082B01018,X,258.10,265.00,257.20,264.90,265.00,515,134985.00,24
BSE,MADALA,INE002B01016,X,194.00,194.00,194.00,194.00,190.55,10,1940.00,1
BSE,MADHAV,INE925C01016,B,34.00,34.00,30.65,33.85,34.01,12724,407365.00,227
BSE,MADHAVIPL,INE631R01026,B,8.00,8.05,7.74,7.79,7.98,33405,262315.00,146
BSE,MADHUCON,INE378D01032,T,4.94,5.25,4.94,5.25,5.20,2539,12956.00,10
BSE,MADHUDIN,INE469C01023,X,38.00,38.00,35.35,38.00,38.00,157,5588.00,9
BSE,MADRASFERT,INE414A01015,B,66.31,66.50,65.83,66.07,66.31,616,40686.00,45
BSE,MAFATIND,INE270B01035,B,130.00,134.60,130.00,132.30,132.60,8357,1104725.00,199
BSE,MAGADSUGAR,INE347W01011,B,490.00,496.15,490.00,494.00,494.30,162,80076.00,26
BSE,MAGNAELQ,INE437D01010,XT,1194.00,1194.00,1086.00,1135.00,1138.30,1060,1213513.00,34
BSE,MAGNUM,INE387I01016,B,18.18,19.60,18.18,19.60,19.40,5907,114295.00,25
BSE,MAGNUS,INE898E01011,XT,54.63,54.64,54.63,54.64,52.04,115417,6305873.00,490
BSE,MAHABANK,INE457A01014,A,77.89,81.40,77.89,81.14,78.51,1728816,138449286.00,6634
BSE,MAHACORP,INE272E01027,X,0.33,0.34,0.32,0.32,0.33,645062,208883.00,195
BSE,MAHALIFE,INE0U9D01019,M,165.65,169.00,162.65,166.00,165.65,9600,1587960.00,8
BSE,MAHALXSE,INE257F01017,Z,8.77,9.69,8.77,9.67,9.23,434,3873.00,11
BSE,MAHAPEXLTD,INE843B01013,B,49.62,49.62,43.12,43.90,43.21,132,5912.00,13
BSE,MAHASTEEL,INE451L01014,B,781.00,803.45,775.25,781.10,780.45,59,46666.00,15
BSE,MAHAVEER,INE019D01016,Z,15.44,15.44,15.44,15.44,15.44,226,3489.00,5
BSE,MAHEPC,INE215D01010,B,104.10,107.00,103.80,104.85,104.20,761,80497.00,72
BSE,MAHESH,INE01MO01013,XT,37.98,37.98,37.98,37.98,39.97,32,1215.00,3
BSE,MAHIP,INE00CX01017,MT,17.99,17.99,17.99,17.99,18.93,4000,71960.00,1
BSE,MAHLIFE,INE813A01018,A,377.50,381.15,365.00,374.85,378.10,24241,9049070.00,643
BSE,MAHLOG,INE766P01016,B,392.80,428.75,390.00,416.05,392.75,81437,33863566.00,2570
BSE,MAHSCOOTER,INE288A01013,A,12608.00,12797.25,12423.20,12681.20,12580.75,198,2491729.00,101
BSE,MAHSEAMLES,INE271B01025,A,564.50,573.90,559.65,571.65,565.05,2594,1472164.00,152
BSE,MAIDEN,INE0O1T01010,M,94.01,94.01,93.10,93.10,94.99,19000,1774760.00,8
BSE,MAINFRA,INE392G01028,XT,10.86,10.99,10.42,10.57,10.86,18591,196225.00,75
BSE,MAITHANALL,INE683C01011,B,963.00,981.10,954.75,960.45,969.50,2205,2125427.00,237
BSE,MAITRI,INE501L01024,XT,46.20,46.20,45.40,45.40,44.00,8,364.00,3
BSE,MAJESAUT,INE201B01022,B,429.00,429.00,409.20,422.80,428.05,2808,1170586.00,162
BSE,MAKERSL,INE987A01010,X,148.00,151.25,148.00,149.70,148.00,348,52172.00,6
BSE,MALLCOM,INE389C01015,B,989.00,1055.25,987.95,1034.55,1010.75,153,153011.00,55
BSE,MALUPAPER,INE383H01017,B,35.89,38.59,34.97,36.01,34.90,10382,375737.00,143
BSE,MAMATA,INE0TO701015,B,395.10,397.85,393.10,395.20,396.70,5020,1987248.00,207
BSE,MANAKALUCO,INE859Q01017,B,37.84,37.84,35.00,35.08,35.62,3189,112324.00,105
BSE,MANAKCOAT,INE830Q01018,B,126.45,127.40,123.55,125.75,125.80,5799,728374.00,117
BSE,MANAKSIA,INE015D01022,B,56.33,56.68,54.82,55.79,56.42,971,54018.00,58
BSE,MANAKSTEEL,INE824Q01011,T,69.35,72.78,69.00,72.60,70.56,830,58217.00,10
BSE,MANALIPETC,INE201A01024,B,64.63,66.99,64.63,66.75,64.63,78348,5195229.00,605
BSE,MANAPPURAM,INE522D01027,A,348.20,354.35,344.70,352.85,352.60,200113,70102476.00,3652
BSE,MANBA,INE939X01013,B,137.95,139.15,136.50,137.95,136.85,10263,1416088.00,155
BSE,MANBRO,INE348N01042,X,50.90,50.99,49.34,50.17,49.98,190820,9606842.00,687
BSE,MANCREDIT,INE545L01039,B,212.00,218.00,209.65,215.95,215.15,3879,836471.00,116
BSE,MANGALAM,INE584F01014,B,26.77,27.59,26.77,27.03,27.32,3154,85533.00,33
BSE,MANGIND,INE717C01025,X,0.60,0.61,0.59,0.59,0.60,1379579,821410.00,459
BSE,MANGLMCEM,INE347A01017,B,968.60,984.00,966.00,984.00,984.20,1859,1808524.00,89
BSE,MANINDS,INE993A01026,B,526.20,535.40,516.05,530.30,533.50,11442,6009868.00,387
BSE,MANINFRA,INE949H01023,B,97.90,97.90,96.10,96.75,97.85,39635,3841292.00,287
BSE,MANKIND,INE634S01028,A,2556.20,2556.20,2501.55,2505.40,2557.10,6973,17582823.00,664
BSE,MANOMAY,INE784W01015,B,203.20,203.95,196.60,199.05,203.50,41204,8370654.00,114
BSE,MANORAMA,INE00VM01036,A,1575.00,1598.00,1566.45,1586.95,1580.10,3056,4830212.00,305
BSE,MANORG,INE370D01013,T,529.90,530.00,520.00,530.00,532.00,182,95650.00,9
BSE,MANTRA,INE304E01010,X,15.63,16.55,15.40,15.51,15.96,2706,42001.00,37
BSE,MANUGRAPH,INE867A01022,T,13.79,13.79,13.79,13.79,14.51,328,4523.00,4
BSE,MANYAVAR,INE825V01034,A,393.20,406.70,393.20,403.40,402.20,6073,2431736.00,436
BSE,MAPMYINDIA,INE0BV301023,A,1080.80,1134.80,1080.00,1116.55,1081.45,23584,25922118.00,1121
BSE,MAPROIN,INE848M01019,XT,44.19,44.19,39.99,44.18,42.09,23696,1023914.00,78
BSE,MARATHON,INE182D01020,B,380.25,389.80,377.45,384.55,384.65,1294,498780.00,97
BSE,MARBLE,INE807H01023,X,119.00,119.95,117.60,119.95,118.90,678,81025.00,13
BSE,MARBU,INE199D01016,X,48.74,48.74,41.50,45.99,41.50,317,13747.00,8
BSE,MARGOFIN,INE680B01019,X,64.86,65.00,62.10,65.00,64.86,300,19024.00,6
BSE,MARICO,INE196A01026,A,855.80,857.95,841.95,855.80,853.45,42328,35959785.00,2665
BSE,MARIS,INE866D01010,X,28.41,29.30,28.41,29.21,29.48,162,4624.00,7
BSE,MARKOLINES,INE0FW001016,B,176.35,178.75,173.45,176.00,176.30,35203,6212149.00,804
BSE,MARKSANS,INE750C01026,A,245.70,248.35,242.65,246.25,246.50,82905,20392089.00,1785
BSE,MARSONS,INE415B01044,B,113.30,113.95,109.50,109.95,113.35,114861,12825425.00,1030
BSE,MARUTI,INE585B01010,A,13354.70,13498.95,13196.00,13448.40,13396.05,54668,734494227.00,3941
BSE,MASFIN,INE348L01012,B,313.50,314.60,308.20,313.00,315.55,3566,1109067.00,155
BSE,MASTEK,INE759A01021,A,1662.55,1694.05,1632.60,1692.25,1679.50,2739,4557840.00,354
BSE,MASTERTR,INE677D01037,B,85.12,85.12,83.69,84.53,84.99,2389,201451.00,40
BSE,MATRIMONY,INE866R01028,B,420.25,424.75,413.90,424.00,424.40,919,386034.00,57
BSE,MAWANASUG,INE636A01039,T,110.50,112.00,108.50,109.30,113.00,943,103628.00,24
BSE,MAXESTATES,INE03EI01018,B,380.00,388.65,378.95,385.85,384.60,2350,903491.00,122
BSE,MAXGROW,INE485D01043,XT,85.24,85.24,85.24,85.24,81.19,2269,193409.00,29
BSE,MAXHEALTH,INE027H01010,A,1066.50,1086.95,1066.50,1081.50,1083.70,14615,15720840.00,1009
BSE,MAXHEIGHTS,INE393F01010,X,10.52,12.09,10.52,11.23,11.87,399,4788.00,13
BSE,MAXIMUS,INE544W01021,X,13.44,13.67,13.15,13.50,13.44,34687,465974.00,81
BSE,MAXIND,INE0CG601016,B,177.95,184.95,174.10,182.45,165.80,62089,11140268.00,1383
BSE,MAYUR,INE799E01011,X,22.35,22.70,21.64,22.46,22.77,1062,23561.00,9
BSE,MAYURFL,INE262W01012,XT,16.00,16.00,16.00,16.00,15.97,2,32.00,1
BSE,MAYURUNIQ,INE040D01038,B,791.35,798.65,771.20,789.15,789.10,3052,2390352.00,428
BSE,MAZDA,INE885E01042,T,220.00,224.00,213.85,222.80,220.00,191,41740.00,21
BSE,MAZDOCK,INE249Z01020,A,2280.00,2311.95,2271.80,2294.65,2299.05,49221,112785973.00,4443
BSE,MBEL,INE08N601015,B,290.95,297.45,286.85,296.55,292.40,2842,836666.00,183
BSE,MBLINFRA,INE912H01013,T,26.21,26.21,25.00,25.00,25.15,734,18376.00,13
BSE,MCCHRLS-B,INE435D01014,B,716.00,732.75,716.00,725.50,717.50,224,162450.00,16
BSE,MCFL,INE0R5Z01015,MT,211.00,211.00,211.00,211.00,210.20,600,126600.00,1
BSE,MCLEODRUSS,INE942G01012,T,54.40,55.39,53.18,54.02,53.22,15691,850016.00,34
BSE,MCLOUD,INE613C01026,B,26.84,27.21,26.50,26.65,27.22,93343,2512004.00,397
BSE,MCPL,INE0A6N01026,MT,75.30,75.30,74.95,74.95,78.85,3000,225200.00,3
BSE,MCX,INE745G01043,A,2737.90,2747.65,2705.95,2729.60,2752.30,59198,161411968.00,5547
BSE,MDRC,INE1HK501016,M,52.00,52.00,52.00,52.00,51.00,1600,83200.00,1
BSE,MDRNSTL,INE001F01019,X,13.15,13.80,13.14,13.64,13.32,43,587.00,13
BSE,MEAPL,INE250S01015,X,28.46,28.74,27.36,28.15,28.46,8459,234339.00,77
BSE,MEDANTA,INE474Q01031,A,1375.05,1376.30,1351.00,1370.40,1374.05,9587,13101615.00,709
BSE,MEDIAONE,INE828I01019,Z,15.30,15.50,14.54,15.25,15.30,151,2304.00,7
BSE,MEDIASSIST,INE456Z01021,A,333.85,340.50,333.85,339.70,338.50,5871,1985253.00,238
BSE,MEDICAMEQ,INE646B01010,B,232.15,243.25,232.15,242.20,238.30,96,22915.00,30
BSE,MEDICAPQ,INE442D01010,X,25.99,25.99,25.50,25.98,25.50,3974,102846.00,26
BSE,MEDICO,INE630Y01024,B,38.27,38.66,37.64,38.20,38.27,485,18546.00,22
BSE,MEDPLUS,INE804L01022,A,715.25,722.85,714.40,720.90,714.80,7133,5125911.00,483
BSE,MEERA,INE343X01026,T,41.00,41.00,40.67,40.67,41.49,1909,77670.00,17
BSE,MEESHO,INE0VDM01015,B,188.00,189.05,177.60,185.25,188.95,988333,180453056.00,11822
BSE,MEFCOMCAP,INE186C01023,X,10.49,10.49,9.50,10.00,10.22,19018,187029.00,73
BSE,MEGACOR,INE804B01023,XT,2.77,2.77,2.75,2.75,2.80,19268,53030.00,28
BSE,MEGAMONT,INE317D01014,XT,145.75,145.75,145.75,145.75,148.70,100,14575.00,1
BSE,MEGASTAR,INE00EM01016,B,342.70,343.80,333.20,338.95,346.55,222,74716.00,28
BSE,MEGRISOFT,INE756R01013,X,78.89,84.99,75.00,77.85,80.50,963,75223.00,22
BSE,MEHAI,INE062Y01020,XT,1.19,1.19,1.13,1.16,1.16,276464,316695.00,205
BSE,MEIL,INE0PKD01011,T,288.00,288.90,282.00,284.10,288.00,128,36483.00,14
BSE,MENAMANI,INE148B01033,X,11.15,11.47,11.00,11.09,10.93,688992,7700186.00,376
BSE,MENNPIS,INE650G01029,B,77.16,77.17,73.50,74.64,75.60,6862,512615.00,151
BSE,MENONBE,INE071D01033,T,212.00,218.00,207.75,215.00,216.30,5267,1121171.00,84
BSE,MEP,INE776I01010,Z,0.56,0.56,0.56,0.56,0.57,20656,11567.00,8
BSE,MERCANTILE,INE689O01013,B,25.35,25.35,24.55,24.57,25.52,400,9905.00,6
BSE,MERCTRD,INE319T01016,X,4.94,4.94,4.79,4.83,4.94,29298,141652.00,114
BSE,MERCURYEV,INE763M01028,T,35.58,35.58,34.10,34.86,35.26,20342,703540.00,108
BSE,MERCURYLAB,INE947G01011,X,835.00,835.00,835.00,835.00,807.75,1,835.00,1
BSE,META,INE958L01034,T,6.25,6.31,5.86,6.00,6.16,1433747,8628025.00,1133
BSE,METAINFO,INE162901016,MT,76.80,76.80,72.96,75.00,76.80,34400,2573272.00,27
BSE,METALCO,INE161E01014,X,51.50,51.50,50.50,50.50,51.96,505,25513.00,21
BSE,METHODHUB,INE0QZR01017,M,76.91,78.80,76.00,76.00,80.00,27600,2103330.00,43
BSE,METROBRAND,INE317I01021,A,1025.55,1030.00,1006.55,1020.80,1025.50,280663,286267200.00,1628
BSE,METROGLOBL,INE085D01033,B,132.65,132.65,132.65,132.65,126.15,170,22550.00,2
BSE,METROPOLIS,INE112L01020,A,571.25,575.00,566.20,571.15,566.75,7232,4117906.00,401
BSE,METSL,INE318N01011,X,146.20,155.00,143.00,145.30,146.20,2158,313203.00,83
BSE,MFLINDIA,INE244C01020,X,0.36,0.38,0.35,0.37,0.36,348060,126772.00,225
BSE,MFML,INE0US801024,B,19.59,19.59,18.29,19.19,19.56,745,14043.00,11
BSE,MFSINTRCRP,INE614F01019,XT,13.00,13.99,13.00,13.99,13.33,120,1579.00,4
BSE,MFSL,INE180A01020,A,1504.20,1520.80,1485.30,1516.65,1504.70,7382,11094364.00,989
BSE,MGEL,INE0APB01032,T,16.37,16.37,16.01,16.18,16.18,37528,606973.00,77
BSE,MGIL,INE368C01019,XT,39.36,39.36,37.70,39.16,37.75,733,28274.00,24
BSE,MGL,INE002S01010,A,1066.45,1083.50,1064.20,1075.90,1067.75,5983,6429587.00,521
BSE,MHLXMIRU,INE112D01035,B,134.65,139.95,134.65,139.95,137.95,1054,142805.00,18
BSE,MHRIL,INE998I01010,B,215.00,220.55,211.75,219.00,217.75,7861,1683232.00,289
BSE,MICEL,INE287C01037,T,34.70,36.47,34.70,35.99,36.52,32121,1144900.00,351
BSE,MIDEASTP,INE033E01015,XT,40.49,42.49,40.00,40.05,40.49,166,6761.00,11
BSE,MIDHANI,INE099Z01011,A,394.50,395.15,386.70,392.45,394.75,16023,6261332.00,816
BSE,MIDINDIA,INE401C01018,X,6.41,6.50,6.29,6.29,6.38,2087,13328.00,12
BSE,MIDWESTLTD,INE0XAD01024,B,1203.90,1246.35,1203.90,1235.50,1242.85,1014,1243191.00,137
BSE,MIHIKA,INE779Q01017,XT,12.92,13.55,12.28,13.55,12.92,1159,14998.00,7
BSE,MIIL,INE898Q01015,B,726.05,727.85,720.00,724.20,724.40,40181,29099845.00,287
BSE,MIL,INE858Q01019,X,25.49,26.95,23.50,26.04,24.41,6685,174145.00,57
BSE,MILLENNIUM,INE570N01025,X,1.70,1.70,1.70,1.70,1.70,16,27.00,2
BSE,MILLWORKS,INE1SRC01010,MT,764.30,764.30,764.30,764.30,727.95,305600,233570080.00,409
BSE,MINALIND,INE097E01028,X,2.14,2.14,2.06,2.13,2.13,3240,6863.00,26
BSE,MINAXI,INE952C01028,X,1.32,1.40,1.32,1.40,1.32,8507,11741.00,26
BSE,MINDACORP,INE842C01021,A,649.40,680.00,647.90,676.20,657.55,11994,7950992.00,621
BSE,MINDSPACE,INE0CCU25019,IF,491.90,491.90,483.98,484.25,491.01,4942,2407920.00,397
BSE,MINDTECK,INE110B01017,B,192.05,195.90,189.85,195.10,193.15,4048,778636.00,147
BSE,MINID,INE281E01028,X,5.50,5.50,5.20,5.42,5.39,82697,441610.00,195
BSE,MINOLTAF,INE514C01026,XT,1.20,1.20,1.11,1.12,1.16,142662,159210.00,57
BSE,MIRZAINT,INE771A01026,B,34.40,36.00,34.40,35.09,35.52,22045,770841.00,141
BSE,MISHKA,INE540S01019,X,42.99,42.99,42.04,42.04,40.00,24,1019.00,4
BSE,MISHTANN,INE094S01041,X,3.61,3.68,3.56,3.65,3.66,800755,2897776.00,1481
BSE,MITSHI,INE844D01017,X,17.29,17.29,15.01,17.29,14.41,2770587,47626957.00,450
BSE,MITSU,INE317V01016,XT,145.00,146.90,141.05,145.95,146.00,26875,3901411.00,91
BSE,MIVENMACH,INE338P01014,X,79.19,79.19,79.19,79.19,75.42,4,316.00,1
BSE,MIZVEN,INE681K01026,X,68.85,68.85,68.85,68.85,72.45,1672,115117.00,14
BSE,MKEXIM,INE227F01010,X,55.18,55.99,54.00,55.62,54.64,6567,360111.00,66
BSE,MKPL,INE964W01021,B,4.18,4.22,4.00,4.12,4.17,25488,104453.00,116
BSE,MKPMOB,INE676G01024,X,149.60,149.60,135.40,142.50,142.50,78,11004.00,15
BSE,MKVENTURES,INE874A01010,X,1111.00,1134.00,1026.20,1134.00,1138.45,333,363096.00,32
BSE,MLKFOOD,INE588G01021,X,65.89,67.94,65.50,67.85,67.02,11552,762387.00,45
BSE,MMFL,INE227C01017,B,554.95,554.95,539.50,552.90,548.35,2679,1467845.00,161
BSE,MMLF,INE340O01021,B,0.65,0.68,0.65,0.68,0.65,11220,7581.00,18
BSE,MMRUBBR-B,INE159E01026,X,51.10,53.00,50.01,52.00,54.15,1072,54968.00,22
BSE,MMTC,INE123F01029,B,61.71,61.79,60.28,61.53,61.87,67690,4134807.00,583
BSE,MMWL,INE200D01020,T,14.00,14.39,13.51,14.28,14.00,738,10149.00,20
BSE,MNIL,INE216Q01010,X,28.90,29.99,27.25,29.78,28.90,2563,74887.00,32
BSE,MNPLFIN,INE798E01013,P,14.05,14.05,13.93,14.01,14.63,300,4203.00,2
BSE,MOBAVENUE,INE622Q01027,X,299.00,305.00,298.00,300.95,300.20,32423,9776095.00,414
BSE,MOBIKWIK,INE0HLU01028,B,203.75,204.10,197.00,200.90,205.20,53313,10702629.00,746
BSE,MODAIRY,INE617B01011,X,30.01,30.89,29.40,30.20,29.94,7119,213446.00,66
BSE,MODINATUR,INE537F01012,T,438.75,438.75,419.00,422.95,417.95,257,109210.00,19
BSE,MODINSU,INE219W01012,XT,477.05,503.00,476.20,492.90,491.95,26619,12956656.00,571
BSE,MODIPON,INE170C01019,XT,31.62,31.67,31.16,31.49,31.15,180,5668.00,13
BSE,MODIRUBBER,INE832A01018,B,125.20,129.00,123.40,129.00,124.90,86,10841.00,9
BSE,MODIS,INE0L0L01012,B,409.95,412.80,390.45,392.20,401.45,4022,1620924.00,253
BSE,MODISONLTD,INE737D01021,T,296.50,296.50,275.50,277.95,290.00,8894,2496651.00,132
BSE,MODMA,INE834C01028,P,48.70,51.80,46.93,46.93,49.40,5600,263959.00,9
BSE,MODRNSH,INE370A01019,X,35.50,35.50,32.33,34.82,32.38,790,27416.00,29
BSE,MODTHREAD,INE794W01014,B,47.01,47.71,46.80,47.42,49.61,78,3695.00,8
BSE,MODULEX,INE064R01012,Z,18.25,18.25,17.00,17.80,17.49,16571,292807.00,20
BSE,MOHITE,INE154B01023,X,2.89,2.89,2.63,2.71,2.75,37931,103580.00,75
BSE,MOHITIND,INE954E01012,B,22.85,22.85,22.26,22.37,22.90,1015,23109.00,14
BSE,MOHITPPR,INE388C01017,X,28.08,28.08,27.65,27.65,28.80,354,9841.00,5
BSE,MOIL,INE490G01020,A,262.55,270.10,258.45,268.55,265.65,58349,15384151.00,1086
BSE,MOL,INE0CT101020,B,55.94,56.19,53.51,54.44,55.68,107818,5889079.00,533
BSE,MOLDTECH,INE835B01035,B,133.40,135.00,130.75,134.25,133.20,2973,392892.00,146
BSE,MOLDTKPAC,INE893J01029,B,720.95,732.00,709.00,725.00,712.65,19484,14036103.00,1166
BSE,MONARCH,INE903D01011,B,355.55,360.55,347.65,358.10,356.60,7554,2676491.00,298
BSE,MONEYBOXX,INE296Q01012,B,57.00,60.00,57.00,60.00,58.00,558,32306.00,15
BSE,MONGIPA,INE153K01018,X,16.00,16.00,15.80,15.80,16.00,1012,16091.00,14
BSE,MONIKA,INE0LCG01010,M,212.00,212.00,212.00,212.00,209.20,400,84800.00,1
BSE,MONOT,INE811D01024,X,0.32,0.32,0.30,0.32,0.32,1774856,556711.00,402
BSE,MONTECARLO,INE950M01013,B,535.60,542.60,531.95,536.00,539.50,14238,7604346.00,213
BSE,MORARKFI,INE367A01015,X,61.80,62.00,59.20,61.53,61.89,1150,69602.00,38
BSE,MOREPENLAB,INE083A01026,B,52.00,54.17,51.43,53.79,52.44,427315,22627161.00,1893
BSE,MORGAN,INE902C01015,X,46.46,47.00,46.46,46.50,46.00,1142,53128.00,14
BSE,MOSCHIP,INE935B01025,A,229.45,236.05,224.90,232.00,233.55,178935,41247510.00,1939
BSE,MOTHERSON,INE775A01035,A,144.65,146.65,143.00,145.55,145.40,332601,48114495.00,2344
BSE,MOTILALOFS,INE338I01027,A,948.55,948.55,840.00,870.55,939.85,539523,469407005.00,16150
BSE,MOTISONS,INE0FRK01020,B,14.00,14.40,13.89,14.20,14.23,450195,6370532.00,614
BSE,MPAGI,INE468C01017,X,9.30,9.30,9.30,9.30,9.30,146,1357.00,4
BSE,MPDL,INE493H01014,X,28.71,28.71,26.01,26.01,28.90,4340,113786.00,61
BSE,MPHASIS,INE356A01018,A,2225.45,2340.35,2193.65,2289.30,2232.10,63174,143199352.00,8872
BSE,MPILCORPL,INE844C01027,XT,529.65,529.65,480.25,480.25,505.50,4,2019.00,3
BSE,MPL,INE343A01016,X,6.39,6.57,6.03,6.39,6.65,1796,11296.00,12
BSE,MPSLTD,INE943D01017,B,2650.45,2795.00,2596.40,2767.95,2661.30,15952,43173265.00,1292
BSE,MRCAGRO,INE333Y01017,B,37.49,37.49,36.16,37.18,36.90,92441,3416831.00,203
BSE,MRF,INE883A01011,A,131689.25,131689.25,130350.00,130754.45,131875.70,135,17657461.00,122
BSE,MRP,INE0D7801012,M,88.00,90.00,88.00,90.00,90.00,3000,267950.00,3
BSE,MRPL,INE103A01014,A,175.95,177.20,168.55,169.70,176.05,605543,103425130.00,4870
BSE,MRTX,INE1RQS01010,M,357.90,375.00,351.35,365.65,358.50,80000,28975350.00,77
BSE,MRUTR,INE738D01029,XT,79.11,79.11,79.11,79.11,77.56,880,69616.00,12
BSE,MSAFE,INE2B5L01011,MT,174.00,181.95,172.00,181.95,173.30,39000,6909950.00,32
BSE,MSCTC,INE277E01026,X,44.00,44.00,41.01,43.80,41.95,1908,82975.00,29
BSE,MSECL,INE0V0L01028,MT,219.00,222.00,218.60,218.60,224.00,4200,925050.00,7
BSE,MSL,INE829S01016,X,135.00,135.00,131.85,135.00,135.00,492,65235.00,9
BSE,MSLGLOBAL,INE856D01011,X,15.30,18.00,15.30,17.61,15.41,10864,186110.00,61
BSE,MSPL,INE752G01015,B,33.06,35.84,33.06,35.39,34.60,12043,419540.00,372
BSE,MSTCLTD,INE255X01014,B,600.00,612.25,586.50,607.95,596.95,12251,7356773.00,346
BSE,MSUMI,INE0FS801015,A,39.60,40.20,39.36,40.09,39.92,206340,8193224.00,884
BSE,MTARTECH,INE864I01014,T,5835.00,5921.45,5700.20,5850.20,5873.15,11287,65420780.00,1432
BSE,MTEDUCARE,INE472M01018,T,1.80,1.94,1.76,1.94,1.85,10676,19561.00,17
BSE,MTL,INE1K0V01011,M,85.11,94.00,85.11,93.99,91.00,4800,440508.00,3
BSE,MTNL,INE153A01019,B,26.55,27.20,26.30,27.04,26.83,132824,3531668.00,733
BSE,MTPL,INE245H01018,XT,19.16,19.17,19.16,19.17,18.80,93132,1784433.00,61
BSE,MUFIN,INE08KJ01020,B,125.20,126.25,122.20,124.40,125.50,40782,5062336.00,262
BSE,MUFTI,INE220Q01020,B,83.76,84.79,81.98,82.81,83.09,1505,125554.00,40
BSE,MUKANDLTD,INE304A01026,B,138.05,139.50,136.10,138.60,139.15,3629,501099.00,132
BSE,MUKATPIP,INE862C01029,XT,17.13,17.13,17.10,17.10,17.13,276,4720.00,5
BSE,MUKESHB,INE596B01017,X,130.95,135.90,130.00,134.65,130.00,311,41009.00,12
BSE,MUKKA,INE0CG401037,B,23.48,23.48,22.60,22.93,22.71,2877,65908.00,74
BSE,MUKTA,INE160O01031,X,2.75,3.20,2.75,2.76,2.75,8235,24488.00,16
BSE,MUL,INE150D01027,X,8.19,8.19,7.57,7.89,7.89,35471,276912.00,78
BSE,MULTIBASE,INE678F01014,X,175.20,180.40,172.00,174.55,180.95,6921,1220814.00,183
BSE,MUNJALAU,INE672B01032,B,99.40,100.49,98.15,99.93,101.23,12642,1251507.00,227
BSE,MUNJALSHOW,INE577A01027,B,136.10,136.35,134.10,136.35,135.90,689,92941.00,31
BSE,MUNOTHFI,INE348D01019,XT,42.20,43.04,42.20,43.04,42.20,6,257.00,3
BSE,MURUDCERA,INE692B01014,B,30.30,31.99,30.30,31.20,30.77,64219,2008618.00,99
BSE,MUTHOOTCAP,INE296G01013,B,220.55,220.55,213.30,213.40,214.70,663,142845.00,42
BSE,MUTHOOTFIN,INE414G01012,A,2985.00,2999.50,2925.10,2986.10,3009.95,29821,88178615.00,3566
BSE,MUTHOOTMF,INE046W01019,B,241.35,251.75,238.60,250.45,241.35,22822,5570283.00,550
BSE,MVGJL,INE0KNT01012,B,155.25,157.00,153.05,155.15,155.00,2048,317557.00,165
BSE,MWL,INE0JYY01029,B,35.75,36.20,34.50,35.95,35.75,6725,235613.00,51
BSE,MYMONEY,INE232L01018,X,36.00,37.99,34.48,37.44,38.25,341,12594.00,16
BSE,MYSORPETRO,INE741A01011,X,99.99,99.99,94.05,98.90,97.99,521,50417.00,29
BSE,MYSTICELE,INE159O01033,X,3.35,3.54,3.25,3.50,3.33,15916,55497.00,31
BSE,NACLIND,INE295D01020,B,189.65,198.85,186.80,197.10,192.85,103568,19888576.00,1160
BSE,NAGPI,INE099E01016,X,150.20,154.15,148.60,149.95,157.20,3676,557681.00,69
BSE,NAGREEKCAP,INE245I01016,T,21.61,22.79,21.61,22.70,22.65,456,10120.00,9
BSE,NAGREEKEXP,INE123B01028,B,22.50,24.42,22.00,23.25,23.09,2057,47287.00,38
BSE,NAGTECH,INE793H01017,XT,43.59,45.54,41.90,45.54,43.38,4996,222434.00,28
BSE,NAHARCAP,INE049I01012,B,245.25,251.45,241.85,243.20,251.90,222,54346.00,19
BSE,NAHARINDUS,INE289A01011,B,115.10,117.65,114.55,116.05,116.05,2730,314936.00,68
BSE,NAHARPOLY,INE308A01027,B,273.00,278.00,266.05,271.65,272.85,2832,767153.00,112
BSE,NAHARSPING,INE290A01027,T,266.00,278.00,266.00,278.00,273.00,708,192094.00,15
BSE,NAKSH,INE256S01012,Z,3.86,3.86,3.79,3.79,3.86,1967,7455.00,10
BSE,NAM,INE792G01011,X,92.50,92.50,92.50,92.50,93.42,1,92.00,1
BSE,NAM-INDIA,INE298J01013,A,1104.55,1118.95,1079.75,1112.65,1105.90,25350,27901469.00,1883
BSE,NANTA,INE0YJA01011,MT,469.05,511.95,467.60,489.80,492.20,15600,7322280.00,26
BSE,NAPEROL,INE585A01020,X,640.00,650.00,640.00,642.00,643.25,299,192498.00,22
BSE,NAPL,INE223R01014,X,175.80,194.30,175.80,190.35,185.05,78242,14119599.00,530
BSE,NAPSGLOBAL,INE0VNH01014,M,38.00,38.00,37.33,37.33,35.65,6400,241056.00,4
BSE,NARMADA,INE117Z01011,B,35.00,36.11,34.41,35.00,35.18,35594,1252462.00,251
BSE,NARMP,INE060D01028,XT,20.00,20.54,19.65,19.73,19.89,11177,221508.00,52
BSE,NARPROP,INE603F01012,X,38.75,38.75,37.00,37.00,39.00,295,10945.00,11
BSE,NATCAPSUQ,INE936B01015,B,155.00,155.00,145.00,145.15,149.65,2297,340182.00,25
BSE,NATCOPHARM,INE987B01026,A,920.00,926.90,911.70,920.80,918.85,42015,38615522.00,3000
BSE,NATFIT,INE643C01015,X,156.95,159.40,153.00,154.10,156.95,2609,408611.00,30
BSE,NATGENI,INE654H01011,X,63.00,63.56,57.64,57.84,60.56,251,14623.00,8
BSE,NATHBIOGEN,INE448G01010,B,155.30,162.70,155.30,159.75,154.55,1208,193606.00,40
BSE,NATHIND,INE777A01023,X,46.12,47.60,46.12,47.52,48.98,554,26156.00,10
BSE,NATHUEC,INE487B01019,XT,27.55,28.02,27.55,28.02,29.00,1838,50666.00,6
BSE,NATIONALUM,INE139A01034,A,341.35,344.90,339.60,343.95,346.20,125046,42798973.00,3238
BSE,NATIONSTD,INE166R01015,B,322.65,322.65,322.65,322.65,339.60,118,38072.00,16
BSE,NATPLAS,INE233D01013,X,41.98,41.98,41.00,41.90,41.04,453,18889.00,16
BSE,NATPLASTI,INE896D01017,X,214.80,235.00,214.80,223.90,212.40,1071,245951.00,38
BSE,NATPLY,INE497C01016,Z,2.57,2.57,2.57,2.57,2.52,4083,10493.00,2
BSE,NATURAL,INE06MM01016,X,3.72,3.72,3.43,3.64,3.58,8640,30749.00,55
BSE,NAUKRI,INE663F01032,A,1164.55,1176.35,1147.10,1165.10,1170.65,46529,54016646.00,3799
BSE,NAVA,INE725A01030,A,555.35,562.55,547.05,554.60,555.85,24864,13733307.00,1050
BSE,NAVINFLUOR,INE048G01026,A,7685.05,7692.70,7507.00,7525.25,7678.50,5288,40052120.00,939
BSE,NAVKARCORP,INE278M01019,B,99.85,102.35,99.30,101.95,100.75,26083,2640537.00,353
BSE,NAVKARURB,INE268H01044,T,1.04,1.09,1.04,1.05,1.09,32811,34174.00,32
BSE,NAVNETEDUL,INE060A01024,B,140.25,144.65,139.80,143.95,140.55,1763,250970.00,45
BSE,NAZARA,INE418L01047,A,304.40,304.40,295.50,302.40,304.35,41343,12390416.00,1560
BSE,NBCC,INE095N01031,A,92.30,94.10,91.35,93.85,93.15,486213,45017349.00,4303
BSE,NBFOOT,INE006F01018,P,7.40,7.40,6.70,6.70,7.05,5600,40667.00,8
BSE,NBL,INE0GOA01018,TS,132.80,132.80,132.80,132.80,139.75,2400,318720.00,2
BSE,NCC,INE868B01028,A,135.00,137.75,134.05,136.95,136.40,116491,15836525.00,1744
BSE,NCLIND,INE732C01016,B,184.05,185.00,182.80,184.35,184.05,1597,293771.00,53
BSE,NCLRESE,INE132F01038,XT,0.82,0.86,0.80,0.85,0.82,17196209,14512697.00,2779
BSE,NDASEC,INE026C01013,X,31.90,31.95,30.01,30.90,32.00,8678,269871.00,17
BSE,NDL,INE875G01048,B,2.31,2.35,2.27,2.30,2.31,172770,398302.00,144
BSE,NDLVENTURE,INE353A01023,B,126.15,127.05,124.35,125.80,127.00,219,27565.00,10
BSE,NDRAUTO,INE07OG01012,B,822.85,910.95,785.10,814.10,818.95,4394,3631431.00,539
BSE,NDTV,INE155G01029,B,75.61,76.92,74.85,76.68,75.67,8397,637090.00,84
BSE,NEAGI,INE605D01012,B,3050.55,3090.00,3050.50,3085.00,3050.50,9,27721.00,8
BSE,NECCLTD,INE553C01016,T,15.20,15.74,15.00,15.68,15.12,1902,28903.00,12
BSE,NECLIFE,INE023H01027,T,10.48,10.48,10.04,10.30,10.48,18208,186898.00,71
BSE,NEELKAN,INE741D01015,Z,45.19,45.22,45.19,45.19,44.34,3492,157839.00,8
BSE,NEETUYOSHI,INE0UZO01024,MT,165.50,170.60,158.00,169.35,166.00,71200,11602480.00,82
BSE,NEIL,INE396C01010,X,6.00,6.10,6.00,6.10,6.07,9130,55033.00,26
BSE,NELCAST,INE189I01024,B,130.15,134.90,130.15,134.65,133.50,10285,1367169.00,170
BSE,NELCO,INE045B01015,B,935.05,944.05,915.70,934.20,933.65,9059,8409198.00,403
BSE,NEOGEN,INE136S01016,B,2096.65,2105.40,2030.80,2063.35,2086.90,2074,4281711.00,377
BSE,NEOINFRA,INE216I01017,X,49.89,49.89,40.00,43.55,44.70,881,36991.00,45
BSE,NEPHROPLUS,INE428V01029,B,678.50,686.00,670.65,673.45,678.05,12741,8622827.00,702
BSE,NEPLOG,INE1NQ501012,MT,36.45,36.50,36.45,36.50,36.50,3000,109450.00,3
BSE,NESCO,INE317F01035,A,1050.00,1057.30,1037.00,1055.05,1048.70,2823,2968125.00,234
BSE,NESTLEIND,INE239A01024,A,1425.85,1467.70,1425.85,1443.70,1449.70,81243,117945489.00,4570
BSE,NETLINK,INE040F01033,X,168.80,178.00,168.05,172.00,179.50,96,16727.00,11
BSE,NETTLINX,INE027D01019,X,15.23,15.50,15.00,15.06,14.95,9928,150136.00,38
BSE,NETWEB,INE0NT901020,A,4214.95,4223.55,4114.90,4154.85,4244.05,43406,180515110.00,5108
BSE,NETWORK18,INE870H01013,A,28.20,28.74,27.80,28.62,28.09,290696,8216568.00,900
BSE,NEULANDLAB,INE794A01010,A,18245.10,18651.40,18240.00,18570.85,18427.70,424,7813931.00,145
BSE,NEWGEN,INE619B01017,A,503.00,511.85,497.05,505.65,510.35,78974,39758158.00,2059
BSE,NEWINFRA,INE997D01021,X,1.96,1.97,1.92,1.94,1.96,56617,109900.00,118
BSE,NEWLIGHT,INE835U01027,X,1.41,1.65,1.28,1.41,1.42,913357,1361142.00,158
BSE,NEWTRAC,INE229N01010,X,3.21,3.40,3.04,3.27,3.21,31373,100131.00,118
BSE,NEXOME,INE641A01013,XT,123.90,123.90,116.55,119.85,120.95,348,41549.00,24
BSE,NEXTMEDIA,INE747B01016,B,3.99,4.23,3.67,3.78,3.61,4142,16281.00,16
BSE,NEXUSSURGL,INE370Q01015,X,20.00,20.00,17.00,19.15,19.28,1726,32034.00,50
BSE,NFL,INE870D01012,B,69.80,70.50,69.13,70.18,70.05,50697,3537240.00,318
BSE,NGIL,INE236Y01012,T,38.75,38.75,38.00,38.00,40.00,1000,38382.00,12
BSE,NGIND,INE825C01018,X,133.75,133.75,111.00,112.95,113.40,725,82251.00,33
BSE,NGLFINE,INE887E01022,B,3175.70,3195.30,3124.35,3194.85,3216.65,120,380418.00,24
BSE,NH,INE410P01011,A,1989.45,1989.45,1953.80,1962.15,1979.70,4294,8445881.00,575
BSE,NHCFOODS,INE141C01036,XT,1.06,1.06,1.00,1.02,1.04,834030,852786.00,357
BSE,NHPC,INE848E01016,A,79.12,79.94,78.77,79.40,80.26,417135,33126453.00,3449
BSE,NIACL,INE470Y01017,A,172.40,175.80,169.30,173.20,173.30,56451,9678464.00,921
BSE,NIBE,INE149O01018,B,1480.00,1515.00,1475.00,1501.70,1507.65,4284,6396254.00,391
BSE,NIBL,INE047O01014,B,34.38,38.02,34.38,36.50,35.08,8501,313808.00,349
BSE,NICCOPAR,INE653C01022,X,71.01,71.71,70.75,71.09,73.23,1175,83410.00,31
BSE,NIDHGRN,INE276H01013,XT,336.35,337.95,321.10,325.85,338.00,99,32065.00,14
BSE,NIHARINF,INE876E01033,X,5.99,5.99,5.91,5.99,6.00,400,2395.00,7
BSE,NIITLTD,INE161A01038,B,91.75,97.70,90.00,94.55,92.45,55648,5206832.00,476
BSE,NIITMTS,INE342G01023,B,228.05,235.00,225.15,233.10,232.20,8649,1975598.00,363
BSE,NIKHILAD,INE926C01022,X,73.99,74.99,72.10,72.58,74.55,6721,489825.00,924
BSE,NIKKIGL,INE526C01012,X,17.57,17.90,17.57,17.57,17.55,578,10159.00,6
BSE,NILACHAL,INE416N01013,X,38.83,38.83,38.45,38.45,38.45,530,20579.00,4
BSE,NILAINFRA,INE937C01029,B,7.80,7.80,7.20,7.30,7.43,17171,125370.00,88
BSE,NILASPACES,INE00S901012,B,11.62,11.98,11.62,11.89,11.78,49121,578754.00,179
BSE,NILE,INE445D01013,B,1796.00,1811.55,1754.55,1795.25,1802.05,1306,2341750.00,182
BSE,NILKAMAL,INE310A01015,B,1632.00,1700.00,1615.00,1677.55,1646.80,4995,8291923.00,437
BSE,NINSYS,INE395U01014,T,852.55,900.00,850.00,883.00,869.95,79,69356.00,24
BSE,NIPPOBATRY,INE567A01028,B,327.00,332.00,322.75,331.00,327.85,236,76993.00,49
BSE,NIRAJ,INE368I01016,T,29.89,29.89,28.10,28.39,29.14,3022,85754.00,19
BSE,NIRAVCOM,INE242B01018,X,808.95,808.95,808.95,808.95,772.90,1,808.00,1
BSE,NIRLON,INE910A01012,B,629.40,629.40,615.00,625.10,617.05,232,144537.00,23
BSE,NISUS,INE0DQN01013,M,194.00,194.00,189.00,193.00,194.20,12000,2301320.00,24
BSE,NITCO,INE858F01012,B,100.50,105.00,100.00,104.10,103.25,48009,4883686.00,443
BSE,NITINCAST,INE861H01020,X,549.00,554.50,549.00,550.85,551.05,42,23102.00,9
BSE,NITINSPIN,INE229H01012,B,528.00,537.25,520.30,536.50,528.70,710,374757.00,51
BSE,NITTAGELA,INE265B01019,B,1881.00,1917.50,1859.30,1910.20,1937.85,1263,2392116.00,193
BSE,NIVABUPA,INE995S01015,A,84.22,86.98,84.14,86.62,84.83,80132,6874401.00,836
BSE,NIVAKA,INE139E01028,X,0.49,0.49,0.47,0.47,0.49,370331,175703.00,98
BSE,NIYOGIN,INE480D01010,X,43.14,43.14,41.25,42.01,42.08,36326,1512081.00,103
BSE,NKIND,INE542C01019,B,54.64,60.00,54.64,57.75,54.64,179,9805.00,22
BSE,NLCINDIA,INE589A01014,A,287.10,294.00,280.80,292.95,291.05,144137,41464984.00,2621
BSE,NLFL,INE606C01012,X,38.13,40.25,38.13,39.00,39.32,2730,106805.00,22
BSE,NMDC,INE584A01023,A,83.01,83.65,81.80,83.57,82.62,728915,60231211.00,3139
BSE,NMSGLOBAL,INE169F01014,X,66.65,70.80,65.00,69.98,67.66,47233,3289000.00,290
BSE,NOBPOL,INE203Q01026,XT,6.97,6.97,6.97,6.97,6.84,19798,137992.00,10
BSE,NOCIL,INE163A01018,B,161.80,162.20,158.80,160.15,162.25,22243,3555642.00,524
BSE,NOIDATOLL,INE781B01015,T,4.37,4.40,4.26,4.37,4.35,8067,34907.00,44
BSE,NOL,INE296D01010,X,56.90,56.90,52.75,54.20,55.66,1582,86561.00,34
BSE,NORBTEAEXP,INE369C01017,B,72.10,72.10,69.40,69.40,68.67,3,210.00,3
BSE,NORRIS,INE744C01029,X,15.50,16.75,15.21,16.00,15.96,726,11931.00,12
BSE,NORTHARC,INE850M01015,A,293.35,301.15,291.65,299.30,297.80,18501,5496532.00,359
BSE,NOUVEAU,INE317B01042,X,0.29,0.29,0.28,0.28,0.29,163573,46233.00,42
BSE,NOVAAGRI,INE02H701025,T,22.50,23.15,22.30,23.14,22.80,9567,216432.00,60
BSE,NOVARTIND,INE234A01025,B,1670.05,1726.95,1614.30,1647.25,1668.95,4012,6725407.00,506
BSE,NOVELIX,INE314I01036,XT,70.00,70.00,68.00,69.99,70.65,277,19379.00,9
BSE,NOVIS,INE608C01026,X,11.92,12.79,11.92,12.39,12.33,3090,38722.00,24
BSE,NOVUS,INE1TFS01019,M,127.00,127.00,127.00,127.00,127.00,14000,1778000.00,13
BSE,NPL,INE0PO601011,XT,551.20,570.00,551.20,562.85,578.90,381,213696.00,25
BSE,NPRFIN,INE446D01011,X,21.25,21.25,20.31,20.50,21.25,778,16331.00,10
BSE,NPST,INE0FFK01017,B,1523.20,1540.00,1502.00,1526.75,1529.60,1561,2375757.00,140
BSE,NRAIL,INE740D01017,B,499.00,531.20,497.10,509.90,487.65,4110,2104602.00,338
BSE,NRBBEARING,INE349A01021,B,387.35,399.00,381.75,397.40,393.10,14636,5686967.00,435
BSE,NSDL,INE301O01023,A,810.60,813.05,809.00,810.05,815.00,555429,450123670.00,18900
BSE,NSIL,INE023A01030,B,5477.20,5510.00,5454.05,5497.30,5526.25,27,148003.00,13
BSE,NSL,INE01BL01012,B,133.25,134.75,131.55,133.25,133.30,2324,307645.00,112
BSE,NSLNISP,INE0NNS01018,A,41.50,41.70,40.68,41.40,41.69,356997,14679695.00,1985
BSE,NTCIND,INE920C01017,X,130.95,132.90,128.95,131.20,128.95,3518,460305.00,78
BSE,NTPC,INE733E01010,A,347.10,350.20,345.05,347.15,348.75,694878,241856536.00,10026
BSE,NTPCGREEN,INE0ONG01011,A,97.00,98.20,94.97,96.29,97.21,728929,70518762.00,5220
BSE,NUCLEUS,INE096B01018,B,726.60,739.20,718.00,723.00,728.05,1628,1182704.00,141
BSE,NUKLEUS,INE0VYX01018,M,200.00,210.00,200.00,210.00,218.90,1200,246000.00,2
BSE,NURECA,INE0DSF01015,B,298.25,306.00,291.80,300.75,296.65,2234,666006.00,257
BSE,NUVAMA,INE531F01023,A,1930.60,2067.00,1918.95,1979.80,1947.20,269515,541788371.00,16910
BSE,NUVOCO,INE118D01016,A,358.40,360.70,351.10,355.70,361.80,34719,12366655.00,523
BSE,NVENTURES,INE0E5R01017,M,74.80,74.80,74.80,74.80,73.80,1500,112200.00,1
BSE,NWIL,INE882B01037,X,25.29,25.29,24.10,24.24,25.03,168432,4107330.00,692
BSE,NXST,INE0NDH25011,IF,166.20,166.83,165.74,166.27,165.91,3602,598502.00,186
BSE,NYKAA,INE388Y01029,A,322.60,323.65,317.25,322.80,324.90,114442,36616294.00,2162
BSE,NYSSACORP,INE812K01027,X,2.19,2.33,2.17,2.19,2.21,32637,73418.00,71
BSE,OAL,INE959C01023,B,348.55,377.00,345.25,371.80,350.55,1129,416834.00,128
BSE,OASISEC,INE876A01023,XT,11.41,11.41,10.80,10.91,11.36,151962,1645045.00,34
BSE,OBEROIRLTY,INE093I01010,A,1810.30,1828.05,1785.05,1820.10,1819.35,10606,19103890.00,1136
BSE,OCCLLTD,INE0PK601023,T,142.65,145.90,137.00,145.00,140.35,12175,1736434.00,124
BSE,OCEANIC,INE711V01010,X,53.50,53.50,50.00,51.27,53.00,7040,357269.00,64
BSE,OCTAL,INE513C01010,X,21.60,21.61,21.60,21.60,20.59,1289,27842.00,9
BSE,OCTAVE,INE814L01013,X,3.90,3.94,3.71,3.93,3.90,1097,4192.00,16
BSE,ODIGMA,INE054301028,T,22.30,22.84,22.02,22.40,22.29,1742,39681.00,40
BSE,ODYCORP,INE839E01023,X,6.23,6.23,5.94,6.12,6.01,14961,90863.00,93
BSE,ODYSSEY,INE213B01019,X,41.94,41.94,39.37,41.41,41.35,4942,201054.00,58
BSE,OFSS,INE881D01027,A,10682.50,10924.00,10552.55,10660.40,10832.30,37411,400512947.00,12346
BSE,OIL,INE274J01014,A,461.50,465.25,449.15,450.00,458.70,299602,135447299.00,2064
BSE,OILCOUNTUB,INE591A01010,T,61.77,61.77,58.70,59.48,58.83,3617,221731.00,26
BSE,OIVL,INE125F01032,XT,6.23,6.23,5.85,5.97,6.14,24299,145672.00,64
BSE,OKPLA,INE870B01024,XT,4.09,4.09,3.83,3.87,3.96,113370,440873.00,178
BSE,OLAELEC,INE0LXG01040,A,37.48,37.54,36.30,37.07,37.00,2731354,100421124.00,6119
BSE,OLATECH,INE0M3901015,M,58.00,59.00,58.00,58.01,60.00,19425,1131571.00,17
BSE,OLECTRA,INE260D01016,A,1305.00,1343.85,1298.00,1334.25,1318.80,16785,22039336.00,973
BSE,OLPCL,INE550L01013,X,3.00,3.00,2.95,2.95,3.08,320,956.00,8
BSE,OLYMPTX,INE482O01021,X,28.00,30.69,28.00,29.39,28.60,40,1179.00,12
BSE,OMAXAUTO,INE090B01011,T,224.00,232.05,218.15,228.60,223.20,3651,822441.00,79
BSE,OMAXE,INE800H01010,B,86.27,88.64,85.51,87.24,86.91,5657,494276.00,89
BSE,OMEAG,INE112B01013,X,9.40,9.40,9.40,9.40,9.40,133,1250.00,6
BSE,OMEGAIN,INE113B01037,X,52.59,52.60,48.00,52.60,50.10,1206859,63313122.00,3843
BSE,OMFREIGHT,INE1BZC01019,T,92.20,93.00,92.20,93.00,92.00,340,31582.00,5
BSE,OMINFRAL,INE239D01028,B,88.47,88.47,86.29,86.98,87.84,3889,337750.00,167
BSE,OML,INE0R8Q01018,MT,28.72,30.20,28.72,30.18,30.23,24000,699600.00,15
BSE,OMNI,INE0UH301010,B,581.90,628.15,581.90,610.00,591.85,73575,44704980.00,2964
BSE,OMNIAX,INE369B01019,X,3.01,3.01,3.01,3.01,3.00,1522,4581.00,6
BSE,OMNIPOTENT,INE0JFE01012,M,2.45,2.45,2.45,2.45,2.45,2000,4900.00,1
BSE,OMNITEX,INE814D01010,XT,740.00,740.00,740.00,740.00,755.00,10,7400.00,1
BSE,OMPOWER,INE25E901019,B,168.90,169.50,165.15,169.30,165.55,10021,1676885.00,225
BSE,ONEGLOBAL,INE670O01013,X,586.05,593.95,581.00,589.60,594.60,5209,3058323.00,318
BSE,ONELIFECAP,INE912L01015,T,36.55,37.15,36.50,37.09,37.39,9148,336501.00,24
BSE,ONEPOINT,INE840Y01029,B,53.58,54.50,53.12,53.72,54.25,29304,1583910.00,193
BSE,ONESOURCE,INE013P01021,A,1644.00,1658.00,1631.95,1653.40,1653.80,1495,2458696.00,177
BSE,ONGC,INE213A01029,A,253.40,253.55,248.20,248.75,252.35,525514,131443167.00,13112
BSE,ONIDA,INE831A01028,T,38.76,38.76,36.51,38.12,38.09,23833,886232.00,110
BSE,ONIXSOLAR,INE173M01012,X,629.00,633.75,618.00,623.85,621.35,26113,16350311.00,261
BSE,ONMOBILE,INE809I01019,T,57.95,61.62,57.95,60.30,58.70,3126,188192.00,45
BSE,ONTIC,INE989S01042,XT,2.11,2.12,1.95,2.02,2.05,188699,381741.00,157
BSE,ONWARDTEC,INE229A01017,B,290.45,293.60,288.00,290.50,292.00,8555,2482220.00,174
BSE,OONE,INE860E01011,X,6.80,6.80,6.80,6.80,6.80,16,108.00,3
BSE,OPTIEMUS,INE350C01017,B,603.50,609.00,591.55,600.55,615.85,14944,8960251.00,629
BSE,OPTIFIN,INE031G01022,X,11.65,12.39,11.00,12.19,11.61,189728,2256374.00,218
BSE,ORBTEXP,INE231G01010,T,245.90,245.90,237.55,243.10,234.70,2333,561416.00,32
BSE,ORCHASP,INE215B01022,B,1.67,1.77,1.48,1.58,1.72,1063800,1620283.00,861
BSE,ORCHPHARMA,INE191A01027,B,952.55,997.35,952.05,987.90,963.00,3260,3162128.00,273
BSE,ORGANICREC,INE0MIO01019,M,229.10,230.00,229.00,229.00,229.05,27000,6189570.00,41
BSE,ORGCOAT,INE412E01011,X,20.00,20.00,19.00,19.81,19.70,1411,27910.00,24
BSE,ORIBEVER,INE247F01018,X,178.40,185.00,173.00,183.55,178.40,592,105792.00,33
BSE,ORICONENT,INE730A01022,B,51.50,55.32,51.50,54.45,53.96,536,29043.00,48
BSE,ORIENTALTL,INE998H01012,B,5.31,5.45,5.22,5.36,5.33,9856,52376.00,50
BSE,ORIENTBELL,INE607D01018,B,312.00,322.00,310.00,318.80,317.00,492,156079.00,54
BSE,ORIENTCEM,INE876N01018,B,131.10,134.75,130.75,133.45,134.40,21677,2855311.00,362
BSE,ORIENTCER,INE569C01020,B,38.90,40.80,38.90,40.29,40.60,8663,343707.00,66
BSE,ORIENTELEC,INE142Z01019,B,175.50,177.30,170.00,170.95,174.35,66942,11663747.00,880
BSE,ORIENTHOT,INE750A01020,B,128.05,137.00,125.65,134.65,127.50,61175,8044981.00,759
BSE,ORIENTLTD,INE609C01024,B,78.73,89.02,74.00,89.02,74.19,8517,707722.00,188
BSE,ORIENTPPR,INE592A01026,B,17.11,17.83,17.11,17.70,17.97,42418,732744.00,130
BSE,ORIENTTECH,INE0PPK01015,B,257.00,259.95,253.25,259.05,257.10,11236,2887517.00,258
BSE,ORIENTTR,INE681D01039,X,5.83,5.95,5.79,5.80,5.69,48493,285144.00,90
BSE,ORIRAIL,INE457G01029,X,108.00,111.00,105.35,109.50,108.00,43905,4758265.00,560
BSE,ORISSAMINE,INE725E01024,B,3592.05,3787.30,3580.00,3736.70,3657.95,370,1359393.00,122
BSE,ORKLAINDIA,INE16NZ01023,B,557.30,561.20,553.75,558.40,559.55,1825,1015872.00,222
BSE,OROSMITHS,INE628B01034,XT,6.51,6.75,6.50,6.72,6.51,84960,566190.00,159
BSE,ORTEL,INE849L01019,Z,1.80,1.80,1.80,1.80,1.74,3000,5400.00,2
BSE,ORTINGLOBE,INE749B01020,T,15.65,15.65,14.25,14.36,15.00,1156,16605.00,130
BSE,OSIAJEE,INE186R01013,X,317.00,319.00,290.00,296.95,318.95,8609,2591917.00,182
BSE,OSWALAGRO,INE142A01012,T,37.99,37.99,37.00,37.23,37.80,5746,216670.00,31
BSE,OSWALGREEN,INE143A01010,B,20.80,21.00,20.56,20.78,20.80,5941,123573.00,63
BSE,OSWALPUMPS,INE0BYP01024,B,339.35,360.85,335.25,358.80,339.35,65476,22768755.00,1975
BSE,OTCO,INE910B01028,XT,9.80,9.80,9.70,9.76,9.71,400,3897.00,4
BSE,OVOBELE,INE812S01012,XT,191.15,195.00,191.00,191.05,191.15,4190,801677.00,61
BSE,OXFORDIN,INE114D01015,XT,6.86,6.86,6.86,6.86,7.22,3592,24641.00,22
BSE,OXYGENTAPH,INE102E01018,X,49.00,51.35,48.50,50.91,48.25,17028,855364.00,73
BSE,PACE,INE0N1L01018,MT,14.10,14.10,13.85,13.85,14.10,2400,33540.00,2
BSE,PACEDIGITK,INE0S3G01027,B,196.35,196.95,191.45,194.80,197.10,42947,8335371.00,712
BSE,PACIFICI,INE883C01025,X,135.00,135.00,126.00,132.10,129.75,272,34887.00,11
BSE,PADAMCO,INE448D01025,X,0.95,0.96,0.93,0.95,0.96,525446,496787.00,398
BSE,PADMAIND,INE743D01011,XT,8.16,8.56,7.76,8.55,8.16,1006,8059.00,13
BSE,PADMALAYAT,INE243B01016,Z,3.72,4.06,3.70,4.03,3.87,1541,5746.00,13
BSE,PAGEIND,INE761H01022,A,39630.45,40495.00,39630.45,40289.85,40292.90,13687,552861724.00,328
BSE,PAISALO,INE420C01059,A,71.30,73.79,69.75,70.19,72.58,895606,64813138.00,3605
BSE,PAJSON,INE14LM01012,M,180.50,185.00,180.00,180.00,180.50,3000,546600.00,5
BSE,PAKKA,INE551D01018,B,71.20,72.00,70.25,71.75,71.33,1810,128843.00,93
BSE,PALASHSECU,INE471W01019,B,89.00,89.00,89.00,89.00,89.00,202,17978.00,95
BSE,PALCO,INE239L01013,X,146.95,146.95,136.45,137.05,142.50,990,138377.00,24
BSE,PALMJEWELS,INE838Z01012,X,14.75,15.20,14.75,14.90,14.92,3768,56724.00,16
BSE,PANABYTE,INE516E01019,X,16.91,17.95,16.79,16.94,17.53,16583,281814.00,63
BSE,PANACEABIO,INE922B01023,B,440.00,447.90,433.00,440.65,446.80,9782,4301210.00,313
BSE,PANAENERG,INE795A01017,X,250.00,251.80,242.00,246.00,246.15,1926,472277.00,113
BSE,PANAFIC,INE655P01029,XT,1.83,1.83,1.83,1.83,1.80,6432146,11770827.00,258
BSE,PANAMAPET,INE305C01029,B,502.95,519.15,490.85,498.10,501.55,65608,33054499.00,2108
BSE,PANCARBON,INE013E01017,X,462.85,462.90,457.10,458.65,460.55,1073,492628.00,62
BSE,PANCHMAHQ,INE798F01010,X,284.45,284.90,271.05,271.05,273.25,37,10366.00,4
BSE,PANCHSHEEL,INE316G01019,X,113.00,117.95,113.00,117.95,117.00,74,8629.00,17
BSE,PANCM,INE167E01037,XT,115.00,115.00,114.88,114.88,109.90,14,1609.00,4
BSE,PANELEC,INE648E01010,X,23.50,26.73,23.50,26.49,24.54,50,1313.00,7
BSE,PANIDPR,INE181D01014,XT,89.00,91.00,89.00,91.00,90.00,300,26900.00,2
BSE,PANINDIAC,INE376A01032,X,1.66,1.70,1.63,1.65,1.66,28108,46423.00,81
BSE,PANJON,INE744D01019,X,18.00,18.25,17.71,18.05,18.05,742,13333.00,15
BSE,PANKAJPO,INE698B01011,X,85.50,90.72,85.50,90.72,86.40,30159,2719772.00,139
BSE,PANORAMA,INE258R01028,B,51.00,51.00,48.01,48.60,50.84,142971,7100857.00,315
BSE,PANTH,INE945O01019,XT,10.31,11.08,10.31,10.48,10.59,8187,84799.00,52
BSE,PAOS,INE791C01012,XT,47.50,47.50,47.50,47.50,45.45,3,142.00,1
BSE,PARACABLES,INE074B01023,B,61.00,62.16,59.60,61.61,62.18,119359,7290644.00,978
BSE,PARADEEP,INE088F01024,A,135.90,136.85,132.90,136.00,136.15,117920,15864177.00,802
BSE,PARAGMILK,INE883N01014,A,215.95,215.95,210.85,214.45,215.15,12926,2756670.00,267
BSE,PARAS,INE045601023,A,1188.90,1204.50,1154.30,1195.80,1197.30,38907,45933090.00,1876
BSE,PARASPETRO,INE162C01024,B,2.05,2.05,1.97,2.00,1.99,9417,18849.00,39
BSE,PARKERAC,INE750B01010,X,14.54,14.54,14.54,14.54,13.85,5,72.00,2
BSE,PARKHOSPS,INE119201023,B,280.05,282.80,276.30,279.55,283.80,20286,5662716.00,546
BSE,PARKHOTELS,INE988S01028,B,121.75,123.30,120.35,122.60,123.35,7085,859436.00,148
BSE,PARLEIND,INE272G01014,XT,7.35,7.35,7.35,7.35,7.49,22119,162574.00,129
BSE,PARMAX,INE240T01014,XT,102.83,102.83,102.83,102.83,104.92,2060,211829.00,12
BSE,PARMCOS-B,INE143I01013,X,35.30,35.30,33.80,34.79,34.00,172,5925.00,11
BSE,PARMESHWAR,INE0QQJ01021,MT,185.75,189.00,185.75,189.00,180.00,9000,1692650.00,9
BSE,PARMSILK,INE808R01012,XT,269.60,297.90,269.60,297.90,283.75,7059,1916308.00,91
BSE,PARNAXLAB,INE383L01019,X,141.00,141.50,137.05,140.05,141.80,1156,161953.00,23
BSE,PARSHWANA,INE635I01018,X,74.99,74.99,74.85,74.85,74.68,47,3518.00,3
BSE,PARSVNATH,INE561H01026,T,1.94,1.94,1.94,1.94,1.97,62801,121833.00,71
BSE,PARVATI,INE295Z01015,X,6.73,6.73,6.50,6.52,6.60,306161,1996486.00,48
BSE,PASARI,INE604F01010,X,6.90,6.91,6.90,6.91,6.96,11,76.00,2
BSE,PASHUPATI,INE124Y01028,B,88.64,88.64,86.50,87.39,87.10,3762,328842.00,384
BSE,PASUPTAC,INE818B01023,T,57.80,58.90,56.31,58.49,57.90,6716,384585.00,67
BSE,PASUSPG,INE909B01020,X,36.00,36.00,36.00,36.00,35.03,2,72.00,1
BSE,PATANJALI,INE619A01035,A,337.00,342.75,330.65,341.00,337.35,999570,337218093.00,601290
BSE,PATELCHEM,INE161701011,MT,91.15,91.50,90.05,91.05,91.00,22400,2039040.00,13
BSE,PATELENG,INE244B01030,A,27.76,28.79,27.67,28.04,28.08,477571,13418227.00,1626
BSE,PATELRMART,INE0R8B01010,B,222.00,225.00,217.75,221.10,220.90,2869,636037.00,104
BSE,PATELSAI,INE082C01024,XT,333.30,334.95,322.15,328.30,331.65,1700,559130.00,67
BSE,PATINTLOG,INE529D01014,T,14.25,14.25,13.75,13.87,14.44,18104,250872.00,45
BSE,PATRON,INE0NPA01011,MT,2.09,2.09,2.06,2.06,2.16,92000,189880.00,10
BSE,PATSPINLTD,INE790C01014,X,7.00,7.05,6.52,6.99,6.92,7057,48924.00,11
BSE,PAUSHAKLTD,INE111F01024,B,543.00,570.00,539.80,560.90,545.95,5568,3056567.00,476
BSE,PAVNAIND,INE07S101038,B,15.96,16.44,15.90,16.27,15.96,1724,27936.00,38
BSE,PAYTM,INE982J01020,A,1254.80,1296.00,1236.20,1284.00,1256.70,178748,226593886.00,7176
BSE,PBAINFRA,INE160H01019,XT,12.99,12.99,12.04,12.10,12.67,2273,27759.00,16
BSE,PCBL,INE602A01031,A,319.60,320.00,307.25,317.65,319.00,53511,16878443.00,1204
BSE,PCCOSMA,INE417E01010,X,314.80,314.80,298.00,303.05,313.40,555,167975.00,61
BSE,PCJEWELLER,INE785M01021,A,9.36,9.52,9.15,9.30,9.36,11720311,109599010.00,6417
BSE,PCS,INE834B01012,X,22.75,22.75,18.80,19.45,19.06,2085,40761.00,38
BSE,PDMJEPAPER,INE865T01018,B,93.45,95.56,89.51,91.96,93.23,10216,931784.00,157
BSE,PDSL,INE111Q01021,B,355.55,355.55,347.80,351.85,355.40,5330,1871733.00,304
BSE,PEIL,INE429K01012,X,6.49,7.10,6.15,6.49,6.49,10867,70430.00,25
BSE,PENIND,INE932A01024,A,163.90,164.05,160.10,162.75,162.95,14899,2407232.00,194
BSE,PENINLAND,INE138A01028,T,16.11,16.11,16.08,16.08,16.40,4807,77409.00,10
BSE,PERFEPA,INE759I01024,X,71.50,71.50,71.44,71.44,70.40,282,20146.00,8
BSE,PERMAGN,INE418E01018,X,854.35,867.05,825.00,855.75,855.00,3315,2820156.00,140
BSE,PERSISTENT,INE262H01021,A,4990.00,5213.95,4965.00,5203.15,5001.75,51433,263032668.00,9287
BSE,PERVASIVE,INE443P01038,XT,4.92,4.92,4.92,4.92,4.83,111,546.00,1
BSE,PESB,INE510U01018,MT,252.00,260.00,248.00,257.95,254.10,32000,8187360.00,34
BSE,PETRONET,INE347G01014,A,269.55,275.25,268.00,274.75,269.55,103347,28159366.00,3309
BSE,PFC,INE134E01011,A,411.95,414.05,405.25,412.10,409.65,71655,29408176.00,1447
BSE,PFIZER,INE182A01018,A,4610.70,4638.40,4558.05,4617.70,4650.60,1057,4880978.00,215
BSE,PFL,INE0PZB01013,M,30.90,31.55,29.56,31.00,30.12,93000,2872680.00,26
BSE,PFLINFOTC,INE600F01018,X,4.30,4.30,4.30,4.30,4.30,10,43.00,2
BSE,PFOCUS,INE367G01038,B,287.70,292.05,283.40,289.10,286.15,39911,11441682.00,884
BSE,PFS,INE560K01014,B,29.19,29.51,28.96,29.23,29.59,22425,655549.00,272
BSE,PGCRL,INE0GTX01019,M,109.00,109.00,109.00,109.00,104.80,600,65400.00,1
BSE,PGEL,INE457L01029,A,570.35,575.75,560.95,572.00,576.70,82402,46864144.00,2262
BSE,PGFOILQ,INE078D01012,X,174.80,174.80,168.15,171.30,174.75,12225,2090380.00,130
BSE,PGHH,INE179A01014,A,8955.00,8990.00,8908.95,8963.95,8946.55,144,1289017.00,81
BSE,PGHL,INE199A01012,A,6650.55,6744.00,6633.00,6723.60,6703.25,161,1078127.00,75
BSE,PGIL,INE940H01022,A,1937.70,1998.00,1935.00,1974.60,1946.15,4802,9414562.00,597
BSE,PGINVIT,INE0GGX23010,IF,99.71,100.35,99.02,100.29,99.56,172559,17227252.00,795
BSE,PHARMAID,INE117D01018,X,31.85,31.85,30.10,30.59,30.54,2908,89824.00,66
BSE,PHCAP,INE160F01013,XT,1010.00,1035.00,1005.00,1034.90,1021.35,1565,1594023.00,36
BSE,PHOENIXLTD,INE211B01039,A,2026.00,2035.00,1977.60,2012.25,2035.30,42087,84606883.00,2638
BSE,PHOENXINTL,INE245B01011,X,29.58,29.58,28.08,29.49,29.58,389,11478.00,15
BSE,PHOSPHATE,INE398C01016,X,145.00,145.00,145.00,145.00,145.00,10,1450.00,2
BSE,PHRMASI,INE486I01016,X,81.00,89.40,80.90,89.40,85.15,287,23521.00,12
BSE,PHYTO,INE037C01010,X,23.47,23.47,23.47,23.47,23.58,5,117.00,1
BSE,PICCADIL,INE546C01010,B,738.05,740.00,720.60,735.60,735.75,15705,11459653.00,636
BSE,PICCASUG,INE544C01023,X,33.10,34.32,32.79,33.82,33.45,2269,75458.00,45
BSE,PICTUREHS,INE448B01029,X,8.12,8.12,7.53,8.11,8.13,4039,31473.00,18
BSE,PIDILITIND,INE318A01026,A,1559.10,1584.00,1536.65,1570.90,1564.60,130437,203681573.00,3054
BSE,PIGL,INE557Z01018,B,109.20,109.50,102.45,106.50,108.80,7929,831562.00,123
BSE,PIIND,INE603J01030,A,2705.65,2772.00,2703.55,2731.25,2741.40,10621,29190960.00,1557
BSE,PILANIINVS,INE417C01014,B,4319.50,4322.00,4239.15,4320.20,4306.20,294,1269351.00,52
BSE,PILITA,INE600A01035,T,8.80,8.90,8.75,8.84,9.13,4954,43593.00,16
BSE,PINELABS,INE15B701018,B,146.05,147.40,142.80,145.80,147.50,598237,86814084.00,3804
BSE,PIONEEREMB,INE156C01018,B,21.90,21.90,21.62,21.62,21.90,111,2427.00,2
BSE,PIONRINV,INE746D01014,B,96.97,96.97,91.48,94.00,96.51,2100,194646.00,24
BSE,PIRAMALFIN,INE202B01038,B,2094.50,2099.10,2046.00,2086.40,2105.45,8787,18149745.00,455
BSE,PITTIENG,INE450D01021,B,900.05,925.00,900.05,917.85,918.25,872,796297.00,135
BSE,PIXTRANS,INE751B01018,B,1783.40,1783.40,1749.65,1769.40,1788.15,549,968892.00,90
BSE,PLASTIBLEN,INE083C01022,B,189.15,191.35,185.20,188.50,190.25,10566,1985814.00,327
BSE,PLATIND,INE0PT501018,B,228.00,228.50,219.70,226.00,228.70,3001,666351.00,78
BSE,PLAZACABLE,INE0INJ01017,T,41.60,43.29,41.00,43.00,42.36,2674,111827.00,41
BSE,PMCFIN,INE793G01035,X,1.72,1.73,1.70,1.72,1.72,203914,349302.00,292
BSE,PML,INE291E01019,B,489.75,490.00,489.75,490.00,485.00,12,5878.00,4
BSE,PNB,INE160A01022,A,109.00,110.60,108.70,110.45,110.15,675359,74067831.00,5618
BSE,PNBGILTS,INE859A01011,B,84.49,86.62,83.15,85.44,84.50,29905,2530278.00,238
BSE,PNBHOUSING,INE572E01012,A,1051.30,1068.80,1043.60,1057.95,1066.95,13060,13797730.00,1184
BSE,PNC,INE392B01011,B,19.62,20.02,19.62,20.02,19.24,15,296.00,4
BSE,PNCINFRA,INE195J01029,A,230.85,240.00,230.00,238.00,233.15,26738,6276673.00,656
BSE,PNGJL,INE953R01016,B,652.15,654.55,630.90,647.05,649.45,36465,23492735.00,853
BSE,PNGSREVA,INE1RDG01013,B,393.00,410.00,393.00,405.25,410.75,8406,3377231.00,297
BSE,PNTKYOR,INE702E01015,X,40.00,40.00,35.55,35.55,34.49,1594,61402.00,28
BSE,POCL,INE063E01061,A,528.00,533.90,512.00,525.75,530.85,15770,8229455.00,716
BSE,PODDARMENT,INE371C01013,B,256.00,265.35,256.00,265.00,263.40,109,28804.00,16
BSE,POEL,INE035S01028,X,170.90,174.85,169.00,172.30,170.75,17134,2943622.00,160
BSE,POKARNA,INE637C01025,B,938.00,938.00,912.05,927.45,936.70,3136,2901229.00,171
BSE,POLICYBZR,INE417T01026,A,1515.00,1546.00,1503.00,1538.55,1526.75,187965,286367040.00,2609
BSE,POLYCAB,INE455K01017,A,8870.55,8970.95,8840.30,8905.40,8936.15,12721,113363560.00,3922
BSE,POLYCHEM,INE752B01024,X,1910.00,1910.00,1861.30,1910.00,1910.60,105,199782.00,19
BSE,POLYCHMP,INE809B01014,X,52.40,52.40,51.00,51.04,51.49,339,17300.00,11
BSE,POLYCON,INE262C01014,X,26.18,26.18,24.88,25.94,26.18,257,6667.00,4
BSE,POLYLINK,INE323D01020,X,21.50,21.50,21.00,21.45,21.50,1741,36912.00,23
BSE,POLYMAC,INE826P01018,M,7.20,7.20,6.84,6.84,7.20,8800,60616.00,10
BSE,POLYMED,INE205C01021,A,1611.05,1675.00,1611.05,1666.50,1631.70,23947,39426450.00,594
BSE,POLYPLEX,INE633B01018,B,1126.00,1139.00,1110.40,1130.15,1142.10,4245,4755252.00,299
BSE,POLYSPIN,INE914G01029,X,29.46,29.46,27.85,29.16,29.48,1143,32552.00,16
BSE,PONNIERODE,INE838E01017,B,320.20,320.20,311.40,317.95,329.45,1406,444847.00,146
BSE,POOJA,INE973X01012,B,17.40,17.89,17.05,17.25,17.65,4697,81724.00,73
BSE,POOJAENT,INE147C01017,X,73.10,73.75,70.50,71.09,74.20,17192,1228707.00,71
BSE,POONADAL,INE809E01018,X,64.00,64.00,60.00,63.43,61.15,477,29090.00,22
BSE,POONAWALLA,INE511C01022,A,463.00,465.75,450.95,458.40,465.45,79406,36276037.00,1785
BSE,POPULARES,INE370C01015,X,16.95,16.95,16.95,16.95,16.95,1,16.00,1
BSE,PORWAL,INE386I01018,X,53.01,54.98,52.46,53.08,53.45,3148,167213.00,34
BSE,POWERGRID,INE752E01010,A,285.65,290.00,285.65,288.30,289.80,2217896,639650124.00,4234
BSE,POWERICA,INE921L01032,B,547.85,574.00,547.85,567.55,553.40,42213,23639832.00,1894
BSE,POWERINDIA,INE07Y701011,A,32083.00,32350.00,31000.00,31069.50,32074.60,8314,262739727.00,3033
BSE,POWERMECH,INE211R01019,A,2552.35,2615.50,2512.25,2593.05,2551.30,1525,3903665.00,287
BSE,PPAP,INE095I01015,T,301.35,301.35,286.30,286.90,301.35,2340,675755.00,61
BSE,PPARIVAH,INE0SMW01011,MT,220.00,229.50,220.00,227.05,227.00,24000,5373480.00,14
BSE,PPL,INE050001010,T,276.70,276.70,261.20,264.50,271.80,4401,1172041.00,90
BSE,PPLPHARMA,INE0DK501011,A,178.90,182.25,178.85,181.15,180.85,1308107,236264191.00,2973
BSE,PQIF,INE689M01025,X,9.33,9.33,9.33,9.33,8.89,33778,315148.00,64
BSE,PRABHA,INE0I0M01023,B,141.70,143.80,140.15,140.25,140.60,280,39795.00,28
BSE,PRABHHANS,INE428P01013,XT,30.51,32.25,30.51,32.16,30.75,2596,83004.00,21
BSE,PRADPME,INE770A01010,T,505.00,505.00,505.00,505.00,507.00,51,25755.00,3
BSE,PRAENG,INE505C01016,B,22.59,22.59,21.35,22.40,22.90,14934,328350.00,85
BSE,PRAGBOS,INE962B01011,X,1.83,1.92,1.74,1.87,1.83,28005,49176.00,36
BSE,PRAJIND,INE074A01025,A,322.00,326.00,315.00,323.50,322.65,241385,78072236.00,1470
BSE,PRAKASH,INE603A01013,B,123.10,124.40,122.45,123.80,123.35,10286,1271201.00,122
BSE,PRAKASHSTL,INE696K01024,B,4.02,4.05,3.99,4.04,4.02,17181,69039.00,74
BSE,PRARUH,INE0TI501017,M,63.50,63.50,63.50,63.50,63.18,2000,127000.00,1
BSE,PRATIK,INE206C01029,X,6.00,6.00,5.56,5.86,5.74,41171,239478.00,79
BSE,PRATIKSH,INE530D01012,X,21.50,22.95,16.84,16.84,21.04,1487769,26803618.00,1724
BSE,PRAVEG,INE722B01019,B,292.25,294.00,282.75,284.85,295.05,5944,1700216.00,210
BSE,PRAXIS,INE546Y01022,T,6.81,7.12,6.81,7.11,7.11,5571,39049.00,19
BSE,PRECAM,INE484I01029,B,138.35,139.55,135.80,138.75,138.35,4428,609097.00,149
BSE,PRECISIO,INE143C01024,XT,212.00,215.95,212.00,215.80,205.70,280,60083.00,13
BSE,PRECWIRE,INE372C01037,B,361.95,375.00,361.95,372.80,369.70,11898,4398960.00,450
BSE,PREMCAP,INE946K01023,XT,5.27,5.34,5.20,5.34,5.22,3215,17040.00,75
BSE,PREMCO,INE001E01012,B,367.00,377.50,357.05,367.65,367.00,89,32607.00,22
BSE,PREMEXPLN,INE863B01029,A,660.25,673.35,658.00,662.70,663.10,10077,6697670.00,291
BSE,PREMIER,INE342A01018,T,2.80,2.95,2.75,2.85,2.89,459,1302.00,10
BSE,PREMIERENE,INE0BS701011,A,1022.60,1022.65,1010.00,1018.55,1024.05,39003,39644417.00,1776
BSE,PREMIERPOL,INE309M01020,B,79.98,80.62,76.76,78.98,78.63,15572,1221827.00,282
BSE,PREMSYN,INE940N01012,X,16.49,16.49,16.49,16.49,16.39,1,16.00,1
BSE,PRERINFRA,INE426H01014,X,25.30,26.79,24.62,26.52,25.33,14395,365454.00,41
BSE,PRESTIGE,INE811K01011,A,1621.90,1621.90,1579.75,1592.10,1622.95,82446,130880054.00,1473
BSE,PREVEST,INE0GAO01018,M,383.10,392.95,383.10,390.00,387.00,4400,1710240.00,17
BSE,PRICOLLTD,INE726V01018,A,623.00,633.35,613.00,629.50,626.45,35600,22201171.00,1543
BSE,PRIMAGR,INE297D01018,X,12.35,13.65,12.35,13.65,13.00,692,8707.00,4
BSE,PRIMAIN,INE723N01012,X,18.39,18.39,18.39,18.39,18.39,1,18.00,1
BSE,PRIMAPLA,INE573B01016,XT,125.00,125.00,121.00,125.00,125.00,2458,299050.00,15
BSE,PRIMECAPM,INE748D01010,XT,6.55,6.85,6.55,6.85,6.85,101,676.00,5
BSE,PRIMEFRESH,INE442V01012,B,199.70,199.70,192.15,195.70,196.95,7568,1481331.00,623
BSE,PRIMEPRO,INE233C01023,XT,26.50,27.30,26.50,27.30,26.10,99,2662.00,7
BSE,PRIMESECU,INE032B01021,B,273.85,290.70,273.20,273.95,280.60,2889,804758.00,135
BSE,PRIMEURB,INE419E01024,X,8.35,8.89,7.62,7.91,8.52,11903,94263.00,46
BSE,PRIMIND,INE543F01028,XT,43.56,44.00,42.75,44.00,44.39,802,34552.00,12
BSE,PRIMO,INE607A01022,B,23.00,23.00,21.84,22.07,22.30,10395,230948.00,89
BSE,PRINCEPIPE,INE689W01016,B,258.00,261.90,251.70,261.40,257.05,8344,2132750.00,319
BSE,PRISMMEDI,INE730E01016,X,27.00,28.38,26.00,26.28,27.20,2653,70542.00,30
BSE,PRISMX,INE286N01028,X,0.58,0.60,0.57,0.59,0.59,145990,84835.00,112
BSE,PRITHVIEXCH,INE621B01021,X,101.00,103.95,101.00,101.50,101.80,355,35944.00,14
BSE,PRITIKAUTO,INE583R01029,T,17.85,18.00,17.20,17.92,17.90,14209,248731.00,71
BSE,PRIVISCL,INE959A01019,A,3541.05,3620.65,3497.60,3595.55,3575.20,2336,8343262.00,354
BSE,PROCLB,INE438C01010,X,27.21,27.99,26.01,27.99,26.95,2266,61967.00,17
BSE,PROFINC,INE732K01027,Z,2.77,2.99,2.77,2.97,2.88,733699,2164079.00,202
BSE,PROMACT,INE818D01011,X,9.05,9.05,9.05,9.05,9.07,108,977.00,2
BSE,PROSTARM,INE0BX301013,B,122.15,124.80,119.40,123.75,121.75,10680,1298590.00,283
BSE,PROTEAN,INE004A01022,A,574.60,600.10,565.00,594.00,571.30,34008,19928766.00,1287
BSE,PROZONER,INE195N01013,B,44.90,45.50,43.10,43.76,45.05,27777,1221375.00,175
BSE,PRSMJOHNSN,INE010A01011,B,107.30,110.05,105.95,107.45,108.00,12705,1361074.00,222
BSE,PRSNTIN,INE100E01012,X,15.35,15.35,15.35,15.35,16.15,5,76.00,1
BSE,PRUDENT,INE00F201020,A,2835.00,2871.30,2764.60,2862.50,2876.85,14626,40678195.00,588
BSE,PRUDMOULI,INE024D01016,T,14.16,14.16,12.85,12.90,13.49,1426,18690.00,7
BSE,PSB,INE608A01012,B,24.08,24.20,23.42,23.76,24.12,59807,1415880.00,609
BSE,PSCELESTIA,INE19RO25039,IF,1018500.00,1018500.00,1018450.00,1018500.00,1017000.00,7,7129449.00,7
BSE,PSITINFRA,INE953M01033,XT,1.24,1.24,1.20,1.24,1.22,17385,21061.00,18
BSE,PSPLATINA,INE19RO25013,IF,1062000.00,1062000.00,1062000.00,1062000.00,1077000.00,1,1062000.00,1
BSE,PSPPROJECT,INE488V01015,B,979.00,1039.45,978.95,1031.60,987.80,8443,8497763.00,559
BSE,PSTITANIA,INE19RO25021,IF,1150000.00,1150000.00,1150000.00,1150000.00,1160000.00,1,1150000.00,1
BSE,PTC,INE877F01012,A,166.65,168.45,164.00,164.50,168.40,87208,14409071.00,2071
BSE,PTCIL,INE596F01018,A,17794.50,17810.00,17558.20,17733.70,17846.95,776,13701286.00,306
BSE,PTL,INE034D01049,B,39.79,39.90,39.08,39.36,39.46,904,35446.00,46
BSE,PULSRIN,INE183U01022,X,0.37,0.37,0.36,0.37,0.37,3198751,1163653.00,440
BSE,PUNJABCHEM,INE277B01014,B,1123.00,1130.45,1111.50,1130.45,1132.80,71,79899.00,18
BSE,PUNJCOMMU,INE609A01010,B,47.23,47.23,45.10,46.22,46.64,365,16712.00,29
BSE,PURETROP,INE795D01011,X,157.85,157.85,154.65,154.70,157.85,1885,296016.00,14
BSE,PURPLE,INE905R01016,X,6.16,6.16,6.00,6.00,5.87,8171,49529.00,16
BSE,PURPLEFIN,INE0CYK01015,X,66.55,72.80,66.55,69.48,70.47,64395,4462478.00,288
BSE,PURPLEWAVE,INE0VDK01019,M,117.00,131.80,117.00,129.80,127.15,121000,15444550.00,46
BSE,PURSHOTTAM,INE729C01020,X,39.30,39.30,35.73,35.75,39.70,835,30119.00,15
BSE,PURVA,INE323I01011,B,210.80,214.15,209.50,213.45,211.60,4521,956886.00,167
BSE,PVP,INE362A01016,B,27.77,28.01,27.17,27.55,27.90,11576,320697.00,113
BSE,PVRINOX,INE191H01014,A,1009.95,1069.25,1009.45,1063.35,1009.05,129196,135005004.00,4531
BSE,PVSL,INE772T01024,B,103.00,108.00,103.00,105.76,105.84,3656,387545.00,120
BSE,PVVINFRA,INE428B01021,X,3.56,3.69,3.50,3.53,3.54,642225,2306801.00,274
BSE,PWASML,INE523I01016,X,20.85,22.95,20.85,22.20,22.11,1033,22948.00,29
BSE,PWL,INE0LP301011,B,132.10,133.00,124.90,128.70,133.40,803650,102664083.00,9725
BSE,PYRAMID,INE0MIS01010,B,164.75,165.20,158.10,163.65,163.85,2891,472145.00,86
BSE,QGO,INE837C01013,X,44.00,44.70,43.99,43.99,44.00,1386,61030.00,10
BSE,QLL,INE0Q1R01012,M,430.00,443.00,430.00,440.00,441.55,2800,1225200.00,7
BSE,QPOWER,INE0SII01026,T,1097.90,1128.00,1063.00,1117.40,1089.10,8746,9621718.00,418
BSE,QUADFUTURE,INE0LRY01011,B,377.40,381.70,339.50,359.20,381.35,70127,25366245.00,1661
BSE,QUANTDIA,INE373C01019,XT,29.85,29.90,29.50,29.75,29.50,467,13855.00,19
BSE,QUESS,INE615P01015,B,300.40,300.40,291.65,294.55,298.10,11267,3317134.00,337
BSE,QUESTCAP,INE418C01012,X,275.30,275.30,266.00,266.30,276.95,651,173455.00,18
BSE,QUESTFLOW,INE0OYE01013,MT,203.30,203.35,203.30,203.35,207.40,2600,528680.00,11
BSE,QUICKHEAL,INE306L01010,T,153.00,154.95,148.15,153.65,154.50,8237,1247469.00,193
BSE,QUINT,INE641R01017,B,38.00,38.00,38.00,38.00,38.90,26,988.00,1
BSE,RAAMA,INE516P01015,XT,19.00,19.27,19.00,19.25,18.90,211608,4035285.00,131
BSE,RACHIT,INE0ZN101029,MT,202.00,204.00,202.00,204.00,204.15,5000,1014000.00,5
BSE,RACLGEAR,INE704B01017,B,1313.85,1321.50,1284.75,1317.60,1324.80,733,955805.00,96
BSE,RADAAN,INE874F01027,B,2.77,3.03,2.77,2.99,2.97,16665,47615.00,190
BSE,RADHEDE,INE986B01044,X,1.47,1.55,1.47,1.53,1.49,76496,116471.00,91
BSE,RADHIKAJWE,INE583V01021,B,63.40,64.99,62.12,63.26,63.99,22404,1421874.00,307
BSE,RADIANTCMS,INE855R01021,B,36.51,37.16,36.51,37.00,37.02,3420,126377.00,207
BSE,RADICO,INE944F01028,A,4016.10,4118.00,4016.10,4090.65,4068.50,20373,83217001.00,3455
BSE,RADIOCITY,INE919I01024,B,6.75,6.75,6.32,6.43,6.46,7470,48132.00,54
BSE,RADIXIND,INE576N01014,XT,126.55,138.00,126.55,138.00,132.05,63,8003.00,5
BSE,RAGHUNAT,INE753B01014,X,10.50,11.45,10.50,11.39,10.55,55,608.00,6
BSE,RAGHUSYN,INE969C01022,X,97.05,101.65,97.05,99.80,97.50,3137,313462.00,64
BSE,RAGHUTOB,INE754B01012,X,14.88,14.88,13.96,14.66,14.28,467,6838.00,19
BSE,RAILTEL,INE0DD101019,A,284.85,287.35,279.50,284.95,287.00,32728,9260585.00,1224
BSE,RAIN,INE855B01025,A,218.85,226.65,216.30,225.35,224.00,355914,78953377.00,4024
BSE,RAINBOW,INE961O01016,A,1455.80,1473.45,1429.10,1455.45,1467.65,6316,9166621.00,600
BSE,RAINBOWF,INE230F01014,X,38.50,38.79,36.64,38.50,38.59,6517,250759.00,30
BSE,RAJESH,INE0VN801010,M,845.00,848.30,831.00,839.30,856.25,19900,16695395.00,162
BSE,RAJESHEXPO,INE343B01030,Z,88.81,92.00,88.75,88.92,93.33,23762,2128664.00,313
BSE,RAJINFRA,INE016C01014,Z,4.44,4.64,4.44,4.64,4.44,22,101.00,2
BSE,RAJKOTINV,INE176R01014,X,45.10,45.10,44.80,44.81,48.18,361,16204.00,6
BSE,RAJKSYN,INE376L01013,X,27.50,27.50,22.01,25.49,24.55,1335,32552.00,25
BSE,RAJNISH,INE685Z01033,B,0.40,0.41,0.39,0.41,0.40,1804656,726201.00,452
BSE,RAJOOENG,INE535F01024,T,54.70,54.75,53.11,54.04,55.24,35134,1885250.00,240
BSE,RAJPACK,INE639C01013,X,29.00,29.00,27.00,27.29,27.79,391,10764.00,9
BSE,RAJPALAYAM,INE296E01026,B,813.40,813.40,800.00,803.60,813.40,102,81965.00,7
BSE,RAJPUTANA,INE751R01014,X,33.00,34.00,31.85,32.00,33.50,676,22021.00,16
BSE,RAJRATAN,INE451D01029,B,495.05,524.55,482.05,487.75,501.10,35781,18119108.00,1185
BSE,RAJRILTD,INE533D01032,T,21.15,21.34,21.00,21.34,21.05,313,6619.00,6
BSE,RAJSEC,INE184D01026,X,54.09,54.40,54.00,54.40,55.00,66142,3584407.00,40
BSE,RAJSPTR,INE374C01017,P,13.77,13.77,12.51,12.51,13.13,200,2628.00,2
BSE,RAJSREESUG,INE562B01019,B,30.30,31.03,29.50,30.91,30.31,1025,30763.00,41
BSE,RAJTUBE,INE497E01020,XT,11.50,12.10,10.98,11.04,11.55,24928,278149.00,65
BSE,RAJTV,INE952H01027,B,11.99,12.00,11.58,12.00,11.99,2593,30200.00,27
BSE,RAL,INE0SK201011,MT,41.80,41.80,41.80,41.80,41.71,1200,50160.00,1
BSE,RALEGRA,INE427E01027,XT,56.74,56.74,56.74,56.74,56.74,7,397.00,1
BSE,RALLIS,INE613A01020,A,221.45,221.95,216.55,218.90,222.00,44841,9815202.00,1144
BSE,RAMANEWS,INE278B01020,B,28.00,29.23,27.90,28.49,28.21,2557,74120.00,17
BSE,RAMAPHO,INE809A01032,B,124.85,138.00,123.35,130.55,125.05,7941,1040725.00,153
BSE,RAMASTEEL,INE230R01035,T,4.28,4.31,4.17,4.27,4.28,150316,642346.00,420
BSE,RAMAVISION,INE763B01013,X,145.00,145.00,136.00,136.15,140.00,693,94537.00,24
BSE,RAMBHAJO,INE1SJO01012,B,200.05,204.55,192.65,194.00,203.00,49739,9798264.00,839
BSE,RAMCOCEM,INE331A01037,A,910.75,917.90,905.15,914.40,915.65,3794,3463786.00,422
BSE,RAMCOIND,INE614A01028,B,335.75,335.75,326.20,329.10,333.30,10735,3535011.00,224
BSE,RAMCOSYS,INE246B01019,B,709.15,728.25,706.25,706.25,784.70,60405,42964245.00,1486
BSE,RAMGOPOLY,INE410D01017,X,19.50,20.66,19.50,20.66,19.68,7354,149033.00,14
BSE,RAMINFO,INE357B01022,X,42.61,45.20,42.61,44.42,43.65,500,22148.00,20
BSE,RAMKY,INE874I01013,B,370.15,374.70,368.70,370.85,372.25,1884,699037.00,100
BSE,RAMRAT,INE207E01023,B,405.95,415.15,401.60,414.05,408.45,4238,1739539.00,190
BSE,RAMSONS,INE609D01014,X,89.30,94.00,89.30,93.00,94.00,304,28563.00,7
BSE,RANASUG,INE625B01014,B,11.70,11.84,11.58,11.72,11.71,9902,115300.00,77
BSE,RANDER,INE821D01031,XT,12.70,13.32,12.70,13.00,12.70,269,3479.00,6
BSE,RANEHOLDIN,INE384A01010,B,1712.00,1743.15,1691.45,1742.80,1721.45,1149,1958071.00,138
BSE,RANJITSE,INE863D01017,XT,63.00,63.00,61.00,61.00,60.95,3,186.00,3
BSE,RAP,INE483D01014,X,39.79,39.79,37.05,38.48,38.95,1648,64029.00,20
BSE,RAPICUT,INE350D01015,XT,251.05,251.05,250.30,250.30,251.95,6,1505.00,3
BSE,RASANDIK,INE682D01011,X,64.95,64.95,62.00,64.85,64.62,389,25092.00,9
BSE,RASIELEC,INE822D01021,X,12.80,12.80,12.25,12.70,12.50,12467,157571.00,117
BSE,RASRESOR,INE651D01016,X,58.99,58.99,55.50,56.50,56.50,177,10027.00,5
BSE,RATEGAIN,INE0CLI01024,A,877.75,903.35,851.50,901.15,876.50,10236,8934433.00,696
BSE,RATHIBAR,INE575I01016,X,19.26,19.99,19.20,19.85,19.50,4851,94543.00,20
BSE,RATHIST,INE336C01016,X,24.39,24.50,23.50,24.23,23.95,156081,3785289.00,343
BSE,RATNABHUMI,INE821Y01011,B,183.30,183.30,183.30,183.30,188.00,10,1833.00,1
BSE,RATNAMANI,INE703B01027,A,2392.80,2441.40,2390.00,2399.40,2424.30,1895,4550958.00,265
BSE,RATNAVEER,INE05CZ01011,B,174.70,180.55,174.70,178.85,178.00,26153,4673033.00,448
BSE,RAVALSUGAR,INE615A01025,X,985.00,985.00,980.00,980.00,991.00,8,7855.00,2
BSE,RAVEL,INE0W4D01018,M,120.00,120.50,120.00,120.30,119.50,4000,481050.00,4
BSE,RAWEDGE,INE960Z01014,B,18.19,18.19,16.82,16.82,18.68,12139,206027.00,37
BSE,RAYALEMA,INE008C01011,X,28.61,30.09,28.61,29.78,28.76,423,12118.00,6
BSE,RAYMOND,INE301A01014,A,604.55,604.55,581.70,588.10,604.50,13478,7965823.00,588
BSE,RAYMONDLSL,INE02ID01020,A,718.95,718.95,700.25,709.15,715.00,3218,2278106.00,241
BSE,RAYMONDREL,INE1SY401010,B,644.10,656.95,627.95,655.20,642.25,17663,11349992.00,687
BSE,RBA,INE07T201019,A,64.51,65.88,63.63,65.13,64.80,128768,8331248.00,480
BSE,RBLBANK,INE976G01028,A,345.35,354.40,345.35,352.95,353.85,150369,52767336.00,1936
BSE,RBZJEWEL,INE0PEQ01016,B,140.00,141.45,137.95,139.70,140.85,1086,151476.00,48
BSE,RCAN,INE0CQ101015,M,15.03,15.39,15.00,15.03,15.28,2800,42212.00,5
BSE,RCCL,INE929D01016,X,32.15,32.15,32.15,32.15,32.00,50,1607.00,1
BSE,RCF,INE027A01015,A,122.05,124.85,121.65,124.10,124.30,53382,6570275.00,681
BSE,RCL,INE792P01020,Z,2.57,2.57,2.57,2.57,2.70,500,1285.00,1
BSE,RCOM,INE330H01018,T,0.83,0.83,0.82,0.82,0.84,327079,269586.00,230
BSE,RDBIPL,INE245L01028,B,15.28,15.39,14.50,15.39,14.66,279879,4294846.00,267
BSE,RDBRL,INE123M01017,X,166.75,166.75,157.00,160.95,163.15,2121,342943.00,70
BSE,RDGAIL,INE0S5T01017,M,106.50,110.00,106.45,106.45,106.45,8400,913140.00,5
BSE,REALECO,INE055E01034,X,4.12,4.12,3.93,4.03,3.93,3988,15972.00,54
BSE,RECLTD,INE020B01018,A,355.00,364.40,355.00,361.45,358.50,231386,83231909.00,4292
BSE,RECODE,INE2B6701015,M,216.50,225.90,216.50,218.70,223.95,15200,3342720.00,19
BSE,REDINGTON,INE891D01026,A,260.40,263.55,255.00,259.10,262.10,126628,32672422.00,1962
BSE,REDTAPE,INE0LXT01019,B,131.50,131.50,125.75,127.05,127.70,24474,3152077.00,379
BSE,REFEX,INE056I01025,A,314.05,318.00,307.00,316.25,314.05,41143,12877839.00,625
BSE,REGAAL,INE0MHO01029,T,77.96,78.07,76.00,76.51,77.01,5487,420644.00,40
BSE,REGAL,INE101E01010,X,16.75,16.75,16.75,16.75,16.86,26,435.00,1
BSE,REGANTO,INE043B01028,Z,6.10,6.25,6.00,6.15,6.11,111299,680672.00,159
BSE,REGENCERAM,INE277C01012,B,33.29,35.00,33.28,35.00,35.50,996,33844.00,11
BSE,REGENCY,INE964R01013,XT,43.24,43.98,42.00,42.69,43.45,40659,1740869.00,333
BSE,REGENTRP,INE769D01016,X,5.05,5.28,4.87,5.07,5.08,9411,46888.00,37
BSE,REGIS,INE745R01024,X,2.17,2.25,2.03,2.16,2.20,104736,226871.00,104
BSE,RELAXO,INE131B01039,A,392.50,405.35,387.00,403.80,396.05,39355,15614178.00,839
BSE,RELCHEMQ,INE750D01016,B,125.00,126.30,125.00,126.30,126.50,40,5006.00,3
BSE,RELIABLE,INE375Y01018,B,143.55,144.50,142.10,143.60,144.55,430,61558.00,42
BSE,RELIABVEN,INE419H01019,XT,25.43,25.43,24.50,24.50,25.43,2370,58914.00,19
BSE,RELIANCE,INE002A01018,A,1265.70,1283.30,1250.55,1278.15,1275.35,467010,595022019.00,22736
BSE,RELICAB,INE773T01014,B,36.25,37.69,36.00,36.28,37.62,3359,122093.00,44
BSE,RELICTEC,INE452B01013,X,57.60,58.00,57.60,57.91,61.00,56,3234.00,8
BSE,RELIGARE,INE621H01010,A,251.25,259.90,248.70,258.05,253.40,70771,18255393.00,562
BSE,RELTD,INE206N01018,B,171.35,173.30,168.25,171.45,172.85,14313,2446757.00,230
BSE,REMAGNET,INE519N01014,T,3645.20,3796.20,3450.00,3757.00,3615.45,5148,18918677.00,380
BSE,REMIEDEL,INE158G01015,X,196.00,196.00,185.00,191.40,190.10,2606,494362.00,30
BSE,REMSONSIND,INE474C01023,B,78.00,79.00,77.00,78.54,79.36,3407,265125.00,124
BSE,RENUKA,INE087H01022,A,21.69,22.40,21.51,22.18,21.70,341044,7425276.00,1398
BSE,REPCOHOME,INE612J01015,B,387.85,391.85,384.55,389.20,390.40,282191,108929112.00,106
BSE,REPONO,INE15WN01014,MT,76.40,77.00,74.10,75.10,78.00,20400,1546248.00,16
BSE,REPRO,INE461B01014,B,368.10,369.20,367.00,369.20,365.90,229,84155.00,13
BSE,RESGEN,INE0NYN01016,M,50.60,50.60,50.60,50.60,49.63,750,37950.00,1
BSE,RESONANCE,INE486D01017,XT,141.00,145.00,135.10,143.50,139.80,15714,2215321.00,117
BSE,RESPONIND,INE688D01026,B,176.05,177.10,172.90,175.65,177.05,13321,2334409.00,247
BSE,RESPONSINF,INE401B01010,X,19.49,19.73,19.00,19.01,19.79,107,2045.00,9
BSE,RESTILE,INE298E01022,X,6.70,7.06,6.52,6.89,6.73,7536,51832.00,35
BSE,RETAGGIO,INE0KWJ01014,MT,54.00,54.00,51.00,51.00,53.41,6000,315000.00,2
BSE,RETINA,INE0NTC01019,M,41.80,41.80,39.99,39.99,40.80,6000,243560.00,3
BSE,REXNORD,INE687C01012,XT,76.10,80.85,76.10,80.70,79.85,345,27336.00,19
BSE,RFIL,INE1GM501015,M,34.12,34.12,34.12,34.12,34.12,2000,68240.00,1
BSE,RFL,INE239B01014,XT,123.30,123.30,112.20,112.20,118.00,32,3601.00,4
BSE,RFLL,INE018S01016,X,13.99,14.03,12.81,13.96,13.37,60847,838305.00,93
BSE,RFSL,INE201C01012,X,21.77,22.85,21.60,22.85,21.77,790,17141.00,8
BSE,RGF,INE684D01025,XT,2.62,2.62,2.62,2.62,2.57,28670,75115.00,27
BSE,RGIL,INE364S01014,XT,306.75,306.75,306.75,306.75,313.00,56,17178.00,3
BSE,RGL,INE722H01024,B,117.50,118.90,115.90,117.85,118.20,9016,1055698.00,150
BSE,RGRL,INE601N01010,Z,1.47,1.47,1.36,1.44,1.42,1429,2026.00,26
BSE,RHETAN,INE0KKN01029,B,28.99,29.05,28.16,28.30,28.52,26159,748384.00,120
BSE,RHFL,INE217K01011,Z,1.97,2.00,1.95,1.97,2.00,70685,138887.00,152
BSE,RHIM,INE743M01012,A,396.95,403.65,388.85,399.65,395.75,53019,20985252.00,1144
BSE,RHL,INE508K01013,B,190.00,190.00,166.10,167.90,170.05,3011,565083.00,19
BSE,RIBATEX,INE811H01017,XT,83.30,83.38,80.00,80.49,80.09,6543,526275.00,47
BSE,RICHUNV,INE652D01014,XT,9.67,9.67,9.50,9.50,9.66,309,2973.00,8
BSE,RICOAUTO,INE209B01025,B,134.00,141.75,132.15,139.15,135.70,164980,22843320.00,2517
BSE,RIDDHI,INE249D01019,XT,725.00,738.90,725.00,725.00,707.20,2220,1614999.00,20
BSE,RIDDHICORP,INE325X01015,X,57.60,59.90,56.00,58.99,59.25,1580,88767.00,20
BSE,RIIL,INE046A01015,B,734.70,741.00,719.25,729.75,741.10,2649,1932041.00,443
BSE,RIIT,INE2PB023011,IF,116.50,117.00,115.00,116.03,116.23,18438,2138058.00,195
BSE,RIKHAV,INE0CFH01028,M,46.50,46.56,46.50,46.56,47.25,3200,148896.00,2
BSE,RIR,INE302D01024,B,156.65,158.50,155.20,157.55,157.70,28626,4486572.00,880
BSE,RISAINTL,INE001O01029,X,0.45,0.45,0.45,0.45,0.42,60198,27089.00,36
BSE,RISHABH,INE0N2P01017,B,629.00,632.00,612.20,623.10,632.90,9407,5860708.00,437
BSE,RISHDIGA,INE864D01015,X,37.50,37.50,34.47,35.99,36.28,720,24851.00,13
BSE,RISHIROOP,INE582D01013,X,93.00,94.25,93.00,93.03,94.25,529,49203.00,17
BSE,RISHITECH,INE989D01010,X,42.90,42.90,37.05,40.57,39.00,4092,157539.00,65
BSE,RITCO,INE01EG01016,B,294.15,305.15,291.75,296.85,295.05,9566,2872704.00,310
BSE,RITES,INE320J01015,A,210.80,214.50,210.25,213.75,213.50,58743,12471028.00,1192
BSE,RITESHIN,INE534D01014,X,80.30,82.30,77.06,80.00,80.13,13337,1070054.00,122
BSE,RIYAASAT,INE0KYI01012,M,55.05,55.10,55.05,55.10,58.70,2400,132180.00,2
BSE,RJSHAH,INE712Z01019,P,484.50,484.50,484.50,484.50,509.90,50,24225.00,1
BSE,RKDAGRRTL,INE552N01023,XT,5.62,5.62,5.62,5.62,5.62,48,269.00,3
BSE,RKDL,INE722J01012,B,19.00,20.00,19.00,20.00,19.74,311,6171.00,10
BSE,RKFORGE,INE399G01023,A,574.00,588.60,570.00,579.35,583.95,69832,40465567.00,2019
BSE,RKSWAMY,INE0NQ801033,B,102.00,103.10,100.00,101.75,99.40,2448,247352.00,128
BSE,RLF,INE629C01014,X,8.51,9.39,8.51,9.39,9.39,159,1492.00,3
BSE,RMC,INE655V01019,B,267.90,270.00,266.00,268.90,267.45,1610,434156.00,107
BSE,RMDRIP,INE219Y01026,B,17.80,18.32,17.67,18.16,18.07,31548,567358.00,315
BSE,RML,INE050H01012,B,1126.20,1142.50,1108.40,1130.25,1126.20,1953,2206447.00,160
BSE,RNBDENIMS,INE012Q01039,B,9.49,9.49,9.17,9.20,9.48,86637,802256.00,446
BSE,RNITAI,INE335Q01026,XT,61.97,63.00,58.88,59.42,61.97,106001,6390336.00,293
BSE,ROBU,INE0OLH01013,M,1175.00,1180.00,1160.00,1171.65,1145.00,3795,4448226.00,15
BSE,RODIUM,INE513E01024,X,157.00,157.00,156.95,156.95,157.60,598,93856.00,13
BSE,ROHLTD,INE283H01019,B,312.00,314.50,307.00,310.25,312.00,309,96235.00,39
BSE,ROJL,INE0BDU01028,B,1.46,1.75,1.46,1.70,1.75,107891,186278.00,35
BSE,ROLEXRINGS,INE645S01024,B,136.90,139.90,134.50,139.40,137.10,67961,9303872.00,778
BSE,ROLLT,INE927A01040,T,2.19,2.25,2.07,2.25,2.16,19712,43043.00,27
BSE,ROML,INE294G01026,B,45.32,45.32,43.57,45.10,44.18,71,3213.00,6
BSE,RONI,INE02AP01013,M,35.28,35.30,35.28,35.30,35.30,3600,127044.00,2
BSE,ROSELABS,INE475C01012,X,22.65,22.65,22.65,22.65,22.70,400,9060.00,1
BSE,ROSEMER,INE649C01012,X,68.50,68.50,62.10,63.52,64.16,2017,129175.00,41
BSE,ROSSARI,INE02A801020,B,486.05,498.05,486.05,489.30,491.10,3377,1666755.00,203
BSE,ROSSELLIND,INE847C01020,B,61.14,61.14,58.09,58.71,59.51,1266,74938.00,46
BSE,ROSSTECH,INE0OJW01016,B,970.00,987.95,950.70,983.05,976.05,5549,5377399.00,262
BSE,ROTO,INE535D01037,B,65.36,68.44,65.36,67.93,67.36,21057,1397650.00,373
BSE,ROUTE,INE450U01017,B,588.80,609.25,563.00,571.20,600.65,513503,301410318.00,11903
BSE,ROYAL,INE0QQG01019,M,110.00,112.00,105.02,105.50,111.99,7500,817785.00,9
BSE,ROYALCU,INE618A01011,X,15.45,16.75,15.30,15.59,16.03,11453,177487.00,47
BSE,ROYALIND,INE510H01015,X,5.99,6.14,5.85,5.97,5.96,66652,397783.00,139
BSE,RPEL,INE912T01018,B,1291.85,1308.40,1273.35,1303.05,1293.05,3489,4514357.00,284
BSE,RPGLIFE,INE105J01010,B,2918.85,3016.80,2854.35,2913.00,2902.35,744,2155072.00,134
BSE,RPOWER,INE614G01033,A,23.82,24.33,23.15,24.08,23.48,2859256,67547511.00,5784
BSE,RPPINFRA,INE324L01013,B,62.00,62.00,60.59,61.11,61.53,2557,156048.00,36
BSE,RPSGVENT,INE425Y01011,B,896.00,897.20,890.05,890.10,894.25,171,152760.00,30
BSE,RPTECH,INE0J1F01024,B,756.00,786.95,754.50,780.30,761.25,38294,29591148.00,1324
BSE,RRECL,INE0AK901016,X,149.00,162.60,148.00,162.40,154.90,13639,2192956.00,70
BSE,RRETAIL,INE786J01033,X,2.46,2.56,2.44,2.46,2.48,37414,92313.00,105
BSE,RRFIN,INE229D01011,XT,77.22,81.90,77.00,80.07,78.00,1457,116573.00,42
BSE,RRIL,INE951M01037,B,16.64,17.14,16.50,16.50,16.43,3468,57742.00,10
BSE,RRKABEL,INE777K01022,A,2377.45,2508.00,2337.50,2497.00,2377.40,42481,103417828.00,2586
BSE,RRMETAL,INE117K01013,XT,63.44,63.44,60.96,61.15,62.20,54451,3322691.00,46
BSE,RSCINT,INE015F01019,XT,44.29,44.29,44.29,44.29,43.43,1150,50933.00,5
BSE,RSL,INE313L01016,B,130.00,137.00,130.00,133.10,134.25,16402,2168978.00,393
BSE,RSSOFTWARE,INE165B01029,T,31.27,31.50,31.27,31.50,31.90,1872,58637.00,20
BSE,RSWM,INE611A01016,T,208.20,210.00,208.20,210.00,211.50,7,1461.00,2
BSE,RSYSTEMS,INE411H01032,B,249.60,249.60,241.05,245.25,248.80,14407,3520065.00,398
BSE,RTFL,INE840I01014,Z,47.50,47.50,47.50,47.50,50.00,206,9785.00,3
BSE,RTNINDIA,INE834M01019,B,31.60,31.86,30.72,31.59,31.52,48533,1519372.00,569
BSE,RTNPOWER,INE399K01017,A,8.44,9.18,8.40,8.63,8.55,1535309,13233815.00,2426
BSE,RTSPOWR,INE005C01017,X,97.85,99.80,95.05,97.40,97.85,627,60765.00,19
BSE,RUBFILA,INE642C01025,B,72.36,73.00,71.73,72.98,72.36,2364,169911.00,17
BSE,RUBICON,INE506V01022,B,1516.15,1538.35,1490.35,1519.10,1531.10,15585,23644201.00,1168
BSE,RUBYMILLS,INE301D01026,T,415.95,420.00,393.05,408.00,413.70,5552,2299473.00,64
BSE,RUCHINFRA,INE413B01023,B,6.15,6.15,5.80,6.00,6.05,6475,39414.00,19
BSE,RUCHIRA,INE803H01014,B,108.00,108.00,105.90,106.55,108.70,3124,333375.00,119
BSE,RUDRAECO,INE723D01021,X,17.66,18.39,17.58,17.81,17.73,14981,266704.00,47
BSE,RUDRAGAS,INE0OYK01010,M,71.21,71.21,71.20,71.20,71.25,2000,142410.00,2
BSE,RUNGTAIR,INE347C01013,X,49.99,49.99,46.90,49.15,48.92,163,7995.00,11
BSE,RUPA,INE895B01021,B,162.70,164.65,160.65,163.25,162.50,2388,387345.00,52
BSE,RUSHIL,INE573K01025,B,17.14,18.20,16.51,17.98,16.98,36622,638709.00,264
BSE,RUSTOMJEE,INE263M01029,B,398.20,404.20,395.90,399.05,402.80,259,103234.00,29
BSE,RVHL,INE09E501017,B,45.69,45.69,45.69,45.69,45.69,1,45.00,1
BSE,RVNL,INE415G01027,A,221.35,225.85,220.75,224.55,224.30,662954,148224053.00,7868
BSE,RVTH,INE0DAB01012,B,690.80,690.80,690.80,690.80,700.50,5,3454.00,2
BSE,SAATVIKGL,INE13B501022,B,435.00,441.80,429.70,440.80,436.80,6244,2712089.00,215
BSE,SAB,INE137M01017,XT,185.00,185.00,185.00,185.00,190.00,100,18500.00,2
BSE,SABEVENTS,INE860T01019,B,7.92,7.92,7.53,7.53,7.92,20439,161705.00,17
BSE,SABOOSOD,INE440C01016,X,12.15,12.69,12.00,12.50,12.14,8971,110770.00,40
BSE,SACHEMT,INE433G01020,X,3.85,3.86,3.81,3.85,3.85,25200,96922.00,49
BSE,SADBHAV,INE226H01026,B,7.90,7.94,7.67,7.86,7.84,9726,76108.00,67
BSE,SADBHIN,INE764L01010,T,2.30,2.33,2.20,2.24,2.24,28741,65050.00,34
BSE,SADHNANIQ,INE888C01040,T,2.73,2.73,2.73,2.73,2.78,673071,1837483.00,93
BSE,SAFARI,INE429E01023,A,1547.65,1557.05,1534.00,1537.85,1549.05,568,876675.00,99
BSE,SAFE,INE0Q3401017,M,149.80,149.80,149.80,149.80,145.00,1500,224700.00,3
BSE,SAFECURE,INE0SVZ01015,M,23.45,23.97,21.00,23.97,23.97,14400,320424.00,12
BSE,SAFFRON,INE474D01013,X,28.50,28.50,27.14,28.05,26.27,7111,197708.00,50
BSE,SAGARSOFT,INE184B01012,X,75.70,80.50,73.02,74.82,80.42,720,54431.00,26
BSE,SAGCEM,INE229C01021,B,176.00,179.50,173.55,176.90,178.00,1312,231740.00,67
BSE,SAGILITY,INE0W2G01015,A,41.32,41.56,40.30,40.46,41.32,1359858,55344973.00,8340
BSE,SAHARAHOUS,INE135C01012,X,39.92,39.92,38.50,39.01,39.26,5726,223267.00,12
BSE,SAHLIBHFI,INE861D01011,B,78.55,79.00,77.72,78.01,80.42,695,54463.00,40
BSE,SAHYADRI,INE280H01015,B,277.40,280.05,271.80,279.70,277.25,713,196321.00,40
BSE,SAICAPI,INE531X01018,X,148.00,148.00,140.00,143.30,144.35,4626,665162.00,58
BSE,SAICOM,INE092G01024,X,0.23,0.24,0.23,0.24,0.23,135914,31342.00,28
BSE,SAIL,INE114A01011,A,160.30,162.75,158.00,161.55,160.80,337071,54146072.00,4277
BSE,SAILIFE,INE570L01029,A,1246.85,1246.85,1223.25,1232.30,1240.15,8181,10095402.00,480
BSE,SAINIK,INE584B01013,X,34.85,39.65,34.85,35.37,37.01,3495,123881.00,27
BSE,SAIPARENT,INE0H9F01037,B,535.10,544.65,529.00,538.05,539.90,8581,4588365.00,336
BSE,SAKHTISUG,INE623A01011,B,16.80,17.29,16.80,17.26,17.22,3678,63195.00,41
BSE,SAKSOFT,INE667G01023,B,164.60,169.00,160.60,168.20,164.50,46551,7674246.00,473
BSE,SAKTHIFIN,INE302E01014,X,27.26,28.79,26.72,28.22,28.49,624,17322.00,34
BSE,SAKUMA,INE190H01024,T,1.66,1.68,1.65,1.66,1.68,83396,138791.00,143
BSE,SALASAR,INE170V01027,B,5.79,6.04,5.79,5.97,5.91,507427,2988035.00,1290
BSE,SALAUTO,INE724G01014,X,180.00,188.75,173.80,173.85,180.00,43,7625.00,12
BSE,SALEM,INE894E01028,X,33.50,33.52,33.50,33.52,33.85,99,3316.00,4
BSE,SALONA,INE498E01010,B,254.30,254.30,242.00,243.25,254.30,33,8047.00,7
BSE,SALSAIN,INE315N01017,XT,412.75,412.75,412.75,412.75,393.10,868,358267.00,14
BSE,SALSTEEL,INE658G01014,T,54.67,57.75,54.67,57.21,56.67,2289,128333.00,47
BSE,SALZERELEC,INE457F01013,B,577.80,586.00,573.00,576.75,579.15,3634,2099233.00,307
BSE,SAMBHAAV,INE699B01027,B,6.11,6.26,6.08,6.25,6.19,3072,18960.00,9
BSE,SAMBHV,INE12NJ01018,B,117.50,117.50,113.25,115.65,115.15,24001,2757690.00,281
BSE,SAMHI,INE08U801020,A,169.30,179.90,167.05,177.60,169.25,50833,8866977.00,847
BSE,SAMINDUS,INE653D01012,X,39.05,39.05,39.05,39.05,39.02,1,39.00,1
BSE,SAMKRG,INE706B01012,X,120.40,121.00,118.50,118.85,120.35,2525,304513.00,18
BSE,SAMMAANCAP,INE148I01020,A,157.40,160.90,154.50,160.70,158.00,642058,100939216.00,3828
BSE,SAMOR,INE0GD201014,B,95.00,95.00,95.00,95.00,92.00,2,190.00,1
BSE,SAMPANN,INE735M01018,B,26.90,27.81,26.90,27.81,27.59,224,6170.00,10
BSE,SAMPAT,INE10XS01012,MT,35.24,35.35,35.24,35.35,35.32,4800,169428.00,4
BSE,SAMPRE,INE375C01022,X,6.32,6.77,6.32,6.32,6.65,314982,2009833.00,214
BSE,SAMRATPH,INE103E01016,XT,246.00,255.50,240.00,251.00,246.55,619,156465.00,25
BSE,SAMSRITA,INE579N01018,X,12.95,12.95,11.97,12.35,12.60,3767,45202.00,25
BSE,SAMTELIN,INE538C01017,XT,51.28,51.28,51.28,51.28,53.97,3460,177428.00,32
BSE,SAMTEX,INE931D01020,X,1.48,1.54,1.40,1.52,1.46,20172,29697.00,39
BSE,SAMYAKINT,INE607G01011,X,17.95,17.95,16.50,17.10,17.12,286,4751.00,12
BSE,SANATHAN,INE0JPD01013,B,480.25,496.05,476.05,488.15,482.10,2128,1029656.00,181
BSE,SANBLUE,INE602D01027,XT,29.45,29.45,29.45,29.45,30.98,40,1178.00,1
BSE,SANCODE,INE0P7001013,MT,399.30,407.25,399.30,407.25,399.30,12500,5058825.00,13
BSE,SANCTRN,INE391G01012,X,720.00,720.00,710.00,711.75,710.00,23,16370.00,3
BSE,SANDHAR,INE278H01035,B,588.90,598.00,576.45,594.15,585.45,7912,4648020.00,345
BSE,SANDUMA,INE149K01016,A,193.15,195.60,191.00,195.05,194.55,35459,6851755.00,730
BSE,SANDUPHQ,INE751D01014,X,41.00,41.00,39.00,39.29,41.00,3304,129249.00,30
BSE,SANGAMFIN,INE475D01010,X,38.51,39.00,37.00,37.01,38.51,337,12590.00,8
BSE,SANGAMIND,INE495C01010,B,610.20,623.50,604.95,611.30,618.60,4193,2557333.00,155
BSE,SANGHVIMOV,INE989A01032,B,425.55,460.90,419.80,458.10,425.05,60195,26936963.00,1183
BSE,SANINFRA,INE799C01049,XT,51.00,51.87,49.00,49.50,51.23,2065,106003.00,64
BSE,SANJIVIN,INE860D01013,X,152.95,152.95,147.90,148.65,150.05,2529,376664.00,78
BSE,SANOFI,INE058A01010,A,3401.70,3429.55,3361.80,3387.70,3395.05,1656,5621939.00,254
BSE,SANOFICONR,INE0UOS01011,B,4614.75,4718.00,4614.75,4681.70,4646.10,283,1322221.00,57
BSE,SANSERA,INE953O01021,A,3149.35,3203.05,3101.00,3187.15,3190.90,22229,70153327.00,2030
BSE,SANSTAR,INE08NE01025,B,105.35,109.60,104.00,108.15,105.85,20835,2199837.00,237
BSE,SANTETX,INE589J01015,X,140.05,154.95,140.00,148.95,141.80,219,31934.00,18
BSE,SANWARIA,INE890C01046,Z,0.49,0.49,0.49,0.49,0.49,4104,2010.00,7
BSE,SAPL,INE002E01010,X,3459.95,3632.90,3450.05,3632.90,3459.95,124,448971.00,29
BSE,SAPPHIRE,INE806T01020,A,178.95,185.10,172.00,178.95,179.60,237658,42668983.00,2590
BSE,SAPPL,INE185C01017,B,312.90,312.90,291.30,291.30,300.20,53,15460.00,4
BSE,SARDAEN,INE385C01021,A,502.40,504.10,491.05,501.50,502.25,8981,4460257.00,262
BSE,SAREGAMA,INE979A01025,A,493.85,498.00,468.85,496.50,488.55,135663,64802403.00,931
BSE,SARLAPOLY,INE453D01025,B,101.51,103.35,99.14,99.93,101.36,4276,427490.00,98
BSE,SARTHAKIND,INE074H01012,X,26.00,26.00,25.00,25.00,26.75,574,14648.00,17
BSE,SARUPINDUS,INE305D01019,X,123.45,123.55,123.45,123.55,117.70,1500,185250.00,3
BSE,SARVESHWAR,INE324X01026,T,3.44,3.50,3.38,3.47,3.45,59636,205559.00,122
BSE,SARVOTTAM,INE822Q01015,X,20.42,20.43,20.42,20.43,20.43,5000,102143.00,4
BSE,SASKEN,INE231F01020,B,1814.95,1845.15,1807.40,1825.80,1831.05,1048,1916068.00,189
BSE,SATCH,INE639K01016,XT,6.09,6.09,5.60,5.81,5.82,196754,1152680.00,192
BSE,SATIA,INE170E01023,B,61.49,62.43,60.20,60.59,62.63,7872,479950.00,150
BSE,SATIN,INE836B01017,B,252.50,270.75,252.50,268.65,256.05,76409,20254435.00,1477
BSE,SATTVASUKU,INE280E01038,X,0.78,0.79,0.76,0.76,0.78,78943,60540.00,89
BSE,SAUMYA,INE563C01015,X,117.20,122.00,117.10,122.00,122.50,173,20263.00,5
BSE,SAURASHCEM,INE626A01014,B,56.12,57.41,55.05,56.64,57.18,15241,859953.00,333
BSE,SAVERA,INE104E01014,X,166.80,166.80,157.10,161.90,166.80,1895,306528.00,48
BSE,SAWACA,INE248B01023,X,0.29,0.30,0.29,0.30,0.29,483677,142729.00,200
BSE,SAYAJIIND,INE327G01032,X,100.10,104.50,98.55,103.85,99.65,1786,184628.00,23
BSE,SBC,INE04AK01028,B,42.35,42.36,42.04,42.13,42.14,23007,969486.00,138
BSE,SBCL,INE386D01027,B,728.55,779.00,728.55,754.70,752.70,22216,16703187.00,1951
BSE,SBECSUG,INE948G01019,XT,65.00,65.00,60.00,62.55,62.66,1006,61303.00,20
BSE,SBECSYS,INE689V01018,X,20.30,20.30,19.30,19.75,19.95,2611,50860.00,18
BSE,SBFC,INE423Y01016,A,90.58,92.40,90.00,92.13,90.56,85533,7797081.00,794
BSE,SBFL,INE363D01018,X,24.44,24.44,22.50,24.12,24.44,1120,26043.00,19
BSE,SBGLP,INE05ST01028,B,24.71,24.75,24.58,24.75,24.70,69,1703.00,6
BSE,SBICARD,INE018E01016,A,617.45,625.45,611.30,618.95,621.75,27525,17016928.00,1019
BSE,SBIFUNDS,INE640G01020,A,575.25,589.00,572.15,587.20,577.65,814314,471868967.00,33157
BSE,SBILIFE,INE123W01016,A,1849.60,1889.10,1831.50,1857.65,1852.75,59266,109659428.00,2822
BSE,SBIN,INE062A01020,A,1005.00,1018.00,1000.50,1015.05,1012.85,825259,833843558.00,27486
BSE,SBVCL,INE0RNZ01014,MT,105.90,105.90,103.75,105.00,105.90,1800,188790.00,3
BSE,SCAGRO,INE895E01017,XT,29.76,29.76,29.75,29.75,28.35,6271,186572.00,20
BSE,SCANPRO,INE393D01015,XT,105.50,110.25,105.50,110.25,105.00,171,18748.00,4
BSE,SCANSTL,INE099G01011,B,49.21,50.02,47.37,49.21,49.59,35756,1747126.00,862
BSE,SCC,INE892C01018,X,12.52,12.52,12.50,12.50,12.40,1876,23451.00,7
BSE,SCDL,INE0UMH01018,M,68.75,69.40,65.99,69.40,68.75,12800,869360.00,8
BSE,SCHAEFFLER,INE513A01022,A,4012.00,4123.60,3952.15,4103.90,4093.55,2466,9938343.00,934
BSE,SCHAND,INE807K01035,B,148.10,148.10,145.95,147.20,145.60,151,22183.00,13
BSE,SCHNEIDER,INE839M01018,A,1320.05,1370.75,1320.05,1353.70,1344.25,20691,27837166.00,1428
BSE,SCI,INE109A01011,A,266.65,277.25,260.25,275.35,268.50,91453,24507249.00,1779
BSE,SCILAL,INE0PB301013,B,41.08,41.68,40.99,41.26,41.69,30810,1271387.00,231
BSE,SCODATUBES,INE090501011,B,141.15,148.00,140.25,146.80,141.65,11246,1626041.00,239
BSE,SCOOBEEDAY,INE962E01015,X,73.99,73.99,71.00,71.00,70.00,4,289.00,4
BSE,SCPL,INE501Y01019,B,577.90,578.55,566.20,570.45,577.85,22709,12986624.00,152
BSE,SCTL,INE452S01025,X,0.48,0.48,0.46,0.48,0.48,88080,41691.00,127
BSE,SDBL,INE480C01038,B,72.50,73.20,71.48,73.03,73.39,59795,4326058.00,654
BSE,SDL,INE004E01016,X,34.31,37.10,34.31,37.10,36.05,533,19659.00,12
BSE,SEALMATIC,INE0O4601016,M,390.00,396.50,390.00,393.85,390.00,4860,1899810.00,17
BSE,SEAMECLTD,INE497B01018,B,1401.80,1413.70,1379.45,1393.40,1401.80,1641,2300681.00,151
BSE,SEASONST,INE707B01010,X,17.97,17.97,17.62,17.62,17.57,14,247.00,5
BSE,SEATV,INE351L01016,X,2.85,2.85,2.71,2.75,2.85,403,1109.00,9
BSE,SECURKLOUD,INE650K01021,B,17.63,18.10,16.88,17.62,17.99,3420,59676.00,60
BSE,SEDEMAC,INE00XB01019,B,2739.00,2788.00,2672.55,2687.60,2750.80,5246,14335279.00,678
BSE,SEEMAX,INE1EVO01017,M,50.05,51.20,50.05,50.20,52.25,15000,757400.00,15
BSE,SEIL,INE440T01028,B,207.00,207.50,202.00,203.50,208.10,56463,11531826.00,964
BSE,SEJALLTD,INE955I01044,T,766.80,769.95,734.45,757.60,773.10,2910,2167765.00,69
BSE,SEKURITIND,INE068B01017,X,131.30,134.70,130.60,131.95,133.00,52478,6981609.00,471
BSE,SEL,INE367E01033,X,33.60,33.60,30.59,30.59,32.00,126,3869.00,8
BSE,SELECTRIC,INE155D01018,B,2578.05,2578.05,2332.55,2356.25,2455.30,85100,212097794.00,2614
BSE,SELMC,INE105I01020,B,27.84,28.60,27.65,28.60,27.84,473,13322.00,15
BSE,SEML,INE0KPY01017,MT,45.10,45.10,43.18,43.24,45.45,7500,328068.00,19
BSE,SENCO,INE602W01027,A,385.00,389.00,377.15,382.95,385.85,91328,34932133.00,1553
BSE,SENORES,INE0RB801010,A,1392.50,1402.80,1372.05,1386.15,1395.65,7613,10565775.00,627
BSE,SEPC,INE964H01014,B,5.89,6.15,5.82,6.02,5.95,1180676,7020192.00,958
BSE,SERA,INE017I01027,X,40.50,40.64,39.63,40.00,40.42,14669,589740.00,41
BSE,SESHACHAL,INE331F01028,X,82.99,83.20,76.15,81.82,79.43,3917,315141.00,61
BSE,SESHAPAPER,INE630A01024,B,231.45,232.00,225.00,231.05,230.00,1551,355903.00,80
BSE,SETCO,INE878E01021,T,18.00,18.66,17.94,18.66,18.30,6427,115931.00,35
BSE,SETL,INE0M4D01010,B,281.45,284.00,272.80,273.10,287.15,52295,14434981.00,957
BSE,SETUINFRA,INE023M01027,Z,0.44,0.44,0.42,0.44,0.43,4854,2079.00,7
BSE,SEVL,INE0SC101013,M,37.00,38.45,37.00,38.20,37.00,9600,363840.00,8
BSE,SFL,INE916U01025,A,742.55,768.35,741.35,762.80,754.20,22022,16587512.00,730
BSE,SFPIL,INE716K01020,X,8.33,8.33,7.29,8.16,8.32,1333,10478.00,16
BSE,SGFIN,INE618R01015,B,668.15,724.00,659.70,698.90,663.65,128127,89361818.00,3074
BSE,SGFRL,INE07GA01011,M,97.00,99.50,95.05,99.50,101.00,2250,218662.00,3
BSE,SGIL,INE00QT01015,B,595.65,595.65,595.60,595.60,595.60,46,27397.00,41
BSE,SGL,INE353H01010,B,9.71,9.71,9.70,9.70,9.50,200,1940.00,3
BSE,SGLRES,INE967B01028,XT,2.60,2.65,2.55,2.65,2.60,34493,89331.00,139
BSE,SGMART,INE385F01024,B,676.95,717.15,670.30,713.50,673.95,62032,43163616.00,2115
BSE,SGNTE,INE266C01023,X,0.55,0.55,0.50,0.51,0.52,48085,24547.00,31
BSE,SGRL,INE414Y01015,X,656.95,657.00,634.00,643.00,660.10,1931,1247385.00,97
BSE,SHADOWFAX,INE12UN01015,B,208.25,217.20,203.85,214.35,218.55,17621302,3650994986.00,80239
BSE,SHAH,INE482J01021,B,5.00,5.13,4.18,4.46,4.75,2377501,11750696.00,1335
BSE,SHAHALLOYS,INE640C01011,B,67.00,67.66,66.00,66.00,66.08,1192,79475.00,38
BSE,SHAHFOOD,INE455D01012,XT,382.00,389.50,382.00,389.45,382.00,1136,442219.00,19
BSE,SHAHISHIP,INE825D01016,X,12.22,12.25,11.71,12.17,12.19,855,10407.00,19
BSE,SHAHLON,INE052001026,X,26.70,26.70,26.03,26.10,26.69,2701,71039.00,12
BSE,SHAILY,INE151G01028,A,2973.10,2977.05,2903.80,2966.05,2951.05,8737,25761387.00,795
BSE,SHAKTIPR,INE794C01016,XT,14.50,14.97,14.35,14.57,15.06,428644,6216199.00,1282
BSE,SHAKTIPUMP,INE908D01010,A,542.05,557.00,534.20,553.55,543.20,35797,19539694.00,1037
BSE,SHALBY,INE597J01018,B,162.90,164.05,160.10,163.00,163.00,3015,491063.00,120
BSE,SHALIWIR,INE655D01025,X,18.75,20.15,18.52,18.81,19.75,3888,74809.00,38
BSE,SHALPAINTS,INE849C01026,B,64.00,69.15,61.20,69.11,62.87,148400,10069616.00,1122
BSE,SHALPRO,INE435E01020,XT,0.33,0.33,0.33,0.33,0.34,903666,298209.00,212
BSE,SHANGAR,INE118R01032,X,0.23,0.24,0.23,0.24,0.24,205387,47761.00,82
BSE,SHANKARA,INE274V01019,B,135.95,140.00,135.95,139.75,139.30,3402,473124.00,73
BSE,SHANMUGA,INE0TD301017,M,45.50,45.50,42.20,42.20,42.99,10000,429620.00,5
BSE,SHANTIDENM,INE0QZQ01019,M,36.88,37.00,36.88,37.00,37.69,4000,147760.00,2
BSE,SHANTIGEAR,INE631A01022,B,420.00,424.60,414.00,420.00,413.40,249,104364.00,52
BSE,SHANTIGOLD,INE06ZD01017,B,207.00,213.55,203.95,211.65,207.40,55892,11738568.00,773
BSE,SHAQUAK,INE545N01019,X,1.14,1.14,1.05,1.05,1.14,5921,6439.00,6
BSE,SHARDACROP,INE221J01015,A,856.15,875.00,855.00,872.90,868.75,8488,7323236.00,676
BSE,SHARDAMOTR,INE597I01028,B,819.25,833.70,815.70,824.75,829.25,1615,1330255.00,117
BSE,SHARDUL,INE037B01020,T,53.76,53.76,53.76,53.76,56.58,2287,122949.00,13
BSE,SHAREINDIA,INE932X01026,B,193.75,193.85,186.50,191.30,193.60,44304,8399254.00,502
BSE,SHARIKA,INE669Y01022,T,18.92,18.93,18.92,18.93,19.30,6908,130718.00,24
BSE,SHARMEH,INE465H01012,X,104.90,104.90,98.00,100.90,94.05,261,26188.00,32
BSE,SHARPINV,INE909D01026,X,0.34,0.35,0.34,0.35,0.35,8266668,2890289.00,226
BSE,SHARPLINE,INE647W01014,X,9.99,10.00,9.99,10.00,10.00,38556,385556.00,8
BSE,SHARVAYA,INE0UJF01018,MT,112.30,118.95,112.30,115.10,116.50,10800,1244820.00,12
BSE,SHASHIJIT,INE700V01021,X,2.43,2.54,2.27,2.52,2.43,24218,57268.00,38
BSE,SHAWGELTIN,INE869A01010,X,496.90,505.00,480.30,499.45,496.70,7157,3493558.00,212
BSE,SHAYONAENG,INE0UCL01011,M,136.00,136.00,135.00,135.50,140.00,2000,271000.00,2
BSE,SHBAJRG,INE402H01015,B,190.05,190.05,182.00,182.95,189.55,2264,418596.00,57
BSE,SHEKHAWATI,INE268L01046,T,11.80,11.85,11.80,11.83,11.64,232,2740.00,6
BSE,SHELTER,INE013V01011,M,27.20,27.20,26.50,26.90,27.00,12000,322050.00,4
BSE,SHEMAROO,INE363M01019,T,124.45,125.00,124.45,124.50,131.00,977,121738.00,11
BSE,SHENTRA,INE0OUS01011,XT,130.40,130.40,128.45,128.45,127.85,189,24402.00,9
BSE,SHERVANI,INE011D01013,X,288.00,288.00,275.15,277.80,303.65,236,66540.00,31
BSE,SHESHAINDS,INE193R01019,X,17.10,17.10,17.10,17.10,18.00,842,14398.00,7
BSE,SHETR,INE278C01010,X,99.06,99.06,93.20,94.99,99.06,636,60442.00,26
BSE,SHGANEL,INE400N01017,X,18.21,18.21,18.21,18.21,18.21,5,91.00,2
BSE,SHHARICH,INE065E01017,X,134.95,135.00,134.85,134.95,134.05,287,38732.00,9
BSE,SHILCTECH,INE024F01011,B,4088.65,4322.05,4088.65,4277.90,4126.80,2740,11544696.00,698
BSE,SHILGRAVQ,INE960A01017,X,149.00,153.60,148.00,151.05,149.10,351,52082.00,12
BSE,SHILPAMED,INE790G01031,A,605.05,613.45,598.00,607.00,603.15,34644,21009301.00,932
BSE,SHINDL,INE220Z01013,B,161.75,162.20,158.00,158.45,163.35,87775,13981626.00,162
BSE,SHINEFASH,INE0BLY01023,MT,25.00,25.00,25.00,25.00,23.85,4000,100000.00,1
BSE,SHIPWAVES,INE0O9L01010,M,3.42,3.42,3.20,3.28,3.16,70000,228500.00,7
BSE,SHISHIND,INE145Y01023,X,12.72,13.70,12.65,13.47,12.80,1446496,19242919.00,758
BSE,SHIVA,INE728Q01014,X,8.15,9.61,8.15,9.61,8.75,3159,30125.00,16
BSE,SHIVAAGRO,INE960E01019,X,39.27,39.90,38.00,39.76,39.27,1485,57926.00,22
BSE,SHIVACEM,INE555C01029,X,17.19,17.88,16.90,16.99,17.18,214560,3693072.00,399
BSE,SHIVALIK,INE788J01021,T,241.00,254.95,241.00,254.95,242.85,20304,5154627.00,136
BSE,SHIVAM,INE0SGR01013,M,98.00,98.65,98.00,98.05,102.00,6000,589125.00,4
BSE,SHIVAMAUTO,INE637H01024,T,18.03,18.03,17.90,17.95,17.68,33744,605778.00,26
BSE,SHIVAMILLS,INE644Y01017,T,58.00,58.00,58.00,58.00,55.30,322,18676.00,2
BSE,SHIVATEX,INE705C01020,B,170.00,175.00,149.05,155.90,148.25,1340,201303.00,15
BSE,SHIVTEXCHEM,INE0YRO01015,MT,115.60,119.00,115.00,115.00,116.10,4800,559100.00,12
BSE,SHK,INE500L01026,B,139.80,141.55,137.05,140.10,140.55,22535,3144096.00,232
BSE,SHKARTP,INE538D01015,X,7.12,7.12,6.66,6.66,7.07,948,6513.00,21
BSE,SHLOKKA,INE1EUB01016,MT,22.39,22.39,22.39,22.39,23.56,4800,107472.00,4
BSE,SHOPERSTOP,INE498B01024,B,373.55,380.00,363.05,377.55,381.15,7042,2617050.00,425
BSE,SHPLPUNE,INE07G501017,X,840.00,840.00,800.00,805.00,830.00,40,32280.00,9
BSE,SHRAAITECH,INE489B01031,X,23.30,24.45,23.05,23.68,23.83,10745,255833.00,125
BSE,SHRADDHA,INE311M01018,X,163.05,165.25,158.00,159.65,165.95,5166,832923.00,108
BSE,SHRDAIS,INE385M01012,X,161.00,164.70,160.00,162.75,161.00,2143,344321.00,11
BSE,SHREDIGCEM,INE232A01011,B,74.62,77.32,73.99,76.27,74.86,6575,501342.00,184
BSE,SHREECEM,INE070A01015,A,26640.75,26992.00,26443.95,26739.35,26802.25,241,6441716.00,155
BSE,SHREEGANES,INE051N01026,X,0.56,0.57,0.55,0.56,0.56,349261,194496.00,185
BSE,SHREEJISPG,INE1B6101010,B,608.90,627.20,608.90,622.90,617.55,9151,5652487.00,302
BSE,SHREENATH,INE0RXS01018,M,13.44,13.44,13.00,13.00,13.44,6000,79320.00,2
BSE,SHREEPAC,INE847D01010,X,133.60,133.60,121.30,128.05,129.95,8962,1134354.00,187
BSE,SHREEPUSHK,INE712K01011,B,388.20,389.00,381.70,387.55,391.10,1292,498649.00,76
BSE,SHREERAMA,INE879A01019,B,40.30,40.66,39.98,40.15,40.53,4952,198766.00,116
BSE,SHREEREF,INE0FMZ01045,M,341.25,342.95,337.00,339.15,342.95,49500,16800275.00,90
BSE,SHREESEC,INE397C01026,Z,0.20,0.21,0.19,0.21,0.20,417958,86479.00,89
BSE,SHREMETAL,INE914B01012,X,36.51,38.97,36.00,38.96,38.96,740,28169.00,28
BSE,SHREYANIND,INE231C01019,B,140.80,141.00,137.05,137.75,137.80,525,73954.00,174
BSE,SHREYASI,INE115F01017,X,6.29,6.29,5.81,6.23,6.23,1364,8472.00,14
BSE,SHRICON,INE753D01010,XT,186.05,192.00,186.05,192.00,195.80,12,2238.00,4
BSE,SHRIDINE,INE204C01024,XT,369.00,369.00,346.15,350.00,355.00,5255,1933617.00,23
BSE,SHRIGANG,INE241V01018,X,62.51,63.74,61.05,62.30,61.99,12629,788532.00,70
BSE,SHRIKRISH,INE997I01012,B,51.00,51.00,39.00,40.25,43.88,321,13130.00,20
BSE,SHRINGARMS,INE1B3L01017,B,220.00,220.20,215.00,219.65,220.60,13869,3023208.00,198
BSE,SHRINIWAS,INE201F01015,X,12.49,12.49,11.90,12.12,11.94,4272,52369.00,19
BSE,SHRIPISTON,INE526E01018,A,4294.70,4294.70,4129.10,4160.20,4272.25,2326,9739674.00,437
BSE,SHRIRAMFIN,INE721A01047,A,1023.55,1050.00,992.75,1005.00,1025.45,745680,755659270.00,24784
BSE,SHRIRAMPPS,INE217L01019,B,87.19,87.20,82.10,85.15,83.98,106689,8946004.00,323
BSE,SHRJAGP,INE564J01026,X,577.90,577.90,567.00,571.80,578.70,163,92993.00,19
BSE,SHRMFGC,INE632A01012,X,10.50,10.50,10.50,10.50,10.50,2,21.00,1
BSE,SHRYDUS,INE488C01015,XT,5.33,5.33,5.07,5.13,5.33,119465,607261.00,65
BSE,SHTL,INE0D8001018,MT,75.30,75.30,71.54,74.00,75.30,6000,441228.00,5
BSE,SHUBHAM,INE01J501010,X,38.90,38.90,38.50,38.60,38.35,1668,64455.00,16
BSE,SHUKRAPHAR,INE551C01044,B,32.32,32.59,31.11,31.72,32.32,106178,3389914.00,792
BSE,SHVFL,INE981C01019,X,24.80,24.80,24.80,24.80,25.90,20,496.00,2
BSE,SHYAMACOMP,INE861E01019,P,2.75,2.75,2.49,2.75,2.62,14300,35800.00,14
BSE,SHYAMCENT,INE979R01011,T,5.19,5.68,5.18,5.38,5.44,3188,16637.00,30
BSE,SHYAMMETL,INE810G01011,A,1015.85,1032.25,1010.90,1027.25,1039.00,6786,6934654.00,362
BSE,SHYAMTEL,INE635A01023,T,15.86,15.86,15.86,15.86,15.55,805,12767.00,4
BSE,SHYMINV,INE203N01015,X,12.33,12.94,11.50,12.94,12.63,836,10409.00,29
BSE,SIBARAUT,INE441C01014,X,7.99,7.99,7.90,7.96,7.71,1394,11093.00,20
BSE,SICAGEN,INE176J01011,B,50.50,51.50,50.02,50.05,50.05,2498,126547.00,25
BSE,SICALLOG,INE075B01020,B,96.00,97.95,94.00,97.53,97.67,870,84245.00,155
BSE,SICAPIT,INE417F01017,XT,32.70,32.77,30.00,31.73,31.21,24598,796711.00,107
BSE,SIDDHA,INE140C01012,X,4.10,4.10,4.00,4.00,4.10,440,1794.00,6
BSE,SIEL,INE843L01012,X,30.55,32.19,28.21,32.19,32.45,371,10921.00,12
BSE,SIEMENS,INE003A01024,A,3628.50,3712.35,3622.95,3686.60,3682.55,6279,23020678.00,1520
BSE,SIGACHI,INE0D0K01022,T,25.43,25.43,25.43,25.43,25.94,79554,2023058.00,118
BSE,SIGIND,INE529F01035,B,40.15,45.89,40.15,44.80,44.23,6509,288108.00,140
BSE,SIGMA,INE0A0S01028,B,37.87,38.30,37.00,37.80,37.87,2713,102093.00,28
BSE,SIGMAADV,INE933B01012,T,474.00,522.60,472.90,521.45,497.75,68055,32528491.00,724
BSE,SIGNATURE,INE903U01023,A,765.15,777.65,755.55,769.20,767.10,16844,12844990.00,430
BSE,SIGNPOST,INE0KGZ01021,B,307.80,311.55,303.00,309.05,301.30,8703,2674706.00,214
BSE,SIHORA,INE0SFA01011,M,59.00,59.00,59.00,59.00,59.00,8000,472000.00,3
BSE,SIIL,INE400R01018,XT,10.57,10.98,10.47,10.96,10.47,21080,221241.00,20
BSE,SIKA,INE438E01032,B,1122.00,1153.80,1100.15,1138.30,1134.80,7114,8007538.00,609
BSE,SIL,INE173A01025,B,16.15,16.43,15.69,15.97,16.15,4793,76322.00,72
BSE,SILINV,INE923A01015,B,415.00,416.00,413.15,415.00,421.00,160,66541.00,18
BSE,SILL,INE147701010,M,74.00,93.00,74.00,92.83,90.00,17600,1551600.00,6
BSE,SILVERO,INE798C01017,Z,7.00,7.02,7.00,7.02,6.69,1666,11662.00,30
BSE,SILVERTUC,INE625X01026,B,196.40,201.50,187.65,199.95,191.95,99274,19111223.00,1054
BSE,SILVOAK,INE870J01019,X,80.15,80.15,74.10,77.50,79.52,398,29939.00,22
BSE,SIMANDHAR,INE0VI201010,X,144.55,157.90,144.55,146.20,144.55,18,2615.00,3
BSE,SIMBHALS,INE748T01016,Z,6.68,7.00,6.68,6.90,6.95,102,703.00,3
BSE,SIMMOND,INE657D01021,XT,192.00,192.00,180.00,188.30,184.15,12349,2309457.00,81
BSE,SIMPLEXCAS,INE658D01029,X,99.10,102.30,98.30,99.65,102.55,165612,16536662.00,303
BSE,SIMPLEXINF,INE059B01024,B,236.35,237.75,232.00,237.75,236.10,73,17082.00,12
BSE,SIMPLXMIL,INE457H01027,X,4614.75,4614.75,4614.75,4614.75,4614.75,5,23073.00,1
BSE,SIMPLXPAP,INE456H01029,X,1250.00,1250.00,1250.00,1250.00,1199.95,13,16250.00,1
BSE,SIMPLXREA,INE167H01014,X,127.55,127.55,127.55,127.55,134.25,5,637.00,1
BSE,SIMRAN,INE354D01017,X,154.65,159.00,148.15,151.90,151.30,10322,1571197.00,87
BSE,SINCLAIR,INE985A01022,B,79.75,79.75,72.51,74.50,74.68,1396,102516.00,109
BSE,SINDHUTRAD,INE325D01025,B,24.98,24.98,24.11,24.56,24.81,48300,1180608.00,172
BSE,SINGERIND,INE638A01035,B,68.00,68.00,64.85,66.26,67.01,10801,710353.00,188
BSE,SIPL,INE413C01013,X,14.20,15.50,14.20,14.51,14.77,862,12518.00,19
BSE,SIRCA,INE792Z01011,B,394.40,395.35,389.20,393.85,394.00,9226,3628833.00,230
BSE,SIS,INE285J01028,B,439.00,440.00,434.15,436.60,439.30,6787,2969542.00,322
BSE,SITAENT,INE579D01019,X,140.20,142.00,132.00,135.05,140.20,5631,766141.00,91
BSE,SITINET,INE965H01011,Z,0.49,0.49,0.49,0.49,0.49,22808,11175.00,12
BSE,SIYARAM,INE0QSK01017,MT,37.50,38.97,36.92,38.03,38.28,24000,907050.00,16
BSE,SIYSIL,INE076B01028,B,613.85,613.85,597.00,609.10,615.60,3002,1813865.00,232
BSE,SIZEMASTER,INE235U01012,XT,325.00,348.00,325.00,347.00,338.00,41,13614.00,7
BSE,SJS,INE284S01014,A,2276.50,2359.00,2243.75,2334.30,2275.70,8836,20318365.00,972
BSE,SJVN,INE002L01015,A,67.24,67.73,66.80,67.54,67.73,281768,18932916.00,2703
BSE,SKCIL,INE260E01014,X,117.00,121.60,115.00,116.55,114.00,106024,12510988.00,179
BSE,SKFINDIA,INE640A01023,A,1470.95,1513.25,1455.05,1487.50,1470.95,1809,2685396.00,282
BSE,SKFINDUS,INE2J8701016,B,2753.75,2779.90,2723.30,2731.10,2783.25,979,2684431.00,215
BSE,SKIEL,INE04ST01013,MT,24.40,24.40,24.40,24.40,25.50,6000,146400.00,1
BSE,SKIFL,INE951Z01013,M,7.67,7.67,7.67,7.67,7.32,1250,9587.00,1
BSE,SKIPPER,INE439E01022,B,518.25,535.05,518.25,528.45,529.30,19550,10298069.00,626
BSE,SKL,INE459U01018,MT,9.14,9.14,8.28,8.28,8.71,30000,257200.00,3
BSE,SKM,INE13YH01017,MT,481.00,490.00,464.00,473.75,486.50,9000,4266600.00,9
BSE,SKMEGGPROD,INE411D01023,B,321.95,332.95,317.80,325.90,321.90,35851,11721896.00,673
BSE,SKPMIL,INE970C01012,XT,105.00,110.10,105.00,106.00,105.00,903,96329.00,9
BSE,SKPSEC,INE709B01016,X,128.80,128.80,112.00,114.50,114.30,1589,185894.00,35
BSE,SKYBIOTECH,INE393H01016,XT,157.45,161.90,152.00,160.15,157.00,461,73024.00,17
BSE,SKYGOLD,INE01IU01018,A,648.15,660.00,633.05,650.55,648.75,65080,42310463.00,1941
BSE,SKYIND,INE765B01018,X,111.50,111.50,101.28,103.51,104.45,5140,532793.00,112
BSE,SKYLMILAR,INE178E01026,X,15.82,15.82,14.82,15.75,15.75,176,2771.00,7
BSE,SLSTLQ,INE456D01010,X,30.50,30.50,30.50,30.50,30.40,250,7625.00,7
BSE,SMARTFIN,INE766D01020,X,7.53,7.97,7.53,7.75,7.55,1729,13241.00,27
BSE,SMARTLINK,INE178C01020,T,204.40,210.00,204.40,204.40,215.15,362,74146.00,18
BSE,SMARTWORKS,INE0NAZ01010,B,485.10,485.10,471.50,482.25,479.95,2522,1199728.00,189
BSE,SMCGLOBAL,INE103C01036,B,77.25,77.27,74.89,75.49,77.85,24744,1871779.00,157
BSE,SMFIL,INE728B01032,XT,11.51,11.51,11.51,11.51,11.29,21144,243367.00,30
BSE,SMGOLD,INE00Q901014,B,12.24,12.24,11.90,12.00,12.05,1838,22111.00,35
BSE,SML,INE848R01018,X,47.00,50.72,46.02,50.44,48.31,158,7896.00,16
BSE,SMLMAH,INE294B01019,A,3900.90,3900.95,3770.90,3845.30,3899.80,2786,10675728.00,523
BSE,SMLT,INE017W01010,B,67.65,67.85,66.80,67.13,66.10,79,5329.00,15
BSE,SMR,INE11XK01017,M,89.00,89.00,89.00,89.00,87.00,2000,178000.00,2
BSE,SMRUTHIORG,INE172E01011,X,116.20,116.20,113.00,114.00,113.70,2053,234015.00,33
BSE,SMSPHARMA,INE812G01025,B,383.65,386.60,377.65,380.80,384.95,3475,1329105.00,156
BSE,SMTEL,INE673E01018,XT,594.35,594.35,537.75,537.75,566.05,4801,2792975.00,248
BSE,SNL,INE568F01017,X,378.00,384.50,378.00,381.20,383.15,730,277516.00,29
BSE,SNOWMAN,INE734N01019,B,35.02,36.67,35.02,36.34,36.01,17904,646666.00,176
BSE,SOBHA,INE671H01015,A,1365.00,1373.00,1327.00,1363.15,1375.45,8850,11930897.00,485
BSE,SOBME,INE754D01018,X,901.00,901.00,865.50,885.00,889.00,93,81441.00,12
BSE,SODHACAP,INE0QU501030,M,58.00,61.50,58.00,58.00,59.02,10000,600000.00,5
BSE,SOFCOM,INE499Q01012,XT,18.99,18.99,18.00,18.11,18.88,4417,80595.00,43
BSE,SOFTRAKV,INE562E01021,XT,1.61,1.61,1.52,1.59,1.60,1291,2067.00,23
BSE,SOLARA,INE624Z01016,B,517.15,530.20,487.30,490.35,524.10,32325,16270100.00,1424
BSE,SOLARINDS,INE343H01029,A,18614.40,18614.40,18350.00,18489.15,18608.40,2994,55323297.00,749
BSE,SOLARIUM,INE0W0H01017,M,174.80,174.90,170.40,174.05,174.90,10200,1770195.00,33
BSE,SOLARWORLD,INE0TY101024,B,195.75,203.30,194.65,201.85,199.05,13466,2680174.00,279
BSE,SOLIDSTON,INE584G01012,X,26.49,26.49,26.29,26.29,25.00,12,315.00,3
BSE,SOLIMAC,INE410A01013,X,90.26,95.00,88.30,93.97,90.26,1560,146405.00,23
BSE,SOMANYCERA,INE355A01028,B,489.00,498.70,482.90,498.15,489.50,201326,99145651.00,199
BSE,SOMATEX,INE314C01013,B,100.00,100.00,100.00,100.00,100.71,233,23300.00,1
BSE,SOMICONVEY,INE323J01019,B,96.25,98.10,96.25,96.90,98.20,693,66855.00,75
BSE,SONACOMS,INE073K01018,A,712.90,741.75,705.00,717.70,719.25,541381,392575169.00,16796
BSE,SONAL,INE321M01017,B,85.00,85.50,84.15,84.69,88.50,159,13465.00,5
BSE,SONALAD,INE344I01017,X,49.00,49.00,47.00,47.40,48.33,1123,53383.00,9
BSE,SONALIS,INE0N5O01013,M,50.95,51.03,50.95,51.03,48.60,20000,1020320.00,9
BSE,SONATSOFTW,INE269A01021,A,285.10,291.75,280.40,288.15,287.90,59346,16994749.00,1149
BSE,SOTEFIN,INE12Z301012,MT,215.25,216.80,204.50,213.95,215.25,600600,124559460.00,548
BSE,SOTL,INE035D01020,B,642.55,656.15,615.95,646.70,646.30,64651,41163986.00,1838
BSE,SOURCEIND,INE695C01015,XT,28.19,28.19,28.19,28.19,27.64,300,8457.00,1
BSE,SOURCENTRL,INE679C01027,X,109.45,109.95,103.00,109.75,109.45,5572,583825.00,46
BSE,SOUTHBANK,INE683A01023,A,47.51,47.51,45.90,46.53,47.51,825269,38430786.00,4731
BSE,SOUTHERNIN,INE298B01010,X,21.50,21.50,19.50,20.02,21.00,2606,52173.00,28
BSE,SOUTHMG,INE308N01012,X,72.75,76.00,69.20,70.24,72.75,959,68109.00,22
BSE,SOUTHWEST,INE980Y01015,B,246.45,246.45,229.25,234.10,235.90,5408,1256093.00,212
BSE,SOUTLAT,INE410M01018,XT,23.94,23.94,22.75,22.75,23.94,100,2334.00,2
BSE,SOVERDIA,INE959D01013,X,22.99,23.99,22.05,23.52,22.99,269,6160.00,13
BSE,SPACAPS,INE726X01014,XT,203.30,203.30,203.30,203.30,214.00,5,1016.00,1
BSE,SPACEINCUBA,INE797Z01028,XT,0.18,0.18,0.18,0.18,0.18,186244,33523.00,63
BSE,SPAL,INE212I01016,B,989.15,1019.00,982.00,1002.85,979.00,3177,3176098.00,384
BSE,SPANDANA,INE572J01011,B,290.95,290.95,258.05,261.35,291.75,75047,20118375.00,2918
BSE,SPAR,INE960B01015,X,5.05,5.28,4.90,5.13,5.04,11804,59996.00,31
BSE,SPARC,INE232I01014,B,214.95,217.55,212.05,216.40,214.25,122485,26282843.00,1337
BSE,SPARKLEGR,INE618F01010,X,66.65,66.65,56.62,57.56,66.00,64,3754.00,9
BSE,SPCAPIT,INE102F01015,X,52.05,52.05,50.01,50.80,53.08,1050,53418.00,19
BSE,SPECFOOD,INE547C01018,XT,17.41,17.41,16.80,17.00,16.89,1294,21996.00,23
BSE,SPECIALITY,INE247M01014,B,138.30,139.20,133.75,136.65,136.10,9489,1278568.00,146
BSE,SPECTRUM,INE01EO01010,B,2330.30,2378.65,2205.00,2280.60,2325.30,2285,5213472.00,269
BSE,SPELS,INE252A01019,X,152.00,156.00,150.30,153.70,152.35,29076,4452551.00,699
BSE,SPENCERS,INE020801028,B,34.61,35.32,32.65,33.08,34.39,4755,160387.00,228
BSE,SPENTA,INE175C01018,X,129.00,131.74,118.02,131.74,109.79,6872,866017.00,155
BSE,SPIC,INE147A01011,B,64.52,65.10,63.83,64.82,64.77,15976,1032640.00,181
BSE,SPICEISLIN,INE882D01017,XT,512.35,514.45,490.00,502.90,512.35,9796,4919372.00,518
BSE,SPICEJET,INE285B01017,B,12.55,12.55,11.63,12.03,12.32,20618438,249550559.00,11660
BSE,SPICELOUNG,INE631E01024,B,22.55,23.80,22.55,23.29,23.50,10914,254831.00,183
BSE,SPITZE,INE0JSJ01014,M,52.00,59.00,52.00,55.00,54.60,10000,556480.00,10
BSE,SPL,INE0RDR01012,M,22.00,22.00,21.00,22.00,23.05,12800,276928.00,7
BSE,SPLIL,INE978G01016,B,31.20,32.55,31.20,32.55,31.20,10,313.00,4
BSE,SPLPETRO,INE663A01033,A,744.05,755.10,735.20,741.00,735.35,12191,9060161.00,656
BSE,SPMLINFRA,INE937A01023,B,200.05,200.85,194.50,198.90,198.60,16237,3199495.00,255
BSE,SPORTKING,INE885H01029,B,205.05,215.00,204.00,213.75,207.35,48773,10241903.00,871
BSE,SPRAYKING,INE537U01037,B,1.29,1.37,1.27,1.35,1.32,575073,763348.00,212
BSE,SPRIGHT,INE179O01031,X,0.45,0.45,0.43,0.43,0.45,3802802,1669606.00,887
BSE,SPSL,INE318K01025,X,13.32,13.32,13.32,13.32,13.96,3,39.00,2
BSE,SPTRSHI,INE233P01017,X,26.00,26.00,23.63,23.64,24.87,1206,28525.00,21
BSE,SRAMSET,INE777G01012,X,279.90,282.55,277.00,279.00,280.00,1966,551115.00,40
BSE,SRD,INE01NE01012,B,37.20,37.99,37.00,37.45,37.77,1529,56833.00,22
BSE,SRECR,INE377C01010,P,28.50,28.50,28.50,28.50,30.00,200,5700.00,2
BSE,SREEL,INE099F01013,B,221.95,232.00,221.00,227.15,221.95,1390,317859.00,126
BSE,SRESTHA,INE606K01049,XT,0.32,0.34,0.32,0.34,0.33,17109598,5695964.00,631
BSE,SRF,INE647A01010,A,2660.20,2697.50,2637.80,2661.20,2622.05,299288,799598995.00,6668
BSE,SRGFFL,INE326P01019,M,24.00,28.99,24.00,26.00,24.80,18000,461700.00,6
BSE,SRGHFL,INE559N01010,B,300.00,329.95,300.00,309.40,304.65,18708,5967614.00,143
BSE,SRHHYPOLTD,INE917H01012,B,477.05,485.00,470.00,476.45,482.00,795,376580.00,58
BSE,SRICC,INE827D01020,X,30.51,32.50,30.51,32.01,30.98,1977,62484.00,12
BSE,SRIGEE,INE0RJ901010,M,74.30,79.70,72.02,79.70,77.00,14400,1089744.00,12
BSE,SRIKPRIND,INE009C01019,X,20.88,20.95,19.73,20.93,20.88,574,11530.00,17
BSE,SRINACHA,INE443E01016,X,27.50,27.50,25.17,25.50,27.96,3422,87442.00,35
BSE,SRM,INE0R6Z01013,B,501.00,509.90,488.00,505.90,502.00,3158,1571882.00,164
BSE,SRMCL,INE306D01017,XT,58.75,58.75,54.75,57.64,56.61,2406,137834.00,33
BSE,SRMENERGY,INE173J01018,XT,23.67,25.89,23.67,24.59,24.91,28711,688724.00,61
BSE,SRSOLTD,INE0MNV01014,M,77.42,79.99,77.42,79.99,77.42,2400,187864.00,3
BSE,SRTL,INE19GK01015,B,40.50,40.86,39.82,40.53,40.45,1495,60332.00,30
BSE,SRUSTEELS,INE425C01017,XT,1.55,1.55,1.43,1.49,1.49,227397,334940.00,137
BSE,SSDL,INE0PQ101010,B,52.71,52.90,51.85,52.53,51.85,1013,52972.00,26
BSE,SSMD,INE1U2R01013,M,59.74,59.82,59.74,59.82,59.82,5000,298950.00,4
BSE,SSPDL,INE838C01011,X,16.30,16.89,16.00,16.08,16.65,3982,64770.00,17
BSE,SSTL,INE0JNA01014,M,19.30,19.30,19.30,19.30,19.30,5000,96500.00,1
BSE,SSWL,INE802C01033,B,288.50,291.40,277.80,288.40,286.30,67957,19371252.00,1044
BSE,SSWRL,INE387D01025,XT,30.24,30.24,30.24,30.24,31.83,1804,54552.00,21
BSE,STAL,INE0RGM01016,MT,36.10,36.10,36.00,36.05,37.00,1600,57680.00,2
BSE,STALLION,INE0RYC01010,B,251.15,251.45,240.60,242.55,253.20,142454,34853950.00,1903
BSE,STANCAP,INE625D01028,X,0.41,0.41,0.40,0.41,0.40,7850856,3178859.00,928
BSE,STANLEY,INE01A001028,B,154.20,154.75,152.25,153.45,154.20,8061,1236669.00,247
BSE,STANPACK,INE457D01018,X,9.18,9.25,9.18,9.25,9.66,37,340.00,3
BSE,STANROS,INE441L01015,X,64.83,64.83,64.80,64.80,68.70,113,7324.00,3
BSE,STAR,INE939A01011,A,1031.00,1032.00,1015.30,1019.00,1030.60,6635,6790453.00,359
BSE,STARCEMENT,INE460H01021,B,201.35,205.50,201.35,204.90,204.05,204980,41816900.00,175
BSE,STARDELTA,INE541K01014,X,587.60,587.60,560.00,574.00,586.40,1249,711643.00,101
BSE,STARHEALTH,INE575P01011,A,570.05,589.10,570.05,581.55,577.10,20947,12164788.00,1028
BSE,STARHFL,INE526R01028,XT,5.91,6.39,5.91,6.05,6.14,7147,43890.00,38
BSE,STARIMAGIN,INE0YG001013,MT,90.73,90.73,86.25,87.30,90.73,12000,1060120.00,10
BSE,STARLENT,INE594W01042,B,10.07,10.70,10.01,10.56,10.26,582308,6034029.00,377
BSE,STARLOG,INE580C01019,X,39.08,39.79,37.42,39.29,39.08,2083,81492.00,21
BSE,STARPAPER,INE733A01018,B,151.35,152.00,144.55,148.75,149.10,561,82371.00,30
BSE,STARSOURCE,INE320M01019,X,82.50,86.00,82.50,83.96,83.96,10,842.00,8
BSE,STARTECK,INE992I01013,B,265.00,266.00,265.00,265.30,265.00,3312,879960.00,17
BSE,STCINDIA,INE655A01013,B,116.20,118.95,115.05,117.45,117.50,2765,323921.00,97
BSE,STCORP,INE110Q01023,XT,3.91,3.91,3.60,3.64,3.76,1804,6824.00,22
BSE,STDBAT,INE502C01039,X,49.76,49.76,47.90,49.22,49.76,263,12892.00,19
BSE,STDSFAC,INE307D01015,X,51.99,51.99,47.36,51.15,52.74,405,20531.00,15
BSE,STEELCAS,INE124E01038,B,309.15,309.15,304.20,306.15,310.80,1750,536231.00,59
BSE,STEELXIND,INE503B01021,B,11.37,11.67,11.08,11.57,11.42,172277,1945773.00,298
BSE,STEL,INE577L01016,B,543.00,559.80,528.50,548.75,543.00,67,36659.00,21
BSE,STELLANT,INE395F01023,XT,591.40,624.05,580.00,623.95,594.35,2894,1759853.00,132
BSE,STERPOW,INE067E01013,XT,36.00,36.74,34.11,35.13,35.58,5473,197889.00,45
BSE,STERTOOLS,INE334A01023,T,242.00,246.90,241.00,243.25,245.50,1191,288525.00,43
BSE,STHINPA,INE088G01014,X,103.00,107.55,103.00,104.20,105.00,2911,303224.00,30
BSE,STL,INE402Y01028,B,8.47,8.47,8.20,8.37,8.48,10277,86192.00,48
BSE,STLNETWORK,INE1VXE01018,T,24.80,25.75,24.11,25.50,24.58,41031,1015457.00,253
BSE,STLSTRINF,INE205F01016,X,19.00,22.45,18.05,19.54,19.00,3059,59420.00,21
BSE,STLTECH,INE089C01029,T,534.95,574.05,519.45,564.25,546.75,258209,143207118.00,4689
BSE,STOVACQ,INE755D01015,X,1690.00,1729.00,1690.00,1728.00,1702.95,94,159963.00,25
BSE,STOVEKRAFT,INE00IN01015,B,753.50,777.55,738.35,772.15,743.90,2992,2281455.00,182
BSE,STRATMONT,INE473C01025,XT,56.00,60.00,56.00,60.00,57.93,837,48045.00,15
BSE,STUDDS,INE00Q601028,B,441.85,459.60,438.80,451.65,442.20,4160,1868934.00,185
BSE,STYL,INE04VU01023,B,389.00,389.00,360.15,384.05,400.15,65251,24318375.00,1522
BSE,STYLAMIND,INE239C01020,B,3482.40,3482.40,3280.00,3419.75,3387.05,6743,22709921.00,1041
BSE,STYLEBAAZA,INE01FR01028,T,266.10,285.00,265.00,284.15,274.50,4588,1255258.00,318
BSE,STYRENIX,INE189B01011,B,2441.30,2488.40,2425.00,2459.65,2432.25,2092,5158009.00,276
BSE,SUBAM,INE0U6201010,M,220.05,221.00,219.90,220.95,221.50,3200,705520.00,4
BSE,SUBEXLTD,INE754A01055,T,12.40,12.74,12.11,12.72,12.32,57605,705799.00,146
BSE,SUBROS,INE287B01021,B,765.50,787.10,759.25,784.60,775.55,2817,2163106.00,123
BSE,SUCROSA,INE366G01022,X,14.09,14.25,13.10,13.93,13.93,266182,3691607.00,350
BSE,SUDAI,INE618D01015,X,31.58,31.99,29.58,31.64,31.13,843,25353.00,35
BSE,SUDARSCHEM,INE659A01023,A,1005.35,1045.65,991.00,1042.05,1018.35,10680,10915068.00,686
BSE,SUDARSHAN,INE00TV01023,MT,38.76,42.15,38.76,41.82,40.15,332000,13846840.00,50
BSE,SUDEEPPHRM,INE0QPI01025,B,803.50,830.80,803.50,826.65,814.45,5606,4584236.00,430
BSE,SUDTIND-B,INE691D01012,X,83.75,83.75,75.40,78.01,78.79,2814,219236.00,44
BSE,SUGALDAM,INE309D01011,X,59.00,63.00,59.00,60.01,60.05,2248,138306.00,13
BSE,SUGSLLOYD,INE0XX801016,MT,133.10,134.85,130.00,132.00,134.70,43000,5639950.00,38
BSE,SUJALA,INE029H01016,X,16.78,17.61,16.78,17.31,16.78,105867,1829203.00,437
BSE,SUKHJITS,INE450E01029,B,163.35,163.35,152.00,160.50,162.55,6088,953021.00,70
BSE,SULA,INE142Q01026,B,149.40,151.45,148.00,150.10,149.10,18934,2831011.00,329
BSE,SULABEN,INE673M01029,X,2.74,2.79,2.62,2.72,2.78,37761,102198.00,73
BSE,SUMEDHA,INE886B01012,X,40.40,40.40,37.50,38.51,39.31,2641,101327.00,25
BSE,SUMEETINDS,INE235C01036,B,28.88,28.88,28.88,28.88,30.40,7328,211632.00,34
BSE,SUMERUIND,INE764B01029,X,1.41,1.62,1.41,1.57,1.52,9297,13711.00,105
BSE,SUMICHEM,INE258G01013,A,524.25,530.30,515.15,520.10,531.20,25061,13058617.00,768
BSE,SUNCITYSY,INE584D01019,X,7.23,7.60,7.23,7.60,7.60,516,3735.00,5
BSE,SUNCLAY,INE0Q3R01026,B,1350.00,1383.25,1350.00,1363.90,1368.25,246,334918.00,142
BSE,SUNDARAM,INE108E01023,B,1.29,1.30,1.27,1.29,1.28,36449,46915.00,27
BSE,SUNDARMFIN,INE660A01013,B,4440.10,4457.80,4346.50,4447.75,4413.70,1092,4825134.00,208
BSE,SUNDRMBRAK,INE073D01013,T,799.00,800.00,780.00,780.00,808.50,45,35651.00,4
BSE,SUNDRMFAST,INE387A01021,A,936.15,953.45,933.20,939.35,948.25,104155,98770560.00,394
BSE,SUNDROP,INE209A01019,B,692.00,692.00,672.00,684.45,691.85,1040,707341.00,85
BSE,SUNFLAG,INE947A01014,B,345.10,351.75,340.35,348.85,349.90,7430,2571815.00,316
BSE,SUNGOLD,INE271D01013,X,2.68,2.68,2.58,2.58,2.68,798,2088.00,13
BSE,SUNILAGR,INE224D01012,X,83.98,83.98,80.99,80.99,80.99,5,407.00,3
BSE,SUNILTX,INE124M01015,P,82.18,82.18,82.18,82.18,86.50,100,8218.00,1
BSE,SUNITATOOL,INE0Q1S01010,MT,957.50,957.55,957.00,957.55,938.80,22000,21064168.00,56
BSE,SUNLOC,INE671C01016,X,72.50,72.50,72.25,72.25,71.15,2,144.00,2
BSE,SUNPHARMA,INE044A01036,A,1953.55,1959.30,1935.00,1941.00,1954.05,201886,392848783.00,5441
BSE,SUNRAKSHAK,INE671K01027,X,353.60,375.00,353.60,371.45,366.70,11350,4185823.00,237
BSE,SUNRETAIL,INE206Z01020,M,0.29,0.29,0.29,0.29,0.28,48000,13920.00,1
BSE,SUNSHIEL,INE199E01014,X,1134.05,1209.00,1121.00,1195.25,1174.00,1503,1751896.00,107
BSE,SUNSKY,INE10CM01027,M,39.50,39.98,39.50,39.93,39.50,4500,179115.00,3
BSE,SUNTECK,INE805D01034,B,308.30,309.35,300.70,306.00,303.10,21215,6482568.00,680
BSE,SUNTV,INE424H01027,A,485.55,491.45,481.80,486.75,488.65,11605,5634469.00,819
BSE,SUPER,INE091C01017,X,1089.95,1089.95,980.30,1037.85,1072.80,6173,6437914.00,115
BSE,SUPERBAK,INE897A01011,X,29.82,29.82,29.12,29.12,28.40,201,5993.00,2
BSE,SUPERHOUSE,INE712B01010,B,154.25,159.50,151.50,157.55,158.30,9193,1436294.00,230
BSE,SUPERIOR,INE574R01028,X,1.80,1.80,1.80,1.80,1.79,1134,2041.00,10
BSE,SUPERIRON,INE16IQ01014,MT,41.00,42.99,41.00,42.99,42.99,8400,355476.00,7
BSE,SUPERSPIN,INE662A01027,T,5.30,5.30,5.30,5.30,5.20,10600,56180.00,3
BSE,SUPERTEX,INE881B01054,X,5.07,5.07,5.00,5.00,5.09,1286,6474.00,10
BSE,SUPHA,INE549S01036,XT,0.35,0.35,0.33,0.35,0.34,2081626,722018.00,427
BSE,SUPRAJIT,INE399C01030,A,480.00,485.95,465.50,483.35,487.80,7847,3774803.00,327
BSE,SUPRAPFSL,INE268T01015,X,33.80,33.99,33.05,33.67,33.85,28795,968463.00,508
BSE,SUPRATRE,INE533B01028,X,14.60,14.60,13.94,13.94,13.94,13,189.00,2
BSE,SUPREME,INE822E01011,B,47.18,47.18,44.43,44.68,44.31,409,18210.00,13
BSE,SUPREMEIND,INE195A01028,A,3400.00,3499.20,3380.30,3459.25,3415.25,3839,13242949.00,1220
BSE,SUPREMEINF,INE550H01011,B,87.84,87.84,82.25,82.48,85.70,3195,265841.00,51
BSE,SUPRIYA,INE07RO01027,B,822.45,845.00,820.05,840.15,832.55,4008,3352546.00,229
BSE,SUPTANERY,INE460D01038,X,6.97,7.20,6.85,6.87,7.01,34477,239881.00,84
BSE,SURAJ,INE069E01019,Z,224.00,224.95,217.95,218.65,224.95,503,111713.00,28
BSE,SURAJEST,INE843S01025,B,194.00,194.10,190.10,193.70,193.95,1449,277972.00,56
BSE,SURAJLTD,INE713C01016,B,216.15,223.35,215.80,223.35,223.20,476,103188.00,18
BSE,SURAKSHA,INE877V01027,B,259.65,264.30,241.50,252.45,263.70,11733,2954639.00,637
BSE,SURANASOL,INE272L01022,B,25.15,26.70,25.15,26.45,26.20,9565,250416.00,108
BSE,SURANAT&P,INE130B01031,B,18.27,18.45,18.10,18.33,18.15,2754,50238.00,130
BSE,SURATRAML,INE936A01025,X,4.75,5.08,4.50,4.92,4.83,254962,1250931.00,283
BSE,SURBHIN,INE899E01019,XT,95.88,95.88,86.76,95.88,91.32,15764,1456387.00,180
BSE,SURJIND,INE170U01011,XT,52.50,54.65,50.50,54.00,53.00,343,17496.00,9
BSE,SURYALA,INE132C01027,B,440.25,457.65,440.25,451.95,451.95,650,293389.00,17
BSE,SURYALAXMI,INE713B01026,B,55.07,57.00,55.07,57.00,57.44,59,3330.00,7
BSE,SURYAROSNI,INE335A01020,B,233.10,241.55,232.90,237.65,236.65,27201,6438109.00,495
BSE,SURYODAY,INE428Q01011,B,199.50,217.50,189.40,192.60,194.90,2987562,621048626.00,57803
BSE,SUSAN,INE2L0V01019,M,231.10,232.50,222.00,229.00,232.65,178000,40467150.00,171
BSE,SUTLEJTEX,INE645H01027,T,38.05,38.50,37.50,37.50,38.05,204,7674.00,9
BSE,SUVEN,INE495B01038,B,316.90,320.00,311.45,316.35,316.95,52333,16461260.00,1087
BSE,SUVIDHAA,INE018401013,B,2.59,2.59,2.46,2.47,2.51,3913,9833.00,32
BSE,SUYOG,INE442P01014,B,835.05,854.95,827.95,854.30,840.00,136,115051.00,57
BSE,SUZLON,INE040H01021,A,52.30,52.55,51.79,52.30,52.38,1694273,88369894.00,5179
BSE,SVAMSOF,INE119B01018,X,5.45,5.55,5.45,5.50,5.71,2721,14934.00,12
BSE,SVARTCORP,INE895A01023,X,3.63,3.65,3.52,3.64,3.60,34606,124758.00,69
BSE,SVCIND,INE038B01010,X,1.96,2.08,1.96,2.06,2.00,13363,26757.00,48
BSE,SVGLOBAL,INE159L01013,X,119.60,119.60,119.60,119.60,125.00,101,12079.00,3
BSE,SVJ,INE0JZS01010,M,182.30,182.30,181.60,181.90,191.15,1000,181875.00,4
BSE,SVPGLOB,INE308E01029,T,3.89,3.95,3.89,3.95,4.09,603,2353.00,9
BSE,SVRL,INE0HLJ01013,MT,374.45,374.45,374.30,374.30,393.95,3500,1310300.00,6
BSE,SVS,INE0MID01012,M,6.00,6.00,6.00,6.00,5.85,6000,36000.00,1
BSE,SW1,INE948K01011,XT,180.00,180.00,180.00,180.00,183.65,1,180.00,1
BSE,SWADEIN,INE716M01034,X,79.86,81.91,78.00,81.91,78.01,8998,731153.00,68
BSE,SWADHATURE,INE0P4R01017,XT,9.21,9.21,9.21,9.21,9.69,3000,27630.00,1
BSE,SWADPOL,INE243N01029,X,37.50,37.87,35.80,36.12,36.07,1845,66804.00,29
BSE,SWAGTAM,INE150R01019,X,53.00,53.25,53.00,53.25,55.75,2,106.00,2
BSE,SWANAGRO,INE0GEN01012,M,42.20,42.20,42.20,42.20,43.50,6000,253200.00,2
BSE,SWANCORP,INE665A01038,A,305.30,312.00,304.25,310.10,308.60,37874,11651911.00,746
BSE,SWANDEF,INE542F01020,T,2409.00,2450.00,2377.00,2446.00,2430.45,1005,2446450.00,158
BSE,SWARAJENG,INE277A01016,B,3570.00,3590.45,3523.55,3568.50,3578.95,597,2123063.00,136
BSE,SWARNSAR,INE967A01012,X,32.45,33.49,31.51,32.54,32.23,10304,336518.00,34
BSE,SWASTH,INE0TIR01017,M,16.00,16.00,16.00,16.00,16.00,1200,19200.00,1
BSE,SWASTIKA,INE691C01022,XT,102.66,113.00,102.60,112.27,108.00,25180,2649088.00,174
BSE,SWASTIKAAL,INE0PTF01017,MT,87.72,91.00,87.72,91.00,87.12,10000,895700.00,5
BSE,SWASTIVI,INE804A01025,X,3.71,3.71,3.54,3.65,3.68,13354,48733.00,66
BSE,SWATIPRO,INE210F01016,X,29.41,30.95,29.00,29.37,29.18,3732,110709.00,49
BSE,SWELECTES,INE409B01013,B,601.20,616.00,598.50,613.70,603.25,584,352873.00,62
BSE,SWIGGY,INE00H001014,A,260.00,260.00,242.60,251.40,261.60,1455129,361031026.00,16108
BSE,SWISSMLTRY,INE010C01025,X,15.30,15.50,15.00,15.12,15.17,57113,864092.00,252
BSE,SWITCHTE,INE311D01017,XT,145.00,145.00,138.65,138.75,145.90,1206,167329.00,24
BSE,SWOJAS,INE295B01016,XT,9.21,9.22,8.95,8.95,9.30,2560,23051.00,14
BSE,SWRNASE,INE595G01018,X,88.32,88.32,85.99,85.99,84.12,12,1034.00,3
BSE,SWSOLAR,INE00M201021,B,204.05,208.70,200.10,207.90,206.45,72475,14821458.00,1050
BSE,SYLPH,INE706F01021,X,0.25,0.26,0.24,0.26,0.25,13861592,3528355.00,809
BSE,SYMBIOX,INE653R01012,X,1.60,1.60,1.60,1.60,1.60,2770,4432.00,11
BSE,SYMPHONY,INE225D01027,B,679.80,682.35,669.65,676.60,679.30,6708,4530414.00,1042
BSE,SYNCOMF,INE312C01025,B,13.15,13.23,12.80,13.10,13.13,98753,1282057.00,425
BSE,SYNGENE,INE398R01022,A,400.00,407.95,398.00,406.60,402.95,29601,11991527.00,929
BSE,SYRMA,INE0DYJ01015,A,1357.50,1368.15,1271.75,1294.15,1378.85,63976,84282896.00,3018
BSE,SYSCHEM,INE121D01036,X,43.00,43.00,42.00,42.04,42.54,13390,566489.00,83
BSE,SYSTEMATIC,INE1KLZ01011,MT,189.00,189.00,186.00,187.00,191.00,10800,2023980.00,14
BSE,SYSTMTXC,INE356B01024,T,58.10,62.99,58.10,60.03,60.33,3782,226815.00,16
BSE,TAALTECH,INE524T01011,B,3889.90,3910.75,3807.85,3850.00,3833.70,139,532420.00,49
BSE,TAHMARENT,INE385D01029,XT,4.19,4.19,3.85,3.98,4.04,9986,39326.00,38
BSE,TAIIND,INE358D01018,XT,21.04,22.03,21.04,22.03,22.14,544,11971.00,6
BSE,TAINWALCHM,INE123C01018,B,196.60,210.00,196.60,210.00,202.60,127,24995.00,10
BSE,TAJGVK,INE586B01026,B,358.95,361.75,351.80,361.15,361.65,3456,1231704.00,109
BSE,TAKE,INE142I01023,B,21.01,21.01,20.65,20.76,20.73,16753,347872.00,257
BSE,TAKYON,INE14OX01013,M,19.49,19.55,19.00,19.48,19.50,14000,269100.00,7
BSE,TALBROAUTO,INE187D01029,B,392.25,395.50,387.50,391.85,394.60,6920,2699583.00,364
BSE,TALBROSENG,INE717E01013,X,707.00,707.00,683.05,694.35,696.65,288,199777.00,27
BSE,TAMBOLIIN,INE864J01012,T,220.00,224.00,218.00,224.00,215.65,508,112819.00,5
BSE,TANAA,INE692C01020,X,295.95,305.00,290.00,291.35,296.50,12908,3787200.00,356
BSE,TANDHANIN,INE896J01014,XT,156.00,156.00,149.95,149.95,153.00,1379,206910.00,20
BSE,TANFACIND,INE639B01023,B,2697.95,2734.80,2626.05,2702.40,2688.70,18565,49748164.00,2013
BSE,TANLA,INE483C01032,A,615.05,626.50,593.85,599.55,618.90,208641,126748359.00,4975
BSE,TARAI,INE906C01016,Z,4.12,4.31,4.12,4.12,4.11,325,1339.00,4
BSE,TARAPUR,INE747K01017,B,18.50,18.50,17.72,18.01,17.75,529,9516.00,27
BSE,TARC,INE0EK901012,B,128.05,131.90,124.55,131.20,130.90,51255,6547578.00,468
BSE,TARIL,INE763I01026,A,293.00,296.35,288.05,295.10,293.75,192628,56279144.00,2978
BSE,TARMAT,INE924H01018,B,50.99,51.00,49.54,51.00,50.98,2468,125668.00,20
BSE,TARSONS,INE144Z01023,B,316.00,317.10,309.90,312.55,315.85,18167,5680019.00,297
BSE,TASTYBITE,INE488B01017,B,9152.00,9200.00,8927.15,8943.95,9234.85,75,680646.00,41
BSE,TATACAP,INE976I01016,A,340.35,343.40,335.65,341.45,341.30,534900,180790064.00,2481
BSE,TATACHEM,INE092A01019,A,678.05,688.90,676.00,684.50,679.80,20798,14182803.00,1282
BSE,TATACOMM,INE151A01013,A,1795.00,1795.00,1754.95,1773.60,1799.50,4909,8692614.00,487
BSE,TATACONSUM,INE192A01025,A,1106.00,1117.15,1079.50,1088.60,1107.00,30356,33409006.00,2156
BSE,TATAELXSI,INE670A01012,A,3379.60,3555.00,3357.00,3539.40,3387.25,74016,259071237.00,6917
BSE,TATAINVEST,INE672A01026,A,626.90,638.50,621.05,631.40,631.95,14508,9112071.00,609
BSE,TATAPOWER,INE245A01021,A,374.00,375.90,371.50,374.55,376.10,73692,27552296.00,2419
BSE,TATASTEEL,INE081A01020,A,183.15,183.55,181.20,182.70,184.25,810376,147858092.00,12065
BSE,TATATECH,INE142M01025,A,688.00,714.00,688.00,711.00,696.30,84237,59116139.00,3180
BSE,TATIAGLOB,INE083G01031,X,2.41,2.43,2.37,2.38,2.40,34164,81649.00,102
BSE,TATVA,INE0GK401011,B,1693.95,1730.00,1661.00,1726.45,1701.25,8323,14149392.00,671
BSE,TBOTEK,INE673O01025,A,1415.00,1441.10,1399.55,1429.90,1437.30,3600,5089418.00,410
BSE,TBZ,INE760L01018,B,264.70,267.40,255.90,259.15,267.40,98181,25488543.00,1503
BSE,TCC,INE887D01016,B,278.45,278.45,270.65,271.30,277.35,590,162222.00,77
BSE,TCFCFINQ,INE389D01013,X,27.99,27.99,26.86,26.87,27.46,21,566.00,7
BSE,TCI,INE688A01022,B,925.95,934.60,915.00,918.10,930.70,667,615819.00,98
BSE,TCIEXP,INE586V01016,B,555.05,564.90,548.95,558.05,562.65,2445,1350797.00,111
BSE,TCIFINANCE,INE911B01018,T,15.80,15.80,14.65,15.00,15.07,521,8171.00,19
BSE,TCMLMTD,INE034F01010,X,42.56,43.40,42.50,43.40,42.56,868,36992.00,8
BSE,TCPLPACK,INE822C01015,B,3276.10,3283.00,3206.10,3232.10,3266.60,167,540762.00,58
BSE,TCS,INE467B01029,A,2210.00,2263.95,2209.90,2253.90,2242.25,96199,216077764.00,6668
BSE,TDPOWERSYS,INE419M01027,A,1126.30,1143.40,1109.95,1113.50,1140.00,44749,50189354.00,2711
BSE,TDSL,INE773Y01014,Z,4.31,4.31,4.10,4.10,4.31,1804,7417.00,15
BSE,TEAM24,INE601A01017,X,28.50,29.70,26.51,29.20,29.37,1271,36716.00,24
BSE,TEAMGTY,INE289C01025,B,240.00,240.00,222.60,235.70,235.20,109,25695.00,6
BSE,TEAMLEASE,INE985S01024,B,1309.00,1329.55,1307.30,1312.20,1310.55,513,676028.00,82
BSE,TECHKGREEN,INE0P4P01011,M,143.00,155.00,143.00,154.45,146.00,7600,1150640.00,19
BSE,TECHM,INE669C01036,A,1548.95,1579.25,1531.00,1560.30,1554.00,62234,96839885.00,3233
BSE,TECHNOE,INE285K01026,A,991.80,1004.00,985.00,993.60,996.10,11137,11057494.00,1052
BSE,TECHNOPACK,INE0MXP01015,M,12.41,13.05,12.41,13.05,14.00,16000,204880.00,4
BSE,TECHNVISN,INE314H01012,B,4800.05,5284.80,4528.20,4995.90,4404.00,5796,27712062.00,830
BSE,TECILCHEM,INE014B01011,B,9.80,10.35,9.79,10.08,9.90,2078,20642.00,15
BSE,TEEAI,INE757D01011,X,116.35,116.35,116.35,116.35,116.35,11,1279.00,2
BSE,TEGA,INE011K01018,A,1555.05,1580.95,1540.00,1564.15,1555.05,1437,2239606.00,235
BSE,TEJASNET,INE010J01012,A,495.70,503.85,487.90,496.20,497.40,104265,51794332.00,2509
BSE,TEJASSVI,INE173E01019,XT,59.60,59.60,59.00,59.60,58.44,94635,5640110.00,33
BSE,TEJNAKSH,INE030T01027,X,13.66,14.30,13.55,14.25,13.66,4348,59890.00,47
BSE,TELECANOR,INE381G01013,X,26.20,26.80,24.55,25.85,25.77,9740,249980.00,113
BSE,TELGE,INE0SRP01014,MT,161.50,165.75,161.25,164.75,169.70,20400,3315000.00,17
BSE,TELOGICA,INE778I01024,XT,10.00,10.00,9.21,9.95,9.65,4608,45457.00,11
BSE,TENNIND,INE19RI01016,B,540.75,546.05,535.00,539.85,543.70,17854,9651229.00,1017
BSE,TERAI,INE390D01011,X,119.95,119.95,119.95,119.95,119.95,8,959.00,1
BSE,TERASOFT,INE482B01010,B,370.05,394.00,370.05,391.75,379.95,1487,572163.00,402
BSE,TEXELIN,INE594V01028,X,72.00,72.79,70.12,70.27,72.90,16060,1138341.00,133
BSE,TEXINFRA,INE435C01024,B,112.25,112.85,111.60,111.90,113.05,1825,204667.00,41
BSE,TEXMOPIPES,INE141K01013,B,42.80,44.55,42.28,43.01,42.80,6345,277719.00,32
BSE,TEXRAIL,INE621L01012,A,109.15,110.35,106.85,110.00,109.30,112497,12204293.00,1110
BSE,TFCILTD,INE305A01023,A,81.84,88.20,80.00,87.21,82.07,5030189,423770077.00,4778
BSE,TFL,INE804H01012,B,10.85,10.85,10.46,10.46,10.59,219,2291.00,6
BSE,TGBHOTELS,INE797H01018,B,8.80,8.92,8.51,8.59,8.91,75704,650054.00,95
BSE,TGIF,INE0SMU01015,M,102.00,102.00,102.00,102.00,100.00,1200,122400.00,1
BSE,TGVSL,INE284B01028,B,99.15,105.00,99.15,104.60,100.00,321358,33234587.00,2087
BSE,THACKER,INE077P01034,T,1001.10,1049.95,992.10,1049.95,1044.10,13,12983.00,6
BSE,THAKDEV,INE403F01017,B,149.30,163.90,149.30,163.90,156.65,126,18841.00,5
BSE,THAKRAL,INE190F01028,X,16.74,16.74,15.20,15.20,15.95,625,10258.00,7
BSE,THANGAMAYL,INE085J01014,A,6791.30,7016.75,6740.00,6905.80,6875.65,14902,102555496.00,2318
BSE,THEINVEST,INE924D01017,B,97.60,97.60,95.00,95.25,96.50,951,90371.00,14
BSE,THELEELA,INE0AQ201015,A,465.15,477.35,461.90,474.30,476.15,92351,43158656.00,1146
BSE,THEMISMED,INE083B01024,B,107.95,111.45,107.95,110.10,107.95,12091,1314164.00,160
BSE,THERMAX,INE152A01029,A,4558.85,4558.85,4465.00,4517.50,4581.75,5941,26781143.00,706
BSE,THINKINK,INE365S01045,XT,0.19,0.19,0.19,0.19,0.19,262554,49885.00,139
BSE,THOMASCOOK,INE332A01027,A,100.45,100.45,97.10,97.90,100.50,151993,14916633.00,895
BSE,THOMASCOTT,INE480M01011,B,289.55,310.00,284.00,307.75,288.70,1349,402484.00,103
BSE,THREEMPAPE,INE0UK501010,M,23.55,23.55,23.55,23.55,25.97,2000,47100.00,1
BSE,THRIVE,INE628D01014,X,86.00,92.80,86.00,86.38,86.00,407,35372.00,13
BSE,THYROCARE,INE594H01019,A,569.95,597.50,543.00,564.95,545.55,715945,409733170.00,16430
BSE,TI,INE133E01013,A,431.30,444.55,430.30,441.90,438.10,41909,18386885.00,1312
BSE,TICL,INE388G01026,T,9.40,9.89,9.40,9.60,9.85,14140,133275.00,19
BSE,TIERRA,INE05CY01014,X,40.49,41.90,38.25,38.76,38.90,1023,40028.00,28
BSE,TIGERLOGS,INE906O01029,T,31.00,31.45,31.00,31.36,30.82,586,18354.00,12
BSE,TIGLOB,INE811B01010,X,172.45,172.45,162.10,163.60,167.55,960,156100.00,7
BSE,TIHIL,INE502D01011,XT,3.71,3.76,3.65,3.70,3.68,12408,46131.00,69
BSE,TIIL,INE545H01011,B,2565.00,2606.50,2519.45,2570.55,2565.80,334,851366.00,44
BSE,TIINDIA,INE974X01010,A,2815.00,2821.40,2747.90,2766.90,2823.90,144727,401461573.00,3377
BSE,TIJARIA,INE440L01017,B,4.34,4.74,4.32,4.72,4.34,22854,106595.00,136
BSE,TIL,INE806C01018,B,203.80,214.15,202.65,211.45,205.50,7312,1541038.00,128
BSE,TILAK,INE026L01022,XT,1.11,1.11,1.08,1.10,1.10,331869,362516.00,313
BSE,TIMETECHNO,INE508G01029,A,197.50,202.00,195.65,201.55,200.00,100494,19977322.00,1002
BSE,TIMEX,INE064A01026,B,567.30,581.00,559.60,579.00,574.25,59589,33935670.00,2594
BSE,TIMKEN,INE325A01013,A,3088.00,3160.00,3053.00,3127.70,3086.75,4060,12661777.00,724
BSE,TINNARUBR,INE015C01016,B,1061.05,1122.95,1060.65,1098.50,1080.60,13876,15124789.00,690
BSE,TIPCO,INE1U6D01014,MT,177.20,182.20,176.05,180.05,184.10,56000,9996160.00,27
BSE,TIPSFILMS,INE0LQS01015,B,410.05,440.00,394.00,405.75,382.05,48235,20014636.00,1989
BSE,TIPSMUSIC,INE716B01029,A,670.25,721.85,663.50,699.55,676.55,168472,117827935.00,3402
BSE,TIRSARJ,INE297J01023,X,8.90,9.00,8.56,8.63,8.55,4817,41904.00,24
BSE,TIRTPLS,INE008N01018,X,31.54,32.95,30.20,30.92,31.69,639,19466.00,15
BSE,TIRUFOAM,INE115G01015,X,82.60,82.64,82.50,82.64,78.71,1393,115112.00,10
BSE,TIRUMALCHM,INE338A01024,B,166.15,170.55,165.80,167.60,167.45,13783,2314103.00,270
BSE,TIRUPATIIN,INE812Q01016,XT,7.15,7.43,7.15,7.43,7.29,83264,598979.00,105
BSE,TIRUSTA,INE314D01011,X,160.00,160.00,159.90,159.90,158.00,2,319.00,2
BSE,TITAANIUM,INE120V01014,MT,20.05,20.10,20.00,20.03,21.00,11000,220740.00,5
BSE,TITAGARH,INE615H01020,A,803.40,823.65,792.05,819.75,815.70,46874,37789566.00,2732
BSE,TITAN,INE280A01028,A,4651.00,4696.95,4615.45,4681.70,4696.55,17775,83003627.00,2551
BSE,TITANBIO,INE150C01029,XT,414.00,425.00,410.10,415.95,423.75,13941,5829310.00,292
BSE,TITANIN,INE807M01031,X,1.03,1.08,1.03,1.04,1.03,6729219,7120881.00,1303
BSE,TITANSEC,INE090D01017,X,42.41,42.71,41.69,42.48,42.31,26551,1111224.00,71
BSE,TLL,INE0MKA01014,M,265.00,265.00,261.25,262.55,263.70,26400,6927300.00,44
BSE,TMB,INE668A01016,A,791.00,808.70,788.00,802.90,799.60,5914,4703458.00,428
BSE,TMCV,INE1TAE01010,B,403.00,407.60,398.55,406.20,408.00,385882,155453343.00,13077
BSE,TMPV,INE155A01022,A,321.95,325.70,318.35,323.85,324.25,271375,87182431.00,5436
BSE,TNPETRO,INE148A01019,B,93.66,95.80,93.20,94.79,94.76,5009,471641.00,85
BSE,TNPL,INE107A01015,B,151.55,153.85,149.50,150.20,151.20,16973,2562421.00,384
BSE,TNSTLTU,INE176E01012,P,25.51,25.51,25.51,25.51,25.51,100,2551.00,1
BSE,TNTELE,INE141D01018,B,9.04,9.14,8.91,8.91,8.86,56,506.00,5
BSE,TOKYOFIN,INE546D01018,X,17.15,18.90,17.15,18.66,17.90,507,9248.00,12
BSE,TOKYOPLAST,INE932C01012,T,78.15,78.15,78.15,78.15,81.78,2,156.00,2
BSE,TOLINS,INE0RWQ01014,B,101.50,104.75,101.20,101.95,103.15,2141,218494.00,111
BSE,TORNTPHARM,INE685A01028,A,4992.15,5045.30,4950.50,4959.80,5065.80,5220,26109130.00,1424
BSE,TORNTPOWER,INE813H01021,A,1428.95,1442.00,1418.60,1436.60,1430.00,13381,19165998.00,643
BSE,TOTEM,INE0TT901016,X,137.00,139.55,133.80,134.30,137.95,22838,3085654.00,440
BSE,TOYAMSL,INE457P01020,X,0.67,0.70,0.66,0.69,0.67,661515,446633.00,215
BSE,TPHQ,INE065J01024,B,0.40,0.42,0.40,0.42,0.42,86391,35679.00,76
BSE,TPINDIA,INE578C01021,X,17.95,18.55,17.15,17.88,18.32,197399,3514784.00,62
BSE,TPLPLASTEH,INE413G01022,B,77.00,77.51,75.15,77.06,77.00,7928,603091.00,152
BSE,TPROJECT,INE901C01017,X,3.48,3.48,3.48,3.48,3.49,274,953.00,5
BSE,TRABI,INE773D01018,X,2.91,3.09,2.91,3.04,2.97,11835,35759.00,36
BSE,TRACXN,INE0HMF01019,B,30.03,30.05,29.63,29.83,30.02,7869,234775.00,178
BSE,TRADEUNO,INE1GUJ01014,M,95.00,95.75,94.00,95.75,97.00,3600,341700.00,3
BSE,TRANSCHEM,INE019B01010,XT,355.35,355.35,355.35,355.35,362.60,631,224225.00,7
BSE,TRANSCOR,INE330E01023,X,26.01,26.01,25.28,25.69,25.91,1240,31761.00,22
BSE,TRANSFD,INE213P01027,X,451.25,496.00,451.25,451.25,475.00,75,34337.00,8
BSE,TRANSFRE,INE360D01014,X,19.68,23.39,19.68,20.06,20.06,2603,52456.00,23
BSE,TRANSPEK,INE687A01016,B,1047.15,1079.00,1005.20,1055.70,1020.45,5380,5594423.00,575
BSE,TRANSRAILL,INE454P01035,A,476.85,485.00,475.00,482.85,481.35,15281,7326733.00,756
BSE,TRANSWORLD,INE757B01015,T,156.00,157.85,154.05,157.85,161.95,21,3260.00,3
BSE,TRAVELFOOD,INE103V01028,B,1270.00,1289.50,1260.05,1286.90,1279.85,949,1210533.00,189
BSE,TREEHOUSE,INE040M01013,B,6.37,6.65,6.03,6.31,6.20,6755,43779.00,38
BSE,TREJHARA,INE00CA01015,B,138.00,139.75,137.10,137.10,138.20,108,14986.00,11
BSE,TREL,INE0O3901029,B,24.00,24.57,23.63,24.55,24.57,10084,244353.00,93
BSE,TRENT,INE849A01020,A,2830.05,2912.70,2830.05,2891.25,2874.10,23070,66426518.00,2471
BSE,TRESCON,INE088D01011,X,8.38,8.38,7.77,8.07,8.38,4000,32391.00,15
BSE,TRF,INE391D01019,B,236.50,236.50,229.80,232.90,232.10,17200,4018850.00,264
BSE,TRICOMFRU,INE843F01014,XT,1.84,1.84,1.84,1.84,1.76,9279,17073.00,20
BSE,TRIDENT,INE064C01022,A,25.07,25.24,24.69,25.13,25.20,577901,14417472.00,2405
BSE,TRIGYN,INE948A01012,B,54.45,54.60,53.33,53.53,55.01,1445,78518.00,23
BSE,TRINITYLEA,INE884X01011,X,10.88,10.88,10.88,10.88,10.88,3,32.00,2
BSE,TRIOMERC,INE234G01022,XT,2.61,2.61,2.61,2.61,2.56,97635,254827.00,42
BSE,TRISHAKT,INE238C01022,XT,222.00,222.00,209.25,220.45,220.25,60355,12942129.00,364
BSE,TRITONV,INE440G01017,X,1021.00,1021.00,1000.00,1004.50,1019.75,3268,3301996.00,223
BSE,TRITURBINE,INE152M01016,A,608.95,617.85,599.50,611.60,609.75,32865,19999812.00,1169
BSE,TRIUMPIN,INE382B01012,XT,14.53,14.53,14.53,14.53,15.29,16,232.00,1
BSE,TRIVENI,INE256C01024,T,249.75,249.75,249.75,249.75,262.85,5155,1287461.00,171
BSE,TRIVENIENT,INE916P01025,X,1.07,1.07,1.02,1.02,1.02,62225,65991.00,20
BSE,TRIVENIGQ,INE094C01011,X,7.10,7.98,7.10,7.97,7.00,51021,398607.00,51
BSE,TRL,INE459Z01017,B,70.00,70.00,62.35,63.31,68.54,57970,3709561.00,629
BSE,TRU,INE615R01029,B,4.88,4.99,4.80,4.91,4.92,12838,62273.00,55
BSE,TRUALT,INE0MWH01014,B,423.90,438.80,423.90,429.40,432.60,10637,4602383.00,555
BSE,TRUECOLORS,INE1LDV01015,M,154.40,155.25,154.40,155.25,158.00,2400,371490.00,4
BSE,TRUEGREEN,INE672K01025,XT,182.00,191.25,182.00,185.35,186.50,6402,1182120.00,30
BSE,TRUSTEDGE,INE398H01015,X,133.00,137.90,121.10,121.25,134.50,1231,165028.00,19
BSE,TSPIRITUAL,INE541C01037,XT,1.75,1.83,1.74,1.76,1.75,11645,20568.00,29
BSE,TTFL,INE071Y01013,X,31.80,32.00,30.50,31.07,31.85,3068,95884.00,40
BSE,TTGIL,INE135H01029,X,8.24,8.24,8.01,8.01,8.01,3098,24914.00,18
BSE,TTIENT,INE404F01031,X,7.64,7.80,7.51,7.80,7.80,780,5973.00,10
BSE,TTKHLTCARE,INE910C01018,B,1024.55,1059.20,1013.85,1048.55,1011.10,1210,1259819.00,129
BSE,TTKPRESTIG,INE690A01028,B,638.05,645.60,631.55,643.25,645.45,2180,1392467.00,165
BSE,TTL,INE592B01024,B,6.27,6.55,6.20,6.25,6.40,18148,113215.00,90
BSE,TTML,INE517B01013,A,39.73,40.60,38.75,39.33,39.42,324828,12795815.00,2066
BSE,TULASEEBIOE,INE276N01011,ZP,50.96,50.96,50.96,50.96,52.00,100,5096.00,1
BSE,TULSYAN,INE463D01016,X,27.00,27.00,27.00,27.00,25.72,207,5589.00,2
BSE,TUNITEX,INE560D01027,X,1.04,1.04,1.00,1.03,1.03,237084,241776.00,96
BSE,TURTLEMINT,INE0OC301013,B,122.80,130.70,122.80,130.15,127.20,216059,27360559.00,2699
BSE,TUTIALKA,INE400A01014,X,61.93,61.93,58.04,60.07,59.98,15366,922630.00,194
BSE,TVSELECT,INE236G01019,B,484.85,501.40,484.85,496.65,490.10,2650,1306261.00,166
BSE,TVSHLTD,INE105A01035,A,14714.05,14770.00,14449.05,14621.20,14801.60,452,6578316.00,109
BSE,TVSMOTOR,INE494B01023,A,3913.40,3913.40,3825.60,3870.05,3917.95,19585,75796488.00,3162
BSE,TVSSCS,INE395N01027,B,132.05,133.60,129.60,133.25,132.30,47525,6247629.00,690
BSE,TVSSRICHAK,INE421C01016,B,3903.20,3971.65,3881.65,3965.10,3914.75,65,255635.00,27
BSE,TVTODAY,INE038F01029,B,115.50,116.65,114.85,116.35,115.15,1230,142010.00,226
BSE,TVVISION,INE871L01013,B,4.78,4.78,4.68,4.75,4.80,450,2117.00,8
BSE,TYCHE,INE443B01012,X,127.70,127.70,125.20,126.50,127.70,3881,490856.00,38
BSE,TYROON,INE945B01016,X,91.91,91.91,83.50,87.00,89.20,109,9199.00,17
BSE,UBL,INE686F01025,A,1390.05,1423.35,1388.65,1398.40,1396.15,3308,4638957.00,347
BSE,UCAL,INE139B01016,B,115.45,115.55,114.90,115.00,116.00,553,63563.00,65
BSE,UCIL,INE926R01012,XT,111.55,111.90,109.00,110.00,111.95,24048,2683395.00,21
BSE,UCOBANK,INE691A01018,A,25.68,25.94,25.30,25.86,26.02,524257,13402712.00,2236
BSE,UDAYJEW,INE551B01012,X,137.05,143.90,136.00,139.70,142.70,2392,331913.00,32
BSE,UDS,INE851I01011,B,208.10,208.15,198.30,201.80,208.15,24752,5006703.00,447
BSE,UEL,INE899L01030,B,121.20,121.20,119.10,120.05,119.95,45,5392.00,13
BSE,UFBL,INE382M01027,B,656.75,688.50,623.95,676.00,656.75,20287,12819727.00,502
BSE,UFLEX,INE516A01017,B,484.65,485.00,470.00,478.10,484.40,12482,5962882.00,469
BSE,UFO,INE527H01019,B,72.48,72.48,66.53,67.51,66.99,525,35225.00,27
BSE,UGARSUGAR,INE071E01023,B,39.14,39.98,38.80,39.86,39.08,2738,107163.00,106
BSE,UGROCAP,INE583D01011,B,93.00,93.39,91.71,92.96,93.83,5552,513074.00,171
BSE,UHMVL,INE0YZ901011,M,35.89,35.89,33.56,34.79,34.90,24000,822568.00,30
BSE,UHZAVERI,INE556Z01010,B,10.45,10.78,10.05,10.16,10.45,5648,57792.00,29
BSE,UJJIVANSFB,INE551W01018,A,71.30,71.51,67.97,70.69,68.83,6595892,460097447.00,18314
BSE,ULTRACAB,INE010R01023,X,7.12,7.12,6.38,6.98,7.14,297572,2006457.00,545
BSE,ULTRACEMCO,INE481G01011,A,11558.65,11878.50,11558.65,11839.55,11908.35,7092,83576961.00,2795
BSE,ULTRAMAR,INE405A01021,B,383.00,384.80,377.00,379.25,384.25,2237,849198.00,246
BSE,UMAEXPORTS,INE0GIU01018,T,19.70,20.08,19.40,20.06,19.63,5952,117920.00,30
BSE,UMESLTD,INE240C01028,B,5.15,5.40,5.15,5.40,5.41,950,4917.00,5
BSE,UMIYA,INE173U01015,X,30.65,30.65,28.55,28.55,30.05,19659,566124.00,67
BSE,UMIYA-MRO,INE398B01018,B,89.15,90.74,88.01,90.37,90.21,111,10027.00,7
BSE,UNIABEXAL,INE361D01012,XT,4724.60,4800.00,4525.00,4717.85,4748.30,284,1335655.00,58
BSE,UNIAUTO,INE203T01012,B,54.26,54.26,51.00,52.99,51.26,22782,1194946.00,64
BSE,UNICHEMLAB,INE351A01035,B,535.10,542.00,529.00,539.25,530.65,6024,3236906.00,271
BSE,UNICK,INE250G01010,X,44.46,44.46,44.46,44.46,46.80,644,28632.00,12
BSE,UNIDT,INE961D01019,T,232.25,232.25,232.00,232.00,223.85,2,464.00,2
BSE,UNIECOM,INE00U401027,B,84.00,84.50,83.00,84.41,84.54,35641,2985320.00,295
BSE,UNIENTER,INE037A01022,B,99.55,99.55,98.70,98.70,98.90,149,14830.00,32
BSE,UNIFIED,INE1ABX01018,M,367.00,367.00,361.05,361.10,367.00,3600,1312460.00,8
BSE,UNIMECH,INE0U3I01011,B,1209.05,1247.30,1185.30,1237.00,1215.90,9412,11428027.00,649
BSE,UNIOFFICE,INE951C01012,XT,8.49,8.49,8.49,8.49,8.93,113,959.00,2
BSE,UNIONBANK,INE692A01016,A,166.95,171.35,165.80,170.50,168.45,1462299,245149979.00,6210
BSE,UNIPARTS,INE244O01017,B,675.35,692.50,662.25,689.55,672.20,4342,2945027.00,290
BSE,UNIQUEO,INE333E01019,X,79.99,79.99,72.21,76.98,76.89,677,51157.00,46
BSE,UNISHIRE,INE210P01015,MT,1.38,1.38,1.38,1.38,1.32,10000,13800.00,1
BSE,UNISON,INE099D01026,XT,0.70,0.70,0.66,0.68,0.68,278526,189068.00,245
BSE,UNITDCR,INE858C01027,X,27.90,27.90,26.00,26.99,27.90,3952,104632.00,12
BSE,UNITDSPR,INE854D01024,A,1411.60,1480.00,1410.05,1468.20,1418.70,400226,586864540.00,19815
BSE,UNITECH,INE694A01020,B,4.50,4.55,4.34,4.37,4.47,1233777,5437913.00,368
BSE,UNITEDINT,INE706D01018,X,67.95,67.95,67.95,67.95,68.00,26,1766.00,2
BSE,UNITEDPOLY,INE368U01029,T,29.45,29.48,28.20,29.48,28.08,2344,66815.00,15
BSE,UNITINT,INE929K01011,Z,3.36,3.36,3.24,3.30,3.20,956,3156.00,10
BSE,UNIVARTS,INE464B01018,X,4.50,5.10,3.55,5.10,4.25,5764,28345.00,20
BSE,UNIVCABLES,INE279A01012,B,1175.15,1250.00,1175.15,1233.80,1204.10,13453,16197273.00,868
BSE,UNIVPHOTO,INE03V001013,T,480.00,480.55,480.00,480.55,480.55,98,47068.00,8
BSE,UNIVSTAR,INE113E01015,XT,204.95,204.95,204.95,204.95,196.95,1,204.00,1
BSE,UNJHAFOR,INE576D01015,X,22.02,23.89,22.02,23.81,23.89,6642,158526.00,20
BSE,UNOMINDA,INE405E01023,A,1125.10,1132.95,1101.15,1128.05,1130.10,18372,20486127.00,2010
BSE,UNRYLMA,INE602H01010,X,14.66,14.66,14.66,14.66,14.51,143,2096.00,5
BSE,UPHOT,INE726E01014,X,1511.00,1511.00,1500.00,1500.00,1511.35,107,160577.00,5
BSE,UPL,INE628A01036,A,600.05,604.75,595.10,602.10,606.75,19503,11709652.00,605
BSE,UPSURGE,INE890B01014,X,67.54,70.00,66.20,66.47,68.72,3437,237957.00,41
BSE,URAVIDEF,INE568Z01015,T,114.00,114.00,111.70,112.00,112.90,31,3480.00,11
BSE,URBANCO,INE0CAZ01013,A,129.75,130.15,126.80,129.80,130.25,44133,5678559.00,731
BSE,URJA,INE550C01020,B,9.06,9.25,8.92,9.20,9.06,119866,1089104.00,651
BSE,URSUGAR,INE904R01027,B,2.60,2.80,2.60,2.73,2.73,137350,368442.00,81
BSE,USGTECH,INE718B01017,XT,9.90,10.89,9.90,10.89,10.39,34152,361424.00,148
BSE,USHAKIRA,INE697C01011,X,32.01,33.61,32.01,33.60,32.01,165,5390.00,10
BSE,USHAMART,INE228A01035,A,499.80,499.90,489.10,495.25,496.25,13148,6525418.00,388
BSE,USK,INE0N0Y01013,B,22.21,22.40,21.29,21.40,21.67,507,10863.00,7
BSE,UTIAMC,INE094J01016,A,904.00,908.75,877.00,880.60,904.30,41902,37118811.00,2886
BSE,UTIQUE,INE096A01010,X,3.62,3.98,3.62,3.80,3.90,1701,6424.00,31
BSE,UTKARSHBNK,INE735W01017,B,14.33,14.51,14.18,14.47,14.50,222362,3182407.00,416
BSE,UTLINDS,INE184E01024,X,1.51,1.52,1.51,1.52,1.52,27741,41926.00,31
BSE,UTLSOLAR,INE12UR01024,B,365.75,388.25,365.75,383.90,374.95,25301,9638074.00,939
BSE,UTTAMSUGAR,INE786F01031,B,229.00,229.25,226.10,227.05,227.90,1697,385687.00,76
BSE,UVDRHOR,INE890G01047,XT,38.86,38.86,35.20,37.35,37.05,8174,293713.00,80
BSE,UVS,INE528C01018,X,82.25,85.90,82.25,84.06,82.37,1566,131091.00,25
BSE,UYFINCORP,INE152C01025,B,19.29,19.29,18.25,18.66,19.24,24096,452339.00,166
BSE,V2RETAIL,INE945H01021,B,217.80,221.15,216.25,219.05,220.20,31711,6937089.00,555
BSE,VAARAD,INE418B01048,X,9.56,10.49,9.56,10.42,9.85,1098,11460.00,12
BSE,VADILALIND,INE694D01016,B,6773.00,6773.00,6633.00,6692.35,6724.15,175,1172334.00,68
BSE,VADILENT,INE693D01018,X,9800.00,9810.00,9800.00,9810.00,9800.00,65,637020.00,5
BSE,VAHH,INE0H3U01013,M,52.55,52.60,52.00,52.42,52.55,20000,1047200.00,9
BSE,VAIBHAVGBL,INE884A01027,B,252.50,254.55,246.15,252.25,254.70,30509,7638753.00,661
BSE,VAICC,INE116E01018,P,3.26,3.26,3.26,3.26,3.43,100,326.00,1
BSE,VAKRANGEE,INE051B01021,B,5.75,5.89,5.67,5.80,5.76,74861,429683.00,324
BSE,VALENCIA,INE08RT01016,MS,47.00,47.00,47.00,47.00,46.40,1500,70500.00,1
BSE,VALIANT,INE760B01019,X,952.00,975.90,924.95,966.90,979.00,8709,8238435.00,573
BSE,VALIANTLAB,INE0JWS01017,T,62.50,62.50,60.17,60.17,62.50,122,7383.00,6
BSE,VALIANTORG,INE565V01010,T,263.50,274.90,263.50,263.50,263.50,286,77744.00,10
BSE,VALINDIA,INE130701019,M,17.50,18.71,17.50,17.80,18.00,6000,109392.00,5
BSE,VALLABHSQ,INE457E01016,X,8.92,8.92,8.50,8.51,8.50,256,2219.00,5
BSE,VALSONQ,INE808A01018,X,31.05,34.89,30.55,33.76,33.00,2663,89074.00,17
BSE,VAMA,INE685D01022,X,3.55,3.82,3.55,3.77,3.67,13046,46848.00,37
BSE,VAML,INE1CDF01017,B,433.35,439.70,427.30,435.65,435.05,249069,108422053.00,11270
BSE,VAMSHIRU,INE380C01014,X,40.00,40.00,40.00,40.00,40.00,60,2400.00,3
BSE,VANDAN,INE0RDJ01019,M,24.00,24.00,24.00,24.00,24.00,1200,28800.00,1
BSE,VANDU,INE0RH001011,M,50.00,51.00,50.00,51.00,51.00,6000,302000.00,3
BSE,VANICOM,INE661Q01017,X,7.68,7.69,7.60,7.68,7.70,9876,75834.00,11
BSE,VAPIENTER,INE464D01014,X,120.00,128.10,120.00,128.10,122.00,1000,126873.00,8
BSE,VARDMNPOLY,INE835A01029,B,6.27,6.27,5.97,6.06,6.01,11215,67008.00,108
BSE,VARIMAN,INE717F01028,XT,4.38,4.38,4.03,4.23,4.24,144992,591238.00,94
BSE,VARROC,INE665L01035,A,631.40,646.40,630.85,643.00,640.10,1397,893181.00,192
BSE,VARYAA,INE0R6801013,M,27.10,27.10,27.00,27.00,30.00,3000,81110.00,3
BSE,VASCONEQ,INE893I01013,T,32.50,32.50,31.60,32.23,32.08,2327,74869.00,33
BSE,VASINFRA,INE192C01013,XT,7.93,8.40,7.62,7.99,8.02,2002,16511.00,15
BSE,VASWANI,INE590L01019,B,56.80,56.80,51.53,53.45,52.14,545,28420.00,22
BSE,VBDESAI,INE848D01018,X,16.00,18.58,16.00,18.58,16.00,210,3618.00,3
BSE,VBIND,INE334E01017,X,8.90,9.25,8.57,8.60,9.02,31423,270075.00,43
BSE,VBL,INE200M01039,A,453.95,459.05,451.20,457.30,459.00,61629,28010760.00,1514
BSE,VCU,INE962O01014,XT,7.75,7.75,7.35,7.54,7.58,2232,16941.00,37
BSE,VEDANTASSET,INE0NC801013,MT,81.29,81.29,81.29,81.29,82.94,1500,121935.00,1
BSE,VEDAVAAG,INE359B01010,X,20.88,20.88,19.45,19.50,19.80,21627,423905.00,130
BSE,VEDL,INE205A01025,A,263.55,266.00,260.20,264.60,264.55,304042,79732386.00,4175
BSE,VEDPOWER,INE694L01019,B,34.28,35.38,33.93,35.02,34.72,2602134,90125677.00,9719
BSE,VEEDOL,INE484C01030,B,1408.90,1413.00,1383.40,1404.70,1397.30,887,1240127.00,100
BSE,VEEFIN,INE0Q0M01015,M,306.95,306.95,302.05,305.25,302.90,7400,2251550.00,29
BSE,VEERENRGY,INE255E01030,X,12.00,12.49,12.00,12.43,12.20,10317,126147.00,28
BSE,VEERHEALTH,INE882C01035,XT,41.49,41.50,40.30,41.49,41.47,49925,2057884.00,221
BSE,VEERKRUPA,INE0ID001024,M,0.49,0.53,0.49,0.53,0.50,400800,209585.00,17
BSE,VEGA,INE603D01017,XT,61.95,61.95,61.95,61.95,61.95,24,1486.00,1
BSE,VEL,INE560T01015,X,61.00,63.24,61.00,62.40,62.49,2775,172340.00,39
BSE,VELHO,INE548D01014,X,6.52,6.52,6.08,6.08,6.39,6207,38187.00,23
BSE,VELJAN,INE232E01013,T,1848.00,1864.80,1730.00,1730.00,1776.00,715,1252602.00,62
BSE,VENKEYS,INE398A01010,B,1513.90,1530.65,1493.75,1501.75,1508.10,3217,4856321.00,267
BSE,VENLONENT,INE204D01022,X,3.47,3.47,3.00,3.33,3.25,6846,21861.00,22
BSE,VENMAX,INE154G01022,X,16.31,17.00,15.57,15.94,16.90,8381,135105.00,61
BSE,VENTIVE,INE781S01027,B,612.70,621.00,603.00,616.50,612.70,1206,733471.00,121
BSE,VENTURA,INE810C01044,X,8.35,8.55,8.10,8.46,8.40,575,4802.00,12
BSE,VENUSPIPES,INE0JA001018,B,1661.25,1711.15,1661.20,1702.10,1682.25,4833,8165216.00,395
BSE,VENUSREM,INE411B01019,T,1612.20,1681.50,1592.30,1650.60,1676.05,2302,3748464.00,165
BSE,VERANDA,INE0IQ001011,B,233.80,235.20,230.05,234.35,237.50,7565,1756096.00,154
BSE,VERITAS,INE379J01029,XT,171.05,176.90,170.10,174.05,173.55,1364,235833.00,31
BSE,VERTEX,INE316D01024,XT,3.70,3.70,3.41,3.44,3.58,23693,81853.00,47
BSE,VESUVIUS,INE386A01023,A,444.00,453.90,442.00,452.60,447.00,1043,468890.00,95
BSE,VETO,INE918N01018,T,120.60,124.70,118.00,120.60,120.60,3341,401154.00,42
BSE,VGCL,INE761Q01015,XT,53.00,53.00,51.64,51.64,54.35,387,19987.00,19
BSE,VGIL,INE244W01010,T,135.35,138.85,134.80,134.90,135.60,1991,268930.00,24
BSE,VGL,INE273D01027,B,61.79,62.90,60.01,60.89,62.70,4941,302075.00,142
BSE,VGUARD,INE951I01027,A,294.70,294.70,289.05,291.00,294.50,14738,4287879.00,1152
BSE,VHL,INE701A01023,B,3475.00,3543.70,3475.00,3492.40,3492.35,39,137686.00,4
BSE,VHLTD,INE048C01025,T,132.00,133.50,128.05,133.20,131.45,734,96191.00,35
BSE,VICTMILL,INE203D01016,X,5000.00,5000.00,4950.00,4950.00,5000.00,5,24900.00,4
BSE,VIDHIING,INE632C01026,B,300.75,314.75,300.10,308.95,300.70,929,285242.00,111
BSE,VIDYAWIRES,INE14UN01029,B,88.99,89.79,86.81,88.68,88.04,94907,8396454.00,874
BSE,VIJAYA,INE043W01024,A,1316.85,1323.00,1295.00,1313.00,1320.95,8631,11287073.00,559
BSE,VIJIFIN,INE159N01027,T,9.33,9.33,9.33,9.33,9.15,1550220,14463552.00,152
BSE,VIJSOLX,INE362D01010,XT,685.00,709.95,685.00,709.00,705.00,36,24971.00,15
BSE,VIKASECO,INE806A01020,B,1.11,1.15,1.09,1.12,1.11,360052,400551.00,881
BSE,VIKASLIFE,INE161L01027,B,1.29,1.36,1.28,1.32,1.29,562619,739105.00,10750
BSE,VIKASPROP,INE767B01022,Z,0.27,0.27,0.26,0.26,0.27,40923,10858.00,43
BSE,VIKASWSP,INE706A01022,Z,0.95,1.05,0.95,0.98,1.00,19955,20201.00,36
BSE,VIKRAMAR,INE0NR501012,X,71.00,71.40,69.51,70.92,71.00,811,57572.00,9
BSE,VIKRAMSOLR,INE078V01014,A,182.35,183.40,179.50,182.80,183.95,112273,20420761.00,1795
BSE,VIKRAMTH,INE337E01010,XT,235.00,245.90,235.00,245.00,245.00,11710,2865683.00,116
BSE,VIKRAN,INE01R501028,B,71.00,71.69,70.02,71.43,71.96,70555,4990945.00,660
BSE,VIMTALABS,INE579C01029,B,566.00,576.00,552.80,570.60,563.20,9043,5090872.00,319
BSE,VINATIORGA,INE410B01037,A,1293.05,1306.90,1276.60,1301.00,1292.65,3862,4975060.00,481
BSE,VINCOFE,INE498Q01014,B,155.75,157.00,154.75,156.40,156.25,30334,4725502.00,446
BSE,VINDHYATEL,INE707A01012,B,1837.75,1895.55,1812.00,1886.00,1853.30,530,983443.00,166
BSE,VINEETLAB,INE505Y01010,T,38.90,39.00,36.50,38.70,37.28,3683,136205.00,15
BSE,VINNY,INE01KI01027,B,1.08,1.10,1.07,1.07,1.08,14802,15863.00,32
BSE,VINRKLB,INE092O01028,XT,25.27,25.39,25.27,25.30,26.60,3938,99513.00,17
BSE,VINYLINDIA,INE250B01029,B,241.10,243.80,237.25,243.80,243.30,3525,844464.00,165
BSE,VINYOFL,INE526H01011,X,50.55,52.95,50.55,52.89,50.55,332,17537.00,6
BSE,VIPCLOTHNG,INE450G01024,T,21.95,22.40,21.50,21.62,21.95,494,10697.00,11
BSE,VIPIND,INE054A01027,A,290.25,297.10,287.80,295.20,290.95,7755,2260522.00,224
BSE,VIPPYSP,INE660D01017,X,164.35,174.40,160.30,164.95,165.15,799,128299.00,4
BSE,VIPULLTD,INE946H01037,T,12.27,12.50,12.27,12.27,12.91,18459,226944.00,48
BSE,VIPULORG,INE834D01018,X,245.80,245.80,238.00,242.15,240.35,6166,1478245.00,49
BSE,VIRAT,INE467D01017,X,307.75,323.00,301.00,308.85,311.65,4471,1379145.00,149
BSE,VIRATCRA,INE295C01014,X,37.00,38.99,36.31,37.85,38.57,901,33190.00,14
BSE,VIRGOGLOB,INE400B01020,XT,4.26,4.26,4.26,4.26,4.34,4108,17500.00,5
BSE,VIRINCHI,INE539B01017,B,15.37,15.84,15.25,15.40,15.44,6441,99160.00,27
BSE,VIRTUALG,INE247C01023,X,0.45,0.46,0.44,0.45,0.45,127417,56706.00,112
BSE,VISACHROME,INE286H01012,T,37.45,38.55,36.50,36.98,38.00,1489,55113.00,21
BSE,VISAGAR,INE309H01038,X,0.31,0.32,0.31,0.32,0.32,492835,155194.00,198
BSE,VISAKAIND,INE392A01021,B,80.26,80.50,78.34,79.18,80.32,12467,991811.00,106
BSE,VISHAL,INE755Q01025,B,18.58,18.58,18.21,18.44,18.34,33604,617353.00,202
BSE,VISHALBL,INE060T01024,B,50.23,50.23,48.73,49.55,50.23,1012,49711.00,22
BSE,VISHNU,INE270I01022,B,610.00,635.05,610.00,631.90,620.35,5412,3383704.00,282
BSE,VISHWARAJ,INE430N01022,B,5.47,5.47,5.05,5.19,5.26,19962,102673.00,90
BSE,VISIONCINE,INE515B01025,XT,1.17,1.22,1.12,1.22,1.17,32930,38473.00,46
BSE,VISIONCO,INE661D01015,X,2.06,2.07,2.06,2.06,2.06,3739,7723.00,10
BSE,VISL,INE1CLE01013,B,30.99,31.25,30.21,30.36,31.10,3183901,97516861.00,9832
BSE,VISTAPH,INE427C01021,X,7.00,7.35,7.00,7.27,7.03,3968,27930.00,26
BSE,VISTARAMAR,INE878P01019,X,213.05,219.95,209.25,210.25,217.05,1521,323463.00,53
BSE,VISVEN,INE762D01011,X,41.99,44.80,41.99,44.24,40.90,114,5042.00,5
BSE,VIVAA,INE0PA601017,MT,99.35,101.33,99.35,101.33,99.35,4000,401360.00,2
BSE,VIVANTA,INE299W01022,X,1.62,1.65,1.55,1.62,1.63,59183,95151.00,181
BSE,VIVANZA,INE984E01035,X,1.95,1.95,1.87,1.88,1.87,1953,3757.00,12
BSE,VIVIDHA,INE370E01029,B,0.51,0.54,0.51,0.54,0.52,91182,48257.00,49
BSE,VIVIDM,INE647Z01025,B,6.26,6.26,5.99,6.17,6.10,9493,58376.00,50
BSE,VIVIMEDLAB,INE526G01021,T,5.29,5.30,5.11,5.30,5.16,2599,13495.00,10
BSE,VIVOBIOT,INE380K01017,X,23.40,23.40,22.00,22.96,23.02,6062,137820.00,153
BSE,VIYASH,INE807F01027,A,252.50,254.45,248.05,251.00,253.15,61348,15380096.00,841
BSE,VJLAXMIE,INE466D01019,X,39.90,39.90,37.70,37.97,38.50,638,24354.00,9
BSE,VJTFEDU,INE117F01013,X,70.85,70.85,70.85,70.85,70.89,1,70.00,1
BSE,VKAL,INE427T01025,X,0.91,0.92,0.88,0.89,0.91,640679,574518.00,251
BSE,VLEGOV,INE03HW01020,T,10.41,10.41,10.41,10.41,10.62,11517,119891.00,70
BSE,VLSFINANCE,INE709A01018,B,254.15,255.65,252.05,252.70,254.10,470,119169.00,28
BSE,VMART,INE665J01013,A,763.00,788.80,714.40,726.00,759.55,46237,35215181.00,1884
BSE,VMM,INE01EA01019,A,109.35,109.35,106.85,108.00,109.85,509807,55109830.00,4540
BSE,VMS,INE932K01015,X,21.22,21.97,20.55,21.16,21.79,25691,546104.00,190
BSE,VMSTMT,INE0SJA01013,T,42.30,46.50,42.30,45.91,44.49,5107,225841.00,39
BSE,VOEPL,INE0I0T01010,B,490.35,511.00,481.00,483.45,498.85,11872,5876880.00,605
BSE,VOGL,INE704J01044,B,32.46,34.49,32.11,34.17,32.79,5298916,176817708.00,12142
BSE,VOITHPAPR,INE285C01015,X,1445.05,1450.00,1440.00,1441.20,1445.00,790,1138537.00,33
BSE,VOLKAI,INE820M01018,XT,82.00,85.88,80.55,83.04,82.99,2046,169224.00,21
BSE,VOLLF,INE763D01019,X,13.79,14.99,13.79,14.91,14.51,2735,40032.00,19
BSE,VOLTAMP,INE540H01012,A,9249.95,9273.30,9140.95,9166.50,9315.60,880,8108076.00,275
BSE,VOLTAS,INE226A01021,A,1312.15,1332.50,1292.00,1327.40,1310.20,18703,24638993.00,1277
BSE,VPAL,INE1L3801017,M,165.00,174.50,165.00,173.70,163.60,94400,16087120.00,48
BSE,VPRPL,INE0AE001013,T,27.92,27.92,27.92,27.92,27.38,4358,121675.00,15
BSE,VRAJ,INE0S2V01010,B,131.10,131.10,125.25,129.80,131.10,912,115810.00,39
BSE,VRFILMS,INE06LG01010,B,14.99,14.99,14.99,14.99,14.99,7,104.00,3
BSE,VRL,INE406F01010,XT,175.00,175.00,170.00,170.55,174.00,154,26318.00,14
BSE,VRLLOG,INE366I01010,B,242.65,248.65,237.35,243.45,241.00,13137,3206705.00,410
BSE,VRUDDHI,INE0OMZ01013,M,225.00,225.00,225.00,225.00,227.00,500,112500.00,1
BSE,VSFPROJ,INE923K01014,X,34.99,36.49,32.95,35.29,34.99,457,15647.00,24
BSE,VSL,INE607V01028,B,9.83,10.00,9.83,9.98,10.00,41433,411995.00,182
BSE,VSSL,INE050M01012,B,296.10,297.85,288.60,296.55,297.15,9437,2771282.00,202
BSE,VSTIND,INE710A01016,B,227.05,233.00,226.10,230.05,228.45,37550,8600656.00,644
BSE,VSTL,INE0QTF01015,B,110.00,110.60,110.00,110.05,109.20,243,26734.00,11
BSE,VSTTILLERS,INE764D01017,B,4410.05,4466.15,4385.00,4416.10,4414.45,189,835156.00,62
BSE,VTL,INE825A01020,A,602.60,619.85,598.05,612.95,610.50,14524,8852281.00,802
BSE,VTMLTD,INE222F01029,X,65.25,65.30,62.01,62.68,64.06,15387,967807.00,110
BSE,VVIPIL,INE0MNP01016,M,125.40,125.40,116.40,118.15,121.50,3600,429030.00,6
BSE,VXLINSTR,INE756A01019,XT,3.85,3.85,3.61,3.85,3.79,193,718.00,7
BSE,WAA,INE799N01012,M,44.60,44.60,42.00,42.95,44.52,23200,997728.00,28
BSE,WAAREE,INE725P01012,MT,235.00,238.75,229.00,237.40,235.20,5250,1232875.00,30
BSE,WAAREEENER,INE377N01017,A,2708.95,2718.45,2678.00,2700.85,2711.65,19110,51544393.00,2348
BSE,WAAREEINDO,INE866K01023,B,352.45,352.45,352.45,352.45,371.00,7298,2572180.00,203
BSE,WAAREERTL,INE299N01021,A,944.90,949.00,921.10,933.80,944.90,42370,39380601.00,1884
BSE,WABAG,INE956G01038,A,2049.50,2065.55,2010.45,2042.05,2058.75,26073,53120124.00,1348
BSE,WAGEND,INE786K01023,X,1.19,1.20,1.19,1.20,1.20,26235,31480.00,17
BSE,WAKEFIT,INE0E7301029,B,132.50,137.20,123.50,129.50,134.60,1033174,135424331.00,5685
BSE,WALCHANNAG,INE711A01022,B,233.80,239.95,232.70,237.05,237.85,40931,9646380.00,709
BSE,WALCHPF,INE695D01021,X,123.10,127.25,123.00,127.25,123.00,58,7160.00,9
BSE,WALLFORT,INE121B01014,X,84.15,84.15,74.00,74.58,81.46,5430,407867.00,90
BSE,WANBURY,INE107F01022,B,325.45,335.15,323.40,332.50,329.85,15655,5165027.00,365
BSE,WARDINMOBI,INE945P01024,X,6.61,6.69,6.55,6.66,6.66,337316,2232412.00,733
BSE,WARDWIZFBL,INE761D01021,X,9.79,9.79,9.31,9.38,9.71,80481,757753.00,151
BSE,WARRENTEA,INE712A01012,X,46.10,50.50,45.79,49.10,48.98,6812,331245.00,86
BSE,WATERBASE,INE054C01015,X,41.55,43.05,41.55,42.93,43.34,8698,369133.00,122
BSE,WCIL,INE0CJF01024,B,89.60,90.45,88.40,90.30,89.00,1747,155854.00,72
BSE,WEALTH,INE658T01017,B,953.45,970.00,930.25,955.60,964.00,60,57207.00,36
BSE,WEBELSOLAR,INE855C01023,A,99.35,100.35,98.00,99.70,100.10,122020,12086065.00,754
BSE,WEL,INE02WG01024,B,101.60,109.00,98.40,107.55,101.40,15368,1590002.00,293
BSE,WELCORP,INE191B01025,A,1624.75,1624.75,1571.00,1596.95,1610.60,26178,41720877.00,1452
BSE,WELCURE,INE331C01025,X,0.24,0.25,0.23,0.25,0.25,17148058,4111968.00,644
BSE,WELENT,INE625G01013,A,598.20,602.90,591.05,598.95,601.55,4327,2585873.00,262
BSE,WELINV,INE389K01018,T,1832.00,1900.00,1832.00,1900.00,1816.75,5,9389.00,4
BSE,WELSPLSOL,INE731F01037,B,48.50,51.90,48.50,51.25,49.40,86305,4373059.00,496
BSE,WELSPUNLIV,INE192B01031,A,163.05,164.00,160.35,161.90,165.00,83890,13584254.00,1180
BSE,WENDT,INE274C01019,B,7409.55,8199.00,7300.00,8072.65,7426.00,1728,13675881.00,558
BSE,WEPSOLN,INE434B01029,X,27.37,28.73,26.50,28.73,27.37,29204,825228.00,91
BSE,WESTLIFE,INE274F01020,A,474.60,476.05,454.20,458.30,490.10,8762,4058390.00,415
BSE,WEWORK,INE085001019,B,699.45,719.10,684.25,713.30,700.45,11271,7873042.00,553
BSE,WHBRADY,INE855A01019,X,525.00,534.00,520.00,520.00,527.00,51,26897.00,12
BSE,WHEELS,INE715A01015,B,1434.00,1450.60,1413.15,1442.05,1442.15,6461,9240073.00,448
BSE,WHIRLPOOL,INE716A01013,A,767.80,774.05,757.15,771.60,769.60,5911,4522782.00,307
BSE,WHITEORG,INE146C01019,X,3.62,3.62,3.46,3.56,3.57,9247,32802.00,51
BSE,WILLIMFI,INE188E01017,X,8.02,8.02,8.02,8.02,8.44,5,40.00,1
BSE,WINDLAS,INE0H5O01029,B,858.00,863.70,836.05,859.50,859.35,1260,1077238.00,144
BSE,WINDMACHIN,INE052A01021,B,289.15,293.55,284.35,292.05,290.60,1910,547937.00,44
BSE,WINSOMBR,INE391C01011,X,20.07,20.91,19.95,20.16,20.07,8860,180275.00,73
BSE,WINSOME,INE784B01035,Z,2.18,2.18,2.18,2.18,2.14,3749,8172.00,5
BSE,WINSOMTX,INE837B01031,X,91.52,93.89,91.00,91.59,92.90,6315,580661.00,66
BSE,WIPRO,INE075A01022,A,173.90,177.85,172.80,177.15,174.85,1017951,179122742.00,14560
BSE,WIREFABR,INE469D01013,X,135.80,135.80,135.80,135.80,142.90,19,2580.00,4
BSE,WOCKPHARMA,INE049B01025,A,1856.95,1858.45,1827.75,1849.90,1849.15,116620,216065417.00,987
BSE,WOMENNET,INE905B01010,X,9.00,9.00,9.00,9.00,8.92,25,225.00,1
BSE,WONDERLA,INE066O01014,B,460.25,470.70,458.00,467.95,466.00,2974,1378595.00,127
BSE,WORKMATES,INE1I1301016,M,326.00,340.00,326.00,340.00,339.00,7200,2379900.00,12
BSE,WORTH,INE114O01020,XT,3.74,3.87,3.74,3.87,3.81,77436,296045.00,77
BSE,WORTHPERI,INE196Y01018,B,167.00,167.00,141.50,143.65,139.80,55,7819.00,10
BSE,WOSAL,INE1MF401019,M,19.80,20.00,19.80,19.80,20.25,6000,119200.00,3
BSE,WPIL,INE765D01022,B,432.55,499.90,432.55,449.55,443.65,60878,28114446.00,2590
BSE,WSFX,INE549D01012,X,62.01,63.88,62.01,63.88,63.07,887,56319.00,20
BSE,WSI,INE100D01014,B,61.02,62.90,60.15,62.54,61.02,11467,711280.00,38
BSE,WSTCSTPAPR,INE976A01021,B,557.65,559.75,542.85,552.70,560.40,19121,10492287.00,638
BSE,WWALUM,INE550D01010,X,17.81,17.81,17.81,17.81,17.68,277,4933.00,1
BSE,XCHANGING,INE692G01013,B,64.00,64.50,62.80,64.03,63.89,7004,445693.00,212
BSE,XELPMOC,INE01P501012,B,80.01,83.50,77.11,81.94,81.29,1364,109175.00,151
BSE,XPROINDIA,INE445C01015,B,1349.90,1391.95,1333.00,1387.95,1349.90,243,328218.00,47
BSE,XTGLOBAL,INE547B01028,B,28.00,28.31,27.10,27.82,28.33,1034,28591.00,64
BSE,YAANENT,INE969E01010,X,100.50,100.50,98.00,100.40,100.50,12973,1292181.00,17
BSE,YAASHVI,INE1T6L01010,M,67.50,72.90,67.00,72.00,70.35,59200,4133440.00,24
BSE,YAJUR,INE0CNJ01010,MT,35.70,37.39,35.70,37.39,36.65,4800,175424.00,6
BSE,YAMNINV,INE457N01025,XT,0.63,0.63,0.61,0.62,0.63,276012,172158.00,195
BSE,YARNSYN,INE564C01013,X,14.36,14.87,14.00,14.27,14.36,3559,50447.00,31
BSE,YASHCHEM,INE571U01010,X,50.40,51.80,50.00,50.39,48.62,481,24355.00,23
BSE,YASHHTEJ,INE1O6P01016,MT,50.35,53.00,50.35,52.99,50.97,34800,1835568.00,29
BSE,YASHHV,INE00GK01023,M,890.00,938.00,875.00,931.30,889.65,67500,60931975.00,259
BSE,YASHINNO,INE823D01011,X,38.10,39.78,36.20,38.11,38.10,26039,967439.00,123
BSE,YASHMGM,INE216B01012,X,9.62,9.62,9.13,9.50,9.51,916,8406.00,10
BSE,YASHO,INE616Z01012,B,3089.85,3122.45,3030.00,3069.85,3079.55,1744,5357126.00,266
BSE,YASHRAJC,INE095C01018,XT,4.64,4.85,4.40,4.40,4.62,2366,10650.00,17
BSE,YATHARTH,INE0JO301016,A,845.95,848.90,825.25,837.90,840.75,7451,6241374.00,509
BSE,YATRA,INE0JR601024,B,106.85,108.10,104.95,107.65,107.30,110063,11782287.00,2176
BSE,YESBANK,INE528G01035,A,22.86,23.02,22.63,22.96,22.93,3856411,87930732.00,17254
BSE,YOGI,INE290E01011,X,171.20,171.80,169.95,169.95,172.00,28,4775.00,5
BSE,YOGISUNG,INE429B01011,XT,6.69,6.94,6.36,6.78,6.69,1161,7477.00,12
BSE,YORKEXP,INE057Q01018,X,47.10,49.45,47.10,47.30,47.10,176,8692.00,6
BSE,YUKEN,INE384C01016,B,703.80,715.30,703.80,715.30,706.35,7,4984.00,2
BSE,YUNIKM,INE143K01019,X,5.88,6.33,5.88,5.88,5.88,278,1679.00,5
BSE,YURANUS,INE156M01017,X,85.50,94.50,85.50,94.50,90.00,25405,2180090.00,19
BSE,YUVRAAJHPL,INE139D01020,XT,7.52,7.76,7.15,7.55,7.50,31142,232122.00,53
BSE,ZAGGLE,INE07K301024,A,200.00,202.30,198.65,200.20,201.15,44273,8854987.00,842
BSE,ZAPPFRESH,INE0SUM01015,M,89.95,98.99,82.32,84.66,89.23,405600,36523764.00,321
BSE,ZBINTXPP,INE626H01019,XT,1648.00,1729.90,1648.00,1729.90,1650.00,5,8485.00,3
BSE,ZDHJERK,INE239F01015,X,25.48,26.82,25.48,25.48,26.82,681,17353.00,4
BSE,ZEAL,INE819S01025,XT,11.09,11.40,11.01,11.08,11.29,64211,716361.00,202
BSE,ZEEL,INE256A01028,A,102.95,106.50,101.25,104.85,103.40,689738,71288762.00,2439
BSE,ZEELEARN,INE565L01011,T,7.90,8.15,7.90,8.09,8.10,30590,247348.00,112
BSE,ZEEMEDIA,INE966H01019,B,7.76,8.03,7.76,7.91,7.90,58098,459393.00,198
BSE,ZELIO,INE1B3501014,MT,795.45,795.45,795.45,795.45,811.65,2500,1988625.00,5
BSE,ZENIFIB,INE106C01013,X,53.00,53.00,51.51,52.10,51.09,77,3968.00,3
BSE,ZENITHHE,INE812B01026,X,3.27,3.36,3.14,3.24,3.31,18115,59609.00,90
BSE,ZENITHSTL,INE318D01020,B,5.66,6.00,5.60,5.78,5.65,14264,82852.00,66
BSE,ZENLABS,INE546F01013,XT,29.34,29.34,27.60,28.00,29.05,102,2905.00,7
BSE,ZENOTECH,INE486F01012,X,44.85,45.72,44.10,44.29,45.40,3074,137808.00,39
BSE,ZENSARTECH,INE520A01027,A,487.20,509.95,485.00,505.85,486.00,222480,110932377.00,4100
BSE,ZENTEC,INE251B01027,A,1781.15,1793.55,1750.95,1769.50,1801.35,37711,66546574.00,2812
BSE,ZFCVINDIA,INE342J01019,A,2376.50,2386.90,2261.00,2317.95,2366.85,23392,54411303.00,3043
BSE,ZFSTEERING,INE116C01012,B,665.00,779.00,649.35,689.80,667.00,6949,4946918.00,447
BSE,ZIMLAB,INE518E01015,T,120.05,120.05,120.00,120.00,120.05,2214,265770.00,9
BSE,ZINEMA,INE641Q01019,MT,18.50,18.50,18.50,18.50,18.65,24000,444000.00,1
BSE,ZKHANDEN,INE687W01010,XT,163.00,163.00,163.00,163.00,171.00,1,163.00,1
BSE,ZMILGFIN,INE679T01013,X,42.79,42.79,40.27,41.15,41.44,36742,1521127.00,118
BSE,ZMULTIPU,INE017P01014,X,10.87,10.87,9.85,9.97,10.36,272,2801.00,9
BSE,ZODIAC,INE761Y01019,T,258.00,258.00,245.70,250.85,256.05,1621,405404.00,61
BSE,ZODIACLOTH,INE206B01013,B,76.02,76.34,74.55,76.16,77.00,202,15378.00,8
BSE,ZODIACVEN,INE945J01027,XT,1.63,1.68,1.63,1.65,1.67,38392,63543.00,77
BSE,ZODJRDMKJ,INE077B01018,X,33.40,33.93,32.01,33.68,33.02,28698,958751.00,126
BSE,ZR2,INE218N01021,XT,120.65,127.00,120.65,120.65,127.00,4,488.00,4
BSE,ZSARACOM,INE967G01019,B,11700.00,11700.00,11700.00,11700.00,12694.40,1,11700.00,1
BSE,ZSVARAJT,INE406N01014,X,8.18,8.18,8.10,8.14,7.93,457,3719.00,6
BSE,ZUARI,INE840M01016,B,222.15,225.60,215.00,219.85,220.65,6703,1462330.00,184
BSE,ZUARIIND,INE217A01012,B,254.55,260.40,254.55,258.30,255.60,783,201176.00,39
BSE,ZWELCAST,INE380G01015,X,710.00,710.00,710.00,710.00,690.00,1,710.00,1
BSE,ZYDUSLIFE,INE010B01027,A,1112.50,1118.70,1100.00,1108.90,1113.60,69600,77057565.00,2400
BSE,ZYDUSWELL,INE768C01028,A,546.80,566.80,545.00,561.65,550.65,13026,7200069.00,606
