exchange,symbol,isin,series,open,high,low,close,prev_close,volume,value,trades
NSE,20MICRONS,INE144J01027,EQ,190.40,192.99,181.63,184.40,188.82,312335,57882266.66,6851
NSE,21STCENMGM,INE253B01015,EQ,31.98,32.60,31.41,32.13,31.98,1824,58371.65,49
NSE,360ONE,INE466L01038,EQ,1143.20,1165.10,1130.30,1133.60,1130.80,1168609,1340768999.90,54765
NSE,3BBLACKBIO,INE994E01018,EQ,1287.50,1287.50,1249.10,1258.70,1287.40,6393,8045149.70,817
NSE,3IINFOLTD,INE748C01038,EQ,17.95,18.10,17.50,17.65,17.76,290083,5128454.80,896
NSE,3MINDIA,INE470A01017,EQ,31690.00,32615.00,31435.00,32300.00,31665.00,4732,152468265.00,3105
NSE,3PLAND,INE105C01023,EQ,31.79,32.80,31.79,32.19,31.67,1989,63969.93,82
NSE,5PAISA,INE618L01018,EQ,323.90,332.40,317.55,325.60,316.80,103184,33445068.95,3562
NSE,63MOONS,INE111B01023,EQ,664.25,672.50,662.15,668.40,660.30,67943,45363655.95,3082
NSE,A2ZINFRA,INE619I01012,EQ,14.60,14.60,14.20,14.27,14.31,100633,1440515.22,259
NSE,AAATECH,INE0D0U01013,EQ,97.41,97.78,96.00,96.68,96.48,12658,1221890.28,226
NSE,AADHARHFC,INE883F01010,EQ,493.30,496.00,482.05,485.00,488.95,387503,189589198.30,16325
NSE,AAKASH,INE087Z01024,EQ,10.05,10.05,9.44,9.69,9.72,250723,2406462.65,599
NSE,AAREYDRUGS,INE198H01019,BE,80.40,80.40,75.39,78.93,79.35,79759,6246946.79,251
NSE,AARNAV,INE750R01016,EQ,25.35,25.35,24.25,24.98,24.69,179345,4476833.65,191
NSE,AARON,INE721Z01010,EQ,125.00,125.04,121.95,124.45,122.64,7619,942669.66,281
NSE,AARTECH,INE01C001026,EQ,41.27,49.38,39.98,49.05,41.15,926070,44773512.51,3483
NSE,AARTIDRUGS,INE767A01016,EQ,377.55,380.85,370.00,371.30,375.40,146991,54750535.05,3228
NSE,AARTIIND,INE769A01020,EQ,495.55,502.00,482.50,496.70,498.15,3795978,1867045897.75,72922
NSE,AARTIPHARM,INE0LRU01027,EQ,641.90,649.20,635.85,639.35,640.65,99346,63673147.00,9575
NSE,AARTISURF,INE09EO01013,EQ,390.00,394.20,382.00,384.15,389.55,6230,2400062.95,478
NSE,AARVI,INE754X01016,EQ,144.78,147.49,136.02,139.08,146.81,30264,4279262.02,861
NSE,AAVAS,INE216P01012,EQ,1395.10,1420.00,1386.00,1393.50,1405.20,64358,90059769.30,8058
NSE,ABANSENT,INE365O01028,BE,26.56,28.83,26.46,28.00,27.85,12917,360433.07,65
NSE,ABB,INE117A01022,EQ,6955.00,7079.50,6939.00,7021.00,6922.50,366666,2573557159.50,25220
NSE,ABBOTINDIA,INE358A01014,EQ,26375.00,26495.00,25830.00,26100.00,26255.00,10005,260929155.00,6519
NSE,ABCAPITAL,INE674K01013,EQ,368.00,375.95,366.90,373.80,368.20,3343325,1245833450.55,47759
NSE,ABCOTS,INE08PH01015,EQ,242.64,249.99,231.00,233.29,246.33,225177,53318134.85,4912
NSE,ABDL,INE552Z01027,EQ,629.50,634.80,620.50,629.75,627.85,245552,154210998.95,12078
NSE,ABFRL,INE647O01011,EQ,61.40,61.40,60.51,60.97,61.04,3340877,203766501.71,18813
NSE,ABINFRA,INE00YB01025,EQ,10.85,11.05,10.17,10.50,10.65,2413896,25572386.94,3145
NSE,ABLBL,INE14LE01019,EQ,100.97,102.30,99.67,100.71,100.12,607274,61114141.59,6857
NSE,ABMINTLLTD,INE251C01025,EQ,40.51,42.94,40.00,40.79,41.34,83,3484.65,17
NSE,ABMKNO,INE850B01026,EQ,219.96,219.99,207.09,213.92,215.93,1105,237229.47,32
NSE,ABREL,INE055A01016,EQ,1245.00,1320.00,1245.00,1315.70,1240.00,638373,831330966.80,40635
NSE,ABSLAMC,INE404A01024,EQ,1156.40,1167.60,1117.00,1120.60,1146.10,350182,399186693.10,28716
NSE,ACC,INE012A01025,EQ,1360.00,1361.30,1345.00,1349.00,1356.40,94705,128126599.50,9421
NSE,ACCELYA,INE793A01012,EQ,1115.00,1134.50,1105.10,1113.90,1115.90,9013,10051518.90,894
NSE,ACCURACY,INE648Z01023,EQ,5.69,5.94,5.50,5.58,5.62,103903,589026.59,438
NSE,ACE,INE731H01025,EQ,936.95,942.80,922.50,930.50,928.95,164366,152991485.80,9589
NSE,ACEINTEG,INE543V01017,EQ,20.21,20.87,19.61,19.91,20.21,667,13239.90,41
NSE,ACI,INE128X01021,EQ,541.90,544.90,525.25,527.45,538.90,141403,74982069.55,7879
NSE,ACL,INE666E01020,EQ,55.00,55.00,53.44,53.91,54.01,8843,478693.94,180
NSE,ACMESOLAR,INE622W01025,EQ,349.70,349.70,337.20,339.65,347.25,1181168,404879116.95,26007
NSE,ACSTECH,INE366C01021,EQ,37.55,39.60,37.10,37.34,38.29,57562,2180558.36,431
NSE,ACUTAAS,INE00FF01025,EQ,3106.00,3109.00,2960.20,2996.50,3096.70,530875,1596059328.60,52011
NSE,ADANIENSOL,INE931S01010,EQ,1498.00,1519.00,1475.50,1491.10,1491.90,1686111,2520766779.10,36655
NSE,ADANIENT,INE423A01024,EQ,2971.40,2997.70,2928.30,2943.60,2942.50,1851843,5486227434.10,64897
NSE,ADANIGREEN,INE364U01010,EQ,1489.60,1496.00,1472.60,1482.50,1482.60,1251445,1857253564.30,31472
NSE,ADANIPORTS,INE742F01042,EQ,1804.80,1828.00,1797.10,1822.00,1804.80,2215994,4021193848.40,76796
NSE,ADANIPOWER,INE814H01029,EQ,221.90,224.80,218.61,222.60,220.52,29486320,6539479429.40,116937
NSE,ADFFOODS,INE982B01027,EQ,282.95,307.40,279.05,301.25,282.40,542649,160207131.50,13284
NSE,ADL,INE0CHO01012,EQ,71.00,71.90,69.00,70.45,71.00,219,15538.80,14
NSE,ADOR,INE045A01017,EQ,1184.90,1199.00,1161.00,1168.00,1177.80,10153,11937868.10,1204
NSE,ADROITINFO,INE737B01033,EQ,9.39,9.39,9.12,9.35,9.25,47688,441218.07,78
NSE,ADSL,INE102I01027,EQ,120.00,124.20,119.92,121.66,119.99,141945,17295517.70,2981
NSE,ADVAIT,INE0ALI01010,EQ,2339.80,2455.00,2317.00,2435.00,2335.10,104643,252594172.00,12451
NSE,ADVANCE,INE1B0W01010,EQ,98.37,99.14,96.26,97.29,97.64,86644,8428747.62,1108
NSE,ADVANIHOTR,INE199C01026,EQ,53.00,53.00,52.42,52.57,52.74,15940,838495.00,377
NSE,ADVENTHTL,INE28GN01010,EQ,139.95,142.58,132.62,138.32,139.93,225302,30807772.23,4526
NSE,ADVENZYMES,INE837H01020,EQ,367.20,369.90,362.80,368.55,367.35,96552,35416773.00,4013
NSE,AEGISLOG,INE208C01025,EQ,982.05,1001.75,965.60,985.70,984.30,4129399,4059282833.30,95011
NSE,AEGISVOPAK,INE0INX01018,EQ,233.99,241.52,232.51,236.80,231.69,3002236,710980826.52,45391
NSE,AEPL,INE757T01025,EQ,16.01,16.32,16.00,16.11,16.32,19283,310299.20,125
NSE,AEQUS,INE947N01017,EQ,205.00,207.96,194.56,198.98,203.43,6200413,1245272542.12,75631
NSE,AEROENTER,INE065D01027,EQ,110.42,112.99,106.50,107.66,110.42,550308,60019173.71,4985
NSE,AEROFLEX,INE024001021,EQ,487.65,491.90,456.00,471.70,478.00,2678346,1265506065.80,40089
NSE,AERONEU,INE035801013,EQ,89.38,89.50,87.16,88.99,88.11,57130,5054182.10,627
NSE,AETHER,INE0BWX01014,EQ,1161.00,1193.80,1135.00,1177.70,1149.60,433202,508467204.00,33071
NSE,AFCONS,INE101I01011,EQ,324.40,329.30,322.30,327.10,325.15,315969,102864818.70,7122
NSE,AFFLE,INE00WC01027,EQ,1525.00,1535.00,1466.40,1475.70,1486.40,378616,568026496.80,29445
NSE,AFFORDABLE,INE692Z01013,BE,175.98,176.99,170.55,172.48,174.42,10150,1757275.43,173
NSE,AFIL,INE916Y01027,BE,9.99,10.48,9.85,10.20,9.99,1152977,11680389.70,665
NSE,AFSL,INE00ZE01026,EQ,201.59,201.89,201.00,201.00,201.01,7355,1478827.86,87
NSE,AGARIND,INE204E01012,EQ,600.00,609.90,565.10,580.60,580.25,1932227,1135106071.85,45201
NSE,AGARWALEYE,INE943P01029,EQ,439.40,445.90,437.00,438.45,439.30,65748,29063025.30,5252
NSE,AGI,INE415A01038,EQ,665.00,709.65,657.50,702.05,660.40,876761,607846540.60,33468
NSE,AGIIL,INE976R01033,EQ,382.00,383.45,368.20,370.25,380.05,744618,279582201.75,8650
NSE,AGRITECH,INE449G01018,BE,120.00,122.00,117.10,118.46,120.06,2337,277705.48,86
NSE,AGROPHOS,INE740V01019,EQ,31.59,31.89,30.26,31.13,30.81,34752,1077203.61,357
NSE,AHCL,INE0Y8W01025,EQ,15.35,16.24,15.17,16.07,15.24,18214985,289112372.73,29464
NSE,AHLADA,INE00PV01013,EQ,41.76,41.84,40.30,41.08,40.87,8297,341444.74,84
NSE,AHLEAST,INE926K01017,EQ,152.10,155.95,152.10,152.66,152.41,598,91960.42,27
NSE,AHLUCONT,INE758C01029,EQ,816.55,844.10,806.00,837.45,808.50,88430,73700663.20,10648
NSE,AHLWEST,INE915K01010,BE,554.00,554.35,532.00,538.65,560.00,446,238210.00,28
NSE,AIAENG,INE212H01026,EQ,4509.00,4531.00,4465.00,4491.40,4469.20,42546,191206064.00,10604
NSE,AIIL,INE206F01022,EQ,558.05,563.35,547.65,551.65,558.70,636047,352436471.05,19952
NSE,AIRAN,INE645W01026,EQ,16.60,16.95,16.07,16.18,16.61,130266,2135855.92,429
NSE,AIROLAM,INE801L01010,EQ,89.00,89.75,86.04,87.37,86.04,15746,1379303.00,50
NSE,AJANTPHARM,INE031B01049,EQ,3054.40,3091.00,3028.50,3079.70,3054.40,109817,335991554.80,27112
NSE,AJAXENGG,INE274Y01021,EQ,549.50,561.85,549.35,559.55,549.35,28247,15716112.70,4112
NSE,AJMERA,INE298G01035,EQ,133.50,141.70,131.60,139.61,133.80,2223349,306616588.16,28745
NSE,AJOONI,INE820Y01021,EQ,3.81,3.86,3.75,3.80,3.74,216170,826235.66,451
NSE,AKASH,INE737W01013,EQ,26.21,27.00,26.21,26.85,26.22,5509,147618.26,55
NSE,AKCAPIT,INE701G01012,EQ,1745.80,1755.00,1710.00,1739.10,1745.80,104,179634.70,15
NSE,AKG,INE00Y801016,EQ,10.76,11.08,10.41,10.70,10.72,25744,275818.20,141
NSE,AKI,INE642Z01026,EQ,5.04,5.04,4.85,4.93,4.92,51962,255181.31,173
NSE,AKSHAR,INE256Z01025,EQ,0.46,0.46,0.45,0.45,0.45,752301,340928.06,243
NSE,AKSHARCHEM,INE542B01011,EQ,206.00,215.70,206.00,212.37,205.87,3394,718822.18,140
NSE,AKSHOPTFBR,INE523B01011,BE,6.75,6.76,6.55,6.58,6.89,438473,2896084.68,612
NSE,AKUMS,INE09XN01023,EQ,622.90,622.90,590.60,596.85,619.95,311260,187949195.50,19480
NSE,ALANKIT,INE914E01040,EQ,8.33,8.58,8.21,8.36,8.33,108809,912472.69,575
NSE,ALBERTDAVD,INE155C01010,EQ,724.60,725.00,710.10,714.85,721.35,1532,1096001.45,232
NSE,ALEMBICLTD,INE426A01027,EQ,89.38,90.00,88.41,89.25,89.38,162109,14470649.56,1819
NSE,ALGOQUANT,INE598D01035,EQ,56.90,58.98,55.86,57.38,56.54,1057348,59662472.90,5251
NSE,ALICON,INE062D01024,EQ,653.55,664.20,653.55,660.75,659.00,7466,4931814.30,433
NSE,ALIVUS,INE03Q201024,EQ,1051.30,1059.50,1035.20,1044.80,1051.20,74099,77378153.70,8436
NSE,ALKALI,INE773I01017,BE,82.05,88.74,82.05,87.99,85.45,4680,405772.56,92
NSE,ALKEM,INE540L01014,EQ,5350.00,5372.50,5312.50,5348.00,5334.00,83189,444323621.00,12658
NSE,ALKYLAMINE,INE150B01039,EQ,1816.60,1826.30,1756.30,1788.30,1814.80,55414,98708198.90,10372
NSE,ALLCARGO,INE418H01029,EQ,9.31,9.31,9.00,9.06,9.18,2447021,22314642.15,4441
NSE,ALLDIGI,INE835G01018,EQ,819.80,824.30,793.30,802.65,818.40,12841,10364160.50,1037
NSE,ALLTIME,INE0GV601021,EQ,255.00,259.90,246.00,249.22,254.09,118681,30250890.79,4263
NSE,ALMONDZ,INE326B01035,EQ,13.78,13.78,13.07,13.25,13.38,117289,1551998.61,424
NSE,ALOKINDS,INE270A01029,EQ,12.63,13.10,12.62,12.94,12.69,7788467,100840415.19,11332
NSE,ALPA,INE385I01010,EQ,72.00,72.00,69.61,70.55,70.26,21794,1537978.52,178
NSE,ALPHAGEO,INE137C01018,EQ,206.00,212.99,205.75,209.91,205.06,3222,674364.36,101
NSE,AMAGI,INE121R01077,EQ,426.95,438.00,426.95,435.20,426.25,75407,32737229.35,4922
NSE,AMANTA,INE084K01015,EQ,157.00,157.94,146.00,150.27,157.14,381827,57469081.23,5493
NSE,AMBALALSA,INE432A01017,EQ,33.77,33.77,31.95,32.18,33.22,118937,3861943.73,1483
NSE,AMBER,INE371P01015,EQ,7615.00,7897.00,7603.50,7810.50,7620.00,485590,3770586536.50,43804
NSE,AMBICAAGAR,INE792B01012,EQ,24.55,25.95,24.55,25.44,25.14,3046,76855.72,108
NSE,AMBIKCO,INE540G01014,EQ,1629.60,1661.90,1616.40,1626.70,1636.00,4716,7695999.10,922
NSE,AMBUJACEM,INE079A01024,EQ,431.60,431.60,424.10,426.05,428.85,2106091,898296882.95,27211
NSE,AMDIND,INE005I01014,EQ,46.80,47.80,46.20,47.29,46.15,5768,271014.23,118
NSE,AMIRCHAND,INE05TO01019,EQ,131.85,135.90,129.78,130.28,129.12,1573229,208753414.27,11965
NSE,AMJLAND,INE606A01024,EQ,38.00,40.12,38.00,38.81,37.86,26325,1031231.09,140
NSE,AMNPLST,INE275D01022,EQ,197.94,200.02,194.00,194.11,194.03,3474,682343.67,180
NSE,AMRUTANJAN,INE098F01031,EQ,554.65,561.70,538.50,541.30,554.65,100273,54848075.85,3189
NSE,ANANDRATHI,INE463V01026,EQ,1778.70,1785.80,1753.00,1772.90,1781.60,252489,446617067.80,13091
NSE,ANANTRAJ,INE242C01024,EQ,541.00,548.15,535.70,540.70,537.30,1493144,807411707.65,28270
NSE,ANDHRAPAP,INE435A01051,EQ,61.77,63.50,60.67,62.81,61.77,127272,7907153.39,1670
NSE,ANDHRSUGAR,INE715B01021,EQ,84.22,85.00,82.82,83.40,84.22,177657,14830652.11,2882
NSE,ANGELONE,INE732I01021,EQ,353.00,353.45,342.90,348.25,352.30,6190114,2149321051.30,68371
NSE,ANIKINDS,INE087B01017,BE,44.24,44.83,43.00,44.54,44.02,799,35522.02,21
NSE,ANMOL,INE02AR01019,EQ,11.42,12.70,11.20,12.37,11.24,3758456,42687777.86,1052
NSE,ANTELOPUS,INE818A01017,EQ,764.00,773.00,755.05,755.05,794.75,197155,149709051.95,4371
NSE,ANTGRAPHIC,INE414B01021,EQ,0.83,0.83,0.81,0.81,0.79,63689,52157.35,136
NSE,ANTHEM,INE0CZ201020,EQ,775.60,776.85,761.50,769.65,773.45,276308,212797257.95,32938
NSE,ANUHPHR,INE489G01022,EQ,78.99,81.69,78.01,80.87,77.86,163675,13142978.90,2861
NSE,ANUP,INE294Z01018,EQ,1965.40,1983.00,1949.80,1964.60,1961.10,16444,32342029.40,3246
NSE,ANURAS,INE930P01018,EQ,1264.60,1284.50,1246.00,1261.40,1269.50,226211,284726193.60,7957
NSE,APARINDS,INE372A01015,EQ,16160.00,16475.00,15833.00,16168.00,15986.00,207124,3354937130.00,44299
NSE,APCL,INE071F01012,EQ,111.00,116.00,111.00,115.34,113.29,4344,498571.18,116
NSE,APCOTEXIND,INE116A01032,EQ,520.90,531.00,515.45,521.05,518.15,82669,43263752.20,3220
NSE,APEX,INE346W01013,EQ,428.90,428.95,417.90,419.80,426.80,125359,52739031.85,3932
NSE,APLAPOLLO,INE702C01027,EQ,1842.90,1854.00,1826.60,1842.00,1833.80,385126,709735883.70,26678
NSE,APLLTD,INE901L01018,EQ,742.00,748.90,735.55,745.70,737.75,54805,40729935.70,3418
NSE,APOLLO,INE713T01028,EQ,423.80,440.00,420.00,435.45,421.65,23201520,10012252780.65,193093
NSE,APOLLOHOSP,INE437A01024,EQ,8468.50,8517.00,8382.00,8390.50,8468.50,263172,2215855728.00,47221
NSE,APOLLOPIPE,INE126J01016,EQ,505.05,508.95,496.30,498.60,506.50,58329,29262750.40,2948
NSE,APOLLOTYRE,INE438A01022,EQ,416.20,420.40,411.10,416.45,414.35,1238586,516080886.70,21716
NSE,APOLSINHOT,INE451F01024,EQ,1290.00,1300.00,1250.00,1263.40,1279.20,1400,1774967.70,404
NSE,APTECHT,INE266F01018,EQ,117.00,128.48,116.99,121.56,117.18,2570981,317118849.57,32191
NSE,APTUS,INE852O01025,EQ,273.90,275.00,266.55,269.40,272.70,802404,216048310.45,19321
NSE,AQYLON,INE416A01051,EQ,55.97,56.02,53.09,53.16,55.88,1284553,69495758.43,7235
NSE,ARCHIDPLY,INE877I01016,EQ,80.00,84.00,80.00,81.34,81.64,9071,750962.25,139
NSE,ARCHIES,INE731A01020,EQ,13.66,14.49,13.66,14.36,14.15,9531,137210.01,55
NSE,ARE&M,INE885A01032,EQ,840.40,847.00,832.50,838.40,837.10,214129,179705101.90,11718
NSE,ARENTERP,INE610C01014,EQ,38.00,38.38,37.01,37.21,37.50,326,12437.88,14
NSE,ARFIN,INE784R01023,EQ,92.50,96.75,91.36,95.62,92.02,3416893,318822250.76,10622
NSE,ARIES,INE298I01015,EQ,335.95,347.00,334.15,340.90,335.70,28478,9710516.15,1412
NSE,ARIHANT,INE413D01011,EQ,900.00,902.00,858.00,882.55,873.55,4737,4153766.10,578
NSE,ARIHANTCAP,INE420B01036,EQ,72.00,72.94,70.67,71.64,71.99,236528,16893811.47,1949
NSE,ARIHANTSUP,INE643K01018,EQ,263.00,270.00,258.15,266.05,262.15,39597,10542912.35,990
NSE,ARIS,INE0H9P01028,EQ,125.25,126.01,120.05,121.11,125.40,558487,68351283.13,6055
NSE,ARKADE,INE0QRL01017,EQ,115.90,116.58,114.51,115.29,114.83,178068,20587180.24,2027
NSE,ARMANFIN,INE109C01017,EQ,1677.00,1728.00,1675.10,1686.50,1658.60,25801,43701359.00,3476
NSE,AROGRANITE,INE210C01013,EQ,25.20,25.38,24.64,25.12,25.54,9454,237419.64,107
NSE,ARROWGREEN,INE570D01018,BE,565.65,571.00,551.35,565.10,565.65,14597,8234633.60,256
NSE,ARSSBL,INE549H01021,EQ,558.30,558.30,540.00,545.20,550.50,248341,135424831.45,6929
NSE,ARTEMISMED,INE025R01021,EQ,265.90,265.90,255.55,261.60,264.30,185646,48338431.60,5336
NSE,ARTNIRMAN,INE738V01013,EQ,41.00,41.80,39.59,40.73,39.40,437,18022.48,16
NSE,ARVEE,INE006Z01016,EQ,171.00,171.00,165.50,169.08,169.31,825,139729.55,36
NSE,ARVIND,INE034A01011,EQ,502.20,504.40,490.15,496.40,498.70,607918,301459453.45,30359
NSE,ARVINDFASN,INE955V01021,EQ,461.65,478.90,455.00,471.95,461.65,216654,100842262.40,14548
NSE,ARVSMART,INE034S01021,EQ,622.80,656.70,595.65,604.30,594.65,3828197,2399997479.60,93640
NSE,ASAHIINDIA,INE439A01020,EQ,901.00,901.00,882.00,887.00,892.85,33555,29814288.00,4094
NSE,ASAHISONG,INE228I01012,EQ,261.26,261.26,248.30,250.19,261.24,13092,3310228.75,461
NSE,ASAL,INE900C01027,EQ,505.95,513.00,498.55,501.25,504.15,31748,16011353.35,1182
NSE,ASALCBR,INE073G01016,EQ,827.00,831.85,813.00,820.05,826.45,18580,15250342.35,1252
NSE,ASHAPURMIN,INE348A01023,EQ,710.00,725.70,701.85,706.50,709.05,356643,253748325.00,14566
NSE,ASHIANA,INE365D01021,EQ,364.45,393.95,364.45,389.10,364.10,259051,99585948.10,8451
NSE,ASHIKA,INE094B01013,EQ,390.95,396.95,385.80,391.90,390.45,53998,21109460.90,1208
NSE,ASHIMASYN,INE440A01010,EQ,16.17,16.69,15.91,16.05,16.34,90113,1454659.48,274
NSE,ASHOKA,INE442H01029,EQ,132.49,133.92,131.60,132.61,132.49,2093980,277472528.44,14475
NSE,ASHOKAMET,INE760Y01011,EQ,15.64,15.64,15.01,15.16,15.20,30556,467366.34,118
NSE,ASHOKLEY,INE208A01029,EQ,160.00,160.89,157.26,158.50,157.70,30648520,4878079644.05,108273
NSE,ASIANENE,INE276G01015,EQ,364.70,367.90,349.10,352.10,363.45,341875,121199231.45,11842
NSE,ASIANHOTNR,INE363A01022,EQ,303.25,309.00,295.55,302.00,299.50,12889,3864391.40,1411
NSE,ASIANPAINT,INE021A01026,EQ,2741.00,2771.00,2735.00,2748.10,2739.30,962931,2650665661.30,65004
NSE,ASIANTILES,INE022I01019,EQ,60.65,61.02,59.41,59.81,61.04,925560,55723597.95,3515
NSE,ASKAUTOLTD,INE491J01022,EQ,452.00,459.00,447.80,456.20,452.00,86304,39224721.75,4465
NSE,ASMS,INE855F01042,EQ,7.55,8.29,7.55,8.18,7.52,1617206,12874433.80,3441
NSE,ASPINWALL,INE991I01015,EQ,269.70,269.70,252.20,252.75,259.29,2499,644739.71,123
NSE,ASTAR,INE194D01017,EQ,638.90,694.95,600.00,626.70,603.35,1339,878268.55,126
NSE,ASTEC,INE563J01010,EQ,774.35,794.00,766.05,789.90,762.95,60206,47206673.20,4397
NSE,ASTERDM,INE914M01019,EQ,787.75,791.85,767.05,780.05,786.70,440200,342622201.30,24380
NSE,ASTRAL,INE006I01046,EQ,1557.80,1574.30,1542.60,1564.00,1544.80,468642,733982112.70,31289
NSE,ASTRAMICRO,INE386C01029,EQ,1460.00,1487.40,1412.30,1480.10,1458.00,661269,962177509.40,29058
NSE,ASTRAZEN,INE203A01020,EQ,8450.00,8545.00,8366.00,8503.00,8423.50,3733,31598782.50,1386
NSE,ASTRON,INE646X01014,BE,3.82,4.03,3.82,3.97,3.91,10894,43050.84,55
NSE,ATALREAL,INE0ALR01029,EQ,30.60,31.70,30.50,31.23,30.47,5438223,169061999.38,7214
NSE,ATAM,INE09KD01013,EQ,71.39,72.45,70.33,72.12,71.39,2191,157168.43,93
NSE,ATGL,INE399L01023,EQ,722.80,723.00,704.60,713.70,720.05,2662075,1899098940.25,44802
NSE,ATHERENERG,INE0LEZ01016,EQ,1030.50,1044.75,992.55,998.05,1027.40,2709802,2734407897.45,78361
NSE,ATL,INE0NN701020,EQ,24.50,24.86,24.23,24.42,24.57,66135,1619646.04,455
NSE,ATLANTAA,INE285H01022,EQ,40.14,42.38,40.14,41.63,40.33,82547,3435982.99,826
NSE,ATLANTAELE,INE0Z4F01028,BE,1850.00,1919.70,1836.00,1919.70,1828.30,99721,189446124.30,3840
NSE,ATLASCYCLE,INE446A01025,EQ,102.13,102.13,98.50,99.49,100.71,1485,147925.50,78
NSE,ATUL,INE100A01010,EQ,6638.50,6659.50,6572.00,6584.00,6569.00,11716,77406680.50,2976
NSE,ATULAUTO,INE951D01028,EQ,465.50,467.10,458.00,462.20,465.10,63329,29270981.70,2928
NSE,AUBANK,INE949L01017,EQ,1039.00,1039.00,1010.00,1023.10,1033.60,1168430,1190210597.95,39468
NSE,AURIGROW,INE925Y01036,EQ,0.34,0.34,0.33,0.33,0.34,5123303,1709124.26,944
NSE,AURIONPRO,INE132H01018,EQ,862.90,878.00,846.05,870.90,852.55,421054,363667320.75,18786
NSE,AUROPHARMA,INE406A01037,EQ,1408.40,1410.00,1391.30,1396.70,1408.30,1116068,1560493741.70,46495
NSE,AURUM,INE898S01029,EQ,192.29,202.00,190.81,197.41,192.29,357276,70910791.22,5205
NSE,AUSOMENT,INE218C01016,BE,124.00,124.00,114.10,120.89,118.74,1409,172155.40,22
NSE,AUTOAXLES,INE449A01011,EQ,1738.90,1792.00,1738.90,1774.90,1758.70,7121,12614948.60,1083
NSE,AUTOIND,INE718H01014,BE,77.30,79.80,77.30,79.04,76.91,63082,4960035.51,327
NSE,AVADHSUGAR,INE349W01017,BE,457.35,463.95,450.00,453.00,459.60,19503,8800305.15,174
NSE,AVALON,INE0LCL01028,EQ,1767.90,1788.00,1721.20,1738.30,1760.00,240812,419720713.40,24048
NSE,AVANTEL,INE005B01027,EQ,167.90,173.96,166.00,169.42,167.06,1537934,262861029.69,13773
NSE,AVANTIFEED,INE871C01038,EQ,1044.00,1044.90,998.10,1000.90,1039.80,554307,558522403.30,25768
NSE,AVG,INE680Z01018,EQ,170.50,173.00,166.72,169.83,170.50,41254,7002817.68,1169
NSE,AVL,INE679V01027,EQ,571.80,593.70,567.20,590.90,567.40,621174,362233102.30,38697
NSE,AVONMORE,INE323B01024,EQ,11.49,11.49,10.78,11.25,11.20,126249,1398867.06,1032
NSE,AVROIND,INE652Z01025,EQ,10.54,10.99,9.88,10.21,10.82,1034294,10579551.25,2732
NSE,AVTNPL,INE488D01021,EQ,73.27,74.99,72.53,73.29,72.50,109368,8051534.65,1485
NSE,AWFIS,INE108V01019,EQ,304.70,310.45,300.75,304.05,303.25,236128,71911437.45,5245
NSE,AWHCL,INE01BK01022,EQ,456.90,459.45,451.10,454.20,453.05,65464,29761697.60,3711
NSE,AWL,INE699H01024,EQ,191.99,198.95,191.61,197.27,191.16,5460601,1073151265.56,52225
NSE,AXISBANK,INE238A01034,EQ,1363.50,1371.50,1349.20,1365.70,1368.30,7709061,10503429725.30,164296
NSE,AXISCADES,INE555B01013,EQ,1900.00,1917.60,1816.30,1825.30,1905.80,179731,332578448.10,12204
NSE,AXITA,INE02EZ01022,EQ,7.77,7.85,7.62,7.68,7.72,236496,1825736.11,919
NSE,AYE,INE501X01029,EQ,156.75,169.00,155.33,166.19,156.75,3765183,622806758.60,39248
NSE,AYMSYNTEX,INE193B01039,EQ,224.77,224.77,217.15,217.28,220.63,2719,594399.26,156
NSE,AZAD,INE02IJ01035,EQ,2132.00,2183.70,2092.00,2131.30,2122.00,512531,1100088983.60,38803
NSE,BAFNAPH,INE878I01022,BE,149.33,149.33,149.33,149.33,157.18,12564,1876182.12,134
NSE,BAGFILMS,INE116D01028,EQ,4.96,5.19,4.96,5.09,5.03,17865,91373.26,100
NSE,BAIDFIN,INE020D01022,EQ,9.95,10.45,9.95,10.04,10.02,52641,535718.53,220
NSE,BAJAJ-AUTO,INE917I01010,EQ,9992.00,9993.00,9902.00,9939.00,9943.00,203949,2026773020.00,44240
NSE,BAJAJCON,INE933K01021,EQ,598.30,606.25,585.50,600.45,592.40,928515,554489507.55,29677
NSE,BAJAJELEC,INE193E01025,EQ,323.00,325.80,319.00,323.00,320.45,173014,55708898.10,6300
NSE,BAJAJFINSV,INE918I01026,EQ,1755.00,1801.80,1751.10,1787.30,1750.20,2043227,3646176680.70,96483
NSE,BAJAJHCARE,INE411U01027,EQ,303.00,304.20,296.85,302.30,299.20,145979,43924400.55,3622
NSE,BAJAJHFL,INE377Y01014,EQ,87.00,88.10,85.42,85.90,86.59,4659163,403543103.85,35548
NSE,BAJAJHIND,INE306A01021,EQ,20.00,20.00,19.61,19.87,19.82,6323246,125308999.45,10585
NSE,BAJAJHLDNG,INE118A01012,EQ,10350.00,10500.00,10295.00,10464.00,10286.00,32359,337156172.00,8590
NSE,BAJAJINDEF,INE0O9T01021,EQ,242.10,246.60,237.80,239.35,238.85,28452,6832928.25,990
NSE,BAJAJST,INE704G01024,EQ,370.05,378.45,366.10,370.25,373.05,8748,3262103.10,612
NSE,BAJEL,INE0KQN01018,EQ,201.49,202.69,196.10,199.53,199.49,191969,38197501.83,4023
NSE,BAJFINANCE,INE296A01032,EQ,946.00,963.90,946.00,959.65,942.30,9335988,8948607798.25,150260
NSE,BALAJEE,INE0S2G01011,EQ,29.50,29.50,28.52,29.30,28.91,17227,501074.29,182
NSE,BALAJITELE,INE794B01026,EQ,85.44,85.63,82.76,84.68,84.87,464796,39271781.96,3284
NSE,BALAMINES,INE050E01027,EQ,2100.10,2102.50,2045.60,2076.50,2108.10,138544,287698857.20,13361
NSE,BALAXI,INE618N01022,BE,24.20,24.20,23.08,23.45,23.79,24303,575191.47,109
NSE,BALKRISHNA,INE875R01011,EQ,18.21,18.80,18.00,18.66,18.30,20326,376741.75,87
NSE,BALKRISIND,INE787D01026,EQ,2195.50,2239.00,2177.30,2230.60,2192.50,205361,456347310.30,22388
NSE,BALMLAWRIE,INE164A01016,EQ,177.41,182.89,177.37,181.46,177.23,371625,67191429.05,7736
NSE,BALPHARMA,INE083D01012,EQ,88.58,90.79,87.21,89.21,87.78,49232,4351315.23,2878
NSE,BALRAMCHIN,INE119A01028,EQ,552.45,560.00,552.45,559.05,551.60,292397,162845502.95,9587
NSE,BALUFORGE,INE011E01029,EQ,452.00,456.00,447.20,451.45,448.65,282545,127533696.00,7843
NSE,BANARBEADS,INE655B01011,EQ,103.90,104.00,98.16,99.98,100.71,9059,913276.57,931
NSE,BANARISUG,INE459A01010,EQ,3669.90,3669.90,3600.00,3601.60,3649.30,516,1863481.20,109
NSE,BANCOINDIA,INE213C01025,EQ,687.90,693.80,672.65,676.40,687.45,191944,130414919.30,9217
NSE,BANDHANBNK,INE545U01014,EQ,213.08,218.13,207.50,216.74,210.88,14775474,3152758005.33,78313
NSE,BANG,INE863I01016,EQ,31.35,31.90,30.76,31.25,30.69,26549,825945.11,273
NSE,BANKA,INE862Y01015,BE,89.85,91.00,87.00,87.09,90.00,4341,386319.94,33
NSE,BANKBARODA,INE028A01039,EQ,278.10,278.10,273.10,275.35,276.05,9933682,2732306367.85,62407
NSE,BANKINDIA,INE084A01016,EQ,146.80,148.30,144.12,145.67,146.23,6079628,886822591.31,38498
NSE,BANSALWIRE,INE0B9K01025,EQ,314.00,316.25,302.50,304.65,313.45,95188,29199909.75,1962
NSE,BANSWRAS,INE629D01020,EQ,134.95,135.59,132.50,133.59,133.11,10763,1443109.53,233
NSE,BASF,INE373A01013,EQ,3491.50,3491.50,3431.20,3462.00,3448.00,7545,26038818.90,2421
NSE,BASML,INE186H01022,EQ,25.10,25.52,24.16,25.06,24.52,294015,7291955.84,819
NSE,BATAINDIA,INE176A01028,EQ,690.00,697.80,676.00,678.85,680.30,173502,118021031.35,15447
NSE,BATLIBOI,INE177C01022,EQ,80.85,80.85,78.10,78.96,79.24,8059,641545.81,351
NSE,BAYERCROP,INE462A01022,EQ,4295.00,4299.90,4202.20,4233.80,4291.30,25324,107640055.10,5317
NSE,BBL,INE464A01036,EQ,2793.00,2817.80,2768.40,2796.90,2792.70,16967,47397698.50,3742
NSE,BBOX,INE676A01027,EQ,1009.60,1020.60,1000.10,1016.70,1011.70,255839,258865274.10,13813
NSE,BBTC,INE050A01025,EQ,1523.50,1547.20,1523.50,1534.20,1523.50,25899,39859913.80,3403
NSE,BBTCL,INE01EE01011,EQ,226.20,228.48,215.12,221.23,219.30,7623,1697040.40,462
NSE,BCG,INE425B01027,EQ,10.89,10.95,10.29,10.39,10.85,11386297,119132004.82,9493
NSE,BCLIND,INE412G01024,EQ,38.47,38.68,36.94,37.92,38.33,1272225,47945890.00,7292
NSE,BCONCEPTS,INE977Y01011,EQ,180.29,185.00,174.50,175.10,178.47,15778,2810008.19,862
NSE,BCPL,INE00SW01015,EQ,76.85,78.90,74.00,75.68,76.98,25803,1947704.10,911
NSE,BDL,INE171Z01026,EQ,1220.00,1241.90,1213.70,1236.70,1209.70,948899,1168248796.60,27440
NSE,BEARDSELL,INE520H01022,EQ,28.56,29.10,28.53,28.97,29.42,4773,137780.29,124
NSE,BECTORFOOD,INE495P01020,EQ,185.90,186.30,181.08,184.13,183.97,376979,69378822.00,11645
NSE,BEDMUTHA,INE844K01012,EQ,106.21,111.00,104.00,109.76,108.68,11748,1258704.15,178
NSE,BEEKAY,INE213D01015,EQ,397.70,425.00,397.70,401.25,399.45,1954,785813.20,100
NSE,BEL,INE263A01024,EQ,409.60,410.80,406.15,407.55,409.55,9701695,3957332463.05,133354
NSE,BELLACASA,INE344T01014,EQ,237.94,240.00,235.65,239.24,236.60,10455,2487390.86,406
NSE,BELRISE,INE894V01022,EQ,239.41,241.02,233.61,237.43,238.26,2735050,649632253.97,32539
NSE,BEML,INE258A01024,EQ,1780.50,1793.40,1763.80,1781.70,1778.80,173238,308169460.50,12546
NSE,BENGALASM,INE083K01017,EQ,6439.50,6544.00,6400.00,6430.00,6471.50,10168,65383461.50,122
NSE,BEPL,INE922A01025,EQ,99.22,100.00,97.04,98.91,99.44,520845,51623946.69,5046
NSE,BERGEPAINT,INE463A01038,EQ,521.00,524.95,508.00,510.50,519.40,378494,195261132.60,17399
NSE,BESTAGRO,INE052T01021,EQ,16.11,16.40,15.64,15.96,16.11,469327,7458911.82,1523
NSE,BETA,INE351Y01019,EQ,1870.00,1915.00,1850.00,1890.30,1835.60,67489,127525432.90,4861
NSE,BFINVEST,INE878K01010,EQ,449.35,457.45,448.00,451.80,445.00,46657,21098555.15,2025
NSE,BFUTILITIE,INE243D01012,EQ,618.45,663.00,616.80,627.05,613.75,264031,167838055.55,10206
NSE,BGRENERGY,INE661I01014,BE,339.00,339.00,325.05,330.25,335.85,36228,12121904.55,418
NSE,BHAGCHEM,INE414D01027,EQ,260.10,263.99,257.90,259.65,260.08,132092,34329612.89,1251
NSE,BHAGERIA,INE354C01027,EQ,217.95,226.80,216.83,223.07,217.80,147811,32925061.35,1716
NSE,BHAGYANGR,INE458B01036,BE,336.30,342.40,326.10,342.40,326.10,179815,61032923.40,1718
NSE,BHANDARI,INE474E01029,BE,3.01,3.11,3.01,3.06,3.11,282459,861807.74,266
NSE,BHARATCOAL,INE05XR01022,EQ,37.80,38.90,36.81,38.33,37.64,41853410,1585130848.75,59707
NSE,BHARATFORG,INE465A01025,EQ,2040.00,2040.00,2005.50,2012.30,2020.50,925881,1870390587.20,33265
NSE,BHARATGEAR,INE561C01019,EQ,115.40,136.83,114.31,131.05,114.03,2305015,303447344.20,20615
NSE,BHARATRAS,INE838B01021,EQ,1440.40,1474.00,1427.80,1443.50,1440.40,4900,7106944.40,881
NSE,BHARATSE,INE415D01024,EQ,183.32,187.78,183.04,185.10,182.57,118751,22083749.70,2075
NSE,BHARATWIRE,INE316L01019,EQ,212.59,225.99,210.74,221.09,211.32,700005,153396378.40,10366
NSE,BHARTIARTL,INE397D01024,EQ,1840.20,1859.20,1837.20,1853.00,1841.20,5957732,11013944669.10,137240
NSE,BHARTIHEXA,INE343G01021,EQ,1482.90,1491.10,1454.00,1464.40,1475.60,93428,137308919.60,8884
NSE,BHEL,INE257A01026,EQ,383.90,387.65,381.75,384.20,382.85,6165659,2368780602.20,107104
NSE,BI,INE986A01012,EQ,60.87,60.87,57.20,57.44,58.87,9933,574416.78,224
NSE,BIGBLOC,INE412U01025,EQ,50.54,51.38,49.58,50.46,50.54,75586,3827948.10,610
NSE,BIKAJI,INE00E101023,EQ,660.20,676.30,660.20,673.05,659.55,84112,56572627.65,5569
NSE,BIL,INE828A01016,EQ,717.95,717.95,689.75,696.55,708.00,3267,2287210.35,204
NSE,BILVYAPAR,INE071A01013,BE,4.00,4.00,3.82,3.94,3.98,30459,119019.46,51
NSE,BIMETAL,INE469A01019,EQ,641.60,645.00,631.50,639.40,641.60,1387,890184.85,69
NSE,BIOCON,INE376G01013,EQ,418.00,423.55,413.65,416.45,416.05,2806167,1172186207.75,22644
NSE,BIOFILCHEM,INE829A01014,EQ,36.10,36.99,35.10,35.15,35.87,85984,3101611.55,1021
NSE,BIRLACABLE,INE800A01015,BE,205.87,213.95,199.20,208.35,203.83,132284,27507076.00,1749
NSE,BIRLACORPN,INE340A01012,EQ,976.15,1000.00,973.00,999.30,981.35,75408,74497614.15,4310
NSE,BIRLAMONEY,INE865C01022,EQ,136.77,137.98,135.41,136.57,136.77,41592,5689035.73,1011
NSE,BIRLANU,INE557A01011,EQ,1391.80,1391.90,1360.00,1372.70,1392.40,3457,4756856.90,540
NSE,BIRLAPREC,INE372E01025,EQ,37.10,38.60,37.10,37.78,37.57,27549,1045236.93,366
NSE,BLACKBUCK,INE0UIZ01018,EQ,551.50,558.00,544.00,552.35,547.65,235614,129807227.00,15120
NSE,BLACKROSE,INE761G01016,EQ,93.05,95.00,92.14,93.93,94.07,15769,1473523.97,552
NSE,BLAL,INE0N7W01012,EQ,184.82,186.11,182.81,184.46,184.19,13379,2470387.65,304
NSE,BLBLIMITED,INE791A01024,EQ,15.97,16.35,15.97,16.05,15.97,69399,1112834.35,178
NSE,BLIL,INE525F01025,EQ,71.60,72.14,71.52,71.84,71.85,32452,2330424.93,979
NSE,BLISSGVS,INE416D01022,EQ,440.10,459.00,427.00,451.90,439.55,1212064,537110097.15,13724
NSE,BLKASHYAP,INE350H01032,EQ,54.50,55.39,53.70,54.36,54.21,108727,5899145.17,1040
NSE,BLS,INE153T01027,EQ,265.00,268.55,263.15,264.20,263.90,747516,198193787.50,16466
NSE,BLSE,INE0NLT01010,EQ,236.80,236.80,226.10,228.03,234.25,188216,43192169.67,3011
NSE,BLUECOAST,INE472B01011,BE,29.12,29.12,28.92,28.99,28.98,346,10031.69,12
NSE,BLUEDART,INE233B01017,EQ,4914.40,4914.40,4795.00,4834.40,4904.40,12475,60348479.10,2976
NSE,BLUEJET,INE0KBH01020,EQ,506.95,514.00,503.75,510.40,504.30,329257,167354639.05,9587
NSE,BLUESTARCO,INE472A01039,EQ,1626.00,1640.20,1613.10,1621.40,1611.20,375165,610763887.10,16476
NSE,BLUESTONE,INE304W01038,EQ,527.50,537.00,519.10,521.80,527.50,120580,63389214.90,7498
NSE,BLUSPRING,INE0U4101014,EQ,93.00,93.11,90.53,91.82,92.81,626822,58035006.59,2925
NSE,BMWVENTLTD,INE965W01036,EQ,59.17,60.00,59.17,59.42,59.40,49217,2925015.19,1455
NSE,BNAGROCHEM,INE00HZ01011,BE,291.60,294.40,290.00,292.20,280.70,1886,552741.45,57
NSE,BNALTD,INE489D01011,EQ,340.00,340.00,337.00,337.00,340.00,224,75940.00,11
NSE,BODALCHEM,INE338D01028,BE,67.00,67.40,64.68,65.38,66.31,141574,9302922.21,739
NSE,BOHRAIND,INE802W01023,EQ,17.20,17.20,15.68,16.20,16.50,85257,1339598.81,119
NSE,BOMDYEING,INE032A01023,EQ,132.00,136.65,131.12,133.06,131.43,1677980,224859224.88,15338
NSE,BONLON,INE0B9A01018,EQ,44.84,47.00,43.15,46.56,44.84,22303,1030613.56,182
NSE,BORANA,INE16SF01016,EQ,315.60,324.45,314.55,317.25,318.60,42353,13518615.15,1043
NSE,BOROLTD,INE02PY01013,EQ,227.50,228.95,221.10,222.60,226.16,109674,24564941.45,3148
NSE,BORORENEW,INE666D01022,EQ,546.10,565.40,543.00,564.15,547.45,792264,443795712.50,24515
NSE,BOROSCI,INE02L001032,EQ,154.90,161.99,153.32,155.03,153.38,279364,43948842.73,4834
NSE,BOSCH-HCIL,INE782A01015,EQ,1354.90,1379.80,1331.10,1347.80,1345.80,17676,23908761.90,1236
NSE,BOSCHLTD,INE323A01026,EQ,39300.00,39900.00,38960.00,39045.00,39070.00,22828,897815425.00,9353
NSE,BPCL,INE029A01011,EQ,314.00,314.00,309.50,312.10,310.60,8875346,2766368312.80,54030
NSE,BPL,INE110A01019,EQ,52.40,54.78,52.40,53.93,52.47,61426,3302914.57,1553
NSE,BRIGADE,INE791I01019,EQ,690.45,724.70,686.15,720.25,684.10,1149914,813214331.55,47612
NSE,BRIGHOTEL,INE03NU01014,EQ,63.90,64.80,63.00,63.88,63.90,134578,8577282.03,1330
NSE,BRITANNIA,INE216A01030,EQ,5199.50,5232.50,5169.50,5217.50,5199.50,195644,1018127990.00,17899
NSE,BRNL,INE727S01012,EQ,19.00,19.47,18.78,18.94,18.74,72996,1389334.38,279
NSE,BROOKS,INE650L01011,BE,68.90,69.40,66.30,67.12,67.55,17963,1205109.50,119
NSE,BSE,INE118H01025,EQ,4148.50,4175.00,4086.90,4162.40,4126.00,2676483,11045394885.20,134260
NSE,BSHSL,INE032Z01020,BE,94.90,94.90,91.40,92.34,93.77,3565,333176.04,58
NSE,BSL,INE594B01012,EQ,123.30,125.68,121.50,123.64,123.30,4038,502293.40,108
NSE,BSOFT,INE836A01035,EQ,324.10,327.60,320.25,324.25,323.90,985444,319609299.45,22961
NSE,BTML,INE0EEJ01023,EQ,6.50,6.62,6.42,6.59,6.51,33439,217311.24,131
NSE,BTTL,INE274K01012,EQ,35.50,35.55,34.10,34.27,35.50,3452,118904.77,72
NSE,BUILDPRO,INE24OJ01011,EQ,991.10,1026.00,991.10,1015.00,995.90,48439,49306949.90,4089
NSE,BUTTERFLY,INE295F01017,EQ,629.90,645.45,618.20,627.75,629.90,27983,17594702.05,1940
NSE,BVCL,INE139I01011,EQ,41.89,42.00,41.00,41.89,41.90,18445,763369.72,173
NSE,BYKE,INE319B01014,EQ,36.62,39.41,36.00,36.34,36.85,191927,7187687.40,1012
NSE,CALSOFT,INE526B01014,BE,21.95,21.98,21.35,21.98,20.94,119255,2618528.29,179
NSE,CAMLINFINE,INE052I01032,EQ,140.00,146.50,136.36,138.47,138.64,2154028,304941712.51,18480
NSE,CAMPUS,INE278Y01022,EQ,239.35,239.35,232.15,233.15,237.70,381486,89255558.75,12801
NSE,CAMS,INE596I01020,EQ,780.35,794.25,775.05,792.20,777.35,938403,737807086.45,40811
NSE,CANBK,INE476A01022,EQ,132.36,133.49,131.64,132.83,132.20,19477515,2582345197.72,92746
NSE,CANFINHOME,INE477A01020,EQ,874.00,879.05,868.00,870.10,864.40,87342,76127745.90,9969
NSE,CANHLIFE,INE01TY01017,EQ,139.91,140.61,139.00,139.36,139.91,105360,14712613.29,4049
NSE,CANTABIL,INE068L01024,EQ,219.95,223.00,219.10,220.35,219.40,37810,8341305.40,1549
NSE,CAPACITE,INE264T01014,EQ,224.03,241.87,223.35,237.03,224.03,771008,182357205.30,12390
NSE,CAPILLARY,INE0ILV01024,EQ,499.80,507.00,498.00,498.60,504.10,51246,25711948.50,2496
NSE,CAPITALSFB,INE646H01017,EQ,290.50,297.90,290.00,294.95,289.95,84714,25026769.15,1436
NSE,CAPLIPOINT,INE475E01026,EQ,2375.00,2417.90,2341.00,2377.80,2364.60,101405,240781497.80,12121
NSE,CAPTRUST,INE707C01018,BE,13.25,13.39,12.52,13.00,13.00,9126,118145.80,87
NSE,CARBORUNIV,INE120A01034,EQ,1071.50,1073.70,1051.80,1065.50,1065.90,86279,91697455.00,10727
NSE,CARERATING,INE752H01013,EQ,1654.50,1658.20,1612.20,1640.10,1651.30,34088,55723007.70,4653
NSE,CARRARO,INE0V7W01012,EQ,530.95,538.30,529.00,535.95,529.20,59043,31613125.15,4064
NSE,CARTRADE,INE290S01011,EQ,2329.00,2434.30,2329.00,2383.80,2325.00,887642,2120064123.30,70044
NSE,CARYSIL,INE482D01024,EQ,1182.00,1199.00,1169.10,1181.60,1173.20,57117,67530130.80,4289
NSE,CASTROLIND,INE172A01027,EQ,186.69,187.27,184.50,185.41,185.54,1212351,225105523.25,18836
NSE,CCAVENUE,INE483S01020,EQ,13.88,14.49,13.77,14.31,13.79,26554371,378356364.91,24843
NSE,CCCL,INE429I01024,EQ,15.00,15.44,14.80,14.88,15.20,189789,2836677.59,394
NSE,CCHHL,INE652F01027,EQ,13.20,13.39,12.75,13.30,13.20,15931,211733.11,99
NSE,CCL,INE421D01022,EQ,1133.40,1150.20,1109.70,1121.00,1133.40,194547,220068944.70,16341
NSE,CDSL,INE736A01011,EQ,1272.00,1277.20,1255.60,1264.00,1265.70,1198830,1517589949.50,34563
NSE,CEATLTD,INE482A01020,EQ,3470.00,3473.00,3380.00,3424.70,3455.30,138043,472623117.60,16797
NSE,CEIGALL,INE0AG901020,EQ,379.70,379.70,369.35,370.35,377.15,345290,129529967.15,4529
NSE,CEINSYS,INE016Q01014,EQ,949.00,961.00,932.10,951.10,931.20,76175,71863192.80,3803
NSE,CELEBRITY,INE185H01016,EQ,7.35,7.75,7.30,7.40,7.63,27807,206594.66,139
NSE,CELLO,INE0LMW01024,EQ,385.00,394.00,382.00,389.70,380.85,149418,58250307.65,7797
NSE,CEMPRO,INE686A01026,EQ,1204.60,1204.60,1155.00,1162.20,1178.50,302591,355343758.90,15292
NSE,CENTENKA,INE485A01015,EQ,498.50,504.00,491.00,500.50,498.45,29288,14586082.85,1923
NSE,CENTEXT,INE281A01026,EQ,20.50,21.00,20.10,20.23,20.41,137917,2833995.22,947
NSE,CENTRALBK,INE483A01010,EQ,31.95,32.25,31.64,32.00,31.87,12712438,406687483.09,20179
NSE,CENTRUM,INE660C01027,EQ,21.90,22.50,21.86,22.11,21.89,217048,4811554.46,798
NSE,CENTUM,INE320B01020,EQ,3674.70,3695.80,3600.00,3627.80,3626.60,28721,104387954.00,8331
NSE,CENTURYPLY,INE348B01021,EQ,753.85,763.00,748.05,751.95,751.35,23902,18069009.85,2935
NSE,CERA,INE739E01017,EQ,6290.00,6290.50,6166.00,6208.00,6259.00,7569,47066858.00,2689
NSE,CESC,INE486A01021,EQ,169.00,173.98,168.95,172.26,169.01,1382437,237851215.05,26222
NSE,CEWATER,INE037Z01029,EQ,272.90,314.80,272.00,303.50,269.30,2078754,633391496.00,41150
NSE,CGCL,INE180C01042,EQ,216.00,224.40,215.73,217.88,214.18,6316553,1384241667.01,45724
NSE,CGPOWER,INE067A01029,EQ,943.55,946.90,931.60,940.70,935.50,2475717,2328548374.80,65887
NSE,CHALET,INE427F01016,EQ,759.95,770.60,751.00,756.40,749.35,143844,109148398.45,13854
NSE,CHAMBLFERT,INE085A01013,EQ,478.85,497.80,474.20,490.00,474.10,4196091,2057223238.65,69321
NSE,CHEMBOND,INE995D01025,BE,162.95,163.34,160.00,162.88,155.57,5453,885644.00,61
NSE,CHEMBONDCH,INE0TGX01019,BE,174.00,180.11,174.00,180.11,171.54,10814,1920933.85,80
NSE,CHEMCON,INE03YM01018,EQ,196.21,198.95,190.20,192.54,194.76,49349,9577106.20,1710
NSE,CHEMFAB,INE783X01023,BE,389.00,389.00,365.70,384.80,384.90,1832,694823.20,74
NSE,CHEMPLASTS,INE488A01050,EQ,203.49,206.91,199.34,204.73,201.22,737894,150133148.98,6671
NSE,CHENNPETRO,INE178A01016,EQ,1210.70,1215.60,1180.60,1183.40,1210.60,634808,755447201.30,25309
NSE,CHEVIOT,INE974B01016,EQ,1102.90,1109.00,1090.90,1093.60,1097.60,649,712460.10,124
NSE,CHOICEIN,INE102B01014,EQ,709.80,713.15,703.45,709.70,702.25,801463,567766745.65,14642
NSE,CHOLAFIN,INE121A01024,EQ,1649.90,1685.70,1649.80,1680.40,1653.60,2152281,3603749320.60,82502
NSE,CHOLAHLDNG,INE149A01033,EQ,1567.20,1593.80,1549.20,1581.70,1567.60,196039,307936890.90,23448
NSE,CIEINDIA,INE536H01010,EQ,469.00,473.50,464.10,469.35,464.80,280490,131871380.15,13956
NSE,CIFL,INE345H01024,EQ,25.43,25.79,24.40,24.90,24.63,137980,3428555.19,1738
NSE,CINELINE,INE704H01022,EQ,79.00,81.00,78.11,79.67,78.92,34163,2705877.68,1024
NSE,CINEVISTA,INE039B01026,EQ,15.69,15.69,15.11,15.33,15.36,7475,114265.04,42
NSE,CIPLA,INE059A01026,EQ,1382.60,1392.30,1366.00,1373.20,1381.30,613961,846677926.60,29042
NSE,CLEAN,INE227W01023,EQ,790.00,790.00,773.55,783.25,791.60,173170,134882798.75,13566
NSE,CLEANMAX,INE647U01026,EQ,1289.00,1318.70,1275.00,1298.80,1274.10,125962,162796609.30,10954
NSE,CLEDUCATE,INE201M01029,BE,53.66,53.66,53.66,53.66,54.75,66228,3553794.48,177
NSE,CLSEL,INE419D01026,EQ,290.95,303.50,287.70,295.10,289.60,619671,183448935.95,11743
NSE,CMPDI,INE05HV01027,EQ,242.55,259.95,239.45,258.51,241.40,8695021,2195332458.83,71574
NSE,CMRGREEN,INE00WV01027,EQ,244.85,246.36,231.30,233.80,246.04,3490745,824720476.95,39284
NSE,CMSINFO,INE925R01014,EQ,300.00,301.40,293.55,295.65,298.05,499575,147888922.90,15516
NSE,CNL,INE985W01018,EQ,729.95,737.20,696.00,707.65,724.95,21451,15202199.35,885
NSE,COALINDIA,INE522F01014,EQ,445.95,453.45,443.60,450.95,444.05,7262608,3266045358.45,100966
NSE,COASTCORP,INE377E01024,EQ,49.89,51.75,48.26,51.37,48.81,159433,8034200.16,2024
NSE,COCHINSHIP,INE704P01025,EQ,1414.90,1436.40,1411.90,1431.60,1411.80,645762,921687627.00,25263
NSE,COCKERILL,INE515A01019,EQ,9349.00,9550.00,9212.00,9283.50,9325.00,17647,164486071.50,5036
NSE,COFFEEDAY,INE335K01011,BE,33.74,33.90,33.00,33.36,33.74,563490,18765799.30,1669
NSE,COFORGE,INE591G01025,EQ,1419.90,1468.40,1405.10,1464.80,1402.50,4085487,5894457968.40,103723
NSE,COHANCE,INE03QK01018,EQ,426.90,434.40,426.20,432.40,427.00,317647,137025293.30,22649
NSE,COLPAL,INE259A01022,EQ,2067.50,2103.70,2065.00,2096.90,2057.70,711308,1481614098.50,42101
NSE,COMFINTE,INE819A01049,EQ,6.10,6.20,5.61,5.87,6.06,143854,863463.14,472
NSE,COMPUSOFT,INE453B01029,EQ,13.66,13.95,13.32,13.89,13.69,30400,415644.31,184
NSE,COMSYN,INE073V01015,EQ,170.30,171.29,157.00,158.87,170.84,34129,5545080.95,917
NSE,CONCOR,INE111A01025,EQ,461.90,466.05,454.10,463.35,459.35,1774689,814305752.45,28110
NSE,CONCORDBIO,INE338H01029,EQ,1380.00,1389.80,1360.00,1374.80,1380.20,170771,234080361.40,15030
NSE,CONFIPET,INE552D01024,EQ,71.40,73.38,68.60,69.66,71.05,1383732,98167826.45,8222
NSE,CONSOFINVT,INE025A01027,EQ,225.01,227.50,225.00,225.07,225.00,4579,1031087.03,86
NSE,CONTROLPR,INE663B01015,EQ,617.10,625.00,612.50,616.55,617.40,12839,7937776.95,1123
NSE,CORALFINAC,INE558D01021,EQ,32.00,32.88,31.66,32.18,32.28,9651,311873.79,95
NSE,CORDSCABLE,INE792I01017,BE,223.80,224.99,212.00,218.54,221.91,24483,5319975.99,446
NSE,COROMANDEL,INE169A01031,EQ,1995.00,2081.00,1980.80,2059.70,1986.30,568500,1162210144.30,68079
NSE,CORONA,INE02ZQ01018,EQ,1731.70,1757.00,1728.60,1750.60,1731.70,8126,14179326.50,1629
NSE,COSMOFIRST,INE757A01017,EQ,737.50,759.80,733.00,752.80,731.40,76324,57387857.00,4071
NSE,COUNCODOS,INE695B01025,EQ,4.87,4.97,4.80,4.83,4.87,36990,180227.22,113
NSE,CPCAP,INE521J01018,BE,98.50,103.95,98.50,101.08,100.08,49998,5088308.44,193
NSE,CPEDU,INE0P6P01016,EQ,180.00,183.00,175.10,182.99,179.84,8409,1498654.44,58
NSE,CPPLUS,INE819V01029,EQ,3366.30,3429.00,3355.00,3376.90,3366.30,180815,612359230.90,21245
NSE,CRAFTSMAN,INE00LO01017,EQ,9433.50,9490.00,9213.00,9326.00,9337.00,86572,808448841.50,19756
NSE,CRAMC,INE218I01013,EQ,257.00,259.00,250.00,250.91,256.99,658640,166251782.66,19908
NSE,CREATIVEYE,INE230B01021,EQ,6.70,6.76,6.43,6.69,6.59,3614,24204.00,61
NSE,CREDITACC,INE741K01010,EQ,1380.00,1412.20,1378.40,1407.50,1375.00,275118,384659834.00,25931
NSE,CREST,INE559D01011,EQ,385.90,398.00,371.30,391.10,382.90,36943,14277659.20,1324
NSE,CRISIL,INE007A01025,EQ,4008.40,4103.20,3971.70,4041.00,3982.10,42654,173050166.40,10385
NSE,CRIZAC,INE0S4R01014,EQ,219.60,219.60,214.20,214.72,217.14,230904,50078353.36,8106
NSE,CROMPTON,INE299U01018,EQ,267.00,269.20,261.10,264.70,266.05,1219108,322643719.30,19586
NSE,CROWN,INE491V01019,EQ,113.20,113.50,110.16,112.95,112.08,7322,820805.45,250
NSE,CSBBANK,INE679A01013,EQ,373.05,377.50,367.40,369.35,372.80,298064,110994545.60,8189
NSE,CSLFINANCE,INE718F01018,EQ,229.61,232.02,227.50,228.88,229.22,6962,1595661.99,248
NSE,CTE,INE627H01017,EQ,32.97,32.97,30.20,31.32,32.02,20078,631301.04,352
NSE,CUB,INE491A01021,EQ,197.85,206.50,197.50,205.45,199.35,3502570,714054563.10,39681
NSE,CUBEXTUB,INE144D01012,EQ,87.49,88.00,86.08,86.55,86.54,28156,2441174.49,707
NSE,CUMMINSIND,INE298A01020,EQ,5798.00,5813.50,5700.50,5723.50,5754.00,257257,1477034311.50,31592
NSE,CUPID,INE509F01029,EQ,164.10,165.00,152.52,164.89,164.83,32502732,5314095289.53,110630
NSE,CURAA,INE117B01020,EQ,93.95,93.95,85.00,86.60,91.76,1199,106028.67,48
NSE,CYBERMEDIA,INE278G01037,BE,17.31,17.85,16.61,17.35,17.00,12114,210784.40,72
NSE,CYBERTECH,INE214A01019,EQ,138.90,148.90,138.10,143.53,138.29,125957,18095874.09,2778
NSE,CYIENT,INE136B01020,EQ,900.00,912.80,879.00,907.65,897.00,1284148,1148688398.40,52839
NSE,CYIENTDLM,INE055S01018,EQ,470.10,474.90,460.10,468.70,468.55,121982,57062392.10,5698
NSE,DABUR,INE016A01026,EQ,430.00,437.45,429.65,435.45,429.15,1685284,731568248.00,27290
NSE,DAICHI,INE928C01010,EQ,276.00,288.95,259.80,284.55,265.15,44440,12335145.14,1132
NSE,DALBHARAT,INE00R701025,EQ,1726.00,1726.00,1695.00,1709.60,1719.40,217977,372508067.00,22579
NSE,DALMIASUG,INE495A01022,EQ,342.80,343.50,338.00,339.45,340.75,55115,18758216.45,1718
NSE,DAMCAPITAL,INE284H01025,EQ,155.00,155.35,151.69,152.58,153.56,167557,25606032.24,2473
NSE,DAMODARIND,INE497D01022,EQ,31.80,31.80,29.66,29.77,30.75,5622,168611.95,112
NSE,DANGEE,INE688Y01022,EQ,3.17,3.21,3.13,3.15,3.18,32118,101463.20,95
NSE,DATAMATICS,INE365B01017,EQ,794.00,807.60,792.10,796.75,792.55,54114,43290452.20,3569
NSE,DATAPATTNS,INE0IX101010,EQ,4444.00,4522.00,4380.20,4477.30,4425.50,860440,3840836353.40,63954
NSE,DAVANGERE,INE179G01029,EQ,3.70,3.71,3.64,3.66,3.66,3811511,13992345.06,1862
NSE,DBCORP,INE950I01011,EQ,208.85,208.97,205.69,207.30,207.07,27445,5695679.98,1184
NSE,DBEIL,INE0OPA01019,BE,85.70,86.82,85.69,86.81,82.69,188706,16376027.84,1806
NSE,DBL,INE917M01012,EQ,433.00,439.55,430.40,433.10,431.70,139346,60529816.10,5253
NSE,DBOL,INE0I3401014,BE,115.98,116.00,112.75,114.86,114.87,28866,3304927.98,302
NSE,DBREALTY,INE879I01012,BE,114.96,116.00,113.25,115.48,114.96,1946253,224578839.41,1403
NSE,DBSTOCKBRO,INE921B01025,EQ,32.50,34.99,31.11,32.00,31.79,17110,570204.95,409
NSE,DCAL,INE385W01011,EQ,179.92,180.60,172.65,176.15,180.24,604938,106253186.17,8042
NSE,DCBBANK,INE503A01015,EQ,186.50,186.69,181.90,183.73,184.61,564724,103685416.99,7628
NSE,DCI,INE0A1101019,BE,272.00,272.00,268.55,270.70,270.10,1497,404636.35,63
NSE,DCM,INE498A01018,BE,94.05,96.00,93.05,95.00,94.98,2835,268717.05,42
NSE,DCMFINSERV,INE891B01012,BE,5.50,5.50,5.40,5.40,5.51,3095,16736.50,20
NSE,DCMNVL,INE08KP01019,BE,161.70,161.70,152.01,155.34,157.48,21810,3379936.25,71
NSE,DCMSHRIRAM,INE499A01024,EQ,1052.00,1067.10,1045.00,1047.80,1048.10,19819,20914899.10,4451
NSE,DCMSIL,INE0OU201013,BE,65.00,65.05,64.60,64.60,65.90,21867,1416591.26,83
NSE,DCMSRIND,INE843D01027,EQ,38.76,39.45,38.31,38.83,39.13,105851,4108650.87,646
NSE,DCW,INE500A01029,EQ,48.30,48.97,47.71,48.27,48.42,687325,33234748.25,3696
NSE,DCXINDIA,INE0KL801015,EQ,186.40,188.99,185.10,188.23,185.51,546172,102147998.36,6469
NSE,DDEVPLSTIK,INE0HR601026,EQ,259.40,259.40,252.10,253.44,256.20,60208,15384688.54,1837
NSE,DECCANCE,INE583C01021,EQ,593.00,593.00,572.20,577.50,579.50,7917,4576641.65,457
NSE,DECNGOLD,INE945F01025,EQ,192.60,205.00,188.00,201.75,192.61,7763403,1527094293.40,59010
NSE,DEEDEV,INE841L01016,BE,723.95,723.95,710.00,723.95,689.50,209829,151808971.85,1240
NSE,DEEPAKFERT,INE501A01019,EQ,1515.80,1557.80,1515.00,1535.00,1508.30,413700,636425074.10,30424
NSE,DEEPAKNTR,INE288B01029,EQ,1670.00,1680.90,1638.00,1641.30,1666.70,71628,118295164.70,6754
NSE,DEEPINDS,INE0FHS01024,EQ,508.40,508.40,488.05,495.25,503.80,197181,97555122.05,7070
NSE,DELHIVERY,INE148O01028,EQ,455.55,455.85,449.65,451.30,453.55,1166133,526482509.90,20153
NSE,DELPHIFX,INE726L01027,EQ,9.21,9.30,8.61,8.90,9.00,84866,763495.62,472
NSE,DELTACORP,INE124G01033,EQ,65.89,66.47,65.05,65.76,65.30,1546258,101519893.84,7227
NSE,DELTAMAGNT,INE393A01011,EQ,57.25,60.94,57.25,57.74,59.40,4912,288897.59,107
NSE,DEN,INE947J01015,EQ,29.60,29.90,28.76,28.95,29.45,1487095,43552049.85,6068
NSE,DENORA,INE244A01016,EQ,820.00,827.30,804.80,812.35,809.65,12511,10200550.30,1150
NSE,DENTA,INE0R4L01018,EQ,258.20,283.45,256.15,269.20,256.35,1302719,358338890.05,23065
NSE,DEVIT,INE060X01034,EQ,28.14,28.20,27.50,27.83,28.15,27504,766185.14,494
NSE,DEVX,INE0VOV01021,EQ,36.55,36.80,35.90,36.54,36.43,276165,10032584.61,735
NSE,DEVYANI,INE872J01023,EQ,113.99,121.38,112.75,114.18,111.40,22875653,2665711118.94,131086
NSE,DGCONTENT,INE03JI01017,EQ,26.85,27.50,25.01,27.26,26.24,13961,365808.42,146
NSE,DHAMPURSUG,INE041A01016,EQ,144.98,145.65,143.45,144.60,144.56,104001,15017032.96,1549
NSE,DHANBANK,INE680A01011,EQ,32.60,32.84,31.75,32.42,32.12,1158809,37337426.30,4424
NSE,DHANUKA,INE435G01025,EQ,1085.00,1089.60,1072.10,1076.60,1075.00,17473,18873208.20,1967
NSE,DHARMAJ,INE00OQ01016,EQ,278.95,281.90,276.55,279.00,277.55,13272,3698507.65,414
NSE,DHRUV,INE506Z01015,BE,28.11,28.90,27.20,27.49,27.56,38732,1066244.25,66
NSE,DHUNINV,INE320L01011,EQ,814.00,844.00,801.50,840.00,814.00,1652,1377675.70,138
NSE,DIACABS,INE989C01038,EQ,217.40,219.00,204.32,206.60,215.34,11736724,2457741292.19,59844
NSE,DIAMINESQ,INE591D01014,EQ,250.00,252.50,243.98,247.74,252.54,3719,918265.81,193
NSE,DIAMONDYD,INE393P01035,EQ,1117.10,1139.30,1114.90,1128.60,1116.00,14497,16297223.90,2985
NSE,DICIND,INE303A01010,EQ,521.25,521.25,497.60,507.65,518.70,2066,1051540.60,110
NSE,DIFFNKG,INE184O01015,EQ,367.90,375.20,360.35,372.60,363.85,183704,68030793.25,5054
NSE,DIGIDRIVE,INE0PSC01024,EQ,18.20,18.90,18.02,18.57,18.57,50758,940313.66,192
NSE,DIGISPICE,INE927C01020,BE,20.70,20.70,19.29,20.26,20.30,76498,1533665.79,203
NSE,DIGITIDE,INE0U4701011,EQ,85.34,85.92,83.46,83.75,84.69,260521,21918720.74,2253
NSE,DIGJAMLMTD,INE731U01028,EQ,45.45,46.20,43.30,43.89,44.59,3238,143797.43,65
NSE,DISAQ,INE131C01011,EQ,11648.00,11648.00,11401.00,11501.00,11665.00,367,4226282.00,331
NSE,DISHTV,INE836F01026,BE,3.16,3.18,3.05,3.11,3.15,1204190,3733093.98,1150
NSE,DIVGIITTS,INE753U01022,EQ,885.00,896.00,855.10,862.05,869.20,66741,57837462.50,5044
NSE,DIVISLAB,INE361B01024,EQ,6620.00,6732.00,6571.00,6712.50,6608.50,329248,2195426928.50,33774
NSE,DIXON,INE935N01020,EQ,11933.00,12290.00,11822.00,12235.00,11957.00,1091429,13203263072.00,122594
NSE,DJML,INE0B1K01014,EQ,114.00,115.99,104.32,106.42,114.73,783469,87595043.70,10072
NSE,DLF,INE271C01023,EQ,618.00,632.00,611.70,629.30,614.45,5391666,3363932874.50,41619
NSE,DLINKINDIA,INE250K01012,EQ,513.00,516.00,509.10,510.60,509.10,130200,66675164.90,4184
NSE,DMART,INE192R01011,EQ,4109.00,4209.00,4109.00,4201.30,4099.00,483671,2019876423.90,39446
NSE,DMCC,INE505A01010,EQ,264.00,264.75,255.35,258.40,256.25,31027,8053679.25,1046
NSE,DNAMEDIA,INE016M01021,EQ,2.93,2.99,2.91,2.93,2.92,48124,141679.92,104
NSE,DODLA,INE021O01019,EQ,1096.00,1103.70,1086.20,1091.90,1095.40,4393,4799330.90,898
NSE,DOLATALGO,INE966A01022,EQ,75.49,76.95,75.21,76.44,76.07,99629,7572797.38,1260
NSE,DOLLAR,INE325C01035,EQ,253.90,254.85,249.15,252.85,252.95,73135,18447204.85,2891
NSE,DOLPHIN,INE920A01037,EQ,385.00,398.20,385.00,393.30,390.40,6538,2579809.15,391
NSE,DOMS,INE321T01012,EQ,2280.00,2337.00,2240.00,2314.00,2270.00,228183,524739955.00,23668
NSE,DONEAR,INE668D01028,EQ,90.00,90.48,88.65,89.62,90.13,50667,4539043.58,604
NSE,DPABHUSHAN,INE266Y01019,EQ,922.30,931.90,916.00,923.35,927.45,4618,4264770.05,474
NSE,DPSCLTD,INE360C01024,BE,7.73,7.80,7.49,7.67,7.59,243350,1852974.67,579
NSE,DPWIRES,INE864X01013,EQ,174.50,177.84,172.10,176.25,175.14,5596,980890.10,430
NSE,DRAGARWQ,INE934C01018,EQ,5000.00,5050.00,4930.00,4973.60,5000.70,765,3828932.20,393
NSE,DRCSYSTEMS,INE03RS01027,EQ,14.42,14.45,14.14,14.42,14.31,13494,193919.76,136
NSE,DREAMFOLKS,INE0JS101016,EQ,74.80,74.80,73.01,73.62,72.94,66707,4918061.36,1600
NSE,DREDGECORP,INE506A01018,EQ,1101.00,1108.40,1071.90,1088.40,1099.70,104888,114270182.20,6267
NSE,DRREDDY,INE089A01031,EQ,1279.00,1286.00,1269.10,1276.90,1279.50,430918,550400455.10,23257
NSE,DSFCL,INE0OFM01015,EQ,23.80,24.35,23.41,23.52,23.65,38185,904995.34,309
NSE,DSSL,INE417B01040,EQ,1289.50,1314.90,1280.00,1288.20,1281.80,51583,66620294.60,4846
NSE,DTIL,INE341R01014,EQ,136.90,137.00,134.00,135.34,135.23,1986,269435.60,58
NSE,DUCON,INE741L01018,BE,3.97,3.97,3.61,3.61,3.79,651913,2429529.88,447
NSE,DVL,INE477B01010,EQ,241.90,242.98,238.43,242.49,240.58,7000,1687561.22,207
NSE,DWARKESH,INE366A01041,EQ,44.99,45.30,44.25,44.97,44.83,529490,23702785.13,2661
NSE,DYCL,INE600Y01019,EQ,322.20,329.00,320.15,326.50,320.60,181317,58870292.00,5598
NSE,DYNAMATECH,INE221B01012,EQ,10602.00,10700.00,10410.00,10443.00,10602.00,10120,106776539.00,4114
NSE,DYNPRO,INE256H01015,EQ,232.95,234.15,229.60,231.25,231.85,7608,1761433.10,572
NSE,E2E,INE255Z01027,EQ,379.40,389.00,373.40,382.50,373.90,1386909,528544086.00,22285
NSE,EASEMYTRIP,INE07O001026,EQ,8.35,8.42,8.23,8.33,8.37,13250647,110025630.34,9503
NSE,EASTSILK,INE962C01035,BE,49.20,50.00,49.18,49.18,49.18,11364,566140.73,22
NSE,EBGNG,INE18JU01028,EQ,452.00,470.95,448.70,451.60,448.40,755892,346881555.05,18918
NSE,ECLERX,INE738I01010,EQ,1410.00,1444.00,1401.20,1436.10,1406.10,178469,254187670.00,19354
NSE,ECOSMOBLTY,INE06HJ01020,BE,134.49,134.49,124.90,132.15,131.47,43565,5664213.20,582
NSE,EDELWEISS,INE532F01054,EQ,115.00,122.80,114.30,120.55,114.52,11705853,1390403791.79,58832
NSE,EFCIL,INE886D01026,EQ,191.00,199.26,188.11,191.20,190.53,896507,171499097.09,8120
NSE,EICHERMOT,INE066A01021,EQ,7654.00,7666.00,7540.50,7560.50,7624.50,453796,3439071341.00,50858
NSE,EIDPARRY,INE126A01031,EQ,730.05,743.80,727.30,734.75,725.65,659391,483086566.85,29600
NSE,EIEL,INE0LLY01014,EQ,189.90,196.22,188.11,193.93,188.89,1505804,291446142.19,17090
NSE,EIFFL,INE546V01010,EQ,241.15,255.57,241.15,248.81,244.76,19319,4796013.97,714
NSE,EIHAHOTELS,INE276C01014,EQ,311.90,311.90,305.25,309.75,308.55,7806,2415589.75,487
NSE,EIHOTEL,INE230A01023,EQ,311.00,314.95,303.90,305.65,309.55,141573,43757375.30,6287
NSE,EIMCOELECO,INE158B01016,EQ,1601.00,1657.60,1601.00,1617.20,1605.00,26432,43075544.90,1931
NSE,EKC,INE184H01027,EQ,112.69,113.20,110.90,111.87,112.36,98324,10995300.66,1709
NSE,ELANTAS,INE280B01018,EQ,9842.50,10196.00,9535.50,10011.50,9815.50,2207,21845680.00,1559
NSE,ELCIDIN,INE927X01018,EQ,117950.00,118770.00,116520.00,118200.00,117950.00,5,589440.00,5
NSE,ELDEHSG,INE668G01021,EQ,819.95,819.95,780.05,782.40,795.35,336,263599.10,48
NSE,ELECON,INE205B01031,EQ,567.05,576.00,552.35,556.40,560.35,1322802,746846722.50,36031
NSE,ELECTCAST,INE086A01029,EQ,78.50,79.55,76.95,77.28,78.19,2573593,201122576.89,17270
NSE,ELECTHERM,INE822G01016,EQ,1149.00,1197.85,1108.00,1141.50,1122.25,103620,118912792.70,10070
NSE,ELGIEQUIP,INE285A01027,EQ,609.95,618.00,597.15,601.30,608.80,297925,180603914.65,17370
NSE,ELGIRUBCO,INE819L01012,EQ,52.18,52.18,48.40,49.55,51.16,28168,1418335.10,811
NSE,ELIN,INE050401020,EQ,107.76,109.44,107.21,107.72,107.76,44942,4856117.63,948
NSE,ELITECON,INE669R01026,EQ,30.74,31.10,29.00,29.93,30.01,2581944,78019394.99,6733
NSE,ELLEN,INE236E01022,EQ,280.00,284.00,277.50,279.60,279.35,162764,45643588.80,4187
NSE,ELPROINTL,INE579B01039,EQ,171.00,171.00,168.42,169.55,169.10,59204,10039270.66,571
NSE,EMAMILTD,INE548C01032,EQ,396.80,401.00,395.25,400.15,396.80,181007,72257315.85,11947
NSE,EMAMIPAP,INE830C01026,EQ,86.47,86.50,83.25,84.24,84.80,7534,638733.63,183
NSE,EMAMIREAL,INE778K01012,BE,89.00,92.05,89.00,92.05,87.67,29082,2669030.58,232
NSE,EMBDL,INE069I01010,EQ,61.99,67.23,61.43,66.38,61.46,6595547,428359007.83,28978
NSE,EMCURE,INE168P01015,EQ,1710.00,1760.00,1710.00,1735.00,1705.60,127413,221638769.90,10957
NSE,EMIL,INE02YR01019,EQ,110.99,112.00,109.21,111.69,109.94,532713,59040416.98,8489
NSE,EMKAY,INE296H01011,EQ,293.75,297.90,290.04,292.53,290.87,50468,14759124.47,964
NSE,EMMBI,INE753K01015,EQ,85.45,93.50,85.25,91.92,84.56,71026,6375794.16,928
NSE,EMMVEE,INE1C6T01020,EQ,337.00,340.90,329.90,336.35,336.75,2017061,676134521.15,25789
NSE,EMPOWER,INE507F01023,BE,1.86,1.86,1.86,1.86,1.89,711653,1323674.58,291
NSE,EMSLIMITED,INE0OV601013,EQ,312.95,323.45,309.05,312.70,308.55,303013,95858819.50,9564
NSE,EMUDHRA,INE01QM01018,EQ,460.00,465.00,455.65,462.70,457.40,66074,30423635.40,4346
NSE,ENDURANCE,INE913H01037,EQ,2626.40,2674.00,2585.00,2615.70,2616.30,151914,399713542.00,22904
NSE,ENERGYDEV,INE306C01019,EQ,16.92,17.10,16.26,16.42,16.72,32383,535888.21,294
NSE,ENGINERSIN,INE510A01028,EQ,238.55,241.30,231.00,232.26,236.07,3310923,778795095.35,44013
NSE,ENIL,INE265F01028,EQ,109.66,114.56,109.23,110.00,110.00,15298,1691205.89,323
NSE,ENRIN,INE1NPP01017,EQ,3572.00,3649.00,3543.00,3608.90,3550.90,420274,1514816542.70,40076
NSE,ENTERO,INE010601016,EQ,1130.00,1137.00,1111.00,1116.70,1122.40,107946,121220697.70,7113
NSE,EPACK,INE0G5901015,EQ,231.00,232.56,226.62,231.17,229.79,420071,96514285.46,6415
NSE,EPACKPEB,INE0MLS01022,EQ,256.00,257.68,247.00,249.12,254.40,1673172,420341725.11,18569
NSE,EPIGRAL,INE071N01016,EQ,1160.00,1162.70,1134.00,1139.00,1146.60,20514,23452260.90,2079
NSE,EPL,INE255A01020,EQ,226.05,234.00,225.39,228.24,226.87,716413,164954888.37,15163
NSE,EQUIPPP,INE217G01035,BE,18.02,19.55,18.02,19.51,18.62,138037,2680663.30,76
NSE,EQUITASBNK,INE063P01018,EQ,78.04,80.14,77.50,78.75,78.46,4673415,369013642.71,32043
NSE,ERIS,INE406M01024,EQ,1395.00,1401.60,1370.00,1376.50,1384.40,21461,29582818.60,5422
NSE,ESABINDIA,INE284A01012,EQ,5803.50,5820.50,5655.00,5705.00,5760.50,2603,14865462.50,1062
NSE,ESAFSFB,INE818W01011,EQ,29.13,34.40,28.95,31.02,29.10,18555762,598247072.01,96887
NSE,ESCORTS,INE042A01014,EQ,2827.00,2903.70,2805.20,2830.00,2801.10,159264,456379063.20,20737
NSE,ESSARSHPNG,INE122M01019,EQ,24.00,25.11,23.56,24.37,23.92,379133,9228360.03,1579
NSE,ESSENTIA,INE418N01035,BE,1.45,1.48,1.45,1.45,1.52,2673801,3883339.54,1311
NSE,ESTER,INE778B01029,EQ,90.50,91.90,89.52,91.18,90.07,38486,3493487.24,852
NSE,ETERNAL,INE758T01015,EQ,253.80,254.15,250.75,253.60,252.00,19483651,4919635352.80,159109
NSE,ETHOSLTD,INE04TZ01018,EQ,2447.00,2468.00,2401.00,2407.90,2445.60,6747,16357247.50,1656
NSE,EUREKAFORB,INE0KCE01017,EQ,452.70,462.00,448.25,456.85,457.30,154999,70709826.50,8563
NSE,EUROBOND,INE505V01016,EQ,180.00,184.00,175.34,182.82,174.46,5943,1072845.16,276
NSE,EUROPRATIK,INE198501012,EQ,266.55,280.95,262.00,278.65,267.85,271382,73869807.05,4344
NSE,EUROTEXIND,INE022C01012,BE,18.50,19.34,18.50,19.28,18.51,2577,49084.73,23
NSE,EVEREADY,INE128A01029,EQ,350.25,356.30,343.35,345.85,349.10,134784,47107407.05,3190
NSE,EVERESTIND,INE295A01018,EQ,350.00,374.75,335.80,343.50,348.85,88186,31612840.40,3580
NSE,EXCELINDUS,INE369A01029,EQ,932.10,932.60,900.95,927.00,925.85,5245,4841077.75,749
NSE,EXCELSOFT,INE606N01019,EQ,79.45,81.15,79.00,79.40,79.45,494382,39349923.11,4202
NSE,EXICOM,INE777F01014,EQ,164.00,172.40,161.10,167.90,161.57,38709037,6474683773.06,228435
NSE,EXIDEIND,INE302A01020,EQ,395.05,398.50,387.30,388.55,394.85,1129917,441808317.65,17926
NSE,EXPLEOSOL,INE201K01015,EQ,803.65,838.30,803.65,832.15,803.65,42682,35217459.95,3268
NSE,EXXARO,INE0GFE01026,EQ,7.31,7.31,6.71,6.78,6.89,712903,4922321.95,1105
NSE,FABTECH,INE0HF201011,EQ,153.00,165.00,149.10,158.43,145.96,4634297,748993226.93,42392
NSE,FACT,INE188A01015,EQ,906.75,1058.60,906.35,997.80,906.05,13126383,13274626124.40,317553
NSE,FAIRCHEMOR,INE0DNW01011,EQ,600.30,609.65,600.30,606.10,607.35,1946,1176144.50,343
NSE,FAZE3Q,INE963C01033,EQ,549.40,559.90,537.00,538.75,549.25,16431,8951791.55,817
NSE,FCL,INE045J01034,EQ,41.88,43.50,41.40,43.30,41.50,19755871,844119271.47,33511
NSE,FCSSOFT,INE512B01022,BE,1.60,1.60,1.59,1.59,1.62,567319,903031.02,625
NSE,FDC,INE258B01022,EQ,386.40,389.40,381.20,384.25,384.80,116435,44848406.85,8127
NSE,FEDDERSHOL,INE417D01020,EQ,35.78,36.01,34.50,35.87,35.51,787986,28189389.62,943
NSE,FEDERALBNK,INE171A01029,EQ,317.55,321.10,316.50,320.60,317.10,8921387,2846279781.25,85422
NSE,FEDFINA,INE007N01010,EQ,163.00,164.07,161.31,162.97,162.19,653065,106204484.14,11072
NSE,FERMENTA,INE225B01021,EQ,330.00,343.95,316.45,320.80,326.40,162779,52822841.70,4847
NSE,FIBERWEB,INE296C01020,EQ,28.31,29.70,28.31,29.00,28.86,23827,695838.23,165
NSE,FIEMIND,INE737H01014,EQ,2409.70,2415.00,2340.70,2354.40,2386.80,47089,112083480.60,9183
NSE,FILATEX,INE816B01035,EQ,52.80,54.80,51.80,53.17,53.01,1740331,92958914.00,8710
NSE,FILATFASH,INE185E01021,BE,0.21,0.21,0.20,0.21,0.20,33725218,7065824.36,2610
NSE,FINCABLES,INE235A01022,EQ,1047.20,1066.50,1044.80,1055.50,1044.10,228139,241433510.80,18790
NSE,FINEORG,INE686Y01026,EQ,4987.90,5049.00,4882.20,5037.80,4924.00,21986,109142741.40,5885
NSE,FINKURVE,INE734I01027,EQ,63.20,72.00,63.20,71.27,64.94,480073,33524928.15,1851
NSE,FINOPB,INE02NC01014,EQ,137.55,140.32,134.31,136.41,137.53,250421,34344777.95,3274
NSE,FINPIPE,INE183A01024,EQ,174.00,174.59,170.00,170.69,173.00,1292667,221763333.37,26251
NSE,FIRSTCRY,INE02RE01045,EQ,221.00,221.00,217.94,219.34,218.68,510162,111818495.84,9814
NSE,FISCHER,INE771F01041,EQ,35.99,36.24,34.25,34.47,35.76,879698,30839750.32,2260
NSE,FIVESTAR,INE128S01021,EQ,465.00,474.00,460.30,464.45,466.80,764289,357122616.45,21818
NSE,FLAIR,INE00Y201027,EQ,266.00,272.00,262.10,267.70,264.15,231072,61756913.20,3479
NSE,FLEXITUFF,INE060J01017,EQ,6.99,7.00,6.62,6.87,6.91,16199,111402.95,56
NSE,FLUOROCHEM,INE09N301011,EQ,3690.00,3723.90,3633.00,3671.70,3685.10,108756,399060699.60,10888
NSE,FMGOETZE,INE529A01010,EQ,440.85,449.00,437.10,439.05,440.45,20047,8838690.50,830
NSE,FMNL,INE360L01017,BE,10.62,10.62,10.35,10.43,10.62,16609,175765.59,55
NSE,FOCUS,INE593W01028,EQ,93.77,93.99,91.90,93.28,91.95,100819,9373932.94,2184
NSE,FOODSIN,INE976E01023,EQ,56.00,56.88,55.87,56.50,56.01,31910,1797746.63,778
NSE,FORCEMOT,INE451A01017,EQ,18550.00,18780.00,18271.00,18427.00,18540.00,72767,1343990083.00,22704
NSE,FORTIS,INE061F01013,EQ,980.15,981.90,949.05,969.10,980.15,1856149,1792491033.15,54261
NSE,FOSECOIND,INE519A01011,EQ,5147.90,5275.00,5020.10,5239.40,5079.60,5852,30170713.50,1710
NSE,FRACTAL,INE212S01015,EQ,964.40,1010.00,963.60,1006.00,960.90,797418,791477323.90,32321
NSE,FRONTSP,INE572D01014,EQ,1505.90,1510.50,1451.70,1473.30,1493.40,14814,21856344.80,1959
NSE,FSL,INE684F01012,EQ,247.00,248.20,242.05,243.00,246.55,1422792,347411227.15,32675
NSE,FUSION,INE139R01012,EQ,178.00,187.09,178.00,181.38,177.55,1143528,208601283.33,13527
NSE,GABRIEL,INE524A01029,EQ,1140.80,1174.40,1129.50,1136.40,1146.30,1031669,1191341847.50,59889
NSE,GAEL,INE036B01030,EQ,159.22,159.22,156.00,158.19,157.05,424859,66856211.75,9761
NSE,GAIL,INE129A01019,EQ,176.45,178.20,175.00,176.09,175.41,8941189,1576392915.97,93929
NSE,GALAPREC,INE0RE001014,EQ,1060.00,1080.00,1025.00,1043.85,1034.05,288915,304753290.65,15778
NSE,GALAXYSURF,INE600K01018,EQ,1770.00,1800.00,1750.00,1796.00,1756.30,7776,13873581.30,1627
NSE,GALLANTT,INE297H01019,EQ,677.00,682.00,667.00,679.25,675.05,95459,64443208.05,4369
NSE,GANDHAR,INE717W01049,EQ,160.89,162.44,157.01,157.81,158.48,321183,50937997.40,3981
NSE,GANDHITUBE,INE524B01027,EQ,845.40,865.00,835.00,854.85,848.05,13884,11801909.50,695
NSE,GANECOS,INE845D01014,EQ,937.00,945.00,906.60,909.40,929.10,80015,73932339.70,4833
NSE,GANESHBE,INE388A01029,EQ,105.89,107.78,103.82,104.67,105.43,298193,31482092.92,3420
NSE,GANESHCP,INE652V01016,EQ,205.71,205.71,202.00,204.10,202.72,56827,11587703.80,1019
NSE,GANESHHOU,INE460C01014,EQ,762.30,781.30,755.20,767.60,764.55,21748,16698088.15,2310
NSE,GANGAFORGE,INE691Z01023,EQ,2.65,2.69,2.50,2.53,2.57,400346,1045994.10,351
NSE,GANGESSECU,INE335W01016,EQ,123.41,126.90,122.00,125.27,123.41,1640,205474.37,54
NSE,GARFIBRES,INE276A01018,EQ,680.20,683.50,673.00,679.95,679.50,28085,19052352.05,5071
NSE,GARUDA,INE0JVO01026,EQ,170.85,172.60,169.63,170.85,170.00,293570,50198684.82,4694
NSE,GATECH,INE224E01028,EQ,0.52,0.54,0.51,0.52,0.51,5387571,2809473.67,801
NSE,GATECHDVR,INE224E01036,EQ,0.47,0.48,0.46,0.47,0.47,279702,132126.82,159
NSE,GATEWAY,INE079J01017,EQ,60.30,60.57,58.50,58.77,60.00,798354,47277669.35,8719
NSE,GAUDIUMIVF,INE0P8B01020,BE,103.56,103.56,103.56,103.56,101.53,88004,9113694.24,229
NSE,GAYAHWS,INE287Z01012,EQ,2.23,2.29,2.20,2.21,2.23,165378,368851.63,318
NSE,GAYAPROJ,INE336H01023,BE,24.09,24.09,23.60,24.09,22.95,562646,13540197.23,366
NSE,GCSL,INE199P01028,EQ,432.50,441.00,425.20,431.05,431.45,242716,105465727.55,3570
NSE,GEECEE,INE916G01016,EQ,320.40,331.00,320.00,328.20,323.25,9207,3004462.55,349
NSE,GEEKAYWIRE,INE669X01032,EQ,23.99,24.71,23.56,24.40,23.61,117014,2821281.62,817
NSE,GEMAROMA,INE06XZ01023,EQ,189.02,193.75,183.20,190.61,187.65,179185,33688942.87,2055
NSE,GENCON,INE854S01022,EQ,38.51,39.14,38.05,38.12,38.34,238907,9184557.34,803
NSE,GENESYS,INE727B01026,EQ,315.30,327.80,311.95,320.45,315.30,591661,189524730.70,12048
NSE,GENUSPAPER,INE949P01018,EQ,12.25,12.45,12.15,12.24,12.26,49047,600224.53,230
NSE,GENUSPOWER,INE955D01029,EQ,325.00,332.00,322.90,328.90,320.70,1612608,529718122.60,24461
NSE,GEOJITFSL,INE007B01023,EQ,76.76,79.39,76.01,78.03,76.49,513611,40026585.58,4252
NSE,GESHIP,INE017A01032,EQ,1391.00,1425.00,1381.10,1418.60,1384.20,708510,997214188.60,42756
NSE,GFLLIMITED,INE538A01037,EQ,47.70,48.18,47.00,47.11,47.04,56875,2693696.15,1467
NSE,GHCL,INE539A01019,EQ,448.15,454.30,446.10,453.60,445.85,586994,264282545.25,14901
NSE,GHCLTEXTIL,INE0PA801013,EQ,92.00,95.10,90.60,94.62,90.57,731731,68567143.22,4326
NSE,GICHSGFIN,INE289B01019,EQ,158.63,162.90,158.63,160.81,158.58,285055,45858088.45,3879
NSE,GICL,INE947T01022,EQ,23.80,23.80,22.81,23.53,23.28,432699,10107128.06,1304
NSE,GICRE,INE481Y01014,EQ,371.20,374.40,356.05,358.40,387.25,12826964,4645851806.05,87721
NSE,GILLANDERS,INE047B01011,EQ,91.40,93.00,86.60,88.88,91.64,7014,622600.01,125
NSE,GILLETTE,INE322A01010,EQ,7777.00,7778.50,7682.00,7715.50,7722.50,13956,107742977.50,4281
NSE,GINNIFILA,INE424C01010,EQ,43.71,44.80,43.00,44.53,43.60,62973,2771691.77,688
NSE,GIPCL,INE162A01010,EQ,164.00,164.90,161.72,163.74,162.46,237811,38872844.64,3872
NSE,GKENERGY,INE1AG301022,EQ,141.95,150.80,140.05,148.23,140.89,1495256,219417227.81,19180
NSE,GKSL,INE0V0W01025,EQ,131.17,137.97,127.05,128.41,130.52,357410,46888750.61,5825
NSE,GKWLIMITED,INE528A01020,EQ,1830.80,1841.90,1785.00,1828.20,1834.60,441,799284.30,79
NSE,GLAND,INE068V01023,EQ,2218.00,2230.80,2168.00,2178.70,2213.10,509814,1119087431.30,47997
NSE,GLAXO,INE159A01016,EQ,2127.00,2208.70,2126.00,2202.80,2122.50,199157,433524170.70,32013
NSE,GLENMARK,INE935A01035,EQ,2165.00,2171.90,2133.00,2156.70,2156.60,325200,699826143.20,19181
NSE,GLFL,INE540A01017,BE,6.32,6.51,6.32,6.51,6.20,5117,33261.32,21
NSE,GLOBAL,INE291W01037,EQ,101.00,105.40,100.60,104.51,101.65,102378,10533370.93,954
NSE,GLOBALE,INE0URU01010,BE,11.65,12.49,11.65,12.00,12.26,10154,120361.02,42
NSE,GLOBALVECT,INE792H01019,EQ,159.19,165.90,156.01,162.32,156.80,8225,1308130.03,412
NSE,GLOBE,INE581X01021,EQ,2.36,2.36,2.30,2.31,2.32,147108,340736.36,153
NSE,GLOBECIVIL,INE0V3U01015,BE,42.45,43.65,41.50,43.65,41.58,33486,1440597.58,174
NSE,GLOBUSSPR,INE615I01010,EQ,860.15,867.70,847.05,863.25,859.80,60930,52185121.70,5581
NSE,GLOSTERLTD,INE350Z01018,EQ,694.50,694.50,681.35,683.50,680.85,2997,2055872.30,204
NSE,GLOTTIS,INE0TQE01026,BE,67.50,68.60,67.00,67.07,67.32,105527,7116352.84,349
NSE,GMBREW,INE075D01018,EQ,924.00,924.00,903.10,910.25,913.85,35986,32872223.00,2104
NSE,GMDCLTD,INE131A01031,EQ,609.60,621.25,604.00,619.35,607.20,1420420,872352290.45,26501
NSE,GMMPFAUDLR,INE541A01023,EQ,779.90,791.05,778.65,784.05,776.35,61446,48240430.85,4439
NSE,GMRAIRPORT,INE776C01039,EQ,107.86,110.50,107.15,107.51,106.66,30369058,3295407677.67,81925
NSE,GMRP&UI,INE0CU601026,EQ,106.95,107.00,104.80,105.34,106.32,957970,101109079.96,11784
NSE,GNA,INE934S01014,EQ,376.00,385.45,376.00,383.50,375.85,76146,29049536.65,2078
NSE,GNFC,INE113A01013,EQ,514.95,541.70,513.00,536.05,509.95,1572111,838198826.80,41742
NSE,GNRL,INE207H01018,EQ,90.15,91.20,85.75,88.72,90.25,429274,38329159.76,5463
NSE,GOACARBON,INE426D01013,EQ,387.30,409.90,387.30,405.00,390.55,20456,8201212.90,1102
NSE,GOCLCORP,INE077F01035,EQ,405.15,408.30,400.00,402.20,404.75,31471,12679088.75,1445
NSE,GOCOLORS,INE0BJS01011,EQ,369.95,384.25,367.25,378.05,369.95,892716,338008310.95,10045
NSE,GODAVARIB,INE497S01012,EQ,287.00,313.95,283.00,301.30,284.40,1110921,335791583.75,21496
NSE,GODFRYPHLP,INE260B01028,EQ,2245.00,2255.90,2227.70,2245.20,2239.20,257877,578347142.70,17723
NSE,GODIGIT,INE03JT01014,EQ,302.00,302.00,294.20,296.05,298.85,183277,54302858.90,8076
NSE,GODREJAGRO,INE850D01014,EQ,572.80,584.35,572.00,575.50,570.85,112970,65059238.00,6548
NSE,GODREJCP,INE102D01028,EQ,1038.60,1053.00,1023.70,1034.50,1036.80,1049319,1085076734.90,26074
NSE,GODREJIND,INE233A01035,EQ,1072.60,1076.90,1056.10,1061.10,1072.60,54553,58045177.20,6550
NSE,GODREJPROP,INE484J01027,EQ,1780.00,1797.60,1763.30,1794.50,1766.20,375321,668504930.60,21953
NSE,GOKEX,INE887G01027,EQ,722.20,729.00,707.10,710.30,721.75,269563,192906910.65,12096
NSE,GOKUL,INE020J01029,EQ,40.85,41.90,40.64,40.71,40.97,660590,26970678.61,694
NSE,GOKULAGRO,INE314T01033,EQ,222.47,224.95,219.20,222.43,223.12,413700,91715874.69,9908
NSE,GOLDIAM,INE025B01025,EQ,465.85,492.90,463.30,485.65,469.00,1470919,706554686.90,22327
NSE,GOLDTECH,INE805A01014,EQ,41.70,43.48,41.40,43.04,42.01,22485,954227.77,735
NSE,GOODLUCK,INE127I01024,EQ,1321.00,1332.80,1306.60,1313.70,1324.20,53773,70770695.90,4662
NSE,GOODYEAR,INE533A01012,EQ,746.05,749.80,740.10,746.40,746.05,5472,4081218.10,451
NSE,GOPAL,INE0L9R01028,EQ,284.15,287.10,281.45,284.35,285.15,101246,28808383.80,2483
NSE,GOYALALUM,INE705X01026,EQ,7.08,7.20,6.76,6.94,7.05,190715,1346633.71,616
NSE,GPIL,INE177H01039,EQ,281.85,282.55,276.00,276.85,281.75,1197806,333537627.50,18087
NSE,GPPL,INE517F01014,EQ,156.74,157.88,154.37,154.94,155.82,1198275,186164972.59,24974
NSE,GPTHEALTH,INE486R01017,EQ,148.00,149.84,145.41,147.36,147.24,66251,9762100.75,1866
NSE,GPTINFRA,INE390G01014,EQ,115.54,116.97,114.45,115.51,115.60,96300,11149823.20,1453
NSE,GRADIENTE,INE361K01017,EQ,2.10,2.20,2.08,2.17,2.17,1371060,2946046.99,745
NSE,GRANDOAK,INE926B01016,EQ,38.99,39.83,38.79,39.83,36.21,51316,2036747.44,195
NSE,GRANULES,INE101D01020,EQ,748.55,757.00,745.20,748.35,748.50,1940440,1454105529.75,25194
NSE,GRAPHITE,INE371A01025,EQ,661.95,665.70,648.40,654.55,660.95,456555,299087163.80,15193
NSE,GRASIM,INE047A01021,EQ,3180.00,3183.00,3133.80,3140.30,3164.50,308307,971470344.30,35823
NSE,GRAUWEIL,INE266D01021,EQ,77.10,78.51,75.51,76.01,77.09,189249,14640370.25,2977
NSE,GRAVISSHO,INE214F01026,EQ,28.72,29.98,28.05,28.73,29.10,33055,939752.22,163
NSE,GRAVITA,INE024L01027,EQ,1666.40,1697.40,1642.50,1663.90,1659.50,130398,217109380.70,16381
NSE,GREAVESCOT,INE224A01026,EQ,191.44,194.40,190.50,191.27,191.44,812102,156041772.78,8351
NSE,GREENLAM,INE544R01021,EQ,254.40,262.25,253.08,259.01,252.80,156827,40507897.67,6773
NSE,GREENPANEL,INE08ZM01014,EQ,195.50,199.00,191.50,192.20,193.68,150719,29137423.31,5596
NSE,GREENPLY,INE461C01038,EQ,293.22,298.16,290.51,296.68,293.80,170912,50402688.48,4985
NSE,GREENPOWER,INE999K01014,EQ,11.17,11.45,11.17,11.26,11.17,3374148,38136422.18,3983
NSE,GRINDWELL,INE536A01023,EQ,2042.00,2130.00,2012.10,2047.30,2023.10,91035,186862208.20,15811
NSE,GRINFRA,INE201P01022,EQ,886.05,893.00,871.95,878.35,885.15,34259,30237881.65,2855
NSE,GRMOVER,INE192H01020,EQ,89.40,94.25,86.71,92.96,88.23,3407254,311987417.61,25225
NSE,GROBTEA,INE646C01018,EQ,899.00,905.75,885.25,902.50,885.25,148,132444.50,30
NSE,GROWW,INE0HOQ01053,EQ,208.49,208.49,197.40,199.68,207.34,73632906,14799517649.19,264910
NSE,GRPLTD,INE137I01015,EQ,1700.00,1703.90,1652.00,1664.50,1689.10,984,1647422.30,173
NSE,GRSE,INE382Z01011,EQ,2673.00,2683.70,2642.70,2663.20,2669.20,393126,1045612400.10,23098
NSE,GRWRHITECH,INE291A01017,EQ,6332.00,6449.50,6169.00,6380.50,6320.50,128065,812023544.00,23638
NSE,GSFC,INE026A01025,EQ,165.38,170.90,165.05,167.27,164.91,1886358,317287285.87,19892
NSE,GSLSU,INE0JSX01015,EQ,51.90,53.20,50.01,50.74,51.10,122315,6251265.88,2174
NSE,GSPCROP,INE713R01022,EQ,457.60,476.00,451.15,457.00,456.60,286020,132464538.85,8295
NSE,GSS,INE871H01011,BE,12.96,13.48,12.50,12.65,12.96,33670,432682.46,126
NSE,GTECJAINX,INE586X01012,BE,28.21,28.21,28.21,28.21,29.69,5646,159273.66,39
NSE,GTL,INE043A01012,EQ,8.66,8.66,7.76,8.09,8.55,508564,4218226.65,983
NSE,GTLINFRA,INE221H01019,EQ,1.58,1.59,1.53,1.53,1.56,48442983,74878483.16,15662
NSE,GTPL,INE869I01013,EQ,64.50,66.60,64.50,66.02,65.04,41645,2742458.95,516
NSE,GUFICBIO,INE742B01025,EQ,360.50,374.00,356.05,370.00,360.40,118082,43024601.00,4734
NSE,GUJALKALI,INE186A01019,EQ,652.90,669.90,640.25,643.95,653.95,63824,41635490.75,3225
NSE,GUJAPOLLO,INE826C01016,EQ,376.95,376.95,365.80,367.95,373.65,10349,3829740.20,351
NSE,GUJGASLTD,INE844O01030,EQ,399.70,399.90,388.70,394.20,399.70,591264,233075645.65,15865
NSE,GUJRAFFIA,INE610B01024,EQ,41.25,42.38,40.01,40.59,41.14,2557,104361.95,31
NSE,GUJTHEM,INE942C01045,EQ,386.90,388.45,376.00,378.60,385.10,62542,23879838.85,2775
NSE,GULFOILLUB,INE635Q01029,EQ,979.95,998.85,975.60,992.95,979.60,101442,100428849.05,7525
NSE,GULFPETRO,INE586G01017,BE,41.12,41.80,40.10,40.58,41.13,97479,3946922.16,189
NSE,GULPOLY,INE255D01024,EQ,213.00,215.29,207.75,208.36,212.74,339148,71359183.62,6479
NSE,GVKPIL,INE251H01024,BE,2.86,2.87,2.81,2.81,2.86,782479,2210461.18,1194
NSE,GVPIL,INE878A01011,EQ,1004.00,1024.80,996.05,1024.80,976.00,382750,390201322.10,5031
NSE,GVPTECH,INE382T01030,EQ,6.61,6.66,6.40,6.41,6.47,30371,198528.78,208
NSE,GVT&D,INE200A01026,EQ,4840.00,4900.00,4781.50,4872.50,4805.50,467011,2261412572.50,45996
NSE,HAL,INE066F01020,EQ,4299.80,4314.70,4240.50,4255.80,4284.70,584663,2493455586.30,37253
NSE,HALDER,INE115S01010,EQ,242.00,246.00,228.31,233.99,240.17,29181,6982944.08,512
NSE,HALDYNGL,INE506D01020,EQ,120.15,125.77,120.15,122.96,121.24,54117,6694186.74,1293
NSE,HALEOSLABS,INE320X01016,EQ,1469.40,1469.40,1370.00,1374.50,1423.10,1822,2534948.50,182
NSE,HAPPSTMNDS,INE419U01012,EQ,355.00,356.15,349.20,352.30,351.65,717947,253000397.00,20901
NSE,HAPPYFORGE,INE330T01021,EQ,1357.90,1366.60,1335.10,1336.70,1354.00,56476,76199246.40,8298
NSE,HARDWYN,INE626Z01029,EQ,24.19,24.58,23.70,23.84,23.97,2885998,69421826.13,2027
NSE,HARIOMPIPE,INE00EV01017,EQ,429.80,435.00,415.40,419.10,429.05,381594,161358372.95,11116
NSE,HARRMALAYA,INE544A01019,EQ,213.99,215.00,207.61,212.39,207.26,16909,3592385.53,533
NSE,HARSHA,INE0JUS01029,EQ,424.80,441.70,421.45,436.70,419.80,464282,202399332.00,11352
NSE,HATHWAY,INE982F01036,EQ,11.12,11.39,11.10,11.16,11.21,2690562,30135704.65,3111
NSE,HATSUN,INE473B01035,EQ,910.00,916.40,906.00,909.20,910.40,14785,13465824.05,1455
NSE,HAVELLS,INE176B01034,EQ,1176.00,1188.60,1165.20,1180.20,1171.10,573010,676285099.30,32872
NSE,HAVISHA,INE293B01029,EQ,1.32,1.35,1.25,1.30,1.29,42089,54964.17,142
NSE,HAWKINCOOK,INE979B01015,EQ,7805.00,7863.00,7756.00,7822.50,7796.50,723,5638725.50,312
NSE,HBESD,INE640B01021,EQ,73.50,75.99,73.50,75.99,74.23,44,3293.54,4
NSE,HBLENGINE,INE292B01021,EQ,795.00,805.00,791.25,799.65,793.10,862006,687150142.40,21362
NSE,HBSL,INE550B01022,BE,54.99,55.35,53.10,54.68,53.95,496,27121.82,37
NSE,HCC,INE549A01026,EQ,24.09,25.77,24.03,25.49,23.87,111276550,2809159361.85,100715
NSE,HCG,INE075I01017,EQ,631.10,632.00,621.45,625.70,627.35,48123,30143570.80,5321
NSE,HCL-INSYS,INE236A01020,EQ,12.80,12.90,12.40,12.58,12.51,359254,4523942.96,1000
NSE,HCLTECH,INE860A01027,EQ,1141.00,1161.90,1137.50,1159.00,1119.30,8343470,9601935139.20,178723
NSE,HDBFS,INE756I01012,EQ,697.50,721.20,689.35,709.55,695.10,1573957,1116839087.45,53818
NSE,HDFCAMC,INE127D01025,EQ,2622.90,2669.00,2622.90,2658.60,2622.90,680815,1804037899.10,41476
NSE,HDFCBANK,INE040A01034,EQ,780.50,787.70,779.45,784.90,777.35,27820970,21821164302.20,334802
NSE,HDFCLIFE,INE795G01014,EQ,582.00,582.50,571.25,574.40,581.20,2066303,1187671508.45,48426
NSE,HEADSUP,INE759V01019,EQ,7.18,8.35,7.02,7.54,6.96,169150,1329386.16,563
NSE,HEALTHX,INE019J01013,EQ,304.85,314.20,304.85,305.60,299.75,15769,4854529.30,272
NSE,HECPROJECT,INE558R01013,EQ,123.89,137.00,118.81,129.72,121.63,64503,8406780.97,1479
NSE,HEG,INE545A01024,EQ,545.40,548.20,536.05,541.30,542.90,601206,325399856.00,16007
NSE,HEIDELBERG,INE578A01017,EQ,152.40,153.90,151.21,152.11,152.28,82568,12595665.71,2074
NSE,HEMIPROP,INE0AJG01018,EQ,141.59,142.70,140.40,141.90,141.07,244878,34695317.27,2733
NSE,HERANBA,INE694N01015,EQ,189.57,192.38,187.81,189.87,189.57,20773,3947751.93,795
NSE,HERITGFOOD,INE978A01027,EQ,322.70,334.40,322.70,329.35,321.25,428467,141260268.50,9628
NSE,HEROMOTOCO,INE158A01026,EQ,5050.00,5052.00,4996.00,5031.00,5024.00,456693,2296970767.30,59866
NSE,HESTERBIO,INE782E01017,EQ,2066.60,2093.70,2007.00,2054.40,2066.60,5742,11755093.00,944
NSE,HEXAGON,INE0JUI01012,BE,52.14,55.44,50.54,54.16,53.19,9169014,481384897.63,14876
NSE,HEXATRADEX,INE750M01017,EQ,165.00,166.90,162.00,162.53,165.56,6046,989105.23,126
NSE,HEXT,INE093A01041,EQ,497.85,511.95,495.50,499.75,497.75,3073692,1535530887.25,21981
NSE,HFCL,INE548A01028,EQ,184.00,189.47,181.50,188.98,180.45,34029890,6324425727.86,139025
NSE,HGINFRA,INE926X01010,EQ,576.00,584.00,572.55,577.60,575.20,94787,54821654.60,6138
NSE,HGM,INE596H01014,EQ,55.60,55.60,53.12,53.79,53.75,8751,468525.77,63
NSE,HGS,INE170I01016,EQ,428.65,435.00,427.00,429.30,428.60,22614,9746127.55,1567
NSE,HIKAL,INE475B01022,EQ,187.44,193.95,186.85,189.70,187.25,264080,50386638.11,3978
NSE,HILINFRA,INE00RL01028,BE,48.49,48.87,47.05,47.71,48.49,47321,2267961.46,462
NSE,HILTON,INE788H01017,BE,20.24,20.53,19.20,20.53,19.56,158835,3249898.18,342
NSE,HIMATSEIDE,INE049A01027,EQ,78.45,78.52,77.00,77.92,77.68,256902,19950880.57,1976
NSE,HINDALCO,INE038A01020,EQ,990.00,990.00,970.00,982.40,1013.90,11200461,10959192783.30,368266
NSE,HINDCOMPOS,INE310C01029,EQ,419.30,424.25,414.05,419.40,419.30,3529,1481098.10,362
NSE,HINDCON,INE642Y01029,BE,21.41,22.00,21.41,21.52,21.41,7730,167074.67,111
NSE,HINDCOPPER,INE531E01026,EQ,518.50,518.50,507.00,511.75,516.10,2698744,1379448229.80,47016
NSE,HINDOILEXP,INE345A01011,EQ,162.93,162.93,150.78,159.92,161.16,2405736,376775928.71,23355
NSE,HINDPETRO,INE094A01015,EQ,405.80,405.80,396.70,401.80,401.65,5228607,2097884651.35,60137
NSE,HINDUNILVR,INE030A01027,EQ,2161.00,2209.00,2160.10,2199.90,2156.10,1337309,2933275731.60,81553
NSE,HINDWAREAP,INE05AN01011,EQ,250.98,258.00,248.00,253.56,255.01,202115,51050544.91,5573
NSE,HINDZINC,INE267A01025,EQ,565.00,566.90,557.45,564.30,563.85,2663318,1495301157.20,37755
NSE,HIRECT,INE835D01023,EQ,1151.70,1190.00,1132.00,1145.00,1135.60,158355,184340104.60,10177
NSE,HISARMETAL,INE598C01011,EQ,159.00,159.99,154.10,156.62,159.84,1057,164982.97,79
NSE,HITECH,INE106T01025,EQ,89.99,91.83,89.80,90.42,89.68,651110,59198523.89,4358
NSE,HITECHCORP,INE120D01012,BE,313.50,313.50,301.00,306.00,309.10,30213,9213572.90,208
NSE,HITECHGEAR,INE127B01011,BE,570.65,584.00,568.90,571.90,573.50,2919,1685165.45,45
NSE,HLEGLAS,INE461D01028,EQ,387.65,392.00,380.35,382.00,387.25,74342,28632742.20,3860
NSE,HLVLTD,INE102A01024,EQ,8.07,8.18,7.75,8.02,8.06,288246,2297219.14,698
NSE,HMAAGRO,INE0ECP01024,EQ,23.04,23.04,22.50,22.92,22.98,232830,5308339.27,959
NSE,HMVL,INE871K01015,EQ,81.16,84.90,81.16,84.26,82.40,131871,11043362.94,1043
NSE,HNDFDS,INE254N01026,EQ,566.85,567.95,549.05,553.55,557.70,44916,24985889.40,3119
NSE,HOMEFIRST,INE481N01025,EQ,1120.50,1148.00,1119.10,1136.00,1115.50,138502,156959275.90,13255
NSE,HONASA,INE0J5401028,EQ,410.00,414.70,398.30,400.40,407.15,854746,345043228.90,28930
NSE,HONAUT,INE671A01010,EQ,36260.00,36720.00,35905.00,36620.00,35905.00,4462,162243135.00,2400
NSE,HONDAPOWER,INE634A01018,EQ,2200.00,2219.90,2180.00,2194.00,2196.00,4347,9557750.00,742
NSE,HPAL,INE0GSL01024,EQ,37.27,37.96,36.62,37.13,37.27,32256,1197994.96,626
NSE,HPIL,INE05X901010,EQ,125.75,127.40,125.75,126.36,125.62,195,24561.30,9
NSE,HPL,INE495S01016,EQ,370.40,388.90,370.00,379.85,370.40,504701,192953365.35,13571
NSE,HSCL,INE019C01026,EQ,672.00,695.00,663.40,689.20,668.90,12041950,8184014140.90,97334
NSE,HTMEDIA,INE501G01024,EQ,22.60,22.90,22.41,22.52,22.43,20606,466638.26,206
NSE,HUBTOWN,INE703H01016,EQ,192.95,205.00,191.00,202.40,191.67,589834,118234242.37,9376
NSE,HUDCO,INE031A01017,EQ,210.38,216.18,209.24,212.83,209.54,3722427,795001528.68,34690
NSE,HUHTAMAKI,INE275B01026,EQ,174.54,175.75,169.70,172.36,175.45,224474,38670981.66,3053
NSE,HYBRIDFIN,INE965B01022,EQ,16.38,16.69,16.00,16.28,16.30,5443,89466.97,59
NSE,HYUNDAI,INE0V6F01027,EQ,2040.00,2040.40,1971.10,1974.70,2030.10,577027,1148545329.30,29062
NSE,IBULLSLTD,INE126M01010,BE,24.00,24.00,23.10,23.88,23.78,2369263,56224163.92,3350
NSE,ICDSLTD,INE613B01010,EQ,43.09,43.50,41.80,42.20,43.09,307,12954.47,16
NSE,ICEMAKE,INE520Y01019,EQ,763.40,775.00,756.10,761.90,762.65,20946,16048319.35,1232
NSE,ICICIAMC,INE346A01027,EQ,3296.00,3296.00,3227.60,3245.40,3269.20,731743,2387815952.20,68073
NSE,ICICIBANK,INE090A01021,EQ,1331.90,1337.30,1326.30,1334.30,1327.60,13069159,17401991209.80,209525
NSE,ICICIGI,INE765G01017,EQ,1734.40,1790.00,1732.00,1783.60,1734.10,389087,688285014.20,26618
NSE,ICICIPRULI,INE726G01019,EQ,486.95,492.50,482.75,490.35,486.15,1784016,874427386.40,23915
NSE,ICIL,INE483B01026,EQ,350.20,351.10,341.30,343.85,349.60,243955,84134254.20,8629
NSE,ICRA,INE725G01011,EQ,5159.00,5190.00,5146.00,5159.50,5154.00,4303,22206562.00,1134
NSE,IDBI,INE008A01015,EQ,77.60,78.70,76.36,77.15,76.88,8656134,669551704.36,34917
NSE,IDEA,INE669E01016,EQ,14.98,15.02,14.55,14.62,14.95,492429596,7247722159.96,833606
NSE,IDEAFORGE,INE349Y01013,BE,868.00,908.05,845.00,908.05,864.85,249709,218739559.45,7566
NSE,IDFCFIRSTB,INE092T01019,EQ,78.59,78.75,77.35,77.50,78.33,27114472,2105614971.45,51897
NSE,IEX,INE022Q01020,EQ,123.15,124.35,123.00,123.57,122.95,2417276,298765921.13,23553
NSE,IFBAGRO,INE076C01018,BE,921.00,928.00,896.50,924.00,926.70,7880,7188316.40,241
NSE,IFBIND,INE559A01017,EQ,1274.30,1285.20,1251.00,1272.30,1267.90,67830,85888435.30,10579
NSE,IFCI,INE039A01010,EQ,89.60,91.49,87.51,88.80,89.60,147033446,13144945059.24,323035
NSE,IFGLEXPOR,INE133Y01011,EQ,194.50,195.67,192.00,193.58,193.65,15629,3031949.82,625
NSE,IGARASHI,INE188B01013,EQ,388.00,388.00,377.50,380.35,378.25,53395,20334305.35,1304
NSE,IGCL,INE05J901018,EQ,63.10,66.00,62.22,64.78,62.19,170940,10979334.53,2813
NSE,IGIL,INE0Q9301021,EQ,371.70,373.60,365.30,366.60,369.25,1285741,473947659.65,52889
NSE,IGL,INE203G01027,EQ,170.00,171.45,167.92,168.76,169.62,3127367,529678797.90,35976
NSE,IGPL,INE204A01010,EQ,426.60,449.00,426.60,447.10,436.30,24342,10813186.10,1330
NSE,IIFL,INE530B01024,EQ,524.70,544.40,524.00,528.10,522.35,2379240,1274426522.80,63837
NSE,IIFLCAPS,INE489L01022,EQ,340.75,344.20,339.50,342.90,340.65,254533,87079893.50,4399
NSE,IITL,INE886A01014,EQ,145.10,145.10,130.11,133.13,141.14,171916,23595947.29,1497
NSE,IKIO,INE0LOJ01019,EQ,164.90,164.90,161.51,162.46,162.37,41542,6765318.60,1438
NSE,IKS,INE115Q01022,EQ,1680.00,1683.40,1621.00,1641.50,1675.20,116060,190447942.70,10670
NSE,IMAGICAA,INE172N01012,EQ,43.74,44.04,43.43,43.57,43.74,112077,4893519.21,688
NSE,IMFA,INE919H01018,EQ,1442.90,1455.00,1420.20,1435.70,1442.80,136966,197369718.00,12908
NSE,IMPAL,INE547E01014,EQ,1105.50,1111.80,1072.40,1085.20,1094.60,1423,1545092.40,209
NSE,INA,INE0LGX01024,EQ,120.50,120.59,116.00,118.06,118.71,733251,86263910.20,4595
NSE,INCREDIBLE,INE452L01012,EQ,36.00,36.00,34.19,34.84,34.93,2024,70652.09,32
NSE,INDBANK,INE841B01017,EQ,33.80,34.29,33.61,33.81,33.76,31065,1051994.58,310
NSE,INDGN,INE065X01017,EQ,510.95,523.85,510.95,515.60,513.60,108355,55894555.80,9967
NSE,INDHOTEL,INE053A01029,EQ,692.30,698.50,690.70,694.40,689.85,1198899,833588416.50,34723
NSE,INDIACEM,INE383A01012,EQ,394.35,396.65,389.20,393.05,394.35,88802,34850199.90,5964
NSE,INDIAGLYCO,INE560A01023,EQ,980.00,989.00,963.75,974.40,978.90,66586,64858035.50,5749
NSE,INDIAMART,INE933S01016,EQ,2060.00,2115.00,2060.00,2084.10,2048.70,220747,461360288.60,25049
NSE,INDIANB,INE562A01011,EQ,855.00,856.90,848.70,853.30,849.60,545601,465528557.45,16011
NSE,INDIANCARD,INE061A01014,EQ,224.00,229.00,215.32,216.54,224.00,2156,470538.75,96
NSE,INDIANHUME,INE323C01030,EQ,321.50,321.50,311.10,312.50,317.80,79040,24950353.25,2345
NSE,INDIASHLTR,INE922K01024,EQ,779.90,797.15,772.90,786.95,779.85,102154,80028032.00,7912
NSE,INDIGO,INE646L01027,EQ,4905.00,4920.00,4814.40,4840.00,4880.40,849705,4116264452.60,72669
NSE,INDIGOPNTS,INE09VQ01012,EQ,1005.30,1035.00,1003.35,1028.80,1005.30,68816,70399624.55,6542
NSE,INDIQUBE,INE06ST01018,EQ,160.85,171.48,159.36,162.46,158.88,895020,144912934.37,3082
NSE,INDNIPPON,INE092B01025,EQ,917.00,944.00,908.05,926.60,913.60,87140,80816845.15,5965
NSE,INDOAMIN,INE760F01028,EQ,132.25,133.00,130.50,131.60,131.32,68877,9071580.03,1587
NSE,INDOBORAX,INE803D01021,EQ,373.00,385.90,358.00,367.30,372.95,62666,23238155.20,2548
NSE,INDOCO,INE873D01024,EQ,239.85,243.00,229.80,232.97,239.57,256852,60083914.44,5589
NSE,INDOFARM,INE622H01018,EQ,134.23,134.85,131.35,132.10,133.24,74257,9849813.51,1948
NSE,INDORAMA,INE156A01020,EQ,45.91,46.77,45.30,45.95,45.91,138046,6348286.23,1170
NSE,INDOSTAR,INE896L01010,EQ,243.28,251.38,243.28,247.46,244.22,86424,21488730.30,2301
NSE,INDOTECH,INE332H01014,BE,2689.00,2689.00,2600.00,2634.90,2676.50,5478,14404448.60,530
NSE,INDOTHAI,INE337M01021,EQ,245.00,247.90,233.00,236.70,241.90,892642,213684774.44,11365
NSE,INDOUS,INE250Z01010,EQ,88.00,92.66,88.00,89.19,90.03,7174,644749.38,251
NSE,INDOWIND,INE227G01018,BE,9.31,9.49,9.11,9.42,9.36,188281,1758875.23,436
NSE,INDPRUD,INE620D01011,EQ,6748.00,6748.00,6260.00,6345.50,6271.00,102,659501.00,40
NSE,INDRAMEDCO,INE681B01017,EQ,387.30,389.45,381.50,382.20,385.95,128885,49549405.10,4210
NSE,INDSWFTLAB,INE915B01019,EQ,163.75,168.00,158.01,162.64,161.84,994821,162269976.78,10387
NSE,INDTERRAIN,INE611L01021,EQ,33.89,34.50,32.65,33.11,32.98,41465,1383646.37,469
NSE,INDUSINDBK,INE095A01012,EQ,933.00,936.05,922.00,926.00,933.20,1602315,1486455433.30,60501
NSE,INDUSTOWER,INE121J01017,EQ,414.00,415.95,409.70,411.75,413.25,6134631,2531095907.35,52010
NSE,INFOBEAN,INE344S01016,EQ,172.00,174.34,169.31,170.85,172.04,204598,35039623.55,3301
NSE,INFOMEDIA,INE669A01022,EQ,5.85,5.95,5.61,5.79,5.79,3931,22796.31,85
NSE,INFY,INE009A01021,EQ,1136.90,1153.80,1123.20,1143.60,1134.90,10456090,11928804188.90,162431
NSE,INGERRAND,INE177A01018,EQ,4340.00,4480.30,4315.70,4436.20,4326.10,28879,128163471.70,6926
NSE,INNOVACAP,INE0DUT01020,EQ,957.45,972.45,945.05,964.20,947.95,109749,105584157.45,10048
NSE,INNOVANA,INE403Y01018,EQ,313.65,336.65,309.05,329.75,313.60,5399,1735126.95,391
NSE,INNOVISION,INE0ADB01012,EQ,292.90,294.40,288.00,290.05,292.50,21948,6386466.80,1447
NSE,INOXGREEN,INE510W01014,EQ,196.40,199.40,187.96,198.09,195.23,2241248,437151601.67,27297
NSE,INOXINDIA,INE616N01034,EQ,1808.60,1890.00,1792.00,1839.60,1786.40,566883,1052809519.00,46626
NSE,INOXWIND,INE066P01011,EQ,90.95,93.30,90.01,90.79,89.87,28597761,2616998971.11,65617
NSE,INSECTICID,INE070I01018,EQ,710.50,715.95,706.45,714.10,709.80,8868,6315305.85,1008
NSE,INSPIRISYS,INE020G01017,BE,115.00,115.00,108.50,112.92,112.62,5858,654389.53,69
NSE,INTELLECT,INE306R01017,EQ,760.90,779.00,755.10,759.60,758.55,559248,427575450.90,23781
NSE,INTENTECH,INE781A01025,EQ,104.95,108.85,102.10,103.25,104.98,107046,11242191.49,1389
NSE,INTERARCH,INE00M901018,EQ,1849.90,1880.00,1839.90,1870.80,1833.70,37267,69370095.30,3179
NSE,INTLCONV,INE575C01027,EQ,80.90,84.00,80.90,82.08,80.53,80969,6643124.23,2330
NSE,INVENTURE,INE878H01024,EQ,0.98,1.00,0.97,0.97,0.98,616590,606078.13,348
NSE,INVPRECQ,INE155E01016,EQ,616.00,644.00,616.00,636.85,613.35,3925,2504473.15,316
NSE,IOB,INE565A01014,EQ,34.00,34.13,33.82,34.03,33.84,2049949,69661939.99,8810
NSE,IOC,INE242A01010,EQ,144.95,145.45,143.73,145.11,144.49,10255674,1484530329.32,72716
NSE,IOLCP,INE485C01029,EQ,133.53,134.76,123.20,126.06,133.52,4067842,515432286.52,25787
NSE,IONEXCHANG,INE570A01022,EQ,359.55,372.60,354.90,365.25,357.90,637220,233730559.85,28923
NSE,IPCALAB,INE571A01038,EQ,1575.60,1583.90,1545.00,1550.20,1575.70,83984,130748759.20,9202
NSE,IPL,INE0D6701023,EQ,162.00,165.70,161.30,162.11,162.58,148928,24285445.35,3060
NSE,IRB,INE821I01022,EQ,21.30,21.40,21.09,21.30,21.12,8649451,184084537.40,18017
NSE,IRCON,INE962Y01021,EQ,138.06,140.45,137.45,138.92,137.74,1720548,239178860.60,21340
NSE,IRCTC,INE335Y01020,EQ,520.00,524.40,518.60,522.90,517.95,680392,354827972.15,30019
NSE,IREDA,INE202E01016,EQ,125.43,126.78,124.55,126.15,124.82,4569823,575774880.21,22712
NSE,IRFC,INE053F01010,EQ,97.75,98.25,97.05,97.63,97.08,6900639,674448758.42,36549
NSE,IRIS,INE864K01010,EQ,236.70,236.70,228.50,229.65,233.85,21429,4943696.65,616
NSE,IRISDOREME,INE01GN01025,EQ,38.02,38.02,37.60,37.97,38.02,272807,10335376.25,889
NSE,IRMENERGY,INE07U701015,EQ,292.00,299.00,260.35,271.50,280.90,1470215,417955154.95,24616
NSE,ISFT,INE566K01011,EQ,85.75,85.94,84.76,85.73,84.68,10866,929885.96,95
NSE,ISGEC,INE858B01029,EQ,928.00,928.00,912.00,922.15,925.30,25815,23750883.00,3081
NSE,ISHANCH,INE561M01018,EQ,60.40,60.78,59.00,59.74,60.49,7346,439992.65,51
NSE,ITC,INE154A01025,EQ,288.15,292.15,287.50,291.65,287.90,14467499,4205946480.90,342311
NSE,ITCHOTELS,INE379A01028,EQ,159.00,160.09,157.00,157.71,159.02,2944215,466297041.08,48619
NSE,ITDC,INE353K01014,EQ,602.00,627.40,600.00,618.40,598.05,568950,350659501.85,31732
NSE,ITI,INE248A01017,EQ,303.85,309.45,301.75,303.15,301.75,546786,166518533.75,12018
NSE,IVALUE,INE056801025,EQ,249.90,266.77,248.51,261.72,246.99,560517,145216589.52,9427
NSE,IVC,INE050B01023,EQ,8.59,8.59,8.42,8.50,8.52,102774,871494.01,562
NSE,IVP,INE043C01018,EQ,162.74,162.74,158.00,158.42,160.10,6479,1036748.11,151
NSE,IWP,INE586E01020,EQ,34.27,34.70,33.62,33.72,33.60,2533,86950.23,80
NSE,IXIGO,INE0HV901016,EQ,182.81,188.95,181.00,187.94,182.83,1745249,324900968.68,23904
NSE,IZMO,INE848A01014,EQ,1043.95,1082.95,1034.65,1082.95,1031.40,209441,225037490.35,7644
NSE,J&KBANK,INE168A01041,EQ,161.00,163.00,157.68,161.99,159.91,3578791,577877838.04,45832
NSE,JAGRAN,INE199G01027,EQ,63.80,64.77,63.80,64.44,63.80,281124,18043513.46,2494
NSE,JAGSNPHARM,INE048B01035,EQ,212.66,213.70,208.00,209.26,213.10,55853,11745197.01,1363
NSE,JAIBALAJI,INE091G01026,BE,68.75,70.00,67.10,67.81,68.42,197687,13407006.02,1084
NSE,JAICORPLTD,INE070D01027,EQ,113.60,121.60,113.50,119.19,113.08,2888956,342799088.63,24825
NSE,JAINREC,INE0YD401026,EQ,351.00,376.80,345.55,372.00,350.90,4575559,1655396837.10,63782
NSE,JAIPURKURT,INE696V01013,EQ,28.20,29.48,27.80,28.33,28.49,22041,626485.93,105
NSE,JAMNAAUTO,INE039C01032,EQ,125.00,129.30,125.00,128.50,124.96,3788686,486503034.16,23397
NSE,JARO,INE00YJ01010,EQ,564.55,567.95,545.00,548.45,558.30,44790,24650280.90,2157
NSE,JASH,INE039O01029,EQ,507.45,508.30,495.05,503.40,503.25,174696,87575347.35,9027
NSE,JAYAGROGN,INE785A01026,EQ,220.80,226.00,220.52,224.71,218.92,9191,2058717.96,245
NSE,JAYBARMARU,INE571B01036,EQ,164.69,169.13,158.08,167.68,159.12,5101072,837236256.23,44691
NSE,JAYKAY,INE903A01025,EQ,170.84,174.49,168.12,172.37,167.65,130586,22456354.46,2710
NSE,JAYNECOIND,INE854B01010,EQ,93.50,93.80,87.79,89.95,93.90,6473863,585490815.86,36827
NSE,JAYSREETEA,INE364A01020,EQ,89.90,89.90,87.75,88.01,88.13,16622,1473345.77,356
NSE,JBCHEPHARM,INE572A01036,EQ,2226.40,2231.30,2185.60,2192.80,2217.80,145802,320476426.30,10805
NSE,JBMA,INE927D01051,EQ,683.50,687.85,677.05,684.70,683.30,366742,250345660.40,13755
NSE,JETFREIGHT,INE982V01025,EQ,21.58,22.02,21.51,21.63,21.58,82120,1783133.99,298
NSE,JGCHEM,INE0MB501011,EQ,435.00,448.45,428.50,430.85,429.95,83865,36490442.95,2981
NSE,JHS,INE544H01014,EQ,8.36,8.49,7.98,8.00,8.28,66574,541417.88,268
NSE,JINDALPHOT,INE796G01012,EQ,1097.50,1117.50,1097.10,1110.30,1103.00,3662,4052278.90,348
NSE,JINDALPOLY,INE197D01010,EQ,749.70,749.70,708.15,719.65,739.40,39069,28411903.80,2210
NSE,JINDALSAW,INE324A01032,EQ,247.25,255.95,242.50,247.91,246.31,2822994,704740001.65,34143
NSE,JINDALSTEL,INE749A01030,EQ,1149.50,1152.90,1120.60,1139.80,1149.50,810919,920245462.50,28933
NSE,JINDRILL,INE742C01031,EQ,602.05,605.90,586.00,587.50,602.05,245637,145549878.90,7040
NSE,JINDWORLD,INE247D01039,EQ,30.60,30.90,30.02,30.27,30.14,970292,29486608.08,3562
NSE,JIOFIN,INE758E01017,EQ,240.05,243.32,239.86,241.95,239.52,15505756,3750892096.14,78018
NSE,JISLJALEQS,INE175A01038,EQ,31.78,32.76,30.91,32.33,31.60,4588391,146043205.96,11522
NSE,JITFINFRA,INE863T01013,EQ,301.45,305.95,299.25,300.25,300.05,16119,4862064.40,766
NSE,JKCEMENT,INE823G01014,EQ,5150.00,5346.00,5133.00,5314.00,5176.50,106194,559957813.50,23391
NSE,JKIL,INE576I01022,EQ,485.35,495.00,484.00,489.30,484.85,95270,46628174.60,4795
NSE,JKIPL,INE1FF001016,BE,107.68,113.06,106.00,113.05,107.68,161343,17884563.38,791
NSE,JKLAKSHMI,INE786A01032,EQ,599.70,601.95,595.50,600.50,596.65,139521,83649512.75,11378
NSE,JKPAPER,INE789E01012,EQ,356.55,360.35,351.15,357.05,356.55,195309,69584393.10,8541
NSE,JKTYRE,INE573A01042,EQ,394.00,396.50,385.75,387.15,391.50,794511,310158941.05,15733
NSE,JLHL,INE682M01012,EQ,1325.00,1348.80,1325.00,1342.90,1326.00,10017,13412456.70,807
NSE,JMA,INE412C01023,EQ,94.93,95.63,92.20,92.97,94.66,5828,547012.56,170
NSE,JMFINANCIL,INE780C01023,EQ,124.00,125.99,123.12,124.89,123.58,2851044,354261263.00,31997
NSE,JNKINDIA,INE0OAF01028,EQ,500.00,505.90,487.85,492.35,495.90,478564,237962292.40,9852
NSE,JOCIL,INE839G01010,BE,147.80,155.00,147.55,153.92,153.04,3381,519443.84,36
NSE,JPOLYINVST,INE147P01019,EQ,1081.10,1115.00,1081.10,1092.00,1084.60,3287,3603984.10,617
NSE,JPPOWER,INE351F01018,EQ,18.22,18.26,17.80,17.97,18.47,87601637,1575226421.97,72122
NSE,JSFB,INE953L01027,EQ,476.10,481.65,466.05,467.20,476.80,533005,250892134.45,12393
NSE,JSL,INE220G01021,EQ,707.00,716.45,698.95,709.85,701.15,547760,388517113.10,33409
NSE,JSLL,INE0J5801029,EQ,615.00,615.00,591.00,594.00,609.00,581026,347989407.85,15970
NSE,JSWCEMENT,INE718I01012,EQ,130.00,130.50,128.30,129.33,130.55,1335186,172600674.70,13588
NSE,JSWDULUX,INE133A01011,EQ,3242.60,3298.70,3190.10,3201.70,3242.60,11565,37382614.70,3619
NSE,JSWENERGY,INE121E01018,EQ,568.00,568.00,558.60,562.05,566.25,1480775,832786356.85,27416
NSE,JSWHL,INE824G01012,EQ,12422.00,13203.00,12205.00,12820.00,12422.00,9612,122735989.00,3749
NSE,JSWINFRA,INE880J01026,EQ,296.00,296.65,292.15,293.80,294.45,1810593,533170328.55,23851
NSE,JSWSTEEL,INE019A01038,EQ,1300.00,1302.50,1269.00,1274.30,1296.50,1110628,1418592052.40,65725
NSE,JTEKTINDIA,INE643A01035,EQ,133.50,138.65,131.51,133.42,131.83,402683,54247146.67,4810
NSE,JTLIND,INE391J01032,EQ,76.94,78.25,74.00,76.99,76.49,3422322,263572087.45,20439
NSE,JUBLCPL,INE03CC01015,EQ,1870.00,1895.00,1857.30,1878.80,1869.20,5565,10480548.20,584
NSE,JUBLFOOD,INE797F01020,EQ,424.95,427.50,422.00,423.35,422.65,1585322,671673823.80,34631
NSE,JUBLINGREA,INE0BY001018,EQ,643.95,655.00,630.10,650.00,638.20,377352,243750439.15,20300
NSE,JUBLPHARMA,INE700A01033,EQ,1000.00,1000.00,975.00,980.00,991.35,65912,64960029.55,8604
NSE,JUNIPER,INE696F01016,EQ,200.10,202.49,196.25,197.30,200.39,171740,33962164.39,8089
NSE,JUSTDIAL,INE599M01018,EQ,548.00,554.40,540.00,543.80,540.00,123741,67482676.00,4740
NSE,JWL,INE209L01016,EQ,278.50,278.65,274.55,276.80,275.50,1054979,291951510.60,20537
NSE,JYOTHYLAB,INE668F01031,EQ,206.05,210.21,203.68,204.99,205.48,1177466,242008944.73,20146
NSE,JYOTICNC,INE980O01024,EQ,696.50,703.90,682.55,700.95,688.95,1142406,792046122.80,37358
NSE,JYOTISTRUC,INE197A01024,EQ,12.22,12.44,12.02,12.25,12.23,5865644,71786030.96,5688
NSE,KABRAEXTRU,INE900B01029,EQ,239.00,240.31,233.99,239.74,240.31,9057,2155458.58,503
NSE,KAJARIACER,INE217B01036,EQ,1113.10,1142.80,1106.10,1139.10,1106.20,337437,381870902.40,19840
NSE,KAKATCEM,INE437B01014,BE,127.99,127.99,122.34,123.02,124.90,1614,201012.83,30
NSE,KALAMANDIR,INE438K01021,EQ,106.50,107.84,104.52,105.52,105.58,595077,63127899.92,5095
NSE,KALPATARU,INE227J01012,EQ,320.80,342.00,318.10,338.65,320.65,712186,239241763.05,10883
NSE,KALYANIFRG,INE314G01014,EQ,608.30,609.40,593.55,597.95,605.30,1864,1118994.45,149
NSE,KALYANKJIL,INE303R01014,EQ,385.00,385.60,374.50,378.55,383.00,9372108,3553307589.45,92194
NSE,KAMAHOLD,INE411F01010,EQ,2622.40,2676.00,2620.10,2672.60,2621.80,1620,4300307.70,252
NSE,KAMATHOTEL,INE967C01018,EQ,170.55,173.54,167.21,168.86,170.55,25860,4373763.87,980
NSE,KAMDHENU,INE390H01020,EQ,31.10,31.70,30.84,31.20,30.64,3035150,94679846.03,9239
NSE,KAMOPAINTS,INE0BTI01037,EQ,5.39,5.39,5.22,5.32,5.30,109738,580803.97,452
NSE,KANANIIND,INE879E01037,EQ,1.59,1.65,1.53,1.61,1.56,258435,409142.20,293
NSE,KANCHI,INE081G01019,BE,365.00,376.15,365.00,376.15,358.25,2134,801235.05,52
NSE,KANORICHEM,INE138C01024,BE,101.69,106.50,97.50,104.30,101.69,31562,3251089.57,230
NSE,KANPRPLA,INE694E01014,EQ,186.85,195.50,183.95,192.16,184.31,16836,3170228.77,1108
NSE,KANSAINER,INE531A01024,EQ,217.70,219.90,215.30,215.68,216.45,364025,79042882.92,14536
NSE,KAPSTON,INE542Z01028,EQ,352.50,352.50,338.50,343.60,344.50,17177,5922441.15,478
NSE,KARMAENG,INE725L01011,EQ,42.85,43.90,41.21,42.92,42.85,4334,184797.25,95
NSE,KARURVYSYA,INE036D01028,EQ,292.00,298.00,288.85,294.55,289.30,2930882,863699317.65,44169
NSE,KAUSHALYA,INE234I01028,EQ,857.00,869.00,835.00,862.20,857.15,125,106597.45,29
NSE,KAVDEFENCE,INE641C01019,EQ,62.75,65.25,61.95,62.34,62.13,96679,6111963.57,1260
NSE,KAYA,INE587G01015,EQ,258.01,263.00,255.00,257.70,257.33,20713,5358561.34,335
NSE,KAYNES,INE918Z01012,EQ,3124.20,3230.00,3107.00,3177.60,3082.10,1322073,4207891645.40,82590
NSE,KCP,INE805C01028,EQ,167.13,169.00,162.90,165.65,167.13,163017,26947205.14,3267
NSE,KCPSUGIND,INE790B01024,EQ,23.12,23.19,22.45,22.63,23.04,267791,6092620.99,1263
NSE,KDDL,INE291D01011,EQ,2861.20,2888.90,2810.30,2825.50,2861.20,14535,41298772.50,2892
NSE,KEC,INE389H01022,EQ,515.00,532.30,513.05,527.75,512.75,1942110,1023058064.35,48498
NSE,KECL,INE134B01017,BE,104.04,104.04,104.04,104.04,102.00,5929,616853.16,52
NSE,KEEPLEARN,INE055C01020,EQ,1.98,2.03,1.94,2.03,1.98,17312,34605.66,64
NSE,KEI,INE878B01027,EQ,5469.50,5499.00,5345.00,5386.50,5460.50,163833,883147088.50,19033
NSE,KELLTONTEC,INE164B01030,EQ,15.49,15.88,15.37,15.72,15.42,2937246,45756962.15,4047
NSE,KENNAMET,INE717A01029,EQ,3001.10,3110.00,2911.30,3032.80,2982.10,18093,54830676.50,3448
NSE,KERNEX,INE202H01019,EQ,2043.40,2074.10,2015.00,2055.00,2037.20,178781,364359452.00,9552
NSE,KESORAMIND,INE087A01019,BE,12.09,12.09,12.09,12.09,11.52,268990,3252089.10,189
NSE,KEYFINSERV,INE681C01015,EQ,250.00,264.80,250.00,256.75,254.95,2348,600632.55,106
NSE,KFINTECH,INE138Y01010,EQ,856.85,864.10,845.50,861.75,847.55,684840,585771731.20,23276
NSE,KHADIM,INE834I01025,EQ,106.57,109.00,105.25,107.81,107.74,49029,5246337.13,903
NSE,KHAICHEM,INE745B01028,BE,56.05,57.80,55.80,57.43,57.19,158609,9036060.30,355
NSE,KHAITANLTD,INE731C01018,BE,125.97,128.00,121.40,126.07,127.06,3403,427392.83,50
NSE,KHANDSE,INE060B01014,EQ,18.47,18.47,17.75,18.01,17.93,633,11408.13,18
NSE,KICL,INE029L01018,EQ,5198.00,5360.00,5120.00,5159.50,5198.00,1896,9885225.50,466
NSE,KILITCH,INE729D01010,EQ,184.80,188.75,182.49,185.52,184.09,44924,8359554.33,1221
NSE,KIMS,INE967H01025,EQ,770.40,789.00,763.60,778.65,769.85,551283,426919581.65,26669
NSE,KINGFA,INE473D01015,EQ,5012.50,5124.00,5012.50,5087.50,5012.50,3997,20276066.00,1551
NSE,KIOCL,INE880L01014,EQ,402.55,417.85,402.55,410.45,402.55,388117,159462936.35,13411
NSE,KIRANVYPAR,INE555P01013,EQ,185.17,189.90,184.11,185.66,192.09,663,123267.27,82
NSE,KIRIINDUS,INE415I01015,EQ,396.10,398.05,387.00,391.85,393.75,202780,79491680.70,4983
NSE,KIRLFER,INE884B01025,EQ,445.00,445.00,429.15,435.15,434.45,58870,25640875.95,3813
NSE,KIRLOSBROS,INE732A01036,EQ,1755.40,1845.00,1755.40,1816.70,1753.00,244500,443623480.00,27290
NSE,KIRLOSENG,INE146L01010,EQ,1953.10,1964.80,1910.00,1918.50,1933.80,187561,362716257.40,26983
NSE,KIRLOSIND,INE250A01039,EQ,3195.90,3263.90,3156.10,3244.60,3198.60,5977,19244248.40,1389
NSE,KIRLPNU,INE811A01020,EQ,1643.20,1656.00,1625.10,1646.20,1629.20,94251,154530892.40,16234
NSE,KISSHT,INE12F801023,EQ,271.00,277.80,267.30,268.95,270.85,1281109,348774024.85,12833
NSE,KITEX,INE602G01020,EQ,154.05,155.90,151.80,155.22,153.73,1389762,214848581.52,8825
NSE,KKCL,INE401H01017,EQ,466.00,485.00,465.00,482.60,461.30,95297,45528528.15,4374
NSE,KLBRENG-B,INE338F01015,EQ,466.85,489.70,463.10,485.65,471.55,172556,82824741.20,6742
NSE,KMEW,INE0CJD01029,EQ,1980.00,2003.40,1952.30,1988.50,1972.80,45613,90265449.50,4481
NSE,KMSUGAR,INE157H01023,EQ,27.60,27.69,25.62,26.78,27.31,104300,2793932.48,781
NSE,KNAGRI,INE0KNW01016,EQ,209.00,211.00,204.01,209.61,206.77,12561,2613698.93,411
NSE,KNRCON,INE634I01029,EQ,127.51,129.75,126.87,129.09,127.33,1026735,132170320.98,11786
NSE,KOHINOOR,INE080B01012,EQ,26.00,26.45,25.47,25.82,25.56,177999,4622181.44,2833
NSE,KOKUYOCMLN,INE760A01029,EQ,87.99,88.30,85.74,86.22,87.29,18144,1571196.42,622
NSE,KOLTEPATIL,INE094I01018,EQ,362.40,375.00,361.30,371.55,360.85,44149,16242746.80,2504
NSE,KOPRAN,INE082A01010,BE,184.29,186.80,179.00,182.06,183.38,50554,9238483.94,541
NSE,KOTAKBANK,INE237A01036,EQ,405.75,408.55,404.50,407.85,405.75,9079548,3697940979.40,131020
NSE,KOTARISUG,INE419A01022,EQ,25.40,27.24,25.40,26.95,25.72,103288,2746039.60,588
NSE,KOTHARIPET,INE720A01015,EQ,121.71,124.90,121.71,123.18,121.62,48570,5983506.37,1297
NSE,KOTHARIPRO,INE823A01017,EQ,70.18,70.35,68.16,69.23,70.18,9779,675259.43,137
NSE,KOTIC,INE972A01020,EQ,167.01,171.99,166.01,170.03,169.35,10326,1751661.47,215
NSE,KOTYARK,INE0J0B01017,EQ,401.35,416.00,401.35,404.25,408.70,10775,4358746.15,638
NSE,KOVAI,INE177F01017,EQ,5823.50,5845.00,5762.00,5794.50,5774.50,1926,11176125.00,557
NSE,KPEL,INE127T01021,EQ,356.70,357.45,345.45,350.25,351.80,200292,70384692.95,5357
NSE,KPIGREEN,INE542W01025,EQ,408.00,411.15,404.05,408.00,405.30,457529,186489111.25,10520
NSE,KPIL,INE220B01022,EQ,1309.90,1390.00,1309.90,1365.70,1303.90,2428065,3310523336.50,87057
NSE,KPITTECH,INE04I401011,EQ,765.00,767.35,751.20,756.55,757.00,1065809,807970516.35,32671
NSE,KPL,INE552U01010,EQ,2401.00,2441.70,2350.00,2413.60,2408.00,25778,61745275.70,3259
NSE,KPRMILL,INE930H01031,EQ,1055.30,1070.00,1045.00,1054.60,1055.45,130891,138190936.65,15179
NSE,KRBL,INE001B01026,EQ,375.50,385.10,374.15,379.75,374.55,647739,246964076.00,16397
NSE,KREBSBIO,INE268B01013,EQ,67.60,67.97,63.26,66.63,66.40,10404,682224.25,117
NSE,KRIDHANINF,INE524L01026,BE,2.95,3.08,2.86,2.90,2.94,48447,144306.79,59
NSE,KRISHANA,INE506W01012,EQ,676.80,690.00,672.50,680.60,676.55,140232,95486796.20,4374
NSE,KRISHIVAL,INE0GGO01015,EQ,407.00,407.00,405.20,405.55,405.20,2162,877719.20,75
NSE,KRISHNADEF,INE0J5601015,EQ,1222.40,1245.00,1200.00,1227.60,1216.70,74637,91008850.80,6939
NSE,KRITI,INE479D01038,BE,74.00,75.00,72.75,74.25,74.00,6408,472791.66,73
NSE,KRITIKA,INE00Z501029,EQ,6.10,6.10,6.00,6.01,6.10,89699,542432.03,483
NSE,KRITINUT,INE798K01010,BE,84.21,84.21,81.30,82.99,82.48,10166,840317.16,100
NSE,KRN,INE0Q3J01015,BE,1270.00,1270.00,1210.70,1218.30,1256.00,119813,146427007.10,5886
NSE,KRONOX,INE0ATZ01017,EQ,142.21,154.99,142.21,154.25,142.12,496194,74792939.99,6784
NSE,KROSS,INE0O6601022,EQ,185.80,187.47,182.95,185.34,184.39,237656,43967483.48,3738
NSE,KRSNAA,INE08LI01020,EQ,539.50,556.10,534.00,535.35,538.75,104282,56310821.00,6443
NSE,KRYSTAL,INE0QN801017,EQ,575.20,579.50,575.00,576.10,575.15,15791,9090576.80,429
NSE,KSB,INE999A01023,EQ,855.00,868.10,855.00,865.45,855.30,130451,112598033.25,11364
NSE,KSCL,INE455I01029,EQ,876.55,885.00,859.00,863.05,880.35,96595,83971169.45,5143
NSE,KSHINTL,INE987S01020,EQ,873.05,908.90,850.30,860.65,863.55,804220,712474280.30,46000
NSE,KSHITIJPOL,INE013801027,BE,6.18,6.18,6.18,6.18,6.50,165209,1020991.62,700
NSE,KSL,INE907A01026,EQ,819.00,819.00,801.50,811.80,811.25,12904,10427007.70,1601
NSE,KSOLVES,INE0D6I01023,EQ,301.00,310.90,300.80,301.95,295.65,118355,36078054.30,5289
NSE,KSR,INE1SPP01016,EQ,31.00,31.20,30.01,30.50,30.44,11716,358987.06,70
NSE,KTKBANK,INE614B01018,EQ,272.35,279.80,271.90,279.05,272.70,2273177,630130417.80,27729
NSE,KUANTUM,INE529I01021,EQ,75.64,76.79,74.80,75.27,75.64,67037,5080104.61,872
NSE,KWIL,INE2KCE01013,EQ,37.43,37.91,36.82,37.32,37.25,11120055,415977711.86,26789
NSE,LAGNAM,INE548Z01017,EQ,81.15,82.39,77.15,80.84,81.15,7559,603400.57,89
NSE,LAHOTIOV,INE515C01023,EQ,44.85,44.94,44.01,44.14,44.89,604,26784.87,19
NSE,LAL,INE740X01023,EQ,7.30,7.40,7.05,7.20,7.17,62597,451335.25,127
NSE,LALPATHLAB,INE600L01024,EQ,1620.00,1803.00,1620.00,1642.00,1616.00,8683111,14978618521.30,325539
NSE,LAMBODHARA,INE112F01022,EQ,105.00,107.80,105.00,106.25,105.73,4538,481110.43,130
NSE,LANCORHOL,INE572G01025,EQ,26.45,26.76,25.25,25.62,25.93,72609,1889811.88,341
NSE,LANDMARK,INE559R01029,EQ,429.30,430.95,422.50,424.70,425.05,65225,27744562.80,1748
NSE,LANDSMILL,INE688J01023,EQ,0.89,0.95,0.86,0.87,0.88,6866465,6104958.77,1150
NSE,LAOPALA,INE059D01020,EQ,180.19,182.38,178.36,180.89,179.12,76627,13827668.60,4168
NSE,LASA,INE670X01014,EQ,7.14,7.50,7.10,7.44,7.14,47499,347831.56,200
NSE,LATENTVIEW,INE0I7C01011,EQ,304.80,305.65,302.65,304.85,302.75,274114,83437151.35,7246
NSE,LATTEYS,INE262Z01023,BE,22.95,22.95,22.00,22.40,22.10,22634,506266.88,124
NSE,LAURUSLABS,INE947Q01028,EQ,1399.70,1406.00,1342.90,1376.40,1389.10,3447151,4730021400.80,91754
NSE,LAXMICOT,INE801V01019,EQ,14.90,15.49,14.69,14.81,14.20,51761,787115.07,248
NSE,LAXMIDENTL,INE0WO601020,EQ,227.64,231.84,219.67,228.11,226.79,231236,51779551.97,5665
NSE,LAXMIINDIA,INE06WU01026,BE,113.50,114.90,111.60,113.52,109.88,39856,4511881.97,362
NSE,LCCINFOTEC,INE938A01021,EQ,4.50,4.50,4.24,4.35,4.37,21841,95322.04,129
NSE,LEMERITE,INE0G1L01025,EQ,27.37,28.73,27.37,28.51,27.37,1311736,37328796.00,2279
NSE,LEMONTREE,INE970X01018,EQ,111.20,111.24,109.21,109.99,110.63,3291320,361684415.41,30901
NSE,LENSKART,INE956O01016,EQ,505.90,510.90,501.25,503.05,499.35,6476302,3272515308.50,70194
NSE,LEXUS,INE500X01013,EQ,15.99,16.25,14.93,15.86,14.90,32237,504821.27,242
NSE,LFIC,INE850E01012,EQ,148.60,154.80,146.06,147.42,148.50,1213,180166.78,56
NSE,LGBBROSLTD,INE337A01034,EQ,1548.70,1571.30,1539.30,1550.10,1546.50,21648,33543852.30,2929
NSE,LGEINDIA,INE324D01010,EQ,1540.00,1579.40,1535.00,1569.60,1529.20,944742,1467369059.00,66252
NSE,LGHL,INE258Y01016,EQ,233.00,233.10,226.05,231.14,229.77,22500,5185437.75,542
NSE,LIBAS,INE908V01012,EQ,12.20,12.35,11.88,11.91,12.18,12417,149220.82,97
NSE,LIBERTSHOE,INE557B01019,EQ,241.67,244.38,233.61,237.47,241.67,39014,9286794.64,1034
NSE,LICHSGFIN,INE115A01026,EQ,552.75,560.95,550.50,552.80,553.85,584674,324174427.25,22344
NSE,LICI,INE0J1Y01017,EQ,408.40,413.20,406.70,411.00,405.70,3630392,1488918307.45,34168
NSE,LIKHITHA,INE060901027,BE,237.00,241.00,225.20,239.99,232.09,54083,12830028.91,555
NSE,LINC,INE802B01027,EQ,100.46,103.00,99.50,102.25,100.46,41058,4171334.09,602
NSE,LINCOLN,INE405C01035,EQ,659.45,659.45,641.05,646.00,652.95,30933,19991223.75,2056
NSE,LINDEINDIA,INE473A01011,EQ,6950.00,7020.00,6925.50,6991.50,6940.00,10442,72839081.00,3227
NSE,LLOYDSENGG,INE093R01011,EQ,72.24,81.00,71.80,79.94,71.35,100068323,7930860837.08,252514
NSE,LLOYDSENT,INE080I01025,EQ,69.95,73.59,67.97,70.94,69.40,8015573,569901277.94,37276
NSE,LLOYDSME,INE281B01032,EQ,1761.00,1775.10,1731.70,1765.00,1767.90,363359,638085318.70,22071
NSE,LMW,INE269B01029,EQ,15990.00,16001.00,15650.00,15797.00,15827.00,4230,66590842.00,958
NSE,LODHA,INE670K01029,EQ,925.95,939.90,916.45,937.95,920.85,827292,770253691.85,20418
NSE,LOKESHMACH,INE397H01017,BE,268.80,279.80,268.80,275.45,268.90,28008,7766487.95,275
NSE,LORDSCHLO,INE846D01012,EQ,138.05,142.02,131.91,134.25,137.62,11832,1613260.65,710
NSE,LOTUSDEV,INE0V9Q01010,EQ,144.01,144.37,141.48,142.90,142.96,409226,58524067.57,3598
NSE,LOTUSEYE,INE947I01017,EQ,140.39,140.90,137.05,139.88,139.98,37979,5266252.15,764
NSE,LOVABLE,INE597L01014,EQ,70.40,76.00,70.08,72.59,71.07,48850,3600427.95,519
NSE,LOYALTEX,INE970D01010,BE,200.00,200.00,200.00,200.00,204.00,451,90200.00,4
NSE,LPDC,INE197J01017,EQ,7.18,7.18,6.72,6.81,7.01,15943,108747.58,106
NSE,LT,INE018A01030,EQ,4205.00,4235.40,4177.10,4186.40,4169.80,2647549,11120909780.40,131798
NSE,LTF,INE498L01015,EQ,294.90,296.65,292.80,294.25,293.25,3771951,1110179338.55,28048
NSE,LTFOODS,INE818H01020,EQ,382.60,393.60,378.00,381.50,381.30,1564216,600073281.65,48042
NSE,LTM,INE214T01019,EQ,3920.00,4014.00,3918.10,4006.70,3897.90,513655,2033315347.00,42359
NSE,LTTS,INE010V01017,EQ,3418.90,3500.00,3392.10,3462.90,3395.30,86988,299502077.70,10170
NSE,LUMAXIND,INE162B01018,EQ,5380.00,5418.50,5260.50,5322.00,5361.00,8790,46837941.50,3099
NSE,LUMAXTECH,INE872H01027,EQ,1680.20,1689.90,1604.10,1615.10,1679.90,183968,299638660.40,18001
NSE,LUPIN,INE326A01037,EQ,2284.40,2286.70,2255.10,2277.80,2273.10,388578,882373195.20,23807
NSE,LUXIND,INE150G01020,EQ,1310.00,1316.00,1280.00,1294.90,1294.40,22858,29567518.70,2388
NSE,LXCHEM,INE576O01020,EQ,154.90,156.87,152.00,153.95,154.90,395225,60825318.72,6256
NSE,LYKALABS,INE933A01014,EQ,71.50,74.80,68.00,69.32,71.82,135664,9684948.93,1352
NSE,LYPSAGEMS,INE142K01011,EQ,4.95,4.99,4.87,4.94,4.95,14416,71173.00,243
NSE,M&M,INE101A01026,EQ,3163.00,3163.00,3108.00,3137.90,3134.30,3551761,11136155399.20,154518
NSE,M&MFIN,INE774D01024,EQ,299.40,301.90,294.00,297.85,297.85,2322850,690361913.60,42677
NSE,MAANALU,INE215I01027,EQ,128.88,129.00,125.11,126.82,127.56,40296,5099004.30,884
NSE,MACPOWER,INE155Z01011,EQ,1018.20,1022.40,991.20,1000.95,1010.70,12358,12359375.50,1155
NSE,MADHAV,INE925C01016,EQ,36.82,37.89,35.90,37.24,36.75,4089,150037.48,48
NSE,MADHAVIPL,INE631R01026,EQ,9.68,9.70,8.40,8.88,9.35,394684,3527200.45,1177
NSE,MADHUCON,INE378D01032,EQ,5.70,6.19,5.36,6.03,5.63,69915,415259.75,258
NSE,MADRASFERT,INE414A01015,EQ,69.05,73.99,68.12,71.77,69.05,704616,50889352.04,6645
NSE,MAFATIND,INE270B01035,EQ,131.00,132.20,128.26,129.41,129.74,18645,2429234.95,601
NSE,MAGADSUGAR,INE347W01011,EQ,459.70,461.45,454.10,455.60,459.95,2159,986741.65,152
NSE,MAGNUM,INE387I01016,EQ,20.20,20.69,19.64,19.94,19.71,21063,422811.05,109
NSE,MAHABANK,INE457A01014,EQ,89.90,90.00,87.10,88.19,89.12,13331204,1175503182.98,64410
NSE,MAHAPEXLTD,INE843B01013,EQ,49.00,49.05,47.61,47.90,48.94,7012,336597.57,141
NSE,MAHASTEEL,INE451L01014,BE,810.05,839.55,795.00,806.20,836.70,4927,3969131.55,193
NSE,MAHEPC,INE215D01010,EQ,114.78,117.09,113.51,114.88,113.10,82262,9461610.33,1348
NSE,MAHESHWARI,INE263W01010,BE,72.96,72.96,70.00,70.98,71.50,37741,2691814.00,105
NSE,MAHLIFE,INE813A01018,EQ,332.30,344.00,331.50,342.80,333.70,122933,41575692.90,5763
NSE,MAHLOG,INE766P01016,EQ,351.70,351.70,343.00,344.60,348.20,108185,37370095.75,3313
NSE,MAHSCOOTER,INE288A01013,EQ,12535.00,12674.00,12484.00,12541.00,12525.00,2537,31904427.00,1233
NSE,MAHSEAMLES,INE271B01025,EQ,634.00,638.60,621.65,624.00,629.95,58542,36737133.70,8410
NSE,MAITHANALL,INE683C01011,EQ,1078.80,1078.80,1040.70,1057.50,1062.90,100305,106114709.00,3754
NSE,MAJESAUT,INE201B01022,EQ,343.30,343.30,332.50,338.15,335.55,1108,375273.15,53
NSE,MALLCOM,INE389C01015,EQ,1020.30,1059.00,1015.95,1050.05,1028.40,3768,3936657.55,443
NSE,MALUPAPER,INE383H01017,EQ,32.90,33.32,32.40,32.69,32.56,5489,180345.07,43
NSE,MAMATA,INE0TO701015,EQ,361.00,372.95,361.00,369.45,360.90,52152,19152962.90,2280
NSE,MANAKALUCO,INE859Q01017,EQ,41.57,41.89,40.08,40.89,41.37,136995,5622886.69,2066
NSE,MANAKCOAT,INE830Q01018,EQ,107.51,112.64,106.33,111.30,106.98,216329,23779924.53,3107
NSE,MANAKSIA,INE015D01022,EQ,59.20,60.89,59.20,59.76,59.77,7149,427439.74,125
NSE,MANAKSTEEL,INE824Q01011,BE,68.40,68.50,67.00,68.48,68.49,29780,2021258.73,89
NSE,MANALIPETC,INE201A01024,EQ,68.95,70.83,67.50,67.68,68.20,1371398,94299617.12,8737
NSE,MANAPPURAM,INE522D01027,EQ,320.00,320.00,316.50,317.45,317.65,2216024,705324682.55,60646
NSE,MANBA,INE939X01013,EQ,122.15,128.90,120.99,127.52,122.86,132678,16646484.05,1803
NSE,MANCREDIT,INE545L01039,EQ,226.30,226.74,219.51,222.19,224.06,197567,44030558.62,1406
NSE,MANGALAM,INE584F01014,EQ,30.89,30.89,29.03,29.69,29.58,31751,943599.24,295
NSE,MANGLMCEM,INE347A01017,EQ,842.40,857.95,842.40,851.10,845.25,48957,41584564.05,1567
NSE,MANINDS,INE993A01026,EQ,575.05,579.80,564.05,571.30,573.05,386068,220373677.80,11359
NSE,MANINFRA,INE949H01023,EQ,116.03,116.53,112.81,113.26,115.71,2184861,250647295.84,10908
NSE,MANKIND,INE634S01028,EQ,2368.00,2401.30,2340.70,2356.20,2380.30,284842,673270991.60,11243
NSE,MANOMAY,INE784W01015,EQ,184.02,188.86,177.48,182.15,185.68,40847,7397995.82,2353
NSE,MANORAMA,INE00VM01036,EQ,1538.50,1549.00,1492.30,1497.70,1531.70,291011,441414890.00,14137
NSE,MANORG,INE370D01013,BE,518.70,518.70,518.70,518.70,494.00,5299,2748591.30,108
NSE,MANUGRAPH,INE867A01022,BE,15.20,15.97,14.99,15.81,15.30,2424,37937.22,58
NSE,MANYAVAR,INE825V01034,EQ,415.75,420.00,409.35,413.85,411.65,86930,35872502.60,8559
NSE,MAPMYINDIA,INE0BV301023,EQ,874.75,885.00,856.80,881.45,863.70,233344,204133670.65,11434
NSE,MARALOVER,INE882A01013,BE,57.00,58.00,56.30,56.55,57.04,4085,234903.14,30
NSE,MARATHON,INE182D01020,EQ,406.10,414.00,403.20,409.30,407.25,70676,28838874.55,1924
NSE,MARICO,INE196A01026,EQ,810.00,818.40,806.50,808.45,809.65,1563410,1266965490.80,40535
NSE,MARINE,INE01JE01028,EQ,248.60,264.85,244.00,261.55,246.65,1820380,468173624.65,24865
NSE,MARKOLINES,INE0FW001016,EQ,169.50,171.75,168.57,170.97,168.19,392247,66878878.26,3677
NSE,MARKSANS,INE750C01026,EQ,250.60,258.80,246.10,247.13,249.76,1983633,495310642.05,26349
NSE,MARSONS,INE415B01044,EQ,111.88,115.90,110.00,114.60,112.36,1884172,214101111.84,14249
NSE,MARUTI,INE585B01010,EQ,13861.00,13874.00,13661.00,13691.00,13805.00,280511,3856147581.00,46285
NSE,MASFIN,INE348L01012,EQ,311.10,320.30,309.95,312.70,311.10,121747,38368325.40,5386
NSE,MASKINVEST,INE885F01015,BE,141.20,155.40,141.20,155.39,148.00,135,20949.46,9
NSE,MASTEK,INE759A01021,EQ,1618.00,1669.90,1602.00,1663.80,1616.90,35381,58189854.10,5487
NSE,MASTERTR,INE677D01037,EQ,78.76,79.05,77.00,78.15,78.76,480816,37523638.40,3433
NSE,MATRIMONY,INE866R01028,EQ,401.80,401.80,392.00,392.95,394.30,12185,4799864.80,518
NSE,MAWANASUG,INE636A01039,BE,110.00,110.00,107.00,109.22,108.85,46511,5033646.32,302
NSE,MAXESTATES,INE03EI01018,EQ,439.00,460.10,439.00,456.65,436.40,102491,46424990.65,5987
NSE,MAXHEALTH,INE027H01010,EQ,1034.50,1035.00,1014.30,1024.10,1028.90,2214615,2263481277.95,50792
NSE,MAXIND,INE0CG601016,EQ,159.05,161.40,157.60,160.51,158.62,18476,2954627.74,523
NSE,MAYURUNIQ,INE040D01038,EQ,808.25,837.95,800.00,823.95,797.10,226343,186068720.50,10538
NSE,MAZDA,INE885E01042,EQ,234.99,234.99,229.70,231.05,229.69,4611,1069753.25,157
NSE,MAZDOCK,INE249Z01020,EQ,2442.50,2471.70,2436.40,2467.40,2440.40,492024,1209542328.10,22556
NSE,MBAPL,INE900L01010,EQ,566.60,578.00,563.00,565.65,566.65,186542,106208981.10,3885
NSE,MBEL,INE08N601015,EQ,309.65,312.05,304.05,309.40,306.70,190396,58799998.95,7883
NSE,MBLINFRA,INE912H01013,BE,27.36,27.50,26.25,26.92,27.36,17177,463052.48,147
NSE,MCCHRLS-B,INE435D01014,EQ,692.50,692.50,660.00,690.00,669.10,22,15002.45,8
NSE,MCL,INE813V01022,EQ,60.75,60.75,59.10,59.59,59.62,27317,1636521.28,532
NSE,MCLEODRUSS,INE942G01012,BE,66.70,66.70,66.70,66.70,65.40,108731,7252357.70,146
NSE,MCLOUD,INE613C01026,EQ,28.97,30.80,27.90,28.94,26.66,64650053,1912726505.83,139423
NSE,MCX,INE745G01043,EQ,2900.90,2903.90,2833.00,2885.40,2895.60,2264594,6485667030.30,114086
NSE,MEDANTA,INE474Q01031,EQ,1215.00,1256.00,1214.00,1236.10,1219.90,633012,786727166.80,30855
NSE,MEDIASSIST,INE456Z01021,EQ,381.00,381.00,367.10,368.75,376.60,71758,26603137.80,2912
NSE,MEDICAMEQ,INE646B01010,EQ,227.90,231.95,227.00,227.80,225.25,30161,6905387.90,1031
NSE,MEDICO,INE630Y01024,EQ,42.00,44.00,41.61,42.73,42.47,263432,11212921.27,1295
NSE,MEDPLUS,INE804L01022,EQ,871.00,873.75,863.35,868.90,870.70,101642,88354988.10,6198
NSE,MEESHO,INE0VDM01015,EQ,169.70,173.24,166.10,167.10,168.53,55853859,9398053736.89,149534
NSE,MEGASTAR,INE00EM01016,EQ,335.00,335.00,310.60,315.30,325.60,72084,23282674.70,2490
NSE,MEIL,INE0PKD01011,BE,316.40,318.00,309.00,313.10,310.50,8459,2659755.35,204
NSE,MENNPIS,INE650G01029,EQ,56.00,57.80,54.70,55.44,56.67,17356,974326.27,225
NSE,MENONBE,INE071D01033,EQ,168.59,179.00,168.41,177.33,167.92,445879,77659203.60,7827
NSE,MERCANTILE,INE689O01013,EQ,26.20,26.20,25.30,25.54,25.32,255,6504.10,22
NSE,MERCURYEV,INE763M01028,BE,31.50,32.00,31.50,32.00,31.38,48220,1536917.31,192
NSE,METROBRAND,INE317I01021,EQ,1000.50,1025.00,1000.20,1004.40,1004.50,22467,22695008.40,3390
NSE,METROGLOBL,INE085D01033,EQ,135.90,135.90,129.50,131.58,132.15,2816,368780.43,65
NSE,METROPOLIS,INE112L01020,EQ,529.00,556.60,524.90,534.15,525.90,638225,345764667.55,32492
NSE,MFML,INE0US801024,EQ,22.95,23.64,22.95,23.64,22.94,43,997.54,6
NSE,MFSL,INE180A01020,EQ,1624.00,1644.00,1598.40,1612.30,1632.60,295127,476722959.60,25397
NSE,MGEL,INE0APB01032,BE,16.44,16.79,16.16,16.39,16.44,122957,2017780.05,242
NSE,MGL,INE002S01010,EQ,1147.00,1191.00,1144.70,1185.60,1139.00,521597,610418104.50,34780
NSE,MHLXMIRU,INE112D01035,EQ,169.00,174.78,169.00,170.59,169.34,3767,641012.85,273
NSE,MHRIL,INE998I01010,EQ,233.62,236.50,229.41,231.36,232.81,163885,38066904.05,5643
NSE,MICEL,INE287C01037,EQ,42.90,43.28,42.68,43.01,42.59,377256,16211277.00,2404
NSE,MIDHANI,INE099Z01011,EQ,439.00,443.95,435.45,439.05,436.35,795675,349770275.40,21572
NSE,MIDWESTLTD,INE0XAD01024,EQ,1286.90,1298.70,1275.00,1291.60,1279.60,12682,16340744.60,1144
NSE,MINDACORP,INE842C01021,EQ,670.00,674.55,650.15,657.10,662.55,412328,272612985.40,18334
NSE,MINDTECK,INE110B01017,EQ,211.91,216.97,210.90,212.09,210.65,65777,14026360.75,1626
NSE,MIRCELECTR,INE831A01028,BE,37.21,38.50,36.92,38.10,37.64,200926,7584612.76,604
NSE,MIRZAINT,INE771A01026,EQ,30.50,30.87,30.02,30.38,30.43,50729,1537353.15,552
NSE,MITCON,INE828O01033,BE,77.97,82.68,77.97,79.51,78.76,1855,150941.08,19
NSE,MITTAL,INE997Y01027,EQ,1.08,1.08,1.00,1.03,1.04,520402,544438.56,364
NSE,MKPL,INE964W01021,EQ,5.05,5.15,4.90,4.97,4.97,72615,363200.87,372
NSE,MMFL,INE227C01017,EQ,472.50,474.65,460.00,471.60,468.70,59071,27604825.65,2971
NSE,MMP,INE511Y01018,EQ,266.90,275.00,263.05,265.10,266.90,41809,11183996.65,1755
NSE,MMTC,INE123F01029,EQ,70.00,77.59,69.35,75.74,70.19,114146838,8638703734.48,305607
NSE,MMWL,INE200D01020,BE,13.40,13.40,12.66,12.88,13.14,2528,32671.77,39
NSE,MOBIKWIK,INE0HLU01028,EQ,200.70,200.70,197.07,197.95,198.79,558909,110992758.26,5957
NSE,MODINATUR,INE537F01012,BE,419.90,419.90,410.05,415.85,422.55,3977,1645119.00,64
NSE,MODIRUBBER,INE832A01018,EQ,125.45,126.88,125.10,126.63,126.08,1575,198634.15,60
NSE,MODIS,INE0L0L01012,EQ,346.70,351.90,344.00,345.10,344.20,14995,5215953.20,418
NSE,MODISONLTD,INE737D01021,BE,297.00,302.00,288.00,291.55,299.85,113834,33421389.10,1339
NSE,MODTHREAD,INE794W01014,EQ,43.87,47.48,43.87,44.00,45.00,166,7384.22,15
NSE,MOHITIND,INE954E01012,EQ,23.00,23.30,22.75,23.00,22.70,5411,124090.99,77
NSE,MOIL,INE490G01020,EQ,296.25,301.85,296.20,297.60,295.75,530306,158489159.30,13772
NSE,MOKSH,INE514Y01020,EQ,11.85,12.18,11.85,12.04,12.02,25671,307015.14,122
NSE,MOL,INE0CT101020,EQ,49.65,52.20,49.30,51.94,49.61,1673662,86108806.05,9175
NSE,MOLDTECH,INE835B01035,EQ,126.40,130.80,126.40,128.33,126.24,40208,5180439.54,1377
NSE,MOLDTKPAC,INE893J01029,EQ,695.80,700.50,686.00,693.85,695.80,30353,21010863.75,2194
NSE,MONARCH,INE903D01011,EQ,336.10,352.35,336.10,347.65,338.30,311986,108120764.70,5480
NSE,MONEYBOXX,INE296Q01012,EQ,68.52,70.30,68.52,69.74,69.46,6729,468376.94,168
NSE,MONTECARLO,INE950M01013,EQ,551.60,561.70,538.70,542.00,551.55,42569,23418801.40,1901
NSE,MOREPENLAB,INE083A01026,EQ,52.51,53.66,51.70,52.28,52.42,9531328,501941782.19,24140
NSE,MOSCHIP,INE935B01025,EQ,215.00,219.87,214.00,216.59,213.08,1981104,430355314.35,21982
NSE,MOTHERSON,INE775A01035,EQ,148.10,149.08,147.02,147.60,148.12,10550367,1560458669.68,42682
NSE,MOTILALOFS,INE338I01027,EQ,948.95,949.30,929.30,944.25,939.45,986688,927558111.60,33361
NSE,MOTISONS,INE0FRK01020,EQ,16.11,16.34,13.65,14.04,15.83,257534890,3687239180.98,112731
NSE,MOTOGENFIN,INE861B01023,BE,29.60,29.60,28.06,28.88,29.10,30035,868534.05,52
NSE,MPHASIS,INE356A01018,EQ,2321.00,2349.00,2300.40,2327.20,2309.70,621307,1446731141.60,19826
NSE,MPSLTD,INE943D01017,EQ,1818.90,1846.70,1812.60,1819.60,1812.60,6002,10933008.70,1194
NSE,MRF,INE883A01011,EQ,129500.00,129930.00,127800.00,128470.00,128540.00,6791,873701565.00,5112
NSE,MRPL,INE103A01014,EQ,170.80,170.80,164.00,165.52,168.95,6434625,1067900930.47,38299
NSE,MSPL,INE752G01015,EQ,42.25,44.20,42.25,42.48,42.11,6559887,283079706.04,14067
NSE,MSTCLTD,INE255X01014,EQ,635.00,724.40,632.85,708.80,629.75,14270587,9829093208.50,233444
NSE,MSUMI,INE0FS801015,EQ,38.04,38.30,37.26,37.59,37.87,9212911,346510042.84,33934
NSE,MTARTECH,INE864I01014,EQ,7360.00,7779.00,7285.50,7698.50,7344.00,3188367,24287239169.50,273691
NSE,MTEDUCARE,INE472M01018,BE,1.89,2.02,1.85,2.00,1.93,71127,141804.31,75
NSE,MTNL,INE153A01019,EQ,31.30,31.92,31.00,31.24,31.15,1648330,51854597.47,5603
NSE,MUFIN,INE08KJ01020,EQ,124.20,125.00,122.50,123.77,123.41,1003160,124279234.74,4906
NSE,MUFTI,INE220Q01020,EQ,89.70,89.70,87.15,88.32,88.80,97566,8631606.11,1570
NSE,MUKANDLTD,INE304A01026,EQ,135.70,136.79,133.62,135.49,135.62,75418,10183521.58,1895
NSE,MUKKA,INE0CG401037,EQ,24.33,25.87,24.01,25.19,24.14,1116719,28177388.58,4550
NSE,MUKTAARTS,INE374B01019,EQ,65.80,65.80,62.50,65.09,63.10,13108,853391.28,197
NSE,MUNJALAU,INE672B01032,EQ,97.98,101.38,97.50,98.79,97.32,378310,37467912.62,4344
NSE,MUNJALSHOW,INE577A01027,EQ,129.49,129.82,127.95,129.07,129.28,17321,2234156.71,412
NSE,MURUDCERA,INE692B01014,EQ,32.00,32.32,31.11,31.50,31.60,18438,581847.23,241
NSE,MUTHOOTCAP,INE296G01013,EQ,203.00,203.00,198.00,199.56,199.67,8615,1723950.52,325
NSE,MUTHOOTFIN,INE414G01012,EQ,3165.00,3194.00,3153.30,3166.90,3160.10,405109,1284184700.80,27194
NSE,MUTHOOTMF,INE046W01019,EQ,197.15,211.97,194.22,206.29,195.21,1298058,266870108.72,17632
NSE,MVGJL,INE0KNT01012,EQ,154.90,154.90,150.49,151.80,152.01,28660,4356673.72,1206
NSE,MWL,INE0JYY01011,EQ,380.30,380.30,372.15,375.25,377.00,28154,10564770.25,503
NSE,NACLIND,INE295D01020,EQ,165.10,173.71,165.10,172.16,164.81,614416,104767780.57,11785
NSE,NAGREEKCAP,INE245I01016,BE,27.55,29.30,27.55,29.00,28.00,14477,416034.73,51
NSE,NAGREEKEXP,INE123B01028,EQ,26.75,27.50,26.73,26.85,26.72,14901,404608.40,150
NSE,NAHARCAP,INE049I01012,EQ,256.30,256.30,252.00,253.60,255.05,801,202302.55,20
NSE,NAHARINDUS,INE289A01011,EQ,119.00,119.45,116.00,117.35,117.04,9624,1127048.86,592
NSE,NAHARPOLY,INE308A01027,EQ,249.80,251.80,244.00,245.75,248.60,10199,2526807.70,307
NSE,NAHARSPING,INE290A01027,BE,251.00,252.85,244.05,247.20,252.70,22253,5525085.60,217
NSE,NAM-INDIA,INE298J01013,EQ,1145.80,1158.50,1137.60,1142.40,1140.10,522862,598785696.50,21291
NSE,NARMADA,INE117Z01011,EQ,37.47,37.78,36.66,37.10,37.10,669711,25043489.19,2139
NSE,NATCAPSUQ,INE936B01015,EQ,153.05,154.10,150.25,151.29,153.35,9221,1399721.80,191
NSE,NATCOPHARM,INE987B01026,EQ,851.70,857.90,841.70,851.50,847.60,560388,476347426.30,44243
NSE,NATHBIOGEN,INE448G01010,EQ,169.00,173.00,166.81,168.09,169.02,23744,4038930.00,802
NSE,NATIONALUM,INE139A01034,EQ,370.00,370.00,357.80,366.65,382.35,19009227,6917939438.25,179856
NSE,NATIONSTD,INE166R01015,EQ,1250.00,1275.00,1201.10,1201.10,1199.40,38,47807.30,13
NSE,NAUKRI,INE663F01032,EQ,988.00,1003.95,985.35,997.65,982.45,1165372,1159301213.40,29134
NSE,NAVA,INE725A01030,EQ,610.00,639.80,605.15,615.10,603.65,1667001,1043266930.85,52547
NSE,NAVINFLUOR,INE048G01026,EQ,7280.50,7399.00,7164.50,7315.50,7287.00,162061,1184835248.00,27544
NSE,NAVKARCORP,INE278M01019,EQ,103.00,108.83,103.00,107.05,102.71,1115186,119054246.74,9279
NSE,NAVKARURB,INE268H01044,EQ,1.06,1.08,1.04,1.08,1.03,1654156,1781605.03,404
NSE,NAVNETEDUL,INE060A01024,EQ,145.89,146.46,138.64,139.15,145.90,788995,110878014.47,5310
NSE,NAZARA,INE418L01047,EQ,292.00,307.00,291.00,301.15,290.95,5131896,1541902085.45,53617
NSE,NBCC,INE095N01031,EQ,107.47,109.92,107.26,109.14,107.36,18417449,2005927906.44,79349
NSE,NBIFIN,INE365I01020,EQ,1861.10,1898.00,1861.10,1897.90,1852.30,67,126777.60,9
NSE,NCC,INE868B01028,EQ,153.11,154.93,152.10,152.92,152.64,1508835,231021433.99,16249
NSE,NCLIND,INE732C01016,EQ,186.62,196.40,185.41,195.83,186.62,284510,54991834.72,4638
NSE,NDGL,INE756C01015,EQ,2779.00,2779.00,2552.00,2650.50,2642.00,887,2321487.00,100
NSE,NDL,INE875G01048,EQ,2.61,2.66,2.57,2.59,2.61,789533,2056051.61,925
NSE,NDLVENTURE,INE353A01023,EQ,127.13,131.08,127.13,128.41,129.64,14642,1880375.39,159
NSE,NDRAUTO,INE07OG01012,EQ,854.95,867.05,835.00,843.85,842.05,50368,42918574.90,4202
NSE,NDTV,INE155G01029,EQ,82.50,83.80,81.85,82.39,81.83,206078,17029914.50,1689
NSE,NEAGI,INE605D01012,EQ,3066.00,3066.00,3066.00,3066.00,3061.00,10,30660.00,1
NSE,NECCLTD,INE553C01016,EQ,17.12,17.50,16.62,17.10,17.11,77171,1325008.64,322
NSE,NECLIFE,INE023H01027,BE,11.89,11.95,11.50,11.78,11.89,101180,1188458.89,275
NSE,NELCAST,INE189I01024,EQ,138.47,142.00,137.16,138.78,138.44,113900,15884282.85,2447
NSE,NELCO,INE045B01015,EQ,715.05,738.00,712.05,725.60,715.95,76569,55651327.55,3995
NSE,NEOGEN,INE136S01016,EQ,2064.10,2090.00,2028.00,2082.00,2064.40,49157,101309766.20,8991
NSE,NEPHROPLUS,INE428V01029,EQ,718.00,752.15,708.60,743.10,713.40,140672,102670978.25,8497
NSE,NESCO,INE317F01035,EQ,1117.00,1123.90,1107.60,1119.40,1104.90,19518,21792846.70,2641
NSE,NESTLEIND,INE239A01024,EQ,1375.40,1409.80,1375.40,1391.70,1374.70,1899090,2649514059.10,47627
NSE,NETWEB,INE0NT901020,EQ,4628.00,4905.00,4617.20,4884.40,4612.30,3126893,15015037366.50,219433
NSE,NETWORK18,INE870H01013,EQ,32.90,34.28,32.46,33.76,32.54,14736775,497071205.03,33820
NSE,NEULANDLAB,INE794A01010,EQ,16990.00,17246.00,16560.00,16722.00,17056.00,39739,665159087.00,14899
NSE,NEWGEN,INE619B01017,EQ,472.80,484.95,468.70,477.95,470.50,1359770,650201684.95,34996
NSE,NEXTMEDIA,INE747B01016,EQ,3.96,4.07,3.91,3.91,3.96,9413,37447.93,70
NSE,NFL,INE870D01012,EQ,75.99,79.70,75.42,77.68,75.68,8022820,627346016.88,33968
NSE,NGIL,INE236Y01012,BE,36.10,38.99,36.10,38.79,37.51,10993,407274.74,25
NSE,NGLFINE,INE887E01022,EQ,3112.70,3133.90,2852.80,2976.70,3109.30,34309,101849166.10,6934
NSE,NH,INE410P01011,EQ,1876.40,1889.80,1845.00,1862.40,1872.40,260733,485651939.00,28869
NSE,NHPC,INE848E01016,EQ,74.69,74.99,74.36,74.75,74.69,24616686,1837404772.34,46788
NSE,NIACL,INE470Y01017,EQ,160.90,164.90,159.46,161.76,160.37,1166395,189811202.05,17948
NSE,NIBE,INE149O01018,EQ,1659.90,1659.90,1594.90,1619.00,1641.30,112856,183378718.20,7669
NSE,NIBL,INE047O01014,EQ,31.39,31.60,30.45,30.78,30.86,13783,428978.95,235
NSE,NIITLTD,INE161A01038,EQ,89.29,107.12,88.37,105.72,89.27,27928835,2857568218.86,128942
NSE,NIITMTS,INE342G01023,EQ,216.99,224.11,213.51,221.37,213.78,550313,120964273.64,19304
NSE,NILAINFRA,INE937C01029,EQ,7.96,8.14,7.93,7.99,7.96,2366406,18948067.18,613
NSE,NILASPACES,INE00S901012,EQ,13.16,13.50,12.88,13.00,13.11,512108,6701361.15,1489
NSE,NILE,INE445D01013,EQ,1740.00,1879.90,1740.00,1828.10,1726.70,8232,15003552.90,1814
NSE,NILKAMAL,INE310A01015,EQ,1287.30,1297.80,1264.30,1274.50,1280.60,11115,14222491.00,360
NSE,NIMBSPROJ,INE875B01015,BE,210.90,211.50,196.86,208.19,207.22,768,157439.14,60
NSE,NINSYS,INE395U01014,BE,719.30,719.30,691.30,704.80,704.25,4094,2889146.30,162
NSE,NIPPOBATRY,INE567A01028,EQ,363.00,366.10,349.50,358.95,356.00,3633,1302353.85,284
NSE,NIRAJ,INE368I01016,BE,29.99,29.99,28.52,29.53,30.01,58713,1704027.88,155
NSE,NIRAJISPAT,INE326T01011,EQ,207.00,211.01,189.00,202.00,194.83,727,146039.05,79
NSE,NIRLON,INE910A01012,EQ,623.70,624.00,618.00,620.05,620.10,4849,3007816.75,215
NSE,NITCO,INE858F01012,EQ,96.88,98.00,94.25,94.80,95.84,513999,49309448.46,4279
NSE,NITINSPIN,INE229H01012,EQ,552.00,556.00,542.30,549.75,547.90,106194,58334883.85,4457
NSE,NITIRAJ,INE439T01012,EQ,199.90,199.90,193.21,197.12,193.56,3110,610579.34,108
NSE,NITTAGELA,INE265B01019,EQ,1490.50,1520.40,1447.20,1451.90,1478.40,8751,12907336.70,1337
NSE,NIVABUPA,INE995S01015,EQ,84.45,85.63,83.36,84.30,83.39,5760659,489085945.14,19546
NSE,NKIND,INE542C01019,EQ,64.00,64.20,63.52,64.20,64.96,14,892.36,7
NSE,NLCINDIA,INE589A01014,EQ,317.90,318.90,309.95,313.45,317.90,5423172,1706329393.65,44900
NSE,NMDC,INE584A01023,EQ,88.47,88.85,87.09,88.09,88.47,23070064,2028678979.87,69998
NSE,NOCIL,INE163A01018,EQ,164.02,165.48,161.26,161.77,163.53,263065,42850869.91,3801
NSE,NOIDATOLL,INE781B01015,BE,5.19,5.19,4.90,5.00,5.05,85252,426892.38,307
NSE,NORBTEAEXP,INE369C01017,EQ,75.38,77.00,71.20,74.81,74.64,3463,258503.03,45
NSE,NORTHARC,INE850M01015,EQ,298.15,305.00,295.00,298.75,294.90,669390,200844739.55,11931
NSE,NOVAAGRI,INE02H701025,BE,27.50,27.80,26.00,26.49,27.28,74267,1965827.10,429
NSE,NOVARTIND,INE234A01025,EQ,1300.00,1334.20,1300.00,1323.50,1294.40,10527,13901892.70,1196
NSE,NPST,INE0FFK01017,EQ,1669.80,1669.80,1550.00,1556.50,1653.40,36259,57565146.30,4782
NSE,NRAIL,INE740D01017,EQ,440.10,455.40,440.10,445.05,445.70,1670,742364.40,87
NSE,NRBBEARING,INE349A01021,EQ,435.40,436.45,421.00,425.85,430.05,365398,156606448.40,7951
NSE,NRL,INE0JM501013,EQ,76.30,79.00,74.60,78.36,75.73,145103,11211333.21,1086
NSE,NSIL,INE023A01030,EQ,5625.00,5658.50,5575.00,5610.50,5635.00,1213,6818647.00,331
NSE,NSLNISP,INE0NNS01018,EQ,47.88,48.14,46.89,47.64,47.85,2994127,142040077.21,14560
NSE,NTPC,INE733E01010,EQ,349.75,356.20,348.50,355.55,348.10,14555184,5143571796.65,117674
NSE,NTPCGREEN,INE0ONG01011,EQ,99.11,99.40,97.85,98.14,98.73,3353387,329879121.14,26693
NSE,NUCLEUS,INE096B01018,EQ,739.50,782.40,739.00,772.35,739.50,96231,73680603.40,6106
NSE,NURECA,INE0DSF01015,EQ,239.00,241.00,234.40,238.40,235.65,9470,2244165.95,260
NSE,NUVAMA,INE531F01023,EQ,1670.40,1675.50,1626.10,1660.70,1660.90,398675,658209516.90,28350
NSE,NUVOCO,INE118D01016,EQ,314.00,317.80,309.00,310.45,313.70,176944,55172756.45,6660
NSE,NYKAA,INE388Y01029,EQ,272.70,275.35,270.25,272.15,272.80,4906344,1336266003.65,38563
NSE,OAL,INE959C01023,EQ,335.20,346.80,334.00,339.90,338.55,24396,8268967.50,1228
NSE,OBCL,INE426Z01016,EQ,59.10,60.97,54.85,57.26,59.44,154929,8706024.60,699
NSE,OBEROIRLTY,INE093I01010,EQ,1682.00,1713.00,1666.10,1704.80,1669.40,777948,1313811080.30,25586
NSE,OCCLLTD,INE0PK601023,BE,138.00,139.00,129.45,135.28,135.45,112742,15343147.01,438
NSE,ODIGMA,INE054301028,EQ,22.65,23.35,22.41,23.15,22.41,29231,673263.89,707
NSE,OFSS,INE881D01027,EQ,9425.00,9580.50,9357.00,9500.50,9373.00,257188,2436766975.50,23794
NSE,OIL,INE274J01014,EQ,416.65,421.85,414.70,419.65,417.20,2109450,884556650.40,35894
NSE,OILCOUNTUB,INE591A01010,BE,55.01,58.00,55.01,56.73,56.98,35296,2005007.24,167
NSE,OLAELEC,INE0LXG01040,EQ,44.50,44.50,42.26,43.07,44.12,148256547,6389969145.82,199896
NSE,OLECTRA,INE260D01016,EQ,1286.00,1290.00,1257.20,1270.40,1275.00,405722,515827309.60,20867
NSE,OMAXAUTO,INE090B01011,BE,234.80,234.99,225.00,227.81,232.51,39812,9094746.15,534
NSE,OMAXE,INE800H01010,EQ,78.40,82.20,78.01,78.90,78.40,437823,35012367.68,4142
NSE,OMFREIGHT,INE1BZC01019,EQ,82.20,84.44,82.00,82.84,84.03,10870,901207.87,301
NSE,OMINFRAL,INE239D01028,EQ,85.69,86.98,84.61,85.55,85.69,35685,3064927.45,1229
NSE,OMNI,INE0UH301010,EQ,489.80,496.70,478.00,490.75,486.15,268046,130452692.75,11506
NSE,OMPOWER,INE25E901019,EQ,180.00,180.85,176.74,178.77,178.96,87300,15602963.12,1328
NSE,ONELIFECAP,INE912L01015,BE,27.60,28.27,26.11,28.08,26.93,44622,1232316.47,136
NSE,ONEPOINT,INE840Y01029,EQ,58.90,60.95,58.63,59.84,59.07,1351160,80299665.26,4659
NSE,ONESOURCE,INE013P01021,EQ,1624.90,1659.90,1592.80,1599.90,1623.40,126852,204899292.60,12215
NSE,ONGC,INE213A01029,EQ,244.15,248.80,243.50,248.20,243.65,17468010,4306535349.85,118010
NSE,ONMOBILE,INE809I01019,EQ,50.02,52.45,50.02,51.30,50.01,389585,19990496.26,2925
NSE,ONWARDTEC,INE229A01017,EQ,251.30,258.95,250.50,251.85,252.55,54383,13823835.35,1970
NSE,OPTIEMUS,INE350C01017,EQ,426.40,434.40,422.50,429.40,427.15,102003,43688574.60,3689
NSE,ORBTEXP,INE231G01010,EQ,193.00,229.26,189.10,229.16,191.05,313547,70085939.55,3950
NSE,ORCHASP,INE215B01022,EQ,1.93,1.97,1.89,1.91,1.92,271010,518995.23,311
NSE,ORCHPHARMA,INE191A01027,EQ,967.00,1094.00,900.00,1048.15,960.85,777149,789205971.30,56442
NSE,ORICONENT,INE730A01022,EQ,57.15,57.20,56.02,56.44,56.86,52485,2964372.47,605
NSE,ORIENTALTL,INE998H01012,EQ,6.42,6.49,6.26,6.32,6.44,69992,444956.48,207
NSE,ORIENTBELL,INE607D01018,EQ,318.80,328.50,311.35,318.95,316.75,21854,6942205.80,854
NSE,ORIENTCEM,INE876N01018,EQ,136.45,137.09,135.26,135.92,136.45,105078,14283148.24,2929
NSE,ORIENTCER,INE569C01020,EQ,39.89,39.89,37.92,38.17,39.42,61542,2367090.96,762
NSE,ORIENTELEC,INE142Z01019,EQ,181.38,187.10,178.36,185.65,181.38,606793,111449373.54,7945
NSE,ORIENTHOT,INE750A01020,EQ,118.55,120.00,116.12,118.94,118.94,252693,29838196.46,3527
NSE,ORIENTLTD,INE609C01024,EQ,60.00,67.40,59.11,63.10,60.67,14600,916048.17,373
NSE,ORIENTPPR,INE592A01026,EQ,17.85,18.00,17.51,17.93,17.72,106697,1901724.45,471
NSE,ORIENTTECH,INE0PPK01015,EQ,262.00,263.00,257.80,261.25,259.75,95451,24855966.35,2419
NSE,ORISSAMINE,INE725E01024,EQ,4017.50,4192.00,4011.00,4142.40,4017.50,20789,85966241.20,3414
NSE,ORKLAINDIA,INE16NZ01023,EQ,628.95,633.00,621.15,631.25,620.15,38182,23949891.95,2913
NSE,ORTINGLOBE,INE749B01020,BE,16.50,17.89,16.50,16.98,17.09,7778,133542.54,78
NSE,OSIAHYPER,INE06IR01021,BE,3.38,3.39,3.12,3.35,3.24,928543,3054680.29,817
NSE,OSWALAGRO,INE142A01012,BE,43.97,45.60,43.50,45.20,43.97,36762,1639057.61,153
NSE,OSWALGREEN,INE143A01010,EQ,24.33,24.69,24.11,24.30,24.34,149228,3642052.21,972
NSE,OSWALPUMPS,INE0BYP01024,EQ,425.80,427.50,419.70,423.90,422.55,385389,163251242.05,10095
NSE,OSWALSEEDS,INE00IK01029,EQ,11.00,11.15,10.92,11.10,11.00,10495,115674.62,112
NSE,PACEDIGITK,INE0S3G01027,EQ,187.90,188.80,184.51,186.37,187.39,679308,126627570.75,7715
NSE,PAGEIND,INE761H01022,EQ,39200.00,39530.00,38900.00,39065.00,39195.00,16356,640701930.00,8416
NSE,PAISALO,INE420C01059,EQ,58.29,59.70,58.05,59.41,58.16,6858615,405306608.17,19930
NSE,PAKKA,INE551D01018,EQ,81.40,84.75,80.70,82.54,80.70,130183,10800971.14,2357
NSE,PALASHSECU,INE471W01019,EQ,97.96,100.00,96.00,98.30,98.45,412,40462.78,44
NSE,PALREDTEC,INE218G01033,BE,46.50,48.31,46.50,48.31,46.01,4569,220287.79,50
NSE,PANACEABIO,INE922B01023,EQ,541.00,562.95,536.55,544.95,540.80,328429,180269635.40,11095
NSE,PANACHE,INE895W01019,EQ,372.35,378.00,363.65,373.95,372.35,8310,3095344.75,327
NSE,PANAMAPET,INE305C01029,EQ,385.45,392.50,381.00,384.60,381.50,175628,67779089.85,4808
NSE,PANSARI,INE697V01011,EQ,286.40,334.20,286.40,293.05,278.50,107141,32725937.25,1752
NSE,PAR,INE04LG01015,EQ,95.55,95.80,93.40,95.08,93.40,16394,1553735.37,281
NSE,PARACABLES,INE074B01023,EQ,64.50,67.80,64.31,66.73,64.07,2922201,193512650.74,12852
NSE,PARADEEP,INE088F01024,EQ,128.19,135.00,127.60,134.20,127.60,16955717,2252071511.22,90139
NSE,PARAGMILK,INE883N01014,EQ,232.69,235.88,228.65,230.49,232.52,335221,77250500.82,5547
NSE,PARAS,INE045601023,EQ,1108.60,1116.50,1075.50,1089.35,1108.15,2442273,2666349632.90,67521
NSE,PARASPETRO,INE162C01024,EQ,1.93,1.98,1.86,1.92,1.93,80901,155902.14,228
NSE,PARKHOSPS,INE119201023,EQ,273.00,275.00,265.50,270.60,272.50,479121,129719114.45,7959
NSE,PARKHOTELS,INE988S01028,EQ,118.20,120.00,118.04,119.66,118.03,130586,15523344.05,1923
NSE,PARSVNATH,INE561H01026,BE,3.20,3.20,3.20,3.20,3.26,77062,246598.40,171
NSE,PASHUPATI,INE124Y01028,EQ,88.57,94.18,86.10,86.35,87.36,156125,13769373.33,3206
NSE,PASUPTAC,INE818B01023,BE,69.40,71.00,67.55,68.13,68.88,76894,5300524.88,388
NSE,PATANJALI,INE619A01035,EQ,427.85,429.35,423.05,425.55,425.70,666560,283878150.70,86623
NSE,PATELENG,INE244B01030,EQ,28.74,29.00,28.00,28.69,27.65,14681432,420327541.93,28925
NSE,PATELRMART,INE0R8B01010,EQ,218.83,228.69,215.42,223.51,219.23,221001,49490180.90,3839
NSE,PATINTLOG,INE529D01014,EQ,13.44,13.94,13.33,13.76,13.44,111381,1531608.44,409
NSE,PAUSHAKLTD,INE111F01024,EQ,461.00,468.90,454.80,456.60,464.15,11885,5459266.00,556
NSE,PAVNAIND,INE07S101038,BE,16.55,17.30,16.55,17.08,16.92,24521,419212.22,110
NSE,PAYTM,INE982J01020,EQ,1121.40,1126.70,1098.00,1108.50,1121.40,968998,1075607913.00,26491
NSE,PCBL,INE602A01031,EQ,304.80,314.40,303.30,305.95,303.10,1670933,515172617.55,29920
NSE,PCJEWELLER,INE785M01021,EQ,9.19,9.24,8.97,8.99,9.17,46072981,418383203.10,21828
NSE,PDMJEPAPER,INE865T01018,EQ,82.50,83.59,80.96,81.70,82.52,54490,4466842.57,1292
NSE,PDSL,INE111Q01021,EQ,319.40,348.00,317.40,335.65,320.10,1648298,558423393.80,27372
NSE,PEARLPOLY,INE844A01013,BE,19.45,19.45,18.03,19.00,18.81,3397,65181.62,28
NSE,PENIND,INE932A01024,EQ,158.00,164.00,156.78,162.01,159.29,633921,101966731.47,7679
NSE,PENINLAND,INE138A01028,BE,15.39,16.00,15.03,15.67,15.39,76874,1186369.67,296
NSE,PERSISTENT,INE262H01021,EQ,4930.00,5048.50,4906.00,5016.50,4890.50,676099,3375398153.50,48540
NSE,PETRONET,INE347G01014,EQ,286.60,291.80,284.10,290.55,285.90,5030098,1452619806.85,56995
NSE,PFC,INE134E01011,EQ,426.50,433.95,424.85,427.50,424.50,5312213,2274771765.25,53761
NSE,PFIZER,INE182A01018,EQ,4548.00,4554.00,4481.60,4503.10,4518.00,18797,84773884.80,4697
NSE,PFOCUS,INE367G01038,BE,241.32,244.99,231.00,234.15,241.32,169061,39635575.70,1671
NSE,PFS,INE560K01014,EQ,30.77,31.60,30.75,31.30,30.78,734729,22952050.21,3173
NSE,PGEL,INE457L01029,EQ,494.70,531.75,491.50,527.45,492.80,13020553,6787725025.90,138941
NSE,PGHH,INE179A01014,EQ,9050.00,9100.00,8883.50,9077.00,8992.00,15584,140640450.50,3732
NSE,PGHL,INE199A01012,EQ,6215.00,6258.00,6178.50,6226.50,6226.50,9395,58418580.50,2440
NSE,PGIL,INE940H01022,EQ,1716.10,1716.10,1631.00,1665.10,1694.90,61648,102190508.80,9562
NSE,PHOENIXLTD,INE211B01039,EQ,1867.50,1885.90,1848.00,1868.20,1846.90,1134388,2120092748.90,47123
NSE,PICCADIL,INE546C01010,EQ,578.25,580.00,568.55,578.00,573.40,147245,84406892.95,6543
NSE,PIDILITIND,INE318A01026,EQ,1587.00,1587.00,1552.60,1571.20,1571.00,382140,598347641.60,32702
NSE,PIGL,INE557Z01018,EQ,107.90,112.34,104.26,110.65,106.89,127686,13876329.97,1650
NSE,PIIND,INE603J01030,EQ,2850.00,2904.40,2827.20,2878.00,2834.50,402479,1159966216.20,25290
NSE,PILANIINVS,INE417C01014,EQ,4370.90,4444.80,4355.10,4414.40,4380.60,1435,6303302.10,489
NSE,PILITA,INE600A01035,BE,8.27,8.27,8.02,8.12,8.15,44264,360846.53,110
NSE,PINELABS,INE15B701018,EQ,153.40,156.65,146.50,150.09,153.59,53910294,8123963089.40,257949
NSE,PIONEEREMB,INE156C01018,EQ,25.50,25.80,25.30,25.62,24.81,9639,244963.55,33
NSE,PIONRINV,INE746D01014,EQ,98.00,98.00,88.00,93.03,98.49,6234,578217.80,224
NSE,PIRAMALFIN,INE202B01038,EQ,2009.50,2043.20,1991.00,2001.80,2009.50,123995,249160419.50,13189
NSE,PITTIENG,INE450D01021,EQ,987.50,993.95,967.50,971.55,977.50,20261,19852860.70,2167
NSE,PIXTRANS,INE751B01018,EQ,1627.00,1652.80,1601.00,1614.30,1624.40,13677,22204990.20,1462
NSE,PKTEA,INE431F01018,EQ,770.00,770.00,730.15,765.00,759.05,144,109392.20,28
NSE,PLASTIBLEN,INE083C01022,EQ,173.61,174.47,172.10,173.00,173.96,4427,765860.89,251
NSE,PLATIND,INE0PT501018,EQ,232.50,234.00,227.07,232.99,229.06,39791,9182139.81,1391
NSE,PLAZACABLE,INE0INJ01017,BE,47.10,48.85,47.00,48.38,47.86,40800,1946299.65,244
NSE,PML,INE291E01019,EQ,507.00,507.00,500.00,503.75,506.90,431,217454.50,28
NSE,PNB,INE160A01022,EQ,108.09,108.69,106.90,107.97,107.96,11865685,1279711897.67,43765
NSE,PNBGILTS,INE859A01011,EQ,91.80,91.89,88.48,89.19,91.09,1078553,96391201.64,6958
NSE,PNBHOUSING,INE572E01012,EQ,1020.00,1031.90,1008.00,1017.90,1017.30,456232,464508036.70,22269
NSE,PNC,INE392B01011,EQ,21.80,21.80,21.01,21.18,21.67,2002,43039.51,107
NSE,PNCINFRA,INE195J01029,EQ,207.00,209.00,206.06,207.14,206.26,188408,39108337.02,5958
NSE,PNGJL,INE953R01016,EQ,560.85,567.50,555.30,558.70,560.85,99819,55824382.20,4053
NSE,PNGSREVA,INE1RDG01013,EQ,381.05,385.60,379.50,381.15,380.80,122319,46713054.05,3733
NSE,POCL,INE063E01053,EQ,1299.70,1317.00,1276.00,1307.20,1285.60,217934,284651400.50,12626
NSE,PODDARMENT,INE371C01013,EQ,255.00,265.00,255.00,260.15,256.65,1778,464496.95,50
NSE,POKARNA,INE637C01025,EQ,879.50,929.00,870.00,908.85,870.75,177292,161532527.05,9356
NSE,POLICYBZR,INE417T01026,EQ,1587.00,1605.30,1571.40,1596.80,1581.10,1386132,2202208044.80,60162
NSE,POLYCAB,INE455K01017,EQ,9600.00,9671.00,9475.00,9591.50,9556.00,339718,3255661714.50,50849
NSE,POLYMED,INE205C01021,EQ,1524.70,1531.70,1498.00,1516.80,1510.90,38561,58444324.60,5724
NSE,POLYPLEX,INE633B01018,EQ,913.70,938.90,913.70,929.00,913.70,78256,72806522.60,4988
NSE,PONNIERODE,INE838E01017,EQ,326.50,326.50,316.10,318.25,320.10,4019,1283959.45,242
NSE,POONAWALLA,INE511C01022,EQ,403.05,406.65,398.45,403.45,399.50,1263523,509430535.20,28652
NSE,POWERGRID,INE752E01010,EQ,286.10,286.40,282.85,285.15,285.70,8146761,2319379959.25,84115
NSE,POWERICA,INE921L01032,EQ,488.00,492.00,473.90,487.25,479.00,154221,74748487.00,8757
NSE,POWERINDIA,INE07Y701011,EQ,34800.00,34920.00,34525.00,34740.00,34695.00,57891,2010903030.00,17028
NSE,POWERMECH,INE211R01019,EQ,2865.80,2865.80,2740.30,2780.60,2852.30,136107,380139405.70,18342
NSE,PPAP,INE095I01015,EQ,243.00,245.00,235.00,243.27,243.10,29513,7094554.75,1353
NSE,PPL,INE050001010,EQ,259.70,266.80,250.00,258.39,257.76,263631,68258187.02,7161
NSE,PPLPHARMA,INE0DK501011,EQ,168.35,168.45,161.51,163.67,167.20,2449825,400902688.89,25711
NSE,PRABHA,INE0I0M01023,EQ,162.65,162.99,158.01,158.41,162.65,72119,11537422.45,1041
NSE,PRADPME,INE770A01010,EQ,500.00,510.00,492.00,500.75,497.90,20003,10055533.55,923
NSE,PRAENG,INE505C01016,EQ,20.26,21.88,20.26,21.35,20.83,42136,884317.41,223
NSE,PRAJIND,INE074A01025,EQ,338.80,343.00,334.80,341.40,336.95,896092,304657323.80,25681
NSE,PRAKASH,INE603A01013,EQ,151.00,155.00,146.10,151.30,151.14,1416712,213897322.21,11965
NSE,PRAKASHSTL,INE696K01024,EQ,4.49,4.49,4.35,4.41,4.47,99301,438576.06,327
NSE,PRAVEG,INE722B01019,EQ,228.30,237.70,227.85,232.95,232.05,35998,8446736.85,1124
NSE,PRAXIS,INE546Y01022,BE,7.70,7.85,7.60,7.85,7.48,119395,926540.57,45
NSE,PRECAM,INE484I01029,EQ,151.90,153.82,148.01,148.63,150.74,131759,19825510.68,2370
NSE,PRECOT,INE283A01014,EQ,695.00,750.35,695.00,714.95,730.60,4030,2899775.30,360
NSE,PRECWIRE,INE372C01037,EQ,404.00,425.70,404.00,423.25,403.80,632200,265130722.75,21608
NSE,PREMCO,INE001E01012,EQ,388.00,388.00,378.05,385.00,382.70,103,39244.50,16
NSE,PREMEXPLN,INE863B01029,EQ,687.95,745.00,687.95,737.80,683.30,3134401,2272962531.25,68841
NSE,PREMIER,INE342A01018,BE,2.94,3.04,2.90,2.91,2.94,664,1961.52,10
NSE,PREMIERENE,INE0BS701011,EQ,1046.00,1069.00,1020.10,1055.30,1045.40,1566623,1642826572.20,37559
NSE,PREMIERPOL,INE309M01020,BE,56.00,58.00,56.00,57.19,55.99,232421,13281878.41,199
NSE,PRESTIGE,INE811K01011,EQ,1478.00,1527.90,1461.10,1521.10,1472.50,1398862,2099755849.80,41538
NSE,PRICOLLTD,INE726V01018,EQ,582.00,588.10,571.50,574.80,581.30,349324,202200968.00,17583
NSE,PRIMESECU,INE032B01021,EQ,285.65,287.45,282.80,283.90,286.00,26072,7440167.85,240
NSE,PRIMO,INE607A01022,EQ,24.75,24.75,23.96,24.07,24.52,176608,4265653.13,1676
NSE,PRINCEPIPE,INE689W01016,EQ,282.85,292.90,281.35,285.15,279.65,747669,213830425.40,16204
NSE,PRITI,INE974Z01015,BE,40.70,41.76,40.20,41.25,39.79,3480,143405.29,74
NSE,PRITIKAUTO,INE583R01029,EQ,14.13,14.94,14.13,14.64,14.48,193894,2843541.28,644
NSE,PRIVISCL,INE959A01019,EQ,3502.30,3510.00,3434.00,3453.70,3469.10,43728,151614117.20,9208
NSE,PROSTARM,INE0BX301013,EQ,143.99,146.00,140.52,142.74,143.13,261084,37320370.80,3307
NSE,PROTEAN,INE004A01022,EQ,629.00,642.45,621.25,634.65,622.70,314874,199166838.60,12857
NSE,PROZONER,INE195N01013,EQ,47.90,49.51,47.31,48.53,47.78,135052,6499981.20,765
NSE,PRSMJOHNSN,INE010A01011,EQ,120.00,121.89,120.00,120.55,119.73,163124,19731260.39,5586
NSE,PRUDENT,INE00F201020,EQ,2990.80,3051.00,2974.10,3027.80,3003.70,40124,121304915.40,9477
NSE,PRUDMOULI,INE024D01016,BE,15.40,15.97,15.25,15.37,15.40,1898,29935.65,21
NSE,PSB,INE608A01012,EQ,24.20,24.34,23.89,24.00,24.01,1255331,30248538.69,3391
NSE,PSPPROJECT,INE488V01015,EQ,921.00,925.75,900.20,907.80,921.35,62820,57461161.95,4201
NSE,PTC,INE877F01012,EQ,191.99,197.30,190.18,195.24,190.61,1595577,310860700.89,42912
NSE,PTCIL,INE596F01018,EQ,18656.00,18997.00,17625.00,17809.00,18656.00,42309,761800989.00,14071
NSE,PTL,INE034D01049,EQ,41.08,41.68,40.50,41.45,41.08,36274,1492352.56,790
NSE,PUNJABCHEM,INE277B01014,EQ,1041.90,1060.90,1023.30,1025.80,1034.20,18156,18921296.80,1800
NSE,PURVA,INE323I01011,EQ,214.48,217.02,213.04,214.74,213.73,87246,18722453.41,2687
NSE,PVP,INE362A01016,EQ,31.00,31.17,30.16,30.38,31.00,138876,4254999.76,931
NSE,PVRINOX,INE191H01014,EQ,955.85,959.00,944.60,948.90,943.80,204666,194537472.80,12293
NSE,PVSL,INE772T01024,EQ,96.00,97.78,95.15,95.54,95.47,29883,2870662.63,1667
NSE,PWL,INE0LP301011,EQ,108.60,112.37,107.70,109.40,108.52,9194417,1014343700.46,39029
NSE,PYRAMID,INE0MIS01010,EQ,170.01,175.00,165.10,173.33,168.01,38615,6555025.75,739
NSE,QPOWER,INE0SII01026,BE,1278.00,1280.00,1230.00,1247.90,1282.10,187409,235319016.00,5826
NSE,QUADFUTURE,INE0LRY01011,EQ,382.00,424.50,381.60,411.50,379.90,6980207,2888755753.55,112373
NSE,QUESS,INE615P01015,EQ,245.00,252.90,243.60,249.81,245.55,847281,211494321.47,9686
NSE,QUICKHEAL,INE306L01010,BE,176.00,176.00,165.87,174.22,174.60,104507,17953553.59,1011
NSE,QUINT,INE641R01017,EQ,43.49,43.49,40.00,41.20,43.00,11497,475300.49,58
NSE,RACE,INE084Q01012,BE,110.00,112.00,109.00,109.71,110.00,2695,297306.25,35
NSE,RACLGEAR,INE704B01017,EQ,1322.80,1352.90,1292.70,1322.30,1326.90,11361,14968896.80,1780
NSE,RADAAN,INE874F01027,EQ,3.09,3.29,3.04,3.12,3.09,18944,59228.20,104
NSE,RADHIKAJWE,INE583V01021,EQ,58.96,58.96,57.12,57.49,58.69,181229,10469631.26,2179
NSE,RADIANTCMS,INE855R01021,EQ,40.17,41.45,39.67,40.53,40.22,134689,5488121.16,1185
NSE,RADICO,INE944F01028,EQ,3615.00,3621.40,3556.40,3578.70,3592.00,174365,625870628.90,22202
NSE,RADIOCITY,INE919I01024,EQ,6.06,6.48,6.05,6.32,6.12,104984,664764.15,296
NSE,RAILTEL,INE0DD101019,EQ,321.30,328.35,318.50,321.80,318.75,1171360,379631867.65,24595
NSE,RAIN,INE855B01025,EQ,209.80,213.45,192.00,194.22,207.78,11234542,2251350140.32,83989
NSE,RAINBOW,INE961O01016,EQ,1430.00,1430.00,1408.00,1422.70,1418.60,101004,143784983.30,15326
NSE,RAJMET,INE00KV01022,EQ,3.82,3.83,3.77,3.79,3.80,232234,880056.77,578
NSE,RAJOOENG,INE535F01024,EQ,55.03,55.90,54.10,54.69,55.03,223839,12230666.56,2840
NSE,RAJPALAYAM,INE296E01026,EQ,840.00,845.00,830.05,836.40,846.55,1719,1445577.20,103
NSE,RAJRATAN,INE451D01029,EQ,456.90,462.95,448.00,452.70,455.85,56406,25516300.25,2423
NSE,RAJRILTD,INE533D01032,BE,20.65,20.68,20.15,20.41,20.31,4597,94088.04,77
NSE,RAJSREESUG,INE562B01019,EQ,33.12,34.30,32.85,34.02,33.46,25496,861376.03,368
NSE,RAJTV,INE952H01027,EQ,12.27,12.58,11.90,12.19,11.99,417866,5082893.01,403
NSE,RALLIS,INE613A01020,EQ,228.84,234.60,228.56,229.36,228.84,789186,183084650.30,21696
NSE,RAMANEWS,INE278B01020,EQ,30.20,30.20,29.21,29.62,29.81,5748,169737.22,103
NSE,RAMAPHO,INE809A01032,EQ,126.03,130.58,125.01,126.50,126.03,50679,6473462.76,1267
NSE,RAMASTEEL,INE230R01035,EQ,5.26,5.30,5.04,5.11,5.24,24792023,126647777.44,9448
NSE,RAMCOCEM,INE331A01037,EQ,909.00,910.55,877.40,882.15,911.25,217951,193394541.70,13241
NSE,RAMCOIND,INE614A01028,EQ,295.40,295.40,287.60,290.10,293.85,111794,32369768.05,1582
NSE,RAMCOSYS,INE246B01019,EQ,551.55,575.50,542.25,570.95,548.15,406565,227661784.25,14925
NSE,RAMKY,INE874I01013,EQ,439.50,442.50,432.10,433.85,439.25,46639,20347152.35,1072
NSE,RAMRAT,INE207E01023,EQ,379.85,398.00,379.85,394.90,380.20,173840,67930026.10,4707
NSE,RANASUG,INE625B01014,EQ,12.95,13.07,12.74,12.85,12.90,158970,2049055.68,598
NSE,RANEHOLDIN,INE384A01010,EQ,1469.20,1549.90,1459.00,1531.20,1467.70,30895,46880468.50,3385
NSE,RATEGAIN,INE0CLI01024,EQ,829.75,849.90,815.65,844.35,824.55,624904,524953634.80,26196
NSE,RATNAMANI,INE703B01027,EQ,2591.00,2613.90,2582.10,2598.70,2588.60,16738,43522284.00,2486
NSE,RATNAVEER,INE05CZ01011,EQ,167.15,168.19,164.50,165.14,165.88,279125,46220487.22,3533
NSE,RAYMOND,INE301A01014,EQ,595.40,606.85,587.60,590.10,591.90,461526,274228663.65,11573
NSE,RAYMONDLSL,INE02ID01020,EQ,810.25,822.45,805.00,816.80,807.10,148123,120477752.70,6218
NSE,RAYMONDREL,INE1SY401010,EQ,620.00,629.80,598.00,606.85,618.70,625532,381148477.80,15108
NSE,RBA,INE07T201019,EQ,69.09,69.50,68.61,68.83,69.07,4153630,287224497.87,5692
NSE,RBLBANK,INE976G01028,EQ,374.00,374.60,364.35,369.70,372.65,4125957,1520203756.45,33780
NSE,RBZJEWEL,INE0PEQ01016,EQ,138.96,140.09,136.29,136.97,139.03,36493,5046851.70,959
NSE,RCF,INE027A01015,EQ,129.21,135.40,128.50,132.12,128.81,7758401,1031221131.59,53619
NSE,RCOM,INE330H01018,BE,0.98,0.98,0.95,0.96,0.96,2983488,2883444.15,1954
NSE,RECLTD,INE020B01018,EQ,353.00,358.75,352.40,356.55,351.85,3407173,1212628583.15,32282
NSE,REDINGTON,INE891D01026,EQ,243.99,247.90,242.42,243.98,242.79,1744143,427099508.04,36340
NSE,REDTAPE,INE0LXT01019,EQ,137.00,137.36,132.03,134.53,135.84,550285,74174395.78,12031
NSE,REFEX,INE056I01025,EQ,314.10,329.90,313.80,320.05,314.10,809191,260407241.90,13422
NSE,REGAAL,INE0MHO01029,BE,81.78,83.35,80.80,81.88,81.38,51959,4253161.40,316
NSE,REGENCERAM,INE277C01012,EQ,42.20,42.20,39.80,39.91,40.79,732,29453.47,31
NSE,RELAXO,INE131B01039,EQ,343.55,352.95,340.60,350.85,341.50,185171,64511442.30,11527
NSE,RELCHEMQ,INE750D01016,EQ,138.80,141.50,136.10,136.89,138.75,13077,1805998.25,592
NSE,RELIABLE,INE375Y01018,EQ,158.90,159.38,152.00,155.50,154.91,96806,14986210.35,530
NSE,RELIANCE,INE002A01018,EQ,1313.40,1333.40,1306.40,1328.80,1307.00,18513223,24561659086.40,268584
NSE,RELIGARE,INE621H01010,EQ,243.52,247.49,239.04,245.77,240.69,755976,184152995.45,11716
NSE,RELTD,INE206N01018,EQ,146.94,150.00,139.99,142.52,146.94,446634,64167655.47,8295
NSE,RELTD-RE,INE206N20018,BE,31.11,43.00,31.11,38.18,45.94,120099,4399495.86,1307
NSE,REMSONSIND,INE474C01023,EQ,90.70,92.27,88.55,89.19,90.78,78897,7045481.01,1343
NSE,RENUKA,INE087H01022,EQ,24.39,24.39,23.52,23.75,24.06,9725923,231930864.32,18863
NSE,REPCOHOME,INE612J01015,EQ,392.00,394.25,387.55,390.65,391.60,58805,22988142.00,2731
NSE,REPL,INE364Z01019,EQ,76.00,76.00,71.15,73.20,72.54,5519,403212.96,116
NSE,REPRO,INE461B01014,EQ,364.90,373.75,356.00,358.50,363.95,14614,5300623.20,577
NSE,RESPONIND,INE688D01026,EQ,175.68,177.69,174.22,176.83,175.71,68539,12080297.59,1876
NSE,RETAIL,INE03DD01011,EQ,17.81,19.20,17.81,17.88,17.81,7490,135613.82,97
NSE,RGL,INE722H01024,EQ,105.85,114.79,105.85,114.00,105.85,3614044,402684950.16,28592
NSE,RHETAN,INE0KKN01029,EQ,29.00,30.87,28.28,30.54,29.38,8743145,261583507.66,15443
NSE,RHIM,INE743M01012,EQ,373.60,381.15,373.55,378.60,375.50,111375,42016727.40,3784
NSE,RHL,INE508K01013,EQ,175.01,180.00,175.00,179.98,177.26,2770,494600.92,55
NSE,RICOAUTO,INE209B01025,EQ,134.28,135.25,130.06,133.28,133.39,1243769,164811515.94,10507
NSE,RIIL,INE046A01015,EQ,794.80,875.00,794.05,852.20,794.80,1653879,1399226243.00,57316
NSE,RISHABH,INE0N2P01017,EQ,559.70,564.60,546.60,551.15,555.30,198097,109545797.40,10158
NSE,RITCO,INE01EG01016,EQ,260.00,263.20,252.00,254.15,257.70,33584,8619475.45,1119
NSE,RITES,INE320J01015,EQ,208.94,211.67,208.40,210.27,208.38,319835,67073517.11,10526
NSE,RKDL,INE722J01012,EQ,18.50,18.69,17.93,18.32,18.10,12922,237294.79,156
NSE,RKEC,INE786W01010,EQ,26.72,27.28,25.05,25.61,26.47,167281,4323488.41,704
NSE,RKFORGE,INE399G01023,EQ,589.60,593.00,574.00,583.50,589.00,476605,276669058.80,10319
NSE,RKSWAMY,INE0NQ801033,EQ,101.40,102.19,98.76,99.75,101.40,25008,2496407.09,622
NSE,RMC,INE655V01019,BE,313.00,319.55,306.40,310.60,311.65,11053,3453391.50,170
NSE,RMDRIP,INE219Y01026,EQ,19.70,20.45,18.64,20.05,19.49,2066818,40537493.83,4728
NSE,RML,INE050H01012,EQ,932.00,988.00,926.85,979.55,928.75,175588,171177467.55,9910
NSE,RNBDENIMS,INE012Q01039,EQ,11.80,11.80,10.90,11.12,11.27,2074930,23624755.06,2650
NSE,ROHLTD,INE283H01019,EQ,328.00,341.45,328.00,331.05,329.90,57171,19138521.10,2346
NSE,ROLEXRINGS,INE645S01024,EQ,140.75,141.42,139.11,140.97,140.67,684541,96155424.18,5791
NSE,ROLLT,INE927A01040,BE,2.97,2.98,2.70,2.95,2.84,589359,1677076.77,510
NSE,ROML,INE294G01026,EQ,45.04,46.50,45.00,45.51,45.68,6608,302881.43,101
NSE,ROSSARI,INE02A801020,EQ,508.00,519.90,506.85,513.50,511.50,45952,23591011.25,3426
NSE,ROSSELLIND,INE847C01020,EQ,54.25,57.01,53.68,55.48,54.52,20832,1144116.60,392
NSE,ROSSTECH,INE0OJW01016,EQ,1006.50,1006.50,980.20,998.60,997.80,44514,44223133.90,3506
NSE,ROTO,INE535D01037,EQ,65.45,66.19,63.96,64.30,65.32,550064,35630078.22,3985
NSE,ROUTE,INE450U01017,EQ,530.00,549.50,526.85,541.90,526.50,360055,195626731.20,11462
NSE,RPEL,INE912T01018,EQ,1199.05,1210.00,1172.10,1203.40,1199.90,192096,229509947.90,10771
NSE,RPGLIFE,INE105J01010,EQ,2286.20,2321.90,2262.70,2288.70,2297.70,10157,23302043.80,1986
NSE,RPOWER,INE614G01033,EQ,26.91,27.27,26.66,27.00,26.64,28763881,776136903.39,36296
NSE,RPPINFRA,INE324L01013,EQ,64.89,64.94,62.30,62.80,63.35,88540,5603608.75,841
NSE,RPPL,INE760W01023,EQ,19.70,19.80,19.03,19.49,19.61,71008,1385156.52,238
NSE,RPSGVENT,INE425Y01011,EQ,882.80,892.20,876.10,886.95,888.20,20781,18352166.50,1243
NSE,RPTECH,INE0J1F01024,EQ,575.00,673.50,570.00,662.60,561.25,17060651,10914052199.80,272846
NSE,RRIL,INE951M01037,EQ,20.35,20.49,19.80,19.84,20.30,32404,650242.21,63
NSE,RRKABEL,INE777K01022,EQ,2210.00,2277.70,2178.00,2201.10,2187.40,1037972,2322501910.10,70352
NSE,RSDFIN,INE616F01022,EQ,82.00,82.00,82.00,82.00,82.00,50,4100.00,1
NSE,RSL,INE313L01016,EQ,130.79,131.89,129.78,130.85,130.78,157159,20542622.04,1179
NSE,RSSOFTWARE,INE165B01029,BE,31.05,32.00,30.51,31.63,31.29,34274,1075775.14,165
NSE,RSWM,INE611A01016,EQ,207.55,208.27,201.99,203.33,206.83,117974,24150557.27,2521
NSE,RSYSTEMS,INE411H01032,EQ,257.55,263.00,257.30,262.30,256.65,103014,26798801.70,4320
NSE,RTNINDIA,INE834M01019,EQ,35.85,35.88,35.06,35.62,35.53,2050408,72605957.43,7792
NSE,RTNPOWER,INE399K01017,EQ,9.60,9.63,9.36,9.43,9.51,11883526,112585699.91,13839
NSE,RUBFILA,INE642C01025,EQ,73.80,73.80,71.55,72.48,72.15,16947,1230470.10,283
NSE,RUBICON,INE506V01022,EQ,1359.20,1400.00,1317.00,1351.60,1344.40,719416,975776228.10,50797
NSE,RUBYMILLS,INE301D01026,BE,333.00,333.80,318.20,321.80,333.95,8918,2892071.60,296
NSE,RUCHINFRA,INE413B01023,EQ,6.40,6.43,6.27,6.38,6.33,42053,266844.93,145
NSE,RUCHIRA,INE803H01014,EQ,109.00,110.85,106.55,109.13,108.61,24963,2701877.89,697
NSE,RUDRA,INE027T01023,BE,18.19,18.40,17.72,18.32,18.19,16896,308590.45,80
NSE,RUPA,INE895B01021,EQ,154.80,155.41,151.50,152.67,153.41,79974,12258398.58,1693
NSE,RUSHIL,INE573K01025,EQ,18.65,18.65,17.39,17.66,17.89,1375313,24601194.16,2921
NSE,RUSTOMJEE,INE263M01029,EQ,400.70,401.20,396.25,398.10,400.70,4476,1783690.60,692
NSE,RVHL,INE09E501017,EQ,47.51,48.50,44.10,44.56,47.28,162796,7365141.06,1028
NSE,RVNL,INE415G01027,EQ,241.80,243.59,239.65,241.14,239.70,3985588,962363334.92,36661
NSE,RVTH,INE0DAB01012,EQ,720.00,729.00,701.10,705.15,688.95,646,460299.05,65
NSE,S&SPOWER,INE902B01017,BE,376.50,393.70,376.00,385.25,375.85,2209,846486.50,44
NSE,SAATVIKGL,INE13B501022,EQ,475.35,483.00,467.10,476.15,469.80,112749,53595049.50,4696
NSE,SABEVENTS,INE860T01019,BE,7.61,7.94,7.26,7.66,7.60,10176,76843.54,37
NSE,SADBHAV,INE226H01026,EQ,9.06,9.23,9.06,9.17,9.10,114104,1046093.48,211
NSE,SADBHIN,INE764L01010,BE,3.01,3.06,2.97,3.00,3.01,56538,169687.79,123
NSE,SADHNANIQ,INE888C01040,BE,2.49,2.49,2.49,2.49,2.38,827137,2059571.13,144
NSE,SAFARI,INE429E01023,EQ,1647.00,1655.40,1601.10,1608.80,1636.00,32823,53231397.40,6703
NSE,SAGARDEEP,INE976T01013,EQ,25.90,25.90,24.18,25.55,25.22,7319,185849.32,71
NSE,SAGCEM,INE229C01021,EQ,172.74,176.48,171.21,175.98,172.74,45785,7983496.11,1153
NSE,SAGILITY,INE0W2G01015,EQ,40.15,40.97,39.75,39.96,40.00,16846826,676290134.49,41567
NSE,SAHLIBHFI,INE861D01011,EQ,75.21,76.00,73.92,75.70,75.21,13958,1048450.60,181
NSE,SAHYADRI,INE280H01015,EQ,272.90,281.00,270.00,273.55,272.75,7611,2093849.50,807
NSE,SAIL,INE114A01011,EQ,182.50,183.41,179.12,180.99,182.51,20743356,3756763033.29,67430
NSE,SAILIFE,INE570L01029,EQ,1202.20,1214.40,1181.30,1206.30,1207.90,337709,404412164.20,26282
NSE,SAIPARENT,INE0H9F01037,EQ,579.00,579.00,564.00,572.25,572.95,75640,43092148.15,3318
NSE,SAKAR,INE732S01012,EQ,840.00,889.95,806.70,822.95,844.15,167420,141365013.75,8913
NSE,SAKHTISUG,INE623A01011,EQ,18.53,18.53,18.08,18.18,18.24,39174,713444.97,282
NSE,SAKSOFT,INE667G01023,EQ,144.40,148.75,142.81,143.67,143.74,464672,67400356.08,4479
NSE,SAKUMA,INE190H01024,BE,1.97,1.97,1.90,1.93,1.93,567285,1097332.24,708
NSE,SALASAR,INE170V01027,EQ,7.26,7.30,7.14,7.17,7.25,2002306,14425068.12,2622
NSE,SALONA,INE498E01010,EQ,268.00,275.00,260.10,269.10,260.75,231,62037.60,19
NSE,SALSTEEL,INE658G01014,BE,58.07,61.00,58.07,59.51,59.56,86619,5176688.16,289
NSE,SALZERELEC,INE457F01013,EQ,636.55,661.00,630.95,656.25,639.75,64555,41885686.30,3778
NSE,SAMBHAAV,INE699B01027,EQ,6.50,6.95,6.29,6.73,6.48,480468,3175695.86,189
NSE,SAMBHV,INE12NJ01018,EQ,109.80,109.99,105.61,106.23,109.17,809243,86625095.91,5476
NSE,SAMHI,INE08U801020,EQ,171.98,171.98,166.55,170.38,168.25,622060,105367244.61,10083
NSE,SAMMAANCAP,INE148I01020,EQ,180.90,183.18,177.48,180.00,180.75,9409784,1693171210.22,34881
NSE,SAMPANN,INE735M01018,EQ,28.50,28.90,27.80,27.91,28.24,16863,473858.21,199
NSE,SANATHAN,INE0JPD01013,EQ,413.75,413.80,400.10,403.80,406.15,128936,52397403.30,2548
NSE,SANDESH,INE583B01015,EQ,958.00,984.80,953.00,959.50,955.00,526,506024.60,70
NSE,SANDHAR,INE278H01035,EQ,709.05,720.80,683.55,688.95,707.10,300340,208653352.10,10451
NSE,SANDUMA,INE149K01016,EQ,215.00,219.55,213.62,215.35,214.45,666781,143985586.26,18095
NSE,SANGAMIND,INE495C01010,EQ,535.55,536.00,523.00,526.25,531.60,25971,13750981.00,960
NSE,SANGHVIMOV,INE989A01032,EQ,427.65,428.10,406.05,422.05,420.85,682636,285618268.10,21407
NSE,SANGINITA,INE753W01010,BE,36.23,36.23,36.23,36.23,35.52,48888,1771212.24,122
NSE,SANOFI,INE058A01010,EQ,3260.70,3339.90,3245.00,3303.70,3240.70,38621,127257234.10,8310
NSE,SANOFICONR,INE0UOS01011,EQ,4743.70,4794.00,4716.00,4743.70,4720.10,4308,20434576.20,926
NSE,SANSERA,INE953O01021,EQ,2948.60,3000.00,2817.00,2838.80,2940.10,410785,1192696748.20,36433
NSE,SANSTAR,INE08NE01025,EQ,117.40,117.89,114.90,115.08,117.65,124959,14465041.94,2715
NSE,SAPPHIRE,INE806T01020,EQ,177.70,185.58,176.05,181.67,173.45,10159766,1841804583.97,95572
NSE,SAPPL,INE185C01017,EQ,279.90,279.90,260.00,274.00,279.90,5149,1379088.70,45
NSE,SARDAEN,INE385C01021,EQ,524.85,533.00,521.50,523.50,523.15,208790,109705687.05,17678
NSE,SAREGAMA,INE979A01025,EQ,469.80,471.55,459.50,464.55,462.60,609168,282842637.65,12577
NSE,SARLAPOLY,INE453D01025,EQ,98.75,99.90,97.25,99.31,97.96,66941,6593677.37,1269
NSE,SARVESHWAR,INE324X01026,BE,3.77,3.78,3.70,3.78,3.60,732805,2761373.34,791
NSE,SASKEN,INE231F01020,EQ,2126.30,2250.00,2124.20,2188.40,2124.20,41929,91030255.00,5667
NSE,SATIA,INE170E01023,EQ,55.82,56.62,54.85,55.47,55.55,113534,6329571.26,2227
NSE,SATIN,INE836B01017,EQ,232.11,241.00,228.95,231.38,232.11,395949,92590570.27,7410
NSE,SAURASHCEM,INE626A01014,EQ,60.00,60.98,57.47,57.91,59.10,194005,11322560.17,1382
NSE,SAYAJIHOTL,INE318C01014,EQ,303.00,303.00,289.00,289.00,302.00,100,29216.00,11
NSE,SBC,INE04AK01028,EQ,37.33,37.50,37.13,37.26,37.14,9763905,364559308.08,4070
NSE,SBCL,INE386D01027,EQ,733.70,743.85,723.00,740.60,725.75,418823,308204309.20,16409
NSE,SBFC,INE423Y01016,EQ,93.50,94.22,92.43,93.34,92.82,704899,65616545.64,6726
NSE,SBGLP,INE05ST01028,EQ,26.66,27.24,25.51,26.01,26.65,26414,694097.45,623
NSE,SBICARD,INE018E01016,EQ,601.80,626.00,601.15,621.65,600.90,1960494,1211196742.15,37210
NSE,SBILIFE,INE123W01016,EQ,1771.70,1793.00,1764.00,1767.60,1759.50,1423732,2524752818.60,40956
NSE,SBIN,INE062A01020,EQ,1023.80,1026.55,1007.40,1015.30,1020.85,9693677,9829555551.65,190586
NSE,SCANSTL,INE099G01011,EQ,37.11,38.80,36.65,38.02,37.55,20109,759622.45,193
NSE,SCHAEFFLER,INE513A01022,EQ,4035.00,4210.00,4026.60,4163.00,4041.20,105447,439515330.10,20236
NSE,SCHAND,INE807K01035,EQ,151.00,152.15,147.76,148.90,150.24,37623,5640709.53,959
NSE,SCHNEIDER,INE839M01018,EQ,1246.20,1257.90,1150.00,1181.40,1216.20,928140,1118865594.10,49997
NSE,SCI,INE109A01011,EQ,312.00,317.25,305.50,308.60,310.75,3818612,1186498447.50,43064
NSE,SCILAL,INE0PB301013,EQ,46.37,46.70,45.70,46.29,46.02,288283,13296689.59,1760
NSE,SCODATUBES,INE090501011,EQ,133.41,137.00,132.00,133.55,131.44,480480,64564578.42,5935
NSE,SCPL,INE501Y01019,EQ,520.00,522.80,464.70,470.85,515.30,56607,28092378.20,2635
NSE,SDBL,INE480C01038,EQ,78.50,79.77,76.80,77.57,78.42,511456,39830364.18,4630
NSE,SEAMECLTD,INE497B01018,EQ,1595.00,1641.00,1571.00,1575.00,1608.70,27106,43147651.30,4121
NSE,SECMARK,INE0BTM01013,EQ,132.80,132.80,126.00,128.29,123.23,68,8663.35,8
NSE,SECURKLOUD,INE650K01021,EQ,19.99,19.99,19.03,19.23,19.01,6112,119327.01,76
NSE,SEDEMAC,INE00XB01019,EQ,2764.90,2793.20,2715.00,2778.20,2734.90,129108,357006421.30,14205
NSE,SEIL,INE440T01028,EQ,210.31,211.05,205.30,208.27,206.51,531919,110531285.72,11087
NSE,SEJALLTD,INE955I01044,BE,722.80,725.00,722.80,725.00,690.50,2353,1705782.00,53
NSE,SELMC,INE105I01020,EQ,31.00,31.00,29.71,29.85,30.12,2051,61582.12,53
NSE,SEMAC,INE617A01013,BE,341.15,341.15,325.50,341.10,341.15,28,9310.75,4
NSE,SENCO,INE602W01027,EQ,351.25,357.50,348.60,351.55,350.20,464408,163716415.75,12914
NSE,SENORES,INE0RB801010,EQ,1284.30,1300.00,1248.50,1257.20,1283.20,244797,308593950.90,15681
NSE,SEPC,INE964H01014,EQ,7.54,7.54,6.87,7.11,7.34,74340789,525700474.34,41166
NSE,SERVOTECH,INE782X01033,EQ,103.94,106.18,102.50,104.27,103.74,1368887,143025139.28,10923
NSE,SESHAPAPER,INE630A01024,EQ,228.90,228.90,219.00,221.04,226.53,101591,22642643.72,2104
NSE,SETCO,INE878E01021,BE,19.35,19.35,18.62,18.62,18.99,897940,16876674.56,500
NSE,SETL,INE0M4D01010,EQ,170.00,179.00,170.00,171.99,168.94,1000756,175100701.19,9010
NSE,SEYAIND,INE573R01012,BE,13.17,13.43,12.91,13.15,13.17,7103,93678.11,54
NSE,SFL,INE916U01025,EQ,713.95,713.95,700.00,703.45,709.60,127932,90166207.45,7424
NSE,SGFIN,INE618R01015,EQ,606.90,606.90,579.85,587.60,600.20,160301,94168290.80,5575
NSE,SGIL,INE00QT01015,EQ,563.20,593.75,563.20,572.40,563.20,14451,8382230.85,1120
NSE,SGL,INE353H01010,EQ,10.94,11.10,10.51,10.88,10.69,18434,200113.00,148
NSE,SGMART,INE385F01024,EQ,595.00,598.30,585.00,587.45,594.10,55144,32503255.90,3649
NSE,SHADOWFAX,INE12UN01015,EQ,225.56,227.60,211.55,215.49,223.82,2002375,435496673.59,37990
NSE,SHAH,INE482J01021,EQ,5.06,5.06,4.63,4.66,4.93,20342663,96774968.24,8891
NSE,SHAH-RE1,INE482J20021,BE,0.05,0.05,0.05,0.05,0.04,684308,34215.40,82
NSE,SHAHALLOYS,INE640C01011,EQ,68.99,69.10,67.40,67.40,66.90,2134,145334.34,24
NSE,SHAILY,INE151G01028,EQ,2954.30,3017.70,2876.10,2920.70,2948.10,205343,599544245.60,23313
NSE,SHAKTIPUMP,INE908D01010,EQ,549.70,553.95,544.50,548.40,546.30,483283,265123099.70,18606
NSE,SHALBY,INE597J01018,EQ,170.62,172.77,168.62,170.40,170.62,28284,4819228.38,966
NSE,SHALPAINTS,INE849C01026,EQ,52.90,53.50,52.06,53.12,52.59,24916,1320258.53,382
NSE,SHANKARA,INE274V01019,BE,114.80,114.80,114.45,114.80,112.55,112898,12960442.25,58
NSE,SHANTI,INE933X01016,EQ,6.40,6.40,6.22,6.24,6.28,37745,236720.57,116
NSE,SHANTIGEAR,INE631A01022,EQ,446.15,456.95,444.65,451.90,447.35,14800,6691928.05,810
NSE,SHANTIGOLD,INE06ZD01017,EQ,229.20,231.80,226.49,227.38,229.72,905041,207331708.47,5896
NSE,SHARDACROP,INE221J01015,EQ,921.00,935.90,909.15,914.90,915.30,290488,266987246.00,16429
NSE,SHARDAMOTR,INE597I01028,EQ,808.85,815.15,805.20,812.10,804.05,23003,18662086.10,1980
NSE,SHARDUL,INE037B01020,EQ,26.40,29.78,26.40,29.58,27.62,482,13548.96,19
NSE,SHAREINDIA,INE932X01026,EQ,138.00,140.22,132.82,137.44,138.50,617625,84406365.51,5117
NSE,SHBAJRG,INE402H01015,EQ,200.00,200.75,191.17,195.06,198.45,3120,611848.41,62
NSE,SHEKHAWATI,INE268L01046,BE,15.00,15.18,14.11,14.44,14.68,10954,158749.14,67
NSE,SHEMAROO,INE363M01019,EQ,119.00,122.00,118.20,120.54,118.03,16049,1931043.25,219
NSE,SHILCTECH,INE024F01011,EQ,4188.00,4200.00,4125.50,4170.70,4144.40,15984,66577282.10,3346
NSE,SHILPAMED,INE790G01031,EQ,534.90,558.70,524.30,552.45,532.75,1073301,582446415.25,26225
NSE,SHINDL,INE220Z01013,EQ,161.03,161.03,158.05,159.82,158.27,114087,18214939.73,438
NSE,SHIVALIK,INE788J01021,BE,217.00,229.00,217.00,227.85,220.00,55389,12313972.00,430
NSE,SHIVAMAUTO,INE637H01024,BE,16.99,17.44,16.80,16.92,16.84,19215,325689.06,96
NSE,SHIVAMILLS,INE644Y01017,BE,64.98,64.98,62.22,64.40,63.45,738,46763.40,11
NSE,SHIVATEX,INE705C01020,EQ,151.76,151.76,148.30,149.99,151.01,4231,634803.66,36
NSE,SHIVAUM,INE719F01016,EQ,365.10,365.10,365.10,365.10,365.00,30,10953.00,3
NSE,SHK,INE500L01026,EQ,134.32,144.49,134.32,143.85,134.32,860932,121167341.74,9558
NSE,SHOPERSTOP,INE498B01024,EQ,368.00,375.60,367.00,370.25,370.30,24898,9212680.55,1910
NSE,SHRADHA,INE715Y01031,EQ,33.86,35.50,33.06,35.12,33.86,19125,667330.55,134
NSE,SHREDIGCEM,INE232A01011,EQ,75.42,75.42,72.21,73.38,74.87,121202,8910479.63,1455
NSE,SHREECEM,INE070A01015,EQ,24970.00,25040.00,24550.00,24870.00,24825.00,48164,1189898200.00,11320
NSE,SHREEJISPG,INE1B6101010,EQ,477.25,481.50,465.10,468.30,476.10,605029,286473005.85,5592
NSE,SHREEPUSHK,INE712K01011,EQ,387.45,393.00,377.10,380.30,385.65,30289,11571624.15,1215
NSE,SHREERAMA,INE879A01019,EQ,42.45,44.50,42.00,43.15,42.20,83686,3603728.44,815
NSE,SHREYANIND,INE231C01019,EQ,147.55,151.19,137.40,139.29,146.09,14952,2117277.55,415
NSE,SHRIKRISH,INE997I01012,EQ,41.95,43.96,41.00,43.96,41.13,1372,57768.80,26
NSE,SHRINGARMS,INE1B3L01017,EQ,213.90,216.89,212.96,215.37,212.72,520615,111906966.65,3182
NSE,SHRIPISTON,INE526E01018,EQ,3763.60,3788.20,3680.00,3695.80,3741.90,68650,255475448.90,14202
NSE,SHRIRAMFIN,INE721A01047,EQ,998.00,1010.05,992.05,1005.75,1000.65,4544903,4548273396.15,83192
NSE,SHRIRAMPPS,INE217L01019,EQ,88.27,89.59,87.00,87.85,88.27,510750,44825830.72,4046
NSE,SHYAMCENT,INE979R01011,EQ,4.87,5.10,4.87,5.03,4.97,54007,270452.85,185
NSE,SHYAMMETL,INE810G01011,EQ,970.40,974.00,958.55,965.10,969.85,595682,575267837.70,7546
NSE,SHYAMTEL,INE635A01023,BE,16.43,16.43,16.43,16.43,15.65,2744,45083.92,13
NSE,SICAGEN,INE176J01011,EQ,54.55,55.83,53.00,53.81,54.55,8798,475217.04,90
NSE,SICALLOG,INE075B01020,BE,92.00,92.04,88.50,92.04,87.66,113478,10372365.09,247
NSE,SIEMENS,INE003A01024,EQ,3611.00,3669.00,3604.40,3636.90,3601.80,325257,1184544600.50,18884
NSE,SIGACHI,INE0D0K01022,BE,21.41,21.85,21.01,21.17,21.41,670439,14255294.46,1238
NSE,SIGIND,INE529F01035,EQ,49.50,50.50,48.84,49.15,49.59,13939,689425.07,215
NSE,SIGMA,INE0A0S01028,EQ,40.30,40.63,38.26,39.10,40.39,110015,4319143.77,1272
NSE,SIGMAADV,INE933B01012,BE,461.00,478.00,444.40,475.10,462.20,249936,114051818.95,3938
NSE,SIGNATURE,INE903U01023,EQ,790.00,803.50,790.00,797.05,788.10,211247,168624089.40,5933
NSE,SIGNPOST,INE0KGZ01021,EQ,260.00,263.00,255.65,257.15,259.20,58257,15075669.40,1974
NSE,SIKA,INE438E01032,EQ,900.00,922.30,900.00,904.55,897.60,34495,31514995.45,4175
NSE,SIKKO,INE112X01025,EQ,4.02,4.02,3.91,3.93,4.00,432233,1703804.97,531
NSE,SIL,INE173A01025,EQ,15.67,16.15,15.00,15.32,15.67,72648,1113563.63,592
NSE,SILGO,INE01II01013,EQ,75.15,76.00,74.25,75.42,75.15,367438,27665379.74,1944
NSE,SILINV,INE923A01015,EQ,428.00,432.00,422.45,425.40,422.45,1644,698337.30,79
NSE,SILLYMONKS,INE203Y01012,EQ,17.80,18.39,17.10,17.26,17.80,17682,307136.90,177
NSE,SILVERTUC,INE625X01026,EQ,210.00,212.70,197.95,198.08,208.36,597686,121645922.20,9249
NSE,SIMPLEXINF,INE059B01024,EQ,257.35,279.90,256.15,277.90,257.35,560734,152190566.30,6925
NSE,SINCLAIR,INE985A01022,EQ,76.88,76.89,75.78,76.22,75.77,30687,2338962.87,227
NSE,SINDHUTRAD,INE325D01025,EQ,25.09,27.08,24.86,25.97,25.09,10792706,280504220.56,8399
NSE,SINGERIND,INE638A01035,EQ,71.36,72.80,70.80,72.15,71.53,18023,1298904.70,321
NSE,SINTERCOM,INE129Z01016,EQ,74.90,84.11,73.31,78.37,72.38,399220,29901928.88,762
NSE,SIRCA,INE792Z01011,EQ,419.85,423.00,413.20,415.95,419.80,299773,125065804.05,3998
NSE,SIS,INE285J01028,EQ,425.95,437.50,420.10,423.40,427.75,121562,52006807.90,8696
NSE,SIYSIL,INE076B01028,EQ,638.80,638.80,622.00,627.20,632.50,31757,19928321.00,2963
NSE,SJS,INE284S01014,EQ,2228.00,2282.60,2203.80,2219.50,2203.80,110788,248180397.80,15677
NSE,SJVN,INE002L01015,EQ,73.14,74.06,72.95,73.67,73.14,3160897,232111838.83,15286
NSE,SKFINDIA,INE640A01023,EQ,1663.00,1690.00,1630.00,1638.80,1650.90,29239,48360998.30,4813
NSE,SKFINDUS,INE2J8701016,EQ,2500.00,2513.00,2457.30,2494.60,2490.80,8886,22089351.20,2522
NSE,SKIPPER,INE439E01022,EQ,551.25,562.50,546.05,554.20,549.70,453850,251581052.70,13724
NSE,SKMEGGPROD,INE411D01023,EQ,236.76,246.58,236.76,243.81,235.93,455482,110655063.31,8449
NSE,SKYGOLD,INE01IU01018,EQ,533.00,545.75,524.15,530.00,533.65,587963,313304661.85,12364
NSE,SMARTLINK,INE178C01020,BE,172.55,172.55,162.06,165.37,164.40,4498,749892.02,62
NSE,SMARTWORKS,INE0NAZ01010,EQ,473.50,491.85,468.00,481.55,469.90,246492,119114685.10,10640
NSE,SMCGLOBAL,INE103C01036,EQ,73.70,73.79,71.79,72.74,73.11,639643,46691273.27,2494
NSE,SMLMAH,INE294B01019,EQ,4029.40,4064.70,3918.10,3939.00,4015.30,37167,147909139.70,7857
NSE,SMLT,INE017W01010,EQ,70.24,71.96,70.00,70.40,70.24,4553,321549.01,141
NSE,SMSPHARMA,INE812G01025,EQ,378.10,382.20,375.10,376.40,378.00,60814,22948311.75,1860
NSE,SNOWMAN,INE734N01019,EQ,39.29,39.39,38.11,39.12,38.51,160482,6260050.62,1739
NSE,SOBHA,INE671H01015,EQ,1374.70,1407.00,1368.10,1397.00,1374.70,80968,112615498.60,7528
NSE,SOFTTECH,INE728Z01015,BE,401.00,402.40,401.00,402.40,401.45,744,299331.00,10
NSE,SOLARA,INE624Z01016,EQ,604.20,607.00,579.95,589.15,601.20,210850,124568405.75,8211
NSE,SOLARINDS,INE343H01029,EQ,17380.00,17380.00,16843.00,16899.00,17277.00,115849,1971786818.00,27158
NSE,SOLARWORLD,INE0TY101024,EQ,185.85,188.86,185.31,185.84,186.23,141784,26426488.34,2174
NSE,SOLEX,INE880Y01017,EQ,1100.00,1126.00,1086.70,1123.50,1085.20,37689,41964064.60,2972
NSE,SOMANYCERA,INE355A01028,EQ,520.45,534.80,514.55,526.25,520.10,107384,56256632.75,3781
NSE,SOMATEX,INE314C01013,EQ,98.04,99.99,97.02,97.68,98.04,7791,761324.32,164
NSE,SOMICONVEY,INE323J01019,EQ,100.95,101.98,99.15,100.18,99.47,11618,1169864.26,150
NSE,SONACOMS,INE073K01018,EQ,599.25,609.55,591.60,598.65,596.35,1855149,1112608658.75,40715
NSE,SONAMLTD,INE00LM01029,EQ,54.10,56.00,54.10,55.46,55.12,63922,3530985.14,663
NSE,SONATSOFTW,INE269A01021,EQ,261.70,312.40,261.70,311.25,260.35,29031334,8703185358.90,221984
NSE,SOTL,INE035D01020,EQ,584.00,623.00,576.25,605.75,577.55,634073,380405161.10,19978
NSE,SOUTHBANK,INE683A01023,EQ,47.10,47.77,46.80,47.20,46.92,13747133,648343060.54,32021
NSE,SOUTHWEST,INE980Y01015,EQ,253.90,256.00,250.55,252.20,251.25,150199,37961009.05,4145
NSE,SPAL,INE212I01016,EQ,855.00,866.45,827.00,848.25,867.85,361317,306215190.65,13375
NSE,SPANDANA,INE572J01011,EQ,240.00,247.00,240.00,243.20,238.45,341052,83233642.10,9284
NSE,SPARC,INE232I01014,EQ,231.66,240.80,230.25,238.41,229.03,3212926,756646037.00,30616
NSE,SPCENET,INE970N01027,EQ,3.40,3.43,3.33,3.36,3.35,321317,1088896.04,554
NSE,SPECIALITY,INE247M01014,EQ,108.00,110.00,107.01,108.65,107.54,30738,3335481.14,221
NSE,SPECTRUM,INE01EO01010,EQ,1614.30,1619.80,1554.00,1564.20,1598.40,8780,13861678.10,1112
NSE,SPENCERS,INE020801028,EQ,37.15,37.88,36.33,37.39,36.88,77461,2897079.13,1138
NSE,SPIC,INE147A01011,EQ,69.55,72.77,69.10,71.75,69.01,2291189,163861973.16,12499
NSE,SPLIL,INE978G01016,EQ,31.00,31.30,30.10,30.96,31.48,4669,143659.28,117
NSE,SPLPETRO,INE663A01033,EQ,704.90,732.20,701.00,703.50,700.75,83635,59847606.25,6542
NSE,SPMLINFRA,INE937A01023,EQ,188.90,194.80,187.01,190.10,186.97,472228,90433348.15,6157
NSE,SPORTKING,INE885H01029,EQ,184.09,184.09,177.31,180.72,183.49,147285,26545639.49,3211
NSE,SRD,INE01NE01012,EQ,38.82,39.98,38.70,38.99,38.82,33247,1293432.99,192
NSE,SREEL,INE099F01013,EQ,201.80,206.40,196.00,202.11,197.73,10824,2184242.69,182
NSE,SRF,INE647A01010,EQ,2730.00,2784.00,2730.00,2744.00,2720.50,687248,1896680716.60,37235
NSE,SRGHFL,INE559N01010,EQ,278.70,282.00,276.00,280.55,276.05,688,192710.65,25
NSE,SRHHYPOLTD,INE917H01012,EQ,501.00,505.50,497.00,497.65,497.60,8412,4205757.30,303
NSE,SRM,INE0R6Z01013,EQ,499.10,508.40,498.00,502.95,494.20,79435,39865971.15,3407
NSE,SRTL,INE19GK01015,EQ,42.00,42.00,41.16,41.80,41.35,19434,808333.99,334
NSE,SSDL,INE0PQ101010,EQ,56.15,58.00,56.15,57.83,56.85,11331,650950.80,249
NSE,SSWL,INE802C01033,EQ,237.01,242.40,231.56,234.03,234.84,817525,192920829.32,15154
NSE,STALLION,INE0RYC01010,EQ,195.00,202.00,191.53,192.42,193.00,2193530,430583138.37,24862
NSE,STANLEY,INE01A001028,EQ,142.40,147.50,142.10,145.59,142.01,206339,29946164.00,7920
NSE,STAR,INE939A01011,EQ,1084.10,1109.00,1071.20,1102.70,1085.30,175546,193110757.20,16017
NSE,STARCEMENT,INE460H01021,EQ,215.00,215.94,211.43,213.77,213.95,630122,134401448.64,12914
NSE,STARHEALTH,INE575P01011,EQ,528.70,532.00,520.00,521.75,528.65,416854,218872831.90,19135
NSE,STARPAPER,INE733A01018,EQ,137.08,138.40,137.06,137.34,137.06,2125,291474.46,51
NSE,STARTECK,INE992I01013,EQ,263.85,271.90,263.80,267.70,263.95,6677,1797425.70,101
NSE,STCINDIA,INE655A01013,EQ,125.55,132.80,125.48,127.74,124.36,846978,109774181.98,11317
NSE,STEELCAS,INE124E01038,EQ,289.00,294.30,286.15,288.80,289.35,35587,10321755.65,1564
NSE,STEELCITY,INE395H01011,EQ,79.37,79.37,76.90,78.49,77.53,5261,408854.17,173
NSE,STEELXIND,INE503B01021,EQ,12.43,12.50,12.10,12.39,12.35,4783821,58832082.55,4878
NSE,STEL,INE577L01016,EQ,630.00,657.30,607.20,621.40,616.60,51824,32412673.95,3543
NSE,STERTOOLS,INE334A01023,EQ,245.69,251.58,235.00,237.76,239.54,228905,55531865.98,5866
NSE,STLNETWORK,INE1VXE01018,BE,28.65,28.77,27.75,28.34,28.24,603446,17047922.74,1499
NSE,STLTECH,INE089C01029,BE,601.00,630.00,591.30,624.70,608.80,2436324,1485224094.60,21589
NSE,STOVEKRAFT,INE00IN01015,EQ,659.55,663.00,644.80,661.25,659.55,88874,58225168.45,3828
NSE,STUDDS,INE00Q601028,EQ,508.00,509.00,498.10,500.45,504.60,60497,30351037.35,2249
NSE,STYL,INE04VU01023,EQ,289.50,295.80,284.60,288.55,286.95,404562,117338465.90,5807
NSE,STYLAMIND,INE239C01020,EQ,3269.70,3340.00,3247.30,3253.70,3257.20,25588,84012118.50,8208
NSE,STYLEBAAZA,INE01FR01028,BE,335.00,343.00,330.20,336.90,332.90,339022,113932482.65,885
NSE,STYRENIX,INE189B01011,EQ,2165.10,2233.40,2156.50,2217.90,2177.10,17096,37733314.70,2363
NSE,SUBEXLTD,INE754A01055,BE,11.58,11.58,11.58,11.58,11.03,1126652,13046630.16,371
NSE,SUBROS,INE287B01021,EQ,756.70,756.70,741.95,744.35,743.70,37020,27667946.85,1928
NSE,SUDARCOLOR,INE492A01029,EQ,361.35,361.35,355.00,356.30,359.60,3862,1380520.70,154
NSE,SUDARSCHEM,INE659A01023,EQ,907.10,912.80,896.80,906.10,898.10,78877,71423568.60,5508
NSE,SUDEEPPHRM,INE0QPI01025,EQ,824.00,858.00,811.80,825.85,822.60,661303,553648144.55,35398
NSE,SUKHJITS,INE450E01029,EQ,174.80,174.80,167.00,168.13,170.20,33344,5642801.99,495
NSE,SULA,INE142Q01026,EQ,155.61,158.49,155.55,157.52,156.01,230788,36352680.99,7488
NSE,SUMEETINDS,INE235C01036,EQ,26.09,26.70,25.41,25.86,25.47,4827067,125663817.47,3261
NSE,SUMICHEM,INE258G01013,EQ,476.60,483.70,471.55,473.25,474.55,768842,365782628.45,12947
NSE,SUMIT,INE748Z01013,BE,39.98,41.51,39.96,41.42,39.54,112999,4605433.38,139
NSE,SUMMITSEC,INE519C01017,EQ,1542.70,1562.90,1530.70,1543.50,1534.90,1908,2948879.70,274
NSE,SUNCLAY,INE0Q3R01026,EQ,1386.00,1386.00,1311.00,1335.40,1369.00,12193,16252269.30,2246
NSE,SUNDARAM,INE108E01023,EQ,1.37,1.39,1.35,1.35,1.35,138998,189557.73,235
NSE,SUNDARMFIN,INE660A01013,EQ,4476.90,4526.40,4432.30,4467.70,4466.90,44215,197809851.10,10238
NSE,SUNDRMBRAK,INE073D01013,EQ,753.80,755.00,726.30,730.75,745.15,1339,998908.90,159
NSE,SUNDRMFAST,INE387A01021,EQ,852.90,860.00,846.10,856.20,851.45,36065,30812919.30,6444
NSE,SUNDROP,INE209A01019,EQ,654.05,668.10,653.05,663.10,658.25,4609,3036306.55,224
NSE,SUNFLAG,INE947A01014,EQ,363.00,366.30,355.00,364.70,360.85,179270,64873102.70,4430
NSE,SUNPHARMA,INE044A01036,EQ,1808.00,1809.90,1792.60,1800.70,1806.00,1373638,2474122071.50,74143
NSE,SUNTECK,INE805D01034,EQ,298.25,314.90,298.25,312.95,298.25,659079,204768744.95,12197
NSE,SUNTV,INE424H01027,EQ,524.20,531.00,519.00,519.85,517.75,330910,173613323.80,20156
NSE,SUPERHOUSE,INE712B01010,EQ,152.50,154.99,148.35,150.74,151.98,5749,872654.25,212
NSE,SUPERSPIN,INE662A01027,EQ,5.28,5.40,5.22,5.32,5.21,91849,490152.36,336
NSE,SUPRAJIT,INE399C01030,EQ,470.65,473.15,460.70,461.85,468.35,99034,46126878.20,4963
NSE,SUPREME,INE822E01011,EQ,45.99,46.00,45.12,45.41,46.01,10045,456325.19,98
NSE,SUPREMEIND,INE195A01028,EQ,3550.60,3598.00,3550.60,3566.70,3550.00,53697,192147130.60,10273
NSE,SUPREMEINF,INE550H01011,EQ,81.50,81.89,79.21,80.57,81.03,66588,5372235.56,2001
NSE,SUPRIYA,INE07RO01027,EQ,963.40,970.95,937.00,946.90,955.20,242340,229932639.95,10883
NSE,SURAJEST,INE843S01025,EQ,197.45,197.45,194.73,195.84,195.99,22293,4371169.99,687
NSE,SURAJLTD,INE713C01016,EQ,233.00,233.70,223.10,228.50,230.86,859,194437.20,45
NSE,SURAKSHA,INE877V01027,EQ,269.00,280.50,268.95,270.05,268.25,49211,13446575.45,1806
NSE,SURANASOL,INE272L01022,EQ,27.33,27.90,26.46,26.75,27.19,63400,1708261.82,843
NSE,SURANAT&P,INE130B01031,EQ,18.01,19.60,18.01,19.14,18.12,121153,2288077.45,535
NSE,SURYALA,INE132C01027,EQ,450.10,450.10,436.60,443.95,445.45,61,27113.15,12
NSE,SURYALAXMI,INE713B01026,EQ,60.20,60.20,57.20,57.92,59.61,8118,471721.54,152
NSE,SURYAROSNI,INE335A01020,EQ,267.00,268.65,261.00,263.30,266.87,610837,161184635.52,11052
NSE,SURYODAY,INE428Q01011,EQ,171.89,178.08,171.88,173.54,171.89,474404,82828092.06,7124
NSE,SUTLEJTEX,INE645H01027,EQ,38.41,38.50,36.93,38.24,37.59,62300,2381465.58,610
NSE,SUVEN,INE495B01038,EQ,270.90,273.65,257.55,269.85,269.85,2265922,607197531.50,54680
NSE,SUVIDHAA,INE018401013,EQ,2.70,2.85,2.65,2.71,2.65,217768,592953.97,352
NSE,SUYOG,INE442P01014,EQ,740.45,768.70,727.00,748.70,733.10,22296,16689495.65,2027
NSE,SUZLON,INE040H01021,EQ,56.12,59.24,53.90,57.92,55.57,292441954,16945551929.10,378229
NSE,SVLL,INE00CE01017,BE,725.00,735.00,690.00,692.85,713.00,744,517005.15,48
NSE,SVPGLOB,INE308E01029,BE,3.99,4.15,3.85,4.04,3.98,79720,324648.86,57
NSE,SWANCORP,INE665A01038,EQ,316.45,321.90,312.70,315.95,316.00,561059,177282644.65,13684
NSE,SWANDEF,INE542F01020,BE,2039.00,2050.00,1956.20,1992.90,1998.20,15929,31591205.50,1080
NSE,SWARAJENG,INE277A01016,EQ,3838.90,3900.00,3825.00,3857.00,3826.00,27497,106541401.70,3963
NSE,SWELECTES,INE409B01013,EQ,637.40,646.15,633.10,637.30,642.30,16603,10598738.75,726
NSE,SWIGGY,INE00H001014,EQ,259.50,263.85,256.80,259.65,257.20,13180848,3431830535.65,69157
NSE,SWSOLAR,INE00M201021,EQ,213.00,215.84,211.00,214.17,210.99,1387611,296107769.29,13845
NSE,SYMPHONY,INE225D01027,EQ,673.00,679.60,663.50,672.30,672.10,79889,53550108.70,7313
NSE,SYNCOMF,INE312C01025,EQ,14.55,14.70,14.26,14.36,14.47,1396589,20098802.82,3188
NSE,SYNGENE,INE398R01022,EQ,454.95,455.00,449.50,453.10,453.50,553671,250617028.55,28698
NSE,SYRMA,INE0DYJ01015,EQ,1314.90,1331.60,1292.10,1299.30,1301.10,1094094,1433723156.40,38924
NSE,SYSTMTXC,INE356B01024,EQ,68.00,68.30,66.50,67.64,67.49,56582,3815924.35,321
NSE,TAALTECH,INE524T01011,EQ,3500.00,3500.00,3300.00,3350.20,3363.40,1112,3732782.80,396
NSE,TAINWALCHM,INE123C01018,EQ,203.00,206.59,198.01,204.64,198.16,4883,993495.07,84
NSE,TAJGVK,INE586B01026,EQ,335.05,337.80,327.10,331.50,334.45,54901,18243053.30,2255
NSE,TAKE,INE142I01023,BE,30.20,30.20,29.06,29.60,29.53,96139,2847579.29,3480
NSE,TALBROAUTO,INE187D01029,EQ,365.65,373.45,355.75,357.30,364.80,173302,62801062.20,6525
NSE,TAMBOLIIN,INE864J01012,EQ,184.90,188.69,181.01,185.31,183.14,4230,784499.21,129
NSE,TANLA,INE483C01032,EQ,523.70,532.95,521.70,529.75,521.70,367222,193670843.50,11565
NSE,TARACHAND,INE555Z01020,EQ,57.00,59.69,56.64,57.10,56.70,186108,10759709.04,2771
NSE,TARAPUR,INE747K01017,EQ,19.55,20.94,19.51,20.63,20.15,26326,538669.51,168
NSE,TARC,INE0EK901012,EQ,129.93,131.80,127.65,128.47,128.79,315345,40653789.47,2503
NSE,TARIL,INE763I01026,EQ,320.00,328.00,318.15,323.35,317.30,3072211,995314959.85,42839
NSE,TARMAT,INE924H01018,EQ,52.07,52.07,51.00,51.99,52.07,2439,126095.36,29
NSE,TARSONS,INE144Z01023,EQ,206.02,244.90,206.02,238.73,206.73,4321347,1010085960.87,57000
NSE,TASTYBITE,INE488B01017,EQ,8109.50,8229.50,8109.50,8156.50,8163.00,1194,9746832.50,497
NSE,TATACAP,INE976I01016,EQ,345.00,348.75,333.25,339.10,340.70,5606287,1914896263.75,72238
NSE,TATACHEM,INE092A01019,EQ,735.70,738.80,724.45,729.45,735.10,716690,522800961.55,21804
NSE,TATACOMM,INE151A01013,EQ,1940.00,1951.90,1890.20,1913.60,1933.90,510643,977213024.60,35440
NSE,TATACONSUM,INE192A01025,EQ,1111.20,1135.80,1107.60,1130.90,1100.40,2602426,2934396141.50,57252
NSE,TATAELXSI,INE670A01012,EQ,4089.90,4125.00,4071.00,4119.00,4068.20,142275,584205194.30,16086
NSE,TATAINVEST,INE672A01026,EQ,675.25,680.55,669.35,672.95,674.60,201112,135514758.35,11139
NSE,TATAPOWER,INE245A01021,EQ,405.00,405.60,400.25,402.25,404.10,7499735,3013902169.55,63380
NSE,TATASTEEL,INE081A01020,EQ,197.51,197.60,193.31,196.00,197.28,29255187,5711959037.87,242897
NSE,TATATECH,INE142M01025,EQ,775.00,777.20,762.00,769.95,771.90,735803,565551416.85,20505
NSE,TATVA,INE0GK401011,EQ,1191.60,1204.80,1177.80,1185.90,1179.90,22503,26728095.40,2322
NSE,TBOTEK,INE673O01025,EQ,1435.10,1443.00,1395.00,1422.30,1452.00,176167,249517300.80,14473
NSE,TBZ,INE760L01018,EQ,188.38,197.51,187.90,195.85,187.76,1532823,297642823.81,20562
NSE,TCC,INE887D01016,EQ,353.00,356.75,348.00,348.60,347.10,4347,1523136.05,208
NSE,TCI,INE688A01022,EQ,954.95,956.00,930.50,937.50,948.45,21320,20054250.60,2793
NSE,TCIEXP,INE586V01016,EQ,538.80,538.80,526.30,534.65,529.20,8184,4356823.45,640
NSE,TCIFINANCE,INE911B01018,BE,27.80,27.80,26.49,26.49,27.88,48169,1303710.59,162
NSE,TCPLPACK,INE822C01015,EQ,2525.00,2839.90,2525.00,2720.40,2516.60,19527,53018128.30,3584
NSE,TCS,INE467B01029,EQ,2167.00,2209.00,2160.60,2199.00,2162.00,3079898,6744889594.10,120376
NSE,TDPOWERSYS,INE419M01027,EQ,1202.00,1207.60,1164.70,1169.50,1196.60,749583,882572389.50,42432
NSE,TEAMGTY,INE289C01025,EQ,239.65,244.95,236.45,244.15,239.65,160,38514.65,11
NSE,TEAMLEASE,INE985S01024,EQ,1407.50,1424.60,1406.10,1410.60,1404.70,16058,22712625.10,2585
NSE,TECHM,INE669C01036,EQ,1435.10,1455.70,1422.90,1446.80,1425.60,1987359,2860792763.70,55570
NSE,TECHNOE,INE285K01026,EQ,1084.00,1116.90,1076.10,1092.90,1079.90,425339,466001322.00,26337
NSE,TECHNVISN,INE314H01012,EQ,5361.50,5400.50,5026.50,5119.00,5388.00,297,1555877.50,101
NSE,TECILCHEM,INE014B01011,EQ,11.00,11.25,10.82,10.82,10.99,6045,66920.14,35
NSE,TEGA,INE011K01018,EQ,1790.00,1837.20,1781.70,1830.70,1781.70,64397,116972191.50,6494
NSE,TEJASNET,INE010J01012,EQ,584.00,592.90,572.80,581.40,582.35,3415679,1988100913.45,50718
NSE,TEMBO,INE869Y01010,EQ,575.00,584.95,560.00,566.75,567.80,217492,125168997.95,6295
NSE,TENNIND,INE19RI01016,EQ,559.80,567.90,551.35,563.45,553.75,827434,463074482.30,35740
NSE,TERASOFT,INE482B01010,EQ,446.90,450.30,432.00,438.25,437.65,23574,10374270.10,1333
NSE,TEXINFRA,INE435C01024,EQ,99.30,103.71,99.30,102.25,101.16,134924,13820641.85,980
NSE,TEXMOPIPES,INE141K01013,EQ,46.50,46.50,45.00,45.64,46.23,25541,1166989.49,545
NSE,TEXRAIL,INE621L01012,EQ,106.79,109.18,106.65,107.83,106.48,1501261,161920232.68,11103
NSE,TFCILTD,INE305A01023,EQ,76.16,78.00,75.50,75.88,76.16,3690052,282144865.46,10226
NSE,TFL,INE804H01012,EQ,11.90,12.19,11.58,11.80,12.02,2965,34901.90,50
NSE,TGBHOTELS,INE797H01018,EQ,9.05,9.22,8.95,9.15,9.06,4034,36640.27,38
NSE,THACKER,INE077P01034,BE,1202.80,1259.00,1202.70,1258.00,1202.90,19,23131.40,8
NSE,THAKDEV,INE403F01017,EQ,126.80,126.80,126.80,126.80,120.85,500,63400.00,1
NSE,THANGAMAYL,INE085J01014,EQ,5501.50,5560.90,5330.00,5444.60,5501.50,108886,591971926.20,20590
NSE,THEINVEST,INE924D01017,EQ,97.22,100.79,97.22,98.24,98.36,4000,395544.52,117
NSE,THEJO,INE121N01019,EQ,1639.00,1699.00,1608.10,1679.50,1612.80,9678,16138665.40,1565
NSE,THELEELA,INE0AQ201015,EQ,461.95,469.90,452.20,457.90,458.20,852819,392480431.55,24022
NSE,THEMISMED,INE083B01024,EQ,103.50,104.95,100.52,101.50,102.91,54377,5548268.65,1212
NSE,THERMAX,INE152A01029,EQ,4778.00,4788.00,4688.50,4714.60,4741.00,91904,434831429.20,16662
NSE,THOMASCOOK,INE332A01027,EQ,108.55,110.46,106.07,107.84,108.55,1136853,122739785.18,11643
NSE,THOMASCOTT,INE480M01011,EQ,274.95,289.65,273.55,285.00,272.20,54172,15191166.20,1591
NSE,THYROCARE,INE594H01019,EQ,537.15,549.95,531.70,533.60,535.60,262934,141954923.00,14892
NSE,TI,INE133E01013,EQ,435.00,439.90,429.00,432.20,435.75,414541,179462834.20,12523
NSE,TICL,INE388G01026,EQ,21.30,21.30,20.00,20.34,20.64,1775825,36462066.21,3544
NSE,TIGERLOGS,INE906O01029,BE,35.31,35.95,34.15,35.25,35.31,19578,687114.73,142
NSE,TIIL,INE545H01011,EQ,2540.30,2575.00,2502.00,2555.00,2531.40,18343,46734414.40,1496
NSE,TIINDIA,INE974X01010,EQ,3249.00,3312.80,3227.00,3264.20,3226.10,283227,930236574.00,24093
NSE,TIJARIA,INE440L01017,EQ,4.64,4.64,4.32,4.58,4.46,25024,114084.02,71
NSE,TIL,INE806C01018,EQ,182.85,183.58,179.82,181.85,181.95,64032,11615939.64,1059
NSE,TIMETECHNO,INE508G01029,EQ,178.30,180.22,175.00,178.84,177.33,3554899,634030137.87,23746
NSE,TIMEX,INE064A01026,EQ,497.90,499.55,480.60,488.40,496.45,279571,136390896.45,8729
NSE,TIMKEN,INE325A01013,EQ,3540.00,3668.00,3528.60,3634.30,3520.60,178063,636276470.50,25031
NSE,TINNARUBR,INE015C01016,EQ,867.95,907.35,863.60,886.55,865.85,70242,62171766.20,4050
NSE,TIPSFILMS,INE0LQS01015,EQ,351.00,359.30,342.00,348.30,357.50,6026,2107224.75,858
NSE,TIPSMUSIC,INE716B01029,EQ,643.95,647.25,632.05,635.10,640.10,96330,61391905.35,5250
NSE,TIRUMALCHM,INE338A01024,EQ,176.80,180.48,173.75,178.45,175.27,224375,39797870.76,3360
NSE,TIRUPATIFL,INE319Y01024,BE,46.78,48.45,46.20,47.75,46.78,252202,12074925.52,717
NSE,TITAGARH,INE615H01020,EQ,865.00,899.80,859.35,894.45,860.30,1740176,1541248228.00,47586
NSE,TITAN,INE280A01028,EQ,4298.10,4344.00,4283.50,4338.00,4283.50,779706,3372168718.40,64453
NSE,TMB,INE668A01016,EQ,774.20,788.85,758.40,762.15,774.20,231094,177186089.75,14114
NSE,TMCV,INE1TAE01010,EQ,410.00,410.00,400.00,406.70,406.60,9155202,3709135903.60,89933
NSE,TMPV,INE155A01022,EQ,398.30,398.65,387.55,393.60,396.40,6432360,2525129264.60,71477
NSE,TNPETRO,INE148A01019,EQ,90.05,92.60,89.85,91.03,90.05,132520,12060978.33,1828
NSE,TNPL,INE107A01015,EQ,145.76,147.50,144.58,144.83,144.76,73113,10654112.43,1303
NSE,TNTELE,INE141D01018,EQ,9.59,9.59,8.96,9.19,9.30,44494,410706.95,97
NSE,TOKYOPLAST,INE932C01012,BE,85.50,88.00,84.51,86.07,84.97,984,84617.67,18
NSE,TOLINS,INE0RWQ01014,EQ,109.20,109.20,105.10,106.96,107.17,99514,10656064.89,1651
NSE,TORNTPHARM,INE685A01028,EQ,4529.00,4536.10,4440.00,4466.70,4504.00,270242,1209737180.60,26687
NSE,TORNTPOWER,INE813H01021,EQ,1391.50,1420.90,1385.00,1408.40,1389.70,437976,614259057.00,33403
NSE,TOTAL,INE336X01012,EQ,51.32,51.95,51.07,51.09,51.32,3549,181735.28,32
NSE,TOUCHWOOD,INE486Y01013,EQ,70.10,71.40,70.10,70.80,70.00,307,21652.13,18
NSE,TPHQ,INE065J01024,EQ,0.48,0.50,0.48,0.49,0.48,760821,376312.65,295
NSE,TPLPLASTEH,INE413G01022,EQ,67.76,68.36,66.42,67.07,67.09,16702,1121666.97,462
NSE,TRACXN,INE0HMF01019,EQ,31.99,32.69,31.56,32.13,31.88,91682,2956368.33,1059
NSE,TRANSPEK,INE687A01016,EQ,1015.40,1019.80,976.20,999.20,981.10,3010,2971603.20,437
NSE,TRANSRAILL,INE454P01035,EQ,503.05,506.00,495.00,496.50,499.05,327064,163051794.60,9200
NSE,TRANSWORLD,INE757B01015,EQ,173.30,196.49,173.01,191.14,175.09,188056,35783401.99,4150
NSE,TRAVELFOOD,INE103V01028,EQ,1330.00,1348.20,1311.60,1333.40,1314.10,64562,86148856.10,9551
NSE,TREEHOUSE,INE040M01013,EQ,7.30,7.30,6.98,7.16,7.05,23235,165745.37,113
NSE,TREJHARA,INE00CA01015,EQ,144.79,147.55,138.00,145.21,139.87,9589,1374963.56,434
NSE,TREL,INE0O3901029,EQ,25.83,26.90,25.57,26.27,25.83,136134,3578884.10,1321
NSE,TRENT,INE849A01020,EQ,2915.50,2923.20,2875.00,2897.80,2901.10,811498,2351002573.70,51873
NSE,TRF,INE391D01019,EQ,237.81,238.99,232.00,233.66,235.01,14162,3326088.73,728
NSE,TRIDENT,INE064C01022,EQ,24.71,24.98,24.71,24.92,24.61,3594030,89346828.38,10768
NSE,TRIGYN,INE948A01012,EQ,56.80,56.80,53.86,55.34,55.70,23175,1279851.25,725
NSE,TRITURBINE,INE152M01016,EQ,664.25,675.70,660.10,662.25,663.15,407514,271208532.60,14302
NSE,TRIVENI,INE256C01024,EQ,402.00,403.00,392.60,398.75,398.35,237323,94000722.40,8879
NSE,TRU,INE615R01029,EQ,5.96,5.96,5.64,5.76,5.74,57299,330643.75,137
NSE,TRUALT,INE0MWH01014,EQ,500.00,502.35,480.45,494.65,492.65,367174,181257049.20,9567
NSE,TSFINV,INE202Z01029,EQ,405.05,408.00,398.15,399.75,404.65,35201,14153937.35,2922
NSE,TTKHLTCARE,INE910C01018,EQ,897.00,897.00,870.10,880.95,878.15,953,838874.85,223
NSE,TTKPRESTIG,INE690A01028,EQ,534.90,548.95,533.00,541.15,534.45,68672,37259584.35,4439
NSE,TTL,INE592B01024,EQ,6.92,6.92,6.77,6.78,6.80,85353,580037.75,185
NSE,TTML,INE517B01013,EQ,45.99,46.12,44.61,44.81,45.66,3023922,136466263.27,12912
NSE,TVSELECT,INE236G01019,EQ,454.80,472.50,454.80,460.55,453.80,60434,27924915.95,2406
NSE,TVSHLTD,INE105A01035,EQ,13611.00,13665.00,13302.00,13424.00,13523.00,2565,34467856.00,913
NSE,TVSMOTOR,INE494B01023,EQ,3464.90,3475.00,3411.00,3435.50,3459.50,886854,3055495128.50,71356
NSE,TVSSCS,INE395N01027,EQ,135.90,137.50,132.61,134.10,134.60,957419,129681616.12,12443
NSE,TVSSRICHAK,INE421C01016,EQ,4061.20,4129.90,4000.00,4016.30,4057.20,2512,10161368.20,759
NSE,TVTODAY,INE038F01029,EQ,106.63,108.39,106.20,106.70,106.63,78430,8391363.24,988
NSE,TVVISION,INE871L01013,EQ,5.31,5.50,5.16,5.43,5.35,4747,25011.36,49
NSE,UBL,INE686F01025,EQ,1345.00,1350.00,1324.00,1335.70,1349.40,96868,129216005.50,12947
NSE,UCAL,INE139B01016,EQ,99.10,102.76,99.10,101.53,99.10,8685,880237.03,189
NSE,UCOBANK,INE691A01018,EQ,26.28,26.55,26.15,26.33,26.18,3775060,99483153.91,10840
NSE,UDS,INE851I01011,EQ,181.40,184.00,179.44,181.41,181.81,117846,21417478.28,2702
NSE,UEL,INE899L01030,EQ,145.64,147.50,140.20,140.62,144.92,6952,1000082.08,812
NSE,UFBL,INE382M01027,EQ,616.85,625.05,586.30,593.20,614.95,259668,155270139.55,10862
NSE,UFLEX,INE516A01017,EQ,428.40,448.65,422.00,424.60,427.35,112793,48418664.80,2775
NSE,UFO,INE527H01019,EQ,73.87,74.74,73.46,74.21,73.90,44858,3325163.66,680
NSE,UGARSUGAR,INE071E01023,EQ,41.44,41.52,40.25,40.76,41.03,64624,2636811.73,967
NSE,UGROCAP,INE583D01011,EQ,99.49,100.16,98.07,98.63,98.17,105268,10432974.06,1014
NSE,UJJIVANSFB,INE551W01018,EQ,56.95,57.85,56.48,57.39,56.95,8280013,472934909.20,39764
NSE,ULTRACEMCO,INE481G01011,EQ,11485.00,11511.00,11368.00,11391.00,11466.00,234423,2673588162.00,46366
NSE,ULTRAMAR,INE405A01021,EQ,384.80,384.80,371.05,377.00,382.30,18948,7164024.05,1047
NSE,UMAEXPORTS,INE0GIU01018,BE,25.00,25.09,24.50,25.00,23.90,25398,633267.78,155
NSE,UMESLTD,INE240C01028,BE,5.60,5.95,5.42,5.75,5.70,53394,297655.03,100
NSE,UMIYA-MRO,INE398B01018,EQ,86.98,86.98,85.11,85.82,86.98,14113,1212003.44,92
NSE,UNICHEMLAB,INE351A01035,EQ,445.50,467.90,434.35,446.35,439.95,803265,363740943.30,18613
NSE,UNIDT,INE961D01019,BE,230.47,230.47,223.01,224.36,232.07,7729,1745262.60,115
NSE,UNIECOM,INE00U401027,EQ,91.62,92.64,88.51,89.23,91.62,464381,41806460.84,4758
NSE,UNIENTER,INE037A01022,EQ,112.40,112.40,106.14,107.79,108.64,1495,161031.41,47
NSE,UNIINFO,INE481Z01011,BE,11.30,11.70,11.10,11.68,11.15,5657,63978.55,18
NSE,UNIMECH,INE0U3I01011,EQ,1158.65,1164.00,1125.25,1137.90,1146.85,73392,83574181.35,5696
NSE,UNIONBANK,INE692A01016,EQ,172.45,172.95,168.54,170.56,171.30,8606545,1466290790.70,44577
NSE,UNIPARTS,INE244O01017,EQ,663.65,672.00,653.10,670.30,663.65,115691,76874730.35,5321
NSE,UNITDSPR,INE854D01024,EQ,1275.80,1302.00,1268.10,1299.00,1271.50,1039955,1340289783.20,27897
NSE,UNITECH,INE694A01020,EQ,4.77,4.98,4.77,4.85,4.81,5117574,25011880.63,2461
NSE,UNITEDPOLY,INE368U01029,BE,32.50,33.70,32.00,32.25,33.04,61944,2032839.55,106
NSE,UNITEDTEA,INE458F01011,EQ,503.00,511.25,496.95,501.35,502.25,1016,509516.45,78
NSE,UNIVASTU,INE562X01013,EQ,82.44,94.45,81.75,89.95,82.44,2153384,192827312.25,8615
NSE,UNIVCABLES,INE279A01012,EQ,1220.00,1273.80,1170.20,1191.70,1203.00,462857,565344037.80,25829
NSE,UNIVPHOTO,INE03V001013,BE,370.35,370.35,355.10,362.00,368.55,128,46042.95,12
NSE,UNOMINDA,INE405E01023,EQ,1131.30,1137.00,1085.60,1089.50,1125.70,524900,578108365.40,29050
NSE,UPL,INE628A01036,EQ,613.95,624.90,613.10,615.35,616.60,982601,606674160.60,35828
NSE,URAVIDEF,INE568Z01015,EQ,113.80,115.00,110.00,113.22,113.92,8037,908412.83,248
NSE,URBANCO,INE0CAZ01013,EQ,128.79,129.79,127.90,128.86,128.64,1144254,147321948.57,13556
NSE,URJA,INE550C01020,EQ,10.75,11.11,10.11,10.31,10.75,3642890,38736527.29,6580
NSE,USHAMART,INE228A01035,EQ,495.00,505.00,489.60,499.20,494.95,266100,131944233.40,11062
NSE,USK,INE0N0Y01013,EQ,25.74,25.74,24.50,24.69,24.72,13929,345179.05,123
NSE,UTIAMC,INE094J01016,EQ,949.80,956.55,936.55,945.55,942.70,58678,55488205.30,5474
NSE,UTKARSHBNK,INE735W01017,EQ,13.53,13.84,13.41,13.68,13.47,3841669,52290986.42,5610
NSE,UTLSOLAR,INE12UR01024,BE,315.00,322.95,312.00,313.90,309.35,194824,61788313.85,2022
NSE,UTTAMSUGAR,INE786F01031,EQ,239.86,241.40,235.80,236.80,238.18,51343,12235475.62,1185
NSE,UYFINCORP,INE152C01025,EQ,14.47,14.78,14.31,14.66,14.47,39190,572002.31,194
NSE,V2RETAIL,INE945H01021,EQ,234.20,235.96,227.10,229.70,231.66,672604,156148707.16,12657
NSE,VADILALIND,INE694D01016,EQ,6066.00,6229.00,6004.00,6178.00,6026.50,28247,173709858.40,4214
NSE,VAIBHAVGBL,INE884A01027,EQ,243.79,245.10,238.00,242.67,242.22,312767,75765446.71,6266
NSE,VAISHALI,INE972X01022,BE,7.45,7.45,7.06,7.16,7.17,39466,283335.72,136
NSE,VAKRANGEE,INE051B01021,EQ,6.46,6.48,6.35,6.41,6.35,1256935,8040634.99,1573
NSE,VALIANTLAB,INE0JWS01017,BE,66.39,67.00,65.10,65.91,67.00,41440,2732507.85,178
NSE,VALIANTORG,INE565V01010,EQ,283.80,288.35,282.15,286.95,282.90,30293,8660390.35,1134
NSE,VAML,INE1CDF01017,BE,471.11,471.11,471.11,471.11,495.90,6744811,3177547910.21,23222
NSE,VARDHACRLC,INE116G01013,EQ,45.90,45.90,44.06,44.71,44.92,34499,1542305.33,469
NSE,VARDMNPOLY,INE835A01029,EQ,7.04,7.17,6.96,7.00,6.98,193758,1363518.22,181
NSE,VARROC,INE665L01035,EQ,583.05,625.00,583.05,623.00,583.00,514632,316599921.30,21054
NSE,VASCONEQ,INE893I01013,BE,34.20,35.94,34.00,35.92,34.23,688480,24233146.79,1542
NSE,VASWANI,INE590L01019,EQ,60.70,60.85,58.00,58.52,59.37,22013,1300371.37,884
NSE,VBL,INE200M01039,EQ,543.35,543.35,536.10,541.05,541.00,3831572,2067962774.75,56635
NSE,VCL,INE098201036,EQ,1.34,1.35,1.31,1.33,1.31,140670,187393.37,207
NSE,VEDL,INE205A01025,EQ,302.50,304.30,295.60,299.95,302.50,21934302,6562721259.10,196369
NSE,VEDPOWER,INE694L01019,BE,39.72,42.98,39.00,40.00,40.94,118608009,4804145370.12,356907
NSE,VEEDOL,INE484C01030,EQ,1438.80,1461.90,1438.80,1447.30,1437.40,6766,9814264.20,1158
NSE,VELJAN,INE232E01013,EQ,1201.00,1251.00,1191.00,1208.30,1208.40,699,859432.80,89
NSE,VENKEYS,INE398A01010,EQ,1403.90,1417.70,1395.80,1412.30,1401.50,18404,25914441.50,2091
NSE,VENTIVE,INE781S01027,EQ,660.00,682.00,653.65,662.20,653.55,248993,167582273.15,5888
NSE,VENUSPIPES,INE0JA001018,EQ,1428.10,1453.70,1428.10,1442.80,1429.10,38148,55057920.70,3352
NSE,VENUSREM,INE411B01019,BE,1869.70,1943.80,1805.50,1867.80,1883.00,87778,165359699.00,3257
NSE,VERANDA,INE0IQ001011,EQ,244.70,247.41,232.76,235.36,241.48,361442,87567722.82,7656
NSE,VERTOZ,INE188Y01031,BE,46.49,46.90,45.00,45.17,45.29,38903,1776810.34,281
NSE,VESUVIUS,INE386A01023,EQ,454.65,464.00,452.35,458.75,454.65,88482,40541231.20,2978
NSE,VETO,INE918N01018,EQ,145.00,148.47,143.81,144.72,143.85,130848,19034717.04,2237
NSE,VGL,INE273D01027,EQ,76.83,76.98,73.10,73.56,75.03,98137,7352386.52,1225
NSE,VGUARD,INE951I01027,EQ,305.00,306.95,304.00,305.75,303.45,74014,22626163.45,3945
NSE,VHL,INE701A01023,EQ,3452.00,3535.30,3443.40,3455.60,3476.40,331,1149553.30,78
NSE,VHLTD,INE048C01025,BE,140.40,140.40,135.05,135.60,138.48,6745,923354.20,124
NSE,VIDHIING,INE632C01026,EQ,294.00,294.00,285.30,287.15,290.70,4028,1162094.30,308
NSE,VIDYAWIRES,INE14UN01029,EQ,95.55,98.20,95.40,98.20,93.53,1724825,168218051.83,4650
NSE,VIJAYA,INE043W01024,EQ,1289.20,1329.60,1283.00,1298.60,1283.20,294177,385405608.30,18774
NSE,VIJIFIN,INE159N01027,BE,4.01,4.01,3.78,3.91,3.90,103358,404001.99,161
NSE,VIKASECO,INE806A01020,EQ,1.30,1.31,1.29,1.30,1.29,1052970,1366955.93,909
NSE,VIKASLIFE,INE161L01027,EQ,1.51,1.53,1.48,1.48,1.50,1765965,2633111.68,8112
NSE,VIKRAMSOLR,INE078V01014,EQ,213.27,213.79,208.53,209.20,212.85,1326542,278148419.07,15185
NSE,VIKRAN,INE01R501028,EQ,70.20,71.50,69.75,71.01,69.75,1590114,112235487.95,9453
NSE,VIMTALABS,INE579C01029,EQ,546.00,548.65,533.00,537.10,546.00,129302,69555798.15,5990
NSE,VINATIORGA,INE410B01037,EQ,1354.20,1355.80,1332.00,1336.40,1354.10,40503,54316017.90,5485
NSE,VINCOFE,INE498Q01014,EQ,156.00,156.55,151.50,154.87,155.52,1514168,232223251.22,14369
NSE,VINDHYATEL,INE707A01012,EQ,2229.00,2237.60,2121.20,2160.00,2198.40,80064,174420050.00,10360
NSE,VINEETLAB,INE505Y01010,BE,33.90,35.20,33.90,34.84,34.00,12846,445366.15,59
NSE,VINNY,INE01KI01027,EQ,1.10,1.26,1.10,1.21,1.11,2537834,3021534.68,654
NSE,VINYLINDIA,INE250B01029,EQ,256.00,256.00,247.30,250.40,252.10,6970,1745168.15,687
NSE,VIPCLOTHNG,INE450G01024,BE,25.15,25.60,25.06,25.49,25.15,27093,682947.04,81
NSE,VIPIND,INE054A01027,EQ,322.90,326.35,320.00,323.65,322.25,233611,75635981.65,5088
NSE,VIPULLTD,INE946H01037,EQ,9.31,9.75,9.31,9.34,9.39,50276,475089.57,136
NSE,VIRINCHI,INE539B01017,EQ,15.66,17.22,15.66,17.22,15.66,298906,5059169.85,813
NSE,VISACHROME,INE286H01012,BE,41.48,42.80,39.81,40.92,41.48,185588,7462751.41,188
NSE,VISAKAIND,INE392A01021,EQ,76.41,78.00,75.82,76.92,75.48,124425,9570392.51,1472
NSE,VISHNU,INE270I01022,EQ,602.20,614.95,597.15,601.80,602.20,60886,36704855.30,3867
NSE,VISHWARAJ,INE430N01022,EQ,6.00,6.12,5.67,5.69,5.95,692564,3982947.91,975
NSE,VISL,INE1CLE01013,BE,22.11,22.11,22.07,22.11,21.06,165316652,3655145385.22,137926
NSE,VITAL,INE0L4K01016,BE,54.00,54.51,50.15,53.99,52.23,2442,126873.26,15
NSE,VIVIANA,INE0MEG01014,BE,849.90,866.00,830.00,843.70,846.45,21067,17852752.80,436
NSE,VIVIDHA,INE370E01029,EQ,0.52,0.54,0.51,0.52,0.52,215764,112776.93,160
NSE,VIVIMEDLAB,INE526G01021,BE,6.39,6.49,6.15,6.21,6.36,33586,209279.62,87
NSE,VIYASH,INE807F01027,EQ,251.00,251.25,242.85,247.35,249.95,1203387,296732063.35,19138
NSE,VLEGOV,INE03HW01020,BE,13.87,14.24,13.76,13.97,13.92,42579,596306.60,237
NSE,VLSFINANCE,INE709A01018,EQ,235.54,245.99,233.00,239.28,231.78,23513,5643182.02,688
NSE,VMART,INE665J01013,EQ,733.70,734.00,709.00,731.90,731.95,250395,181055095.10,16712
NSE,VMM,INE01EA01019,EQ,120.95,121.80,116.49,116.95,120.70,16045788,1895197430.68,42336
NSE,VMSTMT,INE0SJA01013,BE,45.15,46.22,45.15,45.85,45.84,7254,331628.72,132
NSE,VOGL,INE704J01044,BE,34.30,34.30,34.30,34.30,36.10,26310364,902445485.20,56807
NSE,VOLTAMP,INE540H01012,EQ,9903.50,10250.00,9903.50,9947.00,9893.50,60327,609999571.00,19705
NSE,VOLTAS,INE226A01021,EQ,1328.70,1342.80,1318.80,1327.60,1326.40,907947,1207949919.00,23806
NSE,VPRPL,INE0AE001013,BE,29.14,29.14,29.14,29.14,27.76,71238,2075875.32,130
NSE,VRAJ,INE0S2V01010,EQ,122.79,127.00,121.61,124.90,121.98,28459,3545831.91,1209
NSE,VRLLOG,INE366I01010,EQ,239.00,240.00,236.13,239.05,237.96,68476,16302281.22,3061
NSE,VSSL,INE050M01012,EQ,284.65,289.90,280.95,283.90,284.65,37847,10767268.25,1136
NSE,VSTIND,INE710A01016,EQ,261.90,261.90,258.15,258.95,259.85,236068,61284810.00,3670
NSE,VSTL,INE0QTF01015,EQ,121.08,123.90,119.00,122.00,121.08,31036,3749263.73,428
NSE,VSTTILLERS,INE764D01017,EQ,4615.00,4742.00,4581.20,4596.20,4638.50,5243,24192302.90,1644
NSE,VTL,INE825A01020,EQ,638.10,644.75,630.00,631.85,637.80,216547,137287872.90,16911
NSE,WAAREEENER,INE377N01017,EQ,3060.00,3083.10,2996.00,3064.60,3050.90,1111165,3384395018.20,54793
NSE,WAAREEINDO,INE866K01023,EQ,398.00,407.80,390.50,397.60,389.95,43446,17282294.30,1670
NSE,WAAREERTL,INE299N01021,EQ,969.00,981.20,966.05,970.55,964.75,113365,110264950.20,6905
NSE,WABAG,INE956G01038,EQ,1640.80,1774.00,1635.00,1754.30,1629.10,2871543,4995034469.10,134403
NSE,WAKEFIT,INE0E7301029,EQ,125.00,126.99,123.10,124.05,124.58,528621,66096502.02,7030
NSE,WALCHANNAG,INE711A01022,EQ,263.00,271.80,261.80,264.95,261.80,2262447,602799107.60,25162
NSE,WANBURY,INE107F01022,EQ,270.05,272.00,261.40,268.50,267.35,42297,11281945.10,1521
NSE,WCIL,INE0CJF01024,EQ,98.81,101.40,97.88,99.87,97.74,102898,10223840.07,1377
NSE,WEALTH,INE658T01017,EQ,981.85,999.75,952.00,972.00,981.85,2428,2375681.60,374
NSE,WEBELSOLAR,INE855C01023,EQ,105.50,107.00,104.72,106.13,105.15,1309675,138948668.85,8241
NSE,WEIZMANIND,INE080A01014,EQ,82.50,88.40,82.04,86.39,82.39,6831,585662.22,194
NSE,WEL,INE02WG01024,EQ,94.70,95.79,93.13,94.11,94.31,72256,6790959.16,681
NSE,WELCORP,INE191B01025,EQ,1398.00,1407.80,1370.00,1373.80,1379.70,438543,607959208.90,30622
NSE,WELENT,INE625G01013,EQ,562.00,562.00,550.00,552.95,560.35,131545,73043574.05,4746
NSE,WELINV,INE389K01018,BE,1868.10,1868.10,1775.00,1778.10,1780.00,2090,3710824.00,11
NSE,WELSPLSOL,INE731F01037,EQ,52.94,55.75,52.03,54.47,52.46,1267053,68082573.57,4675
NSE,WELSPUNLIV,INE192B01031,EQ,145.45,147.25,144.61,145.78,144.93,1340641,195524815.44,16386
NSE,WENDT,INE274C01019,EQ,8000.00,8059.00,7752.50,7803.00,7959.00,14253,112352258.50,3128
NSE,WESTLIFE,INE274F01020,EQ,474.95,482.40,456.00,459.75,473.40,298047,139732316.75,11496
NSE,WEWIN,INE082W01014,BE,51.12,51.12,48.50,50.48,50.50,3082,153201.94,32
NSE,WEWORK,INE085001019,EQ,634.25,646.85,634.25,639.45,636.05,98369,63029802.05,7900
NSE,WHEELS,INE715A01015,EQ,1623.30,1637.90,1572.20,1597.70,1608.10,121414,194160995.10,11194
NSE,WHIRLPOOL,INE716A01013,EQ,797.45,807.90,780.65,785.60,794.00,198000,156510747.15,10961
NSE,WILLAMAGOR,INE210A01017,EQ,27.75,28.20,26.37,27.56,27.09,2234,61477.15,29
NSE,WINDLAS,INE0H5O01029,EQ,820.00,833.55,810.00,829.15,819.20,36416,29907842.30,2557
NSE,WINDMACHIN,INE052A01021,EQ,326.05,333.95,321.95,328.45,326.05,108892,35768013.20,2773
NSE,WIPL,INE215F01023,EQ,153.84,178.00,140.00,153.65,153.84,36368,5828978.03,684
NSE,WIPRO,INE075A01022,EQ,182.39,183.38,181.63,182.67,181.38,11706020,2137122977.19,75504
NSE,WOCKPHARMA,INE049B01025,EQ,1916.00,1943.40,1904.90,1919.20,1907.60,714387,1372202122.80,35223
NSE,WONDERLA,INE066O01014,EQ,490.00,490.00,485.25,488.70,486.90,19417,9469467.80,1301
NSE,WORTHPERI,INE196Y01018,EQ,130.00,130.00,124.26,127.06,129.97,7637,978264.98,119
NSE,WPIL,INE765D01022,EQ,469.00,474.90,462.05,469.10,464.50,52067,24481432.00,2599
NSE,WSI,INE100D01014,EQ,69.98,69.98,68.20,69.01,68.79,28267,1944576.42,224
NSE,WSTCSTPAPR,INE976A01021,EQ,512.00,517.50,500.65,514.55,510.45,136064,69585357.80,3883
NSE,XCHANGING,INE692G01013,EQ,65.10,66.15,63.70,64.15,64.85,118858,7666429.72,1341
NSE,XELPMOC,INE01P501012,EQ,84.43,87.50,83.00,87.12,84.38,14883,1281415.95,519
NSE,XPROINDIA,INE445C01015,EQ,1211.00,1439.00,1209.00,1393.80,1210.00,974366,1335313712.00,46579
NSE,XTGLOBAL,INE547B01028,EQ,29.97,29.97,29.10,29.26,29.53,34887,1021298.94,380
NSE,YASHO,INE616Z01012,EQ,2800.30,2879.80,2666.00,2723.90,2786.40,36745,100731356.60,5425
NSE,YATHARTH,INE0JO301016,EQ,833.00,837.30,816.70,828.15,829.40,183901,151814403.75,9913
NSE,YATRA,INE0JR601024,EQ,108.40,109.77,107.34,108.12,106.99,1100009,119308874.64,10242
NSE,YESBANK,INE528G01035,EQ,23.76,24.49,23.45,23.89,23.78,219386959,5269847801.93,148131
NSE,YUKEN,INE384C01016,EQ,695.65,704.90,687.00,689.35,694.65,4822,3344964.10,482
NSE,ZAGGLE,INE07K301024,EQ,212.85,212.85,208.60,210.52,211.88,611880,128652916.52,7814
NSE,ZEEL,INE256A01028,EQ,109.50,113.75,108.27,111.19,108.49,52031423,5783168342.95,145883
NSE,ZEELEARN,INE565L01011,BE,7.60,7.72,7.11,7.62,7.45,600210,4509954.54,683
NSE,ZEEMEDIA,INE966H01019,EQ,8.59,8.75,8.21,8.31,8.58,2643244,22301268.85,3502
NSE,ZENITHEXPO,INE058B01018,EQ,210.65,221.19,206.20,206.59,211.70,490,103504.47,23
NSE,ZENITHSTL,INE318D01020,EQ,6.04,6.04,5.56,5.86,5.61,153529,901832.74,318
NSE,ZENSARTECH,INE520A01027,EQ,455.00,465.00,449.00,464.20,450.90,811138,372308417.00,27683
NSE,ZENTEC,INE251B01027,EQ,1796.00,1865.20,1780.00,1854.70,1789.10,1094995,2005050991.10,47591
NSE,ZFCVINDIA,INE342J01019,EQ,15090.00,15348.00,14835.00,14881.00,15092.00,16995,254495673.00,5713
NSE,ZFSTEERING,INE116C01012,EQ,700.60,723.00,681.10,700.65,703.70,3896,2733089.95,388
NSE,ZIMLAB,INE518E01015,BE,111.00,114.75,106.79,111.23,111.82,30930,3414338.57,260
NSE,ZODIAC,INE761Y01019,BE,285.90,285.90,277.00,279.70,282.35,4075,1145388.00,223
NSE,ZODIACLOTH,INE206B01013,EQ,74.26,74.94,72.05,73.10,74.26,3337,245277.04,99
NSE,ZOTA,INE358U01012,EQ,1252.00,1257.90,1207.00,1220.40,1246.70,31082,38008270.70,2346
NSE,ZSARACOM,INE967G01019,EQ,9864.00,9900.00,9494.00,9547.50,9914.00,20,193654.00,17
NSE,ZUARI,INE840M01016,EQ,219.20,254.00,218.26,234.81,218.24,5985501,1456561239.82,60299
NSE,ZUARIIND,INE217A01012,EQ,252.00,277.00,251.80,264.05,251.65,566402,151114116.30,12273
NSE,ZYDUSLIFE,INE010B01027,EQ,1088.90,1091.60,1072.40,1078.70,1088.10,1049320,1132945366.20,27849
NSE,ZYDUSWELL,INE768C01028,EQ,499.80,512.50,496.55,510.50,499.35,256806,129916245.05,11675
