exchange,symbol,isin,series,open,high,low,close,prev_close,volume,value,trades
BSE,1STCUS,INE609B01018,X,66.00,66.00,59.20,60.99,64.96,189,11917.00,16
BSE,20MICRONS,INE144J01027,B,188.25,188.25,183.50,184.40,185.80,7572,1399875.00,169
BSE,21STCENMGM,INE253B01015,B,41.05,41.85,40.25,41.85,41.05,1006,42094.00,5
BSE,360ONE,INE466L01038,A,1162.55,1162.55,1140.50,1160.10,1155.00,15018,17276851.00,986
BSE,3BBLACKBIO,INE994E01018,B,1219.90,1261.05,1195.30,1246.65,1206.45,1562,1907312.00,203
BSE,3BFILMS,INE0TE101010,M,13.55,13.60,13.55,13.60,13.53,15000,203400.00,5
BSE,3IINFOLTD,INE748C01038,B,27.59,27.78,26.63,27.36,27.61,138499,3773349.00,535
BSE,3MINDIA,INE470A01017,A,36349.95,36349.95,35750.10,35878.50,36025.30,87,3128793.00,70
BSE,3PLAND,INE105C01023,B,31.23,31.35,31.23,31.35,31.35,51,1592.00,4
BSE,5PAISA,INE618L01018,B,377.55,391.00,376.95,387.10,378.55,7795,2988808.00,345
BSE,63MOONS,INE111B01023,A,856.50,880.00,829.90,866.00,859.60,20135,17121536.00,928
BSE,7NR,INE413X01035,XT,6.76,6.76,6.76,6.76,6.63,53532,361876.00,52
BSE,7SEASL,INE454F01010,X,75.41,77.40,73.50,74.41,75.41,22750,1699704.00,147
BSE,7TEC,INE856B01023,X,31.99,32.05,31.00,31.38,31.57,23535,743419.00,202
BSE,A1L,INE911Z01025,B,5.27,5.40,5.01,5.01,5.27,7148114,36091243.00,3316
BSE,A2ZINFRA,INE619I01012,B,16.00,16.20,15.20,15.87,16.00,87028,1354630.00,388
BSE,AAATECH,INE0D0U01013,B,98.06,100.98,93.50,94.92,98.06,2589,252016.00,164
BSE,AADHARHFC,INE883F01010,A,499.75,505.80,496.40,502.10,501.45,4403,2204561.00,285
BSE,AADIIND,INE563D01013,X,8.99,8.99,8.35,8.40,8.75,175,1487.00,20
BSE,AAIL,INE864E01021,XT,114.70,119.80,111.25,115.20,115.90,6488,746697.00,75
BSE,AANCHALISP,INE322R01022,XT,75.70,75.70,70.01,71.48,72.31,2962,213905.00,29
BSE,AAREYDRUGS,INE198H01019,T,82.59,84.75,82.50,84.74,82.59,12516,1059490.00,10
BSE,AARNAV,INE750R01016,B,30.44,33.27,30.44,32.94,31.72,7186,233474.00,105
BSE,AARTECH,INE01C001026,T,48.84,50.22,47.22,49.68,49.26,14589,716082.00,69
BSE,AARTIDRUGS,INE767A01016,B,445.00,445.05,420.20,431.65,439.60,26434,11457934.00,879
BSE,AARTIIND,INE769A01020,A,510.00,533.20,503.15,530.75,505.35,474558,247705394.00,9520
BSE,AARTIPHARM,INE0LRU01027,A,878.90,930.00,874.55,886.45,881.60,282998,255898827.00,6801
BSE,AARTISURF,INE09EO01013,B,575.45,626.15,556.00,611.45,569.25,20896,12478412.00,1450
BSE,AARVI,INE754X01016,B,157.60,157.60,151.00,152.95,154.75,3968,610046.00,124
BSE,AASTAFIN,INE819K01014,X,33.58,33.94,32.16,32.69,33.36,10696,350319.00,26
BSE,AASTHA,INE2FMX01012,B,73.09,76.54,73.00,74.85,73.09,110362,8138139.00,478
BSE,AAVAS,INE216P01012,A,1413.65,1431.25,1388.40,1416.60,1398.50,108645,154020778.00,1070
BSE,AAYUSH,INE430R01023,X,22.50,22.99,22.00,22.24,22.51,61641,1369272.00,542
BSE,AAYUSHBULL,INE777X01017,M,1233.50,1256.15,1233.10,1243.20,1243.20,95250,118177587.00,482
BSE,ABAN,INE421A01028,T,19.02,19.02,19.02,19.02,19.40,5721,108813.00,29
BSE,ABANSENT,INE365O01028,B,28.29,28.33,27.30,28.33,26.99,14698,413233.00,85
BSE,ABATEAS,INE454E01013,X,9.70,9.85,9.04,9.48,9.72,16492,157818.00,75
BSE,ABB,INE117A01022,A,7612.70,7738.15,7590.00,7700.00,7570.00,10818,83076106.00,1943
BSE,ABBOTINDIA,INE358A01014,A,28030.00,28223.35,27778.35,28146.90,28008.80,462,12979210.00,228
BSE,ABCAPITAL,INE674K01013,A,405.80,407.40,403.00,406.00,409.00,86006,34832801.00,2942
BSE,ABCINDQ,INE125D01011,X,64.20,65.79,64.20,65.51,64.20,49,3200.00,6
BSE,ABCOTS,INE08PH01015,B,198.70,202.00,198.70,202.00,200.05,5,996.00,5
BSE,ABDL,INE552Z01027,A,611.05,616.65,603.00,614.35,619.55,16096,9833136.00,515
BSE,ABFRL,INE647O01011,A,58.95,58.98,57.05,57.13,58.44,303854,17550543.00,2185
BSE,ABHICAP,INE516F01016,X,109.00,109.00,107.00,108.40,108.90,7,754.00,3
BSE,ABHIFIN,INE723C01015,X,58.47,58.47,58.47,58.47,57.97,35,2046.00,3
BSE,ABHIINFRA,INE281P01016,X,8.99,8.99,8.99,8.99,8.57,5,44.00,1
BSE,ABINFRA,INE00YB01025,B,10.92,11.48,10.57,11.11,10.77,144574,1610349.00,623
BSE,ABIRAFN,INE195I01013,Z,32.22,32.22,32.22,32.22,32.55,25,805.00,4
BSE,ABLBL,INE14LE01019,A,91.44,92.50,90.10,90.28,91.45,21383,1945773.00,324
BSE,ABMKNO,INE850B01026,B,201.00,201.00,195.00,195.00,199.95,35,6885.00,2
BSE,ABREL,INE055A01016,A,1405.75,1409.05,1371.70,1375.80,1400.65,3295,4570376.00,346
BSE,ABSLAMC,INE404A01024,A,1022.60,1041.00,1015.70,1038.70,1019.35,7310,7502382.00,436
BSE,ABVL,INE485K01022,X,5.12,5.22,5.12,5.13,5.16,129255,665092.00,257
BSE,ACC,INE012A01025,A,1348.50,1352.05,1325.00,1333.00,1340.65,11033,14704397.00,1164
BSE,ACCEDERE,INE578B01015,X,74.81,74.81,69.50,74.78,71.25,2245,165591.00,26
BSE,ACCEL,INE258C01038,X,12.84,12.84,12.14,12.21,12.57,21928,272029.00,80
BSE,ACCELYA,INE793A01012,B,1145.00,1150.10,1137.40,1140.40,1150.30,209,238475.00,45
BSE,ACCORDTS,INE132201018,M,62.35,62.35,60.00,61.91,62.99,78000,4780740.00,26
BSE,ACCURACY,INE648Z01023,T,4.91,4.91,4.65,4.65,4.70,12776,59618.00,36
BSE,ACE,INE731H01025,A,1073.00,1102.45,1066.65,1095.90,1073.85,34962,37860264.00,1752
BSE,ACEALPHA,INE0S9X01011,M,138.00,138.00,138.00,138.00,136.25,1000,138000.00,1
BSE,ACEENGITEC,INE035401020,XT,115.70,115.70,104.70,104.70,110.20,18,1994.00,4
BSE,ACEMEN,INE023R01018,X,112.00,112.20,107.55,109.30,110.70,38023,4183069.00,93
BSE,ACESOFT,INE849B01010,X,184.95,187.80,177.00,180.25,177.55,43745,7868897.00,348
BSE,ACGL,INE451C01013,B,1831.20,1853.75,1810.00,1832.70,1840.35,1251,2285687.00,209
BSE,ACHYUT,INE0K1401020,T,7.27,7.27,6.80,7.05,7.01,846147,5924819.00,195
BSE,ACI,INE128X01021,A,513.50,515.85,505.00,506.30,513.60,11367,5805379.00,571
BSE,ACIIN,INE167B01025,X,1.87,1.87,1.87,1.87,1.79,717194,1341152.00,235
BSE,ACKNIT,INE326C01017,X,300.05,309.95,300.00,303.75,300.15,678,204320.00,14
BSE,ACL,INE666E01020,B,48.15,48.68,45.00,46.37,48.15,2162,100490.00,43
BSE,ACLD,INE0T3401029,M,143.95,144.55,140.25,144.00,143.95,18000,2569140.00,30
BSE,ACME,INE636B01011,Z,29.17,29.17,28.21,28.33,29.17,864,24447.00,13
BSE,ACMESOLAR,INE622W01025,A,369.50,374.95,367.60,372.10,368.55,100649,37418848.00,1465
BSE,ACML,INE427V01013,M,32.50,32.50,32.33,32.33,32.33,2000,64830.00,2
BSE,ACROW,INE950D01012,X,759.10,839.00,759.10,833.85,799.05,212,165557.00,13
BSE,ACSTECH,INE366C01021,B,50.71,52.47,49.87,50.11,50.71,114445,5825881.00,1106
BSE,ACTIVE,INE380Z01015,B,111.30,114.95,104.45,107.20,113.15,31618,3385237.00,266
BSE,ACUTAAS,INE00FF01025,A,3224.95,3281.95,3140.00,3151.15,3241.50,11715,37441000.00,1006
BSE,ADANIENSOL,INE931S01010,A,1630.00,1630.00,1571.90,1602.00,1622.00,77873,123824034.00,4994
BSE,ADANIENT,INE423A01024,A,3024.90,3024.90,2942.55,2980.00,2988.00,67926,201739034.00,4341
BSE,ADANIGREEN,INE364U01010,A,1372.00,1372.05,1315.85,1334.00,1359.80,176982,236685151.00,6767
BSE,ADANIPORTS,INE742F01042,A,1670.00,1672.60,1641.20,1665.00,1667.00,83838,138666232.00,6543
BSE,ADANIPOWER,INE814H01029,A,209.25,209.85,205.10,206.15,208.40,1005730,207882743.00,8003
BSE,ADARSHPL,INE627D01016,X,28.66,29.90,27.76,27.84,29.90,8986,253666.00,57
BSE,ADCINDIA,INE833A01016,XT,2307.90,2407.40,2200.05,2407.40,2292.80,6546,15464488.00,405
BSE,ADCON,INE805Q01028,XT,0.49,0.51,0.49,0.51,0.50,102549,51210.00,106
BSE,ADCOUNTY,INE0W1601012,M,88.00,90.00,83.00,84.56,86.15,77600,6681608.00,69
BSE,ADDIND,INE757C01021,X,85.99,90.00,85.00,86.90,85.91,404,34914.00,16
BSE,ADFFOODS,INE982B01027,B,266.30,266.30,260.95,261.75,265.50,7372,1937211.00,314
BSE,ADHBHUTIN,INE578L01014,X,14.13,14.13,14.13,14.13,14.44,1,14.00,1
BSE,ADINATH,INE207C01019,X,21.15,21.16,21.00,21.00,20.16,1162,24580.00,33
BSE,ADISHAKTI,INE0CWK01019,M,7.63,7.63,7.45,7.45,7.82,60000,455900.00,4
BSE,ADITYA,INE570B01012,X,8.25,8.25,8.25,8.25,8.64,2624,21648.00,18
BSE,ADITYASP,INE122D01026,X,16.69,16.69,15.90,16.59,16.39,498,8114.00,12
BSE,ADL,INE0CHO01012,B,70.19,70.19,70.18,70.19,73.13,61,4281.00,13
BSE,ADMACH,INE0XLO01010,MT,375.00,383.00,373.00,373.00,375.00,2400,908400.00,4
BSE,ADMANUM,INE556D01017,X,55.44,56.89,54.15,56.66,55.49,3498,195032.00,17
BSE,ADON,INE1SME01017,M,83.00,83.19,82.20,83.18,83.10,124000,10276420.00,40
BSE,ADOR,INE045A01017,B,1496.20,1508.35,1472.05,1476.90,1503.70,831,1233506.00,120
BSE,ADROITINFO,INE737B01033,B,9.84,10.20,9.80,10.00,9.84,1146,11445.00,13
BSE,ADSL,INE102I01027,B,114.00,114.00,112.80,113.30,113.95,8650,979596.00,189
BSE,ADTECH,INE257C01014,X,53.20,54.82,53.20,53.42,53.89,1646,89026.00,18
BSE,ADVAIT,INE0ALI01010,B,2181.80,2197.30,2105.00,2117.10,2181.55,11027,23608182.00,1262
BSE,ADVANCE,INE1B0W01010,B,123.50,124.90,117.00,118.00,122.20,11726,1405953.00,186
BSE,ADVANCETL,INE13ZJ01010,MT,62.39,62.39,62.39,62.39,65.67,39600,2470644.00,26
BSE,ADVANIHOTR,INE199C01026,B,50.00,50.98,49.97,50.22,50.48,2250,112786.00,106
BSE,ADVENTHTL,INE28GN01010,B,144.50,144.50,141.55,143.05,143.55,1654,235119.00,71
BSE,ADVENZYMES,INE837H01020,B,299.00,309.20,295.00,301.75,298.85,23931,7224745.00,656
BSE,ADVIKCA,INE178T01024,X,1.25,1.25,1.22,1.23,1.23,284221,351232.00,257
BSE,ADVLIFE,INE900E01015,X,32.02,32.02,32.02,32.02,30.50,889,28465.00,12
BSE,AEGEUS,INE0WR901013,MT,137.20,137.20,132.00,137.20,130.70,321600,43939560.00,139
BSE,AEGISLOG,INE208C01025,A,1299.70,1322.95,1257.95,1264.45,1298.25,85657,110523146.00,4801
BSE,AEGISVOPAK,INE0INX01018,A,279.15,280.05,272.80,273.40,280.60,76282,21070630.00,1234
BSE,AEIM,INE072B01027,X,93.90,93.90,90.10,91.55,92.41,36346,3340445.00,336
BSE,AEL,INE829P01020,X,111.05,113.40,111.05,111.40,111.05,5321,597792.00,45
BSE,AEONXDIGI,INE994D01010,X,119.50,119.50,115.00,115.00,117.55,1385,161700.00,30
BSE,AEPL,INE757T01025,B,16.19,16.37,15.10,15.66,15.91,20678,326117.00,118
BSE,AEQUS,INE947N01017,B,241.60,241.60,233.20,236.65,240.70,109991,26063813.00,1822
BSE,AEROENTER,INE065D01027,B,132.50,134.75,127.00,129.35,129.20,52493,6909451.00,636
BSE,AEROFLEX,INE024001021,B,428.65,449.90,424.65,446.20,423.25,116559,51459203.00,2263
BSE,AERONEU,INE035801013,B,84.00,85.41,82.93,83.20,84.25,241,20148.00,15
BSE,AEROPLANE,INE05TO01019,B,180.00,184.50,175.50,183.20,182.50,23434,4213169.00,356
BSE,AERPACE,INE175N01023,XT,30.50,33.54,30.50,33.12,31.95,761759,24471014.00,654
BSE,AETHER,INE0BWX01014,A,1636.15,1648.00,1605.00,1611.60,1634.55,20058,32630025.00,1244
BSE,AFCOM,INE0OXY01013,M,1480.00,1529.00,1470.00,1488.80,1466.70,93360,140558556.00,527
BSE,AFCONS,INE101I01011,A,264.10,279.00,264.10,267.60,263.80,394055,107608926.00,4354
BSE,AFEL,INE663P01015,Z,1.72,1.77,1.66,1.76,1.72,24356,41717.00,54
BSE,AFFLE,INE00WC01027,A,1682.35,1689.30,1657.90,1672.55,1678.70,14662,24526888.00,1572
BSE,AFFORDABLE,INE692Z01013,T,197.40,197.50,185.00,189.65,192.95,2962,557079.00,41
BSE,AFIL,INE916Y01027,B,9.38,10.05,9.38,9.70,9.80,85301,834172.00,421
BSE,AFLTD,INE18HI01019,M,71.00,71.00,57.51,59.00,61.50,9000,567000.00,3
BSE,AFSL,INE00ZE01026,B,212.15,224.85,212.15,216.20,210.85,17523,3835462.00,295
BSE,AGARIND,INE204E01012,B,512.85,522.30,498.50,506.15,512.90,2195,1130487.00,207
BSE,AGARWAL,INE510B01018,X,21.00,21.00,20.00,20.00,21.02,48,975.00,3
BSE,AGARWALEYE,INE943P01029,A,513.00,515.20,503.00,511.10,542.75,1047730,532290897.00,12033
BSE,AGI,INE415A01038,B,716.80,719.60,697.35,704.80,718.30,3916,2773339.00,235
BSE,AGIIL,INE976R01033,B,303.25,303.80,297.00,301.50,299.65,13204,3978813.00,275
BSE,AGIOPAPER,INE112C01011,X,3.31,3.38,3.31,3.38,3.22,153,506.00,5
BSE,AGL,INE1YPB01014,B,13.95,15.28,13.80,14.59,13.60,817851,11877820.00,2361
BSE,AGOL,INE05FR01029,B,3.97,4.00,3.62,3.83,3.95,354053,1361698.00,754
BSE,AGRIBIO,INE679E01015,X,315.00,324.40,315.00,318.50,315.80,17439,5580568.00,60
BSE,AGRITECH,INE449G01018,B,108.00,109.90,104.50,108.80,110.00,816,87175.00,21
BSE,AGSTRA,INE583L01014,Z,2.04,2.07,1.98,2.05,2.06,38148,77172.00,94
BSE,AGVENTURES,INE321D01016,X,143.00,143.00,125.10,128.20,143.35,23124,3077542.00,439
BSE,AHCL,INE0Y8W01025,B,14.48,14.48,14.17,14.23,14.42,221027,3150970.00,730
BSE,AHLEAST,INE926K01017,B,141.10,141.10,141.10,141.10,142.15,80,11288.00,2
BSE,AHLUCONT,INE758C01029,A,831.00,831.00,805.00,808.65,833.40,1857,1519277.00,215
BSE,AHLWEST,INE915K01010,T,540.00,542.40,500.10,500.10,516.60,305,163842.00,6
BSE,AHMDSTE,INE868C01018,X,174.90,174.90,160.00,162.15,168.05,1117,182666.00,51
BSE,AIAENG,INE212H01026,A,4817.30,4817.30,4490.35,4523.40,4779.35,3614,16616368.00,828
BSE,AICHAMP,INE768E01024,XT,38.28,38.50,36.22,36.22,37.53,643,24687.00,12
BSE,AIHL,INE342U01016,X,38.10,38.10,36.00,36.00,36.34,109,4148.00,6
BSE,AIIL,INE206F01022,A,566.90,566.90,547.85,555.45,571.75,20675,11511790.00,641
BSE,AIKPIPES,INE0QFT01015,M,28.75,28.75,28.75,28.75,30.26,4000,115000.00,5
BSE,AIMCOPEST,INE008B01013,X,48.76,49.98,46.20,47.98,48.98,1139,54293.00,38
BSE,AIML,INE123D01024,XT,2.58,2.58,2.58,2.58,2.63,3350,8643.00,45
BSE,AIRAN,INE645W01026,B,15.50,15.50,14.83,15.00,14.63,10361,154762.00,38
BSE,AIRFLOA,INE0XBS01012,M,339.50,341.60,331.05,335.15,345.15,130500,43727075.00,148
BSE,AJANTPHARM,INE031B01049,A,3503.05,3551.00,3490.00,3542.70,3503.35,2590,9135059.00,387
BSE,AJANTSOY,INE601B01023,X,22.31,23.39,22.31,22.58,22.74,34685,790067.00,133
BSE,AJAXENGG,INE274Y01021,B,571.75,571.75,563.05,565.85,567.30,1784,1009168.00,181
BSE,AJCJEWEL,INE0XRR01010,M,155.00,155.00,152.90,155.00,147.65,43200,6683460.00,26
BSE,AJCON,INE759C01027,X,6.36,6.45,5.91,6.40,6.30,1651,10531.00,23
BSE,AJMERA,INE298G01035,B,120.65,121.05,116.30,117.55,121.95,46601,5506733.00,666
BSE,AJWAFUN,INE863E01015,P,38.50,38.50,38.50,38.50,40.45,200,7700.00,2
BSE,AKCAPIT,INE701G01012,B,1755.00,1755.00,1724.95,1725.00,1720.60,1362,2352177.00,120
BSE,AKI,INE642Z01026,B,4.35,4.49,3.85,4.24,4.36,46992,195618.00,44
BSE,AKSHAR,INE256Z01025,B,0.41,0.42,0.40,0.41,0.42,201255,81883.00,117
BSE,AKSHARCHEM,INE542B01011,T,271.70,271.70,265.00,271.70,271.70,4718,1281794.00,58
BSE,AKSHOPTFBR,INE523B01011,T,6.11,6.41,5.86,6.41,6.11,32097,201350.00,63
BSE,AKUMS,INE09XN01023,B,761.00,775.45,746.40,750.15,761.00,16238,12359489.00,1025
BSE,ALANKIT,INE914E01040,B,8.24,8.39,8.05,8.17,8.35,23108,189201.00,176
BSE,ALANSCOTT,INE273F01022,XT,354.70,354.70,336.00,336.05,340.00,412,139902.00,12
BSE,ALBERTDAVD,INE155C01010,B,791.80,799.00,775.00,798.80,789.60,2674,2098351.00,159
BSE,ALEMBICLTD,INE426A01027,B,86.70,86.70,83.56,84.93,86.76,19019,1612474.00,482
BSE,ALEXANDER,INE191N01012,X,7.58,7.58,7.49,7.49,7.59,1060,7941.00,3
BSE,ALFATRAN,INE209C01015,X,42.36,42.48,41.25,41.86,42.15,3647,151772.00,48
BSE,ALFAVIO,INE883B01027,XT,13.00,13.00,12.15,12.15,12.78,32560,397374.00,47
BSE,ALFL,INE211D01027,X,1.00,1.10,1.00,1.07,1.08,19019,20058.00,19
BSE,ALFREDHE,INE782D01027,X,3100.00,3100.00,3000.00,3006.20,3013.95,157,474436.00,33
BSE,ALGOQUANT,INE598D01035,B,68.00,68.00,66.89,67.26,67.33,229851,15458240.00,440
BSE,ALICON,INE062D01024,B,722.40,781.00,722.40,773.05,731.15,18762,13890968.00,681
BSE,ALIVUS,INE03Q201024,A,1385.70,1400.60,1350.00,1361.90,1391.30,7686,10495867.00,530
BSE,ALKALI,INE773I01017,T,68.69,68.69,65.55,68.50,66.79,1292,85034.00,10
BSE,ALKEM,INE540L01014,A,5500.20,5508.85,5420.00,5470.00,5510.00,2001,10929250.00,257
BSE,ALKOSIGN,INE0KA601012,M,56.31,58.00,56.00,57.00,59.37,10125,576697.00,9
BSE,ALKYLAMINE,INE150B01039,A,1943.95,1943.95,1882.85,1891.85,1944.10,1698,3245362.00,211
BSE,ALLCARGO,INE418H01029,B,10.35,10.77,10.10,10.62,10.27,2640900,27685637.00,2644
BSE,ALLDIGI,INE835G01018,B,803.00,807.95,800.10,805.65,810.75,1432,1150340.00,81
BSE,ALLTIME,INE0GV601021,B,219.50,221.20,212.10,219.25,216.75,5203,1125168.00,158
BSE,ALMONDZ,INE326B01035,B,14.01,14.74,13.82,14.50,14.26,3942,56648.00,66
BSE,ALOKINDS,INE270A01029,A,11.81,11.91,11.72,11.78,11.85,314392,3708812.00,1010
BSE,ALPA,INE385I01010,B,67.90,68.00,67.00,67.02,67.90,1190,80026.00,30
BSE,ALPHAGEO,INE137C01018,B,289.90,314.95,285.00,305.95,285.00,28372,8569975.00,924
BSE,ALPHALOGIC,INE08E401029,B,44.90,44.90,40.25,42.54,42.98,3552,152894.00,60
BSE,ALPINEHOU,INE840D01015,XT,138.35,138.35,138.00,138.30,138.35,455,62935.00,4
BSE,ALPINETEX,INE1JCQ01037,B,62.75,63.38,60.81,61.63,62.20,34097,2097228.00,428
BSE,ALSL,INE030P01017,B,64.90,64.92,61.00,61.83,63.46,13593,850592.00,167
BSE,ALTIUSINVIT,INE0BWS23018,IF,172.50,172.50,171.50,171.50,172.50,325000,55787500.00,11
BSE,ALUFLUOR,INE058F01019,X,410.00,432.00,400.00,430.00,445.25,32478,13600285.00,653
BSE,AMAGI,INE121R01077,B,665.75,669.00,635.65,638.10,660.70,24212,15745719.00,986
BSE,AMAL,INE841D01013,X,786.90,786.90,745.10,755.65,779.90,14890,11233855.00,688
BSE,AMANTA,INE084K01015,T,156.70,156.70,156.70,156.70,159.85,369,57822.00,8
BSE,AMARJOTHI,INE484D01012,X,160.70,160.70,154.55,155.75,162.00,11022,1728909.00,144
BSE,AMARSEC,INE745P01010,X,17.50,18.00,17.01,17.85,17.19,28812,507631.00,29
BSE,AMBALALSA,INE432A01017,B,46.97,46.97,43.11,44.93,45.68,44836,1988895.00,348
BSE,AMBARPIL,INE072V01017,X,219.00,220.00,206.95,217.50,219.40,889,187186.00,22
BSE,AMBER,INE371P01015,A,7052.25,7083.15,6954.00,7021.00,7158.00,15378,107671991.00,2560
BSE,AMBIKCO,INE540G01014,B,1630.00,1642.50,1580.50,1586.10,1639.00,2160,3484000.00,299
BSE,AMBIT,INE267C01013,X,11.20,11.20,11.20,11.20,11.20,138,1545.00,2
BSE,AMBOAGRI,INE0N6V01016,M,11.79,11.85,11.79,11.79,11.79,6000,70800.00,4
BSE,AMBUJACEM,INE079A01024,A,425.40,426.75,418.25,422.35,424.60,134749,56710894.00,4685
BSE,AMCOIND,INE924B01011,X,68.10,69.89,65.11,65.48,69.00,1104,74787.00,18
BSE,AMDIND,INE005I01014,B,50.61,53.00,48.90,52.16,51.72,13250,690071.00,396
BSE,AMEENJI,INE14QA01016,M,149.90,173.00,149.80,169.85,148.55,109200,17706720.00,81
BSE,AMERISE,INE673C01020,XT,0.84,0.85,0.84,0.85,0.86,21350,18063.00,17
BSE,AMFORG,INE991A01020,X,5.40,6.25,5.40,5.96,5.36,17340,103864.00,75
BSE,AMIC,INE0P9J01013,M,1970.00,2021.00,1953.00,1966.30,1957.45,123000,245272615.00,747
BSE,AMINTAN,INE572Z01017,X,1.44,1.46,1.41,1.43,1.41,8108,11636.00,95
BSE,AMITSEC,INE137E01014,X,43.82,43.82,43.82,43.82,41.74,1,43.00,1
BSE,AMJLAND,INE606A01024,B,40.31,40.60,39.00,39.00,39.97,29,1168.00,6
BSE,AMKAY,INE0QSB01016,M,45.60,46.00,45.60,46.00,47.99,4000,183200.00,2
BSE,AMNPLST,INE275D01022,B,198.70,199.30,198.70,199.10,198.70,62,12333.00,4
BSE,AMPL,INE727C01024,X,30.33,30.79,28.58,30.20,30.33,36495,1066221.00,69
BSE,AMPVOLTS,INE989J01017,X,27.10,27.20,26.31,27.16,27.08,16261,434273.00,62
BSE,AMRAAGRI,INE735C01027,X,0.53,0.55,0.53,0.53,0.53,9638,5149.00,17
BSE,AMRAPLIN,INE762C01021,XT,36.36,38.17,35.01,38.17,36.36,29563,1096026.00,76
BSE,AMRUTANJAN,INE098F01031,B,544.00,550.50,482.65,487.20,534.70,33968,17052144.00,1621
BSE,AMS,INE345U01019,XT,77.00,77.00,75.00,75.00,74.00,603,45229.00,5
BSE,AMTL,INE436N01029,X,18.94,19.78,18.51,19.57,18.99,4115,78135.00,82
BSE,AMWILL,INE0U2L01017,M,42.60,42.60,42.00,42.00,42.60,19200,812160.00,8
BSE,ANANDRATHI,INE463V01026,A,2180.50,2221.65,2166.55,2188.85,2156.60,22448,49166651.00,1272
BSE,ANANTAM,INE1UA823019,IF,105.55,107.12,104.89,106.80,105.55,59148,6223431.00,958
BSE,ANANTRAJ,INE242C01024,A,609.00,620.00,600.25,614.45,607.20,183813,112021364.00,6584
BSE,ANDHRAPAP,INE435A01051,B,60.22,60.62,59.32,59.48,60.22,30764,1830138.00,181
BSE,ANDHRAPET,INE714B01016,X,45.26,45.84,44.22,45.30,45.48,75046,3360826.00,462
BSE,ANDHRSUGAR,INE715B01021,B,99.11,100.50,96.82,98.12,99.35,65477,6444478.00,601
BSE,ANDREWYU,INE449C01025,B,27.39,27.49,26.16,27.16,27.31,85283,2306408.00,559
BSE,ANG,INE236W01016,T,32.00,32.80,30.60,30.60,31.66,800,25114.00,14
BSE,ANGEL,INE339Z01011,M,8.87,8.87,8.87,8.87,8.87,8000,70960.00,2
BSE,ANGELONE,INE732I01021,A,291.40,291.40,285.30,289.35,291.10,164138,47187520.00,2330
BSE,ANIKINDS,INE087B01017,B,44.60,44.60,40.00,40.15,42.97,4264,172731.00,67
BSE,ANIRIT,INE161F01011,XT,43.99,43.99,43.99,43.99,44.88,201,8841.00,2
BSE,ANJANI,INE364D01032,X,24.35,25.44,24.35,25.00,24.47,5358,133346.00,18
BSE,ANJANIFIN,INE283D01018,X,8.40,8.40,8.00,8.39,8.44,469,3930.00,8
BSE,ANJANIFOODS,INE096I01021,XT,19.00,19.00,18.06,18.07,18.53,3269,60372.00,22
BSE,ANKIN,INE067C01025,X,20.99,22.15,20.10,20.27,21.13,24324,510353.00,92
BSE,ANKITMETAL,INE106I01010,Z,1.58,1.58,1.52,1.58,1.60,476,734.00,15
BSE,ANL,INE1KVQ01019,MT,299.00,299.00,299.00,299.00,299.00,1000,299000.00,1
BSE,ANMOL,INE02AR01019,B,10.20,10.32,10.20,10.30,10.26,1207,12405.00,18
BSE,ANNAINFRA,INE336D01014,X,24.00,27.80,24.00,24.06,25.36,202,5600.00,5
BSE,ANSALAPI,INE436A01026,Z,3.64,3.64,3.53,3.60,3.60,15520,54850.00,19
BSE,ANSALHSG,INE880B01015,X,5.69,5.70,5.55,5.56,5.52,24365,136924.00,65
BSE,ANSINDUS,INE234J01018,X,13.83,13.83,13.83,13.83,13.18,1,13.00,1
BSE,ANTELOPUS,INE818A01017,B,812.70,819.90,799.25,801.55,814.10,3314,2684677.00,282
BSE,ANTHEM,INE0CZ201020,A,892.25,898.00,875.90,877.95,891.80,59516,52636356.00,2021
BSE,ANUBHAV,INE1O7201010,M,50.15,51.94,50.00,51.60,48.83,59200,2973920.00,37
BSE,ANUHPHR,INE489G01022,B,78.17,78.17,77.00,77.18,77.75,7053,547823.00,67
BSE,ANUP,INE294Z01018,B,1896.10,1910.10,1867.00,1872.05,1906.80,1007,1899058.00,159
BSE,ANUPAM,INE069B01023,X,1.87,1.93,1.85,1.89,1.87,87538,165585.00,134
BSE,ANURAS,INE930P01018,A,1201.60,1219.90,1195.25,1204.10,1208.75,530,640822.00,43
BSE,ANUROOP,INE490Z01012,B,11.60,12.24,11.50,12.13,11.34,6791,81000.00,43
BSE,ANVRDHI,INE075K01013,X,9.26,9.69,9.26,9.63,9.36,5094,48648.00,41
BSE,APARINDS,INE372A01015,A,16998.10,18432.40,16874.10,18014.95,16745.75,50907,881741171.00,4388
BSE,APCL,INE071F01012,B,107.00,108.20,103.90,104.30,104.05,778,82885.00,132
BSE,APCOTEXIND,INE116A01032,B,620.00,623.65,591.60,600.75,617.90,38815,23341615.00,947
BSE,APEX,INE346W01013,B,374.60,377.00,362.50,366.55,378.00,7235,2653689.00,361
BSE,APIS,INE070K01014,B,56.55,58.99,55.57,56.10,57.33,4324,242876.00,113
BSE,APL,INE0SJX01015,M,79.90,79.95,79.00,79.00,80.25,7000,556700.00,4
BSE,APLAB,INE273A01015,XT,67.70,67.70,66.00,66.86,64.72,618,41278.00,15
BSE,APLAPOLLO,INE702C01027,A,2024.70,2024.70,1991.60,1991.60,1992.00,9802,19663138.00,1016
BSE,APLLTD,INE901L01018,A,839.00,851.50,833.30,841.25,838.45,3728,3141362.00,212
BSE,APMIN,INE170D01025,X,56.71,57.50,55.60,56.64,56.71,22374,1274895.00,83
BSE,APOLLO,INE713T01028,A,388.95,391.05,378.00,379.80,388.70,175021,67249582.00,3979
BSE,APOLLOFI,INE412D01013,X,321.00,327.05,321.00,326.90,333.90,1910,623353.00,19
BSE,APOLLOHOSP,INE437A01024,A,8800.00,8800.00,8503.90,8565.00,8751.00,30507,261315295.00,4924
BSE,APOLLOIN,INE314N01028,XT,132.10,132.10,132.10,132.10,134.75,135,17833.00,10
BSE,APOLLOPIPE,INE126J01016,B,508.05,517.00,504.80,512.65,507.60,9034,4606852.00,208
BSE,APOLLOTYRE,INE438A01022,A,445.05,447.80,441.95,445.15,442.80,19473,8654459.00,647
BSE,APOORVA,INE217S01014,X,29.41,29.41,28.55,28.55,28.01,11,322.00,3
BSE,APPL,INE15XJ01010,MT,263.45,263.45,263.45,263.45,268.80,22000,5795900.00,33
BSE,APTECHT,INE266F01018,T,96.70,96.70,93.21,93.90,94.26,4137,394815.00,28
BSE,APTPACK,INE046E01025,X,75.32,75.32,68.16,71.44,71.74,11160,826250.00,124
BSE,APTUS,INE852O01025,A,259.55,259.55,253.15,254.30,256.70,63307,16136012.00,1746
BSE,AQYLON,INE416A01051,B,25.30,25.49,24.10,24.11,25.36,220115,5331080.00,453
BSE,ARAVALIS,INE068C01015,X,4.38,4.38,3.95,3.95,4.38,343,1440.00,9
BSE,ARCFIN,INE202R01026,X,0.50,0.51,0.49,0.50,0.50,2875457,1434576.00,704
BSE,ARCHIDPLY,INE877I01016,B,93.70,93.78,91.46,92.00,93.78,1942,180214.00,75
BSE,ARCHIES,INE731A01020,B,13.85,13.85,13.85,13.85,13.85,50,692.00,1
BSE,ARCHITORG,INE078I01011,XT,62.65,65.00,61.00,61.86,62.29,139143,8713449.00,287
BSE,ARCL,INE372M01010,X,228.40,228.40,220.00,228.40,217.55,1072,243422.00,40
BSE,ARDEE,INE0XNF01022,B,73.60,73.60,65.77,67.13,0.00,12516117,875422356.00,74335
BSE,ARE&M,INE885A01032,A,972.75,1017.20,962.40,968.30,970.05,294099,291500442.00,8157
BSE,ARENTERP,INE610C01014,B,39.00,39.90,36.12,37.44,41.39,162,6038.00,28
BSE,AREXMIS,INE480H01011,X,133.00,133.00,132.90,132.90,139.85,89,11829.00,4
BSE,ARFIN,INE784R01023,B,84.00,85.46,84.00,84.70,85.14,12550,1061683.00,141
BSE,ARIES,INE298I01015,B,368.35,424.45,368.35,395.95,358.50,37680,15165125.00,1383
BSE,ARIHANT,INE413D01011,B,1093.20,1114.55,1075.50,1114.50,1140.00,59,64793.00,12
BSE,ARIHANTCAP,INE420B01036,B,75.01,75.37,74.34,74.57,75.09,3345,249715.00,53
BSE,ARIHANTSUP,INE643K01018,B,261.35,261.40,257.30,259.75,261.35,171,44383.00,11
BSE,ARIS,INE0H9P01028,B,134.10,137.65,133.75,135.65,133.10,41011,5576267.00,453
BSE,ARISE,INE190D01015,X,19.00,19.00,17.50,18.49,19.00,3285,60203.00,47
BSE,ARITAS,INE1D8001016,MT,12.90,13.00,12.50,12.62,12.92,21000,270060.00,6
BSE,ARKADE,INE0QRL01017,B,132.20,132.45,125.25,130.15,134.00,53017,6827984.00,831
BSE,ARL,INE02GA01012,B,44.75,45.20,41.17,43.36,43.08,25889,1122651.00,303
BSE,ARMAN,INE510P01018,X,119.00,119.00,115.00,115.25,114.60,14243,1674913.00,84
BSE,ARMANFIN,INE109C01017,B,2026.50,2041.50,1964.20,2004.35,1998.25,1935,3871938.00,227
BSE,ARNOLD,INE185K01036,X,14.18,14.75,13.71,13.79,14.73,8686,121952.00,63
BSE,AROGRANITE,INE210C01013,B,24.25,25.40,24.25,25.07,25.02,1112,28125.00,6
BSE,ARROWGREEN,INE570D01018,T,790.00,800.00,765.00,790.90,774.95,3669,2869182.00,105
BSE,ARSHIYA,INE968D01022,Z,0.95,0.97,0.91,0.94,0.95,11565,10791.00,21
BSE,ARSSBL,INE549H01021,B,507.15,511.25,491.00,497.75,509.45,8429,4243901.00,452
BSE,ARTEFACT,INE885B01014,X,54.00,54.00,52.60,53.04,53.93,6950,369192.00,28
BSE,ARTEMISMED,INE025R01021,B,314.05,323.00,300.60,316.50,313.35,56413,17317906.00,1796
BSE,ARTSON,INE133D01023,X,167.00,167.00,157.30,161.10,161.45,28440,4661300.00,290
BSE,ARUNAHTEL,INE957C01019,X,7.70,7.70,7.35,7.55,7.58,12954,97313.00,45
BSE,ARVAYA,INE491D01017,XT,112.45,112.45,112.45,112.45,114.70,779,87598.00,7
BSE,ARVIND,INE034A01011,A,563.25,574.00,553.05,564.50,567.70,15113,8583507.00,745
BSE,ARVINDFASN,INE955V01021,A,452.55,452.55,439.00,443.45,447.75,6430,2851510.00,457
BSE,ARVSMART,INE034S01021,B,652.00,667.05,648.00,665.25,636.30,15747,10367838.00,557
BSE,ARYACAPM,INE229R01011,B,391.95,423.05,390.55,400.05,399.15,1872,761304.00,1818
BSE,ARYAMAN,INE032E01017,X,583.00,583.00,583.00,583.00,583.00,35,20405.00,4
BSE,ARYAN,INE016X01010,X,20.90,20.90,20.00,20.00,20.90,25,502.00,7
BSE,ASAHIINDIA,INE439A01020,A,900.05,902.00,879.80,891.90,901.25,3508,3117036.00,248
BSE,ASAHISONG,INE228I01012,T,337.90,353.00,329.00,337.95,337.90,3133,1055625.00,42
BSE,ASAL,INE900C01027,B,507.70,510.65,498.00,502.75,508.30,628,315336.00,57
BSE,ASALCBR,INE073G01016,B,726.20,732.25,720.00,722.80,730.80,2651,1918926.00,239
BSE,ASARFI,INE0DN001027,M,236.90,239.00,234.00,236.15,233.15,137000,32474400.00,114
BSE,ASGARD,INE767M01029,X,30.10,30.96,30.10,30.66,30.48,10498,321574.00,94
BSE,ASHAI,INE709D01012,XT,12.10,12.10,12.01,12.01,12.25,173,2091.00,7
BSE,ASHAPURMIN,INE348A01023,A,649.90,658.50,634.95,637.40,651.80,46588,29881511.00,1294
BSE,ASHCAP,INE894A01026,X,2.79,2.83,2.66,2.76,2.79,52723,144898.00,183
BSE,ASHIANA,INE365D01021,B,371.80,386.00,370.70,379.85,381.80,9862,3715345.00,242
BSE,ASHIKAG,INE094B01013,T,420.00,441.00,420.00,441.00,420.00,4934,2165345.00,133
BSE,ASHIMASYN,INE440A01010,B,17.52,18.27,17.28,17.43,17.99,1941,34320.00,39
BSE,ASHISHPO,INE831C01016,X,29.26,29.26,27.31,28.68,27.89,1631,46025.00,18
BSE,ASHNI,INE694W01024,XT,4.00,4.00,3.72,3.72,3.91,1197270,4487318.00,1158
BSE,ASHNOOR,INE372I01018,X,42.90,43.10,41.50,43.00,42.92,2898,124519.00,16
BSE,ASHOKA,INE442H01029,A,115.30,116.20,113.05,113.90,117.05,1050013,119614486.00,2340
BSE,ASHOKAMET,INE760Y01011,B,15.91,15.91,13.90,13.91,13.94,1613,22613.00,18
BSE,ASHOKLEY,INE208A01029,A,174.65,177.35,174.00,176.00,175.10,1201123,210391684.00,7383
BSE,ASHRAM,INE293C01019,X,5.00,5.04,5.00,5.04,4.80,1520,7620.00,4
BSE,ASHSI,INE338C01012,X,22.82,23.30,22.10,22.67,22.71,1014,23014.00,28
BSE,ASHUTPM,INE723K01018,X,5.80,5.80,5.80,5.80,6.10,1,5.00,1
BSE,ASIACAP,INE131Q01011,XT,95.02,98.70,95.02,98.70,96.95,378,36129.00,8
BSE,ASIAN,INE04Z101016,X,34.50,34.50,32.35,33.51,34.58,241,8028.00,13
BSE,ASIANENE,INE276G01015,B,401.35,411.95,401.35,405.50,401.85,13891,5634290.00,362
BSE,ASIANHOTNR,INE363A01022,B,311.95,314.40,304.00,306.10,311.95,844,260807.00,129
BSE,ASIANPAINT,INE021A01026,A,2735.50,2742.90,2699.45,2725.90,2727.00,14655,39922453.00,2858
BSE,ASIANTILES,INE022I01019,B,52.51,55.40,52.51,53.33,52.86,406150,21948257.00,1361
BSE,ASIANTNE,INE822B01017,X,9.94,9.95,9.00,9.21,9.94,43976,416766.00,109
BSE,ASIIL,INE443A01030,X,26.97,26.97,24.80,24.99,26.62,57354,1450797.00,178
BSE,ASINPET,INE810M01019,X,9.10,9.23,9.05,9.20,9.17,2617,23944.00,19
BSE,ASITCFIN,INE041B01014,X,108.00,111.00,108.00,111.00,111.00,100,11097.00,3
BSE,ASKAUTOLTD,INE491J01022,B,655.00,659.40,646.45,651.05,653.95,7359,4798258.00,394
BSE,ASMS,INE855F01042,T,7.35,7.68,7.22,7.34,7.35,5259,38681.00,34
BSE,ASMTEC,INE867C01010,B,4940.00,4940.10,4880.00,4919.20,4902.15,12478,61417953.00,1309
BSE,ASPIRA,INE500C01017,XT,100.70,100.70,100.70,100.70,102.75,10,1007.00,1
BSE,ASRL,INE01B501018,X,6.50,6.79,6.50,6.60,6.71,14856,98105.00,67
BSE,ASSOCER,INE771E01010,X,160.00,169.95,158.00,160.85,162.10,274,45803.00,17
BSE,ASTALLTD,INE307N01014,X,86.00,89.00,86.00,86.48,86.85,51711,4532775.00,241
BSE,ASTEC,INE563J01010,B,610.60,616.90,605.00,607.30,617.65,1598,975224.00,142
BSE,ASTERDM,INE914M01019,A,858.35,860.70,823.00,829.60,854.55,371798,308478311.00,1371
BSE,ASTRAL,INE006I01046,A,1439.10,1459.60,1425.75,1458.95,1423.00,10685,15428309.00,1026
BSE,ASTRAMICRO,INE386C01029,A,1719.55,1748.00,1652.35,1663.30,1702.70,30345,51497791.00,2124
BSE,ASTRAZEN,INE203A01020,A,8045.00,8045.00,7876.50,7905.70,7946.00,250,1985107.00,83
BSE,ASTRON,INE646X01014,Z,3.66,3.66,3.51,3.55,3.58,6642,23434.00,18
BSE,ASTRONMULT,INE0RUY01012,MT,16.16,17.68,16.16,17.68,16.87,4000,67680.00,2
BSE,ATALREAL,INE0ALR01029,B,35.54,35.90,34.97,35.22,35.53,146677,5166297.00,331
BSE,ATAM,INE09KD01013,B,66.00,66.00,63.66,65.00,63.50,309,19969.00,19
BSE,ATENPAPERS,INE0XCV01014,MT,21.19,21.19,20.50,20.50,21.00,2400,50028.00,2
BSE,ATGL,INE399L01023,A,669.85,670.00,656.60,660.75,666.00,30648,20253768.00,881
BSE,ATHARVA,INE226801012,M,74.80,76.90,73.50,74.21,75.38,112000,8378680.00,45
BSE,ATHARVENT,INE354E01031,XT,4.29,4.29,4.08,4.08,4.29,25570,107717.00,26
BSE,ATHENAGLO,INE576B01019,X,58.87,58.87,57.80,57.80,57.72,49,2854.00,5
BSE,ATHERENERG,INE0LEZ01016,A,1533.85,1578.95,1510.55,1568.50,1524.45,260084,403309767.00,7536
BSE,ATIL,INE0X4A01013,M,117.85,117.85,109.40,112.20,117.00,14000,1601510.00,14
BSE,ATISHAY,INE011R01013,X,161.10,170.00,161.10,166.10,164.65,2502,416729.00,35
BSE,ATL,INE0NN701020,B,24.09,25.70,24.09,24.70,24.64,25401,628002.00,127
BSE,ATLANTAA,INE285H01022,B,44.80,44.80,41.70,42.10,44.97,21069,898582.00,605
BSE,ATLANTAELE,INE0Z4F01028,B,1603.10,1698.00,1597.30,1668.10,1587.25,18159,30165251.00,1454
BSE,ATLASCYCLE,INE446A01025,B,97.00,98.90,96.86,97.38,97.20,4686,457090.00,64
BSE,ATUL,INE100A01010,A,6850.15,6936.75,6785.35,6892.30,6848.25,1899,13062968.00,276
BSE,ATULAUTO,INE951D01028,B,499.30,515.00,497.35,504.15,494.85,25517,12920033.00,795
BSE,ATVOENT,INE219M01021,XT,36.70,37.62,35.01,37.50,35.83,289227,10815086.00,410
BSE,ATVPR,INE447A01015,X,26.50,26.50,25.75,25.92,26.43,4426,115950.00,84
BSE,AUBANK,INE949L01017,A,1065.80,1089.00,1062.05,1088.20,1076.90,57419,61781353.00,2362
BSE,AUDROC,INE061B01038,XT,8.57,8.57,8.57,8.57,8.17,5146,44101.00,12
BSE,AUREATE,INE1KVL01010,M,33.50,33.50,33.50,33.50,36.00,2000,67000.00,1
BSE,AURIONPRO,INE132H01018,A,727.35,727.35,710.50,719.65,727.35,6597,4742429.00,478
BSE,AURIQUE,INE766A01026,XT,10.96,10.96,10.96,10.96,10.75,7,76.00,1
BSE,AUROLAB,INE292C01011,X,243.35,245.95,228.00,239.70,243.25,1430,339760.00,65
BSE,AUROPHARMA,INE406A01037,A,1671.10,1671.10,1651.75,1664.95,1642.00,10830,17959608.00,992
BSE,AURUM,INE898S01029,B,228.20,229.05,225.75,226.80,228.70,5514,1250139.00,131
BSE,AURUS,INE142K01011,B,4.70,4.78,4.52,4.61,4.70,3240,15120.00,30
BSE,AUSOMENT,INE218C01016,B,140.40,142.50,136.10,138.10,142.50,4354,603058.00,68
BSE,AUSTENG,INE759F01012,X,132.60,134.90,120.60,122.40,137.80,30933,3808924.00,335
BSE,AUSTERE,INE104201012,M,41.10,42.00,41.10,42.00,42.00,4000,166200.00,2
BSE,AUTOAXLES,INE449A01011,B,1807.70,1812.00,1789.00,1789.00,1805.00,115,207329.00,41
BSE,AUTOIND,INE718H01014,T,95.00,98.91,93.00,98.91,94.20,26496,2565750.00,145
BSE,AUTOINT,INE340U01010,X,295.00,303.95,295.00,302.15,293.60,475,142168.00,32
BSE,AVADHSUGAR,INE349W01017,B,631.90,632.00,618.85,630.00,634.85,5529,3445191.00,188
BSE,AVAILFC,INE325G01010,B,132.55,137.95,132.10,135.85,134.55,4365,586142.00,237
BSE,AVALON,INE0LCL01028,A,1946.80,2000.00,1935.10,1964.45,1937.40,20640,40747117.00,1231
BSE,AVANCE,INE758A01072,X,0.89,0.91,0.89,0.90,0.90,5486658,4912448.00,1640
BSE,AVANTEL,INE005B01027,A,160.05,161.25,157.55,158.45,160.30,60871,9693998.00,942
BSE,AVANTIFEED,INE871C01038,A,850.80,872.50,830.10,867.55,860.95,70875,60326042.00,3251
BSE,AVAX,INE0NQ401024,MT,50.55,50.55,50.55,50.55,48.41,1000,50550.00,1
BSE,AVEER,INE09BN01011,X,621.00,621.00,587.45,587.50,592.25,1754,1053784.00,14
BSE,AVG,INE680Z01018,T,206.80,208.00,193.80,200.05,199.10,1637,333689.00,25
BSE,AVL,INE679V01027,A,616.45,621.70,607.45,617.00,615.10,5908,3615573.00,413
BSE,AVONMORE,INE323B01024,B,11.30,11.69,11.25,11.32,11.28,20230,231814.00,164
BSE,AVROIND,INE652Z01025,B,8.29,8.50,8.02,8.23,8.29,118331,972015.00,324
BSE,AVTNPL,INE488D01021,B,72.00,72.00,70.16,70.60,70.82,3124,220428.00,41
BSE,AWFIS,INE108V01019,A,266.65,274.90,264.00,273.30,266.80,18793,5083222.00,457
BSE,AWHCL,INE01BK01022,B,391.40,396.85,388.00,392.95,387.80,7307,2872278.00,339
BSE,AWL,INE699H01024,A,193.30,194.75,191.40,194.30,192.80,58397,11286625.00,1012
BSE,AXELPOLY,INE197C01012,X,49.25,50.00,46.01,46.10,49.77,2518,119150.00,30
BSE,AXISBANK,INE238A01034,A,1229.90,1235.00,1216.80,1226.00,1229.00,737553,905926029.00,10427
BSE,AXISCADES,INE555B01013,B,1539.80,1574.05,1536.00,1544.60,1545.40,3324,5163425.00,356
BSE,AXISOL,INE520G01024,XT,513.00,513.10,513.00,513.10,488.70,10578,5427397.00,190
BSE,AXITA,INE02EZ01022,B,7.62,7.62,7.27,7.31,7.30,75583,552440.00,413
BSE,AXTEL,INE767C01012,X,421.00,429.50,410.45,411.65,420.70,5242,2183401.00,169
BSE,AYE,INE501X01029,B,175.35,182.00,173.70,177.25,178.80,72380,12758688.00,732
BSE,AYMSYNTEX,INE193B01039,B,250.65,254.45,242.60,253.00,254.05,1629,406203.00,208
BSE,AZAD,INE02IJ01035,A,2469.90,2495.95,2453.35,2478.15,2471.45,24027,59426256.00,1980
BSE,AZADIND,INE566M01017,X,97.00,97.74,96.25,96.39,96.66,16205,1567854.00,98
BSE,AZTEC,INE0SCB01016,M,97.90,97.90,95.20,95.20,97.90,3000,288300.00,3
BSE,B2BSOFT,INE151B01011,X,26.18,26.18,24.49,25.46,25.88,23802,597777.00,279
BSE,BABA,INE893A01036,X,13.60,14.71,13.60,14.31,13.95,13244,190273.00,69
BSE,BACPHAR,INE711D01018,X,14.53,14.53,14.53,14.53,15.29,76650,1113724.00,58
BSE,BAFNAPH,INE878I01022,T,273.20,273.20,273.20,273.20,278.75,94084,25703748.00,3
BSE,BAGFILMS,INE116D01028,B,4.35,4.42,4.25,4.33,4.35,22225,96318.00,49
BSE,BAGMANE,INE2OVN25015,IF,109.00,110.27,108.50,109.99,108.73,47161,5158621.00,585
BSE,BAIDFIN,INE020D01022,B,10.04,10.04,9.87,9.99,9.82,480,4782.00,6
BSE,BAIKAKAJI,INE1IJQ01026,M,249.00,249.00,233.50,234.40,242.75,27600,6626880.00,43
BSE,BAJAJ-AUTO,INE917I01010,A,11749.95,11822.40,11690.10,11707.00,11660.00,7843,92163291.00,1282
BSE,BAJAJCON,INE933K01021,A,535.40,542.35,530.50,538.65,542.05,10585,5666655.00,510
BSE,BAJAJELEC,INE193E01025,A,360.05,369.10,358.00,363.40,360.35,18935,6897735.00,679
BSE,BAJAJFINSV,INE918I01026,A,2018.90,2024.50,2007.00,2009.00,2010.00,14574,29362184.00,2074
BSE,BAJAJHCARE,INE411U01027,B,328.50,330.90,325.05,327.65,328.50,7123,2339449.00,131
BSE,BAJAJHFL,INE377Y01014,A,86.20,86.20,84.53,84.75,85.17,152251,12914011.00,1909
BSE,BAJAJHIND,INE306A01021,B,18.08,18.35,17.60,17.95,18.07,520283,9341555.00,1471
BSE,BAJAJHLDNG,INE118A01012,A,11623.90,11623.90,11423.45,11452.05,11475.00,933,10734069.00,227
BSE,BAJAJINDEF,INE0O9T01021,B,227.05,234.00,227.05,229.20,227.35,575,133014.00,31
BSE,BAJAJST,INE704G01024,B,379.40,380.05,360.00,368.20,379.40,17643,6531172.00,549
BSE,BAJEL,INE0KQN01018,B,190.20,197.15,188.20,192.50,188.30,29209,5626692.00,402
BSE,BAJFINANCE,INE296A01032,A,1093.30,1094.10,1080.00,1082.00,1091.40,193339,209945913.00,9557
BSE,BALAJEE,INE0S2G01011,B,26.75,27.30,26.75,26.98,27.30,1330,36150.00,36
BSE,BALAJITELE,INE794B01026,B,91.69,91.88,90.42,90.74,90.67,9168,837311.00,132
BSE,BALAMINES,INE050E01027,B,2131.00,2143.30,2061.75,2082.90,2121.85,8183,17100812.00,666
BSE,BALGOPAL,INE119R01014,X,200.10,209.70,191.45,207.05,200.10,3077,644539.00,10
BSE,BALKRISHNA,INE875R01011,B,17.30,18.50,17.02,17.80,17.30,6882,121463.00,25
BSE,BALKRISIND,INE787D01026,A,2500.00,2533.40,2484.80,2499.25,2498.00,19207,47965522.00,2256
BSE,BALMLAWRIE,INE164A01016,B,174.00,174.75,171.30,174.35,173.45,10508,1815795.00,266
BSE,BALPHARMA,INE083D01012,B,87.00,91.50,87.00,89.25,87.11,2486,221963.00,84
BSE,BALRAMCHIN,INE119A01028,A,625.60,626.00,593.20,605.60,630.25,64559,39090694.00,2051
BSE,BALTE,INE654B01014,X,13.00,13.18,12.66,12.86,13.18,8939,114283.00,28
BSE,BALUFORGE,INE011E01029,A,457.05,471.10,455.00,463.30,459.35,42360,19670276.00,1007
BSE,BAMBINO,INE921D01013,X,225.00,230.50,218.55,220.60,223.90,4520,1016167.00,60
BSE,BAMPSL,INE802A01037,X,19.00,19.00,18.25,18.28,18.75,2197,40701.00,14
BSE,BANARBEADS,INE655B01011,B,116.50,116.50,113.05,113.20,116.50,45,5118.00,10
BSE,BANASFN,INE521L01030,X,7.14,7.40,7.14,7.33,7.11,33073,240779.00,74
BSE,BANCOINDIA,INE213C01025,A,637.05,638.00,626.60,628.70,634.05,17667,11125955.00,918
BSE,BANDARAM,INE875N01036,X,19.79,19.79,18.00,18.96,18.95,6244,119995.00,42
BSE,BANDHANBNK,INE545U01014,A,173.65,176.75,172.80,176.15,174.00,508441,89256419.00,3363
BSE,BANG,INE863I01016,B,28.51,30.15,28.51,29.10,30.37,55,1601.00,6
BSE,BANKBARODA,INE028A01039,A,246.75,251.30,246.00,249.70,246.00,283099,70654062.00,2929
BSE,BANKINDIA,INE084A01016,A,142.95,146.05,142.00,145.40,142.20,393603,57005140.00,2375
BSE,BANSALWIRE,INE0B9K01025,B,326.85,332.60,321.70,324.05,319.85,22661,7371449.00,516
BSE,BANSTEA,INE856E01019,ZP,10.17,10.17,10.17,10.17,10.70,200,2034.00,2
BSE,BAPACK,INE00FM01013,X,193.05,193.05,193.05,193.05,195.00,5,965.00,1
BSE,BARODARY,INE461A01024,X,131.00,131.00,127.10,130.75,128.10,97,12619.00,12
BSE,BAROEXT,INE927K01023,X,9.45,9.87,8.70,9.03,9.10,709085,6647608.00,605
BSE,BASANTGL,INE473E01021,X,11.42,11.50,11.10,11.41,11.58,49691,561715.00,146
BSE,BASF,INE373A01013,A,4037.70,4047.55,3980.45,3989.60,4037.05,1219,4893202.00,245
BSE,BASML,INE186H01022,T,26.94,26.94,25.60,26.16,26.94,12170,314444.00,80
BSE,BATAINDIA,INE176A01028,A,730.75,758.45,708.50,714.75,699.50,229802,167392203.00,4606
BSE,BATLIBOI,INE177C01022,B,83.60,93.00,83.59,91.46,84.39,27942,2544368.00,685
BSE,BAYERCROP,INE462A01022,A,4100.00,4132.10,4051.50,4110.45,4115.95,874,3574791.00,250
BSE,BAZELINTER,INE217E01014,X,18.50,18.50,18.00,18.40,18.97,2880,52658.00,27
BSE,BBL,INE464A01036,B,2329.65,2329.65,2291.00,2295.65,2338.00,1363,3142625.00,225
BSE,BBOX,INE676A01027,A,732.75,794.30,721.40,773.30,743.20,34059,25576388.00,1453
BSE,BBTC,INE050A01025,A,1497.75,1500.40,1486.10,1491.40,1490.30,589,880624.00,96
BSE,BBTCL,INE01EE01011,B,224.70,224.80,222.50,224.80,223.60,977,218645.00,41
BSE,BCCFUBA,INE788D01016,X,229.05,229.05,220.00,226.30,218.15,275234,62770271.00,1264
BSE,BCCL,INE0KQ001017,M,28.10,28.13,27.31,27.31,28.74,39600,1096340.00,73
BSE,BCG,INE425B01027,B,9.88,10.00,9.68,9.87,9.89,828733,8116028.00,849
BSE,BCLIND,INE412G01024,B,37.47,38.20,36.15,37.41,37.05,33715,1245357.00,185
BSE,BCONCEPTS,INE977Y01011,B,172.85,173.25,166.55,171.65,177.00,2255,383309.00,133
BSE,BCP,INE905P01028,X,1.94,1.94,1.80,1.86,1.89,115896,217952.00,155
BSE,BCPL,INE00SW01015,B,69.00,71.00,68.77,70.63,69.11,5974,415873.00,68
BSE,BDH,INE278D01018,X,566.90,566.90,540.00,552.55,555.80,345,190065.00,32
BSE,BDL,INE171Z01026,A,1310.00,1335.95,1308.00,1321.00,1307.00,59587,78644333.00,3163
BSE,BECTORFOOD,INE495P01020,B,241.65,243.60,233.85,242.55,240.30,148014,35223720.00,1698
BSE,BEDMUTHA,INE844K01012,B,118.80,118.80,116.25,116.25,115.95,752,87888.00,15
BSE,BEEKAY,INE213D01015,B,459.00,459.00,414.00,437.15,402.00,4846,2112636.00,165
BSE,BEEYU,INE052B01011,X,2.53,2.98,2.50,2.90,2.53,914,2418.00,7
BSE,BEEZAASAN,INE13VU01016,MT,435.90,443.20,435.90,443.20,422.10,50400,22304840.00,44
BSE,BEFOUNDMOL,INE425F01028,X,3.76,3.85,3.76,3.85,3.76,132,507.00,6
BSE,BEL,INE263A01024,A,406.45,406.45,399.15,404.00,403.50,1030541,414176422.00,8209
BSE,BELDING,INE363L01045,X,920.00,939.95,860.00,901.10,918.70,12862,11669063.00,324
BSE,BELLACASA,INE344T01014,B,244.50,245.10,239.50,241.80,243.90,113,27339.00,20
BSE,BELRISE,INE894V01022,A,255.30,268.00,253.95,261.45,253.95,472688,123571102.00,7962
BSE,BEMHY,INE142E01022,X,102.05,108.90,102.05,103.95,108.55,17615,1825774.00,325
BSE,BEML,INE258A01024,A,1917.00,1953.70,1891.25,1899.50,1904.35,60945,117236857.00,3163
BSE,BENARAS,INE664D01019,B,10243.90,10243.90,10200.00,10200.00,10244.90,63,643631.00,25
BSE,BENGALASM,INE083K01017,B,6205.00,6220.00,6176.00,6214.50,6205.00,22,136629.00,12
BSE,BENGALT,INE665D01016,X,145.00,148.00,141.00,147.00,146.00,905,131296.00,15
BSE,BEPL,INE922A01025,B,124.25,124.25,120.20,120.65,122.40,44478,5382983.00,410
BSE,BERGEPAINT,INE463A01038,A,540.00,564.65,538.10,559.90,534.85,66428,36892307.00,2257
BSE,BERLDRG,INE415H01017,X,24.70,24.70,22.26,23.37,24.00,3229,77352.00,48
BSE,BERVINL,INE348I01018,X,39.39,39.39,37.50,39.39,37.52,866,33270.00,12
BSE,BERYLSE,INE508J01015,X,34.96,34.96,34.96,34.96,36.79,2,69.00,2
BSE,BESTAGRO,INE052T01021,B,19.29,19.81,18.80,19.03,19.49,227327,4370423.00,880
BSE,BESTEAST,INE553F01035,XT,18.55,18.75,18.53,18.75,19.50,1384,25914.00,15
BSE,BETXIND,INE765L01017,X,454.50,500.00,454.50,465.25,490.00,869,408178.00,83
BSE,BFINVEST,INE878K01010,B,472.65,474.45,456.95,459.75,468.65,1595,735177.00,113
BSE,BFLAFL,INE948Q01018,X,8.65,8.65,7.90,7.92,8.30,20309,168071.00,34
BSE,BFUTILITIE,INE243D01012,B,560.05,561.45,551.20,559.70,562.95,4186,2328703.00,236
BSE,BGDL,INE893C01032,B,86.52,88.29,85.75,86.02,86.52,8979,775760.00,294
BSE,BGIL,INE443D01018,X,6.82,7.00,6.48,6.85,6.82,45394,301409.00,133
BSE,BGRENERGY,INE661I01014,T,254.30,263.70,254.30,256.25,259.85,839,216905.00,24
BSE,BGWTATO,INE106G01014,XT,690.00,700.00,665.20,685.40,690.00,356,245538.00,28
BSE,BHAGCHEM,INE414D01027,B,286.20,287.45,279.05,280.15,286.30,1839,521101.00,86
BSE,BHAGERIA,INE354C01027,T,204.50,207.40,201.10,206.80,208.25,2692,547115.00,42
BSE,BHAGGAS,INE099C01010,XT,10.79,10.79,10.79,10.79,11.01,7014,75681.00,36
BSE,BHAGWOX,INE026I01010,X,38.37,39.20,37.90,37.90,37.62,215,8200.00,12
BSE,BHAGYANGR,INE458B01036,B,380.05,388.10,377.10,378.40,388.10,10112,3838642.00,238
BSE,BHANDARI,INE474E01029,T,2.87,2.92,2.78,2.79,2.84,30897,87090.00,62
BSE,BHARAT,INE900A01013,X,23.70,24.80,23.70,23.73,23.69,1906,46154.00,28
BSE,BHARATAGRI,INE842D01029,X,22.90,22.99,22.00,22.45,22.78,12618,284043.00,88
BSE,BHARATCOAL,INE05XR01022,B,33.75,34.14,33.71,33.78,33.87,691925,23410332.00,2628
BSE,BHARATFORG,INE465A01025,A,2045.30,2079.15,2042.45,2077.25,2052.00,61144,126185006.00,5505
BSE,BHARATGEAR,INE561C01019,T,103.60,105.50,103.55,103.55,104.90,1430,148818.00,25
BSE,BHARATRAS,INE838B01021,B,1379.80,1379.80,1340.55,1362.65,1383.25,312,424241.00,72
BSE,BHARATROHAN,INE0QMV01017,M,120.00,120.05,120.00,120.00,122.95,7200,864040.00,7
BSE,BHARATSE,INE415D01024,B,235.70,247.70,232.70,234.95,231.90,63184,15233361.00,1312
BSE,BHARATWIRE,INE316L01019,B,190.00,192.60,186.25,187.20,190.75,13838,2606101.00,408
BSE,BHARTIARTL,INE397D01024,A,1909.00,1941.20,1901.40,1941.20,1919.00,349120,666650817.00,13430
BSE,BHARTIHEXA,INE343G01021,A,1515.00,1515.00,1478.10,1486.00,1514.60,182876,275072745.00,622
BSE,BHASKAGR,INE972C01018,X,114.85,117.90,112.05,112.75,115.00,65,7445.00,10
BSE,BHATIA,INE341Z01025,X,25.00,26.00,24.88,25.84,25.54,118279,3051296.00,165
BSE,BHAVIK,INE18PB01017,M,140.00,141.00,140.00,141.00,143.00,4000,563000.00,4
BSE,BHEL,INE257A01026,A,404.40,420.00,403.20,420.00,404.35,1045742,432230587.00,14792
BSE,BHILSPIN,INE436C01014,X,128.00,128.00,124.00,127.20,126.65,2260,286355.00,33
BSE,BHUDEVI,INE432N01010,X,191.00,193.00,175.75,185.80,185.00,101499,18765585.00,1081
BSE,BI,INE986A01012,B,64.80,65.85,63.00,65.00,64.80,4365,281987.00,71
BSE,BIBCL,INE994B01014,B,15.65,16.44,15.65,15.93,15.82,8259,131218.00,103
BSE,BIGBLOC,INE412U01025,B,46.79,47.23,45.75,46.02,46.58,6992,322882.00,84
BSE,BIHSPONG,INE819C01011,X,12.40,12.60,12.20,12.37,12.38,11187,138095.00,54
BSE,BIKAJI,INE00E101023,A,611.35,621.10,605.90,610.25,620.55,15299,9357508.00,861
BSE,BIL,INE828A01016,B,806.95,815.05,806.95,815.05,830.00,2,1622.00,2
BSE,BILLWIN,INE0CRS01012,M,16.10,16.10,16.10,16.10,16.01,3000,48300.00,1
BSE,BILVYAPAR,INE071A01013,T,4.06,4.29,4.05,4.27,4.26,3677,15508.00,14
BSE,BIMETAL,INE469A01019,B,649.00,660.00,649.00,649.00,644.00,34,22077.00,6
BSE,BINNYMILLS,INE160L01011,XT,305.00,305.00,305.00,305.00,306.85,100,30500.00,1
BSE,BIOCON,INE376G01013,A,427.05,430.30,422.60,428.70,430.00,228484,97578395.00,3531
BSE,BIOFILCHEM,INE829A01014,B,34.00,34.00,32.40,32.41,32.65,473,15545.00,17
BSE,BIOGEN,INE703D01023,X,0.29,0.30,0.26,0.29,0.28,15954263,4463591.00,1379
BSE,BIRET,INE0FDU25010,IF,347.49,347.49,343.70,345.48,344.67,5171,1784752.00,414
BSE,BIRLACABLE,INE800A01015,T,280.50,294.50,280.50,294.45,280.50,72700,21271377.00,721
BSE,BIRLACORPN,INE340A01012,A,898.25,906.25,887.40,904.55,898.25,2038,1828842.00,216
BSE,BIRLACOT,INE655I01032,XT,22.08,22.08,22.08,22.08,23.24,37103,819234.00,84
BSE,BIRLAMONEY,INE865C01022,B,132.10,134.10,131.75,132.70,133.65,2718,360137.00,129
BSE,BIRLANU,INE557A01011,B,1689.95,1715.00,1650.00,1667.20,1684.25,966,1625988.00,182
BSE,BIRLAPREC,INE372E01025,B,36.36,38.20,36.36,37.61,35.65,11598,431008.00,91
BSE,BITS,INE839A01021,X,7.31,7.38,7.23,7.32,7.42,36812,269505.00,180
BSE,BIZOTIC,INE0OJ401014,M,645.00,675.00,640.00,646.40,628.55,14800,9611190.00,65
BSE,BKV,INE356C01022,X,9.30,9.88,9.20,9.80,9.40,2293,22251.00,44
BSE,BLACKBUCK,INE0UIZ01018,A,574.95,574.95,558.00,568.50,571.25,7289,4121373.00,361
BSE,BLACKROSE,INE761G01016,T,109.85,112.65,107.20,109.15,109.85,1845,199923.00,43
BSE,BLAL,INE0N7W01012,B,171.20,172.60,169.55,170.55,172.70,763,130031.00,26
BSE,BLBLIMITED,INE791A01024,B,16.25,16.48,15.95,16.11,16.10,1500,24159.00,25
BSE,BLIL,INE525F01025,B,71.02,71.44,70.65,71.01,71.02,14016,994147.00,400
BSE,BLISSGVS,INE416D01022,T,495.45,505.00,480.10,488.20,495.45,9177,4506428.00,248
BSE,BLKASHYAP,INE350H01032,B,53.71,54.80,51.53,52.59,54.09,51622,2754273.00,326
BSE,BLOIN,INE373E01015,X,32.96,32.96,32.00,32.00,32.00,10282,329024.00,6
BSE,BLS,INE153T01027,A,261.00,264.45,259.60,263.00,260.95,300472,78941623.00,5541
BSE,BLSE,INE0NLT01010,B,322.25,322.25,309.30,316.50,317.40,19573,6174996.00,323
BSE,BLUECHIP,INE657B01025,B,2.10,2.10,2.10,2.10,2.14,40079,84165.00,90
BSE,BLUECHIPT,INE472D01017,X,121.90,122.50,115.00,120.00,122.50,585,68268.00,23
BSE,BLUECLOUDS,INE373T01047,B,24.53,24.98,21.50,22.78,24.21,8097355,189796676.00,12807
BSE,BLUECOAST,INE472B01011,T,24.70,25.00,24.70,24.88,26.00,342,8492.00,5
BSE,BLUEDART,INE233B01017,A,5108.40,5127.00,5080.00,5090.35,5098.15,673,3431440.00,211
BSE,BLUEJET,INE0KBH01020,A,594.60,594.60,578.60,586.95,590.95,13466,7869444.00,640
BSE,BLUESTARCO,INE472A01039,A,1498.00,1507.40,1472.00,1489.00,1505.00,35606,52962884.00,2504
BSE,BLUESTONE,INE304W01038,A,853.30,910.35,830.40,892.25,837.85,845030,746839658.00,8667
BSE,BLUSPRING,INE0U4101014,B,118.15,124.05,118.05,121.45,117.65,58957,7198154.00,632
BSE,BMBMUMG,INE644K01016,XT,7.35,7.35,7.00,7.00,7.00,627,4433.00,5
BSE,BMW,INE374E01021,X,51.79,52.10,50.70,51.78,50.53,144199,7402865.00,720
BSE,BMWVENTLTD,INE965W01036,B,59.79,59.79,57.94,58.39,59.00,4631,270349.00,147
BSE,BNAGROCHEM,INE00HZ01011,B,256.55,257.00,251.00,255.00,255.30,159,40283.00,14
BSE,BNALTD,INE489D01011,T,395.00,396.00,395.00,395.50,403.95,20,7910.00,2
BSE,BNRSEC,INE710D01028,X,20.50,20.89,19.40,19.53,20.84,31087,620489.00,229
BSE,BNRUDY,INE355C01016,X,36.45,39.85,36.10,39.85,36.45,923,33509.00,10
BSE,BODALCHEM,INE338D01028,T,69.89,69.90,68.15,68.80,69.31,16218,1127196.00,86
BSE,BODHTREE,INE104F01029,X,15.00,15.05,14.50,14.74,15.50,7168,105783.00,43
BSE,BOMBCYC,INE691K01017,X,1540.00,1540.00,1530.00,1535.00,1541.00,26,39985.00,5
BSE,BOMBWIR,INE089T01023,X,43.83,43.83,43.00,43.50,44.72,827,36107.00,10
BSE,BOMDYEING,INE032A01023,B,116.30,117.50,115.80,116.25,116.15,30698,3578412.00,483
BSE,BOMOXY-B1,INE01TL01014,X,19790.50,19790.50,19280.90,19500.00,19790.50,3,58571.00,3
BSE,BONDADA,INE0Q8P01029,M,293.00,297.30,288.20,290.10,289.90,108800,31757720.00,368
BSE,BONLON,INE0B9A01018,B,40.10,41.80,40.00,40.96,40.00,941,37911.00,26
BSE,BORANA,INE16SF01016,B,334.50,336.80,324.60,330.45,330.45,4000,1321062.00,125
BSE,BOROLTD,INE02PY01013,B,246.95,246.95,240.80,242.60,243.90,3072,744044.00,77
BSE,BORORENEW,INE666D01022,A,562.75,581.15,562.75,573.50,562.60,34704,19915442.00,1195
BSE,BOROSCI,INE02L001032,B,136.25,136.85,133.00,133.15,136.25,9300,1255966.00,196
BSE,BOSCH-HCIL,INE782A01015,B,1695.00,1740.25,1667.90,1709.70,1698.20,4099,6971672.00,479
BSE,BOSCHLTD,INE323A01026,A,45149.65,46759.00,45149.65,46250.00,45294.85,6895,319647012.00,2274
BSE,BOSTON,INE109B01019,X,4.66,4.66,4.66,4.66,4.66,9050,42173.00,4
BSE,BPAGRI,INE439N01031,B,9.69,9.69,9.00,9.09,9.40,53163,491043.00,267
BSE,BPCL,INE029A01011,A,316.25,318.45,311.55,315.00,317.20,256755,80732365.00,2824
BSE,BPL,INE110A01019,B,55.85,55.85,52.55,52.80,53.52,4586,242745.00,167
BSE,BPLPHARMA,INE365Y01019,X,1466.95,1466.95,1380.00,1384.60,1392.00,224,314221.00,30
BSE,BRADYM,INE856A01017,X,713.30,748.65,713.30,739.00,720.00,45,32634.00,19
BSE,BRAHMINFRA,INE320I01017,X,167.90,169.95,163.05,167.95,164.10,21076,3486496.00,178
BSE,BRAWN,INE899B01015,X,20.30,20.30,20.30,20.30,21.00,1029,20888.00,9
BSE,BRGIL,INE00ST01011,MT,195.00,199.50,192.00,198.40,190.00,86000,16973100.00,63
BSE,BRIDGESE,INE958C01025,X,9.48,9.59,9.10,9.13,9.01,186449,1725619.00,759
BSE,BRIGADE,INE791I01019,A,606.00,608.15,586.20,592.85,605.00,22964,13627557.00,665
BSE,BRIGHOTEL,INE03NU01014,B,59.60,60.30,59.10,59.55,60.42,14072,843034.00,530
BSE,BRIGHT,INE0OMI01019,M,350.25,365.00,350.00,361.40,356.75,8625,3089081.00,23
BSE,BRIGHTBR,INE630D01010,X,244.30,254.50,240.40,244.20,255.60,4518,1113168.00,126
BSE,BRIJLEAS,INE957E01031,X,8.51,9.69,8.51,9.69,9.80,258,2270.00,4
BSE,BRISK,INE0Q6L01014,MT,76.90,76.90,73.20,73.20,77.00,4800,358240.00,5
BSE,BRITANNIA,INE216A01030,A,5609.50,5625.00,5557.45,5625.00,5617.20,7324,40971737.00,1723
BSE,BRNL,INE727S01012,B,17.32,17.88,17.21,17.88,17.40,1338,23242.00,20
BSE,BROOKS,INE650L01011,T,60.00,63.00,60.00,63.00,60.00,11970,749688.00,60
BSE,BRPL,INE319Q01012,B,130.50,133.95,127.15,133.05,131.35,14970,1977956.00,393
BSE,BRRL,INE0IZQ01016,M,839.95,903.00,839.95,898.35,840.00,4200,3649950.00,20
BSE,BSELALGO,INE395A01016,X,4.12,4.12,3.95,4.01,4.12,124517,501431.00,177
BSE,BSHSL,INE032Z01020,T,89.49,91.00,85.55,90.01,89.83,2676,238575.00,36
BSE,BSL,INE594B01012,B,123.80,124.00,122.00,122.05,123.55,508,62642.00,32
BSE,BSOFT,INE836A01035,A,319.55,322.55,312.25,313.30,320.40,134973,42569072.00,2403
BSE,BTML,INE0EEJ01023,B,8.40,9.10,8.40,8.76,8.58,186630,1641867.00,408
BSE,BTTL,INE274K01012,T,43.50,43.50,42.56,42.56,44.80,2053,87735.00,18
BSE,BUILDPRO,INE24OJ01011,B,1259.00,1276.20,1229.85,1238.25,1275.05,3447,4340100.00,292
BSE,BURNPUR,INE817H01022,T,22.38,22.38,20.29,20.29,21.35,11121,234070.00,75
BSE,BUTTERFLY,INE295F01017,B,673.10,676.15,664.60,674.90,669.80,368,245648.00,29
BSE,BVCL,INE139I01011,B,41.00,41.88,40.68,41.00,41.88,4305,177109.00,40
BSE,BYKE,INE319B01014,T,32.20,32.80,32.17,32.22,33.86,8773,285171.00,56
BSE,CALCOM,INE216C01010,X,82.70,82.70,76.01,76.43,81.13,8614,665009.00,116
BSE,CALSOFT,INE526B01014,T,22.20,22.26,21.90,22.26,21.20,11098,246574.00,114
BSE,CAMEXLTD,INE198C01010,X,40.02,42.70,40.00,40.30,41.00,1679,68141.00,21
BSE,CAMLINFINE,INE052I01032,B,121.80,121.80,107.35,108.05,125.20,285822,32032091.00,4693
BSE,CAMPUS,INE278Y01022,A,218.05,219.90,217.10,219.15,218.90,22635,4932029.00,696
BSE,CAMS,INE596I01020,A,794.10,794.10,771.00,778.00,787.00,53596,41658313.00,1663
BSE,CANBK,INE476A01022,A,130.10,133.10,129.75,131.80,130.00,816856,107828086.00,4707
BSE,CANDOUR,INE713D01055,X,72.49,72.49,67.02,69.84,69.47,71683,5139987.00,89
BSE,CANFINHOME,INE477A01020,A,826.95,826.95,817.00,822.65,825.70,5827,4786190.00,389
BSE,CANHLIFE,INE01TY01017,B,150.00,150.35,147.00,147.60,149.50,48583,7211558.00,923
BSE,CANTABIL,INE068L01024,B,227.75,229.90,227.35,229.75,226.00,1270,290131.00,39
BSE,CAPACITE,INE264T01014,B,213.55,213.55,208.00,209.45,210.70,12982,2721942.00,199
BSE,CAPILLARY,INE0ILV01024,B,519.50,535.20,516.45,526.70,523.65,64045,33537898.00,3085
BSE,CAPINVIT,INE0Z8Z23013,IF,75.43,76.21,75.43,75.93,75.33,567373,43114418.00,232
BSE,CAPITALSFB,INE646H01017,B,296.05,296.05,290.45,291.85,295.10,1293,379218.00,26
BSE,CAPLIPOINT,INE475E01026,A,2638.80,2661.85,2455.00,2475.20,2624.15,19726,50007999.00,1714
BSE,CAPPIPES,INE513R01026,B,9.30,9.30,9.02,9.22,9.01,165207,1522178.00,393
BSE,CAPRICORN,INE968E01012,XT,19.63,19.63,19.63,19.63,19.25,23984,470805.00,19
BSE,CAPRIHANS,INE479A01018,X,105.00,110.90,100.00,102.60,92.84,160604,17056373.00,1174
BSE,CAPRO,INE470N01010,X,47.49,47.80,47.49,47.80,48.00,6,286.00,2
BSE,CAPTRUST,INE707C01018,T,19.75,20.63,19.75,19.77,20.33,6871,137598.00,22
BSE,CARBORUNIV,INE120A01034,A,1181.80,1196.00,1146.80,1153.85,1174.55,16889,19691310.00,931
BSE,CARERATING,INE752H01013,A,1661.00,1721.45,1661.00,1690.20,1694.60,3730,6317484.00,375
BSE,CARGOTRANS,INE0M4L01013,M,84.10,84.10,84.10,84.10,88.40,750,63075.00,1
BSE,CARRARO,INE0V7W01012,B,505.00,528.95,503.65,518.35,507.90,243180,123398432.00,439
BSE,CARTRADE,INE290S01011,A,2754.00,2785.50,2703.10,2714.50,2769.80,14192,39027322.00,1054
BSE,CARYSIL,INE482D01024,B,1206.65,1214.00,1172.40,1189.45,1196.75,6046,7186849.00,476
BSE,CASPIAN,INE176N01039,XT,33.80,33.96,33.55,33.96,33.56,179,6046.00,15
BSE,CASTORA,INE641H01018,XT,10.64,11.74,10.64,10.92,11.19,21334,239453.00,56
BSE,CASTROLIND,INE172A01027,A,186.85,190.35,185.60,188.25,186.90,361742,68049815.00,3346
BSE,CATVISION,INE660B01011,X,19.65,20.47,19.36,19.95,19.64,2942,58201.00,55
BSE,CBPL,INE07QQ01016,M,50.15,50.20,50.15,50.20,47.81,3000,150550.00,3
BSE,CCAVENUE,INE483S01020,A,16.52,16.60,15.86,16.06,16.44,1225783,19624575.00,2626
BSE,CCCL,INE429I01024,B,16.30,16.30,15.11,15.30,15.44,39757,607785.00,131
BSE,CCDL,INE187R01029,XT,1.22,1.24,1.22,1.22,1.22,337093,413754.00,170
BSE,CCHHL,INE652F01027,B,12.25,12.73,12.25,12.31,12.30,1548,19014.00,10
BSE,CCL,INE421D01022,A,1124.00,1140.00,1121.70,1134.45,1124.25,6501,7330741.00,555
BSE,CCLINTER,INE778E01031,X,24.90,24.90,23.00,23.97,23.55,750,17931.00,17
BSE,CCME,INE194N01016,X,73.10,73.10,73.10,73.10,76.90,607,44371.00,11
BSE,CDG,INE198N01017,XT,320.00,320.00,296.00,314.15,306.10,1418,435064.00,36
BSE,CEATLTD,INE482A01020,A,3720.05,3769.20,3705.80,3721.70,3753.85,5009,18685393.00,758
BSE,CEEJAY,INE358C01010,X,185.00,185.00,171.00,180.00,175.50,118,21171.00,7
BSE,CEENIK,INE418D01010,XT,246.80,257.95,240.70,242.70,246.85,659,161267.00,32
BSE,CEETAIN,INE760J01012,X,46.55,46.55,35.11,41.00,43.35,238,9988.00,14
BSE,CEIGALL,INE0AG901020,B,329.00,329.00,316.20,319.40,325.50,9394,3003955.00,733
BSE,CEINSYS,INE016Q01014,B,788.00,788.00,736.80,748.70,794.75,30727,23134624.00,1281
BSE,CELEBRITY,INE185H01016,B,6.99,7.11,6.99,7.06,7.08,205,1451.00,7
BSE,CELLA,INE266H01014,Z,28.60,28.79,27.08,27.33,28.50,20728,564543.00,92
BSE,CELLO,INE0LMW01024,A,383.55,383.55,366.60,374.00,378.65,54612,20295109.00,1894
BSE,CEMAINFRA,INE222B01028,X,4.58,4.58,4.13,4.15,4.58,782,3240.00,12
BSE,CEMPRO,INE686A01026,A,1279.55,1281.35,1249.70,1261.40,1271.80,24678,31131936.00,1416
BSE,CENLUB,INE627F01011,X,203.95,203.95,196.95,199.95,201.10,1421,281991.00,56
BSE,CENTENKA,INE485A01015,B,606.75,612.80,601.20,602.65,605.00,8771,5307383.00,471
BSE,CENTEXT,INE281A01026,B,21.25,22.25,21.05,21.10,21.83,5903,126221.00,110
BSE,CENTRALBK,INE483A01010,A,31.22,31.65,31.01,31.28,31.22,1398436,43824766.00,2786
BSE,CENTRUM,INE660C01027,B,26.74,26.74,25.15,25.80,26.62,24142,620412.00,184
BSE,CENTUM,INE320B01020,B,3874.30,3916.00,3780.80,3795.75,3813.40,2449,9440609.00,535
BSE,CENTUPLE,INE396H01019,X,56.00,58.98,53.67,57.03,52.61,38279,2205020.00,293
BSE,CENTURYPLY,INE348B01021,A,769.60,771.55,761.35,764.45,775.15,892,683740.00,89
BSE,CERA,INE739E01017,A,5984.05,5985.00,5875.00,5889.45,5978.80,594,3508639.00,177
BSE,CEREBRAINT,INE345B01019,Z,2.80,2.80,2.68,2.68,2.82,60421,163317.00,120
BSE,CESC,INE486A01021,A,159.55,162.80,159.55,162.45,161.10,113558,18301519.00,1372
BSE,CEWATER,INE037Z01029,B,259.90,266.60,254.00,261.00,273.50,28093,7298642.00,834
BSE,CFEL,INE700F01024,X,33.46,33.49,31.00,31.75,32.58,7416,237504.00,97
BSE,CFF,INE0NJ001013,M,1015.25,1025.00,982.45,996.00,1015.25,19400,19351450.00,93
BSE,CGCL,INE180C01042,A,234.05,238.00,227.20,228.60,235.65,182252,42116092.00,16228
BSE,CGPOWER,INE067A01029,A,879.55,888.00,872.00,884.55,879.00,56324,49583293.00,2375
BSE,CGVAK,INE084D01010,X,162.75,162.75,150.00,154.40,157.60,3298,507531.00,100
BSE,CHALET,INE427F01016,A,814.85,826.00,812.20,822.10,821.70,3868,3169655.00,705
BSE,CHALLANI,INE807A01010,X,19.50,19.50,19.00,19.20,19.50,22,423.00,4
BSE,CHAMBLFERT,INE085A01013,A,442.40,444.60,441.50,442.40,444.40,19440,8603410.00,655
BSE,CHANDNIMACH,INE01GZ01011,XT,113.00,113.00,105.00,109.70,108.80,13318,1451977.00,66
BSE,CHANDRAP,INE368D01025,X,11.30,11.45,9.70,10.95,11.30,36766,388540.00,116
BSE,CHANDRIMA,INE371F01024,X,8.00,8.00,7.90,7.90,7.88,139242,1102659.00,143
BSE,CHATHA,INE0AH901011,M,116.30,119.40,110.00,114.86,116.25,32000,3664190.00,30
BSE,CHDCHEM,INE043U01010,X,4.81,5.06,4.81,5.05,5.47,5440,27127.00,15
BSE,CHEMBOND,INE995D01025,T,172.10,172.10,172.10,172.10,172.10,2,344.00,2
BSE,CHEMBONDCH,INE0TGX01019,T,265.00,275.15,250.60,275.00,262.05,6556,1773012.00,115
BSE,CHEMCON,INE03YM01018,T,192.95,193.00,187.20,190.45,193.00,1514,288975.00,45
BSE,CHEMCRUX,INE298W01016,B,87.61,89.63,87.61,87.74,89.35,2990,262960.00,134
BSE,CHEMFAB,INE783X01023,T,365.00,374.00,365.00,368.00,379.00,208,76547.00,6
BSE,CHEMKART,INE0VWL01017,MT,200.00,200.00,190.00,190.00,199.00,2400,467460.00,4
BSE,CHEMPLASTS,INE488A01050,B,171.85,185.35,171.85,183.10,171.80,70721,12722895.00,734
BSE,CHEMTECH,INE212P01011,X,73.49,77.00,73.00,74.59,72.47,37581,2802049.00,125
BSE,CHENFERRO,INE777O01016,X,80.00,84.50,79.80,81.86,77.91,924,76120.00,60
BSE,CHENNPETRO,INE178A01016,A,1422.50,1444.00,1371.40,1379.45,1425.85,171965,242910271.00,6403
BSE,CHEVIOT,INE974B01016,B,1180.00,1200.50,1151.30,1165.60,1169.85,309,366147.00,77
BSE,CHIRAHARIT,INE12P101018,M,8.19,8.19,7.75,7.85,8.36,24000,191880.00,4
BSE,CHLLTD,INE790D01020,X,28.00,28.00,26.35,28.00,28.00,1108,29246.00,9
BSE,CHLOGIST,INE558F01026,XT,9.44,9.64,9.00,9.37,9.27,629260,5886360.00,359
BSE,CHMBBRW,INE417N01011,XT,45.76,45.76,45.76,45.76,46.69,167,7641.00,9
BSE,CHOICEIN,INE102B01014,A,822.00,827.05,810.50,814.25,822.55,18274,14907548.00,760
BSE,CHOKSI,INE865B01016,X,240.30,251.90,227.70,236.15,252.95,8854,2093842.00,168
BSE,CHOKSILA,INE493D01013,X,112.75,119.00,112.70,116.15,118.60,400,45911.00,12
BSE,CHOLAFIN,INE121A01024,A,1924.45,1924.45,1888.05,1900.90,1908.00,196462,372096082.00,488
BSE,CHOLAHLDNG,INE149A01033,A,1605.05,1607.60,1415.55,1597.75,1611.05,517750,827177001.00,1204
BSE,CHOWGULSTM,INE490A01015,X,21.98,23.10,21.98,22.76,21.98,7148,162498.00,44
BSE,CHROME,INE114E01013,X,43.00,43.00,39.98,40.00,40.40,1688,67801.00,19
BSE,CHRTEDCA,INE953B01010,X,288.00,288.60,272.00,284.95,275.00,98,27837.00,13
BSE,CHTR,INE1B4801017,M,54.00,54.01,50.49,53.90,55.20,9600,506244.00,8
BSE,CIANAGRO,INE052V01019,B,1510.00,1521.20,1448.80,1521.20,1448.80,50573,76433191.00,1434
BSE,CIEINDIA,INE536H01010,A,413.80,422.25,411.10,411.60,412.70,24996,10455854.00,634
BSE,CIFL,INE345H01024,B,22.25,22.45,21.71,21.99,22.15,31550,697218.00,423
BSE,CINDHO,INE908C01012,X,52.00,52.00,49.80,49.80,52.00,3,153.00,3
BSE,CINELINE,INE704H01022,B,90.18,90.85,89.00,89.04,88.66,3697,332742.00,33
BSE,CINEVISTA,INE039B01026,B,15.11,15.11,14.69,14.81,15.11,344,5148.00,10
BSE,CIPLA,INE059A01026,A,1462.00,1468.90,1456.50,1461.55,1462.00,13093,19149508.00,1093
BSE,CITADEL,INE906D01014,X,37.70,37.70,34.19,34.88,36.00,1301,45384.00,19
BSE,CITICHEM,INE0A8401016,M,17.00,17.00,17.00,17.00,17.00,2000,34000.00,1
BSE,CITIPOR,INE494D01011,X,47.87,47.87,47.50,47.70,45.60,113,5390.00,5
BSE,CITIUSINVT,INE2Q7823014,IF,110.67,112.77,109.89,110.71,110.00,3371,373440.00,33
BSE,CITIZEN,INE473L01018,X,275.00,282.95,256.05,281.85,269.50,6503,1718618.00,51
BSE,CITYONLINE,INE158C01014,Z,7.86,8.17,7.41,8.11,7.79,877,6710.00,11
BSE,CITYSQUARE,INE1DRH01011,MT,110.00,110.00,110.00,110.00,107.30,800,88000.00,1
BSE,CJGEL,INE557D01015,X,20.50,21.52,20.50,21.02,20.50,1015,21471.00,10
BSE,CLARA,INE0JJS01014,M,30.00,30.00,30.00,30.00,33.50,4150,124500.00,1
BSE,CLEAN,INE227W01023,A,818.95,818.95,800.35,805.05,810.00,13108,10549206.00,580
BSE,CLEANMAX,INE647U01026,B,1275.25,1292.35,1230.05,1269.50,1277.30,20845,26135240.00,1778
BSE,CLEDUCATE,INE201M01029,T,56.76,60.00,56.76,60.00,57.92,304,17929.00,8
BSE,CLFL,INE949C01016,X,56.00,61.03,50.00,57.42,55.49,24,1378.00,5
BSE,CLIOINFO,INE011B01017,XT,13.00,13.90,12.78,13.64,13.33,7403,97839.00,41
BSE,CLN,INE0WDX01010,MT,480.00,480.00,480.00,480.00,475.00,400,192000.00,2
BSE,CLSEL,INE419D01026,B,277.25,285.45,273.15,283.00,277.05,7279,2033988.00,191
BSE,CMBL,INE850R01014,X,46.29,47.00,46.00,47.00,46.29,177,8164.00,9
BSE,CMLL,INE11XY01018,B,537.20,548.00,532.90,539.15,576.55,104326,56240630.00,1881
BSE,CMMHOSP,INE889F01017,X,39.00,39.00,37.40,38.19,38.98,183,6941.00,11
BSE,CMPDI,INE05HV01027,B,248.60,251.85,244.10,246.00,250.30,72649,17906401.00,1064
BSE,CMRGREEN,INE00WV01027,B,219.30,221.00,214.95,215.65,218.95,34875,7613565.00,986
BSE,CMSINFO,INE925R01014,A,263.00,266.90,253.35,255.55,266.35,67321,17219307.00,2122
BSE,CMXLTD,INE027F01014,X,22.01,22.01,19.93,22.01,20.97,9977,215348.00,36
BSE,CNCRD,INE0N0J01014,M,2447.00,2479.00,2376.10,2397.30,2446.75,8100,19504510.00,126
BSE,CNINFOTECH,INE0WXM01011,M,92.00,95.72,86.95,88.53,94.00,24400,2195228.00,57
BSE,CNL,INE985W01018,B,1110.00,1215.00,1110.00,1206.85,1117.00,10462,12325340.00,914
BSE,COALINDIA,INE522F01014,A,413.10,413.60,408.20,409.15,410.50,340583,139445585.00,5939
BSE,COASTCORP,INE377E01024,B,43.25,43.25,41.01,41.84,42.40,14674,610257.00,127
BSE,COCHINM,INE105D01013,X,303.00,303.00,296.00,298.25,297.10,7083,2111058.00,173
BSE,COCHINSHIP,INE704P01025,A,1509.20,1514.00,1490.00,1509.65,1493.00,36257,54480322.00,1951
BSE,COCKERILL,INE515A01019,B,9755.50,9850.00,9647.55,9678.65,9648.25,332,3228040.00,127
BSE,COFFEEDAY,INE335K01011,T,30.60,30.89,29.51,30.20,30.42,48086,1453689.00,200
BSE,COFORGE,INE591G01025,A,1824.45,1824.45,1780.00,1797.60,1819.00,126754,228425041.00,4082
BSE,COHANCE,INE03QK01018,A,465.65,468.00,443.30,444.50,464.25,61574,27902371.00,1750
BSE,COLINZ,INE923C01011,XT,82.98,83.00,76.15,81.50,79.68,15244,1242797.00,43
BSE,COLORCHIPS,INE621I01042,X,11.22,12.80,11.20,12.21,11.27,8593,104085.00,61
BSE,COLPAL,INE259A01022,A,2008.00,2008.00,1995.00,1998.80,2002.00,3686,7376156.00,477
BSE,COMCL,INE456N01019,X,15.65,16.70,15.26,16.13,15.94,7269,115695.00,41
BSE,COMFINCAP,INE274M01026,X,7.50,7.55,7.21,7.53,7.30,11720,87489.00,111
BSE,COMFINTE,INE819A01049,B,6.33,6.70,6.33,6.54,6.45,48638,318066.00,167
BSE,COMPEAU,INE823B01015,X,354.00,354.00,346.40,353.50,353.75,482,169675.00,30
BSE,COMPINFO,INE070C01037,Z,1.10,1.14,1.09,1.11,1.14,64314,71748.00,15
BSE,COMPUPN,INE607B01012,X,3.53,3.84,3.16,3.56,3.46,42465,143620.00,110
BSE,COMPUSOFT,INE453B01029,B,13.20,13.30,13.10,13.30,13.10,1028,13619.00,19
BSE,COMSYN,INE073V01015,B,269.00,274.30,253.65,269.85,268.25,26171,7054371.00,287
BSE,CONART,INE714D01020,X,101.95,101.95,94.00,97.45,103.43,22838,2216224.00,261
BSE,CONCOR,INE111A01025,A,515.05,523.80,510.45,512.00,512.00,1526000,795812997.00,12377
BSE,CONCORD,INE858L01010,X,74.02,78.79,73.00,74.00,74.91,6759,504149.00,60
BSE,CONCORDBIO,INE338H01029,A,1428.25,1460.00,1425.65,1444.80,1430.35,9288,13376152.00,827
BSE,CONFIPET,INE552D01024,B,79.36,79.36,72.58,73.90,78.43,425722,32015321.00,2218
BSE,CONSTRONIC,INE537B01011,X,51.00,51.00,51.00,51.00,50.00,7,357.00,2
BSE,CONTAINER,INE319U01022,X,17.90,17.98,16.51,17.80,17.85,150,2677.00,7
BSE,CONTCHM,INE423K01015,X,55.10,60.90,55.10,60.90,58.00,29,1656.00,6
BSE,CONTICON,INE545B01022,X,13.03,13.10,12.90,13.10,12.65,7113,92994.00,14
BSE,CONTILI,INE080G01029,X,22.69,22.69,19.71,20.39,19.66,2400,49027.00,43
BSE,CONTPTR,INE369D01023,X,77.00,79.00,76.20,76.25,79.50,1295,99773.00,35
BSE,CONTROLPR,INE663B01015,B,570.50,570.50,562.20,565.90,571.60,2357,1334415.00,107
BSE,CORALAB,INE683E01017,XT,545.00,594.00,545.00,579.05,572.30,837,476810.00,30
BSE,CORALFINAC,INE558D01021,B,33.25,33.97,32.72,33.48,33.26,111424,3714120.00,372
BSE,CORDELIA,INE0LZF01013,B,834.00,836.70,819.40,826.55,832.15,6408,5303758.00,307
BSE,CORDSCABLE,INE792I01017,T,235.80,235.80,224.70,234.40,225.15,9909,2313391.00,116
BSE,COROENGG,INE312J01012,X,51.06,55.30,51.06,53.63,55.01,3850,205403.00,19
BSE,COROMANDEL,INE169A01031,A,2037.40,2080.85,2037.40,2072.40,2084.30,3828,7909057.00,365
BSE,CORONA,INE02ZQ01018,B,2110.00,2144.05,2110.00,2136.00,2104.25,2531,5396354.00,437
BSE,COSCO,INE949B01018,X,192.75,199.50,190.30,193.55,192.75,961,186393.00,29
BSE,COSMICCRF,INE0ORA01015,MT,1235.00,1283.55,1235.00,1262.00,1283.55,4200,5299185.00,37
BSE,COSMOFE,INE124B01018,XT,217.00,227.30,206.15,226.55,216.50,15409,3450934.00,128
BSE,COSMOFIRST,INE757A01017,B,943.10,943.10,905.00,911.70,929.35,5264,4857396.00,284
BSE,COSPOWER,INE0CQB01010,MT,1905.00,1905.00,1901.55,1901.55,1905.00,375,713562.00,3
BSE,COSYN,INE029B01019,X,21.38,21.79,20.62,21.78,20.58,2727,58556.00,23
BSE,COTFAB,INE0S0I01011,M,14.20,14.20,13.30,13.55,14.20,30000,406620.00,12
BSE,COUNCODOS,INE695B01025,T,6.04,6.27,6.01,6.02,6.01,547,3297.00,11
BSE,COVANCE,INE0R8101016,XT,221.45,221.45,215.00,221.45,210.95,8964,1981993.00,144
BSE,CPCAP,INE521J01018,B,118.90,134.40,118.90,131.60,116.00,24583,3195990.00,521
BSE,CPEDU,INE0P6P01016,B,210.10,215.00,206.00,213.10,213.20,766,162257.00,41
BSE,CPL,INE536P01021,B,70.66,70.66,68.20,69.87,70.13,7413,513544.00,172
BSE,CPML,INE056001014,M,282.00,282.00,281.90,281.90,296.70,350,98690.00,3
BSE,CPPLUS,INE819V01029,A,3821.05,3964.25,3766.85,3899.55,3805.05,14232,55392827.00,2082
BSE,CRAFTSMAN,INE00LO01017,A,10453.65,10720.00,10444.00,10502.55,10290.15,2540,26945522.00,464
BSE,CRAMC,INE218I01013,B,256.65,259.85,256.00,258.50,256.75,22887,5915289.00,520
BSE,CRANEINFRA,INE176L01017,X,12.00,12.45,11.80,12.16,11.80,368,4381.00,15
BSE,CRANESSOFT,INE234B01023,Z,4.53,4.53,4.11,4.53,4.32,213529,957788.00,212
BSE,CRANEX,INE608B01010,XT,94.97,94.97,94.40,94.45,93.50,1003,95162.00,12
BSE,CRAVATEX,INE145E01017,X,349.00,349.10,348.95,349.10,349.40,105,36643.00,9
BSE,CREATIVE,INE146E01015,X,590.50,601.00,590.50,595.00,603.25,99,59128.00,10
BSE,CREATIVEYE,INE230B01021,B,6.24,6.47,5.95,6.06,6.07,8799,53433.00,88
BSE,CREDITACC,INE741K01010,A,1554.35,1560.00,1533.85,1545.65,1539.80,11718,18147033.00,799
BSE,CRESCENTIS,INE754C01010,X,112.80,112.80,105.15,107.00,109.55,3573,387007.00,85
BSE,CREST,INE559D01011,B,365.60,366.20,365.60,366.20,363.00,11,4025.00,2
BSE,CRISIL,INE007A01025,A,4482.85,4519.80,4443.00,4492.60,4482.90,3567,16001860.00,643
BSE,CRIZAC,INE0S4R01014,B,189.00,189.00,180.30,182.25,185.45,13650,2481350.00,461
BSE,CROISSANCE,INE587J01027,XT,1.22,1.28,1.16,1.17,1.22,89128,107898.00,76
BSE,CROMPTON,INE299U01018,A,245.20,248.20,241.80,247.50,246.00,122344,29919404.00,2417
BSE,CROPSTER,INE293E01031,T,5.84,5.86,5.79,5.86,5.59,20163288,117956010.00,10648
BSE,CRSL,INE716D01033,X,2.16,2.16,2.10,2.13,2.14,193837,412562.00,480
BSE,CRSTCHM,INE293N01016,XT,122.00,131.00,122.00,128.10,125.00,756,95865.00,25
BSE,CRYOGENIC,INE0TL001013,MT,349.00,354.00,347.00,354.00,342.00,9000,3143587.00,12
BSE,CRYSTAL,INE994R01028,XT,2.11,2.13,1.96,2.01,2.05,22587,45632.00,95
BSE,CSBBANK,INE679A01013,A,323.45,323.45,317.30,318.70,324.75,40177,12818913.00,584
BSE,CSL,INE183Q01020,X,12.00,12.85,11.22,12.47,11.76,103112,1258015.00,170
BSE,CSLFINANCE,INE718F01018,B,225.60,225.60,221.05,223.80,220.35,2023,453824.00,49
BSE,CSM,INE0ZK601013,B,101.50,102.75,101.35,101.85,102.85,12450,1269120.00,233
BSE,CTE,INE627H01017,B,37.30,38.20,37.30,38.17,37.42,520,19846.00,2
BSE,CTL,INE172D01021,XT,28.11,29.33,28.11,28.46,29.22,23867,687973.00,69
BSE,CUB,INE491A01021,A,215.20,218.55,212.55,215.85,213.40,150806,32676444.00,2172
BSE,CUBEINVIT,INE0NR623014,IF,159.85,159.85,158.53,159.07,158.83,6207,987866.00,144
BSE,CUBEXTUB,INE144D01012,B,78.50,81.37,78.50,79.40,80.11,3912,312634.00,87
BSE,CUBIFIN,INE717D01023,XT,5.59,5.59,5.59,5.59,5.49,106370,594608.00,55
BSE,CUMMINSIND,INE298A01020,A,5325.90,5389.40,5325.90,5352.95,5375.90,45313,242604480.00,3697
BSE,CUPID,INE509F01029,A,285.75,290.00,279.40,289.85,276.45,2783889,797592525.00,23893
BSE,CUPIDALBV,INE108G01010,XT,28.55,28.80,27.51,27.74,27.99,65312,1828950.00,362
BSE,CURAA,INE117B01020,B,83.40,83.40,73.00,78.80,72.91,3,236.00,3
BSE,CWD,INE0H8H01019,MS,314.90,315.00,308.50,309.95,313.40,36000,11170000.00,17
BSE,CYBELEIND,INE183D01010,X,45.00,45.00,44.89,44.89,49.87,7929,355980.00,42
BSE,CYBERMEDIA,INE278G01037,T,16.22,16.22,16.01,16.01,16.22,223,3591.00,2
BSE,CYBERTECH,INE214A01019,T,139.90,139.90,134.00,134.30,135.60,1307,176000.00,21
BSE,CYIENT,INE136B01020,A,862.80,862.80,838.65,840.10,852.35,12927,10918967.00,903
BSE,CYIENTDLM,INE055S01018,B,719.40,719.40,684.95,689.35,709.30,33132,23089289.00,1428
BSE,DABUR,INE016A01026,A,418.00,418.00,405.50,410.00,410.00,82901,33805757.00,5253
BSE,DACHEPALLI,INE1F9M01018,M,84.00,84.00,80.80,82.90,84.50,36000,2927580.00,10
BSE,DAICHI,INE928C01010,B,314.00,321.60,309.25,310.00,319.40,2546,799868.00,28
BSE,DAIKAFFI,INE789B01018,XT,44.20,45.67,44.00,44.84,44.20,17521,788814.00,24
BSE,DALBHARAT,INE00R701025,A,1837.05,1844.05,1815.00,1838.50,1827.00,1621,2960114.00,209
BSE,DALMIASUG,INE495A01022,B,409.90,411.50,398.55,408.95,406.35,5988,2423878.00,222
BSE,DAMCAPITAL,INE284H01025,B,149.90,149.90,144.80,146.30,151.95,37169,5451958.00,548
BSE,DAMODARIND,INE497D01022,T,28.50,29.75,28.05,28.05,28.50,1139,32570.00,7
BSE,DANLAW,INE310B01013,XT,1387.15,1387.15,1325.00,1387.15,1321.10,35146,48582447.00,770
BSE,DANUBE,INE575D01041,XT,6.79,6.79,6.45,6.47,6.78,174900,1139777.00,151
BSE,DARJEELING,INE830S01014,X,20.01,20.01,20.01,20.01,19.06,501,10025.00,2
BSE,DARSHANORNA,INE671T01028,X,2.14,2.20,2.14,2.15,2.16,23600,51494.00,48
BSE,DATAMATICS,INE365B01017,A,872.00,872.25,850.70,861.85,861.20,2893,2496275.00,229
BSE,DATAPATTNS,INE0IX101010,A,4439.55,4545.00,4398.45,4487.60,4389.30,35019,157376351.00,3965
BSE,DAULAT,INE108C01019,X,26.49,26.89,25.50,26.87,26.70,310,8141.00,14
BSE,DAVANGERE,INE179G01029,B,3.10,3.12,3.06,3.09,3.09,770711,2371270.00,246
BSE,DBCORP,INE950I01011,B,204.00,215.25,204.00,212.25,211.05,6801,1448423.00,213
BSE,DBEIL,INE0OPA01027,T,7.30,7.30,6.86,7.23,7.16,74716,530010.00,80
BSE,DBL,INE917M01012,A,424.20,424.20,412.10,415.20,420.10,16774,6978605.00,341
BSE,DBOL,INE0I3401014,B,115.00,115.30,113.61,113.89,114.80,2921,334494.00,100
BSE,DBREALTY,INE879I01012,A,114.65,114.65,112.50,113.10,114.05,13096,1480609.00,208
BSE,DBSTOCKBRO,INE921B01025,T,33.99,33.99,32.15,33.15,33.07,9555,308443.00,9
BSE,DCAL,INE385W01011,B,192.50,193.75,187.10,191.05,193.10,8138,1543350.00,353
BSE,DCBBANK,INE503A01015,A,186.75,191.50,185.90,188.15,184.55,49357,9326430.00,757
BSE,DCI,INE0A1101019,B,352.20,358.90,351.80,352.55,356.90,764,270974.00,48
BSE,DCM,INE498A01018,T,85.96,85.96,85.95,85.95,83.70,8,687.00,4
BSE,DCMFINSERV,INE891B01012,B,5.20,5.40,5.16,5.19,5.26,4434,23236.00,27
BSE,DCMNVL,INE08KP01019,B,183.95,187.30,171.50,176.80,180.50,18989,3374532.00,211
BSE,DCMSHRIRAM,INE499A01024,A,1001.00,1013.90,991.60,992.85,1009.45,6763,6765875.00,396
BSE,DCMSIL,INE0OU201013,T,82.82,82.82,78.35,81.90,82.41,5076,407674.00,65
BSE,DCMSRIND,INE843D01027,B,44.06,44.06,42.50,42.80,42.94,2312,98665.00,68
BSE,DCW,INE500A01029,B,47.17,47.17,45.83,45.91,46.61,18596,857518.00,158
BSE,DCXINDIA,INE0KL801015,B,178.00,180.10,175.55,176.80,178.05,42765,7587352.00,713
BSE,DDEVPLSTIK,INE0HR601026,B,288.25,303.50,288.25,291.80,291.50,21789,6429490.00,478
BSE,DECCAN,INE452W01019,T,12.89,12.89,12.00,12.88,12.28,12349,155771.00,47
BSE,DECCANCE,INE583C01021,B,555.95,562.25,526.00,547.15,559.10,3890,2146935.00,187
BSE,DECIPHER,INE643N01012,X,6.45,6.45,6.40,6.40,6.49,453,2914.00,8
BSE,DECNGOLD,INE945F01025,B,223.30,229.00,219.05,220.35,221.15,288095,64614953.00,2919
BSE,DECOMIC,INE907E01010,X,61.00,61.00,57.00,59.99,59.56,252,14370.00,4
BSE,DECPO,INE132E01015,X,26.60,27.50,26.60,26.60,28.00,945,25155.00,8
BSE,DEEDEV,INE841L01016,B,638.70,642.00,613.70,638.90,623.70,18285,11552215.00,755
BSE,DEEP,INE00IY01012,X,35.97,37.95,35.00,35.26,34.82,49739,1808983.00,305
BSE,DEEPAI,INE005G01026,XT,1.97,2.01,1.97,1.99,2.00,237628,472354.00,365
BSE,DEEPAKFERT,INE501A01019,A,1502.50,1503.00,1451.20,1454.55,1497.55,22673,33289006.00,1108
BSE,DEEPAKNTR,INE288B01029,A,1777.25,1778.20,1712.15,1718.05,1785.25,32517,56721825.00,3221
BSE,DEEPAKSP,INE272C01013,X,128.50,131.95,127.00,129.60,127.55,962,124209.00,29
BSE,DEEPINDS,INE0FHS01024,B,675.00,699.00,651.55,696.15,669.00,31751,21495961.00,1176
BSE,DEL,INE413F01016,X,126.25,146.75,126.25,130.05,140.25,249,33616.00,12
BSE,DELHIVERY,INE148O01028,A,470.80,475.00,467.00,471.20,471.00,101821,47765517.00,2182
BSE,DELPHIFX,INE726L01027,T,6.50,7.10,6.50,6.84,6.83,20837,144727.00,35
BSE,DELTA,INE681Q01015,X,10.75,10.75,10.75,10.75,10.71,3679,39549.00,4
BSE,DELTACORP,INE124G01033,B,63.55,64.00,60.48,60.80,63.52,249445,15367181.00,1546
BSE,DELTAMAGNT,INE393A01011,B,58.47,60.25,58.00,58.00,59.66,430,25740.00,9
BSE,DEN,INE947J01015,B,27.53,27.53,26.90,27.02,27.15,18685,504977.00,278
BSE,DENISCHEM,INE051G01012,X,69.00,69.00,67.33,67.86,68.43,28867,1965893.00,127
BSE,DENORA,INE244A01016,B,880.80,880.80,827.00,850.55,880.80,1128,961799.00,131
BSE,DENTA,INE0R4L01018,B,331.45,333.05,322.10,323.75,333.05,14020,4560350.00,457
BSE,DESCO,INE0TGG01014,M,177.75,183.60,177.00,177.35,181.25,13500,2417050.00,25
BSE,DEVIT,INE060X01034,B,26.50,27.84,26.50,27.06,27.32,6307,170814.00,55
BSE,DEVSON,INE2KRP01017,M,241.00,252.95,241.00,242.75,252.55,49200,12136320.00,40
BSE,DEVX,INE0VOV01021,B,36.52,36.52,34.70,35.02,35.68,7455,265393.00,61
BSE,DEVYANI,INE872J01023,A,142.00,142.00,137.05,140.15,142.80,471807,65683100.00,3544
BSE,DFL,INE848N01017,X,37.30,37.30,37.30,37.30,37.30,1,37.00,1
BSE,DFPL,INE0S6R01027,M,15.50,15.50,14.04,14.11,15.27,88000,1271420.00,33
BSE,DGCONTENT,INE03JI01017,B,25.16,25.82,24.90,24.91,25.17,3878,98979.00,41
BSE,DHABRIYA,INE260R01016,X,470.00,485.00,444.40,459.35,458.20,47925,22330033.00,1055
BSE,DHAMPURE,INE956B01013,X,143.15,151.00,140.40,150.30,143.15,12028,1757688.00,227
BSE,DHAMPURSUG,INE041A01016,B,157.95,163.50,155.75,161.10,158.00,61068,9759654.00,917
BSE,DHANBANK,INE680A01011,B,32.73,32.82,32.38,32.46,32.73,44427,1446605.00,194
BSE,DHANCOT,INE977F01010,XT,146.40,146.40,146.40,146.40,139.45,101,14786.00,5
BSE,DHANFAB,INE953D01016,X,49.75,51.60,47.27,50.28,49.75,26,1297.00,6
BSE,DHANROTO,INE220C01012,X,76.40,76.40,74.01,76.10,76.02,557,41782.00,8
BSE,DHANSAFAL,INE195E01020,X,2.36,2.45,2.36,2.38,2.43,40447,96497.00,62
BSE,DHANUKA,INE435G01025,B,1039.20,1039.20,1018.45,1025.50,1039.20,249,255007.00,56
BSE,DHARAN,INE278R01034,Z,0.19,0.19,0.19,0.19,0.19,57934,11007.00,46
BSE,DHARFIN,INE899D01011,XT,14.25,14.35,13.01,14.24,13.69,4413,58734.00,34
BSE,DHARMAJ,INE00OQ01016,B,283.70,283.70,273.80,277.85,280.40,10542,2949823.00,60
BSE,DHARNI,INE0M9Q01011,M,55.00,55.00,55.00,55.00,55.00,6000,330000.00,1
BSE,DHATRE,INE715T01031,X,4.20,4.20,3.50,3.87,4.19,227911,865144.00,412
BSE,DHAVAL,INE1HX301016,MT,109.90,109.90,108.00,108.45,108.05,27600,2999700.00,23
BSE,DHENUBUILD,INE758D01027,Z,8.60,8.60,7.98,8.50,8.40,28522,233136.00,116
BSE,DHINDIA,INE589D01018,X,183.00,184.80,177.00,179.30,180.75,3703,667796.00,53
BSE,DHOOTIN,INE313G01016,X,295.00,310.00,290.20,298.70,272.35,26863,8056395.00,529
BSE,DHPIND,INE590D01016,X,514.45,558.00,509.25,533.30,509.00,3177,1665078.00,163
BSE,DHRUV,INE506Z01015,B,24.20,24.20,23.59,23.62,24.20,525,12394.00,6
BSE,DHRUVCA,INE972E01014,X,86.00,94.60,85.95,91.20,90.45,40818,3592118.00,162
BSE,DHUNINV,INE320L01011,B,961.15,982.90,961.15,968.45,960.95,55,53038.00,13
BSE,DHYAANITR,INE0K5F01014,MT,6.20,6.32,6.20,6.30,6.20,19600,122752.00,5
BSE,DIACABS,INE989C01038,T,366.60,379.00,363.00,368.20,362.70,150352,55938682.00,3074
BSE,DIAMINESQ,INE591D01014,B,244.80,250.00,238.60,240.30,243.60,8862,2148876.00,184
BSE,DIAMONDYD,INE393P01035,B,1210.75,1210.75,1182.10,1192.85,1210.75,481,577166.00,72
BSE,DIANATEA,INE012E01035,X,26.01,27.20,26.00,26.73,26.10,10473,276602.00,22
BSE,DICIND,INE303A01010,B,502.15,516.80,499.00,509.90,525.00,3742,1873713.00,107
BSE,DIDL,INE642P01019,X,9.00,9.89,9.00,9.84,9.00,1617,15408.00,7
BSE,DIFFNKG,INE184O01015,B,373.00,384.35,357.90,362.55,372.75,31389,11559575.00,804
BSE,DIGIDRIVE,INE0PSC01024,B,18.00,18.42,17.37,17.87,18.00,3473,62903.00,79
BSE,DIGILOGIC,INE1OOT01028,MT,184.00,186.80,178.95,178.95,188.35,87600,15878760.00,63
BSE,DIGISPICE,INE927C01020,B,17.00,17.28,16.80,17.16,17.44,11065,188704.00,58
BSE,DIGITIDE,INE0U4701011,B,103.50,104.55,99.55,103.90,102.45,28817,2939121.00,280
BSE,DIGJAMLMTD,INE731U01028,B,49.50,49.77,48.20,48.21,48.55,962,47137.00,14
BSE,DILIGENT,INE650C01036,X,2.25,2.25,2.08,2.17,2.20,145574,309514.00,123
BSE,DISAQ,INE131C01011,B,12015.00,12089.00,11500.00,11544.15,11965.35,365,4242759.00,71
BSE,DISHTV,INE836F01026,B,2.80,2.83,2.76,2.80,2.83,246761,689969.00,327
BSE,DITCO,INE183R01010,X,10.56,12.00,10.56,12.00,11.36,5978,63701.00,18
BSE,DIVGIITTS,INE753U01022,B,1196.95,1288.00,1175.85,1225.85,1074.90,76101,94117647.00,3712
BSE,DIVISLAB,INE361B01024,A,8663.85,8670.50,8475.50,8545.00,8537.00,26782,229925750.00,4211
BSE,DIVSHKT,INE410G01010,X,52.65,52.65,46.10,48.68,49.00,4195,207526.00,49
BSE,DIXON,INE935N01020,A,14098.75,14098.75,13672.40,13760.00,14015.00,19148,264191021.00,4291
BSE,DJML,INE0B1K01014,B,109.80,110.95,101.80,105.10,108.25,17222,1828173.00,297
BSE,DJSSS,INE234E01027,X,2.04,2.34,1.75,2.34,1.95,1592173,3547350.00,385
BSE,DKUAL,INE0QXT01018,M,8.46,8.90,7.86,8.38,8.30,32000,266880.00,16
BSE,DLCL,INE871Z01013,M,6.30,6.32,6.28,6.28,6.61,52000,327200.00,13
BSE,DLF,INE271C01023,A,658.15,658.40,644.50,655.20,652.85,69297,45105147.00,2472
BSE,DLINKINDIA,INE250K01012,B,433.05,433.05,423.50,426.45,432.25,5224,2234562.00,278
BSE,DLTNCBL,INE872E01016,X,520.00,547.60,520.00,547.60,456.35,120799,65787934.00,1619
BSE,DMART,INE192R01011,A,4040.00,4064.00,4030.00,4034.35,4005.00,44402,179620930.00,1849
BSE,DMCC,INE505A01010,B,300.65,302.00,294.75,299.20,300.65,17915,5347413.00,601
BSE,DMR,INE07L501010,M,26.75,26.90,25.00,25.01,26.51,9750,254572.00,5
BSE,DNAMEDIA,INE016M01021,B,2.82,2.82,2.66,2.66,2.76,4276,11631.00,20
BSE,DODLA,INE021O01019,A,1038.15,1046.30,1038.15,1044.80,1044.80,161,167965.00,34
BSE,DOLATALGO,INE966A01022,B,70.14,71.26,69.00,69.99,70.85,12030,838777.00,142
BSE,DOLFIN,INE666Y01010,B,173.00,174.95,161.00,166.30,172.25,1389,234340.00,213
BSE,DOLLAR,INE325C01035,B,291.05,292.45,275.00,277.45,288.60,15537,4397013.00,409
BSE,DOLPHIN,INE920A01037,B,450.95,500.95,436.90,497.00,441.30,15438,7375435.00,852
BSE,DOMS,INE321T01012,A,2221.20,2248.95,2221.20,2240.25,2235.00,2614,5838561.00,365
BSE,DONEAR,INE668D01028,B,84.52,85.00,83.00,85.00,84.52,429,36352.00,42
BSE,DPABHUSHAN,INE266Y01019,B,1449.65,1499.90,1401.35,1421.65,1464.85,3265,4607407.00,190
BSE,DPL,INE0MC401013,M,5.00,5.00,4.85,4.85,4.85,18000,88770.00,6
BSE,DPWIRES,INE864X01013,T,164.30,169.15,161.30,163.25,164.25,269,44224.00,14
BSE,DRAGARWQ,INE934C01018,B,5281.00,5456.10,5146.65,5372.65,5301.00,220,1151700.00,82
BSE,DRCSYSTEMS,INE03RS01027,B,12.76,13.10,12.39,12.96,12.76,8987,114800.00,49
BSE,DREAMFOLKS,INE0JS101016,B,69.35,69.70,68.02,68.82,68.90,2945,201537.00,259
BSE,DREDGECORP,INE506A01018,B,1066.00,1066.00,1030.00,1034.10,1055.80,5226,5466730.00,267
BSE,DRL,INE193D01019,X,28.50,28.65,26.10,27.22,27.29,187427,5052527.00,54
BSE,DRONACHRYA,INE0MQD01015,M,35.80,36.85,35.60,36.70,35.60,19000,686140.00,14
BSE,DRREDDY,INE089A01031,A,1200.15,1206.00,1190.00,1198.95,1205.00,95446,114378478.00,6821
BSE,DSFCL,INE0OFM01015,T,25.20,25.20,25.04,25.06,25.55,5162,129610.00,34
BSE,DSSL,INE417B01040,B,1242.95,1247.10,1225.00,1239.55,1238.95,1066,1315616.00,188
BSE,DTIL,INE341R01014,B,139.25,142.70,136.40,141.70,133.40,780,109654.00,49
BSE,DUCON,INE741L01018,B,3.30,3.37,3.10,3.13,3.26,34634,108687.00,99
BSE,DUKEOFS,INE397G01019,XT,44.75,44.75,44.75,44.75,43.88,11067,495248.00,30
BSE,DUNCANENG,INE340F01011,X,344.65,365.00,344.65,353.65,351.55,378,134173.00,33
BSE,DUROPACK,INE138B01018,X,58.00,58.90,57.00,58.90,58.02,382,22181.00,9
BSE,DUROPLY,INE932D01010,X,109.00,109.00,103.05,106.35,105.00,863,91269.00,20
BSE,DUTRON,INE940C01015,X,101.70,101.70,101.70,101.70,101.70,50,5085.00,2
BSE,DVL,INE477B01010,B,290.00,290.00,270.00,270.30,287.95,4048,1117934.00,241
BSE,DWARKESH,INE366A01041,B,42.21,42.21,41.20,41.64,41.64,60310,2524221.00,199
BSE,DYCL,INE600Y01019,B,448.00,464.95,439.65,455.25,440.70,77202,35063881.00,1773
BSE,DYNAMATECH,INE221B01012,A,10600.05,10843.45,10480.00,10671.50,10570.50,962,10296327.00,244
BSE,DYNAMIND,INE457C01010,X,105.00,105.00,103.35,103.35,105.10,763,79548.00,20
BSE,DYNAVSN,INE083E01010,X,212.00,215.90,210.00,210.00,211.80,591,125583.00,11
BSE,E2E,INE255Z01027,T,634.00,657.00,604.00,631.85,626.95,67422,42833963.00,2272
BSE,EASEMYTRIP,INE07O001026,B,6.58,6.60,6.42,6.46,6.58,907432,5907135.00,1375
BSE,EASTBUILD,INE706N01017,XT,52.98,52.98,47.94,48.02,50.46,563,29430.00,8
BSE,EASTINDIA,INE191C01023,XT,115.75,115.85,108.05,115.15,110.35,12913,1488898.00,122
BSE,EASTWEST,INE595R01023,X,2.55,2.55,2.45,2.46,2.53,43476,107362.00,78
BSE,EBGNG,INE18JU01028,B,577.05,579.90,562.20,572.05,573.35,34966,19880622.00,1244
BSE,EBIX,INE432F01032,X,17.84,18.00,17.15,17.64,17.86,212744,3730970.00,378
BSE,ECLERX,INE738I01010,A,1788.70,1821.60,1778.60,1808.25,1795.70,8025,14496185.00,507
BSE,ECOBOAR,INE866A01016,X,56.79,56.79,52.00,54.93,54.41,16816,912175.00,83
BSE,ECOFINITY,INE360S01012,X,70.00,73.49,68.01,71.46,69.89,14547,1044221.00,49
BSE,ECOHOTELS,INE638N01012,X,11.22,11.61,10.55,11.60,11.06,57432,629876.00,56
BSE,ECOPLAST,INE423D01010,X,487.40,487.40,462.00,472.00,485.00,1037,490832.00,59
BSE,ECORECO,INE316A01038,X,463.55,476.00,444.40,458.15,474.00,24258,11091332.00,1366
BSE,ECOSMOBLTY,INE06HJ01020,T,133.00,133.00,127.25,127.25,133.90,7337,941147.00,161
BSE,EDELWEISS,INE532F01054,A,120.35,120.35,117.50,118.95,119.05,82840,9823194.00,667
BSE,EDVENSWA,INE125G01014,X,21.20,22.99,20.80,21.99,22.29,5410,116612.00,35
BSE,EFCIL,INE886D01026,B,177.50,181.95,175.35,178.35,177.90,40673,7298930.00,631
BSE,EFORU,INE355H01015,X,98.28,101.16,93.00,100.40,96.35,2806,280682.00,103
BSE,EICHERMOT,INE066A01021,A,8023.90,8038.95,7943.60,8018.00,7988.75,7294,58275326.00,1356
BSE,EIDPARRY,INE126A01031,A,788.60,790.30,760.00,772.15,784.70,27331,21149445.00,1140
BSE,EIEL,INE0LLY01014,B,210.85,212.95,201.20,203.10,213.25,183481,37554023.00,2084
BSE,EIHAHOTELS,INE276C01014,B,294.50,295.30,291.00,292.55,294.25,639,187331.00,95
BSE,EIHOTEL,INE230A01023,A,300.00,301.80,297.70,298.55,302.30,5340,1596996.00,236
BSE,EIKO,INE666Q01016,X,50.23,50.90,49.00,49.40,49.86,21281,1056863.00,115
BSE,EIMCOELECO,INE158B01016,B,1814.40,1814.40,1784.05,1789.15,1802.10,912,1634957.00,83
BSE,EKAMLEA,INE906L01025,XT,6.54,6.55,6.53,6.53,6.87,12466,81511.00,9
BSE,EKANSH,INE005E01013,X,240.00,240.00,225.05,230.45,234.90,3546,825106.00,99
BSE,EKC,INE184H01027,B,113.55,113.55,111.70,111.95,113.55,19042,2138103.00,139
BSE,EKI,INE0CPR01018,B,81.63,83.00,79.48,80.67,82.00,17926,1449259.00,523
BSE,ELAND,INE311H01018,X,12.01,12.79,10.80,12.10,12.05,817,9985.00,31
BSE,ELANGO,INE594D01018,XT,9.98,10.47,9.98,10.47,9.98,76,795.00,2
BSE,ELANTAS,INE280B01018,B,11700.00,11710.00,10950.00,11464.40,11642.45,10243,117751650.00,148
BSE,ELCIDIN,INE927X01018,B,117998.95,117998.95,109160.00,109160.00,108526.65,12,1358459.00,11
BSE,ELDEHSG,INE668G01021,B,750.00,750.00,750.00,750.00,763.60,1,750.00,1
BSE,ELECON,INE205B01031,A,435.00,442.85,428.00,441.20,436.35,35947,15783104.00,813
BSE,ELECTCAST,INE086A01029,A,73.18,74.19,72.00,73.74,73.57,85067,6228246.00,1395
BSE,ELECTHERM,INE822G01016,B,1026.70,1026.70,1007.90,1010.00,1019.70,265,267751.00,27
BSE,ELEFLOR,INE152E01013,X,5.05,5.05,4.50,4.56,4.99,233998,1078127.00,218
BSE,ELEMARB,INE095B01010,X,180.00,180.00,174.00,175.00,175.70,233,40884.00,18
BSE,ELFIN,INE1FEW01013,MT,80.10,80.75,80.10,80.75,81.00,12000,964350.00,4
BSE,ELFORGE,INE158F01017,X,19.25,21.00,18.76,19.37,18.76,49197,955622.00,100
BSE,ELGIEQUIP,INE285A01027,A,573.05,583.10,573.05,575.60,573.10,6685,3863261.00,499
BSE,ELIN,INE050401020,B,94.00,100.00,94.00,97.40,94.40,19155,1876505.00,259
BSE,ELITECON,INE669R01026,B,17.85,17.90,16.76,16.96,17.38,3743142,63947113.00,826
BSE,ELIXIR,INE785D01012,X,110.20,110.20,92.55,97.95,107.85,18305,1768469.00,183
BSE,ELLEN,INE236E01022,B,295.05,323.45,287.45,323.45,294.05,143752,45685663.00,1553
BSE,ELNET,INE033C01019,X,321.35,321.35,313.50,316.00,321.35,793,250367.00,27
BSE,ELPROINTL,INE579B01039,B,170.00,176.80,170.00,174.20,174.95,2670,466743.00,46
BSE,EMAINDIA,INE279D01016,XT,642.40,646.70,621.45,621.45,634.10,865,547259.00,29
BSE,EMAMILTD,INE548C01032,A,401.35,401.35,396.10,396.95,402.55,29646,11797794.00,1279
BSE,EMAMIPAP,INE830C01026,T,114.60,115.00,110.70,110.70,112.10,1840,204208.00,29
BSE,EMAMIREAL,INE778K01012,B,75.00,75.00,75.00,75.00,74.97,20,1500.00,2
BSE,EMBASSY,INE041025011,IF,442.00,443.70,438.33,439.59,440.07,828530,364580339.00,1036
BSE,EMBDL,INE069I01010,A,65.00,65.00,61.50,61.95,64.65,371135,23284042.00,1522
BSE,EMCURE,INE168P01015,A,1999.50,2022.30,1999.50,2006.30,1997.40,6324,12716229.00,900
BSE,EMERALD,INE030Q01015,X,49.50,52.99,49.00,50.38,49.61,39004,1958364.00,345
BSE,EMERALL,INE044N01021,X,233.00,264.95,228.90,252.45,220.80,35377,9054086.00,234
BSE,EMERGENT,INE668L01013,XT,357.00,370.10,357.00,364.60,375.10,73,26733.00,11
BSE,EMIAC,INE1OSW01015,M,93.50,93.50,90.00,90.00,92.70,8400,763800.00,7
BSE,EMIL,INE02YR01019,B,185.25,194.80,182.75,193.45,185.05,1070005,202435371.00,7586
BSE,EMKAY,INE296H01011,B,237.20,248.00,236.00,245.10,238.50,3918,941192.00,129
BSE,EMMBI,INE753K01015,T,85.99,85.99,85.99,85.99,86.95,25,2149.00,1
BSE,EMMESSA,INE634B01016,X,25.48,25.48,23.50,23.62,24.45,2021,48111.00,24
BSE,EMMFORCE,INE0SDC01012,MT,186.10,191.95,186.10,191.50,189.30,12000,2279040.00,10
BSE,EMMVEE,INE1C6T01020,B,321.65,321.65,312.90,317.20,318.70,127662,40320012.00,2373
BSE,EMPIND,INE515H01014,X,1184.00,1187.00,1131.00,1142.40,1168.50,2675,3087342.00,146
BSE,EMPOWER,INE507F01023,T,2.10,2.32,2.10,2.31,2.21,3924090,8728481.00,1065
BSE,EMROCK,INE554H01021,XT,268.00,268.00,268.00,268.00,270.00,52,13936.00,3
BSE,EMSLIMITED,INE0OV601013,B,393.90,393.90,380.50,382.35,393.90,16209,6251904.00,600
BSE,EMUDHRA,INE01QM01018,B,525.00,527.85,512.90,523.40,525.35,5458,2852469.00,283
BSE,ENBETRD,INE993I01029,X,0.32,0.34,0.31,0.34,0.31,17029214,5587233.00,1029
BSE,ENDURANCE,INE913H01037,A,2978.50,3027.00,2978.00,3017.95,2988.55,7960,23931354.00,845
BSE,ENERGYDEV,INE306C01019,B,16.84,17.18,16.60,16.73,16.04,4506,75806.00,57
BSE,ENERGYINF,INE05KD23015,IF,76.00,76.15,74.50,74.60,75.66,650000,48926000.00,23
BSE,ENGINERSIN,INE510A01028,A,244.95,246.60,238.20,239.15,242.95,53958,13090434.00,957
BSE,ENIL,INE265F01028,B,100.10,102.80,100.10,101.80,101.20,619,63085.00,23
BSE,ENKEIWHEL,INE130L01014,X,395.00,405.00,365.40,382.90,384.05,2077,803690.00,101
BSE,ENRIN,INE1NPP01017,A,3545.50,3611.55,3484.50,3562.80,3566.55,33369,118019208.00,3619
BSE,ENTERO,INE010601016,B,1440.50,1460.30,1408.40,1418.70,1427.30,12662,18197600.00,884
BSE,ENTRINT,INE439G01019,X,21.90,21.90,21.10,21.85,21.90,157,3421.00,4
BSE,ENVAIREL,INE601C01013,XT,47.00,47.00,47.00,47.00,46.88,1105,51935.00,6
BSE,EPACK,INE0G5901015,B,224.95,226.45,210.05,211.75,227.10,125119,27130055.00,1676
BSE,EPACKPEB,INE0MLS01022,B,245.10,247.35,235.00,236.50,247.75,77680,18675216.00,1233
BSE,EPIC,INE932F01015,X,33.01,34.49,32.11,33.74,33.91,7360,247056.00,65
BSE,EPIGRAL,INE071N01016,B,1098.00,1113.70,1096.25,1101.90,1105.35,1678,1849362.00,168
BSE,EPL,INE255A01020,A,242.00,260.00,236.40,243.65,235.50,1361151,337809505.00,9120
BSE,EPUJA,INE807D01030,X,1.34,1.34,1.28,1.31,1.32,59245,76876.00,74
BSE,EQUILATERA,INE060N01019,X,16.60,16.63,16.60,16.60,16.60,10,166.00,4
BSE,EQUIPPP,INE217G01035,T,20.99,20.99,20.19,20.80,21.23,1351,28139.00,5
BSE,EQUITASBNK,INE063P01018,A,73.29,74.79,73.29,74.61,74.83,103460,7669259.00,859
BSE,ERIS,INE406M01024,A,1380.40,1387.70,1341.35,1349.85,1393.35,3815,5212805.00,319
BSE,ESABINDIA,INE284A01012,B,6150.05,6459.20,5947.65,6007.75,5823.20,2723,16745863.00,647
BSE,ESAFSFB,INE818W01011,T,38.27,40.23,36.75,39.93,38.32,60165,2271061.00,289
BSE,ESARIND,INE404L01039,X,11.45,11.55,10.61,11.39,11.02,16033,181886.00,48
BSE,ESCORP,INE953W01016,B,110.00,116.90,100.10,107.95,104.45,3473,382764.00,106
BSE,ESCORTS,INE042A01014,A,3120.20,3129.90,3098.45,3122.65,3106.75,19015,59180182.00,300
BSE,ESHAMEDIA,INE328F01016,XT,48.00,48.90,47.79,48.90,48.03,2961,142449.00,22
BSE,ESPIRE,INE176O01011,X,163.95,163.95,159.00,162.45,163.95,87,14130.00,12
BSE,ESSARSHPNG,INE122M01019,B,19.70,20.05,19.45,19.66,19.94,20920,410963.00,215
BSE,ESSENTIA,INE418N01035,B,1.39,1.41,1.39,1.41,1.35,2353466,3290855.00,363
BSE,ESSEX,INE1IBY01019,M,42.60,42.60,42.60,42.60,39.10,2000,85200.00,1
BSE,ESTER,INE778B01029,B,102.00,102.90,95.70,96.37,103.56,41244,4071899.00,561
BSE,ETERNAL,INE758T01015,A,319.15,319.15,312.70,313.00,316.75,1698521,534712067.00,7778
BSE,ETHOSLTD,INE04TZ01018,A,2811.80,2847.00,2770.70,2797.25,2835.55,2076,5833580.00,276
BSE,ETIL,INE937K01014,X,6.65,7.21,6.15,6.49,6.45,2225,13943.00,38
BSE,EUREKAFORB,INE0KCE01017,A,468.00,472.00,445.90,458.50,450.20,20362,9333575.00,602
BSE,EUREKAI,INE958A01011,XT,4.97,5.49,4.97,5.49,5.23,776251,3934357.00,389
BSE,EUROBOND,INE505V01016,B,161.20,162.00,159.10,160.45,161.90,381,61267.00,17
BSE,EUROLED,INE940E01011,XT,23.68,23.69,23.03,23.69,22.57,29046,687788.00,49
BSE,EUROPRATIK,INE198501012,B,302.70,302.70,291.20,293.55,303.15,10713,3180605.00,262
BSE,EVANS,INE06TD01010,M,77.00,77.00,70.05,76.00,71.20,34000,2524940.00,25
BSE,EVEREADY,INE128A01029,B,357.35,357.35,351.15,353.80,354.60,6859,2426249.00,223
BSE,EVERESTIND,INE295A01018,T,470.90,479.80,470.25,479.80,469.85,83,39443.00,9
BSE,EVERESTO,INE334C01029,X,302.00,305.00,292.00,305.00,300.15,1393,421253.00,22
BSE,EVERFIN,INE339D01034,X,117.50,117.50,102.00,108.95,104.15,938,99083.00,18
BSE,EVEXIA,INE313M01030,XT,1.58,1.58,1.48,1.51,1.55,4089761,6185083.00,888
BSE,EVOQ,INE0JVD01011,MT,1.80,1.87,1.80,1.85,1.84,16000,29480.00,4
BSE,EXATO,INE1E4401010,MT,639.95,640.00,599.55,605.00,631.10,67000,41294775.00,61
BSE,EXCELINDUS,INE369A01029,B,1030.80,1053.00,1022.50,1045.05,1036.60,339,351380.00,92
BSE,EXCELSOFT,INE606N01019,B,76.64,76.64,74.74,75.17,75.95,27464,2073049.00,303
BSE,EXHICON,INE0O8901016,M,470.55,476.35,454.00,458.00,472.90,26250,12241825.00,92
BSE,EXICOM,INE777F01014,B,144.20,146.30,140.00,142.00,144.15,93477,13355123.00,1131
BSE,EXIDEIND,INE302A01020,A,487.00,495.00,482.35,490.65,483.10,255671,124967073.00,5236
BSE,EXPLEOSOL,INE201K01015,B,819.40,824.65,810.00,822.10,824.15,930,758958.00,108
BSE,EXPOEAPL,INE561D01025,X,81.60,82.90,78.16,82.00,82.29,17842,1433813.00,89
BSE,EXXARO,INE0GFE01026,B,6.30,6.30,6.05,6.14,6.15,3902,23979.00,55
BSE,EY,INE750G01019,XT,724.50,724.50,655.50,720.00,690.00,110,72754.00,5
BSE,FAALCON,INE0Q9W01015,MT,38.54,38.54,38.54,38.54,37.60,4000,154160.00,2
BSE,FABCLEAN,INE0HSD01011,MT,417.15,417.15,390.00,403.00,407.00,16400,6430560.00,13
BSE,FABTECH,INE0HF201011,B,149.00,149.00,145.05,145.75,147.90,12748,1875874.00,236
BSE,FACORALL,INE828G01013,XT,3.10,3.26,2.98,3.21,3.11,124179,390347.00,184
BSE,FACT,INE188A01015,B,828.80,832.35,817.00,820.50,828.55,6950,5729231.00,370
BSE,FAIRCHEMOR,INE0DNW01011,T,759.90,759.90,730.10,730.10,745.00,1163,852565.00,17
BSE,FAMILYCARE,INE146N01016,X,2.34,2.34,2.18,2.20,2.27,210015,472828.00,281
BSE,FAZE3Q,INE963C01033,B,546.50,570.00,542.30,542.30,602.55,27111,14795296.00,242
BSE,FCL,INE045J01034,B,43.00,44.94,41.81,42.62,43.00,1396375,60814454.00,3373
BSE,FCSSOFT,INE512B01022,B,1.45,1.46,1.42,1.42,1.45,584854,838596.00,322
BSE,FDC,INE258B01022,B,361.75,362.15,351.40,354.10,360.90,7169,2548623.00,443
BSE,FEDDERSHOL,INE417D01020,B,41.71,42.50,40.75,41.06,41.66,31020,1294887.00,186
BSE,FEDERALBNK,INE171A01029,A,352.65,357.50,352.65,355.00,355.00,75629,26892859.00,2220
BSE,FEDFINA,INE007N01010,B,155.90,155.90,151.00,152.00,154.45,32403,4961006.00,463
BSE,FEL,INE623B01027,Z,0.49,0.49,0.49,0.49,0.49,2722,1333.00,8
BSE,FERMENTA,INE225B01021,B,475.00,498.80,469.20,473.40,484.55,30060,14453850.00,1028
BSE,FERVENTSYN,INE258M01011,X,15.98,15.98,15.98,15.98,15.98,32,511.00,1
BSE,FFPL,INE617C01027,Z,5.13,5.13,5.13,5.13,5.40,750,3847.00,5
BSE,FGP,INE512A01016,X,11.89,11.89,10.71,11.09,11.09,4932,55075.00,79
BSE,FIBERWEB,INE296C01020,B,29.87,29.87,29.40,29.40,29.69,700,20652.00,19
BSE,FIEMIND,INE737H01014,B,2610.80,2668.80,2583.20,2646.70,2594.05,4897,12880934.00,651
BSE,FIL,INE1W3Q01011,M,192.05,193.05,185.00,193.05,202.65,4200,801690.00,7
BSE,FILATEX,INE816B01035,B,83.00,84.00,80.97,83.08,83.27,162969,13423612.00,713
BSE,FILATFASH,INE185E01021,B,0.19,0.19,0.19,0.19,0.19,917893,174399.00,168
BSE,FILME,INE600B01033,X,1.27,1.27,1.18,1.18,1.24,325734,386163.00,65
BSE,FILTRON,INE589N01017,XT,79.27,79.27,76.17,76.54,77.72,3509,274025.00,44
BSE,FINCABLES,INE235A01022,A,1228.25,1375.00,1228.25,1278.90,1208.05,2078874,2739031216.00,45953
BSE,FINELINE,INE087E01011,X,68.00,68.79,64.18,65.85,67.55,2082,136602.00,53
BSE,FINEORG,INE686Y01026,A,5100.00,5367.40,5100.00,5252.80,5121.10,6577,34684933.00,1154
BSE,FINKURVE,INE734I01027,B,59.90,61.06,59.85,60.00,59.87,661,39808.00,20
BSE,FINOPB,INE02NC01014,B,164.55,164.55,159.45,160.70,162.60,11056,1782296.00,276
BSE,FINPIPE,INE183A01024,A,162.35,163.70,161.10,161.30,162.55,49529,8013578.00,726
BSE,FIRSTCRY,INE02RE01045,A,214.25,216.25,213.45,214.45,214.20,33015,7080026.00,747
BSE,FIRSTFIN,INE683B01047,X,6.84,6.90,6.48,6.52,6.74,4196,28222.00,14
BSE,FISCHER,INE771F01041,B,39.41,39.42,37.00,37.75,38.45,4929,188124.00,53
BSE,FIVESTAR,INE128S01021,A,543.80,555.75,543.80,554.40,546.25,30834,16926272.00,1201
BSE,FLAIR,INE00Y201027,B,247.20,253.05,245.10,250.25,248.65,16192,4022363.00,408
BSE,FLEXFO,INE954B01018,X,47.98,47.98,43.80,45.01,46.00,928,41554.00,24
BSE,FLEXITUFF,INE060J01017,T,3.34,3.39,3.23,3.29,3.40,13079,42736.00,36
BSE,FLFL,INE452O01016,Z,1.20,1.20,1.16,1.20,1.19,671,801.00,11
BSE,FLOMIC,INE952M01019,X,43.40,43.40,41.20,42.60,42.53,1680,70241.00,24
BSE,FLORACORP,INE318U01016,X,7.69,8.00,7.69,8.00,8.09,19103,146916.00,14
BSE,FLUIDOM,INE459C01016,X,915.00,915.00,885.10,898.65,899.90,2973,2676848.00,187
BSE,FLUOROCHEM,INE09N301011,A,4467.10,4695.00,4424.00,4569.55,4414.20,28107,128840210.00,3263
BSE,FMEC,INE108T01021,XT,12.74,12.89,12.12,12.60,12.74,111421,1377302.00,188
BSE,FMGOETZE,INE529A01010,B,485.45,488.30,484.60,486.45,484.55,556,271064.00,33
BSE,FMNL,INE360L01017,T,9.60,9.60,9.05,9.20,9.20,1312,12502.00,8
BSE,FOODSIN,INE976E01023,B,52.45,52.98,51.30,51.40,53.07,7815,405289.00,138
BSE,FORBESCO,INE518A01013,X,286.25,305.00,283.00,302.95,286.25,9883,2967358.00,176
BSE,FORCEMOT,INE451A01017,A,18334.00,19394.95,18334.00,19160.00,18351.00,29431,561264581.00,5684
BSE,FORINTL,INE501D01013,X,78.11,78.11,77.60,77.60,78.11,213,16631.00,5
BSE,FORTIS,INE061F01013,A,928.35,935.20,879.30,886.00,939.00,1125860,996818905.00,9900
BSE,FORTISMLR,INE842B01015,X,49.20,50.00,49.00,49.01,49.38,3055,150212.00,114
BSE,FOSECOC,INE599F01020,X,1585.00,1610.00,1574.00,1607.55,1580.05,4464,7143301.00,190
BSE,FOSECOIND,INE519A01011,B,5540.00,5559.50,5510.50,5545.00,5454.80,85,470450.00,56
BSE,FRACTAL,INE212S01015,B,837.30,837.30,812.85,822.35,827.90,4655,3821311.00,434
BSE,FRANKLININD,INE789R01022,X,0.34,0.35,0.33,0.33,0.34,2222003,748382.00,561
BSE,FRASER,INE184Q01010,X,9.59,9.59,9.15,9.43,9.41,2311,21502.00,18
BSE,FRATELLI,INE401Z01019,X,109.00,109.00,103.20,106.55,104.50,19716,2098396.00,118
BSE,FREDUN,INE194R01017,X,1293.70,1400.00,1270.00,1393.70,1276.10,50554,68320004.00,2024
BSE,FRONTCAP,INE977E01013,X,10.08,10.08,9.81,9.81,10.19,175,1718.00,3
BSE,FRONTSP,INE572D01014,B,1480.15,1561.45,1471.55,1509.75,1479.60,8852,13466298.00,741
BSE,FRUTION,INE836C01015,XT,46.00,46.00,46.00,46.00,46.00,1,46.00,1
BSE,FSL,INE684F01012,A,279.95,280.65,272.30,274.45,279.70,97293,26725765.00,2187
BSE,FTL,INE0QOQ01013,M,11.87,12.40,11.87,12.40,12.49,5000,59880.00,5
BSE,FUNDVISER,INE365H01014,XT,402.00,402.00,402.00,402.00,396.00,46,18492.00,3
BSE,FUSION,INE139R01012,B,214.05,214.95,200.10,204.10,211.90,57618,11786805.00,888
BSE,FUTSOL,INE241F01011,X,41.62,45.99,41.62,45.50,43.80,251,11417.00,4
BSE,FYNX,INE455H01021,X,5.75,5.92,5.75,5.92,5.64,77497,449621.00,39
BSE,GABRIEL,INE524A01029,A,1501.85,1510.00,1471.25,1476.00,1501.50,16999,25220791.00,1106
BSE,GAEL,INE036B01030,B,171.15,171.15,165.00,165.30,168.40,34295,5722572.00,349
BSE,GAGAN,INE076D01016,XT,19.70,20.20,18.34,19.95,19.30,4266,83413.00,28
BSE,GAIL,INE129A01019,A,175.55,175.55,173.25,173.65,174.20,1449327,252790395.00,1584
BSE,GAJANANSEC,INE868G01019,X,53.00,53.00,50.10,52.90,52.96,2382,123106.00,46
BSE,GALACTICO,INE906Y01028,B,1.98,1.98,1.92,1.97,1.97,68292,133176.00,128
BSE,GALADA,INE255C01026,XT,15.24,15.24,15.24,15.24,14.95,70,1066.00,1
BSE,GALADAFIN,INE243E01010,XT,43.38,43.38,43.38,43.38,43.38,16,694.00,3
BSE,GALAGEX,INE803L01016,X,62.00,68.00,58.52,63.97,62.08,182353,11719812.00,156
BSE,GALAPREC,INE0RE001014,B,1017.00,1017.00,986.70,990.15,1007.20,3297,3300827.00,257
BSE,GALAXYSURF,INE600K01018,B,2058.20,2059.00,2011.00,2024.80,2041.55,340,689425.00,72
BSE,GALLANTT,INE297H01019,A,590.40,601.05,587.95,591.35,594.85,7506,4444592.00,346
BSE,GALLARD,INE0BUQ01012,M,160.00,169.00,160.00,168.80,158.45,47000,7846000.00,28
BSE,GALLOPENT,INE755J01012,XT,34.14,37.70,34.14,37.70,35.93,201,6865.00,3
BSE,GALXBRG,INE020S01012,XT,927.70,927.70,900.00,926.95,927.70,314,283533.00,22
BSE,GAMCO,INE890S01026,X,49.50,49.50,47.55,48.21,48.50,69795,3378341.00,97
BSE,GANDHAR,INE717W01049,B,242.60,242.60,235.05,235.90,243.25,44699,10666353.00,699
BSE,GANDHITUBE,INE524B01027,B,943.90,968.00,925.00,956.55,926.80,2647,2514885.00,308
BSE,GANECOS,INE845D01014,B,1058.80,1073.50,1042.90,1068.85,1048.30,4773,5028755.00,219
BSE,GANESHBE,INE388A01029,T,116.95,116.95,111.75,111.90,117.60,16072,1817279.00,159
BSE,GANESHCP,INE652V01016,B,160.80,162.80,160.50,161.55,161.45,2853,460123.00,75
BSE,GANESHHOU,INE460C01014,B,807.60,807.60,754.15,766.45,761.10,946,719033.00,70
BSE,GANGAPA,INE278O01015,XT,94.00,94.00,94.00,94.00,98.20,330,31020.00,4
BSE,GANGESSECU,INE335W01016,B,120.30,120.30,120.30,120.30,120.90,1,120.00,1
BSE,GANHOLD,INE932M01011,XT,113.95,114.90,113.95,114.90,109.45,451,51714.00,8
BSE,GANONPRO,INE162L01017,X,8.03,8.03,7.66,7.94,7.65,98330,779280.00,59
BSE,GANVERSE,INE369Q01017,MT,24.70,24.99,24.70,24.98,25.99,45000,1112575.00,18
BSE,GARBIFIN,INE721C01019,X,9.34,9.34,8.05,8.62,9.34,14338,120962.00,60
BSE,GARFIBRES,INE276A01018,A,785.05,785.05,765.30,768.65,784.75,1388,1074982.00,143
BSE,GARGFUR,INE194E01015,X,141.00,141.00,136.00,139.80,139.75,3488,486831.00,31
BSE,GARGI,INE0NT601018,M,590.50,592.00,580.00,585.15,589.30,10125,5939075.00,58
BSE,GARMNTMNTR,INE653S01028,X,1.12,1.15,1.10,1.14,1.12,1430459,1584619.00,227
BSE,GARNET,INE797D01017,X,65.70,69.75,65.00,65.07,65.85,4247,278039.00,50
BSE,GARNETINT,INE590B01010,X,60.98,61.00,60.00,60.99,60.71,368,22345.00,20
BSE,GARUDA,INE0JVO01026,B,190.70,193.35,182.65,183.60,191.05,86795,16249505.00,878
BSE,GARWAMAR,INE925D01014,X,20.80,21.20,19.99,20.61,21.10,10175,208521.00,134
BSE,GARWAOFFS,INE446C01013,X,49.24,50.50,46.50,48.50,48.91,33109,1603145.00,168
BSE,GARWSYN,INE340D01016,X,18.25,18.30,16.65,18.30,17.43,846,15303.00,16
BSE,GATECH,INE224E01028,T,0.72,0.74,0.72,0.73,0.71,3316389,2418882.00,572
BSE,GATECHDVR,INE224E01036,T,0.50,0.53,0.50,0.50,0.52,71509,36870.00,54
BSE,GATEWAY,INE079J01017,B,56.88,56.88,54.80,54.91,56.28,134427,7412321.00,566
BSE,GAUDIUMIVF,INE0P8B01020,T,123.35,123.35,123.35,123.35,125.85,12492,1540888.00,132
BSE,GAYAHWS,INE287Z01012,B,2.25,2.25,1.95,1.96,1.96,41048,82891.00,59
BSE,GAYAPROJ,INE336H01023,T,19.49,19.50,18.80,19.20,19.29,40747,778273.00,131
BSE,GAYATRI,INE622E01023,X,8.43,8.43,8.01,8.21,8.43,146259,1200278.00,161
BSE,GAYATRIBI,INE052E01015,X,7.49,8.20,7.22,7.43,7.64,10954,88229.00,35
BSE,GBFL,INE997C01015,X,10.00,10.39,9.06,9.53,10.17,13406,128034.00,97
BSE,GBLINFRA,INE377M01043,XT,64.78,64.79,64.78,64.79,63.52,1176,76192.00,9
BSE,GBLOGISTIC,INE0RWU01016,M,24.30,25.00,23.65,25.00,24.10,14400,348072.00,12
BSE,GCMCOMM,INE200P01016,M,4.05,4.05,4.05,4.05,4.40,6000,24300.00,1
BSE,GCMSECU,INE168O01026,B,0.70,0.71,0.68,0.70,0.70,42342,29453.00,73
BSE,GCSL,INE199P01028,B,468.20,505.40,452.95,502.75,468.20,8782,4183138.00,302
BSE,GDLLEAS,INE545E01018,XT,66.62,66.70,66.50,66.70,66.95,83,5534.00,7
BSE,GEE,INE064H01021,XT,137.80,137.80,131.30,137.80,131.25,309012,42483072.00,1021
BSE,GEECEE,INE916G01016,T,376.00,392.00,375.30,392.00,389.70,185,69660.00,6
BSE,GEL,INE721X01023,M,25.18,25.50,25.18,25.50,26.50,9000,228540.00,3
BSE,GEMAROMA,INE06XZ01023,B,181.05,181.05,170.00,170.55,181.25,4436,782950.00,132
BSE,GEMENVIRO,INE0RUJ01013,M,35.50,35.53,35.50,35.53,35.50,1600,56824.00,2
BSE,GEMSI,INE503D01027,X,1.59,1.59,1.50,1.51,1.53,35964,54309.00,99
BSE,GEMSPIN,INE165F01020,P,5.00,5.00,4.75,4.75,5.00,500,2425.00,4
BSE,GENCON,INE854S01022,B,39.64,39.64,39.38,39.64,39.63,36,1424.00,8
BSE,GENESYS,INE727B01026,B,208.20,213.90,207.10,207.80,214.90,16342,3415795.00,399
BSE,GENNEX,INE509C01026,X,9.00,9.10,8.95,9.00,8.89,287569,2595011.00,427
BSE,GENPHARMA,INE861N01036,X,1.03,1.05,1.00,1.02,1.04,419576,425830.00,290
BSE,GENSOL,INE06H201014,Z,16.66,17.29,16.66,16.76,17.04,23717,399541.00,324
BSE,GENUSPAPER,INE949P01018,B,12.26,12.26,11.76,11.79,12.26,11101,132399.00,61
BSE,GENUSPOWER,INE955D01029,A,308.35,312.50,301.30,305.80,305.10,57840,17713576.00,1107
BSE,GENUSPRIME,INE256D01014,X,36.50,36.60,36.23,36.23,38.13,10725,389550.00,67
BSE,GEOJITFSL,INE007B01023,B,76.95,77.99,75.64,77.54,76.76,17354,1337445.00,480
BSE,GESHIP,INE017A01032,A,1290.35,1297.50,1277.20,1281.25,1293.00,55754,71639420.00,3944
BSE,GFLLIMITED,INE538A01037,B,48.90,49.00,46.89,47.26,47.53,4910,235988.00,92
BSE,GGAUTO,INE493B01017,X,153.95,159.00,147.00,152.15,153.90,11533,1752462.00,152
BSE,GGDPROP,INE631D01026,X,70.10,70.11,70.10,70.11,73.00,504,35330.00,2
BSE,GGL,INE063Z01017,X,3.05,3.09,2.95,3.05,3.04,3492,10649.00,48
BSE,GGPL,INE480S01026,Z,1.50,1.50,1.36,1.36,1.43,190977,261797.00,129
BSE,GHCL,INE539A01019,A,432.25,432.95,429.80,431.30,432.25,4086,1763384.00,282
BSE,GHCLTEXTIL,INE0PA801013,B,118.80,119.05,115.55,116.05,119.30,27629,3236280.00,229
BSE,GHVINFRA,INE809Q01020,XT,265.00,269.80,254.10,265.75,267.45,35077,8970757.00,297
BSE,GIANLIFE,INE063601012,Z,4.92,5.00,4.90,4.97,4.92,7864,38746.00,59
BSE,GICHSGFIN,INE289B01019,B,151.00,151.05,149.00,149.15,150.95,3342,501255.00,79
BSE,GICRE,INE481Y01014,A,354.65,359.00,353.00,355.50,355.75,22720,8076921.00,845
BSE,GILADAFINS,INE918C01029,X,13.25,13.25,12.30,12.80,13.49,21868,276857.00,83
BSE,GILLANDERS,INE047B01011,B,89.18,89.74,89.18,89.74,93.35,75,6716.00,2
BSE,GILLETTE,INE322A01010,A,7642.55,7642.55,7580.65,7587.30,7619.35,1209,9192778.00,290
BSE,GINISILK,INE548B01018,X,61.75,61.75,55.01,55.11,58.98,200,11287.00,12
BSE,GINNIFILA,INE424C01010,T,45.79,45.79,43.52,44.00,45.79,97023,4227388.00,72
BSE,GIPCL,INE162A01010,B,172.50,181.30,170.80,174.10,164.90,379370,67350952.00,4190
BSE,GITARENEW,INE776O01018,X,74.50,74.50,72.90,73.90,74.50,969,71806.00,12
BSE,GKB,INE265D01015,X,62.00,64.59,59.80,61.43,59.99,3772,233232.00,28
BSE,GKCONS,INE131D01019,X,10.35,11.84,10.35,11.20,10.44,1443,16466.00,13
BSE,GKENERGY,INE1AG301022,B,131.75,131.75,127.00,128.15,131.05,101063,13021835.00,688
BSE,GKL,INE986W01016,X,29.40,29.40,26.83,27.77,28.02,6820,191035.00,52
BSE,GKP,INE05QJ01015,B,6.00,6.09,6.00,6.06,6.00,2494,15044.00,20
BSE,GKSL,INE0V0W01025,B,135.00,135.70,132.70,133.50,133.75,15958,2129769.00,217
BSE,GLAND,INE068V01023,A,2939.45,2948.15,2858.75,2894.65,2924.25,37474,108639054.00,3270
BSE,GLAXO,INE159A01016,A,2601.00,2625.10,2581.00,2619.65,2596.95,813,2116766.00,202
BSE,GLCL,INE804Q01013,X,19.38,19.89,18.70,18.84,19.26,9581,183709.00,107
BSE,GLEN,INE0UMC01019,M,114.99,115.00,113.00,113.51,114.05,18000,2056452.00,15
BSE,GLENMARK,INE935A01035,A,2265.25,2309.70,2265.25,2272.15,2290.00,25225,57869792.00,2626
BSE,GLFL,INE540A01017,B,5.98,5.98,5.71,5.88,5.97,2291,13101.00,7
BSE,GLHRL,INE0J2K01014,M,12.03,12.46,11.64,12.06,12.25,575000,6881980.00,102
BSE,GLITTEKG,INE741B01027,XT,70.43,70.43,70.43,70.43,71.86,17789,1252879.00,64
BSE,GLOBALCA,INE062C01042,X,0.48,0.48,0.47,0.48,0.47,143716,68078.00,112
BSE,GLOBALE,INE0URU01010,B,10.80,10.80,10.10,10.10,10.34,5263,53539.00,46
BSE,GLOBALLOG,INE1ITY01011,M,111.00,111.00,110.70,110.70,116.50,6400,708960.00,4
BSE,GLOBALVECT,INE792H01019,B,162.55,162.55,154.20,158.25,162.55,1711,269281.00,42
BSE,GLOBECIVIL,INE0V3U01015,B,44.28,45.14,42.00,43.45,44.50,7761,339758.00,78
BSE,GLOBTIER,INE12P601017,MT,15.73,17.00,15.73,17.00,16.55,3200,52368.00,2
BSE,GLOBUSCON,INE064L01015,X,12.72,12.84,12.26,12.73,12.60,4010,49854.00,32
BSE,GLOBUSSPR,INE615I01010,B,870.25,880.00,862.20,872.90,870.20,4164,3619964.00,289
BSE,GLOSTERLTD,INE350Z01018,B,659.00,659.00,641.75,642.00,653.60,188,121050.00,48
BSE,GLOTTIS,INE0TQE01026,T,66.82,67.21,64.17,65.44,67.33,5862,384977.00,85
BSE,GLPL,INE1CLW01015,M,40.50,40.90,40.50,40.90,40.50,12000,488370.00,4
BSE,GMBREW,INE075D01018,B,900.30,902.70,889.50,896.40,898.15,1231,1100638.00,153
BSE,GMDCLTD,INE131A01031,A,603.00,617.00,601.00,603.15,602.70,176865,107627648.00,3550
BSE,GMMPFAUDLR,INE541A01023,A,1012.95,1012.95,988.05,996.75,1004.05,6320,6298302.00,481
BSE,GMRAIRPORT,INE776C01039,A,104.95,106.25,102.20,104.20,105.70,369591,38266813.00,4544
BSE,GMRP&UI,INE0CU601026,A,95.22,97.40,94.89,96.71,96.02,102039,9785701.00,617
BSE,GNA,INE934S01014,B,542.70,556.00,536.95,554.45,537.40,35561,19487186.00,723
BSE,GNFC,INE113A01013,A,552.00,556.15,548.65,550.85,548.35,25069,13837467.00,674
BSE,GNRL,INE207H01018,B,111.00,116.10,111.00,114.30,109.95,70756,8082434.00,1800
BSE,GOACARBON,INE426D01013,B,375.00,375.00,368.75,369.25,372.35,2102,778077.00,244
BSE,GOCLCORP,INE077F01035,B,429.90,443.90,425.55,432.40,427.90,8589,3734532.00,302
BSE,GOCOLORS,INE0BJS01011,B,326.85,326.85,321.00,323.60,322.05,5080,1641257.00,100
BSE,GODAVARI,INE362C01012,XT,100.05,103.50,98.15,102.00,102.50,3979,398119.00,37
BSE,GODAVARIB,INE497S01012,B,271.35,271.55,260.00,261.30,273.60,45133,11849726.00,818
BSE,GODFRYPHLP,INE260B01028,A,2212.70,2229.85,2150.10,2194.80,2220.30,12932,28489450.00,1178
BSE,GODIGIT,INE03JT01014,A,264.40,264.45,260.35,263.40,265.20,16608,4357994.00,498
BSE,GODREJAGRO,INE850D01014,A,548.90,554.95,546.30,551.95,546.15,11949,6576817.00,1641
BSE,GODREJCP,INE102D01028,A,916.20,951.40,908.00,910.60,1018.00,1715446,1583867429.00,45741
BSE,GODREJIND,INE233A01035,A,1299.95,1300.70,1221.95,1235.75,1287.25,8568,10777596.00,915
BSE,GODREJPROP,INE484J01027,A,2035.00,2037.90,1984.00,2007.20,2044.50,30657,61561999.00,3194
BSE,GOELCONS,INE0ZOM01013,MT,480.00,480.00,473.00,473.00,480.00,800,381200.00,2
BSE,GOKAKTEX,INE642I01014,X,61.00,61.00,60.97,60.97,59.50,585,35684.00,13
BSE,GOKEX,INE887G01027,A,783.90,789.25,741.10,762.30,788.85,30222,23010386.00,1325
BSE,GOKUL,INE020J01029,B,40.00,40.35,39.33,39.64,40.00,18579,736888.00,88
BSE,GOKULAGRO,INE314T01033,B,226.15,239.85,225.90,236.35,226.00,45862,10614843.00,517
BSE,GOLCA,INE595D01015,X,11.73,11.73,11.50,11.50,11.50,318,3666.00,4
BSE,GOLDCOINHF,INE634J01027,X,28.30,31.60,28.30,31.60,30.95,3141,97003.00,10
BSE,GOLDENTOBC,INE973A01010,Z,24.30,25.01,24.30,25.01,24.26,8,199.00,7
BSE,GOLDIAM,INE025B01025,A,387.95,387.95,369.25,372.75,384.00,42939,16104187.00,1074
BSE,GOLDLEG,INE088E01019,X,8.48,8.48,7.51,8.12,7.95,8983,71384.00,43
BSE,GOLDTECH,INE805A01014,T,52.01,54.79,52.01,52.79,53.52,2403,127119.00,37
BSE,GOLKUNDIA,INE798D01015,X,300.05,300.05,293.00,294.15,294.15,8895,2639850.00,155
BSE,GOODLUCK,INE127I01024,B,1330.20,1349.00,1300.95,1306.00,1331.35,152772,204670290.00,1483
BSE,GOODRICKE,INE300A01016,X,227.60,227.60,204.25,212.20,189.70,117565,25220574.00,903
BSE,GOODYEAR,INE533A01012,B,787.80,817.55,775.00,810.95,781.70,2074,1652007.00,250
BSE,GOPAL,INE0L9R01028,B,279.85,281.05,272.00,273.65,273.00,14508,3999706.00,550
BSE,GORANIN,INE792J01015,X,50.50,54.98,49.00,49.82,50.97,446,22692.00,9
BSE,GOURMET,INE512D01028,XT,13.24,13.50,13.24,13.24,13.51,4468,59159.00,10
BSE,GOWRALE,INE225G01012,XT,95.60,96.00,92.60,94.02,95.60,1100,103746.00,18
BSE,GOYALALUM,INE705X01026,B,6.50,6.54,6.31,6.36,6.35,3162,20349.00,57
BSE,GOYALASS,INE912B01032,X,1.01,1.06,0.97,1.06,1.07,105425,107622.00,50
BSE,GPIL,INE177H01039,A,234.00,234.60,228.40,229.15,232.10,51263,11811769.00,1252
BSE,GPPL,INE517F01014,A,148.10,150.85,147.85,149.75,148.25,50058,7455225.00,971
BSE,GPSL,INE0QZF01012,M,79.00,82.74,75.02,75.02,78.80,6000,473418.00,9
BSE,GPTHEALTH,INE486R01017,B,160.55,160.55,156.00,157.05,160.80,6297,992731.00,224
BSE,GPTINFRA,INE390G01014,B,116.55,120.00,114.95,118.15,116.55,6520,766341.00,232
BSE,GRAMEVA,INE578R01011,XT,89.80,89.80,82.00,87.80,85.55,692,62027.00,11
BSE,GRANDMA,INE927M01029,X,0.38,0.40,0.38,0.38,0.39,233239,88631.00,27
BSE,GRANDOAK,INE926B01016,B,41.65,41.65,41.22,41.22,43.38,138,5701.00,5
BSE,GRANULES,INE101D01020,A,862.55,867.00,854.40,865.10,860.50,8965,7715314.00,319
BSE,GRAPHITE,INE371A01025,A,729.05,741.90,723.15,725.75,731.25,55240,40507003.00,2134
BSE,GRASIM,INE047A01021,A,3329.45,3392.00,3270.00,3304.00,3310.00,388642,1298137871.00,12543
BSE,GRAUWEIL,INE266D01021,B,68.62,68.62,66.44,67.05,67.53,39287,2635080.00,794
BSE,GRAVITA,INE024L01027,A,1783.30,1838.00,1756.50,1814.10,1784.55,29059,52210148.00,2231
BSE,GRAVITY,INE995A01013,XT,12.81,12.81,12.81,12.81,12.20,9251,118505.00,33
BSE,GREAVESCOT,INE224A01026,A,200.00,200.00,191.70,193.75,197.70,66208,12853701.00,774
BSE,GREENCREST,INE414C01045,X,0.61,0.62,0.55,0.61,0.58,257714,155066.00,214
BSE,GREENLAM,INE544R01021,B,244.00,253.10,243.00,249.45,242.45,21857,5425202.00,524
BSE,GREENPANEL,INE08ZM01014,B,182.50,186.05,175.85,176.90,183.60,29948,5349559.00,851
BSE,GREENPLY,INE461C01038,B,278.40,280.95,275.50,276.70,278.05,2985,829170.00,178
BSE,GREENPOWER,INE999K01014,B,9.73,9.80,9.52,9.56,9.73,352930,3385970.00,697
BSE,GRERENEW,INE0U8P01015,MT,172.80,172.80,170.20,170.20,176.50,13200,2255640.00,9
BSE,GRINDWELL,INE536A01023,A,2084.30,2125.00,2084.30,2108.00,2084.30,2329,4919386.00,312
BSE,GRINFRA,INE201P01022,B,876.60,887.05,874.40,881.35,878.25,2341,2063468.00,191
BSE,GRMOVER,INE192H01020,B,95.00,96.49,90.20,91.22,94.16,326260,29919059.00,1410
BSE,GROARC,INE042B01012,X,5.61,6.28,5.52,5.68,5.61,10957,64334.00,22
BSE,GROVY,INE343C01012,X,55.26,56.98,53.06,54.25,57.74,3245,174266.00,42
BSE,GROWINGTON,INE451S01027,B,0.85,0.87,0.80,0.84,0.84,5800226,4854576.00,692
BSE,GROWW,INE0HOQ01053,B,193.55,197.95,192.50,197.25,193.50,4388913,858895707.00,12717
BSE,GRPLTD,INE137I01015,B,1900.05,2000.00,1900.05,1963.05,1928.65,43,83724.00,17
BSE,GRSE,INE382Z01011,A,2576.20,2584.90,2546.30,2575.65,2575.85,43198,110778807.00,3407
BSE,GRWRHITECH,INE291A01017,A,7074.95,7200.00,7000.00,7137.10,7015.55,1289,9177928.00,307
BSE,GSAUTO,INE736H01024,X,15.91,16.51,15.80,15.91,15.91,23854,387354.00,143
BSE,GSBFIN,INE777C01011,XT,41.60,43.20,41.60,43.15,41.17,1271,54627.00,20
BSE,GSFC,INE026A01025,A,161.55,163.65,160.05,160.70,161.55,49476,8006348.00,958
BSE,GSLSEC,INE721D01017,X,39.50,39.50,39.50,39.50,39.50,50,1975.00,1
BSE,GSLSU,INE0JSX01015,B,28.30,29.71,28.12,29.71,28.30,18192,528889.00,107
BSE,GSLTD,INE403B01016,X,17.51,19.11,17.41,19.11,18.20,25759,464263.00,54
BSE,GSPCROP,INE713R01022,B,592.75,595.10,583.60,588.35,592.75,15568,9157308.00,277
BSE,GSS,INE871H01011,B,13.66,13.66,13.30,13.30,13.77,3053,40694.00,34
BSE,GSTL,INE632W01016,XT,31.47,31.54,29.41,31.28,30.04,79834,2488958.00,227
BSE,GTIL,INE1H1501013,M,78.00,80.00,76.00,76.81,77.21,32000,2492320.00,20
BSE,GTL,INE043A01012,B,7.70,7.91,7.58,7.60,7.66,40836,316384.00,150
BSE,GTLINFRA,INE221H01019,B,1.23,1.25,1.22,1.23,1.25,3718731,4581571.00,14278
BSE,GTNINDS,INE537A01013,X,24.50,25.40,24.50,24.95,24.49,163,4067.00,4
BSE,GTNTEX,INE302H01017,X,8.35,8.58,7.99,8.55,8.37,2145,17558.00,17
BSE,GTPL,INE869I01013,B,53.01,55.10,53.01,54.24,52.75,7935,428838.00,221
BSE,GTTDATA,INE959B01017,X,44.78,44.99,44.30,44.57,44.78,6979,312160.00,50
BSE,GTV,INE910R01024,X,70.90,71.00,68.00,69.00,69.57,34082,2374761.00,225
BSE,GUFICBIO,INE742B01025,B,436.65,439.55,422.15,423.80,430.70,7738,3318192.00,293
BSE,GUJALKALI,INE186A01019,B,677.20,677.20,667.05,672.00,676.90,2021,1359332.00,141
BSE,GUJAPOLLO,INE826C01016,B,345.25,346.25,345.00,345.50,351.20,400,138133.00,12
BSE,GUJARATPOLY,INE541F01022,XT,69.80,69.80,65.55,67.48,68.95,1668,110873.00,52
BSE,GUJCONT,INE276I01011,P,162.70,162.70,162.70,162.70,167.00,100,16270.00,1
BSE,GUJCOTEX,INE004C01028,X,3.11,3.11,3.10,3.11,2.97,1674749,5207502.00,496
BSE,GUJCRAFT,INE372D01019,X,93.00,94.75,91.00,94.59,92.73,289,26938.00,11
BSE,GUJCRED,INE034B01019,X,22.42,22.42,22.42,22.42,22.42,20,448.00,3
BSE,GUJENERGY,INE844O01030,A,300.00,300.00,272.30,274.55,274.40,513133,144269307.00,10215
BSE,GUJHOTE,INE621C01011,X,184.60,186.00,183.00,183.15,184.55,2691,494106.00,23
BSE,GUJINJEC,INE659F01022,X,11.56,11.57,11.50,11.57,11.02,791316,9153674.00,1799
BSE,GUJINTRX,INE877E01015,X,426.50,428.00,410.00,426.85,425.80,3193,1342902.00,113
BSE,GUJINV,INE373D01017,X,17.50,18.73,17.10,18.49,17.99,383,6661.00,17
BSE,GUJJUBHAI,INE311N01016,X,143.80,143.80,131.10,134.35,136.75,55989,7617200.00,204
BSE,GUJPETR,INE636P01011,X,54.57,55.77,51.50,52.87,55.77,8016,430408.00,95
BSE,GUJRAFFIA,INE610B01024,B,41.10,42.99,40.26,41.78,39.13,3232,135366.00,73
BSE,GUJSTATFIN,INE944A01011,B,10.11,10.45,10.10,10.28,10.27,9743,100219.00,66
BSE,GUJTERC,INE499G01013,X,35.50,39.99,35.50,39.03,37.10,1290,50872.00,39
BSE,GUJTHEM,INE942C01045,B,362.35,362.90,352.00,352.85,360.55,3022,1078713.00,244
BSE,GUJTLRM,INE145J01032,B,0.49,0.50,0.46,0.47,0.49,5390935,2551693.00,1144
BSE,GUJWIND,INE173V01013,X,6.94,7.30,6.94,7.25,7.30,27928,200320.00,12
BSE,GULFLLOYDS,INE1WDC01012,M,43.68,43.68,43.68,43.68,48.53,48000,2096640.00,27
BSE,GULFOILLUB,INE635Q01029,B,1185.00,1185.00,1171.60,1181.30,1190.45,1786,2102957.00,306
BSE,GULFPETRO,INE586G01017,T,64.39,64.39,62.00,62.06,61.93,9424,592980.00,108
BSE,GULPOLY,INE255D01024,B,196.90,201.70,188.45,190.00,198.30,19410,3746863.00,640
BSE,GVBL,INE574D01010,X,30.50,30.50,30.50,30.50,30.00,1591,48525.00,7
BSE,GVELECTRIC,INE1ZGR01024,MT,158.00,165.90,154.00,165.90,0.00,1750000,280058750.00,1085
BSE,GVFILM,INE395B01048,X,0.38,0.38,0.36,0.36,0.37,9602186,3523017.00,450
BSE,GVKPIL,INE251H01024,T,2.31,2.37,2.31,2.36,2.34,126513,298262.00,209
BSE,GVPIL,INE878A01011,B,769.80,797.05,769.80,795.05,759.10,21271,16837943.00,1569
BSE,GVT&D,INE200A01026,A,4425.55,4548.75,4380.00,4380.00,4425.00,60122,268757264.00,6363
BSE,GYANDEV,INE487G01018,XT,52.70,52.70,52.70,52.70,53.70,50,2635.00,1
BSE,GYFTR,INE724A01017,B,159.85,162.30,157.45,158.45,162.25,5089,811776.00,287
BSE,HAL,INE066F01020,A,4900.05,5054.40,4801.50,4960.00,4900.00,207013,1025193830.00,22396
BSE,HALDER,INE115S01010,B,247.00,283.65,247.00,273.55,261.10,5056,1419383.00,86
BSE,HALDYNGL,INE506D01020,T,131.55,131.55,124.40,125.55,130.90,15886,2011332.00,118
BSE,HALEOSLABS,INE320X01016,B,1550.00,1550.00,1490.30,1490.30,1417.85,2,3040.00,2
BSE,HAMPTON,INE299D01022,X,8.57,8.57,7.90,8.03,8.12,27167,217805.00,131
BSE,HANNAH,INE0JVH01012,MT,107.10,107.95,107.10,107.95,102.85,12000,1291800.00,6
BSE,HANSUGAR,INE101H01013,XT,3.57,3.57,3.30,3.41,3.40,18262,64408.00,40
BSE,HAPPSTMNDS,INE419U01012,A,392.05,394.45,384.65,389.60,394.45,64404,25057922.00,1682
BSE,HAPPYFORGE,INE330T01021,B,1968.90,2040.00,1929.50,2024.00,1909.05,19894,39861444.00,1898
BSE,HARCR,INE905C01034,XT,15.48,15.48,15.48,15.48,14.75,3168,49040.00,14
BSE,HARDCAS,INE722D01015,X,850.00,868.95,840.00,861.00,847.60,275,234733.00,38
BSE,HARDWYN,INE626Z01029,B,11.25,11.92,11.05,11.57,11.18,585540,6730916.00,617
BSE,HARIAAPL,INE493N01012,X,5.31,5.31,5.14,5.14,5.31,17464,90622.00,13
BSE,HARIAEXPO,INE772B01014,X,7.21,7.21,7.21,7.21,7.58,142,1023.00,5
BSE,HARIKANTA,INE1UYW01010,M,66.35,66.35,66.35,66.35,69.85,1200,79620.00,1
BSE,HARIOMPIPE,INE00EV01017,B,392.65,400.35,387.00,394.50,392.00,5218,2039748.00,204
BSE,HARISH,INE01K301012,X,73.96,73.96,67.65,70.50,71.92,429,30107.00,18
BSE,HARLETH,INE681F01018,X,62.50,62.50,56.12,60.12,61.59,1374,83071.00,34
BSE,HARRMALAYA,INE544A01019,B,225.00,225.00,217.90,217.90,220.10,406,89803.00,24
BSE,HARSHA,INE0JUS01029,B,404.00,408.45,395.15,400.20,411.55,26438,10609822.00,712
BSE,HARSHDEEP,INE0OLZ01015,M,80.15,83.80,80.15,83.80,80.91,6000,489855.00,4
BSE,HARSHILAGR,INE098E01026,XT,0.27,0.28,0.26,0.28,0.27,2814531,769817.00,514
BSE,HARYNACAP,INE928H01019,X,141.00,146.95,137.50,146.90,138.05,263,36737.00,17
BSE,HASTIFIN,INE671D01014,X,5.75,5.75,5.75,5.75,5.48,166,954.00,1
BSE,HATHWAY,INE982F01036,B,10.69,10.80,10.62,10.65,10.76,92000,982740.00,303
BSE,HATHWAYB,INE525B01016,X,11.35,11.97,11.35,11.91,11.31,1440,17193.00,14
BSE,HATSUN,INE473B01035,A,953.15,956.65,940.10,949.55,940.60,511,485261.00,68
BSE,HAVELLS,INE176B01034,A,1270.35,1276.75,1258.00,1260.50,1269.95,7431,9415553.00,698
BSE,HAVISHA,INE293B01029,B,1.30,1.40,1.30,1.39,1.39,21860,30050.00,59
BSE,HAWAENG,INE230I01018,X,78.00,83.00,78.00,82.90,78.43,52,4214.00,5
BSE,HAWKINCOOK,INE979B01015,B,8294.85,8294.85,8072.00,8191.35,8201.55,276,2245489.00,108
BSE,HAZOOR,INE550F01049,B,21.70,21.79,21.30,21.63,21.37,98635,2127827.00,489
BSE,HBESD,INE640B01021,B,74.75,74.75,74.75,74.75,75.40,100,7475.00,1
BSE,HBGHOTELS,INE977M01024,X,86.64,86.64,83.34,83.69,85.79,1423,119519.00,35
BSE,HBLEAS,INE549B01016,X,9.66,10.40,9.66,10.05,10.03,1254,12610.00,29
BSE,HBLENGINE,INE292B01021,A,694.45,702.30,688.90,690.95,695.65,106927,74391860.00,3510
BSE,HBPOR,INE638B01025,X,58.30,60.00,58.00,58.43,58.33,8165,481367.00,67
BSE,HBSL,INE550B01022,B,58.00,58.00,57.99,57.99,58.88,813,47150.00,12
BSE,HCC,INE549A01026,A,20.20,20.23,19.71,20.02,20.03,1328404,26485530.00,1684
BSE,HCG,INE075I01017,A,736.80,738.40,723.95,735.85,740.60,18361,13428165.00,1205
BSE,HCKKVENTURE,INE345Q01017,XT,34.80,34.80,34.80,34.80,35.60,75,2610.00,1
BSE,HCL-INSYS,INE236A01020,B,11.30,11.90,11.30,11.72,11.45,53683,624111.00,444
BSE,HCLTECH,INE860A01027,A,1365.80,1372.50,1340.60,1359.80,1360.90,50099,68002604.00,3231
BSE,HDBFS,INE756I01012,A,684.90,699.00,684.75,688.75,692.75,10880,7509734.00,771
BSE,HDFCAMC,INE127D01025,A,2515.45,2519.95,2482.30,2499.00,2525.75,28548,71221884.00,2847
BSE,HDFCBANK,INE040A01034,A,730.80,730.80,722.00,729.00,729.00,1861168,1348808258.00,58546
BSE,HDFCLIFE,INE795G01014,A,537.15,537.70,531.30,536.00,538.00,102495,54757041.00,3572
BSE,HDIL,INE191I01012,Z,1.57,1.57,1.50,1.51,1.56,49922,76372.00,92
BSE,HEADSUP,INE759V01019,B,7.39,7.39,7.32,7.32,7.60,16,117.00,3
BSE,HEALTHX,INE019J01013,B,300.90,306.45,289.30,291.30,300.65,176,52398.00,27
BSE,HEALTHYLIFE,INE0L3501015,MT,5.32,5.40,5.06,5.10,5.32,194000,1000040.00,63
BSE,HEERAISP,INE025D01013,X,6.00,6.00,6.00,6.00,6.03,224,1344.00,1
BSE,HEG,INE545A01024,A,678.25,685.95,670.55,673.95,678.20,32386,21999802.00,892
BSE,HEIDELBERG,INE578A01017,B,153.15,155.60,152.70,154.95,154.60,3262,503911.00,285
BSE,HEMANG,INE930A01010,X,13.89,13.89,13.50,13.84,13.67,849,11725.00,9
BSE,HEMIPROP,INE0AJG01018,B,136.05,136.80,133.90,134.20,137.00,53403,7214900.00,360
BSE,HERANBA,INE694N01015,B,174.40,175.20,171.00,172.70,173.70,1549,266865.00,87
BSE,HERCULES,INE688E01024,X,124.65,125.45,120.25,123.00,124.65,11652,1436095.00,134
BSE,HERITGFOOD,INE978A01027,B,361.85,362.95,354.75,358.20,361.85,8935,3204978.00,616
BSE,HEROMOTOCO,INE158A01026,A,5883.25,5915.00,5828.00,5828.00,5825.00,13479,79439273.00,2889
BSE,HESTERBIO,INE782E01017,B,2521.25,2521.30,2448.35,2452.85,2482.80,85,209942.00,25
BSE,HEXAGON,INE0JUI01012,T,63.00,66.50,63.00,65.49,65.66,56152,3643514.00,355
BSE,HEXATRADEX,INE750M01017,B,158.00,161.00,157.05,157.10,158.00,129,20391.00,8
BSE,HEXT,INE093A01041,A,570.85,579.00,552.50,570.85,564.80,17123,9635721.00,781
BSE,HFCL,INE548A01028,A,215.20,223.60,215.00,221.50,214.15,1237027,271748315.00,9867
BSE,HFIL,INE552B01010,X,8.66,8.85,8.25,8.37,8.66,139812,1180675.00,220
BSE,HGINFRA,INE926X01010,B,551.00,575.00,549.00,552.05,548.15,22074,12440559.00,922
BSE,HGM,INE596H01014,B,48.30,48.30,47.30,48.12,50.53,456,21617.00,4
BSE,HGS,INE170I01016,B,413.05,413.05,406.00,407.70,412.10,1476,601954.00,191
BSE,HIGHENE,INE783E01023,X,575.00,586.85,567.00,573.70,572.60,4962,2853870.00,173
BSE,HIGHNESS,INE1KI801019,MT,190.00,196.00,188.00,194.95,191.00,22800,4359120.00,17
BSE,HIKAL,INE475B01022,B,218.20,218.20,212.00,212.45,217.90,8602,1839581.00,207
BSE,HIKLASS,INE302R01024,XT,87.50,87.50,87.00,87.00,87.54,12250,1065875.00,19
BSE,HILIKS,INE966Q01010,XT,72.89,72.89,69.25,69.45,72.89,3138,218914.00,30
BSE,HILINFRA,INE00RL01028,B,44.15,45.72,44.15,45.22,46.30,8672,389899.00,169
BSE,HILLTONE,INE168C01013,X,40.25,43.99,40.10,40.98,41.50,125271,5190371.00,68
BSE,HILTON,INE788H01017,T,20.49,20.65,19.70,19.80,20.62,44110,880630.00,142
BSE,HIMATSEIDE,INE049A01027,B,76.86,77.88,76.07,76.25,76.47,28455,2194049.00,312
BSE,HIMTEK,INE705G01021,XT,285.00,285.00,268.00,271.45,275.55,47902,13102260.00,212
BSE,HINDADH,INE074C01013,X,275.70,282.70,271.00,273.75,275.70,1532,422895.00,75
BSE,HINDALCO,INE038A01020,A,1059.00,1088.25,1058.40,1075.00,1052.00,1032576,1116720658.00,14507
BSE,HINDALUMI,INE227B01019,X,96.20,99.99,96.20,99.88,98.89,7454,738705.00,129
BSE,HINDAPL,INE02XD01011,X,107.01,107.01,106.48,106.48,112.04,355,37853.00,4
BSE,HINDBIO,INE597C01021,X,7.03,7.03,6.46,6.87,6.86,3151,21102.00,30
BSE,HINDCOMPOS,INE310C01029,B,418.20,422.05,415.85,422.05,414.25,309,128814.00,9
BSE,HINDCOPPER,INE531E01026,A,532.65,569.85,530.00,547.75,533.10,2071057,1148962055.00,26589
BSE,HINDHARD,INE724D01011,X,745.00,758.95,735.60,757.15,750.55,173,129442.00,25
BSE,HINDMILL,INE832D01020,X,158.95,158.95,155.00,155.00,159.90,83,12872.00,4
BSE,HINDMOTORS,INE253A01025,XT,15.19,15.25,14.89,15.07,15.00,116174,1746353.00,734
BSE,HINDOILEXP,INE345A01011,B,167.95,167.95,161.85,162.30,164.70,31541,5154071.00,321
BSE,HINDPETRO,INE094A01015,A,392.75,393.40,386.00,390.35,391.30,807892,314513596.00,8554
BSE,HINDTIN,INE428D01019,X,105.10,107.40,104.50,106.30,104.35,11940,1266377.00,92
BSE,HINDUNILVR,INE030A01027,A,2069.80,2072.00,2050.50,2057.80,2070.00,94913,195095608.00,8052
BSE,HINDUST,INE092301014,X,38.96,38.96,36.99,37.00,38.96,5936,220774.00,16
BSE,HINDWAREAP,INE05AN01011,B,209.95,210.10,188.10,205.50,210.50,34000,6871099.00,854
BSE,HINDZINC,INE267A01025,A,588.25,597.80,576.60,584.80,586.00,355171,209328455.00,6397
BSE,HIPOLIN,INE963A01011,XT,107.55,107.55,107.55,107.55,109.70,465,50010.00,3
BSE,HIRECT,INE835D01023,B,1200.35,1270.10,1198.60,1241.85,1224.60,12755,15728252.00,857
BSE,HISARMETAL,INE598C01011,B,152.20,154.00,149.00,150.25,155.25,169,25565.00,11
BSE,HITECH,INE106T01025,B,85.01,85.01,77.50,77.80,84.09,199150,15753233.00,2037
BSE,HITECHCORP,INE120D01012,T,329.65,329.65,325.00,325.00,316.60,336,109886.00,14
BSE,HITECHGEAR,INE127B01011,T,550.00,550.00,535.00,535.00,552.00,122,66280.00,15
BSE,HITKITGLO,INE309B01023,X,2.47,2.47,2.47,2.47,2.60,47657,117712.00,63
BSE,HITTCO,INE863C01019,XT,12.19,12.19,11.31,11.33,11.90,2164,24511.00,20
BSE,HLEGLAS,INE461D01028,B,335.40,365.85,321.00,326.30,379.75,169071,58138975.00,5501
BSE,HLVLTD,INE102A01024,B,7.49,7.49,7.10,7.15,7.21,10386,75776.00,55
BSE,HMAAGRO,INE0ECP01024,B,22.01,22.24,21.57,21.71,22.06,59020,1291036.00,256
BSE,HMEML,INE0DZD01015,M,53.73,53.99,53.73,53.99,53.73,3200,172352.00,2
BSE,HMT,INE262A01018,Z,60.95,60.95,59.00,59.00,60.97,950,56052.00,13
BSE,HMVL,INE871K01015,T,91.70,93.49,90.01,91.13,91.62,1591,146655.00,26
BSE,HNDFDS,INE254N01026,B,576.65,598.00,574.25,592.55,579.10,5866,3415982.00,220
BSE,HOCL,INE048A01011,T,39.30,39.30,37.27,37.38,38.42,37810,1426465.00,159
BSE,HOM,INE982C01033,XT,1.91,1.91,1.85,1.86,1.88,216917,405254.00,119
BSE,HOMEFIRST,INE481N01025,A,1174.05,1184.60,1167.25,1181.30,1177.30,7647,8995846.00,776
BSE,HONASA,INE0J5401028,A,468.00,477.25,461.50,467.90,466.55,52293,24451270.00,1906
BSE,HONAUT,INE671A01010,A,37875.00,37909.25,37536.10,37607.55,37788.20,151,5695426.00,80
BSE,HONDAPOWER,INE634A01018,B,2076.65,2130.00,2076.65,2100.00,2115.30,221,465480.00,38
BSE,HORIZON,INE1SEO01013,M,132.10,136.20,128.20,130.95,134.55,49200,6471840.00,40
BSE,HOTLSILV,INE731B01010,X,10.50,11.20,10.50,10.64,11.15,1369,15008.00,19
BSE,HPAL,INE0GSL01024,B,42.40,42.98,39.23,40.39,38.73,88115,3656683.00,1012
BSE,HPBL,INE136C01044,X,187.40,187.40,180.00,184.00,184.55,13447,2464843.00,109
BSE,HPCOTTON,INE950C01014,X,91.00,100.00,91.00,99.95,100.00,1490,147125.00,21
BSE,HPIL,INE05X901010,B,126.05,126.05,122.90,125.95,130.00,165,20498.00,11
BSE,HPL,INE495S01016,B,325.10,330.00,322.00,322.45,326.40,7912,2566642.00,373
BSE,HRHYGIENE,INE17DP01015,MT,79.00,79.00,75.24,75.24,79.20,84800,6433744.00,47
BSE,HRS,INE1E1V01017,M,251.00,251.00,250.95,250.95,250.85,1200,301180.00,3
BSE,HRYNSHP,INE400G01011,X,105.50,105.50,101.20,102.05,103.50,426,43531.00,23
BSE,HSCL,INE019C01026,A,762.05,765.00,756.00,762.25,755.75,150773,114693945.00,3514
BSE,HSIL,INE0GYI01028,MT,363.90,371.75,355.55,357.35,362.00,23200,8410440.00,39
BSE,HTMEDIA,INE501G01024,B,27.35,27.65,26.51,26.68,27.74,14049,376205.00,80
BSE,HUBTOWN,INE703H01016,A,179.20,179.85,177.00,178.30,179.40,22125,3944125.00,330
BSE,HUDCO,INE031A01017,A,195.45,196.70,190.20,192.25,195.40,152665,29662246.00,1910
BSE,HUHTAMAKI,INE275B01026,B,290.05,291.25,274.80,278.00,293.10,19399,5447866.00,584
BSE,HYBRIDFIN,INE965B01022,T,18.54,18.54,17.50,17.50,17.70,325,5843.00,7
BSE,HYPERSOFT,INE039D01014,XT,219.50,221.00,206.90,217.90,213.20,49103,10384372.00,164
BSE,HYUNDAI,INE0V6F01027,A,2187.75,2245.00,2187.75,2220.00,2200.00,104746,233334558.00,3308
BSE,IBINFO,INE678B01039,X,43.95,43.95,40.18,40.19,42.29,10363,435526.00,82
BSE,IBULLSLTD,INE126M01010,B,28.29,28.44,26.76,27.09,28.16,645123,17523814.00,2317
BSE,ICDSLTD,INE613B01010,B,40.58,40.58,39.50,39.50,40.58,90,3556.00,2
BSE,ICICIAMC,INE346A01027,A,3030.00,3084.85,3021.65,3076.60,3027.30,6270,19114844.00,985
BSE,ICICIBANK,INE090A01021,A,1430.90,1435.00,1419.10,1428.00,1427.00,556233,792792676.00,14522
BSE,ICICIGI,INE765G01017,A,1658.25,1658.25,1621.25,1629.00,1630.00,23060,37699352.00,1065
BSE,ICICIPRULI,INE726G01019,A,501.00,505.00,494.90,505.00,500.75,22397,11167979.00,1028
BSE,ICIL,INE483B01026,A,422.20,444.80,390.00,404.20,423.25,96461,39890889.00,2349
BSE,ICL,INE407P01017,X,35.11,37.80,34.21,34.21,36.00,699,24776.00,23
BSE,ICODEX,INE111601014,M,38.00,41.95,38.00,39.98,39.05,2400,95940.00,2
BSE,ICONIKSPEV,INE088P01015,X,42.78,42.78,40.25,42.78,40.75,110774,4733651.00,121
BSE,ICRA,INE725G01011,B,5070.00,5160.90,5048.35,5137.10,5065.00,675,3447395.00,147
BSE,ICSL,INE682B01023,X,3.71,4.05,3.57,3.58,3.96,113846,409473.00,60
BSE,IDBI,INE008A01015,A,82.15,83.40,82.15,82.55,82.44,413140,34158684.00,1832
BSE,IDEA,INE669E01016,A,12.92,13.70,12.84,13.50,12.92,52064637,693768918.00,212276
BSE,IDEAFORGE,INE349Y01013,B,809.10,833.70,809.10,809.10,851.65,174855,141623881.00,2109
BSE,IDFCFIRSTB,INE092T01019,A,84.24,85.60,83.61,85.42,84.24,512315,43506466.00,2759
BSE,IECEDU,INE172B01017,X,22.10,22.10,21.00,21.50,22.00,1693,36819.00,17
BSE,IEX,INE022Q01020,A,127.15,127.15,123.95,126.40,125.55,115116,14390401.00,1728
BSE,IFBAGRO,INE076C01018,T,1004.90,1029.80,1000.00,1007.20,985.20,762,776005.00,46
BSE,IFBIND,INE559A01017,B,1370.00,1376.55,1349.25,1357.40,1379.20,2277,3108425.00,248
BSE,IFCI,INE039A01010,A,75.06,75.20,72.70,73.52,75.71,1452079,107174491.00,5518
BSE,IFGLEXPOR,INE133Y01011,B,221.60,221.65,212.25,213.45,217.60,3428,744216.00,124
BSE,IFINSEC,INE474O01010,X,228.35,228.35,227.00,228.00,229.00,29,6611.00,6
BSE,IFINSER,INE064T01018,X,12.80,14.84,12.60,13.08,12.79,29958,396760.00,106
BSE,IFL,INE714U01024,B,0.36,0.37,0.35,0.35,0.36,4771683,1679560.00,698
BSE,IGARASHI,INE188B01013,B,458.05,458.05,446.05,447.80,457.05,4677,2110975.00,218
BSE,IGCIL,INE099S01016,X,2.16,2.16,2.09,2.14,2.12,40024,84420.00,67
BSE,IGCL,INE05J901018,B,72.00,74.78,70.50,72.18,71.61,16794,1207422.00,188
BSE,IGIL,INE0Q9301021,A,354.40,354.40,340.10,343.65,347.05,13464,4638815.00,385
BSE,IGL,INE203G01027,A,153.70,155.00,152.50,154.45,153.25,116324,17937276.00,1906
BSE,IGPL,INE204A01010,B,459.80,473.00,458.60,464.80,466.75,2086,972002.00,122
BSE,IIFL,INE530B01024,A,614.80,628.00,614.80,625.10,619.75,55223,34313718.00,1224
BSE,IIFLCAPS,INE489L01022,A,334.95,336.00,334.00,334.20,334.40,1768,590872.00,19
BSE,IIRM,INE670C01026,XT,130.05,137.90,130.05,132.35,136.70,5914,784679.00,69
BSE,IISL,INE818R01011,XT,9.77,10.79,9.77,9.77,10.28,2096,20483.00,10
BSE,IITL,INE886A01014,B,145.05,147.60,144.65,146.00,144.85,7104,1044070.00,22
BSE,IITLPROJ,INE786E01018,XT,45.70,45.85,45.32,45.32,47.70,1220,55734.00,6
BSE,IKIO,INE0LOJ01019,B,207.65,215.95,205.60,214.65,203.80,50577,10714126.00,840
BSE,IKOMA,INE164D01010,XT,68.50,70.90,67.22,67.87,67.84,136408,9339844.00,176
BSE,IKS,INE115Q01022,A,1742.00,1814.55,1741.10,1785.70,1741.80,8498,15125095.00,652
BSE,IL&FSENGG,INE369I01014,Z,35.27,35.27,34.21,34.97,35.99,1073,37113.00,6
BSE,IL&FSTRANS,INE975G01012,Z,2.18,2.18,2.05,2.06,2.13,5921,12582.00,14
BSE,IMAGICAA,INE172N01012,B,48.30,49.14,47.00,47.37,47.04,43619,2090630.00,232
BSE,IMEC,INE611C01020,X,105.90,105.90,101.50,101.95,106.00,618,63062.00,46
BSE,IMFA,INE919H01018,A,1481.60,1501.70,1467.70,1471.50,1479.70,4452,6610100.00,430
BSE,IMPAL,INE547E01014,B,1088.40,1088.40,1071.00,1071.10,1083.00,25,26970.00,11
BSE,IMPEXFERRO,INE691G01015,Z,3.53,3.53,3.53,3.53,3.47,35988,127037.00,36
BSE,INA,INE0LGX01024,B,104.30,107.20,102.05,105.70,104.30,157161,16451029.00,1225
BSE,INANI,INE635D01027,X,9.71,9.71,9.11,9.60,9.67,1737,16381.00,16
BSE,INANISEC,INE224C01014,X,24.76,24.76,24.76,24.76,23.59,726,17975.00,8
BSE,INCAP,INE437C01012,X,94.90,96.15,94.90,95.95,94.43,58,5548.00,4
BSE,INCON,INE507D01010,XT,27.39,27.39,27.39,27.39,26.86,4187,114681.00,11
BSE,INCREDIBLE,INE452L01012,B,32.50,32.50,32.50,32.50,32.96,9,292.00,4
BSE,INDAG,INE802D01023,X,96.00,97.99,95.50,95.56,95.83,2695,259405.00,26
BSE,INDBANK,INE841B01017,B,33.00,33.35,32.94,32.98,32.71,5187,171989.00,141
BSE,INDBNK,INE969D01012,B,50.00,50.00,49.10,50.00,49.81,1018,50765.00,10
BSE,INDCEMCAP,INE429D01017,XT,25.18,25.18,25.18,25.18,24.69,14850,373923.00,32
BSE,INDCTST,INE146H01018,X,57.00,63.00,55.45,60.00,63.00,1047,60894.00,25
BSE,INDGELA,INE342D01012,X,405.00,407.45,392.60,393.35,398.35,3403,1353950.00,93
BSE,INDGN,INE065X01017,A,569.05,577.30,563.20,565.10,567.60,31640,17939297.00,1280
BSE,INDHOTEL,INE053A01029,A,722.25,723.05,713.00,721.00,724.80,76074,54565516.00,3404
BSE,INDIACEM,INE383A01012,A,381.90,389.85,381.90,385.75,383.70,357076,138189107.00,212
BSE,INDIAGLYCO,INE560A01023,A,1080.00,1081.30,1044.85,1049.55,1072.35,3898,4132935.00,328
BSE,INDIAHOME,INE274E01015,X,32.54,33.50,31.10,32.61,32.54,3199,103669.00,43
BSE,INDIAHOMES,INE072A01029,X,25.88,26.19,25.10,25.88,25.24,991059,25563329.00,1036
BSE,INDIAMART,INE933S01016,A,1802.40,1808.75,1766.90,1784.35,1783.25,3124,5576408.00,501
BSE,INDIANACRY,INE862B01013,X,5.95,6.29,5.80,5.92,5.95,40280,240010.00,62
BSE,INDIANB,INE562A01011,A,871.85,897.60,871.85,890.50,881.50,102943,91781189.00,3458
BSE,INDIANCARD,INE061A01014,B,211.25,212.35,210.00,212.00,210.85,246,52038.00,107
BSE,INDIANHUME,INE323C01030,B,384.75,389.70,372.00,375.70,386.70,3371,1278892.00,220
BSE,INDIANVSH,INE131H01028,X,7.58,7.58,6.67,7.12,7.13,16345,113637.00,49
BSE,INDIASHLTR,INE922K01024,A,642.40,688.15,642.40,682.55,647.40,23308,15674788.00,1043
BSE,INDIGO,INE646L01027,A,5287.95,5315.00,5230.00,5240.00,5260.00,8982,47227035.00,2050
BSE,INDIGOPNTS,INE09VQ01012,A,1134.85,1144.10,1116.65,1122.90,1124.05,1228,1382262.00,180
BSE,INDIGRID,INE219X23014,IF,179.32,179.32,177.19,178.39,178.41,50685,9044387.00,311
BSE,INDINFO,INE300B01022,X,0.57,0.62,0.57,0.61,0.57,5394067,3239796.00,876
BSE,INDIQUBE,INE06ST01018,B,179.20,187.00,176.70,180.95,185.05,1592,287616.00,93
BSE,INDNIPPON,INE092B01025,B,1126.35,1174.65,1126.35,1161.25,1133.10,2235,2601728.00,289
BSE,INDOAMIN,INE760F01028,T,134.85,136.00,130.65,133.20,131.00,4814,641105.00,47
BSE,INDOBELL,INE0FK501019,MT,67.00,72.53,66.00,72.53,69.08,50250,3608452.00,32
BSE,INDOBORAX,INE803D01021,B,437.90,464.45,430.05,449.05,432.10,38853,17422694.00,1043
BSE,INDOCITY,INE456B01014,X,12.02,13.10,12.02,12.28,12.49,3292,39789.00,11
BSE,INDOCO,INE873D01024,B,218.05,220.55,215.50,216.70,216.65,5210,1129059.00,136
BSE,INDOCRED,INE147D01015,XT,9.85,9.85,9.85,9.85,10.05,1510,14873.00,1
BSE,INDOEURO,INE319N01019,X,9.01,9.01,9.01,9.01,9.01,153,1378.00,5
BSE,INDOFARM,INE622H01018,B,152.00,152.00,146.20,149.30,149.80,4378,646279.00,146
BSE,INDOKEM,INE716F01012,B,582.00,659.90,582.00,645.25,641.20,14734,9394924.00,859
BSE,INDOMIM,INE084101034,B,820.15,837.70,808.05,823.20,823.95,195396,160478805.00,5762
BSE,INDORAMA,INE156A01020,B,58.60,60.45,57.50,58.62,58.07,53565,3143836.00,455
BSE,INDOSMC,INE0WKY01013,M,467.30,483.50,460.00,476.10,465.00,40000,18825050.00,37
BSE,INDOSTAR,INE896L01010,B,252.00,252.00,242.65,245.95,248.95,1568,385230.00,60
BSE,INDOTECH,INE332H01014,B,3699.75,3700.00,3553.30,3553.30,3740.30,3872,13903527.00,569
BSE,INDOTHAI,INE337M01021,B,85.25,85.25,85.25,85.25,89.70,12104,1031866.00,184
BSE,INDOUS,INE250Z01010,B,81.22,82.34,79.75,81.00,81.22,3262,264206.00,43
BSE,INDOWIND,INE227G01018,B,9.01,9.12,8.74,9.07,9.07,33660,303695.00,185
BSE,INDPRUD,INE620D01011,B,6450.00,6461.90,6200.00,6269.75,6447.85,25,160323.00,8
BSE,INDRAMEDCO,INE681B01017,A,388.95,388.95,374.45,376.95,384.45,16255,6137075.00,516
BSE,INDRANIB,INE007C01021,X,8.28,8.28,7.50,7.60,7.89,47779,365982.00,121
BSE,INDRENEW,INE138O01029,Z,14.90,14.95,14.50,14.50,14.95,29260,424666.00,56
BSE,INDSILHYD,INE867D01018,X,40.95,40.95,38.71,39.77,39.23,7019,277182.00,44
BSE,INDSUCR,INE557C01017,X,75.10,79.00,75.00,78.00,76.39,14661,1137839.00,102
BSE,INDSWFTLAB,INE915B01019,B,306.00,320.25,293.30,299.60,284.50,423176,129771538.00,4459
BSE,INDTERRAIN,INE611L01021,B,32.00,32.00,31.20,31.92,32.00,1757,55344.00,12
BSE,INDTONER,INE826B01026,X,48.80,48.80,47.25,47.74,48.16,9111,437097.00,135
BSE,INDUSFINL,INE935D01013,XT,191.10,194.75,187.30,194.75,191.10,5651,1087069.00,54
BSE,INDUSINDBK,INE095A01012,A,1006.45,1023.55,1006.35,1010.90,1008.20,259788,262767680.00,1693
BSE,INDUSINVIT,INE0NHL23019,IF,133.69,133.89,133.00,133.15,133.49,10489,1400760.00,319
BSE,INDUSTOWER,INE121J01017,A,370.05,384.90,370.00,382.00,370.05,294969,111109167.00,3780
BSE,INDXTRA,INE056E01024,X,6.00,6.04,5.76,5.88,5.89,2935,17128.00,49
BSE,INFINITY,INE16XA01017,M,402.80,403.95,398.00,399.00,402.85,6000,2399420.00,10
BSE,INFLAME,INE464Z01017,M,210.15,211.65,204.20,207.30,215.50,15500,3229675.00,56
BSE,INFOBEAN,INE344S01016,B,167.50,168.25,162.30,163.30,166.60,23436,3845971.00,318
BSE,INFOMEDIA,INE669A01022,B,5.26,5.26,5.10,5.20,5.27,8927,46463.00,22
BSE,INFORTEC,INE123E01014,X,85.65,85.95,76.00,84.27,82.00,1551,130734.00,23
BSE,INFRONICS,INE463B01036,X,22.59,23.49,21.47,21.63,22.59,627,13778.00,16
BSE,INFY,INE009A01021,A,1189.85,1190.00,1163.55,1175.80,1188.00,407977,478471156.00,13585
BSE,INGERRAND,INE177A01018,B,4314.10,4342.75,4286.25,4297.50,4303.75,183,789862.00,56
BSE,INLANPR,INE055O01033,XT,64.51,66.81,64.51,64.52,65.50,1244,80286.00,10
BSE,INLCM,INE359D01024,X,518.45,571.80,518.45,518.45,545.70,540,282749.00,43
BSE,INNOVACAP,INE0DUT01020,B,1089.00,1122.00,994.50,1013.10,1021.45,36186,37838347.00,2556
BSE,INNOVANA,INE403Y01018,B,341.45,341.45,327.50,327.50,331.30,2,668.00,2
BSE,INNOVATORS,INE870Z01015,M,122.55,126.70,117.60,121.25,125.20,11200,1388080.00,12
BSE,INNOVISION,INE0ADB01012,B,280.05,290.00,275.10,288.05,284.40,3999,1141312.00,392
BSE,INNOVTEC,INE965C01038,X,14.31,15.24,14.00,15.18,14.31,5242,76542.00,48
BSE,INOXGREEN,INE510W01014,T,184.85,189.90,182.00,186.70,183.50,21256,3977572.00,232
BSE,INOXINDIA,INE616N01034,A,1924.90,1949.20,1900.00,1911.85,1932.30,3450,6636052.00,456
BSE,INOXWIND,INE066P01011,A,74.40,74.83,73.57,74.00,74.10,549001,40665813.00,2443
BSE,INSECTICID,INE070I01018,B,632.80,639.10,622.80,627.10,638.10,1445,908341.00,150
BSE,INSPIRISYS,INE020G01017,T,97.85,97.85,97.85,97.85,102.99,1816,177695.00,9
BSE,INTECCAP,INE017E01018,XT,15.98,15.98,15.19,15.19,15.98,41,631.00,4
BSE,INTEGFD,INE177M01013,XT,135.50,141.00,135.00,135.65,135.50,1623,224415.00,30
BSE,INTEGHIT,INE934A01012,X,3.71,3.71,3.71,3.71,3.81,100,371.00,2
BSE,INTEGRAEN,INE984B01023,XT,154.00,156.00,150.70,155.65,150.95,11446,1758405.00,141
BSE,INTELLECT,INE306R01017,A,717.75,723.70,698.00,703.20,723.85,50653,35816306.00,1726
BSE,INTENTECH,INE781A01025,B,82.55,82.71,81.00,82.00,82.55,584,47851.00,27
BSE,INTERARCH,INE00M901018,B,1695.00,1722.70,1684.45,1700.15,1683.20,3283,5585185.00,300
BSE,INTLCOMBQ,INE403C01014,X,507.00,511.95,505.60,507.45,508.85,5077,2573800.00,46
BSE,INTLCONV,INE575C01027,B,74.22,75.00,72.50,73.86,74.11,3744,276094.00,152
BSE,INTRGLB,INE661M01016,X,65.85,69.35,63.01,63.10,70.00,452,28728.00,17
BSE,INTSTOIL,INE003B01014,X,37.10,40.00,37.10,39.18,38.93,1799,68147.00,24
BSE,INVENTURE,INE878H01024,B,0.89,0.93,0.89,0.90,0.90,685032,624268.00,146
BSE,INVIGO,INE359A01012,X,6.70,6.70,6.23,6.57,6.66,2109,13637.00,20
BSE,INVPRECQ,INE155E01016,T,1142.25,1150.00,1122.00,1128.60,1142.25,440,501659.00,43
BSE,IOB,INE565A01014,A,34.41,34.52,33.75,33.83,34.23,463268,15792649.00,2314
BSE,IOC,INE242A01010,A,140.70,142.05,139.30,140.70,140.35,484370,68185377.00,6072
BSE,IOLCP,INE485C01029,B,165.00,165.00,157.50,158.25,163.50,140071,22352421.00,1304
BSE,IONEXCHANG,INE570A01022,A,380.00,381.20,375.30,376.40,380.70,9999,3779890.00,522
BSE,IPCALAB,INE571A01038,A,1754.80,1785.35,1744.85,1766.70,1749.30,17564,30948325.00,1176
BSE,IPL,INE0D6701023,B,144.00,144.00,141.85,142.30,142.95,8981,1279090.00,174
BSE,IPRINGLTD,INE558A01019,X,130.00,140.95,130.00,130.40,131.05,5020,667189.00,40
BSE,IRB,INE821I01022,A,19.66,19.66,19.30,19.33,19.55,468217,9074426.00,1517
BSE,IRBINVIT,INE183W23014,IF,64.01,64.50,63.64,63.71,64.23,38720,2476408.00,755
BSE,IRCON,INE962Y01021,A,128.00,129.30,125.80,126.15,128.10,70316,8937794.00,1198
BSE,IRCTC,INE335Y01020,A,519.45,519.45,510.05,513.35,514.90,36841,18998664.00,1422
BSE,IREDA,INE202E01016,A,119.00,119.00,117.05,118.25,118.65,423027,49818083.00,3087
BSE,IRFC,INE053F01010,A,87.71,88.40,87.50,88.26,88.00,950347,83489921.00,8027
BSE,IRIS,INE864K01010,B,248.35,250.75,242.55,250.75,245.50,501,123573.00,39
BSE,IRMENERGY,INE07U701015,B,306.95,306.95,292.55,295.45,302.45,7943,2362726.00,221
BSE,IRONWOOD,INE791H01011,X,51.00,51.00,47.04,50.74,51.00,23317,1132669.00,14
BSE,ISERA,INE899M01020,XT,143.90,143.90,143.90,143.90,143.90,504,72525.00,3
BSE,ISFL,INE973B01026,X,0.76,0.77,0.76,0.77,0.76,227123,174250.00,31
BSE,ISFT,INE566K01011,B,78.79,79.90,78.01,78.01,78.40,58,4538.00,6
BSE,ISGEC,INE858B01029,B,803.75,803.75,742.00,744.70,805.65,14035,10628736.00,1281
BSE,ISHANCH,INE561M01018,B,50.96,51.50,49.55,50.00,50.71,3452,173270.00,46
BSE,ISHITADR,INE806D01016,X,73.70,73.70,72.20,72.26,75.00,878,63695.00,10
BSE,ISLCONSUL,INE569B01022,X,16.65,18.65,15.29,15.29,16.98,15242,237798.00,70
BSE,ISTLTD,INE684B01029,X,659.30,685.00,650.00,659.50,660.95,1273,844424.00,99
BSE,ISTRNETWK,INE532B01020,X,45.02,46.49,44.00,45.02,45.02,32315,1446674.00,113
BSE,ITC,INE154A01025,A,278.75,279.70,275.50,276.70,279.40,1056109,292898732.00,25467
BSE,ITCHOTELS,INE379A01028,A,166.75,168.75,166.15,168.25,166.90,683709,114952779.00,3122
BSE,ITCONS,INE0O6A01019,M,298.70,326.80,298.70,323.70,300.85,72600,22765710.00,135
BSE,ITDC,INE353K01014,B,676.20,760.00,667.30,720.70,677.90,203512,149165158.00,4793
BSE,ITHL,INE262B01016,X,313.00,314.35,306.00,306.60,307.35,709,217970.00,43
BSE,ITI,INE248A01017,B,283.50,289.05,282.40,283.45,285.15,19302,5515011.00,460
BSE,ITL,INE478D01014,X,321.00,321.00,302.05,304.45,308.95,450,140365.00,44
BSE,IVALUE,INE056801025,B,277.40,286.25,277.05,284.20,278.30,5350,1511500.00,241
BSE,IVC,INE050B01023,B,8.49,8.68,8.35,8.54,8.35,23268,199736.00,169
BSE,IVP,INE043C01018,T,185.90,186.00,179.15,182.50,182.15,6527,1202119.00,65
BSE,IWP,INE586E01020,B,32.65,34.05,32.65,33.23,33.51,1224,40687.00,10
BSE,IXIGO,INE0HV901016,A,184.00,184.00,178.00,178.60,183.60,155334,27914819.00,1050
BSE,IZMO,INE848A01014,B,954.65,958.60,925.00,953.30,944.50,6177,5801104.00,470
BSE,J&KBANK,INE168A01041,A,157.05,157.95,155.25,157.40,156.85,125174,19622673.00,1507
BSE,JACKSON,INE508N01025,X,0.39,0.40,0.39,0.40,0.40,142863,56692.00,117
BSE,JAGAJITIND,INE574A01016,X,172.45,179.70,172.45,179.70,171.15,145811,26043591.00,483
BSE,JAGANLAM,INE144C01014,X,47.90,49.90,46.00,48.94,46.90,3357,160690.00,47
BSE,JAGJANANI,INE702H01018,X,5.25,5.25,4.95,4.95,4.47,14839,76806.00,25
BSE,JAGRAN,INE199G01027,B,64.17,64.17,63.05,63.69,63.59,9785,620617.00,147
BSE,JAGSNPHARM,INE048B01035,B,233.30,233.30,224.55,225.95,230.25,6897,1566831.00,211
BSE,JAGSONSER,INE582C01015,X,59.28,59.28,53.70,58.86,56.46,142,8289.00,7
BSE,JAIBALAJI,INE091G01026,A,66.77,66.79,64.99,65.48,66.76,10899,714010.00,107
BSE,JAICORPLTD,INE070D01027,B,102.75,105.85,100.55,104.10,102.55,25938,2661470.00,403
BSE,JAIHIND,INE156E01014,X,38.00,40.99,36.50,38.19,37.39,50640,1889981.00,84
BSE,JAIMATAG,INE250C01027,XT,3.43,3.43,3.43,3.43,3.50,39005,133787.00,56
BSE,JAINCO,INE966C01010,X,4.86,5.05,4.86,5.05,4.85,528,2666.00,6
BSE,JAINEX,INE280F01019,X,120.05,133.70,120.00,124.85,122.70,1276,153995.00,35
BSE,JAINREC,INE0YD401026,B,298.80,306.25,297.50,302.80,297.90,167259,50613973.00,2105
BSE,JAIPAN,INE058D01030,X,37.50,37.90,36.11,36.94,36.59,1829,67904.00,42
BSE,JAMESWARREN,INE718P01017,X,281.00,281.00,263.10,265.60,265.95,3190,860851.00,47
BSE,JAMNAAUTO,INE039C01032,A,124.35,127.55,123.45,123.80,125.55,100121,12538444.00,1471
BSE,JAMSHRI,INE462D01034,X,75.00,76.00,75.00,75.32,76.57,389,29297.00,11
BSE,JARO,INE00YJ01010,B,441.35,451.00,436.25,442.95,441.35,2867,1261379.00,205
BSE,JASCH,INE711C01028,XT,290.10,317.00,290.10,299.15,303.05,4999,1469564.00,55
BSE,JASH,INE039O01029,B,495.20,498.00,473.65,495.35,514.30,24297,11869914.00,838
BSE,JATTAINDUS,INE722N01014,X,469.00,469.00,402.35,467.20,469.00,75,33545.00,22
BSE,JAUSPOL,INE593O01017,X,22.00,23.50,22.00,23.44,22.42,262,5941.00,12
BSE,JAYAGROGN,INE785A01026,B,212.00,212.00,208.60,210.00,212.55,395,83104.00,28
BSE,JAYANT,INE0KR801019,MT,77.00,77.00,73.86,73.86,73.86,6750,514320.00,8
BSE,JAYBARMARU,INE571B01036,B,127.00,132.85,126.80,130.90,127.20,45911,5974905.00,640
BSE,JAYBHCR,INE998D01011,X,14.35,14.35,14.34,14.34,13.67,1131,16224.00,11
BSE,JAYCH,INE693E01016,X,6.09,6.09,5.61,5.86,6.07,28828,167186.00,63
BSE,JAYIND,INE250D01017,X,11.86,11.86,11.86,11.86,12.46,108,1280.00,2
BSE,JAYKAILASH,INE0MSS01019,MT,50.00,50.54,49.10,50.54,48.14,94400,4731392.00,57
BSE,JAYKAY,INE903A01025,B,152.95,153.25,147.35,148.45,152.45,29923,4474876.00,625
BSE,JAYNECOIND,INE854B01010,A,93.43,93.50,89.54,90.35,92.84,98573,8977893.00,653
BSE,JAYSREETEA,INE364A01020,B,89.45,91.00,88.50,90.50,88.06,2754,247165.00,85
BSE,JAYSYNTH,INE263B01022,X,13.09,13.40,12.74,12.79,12.82,15676,202140.00,59
BSE,JAYUSH,INE289D01015,X,888.00,888.00,870.00,870.75,889.80,47,41089.00,11
BSE,JBMA,INE927D01051,A,644.50,650.00,622.45,628.10,644.50,52856,33433563.00,1804
BSE,JDCABLES,INE14VP01014,M,217.70,217.70,214.00,216.55,209.15,47200,10184400.00,59
BSE,JENBURPH,INE354A01013,X,1065.10,1078.90,1060.00,1068.95,1065.10,1175,1256490.00,50
BSE,JETFREIGHT,INE982V01025,B,22.71,22.72,22.41,22.57,22.64,2536,57228.00,40
BSE,JETKINGQ,INE919C01019,X,102.84,103.35,100.00,103.35,103.35,2266,229885.00,27
BSE,JFL,INE841Y01019,M,24.40,24.40,20.99,21.74,24.50,68000,1451220.00,41
BSE,JGCHEM,INE0MB501011,B,623.90,623.90,593.50,606.20,620.90,33489,20415780.00,881
BSE,JGTL,INE0QXV01014,X,498.60,537.00,498.60,531.70,530.35,1384,734261.00,33
BSE,JHACC,INE865D01012,X,184.90,188.50,181.00,181.05,177.80,555,100855.00,20
BSE,JHS,INE544H01014,B,9.00,9.27,8.47,8.91,9.11,33312,294444.00,195
BSE,JINDALPHOT,INE796G01012,B,1068.55,1068.55,1050.00,1062.90,1068.55,64,68026.00,22
BSE,JINDALPOLY,INE197D01010,B,642.00,691.50,639.45,665.65,629.95,10729,7238849.00,799
BSE,JINDALSAW,INE324A01032,A,274.25,276.20,268.45,269.50,273.80,48491,13201797.00,1151
BSE,JINDALSTEL,INE749A01030,A,1091.80,1107.95,1091.80,1100.00,1101.00,19514,21453850.00,1289
BSE,JINDCAP,INE356F01017,X,31.60,32.00,30.15,31.50,30.98,4729,147384.00,45
BSE,JINDHOT,INE726D01016,X,64.99,65.00,61.50,64.02,61.18,1595,101944.00,24
BSE,JINDRILL,INE742C01031,B,599.35,600.00,589.15,595.95,591.05,4339,2573642.00,185
BSE,JINDWORLD,INE247D01039,B,36.30,37.45,35.82,36.82,36.62,325274,11899970.00,702
BSE,JIOFIN,INE758E01017,A,252.35,255.00,249.00,255.00,252.90,1134770,285776587.00,11305
BSE,JISLJALEQS,INE175A01038,A,27.88,27.94,26.91,27.12,27.90,266981,7278891.00,1181
BSE,JITFINFRA,INE863T01013,B,351.65,353.85,346.45,350.00,349.75,1833,641143.00,220
BSE,JIVIAL,INE0V3T01017,M,75.00,82.90,75.00,81.70,77.45,9600,748344.00,16
BSE,JKAGRI,INE690O01011,X,302.95,309.00,300.30,305.00,303.00,186,57234.00,13
BSE,JKCEMENT,INE823G01014,A,5409.75,5426.55,5300.00,5393.50,5360.00,1031,5511355.00,214
BSE,JKIL,INE576I01022,B,504.35,504.35,490.00,492.20,499.05,3920,1932981.00,104
BSE,JKIPL,INE1FF001016,B,96.01,100.75,96.01,99.74,97.51,19088,1885042.00,107
BSE,JKLAKSHMI,INE786A01032,A,554.70,554.70,548.00,549.10,549.50,9745,5357056.00,534
BSE,JKPAPER,INE789E01012,A,389.05,395.70,386.80,389.80,390.75,18773,7343165.00,512
BSE,JKTYRE,INE573A01042,A,391.40,391.45,385.50,386.70,390.95,55822,21598602.00,2639
BSE,JLHL,INE682M01020,A,315.00,315.15,303.30,305.75,312.80,7397,2283348.00,431
BSE,JLL,INE919T01013,XT,116.80,116.80,116.80,116.80,119.15,166,19388.00,5
BSE,JMDVL,INE047E01031,XT,7.49,8.09,7.49,7.80,7.83,10486,81926.00,39
BSE,JMFINANCIL,INE780C01023,A,125.90,130.00,125.90,129.70,126.20,350034,45075818.00,3102
BSE,JMJFIN,INE242Q01016,X,10.10,10.10,9.52,9.82,9.89,17106,168443.00,76
BSE,JNKINDIA,INE0OAF01028,B,428.65,440.00,405.00,405.70,418.65,41951,17611764.00,989
BSE,JNPR,INE05C901015,B,256.15,257.80,246.30,253.00,256.00,156286,39543887.00,2741
BSE,JOHNPHARMA,INE560F01022,X,0.47,0.48,0.46,0.48,0.48,540876,253157.00,364
BSE,JOINDRE,INE024B01010,X,49.37,50.00,48.23,49.79,49.77,394,19337.00,20
BSE,JOJO,INE312M01024,X,155.25,163.95,155.10,161.50,155.20,270050,42881866.00,922
BSE,JOLYPLS,INE289M01016,XT,44.35,44.35,42.90,42.90,43.48,102,4432.00,4
BSE,JONJUA,INE793Z01027,MT,4.20,4.28,4.10,4.20,4.09,77136,325899.00,14
BSE,JOSTS,INE636D01041,X,223.80,228.70,216.20,220.75,223.80,5895,1305217.00,140
BSE,JPOLYINVST,INE147P01019,B,1052.50,1073.20,1040.10,1066.50,1039.25,620,657342.00,70
BSE,JPPOWER,INE351F01018,A,17.75,17.85,17.55,17.73,17.75,2519934,44538114.00,3473
BSE,JSFB,INE953L01027,A,527.85,554.50,520.00,544.80,526.15,15402,8215657.00,491
BSE,JSHL,INE401Q01018,MT,2.38,2.38,2.38,2.38,2.46,5000,11900.00,1
BSE,JSL,INE220G01021,A,724.45,742.00,713.35,738.60,724.45,22568,16404617.00,847
BSE,JSLINDL,INE581L01018,X,870.00,870.00,865.60,867.80,870.00,185,160537.00,16
BSE,JSLL,INE0J5801029,A,540.00,542.90,504.70,512.65,539.15,59668,31322098.00,1990
BSE,JSTL,INE237B01018,X,81.74,81.74,78.10,78.52,80.39,3200,255083.00,32
BSE,JSWCEMENT,INE718I01012,A,131.10,132.40,130.15,130.55,131.55,97348,12741839.00,1162
BSE,JSWDULUX,INE133A01011,A,3155.00,3155.00,3075.50,3096.60,3157.10,3701,11538411.00,688
BSE,JSWENERGY,INE121E01018,A,562.60,562.60,552.35,555.85,566.80,76022,42346689.00,2644
BSE,JSWHL,INE824G01012,A,11829.50,11831.95,11550.00,11563.70,11924.05,241,2813693.00,117
BSE,JSWINFRA,INE880J01026,A,342.30,355.00,338.85,346.15,341.90,658925,229970802.00,14165
BSE,JSWSTEEL,INE019A01038,A,1286.90,1288.65,1268.30,1282.00,1282.00,23379,29871349.00,1776
BSE,JTEKTINDIA,INE643A01035,B,140.60,141.10,138.45,139.50,141.45,11001,1543549.00,223
BSE,JTLDEFENCE,INE140B01048,XT,563.40,567.80,533.30,533.30,561.35,6196,3319533.00,117
BSE,JTLIND,INE391J01032,B,76.76,77.23,75.13,75.52,76.83,76147,5793460.00,665
BSE,JUBLCPL,INE03CC01015,B,1900.00,2106.60,1883.55,1939.40,1855.05,3290,6628315.00,556
BSE,JUBLFOOD,INE797F01020,A,488.10,488.95,477.50,484.60,490.40,94647,45609920.00,2846
BSE,JUBLINGREA,INE0BY001018,A,728.35,739.25,714.00,715.65,733.10,24513,17727263.00,1283
BSE,JUBLPHARMA,INE700A01033,A,968.00,968.00,880.10,891.30,962.70,28667,26163371.00,1739
BSE,JULIEN,INE890N01027,X,1.19,1.20,1.17,1.18,1.18,152196,179767.00,114
BSE,JUMBO,INE699D01015,XT,83.51,87.70,83.51,83.65,87.24,3284,277388.00,71
BSE,JUNGLECAMP,INE0WCH01015,M,47.00,47.00,45.31,47.00,47.00,6400,297296.00,4
BSE,JUNIPER,INE696F01016,B,197.30,203.40,196.30,199.50,194.45,27192,5443702.00,850
BSE,JUPITERIN,INE524N01014,X,49.06,49.06,46.50,48.26,48.31,7285,348211.00,79
BSE,JUSTDIAL,INE599M01018,A,704.00,707.75,680.00,689.00,694.00,9398,6506652.00,468
BSE,JUSTO,INE0W5Q01017,M,99.15,99.15,96.15,96.90,95.38,8000,778750.00,8
BSE,JWL,INE209L01016,A,262.35,262.35,257.50,259.30,262.20,27330,7086537.00,669
BSE,JYOTHYLAB,INE668F01031,A,204.20,204.25,190.20,199.85,204.10,191923,37865412.00,5285
BSE,JYOTI,INE511D01012,X,52.55,52.55,51.00,51.51,51.51,8263,426688.00,96
BSE,JYOTICNC,INE980O01024,A,803.85,831.00,803.85,818.65,803.85,48414,39599837.00,1809
BSE,JYOTIRES,INE577D01013,B,830.00,848.00,825.00,836.05,837.70,19850,16611786.00,1369
BSE,JYOTISTRUC,INE197A01024,B,11.39,11.39,10.99,11.08,11.28,286536,3179511.00,585
BSE,KAARYAFSL,INE282Y01016,M,11.85,11.85,11.85,11.85,11.29,30000,355500.00,4
BSE,KABRADG,INE323K01017,X,24.24,26.20,24.02,25.02,23.68,219794,5508723.00,337
BSE,KABRAEXTRU,INE900B01029,B,510.00,516.00,490.00,495.90,507.65,16061,8107245.00,493
BSE,KABSON,INE645C01010,X,21.15,22.72,20.56,21.37,21.76,4251,89498.00,37
BSE,KACHCHH,INE059E01010,X,27.20,27.20,27.20,27.20,25.91,1151,31307.00,4
BSE,KACL,INE229G01022,XT,6.15,6.15,6.03,6.14,6.15,365916,2246690.00,32
BSE,KAIRA,INE375D01012,X,1600.00,1628.80,1600.00,1600.00,1600.00,25,40028.00,4
BSE,KAIZENAGRO,INE891N01017,XT,10.65,10.65,9.88,9.88,10.39,2198,21750.00,15
BSE,KAJARIACER,INE217B01036,A,1238.70,1259.70,1212.25,1252.55,1225.15,36089,44844575.00,1602
BSE,KAJARIR,INE434C01027,XT,33.32,33.32,31.51,31.52,33.16,24176,768039.00,61
BSE,KAKA,INE0P3N01018,M,234.10,234.10,218.10,219.00,230.30,9000,2007725.00,17
BSE,KAKATCEM,INE437B01014,B,112.30,112.30,108.00,110.70,113.05,431,47476.00,44
BSE,KAKTEX,INE092E01011,X,7.90,8.26,7.90,8.26,8.26,948,7812.00,4
BSE,KALAMANDIR,INE438K01021,B,86.17,87.08,84.85,85.31,86.60,34429,2948508.00,608
BSE,KALIND,INE377D01026,XT,6.94,6.94,6.94,6.94,7.30,502598,3488030.00,440
BSE,KALLAM,INE629F01025,XT,2.30,2.30,2.20,2.27,2.29,1449,3242.00,21
BSE,KALPACOMME,INE059Q01014,X,8.60,8.75,8.60,8.70,8.60,21846,190376.00,12
BSE,KALPATARU,INE227J01012,B,289.30,297.00,286.00,286.35,287.15,2343,676962.00,135
BSE,KALYANCAP,INE149Q01021,XT,6.66,7.08,6.66,6.84,7.00,9136,62904.00,66
BSE,KALYANI,INE0N6U01018,M,778.90,826.00,778.90,813.45,761.55,28250,22638512.00,87
BSE,KALYANIFRG,INE314G01014,B,646.95,748.80,646.95,695.60,628.75,5499,3842224.00,543
BSE,KALYANKJIL,INE303R01014,A,604.00,608.30,585.30,597.05,602.55,633892,378182938.00,10763
BSE,KAMADGIRI,INE535C01013,XT,118.15,118.25,118.15,118.15,124.35,3403,402119.00,24
BSE,KAMAHOLD,INE411F01010,B,2452.30,2506.00,2452.30,2490.55,2481.70,799,1979950.00,153
BSE,KAMANWALA,INE344D01018,X,17.13,17.25,16.17,17.00,17.13,229,3878.00,12
BSE,KAMATHOTEL,INE967C01018,B,181.95,181.95,173.10,178.90,175.45,2872,509166.00,169
BSE,KAMATS,INE564S01019,B,41.99,41.99,35.31,36.65,38.05,18326,674728.00,62
BSE,KAMDHENU,INE390H01020,T,34.20,35.49,33.65,33.90,35.03,46727,1601842.00,176
BSE,KAMOPAINTS,INE0BTI01037,B,4.58,4.61,4.55,4.58,4.58,37694,171847.00,99
BSE,KANANIIND,INE879E01037,B,1.49,1.56,1.33,1.54,1.49,74559,111722.00,140
BSE,KANCHI,INE081G01019,B,358.00,375.90,353.00,375.90,358.00,5803,2175140.00,98
BSE,KANCOTEA,INE398L01017,X,56.99,56.99,50.35,51.39,52.73,508,26278.00,23
BSE,KANELIND,INE252C01023,XT,72.85,72.85,72.85,72.85,76.68,3648,265756.00,36
BSE,KANORICHEM,INE138C01024,T,160.55,167.90,153.05,156.75,160.55,13358,2139942.00,87
BSE,KANPRPLA,INE694E01014,B,218.65,233.90,216.75,231.90,214.80,18513,4192046.00,594
BSE,KANSAINER,INE531A01024,A,214.65,214.65,207.40,208.00,212.35,31326,6570625.00,810
BSE,KANSHST,INE791E01018,X,50.72,51.00,49.00,50.89,50.22,9408,468537.00,31
BSE,KANUNGO,INE453S01015,X,12.34,12.34,12.20,12.20,11.77,12,146.00,3
BSE,KAPILRAJ,INE332Q01023,X,1.55,1.59,1.52,1.59,1.52,5257959,8178691.00,259
BSE,KARANWO,INE327D01013,X,8.00,8.00,8.00,8.00,7.85,100,800.00,2
BSE,KARBON,INE0V8A01016,M,108.50,113.40,108.30,108.30,108.50,3200,350880.00,4
BSE,KARMAENG,INE725L01011,B,36.00,42.99,36.00,39.54,40.96,310,12228.00,13
BSE,KARNAVATI,INE554R01020,X,1.37,1.53,1.31,1.46,1.33,43211,63897.00,86
BSE,KARNAWATI,INE214D01021,X,1.22,1.24,1.18,1.18,1.20,27302,32816.00,101
BSE,KARTKIN,INE524U01019,XT,8449.00,8449.00,8119.10,8449.00,8284.00,14,117296.00,7
BSE,KARURVYSYA,INE036D01028,B,333.25,340.00,332.00,338.45,334.05,55925,18851559.00,896
BSE,KASTURI,INE0T1301023,M,54.00,54.00,54.00,54.00,56.75,2000,108000.00,1
BSE,KATIPATANG,INE237C01016,X,17.15,17.15,15.92,15.92,16.75,42182,675069.00,76
BSE,KATRSPG,INE498G01015,X,106.00,106.00,106.00,106.00,106.99,1,106.00,1
BSE,KAUSHALYA,INE234I01028,T,949.00,960.00,948.50,948.50,945.00,32,30406.00,8
BSE,KAVDEFENCE,INE641C01019,B,60.00,60.00,57.49,58.43,58.90,8966,528545.00,306
BSE,KAYA,INE587G01015,B,289.20,317.10,283.45,304.85,292.05,5745,1765018.00,371
BSE,KAYCEEI,INE813G01023,X,875.00,879.80,850.00,875.00,861.00,524,455558.00,60
BSE,KAYNES,INE918Z01012,A,3739.25,3862.00,3701.55,3825.00,3710.00,61576,233127202.00,5758
BSE,KAYPOWR,INE961B01013,X,9.20,9.60,8.91,9.02,9.11,109899,1030605.00,31
BSE,KBSINDIA,INE883D01023,X,1.44,1.44,1.35,1.39,1.43,78737,108762.00,145
BSE,KCDGROUP,INE185U01035,X,3.68,3.68,3.12,3.39,3.50,79538,263694.00,113
BSE,KCLINFRA,INE469F01026,X,1.26,1.28,1.20,1.22,1.23,74621,92885.00,93
BSE,KCP,INE805C01028,B,151.10,153.55,151.00,153.20,153.05,4608,703809.00,144
BSE,KCPSUGIND,INE790B01024,T,29.07,30.82,28.60,30.82,29.36,39727,1214692.00,149
BSE,KDDL,INE291D01011,B,3844.00,3870.00,3781.90,3853.70,3844.00,990,3786283.00,217
BSE,KEC,INE389H01022,A,453.30,453.30,440.00,442.55,450.70,95960,42777235.00,2767
BSE,KECL,INE134B01017,B,151.00,151.00,144.00,145.40,148.70,28624,4202499.00,517
BSE,KEEPLEARN,INE055C01020,B,2.00,2.00,1.92,1.93,1.95,814,1567.00,7
BSE,KEERTHI,INE145L01012,X,39.99,41.80,39.10,39.10,38.40,1061,43030.00,20
BSE,KEI,INE878B01027,A,5600.35,5720.00,5595.00,5718.00,5649.30,15030,85205654.00,3685
BSE,KEIL,INE534E01020,X,17.23,17.23,16.51,16.61,16.89,1451,24159.00,17
BSE,KEL,INE079C01012,X,31.40,31.40,31.40,31.40,31.45,2,62.00,2
BSE,KELENRG,INE881E01017,XT,11285.70,11285.70,11285.70,11285.70,10748.30,1187,13396125.00,134
BSE,KELLTONTEC,INE164B01030,B,13.91,13.97,13.70,13.82,13.95,53945,745525.00,192
BSE,KEMISTAR,INE971L01029,X,57.00,57.00,47.00,49.95,48.66,3496,174674.00,53
BSE,KEMP,INE060E01018,X,1078.85,1078.85,1078.85,1078.85,1027.50,11,11867.00,4
BSE,KENNAMET,INE717A01029,B,3281.10,3612.00,3227.40,3571.70,3302.95,9052,31658150.00,1977
BSE,KENRIK,INE0AOG01018,M,7.04,7.04,7.04,7.04,7.04,6000,42240.00,1
BSE,KENVI,INE923Y01023,B,2.00,2.02,1.75,1.95,2.00,188730,358931.00,255
BSE,KERALAYUR,INE817B01025,X,158.85,162.00,155.00,157.20,155.80,7186,1130979.00,187
BSE,KERNEX,INE202H01019,B,2350.50,2380.00,2121.00,2186.70,2390.35,47012,105839456.00,2452
BSE,KESAR,INE0L1C01019,M,1213.15,1260.00,1213.15,1260.00,1260.65,16900,21164490.00,72
BSE,KESARENT,INE133B01027,X,6.87,8.19,6.05,6.79,6.83,205248,1544742.00,232
BSE,KESARPE,INE133C01033,X,16.78,16.78,14.60,15.19,16.58,307809,4737318.00,721
BSE,KESORAMIND,INE087A01019,T,12.11,12.11,12.11,12.11,12.35,9542,115553.00,39
BSE,KETOMOTORS,INE392H01026,XT,215.25,215.25,215.25,215.25,205.00,1346,289726.00,30
BSE,KEYCORP,INE130F01016,X,81.18,81.18,73.46,73.65,77.32,1999,148415.00,46
BSE,KEYFINSERV,INE681C01015,B,256.40,256.40,256.40,256.40,251.40,450,115380.00,1
BSE,KFBL,INE991B01010,X,46.35,46.35,41.00,42.90,44.87,9420,395458.00,78
BSE,KFINTECH,INE138Y01010,A,939.95,939.95,916.90,925.20,930.90,11760,10860037.00,695
BSE,KGDENIM,INE104A01012,X,14.23,14.99,14.01,14.50,14.23,2965,42882.00,35
BSE,KHADIM,INE834I01025,T,90.85,91.33,89.00,89.63,90.58,2159,195639.00,71
BSE,KHAICHEM,INE745B01028,B,50.05,52.95,50.05,51.99,51.33,8841,456853.00,281
BSE,KHAITANLTD,INE731C01018,B,143.20,146.25,138.80,139.80,145.15,798,114110.00,34
BSE,KHAZANCHI,INE0OWC01011,M,754.95,758.75,752.00,758.50,753.70,26000,19635300.00,72
BSE,KHOOBSURAT,INE731G01027,X,0.49,0.50,0.48,0.49,0.50,945556,462605.00,222
BSE,KHYATI,INE593B01030,XT,3.07,3.07,2.80,2.80,2.93,12955,38066.00,17
BSE,KIAASA,INE1C3F01018,M,32.75,32.75,31.50,32.28,32.75,8000,259410.00,7
BSE,KICL,INE029L01018,B,5395.45,5422.00,5350.00,5420.85,5325.30,69,371444.00,40
BSE,KIDUJA,INE845A01028,X,17.00,17.65,16.80,17.00,16.16,722,12549.00,10
BSE,KIFS,INE902D01013,X,111.00,111.00,106.80,106.80,106.80,59,6335.00,4
BSE,KILITCH,INE729D01010,T,196.00,196.00,186.20,194.00,195.95,1403,264696.00,35
BSE,KIMIABL,INE285U01025,X,26.61,27.90,26.61,27.27,26.58,4305,118147.00,41
BSE,KIMS,INE967H01025,A,816.95,816.95,801.10,804.40,813.00,14065,11318002.00,3383
BSE,KINETICENG,INE266B01017,XT,242.65,244.75,236.50,241.35,242.65,5317,1277887.00,91
BSE,KINETRU,INE674M01019,XT,42.14,45.15,42.14,44.90,43.00,802,35471.00,13
BSE,KINGFA,INE473D01015,B,5743.95,6072.00,5709.50,5957.05,5712.90,1329,7783424.00,370
BSE,KINGSINFR,INE050N01010,X,114.00,114.00,108.35,108.80,110.90,8386,916964.00,147
BSE,KIOCL,INE880L01014,B,393.95,407.05,389.85,395.50,391.45,29377,11731721.00,1090
BSE,KIRANSY-B,INE293D01017,X,13.80,13.80,13.80,13.80,13.95,31,427.00,3
BSE,KIRANVYPAR,INE555P01013,B,197.00,198.55,197.00,197.65,199.95,196,38745.00,6
BSE,KIRIINDUS,INE415I01015,A,430.55,449.80,418.00,435.25,426.80,83431,36455568.00,1759
BSE,KIRLFER,INE884B01025,B,440.80,441.95,435.00,439.15,440.10,6064,2665697.00,222
BSE,KIRLOSBROS,INE732A01036,A,1950.05,1952.95,1896.40,1912.30,1955.85,2392,4609878.00,278
BSE,KIRLOSENG,INE146L01010,A,2122.50,2122.50,2039.40,2054.00,2101.35,18874,39140903.00,2099
BSE,KIRLOSIND,INE250A01039,B,3763.85,3838.00,3562.00,3808.10,3763.85,1739,6413410.00,298
BSE,KIRLPNU,INE811A01020,A,1499.05,1512.65,1480.85,1497.75,1492.75,4154,6207244.00,429
BSE,KISAAN,INE102C01020,X,12.43,12.74,11.31,12.48,11.79,5363,65732.00,64
BSE,KISAN,INE017C01012,XT,22.26,22.88,22.25,22.70,22.35,31234,704360.00,100
BSE,KISSHT,INE12F801023,B,295.00,298.30,289.00,292.45,295.60,84982,24926257.00,1784
BSE,KITEX,INE602G01020,A,133.80,135.60,132.15,134.80,134.00,44692,5980221.00,573
BSE,KJMCCORP,INE602C01011,X,52.00,58.99,52.00,57.66,52.00,3182,181578.00,62
BSE,KJMCFIN,INE533C01018,X,56.30,60.00,56.30,56.74,56.01,1752,101051.00,16
BSE,KKALPANAIND,INE301C01028,X,7.01,7.18,6.90,7.06,7.11,27216,191646.00,76
BSE,KKCL,INE401H01017,B,528.75,533.40,521.00,524.00,531.10,5186,2724001.00,64
BSE,KKSHL,INE0OH401016,M,43.90,43.90,43.90,43.90,40.00,3000,131700.00,1
BSE,KKSILK,INE0EOJ01014,MT,9.30,9.30,9.30,9.30,9.33,3000,27900.00,1
BSE,KLASSROOM,INE1LMA01010,MT,173.85,176.45,164.65,164.65,168.35,40800,6997280.00,40
BSE,KLBRENG-B,INE338F01015,B,359.90,368.75,356.70,361.75,360.90,18722,6775714.00,658
BSE,KLRFM,INE014E01015,X,89.70,89.70,80.42,84.82,88.00,2265,193511.00,61
BSE,KMCSHIL,INE879K01018,B,123.00,125.60,122.50,123.85,121.40,143561,17827867.00,1554
BSE,KMEW,INE0CJD01029,B,2639.80,2639.80,2560.00,2600.35,2620.00,4111,10642009.00,511
BSE,KMFBLDR,INE580H01026,X,8.00,8.00,8.00,8.00,7.90,4,32.00,1
BSE,KMSUGAR,INE157H01023,B,27.43,28.14,27.20,28.13,27.43,3995,110308.00,41
BSE,KNACK,INE17QZ01016,B,208.85,209.75,200.80,204.10,207.75,142696,29075822.00,1288
BSE,KNRCON,INE634I01029,A,138.80,138.80,131.85,133.80,136.80,141434,18933939.00,949
BSE,KOBO,INE881A01015,Z,5.68,5.68,5.68,5.68,5.97,925,5254.00,15
BSE,KOHINOOR,INE080B01012,B,23.05,23.45,22.76,23.11,23.14,4246,98624.00,237
BSE,KOKUYOCMLN,INE760A01029,B,82.85,83.00,81.17,81.76,82.85,4049,331246.00,98
BSE,KOLTEPATIL,INE094I01018,B,516.90,520.10,481.30,492.60,516.90,52451,26212587.00,1272
BSE,KONNDOR,INE971A01014,XT,14.67,16.09,14.67,14.77,15.33,1583,25156.00,9
BSE,KOPRAN,INE082A01010,T,172.10,174.95,167.10,172.50,174.20,9204,1569667.00,108
BSE,KOTAKBANK,INE237A01036,A,392.00,394.40,387.65,392.25,392.10,159485,62355642.00,3034
BSE,KOTHARIPRO,INE823A01017,B,69.02,70.54,68.36,70.54,71.59,325,22543.00,40
BSE,KOTIC,INE972A01020,B,148.05,151.20,147.50,147.75,150.50,1935,287329.00,72
BSE,KOTYARK,INE0J0B01017,T,42.42,43.00,40.80,42.47,42.42,220165,9363597.00,723
BSE,KOURA,INE0M8R01011,M,42.55,43.80,42.30,43.80,40.75,8000,342400.00,4
BSE,KOVAI,INE177F01017,B,5890.00,5932.20,5823.90,5829.20,5880.10,972,5711801.00,286
BSE,KPEL,INE127T01021,B,266.30,271.35,256.00,259.55,271.45,81978,21429792.00,2250
BSE,KPGEL,INE0QVH01025,M,305.20,313.75,302.10,305.95,307.60,95000,29143625.00,303
BSE,KPIGREEN,INE542W01025,A,348.25,352.25,335.30,337.25,350.10,138188,47435855.00,2789
BSE,KPIL,INE220B01022,A,1341.85,1467.85,1341.85,1395.10,1347.75,203692,290059792.00,8660
BSE,KPITTECH,INE04I401011,A,627.55,627.55,609.00,611.60,628.00,119312,73451830.00,4739
BSE,KPL,INE552U01010,B,3333.05,3362.60,3237.80,3318.75,3308.40,5545,18359382.00,844
BSE,KPRMILL,INE930H01031,A,1096.75,1104.35,1085.25,1088.90,1096.55,16836,18415447.00,690
BSE,KPT,INE731D01024,X,500.00,505.00,490.00,492.70,497.15,3484,1726412.00,115
BSE,KRANTI,INE911T01010,B,52.55,52.55,49.80,50.46,50.65,1348,68053.00,38
BSE,KRATIKAL,INE1L0M01019,M,161.00,162.00,161.00,161.00,160.30,10000,1611000.00,10
BSE,KRBL,INE001B01026,A,368.05,375.00,365.80,374.30,370.85,8886,3280275.00,238
BSE,KREBSBIO,INE268B01013,B,55.00,57.75,55.00,57.75,57.76,99,5447.00,3
BSE,KREONFIN,INE302C01018,XT,89.54,89.54,85.07,86.25,89.54,11806,1012431.00,66
BSE,KRETTOSYS,INE128R01023,X,0.48,0.48,0.47,0.48,0.48,294707,139800.00,192
BSE,KRIDHANINF,INE524L01026,T,2.25,2.30,2.22,2.30,2.21,2926,6530.00,7
BSE,KRIFILIND,INE073A01019,X,5.60,5.85,5.31,5.31,5.58,948,5302.00,16
BSE,KRISHIVAL,INE0GGO01015,B,406.95,411.75,404.55,408.00,403.90,2472,1009018.00,84
BSE,KRISHNA,INE537L01010,XT,35.35,35.40,35.30,35.31,36.02,8547,301732.00,14
BSE,KRISHNACAP,INE897B01019,XT,46.19,46.19,41.80,41.80,44.00,486,21890.00,6
BSE,KRITI,INE479D01038,B,67.10,68.18,65.53,67.48,67.59,828,55274.00,54
BSE,KRITINUT,INE798K01010,B,84.53,87.05,84.53,85.00,85.00,1474,127638.00,27
BSE,KRN,INE0Q3J01015,A,1308.75,1342.00,1294.55,1332.20,1294.25,60339,80202087.00,3263
BSE,KRONOX,INE0ATZ01017,B,168.25,178.10,168.10,173.75,167.25,92326,16026092.00,1508
BSE,KROSS,INE0O6601022,B,200.00,211.80,200.00,204.80,202.10,91321,18864393.00,1023
BSE,KRRAIL,INE078T01026,X,22.97,23.86,22.97,23.19,22.90,50186,1174625.00,326
BSE,KRSNAA,INE08LI01020,B,576.65,576.65,563.00,574.35,575.25,6064,3461073.00,315
BSE,KRT,INE1JAR25012,IF,117.99,117.99,116.67,117.31,117.00,10669,1251752.00,193
BSE,KRUPALU,INE0XZB01017,M,26.50,26.50,25.15,25.15,27.65,4800,123680.00,3
BSE,KRYPTONQ,INE951B01014,X,37.90,37.90,35.00,37.16,36.17,3412,120398.00,25
BSE,KRYSTAL,INE0QN801017,B,627.00,634.35,620.00,620.10,626.15,1819,1138624.00,77
BSE,KSB,INE999A01023,A,814.25,814.25,784.75,786.75,812.35,6657,5296345.00,549
BSE,KSCL,INE455I01029,B,798.70,806.70,781.90,788.75,798.45,5130,4078107.00,280
BSE,KSE,INE953E01022,X,208.95,208.95,205.95,207.80,206.70,26148,5415782.00,400
BSE,KSHINTL,INE987S01020,B,997.65,1058.00,966.40,995.45,988.10,79206,79527919.00,3530
BSE,KSL,INE907A01026,B,841.50,872.00,836.80,855.60,842.05,3492,3004836.00,249
BSE,KSOLVES,INE0D6I01023,B,274.05,277.80,273.00,273.60,276.70,2779,762097.00,215
BSE,KSR,INE1SPP01016,B,27.25,29.70,26.25,27.49,27.49,1950,52870.00,24
BSE,KSSMART,INE737E01011,X,114.85,114.85,107.00,107.90,111.00,5136,556882.00,73
BSE,KTIL,INE096L01025,X,60.20,60.20,58.00,58.06,60.10,1321,76892.00,19
BSE,KTKBANK,INE614B01018,A,302.10,314.10,301.70,313.65,303.05,187329,58013507.00,4182
BSE,KUANTUM,INE529I01021,B,86.32,86.38,84.01,84.74,86.38,4812,408013.00,95
BSE,KUBERJI,INE594R01018,XT,29.87,29.87,29.87,29.87,28.45,8405,251057.00,21
BSE,KUMPFIN,INE795E01019,X,20.77,21.84,20.77,21.02,21.85,904,18781.00,8
BSE,KUNSTOFF,INE638D01021,X,20.50,20.95,19.50,19.59,20.03,4103,81089.00,32
BSE,KUSHIND,INE979D01011,X,6.50,6.65,6.20,6.50,6.50,5350,34893.00,57
BSE,KUSUMGAR,INE0ISX01025,B,634.80,645.00,612.45,617.55,635.00,32682,20559467.00,1095
BSE,KUWERIN,INE430F01010,X,11.60,12.00,10.50,11.84,11.58,1725,19690.00,50
BSE,KVFORGE,INE013J01016,XT,145.95,146.50,136.45,137.25,142.00,433,60383.00,28
BSE,KVSCASTING,INE163701019,M,63.50,68.65,63.20,68.02,64.50,98000,6552480.00,40
BSE,KWIL,INE2KCE01013,B,34.63,36.73,34.23,36.46,34.93,2414338,86318057.00,5074
BSE,KZLFIN,INE006C01015,X,18.86,18.86,18.85,18.85,17.97,19,358.00,5
BSE,LACTOSE,INE058I01013,X,117.80,117.80,104.00,106.25,114.55,11301,1217083.00,181
BSE,LADDERUP,INE519D01015,X,56.80,56.80,50.35,55.76,50.35,463,25026.00,9
BSE,LADDU,INE546I01025,X,0.54,0.54,0.50,0.50,0.52,1406663,733580.00,235
BSE,LAFFANSQ,INE919B01011,X,30.00,30.00,28.01,28.50,27.11,1516,45012.00,16
BSE,LAHL,INE213U01019,X,6.37,6.80,6.37,6.59,6.50,263,1688.00,4
BSE,LAHOTIOV,INE515C01023,B,44.00,45.15,43.00,45.15,46.68,515,22207.00,9
BSE,LAKESHORE,INE734D01010,X,80.00,80.00,75.51,80.00,79.48,896,68703.00,18
BSE,LAKHOTIA,INE191O01010,X,57.30,57.30,55.00,55.00,58.47,722,40457.00,11
BSE,LAKSELEC,INE284C01018,X,800.00,800.00,777.10,787.75,801.10,793,624513.00,48
BSE,LAKSHMIMIL,INE938C01019,X,8001.00,8041.00,8000.00,8001.90,8010.00,91,728079.00,18
BSE,LAL,INE740X01023,B,10.23,10.23,8.67,8.90,8.53,5268,47627.00,41
BSE,LALPATHLAB,INE600L01024,A,1950.15,1989.35,1947.05,1952.00,1949.25,83720,164118620.00,1059
BSE,LAMBODHARA,INE112F01022,B,115.00,118.00,112.85,114.50,115.00,1873,217034.00,153
BSE,LANCER,INE359U01028,X,10.97,10.97,10.41,10.63,10.97,130482,1395931.00,466
BSE,LANCORHOL,INE572G01025,B,27.36,27.61,25.65,25.86,27.99,18743,494388.00,99
BSE,LANDMARC,INE394C01023,X,1.93,1.97,1.86,1.91,1.92,61050,116086.00,70
BSE,LANDMARK,INE559R01029,B,567.45,572.50,528.00,547.05,572.50,62115,33822477.00,1619
BSE,LANDSMILL,INE688J01023,B,0.78,0.78,0.76,0.78,0.78,229329,177014.00,139
BSE,LAOPALA,INE059D01020,B,190.50,191.35,187.15,190.45,190.80,16775,3170049.00,297
BSE,LASA,INE670X01014,B,7.69,7.89,7.47,7.53,7.69,8460,63816.00,52
BSE,LASERPOWER,INE17IR01028,B,288.05,290.90,279.20,282.00,289.50,190060,53788134.00,2596
BSE,LASTMILE,INE404B01022,X,6.35,6.85,6.35,6.43,6.62,56656,372727.00,126
BSE,LATENTVIEW,INE0I7C01011,A,292.95,296.55,287.35,290.10,294.85,21714,6341787.00,804
BSE,LATIMMETAL,INE501N01020,X,10.20,10.49,9.96,10.29,10.20,47254,480980.00,149
BSE,LAURUSLABS,INE947Q01028,A,1859.95,1862.00,1835.00,1841.05,1860.00,48097,89048392.00,3048
BSE,LAXMIDENTL,INE0WO601020,B,213.70,213.70,199.00,200.05,210.40,16294,3306982.00,608
BSE,LAXMIINDIA,INE06WU01026,T,139.90,144.90,134.30,136.10,139.50,13398,1872029.00,139
BSE,LCCINFOTEC,INE938A01021,B,3.65,3.97,3.55,3.88,3.64,17190,67034.00,54
BSE,LCL,INE0QJW01029,B,492.30,522.45,492.30,515.50,500.60,57824,29354969.00,1798
BSE,LEADFIN,INE531D01010,X,15.00,15.00,15.00,15.00,15.36,1102,16530.00,3
BSE,LEENEE,INE791B01014,X,6.76,7.38,6.76,7.23,7.24,5453,38537.00,60
BSE,LEHAR,INE976H01018,X,220.10,225.90,219.00,219.85,221.30,12262,2702351.00,409
BSE,LELAVOIR,INE204S01012,X,45.47,45.47,45.47,45.47,43.31,659,29964.00,7
BSE,LEMONTREE,INE970X01018,A,110.30,110.50,107.90,109.00,109.25,252284,27443333.00,2652
BSE,LENSKART,INE956O01016,B,595.70,595.70,583.00,586.55,589.05,1089933,642982002.00,2967
BSE,LERTHAI,INE347D01011,XT,635.00,635.00,635.00,635.00,605.00,1,635.00,1
BSE,LESHAIND,INE050L01048,X,0.76,0.78,0.76,0.78,0.77,88355,68158.00,106
BSE,LESL,INE0X6O01027,M,22.53,22.60,22.00,22.20,22.96,534000,12050640.00,29
BSE,LEXGLOBAL,INE745A01012,XT,199.95,205.00,199.95,205.00,204.00,2,404.00,2
BSE,LEXORAA,INE185D01015,X,16.95,16.95,16.95,16.95,16.95,535,9068.00,5
BSE,LGBBROSLTD,INE337A01034,A,1555.65,1605.60,1549.60,1601.20,1551.20,3634,5759267.00,365
BSE,LGBFORGE,INE201J01017,XT,5.84,5.84,5.60,5.69,5.71,68957,393619.00,129
BSE,LGEINDIA,INE324D01010,B,1566.20,1584.00,1554.40,1577.35,1566.20,528561,826946042.00,7421
BSE,LGLL,INE12QA01010,M,10.90,11.60,10.60,11.60,11.07,16000,178896.00,9
BSE,LGT,INE191201016,M,40.00,40.10,40.00,40.10,40.00,3600,144240.00,3
BSE,LIBERTSHOE,INE557B01019,B,245.50,245.80,240.00,240.75,245.50,2256,549772.00,149
BSE,LIBORDFIN,INE212B01011,X,16.10,17.54,16.10,17.50,17.57,18,298.00,4
BSE,LICHSGFIN,INE115A01026,A,502.60,506.00,499.50,506.00,502.00,57068,28706193.00,1346
BSE,LICI,INE0J1Y01017,A,408.80,416.10,404.65,416.00,404.80,1268525,518291802.00,11534
BSE,LIKHITHA,INE060901027,B,242.90,243.80,227.00,228.15,243.65,9968,2356124.00,496
BSE,LIMECHM,INE891G01011,X,15.60,15.60,15.58,15.58,15.00,31,483.00,3
BSE,LINC,INE802B01027,B,98.00,98.50,97.00,98.15,97.85,532,52183.00,25
BSE,LINCOLN,INE405C01035,B,597.00,598.55,583.60,591.10,597.45,3545,2089381.00,145
BSE,LINDEINDIA,INE473A01011,A,6920.95,6921.00,6723.65,6762.40,6959.40,2540,17287903.00,634
BSE,LINKPH,INE302F01011,X,26.59,26.59,26.59,26.59,26.72,251,6674.00,3
BSE,LIOTECH,INE0TKX01011,M,102.00,103.60,102.00,103.30,104.35,2400,246580.00,6
BSE,LIPPISYS,INE845B01018,XT,239.55,239.55,239.55,239.55,244.40,374,89591.00,6
BSE,LKPSEC,INE341H01023,X,15.40,16.19,15.00,15.10,16.16,37898,577732.00,175
BSE,LLFICL,INE715Q01029,T,1.19,1.19,1.12,1.14,1.16,510542,582736.00,316
BSE,LLOYDSENGG,INE093R01011,A,93.99,94.21,91.02,92.14,93.03,574487,53104208.00,3120
BSE,LLOYDSENT,INE080I01025,A,80.90,80.90,77.00,77.68,80.46,187321,14669209.00,1207
BSE,LLOYDSME,INE281B01032,A,1982.25,1982.30,1876.90,1890.90,1988.20,119497,229431113.00,5881
BSE,LMW,INE269B01029,A,17517.50,17601.00,17175.00,17545.75,17312.00,242,4205935.00,130
BSE,LODHA,INE670K01029,A,1214.20,1217.65,1186.00,1200.00,1213.70,65262,78543245.00,4679
BSE,LOGICA,INE0BSU01018,M,155.00,164.00,152.00,164.00,154.55,16800,2656680.00,27
BSE,LOGICIEL,INE1BA901016,M,32.70,32.75,32.70,32.75,30.83,1200,39270.00,2
BSE,LOKESHMACH,INE397H01017,T,351.05,351.05,351.05,351.05,358.20,431,151302.00,10
BSE,LONGSPUR,INE180M01033,X,8.49,8.87,8.26,8.46,8.57,6627,56192.00,22
BSE,LOOKS,INE204N01013,XT,9.42,9.42,9.42,9.42,9.61,115,1083.00,5
BSE,LORDSCHLO,INE846D01012,B,142.80,142.80,136.60,137.75,139.90,411,57175.00,22
BSE,LORDSHOTL,INE689J01013,X,15.25,16.00,14.78,14.80,15.54,18451,272979.00,11
BSE,LORDSMARK,INE567L01025,XT,96.50,96.50,91.14,93.35,93.60,394137,36943049.00,1025
BSE,LOTUSCHO,INE026D01011,B,622.00,650.00,622.00,627.80,622.80,2671,1677151.00,213
BSE,LOTUSDEV,INE0V9Q01010,T,163.00,176.25,160.00,173.80,167.90,68990,11465500.00,674
BSE,LOTUSEYE,INE947I01017,B,119.80,119.80,117.00,117.75,119.80,5409,643964.00,70
BSE,LOVABLE,INE597L01014,B,72.92,73.70,70.10,70.10,72.56,395,28439.00,13
BSE,LOYAL,INE876S01017,X,154.95,154.95,149.00,150.75,153.80,2681,408516.00,80
BSE,LOYALTEX,INE970D01010,B,249.00,253.55,228.50,234.45,212.10,1521,365339.00,80
BSE,LPDC,INE197J01017,B,6.60,6.60,6.33,6.34,6.38,47664,305004.00,55
BSE,LT,INE018A01030,A,4049.70,4049.70,3990.50,3992.00,4040.00,167769,671569192.00,20987
BSE,LTELEVATOR,INE0TJ801010,MT,329.50,343.00,315.10,320.85,331.65,88000,28617560.00,91
BSE,LTF,INE498L01015,A,310.40,316.20,309.95,313.75,316.00,171353,53556558.00,3500
BSE,LTFOODS,INE818H01020,A,412.15,431.50,412.15,426.25,420.70,61698,26327625.00,1471
BSE,LTM,INE214T01019,A,4854.60,4854.65,4692.05,4734.40,4830.45,9618,45795385.00,2678
BSE,LTTS,INE010V01017,A,3662.00,3662.00,3558.95,3579.80,3652.45,3911,14074505.00,556
BSE,LUDLOWJUT,INE983C01015,XT,361.00,365.00,340.15,355.20,352.30,2963,1049930.00,130
BSE,LUMAXIND,INE162B01018,B,6040.05,6169.20,5887.90,5954.65,5987.50,3319,19977113.00,642
BSE,LUMAXTECH,INE872H01027,A,2086.50,2109.30,2003.40,2032.05,2085.50,71787,147167477.00,4533
BSE,LUPIN,INE326A01037,A,2293.90,2293.90,2250.40,2264.70,2278.00,22350,50578617.00,1816
BSE,LUXIND,INE150G01020,B,1261.35,1261.35,1203.65,1214.45,1245.50,489,596827.00,116
BSE,LUXURY,INE1CJB01013,M,59.60,59.60,55.10,55.10,59.55,3200,183520.00,2
BSE,LWSKNIT,INE281M01013,X,15.50,15.50,15.17,15.18,15.31,3541,53791.00,18
BSE,LXCHEM,INE576O01020,B,175.05,177.30,172.00,173.00,174.75,25394,4411268.00,303
BSE,LYKALABS,INE933A01014,T,68.00,68.00,66.85,66.85,68.07,200,13542.00,2
BSE,LYKISLTD,INE624M01014,X,50.00,51.00,49.29,49.91,49.29,32942,1659760.00,147
BSE,LYONSCO,INE100F01019,X,24.20,24.20,24.10,24.10,24.20,40,967.00,2
BSE,M&M,INE101A01026,A,3460.10,3471.30,3408.00,3419.00,3477.00,189924,649928976.00,15112
BSE,M&MFIN,INE774D01024,A,398.45,410.00,393.00,395.70,398.80,135357,53733936.00,2464
BSE,MAANALU,INE215I01027,B,122.00,130.60,121.60,125.05,124.75,9709,1231009.00,269
BSE,MACHLTD,INE0UYT01018,M,170.00,174.00,162.50,171.00,168.05,30000,5106120.00,39
BSE,MACPLASQ,INE082B01018,X,276.60,280.00,268.00,269.40,273.85,1008,280632.00,33
BSE,MADALA,INE002B01016,X,189.00,193.90,187.30,193.45,189.25,277,52275.00,13
BSE,MADHAV,INE925C01016,B,34.21,34.21,34.00,34.07,34.40,423,14459.00,6
BSE,MADHAVIPL,INE631R01026,B,7.21,7.25,7.00,7.01,7.23,104595,738356.00,237
BSE,MADHUDIN,INE469C01023,X,40.94,40.94,34.00,34.00,36.41,5326,186719.00,45
BSE,MADHURIND,INE110C01015,XT,6.25,6.25,6.25,6.25,6.30,200,1250.00,1
BSE,MADRASFERT,INE414A01015,B,66.21,66.44,65.18,65.71,67.07,3791,250218.00,82
BSE,MAFATIND,INE270B01035,B,127.50,127.50,124.00,126.60,125.65,12500,1566890.00,284
BSE,MAFIA,INE0KQQ01011,M,4.56,4.79,4.56,4.79,5.00,40000,186600.00,9
BSE,MAGADSUGAR,INE347W01011,B,529.35,529.35,516.95,519.10,524.45,340,177015.00,37
BSE,MAGNAELQ,INE437D01010,X,1280.00,1366.00,1256.00,1322.60,1260.00,9311,12259515.00,303
BSE,MAGNUM,INE387I01016,B,19.70,20.45,19.40,19.40,19.70,1512,29995.00,19
BSE,MAGNUS,INE898E01011,XT,41.88,41.88,41.88,41.88,44.08,9709,406612.00,128
BSE,MAHABANK,INE457A01014,A,79.03,82.00,78.81,81.92,78.92,1366801,111006075.00,4844
BSE,MAHACORP,INE272E01027,X,0.32,0.32,0.30,0.32,0.31,792294,247528.00,229
BSE,MAHALIFE,INE0U9D01019,M,185.50,189.00,185.00,186.85,185.50,6000,1122000.00,5
BSE,MAHALXSE,INE257F01017,Z,11.59,11.59,11.23,11.23,11.15,127,1426.00,5
BSE,MAHAPEXLTD,INE843B01013,B,51.05,60.00,51.05,56.90,54.59,17568,999374.00,251
BSE,MAHASTEEL,INE451L01014,T,1000.00,1026.90,995.00,996.70,1025.40,297,300453.00,19
BSE,MAHAVEER,INE019D01016,Z,13.20,13.20,13.20,13.20,13.06,970,12804.00,4
BSE,MAHEPC,INE215D01010,B,112.00,112.00,107.75,107.75,107.05,225,24313.00,21
BSE,MAHESH,INE01MO01013,X,19.60,19.60,18.26,18.26,19.22,1683,31329.00,16
BSE,MAHLIFE,INE813A01018,A,380.65,386.45,380.00,381.50,382.35,2842,1087903.00,149
BSE,MAHLOG,INE766P01016,B,412.45,413.05,402.50,407.25,409.55,4306,1754808.00,243
BSE,MAHSCOOTER,INE288A01013,A,13753.25,13809.95,13622.00,13660.90,13753.25,171,2342445.00,105
BSE,MAHSEAMLES,INE271B01025,A,595.35,611.00,592.95,609.50,594.75,4041,2417320.00,229
BSE,MAIDEN,INE0O1T01010,M,108.84,109.78,108.10,108.90,107.65,47000,5125300.00,44
BSE,MAINFRA,INE392G01028,X,10.94,10.94,10.18,10.56,10.71,45667,472363.00,104
BSE,MAITHANALL,INE683C01011,B,1000.00,1005.00,985.95,992.40,1005.65,3058,3036829.00,219
BSE,MAITRI,INE501L01024,XT,45.13,45.13,45.13,45.13,42.99,1,45.00,1
BSE,MAJESAUT,INE201B01022,T,421.65,421.65,400.60,400.60,421.65,1624,650595.00,60
BSE,MAKERSL,INE987A01010,X,160.05,163.50,155.80,156.65,160.05,10874,1721673.00,58
BSE,MAL,INE100C01024,X,1.77,1.77,1.77,1.77,1.69,2254,3989.00,5
BSE,MALA,INE1N3Y01016,M,70.70,79.00,70.70,73.00,88.35,2226000,162831100.00,547
BSE,MALLCOM,INE389C01015,B,993.50,1002.95,982.00,985.20,993.50,58,57389.00,18
BSE,MALUPAPER,INE383H01017,B,32.00,32.00,32.00,32.00,31.31,10,320.00,3
BSE,MAMATA,INE0TO701015,B,424.30,427.00,423.40,425.25,425.60,3518,1496117.00,184
BSE,MANAKALUCO,INE859Q01017,B,43.50,43.51,38.97,39.57,42.39,33513,1335842.00,688
BSE,MANAKCOAT,INE830Q01018,B,116.70,118.25,113.00,117.95,117.75,6096,700850.00,116
BSE,MANAKSIA,INE015D01022,B,58.80,59.52,57.21,57.77,58.94,1933,111996.00,69
BSE,MANAKSTEEL,INE824Q01011,B,88.62,88.62,81.43,82.62,84.40,102273,8863539.00,559
BSE,MANALIPETC,INE201A01024,B,66.00,69.05,65.73,67.37,65.41,93933,6297108.00,704
BSE,MANAPPURAM,INE522D01027,A,371.00,371.00,351.00,354.00,367.50,1319608,473756314.00,18171
BSE,MANBA,INE939X01013,B,133.05,133.30,131.00,131.10,133.30,11277,1484598.00,256
BSE,MANBRO,INE348N01042,X,51.34,53.60,50.60,52.43,51.34,29880,1556730.00,134
BSE,MANCREDIT,INE545L01039,B,249.50,249.50,243.50,243.65,248.90,726,177695.00,44
BSE,MANGALAM,INE584F01014,B,27.00,27.43,26.90,27.09,27.00,1060,28867.00,14
BSE,MANGIND,INE717C01025,X,0.57,0.58,0.57,0.58,0.58,1520302,875081.00,454
BSE,MANGLMCEM,INE347A01017,B,900.25,910.90,889.85,901.15,907.25,698,627186.00,73
BSE,MANINDS,INE993A01026,B,570.25,638.65,570.25,601.50,558.65,563453,347174700.00,10986
BSE,MANINFRA,INE949H01023,B,113.41,116.40,107.35,108.57,111.23,186426,21042724.00,1643
BSE,MANIPALHOS,INE459N01021,B,702.00,708.40,685.00,692.15,702.95,418092,290516591.00,6458
BSE,MANIVENI,INE0YD301010,M,35.00,35.00,32.00,33.23,35.31,10000,334620.00,5
BSE,MANKIND,INE634S01028,A,2412.00,2428.80,2383.05,2424.65,2425.00,14032,33747755.00,1964
BSE,MANOJJEWEL,INE0MV001018,M,38.75,42.91,38.40,41.52,35.76,160000,6495020.00,71
BSE,MANOMAY,INE784W01015,B,219.50,219.50,212.05,216.90,216.95,11720,2531418.00,226
BSE,MANORAMA,INE00VM01036,A,1599.30,1638.60,1599.30,1620.75,1599.30,8616,14014592.00,474
BSE,MANORG,INE370D01013,B,450.45,457.45,450.45,454.70,451.65,1310,592732.00,128
BSE,MANSIFIN,INE094E01017,X,62.00,62.00,62.00,62.00,62.00,100,6200.00,1
BSE,MANTRA,INE304E01010,X,15.58,15.58,15.05,15.58,15.65,137,2076.00,6
BSE,MANUGRAPH,INE867A01022,T,15.80,15.80,15.79,15.80,15.79,1075,16984.00,7
BSE,MANYAVAR,INE825V01034,A,528.70,528.70,511.45,521.90,521.55,28965,15072472.00,818
BSE,MAPMYINDIA,INE0BV301023,A,1005.05,1018.60,987.50,996.85,1013.45,11674,11658220.00,656
BSE,MAPROIN,INE848M01019,XT,63.87,64.00,63.87,63.87,65.17,1835,117268.00,18
BSE,MARALOVER,INE882A01013,T,52.50,52.65,52.50,52.65,52.90,320,16833.00,2
BSE,MARATHON,INE182D01020,B,378.00,379.00,370.65,373.35,378.85,1527,573443.00,81
BSE,MARBLE,INE807H01023,X,129.80,129.80,119.00,123.85,121.55,21723,2667085.00,34
BSE,MARBU,INE199D01016,X,47.99,47.99,44.00,44.50,45.40,885,41331.00,14
BSE,MARGOFIN,INE680B01019,X,64.01,68.98,64.01,65.00,65.38,2996,195147.00,35
BSE,MARICO,INE196A01026,A,855.05,855.05,839.00,852.70,864.00,33960,28701973.00,3182
BSE,MARIS,INE866D01010,X,33.72,33.72,32.00,32.88,33.72,4009,132037.00,38
BSE,MARKOLINES,INE0FW001016,B,176.85,177.35,174.15,175.10,176.55,10559,1865935.00,329
BSE,MARKSANS,INE750C01026,A,280.40,319.90,277.30,312.75,278.90,2704986,842744140.00,21677
BSE,MARSONS,INE415B01044,B,103.50,104.75,100.45,103.15,102.05,229669,23435044.00,2203
BSE,MARUTI,INE585B01010,A,13990.15,14062.35,13910.00,13910.00,14010.00,14834,207257279.00,5419
BSE,MASFIN,INE348L01012,B,304.45,304.45,299.50,303.80,300.45,2876,870565.00,251
BSE,MASTEK,INE759A01021,A,1822.00,1831.00,1800.00,1820.10,1812.10,5543,10072602.00,429
BSE,MASTERTR,INE677D01037,B,78.25,78.40,77.00,77.41,78.29,2551,198181.00,67
BSE,MATRIMONY,INE866R01028,B,520.00,549.80,503.00,541.20,537.80,9914,5215217.00,696
BSE,MAWANASUG,INE636A01039,B,114.40,115.65,111.20,111.95,114.40,6125,695192.00,172
BSE,MAXESTATES,INE03EI01018,B,428.50,428.50,411.75,423.40,426.50,1110,464784.00,80
BSE,MAXGROW,INE485D01043,XT,88.12,88.12,88.12,88.12,83.93,2180,192101.00,22
BSE,MAXHEALTH,INE027H01010,A,1034.00,1034.00,1002.00,1008.00,1040.00,1476189,1490658152.00,6713
BSE,MAXHEIGHTS,INE393F01010,X,11.99,11.99,11.17,11.50,11.43,109,1291.00,11
BSE,MAXIMUS,INE544W01021,X,14.10,14.40,14.05,14.23,14.30,31730,449567.00,92
BSE,MAXIND,INE0CG601016,B,169.25,169.30,161.15,163.05,171.00,13312,2174726.00,348
BSE,MAYUR,INE799E01011,X,25.90,25.90,22.15,22.26,23.64,2629,59039.00,38
BSE,MAYURFL,INE262W01012,XT,15.18,16.00,15.18,16.00,15.49,19,296.00,2
BSE,MAYURUNIQ,INE040D01038,B,776.30,776.30,745.90,749.75,778.60,5115,3894936.00,305
BSE,MAZDA,INE885E01042,T,254.55,254.90,236.00,242.30,246.95,2139,519050.00,54
BSE,MAZDOCK,INE249Z01020,A,2574.75,2574.75,2483.90,2540.00,2550.00,57668,146418366.00,4166
BSE,MBEL,INE08N601015,B,270.80,275.60,263.35,268.85,266.00,25471,6881749.00,388
BSE,MBLINFRA,INE912H01013,B,24.26,25.00,24.26,24.26,24.42,1201,29137.00,2
BSE,MCCHRLS-B,INE435D01014,B,680.05,680.05,680.00,680.00,680.00,15,10200.00,4
BSE,MCFL,INE0R5Z01015,MT,225.00,227.95,223.05,225.00,221.00,4200,945690.00,7
BSE,MCLEODRUSS,INE942G01012,B,47.62,47.96,46.76,47.72,48.87,46083,2185045.00,539
BSE,MCLOUD,INE613C01026,B,29.35,29.62,28.67,29.08,28.88,185185,5412096.00,499
BSE,MCLTD,INE410E01015,X,4.95,4.96,4.95,4.96,4.95,328,1624.00,5
BSE,MCPL,INE0A6N01026,M,86.21,89.99,86.00,86.76,98.49,11000,959310.00,11
BSE,MCX,INE745G01043,A,2965.00,2987.85,2880.50,2962.00,2886.00,366002,1077173374.00,21810
BSE,MDRC,INE1HK501016,M,50.00,50.00,50.00,50.00,50.00,1600,80000.00,1
BSE,MDRNSTL,INE001F01019,X,13.98,13.98,12.51,12.65,12.85,3990,51361.00,56
BSE,MEAPL,INE250S01015,X,29.98,30.85,28.81,30.20,30.07,38665,1145478.00,58
BSE,MEDANTA,INE474Q01031,A,1437.30,1447.15,1383.45,1394.95,1439.70,8170,11500243.00,777
BSE,MEDIAONE,INE828I01019,Z,14.99,14.99,14.06,14.06,14.80,1667,23451.00,14
BSE,MEDIASSIST,INE456Z01021,A,346.80,355.00,343.65,351.10,346.20,7630,2655194.00,191
BSE,MEDICAMEQ,INE646B01010,B,239.00,242.15,236.30,236.75,238.30,205,49151.00,34
BSE,MEDICAPQ,INE442D01010,X,26.93,28.40,26.40,26.78,26.40,4785,129533.00,33
BSE,MEDICO,INE630Y01024,B,44.99,47.90,44.99,47.65,45.49,11346,528612.00,152
BSE,MEDPLUS,INE804L01022,A,678.25,690.45,673.00,674.95,679.25,5036,3431531.00,434
BSE,MEEIND,INE208H01016,B,419.00,421.80,395.00,417.80,424.00,1224,512438.00,22
BSE,MEERA,INE343X01026,B,34.90,35.17,34.02,34.87,33.50,10593,369309.00,62
BSE,MEESHO,INE0VDM01015,B,191.60,194.00,190.55,191.75,190.40,2833017,542424512.00,2487
BSE,MEFCOMCAP,INE186C01023,X,9.96,10.75,9.96,10.53,9.77,21732,224862.00,93
BSE,MEGACOR,INE804B01023,XT,2.88,2.95,2.69,2.77,2.82,21203,58162.00,67
BSE,MEGAMONT,INE317D01014,XT,150.90,155.00,150.90,155.00,147.90,233,35960.00,11
BSE,MEGASTAR,INE00EM01016,B,319.20,322.80,313.90,321.35,322.80,163,52368.00,86
BSE,MEGRISOFT,INE756R01013,X,82.97,82.97,78.30,81.79,82.00,79,6369.00,15
BSE,MEHAI,INE062Y01020,X,1.24,1.27,1.22,1.25,1.23,1853972,2313286.00,273
BSE,MEHIF,INE240B01012,X,26.90,28.24,26.90,28.24,26.90,450,12264.00,4
BSE,MEIL,INE0PKD01011,B,271.60,279.75,271.60,276.00,269.95,9320,2575012.00,125
BSE,MENAMANI,INE148B01033,XT,12.95,13.00,12.44,12.66,12.44,622934,7819351.00,218
BSE,MENNPIS,INE650G01029,B,73.49,73.99,71.25,72.32,72.85,20702,1500547.00,308
BSE,MENONBE,INE071D01033,T,247.00,247.00,233.25,234.95,240.00,3673,876028.00,91
BSE,MEP,INE776I01010,Z,0.61,0.61,0.61,0.61,0.60,30724,18741.00,17
BSE,MERCANTILE,INE689O01013,B,25.00,25.00,24.56,24.56,24.99,69,1703.00,7
BSE,MERCTRD,INE319T01016,X,3.78,4.34,3.78,4.34,3.95,105500,450099.00,152
BSE,MERCURYEV,INE763M01028,B,34.99,35.22,34.42,34.92,34.72,24175,843197.00,424
BSE,MERCURYLAB,INE947G01011,X,790.00,790.00,785.30,785.30,818.90,3,2365.00,2
BSE,META,INE958L01034,T,7.01,7.17,6.49,7.17,6.83,3867517,26775625.00,1616
BSE,METAINFO,INE162901016,MT,95.25,95.50,93.55,93.78,98.00,12000,1139280.00,15
BSE,METALCO,INE161E01014,X,55.20,55.20,53.00,54.05,52.77,4417,239360.00,65
BSE,METHODHUB,INE0QZR01017,M,75.50,76.39,71.03,72.01,73.86,14400,1049244.00,20
BSE,METROBRAND,INE317I01021,A,952.35,956.65,932.05,938.30,949.95,6094,5740676.00,577
BSE,METROGLOBL,INE085D01033,B,134.45,137.70,134.45,135.00,135.25,669,90306.00,52
BSE,METROPOLIS,INE112L01020,A,572.35,582.00,551.20,552.25,565.45,10924,6167763.00,437
BSE,METSL,INE318N01011,X,145.85,154.00,143.00,150.40,145.85,6007,896496.00,119
BSE,MFLINDIA,INE244C01020,X,0.38,0.38,0.37,0.38,0.38,403159,151482.00,214
BSE,MFSINTRCRP,INE614F01019,X,14.44,14.44,14.01,14.01,14.74,648,9349.00,2
BSE,MFSL,INE180A01020,A,1504.35,1530.95,1494.85,1524.00,1500.00,18594,28175597.00,1471
BSE,MGEL,INE0APB01032,T,14.36,14.60,14.05,14.23,14.60,17575,250610.00,62
BSE,MGIL,INE368C01019,X,37.10,37.10,36.00,36.50,36.65,2332,84577.00,13
BSE,MGL,INE002S01010,A,1146.65,1146.65,1115.00,1118.90,1134.05,119125,134598084.00,364
BSE,MHLXMIRU,INE112D01035,B,159.00,171.50,159.00,171.50,155.95,10363,1774221.00,133
BSE,MHRIL,INE998I01010,B,228.90,228.90,223.05,225.35,226.25,3911,877694.00,298
BSE,MHSGRMS,INE007G01014,ZP,5.59,5.59,5.59,5.59,5.88,100,559.00,1
BSE,MICEL,INE287C01037,T,36.18,36.84,36.03,36.10,36.82,20137,729395.00,282
BSE,MIDEASTP,INE033E01015,XT,36.20,36.20,34.26,34.26,36.06,1260,45177.00,9
BSE,MIDHANI,INE099Z01011,A,428.00,438.40,400.15,408.10,428.35,118442,49950093.00,3058
BSE,MIDINDIA,INE401C01018,X,5.92,6.10,5.92,6.10,5.90,96,583.00,10
BSE,MIDWESTLTD,INE0XAD01024,B,1174.05,1210.00,1100.00,1115.00,1175.70,4728,5440757.00,573
BSE,MIHIKA,INE779Q01017,X,11.25,11.25,10.06,10.46,10.72,1391,14053.00,14
BSE,MIIL,INE898Q01015,B,719.05,719.85,707.85,711.05,713.80,47649,34046344.00,340
BSE,MIL,INE858Q01019,X,30.50,30.50,28.01,28.37,30.01,2840,82953.00,47
BSE,MILESTONE,INE151H01018,X,16.01,16.50,16.01,16.50,16.05,1043,16776.00,5
BSE,MILLENNIUM,INE570N01025,X,1.80,1.80,1.80,1.80,1.80,141,253.00,6
BSE,MILLWORKS,INE1SRC01010,M,783.15,794.90,762.20,769.90,783.15,101200,78867400.00,213
BSE,MINALIND,INE097E01028,X,2.19,2.19,2.09,2.16,2.09,15032,32429.00,44
BSE,MINAXI,INE952C01028,X,1.32,1.50,1.32,1.42,1.30,10751,15120.00,16
BSE,MINDACORP,INE842C01021,A,722.70,744.10,720.00,737.55,718.75,27401,20171959.00,1076
BSE,MINDSPACE,INE0CCU25019,IF,496.50,497.49,494.00,494.56,495.94,8692,4303326.00,625
BSE,MINDTECK,INE110B01017,B,191.75,194.35,179.15,180.65,191.75,5707,1054780.00,183
BSE,MINID,INE281E01028,X,5.20,5.22,5.10,5.16,5.10,132861,683471.00,223
BSE,MINOLT-RE,INE514C20018,R,0.04,0.04,0.04,0.04,0.04,98467,3938.00,18
BSE,MINOLTAF,INE514C01026,X,1.26,1.32,1.21,1.31,1.26,280062,354033.00,76
BSE,MIRZAINT,INE771A01026,B,32.60,33.05,32.09,32.42,32.84,26098,843910.00,214
BSE,MISHDESIGN,INE0QI101019,M,32.35,32.35,30.25,30.25,32.35,1000,31300.00,2
BSE,MISHKA,INE540S01019,X,45.90,45.90,44.58,44.98,45.00,1100,49544.00,13
BSE,MISHTANN,INE094S01041,X,3.47,3.47,3.40,3.43,3.43,1077852,3690209.00,1553
BSE,MITSHI,INE844D01017,X,12.40,12.40,11.91,12.02,12.00,8493,102053.00,35
BSE,MITSU,INE317V01016,X,155.00,159.25,153.00,157.55,153.55,31947,5003498.00,190
BSE,MITTALSTL,INE833Q01012,M,27.00,27.00,27.00,27.00,27.00,3000,81000.00,2
BSE,MIVENMACH,INE338P01014,X,86.45,86.45,86.45,86.45,91.00,2,172.00,2
BSE,MIZVEN,INE681K01026,X,35.43,35.43,35.43,35.43,37.29,38380,1359803.00,37
BSE,MKEXIM,INE227F01010,X,57.22,58.00,57.05,57.05,58.22,6409,366389.00,50
BSE,MKPL,INE964W01021,B,4.22,4.22,4.14,4.18,4.19,6922,28949.00,51
BSE,MKPMOB,INE676G01024,X,149.00,149.00,149.00,149.00,150.00,1,149.00,1
BSE,MKTCREAT,INE944C01017,X,14.10,14.11,14.10,14.11,14.17,870,12268.00,2
BSE,MKVENTURES,INE874A01010,X,1080.00,1094.00,1033.20,1059.85,1085.00,443,470105.00,40
BSE,MLKFOOD,INE588G01021,X,75.10,80.00,72.00,77.51,75.46,16764,1278994.00,166
BSE,MMFL,INE227C01017,B,639.40,654.35,632.55,637.90,643.35,8249,5308429.00,282
BSE,MMLF,INE340O01021,B,0.62,0.63,0.62,0.63,0.62,11281,7067.00,15
BSE,MMRUBBR-B,INE159E01026,X,60.41,60.58,58.00,58.80,61.60,2819,165873.00,63
BSE,MMTC,INE123F01029,B,65.55,66.30,64.05,64.45,64.79,132626,8641109.00,658
BSE,MMWL,INE200D01020,B,15.42,16.23,15.20,15.33,16.00,15180,234563.00,89
BSE,MNFL,INE0UH001016,M,161.00,161.50,161.00,161.50,159.00,3600,580800.00,3
BSE,MNIL,INE216Q01010,X,32.90,32.90,30.00,30.40,31.23,2992,92284.00,31
BSE,MOBAVENUE,INE622Q01027,X,338.50,338.50,300.00,320.20,307.75,103462,33427490.00,1497
BSE,MOBIKWIK,INE0HLU01028,B,214.50,214.50,206.40,206.90,212.25,47655,9939622.00,559
BSE,MODAIRY,INE617B01011,X,28.61,32.00,28.40,30.04,28.24,120927,3628055.00,367
BSE,MODINATUR,INE537F01012,T,391.00,391.20,390.00,390.00,390.35,85,33239.00,5
BSE,MODINSU,INE219W01012,XT,463.00,489.00,455.00,483.80,469.95,62748,29440942.00,947
BSE,MODIPON,INE170C01019,X,35.31,35.31,33.63,35.31,33.63,630,21857.00,11
BSE,MODIS,INE0L0L01012,B,405.75,420.45,403.45,404.25,410.20,3359,1361959.00,84
BSE,MODISONLTD,INE737D01021,T,325.00,325.70,300.35,310.40,310.25,57935,18550331.00,353
BSE,MODMA,INE834C01028,P,42.74,42.74,42.50,42.50,40.71,900,38410.00,5
BSE,MODRNSH,INE370A01019,X,37.99,37.99,34.66,35.66,37.99,278,9983.00,31
BSE,MODTHREAD,INE794W01014,B,45.91,45.91,45.91,45.91,45.71,1,45.00,1
BSE,MODULEX,INE064R01012,Z,18.00,18.39,16.70,16.92,17.57,29191,495356.00,46
BSE,MOHITE,INE154B01023,X,2.74,2.74,2.60,2.63,2.68,28992,76301.00,63
BSE,MOHITIND,INE954E01012,B,26.30,26.30,25.11,25.20,26.50,882,22537.00,16
BSE,MOHITPPR,INE388C01017,X,28.50,29.35,28.00,29.35,28.76,1618,46235.00,15
BSE,MOIL,INE490G01020,A,278.05,288.70,278.05,281.65,280.05,77645,22025244.00,1349
BSE,MOL,INE0CT101020,B,57.00,59.59,56.15,57.37,57.18,173617,10042255.00,781
BSE,MOLDTECH,INE835B01035,T,181.35,181.35,174.15,177.85,183.30,11879,2098019.00,204
BSE,MOLDTKPAC,INE893J01029,B,679.00,688.70,676.55,686.45,677.55,1570,1072685.00,145
BSE,MONARCH,INE903D01011,B,378.65,389.00,374.85,378.00,376.45,8373,3201601.00,249
BSE,MONEYBOXX,INE296Q01012,B,65.00,65.00,60.00,61.25,62.00,11167,681194.00,11
BSE,MONGIPA,INE153K01018,X,16.00,16.00,15.50,15.99,15.55,1349,21258.00,14
BSE,MONIKA,INE0LCG01010,M,178.85,178.85,157.50,160.25,178.85,65200,10759800.00,85
BSE,MONIND,INE407E01029,X,25.22,25.22,22.83,22.83,24.02,85,2131.00,4
BSE,MONOT,INE811D01024,X,0.34,0.34,0.32,0.33,0.33,690535,230909.00,394
BSE,MONTECARLO,INE950M01013,B,504.80,508.25,498.30,500.60,504.80,5695,2865606.00,234
BSE,MORARKFI,INE367A01015,X,61.79,61.90,60.20,60.50,61.79,101,6151.00,8
BSE,MOREPENLAB,INE083A01026,B,77.01,77.57,73.00,73.55,76.89,738877,55478598.00,2944
BSE,MORGAN,INE902C01015,X,44.50,46.39,44.17,45.80,44.49,1192,53717.00,16
BSE,MOSCHIP,INE935B01025,A,208.55,208.70,204.50,205.10,207.85,80089,16449274.00,1202
BSE,MOTHERSON,INE775A01035,A,170.55,171.85,168.65,169.00,168.90,1793699,306542210.00,5386
BSE,MOTILALOFS,INE338I01027,A,883.50,899.00,874.00,895.00,890.95,52096,46110417.00,2040
BSE,MOTISONS,INE0FRK01020,B,13.98,14.20,13.56,13.63,14.04,698469,9640456.00,843
BSE,MOTOGENFIN,INE861B01023,T,26.50,26.50,26.06,26.07,26.88,300,7821.00,5
BSE,MPAGI,INE468C01017,X,7.38,8.00,7.38,8.00,8.20,165,1270.00,6
BSE,MPCOSEMB,INE860N01012,X,22.68,22.68,20.52,20.54,21.60,25247,547470.00,34
BSE,MPFSL,INE095E01022,X,3.61,3.61,3.61,3.61,3.01,4,14.00,1
BSE,MPHASIS,INE356A01018,A,2535.00,2540.00,2473.65,2501.00,2540.00,12078,30175548.00,1469
BSE,MPILCORPL,INE844C01027,XT,356.80,376.45,345.00,376.45,358.55,16,5846.00,4
BSE,MPKSTEELS,INE1PJP01015,M,97.45,97.45,97.45,97.45,97.05,44800,4365760.00,2
BSE,MPL,INE343A01016,X,6.15,6.15,6.10,6.10,6.15,3058,18776.00,17
BSE,MPSLTD,INE943D01017,B,2821.90,2886.35,2808.75,2871.20,2852.90,2285,6521604.00,257
BSE,MRCAGRO,INE333Y01017,B,31.89,31.89,29.71,30.25,31.11,43242,1326665.00,159
BSE,MRF,INE883A01011,A,131500.00,131940.00,130500.70,130801.70,131189.45,342,44759628.00,271
BSE,MRPL,INE103A01014,A,180.05,180.85,173.55,175.30,181.15,641100,114072622.00,5365
BSE,MRTX,INE1RQS01010,M,343.95,343.95,332.20,336.15,337.65,70000,23500650.00,70
BSE,MRUTR,INE738D01029,XT,94.43,94.43,94.43,94.43,96.35,11137,1051666.00,196
BSE,MSAFE,INE2B5L01011,MT,204.85,215.05,203.00,215.05,204.85,63000,13184300.00,42
BSE,MSCTC,INE277E01026,X,70.00,70.88,64.14,64.14,67.51,24179,1634321.00,220
BSE,MSECL,INE0V0L01028,M,222.10,229.95,220.10,222.50,223.25,13800,3105510.00,21
BSE,MSL,INE829S01016,X,149.30,152.00,142.50,142.70,149.35,1627,240480.00,23
BSE,MSLGLOBAL,INE856D01011,X,15.01,15.97,15.00,15.78,15.50,1728,25990.00,16
BSE,MSPL,INE752G01015,B,35.43,35.58,34.55,34.86,35.53,123022,4289038.00,316
BSE,MSTCLTD,INE255X01014,B,571.95,598.00,571.95,589.00,570.95,12667,7420374.00,414
BSE,MSUMI,INE0FS801015,A,41.05,41.21,40.59,41.01,41.00,531547,21790182.00,2315
BSE,MTARTECH,INE864I01014,T,6740.00,7188.00,6720.00,7125.70,6889.75,12296,86321766.00,2034
BSE,MTEDUCARE,INE472M01018,T,2.00,2.00,2.00,2.00,2.00,100,200.00,2
BSE,MTNL,INE153A01019,B,27.69,27.69,26.90,26.97,27.37,68195,1850643.00,436
BSE,MTPL,INE245H01018,XT,16.65,16.65,16.65,16.65,16.98,115,1914.00,3
BSE,MUFIN,INE08KJ01020,B,143.90,143.90,131.90,135.95,135.65,146557,19968002.00,927
BSE,MUFTI,INE220Q01020,B,83.10,83.10,77.50,80.02,83.10,25199,2002892.00,497
BSE,MUKANDLTD,INE304A01026,B,140.05,143.55,134.70,135.65,140.05,126913,17795098.00,1553
BSE,MUKATPIP,INE862C01029,XT,16.99,16.99,16.91,16.99,17.13,3654,62041.00,12
BSE,MUKKA,INE0CG401037,B,23.30,24.65,23.30,24.16,23.79,170028,4058690.00,368
BSE,MUKTA,INE160O01031,X,2.65,2.70,2.65,2.70,2.65,977,2589.00,10
BSE,MUKTAARTS,INE374B01019,T,56.10,56.56,56.10,56.56,57.60,40,2248.00,2
BSE,MUL,INE150D01027,X,8.06,8.06,7.81,7.88,7.89,13097,104250.00,60
BSE,MULLER,INE003F01015,X,218.75,220.00,208.40,208.40,218.75,183,39599.00,8
BSE,MULTIBASE,INE678F01014,X,206.00,207.90,192.10,196.20,191.80,46802,9196361.00,582
BSE,MUNCAPM,INE910G01027,XT,100.00,100.00,100.00,100.00,103.70,3,300.00,3
BSE,MUNJALAU,INE672B01032,B,102.00,102.25,99.50,100.40,102.20,11538,1159795.00,184
BSE,MUNJALSHOW,INE577A01027,B,135.60,135.60,132.25,132.25,135.20,1168,157083.00,96
BSE,MUNOTHFI,INE348D01019,XT,47.48,47.49,47.48,47.49,46.56,569,27021.00,4
BSE,MURUDCERA,INE692B01014,B,32.48,32.48,31.34,32.06,31.49,6844,218873.00,73
BSE,MUTHOOTCAP,INE296G01013,B,256.90,261.25,256.90,260.00,258.65,886,230430.00,36
BSE,MUTHOOTFIN,INE414G01012,A,2928.80,2930.50,2869.25,2900.00,2925.00,39965,115455098.00,5027
BSE,MUTHOOTMF,INE046W01019,B,219.45,219.45,212.40,213.20,219.40,31745,6852560.00,585
BSE,MVELECTRO,INE0OWZ01020,B,600.05,607.30,570.75,584.15,599.60,185270,108368818.00,4547
BSE,MVGJL,INE0KNT01012,B,160.00,164.60,155.05,155.80,162.95,3303,523490.00,137
BSE,MWL,INE0JYY01029,B,42.40,42.40,41.30,41.54,41.88,7895,330311.00,70
BSE,MYMONEY,INE232L01018,X,34.99,35.89,30.85,35.89,32.64,3663,120556.00,28
BSE,MYSORPETRO,INE741A01011,X,111.00,111.00,102.00,103.00,108.56,2443,254528.00,60
BSE,MYSTICELE,INE159O01033,X,3.53,3.53,3.43,3.49,3.42,2581,9079.00,9
BSE,NACDAC,INE0LB101011,M,25.75,26.48,25.00,25.00,25.89,12000,308920.00,3
BSE,NACLIND,INE295D01020,B,178.05,178.05,170.50,171.45,176.50,27056,4672998.00,646
BSE,NAGPI,INE099E01016,X,200.50,202.05,186.10,187.75,199.75,15712,3079707.00,144
BSE,NAGREEKCAP,INE245I01016,B,22.45,23.75,22.11,23.00,23.78,958,21683.00,13
BSE,NAGREEKEXP,INE123B01028,B,21.70,24.70,21.70,22.64,22.56,95417,2178429.00,79
BSE,NAGTECH,INE793H01017,X,42.55,45.90,42.25,44.99,44.47,4822,207032.00,30
BSE,NAHARCAP,INE049I01012,B,261.00,265.20,255.00,255.00,263.45,176,45413.00,49
BSE,NAHARINDUS,INE289A01011,B,128.00,128.00,118.30,120.65,128.30,11011,1333615.00,165
BSE,NAHARPOLY,INE308A01027,B,248.60,252.40,246.95,249.40,250.65,1064,264498.00,126
BSE,NAHARSPING,INE290A01027,B,311.00,311.00,297.85,304.65,308.20,4391,1329441.00,221
BSE,NAKSH,INE256S01012,Z,3.70,3.81,3.63,3.70,3.63,3000,11328.00,11
BSE,NAM,INE792G01011,XT,89.60,93.49,89.60,93.49,94.07,101,9053.00,3
BSE,NAM-INDIA,INE298J01013,A,1175.95,1183.00,1167.20,1170.00,1193.90,27962,32855245.00,1273
BSE,NANTA,INE0YJA01011,M,400.95,400.95,358.65,358.65,398.50,78600,28347030.00,108
BSE,NAPEROL,INE585A01020,X,652.00,666.00,645.05,649.45,648.95,1733,1128657.00,59
BSE,NAPL,INE223R01014,X,192.00,192.00,182.00,186.65,186.45,1178,220271.00,49
BSE,NAPSGLOBAL,INE0VNH01014,M,48.00,48.00,48.00,48.00,45.75,1600,76800.00,1
BSE,NARMADA,INE117Z01029,B,13.69,14.50,13.43,14.32,13.48,61859,859748.00,408
BSE,NARMADESH,INE0S1B01014,MT,307.00,307.00,307.00,307.00,293.00,240,73680.00,1
BSE,NARMP,INE060D01028,X,20.75,21.52,20.70,21.38,20.50,45783,969702.00,96
BSE,NARPROP,INE603F01012,X,40.00,40.00,39.49,39.49,40.39,24,955.00,5
BSE,NATCAPSUQ,INE936B01015,B,162.70,162.70,158.10,160.05,166.15,766,123922.00,41
BSE,NATCOPHARM,INE987B01026,A,906.40,922.00,906.00,915.00,906.90,22695,20780406.00,884
BSE,NATFIT,INE643C01015,X,172.00,172.00,160.00,164.85,169.80,14176,2309827.00,110
BSE,NATGENI,INE654H01011,X,61.40,61.40,56.00,60.28,58.60,1007,56424.00,10
BSE,NATHBIOGEN,INE448G01010,B,159.00,159.00,154.50,155.55,157.90,396,61837.00,26
BSE,NATHIND,INE777A01023,X,51.50,51.50,48.50,50.30,51.50,2367,120473.00,14
BSE,NATHUEC,INE487B01019,XT,35.84,35.84,35.14,35.14,35.84,357,12619.00,6
BSE,NATIONALUM,INE139A01034,A,395.15,422.00,395.15,418.50,387.90,1641054,683072375.00,22249
BSE,NATIONSTD,INE166R01015,B,165.90,165.90,165.90,165.90,174.60,11802,1957951.00,36
BSE,NATPLAS,INE233D01013,X,44.00,44.00,40.81,41.00,41.93,2631,109133.00,36
BSE,NATPLASTI,INE896D01017,X,228.00,228.40,210.25,216.15,228.30,521,114415.00,34
BSE,NATPLY,INE497C01016,Z,2.80,2.80,2.80,2.80,2.80,1,2.00,1
BSE,NATRAJPR,INE444D01016,X,39.57,39.57,37.98,39.29,37.79,99,3824.00,7
BSE,NATURAL,INE06MM01016,X,4.50,4.80,3.99,4.10,4.43,383948,1602740.00,375
BSE,NAUKRI,INE663F01032,A,1364.80,1364.85,1330.00,1345.00,1358.00,38507,51785790.00,3368
BSE,NAVA,INE725A01030,A,564.55,598.00,564.55,589.05,569.45,55736,32857768.00,1534
BSE,NAVINFLUOR,INE048G01026,A,8248.80,8446.65,8130.00,8348.90,8155.35,11462,95674572.00,1826
BSE,NAVKARCORP,INE278M01019,B,98.90,100.35,98.80,100.20,99.75,33952,3374336.00,330
BSE,NAVKARURB,INE268H01044,T,1.00,1.04,1.00,1.02,1.01,9323,9565.00,25
BSE,NAVNETEDUL,INE060A01024,B,132.65,135.80,131.35,134.75,132.70,5088,679461.00,109
BSE,NAZARA,INE418L01047,A,356.40,357.90,350.00,351.95,355.05,23120,8172531.00,960
BSE,NBCC,INE095N01031,A,94.54,94.54,90.95,92.20,93.51,525921,48600669.00,3160
BSE,NBFOOT,INE006F01018,P,6.67,6.67,6.05,6.37,6.36,25200,163064.00,31
BSE,NBL,INE0GOA01018,TS,132.50,132.50,132.50,132.50,126.25,2400,318000.00,1
BSE,NCC,INE868B01028,A,144.75,145.45,143.00,143.45,144.75,89805,12918323.00,923
BSE,NCCBLUE,INE630N01019,P,17.49,18.74,17.49,18.74,17.85,900,16597.00,4
BSE,NCLIND,INE732C01016,B,173.95,175.05,173.00,173.20,174.00,370,64347.00,37
BSE,NCLRESE,INE132F01038,XT,0.67,0.67,0.66,0.67,0.64,1722581,1153920.00,492
BSE,NCML,INE346R01013,M,82.50,82.50,82.50,82.50,85.60,1600,132000.00,1
BSE,NDASEC,INE026C01013,X,27.02,28.50,27.02,28.46,27.05,269,7653.00,6
BSE,NDL,INE875G01048,B,2.27,2.37,2.06,2.33,2.33,181838,411515.00,199
BSE,NDLVENTURE,INE353A01023,B,126.40,131.00,126.20,131.00,127.05,221,28343.00,23
BSE,NDRAUTO,INE07OG01012,B,814.70,826.35,807.40,809.60,831.30,2617,2136878.00,297
BSE,NDTV,INE155G01029,B,77.01,77.01,75.46,76.16,76.84,7700,586522.00,81
BSE,NECCLTD,INE553C01016,T,14.72,15.65,14.51,14.95,14.93,198,2936.00,12
BSE,NECLIFE,INE023H01027,T,10.55,10.85,10.50,10.74,10.55,21375,229113.00,49
BSE,NEELKAN,INE741D01015,Z,61.74,61.74,61.74,61.74,63.00,1132,69889.00,8
BSE,NEELKANTH,INE581D01015,X,41.47,41.47,37.53,39.98,39.50,422,16629.00,8
BSE,NEETUYOSHI,INE0UZO01024,MT,162.00,162.00,154.65,159.80,162.75,60800,9579680.00,73
BSE,NEIL,INE396C01010,X,7.15,7.45,6.66,7.08,7.02,3521,24829.00,37
BSE,NELCAST,INE189I01024,B,122.95,122.95,118.40,120.00,121.90,5676,680690.00,104
BSE,NELCO,INE045B01015,B,990.00,1003.45,972.50,973.75,994.50,11511,11311215.00,456
BSE,NEOGEN,INE136S01016,B,2061.00,2081.65,2016.40,2072.05,2093.25,4557,9346491.00,490
BSE,NEOINFRA,INE216I01017,X,37.60,41.90,37.60,40.00,39.50,328,13105.00,12
BSE,NEPHROPLUS,INE428V01029,B,725.05,725.05,677.40,679.40,714.80,34879,24233564.00,1966
BSE,NEPLOG,INE1NQ501012,MT,34.10,34.60,34.00,34.60,33.10,3000,102700.00,3
BSE,NESCO,INE317F01035,A,1040.00,1058.00,1030.95,1048.35,1045.95,1477,1535610.00,130
BSE,NESTLEIND,INE239A01024,A,1490.35,1514.45,1490.35,1498.90,1490.00,56289,84474831.00,3118
BSE,NETLINK,INE040F01033,X,164.90,171.75,164.90,170.95,166.80,791,132238.00,14
BSE,NETTLINX,INE027D01019,X,14.99,14.99,14.00,14.50,14.72,13274,190727.00,76
BSE,NETWEB,INE0NT901020,A,4899.70,4907.70,4754.00,4838.45,4857.90,40597,196138634.00,4094
BSE,NETWORK18,INE870H01013,A,29.14,29.14,28.55,28.66,29.18,161619,4652030.00,935
BSE,NEUEON,INE333I01044,T,15.67,15.67,15.00,15.67,14.93,30048,467891.00,50
BSE,NEULANDLAB,INE794A01010,A,23354.70,23354.70,22406.00,22505.60,22951.70,1139,25969381.00,411
BSE,NEWGEN,INE619B01017,A,563.85,563.85,526.00,535.60,554.90,61752,33300422.00,1543
BSE,NEWINFRA,INE997D01021,X,1.96,2.02,1.90,1.93,1.97,121419,235203.00,216
BSE,NEWLIGHT,INE835U01027,XT,1.62,1.69,1.54,1.54,1.62,97290,150988.00,99
BSE,NEWMKTAVE,INE800K01014,XT,56.15,56.15,56.15,56.15,55.05,1,56.00,1
BSE,NEWTRAC,INE229N01010,X,3.26,3.36,3.26,3.36,3.20,56904,189629.00,121
BSE,NEXOME,INE641A01013,XT,109.65,121.00,109.65,119.80,115.40,1519,171115.00,32
BSE,NEXTMEDIA,INE747B01016,B,3.61,3.89,3.61,3.65,3.71,1840,6909.00,13
BSE,NEXUSSURGL,INE370Q01015,X,17.50,18.89,17.02,17.78,17.51,2751,48786.00,50
BSE,NFL,INE870D01012,B,72.40,72.40,71.39,71.95,71.89,35059,2515129.00,287
BSE,NGIL,INE236Y01012,T,40.00,40.15,40.00,40.15,41.77,195,7803.00,2
BSE,NGIND,INE825C01018,X,113.40,117.65,112.00,116.00,116.00,841,95557.00,12
BSE,NGLFINE,INE887E01022,B,3441.70,3595.00,3397.85,3411.85,3459.45,1229,4238729.00,199
BSE,NH,INE410P01011,A,1845.30,1858.40,1820.00,1830.90,1849.90,34275,62751361.00,2704
BSE,NHCFOODS,INE141C01036,XT,1.28,1.30,1.27,1.30,1.24,11759129,15224752.00,2477
BSE,NHPC,INE848E01016,A,76.94,76.94,76.02,76.85,76.78,246571,18815587.00,1504
BSE,NIACL,INE470Y01017,A,179.80,187.00,178.60,180.65,179.40,243586,44473542.00,2340
BSE,NIBE,INE149O01018,B,1435.00,1472.30,1420.00,1457.70,1434.70,12465,18068510.00,659
BSE,NIBL,INE047O01014,B,33.00,33.56,32.48,33.27,33.72,3181,104319.00,99
BSE,NICCOPAR,INE653C01022,X,70.13,75.00,70.13,72.52,74.00,750,55560.00,33
BSE,NIDHGRN,INE276H01013,XT,302.10,302.10,302.10,302.10,318.00,338,102109.00,17
BSE,NIHARINF,INE876E01033,X,7.17,7.17,6.48,6.48,7.20,8778,57245.00,16
BSE,NIITLTD,INE161A01038,B,96.15,96.15,93.30,93.51,95.31,13689,1287973.00,69
BSE,NIITMTS,INE342G01023,B,244.05,244.35,240.60,242.70,245.35,8361,2021583.00,361
BSE,NIKHILAD,INE926C01022,X,81.79,83.00,75.66,76.97,80.30,15599,1226387.00,150
BSE,NIKKIGL,INE526C01012,X,20.60,21.00,20.60,20.90,20.00,474,9813.00,9
BSE,NIKSTECH,INE0GX601011,TS,304.50,304.50,304.50,304.50,290.30,300,91350.00,1
BSE,NILACHAL,INE416N01013,X,38.00,39.59,37.00,39.59,36.44,34,1264.00,7
BSE,NILAINFRA,INE937C01029,B,7.39,7.41,7.24,7.25,7.34,13517,98525.00,33
BSE,NILASPACES,INE00S901012,B,12.16,12.71,12.10,12.15,12.39,83063,1031316.00,292
BSE,NILE,INE445D01013,B,1514.60,1597.95,1514.60,1591.65,1507.85,1142,1786372.00,178
BSE,NILKAMAL,INE310A01015,B,1879.70,1879.70,1821.00,1857.50,1870.75,2883,5329735.00,326
BSE,NIMBSPROJ,INE875B01015,B,183.05,184.50,183.05,184.45,183.00,180,33183.00,7
BSE,NINSYS,INE395U01014,B,720.00,740.70,709.00,725.50,719.20,217,157322.00,40
BSE,NIPPOBATRY,INE567A01028,B,332.00,333.10,325.00,333.10,330.00,117,38151.00,14
BSE,NIRAJ,INE368I01016,T,28.80,29.30,28.72,29.17,29.10,489,14263.00,11
BSE,NIRLON,INE910A01012,B,642.15,643.25,635.15,638.10,640.35,198,126193.00,31
BSE,NISUS,INE0DQN01013,M,181.00,184.80,177.00,178.70,182.90,16800,3015620.00,41
BSE,NITCO,INE858F01012,B,97.15,98.70,93.95,96.70,96.70,23134,2209233.00,256
BSE,NITINCAST,INE861H01020,X,383.90,383.90,368.95,368.95,388.35,348,130301.00,28
BSE,NITINSPIN,INE229H01012,B,566.95,566.95,536.20,538.35,561.85,7302,4042753.00,297
BSE,NITTAGELA,INE265B01019,B,1762.95,1762.95,1578.00,1586.50,1611.70,589,940959.00,121
BSE,NIVABUPA,INE995S01015,A,85.44,85.47,83.70,84.16,85.46,35719,3019190.00,217
BSE,NIVAKA,INE139E01028,X,0.50,0.50,0.50,0.50,0.48,21876,10938.00,16
BSE,NIYOGIN,INE480D01010,X,54.60,55.49,51.56,55.02,53.90,274346,14820550.00,584
BSE,NKIND,INE542C01019,B,54.04,54.04,54.04,54.04,61.15,100,5404.00,1
BSE,NLCINDIA,INE589A01014,A,286.05,286.05,274.60,276.80,286.80,183938,51524191.00,3903
BSE,NLFL,INE606C01012,X,37.01,41.72,37.01,38.51,36.83,600,23253.00,14
BSE,NMDC,INE584A01023,A,85.99,86.00,84.78,85.40,85.35,1330237,113234674.00,2719
BSE,NMSGLOBAL,INE169F01014,X,56.00,56.30,53.73,53.73,56.55,9049,486396.00,97
BSE,NOBPOL,INE203Q01026,XT,8.94,8.94,8.94,8.94,8.77,48193,430845.00,18
BSE,NOCIL,INE163A01018,B,167.75,167.75,162.80,163.40,165.85,23814,3901946.00,344
BSE,NOIDATOLL,INE781B01015,T,4.20,4.28,4.02,4.14,4.14,7697,31811.00,47
BSE,NOL,INE296D01010,X,58.55,60.28,57.10,58.73,59.38,1213,71253.00,18
BSE,NORBTEAEXP,INE369C01017,B,62.09,64.34,62.09,64.34,63.69,11,685.00,5
BSE,NORRIS,INE744C01029,X,16.00,16.80,16.00,16.25,16.00,1066,17788.00,15
BSE,NORTHARC,INE850M01015,A,284.00,286.90,280.85,283.55,282.20,22561,6387264.00,347
BSE,NOUVEAU,INE317B01042,X,0.28,0.28,0.28,0.28,0.26,275635,77177.00,50
BSE,NOVAAGRI,INE02H701025,T,24.30,25.09,24.01,24.75,24.34,15332,381976.00,64
BSE,NOVARTIND,INE234A01025,B,1588.90,1630.00,1585.50,1594.65,1588.90,669,1080670.00,98
BSE,NOVELIX,INE314I01036,XT,78.97,78.97,72.96,72.99,76.79,2342,174679.00,39
BSE,NOVIS,INE608C01026,X,12.46,12.50,12.15,12.35,12.46,550,6792.00,17
BSE,NOVUS,INE1TFS01019,M,145.75,146.25,141.95,145.70,143.60,48000,6983400.00,21
BSE,NPL,INE0PO601011,XT,585.00,612.05,571.05,612.05,582.95,4365,2656193.00,130
BSE,NPST,INE0FFK01017,B,1421.15,1576.60,1412.05,1530.05,1537.30,5911,8844460.00,507
BSE,NRAIL,INE740D01017,B,521.20,525.85,520.40,524.10,519.90,204,106569.00,25
BSE,NRBBEARING,INE349A01021,B,458.80,471.95,445.00,460.35,455.85,42498,19383372.00,1271
BSE,NSDL,INE301O01023,A,816.10,820.00,811.40,812.60,816.10,344002,280153865.00,16988
BSE,NSIL,INE023A01030,B,5620.00,5626.45,5528.00,5547.80,5601.00,75,416928.00,29
BSE,NSL,INE01BL01012,B,129.00,129.75,128.05,128.90,128.25,1108,142821.00,38
BSE,NSLNISP,INE0NNS01018,A,44.63,44.63,43.73,43.98,44.13,173384,7650689.00,883
BSE,NTCIND,INE920C01017,X,146.00,146.00,141.45,143.40,140.75,664,95159.00,46
BSE,NTPC,INE733E01010,A,337.65,341.45,335.40,338.30,339.00,599033,201975153.00,7093
BSE,NTPCGREEN,INE0ONG01011,A,93.60,93.60,91.66,92.34,92.97,119764,11052095.00,1218
BSE,NUCLEUS,INE096B01018,B,686.30,701.50,686.30,690.05,693.90,825,569747.00,100
BSE,NUKLEUS,INE0VYX01018,M,210.00,210.00,210.00,210.00,210.00,1800,378000.00,2
BSE,NURECA,INE0DSF01015,T,331.00,334.05,330.00,334.05,318.15,322,107175.00,19
BSE,NUTECGLOB,INE960H01012,X,22.66,22.66,22.66,22.66,21.59,72,1631.00,1
BSE,NUTRICIRCLE,INE536C01029,X,255.05,255.05,255.05,255.05,260.25,26,6631.00,2
BSE,NUVAMA,INE531F01023,A,1718.00,1718.00,1673.20,1696.80,1706.10,16657,28210155.00,835
BSE,NUVOCO,INE118D01016,A,331.00,334.45,326.60,333.70,330.85,20639,6816949.00,612
BSE,NVENTURES,INE0E5R01017,M,89.90,89.90,89.90,89.90,89.50,750,67425.00,1
BSE,NWIL,INE882B01037,X,25.55,25.90,24.95,25.02,25.54,136553,3431133.00,536
BSE,NXST,INE0NDH25011,IF,168.18,168.99,166.20,166.87,168.47,7063,1184369.00,569
BSE,NYKAA,INE388Y01029,A,326.60,328.05,321.60,328.05,326.00,184855,60068024.00,3675
BSE,NYSSACORP,INE812K01027,X,2.25,2.28,2.19,2.20,2.25,27258,59996.00,61
BSE,OAL,INE959C01023,B,375.20,375.45,360.30,361.75,378.70,1285,472835.00,61
BSE,OASISEC,INE876A01023,X,12.47,12.47,11.34,11.39,12.11,52432,598697.00,34
BSE,OBCL,INE426Z01016,B,54.43,54.43,54.43,54.43,52.25,200,10886.00,2
BSE,OBEROIRLTY,INE093I01010,A,1775.90,1790.00,1765.05,1790.00,1788.45,12341,21878165.00,1262
BSE,OCCLLTD,INE0PK601023,T,157.50,157.50,149.90,150.15,157.75,8543,1288107.00,169
BSE,OCEANIC,INE711V01010,X,54.80,54.80,52.00,53.85,53.29,5616,302352.00,16
BSE,OCTAL,INE513C01010,X,19.96,19.96,19.50,19.50,19.01,37,722.00,3
BSE,OCTAVE,INE814L01013,X,3.56,3.65,3.52,3.60,3.62,7302,26031.00,23
BSE,ODIGMA,INE054301028,B,22.55,22.98,22.24,22.24,22.63,3235,73495.00,98
BSE,ODYCORP,INE839E01023,X,7.13,7.13,6.80,7.00,6.74,49287,344238.00,142
BSE,ODYSSEY,INE213B01019,X,37.50,38.87,36.18,38.44,36.72,11976,449784.00,111
BSE,OFSS,INE881D01027,A,11982.30,11982.30,11545.00,11651.00,11823.60,11475,134426851.00,3595
BSE,OIL,INE274J01014,A,476.50,476.50,466.80,472.50,470.00,210897,99236373.00,2787
BSE,OILCOUNTUB,INE591A01010,T,61.12,61.12,58.66,58.68,61.74,1395,82022.00,20
BSE,OIVL,INE125F01032,X,6.07,6.07,5.73,5.89,5.78,98703,583167.00,82
BSE,OKPLA,INE870B01024,XT,3.65,3.65,3.48,3.51,3.66,542734,1900267.00,517
BSE,OLAELEC,INE0LXG01040,A,39.81,40.80,39.29,39.86,39.64,2470566,98588319.00,4616
BSE,OLATECH,INE0M3901015,M,66.00,66.00,63.20,63.48,66.52,8325,530811.00,9
BSE,OLECTRA,INE260D01016,A,1403.95,1403.95,1375.00,1383.80,1391.60,16257,22513947.00,735
BSE,OLPCL,INE550L01013,X,2.98,2.98,2.98,2.98,2.98,542,1615.00,5
BSE,OLYMPTX,INE482O01021,X,30.01,34.00,28.51,28.55,30.67,1312,39201.00,48
BSE,OLYMTFI,INE091N01014,XT,10.60,10.60,10.60,10.60,10.10,50,530.00,1
BSE,OLYOI,INE286E01019,X,24.21,24.21,24.21,24.21,25.48,20,484.00,2
BSE,OMAXAUTO,INE090B01011,B,203.40,214.10,195.30,208.10,203.40,12894,2667712.00,226
BSE,OMAXE,INE800H01010,B,82.50,84.81,81.00,81.89,83.18,13802,1130735.00,195
BSE,OMEAG,INE112B01013,X,9.82,9.82,9.33,9.33,9.82,792,7719.00,7
BSE,OMEGAIN,INE113B01037,X,33.02,33.02,33.02,33.02,34.75,37358,1233561.00,469
BSE,OMFREIGHT,INE1BZC01019,T,94.21,96.00,91.01,95.90,94.21,554,52712.00,10
BSE,OMINFRAL,INE239D01028,B,88.50,89.90,87.00,88.53,86.54,12875,1141109.00,211
BSE,OMKARPH,INE501C01015,X,14.97,14.97,14.97,14.97,15.75,48,718.00,5
BSE,OML,INE0R8Q01018,MT,30.53,33.50,30.51,33.50,32.11,11200,347248.00,7
BSE,OMNI,INE0UH301010,B,601.90,605.15,561.00,573.00,598.05,148634,87703214.00,2443
BSE,OMNIAX,INE369B01019,X,3.25,3.84,3.25,3.84,3.25,822,3144.00,5
BSE,OMNIPOTENT,INE0JFE01012,M,2.25,2.40,2.16,2.40,2.40,26000,57960.00,8
BSE,OMNITEX,INE814D01010,XT,760.00,820.00,760.00,795.00,799.95,1827,1414059.00,34
BSE,OMPOWER,INE25E901019,B,166.95,166.95,159.15,160.05,168.85,20539,3302997.00,592
BSE,ONEGLOBAL,INE670O01013,X,648.85,656.55,620.00,626.85,625.30,40812,26363911.00,803
BSE,ONEINDIG,INE0UR501013,MT,138.70,143.45,134.00,143.45,136.62,56400,7864932.00,37
BSE,ONELIFECAP,INE912L01015,T,31.00,31.99,30.34,30.56,31.92,9500,294798.00,26
BSE,ONEPOINT,INE840Y01029,B,59.60,60.75,57.61,59.91,58.65,103748,6230814.00,286
BSE,ONESOURCE,INE013P01021,A,1600.00,1608.10,1531.05,1539.70,1598.00,7659,11985771.00,815
BSE,ONGC,INE213A01029,A,239.75,241.20,238.65,239.20,240.00,693592,166228373.00,6535
BSE,ONIDA,INE831A01028,B,38.56,38.56,36.86,37.13,38.56,53549,2005643.00,738
BSE,ONIXSOLAR,INE173M01012,X,437.75,437.75,437.75,437.75,460.75,2938,1286109.00,68
BSE,ONMOBILE,INE809I01019,T,65.71,65.71,65.71,65.71,67.05,2204,144824.00,21
BSE,ONTIC,INE989S01042,XT,1.86,1.95,1.78,1.88,1.86,194699,356657.00,140
BSE,ONWARDTEC,INE229A01017,B,284.75,291.90,279.10,288.75,286.20,8539,2426628.00,174
BSE,OONE,INE860E01011,X,6.70,6.70,6.50,6.50,6.84,1650,10785.00,6
BSE,OPTIEMUS,INE350C01017,B,539.55,570.00,539.00,558.75,543.65,4631,2538181.00,316
BSE,OPTIFIN,INE031G01022,X,11.79,11.90,11.61,11.69,11.71,6762,79359.00,51
BSE,ORBTEXP,INE231G01010,T,265.00,265.00,265.00,265.00,278.90,152,40280.00,18
BSE,ORCHASP,INE215B01022,B,1.56,1.57,1.34,1.48,1.53,184798,269824.00,107
BSE,ORCHPHARMA,INE191A01027,B,1089.90,1089.90,1053.10,1062.00,1076.65,4999,5301478.00,457
BSE,ORGANICREC,INE0MIO01019,M,240.05,242.50,238.90,238.95,240.25,49800,11984910.00,63
BSE,ORGCOAT,INE412E01011,X,15.84,15.88,15.84,15.84,16.67,1855,29387.00,19
BSE,ORIBEVER,INE247F01018,X,185.00,185.00,185.00,185.00,192.00,25,4625.00,1
BSE,ORICONENT,INE730A01022,B,51.55,56.30,51.55,53.00,53.29,1042,54977.00,25
BSE,ORIENTALTL,INE998H01012,B,5.10,5.25,4.75,5.07,5.10,39321,193873.00,79
BSE,ORIENTBELL,INE607D01018,B,355.05,366.70,355.05,362.25,352.30,10805,3906729.00,486
BSE,ORIENTCEM,INE876N01018,B,133.15,134.85,132.40,133.80,134.40,9572,1274914.00,208
BSE,ORIENTCER,INE569C01020,B,42.73,42.73,41.20,41.75,42.93,8729,366193.00,114
BSE,ORIENTELEC,INE142Z01019,B,192.75,192.75,188.00,189.75,190.65,18315,3466275.00,247
BSE,ORIENTHOT,INE750A01020,B,129.90,129.90,126.00,126.45,128.25,4829,614790.00,74
BSE,ORIENTLTD,INE609C01024,T,75.12,81.99,75.10,79.97,78.50,278,21027.00,10
BSE,ORIENTPPR,INE592A01026,B,17.72,17.72,17.07,17.19,17.59,34438,596124.00,108
BSE,ORIENTTECH,INE0PPK01015,B,257.40,266.05,255.30,258.55,259.85,17340,4481435.00,403
BSE,ORIENTTR,INE681D01039,X,5.27,5.27,4.87,5.02,5.05,63935,322713.00,178
BSE,ORIRAIL,INE457G01029,X,112.70,116.90,107.00,110.25,112.65,74046,8192462.00,590
BSE,ORISSAMINE,INE725E01024,B,4546.20,5196.00,4542.00,4811.55,4501.40,20067,100422068.00,2802
BSE,ORKLAINDIA,INE16NZ01023,B,553.25,556.00,544.05,550.35,555.30,3839,2108664.00,522
BSE,OROSMITHS,INE628B01034,XT,6.45,6.45,6.22,6.38,6.45,44074,276452.00,149
BSE,ORTINGLOBE,INE749B01020,B,15.75,15.75,15.01,15.44,15.00,8739,137229.00,40
BSE,OSIAJEE,INE186R01013,X,282.75,282.80,260.00,267.95,277.65,16760,4568620.00,215
BSE,OSWALAGRO,INE142A01012,B,38.00,38.00,36.61,37.39,37.85,12318,455853.00,218
BSE,OSWALGREEN,INE143A01010,B,21.50,21.50,20.89,21.04,21.58,66095,1391154.00,177
BSE,OSWALPUMPS,INE0BYP01024,B,305.00,305.20,298.95,301.05,306.05,35777,10804599.00,909
BSE,OTCO,INE910B01028,XT,10.31,11.35,10.31,11.35,10.81,9569,108540.00,11
BSE,OVOBELE,INE812S01012,XT,193.85,193.85,193.85,193.85,184.65,5167,1001622.00,48
BSE,OXFORDIN,INE114D01015,XT,8.15,8.38,8.15,8.38,7.99,7622,63863.00,24
BSE,OXYGENTAPH,INE102E01018,X,68.30,71.59,66.00,67.88,65.64,41687,2830522.00,319
BSE,PACE,INE0N1L01018,M,14.60,15.01,14.60,14.99,14.60,9600,142944.00,8
BSE,PACEDIGITK,INE0S3G01027,B,182.95,185.00,180.50,183.45,183.90,35204,6429833.00,526
BSE,PACIFICI,INE883C01025,X,138.00,138.00,125.00,126.60,130.05,1132,148105.00,30
BSE,PADALPO,INE630U01014,X,12.42,12.42,12.36,12.36,13.00,202,2504.00,4
BSE,PADAMCO,INE448D01025,XT,1.02,1.05,1.00,1.05,1.00,1733547,1805709.00,881
BSE,PADMAIND,INE743D01011,X,8.62,9.50,8.10,9.23,8.77,3860,35123.00,26
BSE,PADMALAYAT,INE243B01016,Z,3.75,3.90,3.57,3.88,3.75,3189,11507.00,19
BSE,PAGEIND,INE761H01022,A,38547.20,38599.95,37710.00,38101.05,38547.75,2623,100547314.00,485
BSE,PAISALO,INE420C01059,A,69.07,69.90,68.00,68.72,69.34,395669,27352544.00,906
BSE,PAJSON,INE14LM01012,M,192.00,192.00,188.00,190.00,193.00,13200,2522730.00,8
BSE,PAKKA,INE551D01018,B,70.00,71.72,70.00,71.67,71.50,4643,330165.00,85
BSE,PALASHSECU,INE471W01019,B,91.45,92.86,87.97,92.86,94.00,141,12716.00,18
BSE,PALCO,INE239L01013,X,145.05,155.00,144.00,145.25,150.20,2576,384403.00,68
BSE,PALMJEWELS,INE838Z01012,X,15.44,15.44,15.02,15.07,15.44,3400,51296.00,19
BSE,PALREDTEC,INE218G01033,T,51.45,51.45,51.45,51.45,49.00,50,2572.00,1
BSE,PANABYTE,INE516E01019,X,19.09,19.09,18.99,18.99,19.00,312,5928.00,6
BSE,PANACEABIO,INE922B01023,B,402.75,402.75,392.45,400.05,402.70,5635,2238931.00,272
BSE,PANAENERG,INE795A01017,X,257.70,260.00,255.00,255.10,257.70,4223,1079680.00,80
BSE,PANAFIC,INE655P01029,XT,2.28,2.28,2.28,2.28,2.24,292943,667910.00,102
BSE,PANAMAPET,INE305C01029,B,557.90,600.00,457.05,478.55,544.75,644676,337225539.00,10829
BSE,PANCARBON,INE013E01017,X,468.00,469.95,461.30,462.75,468.30,808,375103.00,38
BSE,PANCHMAHQ,INE798F01010,X,313.85,313.85,288.30,292.90,296.90,677,204731.00,23
BSE,PANCHSHEEL,INE316G01019,X,115.30,118.95,115.00,117.10,119.05,3323,384840.00,58
BSE,PANELEC,INE648E01010,X,26.73,26.73,24.85,25.16,26.60,220,5768.00,10
BSE,PANHR,INE1N9E01015,MT,54.05,55.50,52.00,55.50,54.01,11200,599680.00,7
BSE,PANIDPR,INE181D01014,X,83.84,83.84,83.84,83.84,88.25,100,8384.00,1
BSE,PANINDIAC,INE376A01032,X,1.61,1.65,1.59,1.60,1.63,44257,71312.00,97
BSE,PANJON,INE744D01019,X,22.02,22.96,21.50,21.55,22.47,8561,188662.00,45
BSE,PANKAJPO,INE698B01011,X,91.70,91.91,90.00,91.91,87.54,9266,848245.00,66
BSE,PANORAMA,INE258R01028,B,46.01,48.00,45.20,47.46,47.00,273612,12672628.00,912
BSE,PANTH,INE945O01019,X,10.27,10.27,9.70,9.96,9.98,12606,126838.00,75
BSE,PAOS,INE791C01012,X,43.00,46.00,42.75,45.13,45.00,2526,113635.00,8
BSE,PARACABLES,INE074B01023,B,67.99,69.36,65.45,68.23,67.87,74184,4987525.00,1195
BSE,PARADEEP,INE088F01024,A,153.10,153.10,146.75,147.25,151.65,229630,34239523.00,1398
BSE,PARAGMILK,INE883N01014,A,219.80,219.80,215.00,215.55,218.90,27087,5868360.00,421
BSE,PARAGONF,INE015E01012,X,56.97,56.97,50.00,50.05,48.00,4029,217832.00,45
BSE,PARAS,INE045601023,A,1284.00,1306.15,1265.00,1281.55,1283.50,24833,31907106.00,1234
BSE,PARASPETRO,INE162C01024,B,2.57,2.57,2.41,2.43,2.49,20976,51309.00,61
BSE,PARKERAC,INE750B01010,X,14.91,14.91,14.91,14.91,14.20,5,74.00,1
BSE,PARKHOSPS,INE119201023,B,282.70,288.25,280.85,283.85,282.70,60685,17196577.00,1334
BSE,PARKHOTELS,INE988S01028,B,118.65,119.50,118.45,118.75,118.45,2073,246713.00,81
BSE,PARLEIND,INE272G01014,XT,7.07,7.07,7.07,7.07,7.21,36138,255495.00,163
BSE,PARMAX,INE240T01014,XT,113.20,113.20,113.20,113.20,111.00,1082,122482.00,10
BSE,PARMCOS-B,INE143I01013,X,43.00,43.00,39.70,40.97,42.38,199,8383.00,18
BSE,PARMESHWAR,INE0QQJ01021,M,190.00,195.00,190.00,194.95,190.00,7000,1350750.00,7
BSE,PARMSILK,INE808R01012,XT,364.00,365.40,362.80,365.40,348.00,548,199632.00,35
BSE,PARNAXLAB,INE383L01019,X,136.00,136.00,131.00,131.00,132.80,1247,165439.00,15
BSE,PARSHWANA,INE635I01018,X,73.23,73.23,66.27,66.27,69.75,2,139.00,2
BSE,PARSVNATH,INE561H01026,T,1.55,1.55,1.55,1.55,1.58,125723,194870.00,80
BSE,PARVATI,INE295Z01015,X,7.11,7.11,6.70,6.70,6.99,3919,26571.00,37
BSE,PASARI,INE604F01010,X,6.20,6.20,5.57,6.20,6.20,681,4092.00,14
BSE,PASHUPATI,INE124Y01028,B,85.49,85.49,84.00,84.20,84.24,1270,107231.00,542
BSE,PASUPTAC,INE818B01023,T,63.60,64.00,61.16,61.16,64.37,14989,930079.00,119
BSE,PATANJALI,INE619A01035,A,353.80,353.80,342.15,353.00,354.50,648285,223725350.00,65128
BSE,PATELCHEM,INE161701011,MT,92.71,92.90,92.01,92.90,92.11,28800,2666672.00,16
BSE,PATELENG,INE244B01030,A,30.86,30.86,29.08,29.19,30.23,459631,13661484.00,1146
BSE,PATELRMART,INE0R8B01010,B,223.70,228.15,219.50,220.50,225.95,28529,6405678.00,723
BSE,PATELSAI,INE082C01024,X,258.10,298.55,256.05,281.05,271.45,52268,14580016.00,838
BSE,PATINTLOG,INE529D01014,T,14.23,14.34,13.93,13.95,14.03,6404,90209.00,15
BSE,PATRON,INE0NPA01011,M,2.05,2.05,2.01,2.03,2.10,12000,24400.00,3
BSE,PATSPINLTD,INE790C01014,X,6.80,6.81,6.68,6.81,6.81,768,5223.00,13
BSE,PAUSHAKLTD,INE111F01024,B,682.00,715.15,677.30,695.30,686.75,2584,1770141.00,167
BSE,PAVNAIND,INE07S101038,B,19.25,19.25,18.50,18.59,19.18,1572,29436.00,17
BSE,PAYTM,INE982J01020,A,1594.95,1622.80,1589.70,1605.50,1608.00,262175,419935848.00,8575
BSE,PBAINFRA,INE160H01019,XT,10.49,10.49,9.57,10.30,10.07,1068,10490.00,19
BSE,PBMPOLY,INE501F01018,X,57.91,57.91,57.80,57.80,58.20,2,115.00,2
BSE,PCBL,INE602A01031,A,325.00,325.00,313.00,316.40,322.15,63842,20286028.00,1649
BSE,PCCOSMA,INE417E01010,X,377.00,394.00,366.00,389.75,387.10,3963,1495659.00,160
BSE,PCJEWELLER,INE785M01021,A,10.00,10.02,9.71,9.80,9.99,10769622,105776902.00,5156
BSE,PCL,INE0OKG01017,M,34.23,34.23,34.23,34.23,34.05,4000,136920.00,3
BSE,PCS,INE834B01012,X,19.65,19.99,18.81,19.58,19.65,1279,24994.00,33
BSE,PDMJEPAPER,INE865T01018,B,89.76,94.14,89.76,91.60,89.88,14079,1285310.00,187
BSE,PDSL,INE111Q01021,B,380.10,381.95,367.85,380.30,375.70,5638,2102711.00,223
BSE,PEARLPOLY,INE844A01013,B,16.13,16.13,15.37,16.00,15.37,1997,31158.00,12
BSE,PEETISEC,INE328D01011,X,19.00,19.00,19.00,19.00,19.20,2,38.00,2
BSE,PEIL,INE429K01012,X,7.40,8.20,6.86,7.79,7.39,7748,58598.00,41
BSE,PENIND,INE932A01024,A,160.50,161.80,159.05,159.75,159.95,10214,1634107.00,245
BSE,PENINLAND,INE138A01028,T,15.81,15.81,15.70,15.70,15.81,5274,83207.00,14
BSE,PERFEPA,INE759I01024,X,78.00,83.74,78.00,81.19,81.54,500,40597.00,5
BSE,PERMAGN,INE418E01018,X,820.45,829.10,811.10,821.50,823.45,3945,3237208.00,144
BSE,PERSISTENT,INE262H01021,A,5518.55,5518.55,5390.00,5464.00,5531.90,14816,80662999.00,2398
BSE,PERVASIVE,INE443P01038,XT,6.30,6.30,6.30,6.30,6.18,168,1058.00,1
BSE,PESB,INE510U01018,M,264.95,272.00,260.00,262.00,258.15,39200,10325640.00,27
BSE,PETRONET,INE347G01014,A,278.65,281.70,278.00,279.65,278.25,63112,17679781.00,1427
BSE,PFC,INE134E01011,A,381.05,381.50,375.25,377.00,383.00,724082,273240797.00,15756
BSE,PFIZER,INE182A01018,A,4919.95,5149.90,4917.65,5020.05,4899.45,15823,80332053.00,4019
BSE,PFL,INE0PZB01013,M,30.20,30.20,30.20,30.20,30.25,3000,90600.00,1
BSE,PFLINFOTC,INE600F01018,X,4.00,4.00,4.00,4.00,3.69,1,4.00,1
BSE,PFOCUS,INE367G01038,B,281.65,284.50,265.60,268.20,281.05,41949,11428462.00,988
BSE,PFS,INE560K01014,B,28.64,28.93,28.50,28.83,28.77,18249,523705.00,305
BSE,PGCRL,INE0GTX01019,M,107.45,107.45,107.45,107.45,112.95,600,64470.00,1
BSE,PGEL,INE457L01029,A,622.35,622.35,600.00,600.00,615.60,429604,260947144.00,2071
BSE,PGFOILQ,INE078D01012,X,227.00,231.00,216.00,225.85,215.65,32266,7269246.00,264
BSE,PGHH,INE179A01014,A,8514.50,8514.50,8425.20,8443.50,8460.15,866,7310525.00,332
BSE,PGHL,INE199A01012,A,6035.00,6095.00,5945.00,5953.30,6030.35,910,5453245.00,296
BSE,PGIL,INE940H01022,A,2434.00,2485.55,2400.50,2479.45,2437.05,4706,11517102.00,462
BSE,PGINVIT,INE0GGX23010,IF,100.03,100.45,99.90,100.02,100.01,90617,9070200.00,902
BSE,PHARMAID,INE117D01018,X,34.00,35.90,33.16,34.87,34.00,10182,356704.00,109
BSE,PHCAP,INE160F01013,XT,1050.85,1050.85,980.00,1007.60,1000.85,2983,3038792.00,210
BSE,PHOENIXLTD,INE211B01039,A,1908.00,1908.05,1871.30,1890.00,1915.20,6193,11676128.00,936
BSE,PHOENXINTL,INE245B01011,X,31.09,31.09,29.30,29.38,30.67,15956,478935.00,22
BSE,PHOSPHATE,INE398C01016,X,135.95,136.00,135.95,136.00,136.00,104,14143.00,4
BSE,PHOTOQUP,INE813B01016,X,14.00,14.00,13.70,13.70,14.40,460,6392.00,5
BSE,PHRMASI,INE486I01016,X,88.60,88.60,78.35,88.60,85.30,423,36909.00,19
BSE,PHYTO,INE037C01010,X,19.11,20.50,19.11,20.50,19.90,73,1423.00,8
BSE,PICCADIL,INE546C01010,B,711.25,725.15,641.50,693.30,778.70,262688,176433483.00,7365
BSE,PICCASUG,INE544C01023,X,34.97,36.00,34.42,35.68,35.14,3730,133415.00,40
BSE,PICTUREHS,INE448B01029,X,7.88,7.88,7.41,7.88,7.51,8668,67568.00,19
BSE,PIDILITIND,INE318A01026,A,1686.00,1699.10,1681.65,1689.00,1685.00,195837,330987647.00,1508
BSE,PIGL,INE557Z01018,B,112.20,114.55,112.05,112.70,110.00,6350,718085.00,85
BSE,PIIND,INE603J01030,A,2660.10,2695.00,2458.00,2483.00,2745.00,121066,310241080.00,13735
BSE,PILANIINVS,INE417C01014,B,4365.20,4393.45,4333.95,4345.25,4387.10,18,78707.00,7
BSE,PILITA,INE600A01035,B,8.35,8.53,8.22,8.53,8.34,6703,55762.00,20
BSE,PINELABS,INE15B701018,B,169.35,171.05,164.75,169.75,167.55,890167,149222736.00,6139
BSE,PIONEEREMB,INE156C01018,B,22.84,23.57,22.84,22.84,22.73,235,5389.00,3
BSE,PIONRINV,INE746D01014,T,91.95,92.75,90.95,90.95,89.01,468,43105.00,8
BSE,PIRAMALFIN,INE202B01038,B,2101.35,2116.95,2060.10,2070.75,2114.75,13650,28429992.00,1118
BSE,PITTIENG,INE450D01021,B,972.50,1051.90,972.50,1043.95,965.60,51624,53062573.00,2496
BSE,PIXTRANS,INE751B01018,B,1955.20,1989.95,1938.40,1947.75,1986.10,1548,3027202.00,206
BSE,PJL,INE473T01011,M,305.00,305.00,305.00,305.00,278.25,750,228750.00,1
BSE,PLASTIBLEN,INE083C01022,B,204.85,206.60,200.75,201.45,204.85,6409,1302591.00,174
BSE,PLATIND,INE0PT501018,B,215.50,222.40,215.50,221.90,215.20,940,205434.00,51
BSE,PLAZACABLE,INE0INJ01017,B,51.00,52.29,49.86,52.29,49.80,36606,1896410.00,309
BSE,PMCFIN,INE793G01035,X,1.65,1.68,1.65,1.66,1.67,291696,486920.00,369
BSE,PML,INE291E01019,B,502.00,519.20,490.30,490.30,502.00,54,26788.00,8
BSE,PNB,INE160A01022,A,114.00,119.45,113.80,118.00,113.60,1651840,194610360.00,10222
BSE,PNBGILTS,INE859A01011,B,80.34,81.72,80.18,80.66,80.10,16164,1303966.00,135
BSE,PNBHOUSING,INE572E01012,A,1140.45,1165.75,1140.45,1145.00,1145.45,300402,345630790.00,2328
BSE,PNC,INE392B01011,B,18.91,19.80,18.59,18.90,19.00,2364,45607.00,30
BSE,PNCINFRA,INE195J01029,A,223.05,224.00,217.00,223.15,222.10,49788,11014774.00,783
BSE,PNGJL,INE953R01016,B,630.00,637.50,608.60,617.30,629.95,33972,21005921.00,1631
BSE,PNGSREVA,INE1RDG01013,B,560.00,641.65,550.00,623.95,559.65,69873,41898677.00,2057
BSE,PNTKYOR,INE702E01015,X,34.42,34.60,32.80,32.83,34.08,901,30906.00,11
BSE,POBS,INE0DTJ01015,M,165.00,165.00,165.00,165.00,170.00,1200,198000.00,1
BSE,POCL,INE063E01061,A,494.00,496.20,485.05,489.80,491.60,9807,4806988.00,418
BSE,PODDARMENT,INE371C01013,B,271.65,272.00,263.10,263.10,269.50,318,85939.00,16
BSE,POEL,INE035S01028,X,163.25,168.00,163.25,163.90,165.55,15554,2563082.00,215
BSE,POKARNA,INE637C01025,B,980.00,1023.00,968.50,988.30,979.10,9923,9895335.00,579
BSE,POLICYBZR,INE417T01026,A,1744.20,1744.20,1691.80,1725.00,1733.00,36043,61511215.00,2864
BSE,POLSON,INE339F01021,X,11800.00,12000.00,11656.20,11759.85,11656.15,11,130040.00,10
BSE,POLYCAB,INE455K01017,A,9149.60,9285.60,9080.85,9250.00,9078.00,11745,108257049.00,2050
BSE,POLYCHEM,INE752B01024,X,1970.00,2059.00,1970.00,2044.10,1970.00,161,323453.00,48
BSE,POLYCHMP,INE809B01014,X,49.00,51.20,45.80,48.12,49.02,1141,55097.00,18
BSE,POLYCON,INE262C01014,X,20.05,20.05,20.05,20.05,21.10,83,1664.00,4
BSE,POLYLINK,INE323D01020,X,21.75,22.75,21.75,22.70,22.19,12279,276911.00,48
BSE,POLYMED,INE205C01021,A,1875.95,1911.95,1848.00,1868.95,1866.55,23004,43047749.00,1727
BSE,POLYPLEX,INE633B01018,B,1267.75,1267.75,1170.25,1183.90,1228.00,32655,39753732.00,1603
BSE,POLYSPIN,INE914G01029,X,28.27,28.27,28.27,28.27,30.49,102,2883.00,1
BSE,PONNIERODE,INE838E01017,B,330.05,330.40,325.80,330.30,328.85,49,16063.00,9
BSE,POOJA,INE973X01012,B,17.27,17.69,17.21,17.28,17.25,4957,86077.00,70
BSE,POOJAENT,INE147C01017,X,75.99,75.99,72.10,73.00,72.00,16196,1177400.00,68
BSE,POONADAL,INE809E01018,X,64.90,64.90,61.51,62.90,62.00,594,37396.00,14
BSE,POONAWALLA,INE511C01022,A,491.65,491.65,482.05,484.10,486.35,37511,18184715.00,941
BSE,POPULARES,INE370C01015,X,17.48,18.02,17.48,18.02,18.39,33,577.00,5
BSE,PORWAL,INE386I01018,X,54.06,56.00,53.51,53.82,54.17,2116,114838.00,35
BSE,POWERGRID,INE752E01010,A,268.75,269.70,266.30,269.35,267.90,454677,121458730.00,3887
BSE,POWERICA,INE921L01032,B,539.30,563.85,529.50,558.80,528.60,41835,23043790.00,1589
BSE,POWERINDIA,INE07Y701011,A,35000.00,35911.05,34800.00,35680.00,35000.00,11955,424436313.00,2750
BSE,POWERMECH,INE211R01019,A,2423.55,2435.60,2400.00,2406.85,2447.25,3580,8644556.00,648
BSE,PPAP,INE095I01015,T,279.20,305.60,276.50,300.25,291.05,11352,3179107.00,183
BSE,PPARIVAH,INE0SMW01011,MT,263.00,264.00,256.60,259.00,255.00,12000,3117600.00,10
BSE,PPEL,INE288301026,MT,524.50,524.50,501.20,524.50,499.55,585200,304756860.00,770
BSE,PPL,INE050001010,T,269.95,269.95,261.00,263.65,263.80,3687,973020.00,42
BSE,PPLPHARMA,INE0DK501011,A,213.95,216.90,209.35,210.35,214.15,189198,40188403.00,1793
BSE,PQIF,INE689M01025,X,12.30,12.79,12.00,12.07,12.32,78013,955385.00,344
BSE,PRABHA,INE0I0M01023,B,160.40,162.20,156.10,157.15,158.80,1399,221249.00,46
BSE,PRABHHANS,INE428P01013,XT,45.00,45.00,41.69,42.99,43.88,383,16588.00,9
BSE,PRADPME,INE770A01010,T,510.00,510.00,500.00,503.40,508.90,4556,2298048.00,39
BSE,PRAENG,INE505C01016,B,18.50,19.70,18.50,19.70,19.90,11,214.00,3
BSE,PRAGBOS,INE962B01011,X,1.83,2.10,1.80,2.06,1.91,7950,14880.00,54
BSE,PRAJIND,INE074A01025,A,333.50,333.50,324.00,324.45,329.45,29930,9777001.00,701
BSE,PRAKASH,INE603A01013,B,121.60,123.20,118.85,121.70,121.90,33726,4077704.00,617
BSE,PRAKASHSTL,INE696K01024,B,3.95,4.61,3.75,4.00,3.98,75165,305006.00,123
BSE,PRARUH,INE0TI501017,M,77.00,77.00,72.01,77.00,73.00,6000,452020.00,3
BSE,PRATIK,INE206C01029,X,4.36,4.36,3.98,4.07,4.28,141285,582558.00,287
BSE,PRAVEG,INE722B01019,B,275.15,275.55,265.30,271.80,273.00,4882,1318036.00,246
BSE,PRAXIS,INE546Y01022,B,7.40,7.40,6.71,6.93,7.17,6018,41699.00,136
BSE,PRECAM,INE484I01029,B,135.20,136.40,134.30,134.65,140.30,18324,2481662.00,374
BSE,PRECISIO,INE143C01024,XT,197.60,213.00,197.60,203.65,207.95,578,115260.00,27
BSE,PRECWIRE,INE372C01037,B,411.55,430.50,405.95,422.05,415.85,42847,18064546.00,1738
BSE,PREMCAP,INE946K01023,XT,5.34,5.34,5.33,5.34,5.24,10565,56411.00,5
BSE,PREMCO,INE001E01012,B,365.05,387.00,365.05,382.40,384.40,145,55093.00,16
BSE,PREMEXPLN,INE863B01029,A,652.70,653.15,648.65,651.25,651.10,7241,4716631.00,138
BSE,PREMIER,INE342A01018,T,2.96,2.96,2.93,2.93,2.89,131,384.00,6
BSE,PREMIERENE,INE0BS701011,A,1057.70,1057.70,1022.00,1049.80,1044.10,22117,22938691.00,966
BSE,PREMIERPOL,INE309M01020,B,69.50,74.51,68.00,73.33,69.65,20093,1424058.00,310
BSE,PREMSYN,INE940N01012,X,15.00,15.25,14.50,15.25,15.39,702,10364.00,8
BSE,PRERINFRA,INE426H01014,X,25.00,26.48,25.00,26.29,25.31,2850,73715.00,18
BSE,PRESTIGE,INE811K01011,A,1599.00,1599.00,1556.30,1575.00,1582.00,9330,14667237.00,752
BSE,PREVEST,INE0GAO01018,M,401.50,409.00,385.00,387.00,379.70,50200,19829350.00,129
BSE,PRICOLLTD,INE726V01018,A,746.65,792.00,738.45,783.20,736.65,75808,58880391.00,2961
BSE,PRIMAGR,INE297D01018,X,17.54,17.54,16.18,16.18,17.97,29,471.00,5
BSE,PRIMAIN,INE723N01012,X,15.50,17.80,15.30,17.00,16.50,1275,22429.00,5
BSE,PRIMAINNO,INE13LA01027,XT,34.86,37.00,34.86,34.86,36.69,16843,588293.00,111
BSE,PRIMAPLA,INE573B01016,XT,124.65,124.75,121.40,122.25,121.40,3867,478469.00,36
BSE,PRIMECAPM,INE748D01010,XT,6.70,6.70,6.33,6.33,6.66,205,1298.00,2
BSE,PRIMEFRESH,INE442V01012,B,187.95,190.00,175.20,181.55,186.80,6883,1259467.00,278
BSE,PRIMEPRO,INE233C01023,XT,27.22,28.80,27.22,27.35,28.52,299,8176.00,4
BSE,PRIMESECU,INE032B01021,B,295.00,299.70,286.55,288.75,294.05,41066,12127793.00,342
BSE,PRIMEURB,INE419E01024,X,8.90,8.90,7.82,8.25,8.98,11516,93829.00,27
BSE,PRIMIND,INE543F01028,X,40.00,40.00,37.70,40.00,39.40,379,14709.00,11
BSE,PRIMO,INE607A01022,B,24.00,25.39,24.00,24.25,24.37,20814,514768.00,177
BSE,PRINCEPIPE,INE689W01016,B,274.10,274.10,266.60,270.70,270.55,6149,1658854.00,249
BSE,PRISMMEDI,INE730E01016,X,28.20,28.20,26.50,27.30,26.79,12262,334373.00,49
BSE,PRISMX,INE286N01028,X,0.59,0.61,0.58,0.58,0.60,205912,121092.00,129
BSE,PRITHVIEXCH,INE621B01021,X,103.24,104.95,100.00,100.12,103.24,496,50868.00,21
BSE,PRITIKAUTO,INE583R01029,T,17.69,18.54,17.21,17.52,17.95,14763,262443.00,74
BSE,PRIVISCL,INE959A01019,A,3565.70,3598.95,3565.00,3580.30,3585.95,1952,6979494.00,458
BSE,PRIYALT,INE686C01014,X,19.95,19.95,19.95,19.95,21.00,87,1735.00,3
BSE,PROCLB,INE438C01010,X,33.70,33.70,33.39,33.39,33.00,12215,408948.00,32
BSE,PRODOCS,INE10XK01019,M,166.25,166.25,162.45,162.45,169.00,2000,328700.00,2
BSE,PROFINC,INE732K01027,Z,2.85,2.85,2.70,2.83,2.84,658766,1826875.00,228
BSE,PROMACT,INE818D01011,X,10.40,10.40,9.43,9.43,9.92,882,9171.00,4
BSE,PROSTARM,INE0BX301013,B,149.40,149.40,141.00,142.90,147.35,29144,4204352.00,309
BSE,PROTEAN,INE004A01022,A,569.40,569.40,557.00,558.45,562.90,8094,4533313.00,381
BSE,PROZONER,INE195N01013,B,41.80,43.95,41.63,42.30,42.79,5205,220959.00,76
BSE,PRSMJOHNSN,INE010A01011,B,108.00,110.90,105.55,105.85,108.90,83310,8932820.00,614
BSE,PRSNTIN,INE100E01012,X,14.25,14.25,14.25,14.25,15.00,8,114.00,1
BSE,PRUDENT,INE00F201020,A,3443.45,3443.45,3339.20,3363.80,3406.40,1578,5333652.00,281
BSE,PRUDMOULI,INE024D01016,T,12.61,13.48,12.61,13.40,13.25,265,3406.00,4
BSE,PSB,INE608A01012,B,23.83,24.10,23.60,23.72,23.76,114628,2728412.00,491
BSE,PSITINFRA,INE953M01033,XT,1.47,1.47,1.43,1.46,1.45,34360,49992.00,65
BSE,PSPPROJECT,INE488V01015,B,930.25,932.80,902.90,907.25,932.75,4575,4184054.00,286
BSE,PTC,INE877F01012,A,171.90,172.35,165.10,165.45,172.05,310879,52106957.00,3070
BSE,PTCIL,INE596F01018,A,18820.25,19071.00,18747.10,18851.20,18915.90,702,13232409.00,307
BSE,PTL,INE034D01049,B,44.00,44.00,38.79,39.35,39.00,7648,301118.00,104
BSE,PULSRIN,INE183U01022,X,0.49,0.52,0.48,0.51,0.48,8229994,4122971.00,925
BSE,PUNJABCHEM,INE277B01014,B,1100.20,1102.90,1089.00,1099.15,1099.35,229,250782.00,34
BSE,PUNJCOMMU,INE609A01010,B,47.99,48.95,47.00,48.84,47.49,2799,134629.00,23
BSE,PURETROP,INE795D01011,X,161.00,161.00,156.05,158.10,160.05,369,58334.00,8
BSE,PURPLE,INE905R01016,X,5.75,5.75,5.45,5.45,5.73,71,404.00,5
BSE,PURPLEFIN,INE0CYK01015,X,73.10,76.64,73.10,74.94,75.62,31464,2361360.00,103
BSE,PURPLEWAVE,INE0VDK01019,MT,257.50,284.30,257.30,284.30,270.80,49000,13601700.00,39
BSE,PURSHOTTAM,INE729C01020,X,37.60,38.00,36.00,37.34,35.00,36015,1345162.00,9
BSE,PURVA,INE323I01011,B,211.75,213.00,209.45,212.40,212.55,6311,1331168.00,208
BSE,PVP,INE362A01016,B,35.01,35.82,33.63,34.14,34.51,98944,3427267.00,482
BSE,PVRINOX,INE191H01014,A,1168.20,1199.15,1160.10,1185.85,1159.50,24334,28607236.00,1623
BSE,PVSL,INE772T01024,B,115.00,124.40,115.00,120.30,110.55,45131,5463196.00,935
BSE,PVVINFRA,INE428B01021,X,3.69,3.70,3.30,3.51,3.56,620568,2159439.00,501
BSE,PWASML,INE523I01016,X,23.00,24.25,22.50,22.85,23.00,3229,73953.00,52
BSE,PWL,INE0LP301011,B,126.30,127.45,123.50,124.00,125.45,116354,14542050.00,932
BSE,PYRAMID,INE0MIS01010,B,172.00,172.00,156.30,162.95,164.30,8080,1310768.00,408
BSE,QGO,INE837C01013,X,41.98,41.98,38.71,39.26,40.29,4915,196036.00,69
BSE,QLL,INE0Q1R01012,M,430.00,440.00,424.00,440.00,438.00,2800,1209200.00,6
BSE,QPOWER,INE0SII01026,B,1299.00,1299.15,1260.10,1293.55,1237.30,55669,72119561.00,1820
BSE,QRIL,INE0KAF01018,M,39.90,39.90,39.90,39.90,40.50,500,19950.00,1
BSE,QUADFUTURE,INE0LRY01011,B,353.10,362.95,349.00,357.70,357.95,18730,6660456.00,905
BSE,QUANTDIA,INE373C01019,XT,33.55,33.55,33.50,33.50,32.90,4350,145725.00,8
BSE,QUESS,INE615P01015,B,326.00,335.35,325.85,334.10,324.00,22714,7519154.00,418
BSE,QUESTCAP,INE418C01012,X,267.00,267.00,264.00,264.35,267.90,110,29173.00,5
BSE,QUESTFLOW,INE0OYE01013,MT,192.00,193.00,190.40,192.00,193.20,2200,422760.00,10
BSE,QUICKHEAL,INE306L01010,T,154.40,154.40,146.00,148.20,151.80,8756,1304980.00,199
BSE,QUINT,INE641R01017,B,38.79,39.90,36.00,37.03,37.72,1080,41178.00,26
BSE,RAAMA,INE516P01015,XT,17.90,18.80,17.65,18.01,17.91,110007,2002788.00,204
BSE,RACE,INE084Q01012,B,102.10,104.55,102.00,104.55,108.00,89,9083.00,40
BSE,RACHIT,INE0ZN101029,MT,199.00,199.00,199.00,199.00,199.00,1000,199000.00,1
BSE,RACLGEAR,INE704B01017,B,1422.00,1441.45,1399.90,1409.70,1417.25,1041,1484629.00,107
BSE,RADAAN,INE874F01027,B,3.39,3.39,2.98,3.13,3.29,84,255.00,8
BSE,RADHEDE,INE986B01044,X,1.50,1.53,1.45,1.46,1.49,92086,135296.00,111
BSE,RADHIKAJWE,INE583V01021,B,73.98,74.45,71.10,72.37,71.54,89645,6534017.00,517
BSE,RADIANTCMS,INE855R01021,B,37.50,38.65,37.50,38.17,38.36,2279,86102.00,71
BSE,RADICO,INE944F01028,A,4569.30,4569.30,4484.90,4515.00,4550.00,6643,29999362.00,1492
BSE,RADIOCITY,INE919I01024,B,6.70,6.85,6.53,6.72,6.71,2011,13188.00,34
BSE,RADIXIND,INE576N01014,X,136.60,136.60,134.10,134.10,140.80,412,56089.00,6
BSE,RAGHUNAT,INE753B01014,X,10.50,10.90,10.20,10.90,10.20,212,2237.00,10
BSE,RAGHUSYN,INE969C01022,X,100.95,100.95,99.00,99.99,99.00,736,72944.00,13
BSE,RAGHUTOB,INE754B01012,X,13.60,14.00,13.00,13.17,13.23,1580,21505.00,36
BSE,RAILTEL,INE0DD101019,A,289.40,289.40,284.10,285.80,287.20,15000,4286794.00,487
BSE,RAIN,INE855B01025,A,203.75,211.20,200.00,209.50,202.75,305229,63264058.00,2732
BSE,RAINBOW,INE961O01016,A,1520.15,1520.15,1474.00,1482.75,1503.60,5075,7561454.00,496
BSE,RAINBOWF,INE230F01014,X,39.80,39.80,38.03,39.47,38.92,1689,66812.00,15
BSE,RAJESH,INE0VN801010,M,850.00,855.90,836.00,838.30,850.60,26500,22437370.00,201
BSE,RAJESHEXPO,INE343B01030,Z,83.98,83.98,80.05,83.10,83.05,7602,621543.00,164
BSE,RAJINFRA,INE016C01014,Z,4.20,4.20,4.20,4.20,4.20,1,4.00,1
BSE,RAJKSYN,INE376L01013,X,24.95,24.95,20.57,22.83,22.03,700,15216.00,11
BSE,RAJNISH,INE685Z01033,B,0.42,0.42,0.40,0.41,0.42,2879927,1183950.00,446
BSE,RAJOOENG,INE535F01024,T,52.15,52.15,50.16,51.03,51.14,19607,995948.00,126
BSE,RAJPUTANA,INE751R01014,X,29.12,31.00,29.12,30.50,30.52,950,28294.00,21
BSE,RAJRATAN,INE451D01029,B,524.00,524.00,515.60,519.40,518.20,3796,1972278.00,179
BSE,RAJRILTD,INE533D01032,T,22.15,22.15,21.50,21.58,21.93,3591,77563.00,25
BSE,RAJSEC,INE184D01026,X,53.50,53.60,53.50,53.56,53.50,89551,4795348.00,22
BSE,RAJSPTR,INE374C01017,P,10.56,10.56,10.56,10.56,11.00,200,2112.00,1
BSE,RAJSREESUG,INE562B01019,B,30.55,31.45,30.55,31.34,30.60,2663,82691.00,22
BSE,RAJTUBE,INE497E01020,XT,10.68,11.14,10.15,10.20,10.68,31898,329488.00,100
BSE,RAJTV,INE952H01027,B,10.01,10.35,10.01,10.26,10.21,3510,35213.00,32
BSE,RALEGRA,INE427E01027,XT,64.00,64.00,64.00,64.00,65.00,126,8064.00,4
BSE,RALLIS,INE613A01020,A,212.00,212.00,207.60,209.35,211.35,50811,10639162.00,766
BSE,RAMANEWS,INE278B01020,B,33.25,34.00,33.16,33.16,33.25,146,4851.00,3
BSE,RAMAPHO,INE809A01032,B,123.55,124.20,121.85,122.65,121.90,520,63658.00,14
BSE,RAMAPPR-B,INE425E01013,Z,10.96,11.95,10.96,11.95,11.43,368,4279.00,3
BSE,RAMASTEEL,INE230R01035,T,4.62,4.62,4.56,4.56,4.65,65834,300533.00,177
BSE,RAMAVISION,INE763B01013,X,140.00,164.00,138.45,155.25,138.40,32740,5033585.00,245
BSE,RAMBHAJO,INE1SJO01012,B,188.45,191.50,183.70,184.75,185.60,11378,2117625.00,201
BSE,RAMCOCEM,INE331A01037,A,945.20,945.20,914.15,915.75,933.05,556007,508958399.00,1515
BSE,RAMCOIND,INE614A01028,B,365.50,373.45,351.70,358.50,370.65,55107,20016107.00,996
BSE,RAMCOSYS,INE246B01019,B,669.60,669.60,619.70,619.70,652.30,12028,7527149.00,486
BSE,RAMGOPOLY,INE410D01017,XT,37.78,37.78,36.30,36.30,37.04,141854,5352632.00,65
BSE,RAMINFO,INE357B01022,X,45.79,45.79,42.85,45.48,44.29,5341,241460.00,48
BSE,RAMKY,INE874I01013,B,393.75,393.75,386.40,388.20,395.05,4050,1574671.00,190
BSE,RAMRAT,INE207E01023,B,454.75,476.05,454.75,473.45,449.25,22207,10471860.00,615
BSE,RAMSONS,INE609D01014,X,89.50,89.50,80.00,83.00,87.40,594,51225.00,15
BSE,RANASUG,INE625B01014,B,13.10,13.14,12.86,12.89,13.05,16149,208973.00,112
BSE,RANDER,INE821D01031,XT,11.00,11.65,10.61,11.65,11.10,2217,24928.00,9
BSE,RANEHOLDIN,INE384A01010,B,1776.20,1824.40,1776.20,1801.15,1774.25,486,873274.00,73
BSE,RANJITSE,INE863D01017,XT,65.00,65.00,61.04,61.04,64.25,36,2201.00,3
BSE,RAP,INE483D01014,X,42.00,42.00,38.00,39.99,39.36,131,5190.00,5
BSE,RAPICUT,INE350D01015,XT,309.35,309.35,309.35,309.35,303.30,3310,1023948.00,16
BSE,RAPIDIN,INE154M01012,X,82.65,82.65,82.65,82.65,78.75,33,2727.00,3
BSE,RASANDIK,INE682D01011,X,64.70,64.70,63.00,63.00,63.00,578,36463.00,8
BSE,RASIELEC,INE822D01021,X,12.69,12.69,11.96,12.20,12.46,26749,324998.00,131
BSE,RASRESOR,INE651D01016,X,55.00,57.00,55.00,57.00,55.00,70,3988.00,2
BSE,RATEGAIN,INE0CLI01024,A,916.10,934.50,909.90,932.15,908.85,9331,8640144.00,476
BSE,RATHIBAR,INE575I01016,X,19.85,19.95,19.00,19.05,19.95,10313,198098.00,48
BSE,RATHIST,INE336C01016,XT,26.01,27.00,25.70,26.58,26.01,94531,2491635.00,210
BSE,RATNAMANI,INE703B01027,A,2251.55,2299.00,2230.00,2237.00,2251.55,4065,9173294.00,339
BSE,RATNAVEER,INE05CZ01011,B,205.80,216.30,205.80,209.55,206.75,297184,62650010.00,1789
BSE,RAUNAQ,INE523K01012,XT,32.50,32.50,32.50,32.50,31.20,192,6240.00,2
BSE,RAVALSUGAR,INE615A01025,X,955.55,955.55,955.25,955.25,977.00,12,11463.00,4
BSE,RAVEL,INE0W4D01018,M,120.00,120.00,120.00,120.00,114.95,1000,120000.00,1
BSE,RAWEDGE,INE960Z01014,B,15.57,15.64,15.00,15.64,14.90,5884,91783.00,31
BSE,RAYALEMA,INE008C01011,X,29.77,30.40,27.50,28.72,29.19,977,27708.00,38
BSE,RAYMOND,INE301A01014,A,623.00,624.00,612.15,618.95,623.85,35426,21842389.00,914
BSE,RAYMONDLSL,INE02ID01020,A,733.90,733.90,712.05,715.60,724.75,4493,3233488.00,267
BSE,RAYMONDREL,INE1SY401010,B,606.20,611.10,578.00,581.05,611.15,62708,37092917.00,1801
BSE,RBA,INE07T201019,A,92.26,95.30,92.26,93.89,92.68,342224,32071114.00,2683
BSE,RBLBANK,INE976G01028,A,391.90,391.90,384.70,387.00,389.00,74048,28697147.00,1857
BSE,RBZJEWEL,INE0PEQ01016,B,151.00,151.00,140.05,141.70,154.15,12819,1849733.00,301
BSE,RCAN,INE0CQ101015,M,16.26,16.63,16.01,16.63,16.25,2000,32648.00,5
BSE,RCCL,INE929D01016,X,31.00,32.35,29.70,29.71,32.90,877,26227.00,18
BSE,RCF,INE027A01015,A,125.65,126.20,124.00,124.20,125.65,37118,4627070.00,701
BSE,RCOM,INE330H01018,T,0.83,0.84,0.82,0.82,0.83,469953,388045.00,253
BSE,RDBIPL,INE245L01028,B,16.74,16.74,15.72,15.90,16.50,83114,1320989.00,337
BSE,RDBRL,INE123M01017,X,162.15,166.55,162.15,164.00,165.55,865,142365.00,24
BSE,RDEL,INE1DKT01011,M,36.80,36.80,36.80,36.80,36.82,1200,44160.00,1
BSE,RDGAIL,INE0S5T01017,M,126.00,144.00,126.00,144.00,120.00,24000,3330120.00,19
BSE,REALECO,INE055E01034,X,4.19,4.34,4.00,4.17,4.19,18460,79076.00,98
BSE,RECLTD,INE020B01018,A,345.30,347.00,339.10,346.00,344.00,575318,197069779.00,4295
BSE,RECODE,INE2B6701015,M,234.05,255.00,234.00,254.30,234.70,103200,25315360.00,119
BSE,REDINGTON,INE891D01026,A,358.40,358.40,337.70,339.85,354.20,184522,64168081.00,2434
BSE,REDTAPE,INE0LXT01019,B,127.80,128.20,124.60,125.85,127.80,66183,8321269.00,810
BSE,REETECH,INE0MKO01015,M,14.75,15.83,14.75,15.83,15.83,2400,36696.00,2
BSE,REFEX,INE056I01025,A,295.00,296.80,292.00,293.10,294.75,14136,4158481.00,404
BSE,REGAAL,INE0MHO01029,T,85.50,89.27,85.20,87.69,85.02,13810,1227872.00,65
BSE,REGAL,INE101E01010,X,15.98,15.98,15.80,15.80,15.22,10,158.00,2
BSE,REGANTO,INE043B01028,Z,6.14,6.20,6.01,6.04,6.08,173815,1053787.00,262
BSE,REGENCERAM,INE277C01012,B,32.01,38.41,32.01,38.41,32.01,628,23470.00,12
BSE,REGENCY,INE964R01013,XT,45.87,45.87,43.08,44.12,45.34,208341,9111222.00,353
BSE,REGENTRP,INE769D01016,X,5.83,5.95,5.71,5.94,5.66,18556,109339.00,65
BSE,REGIS,INE745R01024,X,2.20,2.20,2.07,2.12,2.12,97554,209210.00,78
BSE,RELAXO,INE131B01039,A,424.65,439.35,412.80,417.15,421.75,144377,61450528.00,3744
BSE,RELCHEMQ,INE750D01016,B,128.50,131.45,118.25,120.05,126.55,746,90820.00,78
BSE,RELIABLE,INE375Y01018,B,149.35,149.35,140.00,140.75,145.25,11458,1613719.00,100
BSE,RELIABVEN,INE419H01019,XT,27.44,28.99,26.60,26.62,28.00,5216,142920.00,27
BSE,RELIANCE,INE002A01018,A,1323.90,1327.10,1309.50,1327.10,1321.20,590912,778332591.00,14323
BSE,RELICAB,INE773T01014,B,36.44,36.44,34.50,35.49,35.42,5210,184518.00,45
BSE,RELICTEC,INE452B01013,X,68.64,68.64,67.99,67.99,68.64,62,4247.00,3
BSE,RELIGARE,INE621H01010,A,226.40,239.90,226.35,238.60,227.55,556912,129265567.00,901
BSE,RELINFRA,INE036A01016,T,69.60,69.60,69.60,69.60,71.02,14362,999595.00,178
BSE,RELTD,INE206N01018,B,169.55,172.60,167.00,167.15,168.30,11524,1954399.00,232
BSE,REMAGNET,INE519N01014,B,2947.00,3115.85,2819.15,3115.85,2967.50,3615,10575175.00,497
BSE,REMIEDEL,INE158G01015,X,210.10,228.00,210.10,217.65,218.00,9380,2081199.00,135
BSE,REMSONSIND,INE474C01023,B,90.05,91.32,88.03,88.59,90.91,10188,911709.00,355
BSE,RENUKA,INE087H01022,A,22.05,22.24,21.90,21.99,22.21,180865,3987966.00,901
BSE,REPCOHOME,INE612J01015,B,371.00,373.05,366.05,367.35,376.30,2526,933480.00,160
BSE,REPONO,INE15WN01014,MT,85.00,88.00,84.50,84.75,84.00,42000,3626580.00,34
BSE,REPRO,INE461B01014,B,331.70,331.70,315.00,317.10,331.65,1690,541327.00,463
BSE,RESGEN,INE0NYN01016,M,47.90,47.90,46.75,46.79,47.03,18000,845737.00,16
BSE,RESONANCE,INE486D01017,XT,188.50,188.50,172.70,172.70,181.75,31327,5624390.00,244
BSE,RESPONIND,INE688D01026,B,167.30,173.15,166.45,167.25,166.85,8991,1520153.00,147
BSE,RESPONSINF,INE401B01010,X,18.66,19.39,18.66,18.68,19.90,1018,19019.00,12
BSE,RESTILE,INE298E01022,X,6.80,6.80,6.06,6.29,6.67,7643,47806.00,71
BSE,RETAGGIO,INE0KWJ01014,M,49.00,49.00,49.00,49.00,51.26,3000,147000.00,1
BSE,RETAIL,INE03DD01011,B,16.71,17.65,16.71,17.49,17.90,191,3295.00,10
BSE,RETINA,INE0NTC01019,M,39.98,39.98,37.85,39.36,40.37,34000,1337160.00,16
BSE,REXNORD,INE687C01012,XT,80.00,83.25,77.30,77.61,80.17,1485,118228.00,29
BSE,REXSEAL,INE0MFT01014,M,120.00,120.00,120.00,120.00,120.00,500,60000.00,1
BSE,RFIL,INE1GM501015,M,34.75,34.75,34.75,34.75,34.56,4000,139000.00,2
BSE,RFL,INE239B01014,X,125.05,131.25,125.05,131.25,125.05,203,25447.00,4
BSE,RFLL,INE018S01016,X,11.93,11.93,11.68,11.68,12.29,5230,61399.00,18
BSE,RFSL,INE201C01012,X,23.51,25.50,23.51,23.99,23.51,312,7440.00,8
BSE,RGF,INE684D01025,XT,2.15,2.15,2.15,2.15,2.19,79509,170944.00,43
BSE,RGL,INE722H01024,B,115.55,116.75,108.05,109.70,115.35,70010,7857131.00,652
BSE,RGRL,INE601N01010,Z,1.45,1.45,1.35,1.35,1.42,49075,66323.00,66
BSE,RHETAN,INE0KKN01029,B,26.80,27.49,26.05,26.19,27.04,478754,12724432.00,889
BSE,RHFL,INE217K01011,Z,1.82,1.82,1.76,1.79,1.83,150208,267662.00,211
BSE,RHIM,INE743M01012,A,424.00,424.00,385.15,386.15,415.15,165219,65722870.00,4167
BSE,RHL,INE508K01013,B,168.15,172.30,165.65,169.15,171.75,283,47810.00,16
BSE,RIBATEX,INE811H01017,XT,82.77,82.77,79.15,80.99,82.36,1596,127900.00,11
BSE,RICHUNV,INE652D01014,XT,10.40,10.40,9.65,10.34,9.92,683,6978.00,8
BSE,RICOAUTO,INE209B01025,B,145.20,145.55,125.00,127.90,144.10,435936,57578019.00,2621
BSE,RIDDHI,INE249D01019,XT,757.50,769.00,752.00,764.10,752.60,3525,2675105.00,26
BSE,RIDDHICORP,INE325X01015,X,60.00,60.00,60.00,60.00,60.00,392,23520.00,3
BSE,RIIL,INE046A01015,B,743.90,754.00,738.15,747.55,743.10,1886,1401663.00,116
BSE,RIIT,INE2PB023011,IF,116.70,117.99,116.28,117.01,116.70,925288,108226078.00,1094
BSE,RIKHAV,INE0CFH01028,M,47.11,47.11,46.30,46.99,48.18,11200,525216.00,7
BSE,RIR,INE302D01024,B,178.05,184.70,173.65,177.10,176.85,161395,28971656.00,2651
BSE,RISAINTL,INE001O01029,X,0.42,0.47,0.42,0.45,0.42,16526,7336.00,29
BSE,RISHABH,INE0N2P01017,B,686.90,686.90,652.05,668.55,677.95,15438,10219691.00,498
BSE,RISHDIGA,INE864D01015,X,36.75,36.75,35.00,36.10,36.75,9,326.00,7
BSE,RISHILASE,INE988D01012,X,123.00,126.50,120.05,124.00,123.55,5488,675213.00,28
BSE,RISHIROOP,INE582D01013,X,110.10,114.98,109.20,109.90,110.45,2743,301167.00,59
BSE,RISHITECH,INE989D01010,X,38.59,42.57,38.59,40.29,40.65,705,27749.00,16
BSE,RITCO,INE01EG01016,B,306.00,306.00,297.90,302.15,302.45,9702,2929372.00,493
BSE,RITES,INE320J01015,A,225.25,228.10,223.00,223.50,226.90,44273,9950467.00,1109
BSE,RITESHIN,INE534D01014,XT,77.00,79.00,75.62,76.80,77.22,2214,171849.00,27
BSE,RKDAGRRTL,INE552N01023,XT,4.00,4.41,4.00,4.41,4.20,795,3385.00,3
BSE,RKDL,INE722J01012,B,19.00,19.00,18.32,18.79,19.10,1557,28945.00,28
BSE,RKFORGE,INE399G01023,A,758.85,760.00,739.85,742.70,751.60,58281,43530678.00,1378
BSE,RKSWAMY,INE0NQ801033,B,105.00,105.00,100.60,101.55,104.80,4361,444828.00,157
BSE,RLF,INE629C01014,X,7.15,9.83,7.15,9.83,8.20,6605,63864.00,19
BSE,RMC,INE655V01019,B,296.00,318.00,292.05,301.90,283.45,36085,11077900.00,1113
BSE,RMDRIP,INE219Y01026,T,17.87,18.00,16.84,17.16,17.72,77455,1345118.00,205
BSE,RML,INE050H01012,B,1106.05,1115.00,1090.25,1105.85,1094.90,1626,1795050.00,162
BSE,RNBDENIMS,INE012Q01039,B,9.00,9.15,8.86,8.91,9.01,40073,358502.00,132
BSE,RNITAI,INE335Q01026,X,75.75,77.54,73.85,77.31,74.94,236763,17996499.00,576
BSE,ROBU,INE0OLH01013,M,1215.00,1220.05,1125.00,1152.90,1275.00,44385,52224463.00,219
BSE,RODIUM,INE513E01024,X,164.85,164.85,155.05,161.00,160.00,329,52378.00,12
BSE,ROHLTD,INE283H01019,B,312.10,312.10,306.20,307.85,314.20,1650,510524.00,250
BSE,ROJL,INE0BDU01028,B,1.48,1.70,1.48,1.69,1.51,62551,101098.00,45
BSE,ROLCOEN,INE775R01013,P,550.00,550.00,550.00,550.00,541.05,100,55000.00,1
BSE,ROLEXRINGS,INE645S01024,B,178.50,178.50,170.00,172.80,176.90,859507,149313499.00,5539
BSE,ROLLT,INE927A01040,T,3.04,3.17,2.98,3.16,3.12,69393,211308.00,77
BSE,ROML,INE294G01026,B,44.11,45.00,44.10,45.00,44.10,303,13632.00,6
BSE,ROOPAIND,INE443C01010,X,46.40,46.46,44.06,45.17,46.78,822,36864.00,18
BSE,ROSELABS,INE475C01012,X,21.87,21.87,19.79,20.31,20.83,20,434.00,4
BSE,ROSEMER,INE649C01012,X,64.95,64.95,61.06,62.31,62.22,159,9919.00,8
BSE,ROSSARI,INE02A801020,B,501.90,506.00,498.65,504.85,505.60,1882,942167.00,147
BSE,ROSSELLIND,INE847C01020,B,59.99,59.99,56.15,56.70,56.83,388,22077.00,70
BSE,ROSSTECH,INE0OJW01016,B,1050.00,1091.65,1044.65,1089.75,1067.65,15834,17016281.00,1912
BSE,ROTO,INE535D01037,B,68.91,68.91,66.73,67.19,68.99,23215,1561884.00,215
BSE,ROUTE,INE450U01017,B,536.15,536.15,516.00,519.25,529.65,8376,4372459.00,534
BSE,ROYALCU,INE618A01011,X,15.27,15.27,14.92,14.93,14.78,22,329.00,12
BSE,ROYALIND,INE510H01015,X,5.70,6.02,5.60,5.88,5.76,32005,188081.00,148
BSE,RPEL,INE912T01018,B,1305.00,1305.00,1270.75,1287.65,1299.90,2478,3174409.00,230
BSE,RPGLIFE,INE105J01010,B,2601.00,2640.00,2601.00,2620.95,2628.35,289,757163.00,64
BSE,RPOWER,INE614G01033,A,23.66,23.81,23.30,23.38,23.62,1419680,33380403.00,3618
BSE,RPPINFRA,INE324L01013,B,59.50,60.00,58.21,58.91,58.70,5108,302474.00,84
BSE,RPSGVENT,INE425Y01011,B,899.70,899.70,881.25,884.90,903.00,351,312412.00,40
BSE,RPTECH,INE0J1F01024,B,899.95,899.95,844.60,853.15,887.05,21507,18562116.00,1216
BSE,RRECL,INE0AK901016,X,150.15,150.15,135.15,138.65,147.20,9000,1258334.00,122
BSE,RRETAIL,INE786J01033,X,2.33,2.35,2.29,2.31,2.29,52157,120845.00,120
BSE,RRFIN,INE229D01011,XT,74.04,77.25,71.20,73.99,74.67,1063,79920.00,29
BSE,RRIL,INE951M01037,B,17.18,17.20,16.69,17.00,17.18,4382,74736.00,98
BSE,RRKABEL,INE777K01022,A,2840.05,2843.40,2775.00,2788.10,2812.60,16687,46773809.00,1684
BSE,RRMETAL,INE117K01013,XT,69.19,69.19,69.19,69.19,70.60,21,1452.00,3
BSE,RSCINT,INE015F01019,XT,57.15,57.15,57.15,57.15,56.03,8720,498348.00,13
BSE,RSDFIN,INE616F01022,T,130.75,130.75,130.75,130.75,137.60,6,784.00,3
BSE,RSL,INE313L01016,B,157.10,158.95,153.55,156.05,153.60,37318,5832425.00,642
BSE,RSSOFTWARE,INE165B01029,B,32.10,33.45,32.10,33.45,31.86,22329,745853.00,72
BSE,RSWM,INE611A01016,T,213.00,213.00,203.00,205.00,205.00,939,191701.00,18
BSE,RSYSTEMS,INE411H01032,B,243.15,244.65,239.35,240.10,245.00,12747,3075364.00,344
BSE,RTFL,INE840I01014,Z,50.00,50.00,50.00,50.00,49.50,1,50.00,1
BSE,RTNINDIA,INE834M01019,B,30.68,30.96,30.10,30.25,30.68,62896,1912675.00,483
BSE,RTNPOWER,INE399K01017,A,8.52,8.60,8.42,8.45,8.55,1063230,9010159.00,9526
BSE,RTSPOWR,INE005C01017,X,100.00,101.50,98.00,101.00,99.55,1455,145090.00,30
BSE,RUBFILA,INE642C01025,B,72.66,73.34,68.30,68.85,74.38,18527,1310022.00,310
BSE,RUBICON,INE506V01022,B,1666.10,1675.75,1625.00,1655.65,1650.45,290287,478918050.00,4256
BSE,RUBYMILLS,INE301D01026,T,378.00,379.00,360.00,375.50,369.55,678,249346.00,26
BSE,RUCHINFRA,INE413B01023,B,5.92,6.00,5.66,5.72,5.87,5160,29945.00,53
BSE,RUCHIRA,INE803H01014,B,111.10,111.60,104.55,106.15,111.00,5649,611551.00,141
BSE,RUDRA,INE027T01023,B,18.15,21.87,17.78,20.47,18.23,556996,11528426.00,878
BSE,RUDRAECO,INE723D01021,X,18.49,19.20,18.36,18.47,18.52,36595,684476.00,119
BSE,RUDRAGAS,INE0OYK01010,M,61.00,70.00,61.00,68.00,67.00,12000,812950.00,4
BSE,RUNGTAIR,INE347C01013,X,49.06,51.48,46.00,49.48,51.50,666,32434.00,35
BSE,RUPA,INE895B01021,B,158.60,161.05,154.65,156.00,158.60,12569,1973815.00,197
BSE,RUSHIL,INE573K01025,B,17.23,17.94,16.56,17.20,17.00,105040,1814928.00,208
BSE,RUSTOMJEE,INE263M01029,B,367.70,377.60,367.70,374.60,370.10,3560,1321059.00,117
BSE,RVHL,INE09E501017,B,42.89,42.89,42.89,42.89,43.36,51,2187.00,5
BSE,RVNL,INE415G01027,A,232.30,233.55,227.80,230.00,228.00,311542,71717892.00,3311
BSE,RVTH,INE0DAB01012,B,720.00,720.00,720.00,720.00,728.70,15,10800.00,7
BSE,S&SPOWER,INE902B01017,B,323.00,333.00,323.00,329.50,327.05,344,113253.00,24
BSE,SAATVIKGL,INE13B501022,B,430.10,444.00,429.85,433.60,426.80,20830,9082062.00,587
BSE,SABOOSOD,INE440C01016,X,12.31,12.64,12.25,12.29,12.30,4702,58069.00,48
BSE,SACHEMT,INE433G01020,X,3.76,3.85,3.76,3.80,3.80,63285,241034.00,104
BSE,SADBHAV,INE226H01026,B,9.21,9.21,8.92,8.93,8.88,10960,99133.00,83
BSE,SADBHIN,INE764L01010,T,2.65,2.66,2.58,2.61,2.65,46330,120335.00,78
BSE,SADHNANIQ,INE888C01040,T,3.31,3.31,3.31,3.31,3.37,243584,806263.00,97
BSE,SAFARI,INE429E01023,A,1504.00,1507.90,1478.00,1484.35,1505.40,1894,2829514.00,335
BSE,SAFECURE,INE0SVZ01015,M,22.00,22.00,22.00,22.00,23.00,1200,26400.00,1
BSE,SAFFRON,INE474D01013,X,26.96,27.90,26.90,26.90,26.96,3215,87617.00,20
BSE,SAGARSOFT,INE184B01012,X,94.04,97.30,94.00,95.00,94.04,3053,291084.00,37
BSE,SAGCEM,INE229C01021,B,174.95,177.70,173.65,174.90,174.70,493,86312.00,23
BSE,SAGILITY,INE0W2G01015,A,43.30,43.50,42.70,43.28,43.02,1221354,52674996.00,2517
BSE,SAHARAHOUS,INE135C01012,X,39.19,40.00,39.00,39.83,39.77,1045,41600.00,11
BSE,SAHLIBHFI,INE861D01011,B,73.13,79.50,71.01,78.91,73.13,392,30722.00,18
BSE,SAHYADRI,INE280H01015,B,355.00,371.25,341.65,344.70,343.55,37726,13352757.00,920
BSE,SAICAPI,INE531X01018,X,155.65,155.65,147.00,149.00,154.25,114,17222.00,11
BSE,SAICOM,INE092G01024,X,0.22,0.23,0.22,0.23,0.23,99314,22248.00,40
BSE,SAIL,INE114A01011,A,171.55,175.80,171.25,174.00,173.00,806008,139924237.00,4692
BSE,SAILIFE,INE570L01029,A,1463.60,1473.00,1441.40,1463.45,1443.85,24896,36358304.00,1149
BSE,SAINIK,INE584B01013,X,37.00,42.80,33.00,34.48,36.04,8755,308291.00,70
BSE,SAIPARENT,INE0H9F01037,B,575.25,589.05,514.80,552.70,579.40,47156,26462926.00,1989
BSE,SAKHTISUG,INE623A01011,B,17.00,17.20,16.90,16.92,17.11,4252,72239.00,59
BSE,SAKSOFT,INE667G01023,B,163.00,165.25,162.40,162.85,164.85,23388,3831123.00,467
BSE,SAKTHIFIN,INE302E01014,X,27.22,28.30,27.22,27.85,27.50,3203,89451.00,34
BSE,SAKUMA,INE190H01024,B,1.67,1.69,1.63,1.66,1.67,222269,368420.00,148
BSE,SALASAR,INE170V01027,B,5.77,5.80,5.70,5.76,5.80,389744,2239223.00,1463
BSE,SALAUTO,INE724G01014,X,186.00,192.00,186.00,192.00,186.00,63,12034.00,8
BSE,SALEM,INE894E01028,X,35.99,35.99,33.50,35.97,36.00,396,14110.00,13
BSE,SALGUTI,INE159C01012,X,33.10,33.10,33.10,33.10,34.82,24,794.00,1
BSE,SALONA,INE498E01010,B,259.95,259.95,253.00,253.00,251.10,2,512.00,2
BSE,SALORAINTL,INE924A01013,X,26.44,29.45,26.36,28.35,26.04,1800,50954.00,17
BSE,SALSAIN,INE315N01017,XT,377.75,377.75,360.65,374.30,379.60,367,135948.00,36
BSE,SALSTEEL,INE658G01014,B,59.00,63.60,59.00,63.11,59.08,81399,5025475.00,632
BSE,SALZERELEC,INE457F01013,B,574.10,576.45,564.00,568.75,569.90,2847,1617430.00,216
BSE,SAMBANDAM,INE304D01012,X,103.00,103.00,103.00,103.00,102.00,3,309.00,1
BSE,SAMBHAAV,INE699B01027,B,7.87,7.87,6.57,6.80,6.68,19684,149847.00,32
BSE,SAMBHV,INE12NJ01018,B,119.95,119.95,116.90,118.35,118.65,65228,7692549.00,352
BSE,SAMHI,INE08U801020,A,164.95,167.15,164.05,164.45,165.00,28228,4653654.00,539
BSE,SAMINDUS,INE653D01012,X,38.01,42.50,38.01,41.51,39.50,311,12740.00,5
BSE,SAMKRG,INE706B01012,X,119.00,119.00,116.40,116.90,116.25,1637,192850.00,40
BSE,SAMMAANCAP,INE148I01020,A,163.75,164.50,158.60,160.75,163.45,405289,65176014.00,2891
BSE,SAMOR,INE0GD201014,B,94.40,94.40,92.50,92.50,92.00,141,13187.00,5
BSE,SAMPANN,INE735M01018,B,26.69,27.50,26.29,26.29,26.69,1968,52156.00,32
BSE,SAMPAT,INE10XS01012,MT,38.00,38.00,38.00,38.00,38.30,3600,136800.00,3
BSE,SAMPRE,INE375C01022,X,5.98,6.13,5.98,6.13,5.84,300713,1835425.00,370
BSE,SAMRATFORG,INE412J01010,X,224.95,224.95,224.95,224.95,215.00,15,3374.00,4
BSE,SAMRATPH,INE103E01016,X,230.10,245.75,230.10,242.95,242.20,630,150847.00,26
BSE,SAMSRITA,INE579N01018,X,11.49,11.96,11.45,11.87,11.50,3594,42079.00,15
BSE,SAMTELIN,INE538C01017,XT,42.00,42.51,38.76,40.94,40.49,10140,417887.00,111
BSE,SAMTEX,INE931D01020,X,1.48,1.52,1.40,1.44,1.48,12432,17734.00,54
BSE,SAMYAKINT,INE607G01011,X,17.35,17.35,16.49,16.94,17.35,739,12298.00,21
BSE,SANATHAN,INE0JPD01013,B,526.50,526.50,470.00,475.65,499.95,6160,3016719.00,240
BSE,SANBLUE,INE602D01027,X,28.54,28.54,28.54,28.54,28.52,5,142.00,1
BSE,SANCODE,INE0P7001013,MT,493.90,493.90,493.90,493.90,484.25,1000,493900.00,2
BSE,SANDESH,INE583B01015,B,1090.35,1098.30,1061.20,1085.05,1079.15,671,723738.00,25
BSE,SANDHAR,INE278H01035,B,633.95,643.20,618.65,626.95,621.50,15224,9616349.00,560
BSE,SANDUMA,INE149K01016,A,203.10,207.00,202.15,202.80,204.50,46407,9461366.00,655
BSE,SANDUPHQ,INE751D01014,X,39.85,40.30,37.80,39.29,39.46,1843,72793.00,24
BSE,SANGAMFIN,INE475D01010,X,44.33,45.00,43.00,44.79,44.33,17778,774676.00,40
BSE,SANGAMIND,INE495C01010,B,581.00,582.15,571.00,578.20,579.30,2857,1648079.00,146
BSE,SANGHVIMOV,INE989A01032,B,520.95,520.95,495.55,500.05,516.45,39664,20087662.00,698
BSE,SANINFRA,INE799C01049,XT,50.50,50.56,49.10,49.11,51.00,2549,126657.00,115
BSE,SANJIVIN,INE860D01013,X,185.00,195.75,184.00,186.00,188.05,10627,2025694.00,96
BSE,SANOFI,INE058A01010,A,3300.05,3300.05,3232.60,3241.85,3304.10,1022,3332046.00,301
BSE,SANOFICONR,INE0UOS01011,B,4522.50,4524.60,4465.00,4475.55,4557.90,143,642252.00,60
BSE,SANSERA,INE953O01021,A,3675.00,3925.00,3675.00,3892.25,3684.40,11959,45512386.00,1363
BSE,SANSTAR,INE08NE01025,B,113.40,113.40,110.50,111.75,111.85,12708,1420188.00,113
BSE,SANTETX,INE589J01015,X,144.80,145.00,136.10,136.75,139.55,555,77385.00,21
BSE,SANWARIA,INE890C01046,Z,0.49,0.49,0.49,0.49,0.49,7691,3768.00,11
BSE,SAPL,INE002E01010,XT,4020.00,4020.00,3827.55,4008.50,4029.00,2539,10177482.00,29
BSE,SAPPHIRE,INE806T01020,A,236.75,239.05,227.05,231.95,236.20,185513,43149440.00,2262
BSE,SAPPL,INE185C01017,B,289.00,289.00,274.10,274.10,284.45,602,173959.00,8
BSE,SARDAEN,INE385C01021,A,499.70,499.70,488.10,489.50,496.05,15015,7419940.00,891
BSE,SAREGAMA,INE979A01025,A,529.80,530.05,514.50,516.15,528.25,14321,7464261.00,503
BSE,SARLAPOLY,INE453D01025,B,99.00,101.60,99.00,100.25,100.92,5856,589629.00,96
BSE,SARTHAKIND,INE074H01012,X,27.00,27.00,25.11,25.16,27.81,1293,32806.00,17
BSE,SARUPINDUS,INE305D01019,X,119.75,132.00,119.70,131.80,125.90,643,77179.00,8
BSE,SARVESHWAR,INE324X01026,B,3.50,3.61,3.43,3.46,3.49,349015,1227487.00,553
BSE,SARVOTTAM,INE822Q01015,X,19.00,19.65,19.00,19.65,19.78,201,3819.00,2
BSE,SASKEN,INE231F01020,B,2045.00,2045.00,1919.85,1921.00,1985.70,1681,3257986.00,318
BSE,SATCH,INE639K01016,XT,4.14,4.17,3.94,4.02,4.14,150753,601955.00,219
BSE,SATIA,INE170E01023,B,60.00,62.00,60.00,61.54,61.10,8717,531720.00,94
BSE,SATIN,INE836B01017,B,227.35,227.35,221.00,223.40,225.10,35285,7860966.00,364
BSE,SATTRIX,INE0QUV01010,M,354.00,360.80,348.65,350.00,366.95,7000,2459425.00,14
BSE,SATTVASUKU,INE280E01038,X,0.75,0.77,0.74,0.75,0.74,172810,129405.00,104
BSE,SAUMYA,INE563C01015,X,117.40,117.40,109.25,116.95,112.40,173,19034.00,7
BSE,SAURASHCEM,INE626A01014,B,60.70,61.22,59.86,60.83,60.75,5483,331187.00,86
BSE,SAVERA,INE104E01014,X,161.00,189.90,152.40,167.00,162.05,6052,992359.00,73
BSE,SAWACA,INE248B01023,X,0.29,0.31,0.29,0.31,0.29,1074408,325646.00,317
BSE,SAYAJIHOTL,INE318C01014,B,315.00,327.95,315.00,327.95,328.00,2583,813657.00,2
BSE,SAYAJIIND,INE327G01032,X,132.00,132.00,121.75,128.40,124.95,9203,1179652.00,86
BSE,SBC,INE04AK01028,B,41.40,42.03,33.60,40.46,41.64,2397030,91875024.00,4211
BSE,SBCL,INE386D01027,B,1077.60,1077.60,1017.00,1027.15,1038.85,27361,28247243.00,1303
BSE,SBECSUG,INE948G01019,XT,72.35,72.38,70.36,72.38,68.94,11387,824069.00,48
BSE,SBECSYS,INE689V01018,X,20.95,20.95,19.52,20.50,20.03,221,4332.00,7
BSE,SBFC,INE423Y01016,A,94.83,94.83,93.41,94.08,93.61,66891,6292080.00,748
BSE,SBFL,INE363D01018,X,23.50,23.73,23.00,23.47,23.08,197,4627.00,10
BSE,SBGLP,INE05ST01028,B,25.90,26.05,24.67,25.76,25.48,5504,140643.00,21
BSE,SBICARD,INE018E01016,A,648.85,655.80,644.15,653.90,650.00,12720,8275041.00,598
BSE,SBIFUNDS,INE640G01020,A,569.65,570.85,563.00,569.15,568.30,132640,75097753.00,4737
BSE,SBILIFE,INE123W01016,A,1849.30,1849.30,1818.15,1835.15,1829.25,18096,33031032.00,999
BSE,SBIN,INE062A01020,A,1066.00,1085.00,1065.25,1080.00,1066.00,1203231,1298536144.00,26308
BSE,SBL,INE857P01021,XT,1.62,1.70,1.62,1.70,1.62,16243,27509.00,8
BSE,SBLI,INE0DLM01024,M,53.50,53.50,53.50,53.50,54.60,3600,192600.00,2
BSE,SBRANDS,INE204Y01010,MT,11.50,11.50,10.93,10.93,11.50,2000,22430.00,2
BSE,SBVCL,INE0RNZ01014,MT,101.00,104.90,101.00,104.90,101.05,1200,123540.00,2
BSE,SCAGRO,INE895E01017,XT,33.18,33.18,33.18,33.18,33.85,554,18381.00,5
BSE,SCANPRO,INE393D01015,X,117.50,117.50,117.20,117.50,112.05,285,33462.00,6
BSE,SCANSTL,INE099G01011,T,61.30,63.55,60.20,61.43,60.53,12473,774184.00,47
BSE,SCDL,INE0UMH01018,M,69.00,69.50,69.00,69.50,67.80,6400,443824.00,4
BSE,SCHAEFFLER,INE513A01022,A,4133.20,4189.25,4117.60,4128.45,4154.50,8611,35829176.00,3645
BSE,SCHAND,INE807K01035,B,139.45,139.50,137.15,137.15,139.05,1132,156437.00,188
BSE,SCHNEIDER,INE839M01018,A,1402.65,1439.60,1381.00,1434.05,1402.70,24108,34070733.00,1543
BSE,SCI,INE109A01011,A,294.00,300.75,293.85,298.65,293.95,131290,39087485.00,2145
BSE,SCILAL,INE0PB301013,B,41.01,41.15,40.51,40.70,40.89,4470,181986.00,69
BSE,SCODATUBES,INE090501011,B,138.95,138.95,133.30,133.85,140.30,19458,2641289.00,392
BSE,SCOOBEEDAY,INE962E01015,X,71.35,71.45,68.70,68.70,71.00,204,14026.00,7
BSE,SCPL,INE501Y01019,B,616.00,665.00,606.35,650.80,611.20,14449,9287836.00,609
BSE,SCTL,INE452S01025,X,0.46,0.47,0.45,0.45,0.46,630512,287963.00,199
BSE,SDBL,INE480C01038,B,70.20,71.87,69.58,71.61,73.52,200172,14166739.00,1168
BSE,SDL,INE004E01016,X,31.83,31.83,31.83,31.83,33.50,9,286.00,3
BSE,SEALMATIC,INE0O4601016,M,392.05,402.00,392.00,400.00,403.00,4860,1923786.00,21
BSE,SEAMECLTD,INE497B01018,B,1555.20,1562.15,1490.65,1519.95,1546.40,23843,36550579.00,734
BSE,SEASONST,INE707B01010,X,17.62,18.80,17.06,18.58,18.49,2602,45825.00,20
BSE,SEATV,INE351L01016,X,2.94,3.01,2.94,2.95,3.09,369,1086.00,8
BSE,SECURKLOUD,INE650K01021,B,19.23,19.49,17.90,18.84,19.35,5965,109122.00,94
BSE,SEDEMAC,INE00XB01019,B,3147.95,3155.80,3017.80,3055.35,3093.85,12362,37856844.00,1299
BSE,SEEMAX,INE1EVO01017,M,59.96,59.97,59.96,59.97,57.32,2000,119930.00,2
BSE,SEIL,INE440T01028,B,213.00,216.15,204.05,204.95,207.85,15680,3266840.00,319
BSE,SEJALLTD,INE955I01044,B,670.10,698.05,670.10,681.05,702.65,2374,1615988.00,153
BSE,SEKURITIND,INE068B01017,X,121.70,124.00,118.25,119.60,120.65,22665,2751177.00,311
BSE,SEL,INE367E01033,X,37.61,39.49,35.73,36.82,37.61,608,22996.00,12
BSE,SELECTRIC,INE155D01018,B,2524.50,2540.00,2358.15,2359.85,2482.25,22699,54139114.00,999
BSE,SELMC,INE105I01020,B,26.10,26.10,26.10,26.10,27.20,1,26.00,1
BSE,SEML,INE0KPY01017,MT,37.25,37.25,35.39,35.53,37.25,24375,874515.00,37
BSE,SENCO,INE602W01027,A,377.95,379.80,342.45,345.25,401.20,433736,155874153.00,11471
BSE,SENORES,INE0RB801010,A,1475.45,1500.95,1456.00,1490.75,1475.45,15118,22282436.00,1155
BSE,SEPC,INE964H01014,B,5.11,6.12,5.11,6.04,6.10,2737400,15860765.00,1689
BSE,SERA,INE017I01027,X,51.00,51.00,42.00,42.35,44.20,290647,13006500.00,726
BSE,SESHAPAPER,INE630A01024,B,231.75,233.20,229.55,231.80,233.20,1633,378261.00,105
BSE,SETCO,INE878E01021,T,17.60,17.80,17.25,17.80,17.60,1499,26572.00,21
BSE,SETL,INE0M4D01010,B,300.05,306.75,286.40,300.15,297.05,113409,33962041.00,2060
BSE,SETUINFRA,INE023M01027,Z,0.42,0.42,0.40,0.42,0.42,32116,12886.00,11
BSE,SEVL,INE0SC101013,M,39.70,39.70,34.01,38.33,39.80,9600,360084.00,7
BSE,SEYAIND,INE573R01012,T,12.75,13.00,12.51,12.53,12.75,1692,21364.00,14
BSE,SFL,INE916U01025,A,699.00,715.00,687.70,691.95,678.80,45046,31620030.00,1908
BSE,SFPIL,INE716K01020,X,8.54,8.54,8.49,8.49,8.55,216,1835.00,3
BSE,SGFIN,INE618R01015,B,653.20,669.80,640.20,649.45,660.90,27465,17816579.00,973
BSE,SGFRL,INE07GA01011,M,97.00,97.00,97.00,97.00,95.00,1500,145500.00,2
BSE,SGIL,INE00QT01015,B,600.00,609.60,598.30,599.45,604.05,681,409172.00,24
BSE,SGL,INE353H01010,B,9.90,9.90,9.81,9.82,9.86,339,3328.00,6
BSE,SGLRES,INE967B01028,XT,2.41,2.65,2.41,2.63,2.53,44009,110946.00,90
BSE,SGMART,INE385F01024,B,717.00,720.95,708.00,717.40,717.50,6684,4775465.00,315
BSE,SGNTE,INE266C01023,X,0.60,0.60,0.59,0.59,0.60,33550,20115.00,39
BSE,SGRL,INE414Y01015,X,618.10,625.00,581.10,610.05,621.15,21630,13228042.00,566
BSE,SHADOWFAX,INE12UN01015,B,250.00,252.30,244.50,247.40,249.00,134363,33410468.00,2998
BSE,SHAH,INE482J01021,B,4.13,4.25,4.02,4.09,4.03,132769,540050.00,127
BSE,SHAHALLOYS,INE640C01011,B,69.65,69.65,69.64,69.64,69.52,173,12047.00,2
BSE,SHAHFOOD,INE455D01012,XT,365.00,365.00,364.00,364.00,358.75,58,21142.00,4
BSE,SHAHISHIP,INE825D01016,X,12.20,12.20,11.51,11.82,12.13,5615,65688.00,31
BSE,SHAHLON,INE052001026,X,26.75,26.75,21.71,21.71,22.60,11393,252525.00,71
BSE,SHAILY,INE151G01028,A,3460.30,3494.85,3405.00,3431.25,3453.20,11720,40415053.00,1160
BSE,SHAKTIPR,INE794C01016,XT,13.37,13.67,13.30,13.41,13.37,163765,2204786.00,569
BSE,SHAKTIPUMP,INE908D01010,A,507.45,513.40,507.45,509.90,510.80,27024,13778230.00,924
BSE,SHALBY,INE597J01018,B,161.05,163.00,156.20,157.00,161.70,9253,1468586.00,401
BSE,SHALIWIR,INE655D01025,X,21.00,21.00,18.50,19.49,19.37,25310,478671.00,86
BSE,SHALPAINTS,INE849C01026,T,87.80,87.80,81.10,83.51,84.94,15517,1302245.00,127
BSE,SHALPRO,INE435E01020,XT,0.27,0.29,0.27,0.29,0.28,1094997,304746.00,499
BSE,SHANGAR,INE118R01032,X,0.25,0.26,0.24,0.25,0.25,1577970,389950.00,153
BSE,SHANKARA,INE274V01019,B,142.00,143.00,140.00,141.55,142.50,400683,56133358.00,313
BSE,SHANTIDENM,INE0QZQ01019,M,36.60,36.60,36.60,36.60,37.60,4000,146400.00,2
BSE,SHANTIGEAR,INE631A01022,B,400.00,402.75,396.00,397.45,401.45,558,222303.00,95
BSE,SHANTIGOLD,INE06ZD01017,B,227.30,232.00,218.00,230.30,228.10,208025,46791814.00,1916
BSE,SHAQUAK,INE545N01019,X,1.30,1.30,1.11,1.11,1.30,12729,14751.00,15
BSE,SHARDACROP,INE221J01015,A,804.00,809.00,795.55,798.70,806.25,4368,3501110.00,440
BSE,SHARDAMOTR,INE597I01028,B,889.90,897.85,877.85,879.60,876.40,4960,4390190.00,462
BSE,SHARDUL,INE037B01020,T,46.21,46.21,46.21,46.21,44.01,665,30729.00,6
BSE,SHAREINDIA,INE932X01026,B,167.60,169.15,164.80,165.80,167.65,28319,4700255.00,270
BSE,SHARIKA,INE669Y01022,T,18.74,18.74,18.74,18.74,18.38,27993,524588.00,35
BSE,SHARMEH,INE465H01012,X,89.65,105.95,89.35,100.50,95.00,793,79104.00,68
BSE,SHARPINV,INE909D01026,X,0.37,0.39,0.36,0.38,0.37,263467,99292.00,167
BSE,SHARPLINE,INE647W01014,X,10.34,10.41,10.34,10.40,10.45,1134,11794.00,10
BSE,SHARVAYA,INE0UJF01018,MT,146.00,146.00,145.00,145.25,146.95,10800,1569600.00,15
BSE,SHASHIJIT,INE700V01021,X,3.04,3.09,2.96,2.97,3.00,11804,35909.00,25
BSE,SHAWGELTIN,INE869A01010,X,539.90,539.90,482.20,495.75,541.65,40032,20233308.00,898
BSE,SHAYONAENG,INE0UCL01011,M,141.05,141.05,141.05,141.05,146.00,2000,282100.00,2
BSE,SHBAJRG,INE402H01015,B,183.00,185.90,175.00,183.85,182.00,387,69431.00,22
BSE,SHEKHAWATI,INE268L01046,B,19.20,19.48,17.95,19.48,16.24,82013,1585105.00,243
BSE,SHELTER,INE013V01011,M,26.00,26.00,26.00,26.00,26.00,3000,78000.00,1
BSE,SHEMAROO,INE363M01019,T,131.70,133.45,128.00,128.00,128.95,3212,417634.00,37
BSE,SHENTRA,INE0OUS01011,XT,130.90,130.90,130.90,130.90,130.90,50,6545.00,1
BSE,SHERVANI,INE011D01013,X,290.25,292.00,290.25,290.40,292.45,96,27869.00,4
BSE,SHESHAINDS,INE193R01019,X,16.75,16.75,16.75,16.75,17.59,339,5678.00,4
BSE,SHETR,INE278C01010,X,95.65,95.68,91.00,94.95,91.15,239,22508.00,10
BSE,SHGANEL,INE400N01017,X,16.44,17.00,16.44,17.00,17.30,73,1240.00,2
BSE,SHHARICH,INE065E01017,X,174.80,184.90,172.00,178.35,171.95,12929,2285630.00,103
BSE,SHILCTECH,INE024F01011,B,4005.00,4082.15,3781.05,3857.00,4579.95,38943,151656280.00,5075
BSE,SHILGRAVQ,INE960A01017,X,159.90,160.00,155.70,156.20,156.05,4730,750279.00,53
BSE,SHILPAMED,INE790G01031,A,822.00,822.00,801.00,804.35,819.25,46312,37636097.00,1342
BSE,SHINDL,INE220Z01013,B,167.95,170.00,160.00,163.85,164.75,32486,5267514.00,265
BSE,SHINEFASH,INE0BLY01023,M,26.60,26.60,26.60,26.60,24.49,4000,106400.00,1
BSE,SHIPWAVES,INE0O9L01010,M,2.62,2.63,2.57,2.60,2.67,170000,444600.00,16
BSE,SHISHIND,INE145Y01023,X,12.39,12.79,10.11,10.54,12.36,3684138,40437101.00,2541
BSE,SHIVA,INE728Q01014,X,14.37,14.37,13.27,14.36,13.69,35864,510962.00,50
BSE,SHIVAAGRO,INE960E01019,X,39.50,39.50,37.90,37.90,37.97,785,29801.00,19
BSE,SHIVACEM,INE555C01029,X,17.20,17.34,16.52,16.84,16.91,132839,2242767.00,246
BSE,SHIVAEXPO,INE191V01015,MT,10.73,10.73,10.73,10.73,11.29,10000,107300.00,1
BSE,SHIVAGR,INE092H01014,X,24.00,24.00,23.00,23.20,24.00,153,3532.00,5
BSE,SHIVALIK,INE788J01021,T,262.00,268.90,259.50,268.70,259.00,2898,766815.00,51
BSE,SHIVAMAUTO,INE637H01024,T,17.10,17.10,17.10,17.10,17.44,305,5215.00,6
BSE,SHIVAMILLS,INE644Y01017,B,63.60,63.60,60.42,60.63,63.60,752,45723.00,9
BSE,SHIVATEX,INE705C01020,B,161.75,161.75,161.75,161.75,161.35,37,5984.00,4
BSE,SHIVTEXCHEM,INE0YRO01015,M,110.00,113.00,110.00,112.40,109.05,2000,223860.00,5
BSE,SHK,INE500L01026,B,173.00,179.00,167.75,171.15,172.80,110927,19287452.00,733
BSE,SHKARTP,INE538D01015,X,6.93,6.93,6.81,6.90,6.93,131,903.00,4
BSE,SHLOKKA,INE1EUB01016,M,22.25,23.00,22.25,23.00,22.58,3600,81900.00,3
BSE,SHOPERSTOP,INE498B01024,B,427.70,430.00,421.00,424.10,428.00,2653,1129507.00,152
BSE,SHPLPUNE,INE07G501017,X,875.00,875.00,696.15,754.80,869.00,417,314875.00,22
BSE,SHRAAITECH,INE489B01031,X,24.44,25.07,23.80,25.02,24.41,16050,393961.00,178
BSE,SHRADDHA,INE311M01018,X,153.20,154.55,150.35,152.10,152.10,771,117078.00,44
BSE,SHRAJSYNQ,INE796C01011,X,12.08,12.08,11.38,11.38,11.97,3792,43187.00,6
BSE,SHREDIGCEM,INE232A01011,B,72.02,72.24,71.00,71.14,73.30,2840,203264.00,182
BSE,SHREE,INE0QIS01011,M,48.40,50.00,45.65,50.00,51.15,1500,72025.00,3
BSE,SHREECEM,INE070A01015,A,25510.00,25510.05,25146.45,25410.00,25500.00,529,13381069.00,240
BSE,SHREEGANES,INE051N01026,X,0.54,0.54,0.50,0.52,0.53,1378604,722115.00,375
BSE,SHREEJISPG,INE1B6101010,B,630.00,645.50,617.35,641.20,629.80,20337,12821682.00,512
BSE,SHREENATH,INE0RXS01018,M,11.30,13.00,11.30,13.00,13.50,15000,183300.00,5
BSE,SHREEPAC,INE847D01010,X,144.95,144.95,133.95,136.80,137.25,1403,195667.00,31
BSE,SHREEPUSHK,INE712K01011,B,410.05,414.75,399.70,400.00,413.00,3842,1570139.00,121
BSE,SHREERAMA,INE879A01019,B,38.57,39.78,38.20,38.98,38.01,6364,247176.00,92
BSE,SHREEREF,INE0FMZ01045,M,320.85,328.95,320.85,321.70,320.85,138500,44950675.00,234
BSE,SHREESEC,INE397C01026,Z,0.19,0.20,0.19,0.20,0.19,1196184,227704.00,216
BSE,SHREMETAL,INE914B01012,X,39.99,39.99,36.26,38.92,37.23,385,14476.00,27
BSE,SHREYANIND,INE231C01019,B,141.55,145.90,140.25,144.60,140.85,1670,238842.00,24
BSE,SHREYASI,INE115F01017,X,7.54,7.80,7.22,7.75,7.18,7947,60818.00,58
BSE,SHRICON,INE753D01010,XT,190.00,190.00,187.15,187.15,197.00,933,176890.00,7
BSE,SHRIDINE,INE204C01024,XT,345.25,345.25,341.00,345.00,356.80,560,192254.00,22
BSE,SHRIGANG,INE241V01018,X,64.99,64.99,60.00,62.84,62.98,12172,764122.00,120
BSE,SHRIKRISH,INE997I01012,B,40.01,40.01,40.01,40.01,40.00,24,960.00,3
BSE,SHRINGARMS,INE1B3L01017,B,235.00,236.30,228.10,229.75,234.00,31291,7279259.00,277
BSE,SHRINIWAS,INE201F01015,X,10.61,11.15,9.67,10.53,10.61,6831,69618.00,32
BSE,SHRIPISTON,INE526E01018,A,4445.00,4590.05,4417.75,4468.95,4417.85,4331,19473748.00,630
BSE,SHRIRAMFIN,INE721A01047,A,1134.70,1134.70,1116.90,1123.70,1127.00,70111,78949743.00,3086
BSE,SHRIRAMPPS,INE217L01019,B,86.76,86.76,82.80,83.33,86.13,56898,4775632.00,586
BSE,SHRISTI,INE472C01027,X,29.49,29.49,28.00,29.49,28.17,61,1713.00,7
BSE,SHRJAGP,INE564J01026,X,576.50,602.55,576.50,597.55,585.25,363,215039.00,43
BSE,SHRMFGC,INE632A01012,X,11.55,11.55,11.55,11.55,11.55,33,381.00,3
BSE,SHRYDUS,INE488C01015,XT,4.71,4.99,4.70,4.73,4.91,10105,47892.00,19
BSE,SHTL,INE0D8001018,MT,95.35,95.49,95.35,95.49,90.95,28800,2749944.00,21
BSE,SHUBHAM,INE01J501010,X,36.40,37.19,34.44,36.05,35.42,20928,749083.00,100
BSE,SHUKRAPHAR,INE551C01044,B,37.00,40.26,34.00,39.82,37.26,2134540,82272816.00,4489
BSE,SHYAMCENT,INE979R01011,T,5.05,5.14,5.00,5.03,5.07,1421,7184.00,19
BSE,SHYAMMETL,INE810G01011,A,986.80,990.95,981.95,987.35,985.75,11351,11198392.00,1114
BSE,SHYAMTEL,INE635A01023,T,14.12,14.99,14.12,14.98,14.77,1894,27619.00,11
BSE,SHYMINV,INE203N01015,X,12.07,12.07,11.56,11.57,12.07,15479,183271.00,15
BSE,SIBARAUT,INE441C01014,X,8.05,8.06,7.66,7.90,7.99,268,2143.00,14
BSE,SICAGEN,INE176J01011,B,60.89,64.00,58.00,61.36,60.06,16976,1023496.00,519
BSE,SICALLOG,INE075B01020,T,112.75,113.25,106.10,112.75,107.90,16970,1894030.00,69
BSE,SICAPI-RE,INE417F20017,R,8.40,8.40,4.21,4.21,6.00,10257,62491.00,25
BSE,SICAPIT,INE417F01017,XT,16.63,17.09,15.49,16.98,16.30,7319,114268.00,28
BSE,SIDDHA,INE140C01012,X,3.91,3.98,3.91,3.98,4.00,826,3284.00,11
BSE,SIDDHEGA,INE797C01019,X,20.60,20.60,20.49,20.49,19.62,112,2300.00,5
BSE,SIEL,INE843L01012,X,30.25,31.00,30.25,30.25,31.80,1045,31614.00,12
BSE,SIEMENS,INE003A01024,A,4059.55,4097.00,3997.65,4019.00,4002.10,28786,116087368.00,5909
BSE,SIGACHI,INE0D0K01022,T,25.50,26.69,25.50,26.18,25.77,111100,2905657.00,187
BSE,SIGIND,INE529F01035,B,70.88,70.88,66.10,67.90,71.85,9957,678300.00,122
BSE,SIGMA,INE0A0S01028,B,48.00,48.00,45.07,46.47,47.19,20762,953637.00,357
BSE,SIGMAADV,INE933B01012,T,709.00,709.00,662.70,679.15,697.55,40343,27327148.00,726
BSE,SIGNATURE,INE903U01023,A,814.90,814.90,801.65,807.90,814.50,12564,10112621.00,220
BSE,SIGNPOST,INE0KGZ01021,B,272.50,275.50,268.65,270.05,272.05,2434,661487.00,145
BSE,SIHORA,INE0SFA01011,M,60.00,60.00,59.50,59.50,60.00,6000,358020.00,3
BSE,SIIL,INE400R01018,XT,14.20,15.55,14.20,15.46,14.81,20066,308647.00,32
BSE,SIKA,INE438E01032,B,1102.10,1122.30,1084.00,1111.80,1102.10,1946,2139912.00,326
BSE,SIL,INE173A01025,B,20.12,21.20,18.94,19.43,20.95,63974,1253944.00,456
BSE,SILINV,INE923A01015,B,429.10,429.10,425.00,427.80,430.00,33,14117.00,12
BSE,SILL,INE147701010,M,90.00,90.00,90.00,90.00,92.80,1600,144000.00,1
BSE,SILVERO,INE798C01017,Z,6.43,6.62,6.43,6.43,6.56,1883,12312.00,15
BSE,SILVERTUC,INE625X01026,B,214.00,219.70,202.80,206.20,206.55,106830,21961200.00,1010
BSE,SILVOAK,INE870J01019,X,77.00,77.00,74.00,76.62,77.49,411,31633.00,17
BSE,SIMANDHAR,INE0VI201010,X,154.00,156.00,147.45,153.75,155.20,342,50878.00,18
BSE,SIMBHALS,INE748T01016,Z,7.00,7.20,7.00,7.04,7.00,367,2608.00,13
BSE,SIMMOND,INE657D01021,X,198.80,207.00,191.00,204.65,191.10,44751,8949550.00,380
BSE,SIMPLEXCAS,INE658D01029,X,100.90,102.80,99.60,101.60,101.90,389979,39576556.00,523
BSE,SIMPLEXINF,INE059B01024,B,259.95,263.95,248.25,252.15,263.75,11256,2873733.00,293
BSE,SIMPLXPAP,INE456H01029,X,1310.00,1310.00,1310.00,1310.00,1248.05,1,1310.00,1
BSE,SIMRAN,INE354D01017,X,152.20,165.00,152.20,159.55,160.10,4006,649826.00,43
BSE,SINCLAIR,INE985A01022,B,77.00,77.00,76.65,76.84,77.25,140,10739.00,4
BSE,SINDHUTRAD,INE325D01025,B,24.40,24.50,24.00,24.13,24.41,15377,372349.00,64
BSE,SINGERIND,INE638A01035,B,76.79,91.38,74.35,91.38,76.15,523501,46008089.00,3110
BSE,SINNAR,INE896E01023,XT,690.00,690.00,674.50,674.50,710.00,4,2713.00,3
BSE,SIPL,INE413C01013,X,15.60,15.60,15.11,15.11,15.60,194,2975.00,16
BSE,SIRCA,INE792Z01011,B,443.00,443.00,432.00,436.50,444.10,16859,7353094.00,321
BSE,SIS,INE285J01028,B,437.55,442.00,435.00,438.25,437.85,6783,2979456.00,343
BSE,SITAENT,INE579D01019,X,142.00,147.00,142.00,142.00,148.00,13,1851.00,3
BSE,SITINET,INE965H01011,Z,0.49,0.49,0.49,0.49,0.49,1740,852.00,5
BSE,SIYARAM,INE0QSK01017,M,38.29,39.80,38.24,38.75,39.09,37500,1468455.00,23
BSE,SIYSIL,INE076B01028,B,627.35,634.00,623.60,629.95,631.70,2131,1340479.00,133
BSE,SIZEMASTER,INE235U01012,X,217.45,240.25,217.45,232.95,228.85,2891,638012.00,102
BSE,SJS,INE284S01014,A,2445.45,2481.65,2409.60,2437.90,2398.10,4191,10237832.00,562
BSE,SJVN,INE002L01015,A,67.08,67.47,66.91,67.12,67.33,206816,13881627.00,2299
BSE,SKCIL,INE260E01014,X,105.00,109.80,98.55,101.30,105.00,56130,5811026.00,202
BSE,SKFINDIA,INE640A01023,A,1540.40,1544.90,1515.50,1531.90,1522.70,2230,3405547.00,446
BSE,SKFINDUS,INE2J8701016,B,2705.00,2745.80,2608.40,2698.55,2722.70,713,1920577.00,237
BSE,SKIPPER,INE439E01022,B,525.25,547.05,509.40,540.70,525.35,56956,30296104.00,1586
BSE,SKL,INE459U01018,MT,11.50,11.76,11.50,11.76,11.20,20000,232600.00,2
BSE,SKM,INE13YH01017,MT,434.80,435.00,415.40,427.00,434.80,17000,7252250.00,17
BSE,SKMEGGPROD,INE411D01023,B,263.25,265.95,255.00,257.80,262.55,23077,5979207.00,530
BSE,SKPSEC,INE709B01016,X,109.98,109.98,100.12,103.99,104.00,994,100806.00,33
BSE,SKRABUL,INE561E01015,X,26.70,28.03,25.39,25.85,26.70,324,9034.00,11
BSE,SKYBIOTECH,INE393H01016,X,149.40,149.40,149.40,149.40,157.25,124,18525.00,4
BSE,SKYGOLD,INE01IU01018,A,790.75,840.00,790.75,832.60,790.30,186818,153009674.00,4374
BSE,SKYIND,INE765B01018,X,94.00,97.00,89.30,90.34,94.00,4102,382481.00,98
BSE,SKYLMILAR,INE178E01026,X,15.25,15.25,14.80,14.80,15.14,3395,51113.00,15
BSE,SLSTLQ,INE456D01010,X,29.50,29.50,29.50,29.50,31.00,60,1770.00,2
BSE,SMARTFIN,INE766D01020,X,8.09,8.40,8.09,8.25,8.10,5072,41821.00,51
BSE,SMARTLINK,INE178C01020,T,220.00,221.45,210.05,216.55,219.35,530,114020.00,11
BSE,SMARTWORKS,INE0NAZ01010,B,496.80,496.80,470.70,487.35,477.30,3303,1610597.00,172
BSE,SMAUTO,INE0C4I01011,M,29.93,29.98,29.93,29.98,24.99,48000,1438720.00,20
BSE,SMCGLOBAL,INE103C01036,B,78.66,80.03,77.13,78.86,79.50,13196,1034620.00,137
BSE,SMEL,INE266S01011,MT,12.96,12.96,12.96,12.96,12.35,5000,64800.00,1
BSE,SMFIL,INE728B01032,XT,13.67,13.67,13.67,13.67,13.94,57373,784288.00,57
BSE,SMGOLD,INE00Q901014,B,11.51,11.92,11.51,11.65,11.63,2341,27405.00,33
BSE,SMLMAH,INE294B01019,A,5239.80,5265.75,5130.00,5173.65,5205.70,3744,19436092.00,573
BSE,SMLT,INE017W01010,B,69.00,69.00,69.00,69.00,69.00,190,13110.00,74
BSE,SMR,INE11XK01017,M,92.05,92.05,85.61,85.89,92.00,9000,797070.00,9
BSE,SMRUTHIORG,INE172E01011,X,123.75,128.95,123.65,127.95,125.35,7623,965849.00,71
BSE,SMSPHARMA,INE812G01025,B,383.05,383.55,365.75,368.10,378.55,2511,937869.00,127
BSE,SMTEL,INE673E01018,X,467.80,467.80,444.55,444.55,467.90,203,90359.00,21
BSE,SNIM,INE730R01042,X,11.35,11.35,10.57,11.31,11.12,32,362.00,3
BSE,SNL,INE568F01017,X,388.75,390.10,385.05,389.80,388.75,1097,426822.00,34
BSE,SNOWMAN,INE734N01019,B,38.42,40.00,38.00,38.55,38.57,11744,451423.00,145
BSE,SOBHA,INE671H01015,A,1343.00,1344.50,1326.90,1331.25,1340.80,4163,5560240.00,288
BSE,SOBME,INE754D01018,X,1180.05,1199.95,1164.20,1170.05,1225.45,1040,1225061.00,82
BSE,SODHACAP,INE0QU501030,M,67.00,67.00,66.65,66.88,72.00,6000,401300.00,3
BSE,SOFCOM,INE499Q01012,XT,19.06,19.73,18.44,19.00,19.39,52882,997661.00,81
BSE,SOFTRAKV,INE562E01021,XT,1.55,1.55,1.46,1.51,1.50,46518,68446.00,38
BSE,SOFTTECH,INE728Z01015,B,410.00,417.50,410.00,416.90,431.00,25,10277.00,7
BSE,SOLARA,INE624Z01016,B,510.15,513.90,503.00,505.05,508.95,15216,7692832.00,470
BSE,SOLARINDS,INE343H01029,A,18819.80,19064.00,18531.00,19064.00,18675.00,2539,47463274.00,561
BSE,SOLARIUM,INE0W0H01017,M,165.00,165.00,161.05,162.70,162.70,5700,929190.00,19
BSE,SOLARWORLD,INE0TY101024,B,166.05,166.80,161.00,161.25,164.55,192541,31214260.00,275
BSE,SOLIDSTON,INE584G01012,X,24.97,24.97,24.00,24.93,24.98,85,2073.00,9
BSE,SOLIMAC,INE410A01013,X,110.00,114.95,107.00,108.60,108.20,7768,862008.00,135
BSE,SOLVEX,INE1IIQ01028,MT,18.47,18.47,18.47,18.47,19.44,1600,29552.00,1
BSE,SOMANYCERA,INE355A01028,B,510.55,525.00,486.60,507.90,510.55,32143,16355988.00,1073
BSE,SOMICONVEY,INE323J01019,B,90.70,92.35,87.00,87.99,95.93,9520,841771.00,296
BSE,SONACOMS,INE073K01018,A,801.95,807.50,797.25,800.00,802.55,100716,80828945.00,6234
BSE,SONAL,INE321M01017,B,89.00,93.00,88.83,93.00,93.50,67,5973.00,8
BSE,SONALAD,INE344I01017,X,44.00,44.00,39.00,39.68,41.35,2557,103060.00,39
BSE,SONALIS,INE0N5O01013,M,43.80,45.01,43.80,44.53,46.01,8000,355740.00,4
BSE,SONATSOFTW,INE269A01021,A,334.75,334.75,321.90,323.70,333.60,29793,9783657.00,740
BSE,SOTEFIN,INE12Z301012,M,203.00,210.45,203.00,207.95,205.70,47400,9861570.00,53
BSE,SOTL,INE035D01020,B,695.15,710.75,685.00,696.65,700.85,18584,12886901.00,696
BSE,SOURCEIND,INE695C01015,XT,35.28,35.28,35.28,35.28,34.59,150,5292.00,1
BSE,SOURCENTRL,INE679C01027,X,114.90,114.90,110.00,110.05,108.45,1629,179266.00,14
BSE,SOUTHBANK,INE683A01023,A,45.75,46.55,45.65,46.26,45.84,657092,30355052.00,3668
BSE,SOUTHERNIN,INE298B01010,X,20.98,20.98,20.51,20.60,20.88,1399,28843.00,8
BSE,SOUTHMG,INE308N01012,X,69.56,71.88,69.56,70.00,69.56,841,59158.00,16
BSE,SOUTHWEST,INE980Y01015,B,231.65,233.25,219.00,219.60,228.05,17277,3892431.00,515
BSE,SOUTLAT,INE410M01018,X,25.83,25.83,25.83,25.83,24.60,317,8188.00,4
BSE,SOVERDIA,INE959D01013,X,24.38,26.84,24.25,25.64,24.88,3731,96428.00,32
BSE,SPACEINCUBA,INE797Z01028,XT,0.18,0.18,0.18,0.18,0.18,239242,43063.00,82
BSE,SPAL,INE212I01016,B,1060.00,1060.00,971.90,978.20,1078.40,10492,10506871.00,899
BSE,SPANDANA,INE572J01011,B,247.35,252.35,244.50,245.35,249.35,23907,5926476.00,592
BSE,SPAR,INE960B01015,X,4.70,5.28,4.70,5.13,4.80,78567,404959.00,82
BSE,SPARC,INE232I01014,B,209.10,209.10,201.30,202.55,205.25,78002,15826920.00,974
BSE,SPARKLEGR,INE618F01010,X,68.00,72.97,61.11,65.04,71.19,19506,1332497.00,100
BSE,SPCAPIT,INE102F01015,X,51.20,52.88,51.20,52.88,51.00,517,26487.00,5
BSE,SPECFOOD,INE547C01018,X,17.03,18.26,17.03,17.33,17.68,11092,193708.00,47
BSE,SPECIALITY,INE247M01014,B,158.05,163.40,157.35,158.00,159.35,4404,705134.00,147
BSE,SPECTRA,INE848B01012,Z,4.03,4.03,3.90,3.99,4.03,72,287.00,6
BSE,SPECTRUM,INE01EO01010,T,2283.40,2283.60,2283.40,2283.40,2403.55,1197,2733259.00,30
BSE,SPELS,INE252A01019,X,153.00,153.80,150.05,150.70,151.80,33736,5094855.00,681
BSE,SPENCERS,INE020801028,B,32.13,32.25,31.50,31.87,32.12,3451,109484.00,120
BSE,SPENTA,INE175C01018,XT,122.00,127.75,122.00,127.70,121.70,514,65631.00,7
BSE,SPIC,INE147A01011,B,67.09,67.58,66.60,67.18,67.07,14273,955366.00,217
BSE,SPICEISLIN,INE882D01017,XT,489.45,497.00,483.00,489.90,489.45,4604,2264459.00,203
BSE,SPICEJET,INE285B01017,B,12.31,12.34,11.98,12.04,12.32,4059798,48998138.00,4248
BSE,SPICELOUNG,INE631E01024,B,26.67,27.92,25.00,27.92,25.39,245948,6817247.00,433
BSE,SPINAROO,INE10XX01012,M,43.74,43.74,43.74,43.74,48.60,4000,174960.00,2
BSE,SPITZE,INE0JSJ01014,M,42.28,42.28,38.26,38.26,40.27,156000,6222030.00,97
BSE,SPL,INE0RDR01012,M,23.00,24.50,23.00,24.08,22.90,17600,419200.00,9
BSE,SPLIL,INE978G01016,B,31.95,32.40,31.15,31.45,31.32,2281,71179.00,17
BSE,SPLPETRO,INE663A01033,A,681.50,731.45,681.50,726.05,685.70,19126,13755002.00,717
BSE,SPML,INE0R0M01014,M,161.00,161.00,160.00,160.00,159.00,2000,321000.00,2
BSE,SPMLINFRA,INE937A01023,B,186.45,193.15,183.75,191.35,186.40,13105,2456989.00,303
BSE,SPORTKING,INE885H01029,B,209.55,209.55,203.00,203.60,208.35,19954,4091194.00,327
BSE,SPRAYKING,INE537U01037,B,1.32,1.32,1.24,1.27,1.30,347778,442958.00,211
BSE,SPRIGHT,INE179O01031,X,0.44,0.45,0.43,0.44,0.45,4004712,1754725.00,822
BSE,SPSL,INE318K01025,X,12.01,12.01,12.01,12.01,11.87,7,84.00,1
BSE,SPTRSHI,INE233P01017,X,25.00,25.10,22.62,22.62,25.13,5586,131388.00,28
BSE,SRAMSET,INE777G01012,X,280.00,296.00,276.05,293.10,281.00,2193,631614.00,63
BSE,SRD,INE01NE01012,B,37.89,40.80,37.00,40.34,37.53,53385,2094796.00,179
BSE,SRECR,INE377C01010,P,24.56,24.56,24.55,24.55,25.70,300,7366.00,3
BSE,SREEL,INE099F01013,B,233.00,240.75,230.20,238.35,233.00,3854,914990.00,188
BSE,SRESTHA,INE606K01049,X,0.30,0.31,0.29,0.29,0.30,1914307,568265.00,382
BSE,SRF,INE647A01010,A,2574.45,2593.35,2552.15,2576.00,2575.00,13083,33610925.00,2084
BSE,SRGHFL,INE559N01010,B,273.05,273.05,273.00,273.00,272.35,23,6279.00,2
BSE,SRHHYPOLTD,INE917H01012,B,513.55,513.55,491.75,507.75,499.85,2086,1053599.00,114
BSE,SRICC,INE827D01020,X,39.63,40.00,38.00,40.00,39.44,3419,132307.00,20
BSE,SRIGEE,INE0RJ901010,M,75.70,76.00,73.10,76.00,76.00,16800,1263528.00,14
BSE,SRIKPRIND,INE009C01019,X,21.50,21.56,20.05,21.49,20.73,5424,114696.00,33
BSE,SRINACHA,INE443E01016,X,29.00,31.50,26.00,28.88,29.00,189,5329.00,17
BSE,SRM,INE0R6Z01013,B,517.95,530.30,509.00,515.85,510.60,5110,2642821.00,132
BSE,SRMCL,INE306D01017,X,56.44,56.44,54.05,55.98,56.89,512,27874.00,19
BSE,SRMENERGY,INE173J01018,X,22.99,22.99,21.01,21.11,22.01,7312,165911.00,120
BSE,SRSOLTD,INE0MNV01014,M,76.15,78.00,76.00,78.00,76.50,6400,492168.00,8
BSE,SRTL,INE19GK01015,B,40.30,40.63,39.58,39.63,40.01,1002,40032.00,14
BSE,SRUSTEELS,INE425C01017,XT,1.55,1.55,1.43,1.50,1.50,89876,132845.00,113
BSE,SSDL,INE0PQ101010,B,54.50,65.49,54.50,65.02,54.58,32452,1942884.00,1429
BSE,SSL,INE0LY301010,M,35.00,43.98,35.00,43.98,36.65,156800,6692448.00,65
BSE,SSPDL,INE838C01011,X,16.98,17.75,16.34,16.99,16.99,6912,117236.00,23
BSE,SSPNFIN,INE820R01017,M,7.42,7.42,7.42,7.42,7.42,8000,59360.00,2
BSE,SSPRL,INE1EJ401023,MT,133.50,138.90,129.10,133.50,132.30,336000,46083950.00,182
BSE,SSTL,INE0JNA01014,M,20.00,20.05,20.00,20.05,21.07,15000,300250.00,3
BSE,SSWL,INE802C01033,B,316.30,320.00,311.60,312.80,318.00,32442,10238572.00,750
BSE,SSWRL,INE387D01025,XT,27.00,29.80,26.98,29.80,28.40,4036,114418.00,35
BSE,STAL,INE0RGM01016,MT,32.00,33.15,31.90,32.00,32.90,15200,489488.00,10
BSE,STALLION,INE0RYC01010,T,229.50,253.60,229.50,253.60,241.55,316623,77348251.00,1079
BSE,STANCAP,INE625D01028,X,0.39,0.40,0.38,0.39,0.38,14013512,5438836.00,1112
BSE,STANLEY,INE01A001028,B,143.55,145.00,141.30,141.95,143.45,6031,861791.00,389
BSE,STANPACK,INE457D01018,X,10.67,10.68,10.67,10.68,10.18,297,3170.00,2
BSE,STANROS,INE441L01015,X,72.99,72.99,72.99,72.99,73.99,25,1824.00,1
BSE,STAR,INE939A01011,A,1000.30,1015.15,991.50,994.30,1003.15,6686,6699853.00,328
BSE,STARCEMENT,INE460H01021,B,198.40,201.30,197.70,199.90,197.85,17793,3552747.00,220
BSE,STARDELTA,INE541K01014,X,599.00,599.90,572.60,586.95,592.95,4375,2570137.00,134
BSE,STARHEALTH,INE575P01011,A,583.35,587.65,580.00,583.25,584.90,24437,14273615.00,822
BSE,STARHFL,INE526R01028,XT,5.94,5.94,5.43,5.45,5.71,86751,476178.00,132
BSE,STARIMAGIN,INE0YG001013,M,98.00,98.73,93.35,95.99,89.76,36000,3490770.00,32
BSE,STARLENT,INE594W01042,B,9.92,9.92,8.98,9.47,9.45,1961654,18024745.00,797
BSE,STARLOG,INE580C01019,X,40.50,40.50,39.00,39.00,38.91,1556,60695.00,10
BSE,STARPAPER,INE733A01018,B,154.20,155.30,151.15,154.85,154.20,2177,334762.00,38
BSE,STARSOURCE,INE320M01019,X,77.00,82.95,76.01,81.50,79.00,121,10010.00,10
BSE,STARTECK,INE992I01013,B,255.00,259.00,255.00,259.00,256.70,3009,772198.00,21
BSE,STCINDIA,INE655A01013,B,117.50,119.90,116.00,116.85,119.20,2603,305201.00,53
BSE,STCORP,INE110Q01023,X,4.44,4.66,4.24,4.66,4.44,18751,86412.00,54
BSE,STDBAT,INE502C01039,X,46.00,46.40,44.10,45.65,45.12,781,34998.00,31
BSE,STDSFAC,INE307D01015,X,52.91,55.25,51.20,52.04,52.91,865,45352.00,7
BSE,STEELCAS,INE124E01038,B,330.00,333.10,321.05,330.05,328.70,9178,2999376.00,188
BSE,STEELCO,INE629B01032,XT,168.45,168.45,168.45,168.45,160.45,5009,843766.00,24
BSE,STEELXIND,INE503B01021,B,10.70,10.80,10.54,10.62,10.68,57359,608523.00,194
BSE,STEL,INE577L01016,B,528.30,540.00,528.30,534.50,536.35,68,36243.00,14
BSE,STELLANT,INE395F01023,XT,989.90,1006.80,947.10,950.55,996.90,6542,6278005.00,403
BSE,STEP2COR,INE623D01015,X,24.46,24.46,23.73,23.73,23.46,1027,25100.00,4
BSE,STERPOW,INE067E01013,X,35.90,36.30,34.11,34.26,35.90,2878,101357.00,50
BSE,STERTOOLS,INE334A01023,T,224.90,227.00,215.10,222.15,225.20,4634,1023027.00,122
BSE,STHINPA,INE088G01014,X,103.95,104.00,101.00,102.00,102.05,1003,102390.00,15
BSE,STL,INE402Y01028,B,8.39,8.42,8.22,8.37,8.22,43783,366296.00,103
BSE,STLNETWORK,INE1VXE01018,B,26.68,26.73,25.90,26.12,26.12,101624,2657707.00,672
BSE,STLSTRINF,INE205F01016,X,18.75,19.02,18.70,19.02,18.98,2208,41370.00,15
BSE,STLTECH,INE089C01029,T,620.00,649.95,620.00,649.95,619.00,93290,59320530.00,3042
BSE,STOVACQ,INE755D01015,X,1698.70,1705.00,1668.10,1704.70,1698.70,143,242219.00,23
BSE,STOVEKRAFT,INE00IN01015,B,789.95,805.00,789.95,799.00,794.15,6798,5414649.00,260
BSE,STRATMONT,INE473C01025,X,58.67,62.86,58.67,62.22,59.87,64,3912.00,6
BSE,STUDDS,INE00Q601028,B,417.85,423.70,416.95,420.70,421.45,2402,1008227.00,204
BSE,STYL,INE04VU01023,B,401.00,418.65,401.00,410.10,412.80,7462,3062711.00,331
BSE,STYLAMIND,INE239C01020,B,3568.65,3570.95,3508.85,3548.85,3573.20,4203,14916348.00,215
BSE,STYLEBAAZA,INE01FR01028,B,358.95,363.30,341.00,351.40,352.90,67952,23858595.00,1152
BSE,STYRENIX,INE189B01011,B,2234.00,2241.00,2205.00,2219.30,2226.95,1408,3129456.00,183
BSE,SUBAM,INE0U6201010,M,220.00,220.00,217.10,217.10,221.00,3200,701680.00,2
BSE,SUBEXLTD,INE754A01055,T,14.07,14.07,13.35,13.43,13.95,161588,2178943.00,600
BSE,SUBROS,INE287B01021,B,760.15,775.20,754.50,765.35,765.15,3772,2874906.00,302
BSE,SUBSM,INE690D01014,XT,69.83,69.83,69.83,69.83,73.50,24,1675.00,2
BSE,SUCROSA,INE366G01022,X,13.99,13.99,13.40,13.72,13.82,40415,554607.00,99
BSE,SUDAI,INE618D01015,X,32.00,32.00,30.40,30.42,32.00,2567,79005.00,43
BSE,SUDARCOLOR,INE492A01029,B,407.55,411.00,405.50,405.50,409.00,380,155375.00,20
BSE,SUDARSCHEM,INE659A01023,A,1112.25,1124.10,1033.20,1044.70,1110.35,12957,13905372.00,1090
BSE,SUDARSHAN,INE00TV01023,M,35.49,35.60,34.02,34.51,33.91,2808000,98006760.00,103
BSE,SUDEEPPHRM,INE0QPI01025,B,1080.30,1147.45,1079.60,1105.35,1109.65,17111,18918051.00,917
BSE,SUDTIND-B,INE691D01012,X,77.88,78.99,76.05,76.55,77.50,3214,248193.00,40
BSE,SUGALDAM,INE309D01011,X,65.32,65.32,63.00,63.01,65.32,774,49030.00,12
BSE,SUGSLLOYD,INE0XX801016,M,165.95,172.00,162.00,172.00,165.95,72000,11965200.00,59
BSE,SUJALA,INE029H01016,X,16.26,16.45,15.70,16.00,16.04,12317,197850.00,85
BSE,SUKHJITS,INE450E01029,B,162.00,163.95,160.00,161.50,162.00,1962,314421.00,183
BSE,SULA,INE142Q01026,B,152.30,154.15,150.10,151.05,152.55,33767,5107325.00,694
BSE,SULABEN,INE673M01029,X,3.25,3.25,2.70,2.77,2.75,54940,153018.00,101
BSE,SUMEDHA,INE886B01012,X,41.86,41.86,39.65,41.45,41.04,7760,319302.00,116
BSE,SUMEETINDS,INE235C01036,B,14.87,15.25,14.87,14.87,15.65,1982342,29497209.00,642
BSE,SUMERUIND,INE764B01029,X,1.54,1.54,1.46,1.52,1.53,3034,4528.00,25
BSE,SUMICHEM,INE258G01013,A,564.10,564.10,540.95,547.45,557.75,25324,13862569.00,656
BSE,SUMMITSEC,INE519C01017,B,1455.10,1462.35,1440.05,1441.60,1462.40,68,98132.00,16
BSE,SUNCITYSY,INE584D01019,X,8.26,8.67,7.86,8.50,8.26,2521,21044.00,13
BSE,SUNCLAY,INE0Q3R01026,B,1235.00,1240.00,1185.00,1189.60,1222.65,342,413637.00,96
BSE,SUNDARAM,INE108E01023,B,1.24,1.25,1.16,1.20,1.25,218293,262405.00,133
BSE,SUNDARMFIN,INE660A01013,B,4481.60,4536.00,4405.00,4492.10,4445.05,1005,4468358.00,158
BSE,SUNDRMFAST,INE387A01021,A,1221.95,1222.70,1199.50,1210.40,1209.65,20864,25206332.00,992
BSE,SUNDROP,INE209A01019,B,671.90,675.00,664.70,670.50,673.90,521,349932.00,35
BSE,SUNFLAG,INE947A01014,B,370.05,374.00,355.70,360.85,369.10,24914,9002567.00,696
BSE,SUNGOLD,INE271D01013,X,3.02,3.02,2.48,2.48,2.75,11918,30471.00,15
BSE,SUNILAGR,INE224D01012,X,84.55,89.00,84.55,88.89,88.98,558,47418.00,8
BSE,SUNITATOOL,INE0Q1S01010,MT,1012.10,1030.00,1012.10,1029.00,1012.10,11625,11846937.00,37
BSE,SUNLOC,INE671C01016,X,67.10,71.85,67.10,71.81,68.31,75,5338.00,6
BSE,SUNPHARMA,INE044A01036,A,1944.40,1944.75,1927.05,1935.00,1940.00,16699,32315034.00,2789
BSE,SUNRAKSHAK,INE671K01027,X,361.50,364.90,351.60,364.55,361.95,3209,1165636.00,84
BSE,SUNRETAIL,INE206Z01020,M,0.30,0.30,0.30,0.30,0.30,48000,14400.00,1
BSE,SUNSHIEL,INE199E01014,X,1299.00,1320.00,1190.00,1246.95,1237.15,17219,22212046.00,745
BSE,SUNTECK,INE805D01034,B,295.10,295.10,290.60,292.50,295.40,5586,1635784.00,180
BSE,SUNTV,INE424H01027,A,483.70,484.35,475.75,478.40,483.35,17321,8307597.00,922
BSE,SUPER,INE091C01017,XT,1080.00,1140.00,1080.00,1129.15,1120.20,1283,1438539.00,42
BSE,SUPERHOUSE,INE712B01010,B,159.00,159.00,159.00,159.00,158.50,50,7950.00,4
BSE,SUPERIOR,INE574R01028,X,1.79,1.79,1.78,1.79,1.64,11331,20182.00,7
BSE,SUPERIRON,INE16IQ01014,M,38.20,41.74,36.30,36.30,38.20,8400,323580.00,7
BSE,SUPERSPIN,INE662A01027,T,5.93,5.93,5.72,5.90,5.83,1546,9112.00,6
BSE,SUPERTEX,INE881B01054,X,5.95,5.95,5.90,5.90,5.95,151,890.00,4
BSE,SUPHA,INE549S01036,Z,0.30,0.32,0.30,0.31,0.31,1068559,333854.00,374
BSE,SUPRAJIT,INE399C01030,A,537.20,537.20,522.35,523.45,530.90,5429,2858058.00,276
BSE,SUPRAPFSL,INE268T01015,X,33.87,34.00,33.49,33.98,33.45,40486,1370026.00,593
BSE,SUPREME,INE822E01011,B,44.00,45.51,42.25,42.32,44.87,9654,420480.00,182
BSE,SUPREMEIND,INE195A01028,A,3402.65,3443.00,3387.35,3443.00,3428.75,1789,6105060.00,201
BSE,SUPREMEINF,INE550H01011,B,86.09,86.65,83.95,85.95,86.02,469,40200.00,21
BSE,SUPRIYA,INE07RO01027,B,850.00,850.00,825.00,831.40,850.25,15512,12965369.00,612
BSE,SUPTANERY,INE460D01038,X,7.22,7.54,7.07,7.26,7.30,21136,152180.00,133
BSE,SURAJ,INE069E01019,Z,221.50,232.95,221.50,232.85,226.00,4343,1004501.00,51
BSE,SURAJEST,INE843S01025,B,204.05,210.00,204.05,209.10,208.80,3145,656087.00,119
BSE,SURAJLTD,INE713C01016,B,221.60,221.60,221.60,221.60,221.70,1,221.00,1
BSE,SURAKSHA,INE877V01027,B,258.25,271.80,258.25,270.45,258.05,6151,1645608.00,191
BSE,SURANASOL,INE272L01022,B,26.15,26.48,25.50,25.71,26.53,6765,175003.00,164
BSE,SURANAT&P,INE130B01031,B,16.06,16.82,15.85,16.55,16.39,26620,440944.00,254
BSE,SURATRAML,INE936A01025,X,4.83,4.89,4.54,4.65,4.74,100596,465678.00,203
BSE,SURBHIN,INE899E01019,XT,121.10,121.10,121.10,121.10,127.45,39,4722.00,10
BSE,SURFI,INE565E01016,X,17.10,17.10,16.26,17.00,17.11,843,13806.00,14
BSE,SURJIND,INE170U01011,X,53.40,53.40,50.24,51.60,52.50,8313,427921.00,49
BSE,SURYAAMBA,INE360J01011,X,117.05,120.00,117.05,120.00,117.05,27,3163.00,4
BSE,SURYALAXMI,INE713B01026,B,60.00,60.00,57.20,57.99,60.86,364,21066.00,10
BSE,SURYAROSNI,INE335A01020,B,239.85,239.85,222.70,224.75,236.15,125802,28711580.00,2444
BSE,SURYODAY,INE428Q01011,B,164.15,164.15,159.35,161.55,163.45,35348,5697028.00,311
BSE,SUSAN,INE2L0V01019,M,265.00,288.00,260.00,284.10,258.90,518000,142621550.00,451
BSE,SUTLEJTEX,INE645H01027,T,37.63,38.90,37.63,38.79,38.34,6115,237701.00,32
BSE,SUVEN,INE495B01038,B,343.75,343.75,327.00,330.10,340.05,27778,9195471.00,695
BSE,SUVIDHAA,INE018401013,B,2.50,2.65,2.50,2.54,2.57,10757,27196.00,42
BSE,SUYOG,INE442P01014,B,822.35,844.05,820.00,823.80,849.20,883,730857.00,75
BSE,SUZLON,INE040H01021,A,47.54,47.54,46.90,47.29,47.40,2505361,118070447.00,14036
BSE,SVAMSOF,INE119B01018,X,6.75,7.04,6.38,6.38,6.71,17034,109047.00,41
BSE,SVARTCORP,INE895A01023,X,3.72,3.72,3.55,3.66,3.65,91284,333878.00,72
BSE,SVCIND,INE038B01010,X,2.27,2.40,2.23,2.35,2.20,35104,81961.00,104
BSE,SVJ,INE0JZS01010,M,204.70,205.00,196.00,205.00,205.00,2000,398925.00,6
BSE,SVPGLOB,INE308E01029,T,3.90,3.98,3.90,3.90,3.97,2030,7937.00,6
BSE,SVRL,INE0HLJ01013,T,529.20,543.00,505.00,537.45,522.35,18297,9825040.00,103
BSE,SVS,INE0MID01012,M,6.03,6.03,6.03,6.03,6.03,12000,72360.00,2
BSE,SWADEIN,INE716M01034,X,80.05,93.00,80.05,87.49,86.73,2963,263081.00,53
BSE,SWADPOL,INE243N01029,X,36.60,37.79,35.50,36.99,38.60,3763,138398.00,59
BSE,SWANCORP,INE665A01038,A,312.05,313.10,306.25,307.80,311.00,18771,5813808.00,357
BSE,SWANDEF,INE542F01020,T,2541.00,2585.00,2455.60,2482.45,2584.80,2466,6105958.00,253
BSE,SWARAJENG,INE277A01016,B,3613.90,3613.90,3591.50,3609.65,3601.35,526,1895344.00,137
BSE,SWARNSAR,INE967A01012,X,32.13,32.13,31.50,31.65,32.16,204,6488.00,14
BSE,SWASTH,INE0TIR01017,M,15.50,15.50,15.50,15.50,16.11,1200,18600.00,1
BSE,SWASTIKA,INE691C01022,XT,161.25,161.25,146.55,160.80,153.60,135967,21686913.00,518
BSE,SWASTIKAAL,INE0PTF01017,MT,87.00,87.00,84.55,84.55,89.00,6000,513100.00,3
BSE,SWASTIVI,INE804A01025,X,3.61,3.70,3.60,3.68,3.66,12883,46736.00,69
BSE,SWATIPRO,INE210F01016,X,43.50,43.68,40.20,43.68,36.40,513963,22358913.00,1845
BSE,SWELECTES,INE409B01013,B,690.00,696.95,681.95,689.35,688.55,1226,845550.00,104
BSE,SWIGGY,INE00H001014,A,280.75,282.50,276.05,279.25,280.70,377456,105007966.00,3600
BSE,SWISSMLTRY,INE010C01025,X,14.41,14.74,14.41,14.50,14.38,62439,908179.00,256
BSE,SWITCHTE,INE311D01017,XT,112.25,116.50,106.75,116.00,112.25,2058,228044.00,33
BSE,SWOJAS,INE295B01016,X,8.95,9.00,8.24,8.37,8.67,66991,561743.00,90
BSE,SWRNASE,INE595G01018,X,89.98,89.98,82.32,87.87,86.65,10,884.00,9
BSE,SWSOLAR,INE00M201021,B,203.20,203.60,200.10,202.75,202.90,40763,8235338.00,477
BSE,SYLPH,INE706F01021,X,0.25,0.25,0.24,0.24,0.25,10219305,2479463.00,978
BSE,SYMBIOX,INE653R01012,X,1.75,1.75,1.75,1.75,1.75,6561,11481.00,21
BSE,SYMPHONY,INE225D01027,B,647.65,647.65,627.00,630.35,641.15,6433,4091612.00,484
BSE,SYNCOMF,INE312C01025,B,15.50,17.16,15.25,15.88,14.54,3532796,56475759.00,6259
BSE,SYNGENE,INE398R01022,A,406.50,410.65,404.00,408.90,407.10,42123,17199979.00,929
BSE,SYRMA,INE0DYJ01015,A,1501.55,1514.30,1465.00,1472.15,1494.80,70011,104209996.00,3173
BSE,SYSCHEM,INE121D01036,X,32.99,32.99,30.45,30.91,31.05,75354,2345476.00,479
BSE,SYSTEMATIC,INE1KLZ01011,M,223.00,230.95,215.30,225.45,222.00,83400,18388080.00,68
BSE,SYSTMTXC,INE356B01024,T,58.50,60.00,58.50,58.54,60.20,721,42483.00,12
BSE,TAALTECH,INE524T01011,B,4447.15,4471.75,4131.10,4164.95,4337.15,385,1644089.00,123
BSE,TAHMARENT,INE385D01029,XT,3.90,4.28,3.90,4.10,4.10,19928,80915.00,39
BSE,TAIIND,INE358D01018,X,27.00,27.00,26.12,26.56,27.40,1138,29869.00,13
BSE,TAINWALCHM,INE123C01018,B,200.25,204.80,200.25,204.30,200.30,143,29197.00,4
BSE,TAJGVK,INE586B01026,B,356.20,357.45,350.00,354.05,358.65,4293,1518361.00,173
BSE,TAKE,INE142I01023,B,23.97,24.25,23.29,23.51,23.26,85936,2036999.00,557
BSE,TALBROAUTO,INE187D01029,B,411.40,436.35,408.90,418.55,409.25,11444,4871432.00,342
BSE,TALBROSENG,INE717E01013,X,690.00,701.80,675.05,677.00,676.30,3488,2389481.00,150
BSE,TAMBOLIIN,INE864J01012,T,218.60,218.60,218.60,218.60,230.00,302,66017.00,2
BSE,TANAA,INE692C01020,X,318.00,318.00,306.05,312.30,311.45,10554,3302468.00,287
BSE,TANDHANIN,INE896J01014,XT,136.00,147.95,134.75,136.50,141.80,7746,1058220.00,79
BSE,TANFACIND,INE639B01023,B,3170.00,3305.00,3111.25,3271.35,3127.20,37955,122948919.00,3913
BSE,TANLA,INE483C01032,A,622.55,622.55,591.90,594.30,616.60,24214,14615988.00,883
BSE,TANVI,INE978V01015,M,49.40,51.87,49.40,51.87,49.40,3000,153140.00,3
BSE,TARAI,INE906C01016,Z,4.15,4.15,4.15,4.15,3.96,135,560.00,9
BSE,TARAPUR,INE747K01017,B,15.00,15.43,13.77,14.11,14.90,8010,115786.00,80
BSE,TARC,INE0EK901012,B,123.55,132.90,123.55,128.25,129.55,23232,3002683.00,284
BSE,TARIL,INE763I01026,A,299.65,299.65,291.15,292.30,297.25,82240,24329101.00,1374
BSE,TARINI,INE849M01017,M,8.30,8.30,8.30,8.30,7.75,9000,74700.00,3
BSE,TARMAT,INE924H01018,B,59.85,59.85,54.86,55.00,56.68,2027,111855.00,52
BSE,TARSONS,INE144Z01023,B,296.25,328.55,291.50,313.85,297.25,50677,16117600.00,1113
BSE,TASTYBITE,INE488B01017,B,9380.00,9560.85,9280.00,9542.20,9334.75,112,1058152.00,45
BSE,TATACAP,INE976I01016,A,367.05,370.65,364.95,366.85,367.05,43618,16018648.00,1209
BSE,TATACHEM,INE092A01019,A,669.70,707.45,662.95,673.05,668.45,114470,78155296.00,3706
BSE,TATACOMM,INE151A01013,A,1756.00,1756.00,1710.00,1735.50,1746.85,9249,15980754.00,652
BSE,TATACONSUM,INE192A01025,A,1079.35,1079.35,1054.10,1061.40,1087.90,90884,96656075.00,5044
BSE,TATAELXSI,INE670A01012,A,3785.95,3805.90,3688.00,3724.95,3810.00,20986,78393881.00,3083
BSE,TATAINVEST,INE672A01026,A,687.50,714.85,677.25,681.50,690.00,87119,59958172.00,2700
BSE,TATAPOWER,INE245A01021,A,379.90,379.90,374.20,378.00,380.00,254323,95707195.00,6529
BSE,TATASTEEL,INE081A01020,A,188.20,188.90,183.60,185.45,188.40,1368490,254368808.00,17917
BSE,TATATECH,INE142M01025,A,865.10,868.55,834.05,840.75,865.10,91556,77967235.00,3448
BSE,TATIAGLOB,INE083G01031,X,2.34,2.40,2.30,2.40,2.34,40346,95607.00,116
BSE,TATVA,INE0GK401011,B,1813.20,1829.25,1725.00,1735.60,1784.25,2155,3776098.00,309
BSE,TBOTEK,INE673O01025,A,1639.00,1648.30,1592.00,1595.15,1638.80,4487,7264142.00,606
BSE,TBZ,INE760L01018,B,272.00,272.00,232.60,236.85,281.60,286111,71538164.00,4576
BSE,TCC,INE887D01016,B,266.25,266.25,251.25,255.15,267.10,6753,1743867.00,591
BSE,TCFCFINQ,INE389D01013,X,26.15,26.97,25.50,25.81,25.77,1052,27234.00,13
BSE,TCI,INE688A01022,B,926.10,926.10,911.00,913.20,937.65,1287,1181469.00,155
BSE,TCIEXP,INE586V01016,B,544.95,552.00,540.00,546.95,543.30,1649,896075.00,76
BSE,TCIFINANCE,INE911B01018,T,14.69,15.27,14.61,14.66,14.71,14117,214877.00,18
BSE,TCIIND,INE920B01019,X,1296.00,1296.00,1245.00,1260.35,1296.00,16,20522.00,3
BSE,TCMLMTD,INE034F01010,X,43.00,43.10,43.00,43.05,43.00,4,172.00,3
BSE,TCPLPACK,INE822C01015,B,3770.25,4429.55,3685.25,4427.00,3691.30,23398,100066879.00,2493
BSE,TCS,INE467B01029,A,2448.70,2448.70,2301.10,2349.70,2440.20,463045,1085811637.00,28063
BSE,TDPOWERSYS,INE419M01027,A,1408.05,1529.00,1357.30,1478.15,1275.65,895200,1299712354.00,28925
BSE,TDSL,INE773Y01014,Z,4.10,4.30,4.10,4.11,4.10,3934,16386.00,30
BSE,TEAM24,INE601A01017,X,29.50,29.50,29.50,29.50,29.81,55,1622.00,1
BSE,TEAMGTY,INE289C01025,B,226.80,226.80,225.70,225.70,229.50,4,905.00,4
BSE,TEAMLEASE,INE985S01024,B,1240.00,1260.45,1231.55,1260.05,1247.15,882,1104673.00,138
BSE,TECHKGREEN,INE0P4P01011,M,132.00,132.00,130.00,132.00,135.50,2800,368800.00,4
BSE,TECHM,INE669C01036,A,1650.45,1656.00,1622.00,1625.00,1635.00,144376,236147369.00,6810
BSE,TECHNOE,INE285K01026,A,997.70,1008.75,976.00,984.10,1057.40,47077,46474808.00,1896
BSE,TECHNOPACK,INE0MXP01015,M,14.00,14.00,14.00,14.00,13.50,4000,56000.00,1
BSE,TECHNVISN,INE314H01012,B,5395.00,5395.00,5125.25,5125.25,5395.00,254,1307105.00,106
BSE,TECILCHEM,INE014B01011,B,9.06,9.06,8.20,8.32,8.59,3321,27663.00,16
BSE,TEEAI,INE757D01011,X,110.35,115.55,110.35,115.55,115.60,102,11277.00,5
BSE,TEGA,INE011K01018,A,1663.00,1663.00,1620.15,1626.70,1644.95,1173,1913413.00,187
BSE,TEJASNET,INE010J01012,A,530.65,532.40,515.60,526.90,532.40,93121,48698339.00,1808
BSE,TEJASSVI,INE173E01019,XT,71.05,71.40,71.05,71.06,72.50,9713,690160.00,19
BSE,TEJNAKSH,INE030T01027,X,13.95,14.50,13.60,14.38,13.60,16590,235955.00,72
BSE,TELECANOR,INE381G01013,X,21.74,21.74,19.57,19.57,21.74,39843,784933.00,163
BSE,TELGE,INE0SRP01014,MT,170.00,170.00,160.25,160.25,168.65,6000,994020.00,5
BSE,TELOGICA,INE778I01024,XT,9.30,9.30,8.70,9.18,8.92,58278,526198.00,44
BSE,TENNIND,INE19RI01016,B,539.00,551.00,524.00,540.75,550.45,32616067,17143405171.00,28799
BSE,TERAI,INE390D01011,X,117.60,126.00,117.60,120.00,120.05,527,63761.00,12
BSE,TERASOFT,INE482B01010,B,398.10,398.10,353.45,371.90,417.15,9976,3696436.00,581
BSE,TEXELIN,INE594V01028,X,67.36,70.50,67.36,68.19,68.99,5448,373886.00,64
BSE,TEXINFRA,INE435C01024,B,114.10,114.10,110.35,110.90,112.30,1460,162521.00,50
BSE,TEXMOPIPES,INE141K01013,B,43.80,44.00,42.78,42.97,42.79,1741,75202.00,34
BSE,TEXRAIL,INE621L01012,A,107.10,108.10,106.60,107.60,107.40,92981,9961404.00,833
BSE,TFCILTD,INE305A01023,A,116.15,116.15,114.40,115.25,115.55,113743,13109920.00,636
BSE,TFL,INE804H01012,B,11.40,11.78,11.40,11.78,10.80,202,2360.00,4
BSE,TFSL,INE761R01013,X,34.35,34.35,34.35,34.35,36.15,10,343.00,1
BSE,TGBHOTELS,INE797H01018,B,9.49,9.49,9.05,9.30,9.04,5563,51728.00,15
BSE,TGIF,INE0SMU01015,M,104.75,104.75,96.50,100.63,106.00,2400,241500.00,2
BSE,TGVSL,INE284B01028,B,109.00,109.45,104.05,106.20,108.70,264057,28063924.00,2078
BSE,THAKDEV,INE403F01017,B,158.30,158.30,158.30,158.30,145.00,1,158.00,1
BSE,THAKRAL,INE190F01028,X,13.05,13.05,13.05,13.05,13.00,1065,13898.00,5
BSE,THANGAMAYL,INE085J01014,A,5220.40,5385.00,5220.40,5322.05,5230.15,13400,71299274.00,3682
BSE,THEINVEST,INE924D01017,B,96.35,97.35,96.20,97.35,98.00,166,16021.00,8
BSE,THELEELA,INE0AQ201015,A,517.85,523.50,495.00,499.25,511.45,19360,9866651.00,762
BSE,THEMISMED,INE083B01024,B,112.95,114.00,106.50,107.65,113.00,1550,171649.00,96
BSE,THERMAX,INE152A01029,A,4015.30,4099.95,4000.00,4085.65,4024.05,6743,27388363.00,829
BSE,THINKINK,INE365S01045,X,0.19,0.19,0.19,0.19,0.19,213494,40563.00,140
BSE,THOMASCOOK,INE332A01027,A,110.05,110.05,106.50,107.15,109.60,79007,8488882.00,534
BSE,THOMASCOTT,INE480M01011,B,344.00,344.00,331.55,337.15,347.40,3810,1285095.00,127
BSE,THREEMPAPE,INE0UK501010,M,24.00,24.00,24.00,24.00,24.05,6000,144000.00,3
BSE,THRIVE,INE628D01014,X,79.00,79.95,74.50,74.86,79.71,2799,214580.00,40
BSE,THYROCARE,INE594H01019,A,648.00,662.00,637.35,644.50,648.50,74391,48123075.00,4182
BSE,TI,INE133E01013,A,520.35,538.55,514.80,530.95,520.80,193039,102617881.00,4738
BSE,TICL,INE388G01026,T,9.70,9.73,9.50,9.54,9.95,2843,27487.00,11
BSE,TIERRA,INE05CY01014,X,43.00,47.00,41.01,41.95,41.08,11460,504922.00,108
BSE,TIGERLOGS,INE906O01029,T,25.91,26.65,25.66,25.84,26.06,538210,13907721.00,94
BSE,TIGLOB,INE811B01010,X,168.00,179.10,167.05,174.90,168.45,1415,239999.00,16
BSE,TIHIL,INE502D01011,XT,3.63,3.75,3.63,3.73,3.71,7369,27193.00,49
BSE,TIIL,INE545H01011,B,2689.30,2921.50,2689.30,2883.60,2581.50,9615,27475881.00,1166
BSE,TIINDIA,INE974X01010,A,2806.55,2835.00,2746.80,2820.00,2773.25,6590,18498647.00,879
BSE,TIJARIA,INE440L01017,B,6.22,6.22,5.16,5.46,5.43,7309,39616.00,46
BSE,TIL,INE806C01018,T,231.90,232.30,223.05,229.70,226.25,6270,1440323.00,54
BSE,TILAK,INE026L01022,XT,1.27,1.33,1.27,1.27,1.33,742802,951178.00,655
BSE,TIMESGREEN,INE0B6101012,MT,80.00,81.00,80.00,81.00,78.50,32000,2588000.00,2
BSE,TIMETECHNO,INE508G01029,A,206.20,210.65,206.20,208.35,207.35,82616,17236629.00,1041
BSE,TIMEX,INE064A01026,B,573.00,573.00,560.75,564.50,572.55,16854,9549980.00,1060
BSE,TIMKEN,INE325A01013,A,3212.25,3246.30,3196.10,3237.85,3212.65,4630,14943391.00,422
BSE,TINNARUBR,INE015C01016,B,1139.85,1139.85,1068.60,1088.05,1136.75,6900,7523442.00,680
BSE,TIPCO,INE1U6D01014,MT,172.00,172.95,168.00,169.60,172.00,48000,8192720.00,23
BSE,TIPSFILMS,INE0LQS01015,B,370.00,370.75,354.55,366.95,380.90,1560,565350.00,57
BSE,TIPSMUSIC,INE716B01029,A,670.20,680.00,668.05,673.75,667.95,4916,3313325.00,203
BSE,TIRSARJ,INE297J01023,X,9.00,9.19,9.00,9.19,9.01,8231,75490.00,30
BSE,TIRTPLS,INE008N01018,X,25.00,25.00,24.87,24.89,24.70,760,18933.00,14
BSE,TIRUFOAM,INE115G01015,X,94.20,94.20,94.20,94.20,96.10,254,23926.00,4
BSE,TIRUMALCHM,INE338A01024,B,162.75,163.40,160.00,160.70,162.70,19884,3204509.00,342
BSE,TIRUPATIIN,INE812Q01016,X,6.30,6.40,5.88,6.03,6.18,178913,1067636.00,551
BSE,TIRUSTA,INE314D01011,X,145.00,145.00,140.50,144.75,140.05,249,36044.00,14
BSE,TITAGARH,INE615H01020,A,842.50,849.80,826.10,836.25,844.20,15789,13237448.00,768
BSE,TITAN,INE280A01028,A,5136.50,5136.50,4992.50,5106.00,5115.00,44952,227025320.00,5161
BSE,TITANBIO,INE150C01029,XT,401.90,406.00,390.05,396.05,398.20,10783,4277664.00,322
BSE,TITANIN,INE807M01031,X,1.01,1.02,0.99,1.01,1.01,2484461,2492691.00,964
BSE,TITANSEC,INE090D01017,X,42.03,42.60,40.61,41.19,42.50,29506,1235970.00,127
BSE,TLL,INE0MKA01014,M,258.50,267.50,258.50,261.55,258.45,27000,7053420.00,45
BSE,TMB,INE668A01016,A,848.15,871.40,841.50,857.65,866.30,7114,6125427.00,546
BSE,TMCV,INE1TAE01010,B,451.80,459.30,448.20,456.85,449.70,618165,281022026.00,13463
BSE,TMPV,INE155A01022,A,346.15,350.95,334.65,342.30,349.00,990826,338202474.00,18277
BSE,TNPETRO,INE148A01019,B,114.00,120.03,105.50,106.83,103.59,276190,31039261.00,2281
BSE,TNPL,INE107A01015,B,155.00,160.70,151.80,154.15,153.65,32781,5148926.00,591
BSE,TNTELE,INE141D01018,B,9.60,9.60,9.08,9.20,9.29,3475,32068.00,59
BSE,TOKYOFIN,INE546D01018,X,19.00,19.00,18.31,18.31,20.00,164,3109.00,5
BSE,TOLINS,INE0RWQ01014,B,103.00,103.70,100.00,100.60,102.25,3113,316387.00,156
BSE,TORNTPHARM,INE685A01028,A,4832.85,4891.00,4825.00,4890.00,4867.85,81507,395356618.00,1514
BSE,TORNTPOWER,INE813H01021,A,1356.10,1356.10,1313.00,1319.05,1329.80,5396,7129452.00,429
BSE,TOTEM,INE0TT901016,X,135.00,146.90,134.60,145.65,134.80,93821,13255061.00,1027
BSE,TOYAMSL,INE457P01020,X,0.67,0.68,0.66,0.66,0.66,707271,472431.00,210
BSE,TPHQ,INE065J01024,B,0.41,0.42,0.41,0.42,0.42,289144,119055.00,84
BSE,TPINDIA,INE578C01021,X,17.45,17.69,16.79,17.01,17.45,199659,3424220.00,60
BSE,TPLPLASTEH,INE413G01022,B,75.73,78.53,75.00,75.77,76.25,5120,391849.00,113
BSE,TPROJECT,INE901C01017,X,3.30,3.31,3.30,3.31,3.17,275,909.00,7
BSE,TRABI,INE773D01018,X,2.93,3.06,2.83,2.97,2.93,42215,122100.00,47
BSE,TRACXN,INE0HMF01019,B,32.00,32.00,29.15,29.79,29.74,9501,280442.00,112
BSE,TRADEUNO,INE1GUJ01014,M,130.00,130.00,126.00,127.25,131.50,3600,461400.00,3
BSE,TRADWIN,INE961E01017,XT,623.00,623.70,564.40,619.90,594.10,58,33197.00,9
BSE,TRANSCHEM,INE019B01010,XT,307.00,314.95,301.00,307.00,307.00,2080,640494.00,41
BSE,TRANSCOR,INE330E01023,X,25.44,26.25,22.50,24.13,25.44,17087,423443.00,181
BSE,TRANSFD,INE213P01027,X,442.25,442.25,442.25,442.25,465.50,21,9287.00,2
BSE,TRANSFRE,INE360D01014,X,19.40,19.40,19.40,19.40,19.40,1,19.00,1
BSE,TRANSPACT,INE06YD01010,MS,95.50,100.00,95.50,100.00,100.25,1000,97750.00,2
BSE,TRANSPEK,INE687A01016,T,1181.20,1199.95,1146.00,1147.65,1198.00,287,330853.00,29
BSE,TRANSRAILL,INE454P01035,A,478.60,480.30,464.20,467.10,473.25,25730,12139111.00,651
BSE,TRANSWORLD,INE757B01015,T,158.80,158.80,153.35,153.35,156.25,435,68686.00,3
BSE,TRAVELFOOD,INE103V01028,B,1378.40,1403.15,1377.30,1390.25,1392.60,6490,9034153.00,485
BSE,TRAVELS,INE0SG001011,M,9.65,9.65,9.00,9.15,10.00,18000,168330.00,6
BSE,TREEHOUSE,INE040M01013,B,6.39,6.39,6.16,6.16,6.28,366,2301.00,7
BSE,TREJHARA,INE00CA01015,B,167.95,168.00,159.65,160.35,164.30,3005,489755.00,749
BSE,TREL,INE0O3901029,B,25.20,27.60,25.20,27.56,27.17,12351,338205.00,201
BSE,TRENT,INE849A01020,A,2990.80,3018.60,2973.00,2982.10,3008.00,87620,262781962.00,5495
BSE,TRESCON,INE088D01011,X,8.48,8.48,7.52,8.07,7.52,6255,50289.00,32
BSE,TRF,INE391D01019,B,236.10,236.10,228.00,231.10,236.10,16830,3880868.00,501
BSE,TRICOMFRU,INE843F01014,XT,1.99,2.08,1.90,1.90,1.99,1110,2197.00,18
BSE,TRIDENT,INE064C01022,A,24.79,24.90,24.61,24.66,24.83,321953,7954530.00,1974
BSE,TRIGYN,INE948A01012,B,56.28,56.59,54.99,56.06,53.38,2575,144515.00,59
BSE,TRILIANCE,INE778N01016,X,40.01,42.01,40.01,41.99,40.01,14,573.00,6
BSE,TRINITYLEA,INE884X01011,X,11.10,11.10,11.10,11.10,11.10,1,11.00,1
BSE,TRIOMERC,INE234G01022,XT,3.06,3.06,3.06,3.06,3.12,9374,28684.00,36
BSE,TRISHAKT,INE238C01022,XT,237.00,237.00,223.00,226.00,228.30,81444,18442023.00,186
BSE,TRITONV,INE440G01017,X,1115.00,1150.00,1060.00,1074.50,1086.10,2599,2854830.00,234
BSE,TRITURBINE,INE152M01016,A,600.35,604.15,580.80,586.70,600.50,75220,44545023.00,2209
BSE,TRIUMPIN,INE382B01012,X,19.30,19.30,18.02,18.02,18.96,220,3988.00,5
BSE,TRIVENI,INE256C01024,A,241.00,243.20,238.20,242.50,238.90,71957,17330812.00,977
BSE,TRIVENIENT,INE916P01025,X,1.01,1.01,1.00,1.00,1.01,7477,7482.00,21
BSE,TRIVENIGQ,INE094C01011,XT,7.45,7.45,6.75,6.75,7.10,14460,97606.00,50
BSE,TRL,INE459Z01017,B,69.46,72.39,69.46,69.46,73.11,55139,3868208.00,449
BSE,TRU,INE615R01029,B,4.40,4.40,4.27,4.39,4.40,29115,126932.00,381
BSE,TRUALT,INE0MWH01014,B,480.20,481.75,456.95,461.60,477.80,9143,4260299.00,310
BSE,TRUECOLORS,INE1LDV01015,M,158.00,159.85,153.15,154.10,156.00,33000,5177460.00,31
BSE,TRUEGREEN,INE672K01025,XT,179.80,192.00,179.75,188.65,189.20,13782,2533659.00,88
BSE,TRUSTEDGE,INE398H01015,X,126.40,142.00,126.40,134.10,127.00,5110,672846.00,17
BSE,TSPIRITUAL,INE541C01037,X,1.88,2.00,1.87,1.98,1.96,109661,206137.00,25
BSE,TTC,INE0XAY01012,M,218.55,218.55,200.00,200.00,225.95,4800,977880.00,15
BSE,TTFL,INE071Y01013,X,23.00,23.00,21.50,21.77,22.40,40020,889378.00,169
BSE,TTGIL,INE135H01029,X,8.25,8.25,7.77,7.79,7.95,25895,203615.00,49
BSE,TTIENT,INE404F01031,X,7.63,8.23,7.60,7.80,7.63,5915,46191.00,14
BSE,TTKHLTCARE,INE910C01018,B,1082.60,1128.10,1079.85,1101.75,1076.00,1291,1427194.00,140
BSE,TTKPRESTIG,INE690A01028,B,585.15,596.85,583.15,585.80,590.00,3083,1813824.00,234
BSE,TTL,INE592B01024,B,6.18,6.18,5.64,5.92,5.53,40857,236985.00,106
BSE,TTML,INE517B01013,A,38.65,38.81,38.05,38.17,38.81,126015,4838328.00,1073
BSE,TULSYAN,INE463D01016,X,32.80,32.80,31.17,31.17,32.81,4586,144683.00,18
BSE,TUNITEX,INE560D01027,X,1.02,1.02,0.99,1.02,1.01,118031,118691.00,93
BSE,TURTLEMINT,INE0OC301013,B,126.95,137.20,125.00,132.45,126.20,188640,24637295.00,2006
BSE,TUTIALKA,INE400A01014,X,61.20,61.35,57.05,59.29,60.29,46662,2737871.00,243
BSE,TVSELECT,INE236G01019,B,459.60,459.95,451.10,454.40,459.75,3744,1701921.00,174
BSE,TVSHLTD,INE105A01035,A,14628.00,14800.00,14472.40,14499.25,14626.40,110,1609102.00,73
BSE,TVSMOTOR,INE494B01023,A,4405.00,4425.00,4342.75,4342.75,4420.00,31153,136779732.00,4996
BSE,TVSSCS,INE395N01027,B,125.30,136.75,125.30,128.95,126.15,117970,15534574.00,1252
BSE,TVSSRICHAK,INE421C01016,B,3906.00,3914.70,3870.10,3876.50,3917.10,171,666086.00,38
BSE,TVTODAY,INE038F01029,B,115.75,116.00,112.00,112.35,114.60,1853,209928.00,156
BSE,TVVISION,INE871L01013,T,3.91,4.05,3.86,4.05,4.06,26002,101431.00,17
BSE,TYCHE,INE443B01012,X,120.85,120.85,105.60,106.20,126.30,93318,10381851.00,617
BSE,TYROON,INE945B01016,X,94.19,94.19,85.10,86.71,94.19,464,40485.00,31
BSE,UBL,INE686F01025,A,1423.45,1423.45,1385.00,1389.10,1399.45,4024,5610599.00,346
BSE,UCAL,INE139B01016,B,116.05,116.05,116.00,116.00,117.70,80,9281.00,2
BSE,UCIL,INE926R01012,XT,106.00,106.00,100.80,100.80,106.00,2123,214359.00,21
BSE,UCOBANK,INE691A01018,A,25.99,26.44,25.99,26.18,26.12,247921,6502110.00,996
BSE,UDAYJEW,INE551B01012,X,135.35,142.00,135.35,140.90,138.95,4795,665289.00,123
BSE,UDS,INE851I01011,B,204.95,211.00,201.50,209.70,207.70,16890,3497673.00,297
BSE,UEL,INE899L01030,B,266.05,266.05,266.05,266.05,280.05,853,226940.00,39
BSE,UFBL,INE382M01027,T,842.00,842.00,772.10,785.20,810.15,1035,816645.00,63
BSE,UFLEX,INE516A01017,B,494.35,501.80,494.00,498.90,497.55,9160,4549150.00,199
BSE,UFO,INE527H01019,B,72.49,72.49,67.30,68.96,67.47,1113,75278.00,31
BSE,UGARSUGAR,INE071E01023,B,46.06,46.56,43.50,43.82,45.34,29199,1284232.00,212
BSE,UGROCAP,INE583D01011,B,96.01,96.01,92.90,93.13,95.66,589928,55420224.00,216
BSE,UHMVL,INE0YZ901011,M,35.55,35.80,34.61,35.70,34.95,8000,284256.00,10
BSE,UHZAVERI,INE556Z01010,B,10.02,10.10,9.52,9.87,10.02,1394,13952.00,22
BSE,UJJIVANSFB,INE551W01018,A,70.05,72.65,70.05,72.40,70.15,1980104,142264246.00,6082
BSE,ULTRACAB,INE010R01023,X,6.88,6.88,6.52,6.72,6.75,176902,1182636.00,295
BSE,ULTRACEMCO,INE481G01011,A,11879.95,11879.95,11647.50,11836.00,11770.00,15399,180453122.00,4400
BSE,ULTRAMAR,INE405A01021,B,385.00,399.00,385.00,395.45,389.05,7844,3098728.00,267
BSE,UMAEXPORTS,INE0GIU01018,T,19.72,20.99,19.72,20.84,20.02,1289,26755.00,15
BSE,UMESLTD,INE240C01028,B,6.49,6.49,6.11,6.30,5.90,16337,104175.00,78
BSE,UMIYA,INE173U01015,X,23.36,23.59,22.15,23.00,23.36,18376,413959.00,45
BSE,UML,INE1P1A01018,M,55.35,55.35,55.10,55.10,57.50,4000,220900.00,2
BSE,UNIABEXAL,INE361D01012,XT,4525.00,4600.00,4404.00,4429.75,4414.00,606,2713733.00,90
BSE,UNIAUTO,INE203T01012,B,52.20,53.00,50.60,53.00,51.51,2881,148339.00,41
BSE,UNICHEMLAB,INE351A01035,B,580.20,590.00,536.60,542.20,574.30,50407,28684938.00,1678
BSE,UNICK,INE250G01010,X,46.72,46.72,46.69,46.70,44.50,288,13451.00,6
BSE,UNIDT,INE961D01019,T,226.00,233.00,222.35,227.75,233.95,273,62006.00,27
BSE,UNIECOM,INE00U401027,B,84.00,93.41,83.80,91.73,84.25,329038,29563682.00,1990
BSE,UNIENTER,INE037A01022,B,97.05,97.05,96.00,96.00,96.51,223,21568.00,18
BSE,UNIFIED,INE1ABX01018,M,367.00,378.95,363.20,377.50,369.95,13200,4894100.00,28
BSE,UNIMECH,INE0U3I01011,B,1421.20,1440.00,1410.20,1420.55,1422.10,6390,9100848.00,662
BSE,UNIOFFICE,INE951C01012,X,6.41,6.41,6.41,6.41,6.11,1101,7057.00,11
BSE,UNIONBANK,INE692A01016,A,183.40,187.55,181.95,186.70,182.35,962741,179062383.00,6087
BSE,UNIPARTS,INE244O01017,B,811.95,816.25,790.00,812.45,805.35,8441,6749384.00,334
BSE,UNIQUEO,INE333E01019,X,95.68,96.74,91.10,93.58,95.68,3092,289270.00,49
BSE,UNISON,INE099D01026,XT,0.75,0.76,0.74,0.76,0.73,301487,227149.00,279
BSE,UNITDCR,INE858C01027,X,25.01,25.01,24.93,24.93,26.24,1343,33563.00,11
BSE,UNITDSPR,INE854D01024,A,1547.90,1547.90,1518.95,1524.00,1535.00,11384,17363083.00,1478
BSE,UNITECH,INE694A01020,B,4.08,4.11,4.01,4.06,4.07,461923,1871872.00,439
BSE,UNITEDINT,INE706D01018,X,71.86,71.86,71.79,71.79,68.44,142,10201.00,4
BSE,UNITEDPOLY,INE368U01029,T,31.11,32.55,31.11,31.91,31.11,6613,210560.00,27
BSE,UNITINT,INE929K01011,Z,3.30,3.30,3.05,3.07,3.21,2567,8067.00,20
BSE,UNIVARTS,INE464B01018,X,4.41,5.37,4.41,5.00,5.40,2028,9560.00,8
BSE,UNIVCABLES,INE279A01012,B,1680.00,1728.05,1663.00,1709.70,1671.60,8912,15149058.00,902
BSE,UNIVPHOTO,INE03V001013,T,445.15,469.90,444.70,469.90,468.00,154,69745.00,8
BSE,UNIVSTAR,INE113E01015,XT,181.25,199.60,181.25,199.60,190.20,1293,245334.00,17
BSE,UNJHAFOR,INE576D01015,XT,26.00,27.00,26.00,27.00,27.10,3404,91571.00,21
BSE,UNOMINDA,INE405E01023,A,1285.95,1285.95,1238.25,1240.00,1273.20,562834,702534454.00,2753
BSE,UNRYLMA,INE602H01010,X,18.65,18.65,18.50,18.50,17.85,299,5533.00,5
BSE,UPL,INE628A01036,A,566.30,574.00,564.55,570.00,568.85,63101,35893977.00,1895
BSE,UPSURGE,INE890B01014,X,79.50,82.55,71.54,74.19,79.39,8560,654578.00,158
BSE,URAVIDEF,INE568Z01015,T,111.45,111.45,106.00,108.45,109.90,687,75099.00,68
BSE,URBANCO,INE0CAZ01013,A,141.45,141.45,137.45,138.95,139.60,55133,7664115.00,652
BSE,URJA,INE550C01020,B,9.52,9.68,9.49,9.54,9.66,131329,1252482.00,674
BSE,URSUGAR,INE904R01027,B,2.80,2.95,2.70,2.74,2.86,63873,174929.00,101
BSE,USGTECH,INE718B01017,XT,9.67,9.67,9.64,9.64,9.64,724,6980.00,6
BSE,USHAKIRA,INE697C01011,X,26.70,26.70,26.70,26.70,28.00,1,26.00,1
BSE,USHAMART,INE228A01035,A,514.60,516.20,501.00,503.45,509.65,14706,7470950.00,601
BSE,USK,INE0N0Y01013,B,21.65,21.90,21.40,21.80,21.65,3689,79763.00,36
BSE,UTIAMC,INE094J01016,A,905.00,924.95,905.00,917.00,905.75,6005,5494167.00,288
BSE,UTIQUE,INE096A01010,X,3.63,3.74,3.63,3.68,3.74,15330,55931.00,77
BSE,UTKARSHBNK,INE735W01017,B,14.02,14.25,13.96,14.11,14.02,390866,5479925.00,1699
BSE,UTLINDS,INE184E01024,X,1.51,1.55,1.37,1.48,1.51,95274,132746.00,47
BSE,UTLSOLAR,INE12UR01024,B,394.70,397.95,382.85,389.05,394.70,34521,13427434.00,1256
BSE,UTTAMSUGAR,INE786F01031,B,251.85,256.25,248.90,252.75,252.20,4484,1131206.00,166
BSE,UVDRHOR,INE890G01047,X,36.94,37.50,35.80,36.78,36.16,7388,272294.00,65
BSE,UVS,INE528C01018,X,102.99,102.99,92.40,94.56,96.25,45169,4380663.00,82
BSE,UYFINCORP,INE152C01025,T,19.90,20.00,18.96,19.10,19.95,84309,1601870.00,84
BSE,V2RETAIL,INE945H01021,B,227.25,227.25,218.45,219.50,224.00,31896,7081041.00,538
BSE,VAARAD,INE418B01048,X,9.47,9.99,8.81,9.05,9.46,2106,19355.00,28
BSE,VADILALIND,INE694D01016,B,7376.70,7376.70,7008.20,7225.90,7362.90,2098,15190132.00,412
BSE,VADILENT,INE693D01018,X,10000.00,10000.00,9965.00,9965.00,9969.00,13,129762.00,9
BSE,VAHH,INE0H3U01013,M,52.00,54.50,52.00,54.50,54.00,4000,213000.00,2
BSE,VAIBHAVGBL,INE884A01027,B,239.30,239.30,231.70,233.70,237.45,8605,2012619.00,339
BSE,VAKRANGEE,INE051B01021,B,5.91,6.06,5.91,5.96,6.00,104717,622688.00,316
BSE,VALIANT,INE760B01019,X,1234.00,1359.80,1180.00,1268.90,1220.10,92314,119279079.00,2808
BSE,VALIANTLAB,INE0JWS01017,B,75.34,75.34,75.34,75.34,71.76,7971,600535.00,24
BSE,VALIANTORG,INE565V01010,T,315.00,326.55,315.00,326.55,311.00,30412,9895203.00,278
BSE,VALINDIA,INE130701019,M,18.00,18.00,18.00,18.00,18.00,1200,21600.00,1
BSE,VALLABHSQ,INE457E01016,X,7.32,7.32,7.32,7.32,7.70,960,7027.00,6
BSE,VALSONQ,INE808A01018,X,37.07,38.50,37.00,38.20,38.47,3468,133061.00,11
BSE,VAMA,INE685D01022,X,4.24,4.85,4.24,4.69,4.15,90665,402262.00,169
BSE,VAML,INE1CDF01017,B,464.05,476.40,460.10,461.30,464.00,647495,303893075.00,13745
BSE,VAMSHIRU,INE380C01014,X,41.00,42.90,40.51,42.00,40.01,919,38007.00,28
BSE,VANDAN,INE0RDJ01019,M,22.10,23.90,22.10,23.90,23.00,9600,219744.00,8
BSE,VANDU,INE0RH001011,M,59.27,60.96,58.75,59.50,60.90,26000,1544160.00,13
BSE,VANICOM,INE661Q01017,X,8.39,8.39,7.56,8.00,7.90,946,7340.00,17
BSE,VANTABIO,INE695X01011,MT,20.67,20.67,20.67,20.67,21.75,750,15502.00,1
BSE,VAPIENTER,INE464D01014,XT,167.90,167.90,154.05,155.05,160.00,76,11775.00,6
BSE,VARDMNPOLY,INE835A01029,B,6.95,6.95,6.17,6.28,6.42,63988,409006.00,77
BSE,VARIMAN,INE717F01028,X,5.23,5.49,5.23,5.48,5.23,258010,1408945.00,250
BSE,VARROC,INE665L01035,A,842.00,865.00,825.75,836.85,841.80,27297,23091735.00,770
BSE,VARYAA,INE0R6801013,M,27.01,27.01,27.01,27.01,27.01,1000,27010.00,1
BSE,VASCONEQ,INE893I01013,B,32.04,32.54,29.60,31.17,32.09,116393,3579325.00,963
BSE,VASINFRA,INE192C01013,XT,7.84,8.00,7.84,7.85,8.00,6327,49609.00,13
BSE,VASUPRADA,INE574G01013,X,101.01,105.99,101.01,105.99,101.10,320,33815.00,5
BSE,VASWANI,INE590L01019,B,53.50,53.50,50.97,51.35,52.00,1909,99000.00,27
BSE,VBDESAI,INE848D01018,X,17.53,18.57,17.53,18.57,18.45,230,4063.00,4
BSE,VBIND,INE334E01017,X,8.05,8.65,8.05,8.58,8.47,3734,31468.00,23
BSE,VBL,INE200M01039,A,436.90,438.85,434.05,438.45,437.50,173007,75420974.00,4850
BSE,VCU,INE962O01014,X,7.69,7.69,7.35,7.35,7.49,5787,42938.00,35
BSE,VEDANTASSET,INE0NC801013,MT,70.48,71.89,70.48,70.48,74.18,7500,530715.00,5
BSE,VEDAVAAG,INE359B01010,X,19.58,19.58,19.00,19.36,19.64,19735,381125.00,116
BSE,VEDL,INE205A01025,A,276.00,280.95,273.05,275.00,275.95,910583,251976673.00,10914
BSE,VEDPOWER,INE694L01019,B,36.50,37.14,36.39,36.74,36.61,2196368,80671302.00,6498
BSE,VEEDOL,INE484C01030,B,1530.00,1537.20,1510.00,1514.20,1531.00,871,1326905.00,129
BSE,VEEFIN,INE0Q0M01015,M,294.95,295.00,273.20,275.10,287.00,51600,14333320.00,201
BSE,VEERENRGY,INE255E01030,X,12.37,12.70,12.37,12.68,12.43,911,11439.00,12
BSE,VEERHEALTH,INE882C01035,XT,46.50,46.90,46.25,46.88,46.50,63558,2975170.00,253
BSE,VEERKRUPA,INE0ID001024,M,0.49,0.49,0.47,0.47,0.48,100200,48430.00,6
BSE,VEGA,INE603D01017,XT,61.95,61.95,61.95,61.95,61.95,325,20133.00,1
BSE,VEL,INE560T01015,X,65.00,68.00,64.00,65.66,64.96,10118,667329.00,82
BSE,VELHO,INE548D01014,X,6.90,7.16,6.83,7.16,6.82,42337,302980.00,52
BSE,VELJAN,INE232E01013,T,1730.00,1750.00,1675.00,1750.00,1749.00,134,231500.00,19
BSE,VELLORA,INE530D01012,X,13.69,13.69,11.50,12.26,13.32,66702,824076.00,269
BSE,VENKEYS,INE398A01010,B,1577.00,1586.90,1505.35,1516.85,1532.20,11447,17720560.00,685
BSE,VENLONENT,INE204D01022,X,4.07,4.07,3.80,3.80,4.09,14,54.00,3
BSE,VENMAX,INE154G01022,X,18.34,18.34,16.56,16.92,17.98,3130,53104.00,30
BSE,VENTIVE,INE781S01027,B,603.90,603.90,590.00,591.55,597.45,1354,803731.00,114
BSE,VENTURA,INE810C01044,X,8.93,8.93,8.35,8.41,8.50,1702,14400.00,26
BSE,VENUSPIPES,INE0JA001018,B,1599.85,1599.85,1545.00,1565.60,1595.70,4914,7691738.00,430
BSE,VENUSREM,INE411B01019,T,1547.85,1657.00,1547.85,1657.00,1578.10,7550,12431177.00,329
BSE,VERANDA,INE0IQ001011,B,250.00,253.60,243.75,251.35,248.70,7978,1983256.00,217
BSE,VERITAS,INE379J01029,XT,166.65,169.95,166.65,169.95,166.65,1573,266864.00,21
BSE,VERTEX,INE316D01024,XT,3.43,3.47,3.28,3.34,3.42,9530,31923.00,36
BSE,VESUVIUS,INE386A01023,A,463.65,464.20,454.00,457.30,456.60,6244,2881266.00,275
BSE,VETO,INE918N01018,T,120.80,122.95,120.00,120.55,120.20,4701,569169.00,33
BSE,VGCL,INE761Q01015,XT,63.48,63.48,63.48,63.48,60.46,15513,984765.00,70
BSE,VGIL,INE244W01010,B,131.55,131.55,127.45,127.45,134.15,3411,435575.00,26
BSE,VGL,INE273D01027,B,60.36,62.00,60.10,60.67,60.66,3733,226546.00,47
BSE,VGUARD,INE951I01027,A,322.55,336.55,322.05,331.55,325.10,211170,69990171.00,4952
BSE,VHL,INE701A01023,B,3540.00,3595.75,3540.00,3540.00,3500.10,19,67527.00,5
BSE,VHLTD,INE048C01025,T,135.95,135.95,129.35,129.40,132.00,639,84163.00,10
BSE,VICTMILL,INE203D01016,X,5063.95,5125.00,5063.95,5120.00,5063.95,47,240254.00,12
BSE,VIDHIING,INE632C01026,B,315.35,315.95,314.15,315.00,311.00,16337,5132802.00,65
BSE,VIDYAWIRES,INE14UN01029,B,97.50,97.50,92.81,92.81,97.69,152100,14399818.00,399
BSE,VIJAYA,INE043W01024,A,1448.10,1529.50,1429.00,1511.25,1426.10,323936,474635826.00,4807
BSE,VIJIFIN,INE159N01027,T,12.00,12.00,12.00,12.00,11.77,108193,1298316.00,73
BSE,VIJSOLX,INE362D01010,X,690.05,706.95,690.00,702.00,694.85,70,48511.00,10
BSE,VIKASECO,INE806A01020,B,1.11,1.12,1.10,1.11,1.12,588739,653874.00,245
BSE,VIKASLIFE,INE161L01027,B,1.26,1.27,1.25,1.25,1.26,385867,484879.00,7528
BSE,VIKASPROP,INE767B01022,Z,0.25,0.25,0.24,0.25,0.24,382225,92704.00,116
BSE,VIKASWSP,INE706A01022,Z,0.99,0.99,0.93,0.97,0.97,138245,129686.00,82
BSE,VIKRAMAR,INE0NR501012,X,82.88,85.00,78.01,80.18,82.88,2666,214952.00,101
BSE,VIKRAMSOLR,INE078V01014,A,162.00,162.00,158.60,159.60,160.60,93689,14946208.00,1141
BSE,VIKRAMTH,INE337E01010,XT,263.15,263.15,263.15,263.15,250.65,20988,5522992.00,160
BSE,VIKRAN,INE01R501028,B,66.91,68.88,65.60,66.19,73.64,761180,51277582.00,3295
BSE,VIMTALABS,INE579C01029,B,651.50,659.00,625.00,626.85,642.35,8221,5212757.00,380
BSE,VINATIORGA,INE410B01037,A,1331.50,1337.45,1303.00,1325.20,1317.00,4411,5817520.00,430
BSE,VINAYAKPOL,INE581M01016,X,21.01,22.00,21.01,22.00,22.00,188,3951.00,4
BSE,VINCOFE,INE498Q01014,B,149.95,150.05,146.05,146.30,148.85,48840,7218925.00,524
BSE,VINDHYATEL,INE707A01012,B,2427.20,2598.00,2419.40,2587.10,2432.70,8558,21764679.00,962
BSE,VINEETLAB,INE505Y01010,B,39.00,39.60,37.60,39.00,37.90,16407,642923.00,76
BSE,VINNY,INE01KI01027,B,1.06,1.07,1.06,1.07,1.07,18205,19395.00,21
BSE,VINRKLB,INE092O01028,X,33.82,33.82,33.82,33.82,32.21,1410,47686.00,9
BSE,VINTAGES,INE153C01015,X,15.35,15.35,15.28,15.28,14.98,26,398.00,2
BSE,VINYLINDIA,INE250B01029,B,241.00,242.00,240.80,241.00,241.00,408,98276.00,17
BSE,VINYOFL,INE526H01011,X,54.50,54.50,52.25,52.61,52.50,1689,88377.00,12
BSE,VIPCLOTHNG,INE450G01024,T,20.30,20.50,20.30,20.32,20.30,969,19685.00,11
BSE,VIPIND,INE054A01027,A,320.80,320.80,308.50,310.75,316.25,2119,658860.00,91
BSE,VIPPYSP,INE660D01017,X,182.00,182.00,174.40,176.15,178.35,182,32217.00,14
BSE,VIPULLTD,INE946H01037,T,13.76,13.76,13.76,13.76,13.11,20108,276686.00,37
BSE,VIPULORG,INE834D01018,X,244.00,252.95,242.00,249.20,243.10,555,137917.00,31
BSE,VIRAT,INE467D01017,X,363.90,363.90,346.10,355.80,363.85,426,151270.00,27
BSE,VIRATCRA,INE295C01014,X,33.69,34.25,31.70,34.21,33.69,1669,56733.00,20
BSE,VIRGOGLOB,INE400B01020,X,2.35,2.35,2.24,2.25,2.35,37355,84847.00,84
BSE,VIRINCHI,INE539B01017,B,15.27,15.57,15.00,15.10,15.20,23986,362718.00,32
BSE,VIRTUALG,INE247C01023,X,0.43,0.43,0.42,0.42,0.43,241243,102448.00,100
BSE,VIRYA,INE661K01010,XT,851.05,851.05,770.05,845.00,810.55,29,23635.00,10
BSE,VISACHROME,INE286H01012,T,36.31,38.40,36.31,37.45,38.00,1297,47897.00,13
BSE,VISAGAR,INE309H01038,X,0.32,0.32,0.31,0.32,0.32,432319,136380.00,214
BSE,VISAKAIND,INE392A01021,B,100.46,102.00,98.00,98.81,100.14,59595,5945050.00,362
BSE,VISHAL,INE755Q01025,B,18.31,18.49,17.80,18.33,18.19,65202,1182623.00,303
BSE,VISHALBL,INE060T01024,B,48.06,51.25,48.06,48.66,50.48,878,43154.00,30
BSE,VISHNU,INE270I01022,B,585.00,595.75,583.60,588.80,587.00,1033,607687.00,74
BSE,VISHWARAJ,INE430N01022,B,5.28,5.44,5.28,5.35,5.36,6078,32401.00,37
BSE,VISIONCINE,INE515B01025,X,1.25,1.25,1.17,1.23,1.20,54539,65920.00,43
BSE,VISIONCO,INE661D01015,X,2.28,2.28,2.13,2.28,2.23,3886,8829.00,14
BSE,VISL,INE1CLE01013,B,38.80,40.58,38.64,39.08,38.82,8517559,337136531.00,20567
BSE,VISTAPH,INE427C01021,X,6.90,6.90,6.40,6.82,6.72,19832,134697.00,31
BSE,VISTARAMAR,INE878P01019,X,253.30,253.30,241.30,252.30,230.30,64567,16304649.00,447
BSE,VISVEN,INE762D01011,X,43.70,43.70,43.00,43.00,43.42,103,4500.00,3
BSE,VIVAA,INE0PA601017,MT,110.90,110.90,110.90,110.90,108.75,2000,221800.00,1
BSE,VIVANTA,INE299W01022,X,1.76,1.80,1.72,1.74,1.75,90933,159934.00,192
BSE,VIVANZA,INE984E01035,X,1.92,1.92,1.90,1.90,1.88,6364,12109.00,24
BSE,VIVIDHA,INE370E01029,B,0.56,0.58,0.54,0.56,0.54,48600,27297.00,42
BSE,VIVIDIND,INE737C01023,X,20.30,20.30,17.50,18.74,18.62,1860,34643.00,39
BSE,VIVIDM,INE647Z01025,B,6.00,6.12,5.82,5.95,6.02,100627,609376.00,87
BSE,VIVIMEDLAB,INE526G01021,T,5.16,5.30,5.00,5.07,5.16,122607,617394.00,51
BSE,VIVOBIOT,INE380K01017,X,21.50,22.39,20.80,20.95,21.75,30466,641168.00,151
BSE,VIYASH,INE807F01027,A,258.60,267.85,258.60,262.95,261.45,137573,36130319.00,1583
BSE,VJLAXMIE,INE466D01019,X,39.99,39.99,39.99,39.99,38.51,1,39.00,1
BSE,VJTFEDU,INE117F01013,X,67.15,73.90,67.15,67.36,67.15,1004,67626.00,8
BSE,VKAL,INE427T01025,X,0.87,0.92,0.86,0.91,0.86,344752,309119.00,374
BSE,VLEGOV,INE03HW01020,T,10.32,10.32,10.32,10.32,10.53,3029,31259.00,26
BSE,VLL,INE347L01022,X,55.03,55.03,54.99,54.99,54.49,8,440.00,2
BSE,VLSFINANCE,INE709A01018,B,271.25,275.00,264.00,271.35,261.25,8563,2304764.00,204
BSE,VMART,INE665J01013,A,810.15,815.90,793.85,800.65,814.80,7579,6065109.00,511
BSE,VMM,INE01EA01019,A,110.95,110.95,105.55,107.80,110.50,4916723,527929005.00,4261
BSE,VMS,INE932K01015,X,20.89,21.39,20.11,20.27,20.89,47176,966649.00,208
BSE,VMSTMT,INE0SJA01013,B,51.00,51.97,49.53,50.00,49.90,10063,513112.00,120
BSE,VOEPL,INE0I0T01010,B,489.90,534.85,489.85,518.25,491.85,37386,19353410.00,1272
BSE,VOGL,INE704J01044,B,39.58,40.29,38.05,38.38,39.68,5883649,229398906.00,16632
BSE,VOITHPAPR,INE285C01015,X,1510.00,1530.90,1480.10,1503.40,1504.00,195,292917.00,26
BSE,VOLKAI,INE820M01018,X,101.99,102.92,95.00,102.92,98.02,16965,1738651.00,92
BSE,VOLLF,INE763D01019,X,15.64,16.39,14.90,16.26,15.64,5152,76772.00,7
BSE,VOLTAMP,INE540H01012,A,9940.00,10100.00,9940.00,10001.60,10028.75,714,7165503.00,282
BSE,VOLTAS,INE226A01021,A,1280.00,1288.00,1265.90,1285.50,1283.25,23917,30609370.00,1797
BSE,VPAL,INE1L3801017,MT,203.80,210.00,193.50,194.00,200.00,54400,10932080.00,33
BSE,VPRPL,INE0AE001013,B,40.89,40.89,35.59,37.10,40.60,164767,6133339.00,1520
BSE,VRAJ,INE0S2V01010,B,127.00,127.00,122.15,122.50,125.20,1692,209447.00,117
BSE,VRFILMS,INE06LG01010,B,14.50,15.25,14.25,14.30,14.20,2778,41215.00,13
BSE,VRL,INE406F01010,XT,181.80,181.80,173.50,173.60,181.80,3295,578891.00,37
BSE,VRLLOG,INE366I01010,B,305.45,310.00,299.00,301.70,305.45,45526,13899418.00,1341
BSE,VRUDDHI,INE0OMZ01013,M,190.00,190.00,190.00,190.00,195.00,500,95000.00,1
BSE,VSFPROJ,INE923K01014,X,32.44,32.44,31.00,32.39,32.72,31,978.00,7
BSE,VSL,INE607V01028,B,10.40,10.60,9.75,9.84,10.40,173691,1752106.00,390
BSE,VSSL,INE050M01012,B,337.30,340.05,326.95,330.95,331.65,9995,3317776.00,541
BSE,VSTIND,INE710A01016,B,221.80,221.80,218.00,218.20,218.85,3742,817817.00,186
BSE,VSTL,INE0QTF01015,B,107.00,107.50,103.80,106.70,107.00,436,46308.00,54
BSE,VSTTILLERS,INE764D01017,B,4444.00,4459.50,4419.50,4442.50,4473.35,577,2561482.00,130
BSE,VTL,INE825A01020,A,594.25,598.45,588.40,591.00,596.40,12426,7368289.00,563
BSE,VTMLTD,INE222F01029,X,58.40,59.90,55.00,58.02,57.20,60228,3511460.00,339
BSE,VVIPIL,INE0MNP01016,M,120.00,120.00,119.75,119.75,121.15,1200,143850.00,2
BSE,VXLINSTR,INE756A01019,XT,3.86,4.00,3.65,3.65,3.84,1357,5127.00,9
BSE,WAA,INE799N01012,M,44.60,45.30,44.00,45.30,44.60,2400,107120.00,3
BSE,WAAREE,INE725P01012,M,224.50,224.50,220.00,220.55,224.50,9800,2170770.00,52
BSE,WAAREEENER,INE377N01017,A,2704.00,2709.00,2652.00,2665.00,2707.00,61630,164647502.00,6249
BSE,WAAREEINDO,INE866K01023,B,318.80,318.80,297.70,299.10,305.95,8448,2543529.00,664
BSE,WAAREERTL,INE299N01021,A,902.50,902.50,894.00,894.85,904.95,17957,16117643.00,1001
BSE,WABAG,INE956G01038,A,1964.90,1965.00,1876.60,1902.00,1949.60,32891,63144986.00,1809
BSE,WAGEND,INE786K01023,X,1.22,1.34,1.22,1.32,1.22,65045,83644.00,28
BSE,WAKEFIT,INE0E7301029,B,123.65,125.65,122.30,122.90,125.20,80418,9907045.00,556
BSE,WALCHANNAG,INE711A01022,B,236.05,241.90,229.85,231.95,233.25,109998,25923034.00,1340
BSE,WALCHPF,INE695D01021,X,135.05,149.00,134.00,142.70,145.90,818,113275.00,53
BSE,WALLFORT,INE121B01014,X,76.00,80.00,76.00,79.71,76.00,1255,97753.00,21
BSE,WANBURY,INE107F01022,B,242.20,271.45,230.00,263.15,253.30,194757,48625481.00,2427
BSE,WARDINMOBI,INE945P01024,X,6.72,6.72,6.55,6.57,6.67,311084,2052804.00,838
BSE,WARDWIZFBL,INE761D01021,X,10.77,10.80,10.38,10.70,10.77,305095,3259352.00,292
BSE,WARRENTEA,INE712A01012,X,48.00,48.48,47.11,47.24,48.55,2043,96717.00,24
BSE,WATERBASE,INE054C01015,X,45.39,46.50,44.25,44.63,43.70,34005,1540334.00,318
BSE,WCIL,INE0CJF01024,B,84.75,86.60,84.75,85.56,86.19,4060,348416.00,308
BSE,WEBELSOLAR,INE855C01023,A,86.99,87.79,85.15,85.15,89.63,744970,63555679.00,3656
BSE,WEIZMANIND,INE080A01014,B,77.01,79.01,77.00,79.00,79.29,185,14465.00,7
BSE,WEL,INE02WG01024,B,133.15,139.60,132.00,134.20,135.85,46851,6364389.00,735
BSE,WELCORP,INE191B01025,A,1828.65,1873.80,1828.65,1866.30,1837.60,28697,53409272.00,1594
BSE,WELCURE,INE331C01025,X,0.23,0.24,0.23,0.23,0.23,2423632,566981.00,390
BSE,WELENT,INE625G01013,A,567.15,579.65,567.15,574.30,572.70,7399,4236462.00,578
BSE,WELSPLSOL,INE731F01037,B,47.35,48.30,47.35,47.76,48.21,46942,2246972.00,256
BSE,WELSPUNLIV,INE192B01031,A,159.35,165.75,159.20,165.15,159.70,186798,30576883.00,2145
BSE,WENDT,INE274C01019,B,8001.05,8082.80,7940.00,7973.10,8028.75,203,1623884.00,73
BSE,WEPSOLN,INE434B01029,X,30.00,30.95,28.39,28.40,29.88,14011,403400.00,90
BSE,WESTLEIRES,INE266P01017,X,75.00,75.00,75.00,75.00,77.85,5,375.00,1
BSE,WESTLIFE,INE274F01020,A,582.15,599.50,571.50,594.20,581.55,3867,2257936.00,209
BSE,WEWORK,INE085001019,B,716.55,723.05,704.20,708.35,717.35,38190,27094656.00,439
BSE,WHBRADY,INE855A01019,X,503.25,519.00,500.00,515.00,503.25,102,51644.00,21
BSE,WHEELS,INE715A01015,B,1379.70,1415.70,1347.40,1361.55,1383.95,4851,6681773.00,618
BSE,WHIRLPOOL,INE716A01013,A,802.40,802.40,784.00,789.85,793.80,8313,6555774.00,494
BSE,WHITEORG,INE146C01019,X,3.55,3.58,3.50,3.56,3.55,6970,24776.00,37
BSE,WILLAMAGOR,INE210A01017,B,26.45,26.45,24.56,26.42,26.45,1301,33259.00,6
BSE,WILLIMFI,INE188E01017,X,6.85,6.85,6.85,6.85,6.88,507,3472.00,2
BSE,WINDLAS,INE0H5O01029,B,943.00,974.25,893.20,895.15,943.35,11077,10316161.00,677
BSE,WINDMACHIN,INE052A01021,B,295.65,314.00,295.65,304.15,301.65,18317,5585821.00,666
BSE,WINSOMBR,INE391C01011,X,22.90,22.90,20.27,21.30,21.21,3979,86063.00,140
BSE,WINSOMTX,INE837B01031,X,89.95,91.99,87.10,88.00,89.95,5961,530651.00,91
BSE,WIPRO,INE075A01022,A,184.95,184.95,182.00,184.00,183.90,283333,51936011.00,4652
BSE,WIREFABR,INE469D01013,X,137.45,141.00,137.45,141.00,137.45,3,419.00,2
BSE,WOCKPHARMA,INE049B01025,A,1909.95,1910.25,1840.05,1847.30,1906.80,38873,72614755.00,2412
BSE,WOMENNET,INE905B01010,X,8.50,8.50,8.16,8.16,8.58,255,2085.00,6
BSE,WONDERLA,INE066O01014,B,478.05,478.30,469.20,471.80,481.25,3468,1640549.00,182
BSE,WORKMATES,INE1I1301016,M,357.95,357.95,351.15,351.15,349.60,12600,4459560.00,19
BSE,WORTH,INE114O01020,XT,3.75,3.75,3.57,3.68,3.75,458285,1677821.00,272
BSE,WORTHPERI,INE196Y01018,B,162.00,164.30,156.25,158.25,155.10,927,148778.00,56
BSE,WOSAL,INE1MF401019,M,15.50,18.59,15.50,17.15,15.50,24000,403120.00,9
BSE,WPIL,INE765D01022,B,436.90,438.10,426.15,427.70,430.75,8053,3478140.00,424
BSE,WSFX,INE549D01012,X,73.80,73.80,70.60,70.60,69.44,158,11213.00,8
BSE,WSI,INE100D01014,B,56.95,59.72,54.15,59.49,57.12,14896,859212.00,314
BSE,WSTCSTPAPR,INE976A01021,B,604.95,645.80,577.00,624.05,595.65,151047,94504495.00,5485
BSE,WWALUM,INE550D01010,X,22.03,22.03,20.95,20.95,22.05,316,6853.00,4
BSE,XCHANGING,INE692G01013,B,68.56,68.56,66.51,67.13,68.56,8588,577958.00,296
BSE,XELPMOC,INE01P501012,B,81.00,84.00,79.01,79.68,83.39,950,76502.00,161
BSE,XPROINDIA,INE445C01015,B,1125.45,1129.20,1086.00,1097.05,1128.55,3115,3441357.00,311
BSE,XTGLOBAL,INE547B01028,B,31.50,32.13,31.29,31.63,31.36,3793,118971.00,51
BSE,XTRANET,INE0NG701011,T,153.90,157.55,142.55,156.00,150.05,105228,15833087.00,854
BSE,YAANENT,INE969E01010,X,117.55,122.80,115.00,120.50,120.55,1116,134843.00,14
BSE,YAASHVI,INE1T6L01010,M,78.50,78.50,76.20,76.85,76.20,11200,863120.00,6
BSE,YAJUR,INE0CNJ01010,MT,34.11,34.95,33.76,34.86,35.53,48000,1623768.00,42
BSE,YAMNINV,INE457N01025,XT,0.61,0.62,0.61,0.62,0.62,220433,135660.00,279
BSE,YARNSYN,INE564C01013,X,13.52,13.95,13.25,13.67,13.59,5436,73206.00,31
BSE,YASHCHEM,INE571U01010,X,52.50,52.50,47.41,50.00,49.24,344,17196.00,13
BSE,YASHHTEJ,INE1O6P01016,M,60.60,60.60,59.55,59.55,62.68,6000,358560.00,5
BSE,YASHHV,INE00GK01023,M,959.95,959.95,930.00,938.90,938.05,55500,52210300.00,174
BSE,YASHINNO,INE823D01011,X,35.84,35.84,31.40,32.47,33.75,206940,6583020.00,227
BSE,YASHMGM,INE216B01012,X,9.53,9.53,8.68,8.95,9.41,2198,19695.00,30
BSE,YASHO,INE616Z01012,B,4360.00,4381.80,4203.65,4218.35,4303.45,1746,7469522.00,456
BSE,YASHRAJC,INE095C01018,XT,5.10,5.10,4.85,4.85,5.08,217,1056.00,7
BSE,YATHARTH,INE0JO301016,A,902.00,902.00,856.50,867.55,864.80,12589,10955231.00,799
BSE,YATRA,INE0JR601024,B,115.85,120.45,113.30,118.30,114.30,276495,32520092.00,2133
BSE,YESBANK,INE528G01035,A,22.79,22.93,22.62,22.85,22.65,2229413,50848156.00,23556
BSE,YOGI,INE290E01011,X,155.00,169.95,154.90,161.85,158.10,17339,2744677.00,146
BSE,YOGISUNG,INE429B01011,X,6.56,7.10,6.48,6.79,6.50,34948,228140.00,29
BSE,YORKEXP,INE057Q01018,X,62.27,62.27,62.26,62.26,62.60,29,1805.00,3
BSE,YSL,INE868X01014,X,31350.00,31400.00,31350.00,31400.00,30900.00,81,2543250.00,35
BSE,YUKEN,INE384C01016,B,809.70,860.00,802.00,845.70,809.00,2890,2418700.00,448
BSE,YUNIKM,INE143K01019,X,6.90,7.48,6.26,6.69,6.76,3900,25432.00,28
BSE,YUVRAAJHPL,INE139D01020,X,8.30,8.30,7.81,8.14,8.09,53837,433069.00,40
BSE,ZAGGLE,INE07K301024,A,202.05,207.45,198.70,201.70,203.75,68113,13703722.00,1106
BSE,ZAPPFRESH,INE0SUM01015,M,72.00,74.99,72.00,74.38,73.50,18000,1332204.00,14
BSE,ZDHJERK,INE239F01015,X,25.91,25.91,25.91,25.91,24.68,11682,302680.00,11
BSE,ZEAL,INE819S01025,X,11.22,11.22,10.86,10.87,11.07,168542,1836056.00,284
BSE,ZEEL,INE256A01028,A,92.65,98.80,90.30,97.45,91.55,1494095,140951879.00,5491
BSE,ZEELEARN,INE565L01011,T,7.88,8.05,7.67,7.95,7.88,17177,135384.00,58
BSE,ZEEMEDIA,INE966H01019,B,7.03,7.20,6.96,7.15,7.03,115534,818967.00,251
BSE,ZELIO,INE1B3501014,MT,753.80,753.80,753.80,753.80,739.05,17500,13191500.00,22
BSE,ZENIFIB,INE106C01013,X,53.99,54.00,52.50,52.50,51.05,40,2140.00,5
BSE,ZENITHEXPO,INE058B01018,B,255.00,257.00,242.25,242.25,255.00,132,33717.00,30
BSE,ZENITHHE,INE812B01026,X,3.11,3.22,3.00,3.14,3.14,44455,136803.00,192
BSE,ZENITHSTL,INE318D01020,B,5.55,5.79,5.43,5.53,5.35,7738,43060.00,23
BSE,ZENLABS,INE546F01013,XT,27.32,27.32,25.02,25.02,26.02,710,19389.00,8
BSE,ZENOTECH,INE486F01012,X,44.16,44.88,43.00,44.01,44.00,5665,249448.00,67
BSE,ZENSARTECH,INE520A01027,A,505.35,505.35,489.35,494.45,500.75,58565,29002348.00,1819
BSE,ZENTEC,INE251B01027,A,1828.95,1853.00,1810.65,1823.20,1818.60,31232,57096924.00,2032
BSE,ZFCVINDIA,INE342J01019,A,2610.30,2643.15,2605.90,2617.80,2619.80,2161,5678514.00,400
BSE,ZFSTEERING,INE116C01012,B,664.00,669.35,652.15,662.45,659.50,93,61686.00,22
BSE,ZIMLAB,INE518E01015,T,109.40,109.65,106.00,107.65,111.30,12131,1289570.00,49
BSE,ZKHANDEN,INE687W01010,X,111.00,118.95,109.00,115.55,113.30,231,26608.00,21
BSE,ZMILGFIN,INE679T01013,X,48.75,51.48,47.49,50.72,48.52,530215,26364022.00,446
BSE,ZMULTIPU,INE017P01014,X,9.40,9.40,9.03,9.03,9.50,492,4479.00,5
BSE,ZODIAC,INE761Y01019,B,250.05,252.50,244.20,244.75,250.85,327,80752.00,63
BSE,ZODIACLOTH,INE206B01013,B,78.00,78.45,76.56,76.67,77.50,148,11450.00,8
BSE,ZODIACVEN,INE945J01027,X,1.56,1.56,1.46,1.51,1.54,88824,135023.00,134
BSE,ZODJRDMKJ,INE077B01018,X,38.98,40.00,37.40,38.47,37.53,5664,218471.00,82
BSE,ZR2,INE218N01021,X,108.50,108.90,108.50,108.90,108.15,105,11433.00,7
BSE,ZSVARAJT,INE406N01014,X,7.72,7.72,7.72,7.72,7.66,5,38.00,1
BSE,ZUARI,INE840M01016,B,226.00,226.20,218.20,219.90,225.15,11311,2490876.00,212
BSE,ZUARIIND,INE217A01012,B,259.65,266.55,259.65,264.90,259.60,14619,3846807.00,360
BSE,ZWELCAST,INE380G01015,X,650.00,650.00,621.50,626.95,650.00,493,313675.00,35
BSE,ZYDUSLIFE,INE010B01027,A,1198.60,1205.00,1151.40,1204.00,1180.00,248842,295676449.00,9870
BSE,ZYDUSWELL,INE768C01028,A,505.25,512.05,502.00,507.70,505.80,12414,6301420.00,462
