exchange,symbol,isin,series,open,high,low,close,prev_close,volume,value,trades
NSE,20MICRONS,INE144J01027,EQ,208.00,210.58,203.50,204.56,207.87,70093,14415790.61,2203
NSE,21STCENMGM,INE253B01015,EQ,38.40,39.12,37.69,39.12,38.36,7291,283338.60,27
NSE,360ONE,INE466L01038,EQ,1060.20,1070.80,1053.70,1063.00,1069.50,246152,262134480.70,17213
NSE,3BBLACKBIO,INE994E01018,EQ,1606.00,1667.90,1576.50,1615.50,1575.10,11520,18778390.30,2214
NSE,3IINFOLTD,INE748C01038,BE,23.16,23.67,22.65,23.30,22.81,124286,2885851.10,514
NSE,3MINDIA,INE470A01017,EQ,30910.00,31250.00,30475.00,30825.00,30840.00,12866,396331840.00,1746
NSE,3PLAND,INE105C01023,EQ,30.75,30.90,30.36,30.80,30.75,282,8583.18,15
NSE,5PAISA,INE618L01018,EQ,349.05,352.95,344.30,348.00,349.70,25160,8778243.85,2177
NSE,63MOONS,INE111B01023,EQ,791.00,806.70,775.95,783.20,792.95,164400,129819975.50,7328
NSE,A2ZINFRA,INE619I01012,EQ,13.71,14.28,13.71,14.10,14.00,177440,2491333.67,1006
NSE,AAATECH,INE0D0U01013,EQ,103.51,111.00,103.51,106.79,103.53,416475,44415880.87,2654
NSE,AADHARHFC,INE883F01010,EQ,451.05,460.25,443.15,455.05,453.80,218913,98708405.10,9370
NSE,AAKASH,INE087Z01024,EQ,8.21,8.40,8.15,8.24,8.21,80907,665075.78,356
NSE,AAREYDRUGS,INE198H01019,EQ,108.10,110.00,104.48,108.81,107.85,497489,54028938.54,1919
NSE,AARNAV,INE750R01016,BE,35.70,37.31,35.70,37.01,37.31,34793,1287230.64,69
NSE,AARON,INE721Z01010,EQ,123.63,124.00,120.50,122.50,122.31,6844,840553.27,226
NSE,AARTECH,INE01C001026,BE,46.60,48.47,46.51,47.61,47.33,18917,896890.63,93
NSE,AARTIDRUGS,INE767A01016,EQ,425.00,429.95,415.00,417.55,428.80,147075,61778037.10,6461
NSE,AARTIIND,INE769A01020,EQ,481.75,492.90,478.40,491.25,481.15,570690,278222773.90,18628
NSE,AARTIPHARM,INE0LRU01027,EQ,980.05,980.50,950.00,953.35,975.00,522298,502331938.20,36798
NSE,AARTISURF,INE09EO01013,BE,504.90,504.95,490.00,493.35,505.45,4059,2009068.05,152
NSE,AARVI,INE754X01016,EQ,139.30,141.90,136.00,140.71,138.82,11004,1540459.94,225
NSE,AASTHA,INE2FMX01012,EQ,29.70,31.00,29.62,30.12,29.54,579923,17571443.87,2808
NSE,AAVAS,INE216P01012,EQ,1218.00,1236.60,1194.00,1231.70,1215.10,44345,54149392.00,8918
NSE,ABAN,INE421A01028,BE,17.76,17.76,17.76,17.76,16.92,21190,376334.40,101
NSE,ABANSENT,INE365O01028,EQ,27.51,27.78,26.75,27.66,27.51,3518,96396.24,204
NSE,ABB,INE117A01022,EQ,7122.50,7122.50,6989.00,7005.00,7122.50,133622,938432567.00,29524
NSE,ABBOTINDIA,INE358A01014,EQ,26150.00,26200.00,25950.00,26095.00,26115.00,8952,233276040.00,2340
NSE,ABCAPITAL,INE674K01013,EQ,377.50,380.20,370.05,372.10,378.90,4394040,1636432809.10,43898
NSE,ABCOTS,INE08PH01015,EQ,195.00,195.00,192.00,192.07,193.34,6530,1269911.05,68
NSE,ABDL,INE552Z01027,EQ,719.60,719.60,690.30,694.25,714.65,398467,280365755.05,14366
NSE,ABFRL,INE647O01011,EQ,45.49,45.55,44.48,44.62,45.68,4104346,184538031.71,16516
NSE,ABINFRA,INE00YB01025,BE,12.22,12.60,12.11,12.50,12.25,129565,1615257.41,230
NSE,ABLBL,INE14LE01019,EQ,73.00,76.46,72.61,73.69,73.16,8210032,614129085.71,37461
NSE,ABMINTLLTD,INE251C01025,BE,43.00,43.00,41.16,41.16,43.31,567,23781.96,19
NSE,ABMKNO,INE850B01026,EQ,165.87,169.99,164.00,169.00,165.87,482,81044.44,24
NSE,ABREL,INE055A01016,EQ,1080.90,1090.00,1040.20,1049.40,1078.00,209940,222703300.90,22579
NSE,ABSLAMC,INE404A01024,EQ,1009.65,1040.40,1009.65,1015.50,1009.65,201360,207379946.65,26654
NSE,ACC,INE012A01025,EQ,1180.00,1182.70,1160.10,1165.50,1177.00,95185,111287988.30,10855
NSE,ACCELYA,INE793A01012,EQ,1102.80,1108.50,1097.00,1100.10,1097.50,50002,55028920.80,3084
NSE,ACCURACY,INE648Z01023,EQ,4.08,4.19,3.97,4.17,4.10,106788,439762.09,287
NSE,ACE,INE731H01025,EQ,1251.00,1263.00,1235.90,1249.90,1252.20,245926,307964317.90,20719
NSE,ACEINTEG,INE543V01017,EQ,17.35,17.35,16.37,16.84,17.03,885,14997.76,87
NSE,ACEVECTOR,INE580P01029,EQ,25.80,31.11,25.27,31.11,25.93,66714951,1960910979.13,92049
NSE,ACGL,INE451C01013,EQ,1740.00,1784.30,1696.50,1703.80,1723.70,481,832752.10,204
NSE,ACI,INE128X01021,EQ,471.40,478.05,466.85,476.20,474.50,110914,52556999.95,6467
NSE,ACL,INE666E01020,EQ,39.94,39.94,39.20,39.41,39.67,2786,109875.07,243
NSE,ACMESOLAR,INE622W01025,EQ,450.00,450.00,433.40,436.15,448.20,813273,355190830.20,37346
NSE,ACSTECH,INE366C01021,BE,73.29,73.29,73.29,73.29,74.78,52938,3879826.02,60
NSE,ACUTAAS,INE00FF01025,EQ,3160.00,3194.10,3136.10,3174.20,3156.70,209529,662042150.90,28199
NSE,ADANIENSOL,INE931S01010,EQ,1349.90,1370.50,1305.10,1318.80,1350.10,1468657,1958530762.10,48249
NSE,ADANIENT,INE423A01024,EQ,2827.00,2848.30,2732.00,2743.00,2849.90,1738033,4807878952.00,63714
NSE,ADANIGREEN,INE364U01010,EQ,1313.00,1377.80,1310.70,1341.40,1313.00,6420423,8699853758.30,124425
NSE,ADANIPORTS,INE742F01042,EQ,1782.50,1786.00,1739.40,1750.10,1783.40,1187835,2094861201.90,59427
NSE,ADANIPOWER,INE814H01029,EQ,202.00,203.45,196.00,196.94,202.40,18844725,3740741536.38,91396
NSE,ADDIND,INE757C01021,EQ,80.48,81.00,71.65,73.88,78.90,315,24645.63,16
NSE,ADFFOODS,INE982B01027,EQ,295.00,297.90,290.35,291.70,293.10,217579,63811946.20,5713
NSE,ADL,INE0CHO01012,EQ,76.20,76.20,71.23,72.29,76.20,443,32027.01,25
NSE,ADOR,INE045A01017,EQ,1549.80,1574.90,1517.00,1552.10,1535.00,26360,40807828.50,3731
NSE,ADROITIND,INE505M01015,BE,207.10,223.63,202.35,223.63,212.99,1992820,419500482.75,15397
NSE,ADROITINFO,INE737B01033,BE,11.97,12.21,11.97,11.97,12.59,249385,2988367.39,370
NSE,ADSL,INE102I01027,EQ,102.39,104.28,101.32,102.04,103.82,137109,14068775.80,2751
NSE,ADVAIT,INE0ALI01010,EQ,1958.00,1958.00,1883.20,1910.80,1946.90,29825,57000231.00,5436
NSE,ADVANCE,INE1B0W01010,EQ,118.34,120.00,115.28,117.49,117.76,100984,11841872.30,1152
NSE,ADVANIHOTR,INE199C01026,EQ,47.94,48.40,47.50,47.91,47.51,14589,700145.83,373
NSE,ADVENTHTL,INE28GN01010,EQ,122.50,125.45,120.15,121.77,122.21,121576,14970572.91,2870
NSE,ADVENZYMES,INE837H01020,EQ,273.10,274.95,269.25,270.05,273.10,186349,50591712.35,4781
NSE,ADVIKCA,INE178T01024,EQ,0.99,1.01,0.95,0.98,0.99,559603,545673.76,342
NSE,AEGISLOG,INE208C01025,EQ,1399.10,1481.00,1383.40,1460.20,1395.90,1713087,2484484745.00,82476
NSE,AEGISVOPAK,INE0INX01018,EQ,294.00,301.80,290.50,294.25,293.35,1371001,407480860.90,29365
NSE,AEPL,INE757T01025,EQ,14.66,15.80,14.66,15.04,15.20,37730,572267.47,136
NSE,AEQUS,INE947N01017,EQ,284.75,292.15,278.55,288.15,286.10,4796952,1368267128.65,55798
NSE,AEROENTER,INE065D01027,EQ,131.90,131.90,128.20,129.01,132.56,422833,54853688.15,5519
NSE,AEROFLEX,INE024001021,EQ,566.40,567.00,550.35,563.85,560.75,1019697,570726752.10,27001
NSE,AERONEU,INE035801013,EQ,69.50,71.00,69.31,70.21,69.97,40034,2811235.18,280
NSE,AEROPLANE,INE05TO01019,EQ,208.40,219.70,208.40,218.44,209.24,1610248,346680089.05,16167
NSE,AETHER,INE0BWX01014,EQ,1781.10,1807.90,1770.50,1787.60,1799.80,273746,490100992.30,23919
NSE,AFCONS,INE101I01011,EQ,240.95,245.70,240.17,244.38,242.15,230744,56181367.01,6863
NSE,AFFLE,INE00WC01027,EQ,1450.20,1453.00,1428.00,1436.00,1450.20,116544,167822850.70,13467
NSE,AFFORDABLE,INE692Z01013,EQ,163.00,168.00,161.86,165.30,163.67,6653,1096320.13,435
NSE,AFIL,INE916Y01027,EQ,7.93,7.95,6.95,7.54,7.90,1086225,8066026.35,1663
NSE,AFSL,INE00ZE01026,EQ,201.01,202.50,201.00,201.00,201.00,1915,385245.45,70
NSE,AGARIND,INE204E01012,EQ,396.50,397.35,387.55,388.90,396.50,18567,7275603.20,1204
NSE,AGARWALEYE,INE943P01029,EQ,480.25,490.00,479.10,483.25,486.85,199969,96685431.65,13344
NSE,AGASTYAEN,INE753W01010,BE,65.47,65.47,65.47,65.47,66.80,50798,3325745.06,127
NSE,AGI,INE415A01038,EQ,786.00,795.75,773.30,787.50,786.40,85348,67030879.00,7303
NSE,AGIIL,INE976R01033,EQ,259.00,259.65,255.30,257.15,259.10,199474,51354465.95,3510
NSE,AGL,INE1YPB01014,EQ,12.71,13.13,12.51,12.63,12.77,853864,10909797.29,2406
NSE,AGRITECH,INE449G01018,EQ,89.99,89.99,86.15,87.10,87.68,4222,368635.95,101
NSE,AGROPHOS,INE740V01019,EQ,21.92,23.97,21.92,23.38,21.92,29816,689837.61,233
NSE,AHCL,INE0Y8W01025,EQ,28.18,28.18,28.18,28.18,29.66,2139001,60277048.18,3139
NSE,AHLADA,INE00PV01013,EQ,39.78,39.79,35.75,38.80,38.33,9920,373265.15,142
NSE,AHLEAST,INE926K01017,EQ,134.16,138.88,134.15,134.95,135.74,804,109372.08,29
NSE,AHLUCONT,INE758C01029,EQ,574.95,574.95,558.00,561.50,576.05,28075,15858922.25,2814
NSE,AHLWEST,INE915K01010,BE,554.95,554.95,540.00,549.95,545.00,292,160275.05,10
NSE,AIAENG,INE212H01026,EQ,3933.00,3933.00,3825.60,3858.00,3914.70,45135,174737987.10,13057
NSE,AIIL,INE206F01022,EQ,554.70,555.80,545.45,549.65,550.15,81517,44954226.45,6422
NSE,AIRAN,INE645W01026,EQ,15.40,15.77,15.12,15.32,15.40,45744,703652.85,249
NSE,AIROLAM,INE801L01010,EQ,88.02,95.11,88.02,91.07,88.29,15611,1457481.00,317
NSE,AJANTPHARM,INE031B01049,EQ,3573.40,3611.00,3529.30,3569.80,3573.40,93213,333647960.90,25941
NSE,AJAXENGG,INE274Y01021,EQ,589.00,589.00,579.00,582.75,585.85,33509,19541492.55,3877
NSE,AJMERA,INE298G01035,EQ,116.50,118.85,115.01,117.99,116.24,151319,17757207.58,2097
NSE,AJOONI,INE820Y01021,EQ,3.06,3.11,2.95,3.01,3.08,1091559,3291449.75,870
NSE,AKASH,INE737W01013,EQ,25.15,25.90,24.40,24.66,24.81,5765,144502.79,50
NSE,AKCAPIT,INE701G01012,EQ,1730.00,1751.00,1689.40,1747.20,1709.10,683,1182197.70,49
NSE,AKG,INE00Y801016,EQ,9.42,9.46,9.32,9.38,9.38,30881,289450.76,87
NSE,AKI,INE642Z01026,BE,6.05,6.24,5.90,6.01,6.01,264827,1611471.13,227
NSE,AKSHAR,INE256Z01025,EQ,0.41,0.43,0.41,0.42,0.41,1144299,480284.16,227
NSE,AKSHARCHEM,INE542B01011,BE,370.00,386.00,370.00,374.30,374.20,1722,648234.25,57
NSE,AKSHOPTFBR,INE523B01011,BE,7.69,7.73,7.68,7.73,7.37,339881,2625232.13,325
NSE,AKUMS,INE09XN01023,EQ,819.80,833.00,814.65,822.55,814.65,153950,126920148.40,11753
NSE,ALANKIT,INE914E01040,EQ,7.58,8.25,7.55,7.71,7.58,177413,1377122.45,447
NSE,ALBERTDAVD,INE155C01010,EQ,827.30,838.55,807.20,812.75,839.10,4818,3941415.40,434
NSE,ALEMBICLTD,INE426A01027,EQ,105.00,105.28,102.81,103.57,104.99,360068,37410940.24,4757
NSE,ALFREDHE,INE782D01027,EQ,2727.20,2770.00,2727.20,2769.60,2750.00,10,27454.00,7
NSE,ALGOQUANT,INE598D01035,EQ,70.56,73.73,69.37,70.20,70.56,1930088,137867913.61,7460
NSE,ALICON,INE062D01024,EQ,871.20,909.00,855.00,901.40,866.90,131461,116855674.75,10877
NSE,ALIVUS,INE03Q201024,EQ,1389.90,1389.90,1361.60,1370.20,1384.00,79355,109148752.10,12369
NSE,ALKALI,INE773I01017,BE,86.30,90.17,86.30,88.71,85.88,18019,1602810.00,161
NSE,ALKEM,INE540L01014,EQ,5297.00,5404.50,5292.00,5350.50,5292.00,205152,1097354359.50,22033
NSE,ALKYLAMINE,INE150B01039,EQ,1925.20,1930.00,1886.10,1918.90,1962.20,189986,362493161.10,20644
NSE,ALLCARGO,INE418H01029,EQ,10.50,10.52,10.22,10.28,10.50,3180670,32860827.01,4490
NSE,ALLDIGI,INE835G01018,EQ,772.10,790.00,768.65,783.80,768.10,4506,3516272.30,560
NSE,ALLTIME,INE0GV601021,EQ,184.79,188.80,181.55,184.43,184.36,66197,12198816.35,1994
NSE,ALMONDZ,INE326B01035,BE,20.00,20.71,19.01,19.54,19.85,133115,2644871.39,239
NSE,ALOKINDS,INE270A01029,EQ,8.00,8.50,7.95,8.29,7.83,63108260,522462872.94,97443
NSE,ALPA,INE385I01010,EQ,59.00,59.68,57.42,57.71,58.73,8674,503848.11,252
NSE,ALPHAGEO,INE137C01018,BE,253.90,259.50,253.80,254.30,251.15,3599,917713.05,87
NSE,ALPINETEX,INE1JCQ01037,EQ,45.79,47.59,45.79,46.04,46.44,107857,5027455.44,2120
NSE,ALUFLUOR,INE058F01019,EQ,617.25,658.95,609.70,649.15,619.45,22254,14265142.05,1427
NSE,AMAGI,INE121R01077,EQ,558.55,568.95,557.20,561.45,564.15,140264,78752215.90,10001
NSE,AMAL,INE841D01013,EQ,754.95,817.00,753.70,798.05,753.70,69704,55427989.40,4559
NSE,AMANTA,INE084K01015,BE,196.98,207.56,191.00,207.08,197.68,187306,38589768.39,614
NSE,AMARJOTHI,INE484D01012,EQ,150.45,150.45,147.05,147.12,149.05,636,95289.67,32
NSE,AMBALALSA,INE432A01017,BE,38.55,40.47,38.11,40.47,38.55,55446,2209857.60,190
NSE,AMBER,INE371P01015,EQ,6810.00,6925.00,6767.50,6925.00,6869.00,91287,625647701.00,16423
NSE,AMBICAAGAR,INE792B01012,EQ,24.10,25.25,23.00,23.53,24.42,15438,364460.63,321
NSE,AMBIKCO,INE540G01014,EQ,1535.10,1554.00,1495.00,1504.90,1532.70,5825,8787809.40,821
NSE,AMBUJACEM,INE079A01024,EQ,362.40,362.75,352.45,356.90,361.55,3466426,1235251418.80,51715
NSE,AMDIND,INE005I01014,BE,52.98,52.99,52.36,52.37,52.73,4737,249303.20,90
NSE,AMJLAND,INE606A01024,EQ,38.00,38.00,36.81,37.35,37.66,1369,50958.60,89
NSE,AMNPLST,INE275D01022,EQ,185.61,185.61,170.40,172.60,186.92,40282,7073399.45,1161
NSE,AMRUTANJAN,INE098F01031,EQ,522.00,526.95,517.00,521.55,523.70,21130,11012255.15,1210
NSE,ANANDRATHI,INE463V01026,EQ,2149.00,2167.50,2120.90,2127.20,2142.00,282649,605412761.20,19597
NSE,ANANTRAJ,INE242C01024,EQ,613.70,622.55,601.55,612.15,608.90,2034133,1248563435.65,42737
NSE,ANDHRAPAP,INE435A01051,EQ,70.82,70.98,69.85,70.07,70.48,190578,13389242.24,2457
NSE,ANDHRSUGAR,INE715B01021,EQ,94.56,95.95,92.80,93.37,94.42,274458,25741489.98,5490
NSE,ANDREWYU,INE449C01025,EQ,25.00,25.29,24.31,24.63,24.95,138603,3417966.09,1008
NSE,ANGELONE,INE732I01021,EQ,293.50,306.25,291.25,302.00,295.00,13538340,4074750029.65,84641
NSE,ANIKINDS,INE087B01017,EQ,46.00,47.77,44.83,45.65,45.40,14635,676483.38,368
NSE,ANMOL,INE02AR01019,BE,13.13,13.13,12.81,13.03,13.13,12065,157384.55,98
NSE,ANNAPURNA,INE0MGM01017,EQ,131.60,131.60,129.00,129.40,130.35,40448,5254873.91,436
NSE,ANNU,INE103001017,EQ,44.40,46.00,43.84,45.53,44.33,414110,18700887.35,4638
NSE,ANSALBU,INE030C01015,EQ,84.81,86.90,82.30,84.50,85.57,2446,207323.37,76
NSE,ANTELOPUS,INE818A01017,EQ,1113.90,1160.00,1107.70,1130.20,1100.60,378318,430492235.50,19077
NSE,ANTGRAPHIC,INE414B01021,EQ,0.69,0.71,0.69,0.70,0.69,46847,32713.77,137
NSE,ANTHEM,INE0CZ201020,EQ,892.00,892.90,881.30,887.05,890.35,163476,144943629.15,11388
NSE,ANUHPHR,INE489G01022,EQ,87.98,88.00,85.00,85.51,87.57,52996,4563724.74,1607
NSE,ANUP,INE294Z01018,EQ,1575.00,1577.00,1535.00,1547.00,1575.90,11000,17098875.10,2538
NSE,ANURAS,INE930P01018,EQ,1166.00,1172.00,1159.50,1165.10,1170.20,55559,64711051.80,5670
NSE,AONESTEELS,INE0OTC01025,EQ,387.95,425.00,379.25,420.35,384.80,1184043,483545653.00,35956
NSE,APARINDS,INE372A01015,EQ,18200.00,18308.00,17960.00,18160.00,18016.00,106708,1936359121.00,36125
NSE,APCL,INE071F01012,EQ,95.00,95.00,92.60,92.64,93.58,3852,358555.74,91
NSE,APCOTEXIND,INE116A01032,EQ,608.10,608.60,585.50,592.70,610.70,78154,46449661.00,5754
NSE,APEX,INE346W01013,EQ,339.80,345.00,332.50,343.40,339.80,86812,29637985.40,4595
NSE,APLAPOLLO,INE702C01027,EQ,2128.60,2156.50,2115.10,2135.00,2152.00,613418,1306760552.90,29882
NSE,APLLTD,INE901L01018,EQ,834.10,839.00,821.25,833.80,834.20,135889,112937413.20,17948
NSE,APOLLO,INE713T01028,EQ,407.25,422.45,405.00,414.75,408.05,9053893,3779527412.35,83470
NSE,APOLLOHOSP,INE437A01024,EQ,7850.00,7917.00,7822.00,7917.00,7914.50,545499,4296132913.50,64756
NSE,APOLLOPIPE,INE126J01016,EQ,530.65,539.00,521.00,531.45,529.80,90308,47748681.75,2944
NSE,APOLLOTYRE,INE438A01022,EQ,397.70,408.15,397.05,407.60,401.55,546102,220936283.85,20371
NSE,APOLSINHOT,INE451F01024,EQ,1205.90,1205.90,1173.00,1178.30,1174.70,270,318646.60,41
NSE,APTECHT,INE266F01018,EQ,88.50,88.50,86.02,86.87,88.19,57268,4997743.03,1675
NSE,APTUS,INE852O01025,EQ,223.35,224.50,217.29,219.46,223.90,1540789,339099714.86,41102
NSE,AQYLON,INE416A01051,EQ,15.98,16.10,15.35,15.79,15.46,280496,4417356.79,926
NSE,ARCHIDPLY,INE877I01016,EQ,102.52,103.40,100.61,102.73,101.67,10266,1048595.31,131
NSE,ARCHIES,INE731A01020,EQ,12.30,12.50,12.11,12.42,12.24,3247,39919.39,53
NSE,ARCIL,INE148G01016,EQ,149.00,160.31,148.00,160.31,145.74,15925021,2507949337.97,91133
NSE,ARCL,INE372M01010,EQ,230.00,236.99,224.00,229.99,226.99,1021,236914.57,54
NSE,ARDEE,INE0XNF01022,EQ,50.00,51.00,49.29,50.79,50.22,1828318,91996076.15,9484
NSE,ARE&M,INE885A01032,EQ,744.00,745.00,729.75,733.25,742.90,347787,255564929.00,23868
NSE,ARENTERP,INE610C01014,EQ,33.89,33.89,32.10,32.44,33.89,2252,73236.15,40
NSE,ARFIN,INE784R01023,EQ,98.50,104.00,97.70,103.06,96.36,11566941,1170883493.00,51683
NSE,ARIES,INE298I01015,BE,509.30,509.30,493.05,494.55,499.00,8114,4035903.50,167
NSE,ARIHANT,INE413D01011,EQ,930.00,940.00,920.00,929.90,914.90,1486,1382574.25,117
NSE,ARIHANTCAP,INE420B01036,EQ,94.49,98.00,93.43,97.38,94.13,1292989,125009623.93,10114
NSE,ARIHANTSUP,INE643K01018,EQ,220.00,237.00,219.99,231.18,220.26,5577,1287550.31,177
NSE,ARIS,INE0H9P01028,EQ,143.66,144.50,139.72,142.31,143.66,1545690,220234283.25,12635
NSE,ARKADE,INE0QRL01017,EQ,120.51,122.48,119.10,119.73,121.24,112810,13597071.05,1454
NSE,ARMANFIN,INE109C01017,EQ,1742.90,1750.90,1716.00,1741.20,1743.70,19584,33917960.80,2620
NSE,ARMEE,INE0TWE01016,EQ,273.95,273.95,263.05,269.95,271.05,959155,256595123.20,14587
NSE,AROGRANITE,INE210C01013,EQ,23.08,23.15,22.41,22.53,22.97,3406,77107.64,60
NSE,ARROWGREEN,INE570D01018,EQ,896.15,905.80,887.65,893.35,891.75,19826,17763250.20,1932
NSE,ARSSBL,INE549H01021,EQ,551.50,574.70,545.10,571.15,551.55,606937,343404449.30,16673
NSE,ARTEMISMED,INE025R01021,EQ,316.00,323.15,316.00,318.30,318.35,249720,79672035.95,17308
NSE,ARVEE,INE006Z01016,EQ,211.50,217.95,209.01,211.79,216.89,5579,1189490.07,288
NSE,ARVIND,INE034A01011,EQ,534.65,535.50,526.30,529.30,534.65,382759,203074935.60,19583
NSE,ARVINDFASN,INE955V01021,EQ,405.00,408.80,396.00,397.95,406.40,139446,56028100.20,14696
NSE,ARVSMART,INE034S01021,EQ,600.45,618.45,597.20,612.50,603.80,102437,62509279.90,2852
NSE,ARYAMAN,INE032E01017,EQ,620.00,620.00,605.00,610.00,620.90,91,55405.00,7
NSE,ASAHIINDIA,INE439A01020,EQ,961.00,981.50,950.00,976.25,956.95,142786,138514624.35,15250
NSE,ASAHISONG,INE228I01012,BE,375.95,387.40,372.10,376.40,369.95,7948,3017938.95,112
NSE,ASAL,INE900C01027,EQ,426.20,430.50,420.05,423.30,426.20,9378,3976180.20,543
NSE,ASALCBR,INE073G01016,EQ,595.00,600.00,586.00,590.10,598.70,22603,13448677.90,1424
NSE,ASHAPURMIN,INE348A01023,EQ,500.00,504.90,479.50,488.00,502.90,732922,356762326.20,25184
NSE,ASHIANA,INE365D01021,EQ,385.00,385.00,376.00,379.20,382.95,18452,7013313.00,1029
NSE,ASHIKAG,INE094B01013,BE,380.10,394.30,380.10,386.90,389.40,61633,23872167.30,332
NSE,ASHIMASYN,INE440A01010,EQ,15.10,15.10,14.07,14.51,14.88,127326,1852385.27,531
NSE,ASHOKA,INE442H01029,EQ,106.40,106.80,103.75,104.03,106.42,569916,59729368.42,6308
NSE,ASHOKAMET,INE760Y01011,EQ,14.64,14.98,14.42,14.61,14.71,15077,221838.45,165
NSE,ASHOKLEY,INE208A01029,EQ,152.91,153.41,148.64,149.20,153.70,11928149,1791446581.23,94533
NSE,ASIANENE,INE276G01015,EQ,465.60,484.00,459.25,480.15,463.75,246810,116857773.45,10286
NSE,ASIANHOTNR,INE363A01022,EQ,331.00,335.05,325.25,330.25,328.65,6603,2186991.45,277
NSE,ASIANPAINT,INE021A01026,EQ,2371.80,2403.20,2360.20,2372.10,2424.20,522763,1240948747.00,43604
NSE,ASIANTILES,INE022I01019,EQ,47.80,48.69,47.10,47.19,48.10,299617,14225182.35,1732
NSE,ASIANTNE,INE822B01017,EQ,9.20,9.25,8.50,9.07,9.06,31919,287386.41,98
NSE,ASKAUTOLTD,INE491J01022,EQ,606.75,632.70,602.00,626.55,609.75,298688,185711320.20,21017
NSE,ASMS,INE855F01042,EQ,6.09,6.09,5.80,5.95,5.98,159330,948849.40,445
NSE,ASPINWALL,INE991I01015,EQ,241.99,241.99,238.01,241.65,238.35,1484,355873.33,18
NSE,ASSAMENT,INE165G01010,EQ,780.00,838.95,780.00,789.55,799.00,26,20528.95,5
NSE,ASTAR,INE194D01017,EQ,642.00,650.00,627.00,645.05,639.80,162,103576.75,46
NSE,ASTEC,INE563J01010,EQ,724.95,773.70,714.90,748.20,704.70,414236,312168799.15,21078
NSE,ASTERDM,INE914M01019,EQ,685.05,690.05,676.30,680.30,684.70,1205263,820440476.35,42183
NSE,ASTRAL,INE006I01046,EQ,1401.30,1448.00,1390.20,1427.70,1402.30,759824,1091292537.30,44595
NSE,ASTRAMICRO,INE386C01029,EQ,1704.60,1723.90,1688.00,1701.10,1705.90,197596,336576375.50,17249
NSE,ASTRAZEN,INE203A01020,EQ,6000.50,6000.50,5802.00,5918.00,5980.50,6175,36351451.50,1998
NSE,ATALREAL,INE0ALR01029,EQ,12.33,12.33,11.75,12.12,12.36,1832761,21915190.26,1583
NSE,ATAM,INE09KD01013,EQ,55.40,56.90,53.60,55.26,54.20,6950,385443.31,207
NSE,ATGL,INE399L01023,EQ,588.45,595.45,580.20,581.90,588.45,570256,334509056.05,20276
NSE,ATHERENERG,INE0LEZ01016,EQ,1436.00,1466.00,1418.40,1455.00,1446.00,4057014,5880136846.40,99304
NSE,ATL,INE0NN701020,EQ,24.67,26.00,24.24,25.67,24.71,381121,9642488.69,3030
NSE,ATLANTAA,INE285H01022,EQ,35.37,35.94,35.25,35.47,35.34,22881,812996.04,249
NSE,ATLANTAELE,INE0Z4F01028,EQ,1869.00,1938.50,1857.60,1875.80,1869.30,281587,536873463.60,41414
NSE,ATLASCYCLE,INE446A01025,EQ,92.93,93.98,91.35,92.10,92.93,3586,331333.35,94
NSE,ATUL,INE100A01010,EQ,6000.00,6025.00,5917.00,5999.50,6000.00,45518,272726668.50,8711
NSE,ATULAUTO,INE951D01028,EQ,428.60,430.30,424.00,426.25,427.50,33902,14473828.35,2139
NSE,AUBANK,INE949L01017,EQ,1018.40,1027.00,988.30,993.40,1028.00,1757696,1768646367.10,52284
NSE,AUGMONT,INE16W401027,EQ,1153.00,1220.30,1137.50,1216.20,1162.20,653465,780620098.90,22926
NSE,AURIONPRO,INE132H01018,EQ,617.10,620.20,604.65,612.80,616.05,93995,57533981.55,5266
NSE,AUROPHARMA,INE406A01037,EQ,1696.20,1698.90,1670.50,1682.00,1692.80,438151,738178666.70,25264
NSE,AURUM,INE898S01029,EQ,229.06,236.40,227.11,231.20,231.14,124143,28713315.26,2573
NSE,AURUS,INE142K01011,EQ,4.38,4.40,4.20,4.29,4.29,14643,61859.54,102
NSE,AUSOMENT,INE218C01016,EQ,144.30,144.30,131.33,141.68,137.48,11558,1589373.73,220
NSE,AUSTENG,INE759F01012,EQ,167.47,173.00,160.50,161.74,166.43,3616,597302.69,191
NSE,AUTOAXLES,INE449A01011,EQ,1644.90,1679.80,1620.00,1651.40,1638.10,10364,17043556.90,1408
NSE,AUTOIND,INE718H01014,EQ,85.00,85.72,83.00,83.38,85.82,66502,5599415.27,1060
NSE,AVADHSUGAR,INE349W01017,EQ,880.10,947.95,880.10,937.55,873.30,570096,524955028.10,33025
NSE,AVALON,INE0LCL01028,EQ,2400.40,2475.00,2353.30,2429.70,2400.40,364773,885661480.60,41917
NSE,AVANCE,INE758A01072,EQ,0.78,0.80,0.77,0.78,0.77,3079223,2419063.78,1252
NSE,AVANTEL,INE005B01027,EQ,150.97,154.29,150.03,153.28,151.08,734201,111883386.35,10279
NSE,AVANTIFEED,INE871C01038,EQ,714.10,730.00,707.00,722.30,714.10,237908,171344363.10,14744
NSE,AVG,INE680Z01018,EQ,177.80,177.80,168.10,169.65,172.06,10293,1759301.66,215
NSE,AVL,INE679V01027,EQ,597.70,625.00,591.15,621.10,595.10,180605,110973772.10,18633
NSE,AVONMORE,INE323B01024,EQ,12.59,12.97,12.47,12.80,12.55,58913,750337.68,400
NSE,AVROIND,INE652Z01025,EQ,7.09,7.09,5.82,6.13,6.85,965865,5877289.43,3238
NSE,AVTNPL,INE488D01021,EQ,89.30,89.58,87.81,88.75,90.18,129673,11489934.41,1698
NSE,AWFIS,INE108V01019,EQ,244.91,256.20,241.00,250.75,243.54,1503516,369728401.67,24008
NSE,AWHCL,INE01BK01022,EQ,357.10,357.10,346.00,348.70,355.20,114375,40048256.55,3806
NSE,AWL,INE699H01024,EQ,185.81,188.85,183.53,187.11,185.93,2805362,520968523.69,33528
NSE,AXISBANK,INE238A01034,EQ,1240.20,1259.00,1230.20,1242.50,1248.00,9678421,12075402806.10,287982
NSE,AXISCADES,INE555B01013,EQ,2268.00,2285.90,2223.30,2245.60,2288.50,122674,276035049.70,13247
NSE,AXITA,INE02EZ01022,EQ,7.52,7.58,7.40,7.44,7.51,551363,4110733.43,672
NSE,AXTEL,INE767C01012,EQ,450.00,450.00,431.50,435.50,447.95,2517,1099706.60,314
NSE,AYE,INE501X01029,EQ,165.07,169.90,163.00,167.63,165.56,614549,102469222.35,12925
NSE,AYMSYNTEX,INE193B01039,EQ,290.80,291.70,275.00,277.50,289.25,146550,41130471.10,2618
NSE,AZAD,INE02IJ01035,EQ,3050.00,3064.90,2996.50,3048.20,3062.60,585882,1779701718.30,38081
NSE,AZADIND,INE566M01017,EQ,81.89,83.50,81.00,82.85,80.94,39168,3232324.60,914
NSE,BAFNAPH,INE878I01022,BE,401.85,401.85,401.85,401.85,394.00,956,384168.60,14
NSE,BAGFILMS,INE116D01028,EQ,4.16,4.16,4.05,4.12,4.11,62806,257455.20,135
NSE,BAIDFIN,INE020D01022,EQ,10.11,10.75,10.00,10.21,10.32,43355,445063.34,248
NSE,BAJAJ-AUTO,INE917I01010,EQ,9970.00,9997.00,9727.00,9884.00,10017.00,442314,4345485848.00,49923
NSE,BAJAJCON,INE933K01021,EQ,491.50,492.70,481.05,483.00,493.50,191498,93068066.50,11119
NSE,BAJAJELEC,INE193E01025,EQ,299.70,303.00,297.60,300.70,300.25,90029,27047922.30,4168
NSE,BAJAJFINSV,INE918I01026,EQ,1740.00,1758.60,1728.10,1743.30,1752.40,990041,1724069210.00,40154
NSE,BAJAJHCARE,INE411U01027,EQ,320.25,326.65,319.30,323.30,323.10,68139,22009791.70,2492
NSE,BAJAJHFL,INE377Y01014,EQ,82.11,84.41,81.70,84.08,82.36,4604045,383686747.55,24582
NSE,BAJAJHIND,INE306A01021,EQ,21.16,21.64,20.84,21.05,21.33,19089108,405614445.90,31220
NSE,BAJAJHLDNG,INE118A01012,EQ,10699.00,10779.00,10568.00,10662.00,10600.00,39078,417657923.00,8412
NSE,BAJAJINDEF,INE0O9T01021,EQ,211.50,211.50,200.00,203.96,207.21,11766,2405764.22,503
NSE,BAJAJST,INE704G01024,EQ,325.25,336.00,323.40,331.40,324.40,3314,1092260.35,278
NSE,BAJEL,INE0KQN01018,EQ,163.88,163.88,161.71,162.34,164.08,67793,11033270.29,1584
NSE,BAJFINANCE,INE296A01032,EQ,969.15,984.40,952.30,963.85,963.10,11415155,11056679859.25,156168
NSE,BALAJEE,INE0S2G01011,EQ,25.10,25.10,23.60,23.97,24.24,27282,653371.31,428
NSE,BALAJITELE,INE794B01026,EQ,90.56,91.15,88.96,89.18,90.56,66329,5955964.51,932
NSE,BALAMINES,INE050E01027,EQ,2269.20,2269.20,2132.10,2155.90,2287.70,709751,1552153979.70,53585
NSE,BALAXI,INE618N01022,EQ,22.95,23.49,22.22,22.38,22.67,15155,343472.39,146
NSE,BALKRISHNA,INE875R01011,EQ,16.06,16.68,15.57,16.00,16.21,9533,153676.20,118
NSE,BALKRISIND,INE787D01026,EQ,2079.00,2079.00,2002.00,2006.60,2082.70,295283,596495826.40,30013
NSE,BALMLAWRIE,INE164A01016,EQ,158.20,159.95,154.10,158.88,158.78,346197,54468092.89,5310
NSE,BALPHARMA,INE083D01012,BE,99.10,103.90,96.39,98.62,101.46,35213,3437752.48,351
NSE,BALRAMCHIN,INE119A01028,EQ,692.05,710.00,687.60,706.60,691.30,1646549,1154944963.15,42392
NSE,BALUFORGE,INE011E01029,EQ,525.15,525.90,505.70,507.50,526.95,538063,276392507.75,16501
NSE,BANARBEADS,INE655B01011,EQ,115.00,119.10,108.50,110.27,116.11,6818,761054.24,203
NSE,BANARISUG,INE459A01010,EQ,3325.00,3395.00,3325.00,3375.30,3349.30,785,2646757.60,132
NSE,BANCOINDIA,INE213C01025,EQ,599.00,605.00,594.70,600.20,602.65,61310,36778256.20,4744
NSE,BANDHANBNK,INE545U01014,EQ,164.15,167.59,161.33,162.99,164.15,10016167,1649764674.61,49687
NSE,BANG,INE863I01016,EQ,33.49,34.35,33.01,33.64,33.49,31724,1067637.55,122
NSE,BANKA,INE862Y01015,EQ,70.00,70.00,67.62,67.97,69.50,1011,69813.51,30
NSE,BANKBARODA,INE028A01039,EQ,231.80,236.38,230.18,234.55,232.73,6320157,1478587434.72,56922
NSE,BANKINDIA,INE084A01016,EQ,132.59,135.19,130.26,133.55,132.16,9853574,1311546900.45,49821
NSE,BANSALWIRE,INE0B9K01025,EQ,327.80,330.90,320.15,324.00,325.70,110111,35736999.50,5157
NSE,BANSWRAS,INE629D01020,EQ,102.85,107.34,102.85,105.44,105.09,11679,1239548.43,371
NSE,BASF,INE373A01013,EQ,3472.10,3495.40,3434.00,3453.80,3472.10,9472,32712528.20,2539
NSE,BASML,INE186H01022,EQ,22.98,23.25,22.25,22.69,22.88,63299,1441897.05,218
NSE,BATAINDIA,INE176A01028,EQ,619.85,624.00,613.60,615.10,619.85,45932,28383508.95,4108
NSE,BATLIBOI,INE177C01022,EQ,96.83,98.82,93.01,94.80,96.16,93592,8946185.87,3833
NSE,BAYERCROP,INE462A01022,EQ,3535.00,3549.80,3478.00,3491.50,3533.40,26503,92672020.00,7651
NSE,BBL,INE464A01036,EQ,2070.00,2084.80,2037.00,2042.00,2068.80,18092,37165977.50,3464
NSE,BBOX,INE676A01027,EQ,840.95,893.10,815.85,884.85,839.95,2262486,1961759313.00,77340
NSE,BBTC,INE050A01025,EQ,1301.30,1301.30,1263.20,1269.40,1298.20,113931,145138773.40,10995
NSE,BBTCL,INE01EE01011,EQ,240.00,240.00,223.57,225.66,233.12,11763,2682668.78,382
NSE,BCG,INE425B01027,EQ,9.07,9.15,9.05,9.08,9.07,2283346,20752307.12,2824
NSE,BCLIND,INE412G01024,EQ,32.03,32.09,31.12,31.55,32.03,331997,10514201.58,2706
NSE,BCONCEPTS,INE977Y01011,EQ,146.00,146.90,142.00,143.73,146.88,3493,502952.25,221
NSE,BCPL,INE00SW01015,EQ,67.24,67.98,66.10,66.43,67.24,8784,584841.76,247
NSE,BDL,INE171Z01026,EQ,1104.90,1104.90,1078.60,1085.00,1101.80,790105,858307276.90,32999
NSE,BEARDSELL,INE520H01022,EQ,22.89,22.89,21.96,22.22,22.50,47882,1061118.48,286
NSE,BECTORFOOD,INE495P01020,EQ,212.00,212.65,208.83,211.07,212.16,1387522,292875745.93,16272
NSE,BEDMUTHA,INE844K01012,EQ,110.50,110.50,107.00,110.08,106.23,6599,720799.71,91
NSE,BEEKAY,INE213D01015,EQ,446.00,455.00,435.00,440.05,434.10,1282,568717.50,72
NSE,BEL,INE263A01024,EQ,386.50,386.50,378.00,378.30,387.40,13636290,5180924197.70,158539
NSE,BELLACASA,INE344T01014,EQ,242.13,270.20,239.13,251.77,242.13,12782,3170477.90,607
NSE,BELRISE,INE894V01022,EQ,236.70,247.25,233.66,246.31,236.81,3749664,914784024.64,51108
NSE,BEML,INE258A01024,EQ,2042.20,2042.60,1992.10,2006.20,2042.20,146910,296049020.50,16360
NSE,BENARAS,INE664D01019,EQ,10200.00,10348.00,10200.00,10201.00,10238.00,38,388091.00,12
NSE,BENGALASM,INE083K01017,EQ,6145.00,6196.00,5960.50,6036.00,6110.50,226,1373080.50,129
NSE,BEPL,INE922A01025,EQ,129.60,129.60,126.82,127.61,128.63,541542,69296484.56,6906
NSE,BERGEPAINT,INE463A01038,EQ,470.60,471.90,461.80,463.90,472.55,189882,88474072.70,17091
NSE,BESTAGRO,INE052T01021,EQ,17.57,17.86,17.52,17.59,17.89,433321,7655997.47,1079
NSE,BETA,INE351Y01019,EQ,1980.00,2024.00,1980.00,1991.40,2001.40,9114,18203863.10,1304
NSE,BFINVEST,INE878K01010,EQ,442.40,444.05,436.90,439.10,441.35,6355,2797084.95,552
NSE,BFUTILITIE,INE243D01012,EQ,495.90,500.45,492.00,496.20,498.90,36837,18277846.50,1990
NSE,BGRENERGY,INE661I01014,BE,256.31,256.31,250.00,256.31,244.11,87664,22423640.80,773
NSE,BHAGCHEM,INE414D01027,EQ,240.48,240.95,234.10,235.82,239.91,174477,41345744.48,1717
NSE,BHAGERIA,INE354C01027,EQ,393.00,403.60,370.55,377.55,393.55,173072,66957414.30,6246
NSE,BHAGYANGR,INE458B01036,EQ,441.00,454.55,430.00,454.55,432.95,601005,270782657.05,7527
NSE,BHANDARI,INE474E01029,EQ,2.86,2.86,2.73,2.78,2.83,117426,327993.34,221
NSE,BHARATCOAL,INE05XR01022,EQ,32.05,32.32,31.85,32.09,32.05,3011307,96468387.99,12521
NSE,BHARATFORG,INE465A01025,EQ,1871.00,1871.00,1826.90,1841.80,1880.00,410629,757677855.70,32186
NSE,BHARATGEAR,INE561C01019,BE,100.92,104.87,100.00,104.87,99.88,43607,4510106.37,294
NSE,BHARATRAS,INE838B01021,EQ,1005.30,1008.00,980.00,985.20,998.30,10022,9893604.30,1280
NSE,BHARATSE,INE415D01024,EQ,206.15,207.54,203.61,204.59,206.14,52196,10721412.97,2793
NSE,BHARATWIRE,INE316L01019,EQ,165.90,174.39,163.72,171.99,165.28,771202,131982054.39,12902
NSE,BHARTIARTL,INE397D01024,EQ,1823.00,1854.70,1810.50,1833.90,1810.50,13920833,25529095074.80,210543
NSE,BHARTIHEXA,INE343G01021,EQ,1386.80,1485.00,1376.50,1477.90,1386.80,1512590,2192157717.80,103571
NSE,BHEL,INE257A01026,EQ,451.50,455.95,446.60,448.50,452.00,14450998,6506938074.65,158346
NSE,BI,INE986A01012,BE,94.75,94.75,94.75,94.75,92.90,6748,639373.00,14
NSE,BIGBLOC,INE412U01025,EQ,37.50,37.66,36.30,36.47,37.22,55930,2068036.67,914
NSE,BIKAJI,INE00E101023,EQ,484.90,490.30,482.00,483.55,481.10,137074,66606946.75,16513
NSE,BIL,INE828A01016,EQ,1092.85,1092.85,1070.00,1072.90,1092.85,5985,6429000.05,327
NSE,BILVYAPAR,INE071A01013,BE,4.29,4.31,4.05,4.29,4.15,4846,20676.32,18
NSE,BIMETAL,INE469A01019,EQ,663.70,663.70,636.20,640.65,660.40,189,121148.60,13
NSE,BIOCON,INE376G01013,EQ,368.40,368.40,358.40,360.00,369.10,4416752,1593149894.85,44081
NSE,BIOFILCHEM,INE829A01014,EQ,30.12,30.65,30.00,30.43,30.11,2965,89648.54,78
NSE,BIRLACABLE,INE800A01015,EQ,398.00,404.35,377.25,385.05,395.45,529869,207481602.30,14243
NSE,BIRLACORPN,INE340A01012,EQ,803.40,820.50,793.00,814.40,803.45,52418,42271063.75,5505
NSE,BIRLAMONEY,INE865C01022,EQ,116.45,119.94,115.81,118.98,116.45,26003,3076138.04,928
NSE,BIRLANU,INE557A01011,EQ,1410.70,1411.90,1190.30,1321.30,1406.50,133938,172726728.80,8825
NSE,BIRLAPREC,INE372E01025,BE,58.48,60.65,57.51,58.23,57.79,68665,4033875.84,483
NSE,BLACKBUCK,INE0UIZ01018,EQ,599.50,618.70,593.75,616.40,596.00,430095,262780376.10,34914
NSE,BLACKROSE,INE761G01016,EQ,109.40,113.00,108.41,110.78,107.65,28903,3210459.50,481
NSE,BLAL,INE0N7W01012,EQ,159.99,159.99,156.20,156.57,157.53,10214,1606912.37,315
NSE,BLBLIMITED,INE791A01024,EQ,16.48,17.45,16.00,16.91,16.09,91763,1521772.38,530
NSE,BLEL,INE1EEM01017,EQ,510.05,518.80,503.00,514.40,510.05,1287175,660190099.45,30851
NSE,BLIL,INE525F01025,EQ,65.48,65.50,65.01,65.28,65.21,28399,1854244.55,961
NSE,BLISSGVS,INE416D01022,BE,670.00,685.80,670.00,681.55,676.45,166651,113436141.20,1393
NSE,BLKASHYAP,INE350H01032,EQ,54.31,54.60,53.53,53.94,54.79,213929,11567070.46,1438
NSE,BLS,INE153T01027,EQ,224.00,225.53,220.23,220.84,223.97,512069,113772157.95,13062
NSE,BLSE,INE0NLT01028,EQ,158.30,160.75,156.50,158.20,160.90,339932,53870971.50,4647
NSE,BLUECLOUDS,INE373T01047,EQ,20.35,22.87,20.08,20.35,20.01,58789235,1259701670.54,175035
NSE,BLUECOAST,INE472B01011,EQ,22.04,22.71,20.96,22.49,22.04,1424,30298.64,31
NSE,BLUEDART,INE233B01017,EQ,4596.90,4620.80,4519.30,4555.20,4562.80,18776,85611457.30,3770
NSE,BLUEJET,INE0KBH01020,EQ,540.00,546.00,535.70,541.35,538.15,207773,112393259.90,8996
NSE,BLUESTARCO,INE472A01039,EQ,1562.90,1575.00,1530.10,1530.10,1571.50,436486,675976040.90,24276
NSE,BLUESTONE,INE304W01038,EQ,812.65,835.00,805.40,831.10,813.85,707911,582349551.80,32883
NSE,BLUSPRING,INE0U4101014,EQ,144.53,147.29,141.50,142.71,144.53,134332,19341383.81,2454
NSE,BMWVENTLTD,INE965W01036,EQ,50.02,50.89,49.76,50.11,50.37,47119,2365739.30,1724
NSE,BNAGROCHEM,INE00HZ01011,EQ,217.10,232.81,215.21,215.21,226.53,4312,935314.28,97
NSE,BNALTD,INE489D01011,BE,368.00,368.00,368.00,368.00,351.10,19,6992.00,1
NSE,BODALCHEM,INE338D01028,BE,185.00,189.99,180.00,184.14,186.57,263642,48875366.09,2236
NSE,BOHRAIND,INE802W01023,EQ,14.35,15.04,14.03,14.21,14.38,7910,114977.35,34
NSE,BOMDYEING,INE032A01023,EQ,102.91,102.91,101.01,101.63,102.91,416073,42389169.27,5348
NSE,BONLON,INE0B9A01018,EQ,40.54,41.00,39.62,40.68,39.39,8552,346145.21,147
NSE,BORANA,INE16SF01016,EQ,271.00,273.85,268.55,270.70,269.60,14928,4047302.20,600
NSE,BOROLTD,INE02PY01013,EQ,287.00,290.70,280.00,281.15,286.85,197203,56067995.90,4700
NSE,BORORENEW,INE666D01022,EQ,447.90,448.00,433.80,438.10,449.85,357439,157094723.10,13302
NSE,BOROSCI,INE02L001032,EQ,113.50,116.46,113.32,115.03,113.27,42337,4835655.83,1055
NSE,BOSCH-HCIL,INE782A01015,EQ,1993.00,1993.00,1928.20,1948.10,1976.90,34819,67996805.40,6264
NSE,BOSCHLTD,INE323A01026,EQ,45000.00,45000.00,44305.00,44410.00,45000.00,21193,944526245.00,10596
NSE,BPCL,INE029A01011,EQ,297.00,298.65,294.75,296.35,300.50,6249901,1852756216.25,51257
NSE,BPL,INE110A01019,EQ,44.02,44.90,44.01,44.22,44.45,24846,1103394.12,442
NSE,BPLPHARMA,INE365Y01019,EQ,1884.90,1930.00,1827.20,1881.20,1836.40,8140,15370528.10,1063
NSE,BRAHMINFRA,INE320I01017,EQ,152.50,152.50,142.50,142.98,145.58,3942,565862.36,181
NSE,BRIGADE,INE791I01019,EQ,572.00,573.80,552.45,554.20,569.10,160210,89433614.20,11278
NSE,BRIGHOTEL,INE03NU01014,EQ,56.93,57.40,56.10,56.87,56.93,58031,3298190.40,2368
NSE,BRIGHTBR,INE630D01010,EQ,235.00,242.00,232.00,234.00,235.00,1251,293237.20,48
NSE,BRITANNIA,INE216A01030,EQ,4870.10,4873.20,4775.10,4780.00,4883.80,248082,1192157919.60,22152
NSE,BRNL,INE727S01012,EQ,15.70,16.02,15.70,15.93,16.03,16693,264967.34,202
NSE,BROOKS,INE650L01011,EQ,61.98,62.59,58.50,58.78,59.66,79202,4771397.53,1093
NSE,BSE,INE118H01025,EQ,3265.00,3372.60,3246.50,3356.00,3305.00,6608257,21940221774.10,219510
NSE,BSHSL,INE032Z01020,EQ,80.10,81.70,78.00,78.25,80.10,7320,574621.01,211
NSE,BSL,INE594B01012,EQ,119.01,121.68,119.01,120.04,119.76,1832,220929.69,80
NSE,BSOFT,INE836A01035,EQ,278.00,281.80,275.20,278.05,279.45,958771,266819238.45,26171
NSE,BTML,INE0EEJ01023,EQ,6.82,7.26,6.82,7.14,6.86,247593,1778571.71,389
NSE,BTTL,INE274K01012,BE,40.28,40.28,37.34,39.50,39.30,5039,189184.47,26
NSE,BUILDPRO,INE24OJ01011,EQ,1311.60,1326.00,1275.60,1302.00,1301.50,111587,145477538.60,7830
NSE,BURNPUR,INE817H01022,BE,13.85,14.44,13.32,14.11,13.83,49579,689374.67,284
NSE,BUTTERFLY,INE295F01017,EQ,549.30,549.30,537.10,545.00,543.25,7289,3968429.35,574
NSE,BVCL,INE139I01011,EQ,41.17,42.29,40.57,40.69,41.44,16533,679983.44,199
NSE,BYKE,INE319B01014,EQ,29.98,30.20,29.16,30.01,29.46,32011,957981.83,274
NSE,CALSOFT,INE526B01014,BE,33.33,35.11,32.02,35.11,33.44,139280,4699042.16,747
NSE,CAMLINFINE,INE052I01032,EQ,95.00,95.11,93.10,94.52,95.00,301825,28376831.34,4272
NSE,CAMPUS,INE278Y01022,EQ,208.68,208.84,204.36,208.37,208.68,310132,64322096.12,7366
NSE,CAMS,INE596I01020,EQ,693.90,706.00,690.85,694.60,693.90,1014012,707865644.20,29137
NSE,CANBK,INE476A01022,EQ,117.95,120.25,116.51,119.15,117.82,17756429,2109972906.40,90620
NSE,CANFINHOME,INE477A01020,EQ,733.85,736.00,718.55,727.00,734.75,448265,325070019.15,25270
NSE,CANHLIFE,INE01TY01017,EQ,143.99,147.45,135.26,146.06,143.13,2983478,419387264.13,45789
NSE,CANTABIL,INE068L01024,EQ,229.84,229.95,226.63,228.22,229.84,43866,10013656.34,1242
NSE,CAPACITE,INE264T01014,EQ,183.80,184.75,181.10,181.72,184.51,188388,34449373.13,4141
NSE,CAPILLARY,INE0ILV01024,EQ,596.00,609.95,576.00,578.30,587.20,641459,379635470.90,23369
NSE,CAPITALSFB,INE646H01017,EQ,263.90,279.50,263.90,274.20,263.80,60125,16357042.45,1634
NSE,CAPLIPOINT,INE475E01026,EQ,2675.20,2689.00,2610.00,2649.10,2679.70,103774,274679885.00,20972
NSE,CAPTRUST,INE707C01018,BE,21.84,22.02,20.59,22.02,20.98,109535,2382537.82,149
NSE,CARBORUNIV,INE120A01034,EQ,1277.50,1277.50,1246.20,1256.70,1269.60,124207,156368424.20,18934
NSE,CARERATING,INE752H01013,EQ,1588.60,1613.70,1585.60,1595.90,1588.20,28480,45569521.60,2920
NSE,CARRARO,INE0V7W01012,EQ,529.10,542.80,528.60,533.85,525.65,79447,42566083.90,5454
NSE,CARTRADE,INE290S01011,EQ,2903.00,2956.00,2864.30,2914.70,2911.70,116560,341117818.40,18994
NSE,CARYSIL,INE482D01024,EQ,1030.00,1031.90,1004.40,1007.50,1033.10,74710,75874375.10,7367
NSE,CASTROLIND,INE172A01027,EQ,200.20,200.58,195.75,197.15,200.20,1731839,342312958.35,20763
NSE,CCAVENUE,INE483S01020,EQ,15.45,15.80,15.25,15.56,15.35,9135276,142318149.29,13892
NSE,CCCL,INE429I01024,EQ,13.23,13.50,12.91,12.99,13.10,388683,5047338.64,589
NSE,CCHHL,INE652F01027,EQ,13.00,13.00,12.66,12.81,12.81,10937,139893.60,87
NSE,CCL,INE421D01022,EQ,1049.30,1064.80,1041.90,1052.30,1054.90,88140,92976772.40,11854
NSE,CDSL,INE736A01011,EQ,1260.00,1282.50,1251.00,1275.00,1263.40,1021756,1297543485.30,34203
NSE,CEATLTD,INE482A01020,EQ,3309.10,3328.70,3285.40,3301.90,3328.70,21968,72626194.80,5705
NSE,CEIGALL,INE0AG901020,EQ,374.90,376.45,364.50,372.80,376.20,279983,104049848.25,7530
NSE,CEINSYS,INE016Q01014,EQ,708.95,713.80,687.50,691.15,718.45,65681,45775034.05,5112
NSE,CELEBRITY,INE185H01016,EQ,6.59,6.59,5.97,6.02,6.35,77988,475460.44,293
NSE,CELLO,INE0LMW01024,EQ,366.90,398.00,360.50,390.65,369.15,10572299,4099910902.80,156947
NSE,CEMPRO,INE686A01026,EQ,1164.00,1168.00,1125.00,1137.80,1159.80,200455,228385540.70,15678
NSE,CENTENKA,INE485A01015,EQ,564.15,575.05,555.50,569.90,566.60,32539,18477592.75,2235
NSE,CENTEXT,INE281A01026,EQ,17.81,18.10,17.71,17.82,17.88,77861,1391001.74,435
NSE,CENTEXT-RE,INE281A20018,BE,2.00,2.33,2.00,2.16,2.40,211020,463293.46,271
NSE,CENTRALBK,INE483A01010,EQ,30.19,30.57,29.99,30.44,30.19,3892597,117956069.52,13303
NSE,CENTRUM,INE660C01027,EQ,20.10,21.00,19.71,20.35,19.80,365385,7439232.41,843
NSE,CENTUM,INE320B01020,EQ,4452.00,4498.80,4330.10,4345.90,4451.00,78371,342963119.30,12975
NSE,CENTURYPLY,INE348B01021,EQ,689.95,689.95,676.85,683.50,679.85,44562,30464188.35,9313
NSE,CERA,INE739E01017,EQ,5122.50,5138.00,5031.00,5038.50,5122.50,4104,20810223.00,1635
NSE,CESC,INE486A01021,EQ,134.13,134.13,130.52,131.18,134.43,1268698,167285392.28,27327
NSE,CEWATER,INE037Z01029,EQ,260.00,267.55,255.10,260.95,260.65,57581,15132539.35,3614
NSE,CFEL,INE700F01024,BE,45.00,45.99,43.02,44.44,45.00,6003,265560.83,83
NSE,CGCL,INE180C01042,EQ,246.00,252.00,242.52,250.74,246.88,1754021,435728756.64,23746
NSE,CGPOWER,INE067A01029,EQ,912.00,912.60,890.20,894.50,912.00,1854228,1671432180.85,42621
NSE,CGVAK,INE084D01010,EQ,140.10,145.00,129.10,133.80,146.16,21785,2949382.18,898
NSE,CHALET,INE427F01016,EQ,818.20,851.95,817.55,847.40,818.20,186088,155512855.55,16868
NSE,CHAMBLFERT,INE085A01013,EQ,404.05,404.75,394.55,396.35,404.80,285277,113362004.70,15389
NSE,CHEMBOND,INE995D01025,EQ,190.00,195.90,186.11,188.56,191.83,2844,541675.49,230
NSE,CHEMBONDCH,INE0TGX01019,BE,227.44,233.70,223.00,229.66,222.94,6975,1584450.25,126
NSE,CHEMCON,INE03YM01018,EQ,217.40,222.80,215.61,220.59,217.40,43863,9659514.36,1207
NSE,CHEMCRUX,INE298W01016,EQ,80.00,91.45,78.52,87.16,80.21,44762,3892393.73,1160
NSE,CHEMFAB,INE783X01023,EQ,330.00,335.80,322.25,331.80,338.50,2566,841362.45,147
NSE,CHEMPLASTS,INE488A01050,EQ,208.95,235.90,206.89,228.22,210.24,5553053,1266028531.99,85430
NSE,CHENNPETRO,INE178A01016,EQ,1410.00,1628.70,1410.00,1612.30,1405.70,20027812,31330449036.10,521133
NSE,CHEVIOT,INE974B01016,EQ,1152.60,1159.40,1143.10,1148.40,1152.90,406,466126.30,56
NSE,CHOICEIN,INE102B01014,EQ,727.90,730.00,720.05,723.70,727.15,176686,127971763.30,3759
NSE,CHOLAFIN,INE121A01024,EQ,1607.10,1612.40,1564.70,1564.70,1611.00,1859926,2948161244.80,87446
NSE,CHOLAHLDNG,INE149A01033,EQ,1425.50,1441.00,1390.30,1402.70,1424.60,79925,112414673.90,11566
NSE,CIEINDIA,INE536H01010,EQ,379.95,380.45,373.10,378.70,379.00,213473,80538225.20,16995
NSE,CIFL,INE345H01024,EQ,20.85,21.26,20.54,20.97,20.68,51091,1069373.68,225
NSE,CINELINE,INE704H01022,EQ,88.40,96.20,88.23,93.35,87.72,168792,15696990.82,1135
NSE,CINEVISTA,INE039B01026,EQ,13.80,16.54,13.80,15.37,13.83,296344,4652649.23,1083
NSE,CIPLA,INE059A01026,EQ,1338.50,1351.00,1324.70,1327.20,1340.20,847901,1129947727.20,27439
NSE,CLEAN,INE227W01023,EQ,824.80,824.80,810.15,813.70,823.15,119533,97683103.05,8959
NSE,CLEANMAX,INE647U01026,EQ,1390.00,1399.60,1364.20,1388.50,1392.50,159790,220415730.40,14574
NSE,CLEDUCATE,INE201M01029,EQ,53.98,53.98,52.50,53.12,53.98,82521,4374478.27,113
NSE,CLSEL,INE419D01026,EQ,294.85,297.90,286.75,295.15,291.95,95440,28013516.45,3617
NSE,CMLL,INE11XY01018,EQ,517.20,537.50,510.00,531.95,517.20,406067,215156260.45,8829
NSE,CMPDI,INE05HV01027,EQ,209.31,213.70,207.10,209.05,210.06,685060,143908164.59,13391
NSE,CMRGREEN,INE00WV01027,EQ,226.60,229.81,224.00,224.99,226.63,217711,49364076.11,4327
NSE,CMSINFO,INE925R01014,EQ,221.90,221.90,215.56,218.37,220.35,529249,115464950.92,9734
NSE,CNL,INE985W01018,EQ,1048.60,1099.30,1048.60,1079.00,1070.00,6962,7445856.50,1099
NSE,COALINDIA,INE522F01014,EQ,411.65,415.85,410.80,414.50,411.65,6400277,2648471171.35,76544
NSE,COASTCORP,INE377E01024,EQ,36.69,37.40,36.27,36.98,36.18,39515,1449454.47,396
NSE,COCHINSHIP,INE704P01025,EQ,1282.00,1282.00,1246.40,1255.10,1282.00,929402,1169963069.60,39158
NSE,COCKERILL,INE515A01019,EQ,7978.50,7990.00,7780.00,7856.00,7978.50,4026,31607151.00,1138
NSE,COFFEEDAY,INE335K01011,EQ,30.05,31.65,29.71,30.63,30.03,1388015,42514680.58,6076
NSE,COFORGE,INE591G01025,EQ,1843.00,1857.90,1822.20,1822.20,1849.70,1016382,1869718201.20,45407
NSE,COHANCE,INE03QK01018,EQ,456.70,475.50,453.20,455.45,457.00,1303279,602082687.30,45326
NSE,COLPAL,INE259A01022,EQ,1800.90,1800.90,1757.40,1757.40,1809.40,184471,326835052.00,15613
NSE,COMFINTE,INE819A01049,EQ,6.14,6.80,6.11,6.37,6.23,240186,1527878.68,457
NSE,COMPEAU,INE823B01015,EQ,361.20,362.00,361.20,362.00,358.10,2,723.20,2
NSE,COMPUSOFT,INE453B01029,EQ,12.92,13.39,12.80,13.25,12.90,10659,138817.38,157
NSE,COMSYN,INE073V01015,EQ,263.80,269.00,260.00,260.85,263.00,80711,21267898.65,2691
NSE,CONCOR,INE111A01025,EQ,446.50,446.55,439.65,439.75,445.85,967884,428627063.50,20452
NSE,CONCORDBIO,INE338H01029,EQ,1373.00,1379.50,1356.00,1359.70,1368.80,43657,59607042.00,6117
NSE,CONFIPET,INE552D01024,EQ,86.99,92.97,86.68,91.75,86.67,5428764,495277513.74,40770
NSE,CONSOFINVT,INE025A01027,BE,283.20,286.85,280.40,285.00,283.20,5657,1604670.55,37
NSE,CONTROLPR,INE663B01015,EQ,626.30,626.30,614.05,619.95,622.65,6352,3933397.05,909
NSE,CORALFINAC,INE558D01021,EQ,31.41,32.00,30.81,31.41,31.18,17279,540635.91,201
NSE,CORDELIA,INE0LZF01039,EQ,104.60,109.53,103.62,109.52,104.32,1704234,185367074.89,6911
NSE,CORDSCABLE,INE792I01017,BE,321.00,322.00,310.00,316.00,314.35,23096,7332822.40,403
NSE,COROMANDEL,INE169A01031,EQ,1788.30,1788.30,1727.00,1745.50,1788.30,287433,502006546.10,18366
NSE,CORONA,INE02ZQ01018,EQ,2035.10,2048.00,2012.70,2041.10,2038.30,7481,15215603.50,2082
NSE,COSMOFIRST,INE757A01017,EQ,830.05,840.00,820.05,831.95,829.15,21384,17732038.80,2383
NSE,COUNCODOS,INE695B01025,BE,6.51,6.70,6.35,6.53,6.51,63084,405266.24,136
NSE,CPCAP,INE521J01018,EQ,156.70,162.00,152.67,155.22,154.53,135716,21403960.37,2678
NSE,CPEDU,INE0P6P01016,EQ,177.00,182.50,175.11,179.72,181.29,5737,1021640.64,73
NSE,CPL,INE536P01021,EQ,61.75,62.75,60.10,61.10,62.12,26794,1642503.20,803
NSE,CPPLUS,INE819V01029,EQ,4023.00,4099.00,3945.00,4064.90,3976.00,208910,842500779.50,28816
NSE,CRAFTSMAN,INE00LO01017,EQ,10300.00,10312.00,10103.00,10198.00,10348.00,32592,331802930.00,14205
NSE,CRAMC,INE218I01013,EQ,226.90,231.00,223.31,229.52,224.88,336654,76638148.97,6593
NSE,CRAVATEX,INE145E01017,EQ,391.95,391.95,355.00,355.20,374.60,231,84298.90,24
NSE,CREATIVEYE,INE230B01021,EQ,5.90,6.48,5.76,6.21,5.90,18883,115254.18,175
NSE,CREDITACC,INE741K01010,EQ,1265.80,1274.60,1231.10,1239.60,1265.80,144021,179613798.00,21511
NSE,CREST,INE559D01011,EQ,363.45,367.10,353.00,362.85,359.90,6892,2466370.10,170
NSE,CRESTO,INE203Y01012,BE,21.01,21.02,19.02,20.04,20.02,14975,294360.61,116
NSE,CRISIL,INE007A01025,EQ,4523.30,4525.00,4446.90,4509.10,4523.30,12717,57143998.20,3041
NSE,CRIZAC,INE0S4R01014,EQ,168.51,169.85,166.22,166.91,168.85,148841,24925877.76,3014
NSE,CROMPTON,INE299U01018,EQ,211.98,213.09,210.13,210.70,211.98,1159041,245306115.69,19207
NSE,CROWN,INE491V01019,EQ,112.39,113.49,111.56,112.44,112.38,2888,324426.68,79
NSE,CSBBANK,INE679A01013,EQ,306.65,309.85,302.75,306.50,305.85,294926,90412387.80,11100
NSE,CSLFINANCE,INE718F01018,EQ,211.00,211.00,206.00,206.94,207.48,5858,1216397.04,315
NSE,CSM,INE0ZK601013,EQ,94.84,94.84,91.30,91.82,92.86,68081,6269782.10,1346
NSE,CTE,INE627H01017,BE,36.89,38.00,36.30,37.02,37.45,1318,49433.18,37
NSE,CUB,INE491A01021,EQ,224.00,226.30,219.37,222.12,223.75,2247151,501381169.37,48575
NSE,CUBEXTUB,INE144D01012,BE,143.75,157.40,143.75,157.40,149.91,203158,31355052.63,1178
NSE,CUMMINSIND,INE298A01020,EQ,4925.00,4964.30,4850.00,4872.20,4919.00,631136,3098637018.80,57775
NSE,CUPID,INE509F01029,EQ,325.00,345.00,325.00,343.95,324.20,41373811,14085580147.40,206981
NSE,CURAA,INE117B01020,BE,72.30,72.30,69.01,71.89,72.30,97,6810.70,6
NSE,CYBERMEDIA,INE278G01037,BE,18.74,18.74,17.51,18.44,17.85,8538,158884.17,47
NSE,CYBERTECH,INE214A01019,EQ,140.30,142.72,136.02,137.70,143.10,84714,11813687.08,1671
NSE,CYIENT,INE136B01020,EQ,1119.20,1137.60,1109.60,1115.00,1119.40,259473,291843747.40,23003
NSE,CYIENTDLM,INE055S01018,EQ,936.00,1014.65,935.30,988.30,939.00,1350010,1328289683.50,61584
NSE,DABUR,INE016A01026,EQ,387.70,388.85,380.05,383.55,388.90,2429201,933274599.45,36775
NSE,DAICHI,INE928C01010,BE,313.00,329.95,310.00,324.25,316.50,774,243586.05,68
NSE,DALBHARAT,INE00R701025,EQ,1661.00,1697.80,1637.00,1640.10,1682.60,50180,83055932.80,9221
NSE,DALMIASUG,INE495A01022,EQ,453.00,463.95,439.95,447.65,453.00,310835,139899172.50,13101
NSE,DAMCAPITAL,INE284H01025,EQ,150.20,152.20,147.51,148.74,152.51,180999,27059546.30,3208
NSE,DAMODARIND,INE497D01022,BE,26.20,26.95,26.20,26.87,26.95,648,17276.38,16
NSE,DANGEE,INE688Y01022,EQ,3.09,3.30,3.09,3.22,3.08,99955,325220.15,230
NSE,DATAMATICS,INE365B01017,EQ,771.00,777.90,761.00,763.80,771.20,33965,26040117.10,2470
NSE,DATAPATTNS,INE0IX101010,EQ,4305.00,4307.60,4220.00,4233.40,4299.20,184614,784613781.70,23369
NSE,DAVANGERE,INE179G01029,EQ,2.27,2.45,2.27,2.36,2.27,9610415,22651531.13,3176
NSE,DBCORP,INE950I01011,EQ,172.52,175.70,170.06,171.05,173.57,95488,16460191.95,2032
NSE,DBEIL,INE0OPA01027,EQ,6.75,6.75,6.43,6.55,6.52,993302,6462183.75,372
NSE,DBL,INE917M01012,EQ,399.30,415.20,394.05,409.25,400.80,320390,131083786.50,11563
NSE,DBOL,INE0I3401014,EQ,137.41,142.82,135.02,140.25,137.90,767613,107535385.70,13981
NSE,DBREALTY,INE879I01012,EQ,90.18,91.48,88.08,88.79,90.08,632706,56762884.46,7435
NSE,DBSTOCKBRO,INE921B01025,BE,32.49,34.11,32.02,32.36,32.49,11349,380948.84,49
NSE,DCAL,INE385W01011,EQ,153.86,153.90,151.30,152.46,153.57,105155,16025497.03,2843
NSE,DCBBANK,INE503A01015,EQ,197.32,202.40,195.38,201.19,200.78,2087086,416093596.41,73530
NSE,DCI,INE0A1101019,EQ,344.75,346.20,335.75,342.10,343.05,41119,14037999.45,1876
NSE,DCM,INE498A01018,EQ,72.32,72.50,70.90,71.01,71.96,4425,315866.30,80
NSE,DCMFINSERV,INE891B01012,EQ,5.23,5.29,5.11,5.15,5.21,11459,59227.27,119
NSE,DCMNVL,INE08KP01019,BE,175.00,175.00,171.00,172.99,172.00,1578,273074.12,15
NSE,DCMSHRIRAM,INE499A01024,EQ,980.00,984.55,960.00,969.30,988.85,83135,81046030.60,9531
NSE,DCMSIL,INE0OU201013,EQ,79.94,83.18,78.20,79.22,78.87,82748,6629864.72,1289
NSE,DCMSRIND,INE843D01027,EQ,39.78,40.70,39.37,39.81,39.78,347094,13915873.38,2365
NSE,DCW,INE500A01029,EQ,46.00,47.18,45.65,46.60,46.37,1177308,54794030.29,7262
NSE,DCXINDIA,INE0KL801015,EQ,159.94,159.94,156.00,157.88,160.23,182014,28786875.41,4188
NSE,DDEVPLSTIK,INE0HR601026,EQ,251.00,256.00,247.05,254.05,249.79,50972,12754089.52,1699
NSE,DECCANCE,INE583C01021,EQ,550.35,557.90,542.00,545.25,556.85,8087,4425185.75,352
NSE,DECNGOLD,INE945F01025,EQ,199.40,200.89,194.41,198.24,199.16,601356,118521805.45,9505
NSE,DEEDEV,INE841L01016,EQ,651.00,657.40,619.15,624.10,651.70,289726,182785790.35,11089
NSE,DEEP,INE00IY01012,BE,41.23,41.23,38.98,39.03,41.03,21288,834259.24,123
NSE,DEEPA,INE1M2N01020,EQ,215.40,242.40,215.14,227.06,214.04,21380382,4959867243.91,242417
NSE,DEEPAKFERT,INE501A01019,EQ,1392.50,1421.00,1361.90,1415.40,1385.60,423588,592764455.40,32387
NSE,DEEPAKNTR,INE288B01029,EQ,1559.90,1561.50,1536.00,1553.90,1560.60,121384,188161290.50,14213
NSE,DEEPINDS,INE0FHS01024,EQ,749.90,808.50,749.90,795.60,748.95,817946,646970152.00,34433
NSE,DELHIVERY,INE148O01028,EQ,407.50,407.50,398.15,398.15,407.50,1068381,429152591.95,22042
NSE,DELPHIFX,INE726L01027,BE,7.31,7.31,7.31,7.31,7.17,54878,401158.18,26
NSE,DELTACORP,INE124G01033,EQ,84.23,85.20,81.32,82.37,84.34,13502678,1122075086.13,49690
NSE,DELTAMAGNT,INE393A01011,EQ,57.90,57.90,55.55,56.47,56.24,2179,121656.70,82
NSE,DEN,INE947J01015,EQ,25.77,26.29,25.77,26.10,25.78,194499,5071833.87,963
NSE,DENORA,INE244A01016,EQ,735.30,746.55,713.00,720.65,729.10,6338,4624850.60,734
NSE,DENTA,INE0R4L01018,EQ,260.75,265.20,260.75,263.70,263.20,34985,9224792.10,1399
NSE,DEVIT,INE060X01034,EQ,21.40,21.69,19.26,19.96,21.36,154703,3098695.97,1774
NSE,DEVX,INE0VOV01021,EQ,40.00,40.88,39.50,40.37,39.62,174355,7028295.72,2163
NSE,DEVYANI,INE872J01023,EQ,129.00,131.45,128.52,128.98,129.53,377773,48975123.32,6606
NSE,DGCONTENT,INE03JI01017,EQ,24.98,24.98,23.82,24.16,24.73,11162,270755.57,124
NSE,DHABRIYA,INE260R01016,BE,454.35,477.05,445.70,477.05,454.35,83304,39691802.35,134
NSE,DHAMPURSUG,INE041A01016,EQ,190.32,193.42,185.16,188.92,188.81,1200310,227472377.32,20957
NSE,DHANBANK,INE680A01011,EQ,28.90,34.16,28.41,32.83,28.83,18177967,590913654.29,54087
NSE,DHANUKA,INE435G01025,EQ,910.00,910.00,890.00,891.80,909.55,30723,27502799.50,4594
NSE,DHARMAJ,INE00OQ01016,EQ,264.55,270.70,264.55,267.35,266.55,80497,21606207.05,1804
NSE,DHATRE,INE715T01031,EQ,3.90,4.03,3.56,3.94,3.93,122281,478580.36,208
NSE,DHOOTTRANS,INE01NH01023,EQ,1476.00,1477.00,1431.60,1463.70,1474.10,902562,1312654654.50,45404
NSE,DHRUV,INE506Z01015,EQ,19.90,19.90,19.00,19.47,19.50,1692,33137.71,31
NSE,DHUNINV,INE320L01011,EQ,970.50,990.50,962.00,971.95,966.90,581,571302.45,124
NSE,DIACABS,INE989C01038,BE,367.00,379.45,362.00,369.15,368.30,847344,313284003.90,11020
NSE,DIAMINESQ,INE591D01014,EQ,242.20,246.00,237.00,239.04,244.54,3725,898021.64,238
NSE,DIAMONDYD,INE393P01035,EQ,1082.30,1095.10,1070.80,1079.20,1088.20,1026,1109984.70,232
NSE,DICIND,INE303A01010,EQ,614.45,617.45,606.80,610.35,619.20,546,333979.15,66
NSE,DIFFNKG,INE184O01015,EQ,453.00,461.70,445.10,452.85,454.10,89977,40703194.20,4419
NSE,DIGIDRIVE,INE0PSC01024,EQ,17.70,18.37,17.61,18.10,17.95,14204,254945.53,179
NSE,DIGISPICE,INE927C01020,EQ,15.05,15.30,15.05,15.28,15.12,26231,399494.84,132
NSE,DIGITIDE,INE0U4701011,EQ,73.25,79.44,73.25,75.70,74.01,447269,34250210.99,5459
NSE,DIGJAMLMTD,INE731U01028,BE,47.02,49.85,47.00,47.50,47.52,6892,329417.26,28
NSE,DISAQ,INE131C01011,EQ,11201.00,11899.00,11201.00,11419.00,11540.00,136,1575810.00,33
NSE,DISHTV,INE836F01026,EQ,2.14,2.16,2.12,2.14,2.12,611175,1309005.11,1061
NSE,DIVGIITTS,INE753U01022,EQ,1111.20,1119.50,1080.00,1092.90,1119.20,116709,127991841.00,9208
NSE,DIVISLAB,INE361B01024,EQ,9500.50,9660.00,9494.00,9588.00,9550.00,422217,4040650727.00,42362
NSE,DIXON,INE935N01020,EQ,13030.00,13072.00,12897.00,13024.00,13015.00,157095,2037707967.00,26788
NSE,DJML,INE0B1K01014,EQ,73.86,75.68,71.01,72.62,73.87,236745,17600080.55,1264
NSE,DLF,INE271C01023,EQ,664.95,666.45,652.40,656.00,666.10,3028905,1991607647.35,44774
NSE,DLINKINDIA,INE250K01012,EQ,424.50,424.50,415.05,419.20,419.95,33251,13910018.30,2006
NSE,DMART,INE192R01011,EQ,3567.10,3636.00,3560.20,3636.00,3581.90,406908,1468376433.50,27697
NSE,DMCC,INE505A01010,EQ,352.25,364.30,348.15,356.05,355.80,373447,133188121.15,12284
NSE,DNAMEDIA,INE016M01021,EQ,2.36,2.56,2.31,2.47,2.42,63681,155286.84,110
NSE,DODLA,INE021O01019,EQ,1024.90,1024.90,1007.30,1013.30,1019.90,10009,10160288.70,1480
NSE,DOLATALGO,INE966A01022,EQ,62.25,62.82,60.20,61.68,62.46,198973,12269289.50,2560
NSE,DOLLAR,INE325C01035,EQ,276.10,284.00,274.00,278.95,278.55,62881,17606870.95,2320
NSE,DOLLEX,INE0JHH01011,EQ,37.66,37.98,36.50,37.49,36.92,29379,1085323.71,427
NSE,DOLPHIN,INE920A01037,EQ,630.05,660.00,630.05,652.90,643.35,34501,22560067.10,2054
NSE,DOMS,INE321T01012,EQ,2070.00,2075.80,2052.10,2058.90,2073.20,8258,17034125.30,2011
NSE,DONEAR,INE668D01028,EQ,80.50,81.20,80.11,80.86,80.39,8189,660570.16,118
NSE,DPABHUSHAN,INE266Y01019,EQ,2168.00,2344.50,2134.20,2262.70,2174.00,263103,594117683.10,27099
NSE,DPSCLTD,INE360C01024,BE,6.56,6.66,6.41,6.44,6.56,111287,721754.26,517
NSE,DPWIRES,INE864X01013,EQ,220.71,243.42,212.00,227.46,221.54,583596,136266103.77,15647
NSE,DRAGARWQ,INE934C01018,EQ,5200.00,5242.50,5154.00,5198.00,5195.00,1891,9818459.50,572
NSE,DRCSYSTEMS,INE03RS01027,EQ,13.22,13.69,12.56,12.96,12.92,44519,577446.42,301
NSE,DREAMFOLKS,INE0JS101016,EQ,60.50,61.14,60.01,60.13,60.66,34299,2075995.04,678
NSE,DREDGECORP,INE506A01018,EQ,904.50,942.00,894.00,931.00,909.00,353668,324407643.30,15638
NSE,DRREDDY,INE089A01031,EQ,1208.00,1222.80,1192.20,1203.80,1208.00,1754646,2116834876.30,63324
NSE,DSFCL,INE0OFM01015,BE,28.40,29.33,27.81,29.33,27.94,82108,2393450.85,159
NSE,DSKULKARNI,INE891A01022,BE,27.66,27.66,27.66,27.66,27.12,223,6168.18,7
NSE,DSSL,INE417B01040,EQ,1034.40,1063.70,1018.00,1032.45,1013.05,61664,64227445.20,4143
NSE,DTIL,INE341R01014,BE,154.00,156.45,152.00,152.37,154.00,1564,238581.30,26
NSE,DUCON,INE741L01018,EQ,1.49,1.49,1.42,1.49,1.42,1241981,1834353.80,372
NSE,DVL,INE477B01010,EQ,274.55,279.75,274.05,275.90,278.60,3326,918488.65,192
NSE,DWARKESH,INE366A01041,EQ,46.89,47.95,46.11,46.80,46.86,2479647,116648841.75,11784
NSE,DYCL,INE600Y01019,EQ,442.60,446.00,436.45,441.05,446.05,142269,62824163.10,5888
NSE,DYNAMATECH,INE221B01012,EQ,14180.00,14252.00,13660.00,13723.00,14279.00,29509,410612741.00,10552
NSE,DYNPRO,INE256H01015,EQ,220.22,230.99,217.60,226.70,221.55,7094,1588355.29,318
NSE,E2E,INE255Z01027,BE,678.90,723.30,678.80,723.30,688.90,482956,345301075.35,3693
NSE,EASEMYTRIP,INE07O001026,EQ,5.85,6.07,5.75,5.86,5.80,27006843,159179500.56,10257
NSE,EASTSILK,INE962C01035,BE,70.00,70.56,68.50,68.50,67.20,1474,103427.64,15
NSE,EASTWEST,INE595R01023,EQ,2.24,2.36,2.19,2.35,2.22,31194,70113.47,171
NSE,EBGNG,INE18JU01028,EQ,688.20,735.00,682.20,731.35,685.15,1130382,811592443.00,42052
NSE,EBIX,INE432F01032,BE,17.40,17.57,16.80,17.26,17.01,21249,367181.12,79
NSE,ECLERX,INE738I01010,EQ,1917.50,1917.50,1868.80,1896.00,1917.20,122326,231441639.90,13980
NSE,ECORECO,INE316A01038,EQ,445.95,445.95,416.90,424.25,438.70,15821,6696234.60,1310
NSE,ECOSMOBLTY,INE06HJ01020,EQ,111.00,113.87,105.92,108.24,110.42,37693,4102995.47,1255
NSE,EDELWEISS,INE532F01054,EQ,136.43,136.88,133.02,133.80,135.53,2921934,394088634.69,22941
NSE,EFCIL,INE886D01026,EQ,171.24,174.49,169.01,173.80,170.10,240036,41172653.95,3561
NSE,EICHERMOT,INE066A01021,EQ,7004.00,7050.00,6960.00,6960.00,7051.00,272452,1907833003.00,31909
NSE,EIDPARRY,INE126A01031,EQ,698.00,701.75,691.00,699.55,699.20,336016,234116053.15,21489
NSE,EIEL,INE0LLY01014,EQ,185.54,188.95,182.82,187.41,185.54,406629,75943944.96,10668
NSE,EIFFL,INE546V01010,BE,259.60,259.60,257.00,257.50,259.50,1177,304276.00,17
NSE,EIHAHOTELS,INE276C01014,EQ,299.00,299.35,292.10,297.30,297.80,10056,2974204.10,817
NSE,EIHOTEL,INE230A01023,EQ,299.20,301.20,295.60,296.50,300.70,92171,27445027.25,7357
NSE,EIMCOELECO,INE158B01016,EQ,2378.00,2448.40,2240.00,2247.30,2371.80,103663,241706311.90,9133
NSE,EKC,INE184H01027,EQ,106.61,106.93,104.90,105.52,106.54,113485,11991260.14,1727
NSE,EKI,INE0CPR01018,BE,88.00,89.99,83.99,85.01,88.41,21433,1818338.13,373
NSE,ELANTAS,INE280B01018,EQ,14000.00,14100.00,13821.00,14022.00,13937.00,1960,27395285.00,517
NSE,ELCIDIN,INE927X01018,EQ,100710.00,102900.00,100710.00,102900.00,102975.00,6,607485.00,6
NSE,ELDEHSG,INE668G01021,EQ,766.15,788.85,766.15,769.00,785.20,368,283861.70,28
NSE,ELECON,INE205B01031,EQ,447.50,451.35,440.00,441.25,446.30,244794,108761181.20,14208
NSE,ELECTCAST,INE086A01029,EQ,79.14,79.89,76.85,78.73,78.97,2837104,223049016.41,21062
NSE,ELECTHERM,INE822G01016,EQ,749.90,749.90,710.00,722.95,735.25,8915,6424873.80,898
NSE,ELEVATE,INE147X01013,EQ,337.75,356.95,337.00,350.00,337.75,3710501,1295911638.05,77331
NSE,ELGIEQUIP,INE285A01027,EQ,595.00,604.90,592.95,602.05,599.25,209835,125985383.15,15059
NSE,ELGIRUBCO,INE819L01012,EQ,56.50,58.50,55.51,57.85,55.97,113283,6468489.64,1364
NSE,ELIN,INE050401020,EQ,79.70,79.70,76.85,77.07,78.84,102293,7942873.01,1906
NSE,ELITECON,INE669R01026,EQ,7.32,7.60,7.19,7.53,7.24,13067588,98250073.99,8010
NSE,ELLEN,INE236E01022,EQ,348.35,367.90,345.15,365.75,348.20,1095985,395869030.65,23949
NSE,ELPROINTL,INE579B01039,EQ,174.75,175.98,171.98,174.86,174.39,11930,2081325.65,214
NSE,EMAMILTD,INE548C01032,EQ,383.00,383.10,370.05,375.45,384.00,1517301,568673136.60,26332
NSE,EMAMIPAP,INE830C01026,BE,115.00,117.30,110.55,116.48,115.20,18641,2134791.57,159
NSE,EMAMIREAL,INE778K01012,EQ,68.50,69.90,68.50,69.12,68.43,5649,390992.74,440
NSE,EMBDL,INE069I01010,EQ,57.49,57.89,56.66,57.19,57.33,1476759,84520160.60,11534
NSE,EMCURE,INE168P01015,EQ,1913.90,1932.90,1901.20,1918.00,1922.40,39428,75520733.10,10368
NSE,EMIL,INE02YR01019,EQ,200.90,212.64,200.30,211.54,201.42,9094206,1907978213.65,68542
NSE,EMKAY,INE296H01011,EQ,283.50,294.00,283.50,287.30,285.60,45122,13053434.80,1556
NSE,EMMBI,INE753K01015,EQ,88.20,88.20,85.07,85.62,88.15,6091,523292.07,198
NSE,EMMVEE,INE1C6T01020,EQ,296.00,311.35,292.25,305.80,296.50,3016282,917121086.30,63843
NSE,EMPIND,INE515H01014,EQ,1041.00,1048.00,1031.10,1032.90,1040.00,2791,2903725.10,223
NSE,EMPOWER,INE507F01023,EQ,1.70,1.76,1.70,1.76,1.68,27855807,48890687.70,4469
NSE,EMSLIMITED,INE0OV601013,EQ,334.25,334.25,326.30,328.95,334.25,96104,31718034.70,3829
NSE,EMUDHRA,INE01QM01018,EQ,605.00,620.75,581.35,605.50,607.90,633364,380198503.70,31964
NSE,ENDURANCE,INE913H01037,EQ,2530.00,2537.00,2488.70,2513.40,2516.00,74772,188071908.90,21917
NSE,ENERGYDEV,INE306C01019,EQ,14.18,14.74,14.03,14.57,14.36,31805,460609.76,191
NSE,ENGINERSIN,INE510A01028,EQ,313.30,316.15,305.50,308.30,313.30,4102945,1273688704.50,59933
NSE,ENIL,INE265F01028,EQ,91.57,94.99,91.10,92.00,92.24,27588,2535821.06,195
NSE,ENKEIWHEL,INE130L01014,EQ,388.10,393.00,387.50,388.45,386.60,1670,649752.35,49
NSE,ENRIN,INE1NPP01017,EQ,3300.00,3406.90,3276.30,3344.00,3307.50,426581,1431158107.80,35715
NSE,ENTERO,INE010601016,EQ,1720.80,1753.80,1701.00,1713.30,1721.60,67467,116305658.20,9955
NSE,EPACK,INE0G5901015,EQ,174.50,176.27,170.30,171.84,173.75,304936,52821621.61,5399
NSE,EPACKPEB,INE0MLS01022,EQ,246.32,271.40,245.22,267.44,247.82,3553592,940914341.63,63019
NSE,EPIGRAL,INE071N01016,EQ,1035.90,1040.00,1018.30,1030.00,1036.20,47054,48249355.30,3106
NSE,EPL,INE255A01020,EQ,236.50,237.99,232.35,237.03,237.23,1184596,278337348.13,22835
NSE,EQUIPPP,INE217G01035,BE,22.65,22.69,21.43,22.38,22.50,2222,49082.26,26
NSE,EQUITASBNK,INE063P01018,EQ,67.95,69.20,67.36,68.92,67.96,1250396,85429490.89,14129
NSE,ERIS,INE406M01024,EQ,1184.70,1221.90,1141.00,1145.80,1184.70,200276,234755373.80,24539
NSE,ESABINDIA,INE284A01012,EQ,5625.00,5710.00,5580.00,5627.00,5608.00,1884,10647631.00,748
NSE,ESAFSFB,INE818W01011,BE,42.69,43.21,41.75,42.67,42.15,219456,9327255.89,938
NSE,ESCORTS,INE042A01014,EQ,2805.00,2805.00,2771.00,2785.50,2811.70,38964,108553982.20,8967
NSE,ESDS,INE0DRI01029,EQ,1359.00,1359.00,1309.00,1359.00,1294.30,2562254,3478641094.40,10738
NSE,ESSARSHPNG,INE122M01019,EQ,17.00,17.03,16.40,16.66,16.72,151756,2527588.11,979
NSE,ESSENTIA,INE418N01035,EQ,1.02,1.02,1.00,1.00,1.01,2539275,2565034.73,561
NSE,ESTER,INE778B01029,EQ,93.87,96.00,93.07,94.55,93.87,60124,5698984.22,1122
NSE,ETERNAL,INE758T01015,EQ,332.60,332.70,324.60,328.00,329.00,23804457,7833411565.95,386018
NSE,ETHOSLTD,INE04TZ01018,EQ,2626.10,2683.90,2608.00,2634.80,2621.20,106641,282372290.90,10170
NSE,EUREKAFORB,INE0KCE01017,EQ,356.85,356.85,348.25,351.75,353.80,189362,66626346.15,8072
NSE,EUROBOND,INE505V01016,EQ,141.00,145.00,140.00,140.27,143.40,6130,869908.49,73
NSE,EUROPRATIK,INE198501012,EQ,177.00,182.20,176.10,179.12,180.02,128345,23000656.08,4963
NSE,EUROTEXIND,INE022C01012,EQ,16.98,16.98,15.70,16.12,16.33,5181,84107.37,50
NSE,EVEREADY,INE128A01029,EQ,317.35,323.00,315.00,320.50,320.10,37818,12105095.15,1441
NSE,EVERESTIND,INE295A01018,EQ,515.50,531.90,492.20,499.35,515.95,50453,25664812.55,1936
NSE,EXCELINDUS,INE369A01029,EQ,917.05,930.70,900.00,923.90,924.10,9779,8960816.85,1302
NSE,EXCELSOFT,INE606N01019,EQ,81.80,83.45,81.18,81.71,82.10,363535,29835639.36,3563
NSE,EXICOM,INE777F01014,EQ,156.17,156.59,153.32,153.78,156.17,467878,72380512.66,6542
NSE,EXIDEIND,INE302A01020,EQ,407.00,409.55,401.00,402.95,405.75,1208162,489507575.65,44204
NSE,EXPLEOSOL,INE201K01015,EQ,889.00,889.00,855.00,862.65,878.85,10395,9034402.65,1445
NSE,EXXARO,INE0GFE01026,EQ,6.12,6.24,6.10,6.13,6.14,178338,1098704.18,344
NSE,FABTECH,INE0HF201011,EQ,141.04,143.83,140.40,143.03,141.04,47841,6821766.99,786
NSE,FACT,INE188A01015,EQ,754.00,756.55,745.10,746.95,759.00,53546,40199606.60,5024
NSE,FAIRCHEMOR,INE0DNW01011,EQ,682.00,732.70,680.00,703.85,679.30,129286,91131909.75,5703
NSE,FAZE3Q,INE963C01033,EQ,440.15,465.00,436.95,450.10,445.75,40232,18278886.15,1926
NSE,FCL,INE045J01034,EQ,58.95,60.90,57.51,57.80,59.20,29767531,1758055046.58,79722
NSE,FCSSOFT,INE512B01022,EQ,1.41,1.43,1.38,1.40,1.41,1991435,2792513.44,969
NSE,FDC,INE258B01022,EQ,331.75,337.70,326.15,328.55,333.65,84094,27796825.30,3958
NSE,FEDDERSHOL,INE417D01020,EQ,64.90,65.48,62.65,63.43,64.25,5506060,351690829.58,24917
NSE,FEDERALBNK,INE171A01029,EQ,320.00,326.15,317.05,323.50,320.00,8632011,2792050674.70,82892
NSE,FEDFINA,INE007N01010,EQ,150.99,151.80,148.21,148.56,150.72,497138,74506695.06,8318
NSE,FERMENTA,INE225B01021,EQ,569.05,582.00,560.00,565.30,569.45,237475,135581713.90,8055
NSE,FIBERWEB,INE296C01020,EQ,26.10,27.18,26.01,26.36,26.47,14227,372896.44,117
NSE,FIEMIND,INE737H01014,EQ,1784.30,1804.80,1768.10,1799.30,1779.50,39539,70851740.60,5167
NSE,FILATEX,INE816B01035,EQ,111.29,114.58,109.80,111.63,111.36,2534868,283727198.84,19664
NSE,FILATFASH,INE185E01021,EQ,0.18,0.19,0.18,0.18,0.18,11810025,2183266.39,1344
NSE,FINCABLES,INE235A01022,EQ,1481.10,1494.90,1463.40,1483.50,1474.00,409024,604726850.50,24916
NSE,FINEORG,INE686Y01026,EQ,5537.00,5666.00,5372.00,5625.50,5537.00,67944,377610151.50,17532
NSE,FINKURVE,INE734I01027,EQ,69.05,69.59,67.00,67.53,69.31,30405,2072743.75,664
NSE,FINOPB,INE02NC01014,EQ,128.29,129.26,127.24,128.76,128.29,55775,7156685.19,1162
NSE,FINPIPE,INE183A01024,EQ,154.03,155.69,153.11,153.91,154.72,313175,48321404.26,13576
NSE,FIRSTCRY,INE02RE01045,EQ,178.01,178.01,171.20,172.20,177.57,1240460,215968224.48,14366
NSE,FISCHER,INE771F01041,EQ,32.70,34.00,32.50,32.63,33.14,427904,14073802.83,1727
NSE,FIVESTAR,INE128S01021,EQ,514.60,518.40,507.00,509.35,514.35,641274,328915628.35,34874
NSE,FLAIR,INE00Y201027,EQ,227.10,228.95,225.59,227.97,227.84,23639,5367417.43,1054
NSE,FLEXITUFF,INE060J01017,BE,3.19,3.19,3.19,3.19,3.13,30149,96175.31,36
NSE,FLUOROCHEM,INE09N301011,EQ,4588.70,4645.50,4538.90,4555.90,4577.20,126650,582914181.80,19582
NSE,FMGOETZE,INE529A01010,EQ,448.50,448.65,440.00,441.15,448.50,80264,35521552.00,4714
NSE,FMNL,INE360L01017,EQ,7.96,8.15,7.96,8.12,7.96,16045,129732.19,146
NSE,FOCUS,INE593W01028,EQ,56.95,56.95,54.10,56.26,55.95,13940,774885.58,214
NSE,FOODSIN,INE976E01023,EQ,50.78,51.00,49.51,50.05,50.78,39884,2013185.23,781
NSE,FORCEMOT,INE451A01017,EQ,17080.00,17080.00,16800.00,16956.00,17110.00,54188,917374399.00,17962
NSE,FORTIS,INE061F01013,EQ,760.15,782.45,753.45,779.10,764.00,1858360,1433728760.35,39680
NSE,FOSECOIND,INE519A01011,EQ,6478.00,6496.50,6326.00,6373.00,6440.00,5439,34805211.00,1830
NSE,FRACTAL,INE212S01015,EQ,741.00,741.00,718.00,721.30,742.15,114183,83144740.20,7744
NSE,FREDUN,INE194R01017,EQ,1418.30,1547.30,1403.90,1473.90,1406.70,235127,347823463.40,14639
NSE,FRONTSP,INE572D01014,EQ,1401.90,1503.60,1389.20,1431.20,1392.50,79155,114621624.00,8301
NSE,FSL,INE684F01012,EQ,261.80,265.85,257.60,259.20,260.25,759122,198377606.05,27677
NSE,FUSION,INE139R01012,EQ,170.05,172.20,167.35,168.52,169.00,236190,39996717.50,5945
NSE,GABRIEL,INE524A01029,EQ,1350.50,1363.70,1329.60,1346.90,1352.90,195774,264692352.00,21301
NSE,GAEL,INE036B01030,EQ,162.81,166.80,160.20,162.98,162.81,1506793,246261903.93,35192
NSE,GAIL,INE129A01019,EQ,171.01,171.22,168.56,170.71,172.08,7094410,1206394713.41,35592
NSE,GAJA,INE18UN01038,EQ,142.61,148.17,141.00,146.35,141.71,455062,65689648.16,6573
NSE,GALAPREC,INE0RE001014,EQ,1168.80,1193.00,1148.00,1161.40,1161.00,35302,41189336.90,3977
NSE,GALAXYSURF,INE600K01018,EQ,2435.60,2503.10,2421.00,2434.00,2442.40,78369,193007401.40,14995
NSE,GALLANTT,INE297H01019,EQ,529.90,530.00,512.00,514.55,530.05,105150,54543585.60,5319
NSE,GANDHAR,INE717W01049,EQ,283.75,301.00,282.25,299.20,282.50,1975725,583345029.40,29932
NSE,GANDHITUBE,INE524B01027,EQ,987.10,987.10,968.00,974.15,981.50,3166,3082991.95,451
NSE,GANECOS,INE845D01014,EQ,995.00,1023.90,975.20,998.90,990.10,55793,56211395.70,4853
NSE,GANESHBE,INE388A01029,BE,108.00,117.89,106.67,117.78,112.28,2593734,290714062.41,3661
NSE,GANESHCP,INE652V01016,EQ,145.47,162.96,144.50,158.87,145.47,793413,124462880.97,14125
NSE,GANESHHOU,INE460C01014,EQ,713.80,717.95,690.55,701.10,713.65,23408,16453623.40,1376
NSE,GANGAFORGE,INE691Z01023,EQ,1.53,1.59,1.49,1.58,1.52,3374924,5309632.75,1046
NSE,GANGESSECU,INE335W01016,EQ,114.10,115.07,112.58,113.96,115.82,220,24963.73,28
NSE,GARFIBRES,INE276A01018,EQ,769.80,785.10,765.90,773.75,770.05,19905,15442533.60,2589
NSE,GARUDA,INE0JVO01026,EQ,174.52,174.84,172.00,172.55,173.36,169830,29367449.44,3228
NSE,GATECH,INE224E01028,BE,0.65,0.65,0.62,0.62,0.65,17271013,10876324.83,4575
NSE,GATECHDVR,INE224E01036,BE,0.47,0.48,0.47,0.47,0.47,199132,94386.75,141
NSE,GATEWAY,INE079J01017,EQ,51.00,52.25,50.75,51.65,50.91,900667,46495163.28,7301
NSE,GAUDIUMIVF,INE0P8B01020,EQ,112.38,112.38,106.25,107.50,109.28,82459,8925574.73,1866
NSE,GAYAHWS,INE287Z01012,EQ,1.87,2.03,1.82,1.86,1.78,220163,413304.32,351
NSE,GAYAPROJ,INE336H01023,EQ,21.50,21.76,20.88,21.05,21.46,357002,7544857.54,2024
NSE,GCSL,INE199P01028,EQ,695.60,701.25,686.30,689.70,693.05,392492,272800274.75,3247
NSE,GEECEE,INE916G01016,EQ,374.00,375.00,362.05,363.45,369.60,82,29996.35,21
NSE,GEEKAYWIRE,INE669X01032,EQ,33.00,34.00,32.20,33.14,32.72,249043,8319853.11,1554
NSE,GEMAROMA,INE06XZ01023,EQ,152.87,154.93,151.03,153.20,152.23,29511,4512930.95,1054
NSE,GENCON,INE854S01022,EQ,39.00,39.00,36.55,37.04,37.78,493852,18501749.98,850
NSE,GENESYS,INE727B01026,EQ,299.30,301.80,291.20,294.85,301.05,353278,104446585.50,8796
NSE,GENUSPAPER,INE949P01018,EQ,10.66,10.90,10.07,10.47,10.57,61249,645247.41,287
NSE,GENUSPOWER,INE955D01029,EQ,304.00,307.20,298.80,301.05,307.20,1198764,362078055.60,24981
NSE,GEOJITFSL,INE007B01023,EQ,78.68,79.25,77.50,77.98,78.68,201903,15809032.52,2014
NSE,GERMAN,INE0D4501011,EQ,118.20,124.49,116.43,120.11,118.12,3650098,439943555.63,39611
NSE,GESHIP,INE017A01032,EQ,1530.60,1572.00,1530.60,1567.90,1532.60,464716,724239576.70,28127
NSE,GFLLIMITED,INE538A01037,EQ,55.90,58.05,55.27,57.83,55.86,117979,6720998.72,2126
NSE,GFSTEELS,INE534A01028,BE,40.62,40.62,40.62,40.62,39.83,26331,1069565.22,37
NSE,GHCL,INE539A01019,EQ,409.00,409.05,394.10,398.80,408.85,150335,59878062.35,9292
NSE,GHCLTEXTIL,INE0PA801013,EQ,132.46,133.01,128.41,130.04,131.58,251094,32647322.20,6219
NSE,GICHSGFIN,INE289B01019,EQ,134.80,135.80,131.80,132.83,134.48,86892,11548357.16,1553
NSE,GICL,INE947T01022,BE,20.90,21.79,20.21,21.34,21.05,135078,2831908.04,153
NSE,GICRE,INE481Y01014,EQ,315.00,318.35,311.50,316.55,314.25,681917,214909469.15,30334
NSE,GILLANDERS,INE047B01011,EQ,113.00,116.75,109.00,109.38,111.77,6732,752047.74,168
NSE,GILLETTE,INE322A01010,EQ,7060.00,7284.00,7006.00,7223.50,7057.00,26580,190033110.50,7611
NSE,GINNIFILA,INE424C01010,BE,41.95,41.98,40.54,40.99,40.96,51938,2133256.70,79
NSE,GIPCL,INE162A01010,EQ,175.00,175.85,170.44,171.86,174.06,294942,50993905.95,7103
NSE,GKB,INE265D01015,EQ,60.12,62.76,60.12,61.50,61.76,6765,416177.12,29
NSE,GKENERGY,INE1AG301022,EQ,115.40,116.10,113.16,114.63,114.45,284451,32632912.08,3830
NSE,GKSL,INE0V0W01025,EQ,193.98,197.30,185.82,187.12,193.62,2501508,475283028.39,21625
NSE,GKWLIMITED,INE528A01020,EQ,1565.00,1565.00,1540.00,1550.60,1545.40,7210,11172959.20,48
NSE,GLAND,INE068V01023,EQ,3026.00,3171.00,3019.00,3150.60,3006.10,1341221,4175731967.50,89070
NSE,GLASSWALL,INE644Q01039,EQ,254.90,268.30,254.70,262.25,275.75,8768527,2287617621.40,95154
NSE,GLAXO,INE159A01016,EQ,2760.00,2760.00,2613.30,2634.00,2755.00,125296,331886642.10,17797
NSE,GLENMARK,INE935A01035,EQ,2314.90,2326.80,2274.40,2282.30,2311.00,500247,1144624620.80,32735
NSE,GLFL,INE540A01017,EQ,5.31,5.57,5.13,5.43,5.39,13354,70687.08,75
NSE,GLOBAL,INE291W01037,EQ,142.62,145.49,141.25,144.79,142.62,84933,12215498.27,1336
NSE,GLOBALE,INE0URU01010,EQ,10.13,10.49,10.12,10.49,10.65,10724,108947.26,31
NSE,GLOBALVECT,INE792H01019,EQ,130.77,133.75,124.00,125.94,130.77,12669,1605379.49,864
NSE,GLOBE,INE581X01021,EQ,2.05,2.13,2.05,2.11,2.08,150203,315448.73,168
NSE,GLOBECIVIL,INE0V3U01015,EQ,42.90,42.90,40.65,40.89,42.29,17587,726235.03,397
NSE,GLOBUSSPR,INE615I01010,EQ,810.00,823.45,794.00,796.85,812.70,85390,68629596.55,6649
NSE,GLOSTERLTD,INE350Z01018,EQ,555.80,555.80,545.20,552.90,551.60,268,147969.55,25
NSE,GLOTTIS,INE0TQE01026,EQ,58.33,59.63,58.00,58.71,58.34,33195,1938098.44,895
NSE,GMBREW,INE075D01018,EQ,979.00,997.95,972.45,984.95,981.35,152275,150512938.75,8125
NSE,GMDCLTD,INE131A01031,EQ,490.00,491.55,474.00,477.10,491.55,1206725,580388745.35,28552
NSE,GMMPFAUDLR,INE541A01023,EQ,1429.90,1459.50,1427.00,1438.00,1425.70,171982,247659373.70,16214
NSE,GMRAIRPORT,INE776C01039,EQ,92.80,93.37,91.10,91.19,93.06,17042601,1571046745.81,43923
NSE,GMRP&UI,INE0CU601026,EQ,102.51,104.00,101.29,101.58,102.23,835605,85753556.21,11824
NSE,GNA,INE934S01014,EQ,614.55,614.55,581.00,583.65,615.80,490734,290797981.20,14631
NSE,GNFC,INE113A01013,EQ,634.00,634.00,616.00,618.20,629.50,457948,284348616.45,23178
NSE,GNRL,INE207H01018,EQ,100.00,101.03,97.10,97.67,98.79,301438,29706813.04,3762
NSE,GOACARBON,INE426D01013,EQ,419.50,420.00,405.10,407.80,414.65,11433,4732654.45,847
NSE,GOCLCORP,INE077F01035,EQ,373.95,374.00,360.65,367.85,372.45,78586,28806561.45,4398
NSE,GOCOLORS,INE0BJS01011,EQ,305.95,309.90,300.45,306.15,306.45,62693,19152673.85,3081
NSE,GODAVARIB,INE497S01012,EQ,228.30,228.60,224.02,226.24,228.57,34828,7892565.81,1409
NSE,GODFRYPHLP,INE260B01028,EQ,1890.00,1893.00,1856.30,1862.40,1900.00,120245,225142667.60,13060
NSE,GODIGIT,INE03JT01014,EQ,260.00,269.85,259.00,264.75,258.60,818602,217533352.40,24862
NSE,GODREJAGRO,INE850D01014,EQ,651.80,652.10,627.90,639.60,648.10,306889,195597939.45,14284
NSE,GODREJCP,INE102D01028,EQ,874.75,874.75,853.65,865.55,872.50,1332394,1150696120.40,28658
NSE,GODREJIND,INE233A01035,EQ,1049.00,1049.00,1025.00,1029.00,1045.00,16388,16906980.60,2377
NSE,GODREJPROP,INE484J01027,EQ,1604.80,1604.80,1570.10,1580.20,1610.00,196039,310881202.20,17706
NSE,GOKEX,INE887G01027,EQ,682.00,685.50,670.10,673.00,682.75,96561,65436955.85,8599
NSE,GOKUL,INE020J01029,EQ,38.95,39.50,38.50,38.97,38.78,155203,6045323.93,690
NSE,GOKULAGRO,INE314T01033,EQ,210.35,224.12,209.01,212.42,210.95,777477,167643298.79,20603
NSE,GOLDIAM,INE025B01025,EQ,316.90,321.60,311.55,317.00,317.50,338407,107103323.55,7659
NSE,GOLDTECH,INE805A01014,BE,41.25,41.61,41.25,41.40,42.07,10807,448405.47,44
NSE,GOODLUCK,INE127I01024,EQ,492.25,506.65,485.00,501.95,491.30,264589,130939211.40,10003
NSE,GOODYEAR,INE533A01012,EQ,685.05,690.00,680.00,685.05,685.95,3651,2502500.50,508
NSE,GOPAL,INE0L9R01028,EQ,257.15,257.40,253.05,255.40,255.85,188529,48053818.30,1526
NSE,GOYALALUM,INE705X01026,EQ,5.96,6.00,5.87,5.94,5.91,28011,166441.75,220
NSE,GPIL,INE177H01039,EQ,218.00,218.00,212.95,214.31,218.98,1180059,253100484.79,22518
NSE,GPPL,INE517F01014,EQ,168.00,174.00,166.38,172.46,168.21,2205709,377518973.12,25997
NSE,GPTHEALTH,INE486R01017,EQ,148.00,148.57,145.74,146.34,148.01,53458,7866789.65,1782
NSE,GPTINFRA,INE390G01014,EQ,121.62,134.97,120.20,130.06,121.62,1834242,238487009.00,24428
NSE,GRADIENTE,INE361K01017,BE,2.51,2.64,2.45,2.50,2.57,1249514,3130965.79,258
NSE,GRANDOAK,INE926B01016,EQ,37.00,37.00,34.40,34.96,36.17,7900,276711.80,92
NSE,GRANULES,INE101D01020,EQ,839.40,850.70,822.20,845.30,836.40,1224602,1027061378.35,50413
NSE,GRAPHITE,INE371A01025,EQ,853.00,853.30,831.00,834.05,851.20,656284,551975512.25,21154
NSE,GRASIM,INE047A01021,EQ,2945.50,2957.20,2901.60,2921.10,2969.00,235855,689869946.50,26440
NSE,GRAUWEIL,INE266D01021,EQ,83.22,83.22,79.40,81.05,82.32,509818,41462971.82,3397
NSE,GRAVISSHO,INE214F01026,BE,30.76,31.00,30.76,31.00,30.76,607,18707.60,12
NSE,GRAVITA,INE024L01027,EQ,1499.00,1510.30,1457.10,1496.00,1500.90,271577,403649632.30,21035
NSE,GREAVESCOT,INE224A01026,EQ,222.00,222.78,208.62,212.00,222.78,2299772,490999395.88,32361
NSE,GREENLAM,INE544R01021,EQ,211.70,213.00,208.80,210.50,212.02,41475,8729520.65,1624
NSE,GREENPANEL,INE08ZM01014,EQ,159.92,160.40,157.61,159.12,159.92,148744,23705649.58,3679
NSE,GREENPLY,INE461C01038,EQ,312.15,313.00,308.10,310.75,315.30,53514,16627970.00,2746
NSE,GREENPOWER,INE999K01014,EQ,8.73,8.75,8.63,8.65,8.74,1042099,9042671.93,3298
NSE,GRINDWELL,INE536A01023,EQ,2033.10,2051.70,2008.20,2018.20,2033.10,20013,40546250.40,7869
NSE,GRINFRA,INE201P01022,EQ,819.05,819.10,796.20,798.40,815.00,9539,7658424.45,1459
NSE,GRMOVER,INE192H01020,EQ,79.04,82.17,78.41,81.19,79.04,1339846,108378599.65,5847
NSE,GROBTEA,INE646C01018,EQ,882.00,899.50,870.30,899.50,873.95,8,7109.05,6
NSE,GROWW,INE0HOQ01053,EQ,192.80,198.27,189.45,197.75,193.19,42404060,8295967558.00,257047
NSE,GRPLTD,INE137I01015,EQ,1855.00,1874.80,1761.00,1847.00,1853.00,1760,3202318.90,317
NSE,GRSE,INE382Z01011,EQ,2130.00,2130.10,2092.00,2102.00,2137.30,279451,587765464.70,23690
NSE,GRWRHITECH,INE291A01017,EQ,7082.00,7135.00,6834.00,6903.50,7102.50,84439,583574635.50,13429
NSE,GSFC,INE026A01025,EQ,152.89,153.79,149.20,149.73,153.47,636088,96031593.01,10452
NSE,GSLSU,INE0JSX01015,EQ,28.03,29.55,28.03,28.88,28.89,56663,1638401.41,1298
NSE,GSPCROP,INE713R01022,EQ,478.60,487.45,470.75,482.80,476.65,240478,115973800.05,3621
NSE,GSPLTRANS,INE1TUG01013,BE,117.63,121.30,117.63,117.63,123.82,2125298,250124627.56,3627
NSE,GSS,INE871H01011,EQ,10.13,10.47,10.08,10.22,10.13,49526,507038.99,265
NSE,GTECJAINX,INE586X01012,EQ,36.19,36.19,34.50,35.69,36.19,8987,319422.86,82
NSE,GTL,INE043A01012,EQ,6.92,7.13,6.80,6.90,6.86,185291,1285035.17,490
NSE,GTLINFRA,INE221H01019,EQ,1.09,1.10,1.06,1.07,1.09,23200615,25114547.76,11634
NSE,GTPL,INE869I01013,EQ,55.69,56.88,54.36,55.92,54.68,38975,2182679.30,1060
NSE,GUFICBIO,INE742B01025,EQ,428.35,430.55,420.90,422.55,427.80,47029,19984065.90,2521
NSE,GUJALKALI,INE186A01019,EQ,616.50,619.50,604.00,616.00,613.10,39319,24059038.65,3189
NSE,GUJAPOLLO,INE826C01016,EQ,349.90,350.85,340.00,341.80,346.70,9355,3226010.00,1795
NSE,GUJENERGY,INE844O01030,EQ,229.70,232.19,227.83,228.48,229.97,864847,198183224.97,20464
NSE,GUJRAFFIA,INE610B01024,EQ,43.12,43.88,40.05,42.37,41.86,4819,205571.26,85
NSE,GUJTHEM,INE942C01045,EQ,387.80,389.40,378.95,379.50,390.00,270403,103733440.25,8383
NSE,GULFOILLUB,INE635Q01029,EQ,1080.80,1120.00,1078.50,1118.60,1087.90,48522,53646661.20,4405
NSE,GULFPETRO,INE586G01017,BE,60.80,62.85,60.80,61.64,62.52,28867,1782024.83,178
NSE,GULPOLY,INE255D01024,EQ,166.25,167.88,164.55,166.63,167.92,45942,7644927.35,1410
NSE,GVKPIL,INE251H01024,BE,2.38,2.38,2.38,2.38,2.42,255035,606983.30,413
NSE,GVPIL,INE878A01011,EQ,730.05,731.60,698.15,698.15,734.85,322585,227861311.35,9525
NSE,GVPTECH,INE382T01030,BE,7.12,7.50,7.12,7.31,7.31,28491,206597.71,149
NSE,GVT&D,INE200A01026,EQ,4260.00,4340.20,4201.20,4316.30,4245.10,660155,2841849774.00,66691
NSE,GYFTR,INE724A01017,EQ,169.30,174.00,166.50,169.52,169.30,417740,70824962.12,2672
NSE,HAL,INE066F01020,EQ,4819.90,4831.40,4732.10,4746.30,4816.00,515972,2467197422.40,40877
NSE,HALDER,INE115S01010,EQ,261.73,270.00,260.00,262.90,263.84,20929,5519522.55,249
NSE,HALDYNGL,INE506D01020,EQ,143.00,143.83,139.40,140.78,142.27,31368,4439728.55,947
NSE,HALEOSLABS,INE320X01016,EQ,1590.00,1595.00,1553.30,1584.70,1587.80,987,1560781.00,162
NSE,HAMPTON,INE299D01022,EQ,8.60,8.60,8.01,8.24,8.09,6616,54703.57,89
NSE,HAPPSTMNDS,INE419U01012,EQ,303.35,306.55,302.05,304.60,303.35,268376,81741119.65,7143
NSE,HAPPYFORGE,INE330T01021,EQ,1990.00,1990.00,1908.80,1934.30,1989.40,115845,223860329.80,16287
NSE,HARDWYN,INE626Z01029,EQ,9.25,9.39,9.00,9.17,9.22,1127620,10369426.79,1026
NSE,HARIOMPIPE,INE00EV01017,EQ,344.25,344.25,334.00,338.15,336.50,88249,29849361.60,2697
NSE,HARRMALAYA,INE544A01019,EQ,178.50,178.50,169.10,173.90,175.08,4756,823080.92,240
NSE,HARSHA,INE0JUS01029,EQ,464.65,468.95,458.05,460.40,464.65,71927,33297083.35,3619
NSE,HATHWAY,INE982F01036,EQ,9.72,9.87,9.60,9.64,9.80,1787610,17353703.88,2711
NSE,HATSUN,INE473B01035,EQ,1158.90,1196.90,1142.40,1148.10,1150.00,23655,27468162.40,3045
NSE,HAVELLS,INE176B01034,EQ,1057.00,1072.40,1044.60,1060.50,1057.00,486342,516184958.20,28061
NSE,HAVISHA,INE293B01029,EQ,1.40,1.63,1.40,1.52,1.36,501425,760288.55,416
NSE,HAWKINCOOK,INE979B01015,EQ,8079.50,8079.50,7902.00,7973.50,8009.50,1152,9202983.00,307
NSE,HAZOOR,INE550F01049,EQ,18.09,18.78,17.76,18.58,18.00,750654,13819930.54,3643
NSE,HBESD,INE640B01021,EQ,74.00,81.79,74.00,77.06,75.03,9222,705655.65,155
NSE,HBLENGINE,INE292B01021,EQ,764.00,768.50,755.50,762.45,764.30,707261,538232391.65,23533
NSE,HBPOR,INE638B01025,EQ,59.51,62.70,58.00,62.36,59.27,450,26876.00,52
NSE,HBSL,INE550B01022,EQ,58.00,59.00,57.00,58.61,57.91,2210,128688.73,49
NSE,HCC,INE549A01026,EQ,20.25,20.47,19.71,19.80,20.26,15774521,316192488.33,25611
NSE,HCG,INE075I01017,EQ,680.55,680.55,655.00,657.60,680.55,40147,26673128.30,8073
NSE,HCL-INSYS,INE236A01020,EQ,10.03,10.28,10.01,10.05,10.15,144014,1453750.39,568
NSE,HCLTECH,INE860A01027,EQ,1196.10,1202.60,1172.80,1185.00,1204.40,1810295,2149652762.80,70926
NSE,HDBFS,INE756I01012,EQ,617.10,618.70,597.00,600.10,616.75,905333,551400045.95,25464
NSE,HDFCAMC,INE127D01025,EQ,2345.00,2347.00,2300.00,2314.80,2352.40,727092,1685803906.20,59531
NSE,HDFCBANK,INE040A01034,EQ,708.55,711.00,701.70,702.75,711.45,29944008,21115152208.15,252910
NSE,HDFCLIFE,INE795G01014,EQ,545.85,548.35,538.35,546.05,543.95,2546074,1386588767.40,38255
NSE,HEADSUP,INE759V01019,EQ,6.55,6.55,5.76,6.33,6.52,10540,65088.79,210
NSE,HEALTHX,INE019J01013,EQ,284.95,289.00,280.15,284.15,284.95,1584,448327.80,88
NSE,HECPROJECT,INE558R01013,EQ,115.68,115.68,109.63,112.19,112.79,6842,763155.69,219
NSE,HEGAM,INE545A01024,EQ,252.00,253.90,246.00,246.99,252.21,1261859,314147318.29,20712
NSE,HEIDELBERG,INE578A01017,EQ,129.30,129.30,127.01,127.49,127.78,120951,15451343.96,3400
NSE,HEMIPROP,INE0AJG01018,EQ,114.01,114.17,112.11,112.87,113.53,153549,17345008.89,2354
NSE,HERANBA,INE694N01015,EQ,169.80,172.36,168.51,169.27,169.00,30802,5257107.67,903
NSE,HERITGFOOD,INE978A01027,EQ,404.25,407.70,396.00,398.75,406.10,176695,70858373.85,7647
NSE,HEROMOTOCO,INE158A01026,EQ,5075.00,5087.50,4968.00,5004.00,5075.00,397370,1991278296.00,39269
NSE,HEROMOTORS,INE012G01022,EQ,167.90,172.85,167.52,170.84,167.52,39347591,6702805922.31,236863
NSE,HESTERBIO,INE782E01017,EQ,2173.60,2204.90,2152.00,2167.20,2174.10,1902,4139439.60,376
NSE,HEXAGON,INE0JUI01012,BE,71.00,72.80,69.12,71.97,71.13,467670,33308213.62,1063
NSE,HEXATRADEX,INE750M01017,EQ,156.30,158.01,153.01,157.01,155.85,472,73592.73,20
NSE,HEXT,INE093A01041,EQ,495.45,507.10,495.45,505.50,500.30,146911,73932508.20,14686
NSE,HFCL,INE548A01028,BE,275.91,275.91,264.00,271.90,262.78,12439455,3391401908.97,61404
NSE,HGINFRA,INE926X01010,EQ,420.45,423.00,409.80,416.15,417.20,145611,60631658.00,5436
NSE,HGM,INE596H01014,EQ,41.79,41.79,39.80,40.05,39.28,994,39929.48,38
NSE,HGS,INE170I01016,EQ,361.00,366.60,358.80,363.00,361.40,12910,4677292.95,711
NSE,HIKAL,INE475B01022,EQ,226.70,228.45,222.30,225.24,226.43,303522,68421217.30,7633
NSE,HILINFRA,INE00RL01028,EQ,45.80,47.89,44.95,47.60,45.36,455922,21354576.20,3451
NSE,HILTON,INE788H01017,EQ,16.61,16.88,16.50,16.58,16.75,64659,1074023.20,244
NSE,HIMATSEIDE,INE049A01027,EQ,65.00,67.45,62.85,63.22,65.36,635805,40766776.01,7498
NSE,HINDADH,INE074C01013,EQ,370.30,392.00,370.30,384.80,384.35,1607,619073.30,51
NSE,HINDALCO,INE038A01020,EQ,930.10,937.85,910.85,910.85,940.50,3792281,3486894396.25,85215
NSE,HINDALUMI,INE227B01019,EQ,91.22,92.50,89.50,89.99,90.32,971,87920.59,88
NSE,HINDCOMPOS,INE310C01029,EQ,401.45,418.65,398.10,403.75,401.45,47848,19528763.25,1093
NSE,HINDCON,INE642Y01029,BE,28.56,28.56,28.56,28.56,30.06,26005,742702.80,188
NSE,HINDCOPPER,INE531E01026,EQ,484.40,484.45,478.70,479.95,485.50,2085383,1002853969.95,41942
NSE,HINDOILEXP,INE345A01011,EQ,166.50,173.00,165.81,171.88,166.35,584648,99577812.40,9288
NSE,HINDPETRO,INE094A01015,EQ,347.50,347.80,342.55,343.15,351.00,4508391,1556052971.05,57375
NSE,HINDUNILVR,INE030A01027,EQ,1888.00,1888.00,1864.30,1865.40,1895.20,620459,1161355333.90,45872
NSE,HINDWAREAP,INE05AN01011,EQ,170.75,171.14,166.31,170.19,170.75,113381,19142714.38,2906
NSE,HINDZINC,INE267A01025,EQ,561.00,561.00,550.55,551.00,557.65,1999170,1108764211.55,35226
NSE,HIRECT,INE835D01023,EQ,1142.10,1144.90,1110.00,1113.90,1146.80,33997,38267059.00,3464
NSE,HISARMETAL,INE598C01011,EQ,145.00,148.60,144.22,145.10,145.30,148,21441.99,16
NSE,HITECH,INE106T01025,EQ,74.68,74.77,73.26,73.90,74.68,418797,30874426.19,5198
NSE,HITECHCORP,INE120D01012,BE,341.10,353.80,341.10,349.10,342.40,143436,50293276.90,613
NSE,HITECHGEAR,INE127B01011,BE,568.90,581.30,560.00,565.00,568.90,2607,1491389.25,64
NSE,HLEGLAS,INE461D01028,EQ,450.00,469.45,450.00,469.45,447.10,322476,150962808.70,3828
NSE,HLVLTD,INE102A01024,EQ,6.13,6.34,6.03,6.12,6.13,166000,1025753.29,552
NSE,HMAAGRO,INE0ECP01024,EQ,25.00,25.00,24.29,24.91,24.56,1051851,25925639.29,3324
NSE,HMVL,INE871K01015,BE,73.97,76.00,72.00,75.18,74.91,63138,4611341.90,187
NSE,HNDFDS,INE254N01026,EQ,582.65,582.65,574.00,580.40,584.75,36500,21131740.25,4031
NSE,HOMEFIRST,INE481N01025,EQ,1098.40,1128.90,1081.30,1087.90,1111.50,154842,170896352.90,15971
NSE,HONASA,INE0J5401028,EQ,471.40,480.90,465.00,477.05,478.30,1568100,745042673.30,41539
NSE,HONAUT,INE671A01010,EQ,33780.00,33825.00,33100.00,33345.00,33780.00,1997,66750705.00,1267
NSE,HONDAPOWER,INE634A01018,EQ,1912.90,1912.90,1860.00,1871.40,1885.90,1393,2611485.40,467
NSE,HORIZONIND,INE685T01010,EQ,49.80,50.85,48.75,50.15,49.20,3368691,169080662.98,20390
NSE,HPAL,INE0GSL01024,EQ,34.37,35.01,33.73,34.62,34.37,52439,1797862.88,1261
NSE,HPIL,INE05X901010,EQ,115.91,116.49,112.99,116.49,116.49,303,35176.26,20
NSE,HPL,INE495S01016,EQ,272.70,272.70,265.00,266.30,272.70,65194,17497860.35,3168
NSE,HRYNSHP,INE400G01011,EQ,95.88,97.94,93.50,94.10,95.90,2242,216203.88,40
NSE,HSCL,INE019C01026,EQ,666.00,676.05,664.05,672.95,668.55,1404959,942667607.60,33716
NSE,HTEL,INE0LEG01024,EQ,75.20,88.57,73.10,87.94,73.81,14238636,1190676085.43,93936
NSE,HTMEDIA,INE501G01024,EQ,23.15,23.65,22.50,22.59,22.99,65585,1489090.84,335
NSE,HUBTOWN,INE703H01016,EQ,170.85,171.90,163.75,164.52,170.00,667640,112204370.87,7369
NSE,HUDCO,INE031A01017,EQ,160.69,164.00,159.38,161.79,161.04,2375175,384706460.91,31522
NSE,HUHTAMAKI,INE275B01026,EQ,233.45,236.00,229.32,231.19,233.45,51122,11817309.17,3262
NSE,HYBRIDFIN,INE965B01022,EQ,17.25,19.00,16.81,17.84,17.56,19378,346785.08,180
NSE,HYUNDAI,INE0V6F01027,EQ,1989.00,1989.00,1935.00,1945.00,1989.00,498987,975040478.50,33364
NSE,IBULLSLTD,INE126M01010,EQ,31.60,32.49,31.20,32.49,30.95,22176156,709002286.42,23798
NSE,ICDSLTD,INE613B01010,BE,44.00,45.90,44.00,45.68,44.27,748,34065.37,22
NSE,ICEMAKE,INE520Y01019,EQ,633.00,682.80,627.10,673.35,631.20,68993,45418058.00,4470
NSE,ICICIAMC,INE346A01027,EQ,3060.00,3086.20,3041.50,3058.50,3071.50,309677,948504665.30,26129
NSE,ICICIBANK,INE090A01021,EQ,1343.00,1360.00,1329.90,1357.50,1342.80,14774121,19928765567.90,210590
NSE,ICICIGI,INE765G01017,EQ,1586.10,1601.00,1574.60,1590.00,1598.30,875700,1389771419.00,33641
NSE,ICICIPRULI,INE726G01019,EQ,458.00,459.00,453.70,457.50,459.50,837553,382437634.90,35802
NSE,ICIL,INE483B01026,EQ,474.80,476.25,465.15,471.10,473.15,317864,149548575.30,15725
NSE,ICRA,INE725G01011,EQ,4356.70,4412.00,4316.90,4346.30,4356.70,32161,140226804.90,4248
NSE,IDBI,INE008A01015,EQ,86.50,87.00,85.36,85.67,87.01,3041959,262160450.32,19703
NSE,IDEA,INE669E01016,EQ,13.18,13.40,13.09,13.18,13.21,377013597,4982770461.99,361768
NSE,IDEAFORGE,INE349Y01013,EQ,726.10,730.00,698.80,700.00,723.40,206429,145525258.45,14080
NSE,IDFCFIRSTB,INE092T01019,EQ,81.46,81.46,78.75,79.54,81.56,20250870,1616663740.45,85130
NSE,IEX,INE022Q01020,EQ,105.39,108.65,104.27,105.85,104.86,7531830,804198444.45,48501
NSE,IFBAGRO,INE076C01018,EQ,887.00,887.00,868.05,875.35,874.15,1100,958615.65,168
NSE,IFBIND,INE559A01017,EQ,1212.30,1225.50,1204.30,1216.00,1212.30,24232,29446086.10,1772
NSE,IFCI,INE039A01010,EQ,65.30,65.32,63.84,64.03,65.51,21013703,1353318540.35,54289
NSE,IFGLEXPOR,INE133Y01011,EQ,180.65,186.50,179.91,183.05,180.65,74229,13585901.80,1823
NSE,IGARASHI,INE188B01013,EQ,401.40,410.00,398.30,403.45,401.40,53466,21654209.95,2535
NSE,IGCL,INE05J901018,EQ,57.30,60.82,56.00,57.75,57.36,347013,19700753.18,1658
NSE,IGIL,INE0Q9301021,EQ,319.15,321.85,313.70,317.05,319.60,430610,136925377.05,13874
NSE,IGL,INE203G01027,EQ,141.00,147.90,140.21,146.35,141.38,3700426,538925251.24,32917
NSE,IGPL,INE204A01010,EQ,590.95,590.95,580.00,586.25,589.50,46121,27010670.35,2824
NSE,IIFL,INE530B01024,EQ,600.00,600.00,584.15,588.55,601.70,1169032,690915899.70,37404
NSE,IIFLCAPS,INE489L01022,EQ,344.25,348.50,344.00,346.85,345.15,319500,110754057.25,8513
NSE,IITL,INE886A01014,EQ,133.30,134.95,129.47,130.75,132.25,101253,13493386.07,844
NSE,IKIO,INE0LOJ01019,EQ,194.99,195.84,188.25,191.05,195.87,128405,24625328.74,3054
NSE,IKS,INE115Q01022,EQ,1752.40,1759.00,1693.30,1737.40,1761.00,330080,572386746.10,36994
NSE,IMAGICAA,INE172N01012,EQ,50.26,50.26,48.15,48.72,49.92,532708,26070931.62,3980
NSE,IMFA,INE919H01018,EQ,1184.10,1197.60,1167.10,1186.80,1190.60,51866,61401030.00,4403
NSE,IMPAL,INE547E01014,EQ,1042.30,1049.90,995.20,1000.20,1036.50,5358,5411468.50,610
NSE,INA,INE0LGX01024,EQ,84.49,84.49,81.32,82.00,83.81,454479,37445472.68,4229
NSE,INCREDIBLE,INE452L01012,EQ,31.03,31.68,31.00,31.47,31.42,2423,75883.13,47
NSE,INDBANK,INE841B01017,EQ,25.30,26.30,25.12,26.11,25.23,39659,1020564.36,611
NSE,INDGN,INE065X01017,EQ,596.00,612.00,588.15,607.10,596.30,424853,255510334.95,20590
NSE,INDHOTEL,INE053A01029,EQ,736.65,743.00,728.50,731.30,736.00,3190796,2343155519.70,52434
NSE,INDIACEM,INE383A01012,EQ,295.25,305.00,289.20,303.05,295.25,252820,75472333.75,14765
NSE,INDIAGLYCO,INE560A01023,EQ,324.90,382.70,321.10,382.70,318.95,9155076,3309159249.30,157088
NSE,INDIAMART,INE933S01016,EQ,1592.90,1623.40,1575.00,1605.30,1592.90,58405,93699078.80,10622
NSE,INDIANB,INE562A01011,EQ,808.60,835.00,801.35,828.30,813.00,1140038,937908846.10,36269
NSE,INDIANCARD,INE061A01014,EQ,189.83,189.83,183.06,186.99,187.86,1881,349186.50,115
NSE,INDIANHUME,INE323C01030,EQ,341.55,362.00,338.65,355.45,341.20,71231,25158364.20,3788
NSE,INDIASHLTR,INE922K01024,EQ,639.50,639.50,622.35,633.85,636.35,93350,58833094.65,6272
NSE,INDIGO,INE646L01027,EQ,5015.00,5069.50,4972.30,4990.00,5050.50,1618923,8147668801.70,81740
NSE,INDIGOPNTS,INE09VQ01012,EQ,1051.10,1077.30,1050.00,1060.20,1062.40,25510,27155629.20,5466
NSE,INDIQUBE,INE06ST01018,EQ,195.39,198.96,192.00,194.57,197.32,11603,2269122.66,634
NSE,INDNIPPON,INE092B01025,EQ,1241.80,1253.90,1221.40,1231.40,1241.70,25913,31982917.40,3452
NSE,INDOAMIN,INE760F01028,EQ,161.84,166.44,156.65,157.97,161.16,978954,156463418.42,16999
NSE,INDOBORAX,INE803D01021,EQ,491.75,491.75,476.05,480.90,491.75,53337,25773962.65,1900
NSE,INDOCO,INE873D01024,EQ,249.45,249.45,244.60,246.55,247.15,75736,18655984.50,2201
NSE,INDOFARM,INE622H01018,EQ,134.00,142.55,132.81,139.92,134.32,279082,39045436.30,5918
NSE,INDOKEM,INE716F01012,EQ,597.05,600.00,575.00,580.95,596.85,4219,2485897.60,399
NSE,INDOMIM,INE084101034,EQ,1358.00,1374.40,1337.00,1359.90,1350.20,606566,822325259.60,26740
NSE,INDORAMA,INE156A01020,EQ,95.10,96.84,93.80,95.99,95.10,554572,52985523.69,6315
NSE,INDOSTAR,INE896L01010,EQ,200.00,203.45,195.50,200.12,199.55,353977,70377851.80,6199
NSE,INDOTECH,INE332H01014,EQ,3351.00,3399.00,3306.00,3323.30,3352.80,10434,34868062.90,1936
NSE,INDOTHAI,INE337M01021,EQ,40.57,40.71,40.30,40.71,38.78,270332,10991895.57,410
NSE,INDOUS,INE250Z01010,EQ,75.80,76.96,74.70,74.93,75.53,4494,338602.51,250
NSE,INDOWIND,INE227G01018,EQ,8.56,8.69,8.42,8.58,8.56,73286,627776.30,293
NSE,INDPRUD,INE620D01011,EQ,6299.00,6305.00,6299.00,6305.00,6299.50,26,163842.50,8
NSE,INDRAMEDCO,INE681B01017,EQ,335.15,336.60,327.75,329.40,335.15,158141,52495316.40,6833
NSE,INDSWFTLAB,INE915B01019,EQ,403.40,404.90,388.00,391.10,400.45,262328,103631935.15,6875
NSE,INDTERRAIN,INE611L01021,EQ,29.43,29.49,29.15,29.22,29.22,10557,307973.77,78
NSE,INDUSINDBK,INE095A01012,EQ,899.05,903.25,870.90,874.90,906.10,2429142,2140319109.95,66235
NSE,INDUSTOWER,INE121J01017,EQ,392.00,392.00,381.30,385.05,389.10,2499487,963708390.05,31950
NSE,INFOBEAN,INE344S01016,EQ,148.93,149.00,145.40,147.24,149.46,123208,18136411.65,1964
NSE,INFOMEDIA,INE669A01022,EQ,5.53,5.55,5.16,5.41,5.21,15879,86565.88,55
NSE,INFY,INE009A01021,EQ,1006.00,1009.00,990.10,992.00,1013.85,7493993,7474377015.35,162916
NSE,INGERRAND,INE177A01018,EQ,4130.80,4182.80,4089.10,4115.30,4130.80,6676,27527789.50,2344
NSE,INNOVACAP,INE0DUT01020,EQ,1137.10,1188.00,1131.40,1166.20,1141.80,118590,138003298.50,12772
NSE,INNOVANA,INE403Y01018,EQ,292.80,295.90,286.00,289.90,294.85,25709,7523758.95,742
NSE,INNOVISION,INE0ADB01012,EQ,255.00,256.85,253.30,256.00,256.50,6907,1763818.20,328
NSE,INOXGREEN,INE510W01014,EQ,146.59,147.66,134.00,135.87,146.59,7288865,1007977943.41,69368
NSE,INOXINDIA,INE616N01034,EQ,2070.00,2139.90,2066.50,2082.00,2077.30,243029,510476060.30,39289
NSE,INOXWIND,INE066P01011,EQ,68.25,68.38,66.73,67.10,68.70,10148423,685174192.23,47133
NSE,INSECTICID,INE070I01018,EQ,580.00,590.00,575.55,586.60,584.15,5454,3186083.90,409
NSE,INSPIRISYS,INE020G01017,EQ,84.00,85.00,83.50,83.74,83.76,2054,173450.26,34
NSE,INTELLECT,INE306R01017,EQ,603.00,603.00,589.00,591.35,601.40,199132,118524356.80,11415
NSE,INTENTECH,INE781A01025,EQ,80.60,83.05,78.51,80.92,84.10,77560,6228475.77,666
NSE,INTERARCH,INE00M901018,EQ,1699.90,1717.70,1680.00,1700.90,1685.60,55579,94607190.90,6855
NSE,INTLCONV,INE575C01027,EQ,80.00,81.39,79.10,80.17,80.02,51206,4096347.38,450
NSE,INVENTURE,INE878H01024,EQ,0.85,0.86,0.82,0.83,0.85,1208290,1017545.46,424
NSE,INVPRECQ,INE155E01016,BE,1560.00,1623.90,1554.00,1594.50,1571.30,6853,10793636.40,180
NSE,IOB,INE565A01014,EQ,31.02,31.29,30.85,31.03,31.46,3152062,97889207.44,19265
NSE,IOC,INE242A01010,EQ,130.60,131.19,129.70,130.00,131.60,7269916,947303860.29,50094
NSE,IOLCP,INE485C01029,EQ,216.50,224.00,216.30,220.22,214.90,6360102,1400720601.64,78868
NSE,IONEXCHANG,INE570A01022,EQ,411.00,415.00,401.00,402.40,409.20,251291,102135630.70,17430
NSE,IPCALAB,INE571A01038,EQ,1940.00,1963.70,1928.00,1938.50,1945.50,135675,263827730.80,24160
NSE,IPL,INE0D6701023,EQ,132.10,133.98,129.94,130.39,132.60,150722,19823520.03,2246
NSE,IPRINGLTD,INE558A01019,EQ,144.99,149.70,140.50,144.94,143.67,1849,269598.76,56
NSE,IRB,INE821I01022,EQ,17.75,17.83,17.30,17.44,17.84,10957532,191937049.10,18654
NSE,IRCON,INE962Y01021,EQ,107.60,108.18,106.12,106.66,107.86,2229186,238571764.99,20463
NSE,IRCTC,INE335Y01020,EQ,455.00,458.15,449.70,453.65,454.80,759796,345061269.40,31073
NSE,IREDA,INE202E01016,EQ,109.00,109.42,107.12,107.33,109.00,4512835,488225397.45,31882
NSE,IRFC,INE053F01010,EQ,76.90,77.20,76.04,76.15,77.10,5212579,399424841.51,33412
NSE,IRIS,INE864K01010,EQ,223.50,226.00,220.99,223.23,221.57,6950,1549947.43,257
NSE,IRISDOREME,INE01GN01025,EQ,58.86,61.03,57.44,59.26,58.45,344405,20392200.02,3084
NSE,IRMENERGY,INE07U701015,EQ,264.00,266.40,257.00,263.00,262.10,34474,9002148.95,1838
NSE,ISFT,INE566K01011,BE,96.61,100.30,94.00,99.49,98.32,20995,2055021.66,179
NSE,ISGEC,INE858B01029,EQ,906.40,906.60,895.05,901.75,905.00,73566,66293623.65,5263
NSE,ISHANCH,INE561M01018,EQ,50.04,50.04,46.56,47.08,47.92,3669,173714.55,98
NSE,ISTLTD,INE684B01029,EQ,637.20,645.95,637.20,638.45,637.20,9,5743.55,3
NSE,ITC,INE154A01025,EQ,265.70,267.15,262.45,265.70,266.70,50025295,13260858711.50,134937
NSE,ITCHOTELS,INE379A01028,EQ,160.00,161.90,158.60,159.17,160.21,1030272,164708511.21,18918
NSE,ITDC,INE353K01014,EQ,677.00,685.00,667.10,671.75,675.25,75732,51069920.95,5938
NSE,ITI,INE248A01017,EQ,246.79,248.16,245.00,245.84,247.84,101191,24918691.51,4498
NSE,ITL,INE478D01014,EQ,363.10,379.90,346.25,372.80,366.75,2896,1067001.15,216
NSE,IVALUE,INE056801025,EQ,230.71,236.10,227.21,232.04,229.45,134884,31288630.13,3718
NSE,IVC,INE050B01023,EQ,7.81,8.08,7.81,7.95,8.00,143556,1142205.57,684
NSE,IVP,INE043C01018,BE,228.92,232.50,220.30,227.25,228.92,8442,1930871.71,117
NSE,IWP,INE586E01020,EQ,37.38,38.40,36.95,37.10,37.38,22715,851616.64,209
NSE,IXIGO,INE0HV901016,EQ,160.19,160.31,157.32,158.27,160.13,821667,130469150.24,15656
NSE,IZMO,INE848A01014,EQ,868.00,900.00,861.00,889.95,864.30,118878,105089677.60,8995
NSE,J&KBANK,INE168A01041,EQ,139.51,140.96,137.71,139.40,139.50,2306193,320840724.76,30707
NSE,JAGRAN,INE199G01027,EQ,62.02,62.46,61.64,62.05,61.72,71301,4419806.18,1180
NSE,JAGSNPHARM,INE048B01035,EQ,234.80,243.46,234.80,235.40,233.63,164193,39145005.03,3677
NSE,JAIBALAJI,INE091G01026,EQ,67.37,67.37,65.00,67.37,64.17,432731,29116983.57,1252
NSE,JAICORPLTD,INE070D01027,EQ,89.00,93.80,88.51,90.90,90.17,1110175,101929091.75,11163
NSE,JAINREC,INE0YD401026,EQ,290.00,300.90,287.15,295.15,290.15,1303023,385535695.65,31859
NSE,JAIPURKURT,INE696V01013,EQ,28.00,29.75,27.26,28.50,27.37,220174,6344774.38,1023
NSE,JAMNAAUTO,INE039C01032,EQ,144.40,154.00,142.50,151.77,144.21,12310484,1856656158.00,126074
NSE,JARO,INE00YJ01010,EQ,416.00,416.00,410.05,414.40,413.85,103527,42923117.25,1749
NSE,JASH,INE039O01029,EQ,596.00,599.00,580.05,586.15,594.95,192190,113242493.30,6327
NSE,JAYAGROGN,INE785A01026,EQ,219.80,219.80,212.00,213.00,219.16,7226,1553684.64,418
NSE,JAYBARMARU,INE571B01036,EQ,134.36,137.50,129.31,132.78,134.37,1041373,138982650.22,13887
NSE,JAYKAY,INE903A01025,EQ,241.50,273.00,236.40,263.45,240.02,6198201,1618166263.22,109384
NSE,JAYNECOIND,INE854B01010,EQ,93.90,96.00,93.05,95.24,94.45,2969185,280646193.11,23657
NSE,JAYSREETEA,INE364A01020,EQ,85.79,86.90,83.00,83.41,85.74,23661,1995791.87,631
NSE,JBMA,INE927D01051,EQ,557.00,557.00,545.00,547.00,555.65,141136,77568228.65,9241
NSE,JENBURPH,INE354A01013,EQ,902.70,908.00,886.80,891.40,905.55,4187,3751980.15,270
NSE,JETFREIGHT,INE982V01025,EQ,19.80,19.98,19.29,19.72,19.80,89485,1756072.70,976
NSE,JGCHEM,INE0MB501011,EQ,670.00,677.20,651.15,654.95,665.45,393554,260894909.20,16011
NSE,JHS,INE544H01014,BE,9.86,10.79,9.85,9.98,10.36,208634,2091136.18,446
NSE,JINDALPHOT,INE796G01012,EQ,1012.00,1040.00,1012.00,1032.80,1024.80,1436,1474725.10,130
NSE,JINDALPOLY,INE197D01010,EQ,668.00,670.95,643.55,653.25,658.35,6873,4483498.85,960
NSE,JINDALSAW,INE324A01032,EQ,282.40,283.40,278.15,281.90,282.40,693527,195282892.00,17465
NSE,JINDALSTEL,INE749A01030,EQ,1080.60,1082.60,1055.60,1061.00,1085.90,904316,961174710.70,26011
NSE,JINDRILL,INE742C01031,EQ,590.70,610.00,590.70,598.10,590.70,198826,119363506.75,8111
NSE,JINDWORLD,INE247D01039,EQ,45.62,46.17,44.15,44.83,45.39,2495710,112983852.69,6324
NSE,JIOFIN,INE758E01017,EQ,217.45,218.78,215.55,216.44,217.90,10207060,2217326193.56,68075
NSE,JISLJALEQS,INE175A01038,EQ,26.66,29.35,26.56,27.95,26.65,26460467,739538099.82,63631
NSE,JITFINFRA,INE863T01013,EQ,272.00,283.95,271.20,278.30,275.10,20154,5590254.65,873
NSE,JKCEMENT,INE823G01014,EQ,4960.00,5081.50,4952.00,5047.00,4960.00,39360,197753731.00,10545
NSE,JKIL,INE576I01022,EQ,448.90,449.95,440.40,442.20,448.30,112056,49701829.30,2931
NSE,JKIPL,INE1FF001016,EQ,95.52,100.29,95.05,100.29,95.52,84237,8421238.85,195
NSE,JKLAKSHMI,INE786A01032,EQ,479.85,479.95,469.10,471.65,478.45,107094,50674642.85,13510
NSE,JKPAPER,INE789E01012,EQ,393.45,393.45,378.65,384.50,393.45,449194,172107992.60,13352
NSE,JKTYRE,INE573A01042,EQ,339.85,341.30,333.05,333.40,339.35,756641,253778969.20,17477
NSE,JLHL,INE682M01020,EQ,255.10,255.90,248.50,250.00,253.85,70500,17743021.25,5195
NSE,JMA,INE412C01023,EQ,88.40,89.50,87.01,88.69,86.92,12195,1080426.20,228
NSE,JMFINANCIL,INE780C01023,EQ,123.68,125.34,122.80,124.92,124.00,1531478,190424118.01,24258
NSE,JNKINDIA,INE0OAF01028,EQ,444.15,452.45,435.00,444.75,440.95,138580,61728742.15,7683
NSE,JNPR,INE05C901015,EQ,281.10,283.00,275.75,280.65,280.60,822016,230363355.80,22969
NSE,JOCIL,INE839G01010,EQ,149.19,155.00,146.40,149.04,148.47,2527,375872.91,55
NSE,JPOLYINVST,INE147P01019,EQ,923.90,949.25,890.10,901.10,923.90,4656,4206117.05,756
NSE,JPPOWER,INE351F01018,EQ,15.00,15.12,14.73,14.86,15.00,44222342,659729901.70,833920
NSE,JSFB,INE953L01027,EQ,499.85,509.40,491.55,500.10,499.85,357814,179202861.35,19836
NSE,JSIPL,INE1DLO01028,BE,195.42,195.42,195.42,195.42,186.12,333820,65235104.40,2686
NSE,JSL,INE220G01021,EQ,751.00,754.60,730.05,732.15,750.95,546010,401419023.50,35220
NSE,JSLL,INE0J5801029,EQ,444.80,448.25,407.25,417.20,441.25,3700090,1558868524.65,92073
NSE,JSWCEMENT,INE718I01012,EQ,115.77,116.40,110.81,112.14,113.20,4530075,509148060.73,64864
NSE,JSWDULUX,INE133A01011,EQ,3025.00,3101.40,2993.20,3028.10,3004.80,29702,90320322.30,7747
NSE,JSWENERGY,INE121E01018,EQ,494.90,494.90,481.45,485.45,494.90,2337109,1139704867.35,37982
NSE,JSWHL,INE824G01012,EQ,11403.00,11403.00,11216.00,11272.00,11313.00,1285,14505143.00,669
NSE,JSWINFRA,INE880J01026,EQ,355.00,365.75,351.05,353.90,363.05,4533527,1621820318.60,58186
NSE,JSWSTEEL,INE019A01038,EQ,1249.00,1253.00,1225.90,1230.00,1259.60,1830488,2254968188.70,85526
NSE,JTEKTINDIA,INE643A01035,EQ,115.90,115.90,114.00,114.46,115.38,53296,6113648.55,825
NSE,JTLIND,INE391J01032,EQ,84.60,90.00,82.03,88.20,84.53,7721553,664191653.47,43775
NSE,JUBLCPL,INE03CC01015,EQ,1966.00,2042.80,1966.00,1988.00,2003.50,3874,7744153.40,783
NSE,JUBLFOOD,INE797F01020,EQ,455.55,467.00,455.55,460.60,449.75,2597754,1201209024.75,37387
NSE,JUBLINGREA,INE0BY001018,EQ,638.60,647.10,627.00,642.55,644.25,322660,205541096.30,20153
NSE,JUBLPHARMA,INE700A01033,EQ,991.20,993.80,971.00,974.60,989.20,69406,67931500.30,11826
NSE,JUNIPER,INE696F01016,EQ,222.00,223.65,215.21,216.34,218.36,62425,13618784.64,1435
NSE,JUSTDIAL,INE599M01018,EQ,657.00,664.45,653.00,657.40,658.95,50927,33490963.35,3179
NSE,JWL,INE209L01016,EQ,223.67,226.90,221.80,223.56,224.64,478354,107184965.91,11226
NSE,JYOTHYLAB,INE668F01031,EQ,185.00,193.95,182.59,191.44,183.32,808049,152825717.80,19489
NSE,JYOTICNC,INE980O01024,EQ,1075.00,1081.00,1056.00,1071.00,1073.10,699558,749054615.00,30557
NSE,JYOTIRES,INE577D01013,EQ,849.60,850.00,833.35,842.95,849.60,5832,4936028.70,662
NSE,JYOTISTRUC,INE197A01024,EQ,8.96,9.26,8.80,9.03,8.94,2917830,26043884.49,2872
NSE,KABRAEXTRU,INE900B01029,BE,817.60,845.00,800.00,805.90,815.70,49892,41021882.15,1032
NSE,KAJARIACER,INE217B01036,EQ,1217.70,1254.50,1201.20,1226.20,1213.80,238403,294015891.50,20361
NSE,KAKATCEM,INE437B01014,EQ,105.44,107.30,104.45,105.95,105.44,1531,161917.63,52
NSE,KALAMANDIR,INE438K01021,EQ,77.01,77.55,76.11,77.01,77.36,218600,16827266.57,2776
NSE,KALPATARU,INE227J01012,EQ,270.00,270.00,264.40,267.30,269.80,25781,6890825.10,812
NSE,KALYANIFRG,INE314G01014,BE,909.95,932.00,893.10,914.80,905.00,635,577911.65,65
NSE,KALYANKJIL,INE303R01014,EQ,547.40,581.20,542.55,569.00,548.15,18559247,10538872077.55,174682
NSE,KAMAHOLD,INE411F01010,EQ,2231.50,2255.90,2230.00,2236.20,2253.30,299,670738.00,86
NSE,KAMANWALA,INE344D01018,EQ,17.00,17.00,17.00,17.00,17.40,2,34.00,2
NSE,KAMATHOTEL,INE967C01018,EQ,263.40,266.39,256.44,262.89,258.82,124340,32665297.53,3797
NSE,KAMDHENU,INE390H01020,EQ,37.42,39.50,37.13,38.08,37.31,1810766,69689043.87,8312
NSE,KAMOPAINTS,INE0BTI01037,EQ,4.17,4.17,4.06,4.07,4.11,107923,441915.51,485
NSE,KANANIIND,INE879E01037,EQ,1.35,1.36,1.32,1.33,1.35,74612,99632.80,319
NSE,KANCHI,INE081G01019,EQ,379.50,380.00,372.00,378.15,371.65,621,234871.55,48
NSE,KANCOTEA,INE398L01017,EQ,52.99,52.99,50.99,52.55,50.47,252,12853.04,7
NSE,KANOHAR,INE877D01025,EQ,1030.00,1131.00,1011.20,1091.05,942.50,18502805,19989658166.40,543974
NSE,KANORICHEM,INE138C01024,BE,180.00,184.95,175.00,180.75,182.10,17869,3213383.86,267
NSE,KANPRPLA,INE694E01014,EQ,250.90,257.00,245.25,250.96,250.90,8703,2189111.22,466
NSE,KANSAINER,INE531A01024,EQ,183.11,194.49,180.63,192.40,184.00,1839514,344243234.22,37617
NSE,KAPSTON,INE542Z01028,EQ,550.00,550.00,543.00,545.45,547.25,29326,15996646.50,1169
NSE,KARAMTARA,INE590T01012,EQ,443.00,443.00,412.40,416.65,438.80,3685569,1573398620.95,80718
NSE,KARMAENG,INE725L01011,EQ,37.00,37.00,34.60,34.86,36.28,10214,359578.71,288
NSE,KARURVYSYA,INE036D01028,EQ,326.10,331.55,320.70,330.10,325.20,2515356,823749970.50,62531
NSE,KAUSHALYA,INE234I01028,BE,823.00,823.00,806.10,820.15,822.70,56,45354.20,15
NSE,KAVDEFENCE,INE641C01019,BE,88.90,89.82,85.55,89.54,85.55,421382,37626670.19,2044
NSE,KAYA,INE587G01015,BE,307.05,311.00,296.15,310.00,305.55,32353,9915448.75,75
NSE,KAYNES,INE918Z01012,EQ,3403.90,3429.00,3361.00,3365.00,3405.00,692436,2347515786.60,45542
NSE,KCP,INE805C01028,EQ,155.00,155.87,152.75,154.33,154.41,189686,29174363.91,1951
NSE,KCPSUGIND,INE790B01024,BE,24.49,25.00,24.02,24.18,24.43,263401,6504299.79,625
NSE,KDDL,INE291D01011,EQ,3965.00,4055.80,3965.00,3997.20,3999.90,18883,75666585.30,5028
NSE,KDGREEN,INE348N01042,EQ,52.99,52.99,48.50,48.53,49.19,35828,1757456.52,420
NSE,KEC,INE389H01022,EQ,375.00,375.15,362.00,362.50,374.90,1716962,627327940.25,40043
NSE,KECL,INE134B01017,EQ,125.41,131.50,125.41,129.04,128.11,272071,35009101.90,4439
NSE,KEEPLEARN,INE055C01020,EQ,1.81,1.95,1.70,1.86,1.79,116852,214975.69,239
NSE,KEI,INE878B01027,EQ,4560.20,4688.90,4495.00,4677.70,4557.40,220874,1019208180.80,22931
NSE,KELLTONTEC,INE164B01030,EQ,12.25,12.42,12.12,12.15,12.41,960616,11747455.62,2817
NSE,KENNAMET,INE717A01029,EQ,4243.30,4301.80,4168.90,4180.90,4268.60,11863,49918034.10,3901
NSE,KERNEX,INE202H01019,EQ,1754.90,1779.50,1702.10,1767.50,1749.70,149534,260986407.60,14097
NSE,KESORAMIND,INE087A01019,EQ,11.10,11.15,10.75,10.81,10.76,445320,4858785.08,1347
NSE,KEYFINSERV,INE681C01015,EQ,254.95,254.95,238.66,240.00,241.53,1376,338442.05,59
NSE,KFINTECH,INE138Y01010,EQ,860.00,871.70,858.00,858.00,863.80,388798,336196201.90,35067
NSE,KHADIM,INE834I01025,BE,114.13,115.20,114.13,115.20,114.70,2012,231487.62,28
NSE,KHAICHEM,INE745B01028,EQ,49.00,49.59,48.11,48.82,48.73,88182,4307429.93,1274
NSE,KHAITANLTD,INE731C01018,EQ,142.01,159.00,141.61,150.76,145.60,9188,1371879.33,268
NSE,KHANDSE,INE060B01014,EQ,17.19,17.20,16.50,17.16,16.97,194,3243.66,24
NSE,KICL,INE029L01018,EQ,4810.00,4932.30,4810.00,4881.90,4808.30,1534,7478843.40,324
NSE,KILITCH,INE729D01010,EQ,260.70,267.90,254.60,256.25,260.70,180989,47191734.82,5026
NSE,KIMS,INE967H01025,EQ,700.00,704.20,686.10,693.95,693.40,692428,481430345.05,40780
NSE,KINGFA,INE473D01015,EQ,6932.00,6979.00,6760.00,6932.50,6932.00,9197,63063624.50,3109
NSE,KIOCL,INE880L01014,EQ,339.30,354.00,337.80,349.35,344.60,127933,44401068.50,6534
NSE,KIRANVYPAR,INE555P01013,EQ,177.00,212.46,169.96,191.35,177.05,22423,4264373.20,544
NSE,KIRIINDUS,INE415I01015,EQ,561.70,565.90,553.70,556.25,564.10,361713,202100696.45,13536
NSE,KIRLFER,INE884B01025,EQ,472.90,478.00,467.85,473.80,472.75,69152,32741283.10,3875
NSE,KIRLOSBROS,INE732A01036,EQ,1733.50,1744.70,1710.00,1712.80,1745.30,43337,74574132.70,7443
NSE,KIRLOSENG,INE146L01010,EQ,2270.00,2290.50,2206.10,2230.80,2266.10,364515,814889104.60,34531
NSE,KIRLOSIND,INE250A01039,EQ,3541.40,3579.60,3520.20,3531.20,3542.50,4656,16509348.30,1069
NSE,KIRLPNU,INE811A01038,EQ,713.40,718.95,691.75,696.15,710.85,120760,84855538.50,10633
NSE,KISSHT,INE12F801023,EQ,379.00,387.40,375.95,377.35,383.10,747467,285083907.40,25847
NSE,KITEX,INE602G01020,EQ,118.90,120.98,116.66,116.93,118.96,210532,24777919.07,3717
NSE,KJMCFIN,INE533C01018,EQ,58.30,61.97,58.30,58.45,59.03,132,7763.93,6
NSE,KKCL,INE401H01017,EQ,474.60,481.45,472.00,475.55,474.55,31242,14900159.35,1483
NSE,KLBRENG-B,INE338F01015,EQ,533.00,538.85,514.05,524.35,528.40,179670,95259852.20,7662
NSE,KMCSHIL,INE879K01018,EQ,172.50,185.18,170.36,183.22,170.36,1362750,247058994.65,22886
NSE,KMEW,INE0CJD01029,EQ,3210.30,3268.50,3178.00,3214.00,3202.30,92519,297505854.20,16324
NSE,KMSUGAR,INE157H01023,BE,26.85,26.85,25.70,26.17,26.53,106338,2784530.94,418
NSE,KNACK,INE17QZ01016,EQ,198.98,214.80,197.10,211.86,197.34,4515449,939468570.45,52425
NSE,KNAGRI,INE0KNW01016,EQ,204.98,208.00,201.41,205.90,205.00,6941,1427378.11,198
NSE,KNRCON,INE634I01029,EQ,115.33,116.50,114.00,115.72,115.65,489996,56415601.75,5144
NSE,KOHINOOR,INE080B01012,EQ,29.29,29.65,28.55,29.42,28.89,104662,3051903.44,2550
NSE,KOKUYOCMLN,INE760A01029,EQ,76.40,76.40,72.10,73.00,74.57,68227,4980565.73,740
NSE,KOLTEPATIL,INE094I01018,EQ,434.55,438.00,427.00,435.90,433.55,33290,14379019.10,2086
NSE,KOPRAN,INE082A01010,EQ,269.60,279.50,267.05,276.50,269.60,300819,82798168.35,6512
NSE,KOTAKBANK,INE237A01036,EQ,432.05,441.50,429.00,440.00,431.90,37972097,16664569433.65,264248
NSE,KOTARISUG,INE419A01022,BE,26.15,26.94,25.52,25.94,26.15,18189,474259.45,188
NSE,KOTHARIPET,INE720A01015,EQ,128.13,129.00,125.44,126.56,127.53,54672,6946406.14,1270
NSE,KOTHARIPRO,INE823A01017,EQ,64.64,65.81,63.50,65.08,64.64,2939,189645.75,68
NSE,KOTIC,INE972A01020,EQ,147.47,147.47,142.00,143.91,147.33,38655,5590831.00,3065
NSE,KOTYARK,INE0J0B01017,EQ,29.50,31.80,29.22,31.10,29.98,539007,16342871.49,1669
NSE,KOVAI,INE177F01017,EQ,5976.00,5992.00,5902.00,5919.50,5936.00,4156,24629268.00,785
NSE,KPEL,INE127T01021,EQ,215.51,216.53,212.00,212.89,215.47,125317,26750646.75,3609
NSE,KPIGREEN,INE542W01025,EQ,325.70,341.50,320.00,334.45,326.80,1691178,558997962.35,41034
NSE,KPIL,INE220B01022,EQ,1456.90,1468.70,1431.60,1458.40,1451.50,171837,249461721.70,18753
NSE,KPITTECH,INE04I401011,EQ,493.90,496.95,483.40,484.25,492.70,1032082,503891940.25,23824
NSE,KPL,INE552U01010,EQ,3783.90,3783.90,3642.10,3681.20,3745.00,21347,79079484.60,3924
NSE,KPRMILL,INE930H01031,EQ,1101.00,1114.90,1088.60,1101.30,1100.40,217508,239474414.70,17719
NSE,KRBL,INE001B01026,EQ,389.15,400.00,385.00,398.20,389.15,376596,148255820.80,13390
NSE,KREBSBIO,INE268B01013,EQ,58.15,61.97,58.15,59.72,58.86,30458,1841479.93,616
NSE,KRIDHANINF,INE524L01026,EQ,1.84,1.90,1.84,1.86,1.88,8557,15933.10,30
NSE,KRISHANA,INE506W01020,EQ,194.65,194.65,190.20,191.38,193.66,413924,79608613.74,7512
NSE,KRISHIVAL,INE0GGO01015,EQ,405.05,406.00,393.00,397.40,404.45,5354,2146966.75,273
NSE,KRISHNADEF,INE0J5601015,EQ,1310.00,1310.00,1230.00,1242.10,1312.30,176515,224273363.80,14322
NSE,KRITI,INE479D01038,EQ,60.05,61.00,57.65,59.07,60.03,8290,486145.10,254
NSE,KRITIKA,INE00Z501029,EQ,4.90,4.98,4.83,4.95,4.95,75321,369808.66,337
NSE,KRITINUT,INE798K01010,EQ,73.00,73.79,69.01,70.15,72.61,21419,1515759.50,520
NSE,KRN,INE0Q3J01015,EQ,1457.40,1518.00,1454.00,1484.20,1462.30,516318,771259334.30,35640
NSE,KRONOX,INE0ATZ01017,BE,214.55,215.05,207.50,210.60,206.65,38705,8222331.73,537
NSE,KROSS,INE0O6601022,EQ,253.75,269.90,250.10,263.90,253.20,1500938,395620170.85,26491
NSE,KRSNAA,INE08LI01020,EQ,556.20,556.20,543.50,548.10,552.70,33805,18539505.45,2145
NSE,KRYSTAL,INE0QN801017,EQ,647.80,658.90,641.25,644.45,656.65,3241,2099529.35,376
NSE,KSB,INE999A01023,EQ,809.00,814.30,796.55,801.50,809.10,71157,57250403.00,5726
NSE,KSCL,INE455I01029,EQ,717.55,722.75,705.65,710.75,717.45,87226,62035741.95,4788
NSE,KSE,INE953E01022,EQ,180.00,180.00,174.60,176.84,176.86,5761,1017643.08,264
NSE,KSHINTL,INE987S01020,EQ,1040.90,1077.70,1033.00,1072.30,1034.10,340263,361032354.40,22206
NSE,KSHITIJPOL,INE013801027,BE,3.81,3.82,3.81,3.81,3.64,11750986,44867631.88,1938
NSE,KSL,INE907A01026,EQ,938.00,942.00,924.00,932.65,942.80,40147,37488002.65,3268
NSE,KSOLVES,INE0D6I01023,EQ,251.44,254.79,243.82,246.44,248.96,29074,7230857.97,1603
NSE,KSR,INE1SPP01016,BE,39.30,39.30,37.25,37.56,38.30,9440,361260.13,69
NSE,KTKBANK,INE614B01018,EQ,323.90,329.30,317.90,326.45,324.25,1917889,623764061.95,40762
NSE,KUANTUM,INE529I01021,EQ,75.31,77.29,75.00,76.72,75.31,68656,5214135.98,1114
NSE,KUSUMGAR,INE0ISX01025,EQ,616.60,632.00,604.75,626.85,611.00,187736,116884930.00,11600
NSE,KWIL,INE2KCE01013,EQ,38.65,38.85,37.70,38.06,38.29,5607252,214559975.48,24362
NSE,LADDERUP,INE519D01015,BE,52.18,52.18,49.99,51.90,52.20,380,19163.30,16
NSE,LAGNAM,INE548Z01017,EQ,73.59,74.00,72.01,72.26,73.59,2483,182737.86,24
NSE,LAHOTIOV,INE515C01023,EQ,38.95,40.00,38.60,39.90,39.12,2408,95177.00,50
NSE,LAKSHMIMIL,INE938C01019,EQ,7734.00,7734.00,7600.00,7715.00,7733.50,8,61279.00,8
NSE,LAL,INE740X01023,EQ,8.50,8.75,8.35,8.61,8.50,11575,99411.89,81
NSE,LALITHAA,INE0K9O01026,EQ,407.00,414.10,392.25,394.85,405.45,4147890,1662814875.85,44934
NSE,LALPATHLAB,INE600L01024,EQ,1952.50,1970.00,1930.70,1945.10,1964.20,254536,495385574.40,32503
NSE,LAMBODHARA,INE112F01022,EQ,138.00,138.00,130.50,133.74,135.95,8366,1125236.61,422
NSE,LANCER,INE359U01028,EQ,11.25,11.34,10.90,10.98,11.28,198181,2192398.17,845
NSE,LANCORHOL,INE572G01025,BE,32.20,32.48,31.12,31.41,32.21,33605,1065666.99,173
NSE,LANDMARK,INE559R01029,EQ,480.00,485.00,474.20,480.95,480.60,68685,32940777.80,1957
NSE,LANDSMILL,INE688J01023,BE,0.90,0.91,0.89,0.89,0.93,2085318,1859552.16,1093
NSE,LAOPALA,INE059D01020,EQ,159.07,159.90,154.31,155.04,159.07,100907,15807278.26,3234
NSE,LASERPOWER,INE17IR01028,EQ,279.85,287.80,273.50,284.55,278.80,786184,221218479.65,11384
NSE,LATENTVIEW,INE0I7C01011,EQ,234.44,235.99,229.10,230.08,233.28,638016,147630169.81,7570
NSE,LATTEYS,INE262Z01023,EQ,22.10,22.59,21.35,21.87,21.89,69991,1548200.15,261
NSE,LAURUSLABS,INE947Q01028,EQ,2052.00,2065.20,2035.60,2052.80,2050.00,1499990,3073199158.30,57089
NSE,LAXMICOT,INE801V01019,EQ,12.89,13.19,12.77,12.80,12.63,2219,28511.25,14
NSE,LAXMIDENTL,INE0WO601020,EQ,190.54,198.00,190.00,197.12,190.53,107375,20950720.17,1888
NSE,LAXMIINDIA,INE06WU01026,EQ,112.10,113.49,110.00,110.81,111.59,64905,7253777.14,1492
NSE,LCCINFOTEC,INE938A01021,BE,3.59,3.68,3.42,3.46,3.59,58915,203250.83,106
NSE,LCCPROJECT,INE1FPN01026,EQ,144.00,145.90,141.51,143.97,144.08,694750,99613547.75,8117
NSE,LCL,INE0QJW01029,EQ,630.10,638.70,613.25,624.10,627.55,599031,376079611.45,26734
NSE,LEAPIND,INE00GO01025,EQ,141.24,150.59,141.24,148.03,142.48,3817325,565156475.88,43106
NSE,LEENEE,INE791B01014,BE,7.49,7.55,7.06,7.34,7.39,5502,40712.36,35
NSE,LEMERITE,INE0G1L01025,EQ,20.00,20.30,19.06,19.26,19.80,151025,2949585.94,228
NSE,LEMONTREE,INE970X01018,EQ,109.80,113.55,108.81,112.52,110.12,6232616,699688874.16,55804
NSE,LENSKART,INE956O01016,EQ,688.00,691.95,679.50,681.30,684.85,1835430,1254392350.25,53323
NSE,LEXUS,INE500X01013,EQ,10.81,10.99,9.00,9.48,10.81,242702,2325953.90,974
NSE,LFIC,INE850E01012,EQ,130.00,131.00,125.82,129.00,130.42,468,60293.87,57
NSE,LGBBROSLTD,INE337A01034,EQ,1657.80,1724.90,1644.10,1715.80,1657.80,22620,38447317.40,3950
NSE,LGEINDIA,INE324D01010,EQ,1757.40,1790.00,1751.50,1780.30,1758.60,371600,656727719.60,36960
NSE,LGHL,INE258Y01016,EQ,228.00,228.00,212.00,215.12,213.69,33116,7116131.13,658
NSE,LIBAS,INE908V01012,EQ,11.88,11.99,11.28,11.55,11.51,15851,184828.17,173
NSE,LIBERTSHOE,INE557B01019,EQ,218.57,219.54,215.11,216.48,218.57,11336,2457425.72,440
NSE,LICHSGFIN,INE115A01026,EQ,503.45,517.15,497.20,515.40,502.00,2958457,1507943507.40,33894
NSE,LICI,INE0J1Y01017,EQ,390.00,393.35,382.50,386.30,390.00,4216811,1630861276.25,46238
NSE,LIKHITHA,INE060901027,EQ,225.01,237.19,224.41,234.14,226.66,53476,12368210.68,1728
NSE,LINC,INE802B01027,EQ,86.20,87.80,86.05,86.84,88.25,22189,1922777.05,394
NSE,LINCOLN,INE405C01035,EQ,580.65,580.65,561.15,563.85,577.80,26964,15299612.35,2291
NSE,LINDEINDIA,INE473A01011,EQ,6119.00,6119.00,6065.00,6094.00,6152.50,6366,38787518.50,2100
NSE,LKPSEC,INE341H01023,EQ,14.30,14.30,13.01,13.65,14.30,17851,241500.28,146
NSE,LLOYDSENGG,INE093R01011,EQ,101.35,103.40,100.05,101.10,101.15,10569722,1075721144.46,43541
NSE,LLOYDSENT,INE080I01025,EQ,78.66,79.80,77.72,78.98,78.83,1865814,147276805.70,12327
NSE,LLOYDSME,INE281B01032,EQ,1853.60,1854.70,1827.00,1844.50,1858.20,251085,463224605.70,23048
NSE,LMW,INE269B01029,EQ,16999.00,17350.00,16600.00,16819.00,16910.00,2818,47358321.00,1208
NSE,LODHA,INE670K01029,EQ,1129.90,1141.00,1109.40,1109.40,1135.60,1923289,2161278503.30,44468
NSE,LOKESHMACH,INE397H01017,EQ,446.90,475.00,445.00,465.45,455.70,252924,117957732.05,8011
NSE,LORDSCHLO,INE846D01012,EQ,140.00,140.59,137.00,139.50,139.21,11087,1542388.40,318
NSE,LOTUSCHO,INE026D01011,EQ,590.00,693.50,581.90,646.85,579.65,106548,68772182.95,5645
NSE,LOTUSDEV,INE0V9Q01010,BE,237.30,247.00,237.00,242.92,244.73,918484,220524355.99,3633
NSE,LOTUSEYE,INE947I01017,EQ,115.00,116.89,114.10,114.84,115.37,3251,374156.23,180
NSE,LOVABLE,INE597L01014,EQ,71.00,71.00,68.56,68.73,69.00,2482,170993.02,121
NSE,LOYALTEX,INE970D01010,EQ,207.00,209.00,205.20,208.02,207.00,432,89103.90,7
NSE,LPDC,INE197J01017,EQ,6.35,6.35,6.18,6.25,6.23,11999,74930.53,122
NSE,LT,INE018A01030,EQ,3750.00,3758.10,3684.60,3701.50,3770.00,1609969,5976877424.10,88514
NSE,LTF,INE498L01015,EQ,264.00,266.75,258.85,260.25,264.40,7005951,1833668100.15,59785
NSE,LTFOODS,INE818H01020,EQ,408.05,421.90,407.35,418.20,408.15,487332,202278448.45,19471
NSE,LTM,INE214T01019,EQ,3971.00,4008.00,3905.60,3930.00,3971.10,255181,1011273622.50,26083
NSE,LTTS,INE010V01017,EQ,3246.00,3291.00,3216.60,3252.10,3246.00,46255,150899169.00,8565
NSE,LUMAXIND,INE162B01018,EQ,5434.50,5464.50,5370.50,5401.50,5435.50,7449,40296429.50,2356
NSE,LUMAXTECH,INE872H01027,EQ,1862.90,1900.90,1810.00,1849.20,1856.90,202771,377148587.80,28176
NSE,LUMINO,INE185Q01025,EQ,101.60,109.60,101.50,108.90,101.67,13878425,1490814696.23,76377
NSE,LUPIN,INE326A01037,EQ,2029.30,2030.80,2001.50,2012.90,2029.30,787301,1586463136.30,43331
NSE,LUXIND,INE150G01020,EQ,1177.90,1200.00,1142.90,1157.50,1177.00,23431,27371304.80,2966
NSE,LXCHEM,INE576O01020,EQ,188.10,193.77,185.30,190.35,188.86,2013189,382959128.04,35588
NSE,LYKALABS,INE933A01014,BE,73.70,75.64,73.70,74.30,75.26,15990,1187878.69,70
NSE,M&M,INE101A01026,EQ,2823.60,2837.90,2800.00,2800.00,2855.00,3361287,9463176277.90,121389
NSE,M&MFIN,INE774D01024,EQ,327.40,331.00,319.90,321.75,327.75,2047176,666178602.50,75629
NSE,MAANALU,INE215I01027,EQ,104.00,105.34,102.00,103.99,105.03,47078,4881191.74,855
NSE,MACPOWER,INE155Z01011,EQ,2090.10,2108.90,2030.00,2062.90,2090.10,27342,56355017.70,4132
NSE,MADHAV,INE925C01016,EQ,34.90,34.90,33.60,33.62,33.93,847,28891.47,43
NSE,MADHAVIPL,INE631R01026,EQ,7.48,7.48,7.20,7.39,7.35,48422,354522.92,175
NSE,MADHUCON,INE378D01032,EQ,4.00,4.05,3.85,3.93,3.96,25147,98347.91,100
NSE,MADRASFERT,INE414A01015,EQ,58.98,59.30,58.64,58.89,58.98,12364,729080.84,423
NSE,MAFATIND,INE270B01035,EQ,115.85,116.70,115.11,115.95,115.64,20020,2321263.06,548
NSE,MAGADSUGAR,INE347W01011,EQ,554.35,570.00,552.05,562.30,552.45,52127,29351351.85,3378
NSE,MAGNUM,INE387I01016,EQ,18.37,18.37,18.11,18.18,18.19,4625,84006.65,37
NSE,MAHABANK,INE457A01014,EQ,80.80,84.50,79.89,84.15,80.80,20883267,1727710272.56,68940
NSE,MAHAPEXLTD,INE843B01013,EQ,50.00,52.98,50.00,51.66,50.84,2223,115418.14,44
NSE,MAHASTEEL,INE451L01014,BE,1139.30,1139.30,1097.10,1114.90,1139.30,803,897069.50,113
NSE,MAHEPC,INE215D01010,EQ,98.97,99.80,96.61,98.37,98.97,7692,761184.38,328
NSE,MAHESHWARI,INE263W01010,EQ,71.44,71.44,70.25,71.20,71.44,2771,195981.36,31
NSE,MAHLIFE,INE813A01018,EQ,356.95,360.95,348.50,351.10,352.20,259250,91696709.10,11365
NSE,MAHLOG,INE766P01016,EQ,415.70,419.30,407.55,411.15,415.05,118205,48713911.30,7334
NSE,MAHSCOOTER,INE288A01013,EQ,12300.00,12376.00,12180.00,12242.00,12315.00,5400,66257861.00,2298
NSE,MAHSEAMLES,INE271B01025,EQ,682.50,698.90,671.70,692.75,685.70,368489,253382871.60,30634
NSE,MAITHANALL,INE683C01011,EQ,915.00,922.95,904.00,905.75,911.00,34492,31434967.45,2629
NSE,MAJESAUT,INE201B01022,BE,369.15,376.00,366.00,367.60,369.15,2423,900043.05,119
NSE,MAKERSL,INE987A01010,EQ,183.00,185.80,178.61,179.21,183.00,351,64144.44,18
NSE,MALLCOM,INE389C01015,EQ,903.30,925.00,898.00,902.10,903.30,2789,2516968.75,273
NSE,MALUPAPER,INE383H01017,EQ,32.50,32.97,30.20,31.08,32.40,30035,933378.11,308
NSE,MAMATA,INE0TO701015,EQ,395.50,397.95,390.05,395.95,395.65,72502,28499895.45,2696
NSE,MANAKALUCO,INE859Q01017,EQ,33.24,33.87,32.00,32.21,33.24,84982,2753451.95,697
NSE,MANAKCOAT,INE830Q01018,EQ,130.89,133.19,128.10,129.25,129.32,194836,25348794.02,2489
NSE,MANAKSIA,INE015D01022,EQ,59.50,59.50,57.96,58.26,59.05,19558,1148050.40,423
NSE,MANAKSTEEL,INE824Q01011,BE,108.34,114.32,106.00,110.97,108.88,48669,5437914.43,473
NSE,MANALIPETC,INE201A01024,EQ,93.00,93.00,87.70,90.48,92.36,3975432,356004064.03,22075
NSE,MANAPPURAM,INE522D01027,EQ,310.20,315.90,308.00,308.90,310.20,4398209,1372227933.25,29911
NSE,MANBA,INE939X01013,EQ,142.15,142.40,139.20,141.74,141.35,48842,6896130.13,702
NSE,MANCREDIT,INE545L01039,EQ,239.99,244.07,236.00,240.56,231.90,119524,28855451.38,1530
NSE,MANGALAM,INE584F01014,EQ,32.49,33.95,31.60,33.09,31.86,78218,2597448.16,739
NSE,MANGLMCEM,INE347A01017,EQ,991.70,1000.45,961.65,971.10,988.10,50762,49536943.55,2912
NSE,MANIKA,INE0KWF01020,EQ,53.50,61.00,42.00,58.64,51.52,18085851,992514191.93,86325
NSE,MANINDS,INE993A01026,EQ,922.00,929.00,890.05,905.75,922.05,333776,304759019.10,17944
NSE,MANINFRA,INE949H01023,EQ,123.00,123.36,121.20,122.52,123.24,764088,93372666.46,4101
NSE,MANIPALHOS,INE459N01021,EQ,691.15,704.65,677.00,699.15,690.50,443752,307545732.20,21681
NSE,MANKIND,INE634S01028,EQ,2500.90,2530.00,2480.10,2500.00,2500.00,242210,607628070.80,23054
NSE,MANOMAY,INE784W01015,EQ,242.99,244.96,234.00,236.90,240.14,186922,44531294.86,7098
NSE,MANORAMA,INE00VM01036,EQ,1999.80,2043.00,1987.10,1996.00,1985.60,175806,354282907.40,16462
NSE,MANORG,INE370D01013,EQ,449.00,449.00,434.10,438.00,436.10,6074,2674805.65,251
NSE,MANUGRAPH,INE867A01022,BE,16.70,17.00,15.91,16.31,16.45,53325,893820.90,84
NSE,MANYAVAR,INE825V01034,EQ,507.40,509.85,491.65,500.20,505.40,276295,138287495.50,29585
NSE,MAPMYINDIA,INE0BV301023,EQ,895.00,904.80,888.00,896.00,896.60,53855,48299827.30,4844
NSE,MARALOVER,INE882A01013,EQ,59.70,59.70,57.40,58.48,57.99,3783,220778.14,97
NSE,MARATHON,INE182D01020,EQ,376.45,382.25,369.00,377.70,374.60,88066,33082952.55,2628
NSE,MARICO,INE196A01026,EQ,794.00,795.80,783.40,787.25,794.15,1064427,839072851.20,48101
NSE,MARINE,INE01JE01028,EQ,476.70,490.85,471.10,476.40,478.85,1413767,679221447.40,34955
NSE,MARKOLINES,INE0FW001016,EQ,170.66,171.44,166.23,169.60,170.41,187834,31762011.21,1423
NSE,MARKSANS,INE750C01026,EQ,325.80,329.00,318.45,325.45,324.40,2155353,697912929.05,41518
NSE,MARSONS,INE415B01044,EQ,123.00,138.95,122.38,132.45,119.24,19136401,2510113620.59,147584
NSE,MARUTI,INE585B01010,EQ,11561.00,11597.00,11383.00,11450.00,11625.00,628155,7198982874.00,63463
NSE,MASFIN,INE348L01012,EQ,264.30,286.65,263.90,270.25,266.90,1010890,275355873.05,15871
NSE,MASKINVEST,INE885F01015,EQ,144.99,145.00,144.99,144.99,147.49,20,2899.90,2
NSE,MASTEK,INE759A01021,EQ,1619.00,1640.70,1598.10,1624.90,1616.30,51331,83398688.50,9128
NSE,MASTERTR,INE677D01037,EQ,82.52,91.34,81.51,82.94,82.62,1651954,141087023.13,14412
NSE,MATRIMONY,INE866R01028,EQ,512.95,527.95,507.85,517.50,509.60,14894,7785304.85,762
NSE,MAWANASUG,INE636A01039,EQ,147.98,155.50,147.32,151.66,147.89,526482,80453835.18,9433
NSE,MAXESTATES,INE03EI01018,EQ,569.90,570.05,548.00,550.50,564.95,56627,31482919.10,3576
NSE,MAXHEALTH,INE027H01010,EQ,900.00,911.25,891.60,908.00,902.50,2002385,1805804667.35,39390
NSE,MAXIND,INE0CG601016,EQ,165.90,165.99,160.25,162.27,165.84,33743,5527639.80,1183
NSE,MAYURUNIQ,INE040D01038,EQ,760.95,767.40,748.00,762.85,761.15,78870,59827629.20,5104
NSE,MAZDA,INE885E01042,BE,281.10,289.90,278.00,283.65,283.40,26709,7586921.95,512
NSE,MAZDOCK,INE249Z01020,EQ,2101.00,2102.50,2052.40,2064.40,2101.00,437816,905570645.00,25701
NSE,MBAPL,INE900L01028,EQ,167.00,169.15,165.21,168.02,166.95,341290,57277857.53,5195
NSE,MBECL,INE748A01024,BE,483.95,483.95,483.95,483.95,493.80,1537,743831.15,44
NSE,MBEL,INE08N601015,EQ,255.00,300.74,250.26,290.60,255.41,7111495,2048103159.19,91332
NSE,MBLINFRA,INE912H01013,EQ,25.88,25.94,24.70,25.06,25.05,104724,2660479.11,522
NSE,MCCHRLS-B,INE435D01014,EQ,665.00,688.00,658.20,672.55,674.25,737,490788.50,19
NSE,MCL,INE813V01022,EQ,56.00,56.00,54.13,55.27,54.82,51630,2850323.77,1628
NSE,MCLEODRUSS,INE942G01012,EQ,42.01,43.36,41.71,42.00,42.60,156711,6674001.00,971
NSE,MCLOUD,INE613C01026,EQ,24.98,25.20,24.60,24.76,24.85,1192358,29684379.25,2563
NSE,MCX,INE745G01043,EQ,3305.00,3374.60,3267.80,3362.60,3310.00,2369566,7902332808.50,151038
NSE,MEDANTA,INE474Q01031,EQ,1300.00,1300.10,1258.80,1294.10,1300.80,463494,591988285.30,43832
NSE,MEDIASSIST,INE456Z01021,EQ,306.45,307.05,298.40,300.00,306.25,245485,73864840.85,13231
NSE,MEDICAMEQ,INE646B01010,BE,313.00,315.30,304.00,313.25,311.95,21741,6720788.70,284
NSE,MEDICAPQ,INE442D01010,BE,24.50,24.99,24.00,24.50,24.99,1968,48346.10,10
NSE,MEDICO,INE630Y01024,EQ,22.50,22.56,21.85,22.37,22.17,215603,4800451.91,1146
NSE,MEDPLUS,INE804L01022,EQ,654.00,654.00,641.75,647.30,651.45,54469,35226912.60,6679
NSE,MEESHO,INE0VDM01015,EQ,236.99,240.34,234.00,236.52,238.22,13483541,3201537763.31,85654
NSE,MEGASTAR,INE00EM01016,EQ,291.41,312.99,288.27,309.06,289.97,16694,5123842.82,650
NSE,MEIL,INE0PKD01011,EQ,262.40,275.60,260.25,274.40,263.45,48196,13068736.55,1942
NSE,MENNPIS,INE650G01029,BE,70.95,72.55,70.10,72.11,70.19,21943,1562793.07,138
NSE,MENONBE,INE071D01033,EQ,309.65,313.75,294.00,301.45,304.95,224158,68399435.60,4864
NSE,MERCANTILE,INE689O01013,EQ,22.85,22.85,21.80,22.33,22.85,614,13614.56,16
NSE,MERCURYEV,INE763M01028,EQ,37.49,39.29,36.80,37.88,36.97,366184,13896530.11,3732
NSE,METROBRAND,INE317I01021,EQ,827.00,827.40,807.00,825.10,818.85,25599,20948900.70,4096
NSE,METROGLOBL,INE085D01033,EQ,130.00,132.00,127.21,132.00,130.00,93,12035.06,14
NSE,METROPOLIS,INE112L01020,EQ,550.00,550.00,539.15,541.45,552.65,119688,64946249.45,6549
NSE,MFML,INE0US801024,EQ,19.46,19.46,18.31,18.39,19.19,3198,59242.78,77
NSE,MFSL,INE180A01020,EQ,1355.80,1358.00,1331.30,1345.10,1361.00,795124,1069244389.20,35169
NSE,MGEL,INE0APB01032,EQ,15.75,16.03,15.53,15.71,15.78,65032,1026430.66,270
NSE,MGL,INE002S01010,EQ,1035.00,1058.90,1034.90,1041.60,1039.80,80050,83872606.20,12065
NSE,MHLXMIRU,INE112D01035,BE,176.00,176.00,165.00,168.01,171.12,2849,481981.79,48
NSE,MHRIL,INE998I01010,EQ,197.20,197.20,193.61,195.07,196.71,31279,6099926.08,1950
NSE,MICEL,INE287C01037,BE,34.43,34.43,34.12,34.13,34.60,141141,4832444.92,502
NSE,MIDHANI,INE099Z01011,EQ,458.35,462.00,452.60,458.70,462.35,942710,431514275.70,24571
NSE,MIDWESTLTD,INE0XAD01024,EQ,1049.00,1100.00,1030.00,1067.15,1006.20,203806,217680894.55,11857
NSE,MIIL,INE898Q01015,EQ,680.05,686.95,661.00,667.50,675.50,41690,28013016.35,1086
NSE,MILKYMIST,INE00IT01020,BE,318.80,335.15,318.80,335.15,319.20,2326916,774237043.70,14431
NSE,MINALIND,INE097E01028,BE,4.09,4.09,4.09,4.09,4.17,2369,9689.21,14
NSE,MINDACORP,INE842C01021,EQ,657.00,657.00,636.80,639.45,659.60,280732,180977989.00,9427
NSE,MINDTECK,INE110B01017,EQ,145.00,146.90,137.59,140.12,143.72,90917,12787181.75,2096
NSE,MIRZAINT,INE771A01026,EQ,27.40,28.04,27.40,27.85,27.72,31847,888134.44,378
NSE,MITCON,INE828O01033,EQ,79.35,79.98,76.74,78.49,79.35,5529,432854.48,89
NSE,MITTAL,INE997Y01027,EQ,0.71,0.73,0.71,0.72,0.71,400267,286813.76,215
NSE,MKEXIM,INE227F01010,EQ,65.88,65.88,61.50,62.00,64.59,8508,537156.04,95
NSE,MKPL,INE964W01021,EQ,4.04,4.05,3.77,3.93,3.99,250065,980180.07,500
NSE,MLKFOOD,INE588G01021,EQ,85.00,86.00,84.00,85.70,84.66,4910,418986.26,81
NSE,MMFL,INE227C01017,EQ,579.45,583.10,560.00,566.05,579.15,36751,20861026.95,2543
NSE,MMP,INE511Y01018,EQ,485.00,504.00,470.60,498.80,480.55,191291,94279013.80,9551
NSE,MMTC,INE123F01029,EQ,57.46,57.46,55.96,56.20,57.01,650861,36691818.06,6963
NSE,MMWL,INE200D01020,EQ,17.99,17.99,17.99,17.99,17.14,23177,416954.23,39
NSE,MOBIKWIK,INE0HLU01028,EQ,260.00,265.80,247.00,256.08,242.14,74766600,19251786642.39,557440
NSE,MODINATUR,INE537F01012,EQ,319.90,326.70,295.00,299.60,317.50,21897,6698516.45,684
NSE,MODIRUBBER,INE832A01018,EQ,122.49,122.50,118.40,118.87,118.58,2663,322122.29,42
NSE,MODIS,INE0L0L01012,EQ,381.10,385.00,375.65,382.80,380.85,16179,6163282.35,489
NSE,MODISONLTD,INE737D01021,BE,497.00,506.00,480.00,488.80,491.30,44662,21942645.40,1085
NSE,MODTHREAD,INE794W01014,EQ,46.98,50.98,45.20,45.21,48.99,2248,107838.29,49
NSE,MOHITE,INE154B01023,EQ,2.54,2.54,2.42,2.47,2.49,13164,32578.35,70
NSE,MOHITIND,INE954E01012,EQ,23.45,23.59,22.28,22.57,22.78,3094,70429.63,105
NSE,MOIL,INE490G01020,EQ,238.50,238.80,235.42,236.40,239.20,206935,49001369.52,4854
NSE,MOKSH,INE514Y01020,EQ,9.50,9.57,9.30,9.52,9.31,29775,282049.33,169
NSE,MOL,INE0CT101020,EQ,60.25,62.54,59.41,61.06,60.25,1173615,71894241.23,9605
NSE,MOLBIO,INE869T01028,EQ,1499.00,1559.90,1496.40,1544.70,1501.10,1450584,2227950337.20,90266
NSE,MOLDTECH,INE835B01035,BE,221.10,222.00,215.00,220.99,216.72,64307,14051973.60,1097
NSE,MOLDTKPAC,INE893J01029,EQ,679.90,690.10,654.95,667.20,678.00,124269,83339318.50,7177
NSE,MOMSBELIEF,INE1FCO01014,EQ,234.99,236.98,226.11,229.68,232.64,161231,37288501.43,2168
NSE,MONARCH,INE903D01011,EQ,346.95,350.85,343.15,347.15,344.65,26938,9348582.35,1245
NSE,MONEYBOXX,INE296Q01012,BE,51.88,53.75,51.88,52.72,53.48,6871,361734.08,53
NSE,MONEYVIEW,INE0PTN01011,EQ,50.60,60.60,49.33,60.46,50.50,424471169,23842596620.75,701932
NSE,MONTECARLO,INE950M01013,EQ,527.40,529.00,519.20,525.70,524.30,25560,13404862.35,1548
NSE,MOREPENLAB,INE083A01026,EQ,145.30,150.70,145.14,146.97,143.96,19889954,2947312904.51,91826
NSE,MOSCHIP,INE935B01025,EQ,197.90,197.94,194.61,195.20,197.70,800419,156733912.51,11881
NSE,MOTHERSON,INE775A01035,EQ,158.73,159.98,156.99,159.20,160.00,11181774,1771449387.61,54984
NSE,MOTILALOFS,INE338I01027,EQ,1080.00,1090.25,1059.70,1067.90,1081.15,1232877,1325778860.85,38246
NSE,MOTISONS,INE0FRK01020,EQ,17.70,17.85,17.52,17.68,17.61,12310506,217902034.08,11816
NSE,MOTOGENFIN,INE861B01023,EQ,26.29,26.29,25.06,25.30,25.77,769,19687.11,46
NSE,MPDL,INE493H01014,BE,27.75,27.75,26.00,26.00,27.33,1101,28801.00,6
NSE,MPHASIS,INE356A01018,EQ,2307.40,2317.70,2274.60,2289.00,2298.00,277155,635024907.70,20155
NSE,MPIMANIPAL,INE241U01028,EQ,367.70,383.90,363.35,377.60,366.05,1218935,457823403.75,47642
NSE,MPSLTD,INE943D01017,EQ,2683.90,2748.40,2655.10,2697.10,2681.20,11251,30373954.50,2311
NSE,MRF,INE883A01011,EQ,123800.00,123825.00,123000.00,123075.00,124080.00,2173,267766025.00,1829
NSE,MRPL,INE103A01014,EQ,174.71,184.39,174.26,182.86,174.72,23675207,4300376994.90,132348
NSE,MSL,INE829S01016,EQ,140.00,167.00,140.00,145.69,140.00,5392,858914.44,171
NSE,MSPL,INE752G01015,EQ,32.19,32.50,30.80,30.95,32.34,1440578,45026779.69,4005
NSE,MSTCLTD,INE255X01014,EQ,712.95,718.15,695.00,698.75,714.30,105257,74410405.70,5420
NSE,MSUMI,INE0FS801015,EQ,33.25,33.69,32.96,33.57,33.31,9270659,309779275.27,29179
NSE,MTARTECH,INE864I01014,BE,7698.00,7896.00,7600.00,7864.50,7718.50,111087,868770435.00,16154
NSE,MTEDUCARE,INE472M01018,BE,1.68,1.71,1.58,1.65,1.63,34960,58716.53,68
NSE,MTNL,INE153A01019,EQ,23.35,23.94,23.07,23.55,23.28,1009450,23762506.56,3455
NSE,MUFIN,INE08KJ01020,EQ,136.00,137.50,132.01,135.17,135.17,2030615,275021844.40,8631
NSE,MUFTI,INE220Q01020,EQ,69.10,70.76,69.10,69.96,69.61,29247,2047473.76,945
NSE,MUKANDLTD,INE304A01026,EQ,179.91,190.70,179.80,185.92,181.55,781279,145759809.81,11001
NSE,MUKESHB,INE596B01017,EQ,123.00,123.00,123.00,123.00,128.00,27,3321.00,1
NSE,MUKKA,INE0CG401037,BE,27.20,27.90,26.40,26.94,26.97,209121,5661069.29,706
NSE,MUKTAARTS,INE374B01019,EQ,57.75,57.75,55.11,56.50,57.04,821,45570.97,19
NSE,MUNJALAU,INE672B01032,EQ,105.33,107.88,104.51,105.44,105.33,284403,30206333.15,5325
NSE,MUNJALSHOW,INE577A01027,EQ,124.82,127.50,122.81,125.58,124.82,19287,2417385.43,546
NSE,MURUDCERA,INE692B01014,EQ,27.41,28.45,27.41,27.97,27.97,4833,135047.48,83
NSE,MUTHOOTCAP,INE296G01013,EQ,214.00,218.00,209.01,213.53,216.42,11849,2516156.25,491
NSE,MUTHOOTFIN,INE414G01012,EQ,2695.20,2695.20,2639.30,2654.40,2686.00,629510,1674738131.10,38080
NSE,MUTHOOTMF,INE046W01019,EQ,176.50,177.03,171.00,172.91,176.76,183906,31984861.22,4591
NSE,MVELECTRO,INE0OWZ01020,EQ,936.35,939.10,895.55,920.25,933.10,1018816,938433312.40,39356
NSE,MVGJL,INE0KNT01012,EQ,202.00,223.00,201.31,212.39,203.16,454478,97809637.11,8758
NSE,MWL,INE0JYY01029,EQ,41.98,42.25,41.10,42.04,41.66,450623,18851179.40,1484
NSE,MYSORPETRO,INE741A01011,BE,116.00,118.00,113.53,117.06,117.13,3163,368193.90,34
NSE,NACLIND,INE295D01020,EQ,137.00,137.38,131.10,132.60,136.63,360736,48088271.52,6219
NSE,NAGREEKCAP,INE245I01016,EQ,28.25,28.25,26.62,27.25,27.25,2978,81200.69,31
NSE,NAGREEKEXP,INE123B01028,EQ,21.13,22.69,21.13,21.63,21.97,4318,94289.50,108
NSE,NAHARCAP,INE049I01012,EQ,237.00,244.99,237.00,241.99,234.66,1588,384519.17,64
NSE,NAHARINDUS,INE289A01011,EQ,128.84,136.45,126.61,133.93,127.66,43058,5737559.98,1228
NSE,NAHARPOLY,INE308A01027,EQ,221.50,229.10,220.36,222.13,220.36,1434,319508.22,125
NSE,NAHARSPING,INE290A01027,EQ,256.80,268.75,255.05,264.30,257.40,14820,3910885.30,827
NSE,NAM-INDIA,INE298J01013,EQ,1066.00,1073.50,1041.70,1047.20,1073.50,929248,977711208.40,33119
NSE,NARMADA,INE117Z01029,EQ,12.00,12.10,11.13,11.35,12.10,476829,5489061.60,1894
NSE,NATCAPSUQ,INE936B01015,BE,169.89,169.89,160.20,161.42,166.74,2807,457277.20,52
NSE,NATCOPHARM,INE987B01026,EQ,822.00,826.05,808.00,810.10,823.65,499574,405139560.05,29689
NSE,NATHBIOGEN,INE448G01010,EQ,138.60,140.79,135.30,136.87,138.31,7113,978910.53,332
NSE,NATIONALUM,INE139A01034,EQ,337.25,337.25,321.05,321.30,337.25,9475375,3081781853.00,97620
NSE,NATIONSTD,INE166R01015,EQ,112.40,112.40,108.05,110.21,110.79,2651,293267.63,225
NSE,NAUKRI,INE663F01032,EQ,1242.70,1250.70,1210.00,1225.30,1241.00,1008055,1236738823.10,37448
NSE,NAVA,INE725A01030,EQ,578.00,583.90,565.50,570.45,575.00,382335,218803025.25,24226
NSE,NAVINFLUOR,INE048G01026,EQ,8520.00,8600.00,8440.00,8490.00,8536.00,111760,951194698.50,21707
NSE,NAVKARCORP,INE278M01019,EQ,85.90,86.79,85.00,85.88,85.96,140083,12044327.82,2164
NSE,NAVKARURB,INE268H01044,EQ,0.86,0.87,0.84,0.86,0.85,450278,385095.87,257
NSE,NAVNETEDUL,INE060A01024,EQ,124.05,124.89,123.10,123.95,124.27,39099,4851710.75,928
NSE,NAZARA,INE418L01047,EQ,379.55,383.60,377.80,378.45,379.55,421680,160194254.40,8818
NSE,NBCC,INE095N01031,EQ,76.80,77.49,76.20,76.74,77.05,3629902,279142641.38,25593
NSE,NBIFIN,INE365I01020,EQ,1850.10,1870.60,1825.00,1839.30,1828.10,263,484562.00,76
NSE,NCC,INE868B01028,EQ,128.39,128.60,125.86,126.88,128.47,2936319,374047196.28,30719
NSE,NCLIND,INE732C01016,EQ,170.00,170.00,163.55,163.93,166.80,90517,15019160.23,1463
NSE,NDGL,INE756C01015,EQ,2372.10,2449.90,2340.00,2383.70,2371.80,133,316633.10,45
NSE,NDL,INE875G01048,EQ,2.56,2.65,2.56,2.60,2.57,675000,1757749.88,851
NSE,NDLVENTURE,INE353A01023,EQ,122.91,122.98,116.35,120.26,122.91,6270,753395.24,246
NSE,NDRAUTO,INE07OG01012,EQ,704.70,724.90,700.60,716.60,704.70,9538,6830962.05,770
NSE,NDTV,INE155G01029,EQ,67.40,67.57,65.39,66.48,67.08,78838,5241760.84,1385
NSE,NECCLTD,INE553C01016,EQ,19.49,19.50,18.50,18.87,19.38,53154,996961.40,346
NSE,NECLIFE,INE023H01027,EQ,10.95,10.95,10.55,10.59,10.95,134919,1436065.58,459
NSE,NELCAST,INE189I01024,EQ,128.77,149.37,125.72,146.29,124.48,6710048,968042917.34,83832
NSE,NELCO,INE045B01015,EQ,919.10,926.00,900.20,915.80,924.15,132674,121065838.15,6439
NSE,NEOGEN,INE136S01016,EQ,2440.00,2465.00,2407.20,2431.30,2429.20,79815,194747640.00,12173
NSE,NEPHROPLUS,INE428V01029,EQ,640.00,645.30,632.10,641.60,634.55,96021,61377222.50,8685
NSE,NESCO,INE317F01035,EQ,1043.80,1043.80,1023.10,1028.90,1037.10,31143,32180087.10,3882
NSE,NESTLEIND,INE239A01024,EQ,1326.30,1336.60,1313.10,1324.00,1341.40,1409917,1867653659.40,51323
NSE,NETWEB,INE0NT901020,EQ,4735.00,4756.90,4667.30,4685.40,4746.20,594452,2797050551.10,47430
NSE,NETWORK18,INE870H01013,EQ,26.10,26.18,25.61,25.70,26.22,1600704,41394992.25,4871
NSE,NEUEON,INE333I01044,BE,13.78,14.00,13.13,13.31,13.79,16709,228087.28,88
NSE,NEULANDLAB,INE794A01010,EQ,21815.00,22150.00,21585.00,21655.00,21905.00,41495,906750475.00,19975
NSE,NEWGEN,INE619B01017,EQ,457.85,459.10,445.10,447.75,456.60,447153,202251110.50,17087
NSE,NEXTMEDIA,INE747B01016,EQ,3.57,3.63,3.52,3.53,3.56,10136,36038.02,36
NSE,NFL,INE870D01012,EQ,64.85,64.85,63.05,63.76,64.91,411261,26243291.08,3833
NSE,NGIL,INE236Y01012,EQ,36.94,38.40,36.00,37.37,36.15,7919,299296.35,127
NSE,NGLFINE,INE887E01022,EQ,3122.10,3250.30,3080.50,3134.20,3122.10,10470,33091120.10,2211
NSE,NH,INE410P01011,EQ,1729.00,1735.50,1710.20,1723.20,1723.80,98272,169507071.00,15317
NSE,NHPC,INE848E01016,EQ,73.00,73.17,72.10,72.50,73.11,4518389,328315234.16,18310
NSE,NIACL,INE470Y01017,EQ,161.50,161.73,158.30,159.29,160.72,767464,122655045.19,11806
NSE,NIBE,INE149O01018,EQ,1241.90,1358.00,1225.00,1270.10,1240.90,243742,313807156.80,17543
NSE,NIBL,INE047O01014,EQ,31.90,32.75,31.10,31.37,31.22,11787,371576.84,504
NSE,NICCOPAR,INE653C01022,EQ,79.00,79.00,76.65,76.91,79.00,506,39022.30,34
NSE,NIITLTD,INE161A01038,EQ,87.00,87.30,84.50,84.99,86.78,90289,7739532.48,2139
NSE,NIITMTS,INE342G01023,EQ,205.87,207.65,201.34,203.37,204.99,79330,16230483.54,3319
NSE,NILAINFRA,INE937C01029,EQ,6.77,6.77,6.60,6.63,6.70,100097,666664.72,360
NSE,NILASPACES,INE00S901012,EQ,11.25,11.45,11.11,11.35,11.17,381883,4317495.92,1201
NSE,NILE,INE445D01013,EQ,1253.00,1269.00,1236.70,1258.60,1238.00,1892,2359508.80,312
NSE,NILKAMAL,INE310A01015,EQ,1810.00,1840.40,1797.20,1831.70,1811.50,9830,17885341.00,2080
NSE,NIMBSPROJ,INE875B01015,EQ,186.68,195.00,182.00,191.61,191.57,33135,6176883.81,393
NSE,NINSYS,INE395U01014,EQ,822.55,854.95,805.00,829.75,822.55,6983,5767308.90,585
NSE,NIPPOBATRY,INE567A01028,EQ,322.50,322.50,314.20,316.05,319.45,764,241748.75,53
NSE,NIRAJ,INE368I01016,EQ,27.00,28.19,27.00,27.52,27.48,6955,191452.48,89
NSE,NIRAJISPAT,INE326T01011,BE,284.10,284.10,284.10,284.10,299.00,53,15057.30,8
NSE,NIRLON,INE910A01012,EQ,615.90,622.95,615.50,620.10,619.00,4288,2649381.85,273
NSE,NITCO,INE858F01012,EQ,83.50,83.67,81.81,82.75,83.77,606001,50228130.48,2191
NSE,NITINSPIN,INE229H01012,EQ,618.00,620.25,611.20,615.60,616.35,35647,21927474.05,2893
NSE,NITIRAJ,INE439T01012,EQ,201.00,215.00,201.00,213.86,203.29,655,137845.19,30
NSE,NITTAGELA,INE265B01019,EQ,1700.00,1700.00,1645.90,1668.40,1668.10,2334,3886827.90,649
NSE,NIVABUPA,INE995S01015,EQ,75.91,77.91,75.30,77.38,76.56,648650,49758393.76,13763
NSE,NKIND,INE542C01019,EQ,60.00,60.00,58.00,58.99,57.06,177,10342.22,17
NSE,NLCINDIA,INE589A01014,EQ,254.90,255.40,247.10,250.35,254.90,1073810,269126994.90,21400
NSE,NMDC,INE584A01023,EQ,73.80,73.80,72.44,72.80,74.38,15148455,1104471099.10,68608
NSE,NOCIL,INE163A01018,EQ,172.40,175.75,170.65,172.82,171.83,561575,97143441.04,8286
NSE,NOIDATOLL,INE781B01015,EQ,3.68,3.74,3.53,3.67,3.67,48814,178005.81,531
NSE,NORBTEAEXP,INE369C01017,EQ,64.21,65.38,61.20,61.36,64.21,2475,154770.33,60
NSE,NORTHARC,INE850M01015,EQ,298.60,299.90,291.75,293.75,298.20,1102834,326252602.60,14429
NSE,NOVAAGRI,INE02H701025,EQ,22.85,22.85,22.01,22.24,22.64,21493,483760.16,216
NSE,NOVARTIND,INE234A01025,EQ,2052.00,2093.90,2000.00,2010.40,2051.20,59356,121451355.50,7773
NSE,NPST,INE0FFK01017,EQ,1846.00,1903.60,1821.00,1854.90,1835.50,107305,201272544.90,9611
NSE,NRAIL,INE740D01017,EQ,651.00,669.10,648.00,660.90,658.25,10667,7045204.30,948
NSE,NRBBEARING,INE349A01021,EQ,536.95,546.15,526.50,529.95,536.95,287108,153902633.70,15508
NSE,NRL,INE0JM501013,BE,160.00,160.14,160.00,160.14,157.00,78987,12646521.60,175
NSE,NSIL,INE023A01030,EQ,5212.00,5344.50,5212.00,5266.50,5297.50,1544,8158862.50,378
NSE,NSLNISP,INE0NNS01018,EQ,40.82,40.93,40.28,40.55,40.90,2418385,98113017.77,10971
NSE,NTCIND,INE920C01017,EQ,134.09,138.90,131.80,132.53,134.76,1528,205917.07,66
NSE,NTPC,INE733E01010,EQ,320.15,321.70,315.90,316.75,321.45,6330699,2017722456.90,69539
NSE,NTPCGREEN,INE0ONG01011,EQ,90.00,90.05,88.27,88.51,90.13,1950927,173198652.64,20007
NSE,NUCLEUS,INE096B01018,EQ,657.70,657.70,616.50,628.85,638.05,59350,37522530.85,3451
NSE,NURECA,INE0DSF01015,BE,339.00,343.95,330.05,333.90,338.55,4515,1516238.75,143
NSE,NUVAMA,INE531F01023,EQ,1839.70,1855.00,1788.90,1825.90,1838.80,241969,442529262.90,20949
NSE,NUVOCO,INE118D01016,EQ,325.00,329.60,322.05,324.75,326.50,80863,26259227.60,7506
NSE,NYKAA,INE388Y01029,EQ,337.00,346.45,337.00,341.25,338.20,6078112,2082460772.80,73805
NSE,OAL,INE959C01023,EQ,514.80,529.40,508.55,515.60,511.35,18150,9408895.90,1054
NSE,OBCL,INE426Z01016,EQ,57.44,57.80,56.01,57.56,57.44,3158,181147.27,37
NSE,OBEROIRLTY,INE093I01010,EQ,1742.90,1752.00,1728.20,1736.00,1751.80,299046,520314515.40,19761
NSE,OCCLLTD,INE0PK601023,BE,214.30,217.96,209.72,217.30,207.59,195497,42335212.16,1433
NSE,ODIGMA,INE054301028,EQ,20.80,21.17,20.62,20.90,20.91,9333,194159.15,326
NSE,ODYCORP,INE839E01023,EQ,6.60,6.99,6.60,6.70,6.85,3117,20954.93,57
NSE,OFSS,INE881D01027,EQ,10519.00,10733.00,10406.00,10576.00,10482.00,201807,2137159570.00,31240
NSE,OIL,INE274J01014,EQ,449.45,455.00,446.15,453.75,447.85,1445019,652639606.75,22820
NSE,OILCOUNTUB,INE591A01010,BE,82.91,82.91,82.91,82.91,81.29,28578,2369401.98,75
NSE,OLAELEC,INE0LXG01040,EQ,36.35,37.10,35.93,36.32,35.96,61427676,2236032908.22,130263
NSE,OLECTRA,INE260D01016,EQ,1101.00,1101.00,1079.00,1084.10,1102.90,243414,264719113.50,14528
NSE,OMAXAUTO,INE090B01011,EQ,209.29,213.96,205.11,206.85,209.29,44859,9394662.37,1218
NSE,OMAXE,INE800H01010,EQ,107.01,108.10,106.31,107.01,107.71,214830,23072313.30,3342
NSE,OMFREIGHT,INE1BZC01019,EQ,105.00,107.10,104.60,106.63,105.00,42234,4464468.29,487
NSE,OMINFRAL,INE239D01028,EQ,74.73,74.74,71.50,72.45,73.33,41871,3059437.68,948
NSE,OMNI,INE0UH301010,EQ,657.00,688.75,647.95,657.55,656.95,972976,650009226.20,38757
NSE,OMPOWER,INE25E901019,EQ,162.00,169.86,157.00,165.75,153.50,1118196,183541651.97,12200
NSE,ONEGLOBAL,INE670O01013,EQ,564.00,587.00,552.05,585.00,564.00,16214,9351126.75,1122
NSE,ONELIFECAP,INE912L01015,BE,46.99,47.25,45.00,47.16,45.00,359287,16912064.75,362
NSE,ONEPOINT,INE840Y01029,EQ,78.65,80.75,78.32,78.77,78.65,2116511,168277352.23,18013
NSE,ONESOURCE,INE013P01021,EQ,1529.10,1548.00,1510.60,1528.60,1535.80,101988,155806184.50,10163
NSE,ONGC,INE213A01029,EQ,223.91,224.92,220.63,221.88,224.20,14223609,3154570891.77,152315
NSE,ONIDA,INE831A01028,EQ,31.06,31.29,30.16,30.67,31.11,188758,5807457.45,897
NSE,ONIXSOLAR,INE173M01012,EQ,344.00,355.10,339.00,355.10,338.20,98805,34569457.85,1254
NSE,ONMOBILE,INE809I01019,BE,49.70,51.57,48.55,51.57,49.12,43623,2209331.56,309
NSE,ONWARDTEC,INE229A01017,EQ,297.00,301.30,291.95,297.40,294.60,38634,11492893.35,1109
NSE,OPTIEMUS,INE350C01017,EQ,879.05,897.45,856.90,861.90,889.90,1054981,925964258.90,42405
NSE,OPTIFIN,INE031G01022,EQ,14.49,14.78,14.01,14.58,14.42,23183,333124.42,116
NSE,ORBTEXP,INE231G01010,EQ,242.10,251.00,238.00,242.90,246.85,7332,1790615.80,333
NSE,ORCHASP,INE215B01022,EQ,1.29,1.35,1.29,1.33,1.29,181892,241371.42,208
NSE,ORCHPHARMA,INE191A01027,EQ,1007.80,1069.50,993.75,1023.95,1006.55,198749,206597931.80,19940
NSE,ORICONENT,INE730A01022,EQ,52.27,53.00,51.01,52.27,52.27,66002,3456556.96,456
NSE,ORIENTALTL,INE998H01012,EQ,4.87,4.89,4.78,4.83,4.87,18666,90394.17,160
NSE,ORIENTBELL,INE607D01018,EQ,416.05,440.40,405.25,432.55,413.55,57426,24642386.85,1468
NSE,ORIENTCABL,INE0J1N01028,EQ,400.60,423.90,396.20,418.40,396.40,8304312,3416903382.15,146156
NSE,ORIENTCEM,INE876N01018,EQ,115.32,116.19,112.41,113.21,115.76,165155,18775429.46,5399
NSE,ORIENTCER,INE569C01020,EQ,44.13,44.45,42.30,42.87,44.14,68168,2955103.46,803
NSE,ORIENTELEC,INE142Z01019,EQ,160.70,162.31,158.76,160.73,160.70,120865,19366104.78,3732
NSE,ORIENTHOT,INE750A01020,EQ,144.76,145.00,142.70,143.06,143.61,343678,49501342.71,2724
NSE,ORIENTLTD,INE609C01024,BE,75.24,78.25,75.24,77.00,76.00,523,40070.96,6
NSE,ORIENTPPR,INE592A01026,EQ,16.30,16.30,15.95,15.99,16.26,259318,4163865.03,817
NSE,ORIENTTECH,INE0PPK01015,EQ,229.00,258.20,227.01,239.80,226.35,14171312,3530511234.71,177204
NSE,ORIRAIL,INE457G01029,EQ,123.50,123.50,119.17,120.66,122.96,41071,4968078.47,937
NSE,ORISSAMINE,INE725E01024,EQ,3639.00,3639.00,3551.00,3581.30,3609.00,3643,13089800.10,705
NSE,ORKLAINDIA,INE16NZ01023,EQ,541.00,566.00,539.00,562.75,545.00,66329,36929683.30,4350
NSE,ORTINGLOBE,INE749B01020,EQ,14.68,15.10,14.10,14.90,14.39,6452,96852.01,32
NSE,OSWALAGRO,INE142A01012,EQ,32.69,33.63,32.10,32.74,32.85,45081,1492913.25,327
NSE,OSWALGREEN,INE143A01010,EQ,19.27,19.47,18.89,18.99,19.27,74952,1433444.08,722
NSE,OSWALPUMPS,INE0BYP01024,EQ,264.90,269.95,262.85,264.60,264.80,226913,60216732.60,5277
NSE,OSWALSEEDS,INE00IK01029,EQ,12.29,12.50,12.01,12.20,12.13,39106,476124.20,294
NSE,PACEDIGITK,INE0S3G01027,EQ,167.00,168.00,163.56,165.45,166.28,525452,86662970.35,7774
NSE,PACIFICI,INE883C01025,EQ,141.00,141.00,130.00,138.59,138.99,453,60285.87,27
NSE,PAGEIND,INE761H01022,EQ,37970.00,37970.00,37300.00,37570.00,37970.00,10168,382028270.00,5251
NSE,PAISALO,INE420C01059,EQ,83.31,85.48,83.11,84.23,83.10,11691827,990281048.74,18197
NSE,PAKKA,INE551D01018,EQ,69.13,72.90,68.66,72.37,69.13,208422,14731113.46,2005
NSE,PALASHSECU,INE471W01019,EQ,87.90,87.99,84.10,87.99,86.80,205,17738.86,27
NSE,PALREDTEC,INE218G01033,EQ,41.62,43.42,39.54,43.42,41.62,1810,72881.34,40
NSE,PANACEABIO,INE922B01023,EQ,361.70,365.00,355.55,357.60,363.20,46154,16646672.00,1909
NSE,PANACHE,INE895W01019,BE,570.55,597.45,570.00,597.45,569.00,65399,37726673.90,195
NSE,PANAMAPET,INE305C01029,EQ,508.65,551.85,497.45,537.00,504.10,1895756,1010724863.45,57160
NSE,PANCHMAHQ,INE798F01010,EQ,296.40,296.40,285.00,285.00,296.40,6,1744.20,2
NSE,PANORAMA,INE258R01028,EQ,62.90,67.00,62.90,66.29,63.05,2007982,131360138.01,7910
NSE,PANSARI,INE697V01011,EQ,260.00,273.90,251.10,271.00,265.70,368,95861.90,15
NSE,PAR,INE04LG01015,BE,120.06,126.15,120.06,125.28,122.74,8720,1075920.64,121
NSE,PARACABLES,INE074B01023,EQ,58.08,59.35,57.00,57.49,58.22,958244,55665305.50,6174
NSE,PARADEEP,INE088F01024,EQ,156.00,157.38,153.41,155.38,156.76,1126425,174759794.25,18558
NSE,PARAGMILK,INE883N01014,EQ,306.95,314.70,301.35,311.80,308.70,2455573,763693756.85,34861
NSE,PARAS,INE045601023,EQ,1321.90,1321.90,1278.00,1286.10,1323.30,560761,724022561.60,33368
NSE,PARASPETRO,INE162C01024,EQ,2.02,2.09,1.99,2.03,2.02,192904,391211.90,327
NSE,PARIN,INE00U801010,EQ,709.20,709.20,685.55,704.30,700.05,10043,7028900.60,399
NSE,PARKHOSPS,INE119201023,EQ,274.00,275.90,270.00,272.80,274.85,689821,188196429.20,6895
NSE,PARKHOTELS,INE988S01028,EQ,103.00,104.49,102.68,103.62,103.19,73659,7640529.94,1165
NSE,PARNAXLAB,INE383L01019,EQ,111.00,115.99,111.00,111.54,115.34,2587,291492.97,70
NSE,PARSVNATH,INE561H01026,BE,2.25,2.25,2.25,2.25,2.21,28893,65009.25,37
NSE,PASHUPATI,INE124Y01028,EQ,71.45,75.04,68.15,69.60,69.91,3311365,232732637.13,18374
NSE,PASUPTAC,INE818B01023,EQ,70.50,73.09,69.56,70.50,70.89,76842,5451213.14,1361
NSE,PATANJALI,INE619A01035,EQ,362.45,363.00,354.00,360.95,363.00,3163358,1136095227.60,30886
NSE,PATELENG,INE244B01030,EQ,25.85,26.09,25.62,25.74,25.93,1235700,31894642.66,4305
NSE,PATELRMART,INE0R8B01010,EQ,225.88,233.39,223.00,227.86,227.01,234782,53784219.90,2940
NSE,PATINTLOG,INE529D01014,EQ,13.48,13.48,13.10,13.11,13.15,21004,276603.17,155
NSE,PAUSHAKLTD,INE111F01024,EQ,722.85,722.85,692.50,697.55,704.30,40665,28831119.85,3596
NSE,PAVNAIND,INE07S101038,EQ,15.84,15.84,15.25,15.30,15.65,20734,321332.83,114
NSE,PAYTM,INE982J01020,EQ,1686.50,1774.00,1680.10,1732.00,1694.00,5016093,8732104477.90,119142
NSE,PBMPOLY,INE501F01018,EQ,56.26,66.90,56.26,57.75,58.75,315,18881.32,9
NSE,PCBL,INE602A01031,EQ,328.70,329.00,323.65,326.90,327.70,499455,163058454.75,12845
NSE,PCJEWELLER,INE785M01021,EQ,12.95,13.25,12.87,13.14,12.93,208486730,2725217262.32,103807
NSE,PDMJEPAPER,INE865T01018,EQ,96.22,97.59,95.70,96.36,96.16,73269,7076131.79,1636
NSE,PDSL,INE111Q01021,EQ,348.35,348.40,337.15,342.00,347.40,76936,26309152.05,2846
NSE,PEARLPOLY,INE844A01013,EQ,16.85,17.95,16.85,17.55,17.20,9697,170522.67,68
NSE,PENIND,INE932A01024,EQ,177.85,182.95,175.23,180.85,177.85,368396,65805524.82,6199
NSE,PENINLAND,INE138A01028,EQ,14.40,14.72,14.40,14.66,14.66,75236,1100218.69,312
NSE,PERMAGN,INE418E01018,EQ,855.00,895.00,846.30,881.60,846.75,6857,6016330.20,781
NSE,PERNIASPOP,INE0I1B01016,EQ,516.50,535.00,516.50,531.45,518.60,46942,24831642.75,2792
NSE,PERSISTENT,INE262H01021,EQ,5513.50,5529.00,5447.50,5507.00,5521.00,298344,1640483714.00,27802
NSE,PETRONET,INE347G01014,EQ,295.00,299.60,294.25,297.00,297.50,3121238,927490221.25,42161
NSE,PFC,INE134E01011,EQ,322.90,332.25,321.95,325.55,322.60,15838626,5178470549.00,101286
NSE,PFIZER,INE182A01018,EQ,3870.00,3870.10,3802.00,3815.10,3852.20,11656,44555818.40,3296
NSE,PFOCUS,INE367G01038,EQ,294.85,296.10,265.00,284.00,292.70,8031093,2218420419.45,118488
NSE,PFS,INE560K01014,EQ,27.48,27.51,26.90,27.12,27.29,890156,24176072.61,5481
NSE,PGEL,INE457L01029,EQ,523.65,531.00,519.20,522.00,527.65,987708,518701085.95,19049
NSE,PGHH,INE179A01014,EQ,6900.00,7012.00,6840.00,6921.00,6865.00,11952,82875404.00,4415
NSE,PGHL,INE199A01012,EQ,5305.50,5329.50,5192.00,5234.00,5306.00,10836,56767954.00,2622
NSE,PGIL,INE940H01022,EQ,1265.00,1311.00,1261.40,1273.10,1266.70,177377,227559879.70,24269
NSE,PHOENIXLTD,INE211B01039,EQ,1861.00,1886.30,1845.00,1845.50,1883.50,277954,517305904.70,31460
NSE,PHOENXINTL,INE245B01011,EQ,28.50,28.99,28.49,28.98,28.01,517,14873.05,16
NSE,PICCADIL,INE546C01010,EQ,592.55,602.00,584.00,589.00,594.20,56998,33630536.90,5029
NSE,PIDILITIND,INE318A01026,EQ,1515.00,1515.00,1483.10,1488.50,1520.50,537272,803649987.80,40292
NSE,PIGL,INE557Z01018,EQ,96.00,98.61,96.00,97.09,98.42,30138,2916113.06,679
NSE,PIIND,INE603J01030,EQ,2259.00,2259.00,2197.80,2210.00,2250.00,167302,370058646.70,15955
NSE,PILANIINVS,INE417C01014,EQ,4094.50,4095.00,4053.00,4076.30,4067.10,1469,5981319.60,275
NSE,PILITA,INE600A01035,EQ,7.38,7.50,7.30,7.32,7.35,22080,162459.86,105
NSE,PINELABS,INE15B701018,EQ,173.00,184.70,171.54,177.67,172.73,40833328,7345739527.56,236708
NSE,PIONEEREMB,INE156C01018,EQ,20.30,20.79,20.10,20.70,20.60,329,6710.60,22
NSE,PIONRINV,INE746D01014,BE,67.21,67.21,62.60,62.60,65.89,15367,961982.31,65
NSE,PIRAMALFIN,INE202B01038,EQ,2018.00,2022.70,1970.20,1981.50,2018.50,377333,753397377.90,53575
NSE,PITTIENG,INE450D01021,EQ,1122.00,1149.80,1115.00,1118.40,1122.00,86462,98010235.00,6955
NSE,PIXTRANS,INE751B01018,EQ,1784.00,1808.80,1756.10,1788.40,1796.70,24831,44221037.90,3113
NSE,PKTEA,INE431F01018,BE,980.00,980.00,940.00,944.40,983.20,484,462353.30,74
NSE,PLASTIBLEN,INE083C01022,EQ,205.00,207.00,200.20,205.09,202.40,47821,9751631.86,1509
NSE,PLATIND,INE0PT501018,EQ,203.63,207.00,200.00,200.56,203.58,50708,10287093.99,1605
NSE,PLAZACABLE,INE0INJ01017,EQ,58.69,59.00,56.70,58.20,58.07,42724,2474776.46,955
NSE,PML,INE291E01019,EQ,481.20,493.95,468.50,483.85,481.20,29,13866.05,20
NSE,PNB,INE160A01022,EQ,111.60,115.10,110.55,114.59,111.92,18275898,2075382618.41,71430
NSE,PNBGILTS,INE859A01011,EQ,71.50,72.64,71.00,71.52,71.42,343479,24700667.06,2451
NSE,PNBHOUSING,INE572E01012,EQ,1105.10,1139.70,1105.10,1131.00,1102.10,1125058,1269634454.30,41835
NSE,PNC,INE392B01011,EQ,18.80,18.80,16.86,17.49,17.41,15085,265159.50,265
NSE,PNCINFRA,INE195J01029,EQ,138.74,139.00,135.85,136.93,138.74,441404,60522844.98,10544
NSE,PNGJL,INE953R01016,EQ,587.80,603.95,582.60,597.05,588.60,424424,253422508.20,18721
NSE,PNGSREVA,INE1RDG01013,EQ,551.45,653.00,549.90,631.00,547.20,4514798,2795423921.75,121929
NSE,POCL,INE063E01061,EQ,448.45,450.95,438.00,448.40,447.25,181018,80831121.40,11058
NSE,PODDARMENT,INE371C01013,EQ,255.00,257.70,252.60,254.80,253.30,2146,546311.65,104
NSE,POEL,INE035S01028,EQ,133.71,137.70,131.57,135.86,133.71,42710,5768485.06,1831
NSE,POKARNA,INE637C01025,EQ,712.00,712.20,698.30,704.45,709.90,31826,22443034.90,2495
NSE,POLICYBZR,INE417T01026,EQ,1034.50,1041.20,1012.00,1040.00,1034.90,3508117,3605602754.30,69908
NSE,POLYCAB,INE455K01017,EQ,8130.50,8335.50,8038.00,8310.00,8147.00,531310,4340265666.50,44462
NSE,POLYMED,INE205C01021,EQ,1635.00,1641.00,1599.50,1615.00,1633.80,114735,186577775.70,11936
NSE,POLYPLEX,INE633B01018,EQ,1028.30,1030.00,1010.40,1023.30,1034.30,38428,39256721.70,3820
NSE,POLYSPIN,INE914G01029,EQ,28.95,29.97,28.24,29.00,28.95,155,4516.89,13
NSE,PONNIERODE,INE838E01017,EQ,375.00,379.80,362.15,365.40,374.55,76407,28459068.90,2330
NSE,POONAWALLA,INE511C01022,EQ,459.70,459.70,447.85,448.90,460.45,1030916,465445457.45,43401
NSE,POWERGRID,INE752E01010,EQ,256.60,256.65,252.85,253.05,257.20,4339989,1104222334.60,69333
NSE,POWERICA,INE921L01032,EQ,600.05,613.60,590.00,600.95,601.70,167821,101012458.65,6163
NSE,POWERINDIA,INE07Y701011,EQ,31470.00,31825.00,31300.00,31610.00,31640.00,47440,1499092810.00,14722
NSE,POWERMECH,INE211R01019,EQ,2414.50,2449.40,2401.00,2429.30,2426.00,26530,64313527.30,6628
NSE,PPAP,INE095I01015,BE,244.60,248.00,241.35,247.06,239.81,6281,1538865.62,96
NSE,PPL,INE050001010,EQ,252.65,252.95,246.05,247.60,252.65,28315,7067998.45,915
NSE,PPLPHARMA,INE0DK501011,EQ,200.06,205.10,199.99,203.01,200.52,2298287,465908131.41,40447
NSE,PRABHA,INE0I0M01023,EQ,220.91,229.00,220.01,225.82,221.33,156054,35248921.15,2906
NSE,PRADPME,INE770A01010,EQ,572.20,653.10,572.20,620.90,544.25,514852,323477968.30,14921
NSE,PRAENG,INE505C01016,EQ,20.40,20.58,17.67,19.37,19.70,299127,5724173.02,831
NSE,PRAJIND,INE074A01025,EQ,315.05,315.90,299.20,300.40,315.05,649176,197756720.35,25376
NSE,PRAKASH,INE603A01013,EQ,119.35,119.40,117.11,118.31,119.70,264927,31373222.88,3034
NSE,PRAKASHSTL,INE696K01024,EQ,3.53,3.57,3.41,3.43,3.53,93821,325873.23,410
NSE,PRANAV,INE0H4201019,EQ,90.29,95.88,89.10,94.22,90.90,3367704,313718230.94,26100
NSE,PRASOLCHEM,INE455U01024,EQ,824.20,889.95,821.45,878.90,821.45,609936,527727587.45,37029
NSE,PRAVEG,INE722B01019,EQ,249.03,253.50,241.00,242.27,247.81,28238,7010057.86,1322
NSE,PRAXIS,INE546Y01022,EQ,4.48,4.63,4.48,4.51,4.45,29494,134794.67,107
NSE,PRECAM,INE484I01029,EQ,112.65,115.98,109.00,113.85,113.27,155014,17629857.07,3222
NSE,PRECOT,INE283A01014,EQ,595.80,635.95,595.10,613.10,604.50,996,603217.85,128
NSE,PRECWIRE,INE372C01037,EQ,515.00,522.05,509.35,516.60,515.15,455686,235570398.80,19522
NSE,PREMCO,INE001E01012,EQ,405.85,405.85,389.50,397.15,405.90,1232,491319.50,103
NSE,PREMEXPLN,INE863B01029,EQ,685.90,693.90,682.10,687.05,685.10,200274,137279155.30,4120
NSE,PREMIER,INE342A01018,BE,2.65,2.76,2.54,2.74,2.63,20022,54433.01,34
NSE,PREMIERENE,INE0BS701011,EQ,900.15,917.70,894.35,910.00,907.00,918753,836292359.95,36967
NSE,PREMIERPOL,INE309M01020,EQ,98.01,103.89,97.32,101.23,97.23,809457,81801956.14,13498
NSE,PRESTIGE,INE811K01011,EQ,1467.50,1467.50,1425.50,1429.30,1467.70,589957,850287858.70,24871
NSE,PRICOLLTD,INE726V01018,EQ,681.00,687.00,658.65,661.25,677.65,609345,405141567.15,32212
NSE,PRIMESECU,INE032B01021,EQ,301.50,302.95,294.25,295.80,297.05,4970,1474554.75,302
NSE,PRIMO,INE607A01022,EQ,27.44,27.44,25.25,25.62,26.97,277273,7320405.20,1560
NSE,PRINCEPIPE,INE689W01016,EQ,256.55,262.00,253.15,256.65,258.20,104909,27073848.70,3983
NSE,PRIORITY,INE15EH01014,EQ,315.00,342.70,305.30,319.55,311.85,1457432,475532070.20,40413
NSE,PRISMX,INE286N01028,EQ,0.50,0.51,0.49,0.49,0.49,159772,79213.86,115
NSE,PRITI,INE974Z01015,EQ,32.80,32.90,31.25,32.20,31.66,2193,70626.41,114
NSE,PRITIKAUTO,INE583R01029,EQ,16.02,16.78,16.01,16.18,16.33,143879,2344139.69,755
NSE,PRIVISCL,INE959A01019,EQ,3504.90,3545.00,3476.00,3519.20,3504.90,78112,274695545.70,13971
NSE,PROSTARM,INE0BX301013,EQ,133.52,133.76,130.50,131.36,132.91,115044,15187777.93,1850
NSE,PROTEAN,INE004A01022,EQ,685.00,696.00,666.95,669.95,689.25,469531,319187274.20,17219
NSE,PROZONER,INE195N01013,EQ,52.98,55.50,50.99,54.06,52.45,710014,37700539.71,5684
NSE,PRSMJOHNSN,INE010A01011,EQ,103.75,103.75,100.21,100.71,103.48,332140,33571179.11,5785
NSE,PRUDENT,INE00F201020,EQ,3172.00,3247.50,3170.70,3223.30,3204.30,19841,63946503.70,7071
NSE,PRUDMOULI,INE024D01016,EQ,14.77,14.77,13.32,13.54,13.81,17056,237967.61,93
NSE,PSB,INE608A01012,EQ,21.10,21.26,20.87,21.06,21.05,1039235,21862254.92,3060
NSE,PSPPROJECT,INE488V01015,EQ,762.50,785.00,760.00,765.60,761.75,36096,27874680.10,2876
NSE,PTC,INE877F01012,EQ,150.80,152.14,149.35,151.72,157.14,1807621,273101632.85,16594
NSE,PTCIL,INE596F01018,EQ,23850.00,24800.00,23755.00,24685.00,23125.00,117090,2839834360.00,34410
NSE,PTL,INE034D01049,EQ,38.25,38.41,37.94,38.20,38.23,62207,2365787.10,653
NSE,PUNJABCHEM,INE277B01014,EQ,1035.20,1051.90,1030.60,1044.10,1039.00,1977,2055161.50,359
NSE,PURVA,INE323I01011,EQ,208.99,211.95,206.82,209.68,210.75,58462,12223540.62,1914
NSE,PVP,INE362A01016,EQ,52.85,52.85,52.85,52.85,50.34,65062,3438526.70,113
NSE,PVRINOX,INE191H01014,EQ,1287.00,1374.80,1276.00,1343.80,1249.40,5065408,6786894721.30,214177
NSE,PVSL,INE772T01024,EQ,95.40,97.00,93.00,95.37,94.57,10323,980766.54,536
NSE,PWL,INE0LP301011,EQ,131.02,140.20,130.70,139.57,131.86,34917953,4829337695.18,184756
NSE,PYRAMID,INE0MIS01010,EQ,157.84,157.90,148.21,151.27,159.71,114998,17424616.63,2042
NSE,QMSMEDI,INE0FMW01018,BE,185.55,202.34,185.55,200.99,192.71,82949,16618434.71,434
NSE,QPOWER,INE0SII01026,EQ,1664.00,1666.00,1595.00,1615.00,1648.80,318497,518666678.20,18133
NSE,QUADFUTURE,INE0LRY01011,EQ,547.40,549.00,531.25,534.40,547.40,209072,112404162.55,8970
NSE,QUESS,INE615P01015,EQ,332.25,342.75,324.10,328.40,334.45,239909,79856478.65,8412
NSE,QUICKHEAL,INE306L01010,EQ,141.12,145.85,139.14,140.97,140.42,65681,9338742.92,1930
NSE,QUINT,INE641R01017,BE,58.95,58.95,58.95,58.95,62.05,4526,266807.70,48
NSE,QUINTEGRA,INE033B01011,EQ,1.54,1.54,1.54,1.54,1.47,1590,2448.60,5
NSE,RACE,INE084Q01012,EQ,107.99,107.99,102.24,103.75,108.75,90297,9491282.71,835
NSE,RACLGEAR,INE704B01017,EQ,1603.00,1618.00,1568.10,1589.50,1593.40,15992,25387201.90,3040
NSE,RADAAN,INE874F01027,EQ,2.98,2.98,2.87,2.89,2.98,7107,20629.97,57
NSE,RADHIKAJWE,INE583V01021,BE,67.69,70.70,66.00,69.53,67.39,149614,10184281.71,899
NSE,RADIANTCMS,INE855R01021,EQ,34.82,35.40,34.20,34.52,34.82,104256,3617186.73,1015
NSE,RADICO,INE944F01028,EQ,4451.00,4531.20,4425.30,4495.00,4460.10,460029,2066386623.30,47924
NSE,RADIOCITY,INE919I01024,EQ,6.04,6.04,5.81,5.87,6.01,24410,143385.82,155
NSE,RAILTEL,INE0DD101019,EQ,258.45,258.45,252.90,254.65,257.65,317218,80738765.90,9820
NSE,RAIN,INE855B01025,EQ,211.14,220.89,210.26,218.95,212.63,4431420,964860847.51,36244
NSE,RAINBOW,INE961O01016,EQ,1237.00,1288.70,1198.00,1270.70,1239.70,409464,506192321.60,40699
NSE,RAJMET,INE00KV01022,EQ,3.13,3.13,3.05,3.10,3.08,156016,482618.97,585
NSE,RAJOOENG,INE535F01024,EQ,57.74,62.90,56.76,62.37,56.95,2912369,177112565.52,18170
NSE,RAJPALAYAM,INE296E01026,EQ,768.00,768.00,710.00,743.80,743.95,1936,1425616.15,92
NSE,RAJRATAN,INE451D01029,EQ,468.00,471.80,455.60,460.60,467.30,74372,34549205.90,4314
NSE,RAJRILTD,INE533D01032,BE,20.41,20.41,20.41,20.41,20.01,9469,193262.29,39
NSE,RAJSREESUG,INE562B01019,EQ,28.69,30.15,27.08,27.40,29.58,368626,10355481.68,2183
NSE,RAJTV,INE952H01027,BE,10.71,10.71,10.19,10.53,10.72,12914,133185.79,68
NSE,RALLIS,INE613A01020,EQ,199.90,200.47,197.75,200.03,200.30,320141,63880614.92,19266
NSE,RAMANEWS,INE278B01020,EQ,29.59,29.59,28.61,28.98,28.88,7824,229176.35,84
NSE,RAMAPHO,INE809A01032,EQ,119.90,119.90,114.50,115.17,117.99,60428,7031858.31,864
NSE,RAMASTEEL,INE230R01035,BE,4.25,4.25,4.23,4.23,4.31,396923,1681291.55,885
NSE,RAMBHAJO,INE1SJO01012,EQ,329.45,363.35,327.25,360.80,330.35,1711528,611309213.60,27248
NSE,RAMCOCEM,INE331A01037,EQ,850.25,850.25,833.50,845.00,848.25,165100,138858260.60,7610
NSE,RAMCOIND,INE614A01028,EQ,299.00,302.50,295.75,299.70,297.75,90554,27060808.50,2271
NSE,RAMCOSYS,INE246B01019,EQ,563.50,578.00,557.05,574.35,563.50,49520,28247919.85,2819
NSE,RAMKY,INE874I01013,EQ,288.10,288.10,278.10,281.70,286.65,35235,9926022.60,1214
NSE,RAMRAT,INE207E01023,EQ,639.05,641.50,630.55,637.40,641.20,113963,72539012.40,8078
NSE,RANASUG,INE625B01014,EQ,13.70,14.10,13.70,13.82,13.81,266483,3688236.92,803
NSE,RANEHOLDIN,INE384A01010,EQ,1535.80,1555.00,1510.00,1536.60,1547.40,6257,9568541.30,781
NSE,RATEGAIN,INE0CLI01024,EQ,848.05,863.05,845.55,854.55,854.45,173482,148292476.15,14071
NSE,RATNAMANI,INE703B01027,EQ,2617.00,2617.00,2511.00,2524.30,2601.20,50917,129962738.90,8013
NSE,RATNAVEER,INE05CZ01011,EQ,336.00,351.90,334.35,336.45,335.25,5211840,1782312780.20,47733
NSE,RAYMOND,INE301A01014,EQ,1287.50,1289.20,1193.70,1206.70,1294.30,1774220,2185259410.00,81478
NSE,RAYMONDLSL,INE02ID01020,EQ,649.60,651.40,623.10,624.85,649.85,167854,105969012.60,8029
NSE,RAYMONDREL,INE1SY401010,EQ,702.45,726.50,690.30,701.80,707.80,1304100,921976369.75,40920
NSE,RBA,INE07T201019,EQ,95.39,96.60,93.40,96.08,95.10,3125930,297698988.78,22117
NSE,RBLBANK,INE976G01028,EQ,412.50,416.80,410.30,412.00,414.50,1657559,684672360.65,27603
NSE,RBZJEWEL,INE0PEQ01016,BE,200.00,204.80,198.00,199.38,196.15,101810,20524946.37,844
NSE,RCF,INE027A01015,EQ,108.70,108.70,107.02,107.58,108.94,451969,48691892.73,5563
NSE,RCOM,INE330H01018,BE,0.85,0.86,0.84,0.85,0.86,2110504,1802702.30,1728
NSE,RECLTD,INE020B01018,EQ,300.00,306.85,297.45,298.90,300.00,6950416,2090269185.95,71929
NSE,REDINGTON,INE891D01026,EQ,406.00,411.00,401.50,406.50,405.70,2508651,1017973768.80,48685
NSE,REDTAPE,INE0LXT01019,EQ,114.70,114.70,112.95,113.63,114.80,146070,16631273.28,3614
NSE,REFEX,INE056I01025,EQ,263.00,275.00,262.40,266.35,265.15,191336,51034204.10,4046
NSE,REGAAL,INE0MHO01029,EQ,86.79,86.79,84.67,85.49,85.94,166086,14183874.34,2385
NSE,REGENCERAM,INE277C01012,EQ,32.06,32.96,31.10,31.66,33.28,9795,311816.93,166
NSE,RELAXO,INE131B01039,EQ,290.55,292.00,285.95,287.75,290.50,77339,22274013.55,4481
NSE,RELCHEMQ,INE750D01016,EQ,113.27,114.99,113.01,114.19,113.40,995,113426.28,69
NSE,RELIABLE,INE375Y01018,EQ,144.00,144.00,139.00,141.58,139.30,8871,1245784.34,343
NSE,RELIANCE,INE002A01018,EQ,1212.00,1220.80,1203.50,1207.70,1218.00,11880731,14382508204.30,303168
NSE,RELIGARE,INE621H01010,EQ,226.20,228.79,223.86,224.92,227.75,1529143,344097357.93,12570
NSE,RELINFRA,INE036A01016,BE,53.80,53.80,53.80,53.80,51.24,125234,6737589.20,540
NSE,RELTD,INE206N01018,EQ,146.60,150.79,145.00,148.58,147.25,539786,80642026.33,3287
NSE,REMSONSIND,INE474C01023,EQ,104.99,110.88,101.00,104.02,108.67,869358,90719800.82,6649
NSE,RENTOMOJO,INE08T701025,EQ,551.40,643.50,550.00,618.95,545.20,18424264,11253930362.80,396201
NSE,RENUKA,INE087H01022,EQ,22.58,23.27,22.45,22.78,22.65,11798511,270649191.33,19180
NSE,REPCOHOME,INE612J01015,EQ,326.45,342.50,325.80,339.80,326.45,156577,52904865.95,8389
NSE,REPL,INE364Z01019,EQ,57.01,57.01,54.05,55.30,56.83,5726,322144.50,81
NSE,REPRO,INE461B01014,EQ,297.85,304.90,287.00,295.70,296.35,20376,6004355.35,1332
NSE,RESPONIND,INE688D01026,EQ,156.00,166.23,155.80,159.73,156.31,443322,71646242.01,8476
NSE,RETAIL,INE03DD01011,BE,29.97,29.97,29.97,29.97,31.54,3938,118021.86,27
NSE,RGL,INE722H01024,EQ,163.62,170.19,162.68,168.47,163.62,600665,100337241.07,9321
NSE,RHETAN,INE0KKN01029,EQ,17.41,17.41,17.40,17.40,16.59,12917219,224851182.13,2492
NSE,RHIM,INE743M01012,EQ,377.25,381.70,366.80,369.45,373.40,402448,150104615.95,14032
NSE,RHL,INE508K01013,EQ,162.01,165.98,162.01,165.87,165.25,1867,305799.39,73
NSE,RICOAUTO,INE209B01025,EQ,122.85,126.19,120.53,123.45,121.83,908338,112291892.01,9200
NSE,RIIL,INE046A01015,EQ,682.00,740.45,675.00,705.05,681.70,440480,317066380.95,19935
NSE,RIR,INE302D01024,EQ,184.80,188.35,181.10,183.81,183.49,593105,109375475.08,10366
NSE,RISHABH,INE0N2P01017,EQ,689.00,690.00,670.15,674.20,688.40,103620,70293025.65,5554
NSE,RITCO,INE01EG01016,EQ,286.40,288.95,282.00,284.05,285.55,43301,12345201.20,1012
NSE,RITES,INE320J01015,EQ,203.50,203.79,199.65,200.74,203.51,441765,88854436.36,9722
NSE,RKDL,INE722J01012,EQ,17.27,17.69,16.86,16.93,17.27,4504,76714.37,194
NSE,RKEC,INE786W01010,BE,21.42,21.42,20.50,20.89,21.42,24505,511397.14,87
NSE,RKFORGE,INE399G01023,EQ,734.00,734.00,714.00,716.40,732.65,562430,405312481.35,17995
NSE,RKSWAMY,INE0NQ801033,EQ,89.48,89.50,86.77,88.16,87.87,15829,1392476.66,309
NSE,RMC,INE655V01019,EQ,198.00,202.00,195.00,196.41,196.05,76677,15074481.63,1110
NSE,RMDRIP,INE219Y01026,BE,23.48,23.49,22.52,22.68,23.55,97764,2238114.11,479
NSE,RML,INE050H01012,EQ,1380.00,1392.00,1330.00,1336.40,1394.40,54933,74093559.20,5972
NSE,RNBDENIMS,INE012Q01039,BE,9.13,9.13,8.80,9.00,8.98,66786,598732.25,235
NSE,ROHLTD,INE283H01019,EQ,300.70,304.35,296.00,297.25,300.75,6645,1986212.25,451
NSE,ROLEXRINGS,INE645S01024,EQ,189.00,189.04,182.61,183.67,188.18,2364465,437236750.07,39560
NSE,ROLLT,INE927A01040,BE,5.46,5.47,5.33,5.47,5.21,422448,2309953.97,323
NSE,ROML,INE294G01026,EQ,43.00,43.30,41.12,43.20,42.99,451,19231.73,32
NSE,ROSSARI,INE02A801020,EQ,429.00,431.65,421.60,422.90,427.45,38540,16426710.25,2974
NSE,ROSSELLIND,INE847C01020,EQ,51.00,53.20,49.82,52.26,50.68,42281,2206148.56,758
NSE,ROSSTECH,INE0OJW01016,EQ,1615.00,1643.40,1581.40,1622.40,1612.10,141894,228809230.40,16517
NSE,ROTO,INE535D01037,EQ,62.24,63.16,61.90,62.35,62.24,280036,17490946.12,2542
NSE,ROUTE,INE450U01017,EQ,431.95,433.00,424.40,426.50,430.80,127804,54659067.60,5754
NSE,RPEL,INE912T01018,EQ,1859.90,1925.00,1751.00,1820.90,1835.60,249601,462857188.80,25799
NSE,RPGLIFE,INE105J01010,EQ,2940.00,2948.90,2860.00,2892.80,2933.20,15914,46202693.40,2046
NSE,RPOWER,INE614G01033,EQ,20.59,20.72,20.20,20.32,20.49,20012310,409723938.27,31285
NSE,RPPINFRA,INE324L01013,EQ,50.25,52.50,50.25,51.43,51.53,48709,2508680.82,608
NSE,RPPL,INE760W01023,BE,19.20,19.40,18.91,19.31,19.03,9898,189485.25,52
NSE,RPSGVENT,INE425Y01011,EQ,887.00,916.40,861.00,870.15,833.10,134474,120526836.90,4761
NSE,RPTECH,INE0J1F01024,EQ,958.30,969.00,933.50,939.70,958.25,216975,204997859.60,16582
NSE,RRECL,INE0AK901016,EQ,127.40,127.40,124.00,124.00,125.17,309,38423.43,9
NSE,RRIL,INE951M01037,EQ,16.66,16.66,15.62,16.07,16.18,18854,300036.80,95
NSE,RRKABEL,INE777K01022,EQ,2785.00,2789.00,2683.30,2722.50,2789.70,502681,1369752739.50,49725
NSE,RSL,INE313L01016,EQ,177.00,177.00,174.00,174.51,176.06,174318,30534881.36,3746
NSE,RSSOFTWARE,INE165B01029,EQ,30.15,30.79,29.60,30.04,30.44,14524,437625.93,148
NSE,RSWM,INE611A01016,EQ,205.25,208.67,203.00,203.83,207.03,33308,6839701.80,663
NSE,RSYSTEMS,INE411H01032,EQ,248.65,255.30,242.80,252.35,246.30,1316807,329467427.00,22385
NSE,RTNINDIA,INE834M01019,EQ,26.21,26.21,25.45,25.78,26.13,959214,24677041.65,4276
NSE,RTNPOWER,INE399K01017,EQ,6.71,6.76,6.68,6.70,6.75,6903506,46386523.12,8139
NSE,RTSPOWR,INE005C01017,BE,105.75,108.90,105.00,108.24,103.78,3913,419142.51,70
NSE,RUBFILA,INE642C01025,EQ,63.11,65.56,63.11,64.90,63.59,34378,2224441.77,679
NSE,RUBICON,INE506V01022,EQ,1596.80,1596.80,1553.70,1575.60,1596.80,147284,231464688.80,18180
NSE,RUBYMILLS,INE301D01026,EQ,510.05,523.80,490.00,509.80,512.80,12360,6333539.30,1087
NSE,RUCHINFRA,INE413B01023,EQ,5.07,5.08,4.90,4.94,4.98,68197,337755.19,246
NSE,RUCHIRA,INE803H01014,EQ,103.99,103.99,101.48,103.15,102.78,9650,992767.85,290
NSE,RUDRA,INE027T01023,EQ,18.20,21.10,17.61,19.46,17.81,599677,12306487.96,840
NSE,RUNWALENTR,INE804W01029,EQ,289.00,293.70,275.00,279.10,290.60,866944,248484283.40,16487
NSE,RUPA,INE895B01021,EQ,128.35,131.48,126.90,127.62,128.99,114842,14787577.30,5889
NSE,RUSHIL,INE573K01025,EQ,15.55,15.84,15.07,15.17,15.54,208821,3197262.54,699
NSE,RUSTOMJEE,INE263M01029,EQ,370.40,382.00,360.00,379.30,368.55,77255,29020163.20,2330
NSE,RVHL,INE09E501017,EQ,37.85,37.99,37.00,37.38,37.26,11908,445288.04,81
NSE,RVNL,INE415G01027,EQ,198.00,198.25,194.65,195.87,198.78,2797757,549403654.97,27440
NSE,RVTH,INE0DAB01012,EQ,725.05,743.00,725.05,726.75,756.20,467,340178.90,53
NSE,S&SPOWER,INE902B01017,EQ,286.00,293.50,274.00,290.60,286.00,8966,2543236.05,887
NSE,SAATVIKGL,INE13B501022,EQ,406.80,421.75,399.00,405.30,402.50,150423,61922052.95,4432
NSE,SADBHAV,INE226H01026,EQ,6.85,7.19,6.66,6.92,6.85,141726,988437.55,495
NSE,SADBHIN,INE764L01010,EQ,2.58,2.63,2.54,2.60,2.56,74920,193001.28,178
NSE,SADHNANIQ,INE888C01040,BE,2.75,2.80,2.58,2.68,2.68,1570737,4197039.02,803
NSE,SAFARI,INE429E01023,EQ,1324.90,1345.00,1306.40,1319.20,1318.00,25293,33556442.60,5490
NSE,SAGARDEEP,INE976T01013,EQ,22.22,23.78,22.11,22.18,23.14,8512,190526.88,147
NSE,SAGCEM,INE229C01021,EQ,146.00,150.80,143.20,143.91,146.60,43307,6361178.77,916
NSE,SAGILITY,INE0W2G01015,EQ,43.88,44.35,43.00,43.11,43.88,8174501,356085860.09,18004
NSE,SAHLIBHFI,INE861D01011,EQ,78.90,79.40,75.15,76.31,76.71,13656,1056650.74,462
NSE,SAHYADRI,INE280H01015,EQ,352.50,363.00,345.20,352.10,354.05,5520,1939840.90,318
NSE,SAICAPI,INE531X01018,EQ,153.16,153.16,140.00,146.08,150.16,639,93406.81,60
NSE,SAIL,INE114A01011,EQ,176.72,177.35,173.62,174.31,178.10,8859876,1554607575.17,48333
NSE,SAILIFE,INE570L01029,EQ,1558.00,1590.00,1544.10,1561.80,1558.10,656465,1030091961.80,35049
NSE,SAIPARENT,INE0H9F01037,EQ,524.00,528.90,515.40,521.65,522.90,127845,66812209.75,5458
NSE,SAKAR,INE732S01012,EQ,1056.60,1058.50,1011.10,1020.10,1048.50,62173,63931853.40,5784
NSE,SAKHTISUG,INE623A01011,EQ,18.98,19.30,18.52,18.63,18.88,147331,2788863.58,756
NSE,SAKSOFT,INE667G01023,EQ,142.74,142.74,137.30,139.08,142.74,207978,29134709.62,3954
NSE,SAKUMA,INE190H01024,EQ,1.53,1.53,1.48,1.50,1.51,993343,1489425.46,739
NSE,SALASAR,INE170V01027,EQ,4.15,4.22,4.13,4.17,4.22,2607156,10890911.85,2603
NSE,SALONA,INE498E01010,EQ,269.00,284.00,269.00,276.55,274.20,118,32355.10,26
NSE,SALSTEEL,INE658G01014,EQ,89.20,93.23,85.41,86.44,89.60,989979,88444810.78,5947
NSE,SALZERELEC,INE457F01013,EQ,524.95,528.45,518.35,521.00,524.95,29076,15162321.45,1338
NSE,SAMBANDAM,INE304D01012,EQ,105.25,105.25,105.25,105.25,102.15,101,10630.25,5
NSE,SAMBHAAV,INE699B01027,EQ,5.58,5.58,4.99,5.10,5.25,81651,417474.51,161
NSE,SAMBHV,INE12NJ01018,EQ,161.24,162.20,157.41,158.32,162.19,1552880,248255863.34,15864
NSE,SAMHI,INE08U801020,EQ,151.60,151.60,146.00,147.25,149.73,665337,98508828.01,9548
NSE,SAMMAANCAP,INE148I01020,EQ,134.90,135.10,132.00,132.94,134.40,2802056,374831359.80,22700
NSE,SAMPANN,INE735M01018,EQ,24.05,24.05,23.56,23.96,23.99,4119,98604.84,135
NSE,SANATHAN,INE0JPD01013,EQ,525.65,530.95,512.90,522.85,525.65,33869,17641628.55,2170
NSE,SANDESH,INE583B01015,EQ,1000.00,1025.00,997.65,1002.05,1017.40,1150,1162009.75,159
NSE,SANDHAR,INE278H01035,EQ,561.85,565.95,553.10,561.30,558.10,92072,51576454.50,6841
NSE,SANDUMA,INE149K01016,EQ,182.88,182.90,179.67,181.19,183.38,317131,57393413.91,7168
NSE,SANGAMIND,INE495C01010,EQ,636.90,649.40,620.55,624.05,642.40,27370,17308523.35,1490
NSE,SANGHVIMOV,INE989A01032,EQ,423.95,423.95,408.25,410.65,419.50,213148,88023213.90,11256
NSE,SANOFI,INE058A01010,EQ,3047.00,3051.80,3010.00,3023.80,3047.00,8729,26393418.90,2762
NSE,SANOFICONR,INE0UOS01011,EQ,3725.00,3757.40,3701.00,3722.90,3736.50,4089,15227366.20,1397
NSE,SANSERA,INE953O01021,EQ,4226.00,4328.00,4209.20,4261.70,4232.90,125963,538818719.30,22793
NSE,SANSTAR,INE08NE01025,EQ,103.55,105.09,102.60,104.23,104.07,85775,8930470.95,2188
NSE,SAPPHIRE,INE806T01020,EQ,215.90,216.80,213.64,215.03,215.16,168957,36327534.99,6470
NSE,SAPPL,INE185C01017,EQ,318.95,329.90,306.10,317.90,314.10,2022,640871.15,75
NSE,SARDAEN,INE385C01021,EQ,500.90,505.00,497.50,499.35,500.70,189889,95192370.85,11264
NSE,SAREGAMA,INE979A01025,EQ,502.20,507.90,496.10,503.75,503.70,160898,80975010.85,10421
NSE,SARLAPOLY,INE453D01025,EQ,97.67,97.69,96.00,96.70,96.44,14965,1448075.00,401
NSE,SARVESHWAR,INE324X01026,EQ,3.60,3.69,3.57,3.61,3.58,2446544,8919622.28,2316
NSE,SASKEN,INE231F01020,EQ,1684.30,1708.60,1656.00,1665.10,1679.50,11590,19420067.40,1959
NSE,SATIA,INE170E01023,EQ,69.59,71.22,68.50,69.00,69.26,97840,6791905.97,1078
NSE,SATIN,INE836B01017,EQ,229.90,239.40,221.25,223.79,228.35,1191616,276387511.05,18730
NSE,SAURASHCEM,INE626A01014,EQ,51.20,51.95,50.25,50.60,51.47,74227,3797924.76,1026
NSE,SAYAJIHOTL,INE318C01014,EQ,309.00,312.00,309.00,309.00,307.35,108,33378.60,4
NSE,SAYAJIIND,INE327G01032,EQ,115.00,118.00,115.00,116.00,118.00,104,11966.00,4
NSE,SBC,INE04AK01028,EQ,61.80,62.62,61.05,61.77,61.70,13158768,812147051.99,17132
NSE,SBCL,INE386D01027,EQ,1111.60,1129.10,1088.60,1099.30,1099.60,169999,187612862.60,15104
NSE,SBFC,INE423Y01016,EQ,83.27,83.50,80.81,81.10,83.28,1102475,90364696.87,15262
NSE,SBGLP,INE05ST01028,EQ,23.44,23.44,22.40,22.72,22.78,26934,610972.25,252
NSE,SBICARD,INE018E01016,EQ,569.40,569.95,555.65,557.40,569.40,1197820,672326615.50,28150
NSE,SBIFUNDS,INE640G01020,EQ,501.95,503.00,494.30,501.20,502.85,1247454,621124050.25,47453
NSE,SBILIFE,INE123W01016,EQ,1735.00,1750.50,1701.80,1726.10,1750.00,1030112,1777000254.70,41402
NSE,SBIN,INE062A01020,EQ,955.00,966.00,945.60,954.00,958.75,12523009,11949213801.10,166004
NSE,SCANSTL,INE099G01011,BE,48.80,50.46,46.75,50.06,48.06,33099,1629777.67,149
NSE,SCHAEFFLER,INE513A01022,EQ,3818.10,3827.80,3762.40,3797.00,3818.10,59517,226121715.80,14421
NSE,SCHAND,INE807K01035,EQ,147.40,147.40,143.24,144.15,145.16,9369,1358084.05,479
NSE,SCHNEIDER,INE839M01018,EQ,1276.00,1276.00,1240.00,1256.20,1274.00,119136,149372328.90,13328
NSE,SCI,INE109A01011,EQ,288.05,289.00,283.90,285.35,289.00,1736876,497218982.70,24734
NSE,SCILAL,INE0PB301013,EQ,37.86,38.40,37.36,37.85,37.68,227035,8599053.80,1634
NSE,SCODATUBES,INE090501011,EQ,124.00,124.00,122.21,122.88,124.37,97607,12009334.34,1407
NSE,SCPL,INE501Y01019,BE,615.30,624.00,600.30,609.20,609.25,65509,40516432.15,247
NSE,SDBL,INE480C01038,EQ,74.10,74.50,72.97,73.08,74.02,340034,24961443.48,3196
NSE,SEAMECLTD,INE497B01018,EQ,1580.00,1633.90,1564.10,1610.90,1584.90,36641,58527388.80,4914
NSE,SECMARK,INE0BTM01013,EQ,142.00,142.99,130.41,139.69,137.00,4492,631035.86,63
NSE,SECURKLOUD,INE650K01021,EQ,16.88,16.88,14.50,15.34,15.71,46860,710201.73,356
NSE,SEDEMAC,INE00XB01019,EQ,3398.00,3478.40,3360.20,3425.60,3399.60,116377,398777222.50,18127
NSE,SEIL,INE440T01028,EQ,187.41,190.55,184.01,185.98,186.16,90576,17016690.04,1346
NSE,SEJALLTD,INE955I01044,EQ,683.90,704.10,666.45,680.55,676.55,13851,9457729.30,845
NSE,SEKURITIND,INE068B01017,EQ,110.44,111.18,109.04,109.99,110.08,11947,1311607.79,327
NSE,SEMAC,INE617A01013,EQ,235.55,239.00,233.00,236.38,235.55,605,142449.69,62
NSE,SENCO,INE602W01027,EQ,318.75,326.30,315.00,320.60,318.75,1246457,400714891.40,31947
NSE,SENORES,INE0RB801010,EQ,1399.90,1424.00,1380.00,1389.60,1388.60,197473,276599781.20,17728
NSE,SEPC,INE964H01014,EQ,5.06,5.08,5.00,5.03,5.05,3570447,17998536.05,2188
NSE,SERVOTECH,INE782X01033,EQ,72.06,72.29,70.75,71.15,72.06,332097,23696525.75,2978
NSE,SESHAPAPER,INE630A01024,EQ,234.05,235.00,230.20,231.31,233.87,260189,60354986.35,1739
NSE,SETCO,INE878E01021,BE,18.22,18.75,17.60,18.48,18.22,43134,798533.56,194
NSE,SETL,INE0M4D01010,EQ,431.00,437.00,423.30,429.80,428.30,300178,129227605.40,8004
NSE,SEYAIND,INE573R01012,BE,12.86,12.86,12.61,12.61,12.86,4061,51215.96,22
NSE,SFL,INE916U01025,EQ,625.90,628.90,615.40,620.05,623.40,81571,50672279.50,7528
NSE,SGFIN,INE618R01015,EQ,666.00,674.00,656.00,663.70,662.15,231759,154271572.50,10510
NSE,SGIL,INE00QT01015,EQ,612.00,615.60,603.00,604.55,603.20,1736,1053151.40,227
NSE,SGL,INE353H01010,EQ,8.65,9.27,8.61,9.09,8.80,13291,119323.95,101
NSE,SGLRES,INE967B01028,EQ,2.17,2.25,2.16,2.18,2.26,32083,69789.46,83
NSE,SGMART,INE385F01024,EQ,743.00,774.80,736.55,752.25,742.85,152651,115605575.05,10518
NSE,SGRL,INE414Y01015,EQ,728.75,728.75,705.00,715.10,719.05,9538,6790916.55,871
NSE,SHADOWFAX,INE12UN01015,EQ,289.70,296.35,287.00,292.85,288.00,5496570,1607467397.65,77375
NSE,SHAH,INE482J01021,EQ,3.09,3.09,3.00,3.01,3.09,855584,2599673.43,589
NSE,SHAHALLOYS,INE640C01011,BE,82.94,82.95,80.19,80.56,81.03,10831,875423.16,78
NSE,SHAHINVEST,INE029N01014,BE,167.05,169.00,165.11,166.82,173.79,596517,99733234.32,4357
NSE,SHAILY,INE151G01028,EQ,3085.00,3119.20,3064.20,3085.30,3100.30,60556,187338281.30,10304
NSE,SHAKTIPUMP,INE908D01010,EQ,451.00,454.70,445.00,447.40,449.35,441292,198146942.60,17144
NSE,SHALBY,INE597J01018,EQ,136.30,136.95,134.15,134.62,136.51,37417,5063928.91,1004
NSE,SHALPAINTS,INE849C01026,BE,77.84,80.00,75.21,77.08,77.64,140272,10777330.18,477
NSE,SHANKARA,INE274V01019,EQ,125.58,125.89,118.10,119.98,125.58,102791,12375275.71,2611
NSE,SHANKESH,INE1WFC01025,EQ,91.79,99.72,91.36,96.51,92.21,6866799,664195904.89,51098
NSE,SHANTI,INE933X01016,EQ,5.21,5.75,5.21,5.46,5.49,3096,16744.75,61
NSE,SHANTIGEAR,INE631A01022,EQ,603.00,603.00,581.25,586.05,602.30,24891,14699758.65,1438
NSE,SHANTIGOLD,INE06ZD01017,EQ,340.00,351.00,335.30,341.05,336.65,3025042,1038831641.75,39810
NSE,SHARDACROP,INE221J01015,EQ,744.00,749.00,732.00,742.05,741.75,70577,52243538.80,6083
NSE,SHARDAMOTR,INE597I01028,EQ,928.90,933.95,916.25,924.85,928.55,42593,39395718.05,4134
NSE,SHARDUL,INE037B01020,BE,58.25,58.49,58.00,58.32,58.25,58891,3429023.77,189
NSE,SHAREINDIA,INE932X01026,EQ,212.10,212.90,206.00,207.27,211.40,791105,165422022.12,9704
NSE,SHBAJRG,INE402H01015,EQ,162.65,172.00,161.30,168.80,162.80,3337,557652.55,163
NSE,SHEKHAWATI,INE268L01046,BE,25.82,25.82,25.82,25.82,27.17,19887,513482.34,70
NSE,SHEMAROO,INE363M01019,EQ,111.61,113.13,110.10,111.11,111.76,4319,481605.83,51
NSE,SHERVANI,INE011D01013,EQ,334.00,334.00,318.55,321.05,304.00,80,26265.60,10
NSE,SHILCTECH,INE024F01011,EQ,4095.00,4100.00,3990.60,4000.90,4094.20,15948,64160648.70,4265
NSE,SHILGRAVQ,INE960A01017,EQ,145.31,149.00,145.00,145.82,145.31,1823,266672.73,58
NSE,SHILPAMED,INE790G01031,EQ,1072.40,1086.80,1055.10,1071.20,1073.70,433185,463522217.00,27531
NSE,SHINDL,INE220Z01013,EQ,158.61,158.61,156.05,157.72,158.69,144798,22759708.31,925
NSE,SHIPROCKET,INE0FOO01011,EQ,130.93,134.50,127.76,133.11,131.43,4177506,549787246.29,41375
NSE,SHIVAAGRO,INE960E01019,EQ,39.19,40.00,38.00,39.40,39.02,1305,51011.57,46
NSE,SHIVACEM,INE555C01029,EQ,13.29,13.47,12.96,13.00,13.19,98539,1290445.46,363
NSE,SHIVALIK,INE788J01021,EQ,388.10,388.10,363.35,365.05,386.25,64876,24019519.20,2841
NSE,SHIVAMAUTO,INE637H01024,EQ,17.23,17.23,16.65,16.68,16.60,16767,281291.82,130
NSE,SHIVAMILLS,INE644Y01017,EQ,60.99,61.22,57.00,58.33,58.31,4377,262407.19,81
NSE,SHIVATEX,INE705C01020,EQ,172.00,172.00,166.05,166.41,169.99,1492,250290.78,51
NSE,SHIVAUM,INE719F01016,EQ,553.45,553.60,540.00,551.40,552.65,30704,16792653.60,244
NSE,SHK,INE500L01026,EQ,141.61,143.00,139.85,141.62,142.32,190745,27047157.54,5925
NSE,SHOPERSTOP,INE498B01024,EQ,400.70,400.70,389.25,392.40,398.15,16537,6528515.15,1621
NSE,SHRADDHA,INE311M01018,EQ,167.90,171.95,162.51,163.31,166.72,13589,2273276.93,427
NSE,SHRADHA,INE715Y01031,EQ,30.70,31.80,29.50,30.78,29.83,10199,313873.69,85
NSE,SHREDIGCEM,INE232A01011,EQ,65.00,65.90,64.50,64.55,65.12,31054,2012970.00,890
NSE,SHREECEM,INE070A01015,EQ,21905.00,22160.00,21690.00,21780.00,22210.00,43001,942676800.00,17376
NSE,SHREEJISPG,INE1B6101010,EQ,796.90,808.00,796.90,802.10,796.50,1943741,1560462465.25,14185
NSE,SHREEPUSHK,INE712K01011,EQ,505.00,521.85,505.00,517.50,510.10,50642,26095480.65,3078
NSE,SHREERAMA,INE879A01019,EQ,44.00,44.99,43.00,43.36,43.53,69271,3021448.06,908
NSE,SHREYANIND,INE231C01019,EQ,130.47,130.47,127.10,129.00,128.94,1866,241084.17,40
NSE,SHRIKRISH,INE997I01012,EQ,37.40,37.40,34.00,34.82,34.05,2195,80914.97,60
NSE,SHRINGARMS,INE1B3L01017,EQ,223.99,225.00,219.20,221.03,223.32,376220,83373379.86,6316
NSE,SHRIPISTON,INE526E01018,EQ,4370.00,4475.90,4359.80,4411.60,4405.00,52243,231132274.00,13490
NSE,SHRIRAMFIN,INE721A01047,EQ,959.00,960.00,930.00,948.00,965.05,6096545,5749096218.95,138936
NSE,SHRIRAMPPS,INE217L01019,EQ,68.00,69.05,67.13,68.05,68.13,195953,13327800.25,2894
NSE,SHRJAGP,INE564J01026,EQ,685.00,698.80,650.00,657.10,674.60,548,368115.45,102
NSE,SHUKRAPHAR,INE551C01044,EQ,73.33,74.10,67.61,68.32,72.58,7458018,526930118.51,36339
NSE,SHYAMCENT,INE979R01011,EQ,4.90,5.00,4.90,4.98,5.03,28322,140940.79,120
NSE,SHYAMMETL,INE810G01011,EQ,1061.60,1072.00,1043.70,1067.30,1054.00,514924,545710250.40,30245
NSE,SHYAMTEL,INE635A01023,EQ,10.73,11.50,10.73,11.15,10.73,12879,142180.93,56
NSE,SICAGEN,INE176J01011,EQ,51.10,52.88,51.10,51.53,51.87,684,35728.31,41
NSE,SICALLOG,INE075B01020,BE,87.54,89.89,86.80,88.30,89.33,33812,2995236.31,118
NSE,SIEL,INE843L01012,EQ,31.99,31.99,31.31,31.50,31.00,28,890.48,10
NSE,SIEMENS,INE003A01024,EQ,3848.00,3848.00,3772.00,3793.00,3854.00,247482,944812573.80,17179
NSE,SIGACHI,INE0D0K01022,EQ,29.94,30.85,29.10,29.36,29.89,1800981,53528084.99,6320
NSE,SIGIND,INE529F01035,BE,63.40,64.90,60.06,61.19,62.86,17127,1057575.41,127
NSE,SIGMA,INE0A0S01028,EQ,45.91,47.50,44.42,45.71,45.24,120221,5527653.41,2363
NSE,SIGMAADV,INE933B01012,BE,1109.00,1145.00,1070.00,1091.60,1119.40,236310,260251612.10,6395
NSE,SIGNATURE,INE903U01023,EQ,717.60,722.40,710.10,712.50,719.35,202718,144882301.70,5710
NSE,SIGNPOST,INE0KGZ01021,EQ,260.05,273.35,258.45,267.45,262.10,64335,17101882.10,1935
NSE,SIKA,INE438E01032,EQ,1034.40,1080.00,1019.10,1068.60,1029.30,41214,43666263.80,3760
NSE,SIKKO,INE112X01025,BE,6.13,6.13,5.95,6.01,6.16,247606,1485025.68,476
NSE,SIL,INE173A01025,EQ,16.00,16.15,15.36,15.62,16.00,45067,706953.24,359
NSE,SILGO,INE01II01013,EQ,68.89,70.50,68.50,70.16,69.51,121566,8531176.22,320
NSE,SILINV,INE923A01015,EQ,455.00,465.60,455.00,464.10,459.40,1814,838852.80,286
NSE,SILVERTUC,INE625X01026,EQ,138.00,138.69,134.50,135.11,137.68,93387,12667213.04,1897
NSE,SIMPLEXINF,INE059B01024,EQ,256.62,259.39,251.00,255.77,259.13,97421,24963429.57,2368
NSE,SIMPLXREA,INE167H01014,EQ,114.03,119.43,114.03,119.43,113.75,35,4055.85,5
NSE,SINCLAIR,INE985A01022,EQ,74.60,75.70,73.80,75.10,75.93,49396,3697742.43,627
NSE,SINDHUTRAD,INE325D01025,EQ,21.99,22.04,21.51,21.68,22.00,279761,6098135.52,1254
NSE,SINGERIND,INE638A01035,EQ,75.95,78.00,75.00,77.45,74.93,148424,11411310.95,1359
NSE,SINTERCOM,INE129Z01016,EQ,76.93,79.09,76.01,76.83,76.93,1252,97398.87,49
NSE,SIRCA,INE792Z01011,EQ,408.00,418.00,407.00,413.70,406.60,164236,68045128.75,3043
NSE,SIS,INE285J01028,EQ,419.45,419.95,411.55,413.30,416.70,68801,28690591.50,6298
NSE,SIYSIL,INE076B01028,EQ,553.45,559.05,547.65,554.45,553.45,21674,12004591.80,1836
NSE,SJS,INE284S01014,EQ,1979.30,2012.70,1954.00,1982.60,1981.40,250455,497404789.90,41664
NSE,SJVN,INE002L01015,EQ,57.42,57.42,56.20,56.36,57.26,2057481,116476234.31,19420
NSE,SKFINDIA,INE640A01023,EQ,1461.90,1461.90,1420.00,1428.90,1461.90,25808,37066395.30,4620
NSE,SKFINDUS,INE2J8701016,EQ,2751.00,2771.10,2697.00,2745.10,2774.60,57387,157710998.30,16236
NSE,SKIPPER,INE439E01022,EQ,551.00,563.15,539.20,541.35,551.50,546134,300551504.70,23342
NSE,SKMEGGPROD,INE411D01023,EQ,211.98,218.80,208.55,215.37,210.05,217480,46611861.39,5713
NSE,SKYGOLD,INE01IU01018,EQ,864.90,894.80,863.15,876.95,857.65,1648118,1450660188.35,62050
NSE,SKYWAYS,INE0PX301025,EQ,115.00,116.85,113.90,114.72,113.51,1464352,168541698.45,17549
NSE,SMARTLINK,INE178C01020,BE,214.12,229.97,214.12,227.30,221.90,4988,1130716.94,66
NSE,SMARTWORKS,INE0NAZ01010,EQ,507.95,507.95,487.05,489.35,503.90,72760,35929783.90,4063
NSE,SMCGLOBAL,INE103C01036,EQ,112.97,114.22,109.10,110.24,110.55,6234957,694834050.16,39719
NSE,SMLMAH,INE294B01019,EQ,6197.00,6199.00,6000.00,6095.00,6135.50,45255,275242242.00,7989
NSE,SMLT,INE017W01010,EQ,73.69,77.50,70.16,73.94,74.06,39657,2910469.45,657
NSE,SMSPHARMA,INE812G01025,EQ,467.95,477.00,465.05,468.85,472.20,259092,121830319.45,6956
NSE,SNOWMAN,INE734N01019,EQ,33.75,35.00,33.75,34.32,34.24,136788,4684605.76,1499
NSE,SOBHA,INE671H01015,EQ,1191.30,1203.10,1183.70,1197.90,1190.70,45852,54795448.20,5880
NSE,SOFTTECH,INE728Z01015,EQ,461.55,475.10,452.05,458.05,461.55,933,433072.45,60
NSE,SOLARA,INE624Z01016,EQ,682.00,696.00,680.15,683.70,682.65,154430,106187542.35,7662
NSE,SOLARINDS,INE343H01029,EQ,20100.00,20150.00,19770.00,20050.00,20071.00,158117,3166552886.00,36928
NSE,SOLARWORLD,INE0TY101024,EQ,131.00,134.48,128.51,131.25,130.39,268163,35304760.45,4502
NSE,SOLEX,INE880Y01017,EQ,697.70,700.00,651.60,670.15,690.85,81896,55842673.75,5268
NSE,SOMANYCERA,INE355A01028,EQ,623.15,623.40,611.10,621.15,625.00,53562,33110651.65,3306
NSE,SOMATEX,INE314C01013,EQ,82.80,82.80,79.30,80.95,79.09,6475,522373.73,132
NSE,SOMICONVEY,INE323J01019,EQ,84.00,85.97,83.00,83.37,84.05,4092,342563.98,118
NSE,SONA,INE0LLZ01011,BE,95.88,98.78,94.55,98.78,94.08,93761,9192072.47,830
NSE,SONACOMS,INE073K01018,EQ,819.45,826.05,809.10,810.50,820.00,1762964,1444649776.65,70390
NSE,SONAL,INE321M01017,EQ,83.20,83.21,80.05,80.46,83.19,456,37351.43,30
NSE,SONAMLTD,INE00LM01029,BE,72.44,72.90,69.50,70.15,71.55,107503,7603205.54,365
NSE,SONATSOFTW,INE269A01021,EQ,252.00,252.85,246.50,248.10,252.05,451388,112531049.35,12015
NSE,SOTL,INE035D01020,EQ,776.95,807.20,764.45,803.80,775.50,583613,462152800.65,35412
NSE,SOUTHBANK,INE683A01023,EQ,47.00,47.80,46.11,47.47,47.23,16144912,760131784.23,50731
NSE,SOUTHWEST,INE980Y01015,EQ,200.00,200.00,191.80,193.95,199.72,50103,9797524.80,1712
NSE,SPAL,INE212I01016,EQ,964.00,969.95,941.10,960.30,949.65,20423,19528157.45,2952
NSE,SPANDANA,INE572J01011,EQ,216.60,222.00,213.50,218.19,218.12,83177,18206982.42,3096
NSE,SPARC,INE232I01014,EQ,196.00,201.49,192.75,196.79,196.89,1072170,211159535.38,15307
NSE,SPCENET,INE970N01027,EQ,3.31,3.60,3.25,3.33,3.31,595175,2006026.19,441
NSE,SPECIALITY,INE247M01014,BE,154.32,156.90,151.20,152.40,156.32,16233,2497303.85,108
NSE,SPECTRUM,INE01EO01010,BE,3918.00,3988.00,3750.00,3903.70,3915.90,5497,21502227.50,859
NSE,SPENCERS,INE020801028,EQ,28.30,29.70,27.30,27.87,28.30,89839,2572451.03,797
NSE,SPIC,INE147A01011,EQ,63.25,63.79,62.56,63.06,63.05,186038,11733314.50,1998
NSE,SPLIL,INE978G01016,EQ,29.60,29.62,28.76,29.05,29.49,3456,101027.45,65
NSE,SPLPETRO,INE663A01033,EQ,817.25,826.85,804.35,806.65,819.60,88589,72179752.05,7553
NSE,SPMLINFRA,INE937A01023,EQ,162.25,162.33,159.10,160.02,162.63,79572,12771232.23,1610
NSE,SPORTKING,INE885H01029,EQ,203.21,205.90,199.43,201.71,202.80,167019,33718085.46,4865
NSE,SRD,INE01NE01012,EQ,38.48,38.48,37.60,37.81,38.29,9969,378415.00,206
NSE,SREEL,INE099F01013,BE,291.00,297.40,285.10,287.35,286.85,6147,1771291.00,80
NSE,SRF,INE647A01010,EQ,2475.00,2475.00,2434.90,2460.00,2470.00,200571,492855157.90,21168
NSE,SRGHFL,INE559N01010,EQ,120.00,128.67,120.00,126.61,122.55,31389,3933313.86,1118
NSE,SRHHYPOLTD,INE917H01012,EQ,552.45,558.90,545.00,549.15,548.65,11610,6403360.75,1269
NSE,SRIKPRIND,INE009C01019,BE,26.48,26.49,24.53,26.00,25.23,1379,35866.34,103
NSE,SRIT,INE307K01028,BE,153.00,153.00,147.34,147.34,155.09,785081,117941054.56,5558
NSE,SRM,INE0R6Z01013,EQ,418.45,423.00,413.60,421.45,418.45,28711,12042980.80,1256
NSE,SRTL,INE19GK01015,EQ,36.77,38.00,36.67,37.74,36.67,21134,792060.03,281
NSE,SSDL,INE0PQ101010,EQ,69.29,69.99,65.51,66.20,68.57,88459,6006660.98,2049
NSE,SSRETAIL,INE1EQW01028,EQ,712.75,734.40,710.10,720.30,712.75,6037276,4367310410.30,154343
NSE,SSWL,INE802C01033,EQ,427.00,432.25,416.20,424.20,424.70,845591,359090698.40,26284
NSE,STALLION,INE0RYC01010,BE,226.35,229.95,220.00,227.81,225.72,303243,68022646.88,1952
NSE,STANLEY,INE01A001028,EQ,136.54,137.95,134.13,135.00,136.54,100560,13621413.34,1095
NSE,STAR,INE939A01011,EQ,1085.10,1109.00,1076.70,1100.60,1088.70,202258,222112081.10,22765
NSE,STARCEMENT,INE460H01021,EQ,175.13,177.00,174.50,174.88,176.41,61630,10810297.89,2413
NSE,STARHEALTH,INE575P01011,EQ,552.00,557.80,545.75,553.85,550.55,231180,128053125.70,22670
NSE,STARPAPER,INE733A01018,EQ,154.98,154.99,150.65,151.50,154.14,2332,355406.96,97
NSE,STARTECK,INE992I01013,EQ,271.90,278.75,267.00,273.70,272.50,1371,369115.70,71
NSE,STCINDIA,INE655A01013,EQ,106.38,106.38,104.23,104.50,105.86,10396,1091152.69,397
NSE,STEAMHOUSE,INE0FRO01022,EQ,119.85,126.80,117.00,125.17,118.42,22137870,2700319348.91,134933
NSE,STEELCAS,INE124E01038,EQ,369.60,380.00,368.85,373.30,369.60,147905,55391779.70,5533
NSE,STEELCITY,INE395H01011,EQ,82.00,82.98,80.16,81.54,82.72,2134,173467.20,86
NSE,STEELXIND,INE503B01021,EQ,11.49,11.52,10.45,10.90,11.46,9407776,101987922.09,9541
NSE,STEL,INE577L01016,EQ,584.80,585.00,565.50,568.60,575.95,1840,1054205.60,209
NSE,STERTOOLS,INE334A01023,EQ,218.45,221.89,218.00,218.79,218.45,12744,2800237.26,405
NSE,STLNETWORK,INE1VXE01018,EQ,48.54,49.43,48.20,49.43,47.08,2388042,117233042.18,1337
NSE,STLSTRINF,INE205F01016,EQ,22.80,22.94,21.75,22.50,21.75,1738,39249.93,33
NSE,STLTECH,INE089C01029,BE,1014.00,1043.60,989.00,1016.80,1016.70,1206624,1227654806.25,39357
NSE,STOVEKRAFT,INE00IN01015,EQ,813.50,829.00,803.95,817.35,813.45,146813,119701773.30,7861
NSE,STUDDS,INE00Q601028,EQ,402.60,425.00,400.10,420.45,407.05,66382,27587263.85,3212
NSE,STYL,INE04VU01023,EQ,364.15,374.45,364.15,369.70,369.70,34514,12797932.35,1700
NSE,STYLAMIND,INE239C01020,EQ,3303.50,3370.00,3282.80,3351.60,3303.50,20834,69590777.20,5474
NSE,STYLEBAAZA,INE01FR01028,EQ,375.00,388.50,371.55,379.90,375.45,1166930,447968810.90,12956
NSE,STYRENIX,INE189B01011,EQ,2030.00,2045.00,1990.00,2001.30,2042.90,27957,56240838.00,2918
NSE,SUBEXLTD,INE754A01055,EQ,19.58,19.58,19.01,19.15,19.59,3615891,69762858.12,6183
NSE,SUBROS,INE287B01021,EQ,679.00,682.90,672.55,675.50,682.95,16311,11044565.85,1737
NSE,SUDARCOLOR,INE492A01029,EQ,377.00,377.00,362.50,364.55,368.30,6417,2352852.30,259
NSE,SUDARSCHEM,INE659A01023,EQ,1244.00,1302.80,1213.00,1226.60,1238.60,637859,800158746.20,41708
NSE,SUDEEPPHRM,INE0QPI01025,EQ,1148.00,1180.00,1118.60,1170.40,1158.40,204466,235181930.10,13936
NSE,SUKHJITS,INE450E01029,EQ,149.75,152.78,148.57,149.56,147.84,7332,1101671.64,228
NSE,SULA,INE142Q01026,EQ,134.83,135.00,132.50,133.41,134.01,105581,14075330.10,2686
NSE,SUMEDHA,INE886B01012,EQ,43.00,44.95,42.01,43.05,43.45,1640,70336.00,43
NSE,SUMEETINDS,INE235C01036,EQ,12.00,12.00,12.00,12.00,11.43,927372,11128464.00,351
NSE,SUMICHEM,INE258G01013,EQ,416.00,426.85,416.00,421.95,418.05,221961,93779137.65,13485
NSE,SUMIT,INE748Z01013,EQ,52.98,52.98,50.02,50.48,51.88,22368,1131215.22,148
NSE,SUMMITSEC,INE519C01017,EQ,1330.00,1336.90,1305.00,1320.40,1321.00,979,1294779.30,219
NSE,SUNCLAY,INE0Q3R01026,EQ,1152.90,1152.90,1130.00,1131.80,1152.80,6000,6822895.80,1195
NSE,SUNDARAM,INE108E01023,EQ,1.10,1.10,1.07,1.07,1.09,173216,187336.00,168
NSE,SUNDARMFIN,INE660A01013,EQ,4377.00,4377.00,4280.00,4301.20,4347.80,27263,117246462.00,6941
NSE,SUNDRMBRAK,INE073D01013,EQ,675.10,690.00,666.00,667.05,680.10,1279,859121.55,127
NSE,SUNDRMFAST,INE387A01021,EQ,1134.00,1165.90,1120.10,1127.00,1140.30,163076,185817308.00,19222
NSE,SUNDROP,INE209A01019,EQ,754.40,755.95,745.00,745.90,746.80,6576,4922514.65,534
NSE,SUNFLAG,INE947A01014,EQ,460.05,479.10,455.00,474.40,459.05,829970,390395943.65,14172
NSE,SUNLOC,INE671C01016,EQ,70.00,70.00,70.00,70.00,68.00,4,280.00,1
NSE,SUNPHARMA,INE044A01036,EQ,1797.10,1804.20,1772.10,1781.00,1804.10,1150689,2050719353.10,80814
NSE,SUNRAKSHAK,INE671K01027,EQ,359.25,361.30,355.00,356.90,356.75,1331,475290.85,136
NSE,SUNSHIEL,INE199E01014,EQ,1075.00,1109.00,1062.70,1103.50,1047.40,863,939494.40,217
NSE,SUNSHINE,INE1B3O01011,EQ,450.70,460.15,448.00,448.90,447.20,346574,156672420.85,5435
NSE,SUNTECK,INE805D01034,EQ,278.85,280.30,276.60,278.15,279.60,31359,8723694.75,1575
NSE,SUNTV,INE424H01027,EQ,633.35,646.80,631.10,636.50,632.10,1153473,736000480.10,27941
NSE,SUPERHOUSE,INE712B01010,EQ,158.00,158.00,152.00,154.93,155.27,2011,311644.14,121
NSE,SUPERSPIN,INE662A01027,BE,7.19,7.19,7.01,7.04,7.14,9140,64270.18,17
NSE,SUPRAJIT,INE399C01030,EQ,469.80,470.00,462.25,465.15,471.20,43978,20501012.75,3326
NSE,SUPREME,INE822E01011,EQ,31.35,31.35,29.54,29.98,30.27,8982,271866.71,615
NSE,SUPREMEIND,INE195A01028,EQ,3500.00,3631.80,3475.50,3550.00,3497.90,381975,1369273081.10,43701
NSE,SUPREMEINF,INE550H01011,EQ,64.45,64.45,53.51,54.67,61.40,415360,23803528.50,2849
NSE,SUPRIYA,INE07RO01027,EQ,923.25,923.25,887.00,889.25,915.35,167121,150069892.20,11215
NSE,SUPTANERY,INE460D01038,BE,8.37,8.47,8.26,8.47,8.07,66075,557677.53,150
NSE,SURAJEST,INE843S01025,EQ,206.87,212.50,201.05,208.26,205.53,71351,14615700.08,1551
NSE,SURAJLTD,INE713C01016,EQ,182.01,186.90,180.01,181.70,187.40,1170,212666.61,27
NSE,SURAKSHA,INE877V01027,EQ,332.00,334.20,320.00,321.70,332.00,42345,13759341.15,2090
NSE,SURANASOL,INE272L01022,EQ,23.67,24.90,23.56,24.36,23.67,23472,563641.66,316
NSE,SURANAT&P,INE130B01031,EQ,15.76,16.10,15.62,15.76,15.76,11832,186942.91,172
NSE,SURYALA,INE132C01027,EQ,377.00,381.50,376.25,376.25,376.30,406,152783.10,16
NSE,SURYALAXMI,INE713B01026,EQ,57.28,58.00,56.14,56.64,57.00,478,27075.97,30
NSE,SURYAROSNI,INE335A01020,EQ,221.00,221.59,218.01,218.34,221.35,273102,59896393.31,4587
NSE,SURYODAY,INE428Q01011,EQ,149.64,156.74,149.64,155.54,151.47,489416,75695708.14,7753
NSE,SUTLEJTEX,INE645H01027,EQ,37.05,37.45,36.15,36.57,37.04,15927,584532.02,135
NSE,SUVEN,INE495B01038,EQ,309.00,316.90,305.00,305.55,309.15,311351,96406871.95,9742
NSE,SUVIDHAA,INE018401013,EQ,2.08,2.11,2.05,2.10,2.07,63248,132721.72,163
NSE,SUYOG,INE442P01014,EQ,667.75,689.95,652.10,672.85,667.25,16252,10913939.40,1595
NSE,SUZLON,INE040H01021,EQ,39.16,39.19,38.20,38.34,39.16,73531474,2840862817.87,109231
NSE,SVGLOBAL,INE159L01013,EQ,135.00,140.00,135.00,138.95,140.92,1283,177122.82,48
NSE,SVLL,INE00CE01017,EQ,831.00,834.40,811.00,824.90,835.60,251,206724.95,33
NSE,SVPGLOB,INE308E01029,EQ,3.15,3.15,2.98,3.00,3.11,30415,91415.98,86
NSE,SWANCORP,INE665A01038,EQ,268.10,284.00,268.10,271.85,268.85,1528441,420923818.90,37592
NSE,SWANDEF,INE542F01020,BE,2759.70,2774.90,2660.00,2759.40,2760.20,15248,41891861.80,816
NSE,SWARAJ,INE0GMR01016,BE,350.00,365.00,341.00,362.00,354.70,60243,21195828.90,198
NSE,SWARAJENG,INE277A01016,EQ,3565.00,3566.90,3516.60,3546.10,3537.80,10449,36972665.80,2383
NSE,SWARNSAR,INE967A01012,EQ,40.62,41.61,39.56,40.01,40.62,7872,318135.50,36
NSE,SWASTIKAIN,INE1QJA01015,BE,209.80,210.13,202.00,210.13,200.13,273452,57145007.34,2398
NSE,SWELECTES,INE409B01013,EQ,617.50,619.35,597.00,608.80,613.80,24148,14643329.70,1336
NSE,SWIGGY,INE00H001014,EQ,244.00,253.60,242.60,246.00,244.20,16172713,4025873303.95,94945
NSE,SWISSMLTRY,INE010C01025,BE,14.35,14.40,13.96,14.19,14.07,50677,720635.82,213
NSE,SWSOLAR,INE00M201021,EQ,172.54,173.55,167.45,168.11,172.54,833681,141606766.84,10974
NSE,SYMBIOTEC,INE899I01028,EQ,1149.40,1165.00,1122.20,1135.60,1149.50,492318,564668895.90,32122
NSE,SYMPHONY,INE225D01027,EQ,557.00,565.65,553.00,558.10,556.95,46171,25775600.15,4313
NSE,SYNCOMF,INE312C01025,EQ,23.29,25.49,22.90,24.94,23.22,40584346,1008192817.27,92757
NSE,SYNGENE,INE398R01022,EQ,362.00,362.00,357.80,360.30,363.20,414606,149180886.80,13109
NSE,SYRMA,INE0DYJ01015,EQ,1690.70,1769.50,1690.70,1746.70,1685.10,1814188,3164849010.50,83105
NSE,SYSTMTXC,INE356B01024,BE,73.05,73.05,71.59,72.69,73.05,11387,824064.87,29
NSE,TAALTECH,INE524T01029,EQ,1110.60,1130.00,1070.50,1087.90,1093.40,128291,140646967.10,12818
NSE,TAINWALCHM,INE123C01018,EQ,205.00,205.00,196.56,200.40,201.12,488,96800.15,28
NSE,TAJGVK,INE586B01026,EQ,321.00,329.00,317.50,320.45,318.30,67467,21774519.70,2954
NSE,TAKE,INE142I01023,EQ,11.89,12.12,11.54,12.12,11.55,269087,3226610.45,539
NSE,TALBROAUTO,INE187D01029,EQ,430.05,432.35,412.25,417.05,429.45,181320,75835647.70,6496
NSE,TAMBOLIIN,INE864J01012,BE,308.00,308.00,295.00,295.00,300.35,17201,5280920.10,24
NSE,TANAA,INE692C01020,EQ,310.85,363.00,308.00,349.25,309.30,447847,155156678.85,20079
NSE,TANLA,INE483C01032,EQ,491.00,501.60,488.00,494.55,492.15,309236,153377244.25,11762
NSE,TARACHAND,INE555Z01020,EQ,46.23,47.35,46.23,46.26,46.42,48497,2253464.54,1414
NSE,TARAPUR,INE747K01017,EQ,11.61,12.25,11.08,11.52,11.61,32875,382617.97,323
NSE,TARC,INE0EK901012,EQ,124.10,124.39,121.23,122.24,124.10,240407,29437329.42,2443
NSE,TARIL,INE763I01026,EQ,283.95,294.15,278.35,289.15,283.65,3041176,879685188.85,50162
NSE,TARMAT,INE924H01018,EQ,56.82,58.78,56.00,56.78,56.79,18146,1040753.44,222
NSE,TARSONS,INE144Z01023,EQ,333.45,352.45,331.25,341.70,331.65,230964,79546978.90,7892
NSE,TASTYBITE,INE488B01017,EQ,9450.00,9464.50,9328.50,9373.00,9413.00,402,3774550.50,264
NSE,TATACAP,INE976I01016,EQ,322.90,322.90,317.30,320.55,322.10,1129597,361346142.10,29873
NSE,TATACHEM,INE092A01019,EQ,618.80,618.80,608.80,609.80,616.55,451020,276402457.05,11827
NSE,TATACOMM,INE151A01013,EQ,1672.20,1688.00,1622.00,1659.60,1681.80,612618,1018153348.60,41962
NSE,TATACONSUM,INE192A01025,EQ,968.00,972.40,962.75,968.50,976.00,532061,515503054.45,39148
NSE,TATAELXSI,INE670A01012,EQ,3100.00,3134.00,3077.30,3082.50,3093.00,178378,552785027.60,22534
NSE,TATAINVEST,INE672A01026,EQ,624.15,625.95,613.70,615.30,624.15,221891,137066625.15,10035
NSE,TATAPOWER,INE245A01021,EQ,350.90,350.90,341.00,345.15,351.65,5227497,1804496539.05,67613
NSE,TATASTEEL,INE081A01020,EQ,177.79,178.25,174.60,175.64,178.69,18846203,3318060690.67,125202
NSE,TATATECH,INE142M01025,EQ,702.50,706.85,695.00,697.60,703.10,297761,208643422.25,24215
NSE,TATVA,INE0GK401011,EQ,1880.20,2000.00,1866.70,1991.20,1877.40,278517,544188991.10,25287
NSE,TBOTEK,INE673O01025,EQ,1682.00,1772.50,1676.40,1704.50,1693.20,1938711,3337538094.90,75717
NSE,TBZ,INE760L01018,BE,591.00,618.00,588.00,594.25,608.85,130826,78514360.50,2244
NSE,TCC,INE887D01024,EQ,46.89,47.51,45.65,46.10,47.09,360773,16641527.80,3154
NSE,TCI,INE688A01022,EQ,890.00,897.95,882.90,885.60,888.00,69647,61904164.05,5106
NSE,TCIEXP,INE586V01016,EQ,500.70,509.50,495.00,499.75,501.40,25483,12787174.30,1557
NSE,TCIFINANCE,INE911B01018,EQ,14.49,14.49,14.10,14.21,14.16,7931,112815.77,67
NSE,TCPLPACK,INE822C01015,EQ,4023.00,4055.00,3967.00,4031.50,4007.90,3112,12488608.20,814
NSE,TCS,INE467B01029,EQ,2085.20,2105.00,2076.00,2080.30,2100.00,1349758,2819489886.30,62070
NSE,TDPOWERSYS,INE419M01035,EQ,818.00,834.70,805.15,821.10,816.00,2690340,2199981785.15,94487
NSE,TEAMGTY,INE289C01025,EQ,235.02,240.90,235.02,238.95,235.02,206,49263.40,12
NSE,TEAMLEASE,INE985S01024,EQ,1130.00,1139.50,1093.00,1101.00,1130.30,19351,21414609.50,3408
NSE,TECHM,INE669C01036,EQ,1504.00,1513.00,1486.20,1491.10,1504.50,1254257,1878899025.60,54229
NSE,TECHNOCRAF,INE1D0W01018,EQ,469.00,488.65,467.25,486.40,467.25,876756,421374670.20,20444
NSE,TECHNOE,INE285K01026,EQ,996.70,999.10,980.50,988.30,996.20,69665,68893996.00,8396
NSE,TECHNVISN,INE314H01012,EQ,4211.90,4213.50,4080.10,4213.50,4012.90,581,2444930.50,83
NSE,TECILCHEM,INE014B01011,EQ,9.78,9.85,9.33,9.40,9.24,24062,232992.41,61
NSE,TEGA,INE011K01018,EQ,2108.20,2167.30,2085.50,2123.60,2092.50,488724,1042532352.10,40850
NSE,TEJASNET,INE010J01012,EQ,473.00,477.45,465.00,466.70,475.85,1065621,500914791.30,31147
NSE,TEMBO,INE869Y01028,EQ,58.25,58.25,55.35,56.42,58.25,1221774,69740485.85,6810
NSE,TEMPSENS,INE1KZI01025,EQ,515.70,603.00,514.90,578.00,515.50,9435714,5390072972.00,196507
NSE,TENNIND,INE19RI01016,EQ,494.15,496.00,479.15,480.40,494.15,556746,269029738.55,23494
NSE,TERAI,INE390D01011,EQ,122.00,122.00,100.30,113.50,120.00,337,37284.38,34
NSE,TERASOFT,INE482B01010,EQ,238.00,242.68,224.61,226.04,237.77,32809,7501528.55,1296
NSE,TEXINFRA,INE435C01024,EQ,127.00,127.00,120.20,121.24,125.42,149902,18373619.98,2159
NSE,TEXMOPIPES,INE141K01013,EQ,54.00,54.50,52.23,52.58,53.80,93443,4999645.77,1414
NSE,TEXRAIL,INE621L01012,EQ,117.45,117.70,113.70,114.74,117.38,2010213,232527927.27,17674
NSE,TFCILTD,INE305A01023,EQ,141.29,154.00,141.26,152.24,140.65,19824302,2976590013.82,93150
NSE,TFL,INE804H01012,EQ,11.99,12.21,11.65,12.16,11.99,3999,48553.82,51
NSE,TGBHOTELS,INE797H01018,EQ,9.70,9.70,9.35,9.40,9.37,3766,35861.78,45
NSE,TGVSL,INE284B01028,EQ,125.49,127.00,123.00,126.26,125.48,482160,60498119.69,6179
NSE,THACKER,INE077P01034,EQ,939.65,1000.00,939.65,980.00,939.65,39,38403.50,6
NSE,THAKDEV,INE403F01017,EQ,134.39,134.39,134.39,134.39,135.06,2,268.78,2
NSE,THANGAMAYL,INE085J01014,EQ,4758.50,4870.00,4666.00,4803.00,4758.50,51777,248949721.50,13152
NSE,THEINVEST,INE924D01017,EQ,91.26,92.63,89.90,90.20,90.81,4177,378549.97,118
NSE,THEJO,INE121N01019,EQ,2074.20,2120.00,2074.20,2100.40,2098.90,3998,8392755.40,451
NSE,THELEELA,INE0AQ201015,EQ,580.00,607.25,576.50,602.45,582.70,627331,374616055.50,47612
NSE,THEMISMED,INE083B01024,EQ,114.05,117.98,113.40,115.47,113.49,77738,8992873.13,1586
NSE,THERMAX,INE152A01029,EQ,3262.00,3277.20,3200.00,3230.40,3225.10,103486,335977955.20,22726
NSE,THOMASCOOK,INE332A01027,EQ,100.80,101.61,99.89,100.54,101.09,327879,32981443.07,4835
NSE,THOMASCOTT,INE480M01011,EQ,281.65,287.65,272.50,278.85,280.80,29314,8235440.30,973
NSE,THYROCARE,INE594H01019,EQ,532.40,532.40,510.50,513.05,529.80,315757,162904631.10,30020
NSE,TI,INE133E01013,EQ,543.10,563.15,542.60,551.55,547.80,1058902,586645428.30,41115
NSE,TICL,INE388G01026,BE,8.99,8.99,8.99,8.99,8.57,37230,334697.70,21
NSE,TIGERLOGS,INE906O01029,EQ,25.99,26.30,25.11,26.17,25.86,52827,1370837.60,682
NSE,TIIL,INE545H01011,EQ,2825.50,2825.50,2688.10,2715.40,2819.10,40230,109673801.80,6470
NSE,TIINDIA,INE974X01010,EQ,2470.30,2472.00,2355.50,2388.00,2472.70,556889,1333722743.70,44242
NSE,TIJARIA,INE440L01017,BE,6.55,6.73,6.40,6.47,6.42,3915,25553.22,41
NSE,TIL,INE806C01018,BE,242.25,246.10,232.20,239.90,242.25,47307,11338060.40,335
NSE,TIMETECHNO,INE508G01029,EQ,183.00,185.22,180.64,183.62,183.07,2467633,452573955.33,23191
NSE,TIMEX,INE064A01026,EQ,733.70,744.60,715.00,724.45,731.70,336138,244506580.45,21334
NSE,TIMKEN,INE325A01013,EQ,3157.00,3178.80,3096.00,3132.00,3156.90,39160,122583993.70,10243
NSE,TINNARUBR,INE015C01016,EQ,954.95,957.75,926.00,930.55,950.25,25287,23701879.35,2675
NSE,TIPSFILMS,INE0LQS01015,EQ,338.70,342.00,325.15,328.75,334.55,6753,2244827.60,374
NSE,TIPSMUSIC,INE716B01029,EQ,653.10,657.90,638.00,639.90,653.10,226714,146464761.45,12133
NSE,TIRUMALCHM,INE338A01024,EQ,148.90,152.90,146.80,147.91,148.53,270559,40373343.71,4468
NSE,TIRUPATIFL,INE319Y01024,BE,70.75,71.20,70.75,70.80,72.19,408182,28882802.85,375
NSE,TITAGARH,INE615H01020,EQ,804.85,808.45,796.65,799.75,804.85,199471,159961989.60,10653
NSE,TITAN,INE280A01028,EQ,4439.00,4440.00,4335.60,4377.00,4550.00,2951280,12913301459.20,172614
NSE,TMB,INE668A01016,EQ,878.95,884.60,861.05,877.35,878.95,153612,134299663.00,12840
NSE,TMCV,INE1TAE01010,EQ,432.50,433.80,424.05,427.90,433.80,5489931,2354432484.45,77857
NSE,TMPV,INE155A01022,EQ,285.60,286.65,280.80,283.00,285.80,9266278,2625527269.70,75821
NSE,TNPETRO,INE148A01019,EQ,126.49,127.39,123.54,125.78,126.03,475976,59605647.29,7160
NSE,TNPL,INE107A01015,EQ,146.00,146.52,143.00,143.35,145.94,74131,10669509.48,2657
NSE,TNTELE,INE141D01018,BE,9.93,9.93,9.93,9.93,10.45,21997,218430.21,88
NSE,TOKYOPLAST,INE932C01012,EQ,73.69,73.69,70.00,70.87,71.10,771,54924.70,39
NSE,TOLINS,INE0RWQ01014,EQ,90.00,90.95,88.00,90.08,90.19,55327,4955313.67,1228
NSE,TORNTPHARM,INE685A01028,EQ,4765.00,4791.30,4679.00,4716.20,4772.00,241200,1136898582.70,28212
NSE,TORNTPOWER,INE813H01021,EQ,1238.90,1247.80,1223.20,1236.50,1234.90,175635,216466441.60,13283
NSE,TOTAL,INE336X01012,BE,70.00,71.45,69.80,69.81,71.54,1140,79899.95,37
NSE,TOUCHWOOD,INE486Y01013,EQ,60.37,60.37,59.01,59.61,58.95,951,57193.28,12
NSE,TOYAMSL,INE457P01020,EQ,0.69,0.71,0.69,0.71,0.68,374839,265953.57,145
NSE,TPHQ,INE065J01024,BE,0.48,0.49,0.47,0.47,0.48,621002,296059.09,293
NSE,TPLPLASTEH,INE413G01022,EQ,69.64,69.80,68.16,68.60,69.18,108731,7502879.15,850
NSE,TRACXN,INE0HMF01019,EQ,35.00,35.00,33.02,33.89,34.34,357771,12182589.32,2693
NSE,TRANSCOR,INE330E01023,EQ,24.54,25.50,24.16,25.38,23.91,12826,320122.81,65
NSE,TRANSPEK,INE687A01016,BE,1345.10,1425.00,1345.10,1398.10,1379.50,1763,2473400.10,92
NSE,TRANSRAILL,INE454P01035,EQ,485.00,486.90,476.00,479.30,482.40,770841,371834988.55,24076
NSE,TRANSWORLD,INE757B01015,BE,152.50,156.99,152.50,155.05,153.70,2195,340669.99,37
NSE,TRAVELFOOD,INE103V01028,EQ,1191.30,1197.10,1180.20,1189.60,1197.90,67434,80211902.00,10999
NSE,TREEHOUSE,INE040M01013,EQ,5.80,6.00,5.70,5.78,5.82,10445,60782.00,53
NSE,TREJHARA,INE00CA01015,EQ,135.81,135.81,125.75,127.48,130.39,22107,2854008.02,558
NSE,TREL,INE0O3901029,EQ,27.00,27.33,26.00,26.71,26.64,85309,2277100.18,808
NSE,TRENT,INE849A01020,EQ,2897.00,2909.00,2876.80,2890.30,2906.00,1317846,3812990377.20,60619
NSE,TRF,INE391D01019,EQ,197.03,198.95,193.07,198.02,196.30,5575,1091165.64,289
NSE,TRIDENT,INE064C01022,EQ,22.56,22.68,22.26,22.31,22.56,2433694,54453179.51,11612
NSE,TRIGYN,INE948A01012,EQ,51.00,52.45,51.00,51.63,51.70,9705,501483.43,238
NSE,TRITONV,INE440G01017,EQ,1070.10,1099.00,1042.90,1050.20,1093.00,3421,3626181.30,333
NSE,TRITURBINE,INE152M01016,EQ,530.10,543.00,528.90,531.45,536.10,337921,180891578.30,26994
NSE,TRIVENI,INE256C01024,EQ,243.00,249.04,240.64,245.13,241.97,621686,152792762.94,17337
NSE,TRU,INE615R01029,EQ,4.30,4.30,4.15,4.25,4.12,29133,123921.36,123
NSE,TRUALT,INE0MWH01014,EQ,445.35,456.95,439.95,448.85,444.35,132449,59505760.10,4913
NSE,TSFINV,INE202Z01029,EQ,415.00,416.40,407.20,409.60,417.95,59688,24602219.50,2672
NSE,TTKHLTCARE,INE910C01018,EQ,1040.40,1050.50,1026.70,1046.60,1033.70,13651,14203606.20,1337
NSE,TTKPRESTIG,INE690A01028,EQ,521.00,521.75,515.30,517.85,522.85,16239,8412625.20,1885
NSE,TTL,INE592B01024,EQ,7.30,7.50,7.25,7.29,7.38,99784,734537.42,204
NSE,TTML,INE517B01013,EQ,34.08,34.20,33.84,34.01,34.18,1417779,48216473.23,8652
NSE,TURTLEMINT,INE0OC301013,EQ,68.91,72.35,67.88,72.28,68.91,1668511,118251836.25,11391
NSE,TUTIALKA,INE400A01014,EQ,54.00,54.95,54.00,54.70,54.00,2110,115119.01,38
NSE,TVSELECT,INE236G01019,EQ,404.05,404.05,395.00,397.00,404.20,27384,10942411.05,1273
NSE,TVSHLTD,INE105A01035,EQ,11722.00,11809.00,11600.00,11735.00,11763.00,4318,50616010.00,1389
NSE,TVSMOTOR,INE494B01023,EQ,3982.80,3995.00,3870.80,3926.00,3981.00,673718,2655781863.90,47052
NSE,TVSSCS,INE395N01027,EQ,131.00,132.60,128.13,130.40,130.67,475200,62089248.31,7320
NSE,TVSSRICHAK,INE421C01016,EQ,4367.20,4419.10,4321.30,4354.10,4390.10,3851,16870049.60,1284
NSE,TVTODAY,INE038F01029,EQ,101.15,103.00,100.62,101.30,101.48,15356,1560014.03,413
NSE,TVVISION,INE871L01013,BE,2.63,2.63,2.47,2.59,2.59,33766,86009.97,59
NSE,UBL,INE686F01025,EQ,1192.00,1192.00,1178.40,1185.70,1178.30,48162,57071340.90,6634
NSE,UCAL,INE139B01016,BE,144.95,145.99,140.61,141.57,142.37,17699,2527072.02,64
NSE,UCOBANK,INE691A01018,EQ,23.20,23.53,22.95,23.40,23.27,3707604,86254007.34,15370
NSE,UDAYJEW,INE551B01012,EQ,168.00,168.01,160.50,161.13,160.33,7798,1269242.88,396
NSE,UDS,INE851I01011,EQ,215.40,219.70,213.01,218.11,215.40,108092,23506534.48,2342
NSE,UEL,INE899L01030,EQ,179.62,183.80,176.05,177.64,179.62,7247,1298279.70,528
NSE,UFBL,INE382M01027,BE,695.20,700.00,681.25,687.65,695.20,20133,13958467.70,417
NSE,UFLEX,INE516A01017,EQ,641.55,655.00,633.10,643.15,641.25,115503,74167239.40,5105
NSE,UFO,INE527H01019,EQ,58.47,58.48,56.55,56.88,57.38,20402,1169063.97,388
NSE,UGARSUGAR,INE071E01023,BE,59.40,60.99,56.90,58.45,59.26,129567,7563932.39,708
NSE,UGROCAP,INE583D01011,EQ,82.90,82.90,80.76,81.28,82.97,212716,17335774.94,6615
NSE,UJJIVANSFB,INE551W01018,EQ,65.20,67.19,64.72,64.94,65.19,15595871,1026348158.82,54217
NSE,ULTRACEMCO,INE481G01011,EQ,10730.00,10812.00,10595.00,10658.00,10750.00,287808,3073166641.00,44241
NSE,ULTRAMAR,INE405A01021,EQ,409.30,411.95,405.10,409.60,408.80,24466,9973886.45,1046
NSE,UMAEXPORTS,INE0GIU01018,BE,21.40,21.43,20.05,20.07,21.09,79271,1605079.86,162
NSE,UMESLTD,INE240C01028,EQ,4.39,4.70,4.39,4.51,4.45,58235,264490.57,115
NSE,UMIYA-MRO,INE398B01018,EQ,93.69,93.69,92.10,92.22,92.55,4126,381356.92,99
NSE,UNICHEMLAB,INE351A01035,EQ,552.85,557.90,541.35,546.20,548.10,44644,24581420.90,2954
NSE,UNIDT,INE961D01019,EQ,230.00,235.01,226.00,227.34,226.13,32104,7353462.47,1225
NSE,UNIECOM,INE00U401027,EQ,82.00,83.24,81.72,82.61,81.84,138686,11451060.68,1817
NSE,UNIENTER,INE037A01022,EQ,87.10,89.85,86.12,86.72,87.09,2646,230555.45,57
NSE,UNIINFO,INE481Z01011,EQ,11.02,11.50,10.53,11.45,11.00,8580,97223.90,47
NSE,UNIMECH,INE0U3I01011,EQ,1892.50,1892.50,1840.10,1854.50,1873.10,143988,268734520.90,16891
NSE,UNIONBANK,INE692A01016,EQ,167.67,174.90,165.44,173.15,168.44,13484976,2315832905.40,76751
NSE,UNIPARTS,INE244O01017,EQ,825.00,832.10,806.20,812.30,824.70,59608,48726378.60,7965
NSE,UNITDSPR,INE854D01024,EQ,1348.30,1355.40,1338.00,1344.00,1358.00,998614,1342735035.40,34920
NSE,UNITECH,INE694A01020,EQ,3.98,4.21,3.95,4.10,4.00,5044354,20757719.85,3099
NSE,UNITEDPOLY,INE368U01029,EQ,49.99,49.99,47.61,48.10,48.49,98385,4766493.76,732
NSE,UNITEDTEA,INE458F01011,EQ,415.95,418.00,401.60,408.85,415.95,4211,1730362.05,138
NSE,UNIVASTU,INE562X01013,BE,134.84,134.84,126.50,129.81,131.63,25581,3287832.61,240
NSE,UNIVCABLES,INE279A01012,EQ,1667.00,1669.50,1597.70,1633.10,1649.20,99488,162120029.20,12788
NSE,UNIVPHOTO,INE03V001013,BE,465.55,488.00,452.00,479.95,470.25,776,355945.20,42
NSE,UNOMINDA,INE405E01023,EQ,1115.70,1123.90,1100.00,1104.80,1120.00,277168,307246958.00,18536
NSE,UPL,INE628A01036,EQ,510.00,510.00,494.60,495.00,509.55,2175673,1086555434.15,42923
NSE,URAVIDEF,INE568Z01015,BE,101.49,102.00,101.00,102.00,102.00,1118,113550.91,26
NSE,URBANCO,INE0CAZ01013,EQ,170.50,173.01,167.75,168.23,173.54,6144587,1042508417.07,56997
NSE,URJA,INE550C01020,EQ,8.51,8.70,8.48,8.51,8.60,491846,4207243.64,2036
NSE,USHAMART,INE228A01035,EQ,519.00,523.40,510.00,520.25,516.70,962383,495627814.15,22008
NSE,USK,INE0N0Y01013,EQ,19.36,19.36,18.00,18.40,18.64,11444,209830.91,186
NSE,UTIAMC,INE094J01016,EQ,889.00,901.00,879.05,892.30,888.20,71137,63261214.70,9432
NSE,UTKARSHBNK,INE735W01017,EQ,14.30,14.43,13.85,13.98,13.52,21411872,299694965.45,22244
NSE,UTLSOLAR,INE12UR01024,EQ,417.50,442.00,410.85,431.75,418.85,407571,176498684.55,21971
NSE,UTTAMSUGAR,INE786F01031,EQ,302.35,312.70,299.40,308.30,302.80,345726,106519640.05,9258
NSE,UYFINCORP,INE152C01025,BE,21.82,23.49,21.81,22.93,22.95,223056,5062720.67,570
NSE,V2RETAIL,INE945H01021,EQ,171.34,171.97,157.35,163.95,172.19,3074441,515350101.57,37809
NSE,VADILALIND,INE694D01016,EQ,7309.50,7309.50,7198.00,7247.00,7309.50,2509,18197133.50,1087
NSE,VADILENT,INE693D01018,EQ,9860.00,9910.00,9860.00,9910.00,9860.00,2,19770.00,2
NSE,VAIBHAVGBL,INE884A01027,EQ,201.43,201.89,199.01,200.75,202.43,92278,18494174.66,3101
NSE,VAISHALI,INE972X01022,EQ,8.40,8.40,7.76,8.10,8.17,181758,1467820.46,393
NSE,VAKRANGEE,INE051B01021,EQ,5.19,5.22,5.15,5.19,5.19,577018,2986973.04,966
NSE,VALIANTLAB,INE0JWS01017,BE,126.00,126.00,120.65,123.21,124.37,45361,5570846.22,275
NSE,VALIANTORG,INE565V01010,EQ,496.80,505.00,477.00,479.85,496.80,109561,53677035.75,3326
NSE,VAML,INE1CDF01017,EQ,401.25,401.80,393.05,394.00,401.05,3370906,1337514098.20,102095
NSE,VARDHACRLC,INE116G01013,EQ,44.00,44.49,43.35,43.72,43.63,29518,1293511.80,109
NSE,VARDMNPOLY,INE835A01029,EQ,5.31,5.60,5.24,5.40,5.44,164823,889364.36,494
NSE,VARMORA,INE0M5301040,EQ,132.84,137.30,130.35,136.31,132.84,1844068,247527816.29,17770
NSE,VARROC,INE665L01035,EQ,814.45,826.80,810.00,823.75,814.45,166445,136135852.20,13502
NSE,VASCONEQ,INE893I01013,EQ,32.12,32.51,32.05,32.33,32.31,206540,6664850.63,984
NSE,VASWANI,INE590L01019,EQ,43.66,44.24,43.20,43.80,43.41,13762,598679.23,101
NSE,VBL,INE200M01039,EQ,438.00,444.05,435.00,440.75,439.30,3591044,1583796856.75,34518
NSE,VCL,INE098201036,BE,1.57,1.57,1.49,1.55,1.50,649613,1008206.00,262
NSE,VEDAVAAG,INE359B01010,EQ,23.50,23.51,22.11,22.84,23.24,60838,1380860.49,367
NSE,VEDL,INE205A01025,EQ,264.50,265.20,258.80,261.40,265.60,10190251,2661812694.30,69569
NSE,VEDPOWER,INE694L01019,EQ,32.39,32.63,31.87,32.42,32.53,7685828,247931323.66,31204
NSE,VEEDOL,INE484C01030,EQ,1390.00,1401.00,1361.00,1383.00,1392.40,6459,8956927.00,850
NSE,VEEGALAND,INE1JTV01015,EQ,149.95,153.00,141.10,143.63,148.64,2096377,308615487.10,17982
NSE,VELJAN,INE232E01013,BE,2657.90,2657.90,2580.00,2657.90,2531.40,4352,11546055.20,274
NSE,VENKEYS,INE398A01010,EQ,1687.90,1692.90,1649.80,1655.60,1694.80,40836,68004906.10,4584
NSE,VENTIVE,INE781S01027,EQ,587.90,587.90,575.05,582.40,582.35,12530,7289388.00,1201
NSE,VENUSPIPES,INE0JA001018,EQ,2243.00,2269.80,2185.70,2238.50,2240.30,114368,254172715.80,9589
NSE,VENUSREM,INE411B01019,BE,1721.00,1800.50,1670.60,1769.40,1746.70,24817,43296643.70,1067
NSE,VERANDA,INE0IQ001011,BE,30.99,31.20,30.00,31.20,29.72,164637,5105016.74,561
NSE,VERTOZ,INE188Y01031,EQ,33.49,34.93,32.10,33.06,33.52,65720,2226333.06,648
NSE,VESUVIUS,INE386A01023,EQ,403.00,415.55,399.10,409.70,404.40,176659,72304377.15,8752
NSE,VETO,INE918N01018,EQ,140.00,140.80,138.00,138.49,138.54,42720,5930338.22,1324
NSE,VGCL,INE761Q01015,EQ,47.58,49.98,47.58,49.98,47.60,5350,264983.63,25
NSE,VGL,INE273D01027,EQ,64.98,65.86,62.51,62.92,63.76,23868,1517465.52,340
NSE,VGUARD,INE951I01027,EQ,304.90,305.30,301.20,302.15,306.30,223851,67919027.55,8639
NSE,VHL,INE701A01023,EQ,3599.00,3611.00,3528.00,3598.80,3574.20,611,2193345.40,175
NSE,VHLTD,INE048C01025,BE,130.90,131.55,129.00,129.62,128.97,79381,10328533.71,392
NSE,VIDHIING,INE632C01026,EQ,353.05,354.00,348.00,348.20,352.30,4118,1441006.50,456
NSE,VIDYAWIRES,INE14UN01029,EQ,96.90,100.62,95.60,100.62,95.83,4647269,461889834.85,20362
NSE,VIJAYA,INE043W01024,EQ,1470.00,1490.60,1445.30,1462.40,1466.70,86569,126741258.30,13167
NSE,VIJIFIN,INE159N01027,BE,13.01,13.01,13.01,13.01,13.69,49009,637607.09,102
NSE,VIJSOLX,INE362D01010,EQ,614.05,617.65,614.05,615.85,620.00,43,26434.40,8
NSE,VIKASECO,INE806A01020,EQ,1.02,1.03,1.01,1.02,1.02,1107129,1132728.15,875
NSE,VIKASLIFE,INE161L01027,EQ,1.19,1.21,1.19,1.19,1.20,1837662,2202140.12,7119
NSE,VIKRAMSOLR,INE078V01014,EQ,151.50,151.89,148.51,148.94,151.50,1900464,284668736.47,18979
NSE,VIKRAN,INE01R501028,EQ,57.99,59.09,57.47,57.85,58.13,651511,37915618.05,4958
NSE,VIMTALABS,INE579C01029,EQ,579.90,582.90,564.85,567.20,577.40,140574,80336958.90,9554
NSE,VINATIORGA,INE410B01037,EQ,1191.00,1195.80,1138.50,1142.30,1179.50,71386,82226057.20,11789
NSE,VINCOFE,INE498Q01014,EQ,187.21,187.26,181.60,184.19,187.21,740150,136319086.57,11941
NSE,VINDHYATEL,INE707A01012,EQ,2822.50,2907.10,2779.00,2810.10,2829.70,74369,211413233.00,9737
NSE,VINEETLAB,INE505Y01010,EQ,37.20,38.15,36.50,36.65,36.52,113429,4170450.16,362
NSE,VINNY,INE01KI01027,EQ,0.91,0.92,0.88,0.89,0.90,283034,254535.70,218
NSE,VINYLINDIA,INE250B01029,EQ,213.00,220.00,211.80,215.53,212.77,2527,544106.51,197
NSE,VIPCLOTHNG,INE450G01024,EQ,20.20,20.78,19.97,20.02,20.30,24616,494457.93,175
NSE,VIPIND,INE054A01027,EQ,287.90,287.90,279.95,281.10,288.10,110534,31301149.90,4652
NSE,VIPULLTD,INE946H01037,BE,10.20,10.71,9.69,9.85,10.20,295796,2922322.48,684
NSE,VIRAT,INE467D01017,EQ,347.70,382.45,338.05,382.45,347.70,11252,4208520.10,464
NSE,VIRINCHI,INE539B01017,EQ,13.33,14.40,12.73,12.97,13.16,67989,895276.72,331
NSE,VIRTUALG,INE247C01023,BE,0.44,0.44,0.40,0.44,0.42,227968,95990.29,189
NSE,VISACHROME,INE286H01012,EQ,36.00,36.00,35.01,35.22,35.22,8536,302775.79,94
NSE,VISAKAIND,INE392A01021,BE,82.25,84.40,81.50,83.83,81.63,54269,4519138.65,400
NSE,VISHAL,INE755Q01025,EQ,17.99,17.99,17.01,17.13,17.50,50885,882978.57,344
NSE,VISHNU,INE270I01022,EQ,693.70,693.80,680.00,683.40,695.55,58238,39958048.20,4509
NSE,VISHWARAJ,INE430N01022,EQ,5.72,5.82,5.46,5.51,5.72,363908,2032569.98,987
NSE,VISL,INE1CLE01013,EQ,30.50,30.71,29.22,29.44,30.75,35144526,1039526888.50,50138
NSE,VITAL,INE0L4K01016,EQ,50.53,53.11,50.53,52.87,53.18,2966,149977.18,28
NSE,VIVIANA,INE0MEG01014,EQ,827.65,844.00,800.00,817.85,824.20,36092,29754718.70,2648
NSE,VIVIDHA,INE370E01029,EQ,0.51,0.52,0.50,0.50,0.51,268981,137539.35,144
NSE,VIVIMEDLAB,INE526G01021,BE,6.59,6.59,6.59,6.59,6.28,62809,413911.31,57
NSE,VIVOBIOT,INE380K01017,EQ,13.87,16.00,12.80,15.10,13.87,116917,1637753.99,511
NSE,VIYASH,INE807F01027,EQ,234.00,242.67,232.16,240.77,233.23,3081129,737712798.68,36879
NSE,VLEGOV,INE03HW01020,EQ,9.70,9.70,9.25,9.37,9.37,46813,440233.77,366
NSE,VLSFINANCE,INE709A01018,EQ,228.00,238.10,228.00,229.97,233.90,9462,2180897.90,491
NSE,VMART,INE665J01013,EQ,795.90,813.55,781.15,806.20,793.00,85019,68020431.80,9113
NSE,VMM,INE01EA01019,EQ,100.95,101.60,99.78,100.50,100.95,11200804,1128517288.55,44116
NSE,VMSTMT,INE0SJA01013,EQ,45.75,46.44,45.32,45.76,46.58,16555,757507.09,348
NSE,VOEPL,INE0I0T01010,EQ,510.00,534.85,503.55,526.90,511.15,108377,56712149.05,5281
NSE,VOGL,INE704J01044,EQ,31.32,31.38,30.75,31.11,31.41,10673746,331620332.91,32582
NSE,VOITHPAPR,INE285C01015,EQ,1413.00,1444.90,1410.00,1410.80,1425.00,561,791603.10,28
NSE,VOLTAMP,INE540H01012,EQ,10525.00,10639.00,10380.00,10512.00,10539.00,10933,115129343.00,5479
NSE,VOLTAS,INE226A01021,EQ,1071.90,1072.70,1052.30,1056.80,1067.90,316203,335649522.30,15525
NSE,VPRPL,INE0AE001013,EQ,28.66,28.70,28.01,28.32,28.77,214064,6081408.85,1491
NSE,VRAJ,INE0S2V01010,EQ,121.10,124.51,119.80,121.86,121.60,8639,1051095.15,494
NSE,VRLLOG,INE366I01010,EQ,284.95,287.65,283.50,285.10,284.95,135316,38558184.25,4019
NSE,VSSL,INE050M01012,EQ,389.75,395.00,382.90,393.75,389.75,60271,23475237.80,2892
NSE,VSTIND,INE710A01016,EQ,202.51,202.87,200.10,201.33,202.64,67992,13680421.49,2568
NSE,VSTL,INE0QTF01015,EQ,108.56,108.56,106.25,106.84,108.56,21084,2267719.48,498
NSE,VSTTILLERS,INE764D01017,EQ,4392.90,4462.10,4342.50,4375.60,4426.30,5439,23890301.00,1395
NSE,VTL,INE825A01020,EQ,549.40,551.45,533.70,536.40,549.40,192444,103701806.45,9563
NSE,VTMLTD,INE222F01029,EQ,35.98,36.28,33.55,34.11,35.92,174164,6111466.09,1370
NSE,WAAREEENER,INE377N01017,EQ,2389.90,2426.00,2362.30,2401.00,2398.00,429460,1030442268.30,32053
NSE,WAAREEINDO,INE866K01023,EQ,209.80,211.87,204.02,207.15,208.05,99686,20754576.17,2691
NSE,WAAREERTL,INE299N01021,EQ,824.00,824.85,810.00,812.45,825.95,89013,72562723.50,8195
NSE,WABAG,INE956G01038,EQ,2009.50,2053.60,1990.80,1998.30,2006.90,363620,732577622.10,28418
NSE,WAKEFIT,INE0E7301029,EQ,136.10,136.76,133.70,134.42,135.98,406287,54881339.23,6854
NSE,WALCHANNAG,INE711A01022,EQ,203.00,230.00,201.02,223.99,204.17,8077353,1807440018.45,107564
NSE,WANBURY,INE107F01022,EQ,197.50,207.37,195.89,198.70,197.87,462234,93144408.51,8764
NSE,WATERBASE,INE054C01015,EQ,44.80,46.00,44.11,45.07,44.80,25171,1125804.11,198
NSE,WCIL,INE0CJF01024,EQ,87.67,93.40,87.60,92.54,87.76,265462,24254595.22,2632
NSE,WEALTH,INE658T01017,EQ,855.25,866.30,820.10,833.45,855.15,1099,919358.25,195
NSE,WEBELSOLAR,INE855C01023,EQ,70.26,72.36,68.44,69.13,70.89,2402205,168553328.75,16689
NSE,WEIZMANIND,INE080A01014,EQ,73.00,73.84,71.00,73.52,70.39,3781,275846.88,97
NSE,WEL,INE02WG01024,EQ,76.00,76.20,74.82,74.96,74.62,212210,15974658.80,1368
NSE,WELCORP,INE191B01025,EQ,2660.90,2720.00,2625.30,2704.60,2660.90,1200738,3220981960.60,67451
NSE,WELENT,INE625G01013,EQ,716.15,749.20,713.50,740.75,718.30,323309,239653276.20,20739
NSE,WELINV,INE389K01018,BE,2400.00,2400.00,2400.00,2400.00,2440.00,4,9600.00,3
NSE,WELSPLSOL,INE731F01037,EQ,52.00,52.40,50.64,51.31,51.99,572744,29318783.39,3603
NSE,WELSPUNLIV,INE192B01031,EQ,237.86,245.50,232.43,235.86,237.86,5454238,1299559587.07,62470
NSE,WENDT,INE274C01019,EQ,8070.50,8134.50,7953.50,7991.00,8097.50,4727,37984070.50,1370
NSE,WESTLIFE,INE274F01020,EQ,595.05,603.95,581.30,586.40,594.60,86911,51560806.65,6762
NSE,WEWIN,INE082W01014,EQ,52.85,52.85,50.75,52.85,51.92,3048,159947.53,65
NSE,WEWORK,INE085001019,EQ,657.65,683.25,657.65,673.15,664.90,134408,90469096.80,10256
NSE,WHBRADY,INE855A01019,EQ,487.40,492.25,451.00,467.80,485.00,255,122094.65,35
NSE,WHEELS,INE715A01015,EQ,2295.90,2315.80,2242.00,2283.90,2289.00,62357,142422570.80,7446
NSE,WHIRLPOOL,INE716A01013,EQ,865.80,865.80,840.10,845.50,867.80,242471,207408189.60,15910
NSE,WILLAMAGOR,INE210A01017,EQ,22.40,22.40,20.91,21.63,21.88,2518,53699.65,80
NSE,WINDLAS,INE0H5O01029,EQ,1038.50,1042.20,1011.70,1022.00,1036.20,78586,80559726.40,6922
NSE,WINDMACHIN,INE052A01021,EQ,296.50,305.00,291.05,303.05,294.85,131722,39584035.75,2809
NSE,WIPL,INE215F01023,EQ,163.21,166.64,162.00,163.27,161.65,1223,200445.95,142
NSE,WIPRO,INE075A01022,EQ,160.60,162.20,158.70,159.60,161.84,12404246,1985519566.87,70047
NSE,WOCKPHARMA,INE049B01025,EQ,2175.00,2197.00,2130.40,2150.40,2176.40,463533,1000635211.80,32036
NSE,WONDERLA,INE066O01014,EQ,513.45,524.00,509.35,519.60,509.70,102613,53049168.65,6268
NSE,WORTHPERI,INE196Y01018,EQ,136.55,147.30,136.55,143.26,141.09,41500,5942776.18,94
NSE,WPIL,INE765D01022,EQ,440.00,444.50,434.00,435.50,444.15,26484,11624647.30,1963
NSE,WSI,INE100D01014,EQ,51.79,52.89,51.07,52.10,51.79,39915,2073413.86,385
NSE,WSTCSTPAPR,INE976A01021,EQ,758.00,765.65,728.00,732.30,753.05,210582,157614166.80,12244
NSE,XCHANGING,INE692G01013,EQ,62.25,62.25,60.55,61.04,61.86,38682,2372101.47,777
NSE,XELPMOC,INE01P501012,EQ,85.70,93.45,83.21,91.32,85.62,23701,2109212.61,426
NSE,XPROINDIA,INE445C01015,EQ,1143.80,1148.10,1121.00,1130.00,1136.10,20541,23250827.90,2598
NSE,XTGLOBAL,INE547B01028,EQ,28.10,28.29,27.12,27.20,27.61,46806,1294496.25,154
NSE,XTRANET,INE0NG701011,EQ,304.00,315.30,294.55,302.65,300.30,787101,242109752.25,13899
NSE,YASHO,INE616Z01012,EQ,4339.60,4468.60,4294.90,4337.60,4282.80,60414,264328691.00,13117
NSE,YATHARTH,INE0JO301016,EQ,1058.90,1068.40,1022.30,1032.70,1058.80,271988,283706871.40,20351
NSE,YATRA,INE0JR601024,EQ,101.00,102.19,100.36,101.59,101.48,417216,42285362.09,4040
NSE,YESBANK,INE528G01035,EQ,20.89,20.93,20.63,20.79,20.86,73908969,1534759983.55,64222
NSE,YOGI,INE290E01011,EQ,161.00,162.00,161.00,161.86,161.00,345,55621.94,25
NSE,YUKEN,INE384C01016,EQ,1251.00,1263.30,1213.30,1216.50,1238.60,14333,17645335.60,1977
NSE,ZAGGLE,INE07K301024,EQ,172.28,175.02,170.26,172.22,171.88,1255445,216564230.67,13618
NSE,ZEEL,INE256A01028,EQ,72.50,72.69,69.83,70.12,72.42,16790305,1191048970.54,57989
NSE,ZEELEARN,INE565L01011,EQ,6.40,6.45,6.19,6.29,6.37,281457,1785652.91,551
NSE,ZEEMEDIA,INE966H01019,EQ,7.27,7.27,7.15,7.21,7.22,668835,4814933.60,769
NSE,ZENITHEXPO,INE058B01018,EQ,188.00,188.00,186.63,186.63,187.56,20,3746.38,5
NSE,ZENITHSTL,INE318D01020,EQ,5.32,5.32,5.11,5.28,5.25,10316,53814.59,120
NSE,ZENSARTECH,INE520A01027,EQ,445.75,446.45,436.25,439.30,445.45,485832,213639727.60,20321
NSE,ZENTEC,INE251B01027,EQ,1608.00,1608.00,1572.00,1580.20,1614.30,157459,250354060.10,13372
NSE,ZFCVINDIA,INE342J01019,EQ,2190.10,2208.00,2134.10,2172.20,2187.40,62876,136095788.20,11995
NSE,ZFSTEERING,INE116C01012,EQ,715.00,718.55,685.50,691.70,710.25,2425,1694577.65,249
NSE,ZIMLAB,INE518E01015,EQ,140.00,152.50,136.47,146.61,138.57,846341,124486557.30,14670
NSE,ZODIAC,INE761Y01019,EQ,211.00,221.19,205.05,214.34,212.65,8614,1850897.27,597
NSE,ZODIACLOTH,INE206B01013,EQ,66.97,68.97,66.70,67.71,66.67,518,34834.50,59
NSE,ZOTA,INE358U01012,EQ,1278.00,1358.60,1251.60,1342.10,1278.60,166584,219654513.60,7500
NSE,ZSARACOM,INE967G01019,EQ,9950.00,10300.00,9950.00,10282.00,9961.00,12,121751.00,10
NSE,ZUARI,INE840M01016,EQ,217.90,219.46,213.35,216.19,218.28,34045,7366672.44,1274
NSE,ZUARIIND,INE217A01012,EQ,289.90,289.90,279.60,281.45,288.45,53991,15277823.85,2103
NSE,ZYDUSLIFE,INE010B01027,EQ,1165.00,1167.40,1147.60,1153.00,1159.50,1143059,1321716157.00,25945
NSE,ZYDUSWELL,INE768C01028,EQ,505.70,513.00,498.30,507.55,502.40,147985,74762249.95,12482
