exchange,symbol,isin,series,open,high,low,close,prev_close,volume,value,trades
BSE,1STCUS,INE609B01018,X,71.99,71.99,70.50,70.50,69.74,2,142.00,2
BSE,20MICRONS,INE144J01027,B,187.00,190.50,184.55,188.05,184.50,13059,2442738.00,420
BSE,21STCENMGM,INE253B01015,B,34.90,34.95,34.25,34.25,34.50,116,3997.00,16
BSE,360ONE,INE466L01038,A,1143.45,1155.60,1136.00,1138.95,1146.70,9669,11085478.00,1213
BSE,3BBLACKBIO,INE994E01018,B,1202.00,1222.35,1185.00,1200.65,1198.60,5296,6390493.00,717
BSE,3BFILMS,INE0TE101010,MT,19.32,19.32,19.32,19.32,20.33,15000,289800.00,5
BSE,3CIT,INE0R7D01018,M,16.55,18.25,16.55,18.25,18.20,10000,169600.00,5
BSE,3IINFOLTD,INE748C01038,B,17.37,17.94,17.31,17.36,17.33,46719,821701.00,176
BSE,3MINDIA,INE470A01017,A,33199.95,33420.00,33125.05,33291.70,33135.20,227,7564291.00,124
BSE,5PAISA,INE618L01018,B,324.70,340.00,324.70,337.35,325.60,9649,3245529.00,629
BSE,63MOONS,INE111B01023,A,669.80,688.40,669.75,681.40,670.50,9879,6719728.00,583
BSE,7NR,INE413X01035,XT,5.65,5.75,5.65,5.74,5.69,777270,4430632.00,214
BSE,7SEASL,INE454F01010,X,80.00,81.50,76.99,78.01,78.79,22482,1750062.00,122
BSE,7TEC,INE856B01023,X,42.00,42.00,39.00,39.93,39.75,4925,195916.00,143
BSE,A1L,INE911Z01025,B,8.43,8.43,8.43,8.43,8.87,662157,5581983.00,1444
BSE,A2ZINFRA,INE619I01012,B,14.55,14.65,14.12,14.18,14.31,9872,141337.00,98
BSE,AAATECH,INE0D0U01013,B,94.10,97.10,94.10,95.85,96.77,3465,331198.00,380
BSE,AADHARHFC,INE883F01010,A,515.65,519.55,492.90,494.45,515.60,48710,24411950.00,1667
BSE,AADIIND,INE563D01013,X,9.10,9.10,8.90,8.90,9.10,790,7095.00,13
BSE,AAIL,INE864E01021,X,90.80,91.45,88.10,88.35,91.00,335,30169.00,18
BSE,AANANDALAK,INE197R01010,XT,12.60,12.60,12.60,12.60,12.72,1,12.00,1
BSE,AANCHALISP,INE322R01022,XT,95.48,95.48,90.94,95.48,90.94,52484,4999285.00,321
BSE,AAREYDRUGS,INE198H01019,T,86.95,87.60,83.50,87.51,83.43,1566,136993.00,9
BSE,AARNAV,INE750R01016,B,25.09,25.09,23.13,24.13,24.41,4580,109484.00,20
BSE,AARTECH,INE01C001026,B,49.00,54.00,48.67,50.95,50.54,26017,1319959.00,1330
BSE,AARTIDRUGS,INE767A01016,B,368.55,378.00,368.55,376.40,370.75,11595,4351669.00,373
BSE,AARTIIND,INE769A01020,A,484.75,494.00,484.75,486.15,484.70,76998,37730939.00,2739
BSE,AARTIPHARM,INE0LRU01027,A,694.95,694.95,673.30,677.35,691.20,5243,3593628.00,296
BSE,AARTISURF,INE09EO01013,B,389.35,393.00,371.05,373.95,388.85,5088,1938282.00,219
BSE,AASTAFIN,INE819K01014,X,33.80,33.80,32.00,32.27,32.01,3561,115246.00,19
BSE,AAVAS,INE216P01012,A,1371.45,1494.05,1351.00,1465.90,1472.30,314046,446571594.00,3630
BSE,AAYUSH,INE430R01023,X,28.60,29.37,28.10,28.13,28.52,158095,4492999.00,804
BSE,AAYUSHBULL,INE777X01017,M,1180.00,1190.00,1177.50,1185.20,1183.70,77125,91208125.00,609
BSE,ABAN,INE421A01028,T,14.59,14.59,13.87,13.87,14.59,16829,233779.00,69
BSE,ABANSENT,INE365O01028,T,27.70,27.83,27.44,27.44,26.90,352,9741.00,9
BSE,ABATEAS,INE454E01013,X,9.92,10.65,9.92,10.10,10.34,54042,546634.00,128
BSE,ABB,INE117A01022,A,7181.40,7289.60,7181.40,7254.80,7251.00,9150,66208940.00,1919
BSE,ABBOTINDIA,INE358A01014,A,26390.00,26450.00,26025.00,26074.50,26220.80,941,24626456.00,457
BSE,ABCAPITAL,INE674K01013,A,376.25,393.00,375.20,392.20,375.90,420119,162819566.00,8043
BSE,ABCINDQ,INE125D01011,X,67.54,67.54,64.71,65.90,67.54,227,14835.00,13
BSE,ABCOTS,INE08PH01015,B,241.20,251.65,241.00,244.80,239.35,416808,104307746.00,974
BSE,ABDL,INE552Z01027,A,639.95,640.95,630.00,631.45,630.55,6480,4114963.00,396
BSE,ABFRL,INE647O01011,A,60.55,61.55,60.50,60.59,60.82,197688,12030621.00,2253
BSE,ABHICAP,INE516F01016,X,106.90,106.90,103.15,106.00,106.90,34,3607.00,7
BSE,ABHIFIN,INE723C01015,XT,63.10,63.10,59.95,59.95,63.10,86,5395.00,3
BSE,ABHIINFRA,INE281P01016,X,8.43,8.43,8.43,8.43,8.43,521,4392.00,6
BSE,ABINFRA,INE00YB01025,B,10.28,10.87,9.94,10.45,10.21,67148,708334.00,435
BSE,ABLBL,INE14LE01019,B,98.10,100.00,98.10,98.55,97.15,43199,4278553.00,392
BSE,ABMKNO,INE850B01026,B,210.20,210.40,206.00,206.00,218.45,473,98477.00,11
BSE,ABREL,INE055A01016,A,1299.65,1325.90,1292.25,1314.85,1276.20,10128,13264178.00,928
BSE,ABRIL,INE15MX01014,M,37.00,37.30,37.00,37.30,36.43,4000,148600.00,2
BSE,ABSLAMC,INE404A01024,A,1185.25,1223.40,1175.20,1178.75,1180.80,35468,42529037.00,2443
BSE,ABVL,INE485K01022,X,5.67,5.85,5.67,5.72,5.78,233873,1336904.00,402
BSE,ACC,INE012A01025,A,1355.60,1355.60,1345.10,1348.90,1344.50,7825,10550786.00,908
BSE,ACCEDERE,INE578B01015,X,69.50,74.78,68.75,69.95,71.38,1560,109293.00,63
BSE,ACCEL,INE258C01038,X,13.16,14.25,13.16,13.61,13.69,8616,117806.00,71
BSE,ACCELYA,INE793A01012,B,1136.05,1142.20,1120.00,1122.85,1125.95,374,423322.00,57
BSE,ACCORDTS,INE132201018,M,58.20,58.30,56.00,56.32,57.88,60000,3413400.00,19
BSE,ACCURACY,INE648Z01023,B,5.45,6.06,5.26,5.71,5.51,69759,407916.00,158
BSE,ACE,INE731H01025,A,977.95,1020.00,975.70,1011.75,975.00,54324,54361519.00,2624
BSE,ACEEDU,INE715F01014,Z,4.61,4.61,4.25,4.25,4.47,2049,8725.00,2
BSE,ACEMEN,INE023R01018,X,102.00,102.00,91.50,98.25,100.00,1294,120550.00,43
BSE,ACESOFT,INE849B01010,X,115.55,117.50,111.00,114.30,115.50,60873,6984151.00,257
BSE,ACGL,INE451C01013,B,2149.95,2208.80,2131.20,2185.20,2163.90,1236,2698316.00,169
BSE,ACHYUT,INE0K1401020,B,8.78,9.04,8.02,8.79,8.66,474517,4075667.00,1150
BSE,ACI,INE128X01021,A,529.00,542.00,523.15,533.85,527.85,59321,31358604.00,608
BSE,ACIIN,INE167B01025,X,1.15,1.16,1.11,1.12,1.13,78763,88972.00,181
BSE,ACKNIT,INE326C01017,X,286.40,292.55,286.40,287.00,292.55,101,28967.00,9
BSE,ACL,INE666E01020,B,54.22,54.22,52.70,52.96,53.96,2346,124275.00,134
BSE,ACLD,INE0T3401029,M,169.25,169.25,153.00,155.00,167.40,122400,19221840.00,170
BSE,ACME,INE636B01011,Z,30.60,31.79,30.60,31.68,30.60,1306,41230.00,10
BSE,ACMESOLAR,INE622W01025,A,339.30,357.10,339.30,349.80,337.35,221891,78074534.00,3793
BSE,ACROW,INE950D01012,X,832.05,906.15,832.00,867.55,863.00,483,419017.00,14
BSE,ACSTECH,INE366C01021,B,38.02,40.13,36.92,39.66,38.22,931581,37364653.00,397
BSE,ACTIVE,INE380Z01015,B,129.05,131.85,127.20,127.70,128.35,5100,653900.00,56
BSE,ACUTAAS,INE00FF01025,A,3279.40,3279.40,3171.00,3248.45,3243.95,10219,32776210.00,1017
BSE,ADANIENSOL,INE931S01010,A,1519.40,1543.00,1496.50,1538.55,1506.40,65434,99487984.00,3598
BSE,ADANIENT,INE423A01024,A,3049.40,3065.00,3000.85,3058.75,3037.90,111020,336801106.00,5708
BSE,ADANIGREEN,INE364U01010,A,1519.40,1555.00,1491.00,1548.05,1501.25,166471,253860421.00,7436
BSE,ADANIPORTS,INE742F01042,A,1833.05,1837.70,1808.10,1827.25,1835.05,61438,112040007.00,3584
BSE,ADANIPOWER,INE814H01029,A,232.25,234.35,229.05,233.55,231.45,1200401,278030952.00,8274
BSE,ADARSHPL,INE627D01016,X,30.89,31.99,29.50,31.00,30.89,1445,44628.00,19
BSE,ADCINDIA,INE833A01016,XT,2234.05,2323.90,2234.05,2323.90,2278.35,1473,3373624.00,61
BSE,ADCON,INE805Q01028,XT,0.66,0.68,0.66,0.66,0.69,542691,360936.00,285
BSE,ADCOUNTY,INE0W1601012,M,104.00,104.70,100.80,101.40,102.95,25600,2623960.00,28
BSE,ADDIND,INE757C01021,X,86.50,86.51,85.00,85.00,86.98,483,41501.00,21
BSE,ADFFOODS,INE982B01027,B,296.00,319.85,296.00,314.50,306.15,17914,5601133.00,532
BSE,ADHBHUTIN,INE578L01014,X,14.07,14.07,13.60,14.00,14.00,1213,17017.00,11
BSE,ADINATH,INE207C01019,XT,20.41,21.95,20.00,21.94,20.93,6255,135228.00,35
BSE,ADISHAKTI,INE0CWK01019,M,13.61,14.65,13.11,14.43,13.77,770000,10887600.00,56
BSE,ADITYA,INE570B01012,X,8.99,9.03,8.99,8.99,8.95,1547,13908.00,10
BSE,ADITYASP,INE122D01026,X,16.70,17.00,15.69,16.10,16.70,1640,26368.00,40
BSE,ADJIA,INE0G0V01018,TS,61.80,61.83,61.80,61.82,58.89,3200,197808.00,2
BSE,ADL,INE0CHO01012,B,67.92,68.00,67.33,67.95,67.94,146,9887.00,9
BSE,ADMACH,INE0XLO01010,MT,305.00,305.00,284.95,288.05,299.90,6000,1756860.00,10
BSE,ADMANUM,INE556D01017,X,62.50,64.50,60.00,63.40,62.39,3897,248853.00,53
BSE,ADOR,INE045A01017,B,1240.00,1251.00,1226.05,1245.40,1215.15,2736,3398986.00,291
BSE,ADROITINFO,INE737B01033,B,9.39,9.39,9.09,9.24,9.16,9697,89689.00,13
BSE,ADSL,INE102I01027,B,124.00,124.00,122.00,122.85,123.70,4216,518357.00,90
BSE,ADTECH,INE257C01014,X,58.10,61.49,58.10,61.00,58.00,1008,61342.00,29
BSE,ADVAIT,INE0ALI01010,B,2407.95,2468.00,2377.35,2447.90,2398.30,12316,29962289.00,1015
BSE,ADVANCE,INE1B0W01010,B,104.85,110.80,103.00,109.65,103.00,56387,6065705.00,778
BSE,ADVANIHOTR,INE199C01026,B,52.99,54.99,52.99,53.68,52.84,11235,604613.00,162
BSE,ADVENTHTL,INE28GN01010,B,136.60,148.95,136.60,145.35,138.00,38682,5605489.00,756
BSE,ADVENZYMES,INE837H01020,B,378.55,380.90,369.25,375.40,373.15,7523,2820762.00,338
BSE,ADVIKCA,INE178T01024,X,1.33,1.34,1.31,1.31,1.33,291374,384714.00,322
BSE,ADVIKLA,INE537C01019,XT,1.81,1.81,1.81,1.81,1.81,1126,2038.00,4
BSE,ADVLIFE,INE900E01015,X,30.31,30.31,27.43,29.39,28.87,663,18462.00,12
BSE,ADVPETR-B,INE334N01018,XT,257.20,257.20,257.20,257.20,270.70,53,13631.00,3
BSE,AEGISLOG,INE208C01025,A,1007.20,1093.45,1007.20,1070.00,1008.40,278130,297108734.00,10738
BSE,AEGISVOPAK,INE0INX01018,B,239.60,248.00,237.10,245.90,238.55,100524,24498252.00,2576
BSE,AEIM,INE072B01027,X,106.95,108.50,104.50,106.30,106.45,29232,3125152.00,401
BSE,AEL,INE829P01020,X,118.05,128.00,118.05,120.80,119.25,7995,979662.00,177
BSE,AEONXDIGI,INE994D01010,X,111.00,114.80,110.00,110.05,107.85,1124,125397.00,36
BSE,AEPL,INE757T01025,B,16.49,16.59,16.10,16.50,16.24,1763,28642.00,36
BSE,AEQUS,INE947N01017,B,226.20,240.00,223.00,236.50,221.90,1244069,288844276.00,15419
BSE,AEROENTER,INE065D01027,B,150.13,150.13,138.60,145.15,135.78,469928,67887516.00,3624
BSE,AEROFLEX,INE024001021,B,510.30,521.50,497.00,509.25,507.75,104239,53114495.00,3316
BSE,AERONEU,INE035801013,B,94.61,95.01,91.65,94.63,94.00,436,40331.00,66
BSE,AERPACE,INE175N01023,X,28.69,32.49,28.20,32.10,28.16,1844308,57909760.00,2283
BSE,AETHER,INE0BWX01014,A,1166.25,1235.00,1166.00,1228.30,1161.70,18096,21888715.00,1294
BSE,AFCOM,INE0OXY01013,M,1180.25,1218.00,1179.00,1184.60,1186.15,101400,121583916.00,604
BSE,AFCONS,INE101I01011,A,312.90,319.00,312.85,315.75,313.35,17251,5459256.00,416
BSE,AFEL,INE663P01015,Z,1.81,1.85,1.75,1.77,1.80,39872,71413.00,90
BSE,AFFLE,INE00WC01027,A,1470.00,1498.00,1470.00,1480.40,1463.95,21280,31554131.00,1452
BSE,AFFORDABLE,INE692Z01013,T,169.55,172.40,169.05,169.70,172.00,4040,689148.00,50
BSE,AFIL,INE916Y01027,T,10.95,11.28,10.65,10.88,10.75,843617,9267468.00,205
BSE,AFLTD,INE18HI01019,M,44.00,46.94,44.00,45.96,47.60,24000,1091490.00,7
BSE,AFSL,INE00ZE01026,B,201.95,201.95,201.00,201.00,201.55,464,93334.00,16
BSE,AGARIND,INE204E01012,B,548.95,557.50,545.00,545.60,550.45,5188,2839374.00,471
BSE,AGARWAL,INE510B01018,X,19.40,19.40,19.40,19.40,19.40,8,155.00,3
BSE,AGARWALEYE,INE943P01029,A,467.40,473.00,463.00,471.40,467.75,5212,2435649.00,334
BSE,AGI,INE415A01038,A,728.35,737.50,725.00,731.25,732.25,7693,5608889.00,520
BSE,AGIIL,INE976R01033,B,378.85,379.70,365.30,366.50,375.10,24109,8935712.00,386
BSE,AGIOPAPER,INE112C01011,X,3.82,3.83,3.82,3.83,3.84,163,623.00,7
BSE,AGOL,INE05FR01029,B,4.01,4.14,4.01,4.12,4.04,248011,1009930.00,660
BSE,AGRIBIO,INE679E01015,X,303.00,303.00,293.25,295.50,294.80,6259,1860004.00,43
BSE,AGRITECH,INE449G01018,T,117.95,117.95,114.05,115.35,117.95,445,51463.00,15
BSE,AGSTRA,INE583L01014,Z,2.70,2.70,2.70,2.70,2.84,4923,13292.00,13
BSE,AGVENTURES,INE321D01016,X,124.75,129.00,123.10,128.20,124.75,7217,918015.00,131
BSE,AHCL,INE0Y8W01025,B,16.47,16.70,15.88,15.96,16.30,782028,12711015.00,1061
BSE,AHLEAST,INE926K01017,B,153.60,153.65,153.20,153.25,153.15,44,6750.00,7
BSE,AHLUCONT,INE758C01029,B,845.00,845.00,833.05,841.25,838.30,3601,3019437.00,266
BSE,AHMDSTE,INE868C01018,XT,150.00,152.00,146.05,151.00,153.60,557,83367.00,19
BSE,AIAENG,INE212H01026,A,4780.65,4866.45,4733.80,4847.95,4675.00,4035,19321051.00,560
BSE,AICHAMP,INE768E01024,X,40.90,40.90,40.00,40.80,40.90,1037,41676.00,27
BSE,AIHL,INE342U01016,X,33.00,33.00,30.02,30.03,31.59,12364,371178.00,28
BSE,AIIL,INE206F01022,A,542.00,559.90,535.40,551.30,544.00,63076,34563113.00,2642
BSE,AIKPIPES,INE0QFT01015,MT,22.83,22.83,22.49,22.49,22.83,1600,36256.00,2
BSE,AIMCOPEST,INE008B01013,X,58.00,58.00,54.96,54.97,54.68,158,8694.00,12
BSE,AIML,INE123D01024,X,3.08,3.16,3.08,3.16,2.88,693095,2182220.00,239
BSE,AIRAN,INE645W01026,B,16.27,16.81,16.27,16.53,16.70,7406,122977.00,99
BSE,AIRFLOA,INE0XBS01012,M,340.00,344.80,326.15,328.25,338.35,111000,37449500.00,197
BSE,AIRLTD,INE433O01024,X,590.35,590.35,590.35,590.35,596.30,314,185369.00,3
BSE,AJANTPHARM,INE031B01049,A,3110.40,3200.00,3071.30,3188.75,3062.65,5364,16974781.00,749
BSE,AJANTSOY,INE601B01023,X,21.25,24.00,21.25,23.07,21.63,87368,1991761.00,389
BSE,AJAXENGG,INE274Y01021,B,559.00,570.00,548.20,567.30,550.00,2992,1683573.00,308
BSE,AJCJEWEL,INE0XRR01010,M,100.00,100.00,97.00,97.01,103.00,3600,352812.00,3
BSE,AJCON,INE759C01027,X,6.35,6.35,5.81,5.99,6.20,4827,29193.00,58
BSE,AJMERA,INE298G01035,B,143.00,144.85,138.20,139.25,140.95,88806,12607151.00,962
BSE,AKCAPIT,INE701G01012,B,1950.00,1950.00,1760.00,1785.05,1736.65,600,1070300.00,92
BSE,AKI,INE642Z01026,B,5.25,5.25,4.67,4.91,4.93,29056,145677.00,52
BSE,AKSHAR,INE256Z01025,B,0.45,0.46,0.44,0.46,0.44,42160,19128.00,40
BSE,AKSHARCHEM,INE542B01011,B,255.00,255.00,244.00,244.85,249.70,580,143868.00,77
BSE,AKSHOPTFBR,INE523B01011,T,7.85,8.08,7.51,8.01,7.70,608176,4890655.00,410
BSE,AKUMS,INE09XN01023,B,617.80,621.85,600.00,617.55,603.70,5268,3205005.00,276
BSE,ALANKIT,INE914E01040,B,8.75,8.75,8.30,8.50,8.57,13677,115097.00,82
BSE,ALANSCOTT,INE273F01022,X,314.65,350.85,300.00,333.00,305.45,11506,3618461.00,146
BSE,ALBERTDAVD,INE155C01010,B,715.20,724.75,710.00,710.05,715.15,127,90697.00,17
BSE,ALCHCORP,INE057D01016,XT,31.95,31.95,31.95,31.95,31.95,2001,63931.00,4
BSE,ALEMBICLTD,INE426A01027,B,90.57,92.09,90.57,91.20,90.11,38903,3556056.00,384
BSE,ALEXANDER,INE191N01012,X,7.48,7.99,7.48,7.99,6.70,9694,72761.00,31
BSE,ALFAICA,INE042C01010,X,78.75,78.75,78.64,78.65,75.01,79,6214.00,10
BSE,ALFATRAN,INE209C01015,XT,47.30,47.30,46.45,46.60,47.39,10453,488045.00,46
BSE,ALFAVIO,INE883B01027,X,8.68,8.68,8.07,8.56,8.27,20553,175269.00,49
BSE,ALFL,INE211D01027,X,1.00,1.10,1.00,1.10,1.10,4555,4963.00,19
BSE,ALFREDHE,INE782D01027,X,2875.00,2890.00,2801.00,2846.35,2759.25,47,134211.00,24
BSE,ALGOQUANT,INE598D01035,B,59.80,59.85,58.00,58.30,59.48,309113,18126954.00,993
BSE,ALICON,INE062D01024,B,653.15,672.00,652.00,656.15,653.15,1455,960685.00,131
BSE,ALIVUS,INE03Q201024,A,1078.50,1086.00,1069.25,1082.50,1068.90,2417,2601665.00,198
BSE,ALKALI,INE773I01017,T,84.00,86.00,84.00,85.72,87.21,340,28885.00,7
BSE,ALKEM,INE540L01014,A,5374.50,5386.45,5335.60,5366.40,5374.75,3084,16550150.00,551
BSE,ALKYLAMINE,INE150B01039,A,1843.70,1896.00,1821.45,1833.75,1843.75,4692,8702563.00,639
BSE,ALLCARGO,INE418H01029,B,8.57,8.63,8.47,8.55,8.60,461649,3952107.00,748
BSE,ALLDIGI,INE835G01018,B,800.05,817.10,800.05,806.75,815.90,219,177331.00,53
BSE,ALLTIME,INE0GV601021,B,243.00,248.60,242.00,242.50,240.00,10253,2511465.00,495
BSE,ALMONDZ,INE326B01035,B,13.40,13.60,13.05,13.10,13.14,5491,73291.00,51
BSE,ALOKINDS,INE270A01029,A,13.31,13.42,13.18,13.21,13.28,228078,3033567.00,639
BSE,ALPA,INE385I01010,B,67.88,67.88,67.48,67.60,67.88,1288,87088.00,178
BSE,ALPHAGEO,INE137C01018,B,205.25,212.25,205.25,210.25,209.80,223,46487.00,33
BSE,ALPHALOGIC,INE08E401029,T,48.51,49.14,46.55,47.51,49.00,10795,508808.00,109
BSE,ALPINEHOU,INE840D01015,X,92.11,98.90,91.05,91.08,90.93,1825,167941.00,27
BSE,ALSL,INE030P01017,B,69.89,70.90,66.60,68.11,68.25,17554,1200308.00,186
BSE,ALTIUSINVIT,INE0BWS23018,IF,168.80,168.80,166.07,166.72,168.69,1500000,249930750.00,30
BSE,ALUFLUOR,INE058F01019,X,460.00,469.70,455.00,456.70,456.00,11705,5374267.00,290
BSE,AMAGI,INE121R01077,B,498.95,538.20,489.00,530.75,487.50,58999,30737897.00,2546
BSE,AMAL,INE841D01013,X,540.00,600.00,534.30,578.35,534.25,31068,17962877.00,863
BSE,AMALGAM,INE492N01022,XT,103.89,103.89,103.89,103.89,101.86,151,15687.00,3
BSE,AMANAYA,INE0G1V01016,M,16.05,16.05,16.00,16.00,19.00,24000,384600.00,4
BSE,AMANTA,INE084K01015,T,161.75,161.75,156.95,160.80,154.05,14598,2334742.00,140
BSE,AMARJOTHI,INE484D01012,X,157.00,164.00,157.00,160.90,160.20,2469,401452.00,32
BSE,AMARSEC,INE745P01010,X,13.82,14.00,13.26,13.26,14.05,3630,49859.00,13
BSE,AMBALALSA,INE432A01017,B,31.42,32.78,31.42,31.60,31.80,26508,842436.00,266
BSE,AMBARPIL,INE072V01017,X,184.00,185.00,171.60,183.10,176.25,1276,233209.00,33
BSE,AMBER,INE371P01015,A,7999.25,8115.00,7852.65,7911.65,7886.95,38776,309521974.00,4709
BSE,AMBICAAGAR,INE792B01012,B,24.20,24.98,24.20,24.55,24.06,236,5794.00,7
BSE,AMBIKCO,INE540G01014,B,1688.20,1692.00,1655.15,1685.35,1679.80,1222,2053510.00,198
BSE,AMBIT,INE267C01013,X,11.49,11.49,10.89,10.89,11.49,101,1154.00,4
BSE,AMBOAGRI,INE0N6V01016,M,14.00,15.00,13.46,14.83,14.85,110000,1562450.00,84
BSE,AMBUJACEM,INE079A01024,A,426.00,429.00,422.65,427.85,424.05,125454,53439513.00,3130
BSE,AMCOIND,INE924B01011,X,63.00,63.00,62.50,62.50,61.34,511,31970.00,9
BSE,AMDIND,INE005I01014,B,45.20,45.90,45.20,45.66,45.90,57,2578.00,5
BSE,AMEENJI,INE14QA01016,M,138.00,138.00,130.00,131.00,133.90,33600,4451760.00,21
BSE,AMERISE,INE673C01020,X,0.94,0.94,0.88,0.88,0.90,171235,159932.00,99
BSE,AMFORG,INE991A01020,X,7.60,7.60,7.26,7.40,7.43,5341,39699.00,30
BSE,AMIC,INE0P9J01013,M,1681.00,1799.00,1679.95,1787.35,1679.95,163000,284988825.00,917
BSE,AMINTAN,INE572Z01017,XT,1.62,1.68,1.62,1.68,1.67,20020,32864.00,68
BSE,AMIRCHAND,INE05TO01019,B,130.20,133.55,130.15,132.10,130.95,25843,3411466.00,477
BSE,AMITINT,INE053D01015,Z,2.84,2.84,2.59,2.59,2.72,45161,119087.00,35
BSE,AMJLAND,INE606A01024,B,40.00,40.00,39.00,40.00,39.17,1481,58223.00,24
BSE,AMNPLST,INE275D01022,B,184.55,199.15,184.55,196.20,195.00,250,49211.00,16
BSE,AMPVOLTS,INE989J01017,XT,30.54,30.54,30.24,30.24,29.95,15748,479469.00,39
BSE,AMRAAGRI,INE735C01027,X,0.56,0.56,0.54,0.54,0.57,36686,20078.00,41
BSE,AMRAPLIN,INE762C01021,XT,40.20,40.20,40.20,40.20,42.31,9940,399588.00,108
BSE,AMRUTANJAN,INE098F01031,B,542.00,553.95,542.00,546.80,546.70,1472,805140.00,132
BSE,AMS,INE345U01019,XT,46.44,46.44,46.44,46.44,48.88,236,10959.00,5
BSE,AMTL,INE436N01029,X,19.46,19.46,18.56,19.03,19.55,8054,154095.00,48
BSE,AMWILL,INE0U2L01017,M,44.50,46.50,41.61,44.60,44.50,19200,857220.00,15
BSE,ANANDRATHI,INE463V01026,A,1900.05,1952.65,1862.10,1917.15,1869.25,69913,134097550.00,4370
BSE,ANANTAM,INE1UA823019,IF,101.54,104.83,100.80,104.05,104.15,669,69066.00,23
BSE,ANANTRAJ,INE242C01024,A,524.75,534.70,521.60,532.50,519.85,87676,46411961.00,2508
BSE,ANDHRAPAP,INE435A01051,B,58.01,64.12,58.01,63.04,63.53,11120,701412.00,186
BSE,ANDHRAPET,INE714B01016,X,46.64,47.00,44.20,45.84,45.60,155510,7077905.00,801
BSE,ANDHRSUGAR,INE715B01021,B,84.00,86.72,83.88,85.02,84.30,11762,1008662.00,175
BSE,ANDREWYU,INE449C01025,B,26.99,31.39,26.05,31.00,26.57,1561640,46707615.00,3489
BSE,ANG,INE236W01016,B,29.47,31.24,29.01,29.74,29.87,3018,90299.00,43
BSE,ANGELONE,INE732I01021,A,353.50,356.65,350.25,354.40,353.75,359460,126942367.00,4822
BSE,ANIKINDS,INE087B01017,T,44.62,47.39,44.62,47.00,46.89,381,17385.00,14
BSE,ANIRIT,INE161F01011,XT,56.35,56.35,56.35,56.35,57.50,400,22540.00,4
BSE,ANJANI,INE364D01032,X,22.66,23.89,22.66,23.84,23.25,8080,188552.00,43
BSE,ANJANIFIN,INE283D01018,X,11.00,11.09,10.30,10.45,10.84,2107,22059.00,19
BSE,ANJANIFOODS,INE096I01021,X,17.50,17.50,16.55,17.46,17.49,2293,39240.00,24
BSE,ANKIN,INE067C01025,XT,23.47,24.16,23.47,24.16,23.01,1973,47502.00,17
BSE,ANKITMETAL,INE106I01010,Z,1.55,1.55,1.50,1.55,1.55,9278,14330.00,16
BSE,ANL,INE1KVQ01019,MT,256.00,260.00,255.00,260.00,255.10,4000,1026000.00,4
BSE,ANMOL,INE02AR01019,B,12.12,12.12,11.60,11.65,12.03,10130,118660.00,75
BSE,ANNAINFRA,INE336D01014,X,36.89,36.89,31.72,35.49,33.56,1242,43935.00,13
BSE,ANSALBU,INE030C01015,X,85.06,90.67,85.06,90.13,88.96,1504,132737.00,34
BSE,ANSALHSG,INE880B01015,X,6.89,6.90,6.44,6.78,6.90,54962,368152.00,129
BSE,ANSINDUS,INE234J01018,X,10.66,11.73,10.66,11.73,11.18,4,45.00,2
BSE,ANTARIKSH,INE825M01017,XT,6.33,6.33,6.33,6.33,6.03,1,6.00,1
BSE,ANTELOPUS,INE818A01017,B,792.55,815.75,785.00,815.75,776.95,29634,24111067.00,494
BSE,ANTHEM,INE0CZ201020,B,790.20,791.75,765.00,766.15,791.30,88277,68024403.00,1975
BSE,ANUHPHR,INE489G01022,B,77.05,79.80,77.05,78.49,77.64,6973,548600.00,324
BSE,ANUP,INE294Z01018,A,2273.75,2395.00,2246.10,2339.90,2243.35,11152,26163072.00,1067
BSE,ANUPAM,INE069B01023,X,2.02,2.06,1.97,1.99,2.02,406727,810664.00,293
BSE,ANURAS,INE930P01018,A,1272.70,1290.15,1272.70,1282.15,1279.50,2605,3338380.00,250
BSE,ANUROOP,INE490Z01012,B,13.80,13.80,13.10,13.12,13.51,18400,242908.00,71
BSE,ANVRDHI,INE075K01013,X,10.15,10.35,10.15,10.16,10.29,10634,108325.00,53
BSE,ANZEN,INE0MIZ23019,IF,130.00,130.00,130.00,130.00,125.50,50000,6500000.00,1
BSE,APARINDS,INE372A01015,A,16398.70,16398.70,16025.00,16153.85,16276.00,4435,71491998.00,1377
BSE,APCL,INE071F01012,B,116.00,116.00,112.00,113.55,117.80,259,29345.00,20
BSE,APCOTEXIND,INE116A01032,B,551.70,573.90,540.00,540.90,544.65,15056,8445601.00,732
BSE,APEX,INE346W01013,B,420.75,421.35,412.55,413.40,420.45,11155,4642998.00,357
BSE,APIL,INE316O01021,XT,47.54,47.54,47.54,47.54,47.54,105,4991.00,2
BSE,APIS,INE070K01014,B,63.99,63.99,60.00,62.16,63.10,12292,763860.00,193
BSE,APLAB,INE273A01015,XT,97.10,107.10,97.10,105.00,102.00,2884,302080.00,26
BSE,APLAPOLLO,INE702C01027,A,1887.50,1887.50,1846.60,1853.65,1870.25,6651,12415151.00,928
BSE,APLLTD,INE901L01018,A,770.00,799.00,766.00,780.85,761.70,12600,9885672.00,1039
BSE,APMIN,INE170D01025,X,51.18,54.00,51.13,53.74,51.63,25221,1333638.00,113
BSE,APOLLO,INE713T01028,A,436.85,440.00,422.20,424.50,432.95,648253,279497699.00,7003
BSE,APOLLOFI,INE412D01013,X,350.05,355.00,347.50,350.00,354.20,1872,657439.00,40
BSE,APOLLOHOSP,INE437A01024,A,8472.50,8536.00,8433.70,8471.20,8496.80,9809,82997212.00,1581
BSE,APOLLOIN,INE314N01028,XT,79.21,79.21,79.21,79.21,77.66,4165,329909.00,7
BSE,APOLLOPIPE,INE126J01016,B,491.50,495.40,485.20,491.70,495.05,6220,3051784.00,276
BSE,APOLLOTYRE,INE438A01022,A,425.05,434.00,425.05,428.20,425.55,83853,36033163.00,2218
BSE,APOORVA,INE217S01014,X,33.00,33.00,32.00,32.00,32.40,159,5139.00,4
BSE,APPL,INE15XJ01010,MT,220.35,224.75,220.35,224.75,220.35,19600,4356680.00,37
BSE,APTECHT,INE266F01018,T,107.00,112.50,106.95,108.65,111.00,20476,2246117.00,220
BSE,APTPACK,INE046E01025,XT,81.30,81.30,81.30,81.30,85.55,602,48942.00,13
BSE,APTUS,INE852O01025,A,271.55,272.20,268.00,270.75,269.05,14380,3878166.00,468
BSE,AQYLON,INE416A01051,B,48.44,48.44,46.39,46.39,48.83,72115,3400131.00,506
BSE,ARAVALIS,INE068C01015,X,4.76,4.90,4.55,4.89,4.74,2372,11457.00,35
BSE,ARCEEIN,INE276D01012,XT,16.96,17.01,16.20,17.01,16.20,7453,123944.00,31
BSE,ARCFIN,INE202R01026,X,0.55,0.56,0.54,0.55,0.55,1743582,962807.00,804
BSE,ARCHIDPLY,INE877I01016,B,81.50,83.95,81.33,82.12,81.32,30,2473.00,8
BSE,ARCHIES,INE731A01020,B,14.85,14.97,14.26,14.52,14.90,1027,14762.00,14
BSE,ARCHITORG,INE078I01011,X,55.15,59.65,55.15,59.04,57.02,54641,3212395.00,282
BSE,ARCL,INE372M01010,X,188.00,189.80,181.00,189.80,180.80,1262,236981.00,17
BSE,ARE&M,INE885A01032,A,848.00,877.95,848.00,857.35,844.35,65676,56753029.00,2539
BSE,ARENTERP,INE610C01014,B,38.02,42.00,37.05,37.23,39.00,923,34363.00,9
BSE,AREXMIS,INE480H01011,X,115.00,115.50,114.75,115.50,110.00,474,54701.00,10
BSE,ARFIN,INE784R01023,B,98.45,99.87,95.55,97.81,98.29,117072,11429028.00,823
BSE,ARIES,INE298I01015,B,333.85,335.45,325.00,331.70,327.60,1496,491321.00,63
BSE,ARIGATO,INE021N01011,XT,45.00,49.46,45.00,49.46,47.11,550,24828.00,6
BSE,ARIHANT,INE413D01011,B,887.45,894.85,845.05,894.80,879.15,138,117065.00,7
BSE,ARIHANTCAP,INE420B01036,B,71.20,72.09,70.75,71.46,69.80,6609,472305.00,91
BSE,ARIHANTSUP,INE643K01018,B,260.05,272.75,260.05,269.00,272.30,1198,321977.00,32
BSE,ARIS,INE0H9P01028,B,121.00,124.55,119.50,120.45,120.75,68845,8421002.00,557
BSE,ARISE,INE190D01015,X,20.51,20.51,19.50,19.90,20.41,1014,20456.00,25
BSE,ARISINT,INE588E01026,XT,398.15,398.15,398.15,398.15,398.15,665,264769.00,9
BSE,ARITAS,INE1D8001016,MT,13.50,14.15,13.50,14.10,13.60,24000,337110.00,7
BSE,ARKADE,INE0QRL01017,B,114.80,121.00,114.75,119.55,113.75,22129,2631275.00,350
BSE,ARL,INE02GA01012,B,54.00,56.01,52.50,54.89,53.35,37422,2033495.00,239
BSE,ARMAN,INE510P01018,X,114.00,114.00,107.30,109.30,112.00,97251,10627901.00,66
BSE,ARMANFIN,INE109C01017,B,1697.65,1697.65,1607.15,1630.05,1691.90,2651,4367950.00,402
BSE,ARNOLD,INE185K01036,X,14.24,14.24,13.10,13.96,13.60,2981,40684.00,33
BSE,AROGRANITE,INE210C01013,B,26.01,26.01,26.01,26.01,26.54,13,338.00,3
BSE,ARROWGREEN,INE570D01018,T,583.50,608.50,572.20,605.15,601.70,2020,1189482.00,75
BSE,ARSHIYA,INE968D01022,Z,1.07,1.12,1.07,1.07,1.10,29502,32139.00,25
BSE,ARSSBL,INE549H01021,B,561.85,571.50,557.25,565.80,558.90,23850,13482437.00,1004
BSE,ARTEFACT,INE885B01014,X,55.56,56.97,54.05,55.47,56.64,10124,559236.00,137
BSE,ARTEMISMED,INE025R01021,B,257.00,275.20,257.00,268.60,258.75,14426,3876754.00,653
BSE,ARTSON,INE133D01023,X,200.70,200.70,200.70,200.70,211.25,17369,3485958.00,146
BSE,ARUNAHTEL,INE957C01019,X,7.50,8.18,7.26,7.33,7.84,22646,169443.00,67
BSE,ARVIND,INE034A01011,A,520.65,524.35,506.25,508.05,516.65,20068,10276755.00,1080
BSE,ARVINDFASN,INE955V01021,A,488.40,490.00,475.30,478.60,486.45,8172,3943724.00,418
BSE,ARVSMART,INE034S01021,B,621.30,621.30,606.20,612.20,612.05,2205,1349042.00,198
BSE,ARYACAPM,INE229R01011,B,403.00,412.00,395.00,404.80,416.00,133,52908.00,14
BSE,ARYAMAN,INE032E01017,X,580.00,610.00,580.00,601.90,583.70,2970,1732617.00,34
BSE,ARYAN,INE016X01010,X,21.00,21.00,21.00,21.00,21.00,1003,21063.00,4
BSE,ARYAVAN,INE360S01012,X,50.00,50.70,49.55,50.41,50.70,5320,266670.00,20
BSE,ASAHIINDIA,INE439A01020,A,846.40,864.45,846.35,862.70,846.40,4964,4272785.00,425
BSE,ASAHISONG,INE228I01012,B,259.80,262.00,254.60,256.65,257.65,510,130630.00,29
BSE,ASAL,INE900C01027,B,519.65,551.50,514.50,539.85,509.60,7509,4027043.00,396
BSE,ASALCBR,INE073G01016,B,856.05,858.10,845.00,848.55,843.20,1941,1651715.00,287
BSE,ASARFI,INE0DN001027,M,227.00,227.00,210.00,214.80,227.00,67000,14677000.00,65
BSE,ASCENSIVE,INE0E4I01027,MS,20.28,20.28,19.80,19.80,19.00,250000,5007600.00,8
BSE,ASGARD,INE767M01029,X,34.02,35.61,34.02,35.53,35.11,35784,1261967.00,146
BSE,ASHAI,INE709D01012,XT,12.64,12.64,11.96,11.96,12.58,1057,12765.00,16
BSE,ASHAPURMIN,INE348A01023,A,704.60,723.60,704.60,714.40,708.70,27352,19549270.00,748
BSE,ASHCAP,INE894A01026,X,2.73,2.92,2.70,2.71,2.67,71994,196484.00,247
BSE,ASHIANA,INE365D01021,B,389.70,394.45,385.65,387.25,382.60,6819,2662448.00,502
BSE,ASHIKA,INE094B01013,B,398.80,402.85,396.00,398.00,398.15,53760,21570644.00,163
BSE,ASHIMASYN,INE440A01010,B,15.74,16.10,15.74,15.99,15.81,3970,63097.00,45
BSE,ASHIS,INE587D01012,Z,19.14,19.14,17.32,17.32,18.23,9415,168284.00,32
BSE,ASHISHPO,INE831C01016,X,29.95,29.95,28.50,28.50,28.00,425,12352.00,8
BSE,ASHNI,INE694W01024,X,3.08,3.09,3.07,3.09,2.95,1038582,3206351.00,273
BSE,ASHNOOR,INE372I01018,X,37.36,39.23,37.36,37.85,38.33,857,32296.00,25
BSE,ASHOKA,INE442H01029,A,136.60,137.20,134.75,135.75,134.85,80704,10971721.00,581
BSE,ASHOKAMET,INE760Y01011,B,15.00,15.55,15.00,15.05,15.32,2630,39887.00,35
BSE,ASHOKLEY,INE208A01029,A,156.70,158.25,155.60,157.05,156.70,989327,155006285.00,18990
BSE,ASHOKRE,INE760M01016,P,14.74,14.74,14.74,14.74,14.74,500,7370.00,2
BSE,ASHRAM,INE293C01019,X,6.35,6.35,6.34,6.34,6.05,573,3632.00,7
BSE,ASHSI,INE338C01012,X,23.98,23.98,22.07,23.67,23.98,1807,41234.00,41
BSE,ASIACAP,INE131Q01011,XT,59.85,59.87,59.85,59.87,58.70,202,12093.00,9
BSE,ASIAN,INE04Z101016,X,36.03,36.83,34.01,36.00,36.03,95,3411.00,14
BSE,ASIANENE,INE276G01015,B,372.85,385.25,367.00,374.35,368.15,54553,20528013.00,1501
BSE,ASIANHOTNR,INE363A01022,B,302.00,302.00,299.95,301.40,298.90,19,5725.00,4
BSE,ASIANPAINT,INE021A01026,A,2742.35,2755.35,2670.00,2674.50,2733.75,45902,123871871.00,6547
BSE,ASIANTILES,INE022I01019,B,59.85,59.85,55.05,55.36,59.06,139556,7984423.00,1057
BSE,ASIANTNE,INE822B01017,X,9.39,9.39,9.05,9.28,9.23,7134,66302.00,45
BSE,ASIAPAK,INE784M01016,X,46.10,46.10,46.10,46.10,46.10,1,46.00,1
BSE,ASIIL,INE443A01030,X,25.45,25.45,24.66,25.00,24.81,19112,484677.00,53
BSE,ASINPET,INE810M01019,X,8.93,9.25,8.85,9.15,8.96,30087,271146.00,78
BSE,ASITCFIN,INE041B01014,X,123.70,123.70,120.00,120.40,119.00,405,49091.00,5
BSE,ASKAUTOLTD,INE491J01022,B,481.80,481.80,466.65,468.15,469.80,7963,3773612.00,303
BSE,ASMS,INE855F01042,T,7.70,8.00,7.51,7.74,7.68,20023,153582.00,124
BSE,ASMTEC,INE867C01010,B,3842.00,4066.00,3737.00,4049.65,3886.05,41433,165617901.00,3380
BSE,ASPIRA,INE500C01017,XT,122.00,124.20,122.00,124.20,122.00,6150,762947.00,18
BSE,ASRL,INE01B501018,X,7.14,7.28,7.06,7.11,7.13,4975,35484.00,67
BSE,ASSOCER,INE771E01010,X,177.80,177.80,177.80,177.80,178.00,6,1066.00,2
BSE,ASSOCIATED,INE0RIQ01013,M,87.20,97.90,87.20,97.90,100.00,1000,92550.00,2
BSE,ASTALLTD,INE307N01014,X,84.00,84.00,80.00,80.70,81.78,17820,1464105.00,119
BSE,ASTEC,INE563J01010,B,808.95,813.35,775.50,779.75,797.10,3939,3110952.00,223
BSE,ASTERDM,INE914M01019,A,830.30,830.35,786.35,790.00,809.00,16019,12779382.00,1178
BSE,ASTONEALAB,INE0TG901011,MT,262.60,262.60,262.60,262.60,267.95,1000,262600.00,1
BSE,ASTRAL,INE006I01046,A,1541.25,1564.50,1541.25,1557.80,1540.75,7504,11672359.00,763
BSE,ASTRAMICRO,INE386C01029,A,1711.60,1711.60,1656.35,1674.10,1682.80,47776,80122718.00,2833
BSE,ASTRAZEN,INE203A01020,A,8463.55,8586.00,8420.00,8556.55,8406.60,323,2740394.00,128
BSE,ASTRON,INE646X01014,T,4.10,4.10,3.91,3.91,3.96,3403,13532.00,19
BSE,ASTRONMULT,INE0RUY01012,MT,18.50,18.50,17.95,17.95,18.89,16000,291300.00,6
BSE,ATALREAL,INE0ALR01029,B,30.51,30.72,30.23,30.27,30.71,42425,1290115.00,145
BSE,ATAM,INE09KD01013,B,71.10,71.77,69.99,71.70,70.93,724,50964.00,22
BSE,ATGL,INE399L01023,A,728.00,737.00,717.20,733.50,728.55,285837,207365198.00,5873
BSE,ATHARVENT,INE354E01031,X,3.94,3.94,3.40,3.44,3.60,11725,40047.00,21
BSE,ATHCON,INE291R01011,M,3.73,3.75,3.73,3.75,3.86,5000,18700.00,2
BSE,ATHENAGLO,INE576B01019,XT,62.00,63.99,61.20,62.00,61.54,438,27053.00,9
BSE,ATHERENERG,INE0LEZ01016,B,973.50,985.15,955.00,960.80,971.70,167097,161528018.00,6438
BSE,ATIL,INE0X4A01013,M,85.60,85.60,83.00,85.23,87.21,33000,2768560.00,23
BSE,ATISHAY,INE011R01013,X,205.95,210.00,205.25,209.40,205.25,4543,942754.00,63
BSE,ATL,INE0NN701020,B,24.62,25.24,23.98,24.80,24.44,22339,552699.00,146
BSE,ATLANTAA,INE285H01022,B,40.84,42.80,40.41,40.91,40.84,6236,258155.00,75
BSE,ATLANTAELE,INE0Z4F01028,B,2019.50,2019.50,1851.00,1933.65,1923.35,17265,33904181.00,1528
BSE,ATLASCYCLE,INE446A01025,B,98.70,103.18,98.56,103.18,98.73,25,2470.00,3
BSE,ATUL,INE100A01010,A,6465.15,6551.25,6465.15,6544.65,6490.10,669,4372943.00,221
BSE,ATULAUTO,INE951D01028,B,479.70,480.00,473.00,473.90,473.35,5481,2610665.00,179
BSE,ATVOENT,INE219M01021,XT,25.05,26.23,25.01,26.22,24.99,57433,1501009.00,109
BSE,ATVPR,INE447A01015,X,28.46,28.99,28.00,28.13,28.31,15786,447380.00,142
BSE,AUBANK,INE949L01017,A,1048.20,1050.10,1023.45,1046.50,1032.00,50808,52818067.00,2239
BSE,AUDROC,INE061B01038,XT,4.38,4.38,4.38,4.38,4.38,204,893.00,13
BSE,AUREATE,INE1KVL01010,M,34.68,34.68,34.68,34.68,43.35,60000,2080800.00,20
BSE,AURIONPRO,INE132H01018,A,890.05,902.95,882.45,887.45,878.30,10380,9249440.00,590
BSE,AUROLAB,INE292C01011,X,249.05,266.95,248.00,254.50,251.55,4270,1084896.00,113
BSE,AUROPHARMA,INE406A01037,A,1494.15,1510.00,1476.85,1492.30,1497.85,37415,55907177.00,2670
BSE,AURUM,INE898S01029,B,207.60,212.00,203.55,209.10,203.85,17188,3554366.00,458
BSE,AUSOMENT,INE218C01016,T,116.95,116.95,116.90,116.90,117.85,1001,117060.00,6
BSE,AUSTENG,INE759F01012,X,136.20,139.70,133.20,133.55,136.95,1320,178565.00,39
BSE,AUTOAXLES,INE449A01011,B,1790.10,1817.30,1790.10,1812.60,1785.50,112,202332.00,22
BSE,AUTOIND,INE718H01014,T,79.00,80.45,78.35,80.07,79.45,2446,194397.00,68
BSE,AUTOINT,INE340U01010,X,341.95,344.85,330.00,343.95,340.25,563,188235.00,60
BSE,AVADHSUGAR,INE349W01017,T,451.50,455.90,445.00,453.20,451.60,194,87640.00,18
BSE,AVAILFC,INE325G01010,B,153.55,156.00,152.20,154.20,153.10,615,94711.00,56
BSE,AVALON,INE0LCL01028,A,1774.80,1780.00,1712.95,1724.00,1738.30,8814,15334830.00,668
BSE,AVANCE,INE758A01072,X,0.96,0.98,0.96,0.98,0.97,10107603,9794473.00,2088
BSE,AVANTEL,INE005B01027,A,181.00,183.20,175.60,176.10,179.95,244200,43346133.00,2361
BSE,AVANTIFEED,INE871C01038,A,969.00,983.00,946.55,956.35,967.90,73293,70796801.00,3600
BSE,AVAX,INE0NQ401024,MT,52.25,52.25,52.00,52.00,50.20,2000,104250.00,2
BSE,AVEER,INE09BN01011,X,550.30,560.00,550.25,560.00,550.50,226,124366.00,5
BSE,AVG,INE680Z01018,B,193.20,193.20,183.75,187.10,179.30,10816,2040249.00,381
BSE,AVIVA,INE461H01011,X,63.30,63.30,63.07,63.07,64.35,3087,194766.00,20
BSE,AVL,INE679V01027,A,640.00,647.95,635.00,638.05,629.55,349852,223422840.00,2308
BSE,AVONMORE,INE323B01024,B,11.07,11.07,10.65,10.88,10.85,18543,201414.00,147
BSE,AVROIND,INE652Z01025,B,10.28,10.74,10.11,10.15,10.32,31157,319093.00,203
BSE,AVTNPL,INE488D01021,B,71.10,73.00,70.78,71.01,72.35,5892,420300.00,196
BSE,AWFIS,INE108V01019,A,309.05,309.05,299.00,300.50,303.40,9048,2732102.00,460
BSE,AWHCL,INE01BK01022,B,480.20,497.20,474.20,485.10,473.45,13561,6619857.00,576
BSE,AWL,INE699H01024,A,186.50,190.10,186.15,187.10,184.25,149527,28116662.00,2482
BSE,AXELPOLY,INE197C01012,X,43.00,45.78,42.00,44.93,42.81,253,11089.00,12
BSE,AXENTRA,INE919M01026,XT,330.00,330.00,326.65,326.65,329.90,4240,1385079.00,12
BSE,AXISBANK,INE238A01034,A,1358.95,1365.85,1356.85,1358.80,1357.80,61577,83780002.00,2196
BSE,AXISCADES,INE555B01013,B,1899.95,1939.00,1874.40,1876.25,1944.25,8999,17021383.00,885
BSE,AXISOL,INE520G01024,XT,321.00,335.00,320.15,323.05,336.95,12393,3969652.00,115
BSE,AXITA,INE02EZ01022,B,7.89,7.89,7.65,7.68,7.67,57657,444947.00,262
BSE,AXTEL,INE767C01012,X,452.00,452.00,441.85,444.30,444.95,5552,2473413.00,155
BSE,AYE,INE501X01029,B,168.20,171.20,164.85,167.45,164.60,42897,7165911.00,470
BSE,AYMSYNTEX,INE193B01039,B,219.30,222.00,215.65,217.20,215.00,383,84823.00,8
BSE,AZAD,INE02IJ01035,A,2119.50,2120.00,2065.05,2082.10,2095.35,35636,74353714.00,2736
BSE,AZADIND,INE566M01017,X,102.90,103.00,100.00,101.80,102.00,2926,297344.00,59
BSE,AZTEC,INE0SCB01016,M,95.05,100.00,95.00,100.00,95.05,36000,3548300.00,27
BSE,B2BSOFT,INE151B01011,X,25.00,25.00,24.04,24.72,24.42,6495,159376.00,81
BSE,BABA,INE893A01036,X,14.77,14.86,14.00,14.55,14.48,21228,302868.00,94
BSE,BACPHAR,INE711D01018,X,40.70,41.89,39.29,40.00,40.65,618934,24852239.00,210
BSE,BAFNAPH,INE878I01022,T,165.95,171.50,163.35,171.50,163.35,6933,1184909.00,90
BSE,BAGFILMS,INE116D01028,B,4.70,5.68,4.70,4.85,4.91,17953,90036.00,130
BSE,BAGMANE,INE2OVN25015,IF,102.72,102.75,102.00,102.49,102.73,79542,8161631.00,553
BSE,BAIDFIN,INE020D01022,B,10.61,10.61,9.20,9.99,9.82,17850,172728.00,51
BSE,BAIKAKAJI,INE1IJQ01026,M,209.00,209.00,198.05,206.20,208.25,49200,10020300.00,59
BSE,BAJAJ-AUTO,INE917I01010,A,10129.90,10268.00,10084.20,10198.30,10065.85,33449,340540653.00,10234
BSE,BAJAJCON,INE933K01021,B,623.25,632.05,617.05,619.70,625.30,21996,13691302.00,977
BSE,BAJAJELEC,INE193E01025,A,326.20,333.40,326.20,330.15,326.05,11855,3921537.00,435
BSE,BAJAJFINSV,INE918I01026,A,1766.20,1786.85,1761.30,1783.65,1766.20,23241,41177296.00,1889
BSE,BAJAJHCARE,INE411U01027,B,327.90,327.90,315.10,317.75,312.80,9213,2934218.00,217
BSE,BAJAJHFL,INE377Y01014,A,88.44,91.36,88.44,88.98,88.52,1594846,143548626.00,10701
BSE,BAJAJHIND,INE306A01021,A,19.27,19.46,19.14,19.18,19.19,277641,5350388.00,816
BSE,BAJAJHLDNG,INE118A01012,A,10710.00,10935.00,10690.00,10880.00,10680.65,4580,49529715.00,1924
BSE,BAJAJINDEF,INE0O9T01021,B,249.65,256.80,248.95,252.00,255.20,4332,1089858.00,104
BSE,BAJAJST,INE704G01024,B,420.80,421.50,405.00,408.95,420.45,8603,3569596.00,714
BSE,BAJEL,INE0KQN01018,B,206.00,213.00,206.00,207.60,204.05,45728,9601542.00,1092
BSE,BAJFINANCE,INE296A01032,A,966.00,972.50,961.30,968.15,961.30,1809637,1746463737.00,6535
BSE,BALAJEE,INE0S2G01011,B,30.60,30.60,29.09,29.75,29.50,1897,55550.00,34
BSE,BALAJITELE,INE794B01026,B,90.83,90.83,87.44,87.64,89.79,27906,2471964.00,524
BSE,BALAMINES,INE050E01027,B,2179.95,2179.95,2115.75,2124.85,2137.35,12178,26123093.00,931
BSE,BALGOPAL,INE119R01014,X,178.00,183.95,166.60,166.60,178.00,362,64692.00,8
BSE,BALKRISHNA,INE875R01011,B,18.35,19.70,18.35,19.17,18.38,7144,137947.00,141
BSE,BALKRISIND,INE787D01026,A,2269.50,2269.50,2236.00,2250.10,2244.35,3986,8966434.00,583
BSE,BALMLAWRIE,INE164A01016,B,181.00,186.90,181.00,183.45,182.20,22158,4095364.00,459
BSE,BALPHARMA,INE083D01012,B,81.40,89.00,81.40,87.28,87.09,2476,216765.00,278
BSE,BALRAMCHIN,INE119A01028,A,532.10,541.80,532.10,536.40,531.70,17200,9253319.00,610
BSE,BALTE,INE654B01014,X,13.74,13.99,13.01,13.14,13.81,5509,73324.00,39
BSE,BALUFORGE,INE011E01029,A,452.70,460.95,449.40,458.00,448.35,27589,12526783.00,778
BSE,BAMBINO,INE921D01013,X,207.00,217.50,204.45,207.10,208.50,723,149576.00,28
BSE,BAMPSL,INE802A01037,X,19.51,19.51,19.02,19.05,19.37,1850,35515.00,19
BSE,BANARBEADS,INE655B01011,B,115.30,115.30,97.00,102.00,102.50,152,15666.00,23
BSE,BANARISUG,INE459A01010,B,3581.15,3590.00,3475.00,3504.55,3579.00,26,92126.00,15
BSE,BANASFN,INE521L01030,X,6.92,7.03,6.87,6.89,6.92,9090,63130.00,75
BSE,BANCOINDIA,INE213C01025,A,660.15,681.30,660.15,668.15,662.70,16171,10833567.00,786
BSE,BANDARAM,INE875N01036,X,30.48,30.48,28.80,28.83,29.59,3372,98291.00,34
BSE,BANDHANBNK,INE545U01014,A,208.40,210.70,206.80,208.10,208.10,269368,56241274.00,4043
BSE,BANG,INE863I01016,B,32.00,33.50,31.10,31.40,31.52,1014,32000.00,21
BSE,BANKBARODA,INE028A01039,A,282.85,286.50,280.45,286.10,281.00,336109,95442793.00,4582
BSE,BANKINDIA,INE084A01016,A,147.30,147.30,145.25,146.00,146.55,129767,18932493.00,1570
BSE,BANSALWIRE,INE0B9K01025,B,302.25,311.40,302.25,309.00,306.80,1269,391637.00,66
BSE,BANSWRAS,INE629D01020,B,137.15,141.00,129.50,130.30,138.45,52590,6953156.00,1029
BSE,BAPACK,INE00FM01013,X,178.00,182.50,178.00,179.20,180.15,278,49857.00,17
BSE,BARODARY,INE461A01024,X,131.00,132.05,127.15,129.05,129.10,799,103490.00,51
BSE,BAROEXT,INE927K01023,X,9.15,9.15,8.85,8.94,9.12,110719,996338.00,277
BSE,BASANTGL,INE473E01021,X,12.10,12.75,12.10,12.41,12.29,29536,367977.00,141
BSE,BASF,INE373A01013,A,3552.00,3596.00,3487.55,3572.80,3492.00,1590,5675028.00,371
BSE,BASML,INE186H01022,B,24.99,26.58,24.99,26.26,25.16,20458,528046.00,252
BSE,BATAINDIA,INE176A01028,A,747.00,747.30,727.00,730.75,748.40,50012,36850932.00,2276
BSE,BATLIBOI,INE177C01022,B,80.86,82.19,80.29,80.69,80.45,3161,255378.00,44
BSE,BAYERCROP,INE462A01022,A,4276.90,4285.10,4150.00,4178.35,4276.80,206070,865554198.00,1810
BSE,BAZELINTER,INE217E01014,X,18.86,20.70,18.86,19.07,18.83,6539,128334.00,69
BSE,BBL,INE464A01036,A,2853.00,2925.00,2830.00,2895.00,2797.05,6600,18972710.00,718
BSE,BBOX,INE676A01027,A,1049.60,1049.60,977.05,982.65,1022.85,32527,32651551.00,1566
BSE,BBTC,INE050A01025,A,1540.20,1601.00,1538.10,1589.35,1538.75,11926,18801048.00,1284
BSE,BBTCL,INE01EE01011,B,213.00,213.00,211.15,211.15,215.00,25,5300.00,3
BSE,BCCFUBA,INE788D01016,XT,154.00,154.65,150.00,153.45,155.40,7933,1216444.00,110
BSE,BCCL,INE0KQ001017,M,52.20,52.35,50.00,51.50,49.86,21600,1103172.00,46
BSE,BCG,INE425B01027,B,10.18,10.48,10.18,10.37,10.32,606118,6263580.00,952
BSE,BCLENTERPR,INE368E01023,XT,0.65,0.70,0.65,0.70,0.68,358564,243045.00,37
BSE,BCLIND,INE412G01024,B,35.75,36.64,35.69,35.87,37.18,137911,4979073.00,719
BSE,BCONCEPTS,INE977Y01011,B,208.00,208.00,174.10,174.45,174.00,378,66729.00,129
BSE,BCP,INE905P01028,X,1.93,1.96,1.89,1.91,1.93,70660,135380.00,129
BSE,BCPL,INE00SW01015,B,75.99,76.95,75.27,76.31,74.99,3482,264976.00,231
BSE,BDH,INE278D01018,X,449.85,449.85,431.15,441.95,438.90,1409,621938.00,52
BSE,BDL,INE171Z01026,A,1373.90,1413.95,1372.20,1406.80,1373.50,247421,344468510.00,12463
BSE,BECTORFOOD,INE495P01020,A,191.95,191.95,187.30,187.85,190.10,27936,5270859.00,599
BSE,BEDMUTHA,INE844K01012,B,112.00,114.75,111.25,112.35,111.00,310,35273.00,9
BSE,BEEKAY,INE213D01015,B,420.00,420.10,404.00,410.55,420.00,441,183547.00,20
BSE,BEEYU,INE052B01011,X,2.64,2.89,2.64,2.75,2.63,13144,37301.00,46
BSE,BEEZAASAN,INE13VU01016,MT,343.95,345.00,326.80,340.00,343.95,29600,9967760.00,36
BSE,BEFOUNDMOL,INE425F01028,X,3.58,3.58,3.41,3.50,3.58,3992,14046.00,11
BSE,BEL,INE263A01024,A,427.00,432.50,426.20,431.45,427.15,1017427,436988777.00,18540
BSE,BELDING,INE363L01045,X,1342.00,1479.80,1305.10,1393.55,1399.95,979,1360591.00,73
BSE,BELLACASA,INE344T01014,B,234.95,256.95,234.95,248.00,234.95,3847,927589.00,171
BSE,BELRISE,INE894V01022,B,244.60,249.50,242.70,247.45,240.35,257404,63561746.00,4044
BSE,BEMHY,INE142E01022,X,87.35,87.79,85.22,86.06,87.35,5247,452333.00,117
BSE,BEML,INE258A01024,A,1755.35,1782.60,1745.45,1763.20,1748.45,8099,14255750.00,857
BSE,BENARAS,INE664D01019,B,10882.00,10882.00,10679.95,10720.05,10881.50,547,5901025.00,469
BSE,BENCHMARK,INE0Q2Z01013,MT,38.50,38.50,38.50,38.50,38.50,2000,77000.00,1
BSE,BENGALASM,INE083K01017,B,6325.00,6360.00,6247.00,6275.55,6345.80,138,871243.00,29
BSE,BENGALT,INE665D01016,X,148.00,148.00,140.00,140.85,148.65,159,22312.00,12
BSE,BEPL,INE922A01025,B,106.00,107.40,103.94,104.79,105.84,40800,4323739.00,381
BSE,BERGEPAINT,INE463A01038,A,546.60,559.35,541.00,549.20,551.60,56126,30954811.00,2791
BSE,BERLDRG,INE415H01017,X,23.38,23.38,21.25,21.81,22.34,474,10232.00,9
BSE,BERVINL,INE348I01018,X,41.52,43.50,41.52,43.40,41.52,979,41958.00,15
BSE,BERYLSE,INE508J01015,XT,27.53,27.53,24.92,24.92,26.22,2803,73105.00,13
BSE,BESTAGRO,INE052T01021,B,16.18,16.18,15.82,15.88,15.86,15950,254347.00,107
BSE,BESTEAST,INE553F01035,X,11.51,12.85,11.01,11.90,11.51,8582,101784.00,43
BSE,BETXIND,INE765L01017,X,462.00,491.00,462.00,477.00,492.20,164,78054.00,10
BSE,BFINVEST,INE878K01010,B,459.10,463.85,457.05,461.25,459.05,1440,663638.00,92
BSE,BFLAFL,INE948Q01018,X,6.73,6.88,6.01,6.35,6.73,12017,77050.00,33
BSE,BFUTILITIE,INE243D01012,B,660.00,667.85,646.00,649.20,660.60,3512,2304958.00,253
BSE,BGDL,INE893C01032,B,100.10,102.00,99.00,100.50,101.55,12613,1271816.00,329
BSE,BGIL,INE443D01018,X,7.73,7.73,7.70,7.73,7.37,15946,123256.00,42
BSE,BGLOBAL,INE224M01013,Z,3.26,3.28,3.03,3.28,3.13,12937,41961.00,11
BSE,BGRENERGY,INE661I01014,T,325.00,345.00,325.00,339.45,331.95,8742,2961515.00,190
BSE,BGWTATO,INE106G01014,X,525.50,525.60,506.15,510.40,506.40,360,184505.00,27
BSE,BHAGCHEM,INE414D01027,B,284.70,292.40,278.00,288.55,279.75,21493,6099497.00,568
BSE,BHAGERIA,INE354C01027,T,215.55,231.25,215.55,228.65,226.40,51670,11746616.00,167
BSE,BHAGGAS,INE099C01010,XT,7.97,7.97,7.97,7.97,7.82,5309,42312.00,17
BSE,BHAGWOX,INE026I01010,X,33.64,34.00,33.64,34.00,33.50,245,8303.00,8
BSE,BHAGYANGR,INE458B01036,T,382.45,409.75,382.45,409.75,390.25,24871,10082117.00,396
BSE,BHANDARI,INE474E01029,T,3.17,3.17,3.01,3.03,3.03,8274,25061.00,37
BSE,BHARAT,INE900A01013,X,25.00,26.99,24.80,25.42,24.65,13872,357125.00,105
BSE,BHARATAGRI,INE842D01029,X,29.25,29.98,28.84,29.27,28.68,11540,338772.00,95
BSE,BHARATCOAL,INE05XR01022,B,42.85,42.85,41.20,41.53,42.36,1472617,61715875.00,3702
BSE,BHARATFORG,INE465A01025,A,2048.35,2113.00,2042.10,2103.75,2042.55,105246,217607332.00,7498
BSE,BHARATGEAR,INE561C01019,B,137.55,141.00,135.05,137.10,136.70,40843,5652000.00,978
BSE,BHARATRAS,INE838B01021,B,1429.20,1429.20,1392.50,1394.95,1422.15,598,842376.00,98
BSE,BHARATROHAN,INE0QMV01017,M,114.00,114.00,114.00,114.00,115.00,1600,182400.00,1
BSE,BHARATSE,INE415D01024,B,194.00,194.00,187.50,188.00,191.20,14529,2759057.00,314
BSE,BHARATWIRE,INE316L01019,B,217.65,217.65,213.00,213.30,214.35,9188,1975119.00,188
BSE,BHARTIARTL,INE397D01024,A,1917.75,1924.65,1902.45,1916.95,1908.60,75012,143688658.00,4407
BSE,BHARTIHEXA,INE343G01021,A,1489.15,1521.70,1480.00,1505.05,1494.15,5310,7977914.00,365
BSE,BHASKAGR,INE972C01018,X,142.00,143.40,136.00,139.35,140.75,381,53656.00,19
BSE,BHATIA,INE341Z01025,X,25.99,26.39,25.37,25.85,25.73,38659,1006647.00,209
BSE,BHAVIK,INE18PB01017,M,159.00,160.00,153.00,153.00,158.00,6000,945000.00,6
BSE,BHEL,INE257A01026,A,418.00,420.60,408.25,411.65,413.80,477853,197474036.00,6160
BSE,BHILSPIN,INE436C01014,X,122.00,124.75,121.00,124.00,120.10,824,101433.00,16
BSE,BHUDEVI,INE432N01010,XT,213.00,213.00,198.20,201.10,208.60,9438,1896574.00,25
BSE,BI,INE986A01012,B,58.40,60.55,57.20,57.28,57.99,5178,301985.00,282
BSE,BIBCL,INE994B01014,B,17.40,18.50,17.22,18.21,17.38,56860,1022969.00,307
BSE,BIGBLOC,INE412U01025,B,58.90,58.90,49.17,49.29,49.36,4233,209031.00,89
BSE,BIHSPONG,INE819C01011,X,12.75,13.60,12.75,12.95,13.09,9968,129248.00,60
BSE,BIJHANS,INE491D01017,XT,60.88,60.88,60.88,60.88,60.88,500,30440.00,2
BSE,BIKAJI,INE00E101023,A,664.60,666.50,660.50,662.60,662.45,6287,4168626.00,409
BSE,BIL,INE828A01016,B,777.70,777.70,712.35,723.05,724.35,210,150496.00,38
BSE,BILLWIN,INE0CRS01012,M,20.50,20.50,20.50,20.50,20.44,6000,123000.00,2
BSE,BILVYAPAR,INE071A01013,T,4.38,4.59,4.35,4.40,4.39,1371,6084.00,7
BSE,BIMETAL,INE469A01019,B,637.00,641.20,632.20,632.30,637.00,27,17094.00,4
BSE,BINNYMILLS,INE160L01011,XT,351.50,351.50,351.50,351.50,370.00,1,351.00,1
BSE,BIOCON,INE376G01013,A,415.30,424.50,413.25,421.35,415.70,241218,100999374.00,3318
BSE,BIOFILCHEM,INE829A01014,B,36.10,36.15,35.19,35.53,35.45,3221,114603.00,66
BSE,BIOGEN,INE703D01023,X,0.32,0.33,0.32,0.32,0.33,2386994,780774.00,902
BSE,BIRET,INE0FDU25010,IF,322.48,322.48,321.81,322.07,321.87,6422,2069774.00,518
BSE,BIRLACABLE,INE800A01015,T,230.50,234.60,218.00,221.60,226.60,17958,4064332.00,287
BSE,BIRLACORPN,INE340A01012,A,1018.30,1024.45,1003.60,1007.10,1018.30,3533,3575280.00,340
BSE,BIRLAMONEY,INE865C01022,B,144.05,148.25,144.05,145.25,144.75,7382,1071591.00,169
BSE,BIRLANU,INE557A01011,B,1429.95,1429.95,1406.40,1419.65,1424.40,327,465755.00,40
BSE,BIRLAPREC,INE372E01025,B,37.43,38.00,37.20,37.61,37.28,8742,327386.00,157
BSE,BITS,INE839A01021,X,8.02,8.19,8.02,8.15,8.11,32771,266218.00,283
BSE,BIZOTIC,INE0OJ401014,MT,694.50,733.00,694.50,723.90,730.30,11400,8133550.00,19
BSE,BJDUP,INE265C01025,XT,23.95,23.95,23.95,23.95,23.95,50,1197.00,1
BSE,BKV,INE356C01022,X,10.51,10.51,9.50,10.00,10.16,490,4884.00,33
BSE,BLACKBUCK,INE0UIZ01018,A,576.95,578.45,563.50,571.75,574.50,31535,17960524.00,1330
BSE,BLACKROSE,INE761G01016,B,94.02,113.60,94.02,111.28,96.36,135754,14660546.00,1721
BSE,BLAL,INE0N7W01012,B,186.00,187.00,183.75,185.25,183.15,991,183484.00,116
BSE,BLBLIMITED,INE791A01024,B,16.45,16.45,16.01,16.01,15.97,1038,16870.00,10
BSE,BLIL,INE525F01025,B,72.00,72.23,71.70,72.13,71.56,4826,347671.00,167
BSE,BLISSGVS,INE416D01022,B,487.55,487.55,464.60,473.30,486.60,31382,15059239.00,935
BSE,BLKASHYAP,INE350H01032,B,55.44,56.53,54.84,56.02,54.60,65422,3651885.00,328
BSE,BLOIN,INE373E01015,X,34.91,34.92,34.91,34.91,33.26,208,7263.00,5
BSE,BLOOM,INE253C01013,XT,9.09,9.09,9.04,9.04,9.00,33,299.00,2
BSE,BLS,INE153T01027,A,267.85,276.60,265.80,267.10,267.45,194425,52482699.00,3535
BSE,BLSE,INE0NLT01010,B,228.10,233.40,227.60,228.60,225.70,9911,2292834.00,291
BSE,BLT,INE0W4K01013,MT,29.40,29.40,29.40,29.40,30.92,1600,47040.00,1
BSE,BLUECHIPT,INE472D01017,X,122.00,126.15,122.00,125.95,122.05,214,26809.00,12
BSE,BLUECLOUDS,INE373T01047,B,18.55,21.67,18.50,21.64,18.06,25303289,538189737.00,18370
BSE,BLUECOAST,INE472B01011,T,26.32,26.32,26.32,26.32,27.66,50,1316.00,1
BSE,BLUEDART,INE233B01017,A,4972.45,5058.55,4972.45,4996.60,4970.55,1382,6922196.00,424
BSE,BLUEGOD,INE924N01024,XT,1.77,1.77,1.77,1.77,1.86,20817,36846.00,14
BSE,BLUEJET,INE0KBH01020,A,528.40,528.40,511.95,521.30,512.65,37399,19383044.00,1182
BSE,BLUESTARCO,INE472A01039,A,1669.05,1716.70,1634.00,1666.85,1667.45,117212,194630670.00,3405
BSE,BLUESTONE,INE304W01038,B,519.15,527.50,517.00,521.50,523.30,6033,3160227.00,359
BSE,BLUSPRING,INE0U4101014,B,110.00,116.77,105.91,108.03,108.36,81664,9138717.00,860
BSE,BMBMUMG,INE644K01016,X,7.77,7.77,7.77,7.77,7.40,9240,71794.00,15
BSE,BMW,INE374E01021,X,62.65,63.19,55.70,58.86,62.76,809351,48013096.00,2589
BSE,BMWVENTLTD,INE965W01036,B,58.02,60.33,58.02,59.00,58.94,5073,299826.00,114
BSE,BNAGROCHEM,INE00HZ01011,T,276.90,276.90,270.00,276.90,273.30,55,14884.00,6
BSE,BNALTD,INE489D01011,B,345.05,349.00,340.00,349.00,340.00,459,157601.00,22
BSE,BNRSEC,INE710D01028,X,16.30,17.00,16.30,16.48,16.22,27021,448532.00,139
BSE,BNRUDY,INE355C01016,X,35.08,35.70,34.80,34.80,35.98,99,3477.00,10
BSE,BODALCHEM,INE338D01028,T,70.29,70.80,67.50,68.95,70.29,10467,717969.00,99
BSE,BODHTREE,INE104F01029,X,18.87,19.49,17.17,19.07,18.50,23104,428182.00,96
BSE,BOMBCYC,INE691K01017,X,1598.00,1600.00,1551.00,1599.00,1600.00,86,137146.00,11
BSE,BOMBWIR,INE089T01023,X,47.13,47.14,46.10,47.00,47.13,820,38561.00,11
BSE,BOMDYEING,INE032A01023,A,134.95,140.95,134.95,138.20,134.90,129859,18016336.00,1487
BSE,BOMOXY-B1,INE01TL01014,X,19877.95,19877.95,19320.05,19508.45,19710.00,21,413304.00,19
BSE,BOMTALKIES,INE910D01024,X,3.52,3.69,3.35,3.37,3.52,1474,5072.00,17
BSE,BONDADA,INE0Q8P01029,M,351.00,357.00,346.65,351.35,351.85,129400,45617200.00,479
BSE,BONLON,INE0B9A01018,B,43.51,45.70,43.51,44.22,45.78,5610,246235.00,53
BSE,BORANA,INE16SF01016,B,310.85,321.25,306.80,317.05,307.10,5697,1798073.00,168
BSE,BOROLTD,INE02PY01013,B,232.00,236.95,231.70,233.55,230.95,6093,1422603.00,174
BSE,BORORENEW,INE666D01022,A,598.35,606.00,594.30,604.30,598.70,29018,17441643.00,943
BSE,BOROSCI,INE02L001032,B,155.00,156.20,154.00,154.50,154.65,7500,1158778.00,113
BSE,BOSCH-HCIL,INE782A01015,B,1383.00,1402.00,1374.55,1382.55,1382.60,28181,38997146.00,480
BSE,BOSCHLTD,INE323A01026,A,40424.75,40769.95,40060.70,40275.10,40224.75,1590,64212323.00,886
BSE,BOSTON,INE109B01019,XT,6.01,6.30,5.71,5.71,6.01,19497,112219.00,24
BSE,BPAGRI,INE439N01031,B,9.45,9.90,9.07,9.08,9.54,233574,2162825.00,703
BSE,BPCAP,INE947C01010,XT,10.88,10.88,10.88,10.88,10.37,340,3699.00,3
BSE,BPCL,INE029A01011,A,310.10,311.70,306.90,308.50,306.40,199598,61616907.00,2826
BSE,BPL,INE110A01019,B,54.70,62.59,54.50,59.95,54.45,40796,2446024.00,1303
BSE,BPLPHARMA,INE365Y01019,X,1327.75,1399.10,1305.00,1339.10,1327.75,2995,3965307.00,61
BSE,BRADYM,INE856A01017,X,824.70,841.50,765.00,821.30,824.70,149,121465.00,45
BSE,BRAHMINFRA,INE320I01017,X,158.20,166.60,158.20,164.40,160.30,18525,3018474.00,155
BSE,BRAWN,INE899B01015,X,21.85,21.85,21.85,21.85,20.94,20,437.00,1
BSE,BRGIL,INE00ST01011,M,128.00,128.00,125.00,128.00,131.20,99000,12430850.00,8
BSE,BRIDGESE,INE958C01025,X,14.14,14.59,13.80,14.34,14.14,39247,557256.00,137
BSE,BRIGADE,INE791I01019,A,545.30,550.05,532.60,535.20,545.25,41408,22203560.00,2070
BSE,BRIGHOTEL,INE03NU01014,B,64.00,66.85,63.58,66.20,64.25,21251,1401392.00,1117
BSE,BRIGHT,INE0OMI01019,M,374.00,374.00,370.30,371.60,374.00,1875,698756.00,5
BSE,BRIGHTBR,INE630D01010,X,229.00,231.90,220.00,223.70,230.75,5670,1274435.00,126
BSE,BRIJLEAS,INE957E01031,X,11.00,11.24,10.99,10.99,11.29,510,5611.00,7
BSE,BRISK,INE0Q6L01014,M,82.75,82.75,82.75,82.75,93.50,800,66200.00,1
BSE,BRITANNIA,INE216A01030,A,5204.95,5229.75,5187.25,5214.95,5189.70,30348,158165824.00,655
BSE,BRNL,INE727S01012,B,18.27,19.25,18.27,18.98,18.81,13506,253467.00,165
BSE,BROOKS,INE650L01011,T,70.66,70.66,70.00,70.66,67.30,18375,1297904.00,73
BSE,BRPL,INE319Q01012,B,113.00,128.35,113.00,124.90,115.00,24216,2942780.00,370
BSE,BRRL,INE0IZQ01016,M,999.00,999.00,909.05,939.60,937.20,3600,3456190.00,18
BSE,BSELALGO,INE395A01016,X,4.52,4.69,4.39,4.44,4.52,122222,551130.00,313
BSE,BSHSL,INE032Z01020,T,95.00,95.00,91.00,92.90,90.50,1550,143777.00,24
BSE,BSL,INE594B01012,B,130.00,130.00,130.00,130.00,125.45,50,6500.00,1
BSE,BSOFT,INE836A01035,A,330.95,330.95,316.35,317.45,326.30,180304,57413128.00,3479
BSE,BTML,INE0EEJ01023,B,6.06,6.42,6.06,6.10,6.45,51769,320259.00,209
BSE,BTTL,INE274K01012,B,34.55,35.00,34.10,34.71,35.00,103273,3584645.00,35
BSE,BUILDPRO,INE24OJ01011,B,1066.70,1071.05,1038.50,1053.20,1051.45,1942,2045463.00,140
BSE,BUTTERFLY,INE295F01017,B,652.50,666.85,651.05,652.35,652.50,1401,922685.00,129
BSE,BVCL,INE139I01011,B,41.09,41.99,41.09,41.22,42.17,3180,131873.00,32
BSE,BYKE,INE319B01014,T,34.76,35.75,34.35,35.25,34.76,15193,533143.00,71
BSE,CALCOM,INE216C01010,X,80.00,80.50,75.00,76.38,79.50,7193,552788.00,83
BSE,CALLISTA,INE714Q01014,XT,186.00,186.00,186.00,186.00,187.45,23,4278.00,2
BSE,CALSOFT,INE526B01014,T,26.00,26.71,26.00,26.59,25.44,89272,2378193.00,263
BSE,CAMEXLTD,INE198C01010,X,42.39,43.00,41.87,41.90,41.98,843,35555.00,21
BSE,CAMLINFINE,INE052I01032,A,142.15,143.50,139.50,140.70,140.20,99137,14055292.00,782
BSE,CAMPUS,INE278Y01022,A,237.60,239.65,235.00,236.55,237.10,10116,2402271.00,220
BSE,CAMS,INE596I01020,A,823.70,832.35,816.95,818.80,823.35,81777,67236659.00,4397
BSE,CANBK,INE476A01022,A,133.65,135.25,133.60,135.05,133.80,2301329,310139707.00,7557
BSE,CANDOUR,INE713D01055,X,86.50,86.50,82.17,82.82,83.19,10374,867216.00,181
BSE,CANFINHOME,INE477A01020,A,886.10,898.65,876.00,891.55,886.05,12134,10736513.00,1029
BSE,CANHLIFE,INE01TY01017,B,139.35,144.00,139.35,143.10,141.20,8593,1228283.00,218
BSE,CANTABIL,INE068L01024,B,227.05,237.35,227.05,235.25,227.60,10568,2470420.00,276
BSE,CAPACITE,INE264T01014,B,228.00,264.40,228.00,262.45,233.85,123963,31504956.00,2371
BSE,CAPILLARY,INE0ILV01024,B,492.85,498.90,492.85,495.70,495.85,1591,789726.00,160
BSE,CAPINVIT,INE0Z8Z23013,IF,73.55,73.79,72.60,73.47,73.63,18832,1377854.00,455
BSE,CAPITALSFB,INE646H01017,B,287.75,290.10,282.00,283.40,285.20,706,202429.00,131
BSE,CAPLIPOINT,INE475E01026,A,2519.20,2550.00,2487.80,2534.90,2506.15,17779,44881330.00,2152
BSE,CAPPIPES,INE513R01026,B,10.05,10.35,10.01,10.14,10.04,82712,837332.00,322
BSE,CAPRICORN,INE968E01012,XT,11.61,11.61,11.61,11.61,11.61,101410,1177370.00,31
BSE,CAPRIHANS,INE479A01018,X,79.94,79.94,74.50,77.28,74.50,1966,149821.00,47
BSE,CAPRO,INE470N01010,X,46.00,46.20,46.00,46.20,44.00,302,13908.00,7
BSE,CAPTRUST,INE707C01018,T,13.10,13.60,12.45,12.48,13.10,13937,175079.00,102
BSE,CARBORUNIV,INE120A01034,A,1245.00,1245.00,1180.90,1209.35,1240.65,21038,25388276.00,1265
BSE,CARERATING,INE752H01013,A,1728.05,1750.00,1710.05,1724.90,1718.55,3111,5380263.00,287
BSE,CARGOTRANS,INE0M4L01013,M,104.00,119.50,104.00,118.50,114.99,4500,522937.00,6
BSE,CARNATIN,INE081B01028,XT,89.14,89.14,89.14,89.14,89.14,387,34497.00,8
BSE,CARRARO,INE0V7W01012,B,552.30,584.75,552.30,581.65,560.75,20547,11758736.00,821
BSE,CARTRADE,INE290S01011,A,2609.60,2609.60,2557.15,2569.75,2559.25,19015,49022391.00,1674
BSE,CARYSIL,INE482D01024,B,1216.35,1216.40,1182.85,1190.40,1202.45,4325,5166098.00,399
BSE,CASPIAN,INE176N01039,XT,37.00,37.98,36.65,37.40,37.18,2974,109875.00,45
BSE,CASTROLIND,INE172A01027,A,186.60,187.70,185.60,186.30,185.70,96536,18011964.00,1217
BSE,CATVISION,INE660B01011,X,19.96,19.96,19.30,19.77,19.21,1630,32344.00,34
BSE,CBPL,INE07QQ01016,M,44.00,44.00,44.00,44.00,44.00,1000,44000.00,1
BSE,CCAL,INE0M7501019,MT,25.75,25.75,25.75,25.75,24.53,18000,463500.00,3
BSE,CCAVENUE,INE483S01020,A,15.15,15.30,14.85,15.00,15.11,757635,11413936.00,1397
BSE,CCCL,INE429I01024,B,14.80,14.84,14.50,14.68,14.75,40704,595889.00,147
BSE,CCDL,INE187R01029,X,1.00,1.00,0.97,0.99,0.98,323752,320780.00,202
BSE,CCHHL,INE652F01027,B,13.05,13.05,12.48,12.53,12.95,5746,72314.00,61
BSE,CCL,INE421D01022,A,1154.75,1223.50,1139.00,1149.50,1136.00,44143,52188857.00,2387
BSE,CCLINTER,INE778E01031,X,25.99,25.99,24.50,24.50,24.67,12283,304433.00,48
BSE,CCME,INE194N01016,XT,118.00,118.00,118.00,118.00,113.20,811,95698.00,15
BSE,CDG,INE198N01017,XT,240.00,240.00,222.00,229.90,233.65,1551,348074.00,28
BSE,CEATLTD,INE482A01020,A,3489.60,3542.00,3463.00,3515.00,3440.20,16086,56608375.00,2011
BSE,CEEJAY,INE358C01010,X,173.90,173.90,173.85,173.90,182.90,75,13041.00,3
BSE,CEENIK,INE418D01010,X,183.00,188.00,177.10,183.00,182.25,731,135646.00,26
BSE,CEETAIN,INE760J01012,X,47.30,47.30,41.72,43.49,46.26,1831,77119.00,29
BSE,CEIGALL,INE0AG901020,B,371.80,383.35,370.90,375.75,374.30,14657,5513005.00,387
BSE,CEINSYS,INE016Q01014,B,945.05,950.85,923.00,927.50,932.65,17011,15861801.00,788
BSE,CELEBRITY,INE185H01016,B,8.35,8.51,7.80,8.10,7.88,19554,159942.00,121
BSE,CELLA,INE266H01014,Z,21.50,21.97,20.56,21.97,20.93,21091,461765.00,64
BSE,CELLO,INE0LMW01024,A,389.00,392.00,388.40,388.85,390.75,13161,5126679.00,511
BSE,CEMAINFRA,INE222B01028,X,4.21,4.51,4.09,4.51,4.30,4226,17384.00,22
BSE,CEMPRO,INE686A01026,A,1269.95,1279.85,1227.05,1270.25,1253.20,49707,62294674.00,3456
BSE,CENLUB,INE627F01011,X,234.15,240.00,229.00,229.75,238.95,7591,1762207.00,205
BSE,CENTENKA,INE485A01015,B,524.85,554.00,524.85,544.35,527.30,11758,6394550.00,1205
BSE,CENTEXT,INE281A01026,B,19.50,20.49,19.50,20.25,19.85,4969,100231.00,115
BSE,CENTRALBK,INE483A01010,A,33.00,33.32,32.89,33.03,32.83,611622,20212137.00,1344
BSE,CENTRUM,INE660C01027,B,22.40,25.30,21.77,24.24,21.76,291045,6757741.00,1758
BSE,CENTUM,INE320B01020,B,3521.75,3725.60,3521.75,3701.35,3539.20,5895,21625998.00,966
BSE,CENTUPLE,INE396H01019,X,35.61,38.45,35.61,37.99,38.60,3627,133327.00,55
BSE,CENTURYPLY,INE348B01021,A,757.60,772.65,752.80,758.15,757.55,2946,2238063.00,224
BSE,CERA,INE739E01017,A,6460.35,6729.95,6360.00,6649.10,6448.25,2525,16445360.00,647
BSE,CEREBRAINT,INE345B01019,Z,3.91,3.99,3.80,3.83,3.99,22050,84097.00,38
BSE,CESC,INE486A01021,A,169.00,177.00,169.00,174.30,168.95,317256,55165667.00,4225
BSE,CEWATER,INE037Z01029,B,353.75,370.75,346.00,357.20,350.90,21553,7707784.00,932
BSE,CFEL,INE700F01024,X,37.50,38.50,37.00,37.15,38.00,13626,509314.00,128
BSE,CFF,INE0NJ001013,M,804.00,858.90,804.00,851.05,803.45,68800,58023650.00,293
BSE,CFL,INE181U01018,XT,53.10,53.36,53.10,53.30,53.36,9306,496464.00,25
BSE,CGCL,INE180C01042,A,219.90,222.95,214.10,215.95,221.10,113522,24778068.00,1810
BSE,CGFL,INE727C01024,X,29.70,29.70,28.48,29.09,29.51,1071397,31482256.00,233
BSE,CGPOWER,INE067A01029,A,973.65,973.65,954.55,962.85,963.30,73640,70713885.00,2744
BSE,CGVAK,INE084D01010,X,174.85,174.85,169.00,171.30,175.85,4513,778216.00,142
BSE,CHALET,INE427F01016,A,819.55,828.85,801.10,824.10,800.70,12385,10163742.00,484
BSE,CHALLANI,INE807A01010,X,19.90,20.99,19.10,19.90,20.00,184,3611.00,13
BSE,CHAMBLFERT,INE085A01013,A,486.00,492.00,481.00,487.55,484.25,78744,38320724.00,2650
BSE,CHANDNIMACH,INE01GZ01011,X,70.00,75.00,68.20,73.43,72.92,6406,465366.00,86
BSE,CHANDRAP,INE368D01025,XT,13.90,13.90,12.81,12.90,13.43,29575,380661.00,61
BSE,CHANDRIMA,INE371F01024,X,5.92,6.10,5.91,5.93,5.91,42998,256272.00,117
BSE,CHATHA,INE0AH901011,M,78.00,78.00,75.51,76.63,78.75,31000,2389360.00,25
BSE,CHDCHEM,INE043U01010,X,5.45,5.46,5.45,5.45,5.61,330,1799.00,8
BSE,CHEMBOND,INE995D01025,T,176.00,182.10,172.25,181.85,176.00,748,134234.00,24
BSE,CHEMBONDCH,INE0TGX01019,T,204.95,211.05,204.95,211.05,201.00,3369,700249.00,26
BSE,CHEMCON,INE03YM01018,B,195.00,198.00,193.60,196.50,192.05,3206,628291.00,125
BSE,CHEMCRUX,INE298W01016,B,90.00,91.20,89.19,90.80,88.80,1761,159146.00,121
BSE,CHEMKART,INE0VWL01017,MT,140.50,144.00,135.00,140.00,137.35,3600,502800.00,6
BSE,CHEMPLASTS,INE488A01050,B,217.90,218.25,208.20,209.45,214.30,45851,9696724.00,1667
BSE,CHEMTECH,INE212P01011,X,79.50,79.50,74.50,74.99,76.76,5614,425386.00,55
BSE,CHENFERRO,INE777O01016,X,89.50,92.90,89.50,92.18,90.79,724,66589.00,71
BSE,CHENNPETRO,INE178A01016,A,1098.30,1128.55,1098.30,1117.60,1098.30,50757,56826738.00,2399
BSE,CHEVIOT,INE974B01016,B,1135.00,1140.50,1125.50,1131.35,1111.00,1062,1210273.00,178
BSE,CHIRAHARIT,INE12P101018,MT,9.13,9.13,9.13,9.13,9.61,60000,547800.00,9
BSE,CHLLTD,INE790D01020,X,28.80,28.80,26.36,28.23,28.00,797,22363.00,17
BSE,CHLOGIST,INE558F01026,X,6.45,6.45,6.12,6.16,6.10,37992,235745.00,71
BSE,CHMBBRW,INE417N01011,XT,22.47,22.47,22.03,22.03,22.47,41986,942977.00,19
BSE,CHOICEIN,INE102B01014,A,733.05,735.25,722.80,726.10,725.85,17601,12822054.00,466
BSE,CHOKSI,INE865B01016,XT,161.00,162.00,155.00,160.95,154.65,8389,1345191.00,47
BSE,CHOKSILA,INE493D01013,XT,128.80,128.80,120.00,125.90,122.95,297,36743.00,15
BSE,CHOLAFIN,INE121A01024,A,1675.30,1723.40,1675.30,1718.15,1694.70,29108,49860125.00,2539
BSE,CHOLAHLDNG,INE149A01033,A,1571.50,1610.00,1571.50,1586.55,1589.40,5937,9428637.00,446
BSE,CHORDIA,INE975C01011,X,74.99,74.99,69.78,69.78,73.45,1112,78347.00,18
BSE,CHOWGULSTM,INE490A01015,X,22.60,24.60,22.49,23.69,21.80,15965,374040.00,163
BSE,CHRTEDCA,INE953B01010,X,248.95,249.00,248.95,249.00,249.25,2,497.00,2
BSE,CHTR,INE1B4801017,MT,51.00,52.50,50.99,52.50,50.00,21600,1127100.00,18
BSE,CIANAGRO,INE052V01019,T,1865.00,1953.90,1862.45,1862.45,1960.45,147813,279228320.00,8622
BSE,CIEINDIA,INE536H01010,A,464.00,483.00,464.00,473.60,464.95,53431,25305778.00,1940
BSE,CIFL,INE345H01024,B,26.99,27.00,25.00,26.15,25.79,42581,1100970.00,538
BSE,CIL,INE473L01018,XT,240.00,241.65,240.00,241.65,239.30,5722,1381615.00,19
BSE,CILSEC,INE830A01012,X,38.25,38.48,37.84,37.84,37.50,620,23642.00,10
BSE,CINDHO,INE908C01012,X,49.30,49.30,49.00,49.00,48.62,402,19698.00,3
BSE,CINDRELL,INE897D01015,X,11.00,11.00,11.00,11.00,11.00,16,176.00,1
BSE,CINELINE,INE704H01022,B,80.79,81.49,78.18,78.94,79.02,799,63608.00,25
BSE,CINEVISTA,INE039B01026,B,15.50,15.50,15.11,15.21,15.28,154,2343.00,3
BSE,CIPLA,INE059A01026,A,1354.55,1418.00,1354.55,1415.30,1353.85,325323,455998344.00,14109
BSE,CITADEL,INE906D01014,X,37.70,37.70,36.20,36.29,37.70,4010,146587.00,39
BSE,CITIPOR,INE494D01011,X,35.04,37.06,35.04,37.06,36.88,167,6039.00,5
BSE,CITIUSINVT,INE2Q7823014,IF,106.43,106.43,105.44,105.51,106.06,13721,1452196.00,31
BSE,CITURGIA,INE795B01031,B,118.70,118.70,118.70,118.70,119.85,90,10683.00,3
BSE,CITYMAN,INE117C01010,X,14.75,14.75,14.75,14.75,14.75,1,14.00,1
BSE,CITYONLINE,INE158C01014,Z,8.69,9.13,8.60,8.83,8.70,9188,79061.00,21
BSE,CJGEL,INE557D01015,XT,18.95,18.95,18.95,18.95,18.05,150,2842.00,3
BSE,CLARA,INE0JJS01014,M,33.00,35.25,33.00,35.25,35.00,8300,283237.00,2
BSE,CLCIND,INE376C01038,T,19.45,19.45,19.45,19.45,18.53,71,1380.00,4
BSE,CLEAN,INE227W01023,A,783.00,854.90,783.00,821.00,782.95,334451,279587125.00,12158
BSE,CLEANMAX,INE647U01026,B,1414.30,1527.60,1410.00,1493.85,1368.30,54203,80212644.00,4175
BSE,CLEDUCATE,INE201M01029,T,49.70,50.50,49.62,49.62,50.63,2437,121769.00,31
BSE,CLENON,INE769B01028,XT,42.52,43.86,42.52,43.86,44.75,70,2990.00,8
BSE,CLFL,INE949C01016,X,55.01,58.34,55.01,57.00,55.57,1998,114137.00,12
BSE,CLIOINFO,INE011B01017,XT,8.81,9.03,8.25,8.80,8.60,2409,21182.00,24
BSE,CLN,INE0WDX01010,M,439.00,459.65,439.00,451.55,438.65,6400,2863500.00,32
BSE,CLSEL,INE419D01026,B,294.05,296.20,290.70,294.20,295.40,3603,1055277.00,122
BSE,CMBL,INE850R01014,X,60.00,60.65,60.00,60.50,59.84,174,10523.00,12
BSE,CMMHOSP,INE889F01017,X,39.20,39.20,37.02,39.10,39.25,1911,73184.00,32
BSE,CMPDI,INE05HV01027,B,255.00,256.70,238.60,253.40,250.55,501596,125453373.00,6772
BSE,CMRGREEN,INE00WV01027,B,243.15,261.65,242.30,256.90,243.50,839921,214817884.00,10927
BSE,CMSINFO,INE925R01014,A,299.25,303.70,298.25,300.00,298.95,767729,230323024.00,798
BSE,CMXLTD,INE027F01014,X,22.30,22.39,20.50,22.39,20.36,18924,420351.00,82
BSE,CNCRD,INE0N0J01014,M,2773.90,2944.90,2700.05,2898.40,2773.90,7850,22196905.00,116
BSE,CNINFOTECH,INE0WXM01011,M,97.37,99.98,97.00,97.50,97.95,9200,898492.00,18
BSE,CNL,INE985W01018,B,747.00,753.00,735.65,735.65,750.45,729,542297.00,134
BSE,COALINDIA,INE522F01014,A,451.50,454.35,447.70,448.90,451.45,271283,122217363.00,6696
BSE,COASTCORP,INE377E01024,B,52.17,53.12,51.80,52.00,51.77,6474,340468.00,130
BSE,COCHINM,INE105D01013,X,245.30,250.05,223.45,249.05,249.60,6561,1615585.00,169
BSE,COCHINSHIP,INE704P01025,A,1461.55,1485.50,1417.35,1478.15,1458.35,325967,474101217.00,11973
BSE,COCHMAL,INE788M01017,X,146.00,146.00,145.00,145.00,144.70,116,16830.00,6
BSE,COCKERILL,INE515A01019,B,9150.00,9550.00,9150.00,9201.95,9126.00,1785,16640266.00,516
BSE,COFFEEDAY,INE335K01011,T,34.11,35.05,33.60,33.85,34.55,72837,2479715.00,317
BSE,COFORGE,INE591G01025,A,1471.15,1505.00,1471.15,1483.85,1463.65,323336,481994137.00,13156
BSE,COHANCE,INE03QK01018,A,405.80,413.40,403.35,406.25,405.75,13142,5380442.00,528
BSE,COLAB,INE317W01030,B,147.60,147.60,147.60,147.60,149.05,1508,222580.00,52
BSE,COLINZ,INE923C01011,XT,65.28,65.28,65.28,65.28,62.18,6096,397946.00,17
BSE,COLORCHIPS,INE621I01042,X,12.10,12.61,12.10,12.36,12.76,1986,24484.00,40
BSE,COLPAL,INE259A01022,A,1995.50,2019.30,1979.20,1981.80,1997.95,15109,30191333.00,2334
BSE,COMCL,INE456N01019,XT,14.62,15.20,14.48,15.19,14.48,7383,112100.00,28
BSE,COMFINCAP,INE274M01026,X,7.10,7.49,6.51,7.01,7.33,105078,730170.00,226
BSE,COMFINTE,INE819A01049,B,5.96,6.08,5.93,5.96,6.00,33993,203486.00,112
BSE,COMPEAU,INE823B01015,X,377.95,377.95,363.30,369.50,363.90,400,148411.00,24
BSE,COMPINFO,INE070C01037,Z,1.32,1.38,1.31,1.35,1.32,10155,13395.00,9
BSE,COMPUPN,INE607B01012,X,3.94,4.09,3.39,3.85,3.94,63068,233035.00,111
BSE,COMPUSOFT,INE453B01029,B,13.89,13.89,13.53,13.59,13.57,4418,60622.00,59
BSE,COMSYN,INE073V01015,B,168.50,171.65,165.95,171.65,162.15,162,27387.00,17
BSE,CONART,INE714D01020,X,94.90,101.95,94.90,100.00,96.55,4049,400271.00,60
BSE,CONCOR,INE111A01025,A,479.85,479.85,472.00,473.95,471.55,84095,39899341.00,2960
BSE,CONCORD,INE858L01010,X,74.50,77.85,74.50,76.13,77.13,9660,729338.00,65
BSE,CONCORDBIO,INE338H01029,A,1316.55,1377.95,1316.50,1339.85,1316.55,24916,33692856.00,1661
BSE,CONFIPET,INE552D01024,B,73.00,73.00,69.00,69.14,70.44,96552,6815343.00,684
BSE,CONSTRONIC,INE537B01011,X,49.69,49.69,46.50,46.90,45.99,206,9696.00,10
BSE,CONTAINE,INE0M8901010,MT,22.69,22.69,22.45,22.69,21.63,7000,158290.00,7
BSE,CONTAINER,INE319U01022,X,18.11,19.00,18.00,18.61,17.75,3298,61048.00,33
BSE,CONTCHM,INE423K01015,X,66.98,66.98,66.48,66.48,64.89,2,133.00,2
BSE,CONTILI,INE080G01029,X,21.23,22.49,20.83,22.23,21.23,11933,256827.00,56
BSE,CONTPTR,INE369D01023,X,88.01,92.90,85.70,86.00,90.00,7557,661090.00,72
BSE,CONTROLPR,INE663B01015,B,629.00,648.00,628.30,645.70,623.55,3962,2543060.00,485
BSE,CORALAB,INE683E01017,X,569.00,640.00,568.95,621.50,549.45,14100,8629705.00,584
BSE,CORALFINAC,INE558D01021,B,31.92,32.50,31.91,31.91,31.76,76,2453.00,20
BSE,CORDSCABLE,INE792I01017,T,220.00,220.90,215.00,216.60,219.15,2690,582931.00,40
BSE,CORNE,INE715D01019,X,9.53,9.99,9.53,9.99,9.53,42,401.00,2
BSE,COROENGG,INE312J01012,X,60.45,62.65,60.45,62.63,62.86,4342,270040.00,36
BSE,COROMANDEL,INE169A01031,A,2015.10,2023.65,1976.00,1984.15,2014.60,5758,11492444.00,799
BSE,CORONA,INE02ZQ01018,B,1896.45,1896.45,1842.00,1847.70,1863.50,2595,4797040.00,334
BSE,COSCO,INE949B01018,X,214.10,215.15,204.00,204.05,214.35,536,112919.00,36
BSE,COSMICCRF,INE0ORA01015,MT,1075.00,1143.40,1070.00,1115.00,1114.65,4100,4505930.00,38
BSE,COSMOFE,INE124B01018,XT,196.80,196.80,196.80,196.80,200.80,560,110208.00,12
BSE,COSMOFIRST,INE757A01017,B,783.90,784.60,771.00,775.25,781.10,1869,1453066.00,160
BSE,COSPOWER,INE0CQB01010,MT,1720.00,1725.00,1640.00,1702.00,1720.00,1750,2956450.00,14
BSE,COSYN,INE029B01019,X,21.00,21.76,20.51,20.99,21.48,3707,77638.00,51
BSE,COUNCODOS,INE695B01025,B,4.73,5.08,4.73,4.80,4.83,6888,33142.00,37
BSE,COVANCE,INE0R8101016,XT,164.05,169.45,160.00,167.90,167.40,4732,792851.00,54
BSE,CPCAP,INE521J01018,T,108.90,109.11,108.90,109.11,103.92,3649,397825.00,19
BSE,CPEDU,INE0P6P01016,B,197.80,214.90,193.10,210.10,196.90,3754,779973.00,195
BSE,CPL,INE536P01021,X,76.80,76.80,73.50,73.89,75.38,31807,2381771.00,273
BSE,CPML,INE056001014,M,2041.90,2055.00,1965.15,1965.50,1966.85,700,1417880.00,8
BSE,CPPLUS,INE819V01029,B,3678.05,3739.10,3588.15,3626.40,3639.05,30384,110937972.00,4617
BSE,CRAFTSMAN,INE00LO01017,A,9802.00,9802.00,9320.00,9534.15,9853.65,32275,306224415.00,2369
BSE,CRAMC,INE218I01013,B,256.90,260.30,253.65,254.05,254.10,34761,8901513.00,1212
BSE,CRANEINFRA,INE176L01017,X,13.48,13.48,12.02,13.20,12.26,1790,23788.00,20
BSE,CRANESSOFT,INE234B01023,Z,3.52,3.75,3.52,3.73,3.66,40273,148369.00,51
BSE,CRANEX,INE608B01010,X,80.00,89.55,78.00,86.26,75.50,34243,2844321.00,394
BSE,CRAVATEX,INE145E01017,X,358.50,394.80,358.00,388.95,375.20,3297,1273639.00,92
BSE,CREATIVE,INE146E01015,X,519.10,521.25,519.10,521.20,519.10,34,17661.00,6
BSE,CREATIVEYE,INE230B01021,B,6.60,7.20,6.43,6.49,6.60,485,3146.00,17
BSE,CREDITACC,INE741K01010,A,1414.85,1427.40,1401.00,1410.40,1405.40,4596,6492381.00,408
BSE,CRESCENTIS,INE754C01010,X,123.00,126.35,119.00,123.80,124.80,751,92688.00,44
BSE,CREST,INE559D01011,B,403.10,405.00,392.80,400.40,399.05,392,156246.00,38
BSE,CRISIL,INE007A01025,A,4105.10,4249.00,4105.10,4227.85,4134.35,7410,31180260.00,1312
BSE,CRIZAC,INE0S4R01014,B,214.70,217.00,209.45,210.25,214.70,22791,4845953.00,706
BSE,CROISSANCE,INE587J01027,X,1.24,1.26,1.19,1.25,1.18,386716,469119.00,98
BSE,CROMPTON,INE299U01018,A,276.00,281.60,274.60,276.35,275.55,240515,66804889.00,4359
BSE,CROPSTER,INE293E01031,B,5.52,5.67,5.48,5.50,5.61,41649,229934.00,194
BSE,CRSL,INE716D01033,X,2.57,2.61,2.50,2.52,2.61,403872,1034662.00,778
BSE,CRSTCHM,INE293N01016,XT,148.00,148.00,139.00,141.00,142.75,1602,225730.00,30
BSE,CRYOGENIC,INE0TL001013,MT,285.00,287.70,280.00,284.85,274.00,30750,8783137.00,33
BSE,CRYSTAL,INE994R01028,XT,2.20,2.20,2.20,2.20,2.24,41927,92239.00,51
BSE,CSBBANK,INE679A01013,A,366.10,367.00,362.60,363.50,365.20,2726,993915.00,129
BSE,CSL,INE183Q01020,X,12.61,13.90,12.10,13.41,12.74,35323,456199.00,179
BSE,CSLFINANCE,INE718F01018,B,228.25,231.35,225.00,225.20,223.70,1320,302044.00,202
BSE,CSURGSU,INE405H01018,X,76.30,78.70,76.30,78.31,75.00,107,8338.00,11
BSE,CTCL,INE931X01010,M,250.00,250.00,250.00,250.00,238.00,750,187500.00,1
BSE,CTE,INE627H01017,B,31.41,31.75,31.09,31.71,31.38,249,7856.00,18
BSE,CTL,INE172D01021,X,15.91,16.46,15.76,15.82,15.75,400401,6325678.00,97
BSE,CTLLAB,INE0QMR01015,M,39.30,41.30,39.30,40.30,41.30,2400,96720.00,2
BSE,CUB,INE491A01021,A,196.65,198.60,194.65,197.85,196.40,58129,11425852.00,779
BSE,CUBEXTUB,INE144D01012,B,86.50,89.12,86.38,86.72,87.20,5325,464986.00,120
BSE,CUBIFIN,INE717D01023,XT,3.60,3.60,3.60,3.60,3.67,133181,479451.00,32
BSE,CUMMINSIND,INE298A01020,A,5820.85,5820.85,5655.00,5767.45,5859.85,19449,111735858.00,4838
BSE,CUPID,INE509F01029,B,179.95,179.95,174.40,179.70,176.60,1668621,297556547.00,8981
BSE,CUPIDALBV,INE108G01010,XT,34.20,34.20,32.50,32.86,32.67,97765,3259975.00,412
BSE,CURAA,INE117B01020,B,85.00,85.00,81.00,85.00,85.00,255,21361.00,11
BSE,CWD,INE0H8H01019,MS,286.35,296.95,286.35,291.00,285.30,13000,3781000.00,23
BSE,CYBELEIND,INE183D01010,X,49.05,50.89,48.00,48.71,48.56,7877,386727.00,80
BSE,CYBERMEDIA,INE278G01037,T,16.62,17.04,16.62,16.99,16.96,1208,20199.00,8
BSE,CYBERTECH,INE214A01019,B,151.75,151.75,146.95,148.00,149.10,5176,768493.00,169
BSE,CYIENT,INE136B01020,A,868.40,884.95,868.00,876.50,858.05,21579,18947234.00,978
BSE,CYIENTDLM,INE055S01018,B,473.95,499.30,473.65,483.50,474.05,30395,14810325.00,1465
BSE,DABUR,INE016A01026,A,429.70,429.70,422.00,422.35,423.65,32892,13937002.00,1681
BSE,DACHEPALLI,INE1F9M01018,MT,80.58,83.84,80.58,83.84,80.58,6000,491256.00,4
BSE,DAICHI,INE928C01010,B,319.85,335.00,312.55,321.55,313.50,2762,899358.00,231
BSE,DAIKAFFI,INE789B01018,XT,53.39,53.39,53.39,53.39,52.35,4704,251146.00,9
BSE,DALBHARAT,INE00R701025,A,1725.40,1737.70,1696.20,1711.05,1720.10,7326,12549738.00,844
BSE,DALMIASUG,INE495A01022,B,335.60,339.30,335.30,337.60,337.85,4359,1470168.00,238
BSE,DAMCAPITAL,INE284H01025,B,155.70,156.95,154.60,155.15,154.65,11893,1851236.00,240
BSE,DAMODARIND,INE497D01022,B,31.99,32.16,30.50,30.92,30.54,2590,82158.00,40
BSE,DANLAW,INE310B01013,XT,1052.10,1118.00,1041.75,1060.00,1096.55,3295,3503728.00,276
BSE,DANUBE,INE575D01041,X,5.10,5.64,4.86,5.37,4.92,247973,1313656.00,271
BSE,DARJEELING,INE830S01014,XT,34.87,36.47,33.10,36.28,34.74,8503,302803.00,30
BSE,DARSHANORNA,INE671T01028,X,2.39,2.43,2.35,2.36,2.41,62312,149757.00,91
BSE,DATAMATICS,INE365B01017,B,803.25,812.35,796.00,809.75,800.75,2944,2362741.00,222
BSE,DATAPATTNS,INE0IX101010,A,4874.40,4929.65,4822.75,4861.55,4822.30,70186,341961668.00,6370
BSE,DAULAT,INE108C01019,X,30.40,34.90,30.40,32.44,29.83,5782,189534.00,39
BSE,DAVANGERE,INE179G01029,B,3.67,3.67,3.61,3.63,3.60,326346,1186498.00,182
BSE,DBCORP,INE950I01011,B,204.30,205.15,201.95,202.15,205.00,4189,851262.00,143
BSE,DBEIL,INE0OPA01027,T,9.87,9.87,8.95,8.95,9.42,88014,812511.00,323
BSE,DBL,INE917M01012,A,444.65,458.90,441.00,454.55,439.60,17580,7937580.00,612
BSE,DBOL,INE0I3401014,T,115.10,118.60,111.70,114.30,117.55,8489,966168.00,75
BSE,DBREALTY,INE879I01012,T,119.60,119.85,116.70,117.95,117.50,16597,1960056.00,144
BSE,DBSTOCKBRO,INE921B01025,B,29.70,29.70,29.21,29.38,29.51,41,1205.00,29
BSE,DCAL,INE385W01011,B,172.80,175.15,171.85,173.25,170.80,27194,4711549.00,421
BSE,DCBBANK,INE503A01015,A,184.50,188.15,184.50,187.30,184.60,46323,8644141.00,559
BSE,DCI,INE0A1101019,T,268.50,272.40,267.00,272.40,268.50,176,47389.00,17
BSE,DCM,INE498A01018,T,97.99,98.00,97.99,98.00,97.99,193,18913.00,8
BSE,DCMFINSERV,INE891B01012,T,5.44,5.44,5.44,5.44,5.39,11343,61705.00,11
BSE,DCMNVL,INE08KP01019,T,147.10,147.80,147.10,147.10,148.60,252,37072.00,5
BSE,DCMSHRIRAM,INE499A01024,A,1053.60,1062.15,1032.00,1041.90,1055.65,1734,1810307.00,246
BSE,DCMSIL,INE0OU201013,T,67.58,67.58,67.58,67.58,66.26,5367,362701.00,28
BSE,DCMSRIND,INE843D01027,B,38.05,39.12,37.75,38.30,38.23,5267,202001.00,72
BSE,DCW,INE500A01029,B,49.65,51.17,49.65,50.56,49.41,108037,5476006.00,479
BSE,DCXINDIA,INE0KL801015,B,207.55,212.45,204.00,205.45,204.25,71388,14791474.00,931
BSE,DDEVPLSTIK,INE0HR601026,B,283.00,283.05,273.85,277.45,273.55,15860,4439752.00,569
BSE,DECCAN,INE452W01019,T,13.00,13.66,12.38,12.98,13.03,5390,68422.00,46
BSE,DECCANCE,INE583C01021,B,562.30,578.00,562.00,577.95,570.00,590,336541.00,171
BSE,DECIPHER,INE643N01012,X,6.70,6.70,6.69,6.70,6.65,4930,33025.00,19
BSE,DECNGOLD,INE945F01025,B,217.00,235.00,217.00,227.10,214.80,1011555,229938417.00,12101
BSE,DECOMIC,INE907E01010,X,59.00,59.00,57.00,58.91,54.36,2051,118396.00,7
BSE,DECPO,INE132E01015,X,35.00,35.00,34.00,34.00,35.00,2,69.00,2
BSE,DEEDEV,INE841L01016,T,686.00,703.05,673.10,677.65,708.50,18423,12528574.00,762
BSE,DEEP,INE00IY01012,X,42.19,42.78,39.69,40.91,41.94,13544,556211.00,86
BSE,DEEPAI,INE005G01026,X,2.31,2.32,2.25,2.27,2.26,229908,524195.00,585
BSE,DEEPAKCHEM,INE0RDM01013,M,77.99,80.97,77.00,80.76,75.50,13600,1073632.00,15
BSE,DEEPAKFERT,INE501A01019,A,1560.90,1610.00,1560.65,1602.30,1560.65,27577,43760347.00,1914
BSE,DEEPAKNTR,INE288B01029,A,1648.35,1688.80,1631.00,1673.40,1645.10,18051,29938933.00,1582
BSE,DEEPAKSP,INE272C01013,X,113.60,119.45,113.60,118.05,121.70,12214,1415241.00,116
BSE,DEEPINDS,INE0FHS01024,B,495.50,503.15,489.00,491.05,486.40,15623,7711360.00,383
BSE,DEFRAIL,INE0ZE201010,M,71.55,78.90,71.55,78.90,72.30,12800,973360.00,8
BSE,DEL,INE413F01016,X,153.25,154.95,153.25,153.25,153.25,678,103974.00,24
BSE,DELHIVERY,INE148O01028,A,469.40,491.50,465.60,483.90,460.85,425338,203859955.00,8020
BSE,DELPHIFX,INE726L01027,B,8.15,8.64,8.15,8.48,8.40,39876,336607.00,94
BSE,DELTACORP,INE124G01033,A,66.39,67.34,66.10,66.51,65.90,142486,9496968.00,768
BSE,DELTAMAGNT,INE393A01011,B,63.01,64.45,63.01,64.45,62.99,15,965.00,2
BSE,DEN,INE947J01015,B,33.36,34.65,32.74,32.98,33.07,169193,5692019.00,806
BSE,DENISCHEM,INE051G01012,X,74.70,76.98,73.25,74.26,73.42,4286,321389.00,54
BSE,DENORA,INE244A01016,B,874.30,930.00,866.80,907.80,854.45,1674,1520970.00,357
BSE,DENTA,INE0R4L01018,B,296.00,336.45,294.55,324.60,293.30,289320,93304359.00,3954
BSE,DESCO,INE0TGG01014,MT,229.30,229.45,220.00,221.10,225.85,19000,4240975.00,37
BSE,DESIFARMS,INE358F01013,X,597.00,600.00,597.00,600.00,597.70,81,48594.00,18
BSE,DEVINE,INE455C01014,X,8.26,8.26,7.85,7.85,8.26,43,351.00,2
BSE,DEVIT,INE060X01034,B,29.80,29.80,27.94,28.19,28.27,5149,144186.00,66
BSE,DEVLAB,INE0NIJ01025,MT,21.67,22.58,21.67,22.58,21.60,12000,267320.00,2
BSE,DEVX,INE0VOV01021,B,36.30,36.99,35.85,36.23,36.06,27948,1019150.00,129
BSE,DEVYANI,INE872J01023,A,117.35,119.80,116.50,117.35,116.90,2241142,265882663.00,2029
BSE,DFL,INE848N01017,X,34.25,37.84,34.25,37.84,36.04,123,4347.00,5
BSE,DFPL,INE0S6R01027,MT,16.80,16.96,16.30,16.43,16.16,14000,230740.00,7
BSE,DGCONTENT,INE03JI01017,B,29.75,29.79,25.76,25.76,25.10,450,12397.00,4
BSE,DGL,INE01GR01018,MT,1.11,1.11,1.08,1.08,1.10,8000,8700.00,4
BSE,DHABRIYA,INE260R01016,X,418.90,423.65,401.00,403.40,411.95,7872,3235796.00,279
BSE,DHAMPURE,INE956B01013,X,125.00,126.95,121.05,122.15,123.90,2991,369559.00,63
BSE,DHAMPURSUG,INE041A01016,B,140.25,141.90,140.05,141.00,141.40,10052,1416219.00,294
BSE,DHANBANK,INE680A01011,B,34.69,35.05,34.15,34.76,34.30,4296052,147272846.00,916
BSE,DHANCOT,INE977F01010,XT,98.75,98.75,98.75,98.75,94.05,1,98.00,1
BSE,DHANROTO,INE220C01012,X,82.00,82.00,77.72,78.10,81.68,3796,301198.00,53
BSE,DHANSAFAL,INE195E01020,X,2.72,2.77,2.69,2.72,2.73,66445,180743.00,83
BSE,DHANUKA,INE435G01025,B,1074.00,1092.10,1063.55,1073.20,1065.20,2133,2283142.00,171
BSE,DHARAN,INE278R01034,Z,0.19,0.19,0.19,0.19,0.19,272605,51794.00,91
BSE,DHARFIN,INE899D01011,X,12.82,12.85,12.74,12.74,12.70,1739,22309.00,11
BSE,DHARMAJ,INE00OQ01016,B,264.75,268.05,260.40,265.00,264.75,1559,412883.00,102
BSE,DHATRE,INE715T01031,X,4.62,4.81,4.54,4.67,4.59,24118,112383.00,137
BSE,DHENUBUILD,INE758D01027,Z,10.00,10.40,10.00,10.40,10.20,27085,273807.00,166
BSE,DHILLON,INE0SPJ01011,M,32.00,32.00,30.28,31.00,33.00,9600,301808.00,6
BSE,DHINDIA,INE589D01018,XT,264.40,268.00,256.20,264.95,265.15,2205,579798.00,53
BSE,DHOOTIN,INE313G01016,X,220.10,231.10,220.10,230.40,229.95,1646,377596.00,27
BSE,DHPIND,INE590D01016,X,508.00,521.00,498.00,507.15,508.00,6455,3269683.00,152
BSE,DHRUV,INE506Z01015,T,28.70,30.32,28.04,28.05,28.88,1592,46203.00,24
BSE,DHRUVCA,INE972E01014,XT,435.00,435.00,412.30,433.60,433.95,7943,3429002.00,762
BSE,DHUNINV,INE320L01011,B,787.00,855.00,787.00,855.00,840.00,3,2482.00,3
BSE,DHYAANITR,INE0K5F01014,M,4.90,5.08,4.85,5.04,4.90,78400,392252.00,16
BSE,DIACABS,INE989C01038,B,210.60,213.90,206.90,207.60,209.25,220524,46220801.00,1892
BSE,DIAMANT,INE206I01026,XT,0.82,0.82,0.76,0.77,0.79,911,707.00,14
BSE,DIAMINESQ,INE591D01014,B,241.00,248.00,234.05,235.00,245.95,1780,432960.00,32
BSE,DIAMONDYD,INE393P01035,B,1100.00,1135.50,1100.00,1106.60,1136.10,1231,1372514.00,162
BSE,DIANATEA,INE012E01035,X,26.28,27.49,26.11,26.86,26.28,10718,283023.00,31
BSE,DICIND,INE303A01010,B,523.00,540.00,523.00,534.40,524.95,446,237470.00,87
BSE,DIDL,INE642P01019,X,9.49,9.49,9.00,9.45,9.49,155,1413.00,5
BSE,DIFFNKG,INE184O01015,B,383.95,383.95,363.05,376.45,376.80,9164,3401222.00,485
BSE,DIGIDRIVE,INE0PSC01024,B,22.70,22.70,18.63,18.93,18.94,1454,27715.00,97
BSE,DIGILOGIC,INE1OOT01028,M,122.90,124.50,122.90,124.40,120.70,62400,7726020.00,52
BSE,DIGISPICE,INE927C01020,T,19.22,19.58,19.00,19.07,19.99,29425,562386.00,121
BSE,DIGITIDE,INE0U4701011,B,90.39,90.62,87.24,88.17,88.80,10678,950628.00,227
BSE,DIGJAMLMTD,INE731U01028,B,45.34,45.34,44.01,44.31,44.01,385,16986.00,17
BSE,DILIGENT,INE650C01036,X,2.08,2.24,2.06,2.11,2.12,356613,756296.00,314
BSE,DISAQ,INE131C01011,B,12270.00,12700.00,12270.00,12595.75,12280.00,66,819515.00,27
BSE,DISHTV,INE836F01026,T,3.25,3.28,3.17,3.18,3.20,108862,349010.00,225
BSE,DITCO,INE183R01010,X,13.41,14.00,13.41,14.00,14.11,104,1397.00,2
BSE,DIVGIITTS,INE753U01022,B,888.00,890.00,861.95,864.55,856.05,5531,4827000.00,316
BSE,DIVISLAB,INE361B01024,A,6779.40,6800.00,6717.50,6784.95,6741.15,4608,31165953.00,1309
BSE,DIVSHKT,INE410G01010,X,48.00,48.98,47.15,48.83,48.94,1878,91273.00,56
BSE,DIXON,INE935N01020,A,12550.65,12654.90,12262.90,12334.30,12523.20,46417,575255330.00,9996
BSE,DJML,INE0B1K01014,B,116.90,119.45,114.60,117.50,116.95,49118,5779248.00,608
BSE,DJSSS,INE234E01027,X,1.87,2.00,1.87,1.99,1.87,19113,37232.00,110
BSE,DKUAL,INE0QXT01018,M,8.81,9.15,8.64,9.15,8.99,42000,377560.00,20
BSE,DLCL,INE871Z01013,M,8.36,8.36,7.54,7.54,8.37,68000,522000.00,14
BSE,DLF,INE271C01023,A,632.45,632.45,625.00,627.15,624.30,68754,43174220.00,1792
BSE,DLINKINDIA,INE250K01012,B,529.95,531.85,517.85,519.90,524.90,12711,6627807.00,547
BSE,DLTNCBL,INE872E01016,X,450.00,462.00,415.00,424.45,439.70,11493,4988688.00,323
BSE,DMART,INE192R01011,A,4299.90,4351.30,4299.90,4328.40,4284.35,6159,26671222.00,1220
BSE,DMCC,INE505A01010,B,256.90,262.35,251.35,253.80,252.20,10117,2607405.00,482
BSE,DMR,INE07L501010,M,35.65,35.65,35.44,35.50,32.50,13650,484731.00,7
BSE,DNAMEDIA,INE016M01021,B,2.91,2.91,2.82,2.83,2.89,16328,46371.00,58
BSE,DODLA,INE021O01019,A,1120.05,1145.95,1113.75,1130.80,1108.95,2261,2564554.00,135
BSE,DOLATALGO,INE966A01022,B,78.11,78.11,76.51,77.18,76.88,4260,328004.00,79
BSE,DOLFIN,INE666Y01010,B,186.00,186.00,171.00,171.05,169.00,627,107821.00,27
BSE,DOLLAR,INE325C01035,B,257.40,261.30,257.40,260.25,258.20,3253,844084.00,86
BSE,DOLPHIN,INE920A01037,B,389.90,394.20,383.50,385.45,388.00,584,228732.00,26
BSE,DOLPHMED,INE796B01013,XT,8.69,8.69,8.69,8.69,8.28,16352,142098.00,51
BSE,DOMS,INE321T01012,A,2269.10,2318.00,2260.00,2276.80,2266.40,52631,120197728.00,647
BSE,DONEAR,INE668D01028,B,89.30,91.32,89.30,91.31,91.11,427,38787.00,38
BSE,DPABHUSHAN,INE266Y01019,B,919.00,928.00,919.00,925.50,919.65,467,432109.00,81
BSE,DPL,INE0MC401013,M,7.90,7.90,7.04,7.42,7.19,54000,400920.00,17
BSE,DPWIRES,INE864X01013,B,175.50,198.15,175.50,186.45,175.50,1551,292101.00,190
BSE,DRA,INE746V01016,M,18.70,19.25,18.70,19.25,17.05,5000,94875.00,2
BSE,DRAGARWQ,INE934C01018,B,5015.00,5080.00,4978.85,5045.30,5004.85,97,489507.00,71
BSE,DRCSYSTEMS,INE03RS01027,B,13.83,14.88,13.83,14.35,14.11,3687,54311.00,30
BSE,DREAMFOLKS,INE0JS101016,B,70.01,71.64,70.01,71.06,70.81,9630,682976.00,232
BSE,DREDGECORP,INE506A01018,B,1148.00,1228.00,1147.95,1210.35,1135.90,32134,38578781.00,1856
BSE,DRL,INE193D01019,XT,22.05,22.05,22.05,22.05,21.00,333040,7343532.00,37
BSE,DRONACHRYA,INE0MQD01015,M,41.50,42.40,41.30,41.51,41.60,33000,1377570.00,32
BSE,DRREDDY,INE089A01031,A,1287.75,1306.00,1272.05,1291.05,1271.55,69895,90503784.00,6275
BSE,DSFCL,INE0OFM01015,T,22.62,24.70,22.62,23.92,23.69,9024,211666.00,57
BSE,DSINVEST,INE422D01012,XT,402.00,402.00,394.00,394.00,402.00,53,20890.00,6
BSE,DSSL,INE417B01040,B,1453.20,1499.00,1453.20,1474.15,1445.95,6443,9523976.00,733
BSE,DTIL,INE341R01014,B,136.05,140.40,136.05,139.65,144.80,332,45653.00,12
BSE,DUCON,INE741L01018,T,3.55,3.64,3.50,3.55,3.56,110943,397797.00,108
BSE,DUKEOFS,INE397G01019,XT,22.12,22.12,22.12,22.12,21.69,1812,40081.00,15
BSE,DUNCANENG,INE340F01011,X,363.15,366.80,363.15,366.80,364.95,261,95279.00,9
BSE,DUROPACK,INE138B01018,X,56.00,58.70,52.77,58.41,58.90,520,28693.00,26
BSE,DUROPLY,INE932D01010,X,125.55,130.75,125.00,127.20,129.85,2678,339147.00,38
BSE,DUTRON,INE940C01015,X,101.80,102.80,100.40,102.80,101.80,243,24901.00,12
BSE,DVL,INE477B01010,B,243.85,248.80,240.70,245.00,245.05,402,98313.00,44
BSE,DWARKESH,INE366A01041,B,43.76,44.27,43.40,43.47,44.06,77157,3374322.00,397
BSE,DYCL,INE600Y01019,B,374.95,374.95,360.65,365.90,366.70,22948,8381062.00,476
BSE,DYNAMATECH,INE221B01012,B,11029.00,11050.00,10840.30,10993.05,10937.20,256,2805370.00,121
BSE,DYNAMICP,INE118C01018,X,15.25,15.25,15.25,15.25,16.00,5,76.00,1
BSE,DYNAMIND,INE457C01010,X,114.40,114.40,107.55,108.65,108.00,643,69848.00,19
BSE,DYNAVSN,INE083E01010,X,191.00,191.00,191.00,191.00,189.05,250,47750.00,1
BSE,DYNPRO,INE256H01015,B,230.00,237.00,230.00,232.05,233.15,1197,280688.00,91
BSE,E2E,INE255Z01027,B,444.90,446.70,424.50,446.70,425.45,174188,77021822.00,3289
BSE,EASEMYTRIP,INE07O001026,A,7.99,8.00,7.85,7.88,7.94,785746,6215895.00,895
BSE,EASTBUILD,INE706N01017,X,65.40,65.40,65.40,65.40,62.29,1,65.00,1
BSE,EASTINDIA,INE191C01023,XT,99.10,108.25,99.10,100.30,104.00,3734,377489.00,59
BSE,EASTRED,INE500D01015,X,29.49,29.49,28.30,29.00,27.84,894,25518.00,11
BSE,EASTSILK,INE962C01035,T,52.39,52.39,52.30,52.32,49.92,86,4499.00,3
BSE,EASTWEST,INE595R01023,XT,2.64,2.71,2.56,2.61,2.69,58023,152396.00,132
BSE,EASUN,INE771C01014,XT,55.00,55.00,55.00,55.00,52.60,8065,443575.00,5
BSE,EBGNG,INE18JU01028,B,524.00,552.95,510.20,551.60,502.70,160426,85497053.00,4938
BSE,EBIX,INE432F01032,XT,24.00,24.36,23.22,23.26,24.44,430173,10111292.00,909
BSE,ECLERX,INE738I01010,A,1435.60,1456.00,1429.90,1449.35,1417.45,4535,6557522.00,376
BSE,ECOBOAR,INE866A01016,X,58.99,58.99,53.01,53.67,54.34,8648,474165.00,30
BSE,ECOHOTELS,INE638N01012,XT,14.68,15.10,13.72,14.79,14.39,45290,665733.00,89
BSE,ECOPLAST,INE423D01010,X,464.75,471.00,447.00,463.80,445.15,1230,567244.00,52
BSE,ECORECO,INE316A01038,XT,433.00,442.90,433.00,438.10,433.15,8380,3673655.00,360
BSE,ECOSMOBLTY,INE06HJ01020,T,138.80,139.00,133.00,136.80,132.85,1533,207661.00,46
BSE,ECS,INE925Q01024,XT,10.46,10.46,10.45,10.45,11.00,6001,62725.00,19
BSE,EDELWEISS,INE532F01054,A,125.35,132.90,124.25,130.25,124.65,577147,74576345.00,4411
BSE,EDUCOMP,INE216H01027,Z,0.97,1.00,0.95,0.97,0.98,19865,19470.00,34
BSE,EDVENSWA,INE125G01014,XT,25.65,25.90,24.11,25.43,25.10,10961,276884.00,69
BSE,EFCIL,INE886D01026,B,191.00,194.75,189.15,194.10,190.85,16167,3118981.00,307
BSE,EFORU,INE355H01015,X,92.18,92.18,84.00,90.00,83.81,5101,451166.00,65
BSE,EICHERMOT,INE066A01021,A,7628.90,7720.00,7500.00,7632.75,7628.50,22637,173852110.00,3805
BSE,EIDPARRY,INE126A01031,A,708.55,720.70,708.55,716.40,704.95,31067,22276749.00,1367
BSE,EIEL,INE0LLY01014,A,212.25,233.95,209.00,225.40,205.80,903156,201643497.00,10655
BSE,EIGHTY,INE0KSN01014,MT,41.00,41.00,40.00,40.00,40.25,6000,243000.00,2
BSE,EIHAHOTELS,INE276C01014,B,305.85,331.10,305.85,325.25,327.35,2143,702791.00,168
BSE,EIHOTEL,INE230A01023,A,322.00,332.85,322.00,330.15,322.00,24938,8227814.00,949
BSE,EIKO,INE666Q01016,X,52.25,52.25,50.50,51.40,51.54,29468,1511958.00,75
BSE,EIMCOELECO,INE158B01016,B,1612.50,1842.60,1612.50,1778.30,1594.40,21233,37906792.00,1801
BSE,EKAMLEA,INE906L01025,XT,6.37,6.37,6.06,6.06,6.37,15,94.00,2
BSE,EKANSH,INE005E01013,X,220.00,223.00,213.50,222.30,215.60,10637,2334594.00,54
BSE,EKC,INE184H01027,B,114.65,133.90,112.80,125.85,113.10,255056,32643904.00,2691
BSE,EKI,INE0CPR01018,B,86.85,89.01,86.15,86.87,86.70,16859,1464974.00,352
BSE,ELAND,INE311H01018,X,13.41,13.54,13.01,13.03,13.41,6231,81489.00,34
BSE,ELANTAS,INE280B01018,B,10750.00,10944.45,10600.00,10697.30,10636.90,245,2648941.00,108
BSE,ELCIDIN,INE927X01018,B,117890.00,117890.00,116800.00,116900.00,117899.00,6,705180.00,6
BSE,ELECON,INE205B01031,A,540.70,556.90,534.15,544.75,539.30,56021,30719553.00,2174
BSE,ELECTCAST,INE086A01029,A,81.30,85.67,81.30,83.13,81.18,148463,12452987.00,1233
BSE,ELECTHERM,INE822G01016,B,968.05,1100.45,968.05,1058.30,1073.80,1111,1185753.00,142
BSE,ELEFLOR,INE152E01013,X,5.21,5.32,5.04,5.13,5.16,19859,103523.00,89
BSE,ELEMARB,INE095B01010,X,194.80,194.80,186.50,191.80,190.70,160,30275.00,16
BSE,ELFIN,INE1FEW01013,MT,73.80,73.80,73.80,73.80,73.20,3000,221400.00,1
BSE,ELFORGE,INE158F01017,X,19.50,21.48,19.25,19.58,19.03,18464,369104.00,116
BSE,ELGIEQUIP,INE285A01027,A,623.00,623.00,612.05,614.20,612.55,15826,9750030.00,540
BSE,ELIN,INE050401020,B,107.85,111.50,107.05,107.80,106.25,3430,373149.00,136
BSE,ELITECON,INE669R01026,B,28.02,29.39,28.02,28.69,28.52,241238,6968512.00,1111
BSE,ELIXIR,INE785D01012,X,125.00,125.00,116.90,120.20,125.00,1307,155853.00,54
BSE,ELLEN,INE236E01022,B,281.80,287.30,281.80,286.55,281.80,13557,3870072.00,315
BSE,ELNET,INE033C01019,X,344.90,347.75,332.00,337.20,341.80,1194,402105.00,76
BSE,ELPROINTL,INE579B01039,B,170.80,172.15,170.35,171.20,170.60,5738,983104.00,88
BSE,EMAINDIA,INE279D01016,XT,789.30,789.30,789.30,789.30,773.85,208,164174.00,6
BSE,EMAMILTD,INE548C01032,A,417.10,418.65,405.65,408.00,413.10,312983,129570915.00,416
BSE,EMAMIPAP,INE830C01026,B,88.89,89.00,86.47,86.68,85.22,7187,631240.00,216
BSE,EMAMIREAL,INE778K01012,T,92.28,92.28,89.00,90.00,90.00,993,88751.00,9
BSE,EMBASSY,INE041025011,IF,427.40,427.40,423.80,426.58,425.68,264823,112730143.00,914
BSE,EMBDL,INE069I01010,A,62.00,63.40,61.65,61.87,62.02,148856,9293640.00,1251
BSE,EMCURE,INE168P01015,A,1786.60,1803.85,1759.50,1792.70,1774.05,3174,5645536.00,318
BSE,EMERALD,INE030Q01015,X,56.40,57.98,55.61,56.79,57.06,40638,2298653.00,277
BSE,EMERALL,INE044N01021,X,175.40,175.40,171.00,171.00,179.90,57,9967.00,3
BSE,EMERGENT,INE668L01013,XT,389.50,405.90,389.50,390.70,410.00,175,69689.00,17
BSE,EMIAC,INE1OSW01015,M,99.80,105.00,99.80,102.89,100.28,24000,2467656.00,20
BSE,EMIL,INE02YR01019,A,124.70,124.70,120.60,121.60,120.85,54744,6681445.00,1216
BSE,EMKAY,INE296H01011,B,296.30,296.85,290.70,293.65,289.90,901,263954.00,75
BSE,EMMBI,INE753K01015,B,87.20,94.47,87.20,93.59,93.16,865,80299.00,26
BSE,EMMESSA,INE634B01016,X,25.70,25.70,24.10,25.50,25.70,2051,50442.00,20
BSE,EMMFORCE,INE0SDC01012,M,124.00,129.00,123.60,125.00,122.00,30000,3792060.00,25
BSE,EMMVEE,INE1C6T01020,B,332.00,333.60,324.00,326.00,331.25,114016,37373742.00,2017
BSE,EMPIND,INE515H01014,X,1011.30,1040.00,1011.30,1038.75,1018.40,959,992846.00,57
BSE,EMPOWER,INE507F01023,T,2.05,2.05,2.05,2.05,1.96,2171595,4451769.00,499
BSE,EMROCK,INE554H01021,XT,257.00,283.70,257.00,272.55,270.25,467,128851.00,19
BSE,EMSLIMITED,INE0OV601013,B,360.40,412.50,355.25,408.30,349.75,440572,175116810.00,7030
BSE,EMUDHRA,INE01QM01018,B,457.70,459.30,453.00,453.35,460.55,8578,3902925.00,750
BSE,ENBETRD,INE993I01029,X,0.31,0.31,0.28,0.29,0.31,21421787,6287973.00,1800
BSE,ENCODE,INE900O01014,X,11.98,12.03,11.98,12.03,12.60,115,1382.00,4
BSE,ENDURANCE,INE913H01037,A,2639.40,2716.00,2620.25,2682.85,2620.60,8776,23572941.00,1133
BSE,ENERGYDEV,INE306C01019,B,16.50,16.67,16.41,16.48,16.67,17230,284561.00,88
BSE,ENERGYINF,INE05KD23015,IF,80.00,80.30,79.90,80.00,79.75,275000,22028750.00,11
BSE,ENGINERSIN,INE510A01028,A,251.60,262.00,251.05,258.40,250.20,420024,108430866.00,3865
BSE,ENIL,INE265F01028,B,114.50,114.50,110.20,110.60,111.15,782,86890.00,19
BSE,ENKEIWHEL,INE130L01014,X,418.90,418.90,399.00,400.10,400.10,1345,538180.00,71
BSE,ENRIN,INE1NPP01017,B,3879.60,3896.70,3780.00,3857.75,3833.85,24356,93392936.00,2445
BSE,ENTERO,INE010601016,B,1092.30,1103.20,1086.85,1094.10,1091.85,3986,4365045.00,194
BSE,ENTRINT,INE439G01019,X,22.38,23.49,22.38,22.38,23.55,630,14100.00,26
BSE,ENVAIREL,INE601C01013,XT,91.80,92.25,91.80,91.80,93.65,931,85474.00,7
BSE,EPACK,INE0G5901015,A,237.95,269.70,237.90,253.30,229.90,1037235,269484740.00,13484
BSE,EPACKPEB,INE0MLS01022,B,266.95,272.10,264.05,267.80,269.30,67664,18122910.00,1286
BSE,EPBIO,INE0D2I01014,M,95.00,102.00,95.00,102.00,105.35,2000,199500.00,3
BSE,EPIC,INE932F01015,X,36.50,38.00,35.61,36.52,36.60,4827,175637.00,59
BSE,EPIGRAL,INE071N01016,A,1136.25,1144.05,1123.00,1131.10,1128.00,2569,2910775.00,277
BSE,EPL,INE255A01020,A,228.95,236.35,228.65,234.55,230.00,24996,5806974.00,662
BSE,EPUJA,INE807D01030,X,1.29,1.31,1.23,1.24,1.29,302101,378459.00,165
BSE,EQUILATERA,INE060N01019,X,21.94,21.94,20.90,20.90,20.90,93,1987.00,8
BSE,EQUIPPP,INE217G01035,T,23.07,23.08,20.92,21.74,22.00,214273,4681182.00,38
BSE,EQUITASBNK,INE063P01018,A,77.49,78.00,76.48,76.56,77.12,54241,4193718.00,427
BSE,ERIS,INE406M01024,A,1455.70,1455.75,1431.40,1433.75,1446.05,860,1236565.00,145
BSE,ESABINDIA,INE284A01012,A,5816.85,5869.35,5742.55,5766.15,5840.00,562,3250211.00,321
BSE,ESAFSFB,INE818W01011,B,36.40,36.96,34.55,35.29,36.36,186109,6660258.00,967
BSE,ESARIND,INE404L01039,X,12.75,12.75,12.50,12.75,12.50,6904,87727.00,46
BSE,ESCORP,INE953W01016,B,104.50,104.95,100.00,104.95,104.00,38,3912.00,4
BSE,ESCORTS,INE042A01014,A,2830.00,2960.00,2830.00,2951.35,2828.45,19700,57322982.00,2024
BSE,ESHAMEDIA,INE328F01016,XT,23.10,23.10,21.51,21.75,22.00,17102,389687.00,21
BSE,ESPIRE,INE176O01011,X,182.90,183.00,178.10,181.40,183.80,1793,326486.00,36
BSE,ESSARSHPNG,INE122M01019,B,23.69,24.60,23.69,24.03,24.30,16996,407508.00,180
BSE,ESSENTIA,INE418N01035,T,1.42,1.42,1.40,1.41,1.41,28147,39791.00,68
BSE,ESSEX,INE1IBY01019,MT,42.75,43.39,39.54,43.32,41.62,90000,3702200.00,27
BSE,ESTER,INE778B01029,B,93.10,93.38,91.61,91.67,92.94,3514,325755.00,86
BSE,ETERNAL,INE758T01015,A,265.85,267.35,262.80,263.70,264.20,3149625,835864117.00,10783
BSE,ETHOSLTD,INE04TZ01018,A,2377.05,2527.65,2372.95,2452.15,2386.55,2095,5194348.00,382
BSE,ETIL,INE937K01014,X,7.46,7.70,7.45,7.45,7.49,5249,39291.00,30
BSE,EUPHORIAIT,INE0PYT01018,M,31.00,32.00,31.00,32.00,34.50,2400,75600.00,2
BSE,EUREKAFORB,INE0KCE01017,A,469.45,478.05,467.60,475.25,469.65,15342,7265854.00,578
BSE,EUREKAI,INE958A01011,XT,12.43,12.43,12.43,12.43,12.19,3427,42597.00,14
BSE,EUROBOND,INE505V01016,B,178.40,178.40,173.70,174.70,178.40,800,140301.00,25
BSE,EUROLED,INE940E01011,X,16.01,17.69,15.99,16.62,17.23,6618,109788.00,89
BSE,EUROPRATIK,INE198501012,B,278.70,287.00,275.05,278.70,279.00,6412,1794470.00,197
BSE,EUROTEXIND,INE022C01012,T,18.18,18.18,18.18,18.18,19.08,136,2472.00,2
BSE,EVANS,INE06TD01010,M,69.00,69.05,69.00,69.00,69.00,5000,345100.00,5
BSE,EVEREADY,INE128A01029,B,370.95,370.95,364.30,365.25,368.95,9401,3443048.00,307
BSE,EVERESTIND,INE295A01018,B,385.50,404.00,382.45,395.20,379.05,2745,1074225.00,215
BSE,EVERESTO,INE334C01029,X,270.35,276.05,270.35,274.25,270.35,1781,488481.00,19
BSE,EVEXIA,INE313M01030,XT,1.65,1.74,1.61,1.64,1.66,4193965,7034016.00,953
BSE,EVOQ,INE0JVD01011,MT,2.60,2.67,2.55,2.62,2.55,84000,220080.00,20
BSE,EXATO,INE1E4401010,M,374.00,382.95,373.05,379.50,376.15,8500,3206625.00,15
BSE,EXCELINDUS,INE369A01029,B,915.00,932.20,896.40,919.20,931.15,1908,1737962.00,208
BSE,EXCELSOFT,INE606N01019,B,78.90,81.15,78.42,80.63,78.53,37610,3025846.00,466
BSE,EXHICON,INE0O8901016,M,448.20,453.00,441.00,447.80,448.20,11500,5157375.00,35
BSE,EXICOM,INE777F01014,B,173.90,183.00,173.55,176.25,172.65,430790,76618095.00,3361
BSE,EXIDEIND,INE302A01020,A,380.75,385.70,380.55,381.25,380.50,50166,19179483.00,1350
BSE,EXPLEOSOL,INE201K01015,B,818.15,829.05,818.15,825.00,810.00,462,379730.00,45
BSE,EXPOEAPL,INE561D01025,X,61.00,61.00,56.30,57.78,58.65,5105,302121.00,76
BSE,EXXARO,INE0GFE01026,B,6.63,7.04,6.63,6.86,6.76,123990,854401.00,197
BSE,EY,INE750G01019,XT,706.35,706.35,706.35,706.35,743.50,198,139857.00,11
BSE,FAALCON,INE0Q9W01015,M,34.00,34.00,33.00,33.00,34.65,12000,398240.00,6
BSE,FABCLEAN,INE0HSD01011,MT,405.00,420.00,403.75,417.75,411.25,4000,1645800.00,9
BSE,FABTECH,INE0HF201011,B,154.75,160.50,154.75,157.05,155.85,13794,2177345.00,2331
BSE,FACORALL,INE828G01013,XT,3.68,3.75,3.50,3.60,3.65,170485,616911.00,278
BSE,FACT,INE188A01015,B,895.35,931.80,869.70,907.80,884.80,83663,75909674.00,4104
BSE,FAIRCHEMOR,INE0DNW01011,B,596.75,635.00,596.75,624.80,609.85,1173,732929.00,318
BSE,FAMILYCARE,INE146N01016,X,3.02,3.10,2.98,3.03,3.05,107483,324770.00,267
BSE,FAZE3Q,INE963C01033,B,603.00,617.90,579.15,590.65,598.35,2584,1534672.00,221
BSE,FCL,INE045J01034,B,44.17,45.65,43.56,45.35,43.51,1158169,51823685.00,2897
BSE,FCONSUMER,INE220J01025,Z,0.32,0.34,0.32,0.32,0.33,1608306,518017.00,158
BSE,FCSSOFT,INE512B01022,T,1.53,1.53,1.53,1.53,1.50,104822,160377.00,29
BSE,FDC,INE258B01022,B,392.35,406.00,390.40,403.15,389.35,23781,9528206.00,836
BSE,FEDDERSHOL,INE417D01020,B,39.65,40.64,39.20,39.96,38.87,29777,1189648.00,273
BSE,FEDERALBNK,INE171A01029,A,324.90,324.90,321.80,323.35,323.90,60598,19573502.00,1624
BSE,FEDFINA,INE007N01010,B,152.20,157.35,152.20,153.90,154.45,3521564,543270187.00,7561
BSE,FEL,INE623B01027,Z,0.49,0.49,0.49,0.49,0.49,16822,8242.00,20
BSE,FERMENTA,INE225B01021,B,335.45,344.85,335.45,341.80,338.20,5503,1872459.00,356
BSE,FERVENTSYN,INE258M01011,X,13.76,14.37,13.63,14.26,13.77,5237,74590.00,22
BSE,FGP,INE512A01016,X,11.69,11.94,11.60,11.93,11.40,2342,27279.00,21
BSE,FIBERWEB,INE296C01020,B,30.58,30.58,29.30,30.00,29.98,2510,74393.00,29
BSE,FIEMIND,INE737H01014,B,2273.20,2320.00,2273.20,2311.90,2287.95,1435,3304594.00,238
BSE,FIL,INE1W3Q01011,M,212.00,215.90,212.00,215.75,218.30,4800,1032870.00,6
BSE,FILATEX,INE816B01035,B,55.17,55.79,54.29,55.05,54.88,85874,4722284.00,505
BSE,FILATFASH,INE185E01021,T,0.20,0.21,0.20,0.21,0.21,2959824,607695.00,333
BSE,FILME,INE600B01033,XT,2.30,2.31,2.30,2.31,2.27,15983,36920.00,7
BSE,FILTRA,INE541R01019,M,50.13,53.11,50.13,53.04,57.00,12000,623300.00,4
BSE,FINCABLES,INE235A01022,A,1174.55,1204.15,1162.80,1191.90,1163.60,73430,87246835.00,5808
BSE,FINELINE,INE087E01011,X,50.93,52.90,49.50,52.29,50.93,3045,155762.00,52
BSE,FINEORG,INE686Y01026,A,5275.30,5390.00,5188.10,5206.60,5268.30,1684,8955491.00,378
BSE,FINKURVE,INE734I01027,B,69.04,70.92,66.06,70.83,69.46,16053,1126593.00,82
BSE,FINOPB,INE02NC01014,B,158.65,158.65,151.05,155.55,156.05,21997,3395605.00,280
BSE,FINPIPE,INE183A01024,A,177.15,180.50,176.30,179.00,175.45,56240,10046309.00,764
BSE,FIRSTCRY,INE02RE01045,A,217.10,222.50,215.00,221.35,215.85,189794,41634121.00,2133
BSE,FIRSTFIN,INE683B01047,X,9.19,9.20,8.35,8.77,8.78,8701,78668.00,58
BSE,FISCHER,INE771F01041,B,32.65,36.24,32.65,35.13,36.00,43714,1543394.00,812
BSE,FIVESTAR,INE128S01021,A,521.95,521.95,498.00,503.60,516.35,40686,20660304.00,1666
BSE,FLAIR,INE00Y201027,B,276.10,286.05,276.10,281.60,279.40,10389,2940850.00,242
BSE,FLEXFO,INE954B01018,X,43.50,48.41,43.50,48.41,44.01,15566,727690.00,131
BSE,FLEXITUFF,INE060J01017,T,6.82,6.83,6.65,6.66,6.80,1244,8387.00,9
BSE,FLFL,INE452O01016,Z,1.39,1.41,1.38,1.41,1.36,770,1077.00,12
BSE,FLOMIC,INE952M01019,X,49.00,54.70,49.00,54.38,52.96,1108,59900.00,35
BSE,FLORACORP,INE318U01016,X,7.15,7.15,7.13,7.13,7.50,14617,104219.00,17
BSE,FLUIDOM,INE459C01016,X,833.00,838.80,822.00,830.70,818.50,4813,4009317.00,242
BSE,FLUOROCHEM,INE09N301011,A,3852.30,3900.00,3792.05,3853.15,3852.30,7291,28094679.00,1081
BSE,FMEC,INE108T01021,XT,13.36,14.40,13.36,13.50,14.06,399130,5362218.00,546
BSE,FMGOETZE,INE529A01010,B,459.90,476.50,454.85,473.05,453.30,8038,3765129.00,412
BSE,FMNL,INE360L01017,T,10.40,10.75,10.26,10.75,10.79,5200,54856.00,30
BSE,FOODSIN,INE976E01023,B,57.15,57.56,55.50,55.51,55.92,4120,232716.00,109
BSE,FORBESCO,INE518A01013,X,317.75,319.00,317.75,319.00,317.75,1323,421872.00,22
BSE,FORCEMOT,INE451A01017,A,18600.00,18968.00,18454.45,18517.30,18674.00,8977,167466033.00,2496
BSE,FORINTL,INE501D01013,X,72.51,79.99,72.51,77.50,77.50,110,8532.00,4
BSE,FORTIS,INE061F01013,A,962.95,980.65,960.45,975.30,962.95,39323,38220668.00,1708
BSE,FORTISMLR,INE842B01015,X,54.90,54.90,52.39,52.86,52.22,10599,560457.00,155
BSE,FOSECOC,INE599F01020,X,1220.00,1319.70,1215.00,1319.70,1199.75,30481,37493137.00,274
BSE,FOSECOIND,INE519A01011,B,5242.20,5409.80,5139.50,5233.00,5271.15,251,1323170.00,115
BSE,FRACTAL,INE212S01015,B,970.40,990.00,954.00,960.10,963.65,31261,30191965.00,1493
BSE,FRANKLININD,INE789R01022,XT,0.39,0.40,0.39,0.39,0.39,693743,273337.00,450
BSE,FRASER,INE184Q01010,XT,10.30,10.30,9.43,9.88,9.92,7836,75329.00,35
BSE,FRATELLI,INE401Z01019,X,105.65,108.90,98.01,101.44,105.51,42892,4414874.00,206
BSE,FREDUN,INE194R01017,X,2619.70,2682.00,2553.00,2577.45,2619.70,7897,20594524.00,867
BSE,FRONTCAP,INE977E01013,X,8.74,9.00,8.74,9.00,8.19,153975,1373437.00,85
BSE,FRONTCORP,INE092D01013,X,35.98,35.98,35.30,35.30,35.98,6,212.00,5
BSE,FRONTFN,INE776R01011,XT,19.35,19.35,19.35,19.35,18.98,2,38.00,1
BSE,FRONTSP,INE572D01014,B,1426.50,1459.65,1426.50,1450.55,1418.90,6233,9025813.00,670
BSE,FRUTION,INE836C01015,X,27.15,27.15,27.15,27.15,28.50,505,13710.00,3
BSE,FSL,INE684F01012,A,246.65,247.50,242.00,244.10,244.65,44036,10758469.00,1124
BSE,FUNDVISER,INE365H01014,XT,331.00,345.00,330.60,337.30,348.00,1125,378899.00,29
BSE,FUSION,INE139R01012,B,180.65,183.50,177.70,178.10,179.25,12468,2239244.00,377
BSE,FUTSOL,INE241F01011,X,48.00,48.00,48.00,48.00,48.00,5,240.00,1
BSE,FYNX,INE455H01021,X,4.69,4.72,4.41,4.60,4.60,15722,70996.00,55
BSE,GABRIEL,INE524A01029,A,1214.95,1247.00,1209.80,1242.20,1194.05,93224,114934825.00,3043
BSE,GAEL,INE036B01030,B,162.45,162.45,159.20,160.85,159.80,25884,4155033.00,328
BSE,GAGAN,INE076D01016,XT,20.58,21.90,20.05,21.43,21.00,3457,72306.00,43
BSE,GAIL,INE129A01019,A,175.30,178.40,174.15,177.30,173.85,234831,41497787.00,3110
BSE,GAJANANSEC,INE868G01019,X,56.90,58.89,55.50,56.19,56.39,1954,109604.00,78
BSE,GALACTICO,INE906Y01028,B,2.09,2.10,2.04,2.09,2.11,83337,172838.00,195
BSE,GALADA,INE255C01026,XT,10.33,10.33,10.33,10.33,10.13,1870,19317.00,6
BSE,GALADAFIN,INE243E01010,XT,24.68,24.75,24.68,24.75,24.61,11,272.00,2
BSE,GALAGEX,INE803L01016,X,62.00,62.00,58.70,61.90,62.68,37913,2346761.00,14
BSE,GALAPREC,INE0RE001014,B,1080.00,1198.60,1080.00,1171.65,1062.75,38233,43999181.00,2483
BSE,GALAXYSURF,INE600K01018,A,1952.85,1970.00,1932.60,1955.25,1943.70,605,1182581.00,114
BSE,GALLANTT,INE297H01019,B,700.25,749.15,700.25,741.60,713.50,50715,37531017.00,1540
BSE,GALLARD,INE0BUQ01012,M,141.20,154.00,140.00,151.30,144.45,23000,3388700.00,21
BSE,GALLOPENT,INE755J01012,XT,25.55,25.65,25.55,25.65,25.65,5,127.00,3
BSE,GALXBRG,INE020S01012,X,597.00,613.85,581.20,605.30,585.95,1876,1124075.00,107
BSE,GAMCO,INE890S01026,X,46.93,50.45,46.93,50.01,47.89,198477,9837611.00,260
BSE,GANDHAR,INE717W01049,B,180.55,182.60,174.45,175.35,180.30,78178,13875760.00,987
BSE,GANDHITUBE,INE524B01027,B,855.00,860.00,852.00,856.75,852.05,169,144861.00,22
BSE,GANECOS,INE845D01014,A,926.95,929.00,914.00,924.45,927.55,3114,2863896.00,275
BSE,GANESHBE,INE388A01029,B,107.68,110.20,105.76,108.87,107.16,38775,4205140.00,666
BSE,GANESHCP,INE652V01016,B,198.80,204.40,198.15,200.95,198.85,6071,1222802.00,162
BSE,GANESHHOU,INE460C01014,A,768.00,785.40,768.00,779.40,766.75,1081,839055.00,90
BSE,GANGESSECU,INE335W01016,B,127.50,127.50,118.30,121.85,121.35,1291,158329.00,112
BSE,GANHOLD,INE932M01011,XT,101.00,101.00,100.70,100.70,106.00,1025,103220.00,4
BSE,GANONPRO,INE162L01017,X,13.50,14.39,13.50,14.15,14.31,93562,1314662.00,63
BSE,GANVERSE,INE369Q01017,M,30.40,33.06,30.40,33.01,30.06,62500,1996850.00,41
BSE,GARBIFIN,INE721C01019,X,10.00,10.37,9.76,10.22,10.04,2735,27197.00,27
BSE,GARFIBRES,INE276A01018,A,796.85,798.55,767.65,775.35,795.95,26062,20404512.00,1337
BSE,GARGFUR,INE194E01015,X,115.90,116.95,114.95,116.75,114.95,1855,215047.00,28
BSE,GARGI,INE0NT601018,M,857.00,875.00,847.50,851.30,856.10,6250,5409068.00,39
BSE,GARMNTMNTR,INE653S01028,X,1.16,1.21,1.16,1.18,1.16,655739,777823.00,219
BSE,GARNET,INE797D01017,X,71.00,71.00,67.93,70.54,67.93,11044,772000.00,112
BSE,GARNETINT,INE590B01010,X,70.00,70.50,69.50,70.33,69.40,5679,399119.00,36
BSE,GARUDA,INE0JVO01026,B,171.25,172.55,169.00,170.85,169.75,16770,2865905.00,252
BSE,GARWAMAR,INE925D01014,X,21.60,23.45,21.30,22.79,21.96,11761,267045.00,128
BSE,GARWAOFFS,INE446C01013,X,58.49,59.85,57.06,59.55,57.63,25165,1483899.00,142
BSE,GARWSYN,INE340D01016,X,16.56,18.09,16.41,18.09,17.23,4489,81007.00,15
BSE,GATECH,INE224E01028,B,0.51,0.53,0.51,0.51,0.52,549072,282234.00,189
BSE,GATECHDVR,INE224E01036,B,0.46,0.47,0.46,0.47,0.48,44797,20763.00,48
BSE,GATEWAY,INE079J01017,B,61.00,62.82,61.00,62.59,60.87,70024,4345833.00,650
BSE,GAUDIUMIVF,INE0P8B01020,T,110.85,110.85,110.85,110.85,108.70,1328,147208.00,10
BSE,GAYAHWS,INE287Z01012,B,2.25,2.26,2.21,2.22,2.22,20484,45588.00,100
BSE,GAYAPROJ,INE336H01023,T,23.39,24.39,23.31,24.00,23.23,54994,1323780.00,215
BSE,GAYATRI,INE622E01023,X,8.67,8.67,8.06,8.24,8.55,72849,607159.00,198
BSE,GAYATRIBI,INE052E01015,X,8.29,8.29,7.71,7.87,7.90,40614,321752.00,72
BSE,GBFL,INE997C01015,XT,10.49,10.70,10.00,10.58,10.31,8353,87128.00,67
BSE,GBLINFRA,INE377M01043,XT,50.13,50.13,50.13,50.13,49.15,2107,105623.00,16
BSE,GBLOGISTIC,INE0RWU01016,M,33.92,33.92,32.01,32.06,33.92,9600,311928.00,8
BSE,GCMSECU,INE168O01026,B,0.68,0.68,0.66,0.68,0.68,41517,27723.00,99
BSE,GCONNECT,INE0QHY01011,M,13.50,14.25,13.50,13.90,13.50,21000,293025.00,6
BSE,GCSL,INE199P01028,B,442.00,442.35,422.15,431.65,438.70,4841,2075161.00,139
BSE,GDLLEAS,INE545E01018,XT,81.49,81.49,73.73,81.49,77.61,686,55434.00,14
BSE,GEE,INE064H01021,X,90.13,90.13,86.32,86.79,87.43,39187,3448545.00,190
BSE,GEECEE,INE916G01016,B,351.00,359.95,347.50,350.00,356.60,983,345893.00,75
BSE,GEETANJ,INE263R01010,XT,7.37,7.37,7.37,7.37,7.37,3893,28691.00,5
BSE,GEL,INE721X01023,M,30.90,31.75,29.00,31.75,28.90,306000,9568650.00,71
BSE,GEMAROMA,INE06XZ01023,B,174.00,186.00,174.00,180.75,178.00,26901,4880083.00,459
BSE,GEMENVIRO,INE0RUJ01013,M,40.00,40.00,39.61,39.61,39.55,2400,95688.00,3
BSE,GEMSI,INE503D01027,X,1.59,1.70,1.59,1.61,1.60,106588,176437.00,179
BSE,GENCON,INE854S01022,B,39.89,42.00,39.76,41.16,38.04,14423,591668.00,2647
BSE,GENESYS,INE727B01026,B,368.00,376.10,354.85,357.55,352.25,48930,17870986.00,1392
BSE,GENNEX,INE509C01026,X,10.50,12.50,10.50,10.89,10.49,1402484,15884410.00,971
BSE,GENPHARMA,INE861N01036,X,1.16,1.17,1.11,1.12,1.14,340557,386043.00,241
BSE,GENSOL,INE06H201014,Z,22.24,22.24,22.24,22.24,23.41,13952,310292.00,202
BSE,GENUSPAPER,INE949P01018,B,12.35,13.20,12.35,12.60,12.79,6778,87253.00,38
BSE,GENUSPOWER,INE955D01029,A,331.05,331.05,321.05,323.10,324.60,52513,16989819.00,1307
BSE,GENUSPRIME,INE256D01014,XT,32.37,32.37,30.00,32.34,30.83,18432,591550.00,88
BSE,GEOJITFSL,INE007B01023,B,77.68,80.50,77.68,78.92,78.50,38784,3083093.00,585
BSE,GESHIP,INE017A01032,A,1440.05,1479.45,1430.00,1473.15,1437.85,52080,75849906.00,2721
BSE,GETALONG,INE0H1201020,MT,8.10,8.10,8.10,8.10,8.00,320000,2592000.00,1
BSE,GFLLIMITED,INE538A01037,B,46.95,47.89,46.69,47.71,46.95,2397,113712.00,103
BSE,GGAUTO,INE493B01017,X,151.00,156.90,147.85,154.45,151.55,12389,1885155.00,262
BSE,GGDPROP,INE631D01026,X,62.51,69.99,62.51,64.53,66.40,7469,476449.00,41
BSE,GGL,INE063Z01017,X,3.17,3.27,3.17,3.22,3.16,13185,42428.00,53
BSE,GGPL,INE480S01026,Z,1.56,1.60,1.56,1.60,1.53,26290,42048.00,38
BSE,GHCL,INE539A01019,A,437.05,443.65,435.50,438.05,435.40,20841,9158030.00,364
BSE,GHCLTEXTIL,INE0PA801013,B,93.56,96.49,93.56,94.94,95.43,12595,1203630.00,167
BSE,GHVINFRA,INE809Q01020,X,216.55,222.00,215.35,217.75,219.45,25937,5671112.00,298
BSE,GIANLIFE,INE063601012,Z,5.10,5.16,4.75,4.99,5.00,11260,55166.00,53
BSE,GICHSGFIN,INE289B01019,B,165.50,167.35,164.05,166.10,163.35,27366,4556204.00,485
BSE,GICRE,INE481Y01014,A,370.55,374.15,368.00,369.20,368.75,136520,50568196.00,1940
BSE,GILADAFINS,INE918C01029,X,13.61,16.15,13.61,14.49,13.96,34645,512144.00,79
BSE,GILLANDERS,INE047B01011,B,88.91,90.99,88.90,90.99,90.99,197,17526.00,7
BSE,GILLETTE,INE322A01010,A,7868.90,7907.50,7816.00,7842.60,7825.30,421,3303877.00,150
BSE,GINISILK,INE548B01018,X,53.60,57.80,53.30,56.20,56.95,1208,66240.00,20
BSE,GINNIFILA,INE424C01010,B,43.12,44.63,42.60,43.00,43.98,5238,228052.00,124
BSE,GIPCL,INE162A01010,B,160.50,166.60,160.50,163.95,161.60,29881,4915539.00,709
BSE,GITARENEW,INE776O01018,X,76.73,81.00,73.16,76.55,76.73,3354,259079.00,86
BSE,GKB,INE265D01015,X,63.44,63.44,61.60,61.60,63.44,3116,192234.00,24
BSE,GKCONS,INE131D01019,X,13.50,15.75,12.01,12.63,13.91,431,5664.00,17
BSE,GKENERGY,INE1AG301022,B,152.90,153.00,148.60,149.30,151.30,51301,7719366.00,808
BSE,GKL,INE986W01016,X,37.28,39.00,36.57,37.55,37.46,34080,1266759.00,67
BSE,GKP,INE05QJ01015,B,6.01,6.18,6.01,6.11,6.06,8122,49583.00,38
BSE,GKSL,INE0V0W01025,B,130.50,130.95,128.05,128.90,128.45,9328,1203563.00,275
BSE,GLANCE,INE580D01017,X,160.00,160.00,160.00,160.00,154.85,15,2400.00,3
BSE,GLAND,INE068V01023,A,2195.50,2222.05,2181.90,2185.15,2198.00,67126,147575657.00,1187
BSE,GLAXO,INE159A01016,A,2363.00,2376.50,2320.70,2365.55,2332.85,13190,30964455.00,1363
BSE,GLCL,INE804Q01013,XT,22.45,22.49,21.10,21.60,21.53,19259,417570.00,98
BSE,GLEN,INE0UMC01019,M,70.70,74.30,70.50,74.00,70.42,110400,8015916.00,59
BSE,GLENMARK,INE935A01035,A,2213.00,2215.40,2173.45,2189.55,2214.05,18540,40580055.00,2486
BSE,GLFL,INE540A01017,T,7.40,7.41,6.71,7.23,7.06,845,6151.00,13
BSE,GLITTEKG,INE741B01027,XT,40.52,40.52,40.52,40.52,41.34,1424,57700.00,11
BSE,GLOBALCA,INE062C01042,X,0.50,0.51,0.49,0.49,0.50,233893,115637.00,151
BSE,GLOBALVECT,INE792H01019,B,158.05,165.00,158.05,161.10,157.10,367,59771.00,23
BSE,GLOBECIVIL,INE0V3U01015,T,42.80,45.45,42.80,44.06,44.49,6230,277769.00,28
BSE,GLOBTIER,INE12P601017,MT,21.62,21.62,21.62,21.62,22.75,3200,69184.00,2
BSE,GLOBUSCON,INE064L01015,X,13.34,13.58,13.09,13.13,13.34,5449,72314.00,69
BSE,GLOBUSSPR,INE615I01010,B,886.75,901.60,884.00,898.25,891.20,7161,6407944.00,440
BSE,GLOSTERLTD,INE350Z01018,B,707.90,722.00,706.00,713.05,701.95,1773,1265142.00,191
BSE,GLOTTIS,INE0TQE01026,T,66.00,68.79,66.00,66.53,67.39,11259,758555.00,98
BSE,GLPL,INE1CLW01015,M,42.30,43.99,42.27,43.11,42.98,129000,5564130.00,26
BSE,GMBREW,INE075D01018,B,935.65,935.65,915.55,918.15,920.20,2276,2099218.00,153
BSE,GMDCLTD,INE131A01031,A,611.60,623.00,608.00,614.90,613.90,87687,54169975.00,2811
BSE,GMMPFAUDLR,INE541A01023,A,805.75,829.75,805.75,823.40,806.45,4002,3300999.00,271
BSE,GMPL,INE0E2801015,M,74.75,74.75,70.00,70.00,74.75,2800,203875.00,4
BSE,GMRAIRPORT,INE776C01039,A,109.10,109.50,107.55,108.15,108.85,381287,41233153.00,3937
BSE,GMRP&UI,INE0CU601026,A,101.40,102.80,101.05,101.65,100.55,47674,4851900.00,447
BSE,GNA,INE934S01014,B,413.05,432.85,413.05,421.35,413.85,63003,26690014.00,1168
BSE,GNFC,INE113A01013,A,570.00,616.00,568.00,581.30,567.30,136378,81059723.00,12731
BSE,GNRL,INE207H01018,B,84.80,87.88,83.90,86.03,85.42,26532,2273611.00,1102
BSE,GOACARBON,INE426D01013,B,418.85,420.95,412.50,416.75,416.15,613,255550.00,134
BSE,GOBLIN,INE492Z01018,MT,9.20,9.25,9.00,9.00,9.00,6000,54900.00,3
BSE,GOCLCORP,INE077F01035,B,447.15,460.00,436.00,446.40,436.45,21880,9809996.00,1003
BSE,GOCOLORS,INE0BJS01011,B,360.65,374.70,357.05,361.85,354.50,110521,40330741.00,1897
BSE,GODAVARI,INE362C01012,XT,119.10,121.50,119.10,121.50,119.05,608,73322.00,16
BSE,GODAVARIB,INE497S01012,B,295.00,304.45,294.00,294.45,294.20,21349,6389893.00,639
BSE,GODFRYPHLP,INE260B01028,A,2289.65,2297.60,2273.55,2286.55,2281.25,29406,67222728.00,2320
BSE,GODIGIT,INE03JT01014,A,308.40,322.50,307.35,319.00,305.70,70063,22282031.00,2538
BSE,GODREJAGRO,INE850D01014,A,572.05,582.95,572.05,576.65,575.10,14904,8621309.00,1210
BSE,GODREJCP,INE102D01028,A,1003.00,1021.55,1003.00,1019.10,1000.40,15841,16013407.00,813
BSE,GODREJIND,INE233A01035,A,1112.20,1135.00,1104.00,1115.65,1112.20,7874,8823459.00,474
BSE,GODREJPROP,INE484J01027,A,1798.00,1818.00,1792.00,1798.70,1794.40,160000,289550056.00,843
BSE,GOEL,INE0K6L01010,MT,12.94,12.94,12.94,12.94,12.94,2000,25880.00,1
BSE,GOELCONS,INE0ZOM01013,MT,405.00,413.00,400.10,403.00,405.00,7200,2927040.00,18
BSE,GOKAKTEX,INE642I01014,X,74.40,74.40,70.52,73.24,74.22,5593,405283.00,98
BSE,GOKEX,INE887G01027,A,819.00,828.00,801.10,818.95,816.90,50515,41253735.00,1819
BSE,GOKUL,INE020J01029,B,40.20,45.50,40.20,44.02,41.57,19045,840771.00,380
BSE,GOKULAGRO,INE314T01033,B,225.05,225.05,217.75,220.45,221.65,11881,2618582.00,326
BSE,GOLCA,INE595D01015,XT,12.55,12.55,12.55,12.55,12.50,24,301.00,3
BSE,GOLDENCREST,INE222U01010,X,373.50,373.50,373.50,373.50,373.50,3,1120.00,2
BSE,GOLDENTOBC,INE973A01010,Z,25.00,25.99,25.00,25.99,25.99,466,11940.00,10
BSE,GOLDIAM,INE025B01025,A,477.45,480.70,464.50,470.05,473.85,41861,19758312.00,926
BSE,GOLDLEG,INE088E01019,X,9.70,9.70,8.67,9.39,9.06,23502,223234.00,105
BSE,GOLDTECH,INE805A01014,B,48.99,48.99,43.20,44.70,42.80,6740,296342.00,165
BSE,GOLECHA,INE427D01011,XT,30.81,30.81,30.81,30.81,30.81,1167,35955.00,6
BSE,GOLKUNDIA,INE798D01015,X,272.95,279.70,265.45,271.05,268.35,2597,708647.00,74
BSE,GOODLUCK,INE127I01024,B,1460.55,1516.40,1450.25,1482.55,1419.60,32160,47825446.00,1926
BSE,GOODRICKE,INE300A01016,X,181.35,181.35,177.05,179.90,176.45,2842,508119.00,81
BSE,GOODYEAR,INE533A01012,B,733.30,778.90,733.30,762.85,749.50,1168,892299.00,200
BSE,GOPAL,INE0L9R01028,B,312.00,312.00,283.00,285.10,283.70,10283,2960297.00,176
BSE,GORANIN,INE792J01015,XT,48.45,48.45,46.26,46.26,48.69,1323,61672.00,17
BSE,GOURMET,INE512D01028,XT,13.65,14.30,13.65,13.83,14.16,11671,165268.00,53
BSE,GOWRALE,INE225G01012,X,127.01,143.00,127.01,139.27,134.96,39729,5468135.00,404
BSE,GOYALALUM,INE705X01026,B,6.91,7.30,6.91,7.02,7.05,22184,157450.00,124
BSE,GOYALASS,INE912B01032,X,1.04,1.04,1.01,1.01,0.90,433123,444541.00,66
BSE,GPAPL,INE0SIK01014,M,75.90,83.90,75.90,83.90,74.40,24000,1954400.00,3
BSE,GPIL,INE177H01039,A,269.10,278.35,268.00,277.15,269.10,113551,31191307.00,1906
BSE,GPPL,INE517F01014,A,153.80,158.60,153.80,156.50,153.20,179011,28015618.00,2044
BSE,GPSL,INE0QZF01012,M,119.25,119.25,119.25,119.25,113.60,16200,1931850.00,16
BSE,GPTHEALTH,INE486R01017,B,149.60,152.00,148.00,150.35,147.35,15319,2294354.00,269
BSE,GPTINFRA,INE390G01014,B,123.85,140.00,123.50,135.30,121.05,153484,20706007.00,2280
BSE,GRANDMA,INE927M01029,X,0.40,0.40,0.38,0.38,0.40,180680,69423.00,40
BSE,GRANDOAK,INE926B01016,B,52.96,52.96,52.96,52.96,50.44,264,13981.00,5
BSE,GRANULES,INE101D01020,A,790.00,796.00,775.40,778.50,785.85,13387,10470073.00,743
BSE,GRAPHITE,INE371A01025,A,636.95,643.45,628.00,638.15,639.10,38501,24439294.00,1219
BSE,GRASIM,INE047A01021,A,3149.55,3180.00,3130.75,3175.95,3155.40,8360,26441365.00,1257
BSE,GRATEXI,INE915E01013,X,26.00,26.00,25.90,25.90,25.80,7,181.00,3
BSE,GRAUWEIL,INE266D01021,B,77.60,77.60,75.53,76.27,76.49,37167,2827869.00,558
BSE,GRAVISSHO,INE214F01026,B,28.76,30.90,28.18,29.56,29.50,379,10795.00,17
BSE,GRAVITA,INE024L01027,A,1727.90,1783.25,1727.30,1743.90,1721.75,32641,57596122.00,2580
BSE,GRAVITY,INE995A01013,XT,10.95,10.95,10.34,10.72,10.88,26903,291344.00,122
BSE,GREAVESCOT,INE224A01026,A,198.65,218.00,197.70,212.50,198.45,424255,89666644.00,4982
BSE,GREENCREST,INE414C01045,X,0.53,0.55,0.51,0.52,0.53,65746,34617.00,117
BSE,GREENLAM,INE544R01021,B,250.85,257.50,250.85,255.35,251.45,2748,701575.00,123
BSE,GREENPANEL,INE08ZM01014,B,188.05,191.25,187.50,188.45,189.40,5192,982179.00,235
BSE,GREENPLY,INE461C01038,B,292.05,297.40,289.40,294.75,292.05,8481,2485928.00,197
BSE,GREENPOWER,INE999K01014,B,11.12,11.27,11.11,11.13,11.12,247263,2763936.00,470
BSE,GRERENEW,INE0U8P01015,MT,153.00,153.00,150.50,150.50,156.00,2400,364200.00,2
BSE,GRINDWELL,INE536A01023,A,2136.45,2150.20,2097.95,2110.15,2136.20,2301,4879001.00,403
BSE,GRINFRA,INE201P01022,A,890.10,963.15,890.10,953.80,895.15,5500,5142112.00,507
BSE,GRMOVER,INE192H01020,B,93.85,95.05,92.45,92.95,93.15,49238,4615845.00,345
BSE,GROARC,INE042B01012,X,6.22,6.62,6.00,6.07,6.22,27115,164621.00,50
BSE,GROVY,INE343C01012,X,58.99,58.99,48.36,53.85,51.40,5996,315926.00,83
BSE,GROWINGTON,INE451S01027,B,0.72,0.82,0.72,0.80,0.71,6965802,5469452.00,1224
BSE,GROWW,INE0HOQ01053,B,200.10,200.85,196.25,197.70,200.00,1806164,357853059.00,12734
BSE,GRPLTD,INE137I01015,B,1910.00,1920.00,1842.65,1920.00,1887.15,91,171329.00,31
BSE,GRSE,INE382Z01011,A,2880.55,2935.00,2845.00,2861.40,2797.30,170578,493100362.00,9199
BSE,GRWRHITECH,INE291A01017,A,6819.50,6995.50,6819.45,6973.60,6784.20,6778,46850835.00,1234
BSE,GSAUTO,INE736H01024,X,15.48,15.90,15.00,15.48,15.03,31863,494989.00,131
BSE,GSBFIN,INE777C01011,X,37.00,37.00,31.12,31.35,32.55,2621,83310.00,32
BSE,GSFC,INE026A01025,A,167.25,170.80,165.90,166.80,165.60,166584,28121547.00,1910
BSE,GSLSU,INE0JSX01015,B,48.99,48.99,43.68,43.86,46.94,21177,955189.00,598
BSE,GSLTD,INE403B01016,X,19.80,20.36,18.99,19.81,19.98,66066,1258209.00,66
BSE,GSPCROP,INE713R01022,B,444.85,444.85,433.00,434.30,436.65,5049,2199168.00,188
BSE,GSS,INE871H01011,T,13.49,13.49,12.94,13.19,13.00,1999,26352.00,14
BSE,GSTL,INE632W01016,XT,26.55,27.00,25.43,26.80,26.39,37780,1004729.00,85
BSE,GTEIT,INE634D01038,XT,8.57,9.47,8.57,9.15,9.02,91379,792380.00,63
BSE,GTIL,INE1H1501013,M,64.00,66.00,61.80,64.89,64.30,48000,3104864.00,30
BSE,GTL,INE043A01012,B,8.04,8.30,8.04,8.22,8.15,26979,222030.00,168
BSE,GTLINFRA,INE221H01019,B,1.51,1.57,1.50,1.51,1.53,9290314,14213820.00,12096
BSE,GTNINDS,INE537A01013,X,23.50,24.40,22.90,23.50,23.76,1083,25286.00,23
BSE,GTNTEX,INE302H01017,X,8.49,8.50,8.02,8.10,8.45,8018,67854.00,19
BSE,GTPL,INE869I01013,B,67.00,67.00,63.50,63.65,64.18,5401,349560.00,208
BSE,GTTDATA,INE959B01017,X,41.85,44.80,41.85,44.47,41.83,27313,1189209.00,140
BSE,GTV,INE910R01024,X,83.00,83.00,77.65,78.80,81.77,146456,11760203.00,494
BSE,GUFICBIO,INE742B01025,B,354.55,365.65,353.95,361.60,356.00,3591,1292118.00,210
BSE,GUJALKALI,INE186A01019,B,635.00,659.00,635.00,655.25,639.40,7586,4895850.00,449
BSE,GUJAPOLLO,INE826C01016,B,365.00,377.95,365.00,376.65,375.00,195,73215.00,30
BSE,GUJARATPOLY,INE541F01022,X,82.28,86.99,82.28,83.32,81.18,20422,1737465.00,283
BSE,GUJCONT,INE276I01011,P,160.00,160.00,160.00,160.00,166.45,100,16000.00,1
BSE,GUJCOTEX,INE004C01028,XT,3.23,3.55,3.23,3.52,3.39,4664377,15745767.00,1110
BSE,GUJCRAFT,INE372D01019,X,93.58,94.74,91.00,92.80,90.83,2729,252462.00,56
BSE,GUJCRED,INE034B01019,X,23.90,24.00,23.90,24.00,25.15,25744,617846.00,8
BSE,GUJGASLTD,INE844O01030,A,389.95,389.95,372.00,372.95,388.20,59305,22363442.00,2111
BSE,GUJHOTE,INE621C01011,X,192.05,192.05,184.95,187.20,191.90,6410,1191632.00,59
BSE,GUJINJEC,INE659F01014,XT,120.10,122.90,119.00,120.20,120.65,15126,1816554.00,100
BSE,GUJINTRX,INE877E01015,X,427.60,438.00,427.50,432.25,430.15,2250,973990.00,86
BSE,GUJINV,INE373D01017,X,18.91,18.91,18.91,18.91,19.90,393,7431.00,8
BSE,GUJJUBHAI,INE311N01016,X,131.00,131.00,124.10,128.95,127.65,10008,1282979.00,102
BSE,GUJRAFFIA,INE610B01024,B,43.22,44.40,43.22,43.60,42.31,332,14467.00,3
BSE,GUJSTATFIN,INE944A01011,B,11.88,11.95,10.50,10.95,11.21,47115,507967.00,160
BSE,GUJTERC,INE499G01013,X,35.00,35.25,33.71,34.05,34.12,671,23048.00,20
BSE,GUJTHEM,INE942C01045,B,382.90,412.00,378.45,402.70,383.15,17467,6998287.00,800
BSE,GUJTLRM,INE145J01032,B,0.54,0.56,0.54,0.55,0.55,3682769,2024040.00,903
BSE,GUJWIND,INE173V01013,X,7.64,7.64,7.64,7.64,8.01,572,4370.00,13
BSE,GULFOILLUB,INE635Q01029,B,1021.95,1045.45,1021.95,1035.05,1027.60,1949,2021703.00,250
BSE,GULFPETRO,INE586G01017,T,40.30,41.09,39.48,40.25,39.22,6106,246364.00,36
BSE,GULPOLY,INE255D01024,B,208.15,214.55,207.00,207.55,209.25,10829,2274000.00,259
BSE,GVBL,INE574D01010,X,33.44,33.44,33.43,33.44,31.85,4514,150947.00,14
BSE,GVFILM,INE395B01048,Z,0.29,0.30,0.29,0.29,0.30,2126998,619246.00,397
BSE,GVKPIL,INE251H01024,T,2.77,2.81,2.77,2.79,2.82,165571,463313.00,272
BSE,GVL,INE0S0701019,M,48.00,55.30,48.00,53.00,52.00,5000,259590.00,4
BSE,GVPIL,INE878A01011,B,1082.05,1084.00,1003.00,1022.05,1055.25,64220,66267154.00,2692
BSE,GVT&D,INE200A01026,A,5519.00,5544.10,5410.30,5494.45,5545.25,52673,287420946.00,8225
BSE,GYANDEV,INE487G01018,XT,47.51,47.51,47.51,47.51,47.51,20,950.00,4
BSE,GYFTR,INE724A01017,B,175.00,178.30,161.15,172.25,175.55,49149,8236070.00,742
BSE,HAL,INE066F01020,A,4449.40,4529.45,4386.10,4517.10,4408.05,37625,168063616.00,4455
BSE,HALDER,INE115S01010,B,243.70,247.45,236.10,238.80,242.50,4414,1066628.00,52
BSE,HALDYNGL,INE506D01020,B,130.10,134.00,127.00,127.65,130.50,42115,5522423.00,638
BSE,HALEOSLABS,INE320X01016,B,1326.05,1400.00,1326.00,1385.00,1478.00,45,61107.00,17
BSE,HAMPS,INE0QBD01018,MT,26.50,26.50,25.70,25.70,25.75,8000,208800.00,2
BSE,HAMPTON,INE299D01022,X,9.54,9.70,9.05,9.28,9.52,8122,76096.00,95
BSE,HANNAH,INE0JVH01012,MT,101.95,101.95,98.00,99.80,97.10,14000,1394500.00,6
BSE,HANSUGAR,INE101H01013,XT,4.00,4.00,3.85,3.98,3.92,9074,35729.00,46
BSE,HAPPSTMNDS,INE419U01012,A,350.05,350.75,348.00,348.35,345.25,19008,6635486.00,752
BSE,HAPPYFORGE,INE330T01021,B,1460.05,1564.05,1460.05,1554.10,1466.45,475403,713728880.00,2338
BSE,HARAFIN,INE737G01016,ZP,63.10,65.50,63.00,65.50,66.00,300,19160.00,3
BSE,HARCR,INE905C01034,XT,7.87,7.87,7.87,7.87,7.87,179,1408.00,24
BSE,HARDCAS,INE722D01015,X,860.00,874.00,844.30,860.00,846.75,331,284068.00,47
BSE,HARDWYN,INE626Z01029,B,25.46,25.85,24.88,25.28,25.20,536634,13462805.00,540
BSE,HARIAAPL,INE493N01012,X,5.21,5.55,5.21,5.55,5.70,39,209.00,4
BSE,HARIKANTA,INE1UYW01010,M,63.60,63.60,58.15,60.63,62.50,80400,4811220.00,61
BSE,HARIOMPIPE,INE00EV01017,B,427.50,448.00,419.90,421.35,416.65,112257,48852652.00,2012
BSE,HARISH,INE01K301012,X,66.00,67.00,64.05,67.00,66.00,226,14965.00,3
BSE,HARLETH,INE681F01018,X,63.00,68.00,63.00,67.68,64.54,1258,84095.00,28
BSE,HARRMALAYA,INE544A01019,B,211.00,214.75,211.00,212.00,210.30,534,113779.00,101
BSE,HARSHA,INE0JUS01029,B,435.80,438.90,433.75,436.90,430.55,2436,1061914.00,132
BSE,HARSHDEEP,INE0OLZ01015,M,85.99,88.00,85.99,87.30,84.12,4500,391935.00,3
BSE,HARSHILAGR,INE098E01026,XT,0.33,0.34,0.33,0.34,0.33,2826263,943400.00,616
BSE,HARYNACAP,INE928H01019,X,150.90,150.90,150.00,150.00,150.90,145,21831.00,8
BSE,HASTIFIN,INE671D01014,X,5.88,5.88,5.88,5.88,5.88,432,2540.00,2
BSE,HATHWAY,INE982F01036,B,12.23,12.60,12.02,12.20,12.22,795771,9859632.00,1355
BSE,HATHWAYB,INE525B01016,X,12.50,12.50,12.48,12.48,12.70,439,5480.00,13
BSE,HATSUN,INE473B01035,A,923.25,925.20,913.75,917.80,923.25,535,491772.00,112
BSE,HAVELLS,INE176B01034,A,1177.55,1196.90,1177.55,1181.40,1177.35,26936,31924255.00,2121
BSE,HAVISHA,INE293B01029,B,1.26,1.32,1.17,1.26,1.24,40100,51458.00,55
BSE,HAWAENG,INE230I01018,X,89.90,89.90,80.50,80.93,81.17,556,46115.00,27
BSE,HAWKINCOOK,INE979B01015,B,7725.00,7925.00,7725.00,7863.60,7740.25,158,1234177.00,61
BSE,HAZOOR,INE550F01049,B,24.60,24.89,24.03,24.34,24.55,434071,10602989.00,732
BSE,HBEL,INE02PC01027,MT,20.80,20.80,20.00,20.00,20.80,3750,76000.00,3
BSE,HBESD,INE640B01021,B,74.00,75.90,74.00,75.90,73.87,11,823.00,6
BSE,HBGHOTELS,INE977M01024,X,100.00,102.60,90.25,94.25,95.00,1237,119096.00,33
BSE,HBLEAS,INE549B01016,X,11.56,11.56,10.22,10.73,10.50,20358,229701.00,44
BSE,HBLENGINE,INE292B01021,A,812.70,831.00,808.00,817.75,816.15,182859,150297082.00,4830
BSE,HBPOR,INE638B01025,X,57.30,61.50,57.30,59.99,59.53,134,7912.00,13
BSE,HBSL,INE550B01022,T,53.90,54.00,53.40,53.80,53.30,25,1346.00,3
BSE,HCC,INE549A01026,A,27.17,28.00,26.93,27.84,27.02,4305664,118596534.00,5325
BSE,HCG,INE075I01017,A,606.95,619.50,606.95,614.85,609.00,4547,2792704.00,187
BSE,HCKKVENTURE,INE345Q01017,XT,31.00,31.00,30.95,30.98,32.57,360,11153.00,4
BSE,HCL-INSYS,INE236A01020,B,12.25,12.70,12.25,12.38,12.39,41497,518862.00,277
BSE,HCLTECH,INE860A01027,A,1138.55,1148.50,1128.00,1130.10,1129.80,63938,72790810.00,4687
BSE,HDBFS,INE756I01012,B,720.35,737.95,720.35,722.50,717.75,95219,69530366.00,4514
BSE,HDFCAMC,INE127D01025,A,2727.95,2728.00,2681.60,2690.05,2717.25,19179,51927550.00,1439
BSE,HDFCBANK,INE040A01034,A,787.40,789.50,783.05,786.15,780.00,1129973,888785501.00,22613
BSE,HDFCLIFE,INE795G01014,A,585.65,598.50,585.65,598.45,592.30,2746907,1643728621.00,4987
BSE,HDIL,INE191I01012,Z,1.82,1.86,1.80,1.80,1.82,35543,64752.00,61
BSE,HEADSUP,INE759V01019,B,6.80,7.10,6.80,7.10,7.18,33493,227754.00,5
BSE,HEALTHX,INE019J01013,B,316.50,318.35,313.90,318.35,322.35,23,7243.00,10
BSE,HEALTHYLIFE,INE0L3501015,MT,7.60,7.82,7.45,7.82,7.50,46000,348500.00,18
BSE,HEERAISP,INE025D01013,X,6.60,6.60,6.60,6.60,6.60,500,3300.00,2
BSE,HEG,INE545A01024,A,534.90,539.80,529.00,537.00,531.70,18527,9888458.00,496
BSE,HEIDELBERG,INE578A01017,B,155.05,155.10,153.00,154.95,152.65,4263,656750.00,168
BSE,HELLOJI,INE1FJE01010,M,120.05,120.05,120.05,120.05,123.90,1200,144060.00,1
BSE,HELPAGE,INE738P01015,X,22.25,22.25,21.02,22.00,22.14,15,329.00,7
BSE,HEMANG,INE930A01010,XT,13.37,13.93,13.35,13.90,14.00,351,4828.00,5
BSE,HEMIPROP,INE0AJG01018,B,140.10,140.55,138.50,138.95,139.55,19516,2719868.00,276
BSE,HEMORGANIC,INE422G01015,XT,20.94,20.94,20.11,20.11,21.16,473,9524.00,5
BSE,HERANBA,INE694N01015,B,190.20,194.00,188.75,192.35,188.45,5463,1048008.00,372
BSE,HERCULES,INE688E01024,X,123.75,124.00,120.55,122.65,121.30,7539,926341.00,136
BSE,HERITGFOOD,INE978A01027,A,331.00,337.10,327.65,328.45,329.90,32220,10648331.00,695
BSE,HEROMOTOCO,INE158A01026,A,5019.00,5026.00,4962.00,4985.05,4974.50,9178,45885257.00,2434
BSE,HESTERBIO,INE782E01017,B,2095.20,2164.10,2084.60,2133.80,2076.80,665,1415816.00,324
BSE,HEXAGON,INE0JUI01012,T,52.40,54.50,51.00,52.80,52.66,141979,7473270.00,734
BSE,HEXATRADEX,INE750M01017,B,170.00,170.00,160.60,165.25,162.05,158,26673.00,12
BSE,HEXT,INE093A01041,A,498.00,509.20,496.25,498.85,499.45,27665,13830930.00,789
BSE,HFCL,INE548A01028,A,220.10,220.10,205.10,209.55,209.65,3136696,674873295.00,24748
BSE,HFIL,INE552B01010,X,9.35,9.49,9.16,9.35,9.35,29656,277514.00,119
BSE,HGINFRA,INE926X01010,B,583.80,589.95,581.05,583.35,582.75,7442,4350712.00,494
BSE,HGM,INE596H01014,B,53.00,55.65,53.00,53.50,51.50,3251,175140.00,9
BSE,HGS,INE170I01016,B,425.00,437.00,425.00,430.65,424.30,1429,617982.00,140
BSE,HIGHENE,INE783E01023,X,527.00,527.00,511.30,520.05,525.40,12933,6737909.00,385
BSE,HIGHNESS,INE1KI801019,M,165.00,171.45,158.50,160.10,165.00,75600,12528780.00,51
BSE,HIIL,INE799B01025,XT,1259.65,1259.65,1259.65,1259.65,1247.20,8162,10281263.00,42
BSE,HIKAL,INE475B01022,B,205.05,223.25,205.00,218.55,205.25,61639,13255699.00,1302
BSE,HIKLASS,INE302R01024,XT,76.87,76.87,76.87,76.87,77.25,230,17680.00,6
BSE,HILIKS,INE966Q01010,X,65.29,65.29,61.21,65.29,59.36,80672,5189801.00,291
BSE,HILINFRA,INE00RL01028,T,48.25,48.25,47.00,47.16,47.14,5396,255604.00,69
BSE,HILLTONE,INE168C01013,X,46.00,46.00,42.30,43.39,43.67,22643,986835.00,63
BSE,HILTON,INE788H01017,T,24.02,24.98,24.00,24.80,23.95,70749,1735672.00,145
BSE,HIMATSEIDE,INE049A01027,B,84.80,85.79,83.61,85.17,83.96,79708,6770120.00,743
BSE,HIMTEK,INE705G01021,X,210.80,216.55,208.50,208.70,209.15,2840,598216.00,46
BSE,HINDADH,INE074C01013,X,312.90,313.00,305.30,309.95,307.00,417,129062.00,31
BSE,HINDALCO,INE038A01020,A,1014.80,1017.70,1003.90,1014.45,1009.25,169262,171341243.00,4995
BSE,HINDALUMI,INE227B01019,X,104.00,104.00,100.40,103.75,102.85,5580,575787.00,106
BSE,HINDAPL,INE02XD01011,XT,101.23,111.87,101.23,111.87,106.55,728,76328.00,36
BSE,HINDBIO,INE597C01021,XT,7.97,7.97,7.58,7.58,7.97,14477,111152.00,87
BSE,HINDCOMPOS,INE310C01029,B,423.00,426.00,421.10,424.65,422.00,518,219571.00,54
BSE,HINDCOPPER,INE531E01026,A,511.00,514.75,507.40,511.30,510.95,187739,95982204.00,3960
BSE,HINDHARD,INE724D01011,X,829.80,875.95,827.75,861.65,825.85,3052,2619721.00,205
BSE,HINDMILL,INE832D01020,X,164.00,164.00,156.10,161.95,164.35,26,4175.00,11
BSE,HINDMOTORS,INE253A01025,XT,17.04,17.10,16.83,16.94,17.04,173906,2944696.00,1039
BSE,HINDOILEXP,INE345A01011,B,164.40,166.50,162.55,165.05,162.75,36151,5974950.00,504
BSE,HINDPETRO,INE094A01015,A,398.10,398.55,392.10,393.40,392.05,109618,43201392.00,2284
BSE,HINDTIN,INE428D01019,X,109.15,111.70,108.25,108.50,108.35,16866,1831674.00,118
BSE,HINDUNILVR,INE030A01027,A,2204.00,2207.65,2182.25,2185.00,2195.90,37933,83188703.00,3822
BSE,HINDUST,INE092301014,X,44.01,47.95,43.00,47.95,44.00,680,29425.00,13
BSE,HINDWAREAP,INE05AN01011,B,250.40,252.15,248.50,250.65,249.70,8154,2043713.00,236
BSE,HINDZINC,INE267A01025,A,567.30,576.00,563.25,571.40,563.35,117089,66597122.00,2789
BSE,HIPOLIN,INE963A01011,XT,71.50,75.11,67.97,75.09,71.54,3080,216006.00,52
BSE,HIRAUTO,INE258Z01013,P,204.00,204.00,204.00,204.00,204.00,100,20400.00,1
BSE,HIRECT,INE835D01023,B,1161.00,1161.00,1139.00,1142.50,1150.25,2532,2898346.00,198
BSE,HITECH,INE106T01025,B,92.39,95.60,92.35,94.66,92.52,152698,14377110.00,1293
BSE,HITECHCORP,INE120D01012,T,314.40,314.40,302.00,309.45,307.10,1534,473323.00,28
BSE,HITECHGEAR,INE127B01011,T,566.00,579.00,566.00,572.00,588.00,62,35465.00,4
BSE,HITKITGLO,INE309B01023,X,2.54,2.61,2.50,2.60,2.49,80365,207249.00,109
BSE,HITTCO,INE863C01019,X,9.41,10.00,9.41,10.00,9.55,3330,33005.00,11
BSE,HLEGLAS,INE461D01028,B,373.45,402.50,373.45,397.00,375.30,43940,17304896.00,1063
BSE,HLVLTD,INE102A01024,B,8.18,8.18,7.81,7.93,7.84,68548,547185.00,167
BSE,HMAAGRO,INE0ECP01024,B,22.00,22.65,21.80,22.20,22.27,65266,1441498.00,501
BSE,HMEML,INE0DZD01015,M,51.73,53.24,51.73,53.24,50.71,6400,338320.00,4
BSE,HMT,INE262A01018,Z,68.65,68.65,68.65,68.65,65.39,85297,5855639.00,142
BSE,HMVL,INE871K01015,B,87.58,87.58,83.49,86.77,85.89,3371,289624.00,72
BSE,HNDFDS,INE254N01026,B,552.80,566.70,547.50,550.05,545.30,15510,8550089.00,645
BSE,HOCL,INE048A01011,T,39.10,40.50,38.55,38.78,39.31,49920,1990177.00,152
BSE,HOM,INE982C01033,XT,2.27,2.27,2.27,2.27,2.17,466457,1058857.00,116
BSE,HOMEFIRST,INE481N01025,A,1150.20,1164.80,1142.25,1147.10,1154.35,8237,9478030.00,684
BSE,HONASA,INE0J5401028,A,415.00,420.75,412.65,415.05,417.65,30372,12675453.00,1002
BSE,HONAUT,INE671A01010,A,37340.75,38400.00,37340.75,38287.10,37472.40,429,16356648.00,246
BSE,HONDAPOWER,INE634A01018,B,2195.85,2292.30,2195.85,2278.40,2175.75,1451,3280028.00,333
BSE,HORIZON,INE1SEO01013,MT,139.95,146.30,139.95,143.75,147.30,880800,124416660.00,390
BSE,HOTLSILV,INE731B01010,X,11.50,11.80,11.50,11.80,11.64,117,1351.00,6
BSE,HOWARHO,INE931B01016,X,22.15,23.90,22.15,23.55,23.05,2291,52668.00,17
BSE,HPAL,INE0GSL01024,B,34.80,37.14,34.80,36.53,36.51,3817,139389.00,95
BSE,HPBL,INE136C01044,XT,235.00,238.45,222.55,223.85,228.40,794,183352.00,37
BSE,HPCOTTON,INE950C01014,X,102.60,105.00,99.95,104.95,102.55,2748,276225.00,23
BSE,HPIL,INE05X901010,B,130.00,134.00,130.00,132.95,130.00,74,9822.00,7
BSE,HPL,INE495S01016,B,383.10,403.10,383.10,401.85,383.30,30371,11974620.00,1087
BSE,HRMNYCP,INE264N01017,XT,93.19,93.19,93.19,93.19,93.19,150,13978.00,2
BSE,HRS,INE1E1V01017,M,247.05,247.05,247.05,247.05,247.05,1200,296460.00,1
BSE,HRYNSHP,INE400G01011,X,100.10,110.15,100.05,102.30,100.20,3152,325526.00,84
BSE,HSCL,INE019C01026,A,687.40,687.40,649.00,655.30,670.90,635008,423335313.00,9844
BSE,HSIL,INE0GYI01028,MT,388.40,388.40,375.00,383.95,379.40,10800,4135820.00,26
BSE,HTMEDIA,INE501G01024,B,23.00,23.20,22.61,22.97,22.92,5038,115408.00,39
BSE,HUBTOWN,INE703H01016,B,195.45,202.95,195.30,200.90,194.50,12401,2481448.00,260
BSE,HUDCO,INE031A01017,A,208.45,215.00,208.45,211.35,208.80,423854,90248616.00,4342
BSE,HUHTAMAKI,INE275B01026,B,187.10,198.45,186.55,194.10,185.05,24660,4770702.00,1090
BSE,HYBRIDFIN,INE965B01022,B,26.39,26.39,23.20,23.65,25.65,15215,378050.00,137
BSE,HYPERSOFT,INE039D01014,XT,208.00,208.00,204.00,204.00,204.00,6199,1270285.00,40
BSE,HYUNDAI,INE0V6F01027,A,1978.90,2006.70,1975.25,1988.50,1972.40,21182,42180598.00,1744
BSE,IBINFO,INE678B01039,XT,47.49,47.49,47.49,47.49,48.45,471,22367.00,10
BSE,IBULLSLTD,INE126M01010,T,27.50,27.80,26.90,27.24,26.48,806775,22158950.00,1376
BSE,ICDSLTD,INE613B01010,B,44.00,44.00,42.00,42.00,44.00,300,12615.00,5
BSE,ICICIAMC,INE346A01027,A,3443.80,3467.20,3404.00,3412.35,3445.15,11462,39266686.00,2012
BSE,ICICIBANK,INE090A01021,A,1352.40,1362.85,1348.90,1351.65,1346.80,314196,426242025.00,8680
BSE,ICICIGI,INE765G01017,A,1871.45,1893.15,1855.25,1858.40,1870.95,10472,19622867.00,1438
BSE,ICICIPRULI,INE726G01019,A,503.30,510.30,502.50,506.20,500.20,52088,26387511.00,1757
BSE,ICIL,INE483B01026,A,399.65,401.30,387.85,391.45,394.35,48468,19136438.00,980
BSE,ICL,INE407P01017,XT,28.03,28.06,27.50,27.53,27.90,619,17164.00,15
BSE,ICODEX,INE111601014,M,43.30,45.00,43.00,43.91,45.48,6000,262944.00,5
BSE,ICON,INE0Y0E01012,MT,80.00,80.90,78.25,79.22,81.16,14400,1140432.00,12
BSE,ICONIKSPEV,INE088P01015,X,43.00,43.00,40.01,40.55,41.44,8340,340841.00,60
BSE,ICRA,INE725G01011,B,5308.50,5343.30,5232.00,5233.65,5315.90,678,3573121.00,257
BSE,ICSL,INE682B01023,X,4.39,4.60,4.18,4.50,4.39,10584,48027.00,41
BSE,IDBI,INE008A01015,A,83.76,89.40,83.10,87.70,82.95,4508958,389625933.00,11107
BSE,IDEA,INE669E01016,A,14.98,15.03,14.76,14.84,14.92,17089107,254818591.00,208667
BSE,IDEAFORGE,INE349Y01013,T,931.85,948.00,886.05,892.60,931.85,34242,30966031.00,1454
BSE,IDENTIXWEB,INE0PA401012,M,66.10,66.10,66.10,66.10,66.90,4000,264400.00,2
BSE,IDFCFIRSTB,INE092T01019,A,78.60,81.45,78.47,80.68,78.72,3241111,259568762.00,15118
BSE,IDM,INE649R01010,X,31.06,34.30,31.06,31.06,32.69,371,12060.00,10
BSE,IDREAM,INE459E01012,P,481.90,482.05,481.90,482.05,459.10,1350,650755.00,20
BSE,IECEDU,INE172B01017,X,24.97,24.98,23.01,23.55,24.00,12651,300807.00,53
BSE,IEX,INE022Q01020,A,122.65,127.85,122.65,125.65,122.90,1287731,162536720.00,7211
BSE,IFBAGRO,INE076C01018,T,909.50,909.50,900.00,909.50,903.20,622,562148.00,35
BSE,IFBIND,INE559A01017,B,1290.00,1295.85,1274.40,1279.05,1282.00,1680,2154444.00,718
BSE,IFCI,INE039A01010,A,86.61,87.25,83.00,83.37,85.77,5444333,461207000.00,19516
BSE,IFGLEXPOR,INE133Y01011,B,193.00,194.30,191.00,191.90,193.35,1047,201302.00,65
BSE,IFINSEC,INE474O01010,X,218.00,218.00,200.00,209.20,214.40,174,36887.00,23
BSE,IFINSER,INE064T01018,X,13.90,13.90,13.79,13.79,13.88,83,1150.00,7
BSE,IFL,INE714U01024,B,0.40,0.41,0.39,0.40,0.40,1539219,618382.00,527
BSE,IGARASHI,INE188B01013,B,453.75,488.00,438.50,472.80,412.75,270145,127621658.00,5179
BSE,IGCIL,INE099S01016,X,2.27,2.33,2.21,2.28,2.27,46137,104738.00,95
BSE,IGCL,INE05J901018,B,61.40,62.66,61.15,61.66,61.38,5618,347958.00,183
BSE,IGIL,INE0Q9301021,A,355.30,361.05,351.80,359.00,355.60,24079,8576568.00,883
BSE,IGL,INE203G01027,A,167.80,171.30,167.00,169.50,167.85,198911,33683284.00,2249
BSE,IGPL,INE204A01010,B,446.20,461.90,445.55,450.40,446.00,1428,647170.00,160
BSE,IIFL,INE530B01024,A,529.80,540.60,529.80,537.50,532.50,23987,12861473.00,730
BSE,IIFLCAPS,INE489L01022,A,349.45,349.45,344.05,345.70,344.20,26959,9329602.00,415
BSE,IIRM,INE670C01026,X,127.80,134.00,125.25,132.00,125.70,94607,12409341.00,408
BSE,IISL,INE818R01011,XT,16.18,16.18,15.70,15.70,16.10,7511,119438.00,8
BSE,IITL,INE886A01014,B,128.05,129.90,128.05,129.00,127.35,8611,1108638.00,106
BSE,IITLPROJ,INE786E01018,X,44.50,44.99,40.00,40.02,41.40,4709,206946.00,28
BSE,IKIO,INE0LOJ01019,B,173.00,173.00,162.20,163.30,162.15,4617,753805.00,138
BSE,IKOMA,INE164D01010,XT,73.75,73.87,72.00,73.87,70.36,209649,15408642.00,412
BSE,IKS,INE115Q01022,A,1684.10,1704.00,1675.00,1688.45,1675.75,5654,9541910.00,544
BSE,IL&FSENGG,INE369I01014,Z,32.71,33.65,30.50,32.47,32.07,2134,68338.00,27
BSE,IL&FSTRANS,INE975G01012,Z,2.69,2.69,2.58,2.69,2.57,5558,14865.00,36
BSE,IMAGICAA,INE172N01012,B,44.56,48.90,44.56,48.07,44.54,164737,7804383.00,923
BSE,IMEC,INE611C01020,X,136.10,153.50,136.10,147.15,141.85,4442,641539.00,185
BSE,IMFA,INE919H01018,B,1419.35,1446.60,1419.35,1428.45,1429.90,6994,10017897.00,513
BSE,IMPAL,INE547E01014,B,1103.35,1103.35,1083.80,1086.50,1066.00,113,123054.00,8
BSE,INA,INE0LGX01024,B,118.70,122.00,116.85,120.10,116.60,142610,17097194.00,1202
BSE,INANI,INE635D01027,X,11.31,11.31,11.10,11.10,10.88,183,2033.00,4
BSE,INCAP,INE437C01012,X,89.80,94.00,76.75,92.01,81.00,5537,483205.00,76
BSE,INCON,INE507D01010,X,18.18,19.08,18.18,19.08,18.18,4892,93303.00,8
BSE,INCREDIBLE,INE452L01012,B,35.90,35.90,34.01,34.01,33.59,175,6018.00,7
BSE,INDAG,INE802D01023,X,85.86,85.86,82.99,83.33,85.01,13256,1108772.00,213
BSE,INDAGIV,INE115E01010,X,61.20,61.20,57.00,57.00,60.00,51,3002.00,3
BSE,INDBANK,INE841B01017,B,34.00,34.83,33.71,33.82,33.88,1667,56562.00,76
BSE,INDBNK,INE969D01012,B,47.00,48.49,45.09,45.48,48.45,550,25402.00,12
BSE,INDCEMCAP,INE429D01017,X,17.20,18.65,17.20,17.92,17.21,26377,478660.00,108
BSE,INDCTST,INE146H01018,X,53.01,53.01,51.20,52.41,56.00,166,8700.00,9
BSE,INDERGR,INE628F01019,X,25.46,25.46,24.99,24.99,24.25,150,3748.00,4
BSE,INDGELA,INE342D01012,X,355.70,367.90,350.00,367.60,353.95,2140,778882.00,61
BSE,INDGN,INE065X01017,A,535.25,545.95,527.00,541.15,532.55,26186,14114479.00,1327
BSE,INDHOTEL,INE053A01029,A,729.20,735.55,726.35,732.75,724.70,1351525,990350592.00,2902
BSE,INDIACEM,INE383A01012,A,373.85,379.80,373.85,377.80,375.05,12691,4791404.00,574
BSE,INDIAGLYCO,INE560A01023,B,965.00,973.30,953.40,955.75,955.90,2298,2207300.00,193
BSE,INDIAHOME,INE274E01015,X,34.00,34.00,30.50,31.02,30.92,6975,223073.00,93
BSE,INDIAHOMES,INE072A01029,XT,23.13,23.68,22.82,23.12,23.09,316195,7327193.00,483
BSE,INDIAMART,INE933S01016,A,2080.60,2087.00,2045.05,2049.35,2088.50,3431,7095342.00,351
BSE,INDIANACRY,INE862B01013,X,6.09,6.09,5.80,5.90,6.00,25387,149038.00,97
BSE,INDIANB,INE562A01011,A,876.50,876.50,858.10,861.15,869.30,33214,28718833.00,1162
BSE,INDIANCARD,INE061A01014,B,239.00,239.00,222.00,222.00,216.35,116,26898.00,4
BSE,INDIANHUME,INE323C01030,B,317.00,333.00,317.00,327.70,317.40,5258,1722675.00,421
BSE,INDIANVSH,INE131H01028,X,7.50,7.59,7.00,7.41,7.10,24928,184619.00,80
BSE,INDIASHLTR,INE922K01024,A,785.00,786.30,773.05,775.75,781.10,1351,1053118.00,112
BSE,INDICAP,INE347H01012,Z,2.50,2.50,2.33,2.44,2.45,28867,70387.00,54
BSE,INDIGO,INE646L01027,A,5000.55,5054.50,4964.50,5015.45,5023.85,39704,199139492.00,6245
BSE,INDIGOPNTS,INE09VQ01012,B,1014.20,1040.00,1010.90,1015.90,1024.50,1969,2019990.00,246
BSE,INDIGRID,INE219X23014,IF,174.19,174.94,172.74,173.07,174.19,78693,13680034.00,1083
BSE,INDINFO,INE300B01022,X,0.61,0.63,0.61,0.62,0.61,1104773,683362.00,671
BSE,INDIQUBE,INE06ST01018,B,179.35,181.95,168.65,170.00,175.60,301994,51348176.00,162
BSE,INDLEASE,INE333C01013,X,9.45,9.80,9.41,9.80,9.34,60528,589296.00,21
BSE,INDNIPPON,INE092B01025,B,909.75,934.90,909.75,919.75,916.75,2720,2519399.00,293
BSE,INDOAMIN,INE760F01028,B,145.70,149.05,142.05,143.10,143.40,32117,4634751.00,699
BSE,INDOBELL,INE0FK501019,MT,56.50,56.50,56.49,56.49,59.46,6750,381337.00,8
BSE,INDOBORAX,INE803D01021,B,360.10,370.00,356.90,361.05,364.00,2889,1047062.00,144
BSE,INDOCITY,INE456B01014,X,17.95,17.95,15.33,16.15,16.62,10351,165468.00,96
BSE,INDOCO,INE873D01024,B,234.15,241.70,229.70,236.15,235.60,12073,2878824.00,373
BSE,INDOCRED,INE147D01015,XT,9.00,9.00,8.98,8.98,9.45,2687,24129.00,6
BSE,INDOEURO,INE319N01019,X,11.25,11.25,10.11,10.81,10.99,654,7070.00,23
BSE,INDOFARM,INE622H01018,B,152.05,159.50,151.35,154.70,149.20,47685,7407221.00,930
BSE,INDOKEM,INE716F01012,B,500.05,509.05,485.00,499.75,500.00,3516,1764499.00,203
BSE,INDORAMA,INE156A01020,B,46.85,47.26,46.17,46.32,46.00,5356,250250.00,194
BSE,INDOSMC,INE0WKY01013,MT,353.25,353.25,353.25,353.25,336.45,27000,9537750.00,19
BSE,INDOSTAR,INE896L01010,B,253.75,253.75,246.25,247.00,249.20,2071,514149.00,89
BSE,INDOTECH,INE332H01014,T,2792.65,2792.65,2700.00,2792.65,2659.70,4967,13855875.00,219
BSE,INDOTHAI,INE337M01021,B,236.15,246.10,221.20,224.10,236.35,64351,15126866.00,1133
BSE,INDOUS,INE250Z01010,B,91.00,93.15,91.00,93.15,90.25,50,4571.00,3
BSE,INDOWIND,INE227G01018,T,9.29,9.60,8.81,9.14,9.15,16653,153436.00,64
BSE,INDPRUD,INE620D01011,B,6500.00,6634.00,6251.55,6350.00,6500.00,38,244755.00,13
BSE,INDRAMEDCO,INE681B01017,B,383.00,397.60,383.00,396.60,382.55,22146,8729085.00,498
BSE,INDRANIB,INE007C01021,XT,10.70,11.14,10.50,10.55,10.61,122544,1327210.00,157
BSE,INDRENEW,INE138O01029,Z,11.04,11.05,10.44,11.00,10.81,8263,88606.00,43
BSE,INDSILHYD,INE867D01018,X,40.50,42.00,39.45,41.06,40.02,28898,1186616.00,140
BSE,INDSUCR,INE557C01017,X,76.21,78.81,76.21,77.14,78.23,4164,320329.00,76
BSE,INDSWFTLAB,INE915B01019,B,190.00,197.00,187.80,188.80,187.25,194245,37295965.00,1717
BSE,INDTERRAIN,INE611L01021,B,33.00,34.74,32.11,32.82,33.62,4731,156875.00,117
BSE,INDTONER,INE826B01018,X,272.80,280.95,269.60,278.10,267.85,14852,4088893.00,446
BSE,INDUSFINL,INE935D01013,XT,126.20,126.20,126.00,126.10,123.75,11375,1434397.00,25
BSE,INDUSINDBK,INE095A01012,A,942.10,945.60,915.70,923.00,947.90,120003,111765018.00,7177
BSE,INDUSINVIT,INE0NHL23019,IF,125.06,126.56,125.06,125.55,125.54,13450,1692862.00,417
BSE,INDUSTOWER,INE121J01017,A,414.50,415.95,410.90,413.35,410.95,28895,11933834.00,1850
BSE,INDXTRA,INE056E01024,X,5.30,5.70,5.20,5.57,5.48,70503,379873.00,205
BSE,INFLAME,INE464Z01017,M,226.95,226.95,209.00,219.60,226.00,22250,4830912.00,84
BSE,INFOBEAN,INE344S01016,B,161.45,162.05,156.35,157.70,166.85,56580,8961649.00,1199
BSE,INFOMEDIA,INE669A01022,B,6.10,6.10,5.96,5.97,5.90,29,173.00,5
BSE,INFORTEC,INE123E01014,X,83.75,83.75,78.50,78.54,83.75,474,37385.00,15
BSE,INFRONICS,INE463B01036,X,16.59,17.85,16.30,16.93,17.10,1822,30292.00,26
BSE,INFY,INE009A01021,A,1055.00,1079.90,1055.00,1065.40,1051.85,954014,1017980190.00,28085
BSE,INGERRAND,INE177A01018,A,4615.25,4731.00,4608.15,4690.25,4615.20,2993,13934000.00,492
BSE,INLANPR,INE055O01033,XT,48.02,48.50,48.02,48.50,49.00,108,5233.00,3
BSE,INLCM,INE359D01024,X,923.85,923.85,825.00,852.30,843.50,222,188468.00,32
BSE,INNOCORP,INE214B01017,XT,3.63,3.90,3.63,3.65,3.82,3277,12044.00,21
BSE,INNOVACAP,INE0DUT01020,B,971.50,971.50,933.50,937.90,951.70,2451,2321061.00,238
BSE,INNOVANA,INE403Y01018,B,320.60,320.60,310.85,317.55,315.80,244,76204.00,26
BSE,INNOVATORS,INE870Z01015,M,126.00,127.95,122.05,122.85,124.40,33600,4185240.00,40
BSE,INNOVISION,INE0ADB01012,B,295.40,299.70,295.05,297.05,296.35,1311,388684.00,107
BSE,INNOVTEC,INE965C01038,X,13.60,14.25,13.60,13.94,13.95,1323,18515.00,12
BSE,INOVSYNTH,INE690J01011,XT,128.08,128.08,128.08,128.08,126.82,113028,14476626.00,58
BSE,INOXGREEN,INE510W01014,A,202.90,206.10,199.15,205.30,199.45,56857,11538717.00,880
BSE,INOXINDIA,INE616N01034,A,1955.50,2056.00,1895.60,2043.60,1917.60,56840,112140067.00,3247
BSE,INOXWIND,INE066P01011,A,90.65,94.65,90.65,92.85,90.87,1871896,173992388.00,8585
BSE,INRADIA,INE461Y01016,XT,15.87,15.87,15.87,15.87,15.12,33,523.00,1
BSE,INSECTICID,INE070I01018,B,693.65,718.60,684.45,689.40,687.95,2104,1478796.00,193
BSE,INSPIRISYS,INE020G01017,T,110.00,113.55,109.00,112.90,112.80,942,103075.00,18
BSE,INTECCAP,INE017E01018,XT,15.43,15.43,15.18,15.18,14.82,56,859.00,3
BSE,INTEGFD,INE177M01013,XT,153.00,153.50,153.00,153.00,152.05,550,84257.00,12
BSE,INTEGHIT,INE934A01012,XT,4.08,4.08,3.72,3.73,3.90,14594,55868.00,23
BSE,INTEGRAEN,INE984B01023,XT,222.95,223.95,218.00,218.95,220.65,3409,746846.00,76
BSE,INTEGSW,INE0IPL01018,XT,150.00,150.00,150.00,150.00,150.00,606,90900.00,7
BSE,INTELLECT,INE306R01017,A,747.05,763.15,747.05,753.10,747.10,14757,11168404.00,834
BSE,INTENTECH,INE781A01025,B,101.72,105.80,101.72,103.59,100.97,1373,142117.00,69
BSE,INTERARCH,INE00M901018,B,1900.00,1922.10,1875.20,1890.65,1898.75,1195,2267351.00,173
BSE,INTERDIGI,INE177D01020,XT,0.21,0.21,0.20,0.20,0.20,248003,51890.00,134
BSE,INTLCOMBQ,INE403C01014,X,508.00,508.00,481.00,492.25,487.85,683,336874.00,78
BSE,INTLCONV,INE575C01027,B,83.50,85.57,82.65,84.01,83.00,8208,694243.00,645
BSE,INTRGLB,INE661M01016,X,60.20,65.80,60.20,64.00,62.75,1381,89488.00,16
BSE,INTSTOIL,INE003B01014,X,39.25,43.50,39.25,41.66,41.96,824,33851.00,34
BSE,INVENTURE,INE878H01024,B,0.97,0.98,0.96,0.96,0.97,147535,142503.00,114
BSE,INVIGO,INE359A01012,X,8.23,8.23,6.92,7.75,6.92,13679,104964.00,120
BSE,INVPRECQ,INE155E01016,B,757.95,800.00,738.50,750.15,734.85,6317,4851682.00,539
BSE,IOB,INE565A01014,A,34.76,35.50,34.76,35.35,35.12,535598,18846198.00,2319
BSE,IOC,INE242A01010,A,144.40,145.00,143.50,144.35,143.45,759094,109415125.00,10046
BSE,IOLCP,INE485C01029,B,130.30,135.00,129.70,130.65,130.25,155846,20595362.00,1179
BSE,IONEXCHANG,INE570A01022,A,371.10,398.30,371.10,392.60,370.45,167994,65236324.00,5081
BSE,IPCALAB,INE571A01038,A,1585.45,1602.35,1585.00,1598.30,1584.10,2723,4341550.00,260
BSE,IPL,INE0D6701023,B,163.00,174.85,161.45,170.10,159.45,88566,15032051.00,1387
BSE,IPOWER,INE468F01010,XT,17.20,17.20,16.50,17.20,17.20,3211,53407.00,8
BSE,IPRINGLTD,INE558A01019,X,120.00,131.95,120.00,127.35,122.25,6466,822796.00,106
BSE,IRB,INE821I01022,A,21.41,21.90,21.41,21.70,21.45,1603821,34817377.00,5498
BSE,IRBINVIT,INE183W23014,IF,60.77,61.33,60.57,61.17,60.77,72258,4396092.00,1149
BSE,IRCON,INE962Y01021,A,137.60,140.40,137.60,139.10,137.20,221919,30967542.00,2521
BSE,IRCTC,INE335Y01020,A,520.00,526.85,519.80,521.90,519.55,62264,32523609.00,2150
BSE,IREDA,INE202E01016,A,127.75,133.15,127.75,130.90,127.25,1764896,230490031.00,31151
BSE,IRFC,INE053F01010,A,99.91,101.15,99.70,100.87,99.46,568891,57259253.00,5410
BSE,IRIS,INE864K01010,B,276.70,289.10,275.05,277.10,269.65,9587,2706068.00,397
BSE,IRMENERGY,INE07U701015,B,280.30,284.90,277.90,279.00,280.85,21275,5951692.00,379
BSE,IRONWOOD,INE791H01011,X,45.00,45.00,42.00,43.51,43.82,18149,785767.00,69
BSE,ISERA,INE899M01020,XT,117.02,117.02,117.02,117.02,114.73,3748,438590.00,6
BSE,ISFL,INE973B01026,X,0.75,0.76,0.75,0.75,0.75,75138,56869.00,45
BSE,ISFT,INE566K01011,B,80.36,82.16,79.99,81.00,81.62,69,5568.00,10
BSE,ISGEC,INE858B01029,A,932.00,988.30,932.00,956.95,925.00,5196,5002226.00,488
BSE,ISHANCH,INE561M01018,B,57.85,59.00,57.00,59.00,57.57,2117,123668.00,162
BSE,ISHITADR,INE806D01016,X,70.75,75.00,70.00,71.50,70.75,2042,148010.00,14
BSE,ISLCONSUL,INE569B01022,X,21.85,23.39,21.85,22.99,21.85,111,2589.00,10
BSE,ISTLTD,INE684B01029,X,658.50,667.05,658.40,663.50,658.45,718,475555.00,76
BSE,ISTRNETWK,INE532B01020,XT,47.57,50.50,46.91,47.99,48.54,38761,1863186.00,120
BSE,ITC,INE154A01025,A,292.55,293.90,290.00,291.20,293.40,709450,206956417.00,18490
BSE,ITCHOTELS,INE379A01028,A,173.65,178.95,172.25,176.15,170.60,539157,95086886.00,7037
BSE,ITCONS,INE0O6A01019,MT,313.00,313.70,302.00,308.60,309.00,5800,1786680.00,16
BSE,ITDC,INE353K01014,B,616.80,641.50,616.80,625.95,619.00,11762,7453109.00,615
BSE,ITHL,INE262B01016,X,313.00,325.10,306.00,320.55,309.45,3232,1024407.00,84
BSE,ITI,INE248A01017,A,313.25,318.25,310.00,311.10,312.75,61729,19375504.00,1483
BSE,ITL,INE478D01014,X,294.00,294.00,268.90,272.15,277.90,1789,485794.00,90
BSE,IVALUE,INE056801025,B,271.75,281.25,271.10,279.55,273.05,20136,5583415.00,524
BSE,IVC,INE050B01023,B,8.75,8.75,8.45,8.60,8.53,14033,120137.00,215
BSE,IVP,INE043C01018,B,159.45,159.95,157.15,157.15,156.00,116,18278.00,10
BSE,IWP,INE586E01020,B,34.58,35.35,32.94,34.00,33.79,156,5198.00,22
BSE,IXIGO,INE0HV901016,A,190.80,195.95,188.85,193.85,189.80,65297,12540364.00,1016
BSE,IYKOTHITE,INE079L01013,XT,20.11,20.11,20.11,20.11,20.11,3180,63949.00,7
BSE,IZMO,INE848A01014,B,1086.35,1128.00,1038.00,1049.20,1076.85,23231,25139322.00,1568
BSE,J&KBANK,INE168A01041,A,166.25,166.25,161.00,162.25,163.50,169498,27694857.00,1399
BSE,JACKSON,INE508N01025,X,0.41,0.41,0.38,0.40,0.41,1244338,494267.00,300
BSE,JAFINANCE,INE825B01010,X,85.00,85.00,82.65,84.00,87.00,215,17845.00,5
BSE,JAGAJITIND,INE574A01016,X,142.80,142.80,136.50,138.30,138.90,8796,1221172.00,121
BSE,JAGANLAM,INE144C01014,X,49.15,51.00,49.15,49.48,49.48,1557,77274.00,43
BSE,JAGJANANI,INE702H01018,X,5.20,5.20,4.98,4.98,5.00,490,2447.00,10
BSE,JAGRAN,INE199G01027,B,66.89,66.89,65.10,65.44,66.03,19251,1260638.00,247
BSE,JAGSNPHARM,INE048B01035,B,211.70,227.00,211.70,222.40,212.35,16032,3546329.00,518
BSE,JAGSONSER,INE582C01015,X,49.99,49.99,45.76,48.91,47.75,122,6047.00,10
BSE,JAIBALAJI,INE091G01026,T,68.90,71.30,67.97,71.30,67.91,22035,1535817.00,107
BSE,JAICORPLTD,INE070D01027,B,121.50,123.90,121.15,121.45,120.95,29302,3588089.00,378
BSE,JAIHIND,INE156E01014,X,35.03,37.98,34.60,37.06,36.98,1542,55950.00,37
BSE,JAIMATAG,INE250C01027,X,1.71,1.83,1.63,1.71,1.74,60194,103209.00,126
BSE,JAINCO,INE966C01010,X,4.72,4.72,4.72,4.72,4.50,2257,10653.00,6
BSE,JAINREC,INE0YD401026,B,378.40,381.90,372.40,380.10,376.95,202026,76243763.00,4149
BSE,JAIPAN,INE058D01030,X,26.80,27.80,26.50,27.20,26.27,202962,5520674.00,52
BSE,JAMESWARREN,INE718P01017,X,271.70,272.50,256.00,257.55,264.65,3831,1003098.00,201
BSE,JAMNAAUTO,INE039C01032,B,133.00,135.95,133.00,133.85,132.25,219604,29603599.00,1665
BSE,JAMSHRI,INE462D01034,X,77.00,78.49,76.00,77.46,77.00,501,38393.00,23
BSE,JARO,INE00YJ01010,B,522.15,554.75,520.45,530.05,520.20,21415,11509292.00,1113
BSE,JASCH,INE711C01028,X,238.50,258.00,232.55,258.00,234.55,23709,5987657.00,278
BSE,JASH,INE039O01029,B,503.00,556.60,502.00,549.65,500.05,63578,34057168.00,1863
BSE,JATTAINDUS,INE722N01014,X,405.00,405.00,380.00,401.40,405.00,77,30809.00,27
BSE,JAUSPOL,INE593O01017,XT,24.00,24.00,23.00,23.00,23.64,11,254.00,2
BSE,JAYAGROGN,INE785A01026,B,221.20,226.20,215.00,215.15,219.50,401,89117.00,63
BSE,JAYANT,INE0KR801019,M,74.00,80.00,74.00,76.97,78.25,25500,1985085.00,20
BSE,JAYATMA,INE246D01015,XT,55.23,55.23,55.23,55.23,56.35,3,165.00,1
BSE,JAYBARMARU,INE571B01036,B,169.00,169.80,162.00,163.40,169.50,70698,11667613.00,869
BSE,JAYBHCR,INE998D01011,XT,16.32,16.32,16.32,16.32,16.32,31,505.00,1
BSE,JAYCH,INE693E01016,X,6.44,6.60,6.25,6.33,6.29,46800,296965.00,127
BSE,JAYKAILASH,INE0MSS01019,MT,36.02,36.02,36.02,36.02,37.91,4800,172896.00,3
BSE,JAYKAY,INE903A01025,B,184.70,190.50,183.70,188.15,184.25,32235,6070790.00,498
BSE,JAYNECOIND,INE854B01010,B,89.65,90.55,89.00,89.35,89.60,72576,6501995.00,558
BSE,JAYSREETEA,INE364A01020,B,92.14,92.14,90.40,90.89,89.29,4031,367853.00,447
BSE,JAYSYNTH,INE263B01022,X,14.00,14.00,13.50,13.68,13.79,48754,676278.00,83
BSE,JAYUSH,INE289D01015,X,870.20,930.00,867.00,886.85,867.50,172,150714.00,25
BSE,JBCHEPHARM,INE572A01036,A,2190.05,2212.40,2165.30,2208.30,2189.30,1539,3370784.00,196
BSE,JBMA,INE927D01051,A,735.00,738.25,725.05,727.60,727.35,134832,98537032.00,4095
BSE,JDCABLES,INE14VP01014,M,234.90,243.00,228.85,236.05,228.15,148800,34978240.00,164
BSE,JEL,INE805R01018,XT,169.85,169.85,169.85,169.85,169.85,50,8492.00,1
BSE,JENBURPH,INE354A01013,X,1141.15,1154.85,1119.95,1123.45,1140.90,3339,3764031.00,270
BSE,JETFREIGHT,INE982V01025,B,22.20,22.90,22.00,22.20,22.20,10482,232794.00,65
BSE,JETKINGQ,INE919C01019,X,109.05,109.90,105.30,105.40,106.90,3343,358123.00,73
BSE,JETSOLAR,INE155R01018,M,9.60,9.60,9.59,9.59,10.65,28000,268720.00,7
BSE,JFL,INE841Y01019,M,28.00,28.00,28.00,28.00,27.88,2000,56000.00,2
BSE,JGCHEM,INE0MB501011,B,430.05,455.00,430.05,442.60,438.75,15463,6912369.00,559
BSE,JGTL,INE0QXV01014,X,504.00,522.50,500.00,519.05,503.00,1561,807666.00,38
BSE,JHACC,INE865D01012,X,176.95,197.00,176.95,189.00,169.65,11551,2176711.00,264
BSE,JHS,INE544H01014,B,7.76,8.40,7.74,7.93,7.96,52159,416164.00,235
BSE,JINDALPHOT,INE796G01012,B,1116.60,1120.00,1100.00,1104.00,1103.85,322,357596.00,103
BSE,JINDALPOLY,INE197D01010,B,692.75,694.10,659.10,669.10,686.45,3554,2397605.00,320
BSE,JINDALSAW,INE324A01032,A,260.90,262.00,254.60,256.10,260.90,162153,41685081.00,2612
BSE,JINDALSTEL,INE749A01030,A,1148.70,1150.00,1126.00,1131.90,1140.80,35338,40191413.00,2690
BSE,JINDCAP,INE356F01017,X,31.60,34.70,31.60,33.01,32.17,1393,46496.00,42
BSE,JINDHOT,INE726D01016,X,65.00,65.00,63.10,64.00,63.04,1470,94461.00,36
BSE,JINDRILL,INE742C01031,B,581.50,588.80,580.60,583.65,580.50,7768,4539698.00,275
BSE,JINDWORLD,INE247D01039,B,32.80,33.08,31.50,31.86,32.44,176644,5709160.00,655
BSE,JIOFIN,INE758E01017,A,244.75,246.30,243.00,243.40,244.60,1021346,250071407.00,12546
BSE,JISLJALEQS,INE175A01038,A,34.91,35.80,34.68,35.23,34.94,359897,12691146.00,958
BSE,JITFINFRA,INE863T01013,B,292.00,301.25,286.00,290.70,294.20,4628,1365133.00,252
BSE,JJFINCOR,INE584C01011,X,46.24,48.55,46.24,46.25,46.24,4266,198254.00,15
BSE,JKAGRI,INE690O01011,X,321.00,323.85,298.95,311.60,319.80,6895,2118185.00,157
BSE,JKCEMENT,INE823G01014,A,5485.05,5543.10,5447.65,5456.10,5494.65,1597,8754091.00,294
BSE,JKIL,INE576I01022,A,504.00,512.00,501.85,508.25,497.95,3038,1539633.00,253
BSE,JKIPL,INE1FF001016,T,110.00,110.00,106.50,108.00,111.05,423,46039.00,15
BSE,JKLAKSHMI,INE786A01032,A,604.85,611.95,600.00,610.20,603.00,5377,3268500.00,397
BSE,JKPAPER,INE789E01012,A,354.75,354.75,346.55,347.40,350.25,41817,14565581.00,704
BSE,JKTYRE,INE573A01042,A,401.75,417.60,401.30,410.45,401.20,170990,70137741.00,3042
BSE,JLHL,INE682M01012,A,1344.75,1365.00,1344.75,1357.35,1342.25,985,1338142.00,165
BSE,JLL,INE919T01013,XT,80.62,80.62,80.62,80.62,80.62,100,8062.00,1
BSE,JMDVL,INE047E01031,X,5.88,6.20,5.88,6.10,6.00,13801,84826.00,47
BSE,JMFINANCIL,INE780C01023,A,126.25,130.50,126.25,128.80,126.05,236849,30523183.00,1630
BSE,JMGCORP,INE745F01011,XT,5.22,5.46,5.22,5.22,5.49,22900,124578.00,8
BSE,JMJFIN,INE242Q01016,X,10.17,10.17,9.70,9.75,9.76,27576,270553.00,95
BSE,JNKINDIA,INE0OAF01028,B,497.15,497.15,475.00,481.05,486.60,45292,21865992.00,676
BSE,JOHNPHARMA,INE560F01022,X,0.51,0.52,0.50,0.51,0.52,653198,332194.00,558
BSE,JOINDRE,INE024B01010,X,49.50,50.99,48.61,49.63,49.40,1792,89913.00,51
BSE,JOJO,INE312M01016,X,219.25,231.60,204.00,211.65,214.95,6274,1307190.00,76
BSE,JOLYPLS,INE289M01016,XT,40.58,40.58,40.58,40.58,41.40,679,27553.00,4
BSE,JONJUA,INE793Z01027,MT,3.40,3.40,3.35,3.40,3.42,43389,146606.00,7
BSE,JOSTS,INE636D01041,X,238.45,238.95,232.00,233.15,238.30,38822,9100521.00,372
BSE,JPOLYINVST,INE147P01019,B,1101.10,1129.40,1101.10,1106.15,1091.05,770,857798.00,88
BSE,JPPOWER,INE351F01018,A,18.08,18.88,18.08,18.23,18.07,8785977,162254552.00,12075
BSE,JSFB,INE953L01027,A,462.20,464.40,453.60,461.45,460.35,6677,3074053.00,291
BSE,JSL,INE220G01021,A,688.95,710.90,688.95,709.10,696.70,23501,16553901.00,1233
BSE,JSLINDL,INE581L01018,X,950.00,950.00,850.00,917.60,959.00,1267,1100300.00,69
BSE,JSLL,INE0J5801029,B,565.70,619.15,565.05,606.80,556.10,267237,158278609.00,7139
BSE,JSTL,INE237B01018,X,80.44,83.68,79.01,81.01,80.04,8195,663146.00,63
BSE,JSWCEMENT,INE718I01012,B,128.75,130.30,128.50,130.05,128.75,280222,36365775.00,1874
BSE,JSWDULUX,INE133A01011,A,3325.05,3325.05,3250.65,3260.20,3296.35,1157,3801205.00,289
BSE,JSWENERGY,INE121E01018,A,570.00,586.20,568.80,581.80,570.35,235235,136135078.00,5600
BSE,JSWHL,INE824G01012,A,12681.00,12701.95,12556.10,12623.50,12596.85,277,3495459.00,111
BSE,JSWINFRA,INE880J01026,A,309.40,310.50,300.00,307.25,308.65,329184,100419363.00,5717
BSE,JSWSTEEL,INE019A01038,A,1282.60,1296.50,1275.00,1281.50,1288.50,22117,28438006.00,2587
BSE,JTEKTINDIA,INE643A01035,B,137.40,140.10,133.75,136.45,137.40,9358,1285343.00,204
BSE,JTLDEFENCE,INE140B01048,XT,437.90,437.90,437.90,437.90,417.05,3238,1417920.00,75
BSE,JTLIND,INE391J01032,B,82.32,83.70,79.57,81.26,79.14,206240,16832809.00,1420
BSE,JUBLCPL,INE03CC01015,B,1929.80,1962.55,1867.00,1885.30,1866.45,189,356611.00,59
BSE,JUBLFOOD,INE797F01020,A,419.55,435.70,419.55,433.30,419.00,577549,246917933.00,4621
BSE,JUBLINGREA,INE0BY001018,A,638.45,650.60,633.00,646.55,638.05,26086,16775989.00,1239
BSE,JUBLPHARMA,INE700A01033,A,961.00,964.05,949.70,957.50,965.65,3749,3586974.00,427
BSE,JULIEN,INE890N01027,X,1.47,1.47,1.43,1.45,1.47,253089,366410.00,180
BSE,JUMBO,INE699D01015,X,58.75,58.75,54.20,57.29,55.38,7406,414389.00,55
BSE,JUNE,INE108B01029,XT,5.55,5.55,5.55,5.55,5.55,14334,79553.00,23
BSE,JUNIPER,INE696F01016,B,204.00,209.15,203.00,205.20,201.60,14419,2981891.00,621
BSE,JUPITERIN,INE524N01014,XT,54.50,56.80,54.23,55.95,54.57,8608,475243.00,45
BSE,JUSTDIAL,INE599M01018,A,538.60,553.95,538.60,549.25,538.55,4222,2316512.00,236
BSE,JUSTO,INE0W5Q01017,M,89.30,93.00,87.00,87.34,85.02,12000,1072300.00,12
BSE,JWL,INE209L01016,A,277.10,285.70,277.10,279.70,277.50,164139,46234239.00,2922
BSE,JYOTHYLAB,INE668F01031,A,203.00,207.55,203.00,204.35,202.35,92702,19068680.00,1725
BSE,JYOTI,INE511D01012,X,61.35,63.46,60.20,61.66,62.09,15516,956185.00,121
BSE,JYOTICNC,INE980O01024,A,741.00,746.35,725.70,730.50,739.95,56654,41575428.00,1938
BSE,JYOTIRES,INE577D01013,B,1012.65,1023.90,1012.60,1018.00,1012.65,13564,13828877.00,872
BSE,JYOTISTRUC,INE197A01024,A,12.37,12.60,12.11,12.23,12.37,474525,5897351.00,589
BSE,KABRADG,INE323K01017,X,24.17,24.69,23.00,23.10,23.88,156154,3657799.00,318
BSE,KABRAEXTRU,INE900B01029,B,242.00,243.40,238.20,240.65,235.50,92094,22172817.00,271
BSE,KABSON,INE645C01010,XT,20.90,20.90,19.45,19.65,20.46,2422,49561.00,21
BSE,KACHCHH,INE059E01010,XT,33.99,33.99,33.99,33.99,35.77,231,7851.00,3
BSE,KACL,INE229G01022,XT,6.20,6.20,6.05,6.05,6.36,117354,711304.00,95
BSE,KAIRA,INE375D01012,X,1568.80,1605.00,1568.80,1602.55,1554.85,220,351831.00,31
BSE,KAIZENAGRO,INE891N01017,X,8.65,9.36,8.65,9.19,9.00,1903,17380.00,35
BSE,KAJARIACER,INE217B01036,A,1167.00,1172.55,1154.00,1165.30,1169.05,8129,9452705.00,589
BSE,KAJARIR,INE434C01027,XT,37.24,37.66,35.75,35.77,36.01,5471,199009.00,24
BSE,KAKA,INE0P3N01018,M,186.00,191.95,186.00,190.00,189.90,9000,1710700.00,18
BSE,KAKATCEM,INE437B01014,T,123.80,123.80,123.80,123.80,123.80,10,1238.00,1
BSE,KAKTEX,INE092E01011,X,8.61,8.61,8.61,8.61,8.20,138,1188.00,2
BSE,KALAMANDIR,INE438K01021,B,110.00,112.00,109.35,110.15,109.15,58836,6506218.00,519
BSE,KALIND,INE377D01018,XT,89.75,92.00,87.00,90.07,89.61,415076,37391439.00,381
BSE,KALLAM,INE629F01025,XT,2.72,2.90,2.72,2.81,2.85,21478,59747.00,69
BSE,KALPACOMME,INE059Q01014,X,8.99,9.96,8.85,9.59,8.30,19601,192643.00,92
BSE,KALPATARU,INE227J01012,B,325.20,331.00,325.05,326.05,325.05,2187,713884.00,385
BSE,KALYANCAP,INE149Q01021,XT,8.61,8.95,8.31,8.63,8.65,23144,199300.00,61
BSE,KALYANI,INE0N6U01018,MT,600.25,606.00,582.70,587.65,600.25,14250,8484587.00,42
BSE,KALYANIFRG,INE314G01014,B,615.00,640.00,615.00,620.70,615.90,263,164438.00,40
BSE,KALYANKJIL,INE303R01014,A,382.25,386.70,379.05,380.90,383.50,235330,90172510.00,4178
BSE,KAMADGIRI,INE535C01013,XT,123.90,130.00,123.00,123.00,123.90,854,109787.00,12
BSE,KAMAHOLD,INE411F01010,A,2644.00,2667.60,2612.75,2650.30,2637.30,371,982291.00,200
BSE,KAMANWALA,INE344D01018,X,15.99,16.00,14.31,15.73,16.25,9091,139513.00,64
BSE,KAMATHOTEL,INE967C01018,B,173.05,177.70,172.65,175.10,170.30,4173,731444.00,247
BSE,KAMATS,INE564S01019,B,41.70,41.70,40.03,40.67,39.78,1788,72211.00,20
BSE,KAMDHENU,INE390H01020,T,29.41,29.95,27.15,28.52,28.53,62092,1807812.00,175
BSE,KAMOPAINTS,INE0BTI01037,B,5.38,5.38,5.20,5.31,5.30,45190,238764.00,86
BSE,KANANIIND,INE879E01037,B,1.60,1.60,1.51,1.59,1.60,47630,75808.00,59
BSE,KANCHI,INE081G01019,T,395.00,395.00,390.00,391.05,400.00,305,119504.00,17
BSE,KANCOTEA,INE398L01017,X,57.00,57.94,55.35,55.43,55.15,3389,190472.00,38
BSE,KANELIND,INE252C01023,XT,47.30,47.30,47.30,47.30,45.05,25002,1182594.00,40
BSE,KANISHK,INE163401016,MT,31.01,31.01,31.01,31.01,30.40,1600,49616.00,1
BSE,KANORICHEM,INE138C01024,T,122.49,122.49,114.80,122.49,116.66,29544,3576772.00,123
BSE,KANPRPLA,INE694E01014,B,188.00,195.00,188.00,189.65,191.85,1061,201929.00,96
BSE,KANSAINER,INE531A01024,A,210.50,216.15,210.50,215.50,211.10,14029,3011846.00,394
BSE,KANSHST,INE791E01018,X,53.05,57.25,53.00,56.00,53.36,12881,714523.00,56
BSE,KAPILRAJ,INE332Q01023,X,2.22,2.38,2.22,2.38,2.27,406372,957742.00,304
BSE,KARANWO,INE327D01013,X,8.06,8.90,8.06,8.90,8.48,201,1624.00,4
BSE,KARBON,INE0V8A01016,M,120.80,137.55,118.00,132.10,120.60,39200,5075040.00,43
BSE,KARMAENG,INE725L01011,B,41.00,41.00,41.00,41.00,40.02,50,2050.00,2
BSE,KARNAVATI,INE554R01020,X,1.42,1.49,1.36,1.41,1.39,7397,10835.00,33
BSE,KARNAWATI,INE214D01021,XT,1.42,1.42,1.35,1.37,1.42,88386,120322.00,152
BSE,KARTKIN,INE524U01019,XT,7171.80,7171.80,7171.80,7171.80,7318.15,8,57374.00,3
BSE,KARURVYSYA,INE036D01028,B,293.05,296.85,290.00,295.95,291.40,40174,11791410.00,682
BSE,KASTURI,INE0T1301023,M,54.00,57.19,54.00,55.01,52.00,10000,554400.00,5
BSE,KATIPATANG,INE237C01016,X,17.81,17.88,16.40,16.42,16.94,6514,107840.00,31
BSE,KATRSPG,INE498G01015,X,104.00,106.95,104.00,106.95,104.00,101,10506.00,3
BSE,KAUSHALYA,INE234I01028,B,869.00,869.00,841.00,841.00,848.50,14,12095.00,5
BSE,KAVDEFENCE,INE641C01019,B,67.94,71.00,64.90,67.84,64.62,65022,4488131.00,969
BSE,KAYA,INE587G01015,B,258.00,267.70,258.00,259.90,256.50,491,128947.00,50
BSE,KAYCEEI,INE813G01023,X,907.95,927.00,887.05,915.55,886.35,1036,941244.00,101
BSE,KAYNES,INE918Z01012,A,3276.25,3328.95,3255.50,3282.90,3255.50,83409,275090928.00,8388
BSE,KAYPOWR,INE961B01013,X,9.74,10.72,9.25,9.61,9.75,6749,67617.00,30
BSE,KBSINDIA,INE883D01023,X,1.28,1.29,1.24,1.25,1.25,71151,89520.00,93
BSE,KCDGROUP,INE185U01035,X,4.05,4.32,4.05,4.13,4.15,8226,34234.00,45
BSE,KCLINFRA,INE469F01026,X,1.27,1.28,1.20,1.25,1.26,231792,283931.00,178
BSE,KCP,INE805C01028,B,167.00,179.40,167.00,176.95,167.50,16727,2937621.00,355
BSE,KCPSUGIND,INE790B01024,B,21.31,22.37,21.31,22.16,22.02,9328,205617.00,149
BSE,KDDL,INE291D01011,B,2996.95,3275.00,2984.45,3156.95,2958.70,7996,25395282.00,1145
BSE,KEC,INE389H01022,A,542.05,550.85,540.75,544.95,541.65,91100,49726262.00,2799
BSE,KECL,INE134B01017,T,106.70,106.70,106.70,106.70,104.65,3238,345494.00,33
BSE,KEEPLEARN,INE055C01020,B,1.86,2.03,1.86,1.98,1.99,3861,7506.00,13
BSE,KEERTHI,INE145L01012,X,39.00,41.00,39.00,39.19,40.00,925,36634.00,19
BSE,KEI,INE878B01027,A,5622.40,5684.95,5601.80,5659.30,5631.85,9712,54846966.00,2430
BSE,KEIL,INE534E01020,X,17.26,17.50,15.90,17.27,16.96,12345,210192.00,48
BSE,KEL,INE079C01012,X,24.75,24.75,23.52,23.52,24.75,116,2748.00,2
BSE,KELENRG,INE881E01017,XT,6330.75,6330.75,6330.75,6330.75,6029.30,559,3538889.00,58
BSE,KELLTONTEC,INE164B01030,B,15.78,15.87,15.45,15.59,15.54,67642,1057603.00,347
BSE,KEMISTAR,INE971L01029,X,48.74,49.83,47.55,48.54,48.74,1555,74398.00,25
BSE,KEMP,INE060E01018,X,1004.30,1108.00,1004.30,1107.70,1057.15,131,131770.00,14
BSE,KENFIN,INE395E01018,X,14.28,14.28,14.28,14.28,13.60,131,1870.00,2
BSE,KENNAMET,INE717A01029,B,3099.00,3155.00,3013.60,3139.70,2995.80,1301,4033587.00,422
BSE,KENRIK,INE0AOG01018,M,7.90,7.90,7.90,7.90,8.30,6000,47400.00,1
BSE,KENVI,INE923Y01023,B,2.26,2.28,2.21,2.26,2.26,47663,106962.00,146
BSE,KERALAYUR,INE817B01025,X,195.35,195.35,188.00,190.05,195.75,20560,3915162.00,166
BSE,KERNEX,INE202H01019,B,2017.85,2017.85,1897.65,1957.55,1997.00,24426,47605002.00,1069
BSE,KESAR,INE0L1C01019,M,1248.10,1248.10,1200.00,1232.40,1233.90,14600,18083835.00,61
BSE,KESARENT,INE133B01027,X,6.85,6.85,6.10,6.81,6.40,31782,211685.00,78
BSE,KESARPE,INE133C01033,X,17.90,18.35,17.15,18.00,17.57,77338,1365259.00,228
BSE,KESORAMIND,INE087A01019,T,11.82,11.82,11.82,11.82,12.06,20746,245217.00,58
BSE,KETOMOTORS,INE392H01026,XT,179.40,179.40,179.40,179.40,170.90,9988,1791847.00,95
BSE,KEYCORP,INE130F01016,X,57.03,62.50,57.03,60.00,59.53,396,24095.00,27
BSE,KEYFINSERV,INE681C01015,B,250.55,259.80,250.55,255.00,261.25,482,121592.00,16
BSE,KFBL,INE991B01010,X,44.90,47.50,43.10,43.19,44.10,11284,513661.00,119
BSE,KFINTECH,INE138Y01010,A,905.20,928.00,901.50,904.00,916.45,73969,67425998.00,3258
BSE,KGDENIM,INE104A01012,X,16.29,16.29,15.00,15.37,15.85,3311,50544.00,42
BSE,KGES,INE04CO01018,TS,28.38,28.38,28.38,28.38,29.87,6000,170280.00,1
BSE,KGVL,INE0S9501014,M,54.00,57.49,54.00,57.49,54.27,2400,133788.00,2
BSE,KHADIM,INE834I01025,T,107.30,110.40,107.10,109.90,107.30,1130,122976.00,23
BSE,KHAICHEM,INE745B01028,T,56.80,57.69,55.10,56.70,55.54,5279,301206.00,37
BSE,KHAITANLTD,INE731C01018,T,124.90,131.25,124.90,131.25,125.00,341,44043.00,19
BSE,KHANDSE,INE060B01014,B,18.34,18.34,17.51,17.51,18.35,2248,40323.00,96
BSE,KHAZANCHI,INE0OWC01011,M,624.25,637.00,624.25,628.80,624.40,46500,29174212.00,45
BSE,KHOOBSURAT,INE731G01027,X,0.50,0.51,0.49,0.51,0.50,479976,241166.00,221
BSE,KHYATI,INE593B01030,XT,3.73,3.80,3.73,3.80,3.92,4762,17918.00,9
BSE,KIAASA,INE1C3F01018,M,39.00,39.75,37.11,38.45,39.00,83000,3263870.00,22
BSE,KICL,INE029L01018,B,5269.00,5421.00,5269.00,5388.50,5190.05,137,729831.00,114
BSE,KIDUJA,INE845A01028,X,16.62,16.62,16.58,16.58,15.84,116,1926.00,3
BSE,KIFS,INE902D01013,X,118.00,119.50,118.00,118.30,122.00,334,39475.00,21
BSE,KILITCH,INE729D01010,B,188.50,194.05,188.50,189.70,185.30,14636,2786258.00,363
BSE,KIMIABL,INE285U01025,X,32.49,34.48,32.49,32.80,32.15,9715,320441.00,69
BSE,KIMS,INE967H01025,A,803.45,812.00,789.30,806.45,804.65,40996,32827529.00,2070
BSE,KINETICENG,INE266B01017,X,251.10,295.00,251.10,288.25,254.65,118014,33314717.00,1406
BSE,KINETRU,INE674M01019,X,35.21,35.21,33.13,33.13,34.87,12,399.00,2
BSE,KINGFA,INE473D01015,B,5115.40,5198.00,5053.80,5065.10,5166.70,354,1800522.00,114
BSE,KINGSINFR,INE050N01010,X,128.50,129.95,125.65,126.50,127.30,8138,1035400.00,164
BSE,KIOCL,INE880L01014,A,401.95,415.00,401.95,407.10,404.35,13657,5585130.00,546
BSE,KIRANSY-B,INE293D01017,X,14.65,15.39,13.93,15.39,14.66,136,2090.00,5
BSE,KIRANVYPAR,INE555P01013,B,198.55,199.50,195.00,197.45,198.55,192,37873.00,20
BSE,KIRIINDUS,INE415I01015,A,399.45,412.00,396.35,403.40,394.25,18906,7643938.00,530
BSE,KIRLFER,INE884B01025,B,482.80,512.25,480.40,496.80,477.05,204931,102640849.00,6112
BSE,KIRLOSBROS,INE732A01036,A,1960.30,2192.30,1960.30,2073.00,1938.45,298519,629303871.00,17008
BSE,KIRLOSENG,INE146L01010,A,2100.35,2390.80,2100.35,2390.80,1992.35,329285,777851709.00,11275
BSE,KIRLOSIND,INE250A01039,B,3804.70,4497.95,3749.80,4307.00,3748.30,22736,98696326.00,3539
BSE,KIRLPNU,INE811A01020,A,2049.95,2197.75,2011.60,2088.50,1951.10,106684,225636185.00,7669
BSE,KISAAN,INE102C01020,X,16.98,17.00,16.00,16.88,16.08,14122,237706.00,71
BSE,KISAN,INE017C01012,X,38.80,41.40,38.00,39.84,38.77,286611,11444555.00,788
BSE,KISSHT,INE12F801023,B,299.45,302.10,292.00,295.65,295.50,155568,46111499.00,2627
BSE,KITEX,INE602G01020,A,165.10,165.10,161.30,161.65,163.30,41433,6745696.00,411
BSE,KJMCCORP,INE602C01011,X,57.22,57.22,57.22,57.22,56.66,17,972.00,3
BSE,KJMCFIN,INE533C01018,X,56.43,56.43,56.30,56.33,55.32,397,22364.00,9
BSE,KKALPANAIND,INE301C01028,X,8.34,8.34,7.31,7.56,7.75,124035,959936.00,267
BSE,KKCL,INE401H01017,B,494.10,503.05,494.10,495.50,492.70,1257,623242.00,178
BSE,KKPLASTICK,INE465K01016,X,29.01,29.01,28.94,28.94,27.63,265,7670.00,6
BSE,KKSILK,INE0EOJ01014,MT,10.80,10.80,10.75,10.76,11.26,18000,193800.00,5
BSE,KLBRENG-B,INE338F01015,B,477.65,499.60,477.65,497.25,484.60,6509,3204808.00,493
BSE,KLIFESTYL,INE218A01028,Z,0.22,0.22,0.20,0.20,0.21,458212,92490.00,186
BSE,KLRFM,INE014E01015,X,102.00,103.90,101.50,102.30,101.70,2831,289407.00,43
BSE,KMCSHIL,INE879K01018,B,115.25,120.60,114.40,119.45,115.10,132768,15646539.00,1384
BSE,KMEW,INE0CJD01029,B,2130.05,2380.00,2123.90,2333.10,2075.00,76783,172631612.00,5981
BSE,KMFBLDR,INE580H01026,X,6.48,6.49,6.48,6.49,6.35,1013,6564.00,5
BSE,KMSUGAR,INE157H01023,B,27.20,27.65,26.81,26.85,27.20,12355,333602.00,263
BSE,KNRCON,INE634I01029,A,141.60,142.50,139.00,139.30,140.95,130700,18384024.00,1301
BSE,KOBO,INE881A01015,Z,7.10,7.10,7.10,7.10,6.97,10042,71298.00,17
BSE,KOHINOOR,INE080B01012,B,26.57,26.57,25.60,25.70,25.99,6776,174472.00,197
BSE,KOIYAIN,INE149B01015,XT,11.50,11.50,11.01,11.50,11.50,117981,1356766.00,15
BSE,KOKUYOCMLN,INE760A01029,B,88.80,92.80,88.00,91.16,87.06,5267,481417.00,167
BSE,KOLTEPATIL,INE094I01018,B,380.05,383.70,377.15,377.20,376.70,109,41489.00,29
BSE,KONARKSY,INE517D01019,Z,44.03,44.03,43.95,43.95,41.94,3,131.00,2
BSE,KONNDOR,INE971A01014,XT,25.00,25.00,23.10,23.10,24.30,2030,49248.00,15
BSE,KOPRAN,INE082A01010,T,194.60,204.30,194.60,204.30,194.60,57970,11783184.00,600
BSE,KOTAKBANK,INE237A01036,A,399.60,403.10,399.25,402.20,398.90,134932,54147481.00,2913
BSE,KOTHARIPRO,INE823A01017,B,78.00,78.00,71.00,71.02,72.00,527,38140.00,32
BSE,KOTIC,INE972A01020,B,165.00,175.00,164.05,169.85,162.00,22099,3716660.00,198
BSE,KOTYARK,INE0J0B01017,B,399.00,448.00,398.00,442.35,396.40,46961,19951861.00,1949
BSE,KOVAI,INE177F01017,B,5912.45,5912.45,5821.50,5840.55,5834.80,281,1646407.00,130
BSE,KPEL,INE127T01021,B,355.65,355.65,347.80,351.65,351.10,16519,5809951.00,454
BSE,KPGEL,INE0QVH01025,M,388.05,394.85,383.20,388.85,391.55,94500,36607187.00,283
BSE,KPIGREEN,INE542W01025,A,405.10,415.85,405.10,410.95,409.85,57542,23726722.00,1158
BSE,KPIL,INE220B01022,A,1416.95,1499.75,1393.85,1444.95,1398.00,22873,32549946.00,1656
BSE,KPITTECH,INE04I401011,A,760.60,771.20,755.00,756.10,763.70,93125,70778558.00,4072
BSE,KPL,INE552U01010,B,2490.40,2500.00,2410.00,2423.65,2482.85,3551,8662829.00,595
BSE,KPRMILL,INE930H01031,A,1162.40,1172.65,1140.10,1151.20,1161.50,25776,29700943.00,1825
BSE,KPT,INE731D01024,X,454.00,458.00,440.05,452.65,445.25,2653,1192586.00,107
BSE,KRANTI,INE911T01010,B,65.40,68.00,62.32,65.24,62.92,6173,402988.00,109
BSE,KRBL,INE001B01026,A,383.50,393.30,382.85,392.05,384.90,19584,7579646.00,480
BSE,KREBSBIO,INE268B01013,B,64.31,64.31,64.01,64.07,65.97,10,640.00,6
BSE,KREONFIN,INE302C01018,XT,66.40,66.40,63.00,65.00,64.59,13277,840551.00,38
BSE,KRETTOSYS,INE128R01023,XT,0.67,0.67,0.65,0.65,0.68,539762,354399.00,313
BSE,KRIDHANINF,INE524L01026,T,3.00,3.00,2.90,2.93,3.00,182,532.00,4
BSE,KRISHIVAL,INE0GGO01015,B,407.60,408.80,405.00,405.15,407.60,760,309295.00,131
BSE,KRISHNA,INE537L01010,X,43.00,44.69,40.45,44.69,42.57,177764,7595881.00,174
BSE,KRISHNACAP,INE897B01019,XT,59.27,59.27,59.27,59.27,59.27,80661,4780777.00,72
BSE,KRITI,INE479D01038,T,73.50,73.94,71.72,72.00,73.16,2216,160712.00,37
BSE,KRITINUT,INE798K01010,T,81.00,86.76,81.00,86.76,82.63,5763,496171.00,46
BSE,KRN,INE0Q3J01015,T,1258.00,1270.00,1200.00,1225.00,1232.65,10666,13070144.00,373
BSE,KRONOX,INE0ATZ01017,B,154.00,154.00,149.75,150.80,151.50,5092,774529.00,188
BSE,KROSS,INE0O6601022,B,191.80,201.85,189.70,195.60,188.30,66648,13166717.00,1218
BSE,KRRAIL,INE078T01026,X,28.00,28.20,27.17,27.97,27.59,29589,823686.00,418
BSE,KRSNAA,INE08LI01020,B,534.05,538.85,529.00,535.80,532.10,4495,2401868.00,300
BSE,KRT,INE1JAR25012,IF,117.06,117.58,116.51,116.60,116.79,14572,1705469.00,312
BSE,KRUPALU,INE0XZB01017,M,32.41,35.35,32.41,35.35,34.11,3200,108416.00,2
BSE,KRYPTONQ,INE951B01014,X,36.00,36.00,34.50,35.03,35.42,3128,110655.00,41
BSE,KRYSTAL,INE0QN801017,B,618.95,624.50,601.30,607.35,608.25,2900,1787056.00,146
BSE,KSB,INE999A01023,A,915.60,959.55,903.45,945.10,902.50,80523,75927314.00,1126
BSE,KSCL,INE455I01029,A,859.70,995.80,856.00,943.95,848.90,390446,375688581.00,11490
BSE,KSE,INE953E01022,X,191.90,194.00,184.50,186.25,188.80,24574,4586872.00,433
BSE,KSHINTL,INE987S01020,B,894.00,899.25,853.00,862.00,886.05,10257,8971787.00,863
BSE,KSL,INE907A01026,B,836.65,839.85,823.30,824.55,828.35,1047,871188.00,121
BSE,KSOLVES,INE0D6I01023,B,295.30,304.20,291.00,295.25,290.85,2354,701355.00,316
BSE,KSR,INE1SPP01016,B,33.81,33.97,32.51,33.49,32.36,2480,82974.00,22
BSE,KSSMART,INE737E01011,X,152.65,157.90,152.65,152.65,160.65,16822,2583238.00,260
BSE,KTIL,INE096L01025,X,64.40,64.40,62.58,63.59,63.80,892,56513.00,32
BSE,KTKBANK,INE614B01018,A,275.05,277.00,272.30,274.35,274.70,56786,15583986.00,1277
BSE,KUANTUM,INE529I01021,B,75.70,77.00,74.68,75.83,75.70,8448,640506.00,101
BSE,KUBERJI,INE594R01018,XT,21.86,21.86,21.85,21.85,23.00,500,10928.00,8
BSE,KUMPFIN,INE795E01019,X,21.80,21.80,21.80,21.80,22.80,637,13886.00,6
BSE,KUNSTOFF,INE638D01021,X,21.73,23.80,21.73,23.60,23.58,323,7268.00,25
BSE,KUSHIND,INE979D01011,X,7.00,7.00,6.72,6.82,7.19,4382,30158.00,31
BSE,KUWERIN,INE430F01010,X,11.97,11.97,11.90,11.90,11.99,85,1017.00,4
BSE,KVFORGE,INE013J01016,X,139.90,149.05,136.25,143.95,135.00,4400,622665.00,71
BSE,KVSCASTING,INE163701019,M,61.00,62.00,60.99,62.00,61.00,10000,613980.00,5
BSE,KVTOYS,INE1IE301018,M,262.35,262.35,251.00,260.00,262.50,1800,464010.00,3
BSE,KWIL,INE2KCE01013,B,36.00,37.60,35.90,36.43,35.88,822372,30187440.00,3021
BSE,KZLFIN,INE006C01015,X,19.48,21.52,19.48,21.52,20.50,226,4658.00,5
BSE,LACTOSE,INE058I01013,X,105.40,106.00,101.55,104.15,104.95,3851,402040.00,48
BSE,LADDERUP,INE519D01015,X,50.49,50.69,50.49,50.69,50.64,219,11099.00,4
BSE,LADDU,INE546I01025,X,0.46,0.47,0.45,0.46,0.45,2271372,1044375.00,363
BSE,LAFFANSQ,INE919B01011,X,28.90,30.00,28.26,28.26,27.31,3152,93100.00,9
BSE,LAHL,INE213U01019,X,6.94,7.38,6.93,7.32,6.96,1519,10872.00,14
BSE,LAHOTIOV,INE515C01023,B,43.65,48.00,43.65,47.00,46.40,26,1218.00,4
BSE,LAKESHORE,INE734D01010,X,63.30,63.95,60.00,61.23,63.30,3266,197010.00,44
BSE,LAKHOTIA,INE191O01010,X,58.59,64.00,58.59,64.00,65.10,2676,160749.00,54
BSE,LAKPRE,INE651C01018,Z,4.88,4.88,4.64,4.66,4.88,5108,23802.00,5
BSE,LAKSELEC,INE284C01018,X,795.00,815.00,795.00,808.15,787.95,353,285741.00,42
BSE,LAKSHMIEW,INE718M01022,X,2242.60,2498.00,2242.60,2473.95,2350.55,268,648935.00,40
BSE,LAKSHMIMIL,INE938C01019,X,7499.95,7524.95,7450.10,7524.95,7401.05,34,254524.00,16
BSE,LAL,INE740X01023,B,7.90,8.99,7.74,8.23,7.85,83555,702844.00,194
BSE,LALPATHLAB,INE600L01024,A,1620.20,1676.00,1620.20,1671.70,1635.95,17250,28647913.00,1574
BSE,LAMBODHARA,INE112F01022,B,114.30,118.60,114.25,116.50,113.75,2181,253866.00,54
BSE,LANCER,INE359U01028,X,10.87,11.95,10.60,11.68,10.87,1357311,15869996.00,1856
BSE,LANCORHOL,INE572G01025,B,24.80,25.05,24.80,24.80,24.70,526,13051.00,6
BSE,LANDMARC,INE394C01023,X,1.82,1.87,1.78,1.81,1.81,58456,105799.00,109
BSE,LANDMARK,INE559R01029,B,432.60,463.10,427.00,453.80,424.85,6329,2841159.00,329
BSE,LANDSMILL,INE688J01023,B,0.84,0.86,0.84,0.85,0.84,500295,422608.00,156
BSE,LAOPALA,INE059D01020,B,184.50,184.50,180.70,181.60,183.25,2513,457769.00,116
BSE,LASA,INE670X01014,B,7.55,7.67,7.25,7.30,7.55,6474,47851.00,33
BSE,LASTMILE,INE404B01022,XT,9.35,9.45,8.56,9.18,9.01,430633,3871128.00,231
BSE,LATENTVIEW,INE0I7C01011,A,299.50,304.85,297.90,299.60,299.50,37557,11285564.00,885
BSE,LATIMMETAL,INE501N01020,X,9.04,10.00,8.85,9.68,9.22,644271,6208836.00,410
BSE,LAURUSLABS,INE947Q01028,A,1423.40,1440.60,1410.15,1436.20,1412.75,42750,61011827.00,2556
BSE,LAXMIDENTL,INE0WO601020,B,222.90,228.55,222.90,225.55,223.60,4728,1064631.00,168
BSE,LAXMIINDIA,INE06WU01026,T,110.00,110.10,106.00,107.65,108.50,2202,238612.00,36
BSE,LAXMIPATI,INE920P01019,M,267.00,267.00,267.00,267.00,304.00,500,133500.00,1
BSE,LCCINFOTEC,INE938A01021,B,4.89,4.96,4.89,4.96,4.73,15676,77590.00,74
BSE,LEENEE,INE791B01014,X,7.42,7.98,7.42,7.70,7.85,9184,71147.00,79
BSE,LEHAR,INE976H01018,X,259.80,278.45,254.00,265.75,257.55,78317,20864677.00,1185
BSE,LELAVOIR,INE204S01012,X,153.95,158.00,148.35,155.00,155.35,3544,546892.00,66
BSE,LEMONTREE,INE970X01018,A,114.50,119.85,113.90,118.75,113.05,1473743,173455793.00,8665
BSE,LENSKART,INE956O01016,B,510.50,525.20,505.50,516.80,512.85,222395,114775949.00,4187
BSE,LERTHAI,INE347D01011,XT,538.80,538.80,530.00,538.00,513.25,13,6978.00,4
BSE,LESHAIND,INE050L01048,X,0.84,0.84,0.82,0.84,0.84,135877,112459.00,129
BSE,LEXGLOBAL,INE745A01012,XT,156.70,156.70,156.55,156.55,164.75,75,11742.00,3
BSE,LEXORAA,INE185D01015,X,19.26,19.26,17.61,17.61,17.51,2541,48929.00,9
BSE,LGBBROSLTD,INE337A01034,B,1551.70,1581.00,1551.70,1565.10,1553.40,331,518606.00,70
BSE,LGBFORGE,INE201J01017,XT,4.85,5.08,4.71,4.81,4.84,904078,4409950.00,847
BSE,LGEINDIA,INE324D01010,B,1652.55,1658.40,1602.20,1606.45,1652.15,157644,257144701.00,4733
BSE,LGLL,INE12QA01010,M,18.00,18.00,18.00,18.00,18.00,1600,28800.00,1
BSE,LGT,INE191201016,M,45.10,45.10,43.50,43.55,45.78,15600,681792.00,13
BSE,LIBERTSHOE,INE557B01019,B,258.35,263.20,256.05,259.90,257.25,3235,837403.00,167
BSE,LIBORD,INE267E01019,X,20.70,20.70,20.70,20.70,19.75,1,20.00,1
BSE,LIBORDFIN,INE212B01011,X,15.60,16.85,15.20,16.68,16.63,395,6415.00,19
BSE,LICHSGFIN,INE115A01026,A,550.40,552.75,547.00,548.90,549.05,39753,21886132.00,1084
BSE,LICI,INE0J1Y01017,A,447.95,447.95,438.50,442.25,440.10,246531,108784696.00,4599
BSE,LIKHAMI,INE920T01011,X,320.85,320.85,320.85,320.85,324.10,1,320.00,1
BSE,LIKHITHA,INE060901027,T,236.70,256.30,236.70,256.30,244.10,57851,14811780.00,249
BSE,LINC,INE802B01027,B,107.00,114.31,107.00,113.10,103.89,26532,2979368.00,1266
BSE,LINCOLN,INE405C01035,B,616.00,621.50,614.30,616.50,612.95,1208,746814.00,65
BSE,LINDEINDIA,INE473A01011,A,7463.25,7580.35,7390.00,7405.95,7477.55,2297,17044139.00,605
BSE,LINKPH,INE302F01011,X,27.00,27.00,27.00,27.00,26.45,18,486.00,2
BSE,LIPPISYS,INE845B01018,XT,177.07,195.69,177.07,195.69,186.38,73273,13629131.00,258
BSE,LKPSEC,INE341H01023,XT,16.36,17.39,16.36,17.38,17.11,9735,165971.00,72
BSE,LLFICL,INE715Q01029,B,1.34,1.36,1.31,1.32,1.33,1501347,1995633.00,791
BSE,LLOYDSENGG,INE093R01011,A,87.88,91.99,87.11,90.26,86.80,2417140,218436446.00,9615
BSE,LLOYDSENT,INE080I01025,A,77.72,80.10,77.08,77.69,77.20,413430,32525366.00,2406
BSE,LLOYDSME,INE281B01032,A,1768.10,1807.85,1742.10,1785.90,1767.75,41612,74163952.00,2933
BSE,LMW,INE269B01029,A,16960.30,16964.00,16565.80,16653.45,16627.80,232,3874537.00,120
BSE,LODHA,INE670K01029,A,919.15,929.10,917.70,926.75,918.75,102701,94920562.00,2292
BSE,LOGICA,INE0BSU01018,M,167.80,183.00,167.80,178.50,186.50,7800,1392690.00,13
BSE,LOGICIEL,INE1BA901016,MT,35.66,36.21,35.63,35.65,37.50,9600,343848.00,15
BSE,LOKESHMACH,INE397H01017,T,274.30,286.00,270.00,284.95,272.65,7555,2122556.00,110
BSE,LONGSPUR,INE180M01033,X,8.43,8.89,8.35,8.89,8.47,18268,162060.00,16
BSE,LOOKS,INE204N01013,XT,10.04,10.04,9.48,9.67,9.97,7236,70351.00,54
BSE,LORDSCHLO,INE846D01012,B,134.65,137.00,131.85,132.75,132.20,1483,198841.00,83
BSE,LORDSHOTL,INE689J01013,X,15.49,15.99,14.72,15.99,15.49,1183,17450.00,12
BSE,LOTUSCHO,INE026D01011,B,690.00,710.95,687.10,706.45,701.15,2799,1976996.00,210
BSE,LOTUSDEV,INE0V9Q01010,B,140.65,147.50,140.65,146.55,142.50,69867,10217333.00,886
BSE,LOTUSEYE,INE947I01017,B,153.00,153.00,127.00,128.05,127.55,2238,291411.00,66
BSE,LOVABLE,INE597L01014,B,76.45,76.62,75.02,75.10,74.15,375,28569.00,15
BSE,LOYAL,INE876S01017,X,159.95,160.95,154.00,157.20,158.90,16366,2579568.00,123
BSE,LOYALTEX,INE970D01010,T,212.50,223.10,212.50,223.10,212.50,66,14559.00,8
BSE,LPDC,INE197J01017,B,6.30,7.00,6.30,6.73,6.83,3401,23092.00,23
BSE,LT,INE018A01030,A,4220.10,4231.50,4190.00,4200.60,4209.60,84014,353374669.00,8258
BSE,LTELEVATOR,INE0TJ801010,M,232.05,237.00,232.05,234.10,236.95,62400,14642000.00,63
BSE,LTF,INE498L01015,A,288.05,289.80,286.40,288.65,286.55,120194,34599941.00,3972
BSE,LTFOODS,INE818H01020,A,383.00,387.75,382.30,386.40,382.75,26869,10360563.00,1063
BSE,LTM,INE214T01019,A,3872.75,3890.80,3809.65,3830.90,3830.55,10235,39323550.00,1406
BSE,LTTS,INE010V01017,A,3333.55,3371.45,3321.00,3339.70,3331.10,2188,7327864.00,433
BSE,LUDLOWJUT,INE983C01015,XT,328.10,343.50,328.10,338.55,344.90,3071,1032187.00,74
BSE,LUMAXIND,INE162B01018,B,5280.15,5305.60,5250.10,5268.80,5280.15,359,1893583.00,127
BSE,LUMAXTECH,INE872H01027,A,1646.00,1669.00,1632.60,1654.05,1646.00,8652,14260953.00,592
BSE,LUPIN,INE326A01037,A,2360.00,2370.00,2335.40,2339.45,2351.90,22442,52818878.00,2503
BSE,LUXIND,INE150G01020,B,1264.90,1264.90,1246.50,1250.15,1246.45,2647,3324175.00,240
BSE,LUXURY,INE1CJB01013,MT,73.99,74.00,73.99,74.00,74.10,3200,236784.00,2
BSE,LWSKNIT,INE281M01013,X,16.89,18.00,16.89,17.31,16.50,11784,208172.00,69
BSE,LXCHEM,INE576O01020,A,154.90,169.95,152.50,163.05,152.00,323216,53296883.00,3998
BSE,LYKALABS,INE933A01014,B,68.98,69.73,68.50,68.50,67.91,1445,99261.00,43
BSE,LYKISLTD,INE624M01014,X,44.00,44.99,43.00,44.24,43.53,12844,567441.00,83
BSE,LYONSCO,INE100F01019,X,21.50,21.50,20.00,20.00,20.85,602,12341.00,10
BSE,LYPSAGEMS,INE142K01011,B,4.87,5.00,4.87,4.99,4.87,6781,33848.00,39
BSE,M&M,INE101A01026,A,3097.60,3103.05,3052.80,3069.25,3074.70,48563,149701549.00,3699
BSE,M&MFIN,INE774D01024,A,294.95,295.50,292.45,294.10,294.10,59771,17583979.00,1093
BSE,MAANALU,INE215I01027,B,128.80,134.00,127.30,129.80,126.90,10434,1360726.00,244
BSE,MACHLTD,INE0UYT01018,M,149.80,149.80,138.40,139.65,144.00,24600,3495720.00,34
BSE,MACIND,INE01BT01015,X,345.85,363.60,345.85,363.60,364.00,2,709.00,2
BSE,MACPLASQ,INE082B01018,X,265.10,275.40,265.10,270.45,277.90,2558,701794.00,57
BSE,MADALA,INE002B01016,X,181.25,192.85,180.00,192.85,187.20,1098,199464.00,31
BSE,MADHAV,INE925C01016,B,40.00,40.00,38.00,39.00,36.90,1099,43805.00,19
BSE,MADHAVIPL,INE631R01026,B,9.00,9.21,8.81,9.09,8.83,64075,580286.00,186
BSE,MADHUCON,INE378D01032,T,6.33,6.33,6.12,6.14,6.37,8103,50210.00,25
BSE,MADHUDIN,INE469C01023,X,40.00,42.00,40.00,42.00,40.00,676,27665.00,4
BSE,MADHURIND,INE110C01015,XT,5.99,5.99,5.99,5.99,6.30,23,137.00,2
BSE,MADHUSE,INE856D01011,X,17.25,18.26,17.00,17.10,17.27,5117,87130.00,30
BSE,MADRASFERT,INE414A01015,B,71.94,73.34,71.55,72.07,71.94,8009,580909.00,217
BSE,MAFATIND,INE270B01035,B,133.00,143.70,132.95,142.30,131.65,61329,8556446.00,1410
BSE,MAGADSUGAR,INE347W01011,B,464.40,470.00,460.75,461.25,451.15,261,122019.00,22
BSE,MAGENTA,INE0QZ901011,M,9.40,9.40,9.40,9.40,9.05,4000,37600.00,1
BSE,MAGNAELQ,INE437D01010,XT,1098.00,1098.00,1064.00,1071.25,1120.00,311,336436.00,29
BSE,MAGNUM,INE387I01016,B,20.12,20.81,19.57,19.84,19.55,16342,335880.00,57
BSE,MAGNUS,INE898E01011,XT,88.20,88.20,88.20,88.20,92.80,17991,1586806.00,130
BSE,MAHABANK,INE457A01014,A,90.27,90.98,88.95,89.47,90.10,1407824,125735820.00,2397
BSE,MAHACORP,INE272E01027,X,0.35,0.36,0.34,0.35,0.35,1003138,349525.00,268
BSE,MAHALIFE,INE0U9D01019,M,174.90,174.90,165.55,172.80,171.70,14400,2451720.00,10
BSE,MAHALXSE,INE257F01017,Z,8.35,8.76,8.00,8.42,8.35,1614,13981.00,9
BSE,MAHANIN,INE735D01041,XT,11.08,11.08,11.08,11.08,11.08,1387,15367.00,11
BSE,MAHAPEXLTD,INE843B01013,B,50.95,50.95,47.00,47.82,48.12,2476,117731.00,49
BSE,MAHASTEEL,INE451L01014,B,830.10,848.00,810.00,846.95,830.10,880,737468.00,82
BSE,MAHAVEER,INE019D01016,Z,13.65,13.65,13.65,13.65,13.00,10795,147351.00,17
BSE,MAHEPC,INE215D01010,B,116.60,121.30,116.60,120.30,116.60,13684,1640190.00,298
BSE,MAHLIFE,INE813A01018,A,359.85,362.65,350.95,360.05,351.65,16198,5796316.00,485
BSE,MAHLOG,INE766P01016,B,356.70,373.00,356.70,370.15,355.20,16512,6063319.00,524
BSE,MAHSCOOTER,INE288A01013,A,12640.00,12980.00,12640.00,12686.80,12578.85,145,1854538.00,83
BSE,MAHSEAMLES,INE271B01025,A,645.15,645.95,633.00,642.50,631.30,11562,7415671.00,485
BSE,MAIDEN,INE0O1T01010,M,77.20,80.00,77.00,79.99,77.01,5000,391290.00,5
BSE,MAINFRA,INE392G01028,XT,13.35,13.60,12.91,13.13,13.22,30921,411114.00,133
BSE,MAITHANALL,INE683C01011,B,1113.00,1113.00,1055.00,1060.50,1111.20,8486,9103480.00,818
BSE,MAJESAUT,INE201B01022,B,347.00,347.00,341.00,343.00,340.25,964,333050.00,41
BSE,MAKERSL,INE987A01010,X,153.95,153.95,145.00,147.80,150.95,5772,856157.00,81
BSE,MALLCOM,INE389C01015,B,1100.05,1132.00,1075.00,1090.55,1100.75,1416,1553565.00,139
BSE,MALPANI,INE0YON01014,M,62.70,65.00,62.50,63.00,58.20,19200,1216064.00,12
BSE,MALUPAPER,INE383H01017,B,31.37,32.20,31.37,32.20,31.37,97,3117.00,58
BSE,MAMATA,INE0TO701015,B,372.45,384.85,370.80,382.45,369.75,8367,3165149.00,299
BSE,MANAKALUCO,INE859Q01017,B,39.99,40.93,38.09,38.55,39.43,6715,264660.00,289
BSE,MANAKCOAT,INE830Q01018,B,117.10,117.90,111.25,112.20,113.10,20580,2351302.00,317
BSE,MANAKSIA,INE015D01022,B,58.00,59.88,52.65,58.70,59.30,4307,253432.00,424
BSE,MANAKSTEEL,INE824Q01011,T,74.00,74.00,72.65,72.65,70.87,280,20450.00,12
BSE,MANALIPETC,INE201A01024,B,65.75,67.03,65.50,66.16,65.69,24158,1598040.00,268
BSE,MANAPPURAM,INE522D01027,A,323.00,328.60,317.60,326.80,318.25,117995,38053882.00,2050
BSE,MANBA,INE939X01013,B,133.95,133.95,130.75,131.25,132.65,7911,1047051.00,97
BSE,MANBRO,INE348N01042,X,57.95,58.90,56.30,57.07,57.57,95972,5491035.00,466
BSE,MANCREDIT,INE545L01039,B,210.50,222.05,206.05,219.70,219.15,5615,1234119.00,130
BSE,MANGALAM,INE584F01014,B,30.49,30.49,29.25,29.94,30.15,10806,325232.00,78
BSE,MANGIND,INE717C01025,X,0.65,0.65,0.62,0.63,0.65,5390438,3389207.00,850
BSE,MANGLMCEM,INE347A01017,B,850.70,901.80,850.70,900.00,850.70,13338,11866861.00,554
BSE,MANINDS,INE993A01026,B,589.45,602.75,586.25,600.45,587.90,38850,23118533.00,1514
BSE,MANINFRA,INE949H01023,A,105.90,110.25,104.90,106.80,104.85,451391,48790490.00,1071
BSE,MANIVENI,INE0YD301010,M,38.09,38.09,37.00,37.50,37.35,112000,4235080.00,11
BSE,MANKIND,INE634S01028,A,2417.55,2544.70,2404.00,2537.05,2417.35,57231,142974105.00,4273
BSE,MANOJJEWEL,INE0MV001018,M,41.00,41.20,41.00,41.10,40.59,14000,574700.00,5
BSE,MANOMAY,INE784W01015,B,195.80,195.80,186.65,192.75,196.10,560,106540.00,42
BSE,MANORAMA,INE00VM01036,A,1557.70,1618.55,1542.00,1545.65,1559.20,8417,13210433.00,710
BSE,MANORG,INE370D01013,T,583.20,583.20,542.00,579.80,555.45,1220,694342.00,57
BSE,MANSIFIN,INE094E01017,X,59.50,59.50,59.50,59.50,59.98,10,595.00,1
BSE,MANTRA,INE304E01010,X,16.50,16.50,15.80,15.87,16.50,7711,122886.00,21
BSE,MANYAVAR,INE825V01034,A,410.65,421.25,410.65,416.10,412.90,54550,22801849.00,466
BSE,MAPMYINDIA,INE0BV301023,A,894.65,905.80,886.00,888.85,888.15,9872,8836849.00,519
BSE,MAPROIN,INE848M01019,X,40.50,42.36,35.00,35.79,38.51,16345,587424.00,49
BSE,MARALOVER,INE882A01013,T,56.41,57.99,56.41,57.98,57.40,207,11992.00,3
BSE,MARATHON,INE182D01020,B,398.20,407.75,398.20,405.00,399.15,303,122251.00,56
BSE,MARBLE,INE807H01023,X,117.50,125.55,117.50,125.45,110.64,64955,7883550.00,198
BSE,MARBU,INE199D01016,X,46.59,46.59,44.50,44.75,43.76,54,2478.00,6
BSE,MARCLOIRE,INE0TBQ01014,M,40.85,40.85,40.85,40.85,39.88,2400,98040.00,2
BSE,MARGOFIN,INE680B01019,X,64.50,67.00,64.18,65.77,64.60,266,17500.00,20
BSE,MARICO,INE196A01026,A,826.35,826.35,809.30,812.40,816.80,10344,8405985.00,975
BSE,MARIS,INE866D01010,X,30.50,30.50,28.00,29.31,29.95,1294,36330.00,23
BSE,MARKOLINES,INE0FW001016,B,172.25,175.50,171.55,172.00,171.10,16209,2810337.00,738
BSE,MARKSANS,INE750C01026,A,260.35,261.55,253.15,256.10,260.20,115075,29530931.00,1736
BSE,MARSONS,INE415B01044,B,117.25,123.15,117.25,120.95,117.65,123260,14742071.00,1285
BSE,MARUTI,INE585B01010,A,13507.50,13507.50,13380.00,13413.00,13393.05,9789,131522128.00,2683
BSE,MASFIN,INE348L01012,B,323.85,323.90,315.10,316.10,318.20,4050,1289354.00,169
BSE,MASTEK,INE759A01021,A,1610.20,1633.45,1600.05,1604.00,1610.15,2998,4828589.00,289
BSE,MASTERTR,INE677D01037,B,79.09,81.76,78.89,80.29,78.64,17860,1417127.00,140
BSE,MATRIMONY,INE866R01028,B,393.00,393.00,387.20,389.95,389.75,1938,757514.00,65
BSE,MAWANASUG,INE636A01039,T,111.00,114.55,108.00,114.00,109.10,23234,2597044.00,218
BSE,MAXESTATES,INE03EI01018,B,460.85,463.00,453.25,459.20,452.50,3368,1547933.00,137
BSE,MAXGROW,INE485D01043,XT,48.23,50.14,48.23,50.14,47.76,13619,682722.00,69
BSE,MAXHEALTH,INE027H01010,A,1096.45,1100.00,1075.25,1094.05,1096.05,503204,550050419.00,4046
BSE,MAXHEIGHTS,INE393F01010,X,12.70,14.13,12.70,13.80,13.69,534,7499.00,12
BSE,MAXIMUS,INE544W01021,X,12.20,12.50,12.00,12.13,11.75,159252,1941607.00,289
BSE,MAXIND,INE0CG601016,B,182.95,182.95,165.30,167.20,167.70,3775,659084.00,233
BSE,MAYUR,INE799E01011,X,24.36,24.36,22.87,22.97,23.88,10472,243942.00,41
BSE,MAYURUNIQ,INE040D01038,B,831.35,831.40,797.60,805.75,827.25,12842,10426953.00,551
BSE,MAZDA,INE885E01042,B,236.80,248.80,236.45,248.30,233.05,5367,1317336.00,272
BSE,MAZDOCK,INE249Z01020,A,2538.45,2567.25,2509.35,2542.20,2514.35,47436,120231480.00,3336
BSE,MBEL,INE08N601015,B,309.25,315.90,309.25,312.20,310.45,2545,793972.00,116
BSE,MBLINFRA,INE912H01013,T,26.70,27.49,26.53,26.80,26.40,2067,55725.00,12
BSE,MCCHRLS-B,INE435D01014,B,680.00,699.75,680.00,699.75,688.00,134,91874.00,24
BSE,MCFL,INE0R5Z01015,M,198.15,202.50,198.00,202.50,198.00,28800,5726520.00,24
BSE,MCLEODRUSS,INE942G01012,T,65.00,65.13,63.83,63.83,65.13,18044,1166379.00,42
BSE,MCLOUD,INE613C01026,B,30.52,30.52,28.25,28.77,29.23,1022451,29787536.00,2328
BSE,MCPL,INE0A6N01026,MT,106.88,112.00,106.88,109.44,112.50,2000,218880.00,2
BSE,MCX,INE745G01043,A,2820.00,2882.85,2819.95,2871.75,2803.50,129114,368933375.00,8204
BSE,MDRC,INE1HK501016,M,52.61,52.61,51.00,51.36,54.00,27200,1411952.00,17
BSE,MDRNSTL,INE001F01019,X,13.17,13.94,13.07,13.67,13.19,1153,15358.00,30
BSE,MEAPL,INE250S01015,X,32.40,32.40,29.70,30.40,30.13,22315,676909.00,147
BSE,MEDANTA,INE474Q01031,A,1284.15,1293.00,1262.00,1288.50,1264.30,8315,10641671.00,680
BSE,MEDIAONE,INE828I01019,Z,14.98,15.60,14.53,14.53,15.29,5240,76232.00,27
BSE,MEDIASSIST,INE456Z01021,A,363.35,371.00,363.35,369.85,363.35,912,336320.00,101
BSE,MEDICAMEQ,INE646B01010,B,227.30,228.35,225.85,225.85,227.65,519,117833.00,19
BSE,MEDICAPQ,INE442D01010,X,26.88,28.50,26.75,27.75,26.93,7367,202898.00,37
BSE,MEDICO,INE630Y01024,B,41.79,44.12,41.79,42.19,42.58,1624,68731.00,33
BSE,MEDPLUS,INE804L01022,A,843.00,845.15,827.10,833.75,844.35,4967,4158434.00,343
BSE,MEERA,INE343X01026,T,49.40,49.40,48.97,48.97,49.96,2403,117770.00,19
BSE,MEESHO,INE0VDM01015,B,176.30,176.90,171.10,172.35,173.65,623587,107892727.00,6182
BSE,MEFCOMCAP,INE186C01023,X,11.15,11.39,10.66,10.78,11.15,11761,128644.00,72
BSE,MEGACOR,INE804B01023,XT,3.26,3.49,3.26,3.40,3.33,94810,325234.00,133
BSE,MEGAMONT,INE317D01014,XT,149.00,155.00,141.55,151.00,149.00,729,106926.00,22
BSE,MEGASTAR,INE00EM01016,B,337.00,348.00,329.85,347.55,333.00,2115,724381.00,278
BSE,MEGRISOFT,INE756R01013,X,82.00,84.55,77.00,84.50,81.40,510,41181.00,17
BSE,MEHAI,INE062Y01020,XT,1.25,1.25,1.20,1.24,1.24,1780918,2202433.00,429
BSE,MEHIF,INE240B01012,X,30.40,30.40,30.40,30.40,30.40,212,6444.00,4
BSE,MEIL,INE0PKD01011,T,311.00,323.20,311.00,318.00,316.95,4118,1310733.00,97
BSE,MENAMANI,INE148B01033,X,7.36,7.36,6.90,6.97,7.01,163105,1141265.00,53
BSE,MENNPIS,INE650G01029,B,56.27,66.24,56.27,65.19,55.84,105677,6596768.00,1218
BSE,MENONBE,INE071D01033,B,176.00,178.90,172.40,173.05,175.35,4327,757389.00,146
BSE,MEP,INE776I01010,Z,0.78,0.78,0.77,0.78,0.78,55056,42682.00,35
BSE,MERCANTILE,INE689O01013,B,26.97,26.97,26.26,26.26,25.04,97,2611.00,5
BSE,MERCTRD,INE319T01016,X,5.54,5.68,5.32,5.42,5.53,41859,231108.00,126
BSE,MERCURYEV,INE763M01028,T,33.95,33.95,33.95,33.95,33.29,7547,256220.00,34
BSE,MERCURYLAB,INE947G01011,X,855.70,855.70,839.95,840.00,850.70,43,36455.00,8
BSE,META,INE958L01034,T,7.72,8.08,7.72,8.08,7.70,2164542,17435324.00,1169
BSE,METAINFO,INE162901016,MT,84.65,85.07,84.65,85.07,81.02,8800,747160.00,11
BSE,METALCO,INE161E01014,X,52.58,53.99,52.00,52.47,52.85,949,49752.00,37
BSE,METHODHUB,INE0QZR01017,M,79.00,82.45,79.00,81.90,80.55,5400,436170.00,9
BSE,METROBRAND,INE317I01021,A,1028.85,1055.20,1028.85,1044.50,1037.55,1501,1565331.00,162
BSE,METROGLOBL,INE085D01033,B,132.00,132.00,128.00,128.00,130.25,1271,165615.00,31
BSE,METROPOLIS,INE112L01020,A,552.20,558.10,526.65,540.95,552.20,17725,9592569.00,849
BSE,METSL,INE318N01011,X,140.30,142.00,136.05,140.05,139.15,6157,856353.00,72
BSE,MFLINDIA,INE244C01020,X,0.39,0.40,0.39,0.39,0.39,374097,146625.00,232
BSE,MFML,INE0US801024,B,26.99,26.99,22.90,23.00,22.89,72,1665.00,5
BSE,MFSINTRCRP,INE614F01019,XT,12.50,13.60,12.50,13.60,12.97,11412,148244.00,17
BSE,MFSL,INE180A01020,A,1654.55,1707.75,1654.55,1685.35,1674.20,10917,18428470.00,1450
BSE,MGEL,INE0APB01032,T,15.79,16.29,15.61,15.77,15.75,10542,167820.00,39
BSE,MGIL,INE368C01019,XT,37.94,40.00,37.51,40.00,38.13,2504,96205.00,21
BSE,MGL,INE002S01010,A,1211.40,1253.10,1211.40,1246.35,1207.05,17085,21175843.00,1310
BSE,MHLXMIRU,INE112D01035,B,170.00,173.00,150.00,152.90,170.25,9816,1512601.00,219
BSE,MHRIL,INE998I01010,B,237.40,247.25,236.80,242.85,234.90,19308,4691614.00,372
BSE,MICEL,INE287C01037,B,42.01,43.39,42.01,42.78,42.31,47585,2035497.00,1003
BSE,MIDEASTP,INE033E01015,XT,37.96,37.96,37.96,37.96,36.16,132216,5018919.00,17
BSE,MIDHANI,INE099Z01011,A,439.80,447.75,438.00,441.60,436.75,46942,20805383.00,1673
BSE,MIDINDIA,INE401C01018,X,6.23,6.80,6.20,6.59,6.20,2431,15134.00,12
BSE,MIDWEST,INE519N01014,T,3910.15,4021.00,3852.55,3998.00,3910.15,2318,9199307.00,219
BSE,MIDWESTLTD,INE0XAD01024,B,1283.90,1305.60,1272.70,1299.70,1290.35,2004,2585722.00,295
BSE,MIHIKA,INE779Q01017,XT,14.96,14.96,14.92,14.92,14.67,60,897.00,2
BSE,MIIL,INE898Q01015,B,746.00,769.85,744.00,759.05,757.60,53510,40752553.00,435
BSE,MIL,INE858Q01019,X,25.90,27.00,24.21,25.16,25.17,3792,95334.00,104
BSE,MILEFUR,INE424Z01011,MT,27.00,27.75,26.41,27.75,27.80,21000,563940.00,7
BSE,MILESTONE,INE151H01018,X,17.21,17.21,17.21,17.21,17.21,40,688.00,1
BSE,MILLENNIUM,INE570N01025,X,1.85,1.85,1.84,1.84,1.81,154,283.00,3
BSE,MINALIND,INE097E01028,X,2.54,2.54,2.45,2.46,2.55,13772,34242.00,73
BSE,MINAXI,INE952C01028,X,1.58,1.66,1.58,1.65,1.63,36790,60280.00,22
BSE,MINDACORP,INE842C01021,A,665.50,671.00,656.70,660.00,652.85,20506,13561668.00,1131
BSE,MINDSPACE,INE0CCU25019,IF,463.96,464.99,462.30,464.05,463.96,8461,3925628.00,1678
BSE,MINDTECK,INE110B01017,B,208.90,215.00,208.70,209.45,209.35,6090,1292030.00,223
BSE,MINID,INE281E01028,X,6.77,6.77,6.22,6.37,6.63,428866,2744699.00,876
BSE,MINOLTAF,INE514C01026,XT,1.46,1.46,1.46,1.46,1.53,29201,42633.00,33
BSE,MIRZAINT,INE771A01026,B,33.53,33.58,33.00,33.23,33.39,11273,374716.00,199
BSE,MISHDESIGN,INE0QI101019,M,34.65,34.65,34.65,34.65,33.00,1500,51975.00,3
BSE,MISHKA,INE540S01019,X,38.80,40.01,36.21,40.00,40.01,3218,128523.00,20
BSE,MISHTANN,INE094S01041,X,3.96,4.00,3.91,3.96,3.96,1039206,4123272.00,1738
BSE,MITSHI,INE844D01017,X,14.99,14.99,13.37,13.95,14.49,5010,69915.00,55
BSE,MITSU,INE317V01016,XT,150.50,152.00,145.10,150.40,151.40,64599,9573204.00,201
BSE,MITTALSTL,INE833Q01012,MT,32.00,32.00,31.70,32.00,32.46,3000,95700.00,3
BSE,MIZVEN,INE681K01026,X,130.05,130.05,127.30,128.00,134.00,306,39164.00,9
BSE,MKEXIM,INE227F01010,X,62.47,65.49,58.16,63.12,62.31,60319,3724521.00,369
BSE,MKPL,INE964W01021,B,4.78,5.20,4.78,4.96,4.93,24647,121497.00,146
BSE,MKPMOB,INE676G01024,X,118.00,118.00,110.00,113.00,112.50,17,1968.00,4
BSE,MKTCREAT,INE944C01017,X,15.53,15.53,15.00,15.00,14.80,586,8791.00,4
BSE,MKVENTURES,INE874A01010,X,1094.95,1189.60,1015.00,1156.70,1066.55,1418,1577073.00,157
BSE,MLKFOOD,INE588G01021,X,71.98,73.52,71.00,71.26,70.57,10090,729482.00,86
BSE,MMFL,INE227C01017,B,419.70,471.55,419.70,451.15,470.00,5629,2567660.00,322
BSE,MMLF,INE340O01021,B,0.77,0.83,0.75,0.81,0.76,56830,45047.00,85
BSE,MMRUBBR-B,INE159E01026,X,64.50,65.99,62.11,62.26,64.99,464,29291.00,10
BSE,MMTC,INE123F01029,A,74.74,77.14,74.45,74.92,74.56,575499,43598438.00,3651
BSE,MMWL,INE200D01020,T,13.39,13.70,13.00,13.40,13.13,3152,41352.00,19
BSE,MNFL,INE0UH001016,M,160.00,160.00,151.00,151.00,153.00,2400,373200.00,2
BSE,MNIL,INE216Q01010,X,37.29,38.44,35.56,36.99,36.97,3391,126346.00,53
BSE,MOBAVENUE,INE622Q01027,X,307.00,315.05,303.00,308.35,307.90,63938,19797154.00,730
BSE,MOBIKWIK,INE0HLU01028,B,199.95,201.50,197.50,198.05,198.05,26388,5260891.00,444
BSE,MODAIRY,INE617B01011,X,33.25,34.27,33.25,33.59,33.75,6760,229050.00,109
BSE,MODINATUR,INE537F01012,T,399.95,415.80,386.75,409.90,400.50,1196,486682.00,41
BSE,MODINSU,INE219W01012,XT,516.00,542.00,493.05,537.10,519.00,222291,111990081.00,1712
BSE,MODIPON,INE170C01019,XT,51.87,51.87,46.93,46.93,49.40,360,16899.00,6
BSE,MODIRUBBER,INE832A01018,B,130.00,130.15,126.00,127.00,125.15,256,32611.00,19
BSE,MODIS,INE0L0L01012,B,347.45,347.45,345.00,345.00,349.00,1644,567862.00,109
BSE,MODISONLTD,INE737D01021,T,319.00,340.10,319.00,340.10,323.95,39163,13293500.00,366
BSE,MODMA,INE834C01028,P,68.72,68.72,68.72,68.72,70.12,600,41232.00,4
BSE,MODRNSH,INE370A01019,X,37.15,39.92,35.21,37.77,36.41,368,13860.00,30
BSE,MODTHREAD,INE794W01014,B,42.27,42.50,42.27,42.27,43.13,20,845.00,4
BSE,MODULEX,INE064R01012,Z,14.81,15.00,14.80,14.82,15.57,66916,996019.00,89
BSE,MOHITE,INE154B01023,X,2.75,3.14,2.57,3.09,2.62,820343,2474619.00,510
BSE,MOHITIND,INE954E01012,B,22.99,24.00,22.51,23.85,22.68,2639,62125.00,120
BSE,MOHITPPR,INE388C01017,X,27.39,27.95,27.39,27.49,27.39,231,6330.00,8
BSE,MOIL,INE490G01020,A,296.95,299.00,287.95,291.95,293.60,24836,7313730.00,588
BSE,MOL,INE0CT101020,B,50.13,51.80,50.05,50.78,50.32,55633,2831016.00,602
BSE,MOLDTECH,INE835B01035,B,134.75,135.80,134.00,135.10,135.25,4245,572477.00,104
BSE,MOLDTKPAC,INE893J01029,B,698.10,712.00,688.00,690.15,697.15,3205,2253985.00,227
BSE,MONARCH,INE903D01011,B,348.35,355.95,348.35,353.10,350.80,3849,1361809.00,240
BSE,MONEYBOXX,INE296Q01012,B,69.40,69.40,68.30,68.83,69.40,4864,334067.00,393
BSE,MONGIPA,INE153K01018,X,16.83,16.83,16.05,16.79,16.65,1119,18761.00,17
BSE,MONIKA,INE0LCG01010,M,220.00,228.80,220.00,226.55,225.40,7200,1623620.00,13
BSE,MONIND,INE407E01029,X,22.99,22.99,21.00,22.99,21.90,24,535.00,9
BSE,MONOT,INE811D01024,X,0.38,0.39,0.38,0.39,0.38,1089739,421680.00,504
BSE,MONTECARLO,INE950M01013,B,561.50,572.40,560.35,564.75,561.20,1556,879987.00,121
BSE,MORARJEE,INE161G01027,Z,10.52,10.52,9.58,10.52,10.02,15922,165757.00,46
BSE,MORARKFI,INE367A01015,X,71.00,71.00,63.70,64.04,64.10,4553,291873.00,58
BSE,MOREPENLAB,INE083A01026,A,50.39,51.20,49.72,50.18,49.57,498064,25066865.00,1354
BSE,MORGAN,INE902C01015,X,48.16,49.88,47.10,49.05,48.90,1614,78721.00,54
BSE,MOSCHIP,INE935B01025,A,214.20,218.65,212.80,213.25,212.55,128473,27631317.00,1916
BSE,MOTHERSON,INE775A01035,A,145.30,146.45,143.35,145.80,145.55,883846,128159161.00,9948
BSE,MOTILALOFS,INE338I01027,A,952.45,961.15,939.00,948.50,954.10,86193,81656339.00,3247
BSE,MOTISONS,INE0FRK01020,B,14.30,15.20,14.05,14.17,14.34,1352492,19742629.00,1306
BSE,MOTOGENFIN,INE861B01023,T,29.73,30.34,29.26,30.00,30.34,3439,102945.00,21
BSE,MPAGI,INE468C01017,X,10.10,10.69,9.50,9.90,10.02,854,8506.00,22
BSE,MPDL,INE493H01014,X,35.99,35.99,32.10,32.89,33.49,745,24116.00,19
BSE,MPHASIS,INE356A01018,A,2280.20,2305.00,2271.20,2279.20,2271.45,10818,24702338.00,1688
BSE,MPILCORPL,INE844C01027,XT,559.80,559.80,559.80,559.80,571.20,20,11196.00,1
BSE,MPKSTEELS,INE1PJP01015,M,119.90,120.00,119.00,119.00,118.90,11200,1339080.00,5
BSE,MPL,INE343A01016,X,6.25,6.94,6.25,6.90,6.20,3151,21196.00,16
BSE,MPSLTD,INE943D01017,B,1795.90,1825.00,1790.00,1816.85,1810.25,945,1714252.00,96
BSE,MRCAGRO,INE333Y01017,B,38.00,39.45,37.30,37.47,37.68,21089,803370.00,175
BSE,MRF,INE883A01011,A,128950.00,131900.00,128752.30,131520.60,128601.85,765,100112787.00,517
BSE,MRP,INE0D7801012,M,91.00,99.00,88.00,92.01,90.97,48000,4442440.00,25
BSE,MRPL,INE103A01014,A,155.35,156.00,153.90,154.35,154.10,243608,37681583.00,2271
BSE,MRTX,INE1RQS01010,M,414.15,425.50,388.05,393.30,410.10,244000,98917750.00,239
BSE,MRUTR,INE738D01029,XT,50.56,50.56,50.56,50.56,49.57,34,1719.00,5
BSE,MSAFE,INE2B5L01011,M,156.05,186.05,156.05,184.75,155.05,408000,71002200.00,306
BSE,MSCTC,INE277E01026,X,48.00,48.24,48.00,48.24,45.95,3375,162763.00,22
BSE,MSECL,INE0V0L01028,MT,214.50,216.00,208.50,208.95,214.00,22800,4814490.00,24
BSE,MSL,INE829S01016,X,121.05,124.60,121.00,124.00,121.05,2092,258758.00,25
BSE,MSPL,INE752G01015,B,46.43,46.43,43.80,44.60,44.22,160852,7227889.00,740
BSE,MSRINDIA,INE331L01026,Z,4.29,4.29,4.29,4.29,4.51,46929,201325.00,216
BSE,MSTCLTD,INE255X01014,B,692.75,696.00,680.05,691.30,693.05,34308,23615088.00,1182
BSE,MSUMI,INE0FS801015,A,38.54,38.58,38.03,38.36,38.02,424255,16228788.00,2389
BSE,MTARTECH,INE864I01014,A,8419.95,8470.00,8150.00,8301.45,8370.50,178665,1484092936.00,20867
BSE,MTL,INE1K0V01011,M,90.15,93.67,86.00,92.44,90.15,7200,652344.00,6
BSE,MTNL,INE153A01019,B,32.40,32.80,31.85,32.00,31.82,104511,3368331.00,572
BSE,MTPL,INE245H01018,XT,14.60,15.72,14.25,14.95,15.00,21209,310967.00,120
BSE,MUDUNURU,INE491C01027,XT,9.12,10.06,9.12,10.06,9.59,10689,105250.00,20
BSE,MUFIN,INE08KJ01020,B,132.00,132.70,130.00,131.90,131.60,53645,7048524.00,425
BSE,MUFTI,INE220Q01020,B,91.47,91.94,87.18,90.71,89.68,12403,1120476.00,538
BSE,MUKANDLTD,INE304A01026,B,136.20,139.00,136.20,137.60,136.35,8776,1211110.00,196
BSE,MUKATPIP,INE862C01029,XT,16.40,16.40,16.31,16.31,16.62,223,3655.00,9
BSE,MUKKA,INE0CG401037,B,24.15,25.40,24.15,24.92,24.26,20580,508516.00,165
BSE,MUKTA,INE160O01031,X,3.12,3.12,3.05,3.05,3.12,2284,7108.00,14
BSE,MUKTAARTS,INE374B01019,B,64.13,66.00,64.13,66.00,64.20,317,20890.00,3
BSE,MUL,INE150D01027,X,9.09,9.45,8.95,9.01,9.04,30889,278990.00,91
BSE,MULLER,INE003F01015,X,203.00,203.00,203.00,203.00,193.80,102,20706.00,9
BSE,MULTIBASE,INE678F01014,X,182.90,184.00,177.55,180.35,178.80,5326,962357.00,135
BSE,MUNCAPM,INE910G01027,XT,109.25,109.25,109.25,109.25,115.00,35,3823.00,1
BSE,MUNJALAU,INE672B01032,B,99.00,99.98,97.84,98.01,98.29,10568,1042515.00,185
BSE,MUNJALSHOW,INE577A01027,B,124.10,131.20,124.10,129.20,128.95,3533,459352.00,106
BSE,MUNOTHFI,INE348D01019,XT,31.00,31.00,31.00,31.00,31.36,1,31.00,1
BSE,MURUDCERA,INE692B01014,B,33.00,33.93,32.28,32.69,32.62,71247,2348912.00,191
BSE,MUTHOOTCAP,INE296G01013,B,209.25,219.10,204.05,211.60,206.45,4669,989196.00,336
BSE,MUTHOOTFIN,INE414G01012,A,3174.90,3225.00,3138.00,3217.30,3123.70,17304,55009576.00,2279
BSE,MUTHOOTMF,INE046W01019,B,203.45,210.25,201.00,203.45,203.50,14817,3059745.00,355
BSE,MVGJL,INE0KNT01012,B,147.60,149.05,146.50,148.50,147.00,4872,721625.00,245
BSE,MWL,INE0JYY01011,B,378.25,380.90,373.50,380.90,375.15,154,57909.00,13
BSE,MYMONEY,INE232L01018,X,43.99,43.99,41.99,41.99,40.09,7,298.00,6
BSE,MYSORPETRO,INE741A01011,X,95.18,100.80,92.60,98.17,95.18,519,50106.00,16
BSE,MYSTICELE,INE159O01033,X,3.20,3.39,3.11,3.23,3.26,11967,38685.00,46
BSE,NACDAC,INE0LB101011,M,24.12,24.12,24.12,24.12,24.75,8000,192960.00,2
BSE,NACLIND,INE295D01020,B,197.95,220.75,195.95,215.75,193.95,335655,71053345.00,4660
BSE,NAGAFERT,INE454M01024,Z,3.41,3.41,3.41,3.41,3.58,18815,64159.00,40
BSE,NAGPI,INE099E01016,X,141.00,143.00,138.00,140.70,136.05,1713,238892.00,53
BSE,NAGREEKCAP,INE245I01016,T,26.74,26.76,26.60,26.60,27.10,4163,110827.00,12
BSE,NAGREEKEXP,INE123B01028,B,27.79,28.40,26.95,27.22,27.79,1297,35683.00,44
BSE,NAGTECH,INE793H01017,XT,54.68,54.68,49.50,54.68,52.08,38505,2079308.00,47
BSE,NAHARCAP,INE049I01012,B,257.00,257.00,251.10,251.10,247.00,5,1272.00,3
BSE,NAHARINDUS,INE289A01011,B,119.25,121.35,118.70,119.05,120.00,3140,377236.00,79
BSE,NAHARPOLY,INE308A01027,B,252.00,253.00,252.00,253.00,252.00,150,37850.00,4
BSE,NAHARSPING,INE290A01027,T,250.50,269.00,243.75,258.45,256.50,2041,508768.00,36
BSE,NAKSH,INE256S01012,T,4.71,4.80,4.71,4.80,4.80,490,2334.00,10
BSE,NAM,INE792G01011,X,80.50,80.50,80.26,80.26,80.50,40,3210.00,3
BSE,NAM-INDIA,INE298J01013,A,1187.15,1196.00,1179.25,1187.65,1187.05,25035,29662864.00,2021
BSE,NANTA,INE0YJA01011,MT,534.00,536.00,534.00,536.00,510.50,2400,1285200.00,4
BSE,NAPEROL,INE585A01020,X,630.00,650.00,630.00,645.10,625.25,1352,868783.00,107
BSE,NAPL,INE223R01014,X,203.00,203.00,186.80,199.55,196.60,27136,5335295.00,194
BSE,NARMADA,INE117Z01011,B,35.00,38.19,34.99,37.47,35.55,17830,653938.00,316
BSE,NARMADESH,INE0S1B01014,MT,344.00,344.00,344.00,344.00,343.20,240,82560.00,1
BSE,NARMP,INE060D01028,X,23.01,24.10,23.01,24.10,22.96,181799,4353677.00,374
BSE,NARPROP,INE603F01012,X,37.08,37.08,36.00,36.49,36.90,153,5583.00,9
BSE,NATCAPSUQ,INE936B01015,B,165.95,169.75,157.10,158.10,160.50,291,46892.00,15
BSE,NATCOPHARM,INE987B01026,A,885.40,892.75,881.80,884.35,888.75,13437,11912722.00,1300
BSE,NATFIT,INE643C01015,X,163.65,163.65,155.00,159.15,156.40,6876,1083246.00,64
BSE,NATGENI,INE654H01011,XT,60.93,60.93,60.93,60.93,62.17,28,1706.00,2
BSE,NATHBIOGEN,INE448G01010,B,165.00,169.60,164.50,168.60,160.85,6139,1032979.00,141
BSE,NATHIND,INE777A01023,X,49.31,49.31,46.68,48.44,48.34,2522,119232.00,26
BSE,NATHUEC,INE487B01019,XT,37.50,37.50,36.75,37.50,37.50,3001,112162.00,11
BSE,NATIONALUM,INE139A01034,A,379.50,379.50,374.20,378.00,375.65,454157,171456011.00,3845
BSE,NATPLAS,INE233D01013,X,48.48,48.48,43.35,43.93,42.86,1863,84817.00,35
BSE,NATPLASTI,INE896D01017,X,217.95,217.95,207.05,215.25,209.85,1215,260665.00,31
BSE,NATPLY,INE497C01016,Z,2.66,2.66,2.58,2.58,2.63,14251,36798.00,17
BSE,NATRAJPR,INE444D01016,X,36.04,38.46,36.04,36.42,36.04,63,2316.00,17
BSE,NATURAL,INE06MM01016,X,3.80,4.50,3.04,3.84,3.80,263521,946980.00,237
BSE,NATURO,INE0JNB01012,MT,2.38,2.62,2.38,2.62,2.50,20000,48560.00,4
BSE,NAUKRI,INE663F01032,A,997.60,998.45,981.05,984.25,983.90,22246,21944419.00,1979
BSE,NAVA,INE725A01030,A,620.40,628.00,618.20,621.85,622.85,13263,8266718.00,637
BSE,NAVINFLUOR,INE048G01026,A,7490.00,7623.00,7355.00,7570.90,7506.10,5188,38678411.00,1073
BSE,NAVKARCORP,INE278M01019,B,104.99,113.50,104.99,108.88,105.06,116894,12829233.00,1566
BSE,NAVKARURB,INE268H01044,T,1.10,1.17,1.10,1.15,1.14,66988,76056.00,59
BSE,NAVNETEDUL,INE060A01024,B,139.50,142.10,139.35,140.50,139.30,6299,883669.00,87
BSE,NAZARA,INE418L01047,A,297.30,301.95,297.30,300.35,297.45,48506,14547900.00,1737
BSE,NBCC,INE095N01031,A,111.55,113.20,109.50,110.00,111.50,948227,105368485.00,6041
BSE,NBFOOT,INE006F01018,P,8.49,8.49,7.82,8.45,8.23,4100,33095.00,7
BSE,NBL,INE0GOA01018,MS,140.70,140.70,132.15,140.70,127.91,68400,9589680.00,48
BSE,NCC,INE868B01028,A,158.05,161.00,156.90,159.30,155.80,354259,56372292.00,3394
BSE,NCCBLUE,INE630N01019,P,19.50,19.50,19.50,19.50,19.50,100,1950.00,1
BSE,NCLIND,INE732C01016,B,192.30,195.60,191.40,191.65,192.50,1937,373435.00,113
BSE,NCLRESE,INE132F01038,X,0.52,0.52,0.50,0.51,0.52,1323739,679088.00,750
BSE,NDASEC,INE026C01013,X,32.14,32.14,31.20,31.66,31.79,1596,50544.00,8
BSE,NDL,INE875G01048,B,2.56,2.63,2.45,2.52,2.62,704492,1776617.00,773
BSE,NDLVENTURE,INE353A01023,B,138.95,139.15,131.80,132.60,134.35,2392,326104.00,95
BSE,NDMETAL,INE643D01013,XT,75.81,75.81,75.81,75.81,75.81,27,2046.00,7
BSE,NDRAUTO,INE07OG01012,B,853.05,870.05,841.50,848.50,856.00,4956,4237317.00,314
BSE,NDTV,INE155G01029,B,82.25,83.90,81.09,82.17,81.19,56492,4638277.00,290
BSE,NEAGI,INE605D01012,B,3150.00,3150.00,3149.95,3149.95,3110.00,5,15749.00,4
BSE,NECCLTD,INE553C01016,B,18.90,18.90,16.24,16.82,16.95,6923,117743.00,53
BSE,NECLIFE,INE023H01027,T,11.30,11.93,11.27,11.87,11.50,21488,252133.00,72
BSE,NEELKAN,INE741D01015,Z,40.83,40.83,40.83,40.83,38.89,9721,396908.00,13
BSE,NEELKANTH,INE581D01015,X,43.30,43.30,40.50,43.30,41.27,1106,44809.00,6
BSE,NEERAJ,INE894J01019,X,22.00,22.00,22.00,22.00,22.00,86,1892.00,1
BSE,NEETUYOSHI,INE0UZO01024,MT,146.65,151.90,142.00,151.70,144.70,153600,23028960.00,153
BSE,NEIL,INE396C01010,X,6.75,6.89,6.25,6.74,6.30,12603,85264.00,39
BSE,NELCAST,INE189I01024,B,139.10,142.70,138.60,140.10,137.25,16361,2301088.00,283
BSE,NELCO,INE045B01015,B,940.00,985.00,920.50,924.95,941.40,108346,103677241.00,3774
BSE,NEOGEN,INE136S01016,B,1961.80,1961.80,1904.05,1912.80,1930.75,2747,5281525.00,298
BSE,NEOINFRA,INE216I01017,X,41.85,41.85,40.50,41.05,40.48,1103,45193.00,8
BSE,NEPHROPLUS,INE428V01029,B,735.90,756.50,718.25,724.30,734.00,22661,16762103.00,968
BSE,NEPLOG,INE1NQ501012,MT,39.00,39.00,38.50,38.90,38.50,6000,233100.00,6
BSE,NESCO,INE317F01035,B,1160.15,1160.20,1127.75,1135.65,1137.40,1655,1882836.00,163
BSE,NESTLEIND,INE239A01024,A,1422.50,1429.85,1398.00,1401.90,1415.35,60006,84585919.00,4192
BSE,NETLINK,INE040F01033,X,192.50,196.90,188.00,189.55,192.45,1913,364187.00,37
BSE,NETTLINX,INE027D01019,X,16.84,18.00,16.50,16.50,16.51,19780,333781.00,99
BSE,NETWEB,INE0NT901020,A,5148.40,5168.00,5017.85,5111.50,5070.80,107865,549870601.00,8056
BSE,NETWORK18,INE870H01013,A,33.80,34.65,33.80,34.14,33.99,193296,6629666.00,852
BSE,NEUEON,INE333I01044,T,19.90,19.90,19.90,19.90,20.94,9,179.00,1
BSE,NEULANDLAB,INE794A01010,A,17479.50,17479.50,17032.70,17201.60,17349.60,767,13196966.00,330
BSE,NEWGEN,INE619B01017,A,482.95,490.95,480.50,482.85,482.50,80868,39108613.00,2008
BSE,NEWINFRA,INE997D01021,X,2.00,2.15,2.00,2.05,1.98,284589,579839.00,247
BSE,NEWLIGHT,INE835U01027,X,1.33,1.37,1.33,1.35,1.33,43124,58130.00,116
BSE,NEWTRAC,INE229N01010,X,4.70,4.70,4.45,4.68,4.67,5446,25422.00,35
BSE,NEXOME,INE641A01013,X,114.00,114.10,114.00,114.10,108.70,5083,579480.00,17
BSE,NEXTMEDIA,INE747B01016,B,4.09,4.09,3.97,3.97,3.94,1811,7390.00,20
BSE,NEXUSSURGL,INE370Q01015,X,21.79,21.79,20.15,21.79,20.00,2961,64038.00,20
BSE,NFL,INE870D01012,B,78.00,79.98,77.76,78.31,77.82,165525,13040896.00,803
BSE,NGIL,INE236Y01012,T,36.10,36.10,36.10,36.10,37.06,1000,36100.00,2
BSE,NGIND,INE825C01018,X,125.40,125.40,117.95,117.95,119.15,389,48124.00,18
BSE,NGLFINE,INE887E01022,B,3020.00,3180.00,3019.95,3156.15,3074.15,968,3036693.00,229
BSE,NH,INE410P01011,A,1877.45,1909.00,1863.90,1905.20,1877.75,10526,19825818.00,734
BSE,NHCFOODS,INE141C01036,XT,1.15,1.17,1.12,1.12,1.17,2450459,2763674.00,726
BSE,NHL,INE0N4701016,M,80.80,84.01,78.99,80.49,80.80,6400,518864.00,4
BSE,NHPC,INE848E01016,A,75.90,79.45,75.74,78.19,75.78,8179836,646827251.00,6752
BSE,NIACL,INE470Y01017,A,204.70,218.00,204.70,212.10,202.10,4230711,899194960.00,27731
BSE,NIBE,INE149O01018,B,1815.00,1845.90,1760.00,1832.35,1816.10,46557,84337388.00,3276
BSE,NIBL,INE047O01014,B,29.60,33.49,29.32,29.95,30.98,6227,192380.00,199
BSE,NICCOPAR,INE653C01022,X,72.00,77.00,72.00,76.98,75.12,2347,176743.00,65
BSE,NIDHGRN,INE276H01013,XT,405.70,405.70,393.30,393.30,414.00,1073,426511.00,34
BSE,NIHARINF,INE876E01033,X,6.32,6.36,6.20,6.20,6.45,5764,36072.00,20
BSE,NIITLTD,INE161A01038,B,96.34,108.23,95.30,103.79,94.94,511963,53623124.00,3795
BSE,NIITMTS,INE342G01023,A,232.50,242.50,231.45,237.25,228.80,15581,3703810.00,633
BSE,NIKHILAD,INE926C01022,X,79.99,81.70,78.31,80.70,79.74,15651,1258038.00,235
BSE,NIKKIGL,INE526C01012,XT,21.93,21.93,21.07,21.93,21.50,19765,430724.00,11
BSE,NIKSTECH,INE0GX601011,TS,291.75,291.75,291.75,291.75,307.10,900,262575.00,3
BSE,NILACHAL,INE416N01013,X,46.00,46.00,41.00,42.79,43.00,302,13030.00,9
BSE,NILAINFRA,INE937C01029,B,8.02,8.14,7.97,8.06,7.87,2729,21929.00,26
BSE,NILASPACES,INE00S901012,B,12.98,13.20,12.90,12.98,12.98,28542,370780.00,116
BSE,NILE,INE445D01013,B,1803.95,1803.95,1750.70,1768.30,1762.50,635,1123193.00,83
BSE,NILKAMAL,INE310A01015,B,1314.00,1314.00,1281.60,1281.60,1294.35,583,757445.00,72
BSE,NIMBSPROJ,INE875B01015,T,226.00,226.00,226.00,226.00,217.50,5,1130.00,1
BSE,NINSYS,INE395U01014,T,693.50,756.55,693.50,756.20,720.55,2309,1729943.00,72
BSE,NIPPOBATRY,INE567A01028,B,352.00,361.00,350.95,360.80,350.95,109,38982.00,24
BSE,NIRAJ,INE368I01016,T,34.13,34.13,30.89,31.38,32.51,210552,6860505.00,216
BSE,NIRAVCOM,INE242B01018,X,712.45,778.90,712.45,772.85,749.90,66,47863.00,7
BSE,NIRLON,INE910A01012,B,646.00,646.00,618.85,624.00,618.85,187,116411.00,29
BSE,NISMGMT,INE0M3X01010,M,47.15,47.15,40.30,45.00,48.00,51600,2289876.00,41
BSE,NISUS,INE0DQN01013,M,217.00,218.00,210.60,212.00,213.75,22000,4707980.00,41
BSE,NITCO,INE858F01012,B,114.95,118.00,111.60,114.13,113.78,195574,22459275.00,1725
BSE,NITINCAST,INE861H01020,X,587.00,587.00,580.00,584.05,587.70,309,179407.00,24
BSE,NITINSPIN,INE229H01012,B,570.00,570.00,551.25,558.15,568.50,1789,999260.00,110
BSE,NITTAGELA,INE265B01019,B,1608.10,1622.70,1569.80,1606.20,1576.50,806,1284305.00,185
BSE,NIVABUPA,INE995S01015,A,87.10,87.52,86.15,86.81,86.91,1618618,140766667.00,1429
BSE,NIVAKA,INE139E01028,X,0.96,0.98,0.91,0.98,0.94,148470,142381.00,52
BSE,NIYOGIN,INE480D01010,X,42.49,42.60,41.00,42.29,41.50,44490,1854438.00,222
BSE,NLCINDIA,INE589A01014,A,322.75,329.30,318.45,327.25,321.65,145951,47564411.00,2307
BSE,NLFL,INE606C01012,X,39.51,41.45,39.51,41.45,40.29,398,16002.00,8
BSE,NMDC,INE584A01023,A,88.52,89.07,87.76,88.19,88.43,1040236,91917151.00,7599
BSE,NMSGLOBAL,INE169F01014,X,91.60,91.60,85.40,87.38,88.58,6801,591936.00,132
BSE,NOBPOL,INE203Q01026,XT,4.51,4.51,4.51,4.51,4.43,11450,51639.00,7
BSE,NOCIL,INE163A01018,B,163.45,190.70,163.45,190.70,158.95,1478877,276249063.00,11796
BSE,NOIDATOLL,INE781B01015,T,4.91,4.99,4.76,4.93,4.89,36027,173209.00,85
BSE,NOL,INE296D01010,X,59.10,60.79,55.31,56.31,58.75,20888,1194963.00,187
BSE,NORBTEAEXP,INE369C01017,B,70.50,70.70,68.93,69.11,70.50,30,2101.00,3
BSE,NORRIS,INE744C01029,X,14.50,14.50,13.55,13.60,14.00,1282,17715.00,25
BSE,NORTHARC,INE850M01015,A,292.60,301.60,292.60,297.60,295.20,21965,6530018.00,398
BSE,NOUVEAU,INE317B01042,X,0.32,0.32,0.32,0.32,0.33,86724,27751.00,60
BSE,NOVAAGRI,INE02H701025,T,25.74,25.80,25.30,25.38,25.74,5756,147925.00,51
BSE,NOVARTIND,INE234A01025,B,1407.95,1510.00,1390.30,1490.85,1388.45,4374,6413337.00,491
BSE,NOVELIX,INE314I01036,XT,74.30,79.61,72.03,79.61,75.82,7706,593436.00,93
BSE,NOVIS,INE608C01026,X,12.81,13.98,12.36,13.43,12.50,8496,112630.00,52
BSE,NOVUS,INE1TFS01019,M,146.00,146.00,143.20,144.25,146.90,7000,1016700.00,7
BSE,NPFL,INE471R01019,M,7.39,7.39,7.38,7.38,7.35,12000,88620.00,2
BSE,NPL,INE0PO601011,XT,575.00,583.00,561.50,567.00,565.05,1780,1031160.00,70
BSE,NPRFIN,INE446D01011,X,21.25,21.25,20.50,21.00,20.95,1107,23162.00,10
BSE,NPST,INE0FFK01017,B,1541.05,1570.95,1518.80,1550.95,1577.20,3057,4719394.00,590
BSE,NRAIL,INE740D01017,B,445.00,475.00,445.00,470.70,464.90,108,50242.00,27
BSE,NRBBEARING,INE349A01021,B,435.00,442.95,426.10,427.95,428.50,32583,14092035.00,684
BSE,NSDL,INE301O01023,B,922.30,929.00,910.00,914.25,922.30,544104,501211334.00,17247
BSE,NSIL,INE023A01030,B,5784.00,5814.45,5723.15,5743.40,5720.00,256,1475217.00,63
BSE,NSL,INE01BL01012,B,134.95,138.95,132.20,133.95,132.65,12336,1663840.00,142
BSE,NSLNISP,INE0NNS01018,A,46.90,47.33,46.30,46.38,46.88,210713,9842803.00,1244
BSE,NTCIND,INE920C01017,X,153.95,156.00,151.45,153.15,153.65,2476,379487.00,48
BSE,NTPC,INE733E01010,A,367.00,368.55,364.40,366.95,365.75,242276,88841665.00,3384
BSE,NTPCGREEN,INE0ONG01011,A,96.20,97.65,96.20,97.15,96.10,1486285,144501651.00,3528
BSE,NUCLEUS,INE096B01018,B,784.00,790.45,781.00,781.35,785.10,1993,1562125.00,159
BSE,NURECA,INE0DSF01015,B,229.20,241.00,229.20,239.10,237.70,655,157127.00,35
BSE,NUTECGLOB,INE960H01012,X,29.00,29.00,29.00,29.00,29.92,6729,195141.00,5
BSE,NUVAMA,INE531F01023,A,1742.45,1760.00,1720.40,1741.35,1736.40,10445,18201765.00,1154
BSE,NUVOCO,INE118D01016,A,311.45,314.45,310.95,313.65,313.60,14862,4649527.00,370
BSE,NVENTURES,INE0E5R01017,M,108.00,110.50,106.95,107.95,111.75,32250,3484762.00,12
BSE,NWIL,INE882B01037,X,25.95,27.28,24.55,26.33,26.09,991697,25681604.00,2567
BSE,NXST,INE0NDH25011,IF,155.85,156.50,155.50,156.19,155.61,9642,1504534.00,1605
BSE,NYKAA,INE388Y01029,A,300.90,307.00,300.40,304.30,302.55,1842078,558172608.00,4508
BSE,NYSSACORP,INE812K01027,X,2.44,2.57,2.44,2.49,2.51,19331,48194.00,99
BSE,OAL,INE959C01023,B,343.00,346.50,332.40,332.50,343.75,1142,385152.00,107
BSE,OASISEC,INE876A01023,XT,11.75,12.11,11.75,12.00,11.80,22325,266557.00,62
BSE,OBCL,INE426Z01016,B,56.72,59.97,56.72,57.00,58.02,1055,60060.00,7
BSE,OBEROIRLTY,INE093I01010,A,1682.00,1700.00,1676.55,1690.95,1684.30,6281,10591405.00,720
BSE,OCCLLTD,INE0PK601023,T,131.45,134.50,128.25,128.30,128.25,1405,186285.00,26
BSE,OCEANIC,INE711V01010,X,58.00,60.00,57.11,57.31,57.64,2242,131953.00,12
BSE,OCTAVE,INE814L01013,X,4.11,4.16,3.87,4.15,4.12,3285,13512.00,17
BSE,ODIGMA,INE054301028,B,25.65,26.39,25.65,25.92,25.14,14276,373576.00,206
BSE,ODYCORP,INE839E01023,X,7.26,8.40,7.26,7.98,7.56,83487,655106.00,101
BSE,ODYSSEY,INE213B01019,X,39.40,46.08,38.97,46.02,38.40,174427,7776831.00,632
BSE,OFSS,INE881D01027,A,9670.40,9848.65,9670.00,9724.65,9649.85,24065,235533342.00,5461
BSE,OIL,INE274J01014,A,423.30,424.80,416.70,422.80,418.05,90488,38023693.00,1720
BSE,OILCOUNTUB,INE591A01010,T,56.59,58.70,55.50,57.00,56.63,5806,333791.00,33
BSE,OIVL,INE125F01032,XT,6.43,6.45,6.11,6.11,6.43,187137,1147852.00,164
BSE,OKPLA,INE870B01024,XT,4.37,4.45,4.30,4.35,4.35,294414,1290164.00,211
BSE,OLAELEC,INE0LXG01040,A,42.62,43.65,42.05,42.54,42.28,7030328,300360894.00,14094
BSE,OLATECH,INE0M3901015,M,85.32,85.60,83.10,85.00,87.80,37925,3186097.00,40
BSE,OLECTRA,INE260D01016,A,1535.85,1552.10,1507.00,1522.15,1517.60,93112,142489693.00,4636
BSE,OLPCL,INE550L01013,X,3.00,3.00,2.90,2.98,3.00,386,1144.00,7
BSE,OLYMPTX,INE482O01021,X,29.81,31.00,29.73,29.75,30.42,518,15419.00,16
BSE,OMANSH,INE378P01036,XT,176.25,179.75,176.25,179.75,178.00,55,9737.00,11
BSE,OMAXAUTO,INE090B01011,T,230.70,233.80,225.00,232.60,226.20,13060,2973488.00,118
BSE,OMAXE,INE800H01010,B,77.82,79.33,77.64,77.96,78.30,2229,174681.00,73
BSE,OMEGAIN,INE113B01037,XT,53.65,53.65,53.65,53.65,56.47,161,8637.00,9
BSE,OMFREIGHT,INE1BZC01019,B,82.02,86.00,80.62,85.50,81.35,7129,599902.00,339
BSE,OMINFRAL,INE239D01028,B,90.00,90.00,86.10,86.47,88.08,4387,381998.00,141
BSE,OMKAR,INE680D01015,XT,10.22,10.22,10.22,10.22,10.22,1580,16147.00,5
BSE,OMKARPH,INE501C01015,X,19.92,19.92,19.92,19.92,19.00,124,2470.00,2
BSE,OML,INE0R8Q01018,MT,28.99,28.99,28.99,28.99,27.61,3200,92768.00,2
BSE,OMNI,INE0UH301010,B,498.35,514.55,493.00,499.90,495.10,45758,23129913.00,1169
BSE,OMNIAX,INE369B01019,X,3.86,3.86,3.58,3.59,3.51,449,1666.00,17
BSE,OMNIPOTENT,INE0JFE01012,M,2.65,2.67,2.52,2.52,2.65,72000,183100.00,33
BSE,OMNITEX,INE814D01010,XT,766.00,766.00,725.00,735.55,740.00,2333,1697716.00,23
BSE,OMPOWER,INE25E901019,B,177.60,191.30,177.60,182.60,179.95,48781,9028909.00,1129
BSE,ONEGLOBAL,INE670O01013,X,667.00,699.20,645.00,688.10,665.95,30603,20629657.00,938
BSE,ONELIFECAP,INE912L01015,T,31.60,32.51,31.60,32.42,30.97,9793,316686.00,52
BSE,ONEPOINT,INE840Y01029,B,58.70,58.70,57.66,58.12,58.40,32286,1875999.00,227
BSE,ONESOURCE,INE013P01021,A,1630.00,1634.50,1606.40,1613.15,1607.40,4094,6616763.00,366
BSE,ONGC,INE213A01029,A,246.80,247.80,243.80,245.45,246.20,355321,87321758.00,4870
BSE,ONIDA,INE831A01028,T,40.55,42.20,40.13,41.40,40.22,138044,5766064.00,315
BSE,ONIXSOLAR,INE173M01012,XT,628.00,630.30,612.00,630.30,617.95,24471,15411012.00,122
BSE,ONMOBILE,INE809I01019,B,52.02,53.33,52.02,52.14,52.54,26489,1392278.00,578
BSE,ONTIC,INE989S01042,X,1.74,1.79,1.71,1.72,1.73,216529,375192.00,162
BSE,ONWARDTEC,INE229A01017,B,260.00,271.15,252.25,263.35,256.00,3626,952894.00,210
BSE,OONE,INE860E01011,X,6.65,6.99,6.48,6.63,6.98,2176,14563.00,31
BSE,OPTIEMUS,INE350C01017,B,445.00,451.00,440.00,443.50,440.55,5335,2371080.00,246
BSE,OPTIFIN,INE031G01022,X,15.70,15.70,14.80,14.91,15.12,91862,1377269.00,189
BSE,ORBTEXP,INE231G01010,B,215.40,215.40,206.25,209.80,215.40,320,67807.00,29
BSE,ORCHASP,INE215B01022,B,1.84,1.94,1.80,1.85,1.85,58288,108321.00,92
BSE,ORCHPHARMA,INE191A01027,B,981.90,1001.00,955.00,958.95,981.90,5856,5678572.00,458
BSE,ORGANICREC,INE0MIO01019,M,222.00,234.00,218.80,231.10,215.75,118800,26570160.00,192
BSE,ORGCOAT,INE412E01011,X,21.51,21.52,19.67,20.00,20.50,1794,36819.00,17
BSE,ORIBEVER,INE247F01018,X,189.30,195.00,184.10,186.05,189.30,405,77228.00,25
BSE,ORICONENT,INE730A01022,B,57.20,57.20,55.90,56.72,56.08,1373,77719.00,43
BSE,ORIENTALTL,INE998H01012,B,6.35,6.35,6.21,6.30,6.20,11337,70520.00,34
BSE,ORIENTBELL,INE607D01018,B,328.90,328.90,318.00,318.40,328.90,569,183015.00,171
BSE,ORIENTCEM,INE876N01018,A,137.50,137.50,135.05,136.40,135.60,12816,1746483.00,202
BSE,ORIENTCER,INE569C01020,B,41.65,41.79,40.20,40.41,40.79,11463,467966.00,170
BSE,ORIENTELEC,INE142Z01019,B,181.00,181.40,179.05,179.95,180.20,5988,1078405.00,229
BSE,ORIENTHOT,INE750A01020,B,124.00,125.15,119.34,120.93,121.24,51597,6318354.00,537
BSE,ORIENTLTD,INE609C01024,B,70.36,72.70,70.00,72.63,70.36,805,58251.00,14
BSE,ORIENTPPR,INE592A01026,B,17.80,17.96,17.57,17.63,17.50,6155,109001.00,64
BSE,ORIENTTECH,INE0PPK01015,B,258.95,261.05,255.75,257.45,254.65,4047,1044615.00,135
BSE,ORIENTTR,INE681D01039,X,5.39,5.39,5.39,5.39,5.14,29046,156557.00,15
BSE,ORIRAIL,INE457G01029,X,139.75,140.00,137.00,137.85,137.10,34103,4709554.00,357
BSE,ORISSAMINE,INE725E01024,B,4177.05,4194.00,4108.70,4123.85,4115.35,315,1306902.00,104
BSE,ORKLAINDIA,INE16NZ01023,B,618.15,627.05,604.10,610.95,619.05,2904,1797583.00,215
BSE,OROSMITHS,INE628B01034,XT,6.69,6.69,6.40,6.57,6.54,34078,224331.00,164
BSE,ORTEL,INE849L01019,Z,1.61,1.61,1.47,1.59,1.54,15066,23416.00,10
BSE,ORTINGLOBE,INE749B01020,T,15.81,17.33,15.69,16.21,16.51,17586,276125.00,112
BSE,OSCARGLO,INE473F01010,XT,19.60,19.60,19.60,19.60,19.60,4564,89454.00,9
BSE,OSIAJEE,INE186R01013,X,410.95,414.65,405.30,411.60,410.90,60662,25001754.00,162
BSE,OSWALAGRO,INE142A01012,T,42.30,45.30,42.30,43.20,43.15,1619,70081.00,23
BSE,OSWALEA,INE811Q01018,P,74.90,74.90,74.90,74.90,74.90,50,3745.00,1
BSE,OSWALGREEN,INE143A01010,B,23.51,24.50,23.51,23.95,23.90,12000,288403.00,110
BSE,OSWALOR,INE906K01027,XT,120.95,120.95,120.95,120.95,122.15,5,604.00,1
BSE,OSWALPUMPS,INE0BYP01024,B,425.00,439.20,422.60,424.45,423.00,52206,22512052.00,1293
BSE,OTCO,INE910B01028,XT,7.78,7.78,7.41,7.41,7.78,310,2374.00,4
BSE,OVAL,INE0RTI01017,M,61.00,61.00,61.00,61.00,61.00,3200,195200.00,2
BSE,OVOBELE,INE812S01012,X,199.60,199.90,188.10,189.30,194.20,9857,1887732.00,186
BSE,OXFORDIN,INE114D01015,XT,16.75,16.75,15.92,15.92,16.75,4205,66950.00,33
BSE,OXYGENTAPH,INE102E01018,X,48.63,50.88,47.26,47.86,50.09,7077,344632.00,66
BSE,PACE,INE0N1L01018,MT,16.50,16.50,16.40,16.40,16.39,2400,39480.00,2
BSE,PACEDIGITK,INE0S3G01027,B,182.50,186.95,182.50,183.75,181.90,60002,11085999.00,1367
BSE,PACIFICI,INE883C01025,X,136.35,147.00,131.20,138.35,145.00,2337,318519.00,59
BSE,PADALPO,INE630U01014,X,16.82,16.82,16.82,16.82,16.82,1,16.00,1
BSE,PADAMCO,INE448D01025,X,0.95,0.98,0.94,0.97,0.95,1020594,971744.00,548
BSE,PADMAIND,INE743D01011,XT,10.00,10.00,9.35,9.35,9.84,1646,15454.00,16
BSE,PADMALAYAT,INE243B01016,Z,4.37,4.58,4.35,4.58,4.37,6744,30823.00,26
BSE,PAEL,INE766A01026,XT,5.91,5.91,5.91,5.91,5.63,21,124.00,1
BSE,PAGEIND,INE761H01022,A,39900.00,40385.00,39164.70,39337.05,39976.55,14589,579765163.00,802
BSE,PAISALO,INE420C01059,A,59.14,59.49,58.43,58.96,58.78,184504,10862574.00,548
BSE,PAJSON,INE14LM01012,M,181.00,183.70,179.00,179.00,183.00,6000,1087920.00,10
BSE,PAKKA,INE551D01018,B,80.85,81.92,80.62,81.00,80.89,9008,730906.00,607
BSE,PALASHSECU,INE471W01019,B,102.50,102.50,94.53,96.00,95.00,122,11859.00,5
BSE,PALCO,INE239L01013,X,135.05,139.75,132.15,135.25,135.00,739,99973.00,28
BSE,PALMJEWELS,INE838Z01012,X,15.74,15.74,14.76,15.36,15.20,3172,47856.00,28
BSE,PALREDTEC,INE218G01033,T,54.02,56.22,54.02,56.22,55.12,2094,115354.00,11
BSE,PANABYTE,INE516E01019,X,21.13,21.13,19.69,19.69,20.72,6211,122989.00,30
BSE,PANACEABIO,INE922B01023,B,546.10,546.10,521.40,524.75,535.35,13772,7276458.00,601
BSE,PANAENERG,INE795A01017,X,289.45,294.00,285.30,288.15,289.45,2385,683993.00,106
BSE,PANAFIC,INE655P01029,XT,1.19,1.19,1.19,1.19,1.14,219643,261375.00,56
BSE,PANAMAPET,INE305C01029,B,502.40,512.00,471.10,496.80,488.50,167721,82566124.00,3478
BSE,PANCARBON,INE013E01017,X,470.60,495.00,470.60,481.80,510.35,29255,13998547.00,664
BSE,PANCHMAHQ,INE798F01010,X,319.45,319.45,300.00,309.90,301.05,337,102068.00,13
BSE,PANCHSHEEL,INE316G01019,X,121.40,122.55,118.00,120.10,121.40,2447,292543.00,51
BSE,PANCM,INE167E01037,XT,99.00,100.50,91.00,98.00,95.75,406,40014.00,22
BSE,PANELEC,INE648E01010,X,25.85,26.94,24.38,26.86,25.75,454,12158.00,11
BSE,PANINDIAC,INE376A01032,X,1.83,1.91,1.83,1.86,1.88,65520,121606.00,123
BSE,PANJON,INE744D01019,X,18.01,18.11,16.55,17.73,17.87,49803,859890.00,162
BSE,PANKAJPO,INE698B01011,XT,63.01,69.15,63.01,68.35,66.00,21317,1379754.00,31
BSE,PANORAMA,INE258R01028,B,47.37,48.83,45.21,48.05,46.07,282949,13435029.00,759
BSE,PANTH,INE945O01019,XT,11.20,11.35,10.76,11.03,10.99,16553,184055.00,80
BSE,PARACABLES,INE074B01023,B,75.36,75.36,70.34,70.87,73.03,268193,19507920.00,1913
BSE,PARADEEP,INE088F01024,A,136.85,140.45,136.00,138.90,136.05,417688,57944382.00,2980
BSE,PARAGMILK,INE883N01014,B,232.30,236.00,231.35,232.15,229.40,19524,4544962.00,336
BSE,PARAGONF,INE015E01012,X,49.77,51.80,49.20,51.79,50.02,46,2341.00,5
BSE,PARAS,INE045601023,A,1408.65,1417.60,1364.10,1376.75,1410.60,303836,422165782.00,10948
BSE,PARASPETRO,INE162C01024,B,2.14,2.29,2.12,2.18,2.11,237001,518307.00,231
BSE,PARKERAC,INE750B01010,X,15.00,16.20,15.00,15.00,15.46,3602,57630.00,9
BSE,PARKHOSPS,INE119201023,B,284.60,290.50,279.90,288.75,278.25,123327,35513331.00,3213
BSE,PARKHOTELS,INE988S01028,B,123.25,127.30,122.90,124.90,120.95,30333,3781381.00,360
BSE,PARLEIND,INE272G01014,XT,11.54,11.54,11.54,11.54,11.77,47630,549650.00,353
BSE,PARMAX,INE240T01014,XT,70.76,70.76,70.76,70.76,69.38,5529,391232.00,16
BSE,PARMCOS-B,INE143I01013,X,32.10,34.44,32.10,34.30,34.45,47,1566.00,7
BSE,PARMESHWAR,INE0QQJ01021,MT,201.50,201.50,195.10,195.10,200.90,9000,1806000.00,8
BSE,PARMSILK,INE808R01012,XT,238.85,238.85,238.85,238.85,227.50,1405,335584.00,9
BSE,PARNAXLAB,INE383L01019,X,138.35,139.00,135.00,135.00,137.05,1675,229896.00,25
BSE,PARSHWANA,INE635I01018,X,52.05,52.10,52.05,52.10,52.07,37,1927.00,3
BSE,PARSVNATH,INE561H01026,T,2.95,2.95,2.95,2.95,3.01,287673,848635.00,121
BSE,PARVATI,INE295Z01015,X,6.98,7.32,6.98,7.16,7.13,6110,44105.00,51
BSE,PASARI,INE604F01010,X,6.31,6.92,6.31,6.85,6.52,2594,17024.00,22
BSE,PASHUPATI,INE124Y01028,B,89.95,89.95,86.24,86.93,87.32,15013,1318875.00,780
BSE,PASUFIN,INE527C01010,XT,10.98,10.98,10.98,10.98,10.98,100250,1100745.00,4
BSE,PASUPTAC,INE818B01023,T,68.00,68.00,66.00,66.93,69.16,8376,559266.00,101
BSE,PASUSPG,INE909B01020,X,27.45,27.45,27.23,27.45,27.45,1224,33573.00,12
BSE,PATANJALI,INE619A01035,A,424.75,424.75,416.80,418.25,421.95,153266,64321319.00,18740
BSE,PATELCHEM,INE161701011,M,86.70,89.95,86.65,89.94,87.00,16000,1422960.00,10
BSE,PATELENG,INE244B01030,A,31.73,32.35,31.31,32.25,31.04,939549,29946633.00,3182
BSE,PATELRMART,INE0R8B01010,B,216.80,223.35,215.50,222.30,218.10,11048,2407648.00,231
BSE,PATELSAI,INE082C01024,XT,337.00,337.10,335.80,337.10,321.05,4398,1482374.00,103
BSE,PATINTLOG,INE529D01014,T,15.00,15.51,14.69,14.73,14.78,48773,732384.00,103
BSE,PATSPINLTD,INE790C01014,X,7.40,7.98,6.81,7.12,7.27,6743,50779.00,87
BSE,PAUSHAKLTD,INE111F01024,B,461.10,515.00,460.65,504.55,461.10,7421,3715383.00,976
BSE,PAVNAIND,INE07S101038,T,17.76,19.00,17.76,18.06,18.65,8853,158145.00,31
BSE,PAYTM,INE982J01020,A,1090.95,1102.80,1085.50,1089.15,1090.45,68083,74358087.00,2539
BSE,PBAINFRA,INE160H01019,X,12.33,13.69,11.00,13.69,11.41,110094,1445592.00,185
BSE,PBMPOLY,INE501F01018,X,50.20,56.00,50.20,52.68,55.01,1546,83171.00,49
BSE,PCBL,INE602A01031,A,310.15,316.10,310.15,311.90,309.55,83269,26042864.00,1732
BSE,PCCOSMA,INE417E01010,X,310.00,310.00,291.45,299.35,301.40,844,250780.00,53
BSE,PCJEWELLER,INE785M01021,A,8.90,9.04,8.90,8.96,8.92,2438274,21867562.00,2433
BSE,PCL,INE0OKG01017,M,42.05,42.05,42.05,42.05,47.45,1000,42050.00,1
BSE,PCS,INE834B01012,X,19.90,20.89,19.90,20.70,20.39,1721,34868.00,36
BSE,PDMJEPAPER,INE865T01018,B,83.02,84.36,82.80,84.22,82.49,4642,387493.00,112
BSE,PDSL,INE111Q01021,B,338.70,351.95,336.05,345.75,338.40,6137,2094499.00,189
BSE,PEETISEC,INE328D01011,X,20.00,20.00,19.00,19.50,19.50,314,6036.00,10
BSE,PEIL,INE429K01012,X,6.30,6.88,6.05,6.16,6.46,21003,131417.00,96
BSE,PENIND,INE932A01024,B,163.25,168.00,161.90,165.20,161.25,39297,6516743.00,492
BSE,PENINLAND,INE138A01028,T,16.02,16.45,15.45,15.80,16.23,35377,557563.00,116
BSE,PEOPLIN,INE644U01015,XT,218.30,218.30,218.30,218.30,218.40,300,65490.00,4
BSE,PERFEPA,INE759I01024,X,72.00,72.00,70.25,72.00,73.48,227,16177.00,10
BSE,PERMAGN,INE418E01018,X,856.35,955.80,856.35,937.75,866.70,11303,10394948.00,584
BSE,PERSISTENT,INE262H01021,A,4849.95,4916.90,4840.00,4856.90,4827.45,24752,120882721.00,3227
BSE,PERVASIVE,INE443P01038,XT,3.21,3.21,3.21,3.21,3.15,115,369.00,1
BSE,PESB,INE510U01018,MT,272.05,281.50,272.00,273.25,278.30,56800,15555440.00,35
BSE,PETRONET,INE347G01014,A,288.00,289.55,285.60,286.15,288.65,50805,14586297.00,875
BSE,PFC,INE134E01011,A,432.00,444.75,431.00,440.90,431.30,441076,193991559.00,7236
BSE,PFIZER,INE182A01018,A,4686.80,4686.80,4434.00,4469.50,4530.40,3104,13933657.00,465
BSE,PFL,INE0PZB01013,M,27.40,27.40,27.40,27.40,27.20,3000,82200.00,1
BSE,PFLINFOTC,INE600F01018,X,4.50,4.50,4.09,4.30,4.30,4119,17832.00,19
BSE,PFOCUS,INE367G01038,T,231.40,231.40,223.05,224.45,230.55,13324,3027691.00,202
BSE,PFS,INE560K01014,B,31.00,31.60,30.90,31.38,30.90,53295,1667892.00,436
BSE,PGCRL,INE0GTX01019,M,135.00,135.00,129.80,130.95,137.50,64800,8503050.00,22
BSE,PGEL,INE457L01029,A,567.45,579.10,556.70,567.50,560.05,155780,88610453.00,4856
BSE,PGFOILQ,INE078D01012,X,201.60,212.00,199.85,202.15,207.30,14447,2948396.00,185
BSE,PGHH,INE179A01014,A,9409.20,9427.55,9113.20,9157.90,9269.80,1072,9942340.00,324
BSE,PGHL,INE199A01012,A,6274.00,6329.00,6274.00,6296.25,6271.30,365,2299878.00,118
BSE,PGIL,INE940H01022,A,1824.55,1940.60,1796.55,1878.30,1797.00,26885,51040230.00,2593
BSE,PGINVIT,INE0GGX23010,IF,93.90,93.96,93.81,93.95,93.90,124304,11674407.00,923
BSE,PHARMAID,INE117D01018,X,34.90,34.90,32.11,33.23,32.17,10503,347386.00,78
BSE,PHCAP,INE160F01013,XT,910.15,960.00,910.15,959.10,958.05,1028,982611.00,55
BSE,PHOENIXLTD,INE211B01039,A,1880.90,1888.00,1861.10,1870.70,1880.70,34589,64782813.00,2454
BSE,PHOENXINTL,INE245B01011,X,29.99,29.99,27.60,28.49,28.55,3285,93496.00,55
BSE,PHOSPHATE,INE398C01016,X,145.00,145.10,145.00,145.00,143.60,134,19431.00,7
BSE,PHOTON,INE107J01016,XT,139.20,139.20,139.20,139.20,139.20,491,68347.00,6
BSE,PHOTOQUP,INE813B01016,X,12.74,12.74,12.36,12.36,12.73,3817,47925.00,8
BSE,PHRMASI,INE486I01016,X,98.79,100.00,94.32,96.91,99.28,481,46516.00,20
BSE,PHYTO,INE037C01010,X,23.35,23.89,22.00,23.18,23.37,4633,104367.00,33
BSE,PICCADIL,INE546C01010,B,580.00,586.25,575.00,577.60,578.95,8657,4999689.00,586
BSE,PICCASUG,INE544C01023,X,35.01,36.25,34.15,35.48,35.15,7103,252412.00,98
BSE,PICTUREHS,INE448B01029,XT,8.17,8.17,8.17,8.17,8.10,159,1299.00,2
BSE,PIDILITIND,INE318A01026,A,1594.95,1594.95,1556.30,1572.25,1579.50,12357,19363750.00,1364
BSE,PIGL,INE557Z01018,B,111.05,119.35,111.05,116.45,113.15,8795,1016469.00,414
BSE,PIIND,INE603J01030,A,2805.50,2839.95,2800.10,2805.20,2805.45,6932,19512639.00,1280
BSE,PILANIINVS,INE417C01014,B,4433.85,4453.55,4413.80,4425.80,4433.85,38,168454.00,18
BSE,PILITA,INE600A01035,T,8.19,8.35,8.19,8.33,8.02,589,4903.00,2
BSE,PINELABS,INE15B701018,B,153.65,155.70,151.75,152.95,152.30,1619984,248088802.00,7065
BSE,PIONAGR,INE062E01014,XT,26.50,26.50,26.50,26.50,26.50,100,2650.00,1
BSE,PIONEEREMB,INE156C01018,B,27.90,27.90,23.63,24.87,24.11,173,4196.00,20
BSE,PIONRINV,INE746D01014,B,95.00,97.00,91.55,92.00,91.65,104,9607.00,9
BSE,PIRAMALFIN,INE202B01038,B,2180.00,2180.05,2077.00,2085.80,2153.35,303627,637873458.00,2294
BSE,PITTIENG,INE450D01021,B,1016.95,1035.00,999.90,1009.10,1011.30,4076,4145100.00,317
BSE,PIXTRANS,INE751B01018,B,1639.35,1644.80,1610.00,1611.65,1640.30,735,1193569.00,138
BSE,PLASTIBLEN,INE083C01022,B,170.80,181.20,170.80,179.20,174.25,129725,23042260.00,264
BSE,PLATIND,INE0PT501018,B,225.00,236.20,225.00,232.80,229.10,6352,1467455.00,269
BSE,PLAZACABLE,INE0INJ01017,T,48.50,48.90,47.62,48.06,47.52,7011,339279.00,36
BSE,PMCFIN,INE793G01035,X,1.96,1.98,1.94,1.95,1.96,211967,414034.00,421
BSE,PML,INE291E01019,B,493.50,510.00,493.50,508.80,498.10,1888,932247.00,18
BSE,PMTELELIN,INE092C01015,XT,13.45,13.45,13.45,13.45,13.45,2540,34163.00,7
BSE,PNB,INE160A01022,A,108.80,109.90,108.60,109.70,108.80,1030261,112517029.00,8867
BSE,PNBGILTS,INE859A01011,B,92.15,94.31,91.75,92.83,92.15,152033,14091617.00,927
BSE,PNBHOUSING,INE572E01012,A,1002.80,1026.40,1000.55,1010.65,1002.75,14172,14416129.00,973
BSE,PNC,INE392B01011,B,22.86,23.35,21.68,22.17,22.75,193,4388.00,16
BSE,PNCINFRA,INE195J01029,A,230.00,237.75,224.65,235.75,225.90,60073,13937139.00,1118
BSE,PNGJL,INE953R01016,B,550.55,561.00,549.10,551.15,553.00,8796,4867328.00,706
BSE,PNGSREVA,INE1RDG01013,B,420.00,420.00,398.15,401.25,398.65,6022,2413652.00,154
BSE,PNTKYOR,INE702E01015,X,36.50,37.84,36.32,36.37,36.50,154,5636.00,10
BSE,POCL,INE063E01053,B,1364.65,1382.00,1350.00,1368.30,1341.95,8370,11434931.00,682
BSE,PODDARMENT,INE371C01013,B,252.10,252.10,250.00,251.40,251.30,73,18353.00,37
BSE,POEL,INE035S01028,X,177.80,180.50,174.30,175.45,177.80,30312,5357534.00,293
BSE,POKARNA,INE637C01025,B,960.00,1035.00,954.85,1018.65,950.95,15448,15615533.00,950
BSE,POLICYBZR,INE417T01026,A,1664.95,1711.00,1660.25,1671.90,1635.45,359515,603666656.00,5133
BSE,POLSON,INE339F01021,X,10501.20,11687.45,10501.20,11250.00,11200.00,5,55988.00,5
BSE,POLYCAB,INE455K01017,A,10079.40,10128.60,9995.00,10021.30,10079.40,5115,51403705.00,1048
BSE,POLYCHEM,INE752B01024,X,1972.00,2072.00,1950.00,2050.00,1972.00,77,156053.00,19
BSE,POLYCHMP,INE809B01014,X,50.68,50.68,50.10,50.25,49.93,83,4169.00,8
BSE,POLYCON,INE262C01014,X,24.89,24.89,24.89,24.89,23.71,1,24.00,1
BSE,POLYLINK,INE323D01020,X,19.25,20.95,18.87,20.10,19.70,6226,128032.00,75
BSE,POLYMED,INE205C01021,A,1588.15,1690.00,1559.50,1673.75,1562.55,10661,17544479.00,922
BSE,POLYPLEX,INE633B01018,B,959.70,971.00,949.25,952.40,951.05,5982,5732979.00,339
BSE,POLYSPIN,INE914G01029,X,28.25,29.62,28.25,29.61,29.00,443,13001.00,8
BSE,POLYTEX,INE012F01016,XT,4.17,4.33,4.13,4.33,4.13,4079,17564.00,28
BSE,PONNIERODE,INE838E01017,B,316.15,331.00,311.25,324.10,316.15,1984,645168.00,390
BSE,POOJA,INE973X01012,B,17.20,17.98,17.01,17.39,17.53,22994,403758.00,128
BSE,POOJAENT,INE147C01017,XT,74.00,76.87,74.00,76.87,73.21,282,21528.00,8
BSE,POONADAL,INE809E01018,X,62.05,65.00,62.05,64.65,65.64,1000,63101.00,23
BSE,POONAWALLA,INE511C01022,A,431.75,431.75,422.05,424.80,426.65,67469,28714589.00,3210
BSE,POPULARES,INE370C01015,X,17.33,17.33,16.47,16.47,17.33,193,3179.00,6
BSE,PORWAL,INE386I01018,X,49.28,51.25,49.00,49.35,49.28,8654,430150.00,54
BSE,POWERGRID,INE752E01010,A,292.40,292.85,289.00,289.85,292.40,452284,131310927.00,4912
BSE,POWERICA,INE921L01032,B,609.65,620.90,585.35,620.90,591.35,145259,88756386.00,3277
BSE,POWERINDIA,INE07Y701011,A,36850.55,37175.00,36353.35,36760.85,36880.60,6287,230618800.00,2595
BSE,POWERMECH,INE211R01019,A,2954.50,3008.85,2864.10,2890.00,2840.50,40103,117960812.00,3479
BSE,PPAP,INE095I01015,B,256.95,259.75,249.00,250.60,254.60,2632,667396.00,259
BSE,PPARIVAH,INE0SMW01011,M,212.00,219.00,209.85,215.55,208.75,91200,19593360.00,58
BSE,PPL,INE050001010,B,261.05,269.00,260.40,263.80,259.05,8575,2283174.00,307
BSE,PPLPHARMA,INE0DK501011,A,159.40,161.45,158.15,158.65,158.80,113636,18137898.00,1803
BSE,PQIF,INE689M01025,X,15.86,15.86,14.12,15.04,14.99,83459,1269507.00,360
BSE,PRABHA,INE0I0M01023,B,156.25,156.45,154.05,155.45,156.00,767,119472.00,103
BSE,PRABHHANS,INE428P01013,X,35.80,40.98,34.00,38.62,34.93,1484,54412.00,37
BSE,PRADPME,INE770A01010,B,526.50,539.95,515.85,524.75,516.15,5120,2706688.00,184
BSE,PRAENG,INE505C01016,B,20.60,21.90,20.60,20.91,21.46,545,11517.00,25
BSE,PRAGBOS,INE962B01011,X,1.85,2.30,1.85,1.99,1.95,30267,63928.00,68
BSE,PRAJIND,INE074A01025,A,342.00,346.90,339.10,341.50,340.50,56716,19418831.00,1656
BSE,PRAKASH,INE603A01013,B,146.60,148.45,145.00,145.50,145.45,13847,2038272.00,189
BSE,PRAKASHSTL,INE696K01024,B,4.78,4.78,4.41,4.57,4.50,15924,71869.00,168
BSE,PRATIK,INE206C01029,X,6.73,6.73,5.58,6.45,6.50,86503,553857.00,77
BSE,PRATIKSH,INE530D01012,X,19.37,20.38,19.18,19.66,19.70,85041,1672842.00,56
BSE,PRAVEG,INE722B01019,B,230.75,239.60,230.75,234.40,235.15,13086,3058215.00,354
BSE,PRAXIS,INE546Y01022,T,7.77,8.57,7.77,8.57,8.17,135080,1145249.00,53
BSE,PRECAM,INE484I01029,B,152.65,158.50,152.65,156.15,152.60,30246,4719688.00,692
BSE,PRECISIO,INE143C01024,X,219.95,220.90,219.95,220.90,210.40,2073,457830.00,54
BSE,PRECWIRE,INE372C01037,B,409.45,424.00,409.45,422.10,408.85,20415,8541672.00,891
BSE,PREMCAP,INE946K01023,X,4.46,4.46,4.25,4.44,4.25,850,3669.00,5
BSE,PREMCAPM,INE555D01019,XT,9.10,9.10,9.10,9.10,9.10,1100,10010.00,3
BSE,PREMCO,INE001E01012,B,405.00,405.00,365.00,373.65,383.20,494,185239.00,56
BSE,PREMEXPLN,INE863B01029,A,784.75,784.75,755.90,759.30,775.00,24146,18532538.00,1149
BSE,PREMIER,INE342A01018,T,3.00,3.08,2.90,3.07,3.00,814,2397.00,8
BSE,PREMIERENE,INE0BS701011,A,1080.75,1085.50,1053.60,1062.90,1079.50,69769,74673407.00,2124
BSE,PREMIERPOL,INE309M01020,T,65.89,65.89,63.36,64.83,63.02,12470,810303.00,106
BSE,PREMSYN,INE940N01012,X,16.50,16.50,16.00,16.00,16.49,189,3081.00,11
BSE,PRERINFRA,INE426H01014,X,27.61,28.90,27.01,28.59,27.55,109295,3100929.00,132
BSE,PRESTIGE,INE811K01011,A,1495.40,1525.00,1495.00,1512.05,1497.55,101861,154570317.00,2122
BSE,PREVEST,INE0GAO01018,M,387.35,391.90,386.05,389.75,394.05,4400,1709120.00,19
BSE,PRICOLLTD,INE726V01018,A,560.60,580.20,560.60,574.55,558.80,38717,22140411.00,1272
BSE,PRIMAGR,INE297D01018,X,14.01,15.98,14.01,15.96,14.60,1000,15426.00,27
BSE,PRIMAIN,INE723N01012,X,16.78,19.00,16.78,18.14,18.20,1126,19276.00,16
BSE,PRIMAPLA,INE573B01016,XT,130.00,134.90,128.00,134.65,130.05,7850,1029179.00,71
BSE,PRIMECAPM,INE748D01010,X,7.35,7.71,7.35,7.71,7.35,16001,123367.00,4
BSE,PRIMEFRESH,INE442V01012,B,220.00,225.00,216.60,217.65,218.90,6804,1503512.00,205
BSE,PRIMEPRO,INE233C01023,XT,32.43,32.43,30.21,31.00,31.79,2382,73328.00,29
BSE,PRIMESECU,INE032B01021,B,296.35,310.00,296.35,305.55,296.35,1408,431753.00,171
BSE,PRIMEURB,INE419E01024,X,7.65,8.58,7.65,8.57,8.59,82,683.00,23
BSE,PRIMIND,INE543F01028,XT,45.99,46.40,43.70,46.40,45.99,3176,143823.00,16
BSE,PRIMO,INE607A01022,B,24.47,26.00,24.26,25.40,24.15,67834,1734873.00,653
BSE,PRINCEPIPE,INE689W01016,B,282.00,290.80,282.00,286.75,282.50,33904,9743635.00,811
BSE,PRISMMEDI,INE730E01016,XT,27.90,28.20,26.03,27.96,27.39,15351,428657.00,58
BSE,PRISMX,INE286N01028,X,0.64,0.64,0.61,0.61,0.63,372434,232908.00,151
BSE,PRITHVIEXCH,INE621B01021,X,107.00,113.25,107.00,108.00,110.15,1857,200720.00,44
BSE,PRITIKAUTO,INE583R01029,B,19.98,20.94,19.86,19.98,18.93,141236,2856426.00,985
BSE,PRIVISCL,INE959A01019,A,3482.50,3675.00,3477.70,3660.65,3494.30,15276,55118571.00,2108
BSE,PRIYALT,INE686C01014,X,23.51,23.51,23.51,23.51,23.51,6,141.00,3
BSE,PROCLB,INE438C01010,X,30.17,30.17,30.17,30.17,31.75,79296,2392360.00,20
BSE,PROFINC,INE732K01027,Z,3.07,3.10,2.95,3.01,3.03,357479,1082435.00,285
BSE,PROGREXV,INE421E01012,XT,31.05,31.05,31.05,31.05,31.05,2000,62100.00,3
BSE,PROMACT,INE818D01011,X,10.15,10.15,10.15,10.15,10.68,53,537.00,3
BSE,PROSTARM,INE0BX301013,B,141.00,143.30,139.90,142.20,140.35,7151,1012954.00,241
BSE,PROTEAN,INE004A01022,A,602.30,622.85,602.30,613.40,607.55,23312,14369965.00,1252
BSE,PROZONER,INE195N01013,B,48.28,48.49,47.41,47.91,47.74,1892,90419.00,56
BSE,PRSMJOHNSN,INE010A01011,B,119.35,124.45,119.35,121.85,119.35,24261,2972749.00,694
BSE,PRSNTIN,INE100E01012,X,18.34,18.43,18.34,18.43,18.43,20,368.00,3
BSE,PRUDENT,INE00F201020,A,3074.95,3118.85,3024.40,3079.05,3027.25,1848,5687940.00,326
BSE,PRUDMOULI,INE024D01016,T,16.40,16.40,16.40,16.40,15.77,100,1640.00,2
BSE,PSB,INE608A01012,B,25.69,25.74,25.01,25.08,25.10,205951,5198804.00,836
BSE,PSCELESTIA,INE19RO25039,IF,1014000.00,1014000.00,1014000.00,1014000.00,1014000.00,1,1014000.00,1
BSE,PSITINFRA,INE953M01033,XT,1.20,1.20,1.20,1.20,1.22,63359,76030.00,22
BSE,PSPPROJECT,INE488V01015,B,975.05,987.00,951.40,964.10,968.45,4683,4506735.00,344
BSE,PTC,INE877F01012,A,186.85,191.00,186.85,190.05,186.75,52414,9931581.00,810
BSE,PTCIL,INE596F01018,A,18333.20,18477.95,17787.00,17883.65,18374.60,2660,47976767.00,753
BSE,PTL,INE034D01049,B,42.99,43.85,42.05,43.31,42.21,14557,629702.00,228
BSE,PULSRIN,INE183U01022,X,0.57,0.59,0.57,0.57,0.60,8869809,5091300.00,1188
BSE,PUNJABCHEM,INE277B01014,B,1054.55,1076.90,1039.25,1060.80,1047.60,619,658736.00,138
BSE,PUNJCOMMU,INE609A01010,B,47.16,48.60,46.99,47.01,46.48,4631,221115.00,56
BSE,PURETROP,INE795D01011,X,155.00,155.00,151.70,152.40,153.05,888,135862.00,27
BSE,PUROHITCON,INE147J01012,XT,12.29,12.29,12.29,12.29,11.71,100,1229.00,1
BSE,PURPLE,INE905R01016,X,6.18,6.48,6.18,6.18,6.18,1568,10047.00,7
BSE,PURPLEFIN,INE0CYK01015,X,65.89,66.75,64.25,66.19,65.89,13659,896084.00,91
BSE,PURPLEWAVE,INE0VDK01019,M,120.00,121.00,120.00,120.60,120.00,13000,1567450.00,7
BSE,PURVA,INE323I01011,B,221.60,221.60,216.85,217.30,220.10,3848,841919.00,128
BSE,PVP,INE362A01016,B,29.01,30.35,29.01,29.80,29.80,17706,531235.00,185
BSE,PVRINOX,INE191H01014,A,945.40,984.00,945.40,977.40,949.25,42913,41502786.00,2116
BSE,PVSL,INE772T01024,B,95.77,96.59,94.61,94.91,95.32,1778,168998.00,171
BSE,PVVINFRA,INE428B01021,X,3.47,3.58,3.43,3.51,3.40,512402,1797505.00,581
BSE,PWASML,INE523I01016,X,25.49,25.49,22.00,22.23,24.00,11629,261115.00,106
BSE,PWL,INE0LP301011,B,122.90,131.30,121.75,126.10,122.50,2735129,350793577.00,5937
BSE,PYRAMID,INE0MIS01010,B,175.45,180.75,174.00,174.00,174.60,710,126414.00,24
BSE,QGO,INE837C01013,X,42.84,47.99,42.84,44.09,43.05,1314,59929.00,22
BSE,QLL,INE0Q1R01012,M,400.00,400.00,400.00,400.00,405.00,1200,480000.00,3
BSE,QPOWER,INE0SII01026,T,1323.00,1332.00,1280.00,1308.65,1305.65,13073,17114858.00,595
BSE,QUADFUTURE,INE0LRY01011,B,409.50,438.00,409.50,417.05,408.85,39716,16937979.00,1193
BSE,QUADRANT,INE527B01020,XT,0.40,0.40,0.38,0.40,0.39,1433022,569676.00,396
BSE,QUANTDIA,INE373C01019,XT,23.00,23.00,23.00,23.00,23.00,102,2346.00,3
BSE,QUESS,INE615P01015,A,246.00,252.75,245.00,245.70,250.15,28942,7222564.00,441
BSE,QUESTCAP,INE418C01012,X,282.00,282.00,280.10,282.00,277.60,848,239082.00,4
BSE,QUESTFLOW,INE0OYE01013,MT,172.00,187.40,170.65,187.40,178.50,7800,1406030.00,32
BSE,QUICKHEAL,INE306L01010,T,178.60,181.00,175.10,180.00,177.45,8891,1587608.00,119
BSE,QUINT,INE641R01017,B,39.00,42.99,39.00,42.00,43.25,181,7326.00,15
BSE,QUINTEGRA,INE033B01011,T,1.88,1.92,1.87,1.90,1.96,347,659.00,9
BSE,RACE,INE084Q01012,T,112.50,112.90,112.50,112.90,107.55,526,59185.00,4
BSE,RACHIT,INE0ZN101029,MT,209.95,209.95,209.95,209.95,210.00,1000,209950.00,1
BSE,RACLGEAR,INE704B01017,B,1324.55,1389.25,1312.30,1359.70,1324.25,1671,2272469.00,216
BSE,RACONTEUR,INE00WY01013,M,11.30,11.30,11.00,11.05,11.00,8000,89120.00,5
BSE,RADAAN,INE874F01027,B,3.18,3.18,3.04,3.11,3.18,2656,8177.00,31
BSE,RADHEDE,INE986B01044,X,1.70,1.77,1.68,1.70,1.69,118910,203217.00,145
BSE,RADHIKAJWE,INE583V01021,B,56.99,57.33,56.50,56.54,56.58,4197,238901.00,97
BSE,RADIANTCMS,INE855R01021,B,40.82,40.82,39.95,40.24,39.70,15708,633835.00,320
BSE,RADICO,INE944F01028,A,3780.00,3805.00,3742.05,3777.25,3769.10,9474,35790685.00,1830
BSE,RADIOCITY,INE919I01024,B,6.48,6.48,6.16,6.45,6.35,11865,73715.00,50
BSE,RADIXIND,INE576N01014,XT,186.00,186.00,175.50,175.50,184.65,742,131319.00,18
BSE,RAGHUNAT,INE753B01014,X,11.00,11.82,11.00,11.82,11.00,29,335.00,3
BSE,RAGHUSYN,INE969C01022,X,99.95,100.00,97.80,98.75,99.95,915,90708.00,14
BSE,RAGHUTOB,INE754B01012,X,15.90,15.90,15.10,15.59,15.40,293,4543.00,12
BSE,RAILTEL,INE0DD101019,A,322.65,328.35,322.00,323.50,319.25,57442,18685128.00,1169
BSE,RAIN,INE855B01025,A,194.45,194.50,186.80,192.55,190.60,231522,44232570.00,1867
BSE,RAINBOW,INE961O01016,A,1495.00,1495.00,1437.75,1445.05,1477.00,9167,13396115.00,1026
BSE,RAINBOWF,INE230F01014,X,41.30,41.30,39.56,40.00,40.26,9507,382886.00,47
BSE,RAJABAH,INE491N01016,X,5755.85,5944.80,5755.85,5925.00,5755.85,29,172041.00,14
BSE,RAJESH,INE0VN801010,M,866.00,871.95,837.00,841.50,855.60,39100,33094820.00,333
BSE,RAJESHEXPO,INE343B01030,Z,102.95,103.10,101.55,103.10,98.20,146897,15122984.00,1208
BSE,RAJINFRA,INE016C01014,Z,4.85,4.98,4.52,4.53,4.75,7312,33284.00,23
BSE,RAJKOTINV,INE176R01014,X,41.65,45.00,41.65,41.70,41.50,5,211.00,4
BSE,RAJKSYN,INE376L01013,X,29.85,35.50,28.26,29.49,29.72,1050,30805.00,31
BSE,RAJNISH,INE685Z01033,B,0.45,0.46,0.44,0.45,0.44,2890466,1293381.00,587
BSE,RAJOOENG,INE535F01024,B,55.80,56.61,55.13,56.21,55.37,27367,1528825.00,307
BSE,RAJPACK,INE639C01013,X,31.49,31.49,30.99,31.15,29.10,343,10691.00,7
BSE,RAJPALAYAM,INE296E01026,B,842.00,842.00,822.05,829.35,830.60,312,259557.00,20
BSE,RAJPUTANA,INE751R01014,X,34.00,34.00,33.00,33.99,34.00,210,6999.00,15
BSE,RAJRATAN,INE451D01029,B,456.00,470.00,452.30,464.05,448.85,7780,3607364.00,509
BSE,RAJSEC,INE184D01026,X,51.54,51.54,51.30,51.40,50.53,8770,451170.00,46
BSE,RAJSREESUG,INE562B01019,B,33.83,34.62,33.10,33.80,33.94,6289,210091.00,109
BSE,RAJTUBE,INE497E01020,X,15.47,15.47,13.86,14.38,14.68,189362,2698186.00,189
BSE,RAJTV,INE952H01027,B,12.56,12.84,12.31,12.71,12.56,4492,56445.00,42
BSE,RALEGRA,INE427E01027,XT,55.00,56.00,55.00,56.00,56.90,1065,58668.00,7
BSE,RALLIS,INE613A01020,A,229.15,236.00,229.15,233.45,229.90,177773,41588292.00,926
BSE,RAMANEWS,INE278B01020,B,28.35,29.57,28.35,29.06,29.19,998,29351.00,40
BSE,RAMAPETRO,INE783A01013,XT,15.28,16.07,15.28,16.05,16.08,4625,72966.00,18
BSE,RAMAPHO,INE809A01032,B,130.35,135.80,128.20,134.80,128.85,9437,1253332.00,294
BSE,RAMAPPR-B,INE425E01013,Z,15.40,15.40,15.00,15.00,15.10,7,106.00,4
BSE,RAMASTEEL,INE230R01035,B,4.92,5.04,4.92,5.00,4.92,888615,4431299.00,1273
BSE,RAMAVISION,INE763B01013,X,149.95,149.95,138.45,143.80,138.35,900,129569.00,18
BSE,RAMCOCEM,INE331A01037,A,887.55,900.85,877.70,887.10,885.55,7484,6655884.00,434
BSE,RAMCOIND,INE614A01028,B,293.10,309.00,291.85,306.25,291.85,30628,9311760.00,1342
BSE,RAMCOSYS,INE246B01019,B,558.05,569.30,554.00,557.85,557.85,5178,2901320.00,177
BSE,RAMGOPOLY,INE410D01017,X,16.99,17.02,16.01,16.12,16.21,3326,54639.00,18
BSE,RAMINFO,INE357B01022,X,44.00,45.64,44.00,45.60,44.50,942,42533.00,27
BSE,RAMKY,INE874I01013,B,428.05,430.80,424.70,427.40,427.40,6111,2609803.00,198
BSE,RAMRAT,INE207E01023,B,410.90,428.50,408.50,424.70,407.30,18612,7865977.00,1187
BSE,RAMSONS,INE609D01014,XT,102.30,102.30,97.20,97.20,102.31,1068,103858.00,22
BSE,RANASUG,INE625B01014,B,12.90,13.14,12.70,12.97,12.89,16141,209103.00,110
BSE,RANDER,INE821D01031,X,9.79,10.48,9.50,9.54,9.99,135,1316.00,5
BSE,RANEHOLDIN,INE384A01010,B,1693.60,1747.15,1630.20,1650.30,1687.40,1608,2694227.00,419
BSE,RANJITSE,INE863D01017,XT,61.45,61.50,61.45,61.50,61.75,179,11007.00,7
BSE,RAP,INE483D01014,X,37.01,39.04,36.12,38.74,37.19,4778,180476.00,25
BSE,RAPICUT,INE350D01015,X,190.85,197.95,190.15,193.15,190.15,2698,523368.00,51
BSE,RAPIDIN,INE154M01012,XT,79.50,79.50,79.50,79.50,79.50,100,7950.00,2
BSE,RASANDIK,INE682D01011,X,65.00,65.00,63.99,64.10,62.77,252,16187.00,5
BSE,RASIELEC,INE822D01021,X,12.33,12.88,12.33,12.71,12.57,8624,108308.00,114
BSE,RASRESOR,INE651D01016,X,59.98,59.98,52.56,56.97,58.06,2329,132397.00,37
BSE,RASSIREF,INE858D01017,XT,14.70,15.43,14.70,14.70,14.70,1140,16976.00,10
BSE,RATEGAIN,INE0CLI01024,A,883.40,883.40,868.00,873.25,869.20,16184,14156618.00,772
BSE,RATHIBAR,INE575I01016,X,20.25,21.00,20.20,20.35,20.77,9725,198947.00,85
BSE,RATHIST,INE336C01016,X,18.89,19.50,18.89,19.05,19.19,51497,985605.00,214
BSE,RATNABHUMI,INE821Y01011,B,252.00,254.55,252.00,254.55,254.60,7,1779.00,2
BSE,RATNAMANI,INE703B01027,A,2784.80,2806.75,2737.80,2754.90,2762.70,1782,4949902.00,363
BSE,RATNAVEER,INE05CZ01011,B,190.55,193.55,186.00,186.85,189.35,52549,10008671.00,734
BSE,RAUNAQ,INE523K01012,X,28.45,28.45,27.90,28.00,28.45,1999,55971.00,16
BSE,RAVALSUGAR,INE615A01025,X,955.00,955.00,930.00,936.00,972.00,15,14142.00,5
BSE,RAVEL,INE0W4D01018,M,114.00,117.30,112.00,115.65,114.00,8000,919450.00,8
BSE,RAWEDGE,INE960Z01014,B,20.61,21.09,20.01,21.00,20.21,524,10991.00,12
BSE,RAYALEMA,INE008C01011,X,29.66,31.47,29.66,31.47,31.47,54,1616.00,6
BSE,RAYMOND,INE301A01014,A,595.15,602.00,589.00,600.15,585.75,57609,34466608.00,1301
BSE,RAYMONDLSL,INE02ID01020,A,818.20,845.60,817.25,820.35,808.65,14057,11694189.00,474
BSE,RAYMONDREL,INE1SY401010,B,648.00,672.05,638.55,660.80,633.20,76545,50366172.00,2177
BSE,RBA,INE07T201019,A,76.17,81.89,75.14,79.62,73.42,1981694,156333488.00,7677
BSE,RBLBANK,INE976G01028,A,380.05,381.25,376.15,378.65,378.55,131493,49830749.00,2144
BSE,RBZJEWEL,INE0PEQ01016,B,135.80,136.10,133.00,134.00,133.10,714,95339.00,35
BSE,RCAN,INE0CQ101015,M,18.59,20.34,18.59,19.97,18.50,25600,501532.00,41
BSE,RCCL,INE929D01016,X,30.50,33.01,30.50,31.50,32.00,1028,33730.00,14
BSE,RCF,INE027A01015,A,136.85,139.95,136.00,136.70,136.75,441035,60981455.00,2977
BSE,RCL,INE792P01020,Z,2.90,3.10,2.82,2.90,2.96,31019,89887.00,16
BSE,RCOM,INE330H01018,T,0.92,0.96,0.92,0.94,0.93,465646,434207.00,433
BSE,RDBIPL,INE245L01028,B,22.62,23.49,22.62,22.90,22.99,60352,1389924.00,200
BSE,RDBRL,INE123M01017,X,154.45,154.80,150.25,151.00,151.60,13749,2098865.00,62
BSE,RDEL,INE1DKT01011,MT,33.70,33.75,33.50,33.75,32.15,6000,202140.00,5
BSE,RDGAIL,INE0S5T01017,M,106.45,109.00,106.45,109.00,108.10,3600,388140.00,3
BSE,REALECO,INE055E01034,X,4.24,4.49,4.24,4.39,4.32,9628,41815.00,107
BSE,RECLTD,INE020B01018,A,354.00,370.50,353.95,369.80,355.25,376612,137875050.00,5019
BSE,RECODE,INE2B6701015,M,194.45,194.45,186.00,186.80,188.30,5600,1057840.00,7
BSE,REDINGTON,INE891D01026,A,280.50,284.00,276.70,279.85,280.90,284617,79665615.00,3973
BSE,REDTAPE,INE0LXT01019,B,135.65,137.65,134.90,135.45,133.90,43478,5910538.00,496
BSE,REETECH,INE0MKO01015,M,22.52,27.19,22.52,27.19,25.02,3600,86676.00,3
BSE,REFEX,INE056I01025,A,342.15,350.00,340.70,342.60,338.15,132569,45916351.00,1851
BSE,REFEXRENEW,INE332F01018,XT,300.00,305.65,299.65,305.65,302.65,6653,2002763.00,107
BSE,REGAAL,INE0MHO01029,T,75.32,80.00,75.32,78.22,77.51,38127,2895847.00,132
BSE,REGAL,INE101E01010,X,17.00,17.00,15.60,15.60,17.00,102,1594.00,3
BSE,REGANTO,INE043B01028,Z,6.78,7.01,6.78,6.88,6.80,102817,711564.00,229
BSE,REGENCERAM,INE277C01012,B,39.13,40.66,39.01,40.66,40.97,506,19777.00,6
BSE,REGENCY,INE964R01013,X,37.14,38.10,35.16,37.45,37.87,109426,4070873.00,210
BSE,REGENTRP,INE769D01016,X,5.89,5.89,5.74,5.76,5.76,4440,25742.00,24
BSE,REGIS,INE745R01024,X,2.25,2.30,2.25,2.26,2.27,114383,259402.00,121
BSE,RELAXO,INE131B01039,A,355.25,360.45,354.50,355.85,356.05,17697,6324141.00,611
BSE,RELCHEMQ,INE750D01016,B,140.80,141.20,135.00,135.00,138.00,1249,171147.00,29
BSE,RELIABLE,INE375Y01018,B,157.15,157.15,150.60,153.20,152.60,828,126804.00,41
BSE,RELIABVEN,INE419H01019,XT,27.40,27.40,26.12,26.12,27.49,5379,141287.00,37
BSE,RELIANCE,INE002A01018,A,1324.90,1345.45,1314.40,1326.55,1309.35,748087,998043728.00,26838
BSE,RELICAB,INE773T01014,B,37.20,37.20,34.60,35.55,36.01,25153,896526.00,270
BSE,RELICTEC,INE452B01013,X,66.67,72.40,66.67,66.89,66.67,1364,91144.00,23
BSE,RELIGARE,INE621H01010,A,254.00,267.25,254.00,265.95,253.95,140482,37043855.00,1721
BSE,RELINFRA,INE036A01016,T,77.78,82.00,77.78,77.78,81.87,284580,22227536.00,1349
BSE,RELTD,INE206N01018,B,174.90,179.75,161.00,162.05,172.10,186072,31514794.00,1988
BSE,REMIEDEL,INE158G01015,X,194.00,194.00,181.25,190.00,184.65,890,166488.00,54
BSE,REMSONSIND,INE474C01023,B,87.00,87.24,84.95,85.42,85.63,10394,895138.00,295
BSE,RENUKA,INE087H01022,A,23.27,23.40,23.10,23.16,23.15,303498,7038509.00,1167
BSE,REPCOHOME,INE612J01015,B,395.65,397.30,392.05,392.50,393.40,3496,1374612.00,163
BSE,REPONO,INE15WN01014,M,99.00,107.00,99.00,101.68,98.53,249600,25960752.00,194
BSE,REPRO,INE461B01014,B,378.10,387.00,372.15,375.25,366.50,1924,730458.00,110
BSE,RESGEN,INE0NYN01016,M,49.01,50.95,49.01,50.52,49.65,24750,1236495.00,18
BSE,RESONANCE,INE486D01017,X,140.05,140.80,132.00,134.90,138.45,22657,3088474.00,220
BSE,RESPONIND,INE688D01026,B,193.80,197.95,192.20,195.50,190.90,10339,2018645.00,358
BSE,RESPONSINF,INE401B01010,X,21.50,21.50,20.51,20.51,21.16,471,10089.00,14
BSE,RESTILE,INE298E01022,X,7.23,7.35,7.05,7.12,7.23,13609,98037.00,54
BSE,RETAGGIO,INE0KWJ01014,MT,64.00,64.00,59.60,61.50,62.00,12000,747150.00,4
BSE,RETAIL,INE03DD01011,B,19.22,19.90,18.40,18.70,19.22,1434,27405.00,66
BSE,RETINA,INE0NTC01019,M,43.79,43.79,43.79,43.79,43.60,2000,87580.00,1
BSE,REXNORD,INE687C01012,XT,83.80,86.20,82.12,85.64,83.80,1732,145104.00,30
BSE,RFIL,INE1GM501015,M,46.00,48.40,46.00,47.46,45.17,126000,5982960.00,52
BSE,RFL,INE239B01014,XT,136.00,136.00,136.00,136.00,143.00,18,2448.00,2
BSE,RFLL,INE018S01016,X,15.73,16.45,15.50,15.59,15.68,3256,50911.00,26
BSE,RFSL,INE201C01012,X,24.16,24.17,21.75,21.75,24.16,51982,1144419.00,165
BSE,RGF,INE684D01025,XT,2.05,2.11,2.01,2.11,2.01,485202,1014694.00,267
BSE,RGIL,INE364S01014,XT,191.10,191.10,191.10,191.10,194.95,228,43570.00,7
BSE,RGL,INE722H01024,B,113.65,115.50,111.85,113.60,111.55,31068,3524854.00,299
BSE,RGRL,INE601N01010,Z,1.57,1.59,1.52,1.56,1.54,7796,12173.00,33
BSE,RHETAN,INE0KKN01029,B,29.94,29.94,27.50,27.74,29.36,620532,17406002.00,717
BSE,RHFL,INE217K01011,Z,2.23,2.23,2.16,2.20,2.18,41874,91431.00,152
BSE,RHIM,INE743M01012,A,381.65,390.95,377.80,387.55,381.65,9334,3590799.00,248
BSE,RHL,INE508K01013,B,179.00,179.35,176.00,176.00,179.00,245,43860.00,7
BSE,RIBATEX,INE811H01017,X,81.60,84.70,81.60,82.84,80.67,32090,2660701.00,162
BSE,RICHUNV,INE652D01014,XT,11.60,11.60,11.60,11.60,11.60,2,23.00,2
BSE,RICOAUTO,INE209B01025,B,147.30,157.00,145.65,148.50,145.05,435069,66029020.00,3624
BSE,RIDDHI,INE249D01019,XT,801.20,850.00,801.05,820.75,823.45,4133,3396234.00,108
BSE,RIDDHICORP,INE325X01015,X,60.50,62.98,59.50,61.25,60.50,1605,98152.00,32
BSE,RIIL,INE046A01015,B,893.90,893.90,865.00,867.05,857.65,6419,5642309.00,413
BSE,RIIT,INE2PB023011,IF,113.26,113.99,113.26,113.62,113.26,2438,276780.00,34
BSE,RIKHAV,INE0CFH01028,M,47.00,47.13,47.00,47.04,46.61,8000,376208.00,4
BSE,RIR,INE302D01024,B,165.65,168.50,165.05,166.80,165.65,90416,15064361.00,1505
BSE,RISAINTL,INE001O01029,X,0.50,0.52,0.48,0.51,0.49,102575,51294.00,80
BSE,RISHABH,INE0N2P01017,B,581.95,589.55,579.05,585.40,578.90,10061,5871613.00,363
BSE,RISHDIGA,INE864D01015,X,33.75,33.75,30.77,33.70,33.75,45,1489.00,9
BSE,RISHILASE,INE988D01012,X,119.05,127.85,119.05,125.90,118.05,9169,1116994.00,36
BSE,RISHIROOP,INE582D01013,X,89.05,98.00,89.05,95.03,92.10,2707,257496.00,52
BSE,RISHITECH,INE989D01010,X,41.40,41.40,40.57,41.02,40.80,1641,67480.00,17
BSE,RITCO,INE01EG01016,B,275.00,275.00,265.10,272.35,274.05,4773,1284881.00,351
BSE,RITES,INE320J01015,A,214.90,216.85,212.90,213.50,213.20,24435,5249863.00,658
BSE,RITESHIN,INE534D01014,X,62.85,69.00,61.61,63.29,62.99,14844,973040.00,97
BSE,RKDAGRRTL,INE552N01023,XT,6.30,6.61,6.30,6.61,6.30,3107,20536.00,7
BSE,RKDL,INE722J01012,B,18.82,19.22,18.03,19.09,19.20,1608,30642.00,32
BSE,RKFORGE,INE399G01023,A,588.05,595.95,588.05,590.70,587.50,5963,3530639.00,314
BSE,RKSWAMY,INE0NQ801033,B,94.00,101.71,94.00,99.24,98.08,3162,313834.00,119
BSE,RLF,INE629C01014,X,11.55,11.55,10.18,10.55,10.54,11341,124836.00,31
BSE,RLFL,INE516P01015,XT,17.41,17.41,17.02,17.41,16.59,262753,4574446.00,282
BSE,RMC,INE655V01019,B,316.90,370.00,316.90,359.60,311.45,55690,19686669.00,1472
BSE,RMDRIP,INE219Y01026,B,18.49,19.56,18.20,19.56,18.63,177377,3387042.00,964
BSE,RML,INE050H01012,B,1131.75,1167.15,1104.50,1137.90,1120.90,10590,12065823.00,822
BSE,RNBDENIMS,INE012Q01039,B,10.92,11.21,10.90,11.07,10.95,62712,694428.00,232
BSE,RNITAI,INE335Q01026,XT,61.15,64.80,61.15,64.72,61.72,81848,5251100.00,261
BSE,ROBU,INE0OLH01013,M,1126.95,1129.10,1049.90,1068.10,1129.10,18810,20375767.00,94
BSE,RODIUM,INE513E01024,X,160.00,160.05,154.00,154.90,157.85,938,147703.00,17
BSE,ROHLTD,INE283H01019,B,335.00,353.00,333.30,343.95,331.05,5151,1771894.00,419
BSE,ROJL,INE0BDU01028,B,1.70,1.72,1.70,1.70,1.70,17502,29761.00,34
BSE,ROLCOEN,INE775R01013,P,541.80,541.80,541.80,541.80,516.00,50,27090.00,1
BSE,ROLEXRINGS,INE645S01024,B,144.30,146.30,143.60,145.30,143.15,95993,13927611.00,852
BSE,ROLLT,INE927A01040,T,3.53,3.57,3.42,3.57,3.40,67060,238486.00,48
BSE,ROML,INE294G01026,B,47.99,47.99,46.11,46.76,47.20,491,23183.00,72
BSE,RONI,INE02AP01013,M,40.00,40.00,40.00,40.00,40.00,1800,72000.00,1
BSE,ROOPAIND,INE443C01010,X,53.94,53.94,50.25,50.30,49.55,194,9976.00,12
BSE,ROSELABS,INE475C01012,X,20.88,20.88,20.88,20.88,19.89,1,20.00,1
BSE,ROSEMER,INE649C01012,X,55.60,67.00,55.60,65.96,59.59,13239,798263.00,173
BSE,ROSSARI,INE02A801020,B,557.70,573.25,536.50,551.35,560.25,9488,5253424.00,817
BSE,ROSSELLIND,INE847C01020,B,57.00,57.69,55.50,56.65,56.10,3088,173464.00,94
BSE,ROSSTECH,INE0OJW01016,B,1055.20,1104.25,1042.90,1082.60,1021.45,28011,30232569.00,1606
BSE,ROTO,INE535D01037,B,65.39,66.90,64.52,65.15,64.53,118193,7781854.00,933
BSE,ROUTE,INE450U01017,B,545.95,553.50,538.35,539.75,545.95,4589,2494796.00,343
BSE,ROYAL,INE0QQG01019,M,110.15,110.15,110.15,110.15,112.00,500,55075.00,1
BSE,ROYALCU,INE618A01011,X,14.98,15.90,14.29,15.02,14.86,9825,142845.00,34
BSE,ROYALIND,INE510H01015,XT,5.90,6.18,5.90,6.02,5.98,52873,319189.00,120
BSE,RPEL,INE912T01018,B,1222.00,1233.75,1189.05,1202.45,1199.55,3911,4712480.00,308
BSE,RPGLIFE,INE105J01010,B,2277.65,2350.00,2273.00,2333.10,2277.65,462,1066141.00,71
BSE,RPOWER,INE614G01033,A,26.40,27.17,26.33,26.46,26.11,5364074,143502026.00,9341
BSE,RPPINFRA,INE324L01013,B,67.36,70.00,64.18,68.43,63.78,20363,1361733.00,482
BSE,RPSGVENT,INE425Y01011,B,855.05,876.70,855.05,873.50,872.15,780,680339.00,80
BSE,RPTECH,INE0J1F01024,B,755.25,785.00,751.05,761.35,752.80,213827,163751225.00,4835
BSE,RRECL,INE0AK901016,X,145.00,145.00,134.85,141.95,141.80,608,82756.00,16
BSE,RRETAIL,INE786J01033,X,2.70,2.79,2.63,2.72,2.70,77907,210812.00,189
BSE,RRFIN,INE229D01011,X,71.66,71.66,70.23,71.66,68.25,1089,78036.00,31
BSE,RRIL,INE951M01037,B,18.79,18.79,17.61,18.17,17.98,20326,370673.00,128
BSE,RRKABEL,INE777K01022,A,2349.50,2373.10,2325.00,2354.55,2320.35,29142,68530473.00,2425
BSE,RRMETAL,INE117K01013,XT,63.13,63.13,57.13,59.42,60.13,51837,3198201.00,168
BSE,RRP,INE713N01013,X,8984.40,8984.40,8984.40,8984.40,9075.15,20,179688.00,3
BSE,RRPDEFENSE,INE535P01015,X,707.25,707.25,707.25,707.25,714.35,167,118110.00,13
BSE,RSCINT,INE015F01019,X,27.15,27.51,27.15,27.51,26.20,7816,214070.00,27
BSE,RSL,INE313L01016,B,130.25,131.95,128.65,130.05,130.05,21991,2854281.00,403
BSE,RSSOFTWARE,INE165B01029,T,37.30,37.30,37.30,37.30,35.53,18246,680575.00,26
BSE,RSTL,INE367U01013,MT,239.20,239.20,239.20,239.20,251.75,450,107640.00,1
BSE,RSWM,INE611A01016,T,193.00,198.00,193.00,193.00,192.70,3693,714481.00,30
BSE,RSYSTEMS,INE411H01032,B,265.70,267.30,252.10,254.50,263.80,24058,6179711.00,656
BSE,RTFL,INE840I01014,Z,47.88,47.88,43.32,46.75,45.60,259,12005.00,7
BSE,RTNINDIA,INE834M01019,A,35.63,35.98,35.16,35.36,35.07,79323,2820393.00,575
BSE,RTNPOWER,INE399K01017,A,9.31,9.64,9.31,9.43,9.41,1500690,14263298.00,7937
BSE,RTSPOWR,INE005C01017,X,113.95,113.95,104.35,105.20,106.70,8351,888046.00,104
BSE,RUBFILA,INE642C01025,B,71.84,73.40,71.10,72.83,71.75,3308,239330.00,113
BSE,RUBICON,INE506V01022,B,1384.20,1413.75,1348.55,1377.45,1360.00,10628,14659978.00,911
BSE,RUBYMILLS,INE301D01026,T,328.00,340.20,328.00,337.75,340.95,1104,371107.00,33
BSE,RUCHINFRA,INE413B01023,B,6.37,6.46,6.22,6.33,6.26,7201,45595.00,36
BSE,RUCHIRA,INE803H01014,B,110.20,110.90,109.00,109.95,110.00,771,85127.00,15
BSE,RUDRA,INE027T01023,T,18.05,18.05,17.39,17.55,17.99,9881,176035.00,32
BSE,RUDRAECO,INE723D01021,X,19.31,20.00,18.99,19.74,19.27,60273,1186956.00,153
BSE,RUDRAGAS,INE0OYK01010,M,70.66,74.85,70.65,74.12,74.00,10000,729410.00,10
BSE,RUNGTAIR,INE347C01013,X,50.41,52.49,50.41,52.00,51.72,260,13381.00,10
BSE,RUPA,INE895B01021,B,156.05,163.95,156.05,161.60,161.10,10989,1786422.00,265
BSE,RUSHIL,INE573K01025,B,16.31,18.04,16.31,17.28,17.61,97687,1727031.00,383
BSE,RUSTOMJEE,INE263M01029,B,389.95,394.90,387.10,394.60,389.50,1037,405191.00,72
BSE,RVHL,INE09E501017,B,48.90,48.90,46.06,47.42,45.86,1227,59386.00,36
BSE,RVNL,INE415G01027,A,249.00,250.80,245.10,246.15,244.10,1077272,267548826.00,9978
BSE,RVTH,INE0DAB01012,B,710.05,739.95,671.20,721.10,710.05,222,154916.00,20
BSE,S&SPOWER,INE902B01017,B,404.90,404.90,380.00,381.15,388.00,908,346580.00,70
BSE,SAATVIKGL,INE13B501022,B,475.15,484.00,465.50,467.85,476.50,5429,2565840.00,220
BSE,SAB,INE137M01017,X,172.00,172.00,160.00,161.05,166.65,630,104550.00,17
BSE,SABEVENTS,INE860T01019,T,7.14,7.67,7.14,7.67,7.33,5748,42559.00,20
BSE,SABOOSOD,INE440C01016,X,11.85,12.09,11.63,11.81,11.90,17094,202872.00,101
BSE,SACHEMT,INE433G01020,X,3.90,3.90,3.83,3.88,3.85,95176,367647.00,118
BSE,SADBHAV,INE226H01026,B,8.75,9.27,8.65,8.99,8.96,71751,632358.00,322
BSE,SADBHIN,INE764L01010,T,2.94,2.94,2.77,2.81,2.91,26738,75508.00,61
BSE,SADHNANIQ,INE888C01040,T,2.94,3.01,2.88,3.01,2.87,4115788,12377697.00,667
BSE,SAFARI,INE429E01023,A,1675.50,1681.40,1645.00,1653.95,1675.60,4607,7645012.00,539
BSE,SAFFRON,INE474D01013,X,31.48,31.48,28.52,29.50,28.91,1754,51567.00,44
BSE,SAGARSOFT,INE184B01012,X,78.00,78.00,74.01,76.80,76.65,423,32407.00,39
BSE,SAGCEM,INE229C01021,B,174.75,174.75,170.90,172.10,172.30,2147,370535.00,212
BSE,SAGILITY,INE0W2G01015,A,39.90,40.69,39.90,40.05,39.65,2318921,93494866.00,6727
BSE,SAHARAHOUS,INE135C01012,X,40.77,41.54,39.50,39.55,39.97,1436,57496.00,25
BSE,SAHLIBHFI,INE861D01011,B,75.60,76.98,73.50,75.10,75.41,4111,310495.00,54
BSE,SAHYADRI,INE280H01015,B,291.00,297.25,289.10,292.55,289.65,717,208798.00,119
BSE,SAICAPI,INE531X01018,X,141.80,149.00,141.80,145.00,145.45,7932,1166882.00,53
BSE,SAICOM,INE092G01024,X,0.23,0.23,0.23,0.23,0.23,190152,43734.00,51
BSE,SAIL,INE114A01011,A,180.05,180.65,172.45,174.75,180.05,2511155,439519603.00,12900
BSE,SAILIFE,INE570L01029,A,1220.00,1220.00,1190.80,1202.00,1216.95,21370,25603237.00,1159
BSE,SAINIK,INE584B01013,X,40.25,41.45,40.25,41.45,41.50,1992,82448.00,5
BSE,SAIPARENT,INE0H9F01037,B,597.90,597.90,584.00,588.75,592.95,8473,4990806.00,246
BSE,SAKHTISUG,INE623A01011,B,17.54,17.70,16.93,17.45,17.61,10781,186809.00,88
BSE,SAKSOFT,INE667G01023,B,140.30,141.85,140.00,141.55,139.85,9724,1369272.00,229
BSE,SAKTHIFIN,INE302E01014,X,29.49,29.50,28.54,28.55,29.05,2182,63274.00,33
BSE,SAKUMA,INE190H01024,T,1.89,1.93,1.85,1.90,1.93,56475,106869.00,191
BSE,SALASAR,INE170V01027,B,7.01,7.25,7.01,7.04,7.08,431713,3060977.00,1231
BSE,SALAUTO,INE724G01014,X,189.00,193.00,188.40,190.00,184.70,293,56369.00,16
BSE,SALEM,INE894E01028,X,44.00,44.00,40.90,40.90,38.20,74,3055.00,4
BSE,SALGUTI,INE159C01012,X,30.20,30.20,29.83,29.83,31.40,177,5314.00,6
BSE,SALONA,INE498E01010,B,270.05,270.05,270.00,270.00,265.00,31,8371.00,4
BSE,SALORAINTL,INE924A01013,X,29.70,29.70,29.49,29.49,29.38,231,6833.00,6
BSE,SALSAIN,INE315N01017,XT,217.05,221.00,217.05,220.00,216.00,348,76292.00,14
BSE,SALSTEEL,INE658G01014,T,57.32,59.95,55.42,58.44,57.44,12132,693056.00,82
BSE,SALZERELEC,INE457F01013,B,643.70,676.00,643.70,674.70,653.25,8453,5628688.00,442
BSE,SAMBANDAM,INE304D01012,X,114.95,115.00,114.90,115.00,113.00,190,21848.00,7
BSE,SAMBHAAV,INE699B01027,B,6.71,6.79,6.56,6.76,6.63,1193,7855.00,18
BSE,SAMBHV,INE12NJ01018,B,109.05,114.65,109.05,112.85,109.65,120784,13663426.00,757
BSE,SAMHI,INE08U801020,A,178.95,182.25,176.90,179.05,175.80,176444,31661264.00,4376
BSE,SAMINDUS,INE653D01012,X,46.04,46.04,41.32,42.80,45.59,461,19963.00,21
BSE,SAMKRG,INE706B01012,X,125.90,126.85,123.05,125.20,123.85,4862,607379.00,52
BSE,SAMMAANCAP,INE148I01020,A,175.15,178.80,173.55,178.40,174.60,426732,75265937.00,4587
BSE,SAMOR,INE0GD201014,B,103.95,103.95,97.95,100.65,99.95,202,20292.00,18
BSE,SAMPANN,INE735M01018,B,27.49,28.50,26.20,26.88,26.95,241468,6457251.00,97
BSE,SAMPAT,INE10XS01012,M,39.00,39.50,37.01,37.84,38.00,7200,276660.00,6
BSE,SAMPRE,INE375C01022,X,7.71,7.71,7.71,7.71,8.11,116139,895431.00,188
BSE,SAMRATFORG,INE412J01010,X,241.00,255.00,241.00,255.00,244.65,38,9550.00,5
BSE,SAMRATPH,INE103E01016,X,198.00,204.95,198.00,200.60,198.75,5057,1018921.00,100
BSE,SAMSRITA,INE579N01018,X,12.60,12.85,12.08,12.09,12.71,46143,565815.00,107
BSE,SAMTELIN,INE538C01017,XT,61.18,61.18,61.18,61.18,59.99,2400,146832.00,8
BSE,SAMTEX,INE931D01020,X,1.42,1.47,1.35,1.44,1.42,11696,17009.00,42
BSE,SAMYAKINT,INE607G01011,X,19.00,19.00,18.00,18.29,18.58,1836,34046.00,26
BSE,SANATHAN,INE0JPD01013,B,445.00,454.75,441.35,451.40,439.05,1703,758208.00,120
BSE,SANCODE,INE0P7001013,MT,271.95,271.95,271.95,271.95,259.00,6000,1631700.00,11
BSE,SANCTRN,INE391G01012,X,749.95,774.05,745.00,774.05,737.20,321,244156.00,25
BSE,SANDESH,INE583B01015,B,988.00,1008.90,988.00,1000.00,980.00,116,115830.00,20
BSE,SANDHAR,INE278H01035,B,710.05,728.55,709.95,710.70,707.70,15659,11252740.00,444
BSE,SANDUMA,INE149K01016,B,211.00,216.00,210.95,213.45,211.60,62593,13335592.00,694
BSE,SANDUPHQ,INE751D01014,X,43.00,45.50,41.99,42.14,42.77,12017,522875.00,91
BSE,SANGAMIND,INE495C01010,B,533.25,542.10,533.25,538.15,540.70,2485,1337881.00,92
BSE,SANGHVIMOV,INE989A01032,B,422.10,442.65,422.05,436.25,414.10,46088,20077379.00,1433
BSE,SANINFRA,INE799C01049,XT,57.00,57.38,57.00,57.38,54.65,5210,298680.00,104
BSE,SANJIVIN,INE860D01013,X,152.95,152.95,146.45,149.90,149.80,3424,512929.00,40
BSE,SANOFI,INE058A01010,A,3347.25,3390.00,3330.00,3349.20,3346.95,1496,5024131.00,304
BSE,SANOFICONR,INE0UOS01011,A,4806.90,4807.00,4695.05,4710.55,4818.25,398,1889723.00,125
BSE,SANSERA,INE953O01021,A,2941.90,3036.15,2915.35,2992.10,2941.65,65432,196061978.00,1271
BSE,SANSTAR,INE08NE01025,B,115.70,124.90,115.70,124.25,116.20,109083,13138992.00,1613
BSE,SANTOSHF,INE612D01018,XT,32.84,32.84,32.84,32.84,31.84,1,32.00,1
BSE,SANWARIA,INE890C01046,Z,0.49,0.49,0.49,0.49,0.49,21,10.00,1
BSE,SAPL,INE002E01010,X,2620.00,2620.00,2618.00,2618.00,2620.00,12,31432.00,2
BSE,SAPPHIRE,INE806T01020,A,186.70,193.70,186.70,192.00,187.85,62965,12039427.00,873
BSE,SAPPL,INE185C01017,B,275.20,280.00,260.00,273.00,275.20,1382,363933.00,34
BSE,SARDAEN,INE385C01021,A,529.90,535.45,525.10,531.10,523.25,19127,10164756.00,492
BSE,SAREGAMA,INE979A01025,A,466.35,480.30,463.70,476.65,465.75,36292,17134842.00,1227
BSE,SARLAPOLY,INE453D01025,B,96.76,98.17,96.47,97.97,96.73,5470,532103.00,105
BSE,SARTHAKGL,INE075H01019,XT,33.62,34.50,33.62,33.62,34.30,1008,33894.00,5
BSE,SARTHAKIND,INE074H01012,X,26.94,26.99,25.60,26.99,26.94,507,13326.00,6
BSE,SARUPINDUS,INE305D01019,X,132.10,132.10,119.85,127.00,125.85,32,4094.00,7
BSE,SARVESHWAR,INE324X01026,T,3.91,4.01,3.89,3.94,3.98,253125,996951.00,382
BSE,SARVOTTAM,INE822Q01015,X,20.69,20.69,19.70,20.65,20.69,251,5005.00,15
BSE,SASHWAT,INE789D01014,P,338.35,338.35,338.35,338.35,338.35,300,101505.00,1
BSE,SASKEN,INE231F01020,B,2585.70,2585.70,2458.20,2458.20,2587.55,8826,21864132.00,551
BSE,SATANIBRG,INE498D01012,X,274.70,274.70,269.30,269.30,272.00,32,8673.00,5
BSE,SATCH,INE639K01016,XT,4.84,5.12,4.84,5.01,4.98,57108,285783.00,102
BSE,SATIA,INE170E01023,B,55.71,57.28,55.61,56.52,55.71,11461,648055.00,90
BSE,SATIN,INE836B01017,B,233.30,239.70,232.40,235.95,235.10,15151,3587800.00,358
BSE,SATTRIX,INE0QUV01010,M,366.10,370.00,365.50,370.00,364.45,5000,1835350.00,9
BSE,SATTVASUKU,INE280E01038,X,0.75,0.76,0.75,0.75,0.75,141866,106636.00,119
BSE,SAURASHCEM,INE626A01014,B,58.88,59.67,58.43,59.05,58.49,5171,306225.00,346
BSE,SAVERA,INE104E01014,X,153.20,159.40,153.20,155.90,154.00,6731,1044489.00,58
BSE,SAWACA,INE248B01023,X,0.31,0.32,0.30,0.32,0.31,508672,158119.00,347
BSE,SAYAJIIND,INE327G01032,X,108.45,119.80,108.45,119.35,114.15,14825,1666560.00,142
BSE,SBC,INE04AK01028,B,43.95,44.87,43.69,44.10,43.51,1215321,53597413.00,1794
BSE,SBCL,INE386D01027,B,753.30,758.90,738.20,744.75,747.80,22680,16996822.00,1143
BSE,SBECSUG,INE948G01019,XT,76.49,76.49,76.49,76.49,80.51,6076,464753.00,51
BSE,SBECSYS,INE689V01018,X,23.99,23.99,22.00,22.00,22.30,685,15103.00,23
BSE,SBFC,INE423Y01016,A,95.60,95.60,92.76,93.34,95.55,140447,13215415.00,1038
BSE,SBFL,INE363D01018,X,22.53,22.53,22.01,22.01,22.24,1993,43866.00,3
BSE,SBGLP,INE05ST01028,B,27.02,27.02,26.18,26.34,26.01,1645,43519.00,69
BSE,SBICARD,INE018E01016,A,616.05,631.00,616.05,627.70,617.55,79544,49916961.00,3081
BSE,SBILIFE,INE123W01016,A,1816.50,1820.00,1795.00,1805.75,1798.75,78145,140954081.00,944
BSE,SBIN,INE062A01020,A,1038.95,1043.00,1033.55,1041.00,1035.05,230798,239595286.00,7678
BSE,SBL,INE857P01021,XT,1.99,1.99,1.99,1.99,2.09,1101,2190.00,4
BSE,SBRANDS,INE204Y01010,MT,11.50,11.50,11.50,11.50,12.00,1000,11500.00,1
BSE,SBVCL,INE0RNZ01014,M,115.50,115.50,114.50,114.50,114.05,2400,276600.00,4
BSE,SCAGRO,INE895E01017,X,21.65,23.95,21.00,22.73,21.75,6206,136964.00,23
BSE,SCANPRO,INE393D01015,XT,125.35,129.90,125.35,129.90,131.90,205,25701.00,6
BSE,SCANSTL,INE099G01011,B,37.99,38.89,37.10,37.89,37.33,13978,535222.00,141
BSE,SCBL,INE467X01023,XT,47.47,47.47,47.00,47.00,47.00,28,1326.00,6
BSE,SCC,INE892C01018,X,10.58,10.58,9.63,10.58,10.09,1065,11265.00,9
BSE,SCDL,INE0UMH01018,M,76.45,78.99,76.00,78.99,76.45,6400,492624.00,4
BSE,SCHAEFFLER,INE513A01022,A,4350.00,4420.80,4308.20,4320.45,4329.85,120187,521013861.00,1480
BSE,SCHAND,INE807K01035,B,151.65,153.20,150.00,150.20,151.65,1496,226771.00,66
BSE,SCHNEIDER,INE839M01018,A,1333.10,1399.95,1333.10,1394.45,1332.80,83033,114120960.00,3974
BSE,SCI,INE109A01011,A,315.85,328.85,315.00,322.90,312.05,936816,303620204.00,11591
BSE,SCILAL,INE0PB301013,B,46.44,47.44,45.45,46.08,45.76,95312,4433760.00,379
BSE,SCODATUBES,INE090501011,B,146.95,150.50,146.85,148.65,144.65,42340,6299714.00,467
BSE,SCOOBEEDAY,INE962E01015,X,71.44,79.90,71.44,75.10,73.28,4232,317629.00,41
BSE,SCPL,INE501Y01019,B,483.90,515.00,470.00,499.25,481.10,13396,6632427.00,273
BSE,SCTL,INE452S01025,X,0.44,0.45,0.44,0.44,0.44,283265,125398.00,182
BSE,SDBL,INE480C01038,B,66.03,73.85,66.03,71.55,75.36,304271,21543827.00,2883
BSE,SDL,INE004E01016,XT,38.50,38.50,38.50,38.50,38.50,1,38.00,1
BSE,SEALMATIC,INE0O4601016,M,370.00,378.45,367.85,376.30,373.00,3600,1345770.00,18
BSE,SEAMECLTD,INE497B01018,B,1385.65,1385.65,1335.00,1363.20,1365.20,3124,4250684.00,337
BSE,SEASONST,INE707B01010,X,18.20,18.20,18.10,18.10,18.20,286,5176.00,5
BSE,SEATV,INE351L01016,X,3.20,3.35,3.05,3.35,3.20,702,2231.00,9
BSE,SECURKLOUD,INE650K01021,B,19.00,19.57,18.50,18.95,19.50,2698,50581.00,39
BSE,SEDEMAC,INE00XB01019,B,2711.75,2941.20,2691.45,2858.85,2697.45,27335,77944554.00,3077
BSE,SEIL,INE440T01028,B,207.50,220.00,204.00,218.55,203.60,440921,95045052.00,5171
BSE,SEJALLTD,INE955I01044,T,816.85,816.85,776.05,784.45,816.85,1611,1266920.00,74
BSE,SEKURITIND,INE068B01017,X,135.00,138.00,134.20,136.05,133.70,194644,26595095.00,1391
BSE,SELECTRIC,INE155D01018,T,982.69,982.69,982.69,982.69,935.90,9,8844.00,4
BSE,SELMC,INE105I01020,B,28.20,30.08,28.20,30.03,29.67,60,1795.00,12
BSE,SEMAC,INE617A01013,T,322.65,322.65,322.65,322.65,307.30,109,35168.00,5
BSE,SEML,INE0KPY01017,MT,60.10,60.10,58.01,58.44,60.10,3750,222232.00,10
BSE,SENCO,INE602W01027,A,345.00,345.00,337.65,338.90,340.05,15080,5131886.00,407
BSE,SENORES,INE0RB801010,B,1317.65,1317.65,1284.75,1292.75,1315.15,14253,18454195.00,747
BSE,SEPC,INE964H01014,B,7.48,7.64,7.26,7.30,7.47,2389523,17717055.00,1273
BSE,SERA,INE017I01027,X,44.00,44.81,41.01,41.12,43.01,76635,3199955.00,245
BSE,SESHACHAL,INE331F01028,XT,92.48,92.48,92.48,92.48,93.41,151,13964.00,3
BSE,SESHAPAPER,INE630A01024,B,250.00,250.00,221.00,224.40,225.65,1738,386758.00,191
BSE,SETCO,INE878E01021,T,17.52,17.88,17.19,17.20,17.54,72199,1260706.00,64
BSE,SETL,INE0M4D01010,B,189.00,204.95,187.45,202.45,186.30,174079,34192105.00,2687
BSE,SETUINFRA,INE023M01027,Z,0.44,0.46,0.43,0.43,0.44,109250,48976.00,13
BSE,SEVL,INE0SC101013,M,42.00,42.00,38.50,40.00,39.47,6000,238212.00,5
BSE,SEYAIND,INE573R01012,T,13.50,13.77,13.29,13.29,13.50,514,6858.00,7
BSE,SFL,INE916U01025,A,697.10,747.00,697.10,742.90,697.05,20060,14729131.00,868
BSE,SFPIL,INE716K01020,X,8.13,9.24,8.13,9.14,8.86,2234,19987.00,24
BSE,SGFIN,INE618R01015,B,597.20,609.05,588.55,596.15,587.25,5275,3153582.00,320
BSE,SGFRL,INE07GA01011,M,96.00,102.00,93.00,102.00,96.00,17250,1641750.00,8
BSE,SGIL,INE00QT01015,B,581.40,595.00,581.40,585.95,590.20,715,420956.00,25
BSE,SGL,INE353H01010,B,10.25,10.51,9.91,10.28,10.20,5894,59815.00,30
BSE,SGLRES,INE967B01028,XT,2.98,3.00,2.80,3.00,2.86,142509,424351.00,98
BSE,SGMART,INE385F01024,B,592.05,610.70,587.00,591.60,598.20,10755,6443612.00,341
BSE,SGNTE,INE266C01023,X,0.56,0.56,0.55,0.55,0.56,18202,10142.00,24
BSE,SGRL,INE414Y01015,X,700.00,705.00,663.00,668.70,703.00,19448,13358704.00,504
BSE,SHADOWFAX,INE12UN01015,B,222.50,227.40,219.15,220.00,222.35,150156,33542462.00,2557
BSE,SHAH,INE482J01021,B,4.63,4.71,4.58,4.59,4.69,381105,1764024.00,354
BSE,SHAHALLOYS,INE640C01011,B,70.00,72.00,69.45,70.27,66.16,2094,146885.00,58
BSE,SHAHFOOD,INE455D01012,XT,178.65,178.65,178.65,178.65,178.65,10,1786.00,1
BSE,SHAHISHIP,INE825D01016,X,13.45,13.45,12.41,13.33,12.82,2917,38387.00,53
BSE,SHAHLON,INE052001026,X,22.50,24.45,22.05,24.18,23.98,1509,35293.00,37
BSE,SHAILY,INE151G01028,A,2819.90,2828.00,2752.80,2762.50,2799.35,6736,18724907.00,841
BSE,SHAKTIPR,INE794C01016,XT,25.00,25.12,24.00,25.11,23.93,6200850,155494082.00,15075
BSE,SHAKTIPUMP,INE908D01010,A,551.40,568.70,551.40,553.70,550.80,58876,33000370.00,2079
BSE,SHALBY,INE597J01018,B,172.00,176.00,170.30,175.25,170.80,4804,831153.00,224
BSE,SHALIWIR,INE655D01025,X,17.70,18.25,17.70,18.00,17.70,7739,139119.00,28
BSE,SHALPAINTS,INE849C01026,B,54.45,54.85,53.79,54.00,54.21,3094,167422.00,118
BSE,SHALPRO,INE435E01020,X,0.32,0.32,0.32,0.32,0.33,1519729,486313.00,423
BSE,SHAMROIN,INE022F01015,XT,23.56,23.56,23.56,23.56,23.56,345,8128.00,7
BSE,SHANGAR,INE118R01032,X,0.22,0.24,0.22,0.23,0.22,2274657,523769.00,274
BSE,SHANKARA,INE274V01019,T,124.15,124.15,124.15,124.15,121.75,2755,342033.00,21
BSE,SHANTAI,INE408F01024,XT,96.06,96.06,96.06,96.06,97.03,5058,485871.00,34
BSE,SHANTIGEAR,INE631A01022,B,450.10,459.00,445.00,446.15,450.10,1703,768787.00,126
BSE,SHANTIGOLD,INE06ZD01017,B,219.60,222.20,213.30,215.95,219.55,18434,4013704.00,420
BSE,SHAQUAK,INE545N01019,X,1.37,1.37,1.26,1.26,1.25,864,1143.00,9
BSE,SHARDACROP,INE221J01015,A,909.75,915.00,896.85,903.65,901.20,11547,10444915.00,612
BSE,SHARDAMOTR,INE597I01028,B,838.95,840.90,823.95,830.30,825.20,3933,3277679.00,259
BSE,SHARDUL,INE037B01020,B,28.65,28.65,28.65,28.65,28.65,403,11545.00,6
BSE,SHAREINDIA,INE932X01026,B,140.05,141.00,138.70,139.65,139.20,11487,1600703.00,253
BSE,SHARIKA,INE669Y01022,T,19.03,19.03,19.03,19.03,18.13,166077,3160445.00,88
BSE,SHARMEH,INE465H01012,X,104.85,104.85,96.20,103.75,101.70,459,47873.00,12
BSE,SHARP,INE207B01011,XT,116.50,116.50,116.50,116.50,115.35,16840,1961860.00,53
BSE,SHARPINV,INE909D01026,X,0.40,0.41,0.39,0.39,0.40,282565,112784.00,135
BSE,SHARPLINE,INE647W01014,X,10.55,10.94,10.50,10.56,10.94,4248,44828.00,26
BSE,SHARVAYA,INE0UJF01018,M,104.95,107.75,99.90,104.50,103.90,75600,7900110.00,81
BSE,SHASHIJIT,INE700V01021,X,2.04,2.20,2.04,2.14,2.11,17277,37226.00,40
BSE,SHAWGELTIN,INE869A01010,X,473.50,487.50,465.25,480.60,471.25,8204,3903678.00,256
BSE,SHAYONAENG,INE0UCL01011,M,140.70,140.70,140.70,140.70,140.00,1000,140700.00,1
BSE,SHBAJRG,INE402H01015,B,203.70,203.70,196.00,198.00,197.90,680,134968.00,34
BSE,SHEKHAWATI,INE268L01046,T,14.49,14.49,14.30,14.31,14.32,801,11481.00,14
BSE,SHELTER,INE013V01011,M,28.59,29.44,28.13,28.61,28.02,39000,1124520.00,12
BSE,SHEMAROO,INE363M01019,B,134.50,138.95,132.25,137.90,134.00,2837,381992.00,152
BSE,SHERVANI,INE011D01013,X,284.90,290.00,280.00,286.15,284.90,164,46488.00,23
BSE,SHESHAINDS,INE193R01019,X,17.60,17.60,17.60,17.60,16.80,7,123.00,2
BSE,SHETR,INE278C01010,X,90.70,94.00,90.20,94.00,92.50,1391,129734.00,28
BSE,SHGANEL,INE400N01017,X,17.00,18.29,17.00,18.29,17.42,51,899.00,2
BSE,SHHARICH,INE065E01017,X,115.00,115.00,114.95,115.00,115.00,11,1264.00,3
BSE,SHIKHAR,INE641B01011,XT,12.53,12.53,12.53,12.53,11.94,36,451.00,2
BSE,SHILCTECH,INE024F01011,B,4743.70,4743.70,4567.00,4595.65,4720.70,7290,33789511.00,1793
BSE,SHILGRAVQ,INE960A01017,X,155.10,172.00,155.10,164.90,156.40,4562,758371.00,90
BSE,SHILINDORE,INE0MGS01014,X,1111.00,1125.00,1111.00,1125.00,1100.00,2,2236.00,2
BSE,SHILPAMED,INE790G01031,A,558.65,558.65,543.85,545.95,550.70,32051,17544221.00,901
BSE,SHINDL,INE220Z01013,B,156.85,156.85,151.00,153.15,154.60,80238,12286017.00,242
BSE,SHINEFASH,INE0BLY01023,MT,22.11,22.11,22.00,22.00,22.80,16000,352840.00,4
BSE,SHIPWAVES,INE0O9L01010,MT,3.64,3.64,3.43,3.62,3.48,120000,424000.00,12
BSE,SHISHIND,INE145Y01023,X,10.69,12.45,10.69,12.13,10.70,1293091,15423660.00,1079
BSE,SHIVA,INE728Q01014,XT,9.98,10.88,9.98,10.88,10.50,4457,44483.00,13
BSE,SHIVAAGRO,INE960E01019,X,41.00,42.90,41.00,41.23,40.56,1927,80262.00,21
BSE,SHIVACEM,INE555C01029,X,18.40,18.74,17.72,17.78,18.10,104110,1876272.00,387
BSE,SHIVAEXPO,INE191V01015,MT,12.83,12.83,12.83,12.83,12.83,10000,128300.00,1
BSE,SHIVAGR,INE092H01014,X,24.86,24.86,23.00,23.74,24.98,393,9056.00,13
BSE,SHIVALIK,INE788J01021,T,217.00,227.15,212.55,219.90,216.35,4435,983336.00,58
BSE,SHIVAM,INE0SGR01013,M,110.00,111.00,109.00,109.00,110.00,6000,660000.00,4
BSE,SHIVAMAUTO,INE637H01024,T,17.00,17.52,17.00,17.00,17.00,3971,67990.00,16
BSE,SHIVATEX,INE705C01020,B,147.10,151.20,147.00,147.10,151.00,179,26805.00,10
BSE,SHIVTEXCHEM,INE0YRO01015,MT,131.50,131.50,129.00,129.00,131.10,2000,259800.00,5
BSE,SHK,INE500L01026,B,141.60,141.60,139.00,139.90,140.00,4847,678763.00,100
BSE,SHKARTP,INE538D01015,X,6.44,6.79,6.44,6.54,6.44,4075,27197.00,27
BSE,SHLOKKA,INE1EUB01016,MT,25.60,26.00,25.60,25.93,24.78,6000,154680.00,5
BSE,SHOORA,INE0OJZ01019,MT,85.77,85.77,85.77,85.77,84.09,3000,257310.00,2
BSE,SHOPERSTOP,INE498B01024,B,360.50,371.40,354.65,357.85,360.50,3049,1105380.00,113
BSE,SHPLPUNE,INE07G501017,X,784.30,890.00,784.30,786.65,782.90,140,111162.00,21
BSE,SHRAAITECH,INE489B01031,X,26.30,26.70,25.90,26.69,25.43,31131,824106.00,285
BSE,SHRADDHA,INE311M01018,X,162.40,164.45,157.55,161.05,161.15,41258,6669939.00,194
BSE,SHRDAIS,INE385M01012,X,193.80,193.80,164.60,171.00,173.30,92,16004.00,12
BSE,SHREDIGCEM,INE232A01011,B,75.89,76.52,73.81,74.02,76.32,5503,413793.00,181
BSE,SHREE,INE0QIS01011,M,64.00,64.00,64.00,64.00,64.00,1000,64000.00,2
BSE,SHREECEM,INE070A01015,A,25150.15,25150.15,24910.00,24999.10,25044.60,12533,313323090.00,171
BSE,SHREEGANES,INE051N01026,X,0.59,0.60,0.57,0.58,0.59,421978,245563.00,383
BSE,SHREEJISPG,INE1B6101010,B,501.00,505.25,493.60,498.25,501.05,5807,2890550.00,222
BSE,SHREEPAC,INE847D01010,X,129.00,144.00,129.00,132.95,134.30,2259,303889.00,108
BSE,SHREEPUSHK,INE712K01011,B,402.75,402.75,392.25,398.35,394.85,1296,513933.00,75
BSE,SHREERAMA,INE879A01019,B,47.45,47.45,43.05,43.63,46.00,12170,543097.00,139
BSE,SHREEREF,INE0FMZ01045,M,353.00,391.00,353.00,378.95,361.05,329500,124651175.00,592
BSE,SHREESEC,INE397C01026,Z,0.22,0.23,0.22,0.22,0.23,762043,172551.00,162
BSE,SHREMETAL,INE914B01012,X,39.98,40.99,36.45,39.89,39.41,5100,197435.00,100
BSE,SHREYANIND,INE231C01019,B,136.10,138.95,135.15,137.70,138.10,210,28597.00,6
BSE,SHREYASI,INE115F01017,X,6.95,6.95,6.00,6.11,6.40,5951,36899.00,31
BSE,SHRICON,INE753D01010,XT,179.35,188.30,170.40,188.30,179.35,307,52880.00,9
BSE,SHRIDINE,INE204C01024,X,324.80,345.00,314.50,336.00,321.60,6627,2227785.00,122
BSE,SHRIGANG,INE241V01018,X,75.49,76.20,74.52,75.10,74.52,7988,603868.00,67
BSE,SHRINGARMS,INE1B3L01017,B,214.75,214.75,207.00,208.00,214.80,12177,2561206.00,288
BSE,SHRINIWAS,INE201F01015,XT,9.61,9.61,9.61,9.61,9.61,103401,993683.00,28
BSE,SHRIPISTON,INE526E01018,A,3757.80,3860.00,3753.30,3802.00,3733.40,3299,12585812.00,481
BSE,SHRIRAMFIN,INE721A01047,A,998.30,1005.90,983.80,993.25,1002.45,117911,117244452.00,8110
BSE,SHRIRAMPPS,INE217L01019,B,92.99,94.00,91.17,91.68,91.75,48227,4468010.00,479
BSE,SHRISTI,INE472C01027,X,28.55,32.99,28.55,30.39,31.06,3523,105189.00,30
BSE,SHRJAGP,INE564J01026,X,573.25,575.10,567.50,568.90,572.05,2210,1261627.00,66
BSE,SHRYDUS,INE488C01015,X,3.17,3.45,3.16,3.34,3.22,20694,68410.00,62
BSE,SHTL,INE0D8001018,MT,82.85,82.90,82.85,82.90,79.00,7200,596760.00,6
BSE,SHUBHAM,INE01J501010,X,47.95,49.70,46.50,48.81,47.94,2632,125677.00,55
BSE,SHUKJEW,INE344E01016,P,9.58,9.58,9.58,9.58,9.20,100,958.00,1
BSE,SHUKRAPHAR,INE551C01044,B,30.75,30.90,29.50,29.70,30.25,230823,6930305.00,895
BSE,SHVFL,INE981C01019,X,28.63,28.63,25.93,25.93,27.27,296,7689.00,6
BSE,SHYAMACOMP,INE861E01019,P,5.54,5.54,5.02,5.50,5.28,1100,5622.00,9
BSE,SHYAMCENT,INE979R01011,B,5.20,5.48,5.00,5.21,4.99,9889,51115.00,63
BSE,SHYAMMETL,INE810G01011,A,980.70,980.70,957.30,961.60,968.10,10140,9753108.00,359
BSE,SHYAMTEL,INE635A01023,T,19.11,20.58,19.11,20.58,19.60,4283,87169.00,48
BSE,SHYMINV,INE203N01015,X,12.47,13.58,12.47,12.83,12.36,2011,25967.00,55
BSE,SIBARAUT,INE441C01014,X,7.79,7.95,7.50,7.57,7.79,3691,28074.00,38
BSE,SICAGEN,INE176J01011,B,54.13,55.70,54.13,54.13,54.00,25,1368.00,3
BSE,SICAPIT,INE417F01017,X,22.10,22.10,20.05,21.88,21.10,1865,37878.00,16
BSE,SIDDHA,INE140C01012,X,4.72,4.72,4.70,4.70,4.72,1662,7817.00,13
BSE,SIDDHEGA,INE797C01019,X,20.90,20.90,20.90,20.90,21.17,5,104.00,1
BSE,SIEL,INE843L01012,X,28.78,29.35,28.78,29.35,29.37,351,10261.00,4
BSE,SIEMENS,INE003A01024,A,3777.20,3783.65,3726.85,3765.45,3763.30,12760,47887194.00,2633
BSE,SIGACHI,INE0D0K01022,T,23.10,24.07,23.00,24.07,22.93,100634,2411202.00,147
BSE,SIGIND,INE529F01035,B,51.51,51.51,47.16,49.96,50.00,708,35061.00,9
BSE,SIGMA,INE0A0S01028,B,40.90,40.90,37.75,38.26,38.52,2961,114406.00,84
BSE,SIGMAADV,INE933B01012,T,551.45,551.45,532.60,551.45,525.20,68765,37899280.00,1056
BSE,SIGNATURE,INE903U01023,A,796.20,800.05,792.00,793.65,795.55,13489,10750596.00,320
BSE,SIGNPOST,INE0KGZ01021,B,253.00,272.00,247.05,256.80,249.40,22987,5992761.00,546
BSE,SIHORA,INE0SFA01011,M,57.01,58.00,57.01,58.00,56.80,4000,230020.00,2
BSE,SIIL,INE400R01018,X,12.26,13.70,12.26,13.44,12.26,7680,101219.00,32
BSE,SIKA,INE438E01032,B,1119.90,1194.15,1119.90,1166.40,1092.60,64836,75408882.00,4253
BSE,SIKOZY,INE528E01022,X,1.81,1.81,1.81,1.81,1.73,24666,44645.00,25
BSE,SIL,INE173A01025,B,15.14,15.97,15.14,15.59,15.77,26153,410145.00,77
BSE,SILINV,INE923A01015,B,421.00,441.50,413.25,423.30,430.60,460,195393.00,51
BSE,SILVERO,INE798C01017,Z,6.12,6.30,6.00,6.00,6.00,155,954.00,11
BSE,SILVERTUC,INE625X01026,B,183.00,195.60,183.00,195.30,186.30,93570,18113433.00,1035
BSE,SILVOAK,INE870J01019,X,80.80,82.00,78.00,78.78,80.00,963,77101.00,24
BSE,SIMANDHAR,INE0VI201010,XT,147.30,153.95,147.30,153.90,151.85,114,17190.00,17
BSE,SIMBHALS,INE748T01016,Z,6.87,7.16,6.87,6.96,6.87,8268,57514.00,39
BSE,SIMMOND,INE657D01021,XT,182.15,185.75,172.00,184.20,176.95,9151,1674352.00,117
BSE,SIMPLEXCAS,INE658D01011,X,544.80,549.90,520.25,543.35,535.15,28995,15671687.00,244
BSE,SIMPLEXINF,INE059B01024,B,279.50,279.50,263.95,265.80,274.35,3878,1049345.00,136
BSE,SIMPLXPAP,INE456H01029,X,1199.85,1326.00,1199.85,1326.00,1263.00,37,46000.00,13
BSE,SIMPLXREA,INE167H01014,X,135.95,135.95,135.95,135.95,136.80,3,407.00,1
BSE,SIMRAN,INE354D01017,X,165.25,165.25,158.55,160.85,164.45,232,37574.00,19
BSE,SINCLAIR,INE985A01022,B,81.47,81.47,78.50,78.65,79.87,897,71410.00,69
BSE,SINDHUTRAD,INE325D01025,B,25.15,26.20,24.90,25.22,25.25,38272,974617.00,218
BSE,SINGERIND,INE638A01035,B,74.25,74.25,71.00,72.16,72.52,14768,1063358.00,260
BSE,SINNAR,INE896E01023,XT,808.50,808.50,770.00,770.00,770.00,13,10125.00,7
BSE,SIPL,INE413C01013,X,18.07,18.07,18.07,18.07,18.07,260,4698.00,10
BSE,SIRCA,INE792Z01011,B,413.70,418.85,410.50,413.30,412.80,6243,2586460.00,247
BSE,SIS,INE285J01028,B,435.00,436.60,426.90,432.45,429.25,3216,1390369.00,258
BSE,SITAENT,INE579D01019,X,138.40,140.00,138.25,139.05,136.90,153,21211.00,16
BSE,SITINET,INE965H01011,Z,0.49,0.49,0.49,0.49,0.49,1866,914.00,7
BSE,SIYARAM,INE0QSK01017,MT,34.89,34.89,34.04,34.50,34.35,58500,2013990.00,36
BSE,SIYSIL,INE076B01028,B,632.30,639.20,625.50,627.95,631.55,2105,1326673.00,161
BSE,SIZEMASTER,INE235U01012,XT,362.60,362.60,362.60,362.60,370.00,166,60191.00,9
BSE,SJS,INE284S01014,A,2269.30,2269.30,2177.70,2185.80,2218.95,2759,6083309.00,463
BSE,SJVN,INE002L01015,A,72.81,75.44,72.81,74.21,72.94,617442,45975305.00,3552
BSE,SKCIL,INE260E01014,X,137.30,138.90,135.50,135.60,136.90,4397,599229.00,69
BSE,SKFINDIA,INE640A01023,A,1665.95,1678.40,1647.10,1658.40,1641.75,1616,2682998.00,264
BSE,SKFINDUS,INE2J8701016,B,2650.00,2765.90,2631.25,2759.30,2639.20,10452,28347949.00,708
BSE,SKIL,INE429F01012,Z,0.99,1.03,0.95,0.95,0.99,18291,17939.00,18
BSE,SKIPPER,INE439E01022,A,544.40,560.90,544.40,547.90,541.15,28220,15565778.00,1023
BSE,SKM,INE13YH01017,MT,375.00,375.00,370.00,371.00,375.00,19000,7066500.00,18
BSE,SKMEGGPROD,INE411D01023,B,239.30,255.10,239.25,248.45,236.90,54063,13508005.00,1135
BSE,SKPMIL,INE970C01012,X,113.75,113.75,113.75,113.75,119.70,381,43338.00,9
BSE,SKPSEC,INE709B01016,X,107.00,118.80,102.10,112.30,101.90,9902,1094931.00,144
BSE,SKRABUL,INE561E01015,X,42.56,43.98,42.56,43.95,42.56,77,3377.00,6
BSE,SKYBIOTECH,INE393H01016,XT,207.75,207.75,199.95,199.95,197.90,6,1222.00,4
BSE,SKYGOLD,INE01IU01018,A,515.00,520.55,505.65,506.70,508.75,23371,11906198.00,853
BSE,SKYIND,INE765B01018,X,91.99,94.00,90.53,91.69,91.19,3269,298924.00,34
BSE,SKYLMILAR,INE178E01026,X,17.75,17.75,15.93,16.05,16.59,5725,91986.00,57
BSE,SLSTLQ,INE456D01010,X,27.64,27.64,27.64,27.64,26.33,25,691.00,1
BSE,SMARITIME,INE0PSJ01011,M,22.00,24.30,22.00,24.30,20.25,4800,111680.00,3
BSE,SMARTFIN,INE766D01020,X,8.97,8.97,8.10,8.54,8.53,14169,122031.00,142
BSE,SMARTLINK,INE178C01020,T,173.50,180.00,173.25,179.90,172.00,606,106867.00,21
BSE,SMARTWORKS,INE0NAZ01010,B,469.85,472.00,463.25,469.80,463.05,1052,491842.00,81
BSE,SMCGLOBAL,INE103C01036,B,72.20,74.91,69.48,73.95,72.20,47710,3475510.00,516
BSE,SMEL,INE266S01011,MT,10.87,10.87,10.87,10.87,11.44,5000,54350.00,1
BSE,SMFIL,INE728B01032,XT,10.54,10.54,10.54,10.54,10.04,231961,2444868.00,96
BSE,SMGOLD,INE00Q901014,B,12.71,12.71,11.50,12.10,12.40,35575,420732.00,150
BSE,SMLMAH,INE294B01019,B,4119.75,4150.00,4082.50,4093.55,4091.25,2567,10549472.00,381
BSE,SMLT,INE017W01010,B,72.00,73.80,71.66,72.64,72.50,317,22905.00,16
BSE,SMR,INE11XK01017,M,105.00,115.00,105.00,110.55,96.85,44000,4824200.00,41
BSE,SMRUTHIORG,INE172E01011,X,116.15,119.80,115.35,119.05,118.15,9777,1154623.00,36
BSE,SMSPHARMA,INE812G01025,B,384.00,384.00,372.10,374.80,376.90,3453,1298349.00,126
BSE,SMTEL,INE673E01018,XT,388.90,406.00,387.00,406.00,387.00,144,57071.00,21
BSE,SNL,INE568F01017,X,367.40,377.95,367.40,377.05,371.30,1910,715832.00,39
BSE,SNOWMAN,INE734N01019,B,38.80,40.45,38.80,39.66,39.18,10764,429336.00,227
BSE,SOBHA,INE671H01015,A,1460.00,1460.00,1409.45,1420.60,1420.00,6613,9516072.00,470
BSE,SOBME,INE754D01018,X,902.00,905.00,885.00,903.40,886.60,421,377141.00,43
BSE,SODHACAP,INE0QU501030,M,59.05,59.05,58.50,58.85,57.50,8000,470800.00,4
BSE,SOFCOM,INE499Q01012,X,20.86,21.90,19.00,19.62,21.17,291781,5914142.00,421
BSE,SOFTRAKV,INE562E01021,X,1.45,1.45,1.45,1.45,1.39,15745,22830.00,13
BSE,SOLARA,INE624Z01016,B,572.20,594.65,564.90,586.25,563.00,10232,5927132.00,385
BSE,SOLARINDS,INE343H01029,A,18179.80,18490.00,17858.30,18430.90,18048.90,6104,110818335.00,1611
BSE,SOLARIUM,INE0W0H01017,M,179.10,181.50,177.70,179.65,179.10,14100,2534475.00,37
BSE,SOLARWORLD,INE0TY101024,B,189.00,189.90,187.75,188.95,187.40,8243,1555842.00,151
BSE,SOLIDSTON,INE584G01012,X,25.35,25.87,24.56,25.15,25.87,2182,54875.00,26
BSE,SOLIMAC,INE410A01013,X,92.40,95.00,91.00,92.75,92.00,2740,251420.00,63
BSE,SOLVEX,INE1IIQ01028,MT,21.65,21.65,21.65,21.65,20.62,1600,34640.00,1
BSE,SOMANYCERA,INE355A01028,B,519.95,525.00,515.70,519.25,516.40,2448,1271701.00,118
BSE,SOMATEX,INE314C01013,B,105.90,105.90,95.10,95.55,96.55,1012,98700.00,31
BSE,SOMICONVEY,INE323J01019,B,101.85,101.85,99.00,99.00,99.20,30,2985.00,17
BSE,SONACOMS,INE073K01018,A,615.45,626.00,614.55,620.95,613.80,206660,128210485.00,6004
BSE,SONAL,INE321M01017,B,95.01,95.20,95.01,95.20,95.00,104,9899.00,2
BSE,SONALAD,INE344I01017,X,39.50,39.99,38.75,39.10,38.64,371,14585.00,13
BSE,SONALIS,INE0N5O01013,M,48.11,49.16,48.00,49.16,51.50,8000,386740.00,4
BSE,SONATSOFTW,INE269A01021,A,299.05,302.75,296.05,296.85,297.55,54449,16263986.00,1359
BSE,SOTL,INE035D01020,B,604.65,608.20,583.50,585.45,605.50,20396,12090171.00,575
BSE,SOURCEIND,INE695C01015,XT,20.20,20.20,20.20,20.20,19.81,10,202.00,1
BSE,SOURCENTRL,INE679C01027,X,112.00,112.00,106.85,106.90,109.30,432,46401.00,27
BSE,SOUTHBANK,INE683A01023,A,48.57,49.00,46.45,46.68,48.48,1329343,62831833.00,6388
BSE,SOUTHERNIN,INE298B01010,X,23.48,23.48,21.00,22.49,22.61,960,21012.00,31
BSE,SOUTHMG,INE308N01012,X,79.00,79.50,73.50,77.00,79.65,1192,91029.00,33
BSE,SOUTHWEST,INE980Y01015,B,243.15,267.35,243.15,247.30,244.65,68109,17347515.00,1753
BSE,SOUTLAT,INE410M01018,X,29.60,30.00,28.00,29.58,28.00,1058,31046.00,38
BSE,SOVERDIA,INE959D01013,X,23.45,24.70,22.11,22.80,23.34,2924,70024.00,30
BSE,SPACAPS,INE726X01014,XT,206.85,206.85,206.85,206.85,197.00,1,206.00,1
BSE,SPACEINCUBA,INE797Z01028,XT,0.18,0.18,0.18,0.18,0.18,1136714,204608.00,205
BSE,SPAL,INE212I01016,B,1034.75,1064.70,971.45,977.85,1027.40,21808,22415246.00,961
BSE,SPANDANA,INE572J01011,B,252.55,266.40,252.55,262.85,254.75,15204,3960502.00,458
BSE,SPAR,INE960B01015,XT,5.50,5.50,5.32,5.32,5.59,8178,44582.00,18
BSE,SPARC,INE232I01014,B,239.30,242.20,236.00,237.80,237.70,99749,23831606.00,1803
BSE,SPARKLEGR,INE618F01010,X,76.00,76.00,64.00,66.67,70.00,784,52002.00,17
BSE,SPCAPIT,INE102F01015,X,54.48,54.48,53.00,53.14,54.49,450,24001.00,10
BSE,SPECFOOD,INE547C01018,X,11.75,12.20,11.41,11.95,12.11,15496,185007.00,71
BSE,SPECIALITY,INE247M01014,B,116.10,132.95,116.00,130.20,118.45,24482,3174071.00,950
BSE,SPECTRUM,INE01EO01010,B,1820.20,1820.20,1751.20,1762.70,1801.35,720,1280869.00,143
BSE,SPELS,INE252A01019,X,153.15,154.70,152.80,153.85,153.80,30643,4712403.00,936
BSE,SPENCERS,INE020801028,B,37.81,38.05,37.31,37.55,37.06,3094,116387.00,92
BSE,SPENTA,INE175C01018,X,110.05,119.85,109.15,115.85,105.50,736,83786.00,24
BSE,SPIC,INE147A01011,B,70.66,72.39,70.66,71.12,70.62,16701,1194428.00,163
BSE,SPICEISLIN,INE882D01017,X,455.05,482.05,455.05,478.05,459.10,24586,11735522.00,360
BSE,SPICEJET,INE285B01017,A,12.93,12.99,12.55,12.59,12.63,4964425,63294164.00,7471
BSE,SPICELOUNG,INE631E01024,B,24.65,24.99,24.64,24.70,24.56,29178,721874.00,149
BSE,SPITZE,INE0JSJ01014,M,63.40,64.00,57.10,61.15,63.39,35000,2149660.00,28
BSE,SPL,INE0RDR01012,M,24.00,24.00,24.00,24.00,24.85,8000,192000.00,5
BSE,SPLIL,INE978G01016,B,32.70,32.77,32.70,32.76,29.77,500,16378.00,2
BSE,SPLPETRO,INE663A01033,A,752.00,788.00,752.00,774.85,750.90,33697,26093324.00,1741
BSE,SPML,INE0R0M01014,MT,200.00,207.00,200.00,207.00,206.25,4000,809100.00,4
BSE,SPMLINFRA,INE937A01023,B,198.30,212.95,196.20,210.10,198.30,101085,20825140.00,1077
BSE,SPORTKING,INE885H01029,B,184.10,194.60,177.00,178.50,183.15,40068,7390401.00,733
BSE,SPRAYKING,INE537U01037,B,1.11,1.13,1.10,1.11,1.14,752383,832757.00,454
BSE,SPRIGHT,INE179O01031,XT,0.49,0.49,0.49,0.49,0.49,915182,448439.00,355
BSE,SPSL,INE318K01025,X,15.00,15.75,15.00,15.75,15.00,2759,43079.00,13
BSE,SPTRSHI,INE233P01017,X,29.29,29.49,27.83,27.89,29.29,638,18490.00,15
BSE,SRAMSET,INE777G01012,X,301.10,302.80,291.05,298.75,299.65,1158,345290.00,25
BSE,SRD,INE01NE01012,B,42.54,42.54,40.84,40.89,41.29,1479,60831.00,28
BSE,SRDAPRT,INE995U01011,XT,93.13,93.13,93.13,93.13,93.13,200,18626.00,1
BSE,SRECR,INE377C01010,P,31.10,33.00,30.00,33.00,31.55,1100,34776.00,7
BSE,SREEL,INE099F01013,B,214.00,221.00,214.00,218.00,217.40,2405,524409.00,99
BSE,SRESTHA,INE606K01049,X,0.24,0.25,0.23,0.25,0.24,4117238,984346.00,496
BSE,SRF,INE647A01010,A,2713.45,2748.25,2698.00,2719.95,2709.30,26337,71403719.00,4716
BSE,SRHHYPOLTD,INE917H01012,B,494.50,502.50,489.00,496.45,487.95,373,184545.00,31
BSE,SRICC,INE827D01020,X,45.83,45.83,42.01,44.40,43.06,730,31556.00,15
BSE,SRIGEE,INE0RJ901010,M,75.00,84.94,75.00,78.75,77.35,18000,1417944.00,15
BSE,SRIKPRIND,INE009C01019,X,23.45,23.45,20.82,21.06,21.38,1282,27894.00,27
BSE,SRINACHA,INE443E01016,X,26.55,29.40,26.55,26.95,27.46,2289,65274.00,15
BSE,SRM,INE0R6Z01013,B,494.85,521.70,492.60,512.45,489.55,11587,5865115.00,278
BSE,SRMCL,INE306D01017,XT,54.45,54.47,53.25,54.46,53.37,911,49553.00,24
BSE,SRMENERGY,INE173J01018,XT,18.64,18.64,18.64,18.64,18.64,9377,174787.00,25
BSE,SRSOLTD,INE0MNV01014,MT,70.00,70.56,70.00,70.54,67.20,9600,676656.00,12
BSE,SRTL,INE19GK01015,B,40.50,40.50,39.73,39.92,39.89,12221,490917.00,153
BSE,SRUSTEELS,INE425C01017,XT,2.06,2.15,1.98,2.03,2.06,44461,90249.00,110
BSE,SSDL,INE0PQ101010,B,58.51,59.33,57.52,58.80,58.51,2850,165827.00,124
BSE,SSL,INE0LY301010,M,32.70,33.00,32.60,33.00,32.00,8000,261920.00,5
BSE,SSMD,INE1U2R01013,MT,66.89,66.89,63.70,64.08,66.93,10000,643340.00,10
BSE,SSPDL,INE838C01011,X,18.35,18.94,17.63,18.39,18.35,3268,59456.00,23
BSE,SSPNFIN,INE820R01017,M,9.57,9.57,9.57,9.57,10.07,4000,38280.00,1
BSE,SSTL,INE0JNA01014,M,20.80,20.80,20.80,20.80,20.74,15000,312000.00,3
BSE,SSWL,INE802C01033,B,228.25,231.75,227.40,229.85,229.65,9882,2268996.00,304
BSE,STAL,INE0RGM01016,M,31.03,31.03,31.00,31.00,31.03,21600,669648.00,6
BSE,STALLION,INE0RYC01010,B,189.15,205.15,187.25,197.85,188.35,227771,45141361.00,2278
BSE,STANBIK,INE16QA01011,M,33.89,39.40,33.89,38.77,33.00,36000,1327840.00,4
BSE,STANCAP,INE625D01028,X,0.43,0.43,0.40,0.40,0.43,18785222,7713083.00,1445
BSE,STANLEY,INE01A001028,B,147.95,152.20,147.25,151.40,146.25,6174,932947.00,289
BSE,STANROS,INE441L01015,X,69.45,69.45,68.20,68.23,65.48,225,15393.00,9
BSE,STAR,INE939A01011,A,1130.55,1130.55,1102.10,1116.20,1108.30,1256,1401051.00,139
BSE,STARCEMENT,INE460H01021,A,213.30,214.35,212.00,212.30,213.25,26733,5688957.00,953
BSE,STARCOM,INE347I01010,X,69.45,69.45,69.45,69.45,66.15,197401,13709499.00,6
BSE,STARDELTA,INE541K01014,X,674.40,688.00,670.00,684.80,662.05,7685,5221102.00,312
BSE,STARHEALTH,INE575P01011,A,577.15,593.00,570.00,580.65,580.80,56876,33115357.00,1942
BSE,STARHFL,INE526R01028,XT,7.00,7.30,7.00,7.20,7.01,64925,461466.00,81
BSE,STARIMAGIN,INE0YG001013,MT,77.50,79.50,77.50,78.00,81.43,5000,391600.00,5
BSE,STARLENT,INE594W01042,T,10.46,10.50,10.12,10.32,10.46,217812,2256356.00,265
BSE,STARLOG,INE580C01019,X,38.10,45.45,37.20,38.98,39.30,871,33024.00,14
BSE,STARPAPER,INE733A01018,B,138.35,139.00,138.35,139.00,138.00,46,6368.00,4
BSE,STARSOURCE,INE320M01019,X,99.30,104.25,94.35,94.65,99.30,20585,1989267.00,65
BSE,STARTECK,INE992I01013,B,274.00,281.00,272.00,280.95,273.75,3164,869516.00,66
BSE,STCINDIA,INE655A01013,B,137.75,140.00,131.55,132.15,135.95,12519,1700569.00,261
BSE,STCORP,INE110Q01023,XT,4.11,4.30,4.00,4.19,4.19,15266,61805.00,44
BSE,STDBAT,INE502C01039,X,50.13,51.50,50.00,51.08,51.15,1296,65709.00,47
BSE,STDSFAC,INE307D01015,X,49.30,52.90,49.00,49.99,49.30,1799,92301.00,17
BSE,STDSHOE,INE888N01013,P,16.90,16.90,16.90,16.90,16.10,200,3380.00,2
BSE,STEELCAS,INE124E01038,B,293.40,306.20,288.40,305.20,293.10,3986,1205809.00,150
BSE,STEELCO,INE629B01032,XT,160.55,160.55,160.55,160.55,168.95,8296,1331922.00,11
BSE,STEELXIND,INE503B01021,B,13.63,13.84,13.10,13.28,13.36,869660,11676391.00,1185
BSE,STEL,INE577L01016,B,649.00,649.00,600.00,616.30,595.10,2247,1392054.00,535
BSE,STELLANT,INE395F01023,XT,558.75,558.75,536.15,541.85,558.75,501,273788.00,56
BSE,STEP2COR,INE623D01015,X,20.68,22.00,20.67,21.05,21.75,2529,52367.00,26
BSE,STERPOW,INE067E01013,XT,35.99,35.99,33.15,35.29,34.43,2812,98870.00,39
BSE,STERTOOLS,INE334A01023,B,247.10,247.10,244.10,245.25,243.00,2468,607983.00,228
BSE,STHINPA,INE088G01014,X,95.31,97.90,94.50,94.74,94.36,1066,101563.00,16
BSE,STL,INE402Y01028,B,8.94,8.94,8.32,8.39,8.41,34406,291390.00,148
BSE,STLNETWORK,INE1VXE01018,T,28.50,29.50,28.00,28.85,28.32,206032,5992314.00,529
BSE,STLSTRINF,INE205F01016,X,20.45,20.45,19.40,19.99,19.99,3738,74245.00,31
BSE,STLTECH,INE089C01029,T,663.00,672.00,620.15,623.45,652.75,135975,86816108.00,2225
BSE,STML,INE0MSK01016,M,60.00,60.00,60.00,60.00,66.95,1200,72000.00,1
BSE,STOVACQ,INE755D01015,X,1642.00,1694.00,1642.00,1688.90,1651.70,99,165807.00,26
BSE,STOVEKRAFT,INE00IN01015,B,658.25,746.40,658.25,730.90,695.55,17235,12461244.00,991
BSE,STRATMONT,INE473C01025,XT,59.00,61.16,59.00,61.16,59.97,1733,104993.00,17
BSE,STUDDS,INE00Q601028,B,474.95,490.90,474.95,489.25,479.70,3080,1497344.00,161
BSE,STURDY,INE134F01026,Z,0.27,0.28,0.26,0.28,0.27,194953,53303.00,89
BSE,STYL,INE04VU01023,B,296.25,309.00,295.60,307.40,292.70,821663,248221009.00,608
BSE,STYLAMIND,INE239C01020,B,3393.95,3393.95,3158.70,3175.45,3322.90,1159,3754245.00,256
BSE,STYLEBAAZA,INE01FR01028,T,332.95,332.95,326.20,326.20,343.35,25930,8460915.00,220
BSE,STYRENIX,INE189B01011,A,2345.25,2410.00,2307.70,2383.90,2311.95,3642,8673659.00,528
BSE,SUBAM,INE0U6201010,M,224.95,225.95,216.00,217.85,224.95,40000,8860720.00,36
BSE,SUBEXLTD,INE754A01055,T,11.55,11.85,11.22,11.84,11.42,128310,1496515.00,263
BSE,SUBROS,INE287B01021,B,748.25,884.45,748.25,856.15,748.25,354966,302897674.00,12428
BSE,SUBSM,INE690D01014,XT,90.00,90.00,90.00,90.00,90.00,10,900.00,3
BSE,SUCROSA,INE366G01022,X,10.96,10.97,10.51,10.70,10.96,119609,1282592.00,68
BSE,SUDAI,INE618D01015,X,40.00,40.00,39.05,39.05,40.00,2009,79554.00,42
BSE,SUDARCOLOR,INE492A01029,B,368.00,371.00,357.00,359.20,362.30,292,105719.00,39
BSE,SUDARSCHEM,INE659A01023,A,913.15,927.00,892.00,907.05,914.60,12582,11383455.00,661
BSE,SUDARSHAN,INE00TV01023,MT,35.80,38.54,35.55,37.48,36.71,312000,11602760.00,30
BSE,SUDEEPPHRM,INE0QPI01025,B,843.05,869.70,828.25,831.05,844.25,8742,7374125.00,648
BSE,SUDTIND-B,INE691D01012,X,87.01,87.01,79.00,86.05,86.51,32581,2720265.00,230
BSE,SUGALDAM,INE309D01011,X,60.00,61.90,59.00,60.10,62.50,392,23608.00,15
BSE,SUGSLLOYD,INE0XX801016,MT,122.00,132.75,122.00,130.55,126.45,96000,12533050.00,76
BSE,SUJALA,INE029H01016,X,15.93,15.93,15.89,15.93,15.18,45879,730530.00,151
BSE,SUKHJITS,INE450E01029,B,173.20,179.95,173.20,177.50,173.25,2759,490691.00,232
BSE,SULA,INE142Q01026,A,156.70,159.00,156.50,158.30,157.00,21443,3386512.00,608
BSE,SULABEN,INE673M01029,X,2.75,2.89,2.75,2.80,2.74,10050,28392.00,55
BSE,SUMEDHA,INE886B01012,X,39.50,40.49,38.51,38.94,40.49,2185,85669.00,38
BSE,SUMEET-RE,INE235C20010,R,11.97,11.97,8.37,9.02,0.00,105858,921210.00,536
BSE,SUMEETINDS,INE235C01036,B,26.59,27.10,25.81,26.98,25.81,54966,1460140.00,386
BSE,SUMERUIND,INE764B01029,X,1.57,1.69,1.56,1.68,1.57,34467,56859.00,34
BSE,SUMICHEM,INE258G01013,A,452.10,454.15,434.20,439.45,452.45,16976,7531535.00,850
BSE,SUMMITSEC,INE519C01017,B,1550.00,1584.05,1550.00,1584.05,1542.25,357,560286.00,138
BSE,SUNCITYSY,INE584D01019,X,8.65,8.65,8.65,8.65,8.24,50,432.00,2
BSE,SUNCLAY,INE0Q3R01026,B,1349.10,1385.80,1321.50,1331.80,1335.90,222,303266.00,41
BSE,SUNDARAM,INE108E01023,B,1.38,1.39,1.36,1.37,1.36,83102,113852.00,48
BSE,SUNDARMFIN,INE660A01013,B,4525.05,4591.00,4510.00,4537.25,4472.35,916,4161186.00,233
BSE,SUNDRMBRAK,INE073D01013,B,802.05,859.65,802.05,849.00,811.95,1472,1235924.00,184
BSE,SUNDRMFAST,INE387A01021,A,876.00,893.95,872.00,891.10,878.30,2719,2406878.00,209
BSE,SUNDROP,INE209A01019,B,660.00,667.00,651.75,651.75,655.05,228,150676.00,19
BSE,SUNFLAG,INE947A01014,B,358.00,368.20,355.85,358.95,358.10,15815,5722209.00,395
BSE,SUNGOLD,INE271D01013,X,3.09,3.24,2.94,3.10,3.09,67472,201066.00,49
BSE,SUNILAGR,INE224D01012,X,84.39,84.39,81.10,81.27,84.39,122,9923.00,6
BSE,SUNITATOOL,INE0Q1S01010,MT,738.25,742.00,738.25,742.00,753.30,30750,22729893.00,68
BSE,SUNLOC,INE671C01016,X,72.21,72.21,67.45,68.00,72.21,191,13571.00,13
BSE,SUNPHARMA,INE044A01036,A,1849.70,1865.40,1834.20,1863.45,1837.15,38778,71850063.00,2840
BSE,SUNRAJDI,INE459D01014,X,12.60,12.60,11.40,11.68,12.00,8126,96487.00,24
BSE,SUNRAKSHAK,INE671K01027,X,326.55,334.90,326.10,329.70,331.95,6749,2225297.00,144
BSE,SUNRETAIL,INE206Z01020,M,0.33,0.33,0.32,0.32,0.32,336000,108000.00,6
BSE,SUNSHIEL,INE199E01014,X,1210.00,1244.75,1190.00,1216.65,1209.80,3567,4343784.00,233
BSE,SUNSKY,INE10CM01027,M,47.50,47.90,47.00,47.90,45.00,9000,426600.00,4
BSE,SUNTECK,INE805D01034,A,328.70,328.85,322.65,324.00,325.60,9348,3042729.00,255
BSE,SUNTV,INE424H01027,A,521.40,527.30,515.70,524.35,521.05,10896,5707103.00,740
BSE,SUPER,INE091C01017,X,888.00,890.00,840.00,852.20,851.90,101,86354.00,17
BSE,SUPERBAK,INE897A01011,X,37.26,37.26,37.25,37.25,35.49,32,1192.00,2
BSE,SUPERIOR,INE574R01028,X,1.70,1.70,1.54,1.54,1.62,6839,10926.00,20
BSE,SUPERIRON,INE16IQ01014,MT,45.00,46.00,45.00,46.00,45.00,28800,1309200.00,6
BSE,SUPERSPIN,INE662A01027,T,5.13,5.23,5.01,5.04,5.27,3171,15997.00,11
BSE,SUPERTEX,INE881B01054,X,5.67,5.67,5.59,5.59,5.67,1016,5699.00,9
BSE,SUPHA,INE549S01036,XT,0.30,0.30,0.30,0.30,0.29,3518469,1055540.00,227
BSE,SUPRAJIT,INE399C01030,B,474.35,497.80,474.30,476.20,466.15,51674,25026846.00,1745
BSE,SUPRAPFSL,INE268T01015,X,32.49,32.60,31.51,32.17,32.30,55168,1779613.00,298
BSE,SUPRATRE,INE533B01028,X,14.21,15.55,14.18,14.59,14.92,2585,37808.00,12
BSE,SUPREME,INE822E01011,B,46.89,47.22,46.51,47.22,45.58,207,9690.00,31
BSE,SUPREMEIND,INE195A01028,A,3514.05,3597.80,3514.05,3583.50,3529.55,5369,19207059.00,787
BSE,SUPREMEINF,INE550H01011,B,78.00,78.91,76.45,76.65,77.01,710,55333.00,57
BSE,SUPRIYA,INE07RO01027,A,946.30,946.30,908.00,926.95,931.10,7899,7310690.00,362
BSE,SUPTANERY,INE460D01038,X,6.91,7.15,6.76,6.95,7.03,9562,66677.00,92
BSE,SURAJ,INE069E01019,Z,238.00,242.00,226.50,229.35,238.40,6346,1464189.00,122
BSE,SURAJEST,INE843S01025,B,195.70,199.60,193.75,194.30,195.90,3888,761262.00,111
BSE,SURAJLTD,INE713C01016,B,225.05,225.05,225.05,225.05,230.00,100,22505.00,6
BSE,SURAKSHA,INE877V01027,B,273.25,280.00,271.80,278.50,267.85,6499,1785595.00,403
BSE,SURANASOL,INE272L01022,B,26.61,27.50,26.16,27.09,26.87,8989,241436.00,191
BSE,SURANAT&P,INE130B01031,B,19.65,20.30,19.57,19.78,19.30,19916,395053.00,183
BSE,SURATRAML,INE936A01025,X,4.50,5.35,4.50,5.03,4.63,455351,2277887.00,489
BSE,SURBHIN,INE899E01019,XT,115.20,115.30,112.05,115.30,109.85,9694,1117472.00,111
BSE,SURFI,INE565E01016,X,17.64,18.90,17.64,18.63,18.00,633,11491.00,16
BSE,SURJIND,INE170U01011,XT,57.75,60.13,57.50,59.75,57.55,962,55537.00,19
BSE,SURYAAMBA,INE360J01011,X,123.00,123.00,119.30,120.50,127.50,39,4737.00,13
BSE,SURYALAXMI,INE713B01026,B,61.00,61.00,60.70,61.00,59.10,51,3110.00,3
BSE,SURYAROSNI,INE335A01020,A,266.20,275.00,261.90,263.60,266.40,29058,7746029.00,482
BSE,SURYODAY,INE428Q01011,B,174.45,177.00,171.35,175.25,175.15,33394,5827502.00,563
BSE,SURYVANSP,INE431C01023,XT,15.50,17.00,15.50,16.73,16.20,365,5855.00,6
BSE,SUSAN,INE2L0V01019,MT,215.30,215.30,209.15,215.30,205.05,648000,138960650.00,395
BSE,SUTLEJTEX,INE645H01027,B,38.10,38.10,37.30,37.30,37.59,1646,61780.00,63
BSE,SUVEN,INE495B01038,B,271.50,277.00,263.05,265.35,268.15,49631,13339077.00,1141
BSE,SUVIDHAA,INE018401013,B,2.80,2.80,2.72,2.78,2.80,46225,129045.00,85
BSE,SUYOG,INE442P01014,B,814.95,849.00,814.95,822.20,814.95,3123,2611849.00,232
BSE,SUZLON,INE040H01021,A,59.25,59.73,59.05,59.31,59.20,6434295,381814102.00,31646
BSE,SVAMSOF,INE119B01018,X,5.18,5.70,5.18,5.70,5.43,8357,47520.00,14
BSE,SVARTCORP,INE895A01023,X,3.98,3.98,3.73,3.81,3.85,107699,410533.00,200
BSE,SVCIND,INE038B01010,X,2.40,2.60,2.35,2.46,2.40,35954,90117.00,84
BSE,SVGLOBAL,INE159L01013,X,140.00,140.00,133.00,140.00,145.00,320,43721.00,15
BSE,SVJ,INE0JZS01010,M,372.00,372.00,370.00,370.00,394.45,750,278000.00,3
BSE,SVPGLOB,INE308E01029,T,4.01,4.29,4.01,4.06,4.09,2992,12115.00,22
BSE,SVRL,INE0HLJ01013,MT,230.25,238.00,230.25,238.00,242.25,2500,583625.00,5
BSE,SVS,INE0MID01012,M,5.92,5.98,5.92,5.98,6.20,12000,71400.00,2
BSE,SWADEIN,INE716M01034,XT,83.05,86.30,83.05,86.30,84.63,8766,731943.00,44
BSE,SWADHATURE,INE0P4R01017,X,7.00,7.00,7.00,7.00,6.69,50000,350000.00,1
BSE,SWADPOL,INE243N01029,X,37.46,37.46,36.06,36.44,36.55,1574,57522.00,45
BSE,SWAGTAM,INE150R01019,X,68.83,72.27,68.83,72.26,68.83,211,14564.00,5
BSE,SWANAGRO,INE0GEN01012,M,47.60,47.60,47.60,47.60,45.05,2000,95200.00,1
BSE,SWANCORP,INE665A01038,A,318.25,345.35,318.25,326.90,318.30,314866,105541861.00,6058
BSE,SWANDEF,INE542F01020,T,2060.00,2119.80,2050.00,2109.25,2018.90,4371,9237023.00,191
BSE,SWARAJENG,INE277A01016,B,3950.95,3980.95,3935.20,3967.00,3934.35,952,3772258.00,203
BSE,SWARNSAR,INE967A01012,X,33.10,33.39,32.81,33.22,33.29,2884,96072.00,29
BSE,SWASTH,INE0TIR01017,M,18.00,18.78,18.00,18.64,18.30,3600,66336.00,3
BSE,SWASTIKA,INE691C01022,X,66.00,67.00,60.80,66.10,64.85,3802,248631.00,54
BSE,SWASTIVI,INE804A01025,X,3.82,3.97,3.82,3.88,3.92,25550,99245.00,111
BSE,SWATIPRO,INE210F01016,X,32.09,33.72,32.09,33.48,32.51,2606,86219.00,51
BSE,SWELECTES,INE409B01013,B,647.15,647.80,627.50,632.80,639.40,2493,1585584.00,283
BSE,SWIGGY,INE00H001014,A,256.05,258.00,254.00,254.55,254.20,475099,121786431.00,3661
BSE,SWISSMLTRY,INE010C01025,X,16.76,17.19,16.15,16.98,16.76,71754,1199017.00,320
BSE,SWITCHTE,INE311D01017,X,88.01,92.41,84.26,92.12,88.01,1338,120843.00,19
BSE,SWOJAS,INE295B01016,X,9.10,9.49,8.77,9.24,9.14,16405,148528.00,39
BSE,SWRNASE,INE595G01018,X,97.65,97.65,93.00,93.00,93.00,12,1129.00,8
BSE,SWSOLAR,INE00M201021,A,236.10,248.40,236.10,242.65,235.60,501855,121651665.00,5359
BSE,SYLPH,INE706F01021,X,0.29,0.30,0.28,0.28,0.29,12279365,3484430.00,1181
BSE,SYMBIOX,INE653R01012,X,1.60,1.61,1.60,1.60,1.61,7872,12596.00,26
BSE,SYMPHONY,INE225D01027,B,703.60,713.95,696.00,704.45,696.45,5064,3575216.00,348
BSE,SYNCOMF,INE312C01025,B,14.15,14.22,13.94,13.99,13.98,312932,4388424.00,502
BSE,SYNGENE,INE398R01022,A,440.05,449.00,439.85,443.45,440.90,40709,18052587.00,1414
BSE,SYRMA,INE0DYJ01015,A,1342.00,1356.05,1328.40,1335.25,1332.90,42586,57146680.00,2187
BSE,SYSCHEM,INE121D01036,X,43.11,44.44,42.75,43.81,43.69,60825,2668801.00,178
BSE,SYSTEMATIC,INE1KLZ01011,MT,198.00,198.00,185.60,194.60,193.00,33600,6453630.00,41
BSE,SYSTMTXC,INE356B01024,T,63.60,68.00,63.60,66.30,66.93,2473,163985.00,20
BSE,SYTIXSE,INE07P301011,X,11.60,11.60,11.56,11.60,11.05,3456,40077.00,12
BSE,TAALTECH,INE524T01011,B,3420.15,3477.50,3400.00,3429.95,3420.15,371,1276004.00,89
BSE,TAHMARENT,INE385D01029,XT,5.45,5.48,5.06,5.06,5.32,71513,365976.00,154
BSE,TAIIND,INE358D01018,XT,23.00,23.00,22.88,23.00,24.08,1230,28242.00,13
BSE,TAJGVK,INE586B01026,B,338.30,346.95,338.30,341.75,338.30,5404,1853785.00,227
BSE,TAKE,INE142I01023,T,30.35,30.85,29.20,30.16,30.00,75993,2279751.00,5378
BSE,TAKYON,INE14OX01013,M,22.26,22.62,22.25,22.62,22.52,14000,313260.00,7
BSE,TALBROAUTO,INE187D01029,B,371.80,371.80,361.80,363.60,359.65,11647,4274816.00,366
BSE,TALBROSENG,INE717E01013,X,713.90,725.00,700.00,706.20,693.10,3752,2663016.00,101
BSE,TAMBOLIIN,INE864J01012,B,190.00,203.50,187.20,203.25,187.40,1483,295001.00,81
BSE,TANAA,INE692C01020,X,307.00,307.90,292.20,298.60,303.35,17339,5217461.00,448
BSE,TANDHANIN,INE896J01014,XT,146.65,146.65,146.65,146.65,143.80,300,43995.00,2
BSE,TANFACIND,INE639B01023,B,2328.75,2349.95,2250.05,2330.50,2289.95,26629,61819479.00,919
BSE,TANLA,INE483C01032,A,522.00,530.45,520.10,522.15,520.90,9725,5112496.00,457
BSE,TANVI,INE978V01015,M,62.87,65.00,62.87,65.00,62.87,10000,640930.00,7
BSE,TAPARIA,INE614R01014,X,33.64,33.64,33.64,33.64,32.04,1000,33640.00,1
BSE,TARAI,INE906C01016,Z,5.62,5.89,5.62,5.89,5.61,175,1013.00,6
BSE,TARAPUR,INE747K01017,B,20.75,20.75,19.36,19.44,20.37,3141,62441.00,61
BSE,TARC,INE0EK901012,B,128.70,130.70,126.85,129.30,126.00,12848,1653419.00,192
BSE,TARIL,INE763I01026,A,358.20,361.15,348.35,351.60,357.70,382178,135300586.00,5116
BSE,TARINI,INE849M01017,M,7.22,8.90,7.22,8.90,8.00,12000,97560.00,4
BSE,TARMAT,INE924H01018,B,52.39,52.61,51.54,52.60,52.51,2871,150847.00,16
BSE,TARSONS,INE144Z01023,B,266.65,272.15,262.00,270.80,261.95,14906,3980969.00,415
BSE,TASTYBITE,INE488B01017,B,8200.00,8400.00,8200.00,8342.80,8324.20,59,491074.00,36
BSE,TATACAP,INE976I01016,A,368.30,368.85,353.95,355.70,371.55,449976,162123362.00,10981
BSE,TATACHEM,INE092A01019,A,732.95,735.00,723.35,733.25,729.50,57138,41724752.00,2548
BSE,TATACOMM,INE151A01013,A,2000.55,2109.90,1981.00,2060.15,1991.10,163092,337735511.00,11264
BSE,TATACONSUM,INE192A01025,A,1112.00,1117.10,1105.65,1113.70,1110.90,120211,133321533.00,2945
BSE,TATAELXSI,INE670A01012,A,4090.00,4138.35,4086.50,4114.25,4063.60,14196,58334063.00,1431
BSE,TATAINVEST,INE672A01026,A,691.00,694.95,687.20,689.95,690.30,18361,12658288.00,695
BSE,TATAPOWER,INE245A01021,A,402.85,407.50,401.20,405.85,402.10,424071,171632244.00,6696
BSE,TATASTEEL,INE081A01020,A,199.65,200.70,198.75,198.95,198.90,1321028,263807035.00,12748
BSE,TATATECH,INE142M01025,A,743.15,757.00,743.15,752.35,742.80,92228,69148972.00,4294
BSE,TATIAGLOB,INE083G01031,X,2.40,2.40,2.37,2.39,2.39,23502,56116.00,134
BSE,TATVA,INE0GK401011,B,1201.00,1213.80,1186.45,1191.65,1195.00,2584,3097692.00,201
BSE,TBOTEK,INE673O01025,A,1493.45,1498.85,1421.35,1456.85,1493.15,314140,458619850.00,1264
BSE,TBZ,INE760L01018,B,187.60,192.45,186.05,190.80,189.00,26409,4994110.00,479
BSE,TCC,INE887D01016,B,347.00,359.60,340.00,341.10,347.00,3305,1144003.00,226
BSE,TCFCFINQ,INE389D01013,X,27.58,27.58,25.99,26.32,27.55,5807,154049.00,135
BSE,TCI,INE688A01022,B,947.05,952.15,945.05,945.85,945.75,567,537998.00,69
BSE,TCIEXP,INE586V01016,B,548.30,550.00,540.00,540.00,535.25,993,539623.00,108
BSE,TCIFINANCE,INE911B01018,T,21.45,21.45,21.45,21.45,22.57,8348,179064.00,54
BSE,TCIIND,INE920B01019,X,1485.00,1485.00,1485.00,1485.00,1560.00,10,14850.00,1
BSE,TCMLMTD,INE034F01010,X,48.20,48.20,44.00,45.28,48.20,11271,518908.00,65
BSE,TCPLPACK,INE822C01015,B,3029.40,3030.20,2978.25,3007.40,3026.60,197,592476.00,78
BSE,TCS,INE467B01029,A,2130.50,2156.50,2122.00,2127.30,2126.40,241061,515404532.00,15869
BSE,TDPOWERSYS,INE419M01027,A,1280.00,1337.00,1260.00,1326.05,1273.05,185999,240800768.00,8144
BSE,TDSL,INE773Y01014,XT,4.98,5.18,4.70,5.15,4.94,7190,36134.00,39
BSE,TEAM24,INE601A01017,X,29.13,29.53,29.13,29.13,29.13,6085,177258.00,13
BSE,TEAMGTY,INE289C01025,B,229.90,236.90,229.05,236.45,242.95,387,90501.00,31
BSE,TEAMLEASE,INE985S01024,B,1479.70,1479.70,1440.00,1453.15,1466.00,1834,2665797.00,266
BSE,TECHKGREEN,INE0P4P01011,M,136.00,142.00,131.20,133.55,137.75,15200,2077720.00,37
BSE,TECHM,INE669C01036,A,1411.50,1443.80,1411.50,1435.05,1410.80,105039,150553932.00,5109
BSE,TECHNICHEM,INE0ZHT01012,M,49.07,49.07,49.07,49.07,46.74,32000,1570240.00,7
BSE,TECHNOE,INE285K01026,A,1096.40,1096.40,1075.55,1093.85,1080.55,27082,29546654.00,1622
BSE,TECHNOPACK,INE0MXP01015,M,11.00,12.50,11.00,12.50,13.05,8000,94000.00,2
BSE,TECHNVISN,INE314H01012,B,4910.00,5000.00,4910.00,4910.00,5090.90,247,1227868.00,98
BSE,TECILCHEM,INE014B01011,B,11.20,11.20,11.00,11.00,11.00,697,7772.00,12
BSE,TEEAI,INE757D01011,X,114.70,117.95,114.00,117.95,114.70,423,48659.00,10
BSE,TEGA,INE011K01018,A,1817.75,1817.75,1750.05,1755.60,1790.60,2179,3861444.00,277
BSE,TEJASNET,INE010J01012,A,636.20,641.60,623.35,628.15,632.70,326246,206558604.00,5946
BSE,TEJASSVI,INE173E01019,XT,41.00,41.40,39.33,40.58,41.40,1591,65229.00,12
BSE,TEJNAKSH,INE030T01027,X,14.52,14.99,14.31,14.66,14.52,2114,30760.00,48
BSE,TELECANOR,INE381G01013,X,18.25,18.25,18.25,18.25,17.39,543,9909.00,8
BSE,TELGE,INE0SRP01014,M,113.00,115.10,108.25,110.00,108.50,52800,5859960.00,38
BSE,TELOGICA,INE778I01024,XT,9.89,9.89,9.15,9.70,9.50,11212,106307.00,20
BSE,TENNIND,INE19RI01016,B,595.70,604.50,580.00,586.70,586.95,66422,39112558.00,2595
BSE,TERAI,INE390D01011,X,135.90,138.95,125.00,126.45,133.20,1524,202404.00,46
BSE,TERASOFT,INE482B01010,B,420.95,426.75,411.70,423.75,417.40,913,383255.00,111
BSE,TEXELIN,INE594V01028,X,64.69,64.69,60.82,61.16,62.48,7974,488808.00,83
BSE,TEXINFRA,INE435C01024,B,101.90,116.00,100.88,109.75,102.53,56205,6176499.00,1901
BSE,TEXMOPIPES,INE141K01013,B,46.72,46.72,45.06,45.62,45.74,5983,273490.00,47
BSE,TEXRAIL,INE621L01012,A,112.00,114.95,111.95,113.40,109.45,501518,57066786.00,3481
BSE,TFCILTD,INE305A01023,B,74.16,75.41,74.15,74.50,73.99,2765842,206001685.00,691
BSE,TFL,INE804H01012,B,12.86,12.86,12.01,12.37,12.80,2700,33286.00,27
BSE,TFSL,INE761R01013,XT,37.90,37.90,35.00,35.00,36.10,6,212.00,2
BSE,TGBHOTELS,INE797H01018,B,9.19,9.19,8.90,9.18,9.16,191,1747.00,10
BSE,TGIF,INE0SMU01015,M,103.00,103.00,94.50,94.50,103.00,3600,360300.00,3
BSE,TGVSL,INE284B01028,B,104.40,105.80,102.00,102.40,104.60,217512,22439346.00,1449
BSE,THACKER,INE077P01034,T,1218.65,1227.90,1181.10,1217.90,1234.05,36,43736.00,6
BSE,THAKDEV,INE403F01017,B,138.25,138.30,138.25,138.30,131.75,2,276.00,2
BSE,THAKRAL,INE190F01028,X,14.92,14.92,13.50,14.46,14.21,757,10872.00,17
BSE,THANGAMAYL,INE085J01014,A,5393.75,5607.85,5296.05,5571.40,5451.95,4787,26189007.00,940
BSE,THEINVEST,INE924D01017,B,92.20,100.65,92.20,99.55,98.65,1238,121571.00,73
BSE,THELEELA,INE0AQ201015,B,502.00,511.00,492.45,495.65,494.15,47531,23840606.00,1709
BSE,THEMISMED,INE083B01024,B,102.00,122.40,99.60,117.25,102.00,141097,16609797.00,1531
BSE,THERMAX,INE152A01029,A,4706.80,4874.95,4697.05,4862.10,4706.75,17602,84235049.00,2245
BSE,THINKINK,INE365S01045,XT,0.20,0.20,0.19,0.20,0.20,2464725,486788.00,312
BSE,THOMASCOOK,INE332A01027,A,112.90,115.90,111.82,115.03,111.70,131202,15066053.00,1224
BSE,THOMASCOTT,INE480M01011,B,322.95,328.60,306.45,308.95,313.60,3848,1211293.00,185
BSE,THRIVE,INE628D01014,X,99.00,99.00,97.95,97.95,96.90,788,77708.00,12
BSE,THYROCARE,INE594H01019,B,543.85,549.25,540.00,544.70,539.95,13205,7184783.00,473
BSE,TI,INE133E01013,A,445.00,448.70,439.40,440.50,443.25,26972,11946050.00,824
BSE,TICL,INE388G01026,B,19.46,20.10,19.46,19.66,19.41,55993,1114415.00,137
BSE,TIERRA,INE05CY01014,X,38.26,39.49,35.60,38.00,38.07,8125,303358.00,80
BSE,TIGERLOGS,INE906O01029,T,36.96,36.96,36.11,36.95,35.20,10739,396072.00,82
BSE,TIGLOB,INE811B01010,X,150.10,170.50,150.10,163.20,162.45,1110,181539.00,30
BSE,TIHIL,INE502D01011,X,4.25,4.41,4.25,4.36,4.35,51560,221939.00,110
BSE,TIIL,INE545H01011,B,2654.75,2654.75,2577.05,2580.70,2613.00,487,1276609.00,86
BSE,TIINDIA,INE974X01010,A,3292.05,3332.80,3276.25,3305.35,3292.05,32825,108197834.00,4041
BSE,TIJARIA,INE440L01017,B,4.90,4.92,4.71,4.92,4.90,1509,7423.00,10
BSE,TIL,INE806C01018,B,231.90,239.45,228.65,231.75,236.30,11309,2637831.00,297
BSE,TILAK,INE026L01022,XT,1.19,1.21,1.17,1.21,1.19,1249737,1498684.00,475
BSE,TIMETECHNO,INE508G01029,A,178.40,179.00,174.80,176.20,178.40,54102,9548150.00,886
BSE,TIMEX,INE064A01026,B,509.85,514.85,491.90,498.30,518.40,72738,36449444.00,3019
BSE,TIMKEN,INE325A01013,A,3685.00,3924.30,3685.00,3756.55,3694.25,16391,62705321.00,2406
BSE,TINNARUBR,INE015C01016,B,920.00,920.00,886.00,894.95,889.90,12474,11258365.00,586
BSE,TIPCO,INE1U6D01014,MT,179.80,184.20,175.00,184.20,175.45,94400,17044720.00,47
BSE,TIPSFILMS,INE0LQS01015,B,323.50,345.00,323.50,345.00,346.30,200,68173.00,29
BSE,TIPSMUSIC,INE716B01029,A,649.50,656.50,647.65,651.50,653.10,7489,4882863.00,397
BSE,TIRSARJ,INE297J01023,X,8.60,8.80,8.60,8.78,8.50,3312,28875.00,24
BSE,TIRTPLS,INE008N01018,X,28.80,28.80,26.25,26.43,27.50,12917,354778.00,134
BSE,TIRUFOAM,INE115G01015,X,59.00,59.00,56.10,57.10,59.00,9800,552002.00,13
BSE,TIRUMALCHM,INE338A01024,B,167.15,177.50,167.15,174.40,167.15,34981,6066081.00,685
BSE,TIRUPATIIN,INE812Q01016,XT,10.38,10.38,10.38,10.38,10.59,123341,1280279.00,193
BSE,TIRUSTA,INE314D01011,X,132.95,132.95,116.40,124.90,129.95,1924,235646.00,63
BSE,TITAANIUM,INE120V01014,MT,24.95,24.95,24.95,24.95,24.93,6000,149700.00,1
BSE,TITAGARH,INE615H01020,A,925.00,932.35,914.85,920.35,922.35,34881,32220731.00,1498
BSE,TITAN,INE280A01028,A,4380.10,4417.55,4353.00,4372.15,4423.20,28796,126323302.00,3493
BSE,TITANBIO,INE150C01029,XT,432.10,445.00,422.65,429.15,434.10,32271,13926855.00,536
BSE,TITANIN,INE807M01031,X,0.98,0.99,0.97,0.98,0.98,3000298,2936677.00,1205
BSE,TITANSEC,INE090D01017,X,41.31,43.37,41.31,42.10,42.82,37246,1575961.00,188
BSE,TLL,INE0MKA01014,M,251.90,254.00,244.80,248.20,244.30,46200,11634540.00,66
BSE,TMB,INE668A01016,A,776.30,785.15,767.40,768.20,779.50,5840,4520625.00,295
BSE,TMCV,INE1TAE01010,B,409.25,410.85,401.95,407.70,401.95,582879,237036324.00,10436
BSE,TMPV,INE155A01022,A,361.00,370.50,360.00,361.45,359.50,1216738,445118201.00,21014
BSE,TNPETRO,INE148A01019,B,90.62,91.65,90.35,91.01,90.10,3860,350934.00,49
BSE,TNPL,INE107A01015,B,145.10,147.85,145.10,147.30,144.85,1919,282428.00,58
BSE,TNSTLTU,INE176E01012,P,23.00,23.00,23.00,23.00,24.15,400,9200.00,3
BSE,TNTELE,INE141D01018,B,10.30,10.30,9.04,9.15,9.21,10199,94206.00,49
BSE,TOKYOPLAST,INE932C01012,T,85.25,87.25,85.25,87.25,86.99,52,4479.00,8
BSE,TOLINS,INE0RWQ01014,B,105.45,108.50,105.45,106.80,106.45,5803,622256.00,289
BSE,TORNTPHARM,INE685A01028,A,4487.60,4487.60,4375.95,4457.75,4426.70,5565,24668948.00,1463
BSE,TORNTPOWER,INE813H01021,A,1434.15,1479.85,1434.15,1474.35,1436.30,7073,10321702.00,854
BSE,TOTEM,INE0TT901016,X,150.10,153.00,150.00,151.50,149.70,5612,848635.00,96
BSE,TOYAMSL,INE457P01020,X,0.73,0.74,0.72,0.72,0.73,454678,332998.00,232
BSE,TPHQ,INE065J01024,B,0.48,0.54,0.48,0.49,0.49,903892,450136.00,300
BSE,TPINDIA,INE578C01021,X,14.54,16.01,14.54,15.92,15.25,96891,1549238.00,78
BSE,TPLPLASTEH,INE413G01022,B,67.93,74.05,67.66,72.34,66.65,37269,2665197.00,761
BSE,TPROJECT,INE901C01017,X,3.72,4.10,3.72,4.10,4.14,988,3882.00,12
BSE,TRABI,INE773D01018,X,3.10,3.20,2.83,3.02,3.16,156864,463452.00,120
BSE,TRACXN,INE0HMF01019,B,30.06,30.85,30.05,30.44,30.63,23853,725341.00,206
BSE,TRADEUNO,INE1GUJ01014,M,96.00,96.00,90.00,90.00,98.00,12000,1108980.00,10
BSE,TRADWIN,INE961E01017,XT,623.15,623.15,623.15,623.15,623.15,1,623.00,1
BSE,TRANSCHEM,INE019B01010,XT,319.75,335.70,319.20,335.70,319.75,2786,932526.00,57
BSE,TRANSCOR,INE330E01023,X,27.20,27.20,25.70,26.63,27.15,7549,199641.00,88
BSE,TRANSFD,INE213P01027,X,485.00,509.25,460.75,500.00,485.00,154,76449.00,19
BSE,TRANSFRE,INE360D01014,X,21.12,23.45,21.12,21.57,21.12,806,18161.00,19
BSE,TRANSPACT,INE06YD01010,MS,195.00,195.00,185.25,192.50,190.35,54000,10041475.00,18
BSE,TRANSPEK,INE687A01016,B,1007.15,1021.00,995.70,1012.15,1004.50,750,757450.00,110
BSE,TRANSRAILL,INE454P01035,A,528.90,528.90,510.70,518.00,507.60,35240,18160297.00,766
BSE,TRANSVOY,INE0MPU01011,MT,85.50,85.50,85.50,85.50,88.00,800,68400.00,1
BSE,TRANSWORLD,INE757B01015,T,178.00,179.65,172.20,172.35,171.10,3592,629076.00,27
BSE,TRANWAY21,INE0BIW01023,MS,6.24,6.24,6.24,6.24,5.73,10000,62400.00,1
BSE,TRAVELFOOD,INE103V01028,B,1354.75,1384.00,1350.00,1355.40,1357.65,3599,4915655.00,413
BSE,TRAVELS,INE0SG001011,MT,10.00,10.00,9.87,9.92,10.38,48000,477330.00,14
BSE,TREEHOUSE,INE040M01013,B,7.22,7.22,6.91,7.10,6.93,1085,7528.00,13
BSE,TREJHARA,INE00CA01015,B,142.60,148.60,141.00,148.00,140.75,920,133576.00,44
BSE,TREL,INE0O3901029,B,26.01,26.50,25.65,25.89,26.15,8481,221781.00,91
BSE,TRENT,INE849A01020,A,3236.10,3240.25,3170.00,3179.25,3204.25,99715,319158767.00,5212
BSE,TRESCON,INE088D01011,X,8.82,9.69,8.53,9.14,9.00,11204,97868.00,17
BSE,TRF,INE391D01019,B,235.10,236.20,232.00,233.15,232.75,2926,686198.00,132
BSE,TRICOMFRU,INE843F01014,XT,2.00,2.05,2.00,2.05,1.96,1640,3360.00,8
BSE,TRIDENT,INE064C01022,A,25.84,26.30,25.84,26.12,25.93,720768,18808661.00,2425
BSE,TRIGYN,INE948A01012,B,57.00,57.64,56.93,56.93,57.00,2324,132710.00,42
BSE,TRILIANCE,INE778N01016,XT,47.07,48.40,47.07,47.07,46.15,22,1042.00,4
BSE,TRINITYLEA,INE884X01011,X,11.44,11.44,11.13,11.13,10.90,141,1581.00,5
BSE,TRIOMERC,INE234G01022,XT,1.77,1.78,1.77,1.77,1.86,74106,131379.00,36
BSE,TRISHAKT,INE238C01022,X,148.30,157.85,145.00,147.45,145.20,17998,2704189.00,178
BSE,TRITONV,INE440G01017,X,1170.95,1198.80,1144.05,1155.95,1141.60,2685,3138216.00,249
BSE,TRITURBINE,INE152M01016,A,670.00,748.95,663.95,738.55,671.60,232902,168693663.00,7010
BSE,TRIUMPIN,INE382B01012,XT,20.40,20.40,18.48,19.55,19.45,1063,19674.00,8
BSE,TRIVENI,INE256C01024,A,404.65,422.45,404.65,418.90,402.50,20180,8331892.00,626
BSE,TRIVENIENT,INE916P01025,X,1.05,1.10,1.05,1.06,1.05,21661,22853.00,22
BSE,TRIVENIGQ,INE094C01011,X,6.78,6.78,6.57,6.57,6.25,2487,16711.00,21
BSE,TRL,INE459Z01017,B,89.74,91.74,86.50,89.81,87.98,21118,1902811.00,399
BSE,TRU,INE615R01029,B,5.78,6.06,5.62,5.81,5.78,8579,49949.00,43
BSE,TRUALT,INE0MWH01014,B,490.05,496.45,475.55,480.10,492.60,19118,9347251.00,630
BSE,TRUECOLORS,INE1LDV01015,M,147.00,151.35,146.15,151.35,144.15,50400,7604970.00,56
BSE,TRUEGREEN,INE672K01025,XT,191.10,194.00,191.10,191.10,195.00,23337,4489350.00,47
BSE,TRUSTEDGE,INE398H01015,X,129.00,132.10,127.00,131.40,129.00,1619,211409.00,29
BSE,TSPIRITUAL,INE541C01037,X,2.15,2.15,1.97,1.99,2.05,20219,43104.00,58
BSE,TTC,INE0XAY01012,M,245.00,246.00,230.10,238.00,235.00,13500,3123300.00,7
BSE,TTFL,INE071Y01013,X,41.19,41.19,38.50,39.71,40.01,9955,395260.00,122
BSE,TTGIL,INE135H01029,X,8.80,8.80,8.34,8.43,8.64,14754,124955.00,61
BSE,TTIENT,INE404F01031,XT,8.40,8.95,8.36,8.48,8.80,859,7332.00,17
BSE,TTKHLTCARE,INE910C01018,B,943.95,944.00,916.20,944.00,930.15,345,322092.00,71
BSE,TTKPRESTIG,INE690A01028,A,536.00,566.75,536.00,563.80,543.00,13739,7700786.00,922
BSE,TTL,INE592B01024,B,7.00,7.16,6.89,6.92,6.82,8417,58480.00,29
BSE,TTML,INE517B01013,A,44.03,45.32,44.03,44.66,44.19,284410,12755121.00,1479
BSE,TULASEEBIOE,INE276N01011,ZP,55.09,55.09,55.09,55.09,52.47,200,11018.00,1
BSE,TULIVE,INE637D01015,XT,1178.00,1180.00,1169.95,1169.95,1176.00,353,414883.00,15
BSE,TULSYAN,INE463D01016,XT,30.08,31.74,30.08,31.00,30.23,2882,90110.00,25
BSE,TUNITEX,INE560D01027,X,1.07,1.08,1.05,1.08,1.06,117587,125401.00,140
BSE,TUSALDAH,INE319M01011,XT,142.35,142.35,142.30,142.30,135.60,5,711.00,2
BSE,TUTIALKA,INE400A01014,X,48.55,54.00,48.55,53.84,52.72,26389,1340970.00,177
BSE,TVSELECT,INE236G01019,B,489.60,500.55,480.25,481.60,481.20,3810,1864100.00,238
BSE,TVSHLTD,INE105A01035,A,13348.30,13754.40,13199.00,13682.90,13119.60,291,3939709.00,177
BSE,TVSMOTOR,INE494B01023,A,3460.35,3497.00,3445.00,3487.35,3442.60,10112,35128441.00,1360
BSE,TVSSCS,INE395N01027,A,143.00,143.00,137.10,137.75,140.25,48145,6681602.00,844
BSE,TVSSRICHAK,INE421C01016,B,4117.20,4280.00,4110.35,4251.05,4109.25,1407,5933209.00,333
BSE,TVTODAY,INE038F01029,B,107.00,109.30,107.00,108.35,108.20,3829,414439.00,96
BSE,TVVISION,INE871L01013,B,5.30,5.30,5.02,5.25,5.30,2107,10780.00,14
BSE,TYCHE,INE443B01012,X,125.60,132.00,125.60,129.40,128.35,2611,338752.00,48
BSE,TYROON,INE945B01016,X,85.01,93.00,85.01,92.44,91.00,830,74789.00,25
BSE,UBL,INE686F01025,A,1359.30,1359.30,1332.00,1338.90,1341.65,4528,6059149.00,456
BSE,UCAL,INE139B01016,B,109.44,118.72,109.44,114.10,106.02,15394,1770729.00,692
BSE,UCIL,INE926R01012,X,99.75,99.75,99.75,99.75,95.00,222890,22233277.00,15
BSE,UCOBANK,INE691A01018,A,27.84,27.94,27.48,27.55,27.56,444803,12313589.00,1355
BSE,UDAYJEW,INE551B01012,X,151.95,154.00,148.15,150.35,152.00,1367,205515.00,37
BSE,UDS,INE851I01011,B,180.00,183.55,178.20,179.00,180.90,3585,649479.00,105
BSE,UEL,INE899L01030,B,135.10,144.40,135.10,140.00,139.05,2352,335808.00,139
BSE,UFBL,INE382M01027,B,641.00,682.00,641.00,672.00,644.80,18205,12165050.00,867
BSE,UFLEX,INE516A01017,B,434.25,434.25,421.40,423.85,425.70,2262,959994.00,139
BSE,UFO,INE527H01019,B,73.92,75.13,73.08,74.34,73.08,2986,221164.00,212
BSE,UGARSUGAR,INE071E01023,B,39.25,40.18,39.25,39.70,39.73,7561,301902.00,133
BSE,UGROCAP,INE583D01011,B,101.90,101.90,99.71,100.79,99.65,14856,1493900.00,117
BSE,UHMVL,INE0YZ901011,MT,97.80,97.80,97.80,97.80,102.90,1600,156480.00,2
BSE,UHZAVERI,INE556Z01010,B,12.93,12.94,12.34,12.46,12.35,5071,63908.00,32
BSE,UJJIVANSFB,INE551W01018,A,57.46,57.75,56.51,56.73,57.22,299457,17106933.00,1449
BSE,ULTRACAB,INE010R01023,X,7.45,7.65,7.15,7.38,7.33,181641,1357375.00,322
BSE,ULTRACEMCO,INE481G01011,A,11390.90,11414.95,11311.15,11401.25,11370.95,86391,979940041.00,2020
BSE,ULTRAMAR,INE405A01021,B,372.00,377.75,368.65,370.60,371.95,11055,4130998.00,523
BSE,UMAEXPORTS,INE0GIU01018,T,23.99,23.99,22.61,23.00,23.56,7909,183265.00,53
BSE,UMESLTD,INE240C01028,T,5.90,5.90,5.52,5.68,5.78,2217,12471.00,12
BSE,UMIYA,INE173U01015,X,37.28,39.35,37.28,38.65,37.28,3436,133989.00,25
BSE,UMIYA-MRO,INE398B01018,B,90.79,90.93,87.00,89.39,89.00,2723,243233.00,55
BSE,UML,INE1P1A01018,M,49.00,49.00,48.32,48.32,49.00,4000,194640.00,2
BSE,UNIABEXAL,INE361D01012,XT,4390.00,4557.55,4224.00,4557.55,4340.55,1806,8117020.00,183
BSE,UNIAUTO,INE203T01012,B,51.01,53.40,51.01,53.37,51.44,1490,79024.00,41
BSE,UNICHEMLAB,INE351A01035,B,441.70,455.80,441.70,448.05,445.60,3140,1409804.00,182
BSE,UNIDT,INE961D01019,T,222.45,222.45,215.10,221.15,220.95,472,103171.00,12
BSE,UNIECOM,INE00U401027,B,90.20,90.73,89.00,89.28,89.76,18541,1669787.00,247
BSE,UNIENTER,INE037A01022,B,102.90,117.00,102.90,109.00,108.70,1336,150927.00,89
BSE,UNIFIED,INE1ABX01018,M,384.75,388.90,376.05,387.05,374.05,53600,20492060.00,67
BSE,UNIMECH,INE0U3I01011,B,1198.70,1238.95,1178.70,1189.40,1198.20,25793,31236569.00,1589
BSE,UNIONBANK,INE692A01016,A,175.70,176.75,174.15,176.55,175.85,609965,107044391.00,5204
BSE,UNIPARTS,INE244O01017,B,684.40,698.60,670.00,681.50,674.25,14089,9681112.00,515
BSE,UNIQUEO,INE333E01019,X,86.15,88.95,85.70,87.30,89.70,3284,284533.00,64
BSE,UNIROYAL,INE980D01019,X,19.50,20.00,19.20,19.20,19.45,549,10827.00,9
BSE,UNISHIRE,INE210P01015,MT,1.27,1.30,1.27,1.30,1.33,20000,25700.00,2
BSE,UNISON,INE099D01026,XT,0.88,0.89,0.85,0.86,0.86,487909,421519.00,307
BSE,UNITDCR,INE858C01027,X,28.50,28.50,26.50,26.50,28.80,393,10420.00,8
BSE,UNITDSPR,INE854D01024,A,1313.50,1346.40,1313.50,1342.20,1319.80,855142,1141149057.00,1845
BSE,UNITECH,INE694A01020,B,5.07,5.12,4.79,4.88,5.03,2813692,13764565.00,1095
BSE,UNITEDPOLY,INE368U01029,T,34.96,34.96,32.30,33.50,33.30,648,21269.00,15
BSE,UNITEDTE,INE727E01012,XT,15.60,15.60,14.12,14.25,14.86,884,12517.00,10
BSE,UNITINT,INE929K01011,Z,3.40,3.56,3.40,3.47,3.40,3074,10589.00,22
BSE,UNIVAFOODS,INE275F01019,T,7.87,7.87,7.87,7.87,7.87,412,3242.00,4
BSE,UNIVARTS,INE464B01018,X,5.90,5.90,5.01,5.01,5.35,20,106.00,4
BSE,UNIVCABLES,INE279A01012,B,1279.60,1391.00,1279.60,1349.65,1275.65,30062,40462715.00,1939
BSE,UNIVPHOTO,INE03V001013,T,392.50,392.50,392.50,392.50,413.15,2,785.00,1
BSE,UNIVSTAR,INE113E01015,X,219.90,219.90,200.00,205.45,206.35,722,148423.00,41
BSE,UNJHAFOR,INE576D01015,X,20.85,20.85,19.90,19.90,19.00,996,20596.00,8
BSE,UNOMINDA,INE405E01023,A,1117.90,1129.40,1112.20,1116.65,1117.85,34157,38247494.00,2407
BSE,UNQTYMI,INE338N01019,XT,16.50,16.50,16.50,16.50,16.50,10,165.00,2
BSE,UNRYLMA,INE602H01010,X,13.22,14.56,13.22,14.56,13.90,275,3776.00,9
BSE,UPHOT,INE726E01014,X,1365.50,1385.00,1365.50,1383.05,1435.00,4,5510.00,4
BSE,UPL,INE628A01036,A,608.25,613.00,603.15,605.25,607.60,18209,11104803.00,801
BSE,UPROTECH,INE448F01012,XT,19.09,19.09,18.14,19.09,19.09,1291,23432.00,14
BSE,UPSURGE,INE890B01014,X,58.17,60.01,57.20,59.02,58.67,4956,294305.00,73
BSE,URAVIDEF,INE568Z01015,B,115.55,117.95,113.40,114.40,115.60,50794,5841900.00,54
BSE,URBANCO,INE0CAZ01013,B,128.55,139.70,128.55,136.90,130.05,651709,89049560.00,5763
BSE,URJA,INE550C01020,B,10.25,10.35,10.02,10.06,10.14,790144,8022442.00,1260
BSE,URSUGAR,INE904R01027,B,2.90,2.90,2.60,2.65,2.69,120158,326363.00,145
BSE,USGTECH,INE718B01017,XT,12.74,12.74,12.74,12.74,13.00,7705,98161.00,13
BSE,USHAKIRA,INE697C01011,X,32.55,32.55,29.50,30.20,31.00,756,23001.00,12
BSE,USHAMART,INE228A01035,A,472.90,482.00,471.00,480.85,474.65,18556,8838261.00,445
BSE,USK,INE0N0Y01013,B,22.08,24.98,22.08,23.52,24.00,9515,225893.00,60
BSE,UTIAMC,INE094J01016,A,949.00,959.40,928.15,936.30,949.55,5584,5264663.00,382
BSE,UTIQUE,INE096A01010,X,4.24,4.35,4.14,4.26,4.16,16866,70776.00,88
BSE,UTKARSHBNK,INE735W01017,B,14.86,15.15,14.70,14.73,14.79,341389,5078378.00,876
BSE,UTLINDS,INE184E01024,X,1.76,1.80,1.70,1.75,1.74,134980,237499.00,96
BSE,UTLSOLAR,INE12UR01024,B,314.70,321.40,305.25,317.75,313.55,20142,6343590.00,630
BSE,UTTAMSUGAR,INE786F01031,B,236.00,240.00,234.10,234.10,238.20,1480,350847.00,99
BSE,UVDRHOR,INE890G01047,XT,37.32,37.32,36.87,36.87,37.62,7459,275031.00,26
BSE,UVS,INE528C01018,X,95.00,101.00,91.45,94.40,95.85,15158,1435362.00,110
BSE,UYFINCORP,INE152C01025,B,14.50,14.98,14.00,14.41,14.50,5540,79785.00,82
BSE,V2RETAIL,INE945H01021,B,240.75,242.85,236.00,238.60,236.40,58197,13885957.00,750
BSE,VAARAD,INE418B01048,X,9.93,9.93,9.60,9.60,9.95,115,1137.00,9
BSE,VADILALIND,INE694D01016,B,6168.50,6388.50,6143.95,6358.70,6110.70,1261,7897103.00,254
BSE,VADILENT,INE693D01018,X,9800.00,9990.00,9800.00,9990.00,9821.00,29,284480.00,10
BSE,VAHH,INE0H3U01013,MT,65.01,65.01,63.25,63.40,66.22,42000,2676420.00,21
BSE,VAIBHAVGBL,INE884A01027,B,245.00,246.90,240.10,240.95,244.00,17608,4281015.00,447
BSE,VAKRANGEE,INE051B01021,B,6.31,6.36,6.23,6.30,6.29,217525,1368486.00,565
BSE,VALIANT,INE760B01019,X,1166.50,1216.50,1166.50,1204.10,1199.45,10750,12836775.00,801
BSE,VALIANTLAB,INE0JWS01017,T,65.50,70.00,65.20,69.36,67.90,868,60349.00,15
BSE,VALIANTORG,INE565V01010,T,277.10,301.50,277.10,286.80,291.45,3448,995608.00,92
BSE,VALINDIA,INE130701019,M,18.40,18.40,18.00,18.00,18.00,6000,108480.00,2
BSE,VALLABHSQ,INE457E01016,X,10.55,10.55,10.50,10.50,10.50,39,409.00,3
BSE,VALPLAST,INE0QP701017,M,44.10,45.00,42.21,44.78,48.60,10000,441320.00,5
BSE,VALSONQ,INE808A01018,X,38.00,39.00,34.40,36.70,33.38,100890,3738737.00,585
BSE,VAMA,INE685D01022,X,3.76,3.94,3.76,3.80,3.90,12554,47773.00,53
BSE,VAML,INE1CDF01017,T,458.00,480.90,457.05,480.40,458.00,5304658,2478352801.00,27371
BSE,VAMSHIRU,INE380C01014,X,39.20,41.30,39.20,41.30,40.64,83,3327.00,13
BSE,VANDU,INE0RH001011,M,55.00,55.00,53.74,53.74,54.85,28000,1511080.00,4
BSE,VANICOM,INE661Q01017,X,8.98,8.98,8.98,8.98,8.99,1,8.00,1
BSE,VANTABIO,INE695X01011,MT,25.00,25.35,23.91,25.35,24.93,4500,111945.00,3
BSE,VARDHMAN,INE115C01014,Z,6.47,6.48,6.47,6.47,6.81,2212,14314.00,13
BSE,VARDMNPOLY,INE835A01029,B,7.12,7.30,6.98,7.13,7.12,74425,531842.00,254
BSE,VARIMAN,INE717F01028,XT,4.00,4.04,3.85,4.04,3.85,240200,957653.00,145
BSE,VARROC,INE665L01035,A,619.35,633.70,613.45,624.00,613.40,4497,2806990.00,269
BSE,VARYAA,INE0R6801013,M,26.55,30.00,26.55,30.00,31.89,4000,115550.00,4
BSE,VASCONEQ,INE893I01013,T,36.20,36.95,35.82,36.04,36.26,14409,521946.00,105
BSE,VASINFRA,INE192C01013,XT,9.25,9.25,9.25,9.25,9.73,35,323.00,2
BSE,VASUDHAGAM,INE583K01016,Z,0.90,0.98,0.90,0.90,0.94,620878,559923.00,240
BSE,VASUPRADA,INE574G01013,X,101.45,101.45,101.45,101.45,96.76,1,101.00,1
BSE,VASWANI,INE590L01019,B,57.99,57.99,55.59,56.04,57.46,4363,244723.00,200
BSE,VBIND,INE334E01017,X,7.31,7.60,7.20,7.45,7.14,7640,56841.00,30
BSE,VBL,INE200M01039,A,529.15,529.85,504.20,512.75,529.15,444863,229180178.00,8364
BSE,VCU,INE962O01014,XT,8.07,8.40,8.07,8.08,8.17,6168,49871.00,46
BSE,VEDANTASSET,INE0NC801013,MT,60.94,60.94,60.94,60.94,58.04,6000,365640.00,4
BSE,VEDAVAAG,INE359B01010,X,20.76,22.50,20.40,21.96,20.66,72900,1562281.00,447
BSE,VEDL,INE205A01025,A,301.60,306.70,301.00,305.90,300.75,600347,183023928.00,7070
BSE,VEDPOWER,INE694L01019,T,41.75,43.10,41.70,43.10,41.05,12601624,536530253.00,14652
BSE,VEEDOL,INE484C01030,B,1477.25,1497.85,1474.10,1478.20,1483.80,5880,8732943.00,547
BSE,VEEFIN,INE0Q0M01015,M,332.00,343.90,328.25,331.95,327.35,48400,16371760.00,143
BSE,VEERENRGY,INE255E01030,X,12.17,12.50,12.17,12.24,12.30,14251,174778.00,71
BSE,VEERHEALTH,INE882C01035,X,28.51,30.00,28.45,29.91,29.25,182056,5436136.00,422
BSE,VEERKRUPA,INE0ID001024,M,0.60,0.60,0.56,0.56,0.60,133600,77822.00,8
BSE,VEGA,INE603D01017,XT,61.95,61.95,61.95,61.95,61.95,100,6195.00,1
BSE,VEL,INE560T01015,X,61.06,62.50,60.50,61.05,61.06,3318,203879.00,48
BSE,VELHO,INE548D01014,X,6.04,6.35,5.97,6.03,6.07,7970,48196.00,29
BSE,VELJAN,INE232E01013,B,1251.00,1350.00,1251.00,1274.30,1262.10,595,772716.00,47
BSE,VENKEYS,INE398A01010,B,1428.15,1492.15,1423.85,1467.65,1423.35,3718,5457596.00,282
BSE,VENLONENT,INE204D01022,X,4.74,4.78,4.27,4.27,4.74,53908,231954.00,50
BSE,VENMAX,INE154G01022,X,21.90,21.90,17.32,19.23,20.18,16032,309688.00,75
BSE,VENTIVE,INE781S01027,B,659.45,659.45,645.65,646.30,646.40,420,273460.00,52
BSE,VENTURA,INE810C01044,X,8.00,10.34,8.00,9.31,8.63,11935,109685.00,50
BSE,VENUSPIPES,INE0JA001018,B,1597.75,1687.20,1590.25,1674.70,1546.05,39399,64751852.00,2738
BSE,VENUSREM,INE411B01019,T,1711.00,1749.95,1671.50,1696.00,1759.40,4820,8172432.00,347
BSE,VERANDA,INE0IQ001011,B,251.70,251.85,237.90,239.30,246.75,14315,3512692.00,366
BSE,VERITAS,INE379J01029,XT,182.30,182.35,179.00,182.35,178.80,4799,872164.00,51
BSE,VERTEX,INE316D01024,XT,4.04,4.04,3.80,3.83,3.99,40407,155031.00,106
BSE,VESUVIUS,INE386A01023,A,464.95,479.10,464.90,469.45,464.70,3932,1856319.00,157
BSE,VETO,INE918N01018,T,134.60,137.00,130.30,133.45,132.10,13550,1830884.00,122
BSE,VGCL,INE761Q01015,XT,52.35,54.70,51.40,52.17,52.40,912,47701.00,23
BSE,VGIL,INE244W01010,T,145.95,145.95,144.00,144.35,146.00,1621,235228.00,15
BSE,VGL,INE273D01027,B,68.42,71.42,68.42,69.41,69.59,11594,802114.00,133
BSE,VGUARD,INE951I01027,A,315.70,315.70,309.45,310.50,311.35,14721,4572418.00,518
BSE,VHL,INE701A01023,B,3680.00,3738.00,3665.80,3728.70,3679.90,63,232396.00,46
BSE,VHLTD,INE048C01025,T,143.80,143.80,136.35,136.80,143.50,11847,1638520.00,159
BSE,VICTMILL,INE203D01016,X,5260.00,5300.00,5200.15,5273.50,5266.85,11,57981.00,5
BSE,VIDHIING,INE632C01026,B,286.00,292.25,285.25,287.20,285.00,475,136380.00,86
BSE,VIDYAWIRES,INE14UN01029,B,109.45,112.55,107.40,109.55,107.20,550089,61370401.00,2886
BSE,VIJAYA,INE043W01024,A,1377.05,1377.05,1318.70,1323.10,1371.20,14184,18958256.00,1318
BSE,VIJAYTX,INE256G01033,Z,5.33,5.33,5.32,5.32,5.60,160,851.00,3
BSE,VIJIFIN,INE159N01027,T,4.77,4.77,4.77,4.77,4.55,87576,417737.00,80
BSE,VIJSOLX,INE362D01010,XT,602.00,611.05,602.00,607.20,630.00,76,46038.00,7
BSE,VIKALPS,INE186E01011,X,22.00,22.05,22.00,22.05,21.00,100,2202.00,2
BSE,VIKASECO,INE806A01020,B,1.27,1.29,1.27,1.28,1.28,204079,261351.00,270
BSE,VIKASLIFE,INE161L01027,B,1.48,1.50,1.47,1.48,1.48,285890,424324.00,7694
BSE,VIKASPROP,INE767B01022,Z,0.28,0.29,0.28,0.28,0.28,151243,42543.00,71
BSE,VIKASWSP,INE706A01022,Z,0.96,1.00,0.96,0.98,0.98,72928,71682.00,65
BSE,VIKRAMAR,INE0NR501012,X,65.00,73.30,64.61,72.03,65.26,9578,669642.00,121
BSE,VIKRAMSOLR,INE078V01014,B,199.40,201.50,195.15,198.10,200.10,329044,64936760.00,3872
BSE,VIKRAMTH,INE337E01010,XT,242.90,243.90,235.00,242.15,232.30,61387,14901650.00,777
BSE,VIKRAN,INE01R501028,B,74.99,74.99,72.84,72.97,74.62,96807,7146535.00,680
BSE,VIMTALABS,INE579C01029,B,576.45,576.45,563.90,569.50,571.95,20083,11446160.00,543
BSE,VINATIORGA,INE410B01037,A,1348.80,1348.80,1330.10,1344.55,1335.15,7799,10467722.00,694
BSE,VINAYAKPOL,INE581M01016,X,24.51,24.51,24.51,24.51,23.35,73,1789.00,6
BSE,VINCOFE,INE498Q01014,B,150.45,162.00,150.45,160.00,152.10,145792,23078145.00,5613
BSE,VINDHYATEL,INE707A01012,B,2402.05,2480.00,2300.00,2337.10,2381.10,6560,15757886.00,979
BSE,VINEETLAB,INE505Y01010,T,34.20,34.90,34.20,34.89,34.04,6365,221970.00,17
BSE,VINNY,INE01KI01027,B,1.24,1.24,1.16,1.19,1.20,122798,147291.00,55
BSE,VINTAGES,INE153C01015,X,18.81,18.81,18.81,18.81,19.79,281,5285.00,3
BSE,VINYLINDIA,INE250B01029,B,255.00,256.00,253.05,253.45,254.30,1409,358429.00,97
BSE,VINYOFL,INE526H01011,X,53.00,53.30,51.50,53.00,54.12,1479,77245.00,25
BSE,VIPCLOTHNG,INE450G01024,T,24.98,25.00,24.50,24.98,25.15,16557,411152.00,78
BSE,VIPIND,INE054A01027,A,317.00,320.05,312.95,315.20,317.40,8785,2788977.00,268
BSE,VIPPYSP,INE660D01017,X,187.70,187.70,178.05,178.05,175.80,165,29535.00,5
BSE,VIPULLTD,INE946H01037,B,12.12,12.12,11.11,11.22,11.02,155619,1830541.00,333
BSE,VIPULORG,INE834D01018,X,264.85,269.00,259.95,265.50,260.00,27723,7228874.00,131
BSE,VIRAT,INE467D01017,X,421.20,443.80,395.00,402.30,420.65,535,217669.00,37
BSE,VIRATCRA,INE295C01014,X,34.10,36.00,34.10,35.35,35.70,456,15973.00,23
BSE,VIRGOGLOB,INE400B01020,XT,6.64,6.64,6.64,6.64,6.77,654,4342.00,4
BSE,VIRINCHI,INE539B01017,B,16.40,17.40,16.40,16.92,16.90,8621,146650.00,103
BSE,VIRTUALG,INE247C01023,X,0.52,0.52,0.51,0.51,0.52,196950,100950.00,160
BSE,VISACHROME,INE286H01012,T,41.12,44.42,40.70,42.54,42.31,18484,814642.00,45
BSE,VISAGAR,INE309H01038,X,0.35,0.36,0.35,0.35,0.35,593274,209481.00,323
BSE,VISAKAIND,INE392A01021,B,77.61,80.10,77.61,79.07,77.27,10402,824054.00,262
BSE,VISHAL,INE755Q01025,B,20.69,20.70,20.11,20.54,20.28,61317,1250520.00,264
BSE,VISHALBL,INE060T01024,B,58.65,61.99,58.65,60.40,60.90,1895,114274.00,60
BSE,VISHNU,INE270I01022,B,609.00,636.55,599.90,631.20,600.70,10927,6832010.00,509
BSE,VISHWARAJ,INE430N01022,B,5.84,6.00,5.64,5.67,5.60,49068,285871.00,103
BSE,VISIONCINE,INE515B01025,XT,1.25,1.29,1.19,1.23,1.25,28663,35298.00,64
BSE,VISIONCO,INE661D01015,X,2.60,2.60,2.60,2.60,2.45,372,967.00,5
BSE,VISL,INE1CLE01013,T,26.80,26.80,26.80,26.80,25.55,80369,2153889.00,142
BSE,VISTAPH,INE427C01021,X,7.48,7.69,6.61,7.39,7.41,7071,50483.00,50
BSE,VISTARAMAR,INE878P01019,X,211.00,215.00,206.25,213.95,205.65,7391,1576024.00,73
BSE,VISVEN,INE762D01011,X,40.00,46.75,40.00,40.00,42.53,10693,431087.00,26
BSE,VIVAA,INE0PA601017,MT,62.00,64.82,62.00,64.82,61.74,6000,383280.00,3
BSE,VIVANTA,INE299W01022,X,1.74,1.80,1.74,1.78,1.80,140258,248862.00,290
BSE,VIVANZA,INE984E01035,X,1.85,1.98,1.85,1.97,1.85,58368,112130.00,32
BSE,VIVIDHA,INE370E01029,B,0.57,0.57,0.53,0.53,0.57,111619,59750.00,71
BSE,VIVIDIND,INE737C01023,X,21.73,21.73,21.00,21.64,21.73,3236,69400.00,25
BSE,VIVIDM,INE647Z01025,B,7.20,7.21,6.20,6.93,6.98,401852,2810558.00,195
BSE,VIVIMEDLAB,INE526G01021,T,5.90,6.18,5.85,5.99,5.93,27603,162443.00,50
BSE,VIVOBIOT,INE380K01017,X,23.59,23.95,23.02,23.18,24.03,48982,1146341.00,278
BSE,VIYASH,INE807F01027,B,258.30,272.30,256.95,271.30,254.55,239608,64060947.00,3022
BSE,VJLAXMIE,INE466D01019,X,38.80,38.80,37.80,37.81,35.00,430,16325.00,9
BSE,VJTFEDU,INE117F01013,X,62.29,62.50,62.00,62.50,61.99,110,6839.00,8
BSE,VKAL,INE427T01025,XT,1.03,1.03,0.99,0.99,1.01,375569,378019.00,297
BSE,VLEGOV,INE03HW01020,T,13.37,13.75,12.71,13.51,13.37,42681,565149.00,127
BSE,VLSFINANCE,INE709A01018,B,247.85,252.60,246.95,249.25,241.25,964,240907.00,163
BSE,VMART,INE665J01013,A,806.00,806.00,767.85,779.70,796.65,11253,8786539.00,1159
BSE,VMM,INE01EA01019,A,118.45,122.75,118.20,118.85,118.80,716822,86379294.00,4402
BSE,VMS,INE932K01015,X,22.50,23.29,22.50,22.60,22.99,37031,838746.00,161
BSE,VMSTMT,INE0SJA01013,T,46.90,46.90,45.02,45.20,44.75,1009,45671.00,25
BSE,VOEPL,INE0I0T01010,M,410.00,428.80,400.00,415.75,394.85,458250,191202187.00,862
BSE,VOGL,INE704J01044,T,34.00,34.70,33.05,34.70,33.05,28277706,980441647.00,14151
BSE,VOITHPAPR,INE285C01015,X,1485.00,1521.95,1461.05,1492.60,1496.95,180,269083.00,47
BSE,VOLKAI,INE820M01018,XT,80.30,80.30,80.22,80.22,81.85,291,23347.00,7
BSE,VOLLF,INE763D01019,X,14.65,14.65,13.42,13.42,14.12,21779,293517.00,30
BSE,VOLTAMP,INE540H01012,A,10150.40,10640.00,10150.40,10500.20,10233.80,3698,38445021.00,995
BSE,VOLTAS,INE226A01021,A,1397.70,1411.00,1349.05,1353.45,1342.00,140351,193534332.00,6175
BSE,VPAL,INE1L3801017,M,135.25,139.05,131.00,132.80,134.90,88000,11814080.00,47
BSE,VPRPL,INE0AE001013,T,30.94,30.94,30.94,30.94,31.57,18558,574184.00,101
BSE,VRAJ,INE0S2V01010,B,122.70,123.60,121.10,122.60,121.85,769,94348.00,21
BSE,VRFILMS,INE06LG01010,B,14.50,15.00,14.00,14.35,14.50,18310,259516.00,37
BSE,VRL,INE406F01010,XT,167.10,178.35,167.10,178.00,169.90,10042,1771672.00,77
BSE,VRLLOG,INE366I01010,B,242.60,243.50,239.35,240.60,240.45,7638,1841634.00,298
BSE,VRUDDHI,INE0OMZ01013,M,235.00,235.00,235.00,235.00,230.00,500,117500.00,1
BSE,VSFPROJ,INE923K01014,X,33.16,37.50,32.32,34.74,35.95,101,3483.00,19
BSE,VSL,INE607V01028,B,11.13,11.24,10.95,10.99,11.03,441846,4883309.00,343
BSE,VSSL,INE050M01012,B,281.00,282.95,279.90,280.00,280.65,1977,555006.00,88
BSE,VSTIND,INE710A01016,B,260.00,265.05,260.00,262.30,259.55,39189,10290608.00,516
BSE,VSTL,INE0QTF01015,B,118.80,119.00,117.00,117.90,117.75,1804,211717.00,79
BSE,VSTTILLERS,INE764D01017,B,4571.80,4669.65,4551.80,4570.90,4571.80,462,2118058.00,125
BSE,VTL,INE825A01020,A,667.25,667.25,652.45,657.00,657.25,9876,6471578.00,537
BSE,VTMLTD,INE222F01029,X,64.94,65.94,60.10,64.10,64.73,90506,5742203.00,398
BSE,VVIPIL,INE0MNP01016,M,146.00,147.60,145.00,145.05,143.65,6600,965160.00,11
BSE,VXLINSTR,INE756A01019,XT,3.16,3.20,3.00,3.19,3.10,1143,3618.00,11
BSE,WAA,INE799N01012,M,53.42,53.99,52.21,52.30,53.38,4800,255296.00,6
BSE,WAAREE,INE725P01012,MT,267.00,269.95,258.15,264.20,265.20,10675,2828341.00,54
BSE,WAAREEENER,INE377N01017,A,3132.95,3157.50,3060.00,3061.70,3127.40,74361,230089047.00,6910
BSE,WAAREEINDO,INE866K01023,B,429.85,436.65,413.85,418.50,415.90,15633,6695751.00,448
BSE,WAAREERTL,INE299N01021,A,979.95,1036.30,977.00,1005.85,987.20,64923,65644005.00,3179
BSE,WABAG,INE956G01038,A,2037.60,2073.00,1975.00,2061.15,1983.40,118372,240954973.00,6625
BSE,WAGEND,INE786K01023,X,1.18,1.18,1.07,1.07,1.18,93576,103619.00,24
BSE,WAKEFIT,INE0E7301029,B,129.95,130.00,124.00,124.50,127.55,45424,5778621.00,502
BSE,WALCHANNAG,INE711A01022,B,314.70,314.70,301.65,307.65,312.45,227507,69729782.00,3016
BSE,WALCHPF,INE695D01021,X,146.00,146.00,136.25,138.25,139.00,379,53303.00,18
BSE,WALLFORT,INE121B01014,X,79.00,83.95,78.11,81.78,81.97,856,69347.00,15
BSE,WANBURY,INE107F01022,B,266.65,278.20,266.00,274.50,266.60,7686,2092794.00,251
BSE,WARDINMOBI,INE945P01024,XT,6.76,6.87,6.66,6.78,6.76,396687,2688443.00,880
BSE,WARDWIZFBL,INE761D01021,X,9.24,9.38,8.90,9.12,9.24,204605,1873672.00,320
BSE,WARRENTEA,INE712A01012,X,44.06,46.87,44.06,45.71,45.90,900,41253.00,28
BSE,WATERBASE,INE054C01015,X,46.00,46.89,44.40,44.74,46.24,32166,1454856.00,238
BSE,WCIL,INE0CJF01024,B,98.15,104.50,98.15,103.10,101.89,5388,554901.00,78
BSE,WEALTH,INE658T01017,B,978.35,980.80,978.35,980.80,964.25,6,5872.00,3
BSE,WEBELSOLAR,INE855C01023,A,104.70,106.50,103.75,106.05,104.60,124819,13095125.00,1063
BSE,WEIZMANIND,INE080A01014,B,89.00,90.87,89.00,89.98,89.00,52,4676.00,6
BSE,WEL,INE02WG01024,B,88.55,95.02,88.55,94.01,94.74,3746,353968.00,63
BSE,WELCORP,INE191B01025,A,1430.75,1430.75,1395.25,1403.95,1420.90,9722,13641089.00,718
BSE,WELCURE,INE331C01025,X,0.27,0.28,0.26,0.27,0.28,5644352,1529027.00,661
BSE,WELENT,INE625G01013,A,571.85,579.00,566.15,576.05,567.85,5609,3222100.00,233
BSE,WELSPLSOL,INE731F01037,B,59.14,60.31,57.55,58.37,58.10,271991,16123691.00,1216
BSE,WELSPUNLIV,INE192B01031,A,162.60,164.25,158.80,161.65,162.10,170814,27639899.00,1915
BSE,WENDT,INE274C01019,B,7866.70,7995.90,7751.00,7807.35,7900.40,239,1884032.00,80
BSE,WEPSOLN,INE434B01029,X,25.60,25.95,24.79,24.82,25.05,8539,213315.00,42
BSE,WESTLEIRES,INE266P01017,X,90.50,90.50,85.65,85.65,90.15,340,29205.00,11
BSE,WESTLIFE,INE274F01020,A,467.00,489.35,464.35,485.60,467.15,6357,3051233.00,476
BSE,WEWIN,INE082W01014,T,49.36,50.00,49.36,50.00,48.59,636,31429.00,10
BSE,WEWORK,INE085001019,B,633.95,637.30,612.65,619.30,629.75,8932,5576990.00,413
BSE,WHBRADY,INE855A01019,X,535.90,548.00,530.00,534.75,538.95,694,372455.00,36
BSE,WHEELS,INE715A01015,B,1541.40,1636.00,1522.80,1628.20,1554.00,9525,15254727.00,893
BSE,WHIRLPOOL,INE716A01013,A,796.40,819.85,796.40,816.90,795.65,36881,29885938.00,2027
BSE,WHITEORG,INE146C01019,X,3.97,3.97,3.78,3.93,3.91,14153,55179.00,73
BSE,WILLAMAGOR,INE210A01017,B,27.55,27.55,27.55,27.55,26.43,1,27.00,1
BSE,WINDLAS,INE0H5O01029,B,810.30,860.95,810.30,857.30,816.55,4143,3481334.00,325
BSE,WINDMACHIN,INE052A01021,B,326.00,326.90,316.50,317.75,324.90,2008,644577.00,95
BSE,WINSOMBR,INE391C01011,X,22.50,23.49,22.31,22.48,22.44,6327,143055.00,76
BSE,WINSOME,INE784B01035,Z,2.22,2.22,2.22,2.22,2.18,2000,4440.00,3
BSE,WINSOMTX,INE837B01031,X,91.00,93.30,90.20,92.95,91.93,111785,10152909.00,184
BSE,WIPRO,INE075A01022,A,181.30,182.45,179.95,180.10,180.60,582547,105447894.00,8908
BSE,WOCKPHARMA,INE049B01025,A,2038.45,2038.45,1972.00,2013.30,2010.95,50417,100765018.00,3279
BSE,WOMENNET,INE905B01010,X,7.52,8.25,7.52,8.25,7.90,1099,8271.00,6
BSE,WONDERLA,INE066O01014,B,490.30,491.35,475.00,486.00,480.65,2253,1086807.00,239
BSE,WORKMATES,INE1I1301016,M,288.00,291.00,285.10,289.60,285.00,6600,1898520.00,11
BSE,WORTH,INE114O01020,XT,4.52,4.59,4.40,4.55,4.38,857365,3893795.00,379
BSE,WORTHPERI,INE196Y01018,B,135.55,135.55,135.55,135.55,129.45,2,271.00,2
BSE,WPIL,INE765D01022,B,469.60,494.45,466.50,487.40,468.40,18706,9069052.00,911
BSE,WSFX,INE549D01012,X,62.80,62.81,60.60,60.66,62.57,3892,239368.00,63
BSE,WSI,INE100D01014,B,67.76,69.14,66.28,68.75,67.00,5428,365149.00,86
BSE,WSTCSTPAPR,INE976A01021,B,512.05,514.25,505.80,508.85,512.30,2128,1082792.00,118
BSE,WWALUM,INE550D01010,X,20.75,21.50,20.00,20.00,21.00,562,11471.00,16
BSE,XCHANGING,INE692G01013,B,65.95,65.99,63.03,65.09,63.15,6299,409466.00,187
BSE,XELPMOC,INE01P501012,B,85.00,87.45,85.00,86.75,85.65,709,61418.00,19
BSE,XPROINDIA,INE445C01015,B,1343.90,1375.00,1343.90,1352.35,1343.90,1347,1828886.00,226
BSE,XTGLOBAL,INE547B01028,B,28.30,29.36,27.11,29.36,27.89,6556,182932.00,55
BSE,YAANENT,INE969E01010,X,92.01,94.00,92.00,93.99,92.49,722,67842.00,8
BSE,YAASHVI,INE1T6L01010,M,88.50,104.00,88.00,97.01,87.55,168000,16442736.00,88
BSE,YAJUR,INE0CNJ01010,M,39.10,40.00,38.80,39.21,40.50,23200,911368.00,24
BSE,YAMNINV,INE457N01025,XT,0.65,0.65,0.64,0.65,0.64,380379,246220.00,362
BSE,YARNSYN,INE564C01013,X,15.65,16.47,15.36,15.83,15.97,6880,109335.00,37
BSE,YASHCHEM,INE571U01010,X,53.66,53.66,50.70,51.28,53.40,2201,112975.00,43
BSE,YASHHTEJ,INE1O6P01016,MT,52.00,52.50,50.45,52.50,52.90,14400,737052.00,12
BSE,YASHHV,INE00GK01023,M,861.00,870.50,830.00,836.60,835.25,136500,116506387.00,490
BSE,YASHINNO,INE823D01011,X,30.64,30.64,29.26,29.26,30.79,26410,773117.00,56
BSE,YASHMGM,INE216B01012,X,10.00,10.25,9.58,10.18,10.00,2108,21123.00,37
BSE,YASHO,INE616Z01012,B,2891.45,2891.45,2825.00,2850.60,2877.10,1413,4029912.00,237
BSE,YASHRAJC,INE095C01018,XT,4.61,4.61,4.59,4.59,4.70,105,481.00,7
BSE,YATHARTH,INE0JO301016,A,834.90,864.20,832.00,852.40,840.90,39156,33337281.00,1560
BSE,YATRA,INE0JR601024,B,112.45,114.85,112.45,112.85,113.00,75078,8532702.00,677
BSE,YESBANK,INE528G01035,A,25.54,25.55,24.91,24.95,25.40,8522234,214103452.00,36688
BSE,YOGI,INE290E01011,X,176.00,176.00,168.20,172.85,171.20,172,29743.00,24
BSE,YOGISUNG,INE429B01011,XT,7.94,8.26,7.94,7.94,8.10,6565,53742.00,11
BSE,YORKEXP,INE057Q01018,X,55.84,55.84,53.07,53.07,55.86,200,10891.00,5
BSE,YSL,INE868X01014,X,28489.00,28489.00,28489.00,28489.00,28498.90,2,56978.00,2
BSE,YUKEN,INE384C01016,B,709.90,731.00,709.90,715.45,692.00,1200,863436.00,246
BSE,YUNIKM,INE143K01019,X,7.00,7.40,6.30,7.00,7.00,10567,72252.00,24
BSE,YURANUS,INE156M01017,XT,113.05,113.05,113.05,113.05,119.00,70,7913.00,1
BSE,YUVRAAJHPL,INE139D01020,XT,7.91,8.57,7.91,8.19,8.26,35983,290751.00,111
BSE,ZAGGLE,INE07K301024,A,216.50,219.10,215.10,216.05,212.55,41001,8914750.00,620
BSE,ZAPPFRESH,INE0SUM01015,M,85.04,85.30,81.10,81.48,82.94,32400,2696664.00,27
BSE,ZBINTXPP,INE626H01019,XT,1784.00,1784.00,1700.00,1700.00,1700.00,3,5192.00,3
BSE,ZDHJERK,INE239F01015,X,20.01,22.00,20.00,21.95,21.00,809,16982.00,11
BSE,ZEAL,INE819S01025,XT,12.77,12.87,12.31,12.71,12.26,107329,1359417.00,218
BSE,ZEEL,INE256A01028,A,114.43,117.60,113.55,115.78,113.31,1929748,222726021.00,7536
BSE,ZEELEARN,INE565L01011,T,9.21,9.21,9.21,9.21,8.78,65924,607160.00,36
BSE,ZEEMEDIA,INE966H01019,B,8.43,8.75,8.43,8.66,8.56,119360,1030804.00,441
BSE,ZELIO,INE1B3501014,MT,572.20,572.20,572.20,572.20,561.00,21500,12302300.00,8
BSE,ZENIFIB,INE106C01013,X,51.00,53.00,51.00,52.30,51.11,327,16948.00,12
BSE,ZENITHHE,INE812B01026,X,3.14,3.23,3.14,3.16,3.17,5778,18318.00,67
BSE,ZENITHSTL,INE318D01020,B,5.63,6.18,5.63,5.83,5.89,12243,71581.00,67
BSE,ZENLABS,INE546F01013,XT,34.50,35.49,34.50,35.45,34.50,76,2694.00,7
BSE,ZENOTECH,INE486F01012,X,45.24,45.29,43.40,44.47,44.35,10178,450870.00,108
BSE,ZENSARTECH,INE520A01027,A,456.55,457.45,447.00,450.35,447.90,87794,39581417.00,2298
BSE,ZENTEC,INE251B01027,A,2023.40,2023.40,1944.15,1962.55,1995.80,58087,114379001.00,4222
BSE,ZFCVINDIA,INE342J01019,A,16179.40,16179.40,15556.35,15588.45,15764.05,1846,29066876.00,841
BSE,ZFSTEERING,INE116C01012,B,701.05,713.95,698.05,703.95,694.60,226,158366.00,37
BSE,ZIMLAB,INE518E01015,T,120.00,125.40,117.45,125.40,119.45,13593,1674846.00,136
BSE,ZINEMA,INE641Q01019,MT,18.18,18.18,18.18,18.18,18.31,12000,218160.00,3
BSE,ZMILGFIN,INE679T01013,X,46.16,47.98,45.75,47.29,47.80,49485,2328433.00,119
BSE,ZMULTIPU,INE017P01014,XT,11.85,11.85,11.85,11.85,11.89,5,59.00,1
BSE,ZODIAC,INE761Y01019,T,275.70,286.00,275.70,282.60,279.15,641,181326.00,28
BSE,ZODIACLOTH,INE206B01013,B,79.60,79.80,76.70,78.54,81.03,2909,226716.00,200
BSE,ZODIACVEN,INE945J01027,XT,1.75,1.76,1.65,1.69,1.73,134780,228939.00,190
BSE,ZODJRDMKJ,INE077B01018,X,34.00,38.29,34.00,34.84,34.63,23376,825694.00,181
BSE,ZR2,INE218N01021,XT,118.00,118.00,118.00,118.00,118.00,115,13570.00,3
BSE,ZSVARAJT,INE406N01014,X,8.06,8.06,8.03,8.04,7.90,1534,12331.00,8
BSE,ZUARI,INE840M01016,B,238.75,246.00,238.65,241.00,238.75,24474,5918302.00,576
BSE,ZUARIIND,INE217A01012,B,252.00,274.50,252.00,272.20,267.75,22627,6145031.00,515
BSE,ZWELCAST,INE380G01015,X,709.00,745.00,702.35,713.65,702.00,138,98305.00,24
BSE,ZYDUSLIFE,INE010B01027,A,1071.05,1087.35,1064.55,1084.35,1070.90,57524,61707797.00,3306
BSE,ZYDUSWELL,INE768C01028,A,515.00,541.05,507.95,537.00,512.20,54491,28790935.00,2243
