exchange,symbol,isin,series,open,high,low,close,prev_close,volume,value,trades
BSE,1STCUS,INE609B01018,X,60.65,63.00,58.01,61.41,64.00,1369,82284.00,45
BSE,20MICRONS,INE144J01027,B,194.05,194.05,188.00,189.20,191.60,5823,1110414.00,159
BSE,360ONE,INE466L01038,A,1189.95,1192.50,1150.00,1166.10,1186.00,33038,38821852.00,3038
BSE,3BBLACKBIO,INE994E01018,B,1208.15,1218.10,1200.90,1208.85,1204.00,424,512732.00,66
BSE,3BFILMS,INE0TE101010,MT,15.49,15.49,14.90,14.90,15.68,69000,1035150.00,20
BSE,3CIT,INE0R7D01018,M,15.25,15.25,15.25,15.25,15.85,2000,30500.00,1
BSE,3IINFOLTD,INE748C01038,B,25.40,25.92,25.20,25.70,25.50,110164,2820402.00,456
BSE,3MINDIA,INE470A01017,A,35926.00,36269.45,35883.60,35994.75,36095.15,160,5764012.00,95
BSE,3PLAND,INE105C01023,B,32.10,32.10,32.10,32.10,31.43,1,32.00,1
BSE,4THGEN,INE739B01039,XT,5.55,5.55,5.10,5.55,5.29,138,738.00,5
BSE,5PAISA,INE618L01018,B,367.90,371.25,366.45,367.25,366.05,1354,499194.00,74
BSE,63MOONS,INE111B01023,A,859.65,891.15,848.05,857.10,857.40,31455,27411601.00,880
BSE,7NR,INE413X01035,XT,6.38,6.38,6.38,6.38,6.26,80932,516346.00,34
BSE,7SEASL,INE454F01010,X,78.77,79.00,75.56,77.33,77.01,3326,258131.00,53
BSE,7TEC,INE856B01023,X,32.43,32.43,31.50,31.65,31.91,8569,272234.00,150
BSE,A1L,INE911Z01025,B,4.70,4.93,4.56,4.93,4.70,4369229,21330244.00,2426
BSE,A2ZINFRA,INE619I01012,B,16.37,17.39,16.37,17.08,16.79,54060,923004.00,115
BSE,AAATECH,INE0D0U01013,B,92.89,94.54,92.00,92.25,93.83,1215,112850.00,47
BSE,AADHARHFC,INE883F01010,A,514.05,522.00,504.25,507.15,513.15,7665,3900590.00,276
BSE,AADIIND,INE563D01013,X,8.40,8.80,8.40,8.80,8.40,575,5030.00,8
BSE,AAIL,INE864E01021,X,120.00,123.00,113.00,117.95,118.40,3801,438214.00,68
BSE,AANCHALISP,INE322R01022,XT,71.75,71.75,67.15,70.21,69.11,2129,149287.00,51
BSE,AAREYDRUGS,INE198H01019,T,82.00,83.99,81.00,81.01,85.00,641,52054.00,9
BSE,AARNAV,INE750R01016,B,30.57,31.89,30.46,30.50,30.89,6430,198213.00,91
BSE,AARTECH,INE01C001026,T,45.55,46.62,45.55,46.62,46.99,1058,48834.00,11
BSE,AARTIDRUGS,INE767A01016,B,410.95,417.95,408.95,416.35,410.95,4334,1797911.00,309
BSE,AARTIIND,INE769A01020,A,504.45,510.00,496.70,501.85,500.10,55508,28039414.00,1359
BSE,AARTIPHARM,INE0LRU01027,A,696.95,706.00,683.00,684.55,689.60,8850,6131802.00,581
BSE,AARTISURF,INE09EO01013,B,545.25,548.20,529.50,533.30,550.45,2273,1215911.00,160
BSE,AARVI,INE754X01016,B,161.00,161.00,152.20,152.65,161.30,2612,401467.00,79
BSE,AASHKA,INE0EAX01014,M,66.00,72.00,66.00,72.00,70.50,6000,415100.00,6
BSE,AASTAFIN,INE819K01014,X,34.88,34.88,33.63,34.38,34.89,1460,49930.00,15
BSE,AASTHA,INE2FMX01012,B,76.95,82.84,74.61,74.62,82.90,1414051,106429865.00,4628
BSE,AAVAS,INE216P01012,A,1385.80,1395.00,1355.60,1370.00,1377.70,7327,10059824.00,693
BSE,AAYUSH,INE430R01023,X,23.90,23.90,23.00,23.15,23.52,49679,1155611.00,391
BSE,AAYUSHBULL,INE777X01017,M,1224.10,1250.00,1224.00,1229.50,1228.40,80375,98726556.00,408
BSE,ABAN,INE421A01028,T,19.78,20.03,19.40,19.79,19.08,49212,980562.00,265
BSE,ABANSENT,INE365O01028,T,26.50,26.50,25.48,26.35,26.51,1040,27036.00,17
BSE,ABATEAS,INE454E01013,X,9.64,9.64,9.33,9.61,9.64,7430,70961.00,40
BSE,ABB,INE117A01022,A,7699.70,7699.70,7581.00,7600.00,7722.00,26375,200488388.00,1476
BSE,ABBOTINDIA,INE358A01014,A,27755.45,27939.70,27600.05,27780.40,27885.85,382,10606164.00,196
BSE,ABCAPITAL,INE674K01013,A,422.80,422.80,404.60,414.50,425.00,231457,94856190.00,5330
BSE,ABCINDQ,INE125D01011,X,67.48,67.60,62.76,64.54,67.15,944,60495.00,30
BSE,ABCOTS,INE08PH01015,B,202.70,202.70,198.90,201.65,200.30,249,49817.00,29
BSE,ABDL,INE552Z01027,A,607.15,617.00,585.00,598.00,605.00,44318,26526181.00,1550
BSE,ABFRL,INE647O01011,A,63.92,63.92,62.30,63.31,63.21,509504,32135018.00,5115
BSE,ABHICAP,INE516F01016,X,102.30,108.20,102.30,108.15,108.45,35,3780.00,4
BSE,ABHIFIN,INE723C01015,XT,55.43,55.43,50.48,55.43,53.13,245,12555.00,9
BSE,ABINFRA,INE00YB01025,B,9.99,10.18,9.94,10.02,9.85,15802,158015.00,33
BSE,ABIRAFN,INE195I01013,Z,33.00,33.55,31.88,31.88,33.55,508,16265.00,12
BSE,ABLBL,INE14LE01019,A,94.61,94.91,93.65,93.80,94.69,40589,3822097.00,499
BSE,ABMKNO,INE850B01026,B,191.00,191.00,186.00,186.00,190.00,77,14494.00,15
BSE,ABREL,INE055A01016,A,1407.05,1409.95,1378.00,1382.00,1390.25,4657,6482697.00,506
BSE,ABRFL,INE0ZDY01011,M,39.90,39.90,39.90,39.90,41.99,4800,191520.00,4
BSE,ABSLAMC,INE404A01024,A,1024.30,1032.00,1006.00,1025.40,1024.05,5168,5258249.00,435
BSE,ABVL,INE485K01022,X,5.15,5.24,5.15,5.19,5.18,69648,360997.00,192
BSE,ACC,INE012A01025,A,1365.25,1373.00,1360.05,1363.70,1378.75,11710,16005751.00,1165
BSE,ACCEDERE,INE578B01015,XT,67.67,67.67,67.67,67.67,71.23,613,41481.00,3
BSE,ACCEL,INE258C01038,X,12.56,12.74,12.41,12.74,12.56,1338,16874.00,25
BSE,ACCELYA,INE793A01012,B,1149.80,1152.00,1138.50,1144.25,1140.50,565,647707.00,76
BSE,ACCORDTS,INE132201018,M,64.05,64.41,62.03,62.60,65.27,156000,9820080.00,50
BSE,ACCURACY,INE648Z01023,T,4.56,4.88,4.56,4.72,4.66,4800,23254.00,15
BSE,ACE,INE731H01025,A,1113.70,1119.90,1080.00,1095.25,1113.10,39209,43293046.00,1232
BSE,ACEALPHA,INE0S9X01011,M,137.00,137.00,137.00,137.00,139.00,1000,137000.00,1
BSE,ACEMEN,INE023R01018,X,111.00,111.00,106.75,108.70,110.25,46660,5085729.00,66
BSE,ACESOFT,INE849B01010,X,164.45,168.00,161.30,167.25,164.60,57616,9512161.00,263
BSE,ACFSL,INE218P01018,MT,81.99,82.09,81.50,82.09,78.19,9600,785700.00,8
BSE,ACGL,INE451C01013,B,1860.00,1882.40,1725.05,1830.20,1891.90,9805,17679239.00,1022
BSE,ACHYUT,INE0K1401020,T,7.00,7.13,6.55,7.10,6.82,89751,620887.00,380
BSE,ACI,INE128X01021,A,514.05,518.00,505.40,506.60,517.75,18271,9323537.00,1013
BSE,ACIIN,INE167B01025,X,1.69,1.69,1.53,1.69,1.61,527242,883250.00,251
BSE,ACKNIT,INE326C01017,X,312.85,320.00,304.00,309.15,313.70,464,143631.00,12
BSE,ACL,INE666E01020,B,47.01,48.38,47.01,48.23,47.58,973,46446.00,18
BSE,ACLD,INE0T3401029,M,147.00,147.00,143.80,144.15,146.35,10200,1482270.00,17
BSE,ACME,INE636B01011,Z,29.00,30.43,29.00,29.25,29.00,1732,50248.00,24
BSE,ACMESOLAR,INE622W01025,A,370.65,380.80,362.80,368.05,375.40,105631,39116233.00,1588
BSE,ACML,INE427V01013,M,31.15,31.15,31.15,31.15,32.00,3000,93450.00,1
BSE,ACSTECH,INE366C01021,B,46.30,48.00,44.25,46.19,46.33,49598,2232756.00,468
BSE,ACTIVE,INE380Z01015,B,114.10,116.25,114.10,115.85,114.10,2692,308260.00,19
BSE,ACUTAAS,INE00FF01025,A,3236.70,3325.50,3236.70,3296.75,3259.95,8011,26375887.00,862
BSE,ADANIENSOL,INE931S01010,A,1624.80,1646.40,1606.25,1628.00,1609.00,34243,55744984.00,2047
BSE,ADANIENT,INE423A01024,A,3011.95,3039.00,3005.00,3007.00,3043.15,118025,356780765.00,3893
BSE,ADANIGREEN,INE364U01010,A,1372.00,1389.50,1366.00,1370.00,1373.50,69189,95222862.00,3888
BSE,ADANIPORTS,INE742F01042,A,1691.00,1702.00,1678.00,1686.00,1695.00,71972,121411287.00,4086
BSE,ADANIPOWER,INE814H01029,A,208.45,212.05,208.25,208.25,208.70,1388547,291921346.00,10233
BSE,ADARSHPL,INE627D01016,X,30.07,32.98,29.00,32.98,29.99,39169,1284388.00,69
BSE,ADCINDIA,INE833A01016,XT,2129.00,2215.10,2004.20,2147.95,2109.65,3818,8076354.00,259
BSE,ADCON,INE805Q01028,XT,0.52,0.52,0.50,0.51,0.51,128063,65583.00,117
BSE,ADCOUNTY,INE0W1601012,M,90.75,90.75,88.00,88.63,88.00,26400,2363424.00,28
BSE,ADDIND,INE757C01021,X,75.20,90.00,75.20,83.87,83.75,417,34483.00,32
BSE,ADFFOODS,INE982B01027,B,258.30,264.10,258.30,259.45,261.85,4056,1056649.00,273
BSE,ADHBHUTIN,INE578L01014,X,15.71,15.71,14.80,14.80,15.40,215,3263.00,5
BSE,ADINATH,INE207C01019,XT,21.50,21.50,20.45,20.45,21.50,293,6108.00,10
BSE,ADISHAKTI,INE0CWK01019,M,7.05,7.39,6.40,7.10,7.04,250000,1725700.00,22
BSE,ADITYA,INE570B01012,X,8.90,8.90,8.83,8.83,8.80,242,2152.00,9
BSE,ADITYASP,INE122D01026,X,16.05,16.90,15.97,16.76,16.08,22126,364472.00,60
BSE,ADL,INE0CHO01012,B,69.21,75.00,69.21,75.00,70.62,6,423.00,3
BSE,ADMACH,INE0XLO01010,MT,380.00,380.05,380.00,380.05,382.00,1200,456030.00,2
BSE,ADMANUM,INE556D01017,X,54.40,56.46,54.39,56.46,54.34,160,8905.00,4
BSE,ADON,INE1SME01017,M,84.50,87.90,84.10,86.99,85.64,892000,77496360.00,148
BSE,ADOR,INE045A01017,B,1463.20,1500.00,1463.20,1483.55,1479.90,1799,2672554.00,220
BSE,ADROITINFO,INE737B01033,B,10.01,10.03,9.76,9.93,10.05,2877,28584.00,34
BSE,ADSL,INE102I01027,B,115.80,116.00,114.00,114.30,117.20,14650,1677140.00,637
BSE,ADTECH,INE257C01014,X,54.00,54.89,53.10,53.30,53.76,1028,55320.00,28
BSE,ADVAIT,INE0ALI01010,B,2332.75,2444.20,2144.20,2194.45,2313.30,42781,98567950.00,5320
BSE,ADVANCE,INE1B0W01010,B,130.45,131.60,126.15,127.15,129.60,37329,4807377.00,473
BSE,ADVANCETL,INE13ZJ01010,MT,72.75,72.75,72.75,72.75,76.57,18000,1309500.00,15
BSE,ADVANIHOTR,INE199C01026,B,50.05,50.99,50.01,50.18,50.89,14379,721083.00,150
BSE,ADVENTHTL,INE28GN01010,B,148.45,149.00,144.35,148.05,146.35,6572,969548.00,127
BSE,ADVENZYMES,INE837H01020,B,331.60,331.60,321.95,324.40,330.60,11138,3628495.00,514
BSE,ADVIKCA,INE178T01024,X,1.25,1.26,1.24,1.25,1.26,140514,175555.00,268
BSE,ADVPETR-B,INE334N01018,XT,156.00,156.00,156.00,156.00,156.00,100,15600.00,3
BSE,AEGISLOG,INE208C01025,A,1429.55,1469.95,1352.30,1373.65,1398.20,115492,162026795.00,4584
BSE,AEGISVOPAK,INE0INX01018,A,291.95,292.95,282.40,285.25,286.90,41310,11903203.00,917
BSE,AEIM,INE072B01027,X,89.50,97.57,89.50,97.57,88.70,148181,14209301.00,759
BSE,AEL,INE829P01020,X,116.70,116.70,109.10,112.10,112.45,5970,667356.00,96
BSE,AEONXDIGI,INE994D01010,X,121.00,121.00,112.15,114.00,118.45,2288,267166.00,49
BSE,AEPL,INE757T01025,B,14.34,17.22,14.07,17.18,14.35,99786,1685282.00,519
BSE,AEQUS,INE947N01017,B,240.60,251.95,240.00,248.50,239.00,297481,73506164.00,4059
BSE,AEROENTER,INE065D01027,B,131.90,131.90,125.85,126.35,130.30,15223,1945049.00,260
BSE,AEROFLEX,INE024001021,B,430.75,443.70,423.60,426.35,439.05,96503,41541552.00,3582
BSE,AERONEU,INE035801013,B,84.78,86.60,84.78,84.94,84.78,337,29045.00,111
BSE,AEROPLANE,INE05TO01019,B,198.00,199.15,187.75,194.40,197.60,36918,7222560.00,774
BSE,AERPACE,INE175N01023,XT,32.96,32.96,31.82,31.82,33.49,639386,20456610.00,665
BSE,AETHER,INE0BWX01014,A,1573.25,1613.10,1573.00,1590.60,1586.10,16601,26549587.00,1082
BSE,AFCOM,INE0OXY01013,M,1480.00,1487.40,1413.20,1428.30,1474.40,55440,79818942.00,317
BSE,AFCONS,INE101I01011,A,280.00,286.00,265.40,273.20,278.80,118454,32879045.00,2197
BSE,AFEL,INE663P01015,Z,1.62,1.69,1.56,1.63,1.62,27047,44204.00,50
BSE,AFFLE,INE00WC01027,A,1694.60,1720.30,1601.00,1643.25,1688.95,30066,50572152.00,1784
BSE,AFFORDABLE,INE692Z01013,T,196.55,200.10,193.50,196.85,190.60,7128,1410202.00,100
BSE,AFIL,INE916Y01027,B,9.05,9.31,8.91,9.13,9.05,59452,542384.00,183
BSE,AFLTD,INE18HI01019,M,58.95,59.95,58.95,59.95,58.95,6000,356700.00,2
BSE,AFSL,INE00ZE01026,B,201.30,202.00,201.30,201.30,201.50,213,42888.00,16
BSE,AGARIND,INE204E01012,B,521.65,521.65,511.60,513.75,524.40,1797,926535.00,79
BSE,AGARWALEYE,INE943P01029,A,527.00,549.10,526.95,546.40,531.75,8727,4739051.00,666
BSE,AGI,INE415A01038,B,709.45,725.00,705.75,711.45,710.25,1859,1316289.00,149
BSE,AGIIL,INE976R01033,B,301.80,307.80,301.80,302.40,304.65,9929,3033406.00,372
BSE,AGIOPAPER,INE112C01011,X,3.60,3.60,3.37,3.37,3.53,112,377.00,5
BSE,AGL,INE1YPB01014,B,14.49,14.60,13.60,13.82,14.44,353946,5007985.00,919
BSE,AGOL,INE05FR01029,B,4.02,4.02,3.93,3.96,3.99,161583,641245.00,496
BSE,AGRIBIO,INE679E01015,X,316.90,320.00,315.00,315.15,315.05,14237,4517463.00,74
BSE,AGRITECH,INE449G01018,T,111.00,114.45,106.40,110.00,111.50,78,8522.00,7
BSE,AGSTRA,INE583L01014,Z,2.04,2.15,1.99,2.02,2.05,72014,145973.00,136
BSE,AGVENTURES,INE321D01016,X,118.75,138.70,116.50,136.10,118.75,80178,10563969.00,596
BSE,AHASOLAR,INE0NEV01011,M,80.00,80.00,80.00,80.00,80.99,400,32000.00,1
BSE,AHCL,INE0Y8W01025,B,14.18,14.78,13.98,14.53,14.23,227970,3250193.00,693
BSE,AHLEAST,INE926K01017,B,146.00,149.90,146.00,149.90,149.95,6,886.00,3
BSE,AHLUCONT,INE758C01029,A,825.05,830.00,819.40,824.05,831.50,2235,1840836.00,244
BSE,AHLWEST,INE915K01010,T,492.00,492.00,492.00,492.00,509.90,400,196800.00,1
BSE,AHMDSTE,INE868C01018,X,171.30,171.30,160.00,166.35,162.70,3058,501214.00,72
BSE,AIAENG,INE212H01026,A,4851.25,4851.25,4734.70,4747.60,4795.25,2094,10040683.00,301
BSE,AICHAMP,INE768E01024,XT,39.70,39.70,36.50,38.04,38.08,1246,48015.00,15
BSE,AIHL,INE342U01016,X,34.10,36.45,33.62,36.45,35.38,8025,272642.00,8
BSE,AIIL,INE206F01022,A,596.25,605.00,589.00,596.30,596.25,280217,167477751.00,2809
BSE,AIKPIPES,INE0QFT01015,M,31.88,31.88,31.00,31.85,31.02,3200,100592.00,4
BSE,AIMCOPEST,INE008B01013,X,50.00,50.00,47.11,47.41,49.79,5876,282100.00,94
BSE,AIML,INE123D01024,XT,2.76,2.76,2.69,2.69,2.71,197625,539878.00,151
BSE,AIRAN,INE645W01026,B,14.87,15.30,14.87,15.14,15.13,6695,100642.00,42
BSE,AIRFLOA,INE0XBS01012,M,305.00,316.50,305.00,315.50,306.25,42000,13106725.00,70
BSE,AJANTPHARM,INE031B01049,A,3480.75,3498.00,3435.00,3488.00,3472.00,5434,18905680.00,692
BSE,AJANTSOY,INE601B01023,X,22.80,22.80,21.62,21.92,22.30,55479,1231914.00,203
BSE,AJAXENGG,INE274Y01021,B,562.30,570.00,555.20,565.00,568.20,4661,2609094.00,576
BSE,AJCJEWEL,INE0XRR01010,M,120.00,123.15,120.00,122.05,114.55,3600,439380.00,3
BSE,AJCON,INE759C01027,X,6.00,6.45,5.76,6.20,6.01,23221,146608.00,30
BSE,AJMERA,INE298G01035,B,123.50,125.05,122.80,123.90,123.50,31116,3847819.00,435
BSE,AJWAFUN,INE863E01015,P,40.47,40.47,40.45,40.45,42.56,300,12138.00,3
BSE,AKCAPIT,INE701G01012,B,1702.40,1725.00,1702.40,1721.00,1702.40,1084,1866564.00,261
BSE,AKI,INE642Z01026,B,4.26,4.54,4.26,4.50,4.55,13100,58549.00,68
BSE,AKSHAR,INE256Z01025,B,0.44,0.44,0.40,0.41,0.44,660222,276823.00,130
BSE,AKSHARCHEM,INE542B01011,T,275.05,287.90,268.20,278.05,274.20,310,85272.00,11
BSE,AKSHOPTFBR,INE523B01011,T,6.65,6.93,6.50,6.75,6.60,115272,790019.00,251
BSE,AKUMS,INE09XN01023,B,684.95,702.25,667.50,696.50,662.45,24377,16910040.00,1356
BSE,ALANKIT,INE914E01040,B,8.10,8.19,7.97,8.08,8.09,17359,140702.00,184
BSE,ALANSCOTT,INE273F01022,XT,354.00,369.70,346.15,359.35,354.00,11958,4404291.00,41
BSE,ALBERTDAVD,INE155C01010,B,860.00,868.60,787.00,816.70,723.85,26711,22395226.00,1783
BSE,ALEMBICLTD,INE426A01027,B,87.45,87.45,84.50,84.77,86.74,25621,2190783.00,555
BSE,ALEXANDER,INE191N01012,X,7.59,7.59,7.13,7.18,7.30,10637,75870.00,22
BSE,ALFAICA,INE042C01010,X,79.40,79.40,79.40,79.40,79.40,10,794.00,1
BSE,ALFATRAN,INE209C01015,X,42.57,44.80,41.05,44.50,42.22,44668,1969311.00,192
BSE,ALFAVIO,INE883B01027,X,13.40,13.74,12.48,12.50,13.13,71397,902055.00,95
BSE,ALFL,INE211D01027,X,1.10,1.10,1.09,1.09,1.10,793,867.00,8
BSE,ALFREDHE,INE782D01027,X,3240.05,3240.10,3012.00,3068.90,3163.15,479,1497407.00,66
BSE,ALGOQUANT,INE598D01035,B,66.37,69.10,65.10,67.09,66.70,329921,22010523.00,1200
BSE,ALICON,INE062D01024,B,744.10,751.00,710.00,744.95,739.80,94993,67679319.00,489
BSE,ALIVUS,INE03Q201024,A,1329.00,1343.20,1308.20,1328.30,1321.40,4772,6342027.00,404
BSE,ALKALI,INE773I01017,T,67.00,69.73,65.32,69.73,67.25,250,16939.00,5
BSE,ALKEM,INE540L01014,A,5601.00,5646.80,5519.95,5630.55,5608.45,2854,15986898.00,423
BSE,ALKYLAMINE,INE150B01039,A,1921.95,1931.00,1887.35,1896.45,1922.30,5198,9894376.00,546
BSE,ALLCARGO,INE418H01029,B,10.00,10.01,8.80,9.29,9.78,4234353,39454752.00,4661
BSE,ALLDIGI,INE835G01018,B,805.00,814.30,805.00,812.00,808.20,111,89824.00,16
BSE,ALLTIME,INE0GV601021,B,218.55,222.85,214.00,219.20,217.80,2151,470597.00,136
BSE,ALMONDZ,INE326B01035,B,14.50,15.15,14.15,14.68,14.33,13624,200540.00,52
BSE,ALOKINDS,INE270A01029,A,11.98,12.06,11.94,11.97,11.98,189021,2269992.00,665
BSE,ALPA,INE385I01010,B,67.65,68.86,67.65,67.76,69.78,16619,1141200.00,73
BSE,ALPHAGEO,INE137C01018,B,235.20,237.90,228.15,231.90,235.15,647,149152.00,34
BSE,ALPHALOGIC,INE08E401029,B,40.00,40.50,39.00,40.28,39.86,5707,227590.00,52
BSE,ALPINEHOU,INE840D01015,XT,141.90,142.00,136.70,141.50,141.90,2363,333012.00,34
BSE,ALPINETEX,INE1JCQ01037,B,65.12,66.00,63.00,63.21,66.25,75662,4861551.00,1182
BSE,ALSL,INE030P01017,B,65.51,66.25,63.02,63.39,65.04,10169,647004.00,116
BSE,ALTIUSINVIT,INE0BWS23018,IF,171.50,171.50,171.50,171.50,171.01,50000,8575000.00,2
BSE,ALUFLUOR,INE058F01019,X,432.10,444.00,432.10,440.30,436.65,9318,4081691.00,159
BSE,AMAGI,INE121R01077,B,650.30,676.00,643.95,647.20,649.40,25341,16731272.00,1880
BSE,AMAL,INE841D01013,X,748.00,769.45,742.10,747.55,753.25,5549,4194432.00,311
BSE,AMANTA,INE084K01015,T,166.35,166.45,166.35,166.35,169.70,30,4993.00,6
BSE,AMARJOTHI,INE484D01012,X,162.05,169.75,162.00,162.25,167.05,2536,417155.00,66
BSE,AMARSEC,INE745P01010,X,16.15,16.50,16.03,16.50,16.03,18845,306345.00,22
BSE,AMBALALSA,INE432A01017,B,44.33,47.39,44.30,46.63,43.93,161643,7499304.00,962
BSE,AMBARPIL,INE072V01017,X,218.90,218.90,205.00,216.10,217.35,862,182257.00,26
BSE,AMBER,INE371P01015,A,7391.20,7551.00,7330.00,7415.00,7444.85,9333,69383066.00,1591
BSE,AMBICAAGAR,INE792B01012,B,24.84,24.85,24.75,24.75,25.35,4802,118901.00,42
BSE,AMBIKCO,INE540G01014,B,1814.85,1928.50,1814.85,1902.20,1829.40,3536,6678647.00,561
BSE,AMBIT,INE267C01013,X,10.79,10.79,10.79,10.79,10.80,2,21.00,2
BSE,AMBUJACEM,INE079A01024,A,438.45,438.60,431.80,434.00,436.50,91639,39742200.00,2401
BSE,AMCOIND,INE924B01011,X,69.00,69.90,67.15,68.97,69.00,397,27493.00,18
BSE,AMDIND,INE005I01014,B,46.38,47.22,43.40,47.22,46.38,1002,44098.00,8
BSE,AMEENJI,INE14QA01016,M,140.00,140.00,140.00,140.00,138.65,14400,2016000.00,7
BSE,AMERISE,INE673C01020,X,0.90,0.91,0.90,0.90,0.90,276510,249976.00,47
BSE,AMFORG,INE991A01020,X,5.72,5.88,5.25,5.56,5.59,1872,10328.00,24
BSE,AMIC,INE0P9J01013,M,1881.00,1948.00,1881.00,1939.25,1891.25,105700,203139165.00,641
BSE,AMINTAN,INE572Z01017,XT,1.50,1.50,1.41,1.49,1.48,50680,74726.00,68
BSE,AMITSEC,INE137E01014,X,44.93,46.25,41.85,41.85,44.05,27,1225.00,5
BSE,AMJLAND,INE606A01024,B,38.41,39.40,38.16,39.00,38.80,1355,52734.00,21
BSE,AMNPLST,INE275D01022,B,193.25,195.30,193.25,193.50,194.35,1205,233102.00,31
BSE,AMPL,INE727C01024,X,32.40,32.40,30.81,31.77,31.67,13882,440158.00,70
BSE,AMPVOLTS,INE989J01017,X,26.00,27.00,26.00,26.16,26.47,5701,151314.00,44
BSE,AMRAAGRI,INE735C01027,X,0.58,0.58,0.52,0.53,0.52,115757,60886.00,59
BSE,AMRAFIN,INE990S01016,MT,37.45,37.50,36.04,37.50,36.77,9600,356316.00,7
BSE,AMRAPLIN,INE762C01021,XT,35.00,36.79,34.56,35.77,36.19,15364,548226.00,101
BSE,AMRUTANJAN,INE098F01031,B,521.00,525.30,516.00,522.95,519.90,2302,1205443.00,142
BSE,AMS,INE345U01019,XT,72.00,74.55,72.00,74.50,71.00,706,52461.00,9
BSE,AMTL,INE436N01029,X,18.76,19.00,18.24,18.48,18.77,1514,28309.00,16
BSE,AMWILL,INE0U2L01017,M,42.00,42.03,41.50,41.50,42.03,3600,150636.00,3
BSE,ANANDPROJ,INE134R01013,XT,31.21,31.21,31.21,31.21,29.73,10,312.00,1
BSE,ANANDRATHI,INE463V01026,A,2085.00,2106.00,2060.30,2099.65,2069.40,7748,16148761.00,506
BSE,ANANTAM,INE1UA823019,IF,105.15,105.65,105.10,105.24,104.80,477,50184.00,23
BSE,ANANTRAJ,INE242C01024,A,617.40,627.10,613.00,616.00,616.20,65494,40775264.00,1854
BSE,ANDHRAPAP,INE435A01051,B,60.76,60.99,59.74,59.79,60.75,51650,3092082.00,228
BSE,ANDHRAPET,INE714B01016,X,46.50,46.55,45.61,45.77,46.09,37667,1726120.00,327
BSE,ANDHRSUGAR,INE715B01021,B,87.44,89.81,86.56,88.11,86.94,69672,6132839.00,591
BSE,ANDREWYU,INE449C01025,B,27.20,28.00,27.05,27.69,27.66,129899,3559930.00,435
BSE,ANG,INE236W01016,T,32.00,33.00,32.00,32.65,32.17,2689,87634.00,17
BSE,ANGELONE,INE732I01021,A,296.35,298.55,289.20,292.20,297.20,322338,94248969.00,5735
BSE,ANIKINDS,INE087B01017,B,40.25,44.09,40.25,42.78,43.00,192,8248.00,7
BSE,ANIRIT,INE161F01011,XT,44.40,44.40,44.00,44.00,44.40,1440,63760.00,4
BSE,ANJANI,INE364D01032,X,25.42,25.42,24.55,25.22,25.05,9006,223261.00,20
BSE,ANJANIFIN,INE283D01018,X,9.20,9.20,8.54,8.54,9.48,9654,83931.00,24
BSE,ANJANIFOODS,INE096I01021,XT,19.44,19.52,18.52,19.46,19.44,2832,54148.00,33
BSE,ANKIN,INE067C01025,X,21.44,21.52,20.20,21.35,20.50,4165,87991.00,55
BSE,ANKITMETAL,INE106I01010,Z,1.53,1.60,1.53,1.60,1.53,9259,14654.00,18
BSE,ANL,INE1KVQ01019,MT,291.00,303.50,288.35,303.50,303.50,7000,2069150.00,7
BSE,ANMOL,INE02AR01019,B,10.24,10.40,9.96,10.38,10.09,6434,65407.00,50
BSE,ANNAINFRA,INE336D01014,X,24.31,24.50,24.31,24.31,26.50,4,97.00,3
BSE,ANSALAPI,INE436A01026,Z,3.53,3.60,3.53,3.55,3.53,17656,63338.00,19
BSE,ANSALBU,INE030C01015,X,72.11,73.00,70.21,71.31,72.27,1015,72243.00,17
BSE,ANSALHSG,INE880B01015,X,5.70,5.75,5.62,5.68,5.63,29259,166512.00,88
BSE,ANSINDUS,INE234J01018,X,11.97,11.97,11.97,11.97,11.40,1,11.00,1
BSE,ANTELOPUS,INE818A01017,B,863.40,874.40,795.35,800.40,859.15,9151,7595032.00,1200
BSE,ANTHEM,INE0CZ201020,A,829.70,844.60,825.00,840.80,825.45,26491,22156141.00,1283
BSE,ANUBHAV,INE1O7201010,M,51.50,51.50,51.50,51.50,51.50,1600,82400.00,1
BSE,ANUHPHR,INE489G01022,B,78.94,81.90,78.13,79.81,78.89,14368,1143447.00,217
BSE,ANUP,INE294Z01018,B,1950.45,1968.75,1880.40,1896.65,1993.95,9182,17712659.00,1255
BSE,ANUPAM,INE069B01023,X,1.94,1.94,1.91,1.93,1.94,49864,95671.00,109
BSE,ANURAS,INE930P01018,A,1207.40,1221.40,1207.40,1211.65,1213.25,6505,7891218.00,217
BSE,ANUROOP,INE490Z01012,B,11.40,11.89,11.20,11.34,11.69,5649,63726.00,16
BSE,ANVRDHI,INE075K01013,X,9.60,9.83,9.53,9.56,9.57,2616,25365.00,24
BSE,APARINDS,INE372A01015,A,16162.00,16696.95,16121.45,16597.65,16121.45,7700,126984320.00,1563
BSE,APCL,INE071F01012,B,105.70,105.70,101.00,103.90,105.70,2795,285224.00,38
BSE,APCOTEXIND,INE116A01032,B,620.60,623.00,611.00,614.25,620.15,12046,7404835.00,686
BSE,APEX,INE346W01013,B,373.85,377.70,371.35,377.15,374.50,1185,441874.00,120
BSE,APIS,INE070K01014,B,58.70,58.70,56.00,56.21,57.55,7865,445882.00,131
BSE,APL,INE0SJX01015,M,83.64,83.64,79.20,79.69,82.00,15000,1216910.00,15
BSE,APLAB,INE273A01015,XT,68.97,68.97,64.10,67.50,66.00,3570,238290.00,38
BSE,APLAPOLLO,INE702C01027,A,1948.00,1971.20,1942.05,1964.00,1951.00,34898,68353421.00,4063
BSE,APLLTD,INE901L01018,A,830.95,851.00,825.05,829.65,834.60,14012,11771805.00,899
BSE,APMIN,INE170D01025,X,52.99,55.90,51.50,53.00,51.09,32781,1768757.00,155
BSE,APOLLO,INE713T01028,A,404.80,408.50,402.00,403.95,403.35,227345,92119295.00,2819
BSE,APOLLOFI,INE412D01013,X,345.50,350.00,340.05,350.00,345.00,46,15835.00,13
BSE,APOLLOHOSP,INE437A01024,A,8951.35,9000.80,8916.55,8980.50,8812.90,10603,95117502.00,2864
BSE,APOLLOIN,INE314N01028,XT,140.30,140.30,140.30,140.30,143.15,4350,610305.00,44
BSE,APOLLOPIPE,INE126J01016,B,529.75,532.30,515.00,517.35,526.80,13380,6963141.00,381
BSE,APOLLOTYRE,INE438A01022,A,443.20,450.00,431.95,445.35,449.85,154181,67963238.00,3729
BSE,APPL,INE15XJ01010,MT,279.80,279.80,279.80,279.80,285.50,2800,783440.00,4
BSE,APTECHT,INE266F01018,T,97.08,97.90,95.55,96.26,97.08,9145,877795.00,108
BSE,APTPACK,INE046E01025,X,64.99,65.08,64.99,65.08,61.99,6023,391967.00,32
BSE,APTUS,INE852O01025,A,258.80,262.60,257.45,260.70,260.85,91944,23933413.00,1778
BSE,AQYLON,INE416A01051,B,28.01,28.70,26.60,26.96,28.00,598535,16308997.00,882
BSE,ARAVALIS,INE068C01015,X,4.00,4.00,3.99,3.99,3.90,921,3675.00,10
BSE,ARCFIN,INE202R01026,X,0.51,0.53,0.51,0.52,0.52,1214632,632695.00,772
BSE,ARCHIDPLY,INE877I01016,B,83.90,95.50,83.90,90.06,82.88,16860,1510259.00,211
BSE,ARCHIES,INE731A01020,B,14.39,14.39,14.01,14.02,14.39,2369,33337.00,24
BSE,ARCHITORG,INE078I01011,XT,60.65,61.00,58.00,60.12,60.95,14666,879227.00,54
BSE,ARCL,INE372M01010,X,226.15,229.00,226.15,227.05,226.15,760,173894.00,16
BSE,ARE&M,INE885A01032,A,929.80,944.90,927.85,932.15,926.25,43061,40263472.00,1525
BSE,ARENTERP,INE610C01014,B,37.83,39.09,37.83,37.83,39.00,289,11041.00,7
BSE,AREXMIS,INE480H01011,X,147.00,147.00,133.60,139.85,140.60,287,41311.00,13
BSE,ARFIN,INE784R01023,B,87.50,88.35,86.79,87.90,86.63,15183,1326611.00,235
BSE,ARIES,INE298I01015,B,342.10,344.20,336.95,341.70,342.10,609,208397.00,14
BSE,ARIGATO,INE021N01011,XT,51.50,54.41,51.50,54.41,51.82,225,12065.00,6
BSE,ARIHANT,INE413D01011,B,1101.85,1132.90,1099.55,1130.85,1129.30,40,44723.00,12
BSE,ARIHANTCAP,INE420B01036,B,77.54,77.62,75.00,75.60,76.72,5649,432310.00,223
BSE,ARIHANTSUP,INE643K01018,B,269.45,274.00,261.90,264.80,269.00,3583,975248.00,87
BSE,ARIS,INE0H9P01028,B,131.00,134.80,130.50,132.50,132.10,104476,13907838.00,1117
BSE,ARISE,INE190D01015,X,20.14,20.14,19.95,19.95,19.95,8,160.00,5
BSE,ARITAS,INE1D8001016,MT,13.90,13.90,12.98,13.60,13.65,15000,200370.00,5
BSE,ARKADE,INE0QRL01017,B,140.00,142.40,139.20,140.30,139.65,12716,1790254.00,117
BSE,ARL,INE02GA01012,B,43.43,43.43,40.80,42.70,41.89,20923,880549.00,209
BSE,ARMAN,INE510P01018,X,119.05,121.00,115.65,119.90,119.65,1313,156453.00,44
BSE,ARMANFIN,INE109C01017,B,2028.90,2085.00,2026.40,2030.50,2024.80,2146,4429108.00,229
BSE,ARNOLD,INE185K01036,X,13.90,13.90,12.85,13.74,13.68,3006,39462.00,34
BSE,AROGRANITE,INE210C01013,B,25.01,26.43,25.01,25.23,26.01,631,15900.00,30
BSE,ARROWGREEN,INE570D01018,T,767.05,790.00,735.50,785.30,752.40,10685,8354033.00,258
BSE,ARROWHEAD,INE0PP401015,M,71.00,71.00,71.00,71.00,70.00,600,42600.00,1
BSE,ARSHIYA,INE968D01022,Z,0.95,0.98,0.92,0.98,0.94,11907,11411.00,18
BSE,ARSSBL,INE549H01021,B,507.10,515.05,482.00,499.45,510.90,21641,10860416.00,1138
BSE,ARTEFACT,INE885B01014,X,53.01,54.50,52.20,53.00,53.01,5569,298397.00,25
BSE,ARTEMISMED,INE025R01021,B,311.85,321.75,311.85,317.25,311.80,29640,9409742.00,937
BSE,ARTSON,INE133D01023,XT,142.85,146.50,142.85,146.50,148.80,143,20749.00,7
BSE,ARUNAHTEL,INE957C01019,X,7.49,7.78,7.49,7.63,7.37,4125,31477.00,30
BSE,ARVAYA,INE491D01017,XT,119.05,119.05,119.05,119.05,121.45,8,952.00,3
BSE,ARVIND,INE034A01011,A,546.75,562.00,546.70,560.25,546.70,30423,16928289.00,1400
BSE,ARVINDFASN,INE955V01021,A,464.95,464.95,455.10,459.30,459.00,4931,2266904.00,265
BSE,ARVSMART,INE034S01021,B,599.15,693.75,590.15,649.20,600.90,383343,253236058.00,8174
BSE,ARYACAPM,INE229R01011,B,397.00,415.00,390.00,395.45,395.05,129,51012.00,10
BSE,ARYAMAN,INE032E01017,X,565.00,587.00,565.00,583.70,570.75,312,180083.00,20
BSE,ARYAN,INE016X01010,X,19.00,19.80,19.00,19.80,18.91,283,5377.00,4
BSE,ASAHIINDIA,INE439A01020,A,913.80,914.05,895.75,899.15,913.70,3107,2816658.00,219
BSE,ASAHISONG,INE228I01012,T,357.30,374.95,357.30,368.20,370.25,1024,379606.00,13
BSE,ASAL,INE900C01027,B,509.10,510.55,504.15,506.35,509.65,604,307264.00,74
BSE,ASALCBR,INE073G01016,B,772.00,773.05,724.00,733.45,766.00,3366,2501494.00,782
BSE,ASARFI,INE0DN001027,M,212.00,223.85,211.40,221.85,210.30,55000,11957400.00,54
BSE,ASGARD,INE767M01029,X,30.87,31.48,30.51,30.99,30.71,16765,520049.00,104
BSE,ASHAI,INE709D01012,XT,12.29,12.29,12.25,12.25,12.29,121,1486.00,3
BSE,ASHAPURMIN,INE348A01023,A,738.20,743.90,720.75,737.45,728.90,49841,36546435.00,1342
BSE,ASHCAP,INE894A01026,X,2.72,2.80,2.68,2.75,2.73,81819,225063.00,184
BSE,ASHIANA,INE365D01021,B,381.00,381.65,375.00,375.30,380.95,2736,1033760.00,134
BSE,ASHIKAG,INE094B01013,B,470.05,472.95,451.15,455.10,472.75,20577,9532014.00,667
BSE,ASHIMASYN,INE440A01010,B,17.80,18.80,17.68,18.15,18.19,4102,74280.00,55
BSE,ASHISHPO,INE831C01016,X,32.98,32.98,28.58,28.89,30.98,8897,260867.00,95
BSE,ASHNI,INE694W01024,XT,3.56,3.92,3.56,3.92,3.74,5592759,21407221.00,3050
BSE,ASHNOOR,INE372I01018,X,40.05,42.00,40.00,41.16,41.20,2733,112579.00,18
BSE,ASHOKA,INE442H01029,A,119.75,120.50,118.05,118.35,119.90,79500,9444876.00,1094
BSE,ASHOKAMET,INE760Y01011,B,14.30,14.50,14.16,14.45,14.05,855,12247.00,12
BSE,ASHOKLEY,INE208A01029,A,176.80,177.95,175.50,177.10,177.55,953993,168614942.00,8179
BSE,ASHSI,INE338C01012,X,21.60,22.98,21.02,22.06,22.94,2180,48811.00,25
BSE,ASHUTPM,INE723K01018,X,6.00,6.00,6.00,6.00,6.00,75,450.00,2
BSE,ASIACAP,INE131Q01011,XT,91.78,93.61,91.78,93.61,91.78,201,18813.00,4
BSE,ASIAN,INE04Z101016,X,34.70,34.70,32.27,33.02,33.79,781,25778.00,12
BSE,ASIANENE,INE276G01015,B,419.15,420.00,398.10,409.40,390.80,34416,14182885.00,1011
BSE,ASIANHOTNR,INE363A01022,B,316.00,319.60,309.10,312.30,316.50,25352,7938309.00,139
BSE,ASIANPAINT,INE021A01026,A,2755.00,2755.00,2696.20,2721.00,2749.00,21956,59680925.00,3012
BSE,ASIANTILES,INE022I01019,B,56.83,57.99,53.32,54.75,55.96,151054,8476843.00,660
BSE,ASIANTNE,INE822B01017,X,9.50,9.69,9.12,9.20,9.41,15907,146553.00,50
BSE,ASIAPAK,INE784M01016,X,55.00,55.00,53.00,55.00,55.00,514,27908.00,10
BSE,ASIIL,INE443A01030,X,26.89,26.89,25.21,25.66,26.12,30130,778120.00,153
BSE,ASINPET,INE810M01019,X,9.64,9.64,9.22,9.49,9.49,771,7235.00,19
BSE,ASITCFIN,INE041B01014,X,108.00,112.90,105.50,110.65,111.05,17807,1910329.00,45
BSE,ASKAUTOLTD,INE491J01022,B,660.00,674.50,632.05,635.10,678.55,69410,45259562.00,2698
BSE,ASMS,INE855F01042,T,7.21,7.33,7.14,7.25,7.27,11473,82642.00,80
BSE,ASMTEC,INE867C01010,B,5010.00,5010.00,4805.00,4833.20,4961.30,20026,97724169.00,2028
BSE,ASPIRA,INE500C01017,XT,106.90,106.90,106.90,106.90,109.05,414,44256.00,3
BSE,ASRL,INE01B501018,X,6.99,6.99,6.71,6.85,6.87,9892,67551.00,84
BSE,ASSOCIATED,INE0RIQ01013,M,100.50,100.50,100.50,100.50,103.50,1000,100500.00,1
BSE,ASTALLTD,INE307N01014,X,80.37,83.90,80.36,81.29,81.15,11084,912302.00,109
BSE,ASTAR,INE194D01017,B,587.00,587.00,580.00,580.00,578.20,320,186571.00,26
BSE,ASTEC,INE563J01010,B,620.70,625.50,615.95,621.70,619.80,852,528327.00,61
BSE,ASTERDM,INE914M01019,A,835.95,875.55,833.00,870.30,844.40,105756,90798724.00,5707
BSE,ASTRAL,INE006I01046,A,1453.95,1453.95,1436.00,1442.10,1440.00,4377,6309413.00,435
BSE,ASTRAMICRO,INE386C01029,A,1790.50,1849.95,1790.50,1839.90,1801.65,8778,16095073.00,854
BSE,ASTRAZEN,INE203A01020,A,8076.00,8208.75,8076.00,8188.15,8091.35,261,2131601.00,114
BSE,ASTRON,INE646X01014,T,3.79,3.84,3.70,3.70,3.79,4942,18876.00,24
BSE,ASTRONMULT,INE0RUY01012,MT,16.03,16.03,15.98,15.98,16.82,8000,127960.00,4
BSE,ATALREAL,INE0ALR01029,B,34.88,35.35,34.73,35.25,34.59,109541,3830603.00,296
BSE,ATAM,INE09KD01013,B,65.00,65.80,64.60,64.96,64.67,606,39333.00,67
BSE,ATENPAPERS,INE0XCV01014,MT,21.29,21.30,21.00,21.00,20.66,4800,101508.00,3
BSE,ATGL,INE399L01023,A,659.80,663.55,656.10,656.80,660.05,28747,18961167.00,1054
BSE,ATHARVA,INE226801012,M,77.30,80.00,76.00,77.54,79.71,102000,7977720.00,50
BSE,ATHARVENT,INE354E01031,X,3.89,4.01,3.89,4.00,3.89,2117,8458.00,9
BSE,ATHENAGLO,INE576B01019,XT,59.25,59.25,56.55,57.89,59.30,3245,188451.00,28
BSE,ATHERENERG,INE0LEZ01016,A,1451.60,1507.30,1449.60,1480.80,1451.40,330136,489537391.00,9384
BSE,ATIL,INE0X4A01013,M,125.95,130.00,120.00,120.00,123.50,19000,2436180.00,16
BSE,ATISHAY,INE011R01013,X,163.05,167.00,161.00,163.75,162.55,4822,785859.00,68
BSE,ATL,INE0NN701020,B,26.48,26.48,24.86,25.22,25.46,31957,815250.00,292
BSE,ATLANTAA,INE285H01022,B,41.89,41.89,39.52,40.47,40.24,4483,180572.00,602
BSE,ATLANTAELE,INE0Z4F01028,B,1620.60,1630.00,1590.30,1608.25,1591.65,2077,3335587.00,320
BSE,ATLASCYCLE,INE446A01025,B,113.99,113.99,98.00,99.84,98.00,18928,1918214.00,1597
BSE,ATUL,INE100A01010,A,6899.95,7005.00,6750.10,6768.40,6795.05,4969,34082324.00,1000
BSE,ATULAUTO,INE951D01028,B,583.45,592.00,567.00,576.55,579.45,16964,9808537.00,526
BSE,ATVOENT,INE219M01021,XT,33.14,33.15,32.51,32.51,32.50,21825,722886.00,47
BSE,ATVPR,INE447A01015,X,26.00,28.58,26.00,28.04,26.46,56269,1556327.00,357
BSE,AUBANK,INE949L01017,A,1084.60,1088.20,1067.00,1082.70,1093.60,62876,67817278.00,2545
BSE,AUREATE,INE1KVL01010,M,33.90,35.00,33.90,35.00,34.75,44000,1528080.00,19
BSE,AURIONPRO,INE132H01018,A,736.30,736.30,726.25,727.90,728.70,4017,2931943.00,221
BSE,AUROLAB,INE292C01011,X,231.80,237.80,231.80,234.75,232.05,990,232032.00,51
BSE,AUROPHARMA,INE406A01037,A,1588.00,1661.00,1579.30,1661.00,1589.50,120467,196967153.00,7571
BSE,AURUM,INE898S01029,B,222.50,228.10,222.50,223.95,223.70,9619,2161689.00,209
BSE,AURUS,INE142K01011,B,4.59,4.93,4.56,4.73,4.65,3662,17685.00,32
BSE,AUSOMENT,INE218C01016,T,138.00,142.15,138.00,142.15,143.00,97,13402.00,5
BSE,AUSTENG,INE759F01012,X,144.70,145.00,140.60,144.60,142.95,1608,231638.00,33
BSE,AUSTERE,INE104201012,M,44.15,44.15,44.15,44.15,44.13,2000,88300.00,1
BSE,AUTOAXLES,INE449A01011,B,1857.55,1886.00,1805.30,1832.45,1857.55,1302,2376575.00,170
BSE,AUTOIND,INE718H01014,T,96.00,97.50,93.00,93.64,94.29,6285,591741.00,104
BSE,AUTOINT,INE340U01010,X,337.00,337.00,319.20,319.20,335.95,1693,544318.00,72
BSE,AUTOPINS,INE706C01028,XT,108.50,108.50,108.50,108.50,114.20,25,2712.00,4
BSE,AUTOPRD,INE0NY101012,XT,7.14,7.14,7.14,7.14,6.80,108,771.00,1
BSE,AVADHSUGAR,INE349W01017,B,602.90,612.00,596.80,600.90,604.00,3935,2373646.00,166
BSE,AVAILFC,INE325G01010,B,136.20,138.25,132.00,135.90,138.00,3212,434045.00,62
BSE,AVALON,INE0LCL01028,A,1775.10,1995.00,1775.10,1966.45,1773.90,148621,280599943.00,4463
BSE,AVANCE,INE758A01072,X,0.89,0.91,0.89,0.90,0.90,4596045,4121850.00,1413
BSE,AVANTEL,INE005B01027,A,164.95,167.20,162.85,163.50,164.45,84416,13926510.00,829
BSE,AVANTIFEED,INE871C01038,A,880.30,909.80,879.35,907.00,892.20,40912,36700702.00,1485
BSE,AVEER,INE09BN01011,X,615.00,615.00,615.00,615.00,620.00,10,6150.00,1
BSE,AVG,INE680Z01018,T,202.00,203.60,202.00,203.60,203.00,4351,879063.00,35
BSE,AVL,INE679V01027,A,619.30,629.85,617.00,618.45,628.35,4555,2839879.00,291
BSE,AVONMORE,INE323B01024,B,11.18,11.20,10.83,10.90,11.11,9593,105144.00,41
BSE,AVROIND,INE652Z01025,B,9.30,9.30,8.73,9.13,9.15,113678,1032878.00,265
BSE,AVTNPL,INE488D01021,B,72.25,72.25,70.92,71.80,71.53,2669,191690.00,203
BSE,AWFIS,INE108V01019,A,271.35,275.40,269.50,271.40,271.80,5095,1389506.00,196
BSE,AWHCL,INE01BK01022,B,430.05,435.00,413.75,416.20,426.50,8313,3512342.00,767
BSE,AWL,INE699H01024,A,198.25,201.50,195.05,197.50,197.30,245380,48782714.00,3570
BSE,AXELPOLY,INE197C01012,X,45.12,49.00,45.00,46.85,46.04,545,25329.00,10
BSE,AXISBANK,INE238A01034,A,1253.00,1257.95,1238.00,1238.00,1253.00,68470,85172100.00,3358
BSE,AXISCADES,INE555B01013,B,1631.95,1631.95,1582.40,1597.65,1631.95,8289,13220769.00,664
BSE,AXISOL,INE520G01024,XT,443.30,443.30,423.00,443.30,422.20,18160,7996167.00,335
BSE,AXITA,INE02EZ01022,B,7.35,7.35,7.30,7.31,7.32,54633,399659.00,201
BSE,AXTEL,INE767C01012,X,428.50,435.80,420.00,421.95,432.30,8183,3505900.00,229
BSE,AYE,INE501X01029,B,167.85,172.00,164.00,170.35,166.15,31983,5379180.00,958
BSE,AYMSYNTEX,INE193B01039,B,253.50,258.80,218.40,247.15,251.45,1387,345250.00,76
BSE,AZAD,INE02IJ01035,A,2479.65,2514.00,2400.00,2480.90,2454.70,30426,75754887.00,2109
BSE,AZADIND,INE566M01017,X,98.00,99.50,96.81,96.97,97.84,44471,4369192.00,351
BSE,B2BSOFT,INE151B01011,X,24.17,25.00,24.05,24.79,24.17,11107,273504.00,303
BSE,BABA,INE893A01036,X,14.69,14.82,14.09,14.55,14.99,3582,52474.00,53
BSE,BACPHAR,INE711D01018,X,16.93,16.93,16.93,16.93,17.82,5562,94164.00,47
BSE,BAFNAPH,INE878I01022,T,284.55,290.20,284.55,290.20,284.55,1388,402501.00,24
BSE,BAGFILMS,INE116D01028,B,4.25,4.47,4.25,4.33,4.33,22603,98228.00,42
BSE,BAGMANE,INE2OVN25015,IF,107.20,107.88,107.20,107.43,107.25,20715,2225604.00,323
BSE,BAIDFIN,INE020D01022,B,10.29,10.29,10.02,10.09,10.01,2333,23618.00,26
BSE,BAIKAKAJI,INE1IJQ01026,M,237.00,244.00,233.25,239.85,238.80,22200,5339370.00,34
BSE,BAJAJ-AUTO,INE917I01010,A,11619.60,11728.95,11586.20,11642.00,11586.20,21107,246610404.00,3116
BSE,BAJAJCON,INE933K01021,A,539.65,544.70,533.65,536.50,532.00,14570,7868096.00,509
BSE,BAJAJELEC,INE193E01025,A,380.00,393.35,366.60,371.90,382.95,150076,57256491.00,3065
BSE,BAJAJFINSV,INE918I01026,A,2070.00,2070.00,1988.20,2001.90,2089.25,135515,272190421.00,9354
BSE,BAJAJHCARE,INE411U01027,B,325.85,331.90,325.85,329.30,329.50,6930,2278689.00,395
BSE,BAJAJHFL,INE377Y01014,A,86.50,86.55,85.61,85.80,86.55,442807,38052690.00,5266
BSE,BAJAJHIND,INE306A01021,B,17.50,17.86,17.40,17.57,17.54,318600,5612902.00,919
BSE,BAJAJHLDNG,INE118A01012,A,11355.00,11411.95,11276.15,11301.00,11427.10,14106,159887047.00,528
BSE,BAJAJINDEF,INE0O9T01021,B,237.00,237.20,232.00,232.20,236.95,748,175951.00,99
BSE,BAJAJST,INE704G01024,B,388.00,394.50,383.30,389.45,388.20,2654,1031781.00,135
BSE,BAJEL,INE0KQN01018,B,193.70,196.60,190.05,192.55,194.30,22069,4268418.00,347
BSE,BAJFINANCE,INE296A01032,A,1110.40,1120.00,1075.00,1082.00,1149.90,985658,1077136440.00,35810
BSE,BALAJEE,INE0S2G01011,B,27.38,27.50,27.10,27.18,27.38,3604,98279.00,119
BSE,BALAJITELE,INE794B01026,B,85.74,86.66,84.51,86.11,85.74,4908,420708.00,39
BSE,BALAMINES,INE050E01027,B,2113.90,2113.90,2023.70,2027.00,2100.65,8757,17946752.00,708
BSE,BALGOPAL,INE119R01014,X,181.05,185.00,178.00,180.90,181.00,279,50534.00,16
BSE,BALKRISHNA,INE875R01011,B,17.64,17.72,17.36,17.43,17.64,931,16293.00,26
BSE,BALKRISIND,INE787D01026,A,2444.45,2498.00,2432.00,2466.65,2433.30,12014,29678295.00,940
BSE,BALMLAWRIE,INE164A01016,B,176.20,176.70,174.20,175.30,176.70,12112,2124840.00,319
BSE,BALPHARMA,INE083D01012,B,87.55,90.05,87.00,89.38,87.00,1488,131099.00,77
BSE,BALRAMCHIN,INE119A01028,A,636.00,636.05,625.00,633.85,628.10,30791,19420996.00,774
BSE,BALTE,INE654B01014,X,12.50,13.00,12.25,12.97,12.11,4320,55488.00,29
BSE,BALUFORGE,INE011E01029,A,462.55,478.60,452.70,468.70,459.00,56560,26482946.00,1796
BSE,BAMBINO,INE921D01013,X,218.00,222.00,211.00,220.50,220.65,784,171433.00,17
BSE,BAMPSL,INE802A01037,X,18.50,18.50,18.35,18.50,18.41,2544,46884.00,24
BSE,BANARBEADS,INE655B01011,B,117.15,117.15,114.00,114.00,116.65,111,12669.00,24
BSE,BANASFN,INE521L01030,X,7.15,7.19,7.00,7.09,7.14,11342,80411.00,76
BSE,BANCOINDIA,INE213C01025,A,680.00,690.45,678.65,685.95,683.25,25059,17185767.00,1075
BSE,BANDARAM,INE875N01036,X,19.50,20.25,19.50,20.25,19.51,397,7834.00,13
BSE,BANDHANBNK,INE545U01014,A,174.50,177.20,173.55,175.30,175.50,831476,146168720.00,6577
BSE,BANG,INE863I01016,B,30.70,30.70,29.50,30.37,30.70,51,1548.00,10
BSE,BANKBARODA,INE028A01039,A,250.70,251.30,248.15,250.00,250.00,1866080,466441173.00,2711
BSE,BANKINDIA,INE084A01016,A,142.95,145.20,142.10,144.80,142.50,350456,50433089.00,1862
BSE,BANSALWIRE,INE0B9K01025,B,331.50,340.00,331.20,332.55,332.65,13277,4441372.00,524
BSE,BANSWRAS,INE629D01020,B,123.40,123.85,122.00,123.85,122.15,1994,244233.00,50
BSE,BAPACK,INE00FM01013,X,198.60,204.30,192.00,192.05,198.60,613,120147.00,14
BSE,BARODARY,INE461A01024,X,132.95,132.95,127.05,128.90,128.10,267,34955.00,35
BSE,BAROEXT,INE927K01023,X,8.39,8.54,8.28,8.35,8.28,40521,338860.00,142
BSE,BASANTGL,INE473E01021,X,11.80,12.09,11.60,11.72,11.77,48096,565165.00,162
BSE,BASF,INE373A01013,A,3900.00,4142.35,3900.00,4088.65,4123.55,3922,16077986.00,685
BSE,BASML,INE186H01022,T,27.00,27.89,26.80,27.13,26.88,10050,271328.00,16
BSE,BATAINDIA,INE176A01028,A,731.15,731.15,718.00,720.20,727.30,360601,261588085.00,553
BSE,BATLIBOI,INE177C01022,B,102.66,104.48,89.65,91.14,102.72,99857,9717138.00,1202
BSE,BAYERCROP,INE462A01022,A,4257.05,4257.05,4166.65,4173.30,4215.05,1534,6431694.00,349
BSE,BAZELINTER,INE217E01014,X,18.25,19.10,18.25,18.57,18.09,2774,52444.00,20
BSE,BBL,INE464A01036,B,2368.40,2368.40,2319.05,2330.70,2344.65,1036,2421920.00,221
BSE,BBOX,INE676A01027,A,743.10,748.00,735.00,745.05,741.65,12997,9613406.00,771
BSE,BBTC,INE050A01025,A,1510.00,1519.00,1490.00,1504.95,1496.00,1244,1875606.00,139
BSE,BBTCL,INE01EE01011,B,222.00,226.90,218.55,226.90,222.45,1584,356919.00,129
BSE,BCCFUBA,INE788D01016,XT,189.10,198.55,189.10,197.95,189.10,37662,7335912.00,261
BSE,BCCL,INE0KQ001017,M,31.46,32.00,29.89,30.10,31.46,37600,1149860.00,74
BSE,BCG,INE425B01027,B,9.20,9.39,9.20,9.31,9.24,456952,4250026.00,623
BSE,BCLIND,INE412G01024,B,37.11,37.53,36.59,36.95,36.72,16553,610648.00,162
BSE,BCONCEPTS,INE977Y01011,B,180.15,180.90,174.00,174.20,178.00,761,134497.00,189
BSE,BCP,INE905P01028,X,1.96,1.96,1.87,1.91,1.84,63462,120851.00,104
BSE,BCPL,INE00SW01015,B,71.70,71.70,68.85,70.00,69.62,746,51976.00,58
BSE,BDH,INE278D01018,X,550.10,577.40,550.10,568.35,567.80,201,113157.00,30
BSE,BDL,INE171Z01026,A,1303.40,1311.45,1288.70,1294.00,1297.00,98216,127671799.00,3711
BSE,BECTORFOOD,INE495P01020,B,210.65,228.50,210.55,224.65,210.40,424453,93424785.00,4192
BSE,BEDMUTHA,INE844K01012,B,117.25,117.50,114.65,114.65,116.45,301,35323.00,3
BSE,BEEKAY,INE213D01015,B,391.05,401.55,391.05,399.20,394.45,172,68101.00,11
BSE,BEEYU,INE052B01011,X,2.60,2.60,2.59,2.59,2.60,746,1935.00,11
BSE,BEEZAASAN,INE13VU01016,MT,405.00,407.95,401.50,407.00,409.95,7200,2917360.00,8
BSE,BEFOUNDMOL,INE425F01028,X,3.66,3.66,3.60,3.60,3.49,58,208.00,4
BSE,BEL,INE263A01024,A,401.80,402.90,398.35,402.10,399.15,1416971,567292269.00,6697
BSE,BELDING,INE363L01045,X,985.00,1038.40,985.00,996.95,995.15,109780,111339677.00,211
BSE,BELLACASA,INE344T01014,B,238.00,243.95,236.80,241.55,240.30,443,106373.00,39
BSE,BELRISE,INE894V01022,A,245.60,250.00,244.20,248.30,244.55,293074,72515253.00,3113
BSE,BEMHY,INE142E01022,X,114.80,118.50,114.20,114.80,114.80,16185,1875689.00,316
BSE,BEML,INE258A01024,A,1725.35,1817.00,1688.10,1788.55,1725.30,100787,178378505.00,4623
BSE,BENARAS,INE664D01019,B,10249.00,10249.00,10145.00,10169.00,10200.95,51,519839.00,22
BSE,BENCHMARK,INE0Q2Z01013,MT,37.98,37.98,37.98,37.98,36.18,4000,151920.00,2
BSE,BENGALASM,INE083K01017,B,6131.10,6280.00,6131.10,6206.00,6295.00,24,149134.00,13
BSE,BENGALT,INE665D01016,X,145.00,148.95,145.00,146.30,141.00,3,438.00,3
BSE,BEPL,INE922A01025,B,122.30,125.60,121.20,123.65,122.30,115577,14277036.00,917
BSE,BERGEPAINT,INE463A01038,A,520.05,545.25,520.05,530.40,537.90,237264,126708980.00,1122
BSE,BERLDRG,INE415H01017,X,21.02,26.68,21.02,24.04,22.29,3357,80688.00,53
BSE,BERVINL,INE348I01018,X,41.00,41.00,37.21,37.54,39.16,1368,51548.00,21
BSE,BERYLSE,INE508J01015,XT,36.79,36.79,36.79,36.79,36.79,100,3679.00,1
BSE,BESTAGRO,INE052T01021,B,20.10,20.44,19.84,20.17,20.22,171826,3449066.00,559
BSE,BESTEAST,INE553F01035,XT,18.89,19.74,18.01,19.44,18.89,6619,126635.00,44
BSE,BETXIND,INE765L01017,X,489.90,499.95,450.00,457.55,488.10,702,324122.00,27
BSE,BFINVEST,INE878K01010,B,478.25,478.25,467.30,471.50,472.50,3283,1546675.00,178
BSE,BFLAFL,INE948Q01018,X,7.90,7.90,7.51,7.55,7.90,956,7381.00,14
BSE,BFUTILITIE,INE243D01012,B,559.35,566.35,555.00,557.85,560.30,2397,1341539.00,183
BSE,BGDL,INE893C01032,B,88.78,88.79,87.00,87.86,88.02,5299,464750.00,219
BSE,BGIL,INE443D01018,X,7.65,7.90,7.35,7.53,7.65,47291,355220.00,89
BSE,BGRENERGY,INE661I01014,T,248.05,269.60,248.05,268.25,256.80,7205,1898610.00,214
BSE,BGWTATO,INE106G01014,X,659.95,670.00,640.00,656.20,659.95,3155,2046704.00,157
BSE,BHAGCHEM,INE414D01027,B,275.55,294.00,272.90,285.60,275.55,5763,1650215.00,400
BSE,BHAGERIA,INE354C01027,T,203.00,213.00,203.00,211.20,209.50,985,201834.00,21
BSE,BHAGGAS,INE099C01010,XT,11.45,11.45,11.45,11.45,11.68,7087,81146.00,38
BSE,BHAGWOX,INE026I01010,X,38.20,38.20,38.00,38.02,38.20,95,3624.00,11
BSE,BHAGYANGR,INE458B01036,T,367.20,398.00,367.20,394.70,381.15,5293,2040093.00,145
BSE,BHANDARI,INE474E01029,T,2.81,2.90,2.81,2.87,2.85,6154,17636.00,21
BSE,BHARAT,INE900A01013,X,24.40,25.35,23.58,24.64,24.40,1170,28484.00,32
BSE,BHARATAGRI,INE842D01029,X,23.39,23.39,22.06,23.00,23.02,14676,334855.00,82
BSE,BHARATCOAL,INE05XR01022,B,34.15,34.26,34.01,34.06,34.28,561404,19139098.00,2526
BSE,BHARATFORG,INE465A01025,A,2195.85,2274.00,2193.40,2274.00,2230.00,51921,116362330.00,5276
BSE,BHARATGEAR,INE561C01019,T,105.30,107.30,105.05,106.45,107.75,5630,597892.00,100
BSE,BHARATRAS,INE838B01021,B,1379.40,1387.15,1352.00,1360.00,1372.65,450,616204.00,73
BSE,BHARATROHAN,INE0QMV01017,M,122.00,124.60,118.00,121.90,121.50,13600,1631840.00,17
BSE,BHARATSE,INE415D01024,B,221.80,244.00,221.80,240.80,223.85,69613,16332493.00,1198
BSE,BHARATWIRE,INE316L01019,B,208.00,208.00,200.05,201.25,205.40,18868,3828025.00,309
BSE,BHARTIARTL,INE397D01024,A,1935.00,1960.75,1935.00,1959.00,1964.00,88756,173132181.00,4509
BSE,BHARTIHEXA,INE343G01021,A,1524.90,1550.00,1509.55,1535.45,1513.40,4773,7313228.00,326
BSE,BHASKAGR,INE972C01018,X,115.95,118.45,108.00,110.15,114.95,1468,164667.00,54
BSE,BHATIA,INE341Z01025,X,23.00,26.95,22.77,25.22,22.92,244180,6035636.00,406
BSE,BHEL,INE257A01026,A,407.35,418.50,402.40,407.00,411.00,589196,242729540.00,8530
BSE,BHILSPIN,INE436C01014,X,130.50,130.50,128.90,128.90,127.30,3,388.00,3
BSE,BHUDEVI,INE432N01010,XT,171.80,171.80,171.80,171.80,163.65,25693,4414057.00,36
BSE,BI,INE986A01012,B,62.00,62.00,60.70,61.38,62.00,917,55946.00,23
BSE,BIBCL,INE994B01014,B,16.24,16.45,15.85,16.07,15.92,17146,275000.00,105
BSE,BIGBLOC,INE412U01025,B,46.72,47.88,46.48,46.62,46.86,2940,137981.00,70
BSE,BIHSPONG,INE819C01011,X,12.44,12.99,12.11,12.40,12.32,23385,294977.00,81
BSE,BIKAJI,INE00E101023,A,619.95,628.80,619.95,623.50,624.45,63365,39538263.00,880
BSE,BIL,INE828A01016,B,820.00,845.20,820.00,843.45,811.90,3102,2573676.00,216
BSE,BILVYAPAR,INE071A01013,T,3.97,4.15,3.90,4.15,4.10,4148,16818.00,25
BSE,BIMETAL,INE469A01019,B,664.95,664.95,664.95,664.95,664.95,5,3324.00,1
BSE,BIOCON,INE376G01013,A,433.35,436.00,425.40,430.00,437.50,199075,85582784.00,3290
BSE,BIOFILCHEM,INE829A01014,B,31.49,33.19,31.49,32.25,32.55,1360,43622.00,18
BSE,BIOGEN,INE703D01023,X,0.29,0.30,0.28,0.28,0.29,2500585,717834.00,897
BSE,BIRET,INE0FDU25010,IF,346.00,346.00,342.50,344.99,344.52,6636,2284197.00,432
BSE,BIRLACABLE,INE800A01015,T,255.00,257.70,236.30,254.45,248.70,119939,29919031.00,1221
BSE,BIRLACORPN,INE340A01012,A,903.35,915.75,898.45,914.60,908.30,2623,2380266.00,181
BSE,BIRLAMONEY,INE865C01022,B,133.00,133.20,132.10,132.35,133.00,1275,168838.00,183
BSE,BIRLANU,INE557A01011,B,1540.00,1656.00,1474.15,1639.30,1548.30,6514,10315758.00,917
BSE,BIRLAPREC,INE372E01025,B,36.88,36.88,34.80,35.17,34.81,2313,80886.00,23
BSE,BITS,INE839A01021,X,7.44,7.74,7.08,7.36,7.31,66044,487821.00,214
BSE,BIZOTIC,INE0OJ401014,M,450.00,560.00,440.00,535.90,503.85,42600,21045740.00,145
BSE,BKV,INE356C01022,X,9.48,9.48,9.10,9.10,9.17,123,1152.00,10
BSE,BLACKBUCK,INE0UIZ01018,A,554.05,582.00,554.05,577.10,558.50,38091,21739621.00,1470
BSE,BLACKROSE,INE761G01016,T,118.50,119.50,112.75,113.20,114.15,4408,511887.00,60
BSE,BLAL,INE0N7W01012,B,173.00,176.00,170.00,171.80,173.60,1917,329608.00,77
BSE,BLBLIMITED,INE791A01024,B,16.43,16.43,15.79,15.92,16.03,2467,39289.00,30
BSE,BLIL,INE525F01025,B,71.24,71.25,70.80,71.00,71.07,9446,671791.00,310
BSE,BLISSGVS,INE416D01022,T,502.95,502.95,473.75,477.10,493.60,8795,4268232.00,190
BSE,BLKASHYAP,INE350H01032,B,56.70,58.08,55.06,55.94,55.92,28685,1628832.00,264
BSE,BLS,INE153T01027,A,253.50,257.85,250.90,254.30,253.80,101109,25726140.00,1722
BSE,BLSE,INE0NLT01010,B,308.95,315.30,302.35,310.75,317.50,42034,12931619.00,996
BSE,BLUECHIP,INE657B01025,T,2.22,2.22,2.22,2.22,2.26,500,1110.00,1
BSE,BLUECHIPT,INE472D01017,X,128.90,128.90,120.05,124.45,125.00,27,3254.00,3
BSE,BLUECLOUDS,INE373T01047,B,20.05,20.24,19.51,19.74,20.03,1317974,26010516.00,2777
BSE,BLUEDART,INE233B01017,A,5106.05,5145.00,5011.65,5093.40,5106.05,1752,8945290.00,343
BSE,BLUEJET,INE0KBH01020,A,588.00,599.35,582.60,593.80,587.65,22127,13109725.00,761
BSE,BLUESTARCO,INE472A01039,A,1570.00,1594.30,1497.05,1515.00,1575.00,226705,346801619.00,12988
BSE,BLUESTONE,INE304W01038,A,820.00,840.00,802.50,813.80,826.20,356396,294957764.00,5773
BSE,BLUSPRING,INE0U4101014,B,124.00,124.00,112.00,112.55,114.95,15582,1819958.00,337
BSE,BMBMUMG,INE644K01016,XT,7.24,7.24,6.75,6.75,7.10,7,49.00,5
BSE,BMW,INE374E01021,X,52.69,52.69,51.22,51.70,51.97,143156,7426703.00,602
BSE,BMWVENTLTD,INE965W01036,B,62.00,62.00,59.02,59.39,60.36,9019,542101.00,118
BSE,BNAGROCHEM,INE00HZ01011,T,280.00,280.00,263.00,269.50,272.75,919,250444.00,10
BSE,BNRSEC,INE710D01028,X,20.47,20.47,19.53,19.70,20.62,47951,945576.00,322
BSE,BNRUDY,INE355C01016,X,39.78,39.78,38.98,38.98,37.06,9,355.00,4
BSE,BODALCHEM,INE338D01028,T,70.99,71.39,67.83,69.08,71.37,21171,1454675.00,145
BSE,BODHTREE,INE104F01029,X,15.50,15.50,14.50,14.55,14.58,10588,157417.00,35
BSE,BOMBCYC,INE691K01017,X,1625.00,1625.00,1575.00,1575.00,1550.00,81,130308.00,13
BSE,BOMBWIR,INE089T01023,X,45.40,45.40,43.00,44.18,45.49,2366,103440.00,32
BSE,BOMDYEING,INE032A01023,B,120.00,122.80,119.65,120.15,120.40,38487,4650368.00,443
BSE,BOMOXY-B1,INE01TL01014,X,19698.00,19700.00,19300.10,19443.00,19699.95,9,175252.00,7
BSE,BOMTALKIES,INE910D01024,X,3.00,3.00,3.00,3.00,3.00,69,207.00,5
BSE,BONDADA,INE0Q8P01029,M,292.55,298.30,292.55,296.70,294.25,76400,22645690.00,320
BSE,BONLON,INE0B9A01018,B,40.75,42.50,40.75,41.95,42.31,513,21151.00,14
BSE,BORANA,INE16SF01016,B,344.00,346.00,338.15,339.55,344.10,9575,3271279.00,141
BSE,BOROLTD,INE02PY01013,B,244.50,246.80,241.80,242.25,247.05,3761,917757.00,249
BSE,BORORENEW,INE666D01022,A,555.15,558.75,546.00,551.05,555.90,23107,12750011.00,593
BSE,BOROSCI,INE02L001032,B,137.90,143.80,137.90,141.65,138.40,3360,473481.00,272
BSE,BOSCH-HCIL,INE782A01015,B,1646.00,1708.00,1629.40,1684.70,1644.70,7085,11848644.00,978
BSE,BOSCHLTD,INE323A01026,A,42500.00,42800.00,42000.00,42000.00,42500.00,1877,79511031.00,692
BSE,BOSTON,INE109B01019,X,5.00,5.00,5.00,5.00,4.90,192,960.00,2
BSE,BPAGRI,INE439N01031,B,9.63,9.63,9.10,9.32,9.37,11880,111678.00,140
BSE,BPCL,INE029A01011,A,321.95,323.20,317.10,318.60,325.40,207624,66572304.00,4639
BSE,BPL,INE110A01019,B,53.73,53.95,53.50,53.92,53.50,820,44148.00,199
BSE,BPLPHARMA,INE365Y01019,X,1419.35,1419.35,1375.00,1375.00,1419.35,163,224887.00,30
BSE,BRADYM,INE856A01017,X,739.25,746.90,723.00,746.90,735.60,21,15486.00,4
BSE,BRAHMINFRA,INE320I01017,X,168.00,168.00,163.95,165.10,166.00,7690,1267461.00,131
BSE,BRAWN,INE899B01015,X,20.01,20.01,19.25,19.25,20.01,13,251.00,3
BSE,BRGIL,INE00ST01011,MT,170.00,180.00,170.00,178.75,175.00,101000,17680150.00,61
BSE,BRIDGESE,INE958C01025,X,9.57,9.57,9.57,9.57,11.96,452268,4328204.00,588
BSE,BRIGADE,INE791I01019,A,567.75,585.90,567.75,582.75,573.50,213062,122490941.00,3960
BSE,BRIGHOTEL,INE03NU01014,B,61.74,61.74,59.90,60.40,61.66,27086,1636533.00,799
BSE,BRIGHT,INE0OMI01019,M,360.00,360.00,360.00,360.00,360.25,750,270000.00,2
BSE,BRIGHTBR,INE630D01010,X,248.80,248.90,234.15,237.40,244.45,1174,280197.00,67
BSE,BRIJLEAS,INE957E01031,X,9.25,9.25,8.94,8.94,9.29,414,3828.00,5
BSE,BRISK,INE0Q6L01014,MT,75.00,77.00,74.10,77.00,78.00,3200,240480.00,4
BSE,BRITANNIA,INE216A01030,A,5480.10,5660.00,5480.10,5515.00,5430.00,101606,569057263.00,12053
BSE,BRNL,INE727S01012,B,18.29,18.29,17.36,17.78,17.70,3476,61233.00,83
BSE,BROOKS,INE650L01011,T,59.01,62.49,59.01,60.85,61.00,629,38024.00,15
BSE,BRPL,INE319Q01012,B,125.40,131.85,122.95,128.60,127.35,10689,1366510.00,225
BSE,BRRL,INE0IZQ01016,M,860.00,895.00,860.00,880.00,845.00,2800,2478190.00,7
BSE,BSELALGO,INE395A01016,X,4.00,4.24,4.00,4.05,4.00,127134,517451.00,205
BSE,BSHSL,INE032Z01020,T,88.50,90.40,86.10,90.00,86.10,673,59970.00,14
BSE,BSL,INE594B01012,B,123.90,125.00,122.00,122.50,123.55,1525,187888.00,31
BSE,BSOFT,INE836A01035,A,319.40,323.05,316.55,318.75,318.20,54724,17487082.00,1318
BSE,BTML,INE0EEJ01023,B,7.40,8.33,7.40,8.00,7.23,352709,2833624.00,612
BSE,BTTL,INE274K01012,T,45.50,45.50,44.10,44.10,45.50,901,39897.00,9
BSE,BUILDPRO,INE24OJ01011,B,1345.60,1369.05,1295.00,1344.15,1329.65,5792,7697725.00,549
BSE,BUTTERFLY,INE295F01017,B,681.35,689.65,677.05,682.80,680.90,1416,969070.00,87
BSE,BVCL,INE139I01011,B,42.69,42.90,41.58,41.86,42.42,905,38664.00,10
BSE,BYKE,INE319B01014,T,34.99,34.99,33.37,33.37,34.10,802,27052.00,8
BSE,CALCOM,INE216C01010,X,78.95,78.95,75.65,76.35,78.00,5221,399087.00,65
BSE,CALLISTA,INE714Q01014,XT,182.30,182.30,178.70,178.70,182.30,73,13138.00,7
BSE,CALSOFT,INE526B01014,T,22.00,22.41,21.86,22.22,21.70,1536,33813.00,18
BSE,CAMEXLTD,INE198C01010,X,41.70,41.70,40.40,41.70,40.40,78,3232.00,8
BSE,CAMLINFINE,INE052I01032,B,127.85,129.10,126.25,126.45,127.85,58806,7464574.00,391
BSE,CAMPUS,INE278Y01022,A,218.60,224.95,217.95,224.15,219.10,63851,14152861.00,1576
BSE,CAMS,INE596I01020,A,800.05,801.00,778.05,784.40,800.00,84617,66453065.00,3932
BSE,CANBK,INE476A01022,A,131.30,132.45,130.55,131.50,131.65,746317,98295697.00,4557
BSE,CANDOUR,INE713D01055,X,77.00,79.74,75.61,76.79,77.22,13665,1057439.00,101
BSE,CANFINHOME,INE477A01020,A,810.05,814.05,805.00,810.05,807.50,2619,2120706.00,198
BSE,CANHLIFE,INE01TY01017,B,149.70,152.65,147.75,152.00,149.90,162962,24346099.00,1048
BSE,CANTABIL,INE068L01024,B,227.15,234.15,225.55,227.05,228.25,7224,1654015.00,387
BSE,CAPACITE,INE264T01014,B,224.40,227.05,211.80,212.45,225.50,47661,10255434.00,1128
BSE,CAPILLARY,INE0ILV01024,B,567.50,577.15,550.85,561.80,580.65,9477,5346016.00,341
BSE,CAPINVIT,INE0Z8Z23013,IF,75.61,76.28,74.85,75.76,75.31,39480,2997551.00,638
BSE,CAPITALSFB,INE646H01017,B,296.40,298.20,294.45,297.50,295.35,2006,596563.00,36
BSE,CAPLIPOINT,INE475E01026,A,2607.65,2607.65,2560.00,2575.05,2584.55,1898,4895252.00,271
BSE,CAPPIPES,INE513R01026,B,9.08,9.15,9.00,9.07,9.08,68809,625201.00,278
BSE,CAPRICORN,INE968E01012,XT,18.82,18.82,18.20,18.82,18.46,566176,10326413.00,41
BSE,CAPRIHANS,INE479A01018,X,72.04,75.99,72.04,74.74,76.07,1174,86604.00,20
BSE,CAPRO,INE470N01010,X,49.00,49.00,49.00,49.00,49.80,200,9800.00,2
BSE,CAPTRUST,INE707C01018,T,18.45,19.37,18.45,19.37,18.45,30205,583133.00,50
BSE,CARBORUNIV,INE120A01034,A,1070.00,1110.00,1060.00,1098.00,1069.15,32552,35291003.00,2030
BSE,CARERATING,INE752H01013,A,1734.80,1774.95,1711.95,1746.10,1728.85,1878,3272847.00,146
BSE,CARRARO,INE0V7W01012,B,534.90,535.00,500.10,502.00,541.80,29427,14942195.00,1845
BSE,CARTRADE,INE290S01011,A,2799.75,2805.70,2738.00,2789.85,2786.10,9652,26885882.00,735
BSE,CARYSIL,INE482D01024,B,1230.00,1230.00,1180.00,1185.45,1216.55,2550,3048738.00,376
BSE,CASPIAN,INE176N01039,XT,34.38,34.38,33.26,34.06,33.47,598,20332.00,22
BSE,CASTROLIND,INE172A01027,A,194.25,194.50,189.00,191.90,194.20,633512,122218012.00,6150
BSE,CATVISION,INE660B01011,X,18.25,20.50,18.25,20.01,20.26,6358,126418.00,42
BSE,CBPL,INE07QQ01016,M,43.38,43.38,43.38,43.38,41.32,4000,173520.00,2
BSE,CCAL,INE0M7501019,MT,31.00,31.00,30.96,30.96,32.57,12000,371760.00,2
BSE,CCAVENUE,INE483S01020,A,17.18,17.25,16.96,17.16,17.15,595005,10188530.00,1305
BSE,CCCL,INE429I01024,B,15.89,15.93,15.25,15.45,15.58,8573,132405.00,63
BSE,CCDL,INE187R01029,XT,1.12,1.17,1.12,1.16,1.12,251226,289291.00,167
BSE,CCHHL,INE652F01027,B,14.44,14.44,12.53,12.70,12.77,427,5475.00,23
BSE,CCL,INE421D01022,A,1135.25,1139.80,1124.80,1130.00,1129.80,1634,1848078.00,168
BSE,CCLINTER,INE778E01031,X,22.15,24.89,22.15,24.49,22.24,1556,37861.00,26
BSE,CCME,INE194N01016,XT,85.15,85.15,85.15,85.15,89.60,648,55177.00,11
BSE,CDG,INE198N01017,XT,275.95,283.00,271.00,280.00,269.65,8329,2315881.00,29
BSE,CEATLTD,INE482A01020,A,3731.95,3763.00,3689.15,3723.25,3748.60,3484,12997966.00,469
BSE,CEENIK,INE418D01010,XT,265.80,265.80,243.10,253.65,255.80,1790,442831.00,59
BSE,CEETAIN,INE760J01012,X,44.40,44.40,40.79,40.79,39.01,332,13612.00,8
BSE,CEIGALL,INE0AG901020,B,324.05,336.00,324.05,335.15,332.10,14548,4859822.00,743
BSE,CEINSYS,INE016Q01014,B,861.95,861.95,835.25,842.00,847.20,7334,6197015.00,476
BSE,CELEBRITY,INE185H01016,B,7.00,7.15,6.97,7.00,7.03,3113,21729.00,7
BSE,CELLA,INE266H01014,Z,25.72,26.14,24.70,26.14,24.90,11609,297363.00,64
BSE,CELLO,INE0LMW01024,A,379.15,381.00,370.80,374.00,378.70,88432,33282927.00,1665
BSE,CEMAINFRA,INE222B01028,X,5.15,5.15,4.33,4.35,4.74,878,3935.00,15
BSE,CEMPRO,INE686A01026,A,1230.45,1255.40,1182.40,1209.15,1244.60,40223,48497893.00,2481
BSE,CENLUB,INE627F01011,X,199.00,204.80,194.00,202.45,194.65,2116,423816.00,93
BSE,CENTENKA,INE485A01015,B,600.05,623.50,600.05,609.75,603.60,5224,3207866.00,313
BSE,CENTEXT,INE281A01026,B,22.76,23.15,22.62,23.10,22.69,11079,253354.00,182
BSE,CENTRALBK,INE483A01010,A,31.48,31.51,31.25,31.36,31.48,171580,5383898.00,595
BSE,CENTRUM,INE660C01027,B,24.42,25.76,24.42,25.16,24.69,24021,599705.00,110
BSE,CENTUM,INE320B01020,B,3790.00,3867.90,3787.30,3841.15,3786.40,1482,5677058.00,332
BSE,CENTUPLE,INE396H01019,X,44.50,44.50,41.01,41.54,40.83,748,32622.00,19
BSE,CENTURYPLY,INE348B01021,A,790.20,790.20,768.85,780.65,783.00,663,515003.00,76
BSE,CERA,INE739E01017,A,6270.00,6331.50,5995.00,6070.95,6300.65,1394,8508956.00,285
BSE,CEREBRAINT,INE345B01019,Z,2.72,2.94,2.72,2.85,2.83,30248,85811.00,40
BSE,CESC,INE486A01021,A,163.10,165.30,162.30,164.05,162.50,124862,20441469.00,1481
BSE,CEWATER,INE037Z01029,B,279.50,283.15,273.80,275.50,277.10,9898,2738733.00,298
BSE,CFEL,INE700F01024,X,33.25,35.40,32.25,34.09,33.16,22222,761647.00,137
BSE,CFF,INE0NJ001013,M,1032.00,1050.00,992.00,997.60,1023.70,54400,55075760.00,258
BSE,CGCL,INE180C01042,A,240.70,240.95,228.35,230.30,240.00,1229230,286142298.00,6700
BSE,CGPOWER,INE067A01029,A,872.60,882.00,870.00,882.00,880.00,100761,88204062.00,4401
BSE,CGVAK,INE084D01010,X,166.00,166.00,158.60,159.90,161.40,1037,165855.00,54
BSE,CHALET,INE427F01016,A,861.90,866.15,851.30,858.80,862.90,2783,2377574.00,213
BSE,CHALLANI,INE807A01010,X,19.97,19.97,19.97,19.97,18.99,1,19.00,1
BSE,CHAMBLFERT,INE085A01013,A,461.00,461.05,450.00,450.60,459.00,11517,5223872.00,604
BSE,CHANDNIMACH,INE01GZ01011,XT,111.00,111.00,107.00,107.35,111.30,2300,248063.00,66
BSE,CHANDRAP,INE368D01025,X,11.71,11.71,10.85,11.09,11.25,9345,104162.00,73
BSE,CHANDRIMA,INE371F01024,X,7.70,7.71,7.65,7.70,7.61,125726,967540.00,147
BSE,CHATHA,INE0AH901011,M,100.00,103.50,96.23,102.15,98.12,50000,5012480.00,45
BSE,CHDCHEM,INE043U01010,X,5.46,5.46,5.00,5.00,4.98,1382,7093.00,10
BSE,CHEMBOND,INE995D01025,T,177.15,182.95,177.15,182.00,178.00,453,81195.00,8
BSE,CHEMBONDCH,INE0TGX01019,T,238.00,243.95,232.20,238.50,232.35,3959,958618.00,86
BSE,CHEMCON,INE03YM01018,T,192.00,195.90,190.10,193.55,191.75,3420,659801.00,49
BSE,CHEMCRUX,INE298W01016,B,87.15,90.75,87.15,87.71,89.30,12736,1131493.00,272
BSE,CHEMFAB,INE783X01023,T,370.00,380.00,370.00,374.95,368.40,30,11234.00,7
BSE,CHEMPLASTS,INE488A01050,B,190.25,193.00,182.45,183.75,195.10,79531,14967067.00,1360
BSE,CHEMTECH,INE212P01011,X,72.82,72.82,70.50,71.38,70.42,8529,612131.00,72
BSE,CHENFERRO,INE777O01016,X,81.50,81.50,77.00,80.90,81.28,607,48139.00,31
BSE,CHENNPETRO,INE178A01016,A,1234.55,1285.00,1220.20,1275.15,1292.70,134142,169780775.00,4645
BSE,CHEVIOT,INE974B01016,B,1180.00,1184.90,1160.30,1171.55,1171.35,200,234950.00,68
BSE,CHIRAHARIT,INE12P101018,M,8.00,8.00,7.58,7.58,8.02,24000,186240.00,4
BSE,CHLLTD,INE790D01020,X,29.00,29.00,27.31,28.35,29.00,1652,45844.00,17
BSE,CHLOGIST,INE558F01026,X,9.18,9.18,9.18,9.18,8.35,3135339,28782412.00,480
BSE,CHMBBRW,INE417N01011,XT,48.62,48.62,48.61,48.61,49.60,21735,1056709.00,40
BSE,CHOICEIN,INE102B01014,A,832.90,844.00,831.50,841.30,832.80,36326,30446562.00,1068
BSE,CHOKSI,INE865B01016,X,242.25,266.45,235.55,242.50,242.25,26327,6733138.00,148
BSE,CHOKSILA,INE493D01013,XT,118.20,118.20,112.40,118.20,118.20,863,100879.00,6
BSE,CHOLAFIN,INE121A01024,A,1919.95,1920.90,1865.70,1870.05,1939.00,1637405,3129464989.00,2746
BSE,CHOLAHLDNG,INE149A01033,A,1650.20,1656.00,1620.00,1627.30,1648.05,100451,164265140.00,1291
BSE,CHORDIA,INE975C01011,X,72.00,72.00,70.39,70.39,68.71,14,996.00,2
BSE,CHOWGULSTM,INE490A01015,X,21.96,23.00,21.45,21.63,21.69,4493,98784.00,51
BSE,CHROME,INE114E01013,X,45.00,45.00,41.00,41.00,42.50,223,9187.00,9
BSE,CHTR,INE1B4801017,M,53.00,54.00,49.10,51.60,52.50,30000,1528260.00,23
BSE,CIANAGRO,INE052V01019,T,1355.00,1370.00,1335.00,1359.50,1344.85,23940,32517325.00,1339
BSE,CIEINDIA,INE536H01010,A,414.55,414.95,408.00,410.15,410.50,24339,10001315.00,875
BSE,CIFL,INE345H01024,B,21.98,22.80,21.46,21.86,21.40,74858,1632585.00,1159
BSE,CILSEC,INE830A01012,X,35.70,36.00,34.82,35.43,37.90,698,24739.00,23
BSE,CINDRELL,INE897D01015,X,10.50,10.50,10.50,10.50,10.50,48,504.00,1
BSE,CINELINE,INE704H01022,B,90.06,90.06,90.04,90.04,91.40,45,4052.00,3
BSE,CINEVISTA,INE039B01026,B,14.68,14.74,14.62,14.70,14.68,372,5470.00,9
BSE,CIPLA,INE059A01026,A,1484.50,1484.50,1462.25,1472.00,1475.00,23778,34906110.00,1357
BSE,CITADEL,INE906D01014,X,35.74,37.84,35.50,35.60,35.89,3155,115678.00,20
BSE,CITICHEM,INE0A8401016,M,17.00,17.00,17.00,17.00,17.25,2000,34000.00,1
BSE,CITIUSINVT,INE2Q7823014,IF,110.60,110.90,110.47,110.88,110.05,1361,150656.00,18
BSE,CITIZEN,INE473L01018,X,268.30,290.00,268.30,289.90,282.40,1758,490449.00,37
BSE,CITYONLINE,INE158C01014,Z,7.83,7.83,7.83,7.83,8.24,410,3210.00,3
BSE,CJGEL,INE557D01015,XT,19.58,19.58,18.16,19.50,18.65,106,2066.00,3
BSE,CLEAN,INE227W01023,A,789.70,802.90,770.00,794.75,772.00,81664,64437130.00,2901
BSE,CLEANMAX,INE647U01026,B,1341.25,1357.20,1318.05,1325.00,1353.75,9350,12472597.00,708
BSE,CLEDUCATE,INE201M01029,T,58.01,60.63,58.01,59.49,57.75,387,23181.00,15
BSE,CLFL,INE949C01016,X,63.19,63.19,54.27,59.94,60.19,122,7342.00,9
BSE,CLIOINFO,INE011B01017,XT,13.75,14.90,13.73,14.09,14.45,27674,387412.00,89
BSE,CLN,INE0WDX01010,MT,515.00,515.00,495.00,500.00,500.00,1200,606800.00,6
BSE,CLSEL,INE419D01026,B,299.00,299.00,275.25,278.00,294.00,22840,6460428.00,410
BSE,CMBL,INE850R01014,X,46.48,46.48,46.30,46.46,44.27,81,3762.00,11
BSE,CMLL,INE11XY01018,B,580.75,614.00,576.65,597.20,581.40,297109,178245423.00,8960
BSE,CMMHOSP,INE889F01017,X,37.28,39.20,37.28,38.95,37.28,2286,89090.00,30
BSE,CMPDI,INE05HV01027,B,240.85,255.00,240.85,250.10,244.90,188513,47086691.00,2017
BSE,CMRGREEN,INE00WV01027,B,233.05,233.30,224.35,225.50,231.20,38576,8779562.00,759
BSE,CMSINFO,INE925R01014,A,280.50,280.50,272.50,272.95,276.95,5324,1464438.00,239
BSE,CMXLTD,INE027F01014,X,18.13,19.03,18.13,19.03,18.13,7343,139617.00,25
BSE,CNCRD,INE0N0J01014,M,2535.00,2550.00,2461.10,2517.80,2549.35,5300,13312685.00,64
BSE,CNINFOTECH,INE0WXM01011,M,90.00,93.00,88.73,89.90,90.00,6000,541728.00,13
BSE,CNL,INE985W01018,B,1105.10,1140.15,1094.80,1119.95,1087.05,4302,4808236.00,358
BSE,COALINDIA,INE522F01014,A,415.60,415.60,412.55,413.65,412.70,13155785,5433391221.00,5573
BSE,COASTCORP,INE377E01024,B,44.98,44.98,37.20,43.31,45.07,165538,6862264.00,1059
BSE,COCHINM,INE105D01013,X,324.00,330.00,289.05,296.30,313.10,107761,32554613.00,1592
BSE,COCHINSHIP,INE704P01025,A,1494.75,1524.00,1482.80,1513.00,1488.00,158430,238711241.00,6194
BSE,COCHMAL,INE788M01017,X,135.00,139.90,132.40,134.05,135.10,47,6256.00,10
BSE,COCKERILL,INE515A01019,B,9584.00,10132.40,9579.95,9640.45,9451.20,2075,20492353.00,649
BSE,COFFEEDAY,INE335K01011,T,32.70,32.70,32.67,32.67,34.38,20807,679833.00,99
BSE,COFORGE,INE591G01025,A,1766.90,1808.75,1765.45,1775.00,1779.80,115596,206719756.00,7053
BSE,COHANCE,INE03QK01018,A,435.35,449.00,433.00,445.70,439.85,2006886,883368234.00,3889
BSE,COLINZ,INE923C01011,XT,85.99,85.99,77.86,83.40,81.95,1610,129924.00,22
BSE,COLORCHIPS,INE621I01042,X,10.60,11.18,10.24,10.51,10.37,11622,123821.00,51
BSE,COLPAL,INE259A01022,A,2020.80,2038.95,2010.00,2020.00,2031.20,14181,28694000.00,1680
BSE,COMCL,INE456N01019,XT,15.30,15.30,14.55,14.95,14.77,11437,170789.00,33
BSE,COMFINCAP,INE274M01026,X,7.47,7.50,7.05,7.34,7.46,26850,194991.00,159
BSE,COMFINTE,INE819A01049,B,6.93,6.93,6.42,6.59,6.61,36911,243676.00,114
BSE,COMPEAU,INE823B01015,X,353.00,357.95,347.10,349.20,352.20,2376,839803.00,56
BSE,COMPINFO,INE070C01037,Z,1.10,1.16,1.10,1.13,1.15,1755,1961.00,9
BSE,COMPUPN,INE607B01012,X,3.40,3.40,3.30,3.40,3.40,51017,173430.00,51
BSE,COMPUSOFT,INE453B01029,B,13.24,13.24,13.03,13.23,13.00,3909,51647.00,35
BSE,COMSYN,INE073V01015,B,208.60,226.80,204.95,224.95,209.00,28515,6216380.00,715
BSE,CONART,INE714D01020,X,98.49,104.00,93.00,101.66,93.68,55353,5597798.00,428
BSE,CONCOR,INE111A01025,A,511.60,513.70,506.10,506.10,509.00,662314,337984278.00,3533
BSE,CONCORD,INE858L01010,X,71.99,73.00,71.20,71.21,73.40,2577,184792.00,26
BSE,CONCORDBIO,INE338H01029,A,1374.05,1390.10,1353.35,1367.60,1375.00,8907,12216535.00,766
BSE,CONFIPET,INE552D01024,B,79.20,81.40,79.20,81.34,79.19,179326,14432104.00,801
BSE,CONSTRONIC,INE537B01011,X,49.99,49.99,49.50,49.72,49.98,100,4985.00,3
BSE,CONTAINE,INE0M8901010,MT,28.90,28.90,27.55,27.55,29.00,2000,56450.00,2
BSE,CONTAINER,INE319U01022,X,17.73,17.73,16.00,16.62,17.73,1893,31476.00,28
BSE,CONTICON,INE545B01022,X,11.90,11.90,11.50,11.50,12.00,11084,127660.00,47
BSE,CONTILI,INE080G01029,X,22.62,22.62,20.70,20.72,20.54,4897,105064.00,35
BSE,CONTPTR,INE369D01023,X,83.35,83.35,77.35,79.04,83.35,1647,129686.00,20
BSE,CONTROLPR,INE663B01015,B,563.50,580.00,561.30,579.35,563.40,1404,801477.00,231
BSE,CORALAB,INE683E01017,XT,569.20,581.30,540.00,577.90,558.00,583,320030.00,29
BSE,CORALFINAC,INE558D01021,B,32.82,34.78,31.61,32.45,33.78,58450,1969971.00,92
BSE,CORDELIA,INE0LZF01013,B,849.65,849.65,819.65,840.25,847.50,22788,18935776.00,1310
BSE,CORDSCABLE,INE792I01017,T,215.60,223.90,215.60,218.75,223.00,918,200635.00,20
BSE,CORNE,INE715D01019,X,9.32,9.32,9.32,9.32,9.81,4,37.00,2
BSE,COROENGG,INE312J01012,X,52.18,57.43,52.18,55.83,54.89,2878,160888.00,31
BSE,COROMANDEL,INE169A01031,A,2069.90,2087.50,2058.00,2068.15,2075.90,3155,6544810.00,297
BSE,CORONA,INE02ZQ01018,B,2031.65,2085.65,2031.65,2060.95,2046.00,2916,6001246.00,578
BSE,COSCO,INE949B01018,X,193.00,193.00,189.00,190.50,194.00,121,22933.00,16
BSE,COSMICCRF,INE0ORA01015,MT,1350.00,1350.00,1325.05,1334.55,1388.95,4500,6032425.00,45
BSE,COSMOFE,INE124B01018,XT,217.00,217.00,212.00,217.00,212.00,1627,349442.00,22
BSE,COSMOFIRST,INE757A01017,B,891.15,938.55,872.40,889.95,871.60,19560,17717975.00,965
BSE,COSPOWER,INE0CQB01010,MT,1914.90,1914.90,1909.95,1910.00,1825.00,500,955600.00,4
BSE,COSYN,INE029B01019,X,20.56,21.50,20.52,21.33,20.90,1275,26538.00,30
BSE,COUNCODOS,INE695B01025,B,6.10,6.31,6.10,6.22,6.27,8616,53457.00,30
BSE,COVANCE,INE0R8101016,XT,196.30,209.70,196.10,200.65,206.40,13188,2610128.00,175
BSE,CPCAP,INE521J01018,T,112.95,117.00,110.65,116.70,111.75,5850,681686.00,28
BSE,CPEDU,INE0P6P01016,B,210.10,212.80,209.85,211.05,213.40,474,99770.00,21
BSE,CPL,INE536P01021,B,72.00,72.75,71.00,71.94,72.40,6034,430077.00,118
BSE,CPML,INE056001014,M,328.70,328.70,328.70,328.70,346.00,350,115045.00,5
BSE,CPPLUS,INE819V01029,A,3652.35,3722.00,3650.00,3706.10,3652.35,4332,15962274.00,644
BSE,CRAFTSMAN,INE00LO01017,A,10500.20,10764.95,10268.00,10476.20,10566.50,3934,41649421.00,962
BSE,CRAMC,INE218I01013,B,262.95,262.95,261.00,262.15,263.00,6541,1714380.00,371
BSE,CRANEINFRA,INE176L01017,X,12.70,12.70,11.30,11.69,12.55,707,8627.00,12
BSE,CRANESSOFT,INE234B01023,Z,3.93,3.93,3.93,3.93,3.75,65117,255909.00,54
BSE,CRANEX,INE608B01010,XT,94.80,94.80,88.56,89.57,93.02,6763,616325.00,80
BSE,CRAVATEX,INE145E01017,X,344.05,357.00,344.05,347.50,351.00,168,58771.00,19
BSE,CRAZY,INE0RBX01014,M,60.00,60.00,60.00,60.00,61.00,3000,180000.00,1
BSE,CREATIVE,INE146E01015,X,605.45,605.45,590.00,603.45,617.80,188,113353.00,14
BSE,CREATIVEYE,INE230B01021,B,5.71,6.65,5.71,6.44,6.41,117,692.00,11
BSE,CREDITACC,INE741K01010,A,1559.65,1559.65,1510.00,1523.65,1546.60,5873,8972135.00,356
BSE,CRESCENTIS,INE754C01010,X,113.95,114.60,110.55,113.15,109.50,1692,190199.00,32
BSE,CRISIL,INE007A01025,A,4591.65,4621.65,4492.15,4604.60,4547.65,3393,15510315.00,501
BSE,CRIZAC,INE0S4R01014,B,195.00,195.00,184.05,187.85,185.05,8163,1527068.00,389
BSE,CROISSANCE,INE587J01027,X,1.26,1.42,1.24,1.41,1.23,155976,208605.00,108
BSE,CROMPTON,INE299U01018,A,270.85,270.85,248.35,249.65,268.00,1764100,447160337.00,12519
BSE,CROPSTER,INE293E01031,T,4.84,5.08,4.84,5.08,4.84,22768071,115322864.00,13352
BSE,CRSL,INE716D01033,X,2.15,2.19,2.10,2.15,2.16,280321,605043.00,493
BSE,CRSTCHM,INE293N01016,XT,122.00,129.95,122.00,127.50,127.75,287,35811.00,17
BSE,CRYOGENIC,INE0TL001013,MT,330.00,340.00,325.20,339.00,340.00,11250,3706200.00,15
BSE,CRYSTAL,INE994R01028,XT,2.01,2.06,1.95,2.04,1.97,113532,230553.00,93
BSE,CSBBANK,INE679A01013,A,325.35,325.35,315.55,317.00,323.30,31710,10218806.00,593
BSE,CSL,INE183Q01020,X,12.00,12.05,11.61,11.71,11.98,57039,671179.00,128
BSE,CSLFINANCE,INE718F01018,B,212.50,217.00,212.50,215.10,213.10,2798,603001.00,62
BSE,CSM,INE0ZK601013,B,100.80,103.90,100.65,102.10,102.75,17029,1732681.00,473
BSE,CSURGSU,INE405H01018,X,85.00,85.00,85.00,85.00,81.63,248,21080.00,7
BSE,CTCL,INE931X01010,M,220.00,265.90,220.00,265.90,272.00,2250,553425.00,3
BSE,CTE,INE627H01017,B,39.10,39.29,37.05,37.53,37.99,1065,40801.00,13
BSE,CTL,INE172D01021,XT,29.15,29.50,27.90,29.44,28.65,132912,3863760.00,158
BSE,CUB,INE491A01021,A,208.45,214.80,207.75,211.80,208.45,331368,70262424.00,3322
BSE,CUBEINVIT,INE0NR623014,IF,140.00,159.45,140.00,158.79,158.36,12116,1916742.00,304
BSE,CUBEXTUB,INE144D01012,B,82.00,82.00,79.75,79.91,79.75,1813,146317.00,68
BSE,CUBIFIN,INE717D01023,XT,5.50,5.50,5.50,5.50,5.61,65117,358143.00,44
BSE,CUMMINSIND,INE298A01020,A,5391.20,5471.00,5350.00,5420.00,5390.20,8888,48242018.00,2240
BSE,CUPID,INE509F01029,A,264.75,267.00,240.00,262.25,262.55,3872258,998233633.00,30074
BSE,CUPIDALBV,INE108G01010,XT,29.00,29.00,27.00,27.14,27.92,70582,1935065.00,388
BSE,CWD,INE0H8H01019,MS,317.00,320.00,303.00,317.45,311.30,41000,12793750.00,62
BSE,CYBELEIND,INE183D01010,X,44.99,46.74,42.60,46.74,43.56,3507,156454.00,34
BSE,CYBERMEDIA,INE278G01037,T,16.62,16.62,16.00,16.44,16.29,33,541.00,4
BSE,CYBERTECH,INE214A01019,T,139.95,139.95,136.05,138.95,138.35,917,125721.00,24
BSE,CYIENT,INE136B01020,A,854.90,863.15,852.00,857.30,854.40,18859,16169453.00,1090
BSE,CYIENTDLM,INE055S01018,B,662.85,692.00,659.00,683.15,662.75,95805,65195258.00,2563
BSE,DABUR,INE016A01026,A,410.50,413.25,408.55,411.00,414.00,112608,46254865.00,3088
BSE,DACHEPALLI,INE1F9M01018,MT,77.95,77.95,73.15,77.24,76.49,9600,729852.00,7
BSE,DAICHI,INE928C01010,T,312.50,325.80,311.10,322.80,325.85,1158,363471.00,18
BSE,DAIKAFFI,INE789B01018,XT,47.00,48.99,46.50,48.90,47.20,2538,121570.00,27
BSE,DALBHARAT,INE00R701025,A,1823.00,1832.30,1796.55,1825.75,1824.00,2544,4625245.00,569
BSE,DALMIASUG,INE495A01022,B,393.05,411.00,393.05,404.20,395.95,15517,6245275.00,443
BSE,DAMCAPITAL,INE284H01025,B,154.00,154.20,151.30,151.80,154.10,19452,2975249.00,391
BSE,DAMODARIND,INE497D01022,T,28.50,28.50,27.02,27.17,28.35,572,16274.00,12
BSE,DANLAW,INE310B01013,XT,1198.30,1198.30,1198.30,1198.30,1141.25,3817,4573911.00,123
BSE,DANUBE,INE575D01041,XT,7.05,7.20,6.62,7.00,6.89,121663,838433.00,180
BSE,DARJEELING,INE830S01014,X,17.30,17.30,17.30,17.30,16.48,1277,22092.00,6
BSE,DARSHANORNA,INE671T01028,X,2.15,2.20,2.14,2.16,2.17,8821,19011.00,45
BSE,DATAMATICS,INE365B01017,A,850.05,869.10,850.05,865.15,852.50,5176,4461458.00,373
BSE,DATAPATTNS,INE0IX101010,A,4390.60,4447.55,4365.00,4382.15,4391.00,23767,104662745.00,2532
BSE,DAULAT,INE108C01019,X,26.05,27.29,26.05,27.03,27.29,588,15423.00,7
BSE,DAVANGERE,INE179G01029,B,3.08,3.14,3.08,3.11,3.10,215334,666564.00,250
BSE,DBCORP,INE950I01011,B,209.80,212.95,209.75,210.55,210.90,7240,1529589.00,213
BSE,DBEIL,INE0OPA01027,T,7.16,7.47,7.16,7.38,7.30,15375,112272.00,60
BSE,DBL,INE917M01012,A,461.00,461.00,445.00,449.55,453.95,24320,11089441.00,535
BSE,DBOL,INE0I3401014,B,110.31,115.98,109.30,113.07,110.26,10868,1211425.00,228
BSE,DBREALTY,INE879I01012,T,111.70,116.25,111.55,116.25,110.75,11311,1292786.00,145
BSE,DBSTOCKBRO,INE921B01025,T,32.19,32.48,31.32,32.40,32.17,405,12772.00,8
BSE,DCAL,INE385W01011,B,194.55,197.00,191.50,193.45,194.55,7011,1360729.00,156
BSE,DCBBANK,INE503A01015,A,196.35,196.35,190.95,192.60,194.80,882824,170581858.00,530
BSE,DCI,INE0A1101019,B,352.60,360.00,348.25,353.65,350.15,1480,524568.00,64
BSE,DCM,INE498A01018,T,80.57,80.74,79.80,80.74,83.91,734,59223.00,14
BSE,DCMFINSERV,INE891B01012,B,5.95,5.95,5.28,5.47,5.66,7369,40046.00,33
BSE,DCMNVL,INE08KP01019,T,163.00,163.80,163.00,163.80,156.00,1838,300189.00,12
BSE,DCMSHRIRAM,INE499A01024,A,1011.80,1030.75,1011.75,1017.75,1008.80,2911,2965799.00,159
BSE,DCMSIL,INE0OU201013,T,88.00,88.00,81.33,83.73,85.61,14279,1203767.00,86
BSE,DCMSRIND,INE843D01027,B,43.06,43.93,42.48,43.01,42.60,5422,232619.00,80
BSE,DCW,INE500A01029,B,47.24,47.24,46.21,46.48,46.64,66015,3076397.00,299
BSE,DCXINDIA,INE0KL801015,B,182.35,182.60,178.00,178.65,181.65,26150,4694780.00,594
BSE,DDEVPLSTIK,INE0HR601026,B,312.25,315.25,286.00,288.75,310.60,42757,12902598.00,1231
BSE,DECCAN,INE452W01019,T,13.55,13.55,12.60,13.00,13.08,3710,47735.00,20
BSE,DECCANCE,INE583C01021,B,581.90,584.95,577.55,582.90,577.00,218,126481.00,16
BSE,DECIPHER,INE643N01012,X,6.13,6.50,6.13,6.49,6.10,10580,67428.00,23
BSE,DECNGOLD,INE945F01025,B,229.00,233.20,214.80,215.90,225.75,751926,168061852.00,6809
BSE,DECOMIC,INE907E01010,X,60.32,60.33,60.32,60.32,63.49,212,12787.00,8
BSE,DECPO,INE132E01015,X,29.00,29.00,28.00,28.00,29.00,18,505.00,2
BSE,DEEDEV,INE841L01016,T,659.50,659.50,621.25,630.85,653.90,22264,13987601.00,561
BSE,DEEP,INE00IY01012,X,35.03,36.74,35.00,36.32,35.45,11847,429611.00,90
BSE,DEEPAI,INE005G01026,XT,2.01,2.06,1.97,2.01,1.99,362082,726053.00,422
BSE,DEEPAKCHEM,INE0RDM01013,M,82.45,88.00,82.45,86.80,82.86,8800,757480.00,11
BSE,DEEPAKFERT,INE501A01019,A,1558.00,1574.25,1530.00,1537.95,1558.75,8212,12723733.00,684
BSE,DEEPAKNTR,INE288B01029,A,1759.00,1836.50,1759.00,1795.50,1749.70,79006,142141659.00,4075
BSE,DEEPAKSP,INE272C01013,X,140.75,142.00,127.55,131.30,142.75,13969,1920012.00,204
BSE,DEEPINDS,INE0FHS01024,B,623.95,657.85,623.95,638.30,625.30,29062,18714868.00,1245
BSE,DEL,INE413F01016,X,132.65,137.00,132.65,137.00,132.65,50,6697.00,3
BSE,DELHIVERY,INE148O01028,A,464.75,479.95,463.95,471.10,469.90,525417,247440525.00,5076
BSE,DELPHIFX,INE726L01027,T,6.80,6.85,6.65,6.85,6.80,1967,13390.00,21
BSE,DELTA,INE681Q01015,X,10.71,10.71,10.71,10.71,10.20,208,2227.00,2
BSE,DELTACORP,INE124G01033,B,63.93,63.93,63.20,63.33,63.42,29660,1879985.00,214
BSE,DELTAMAGNT,INE393A01011,B,60.45,60.45,57.60,58.00,58.27,1278,75189.00,12
BSE,DEN,INE947J01015,B,27.62,27.62,27.23,27.35,27.31,3772,103271.00,113
BSE,DENISCHEM,INE051G01012,X,69.95,69.95,68.20,69.47,69.35,34819,2397474.00,129
BSE,DENORA,INE244A01016,B,896.90,896.90,871.35,876.45,879.20,241,211358.00,30
BSE,DENTA,INE0R4L01018,B,331.50,338.00,331.50,334.35,335.35,6708,2244273.00,309
BSE,DESCO,INE0TGG01014,MT,185.90,188.85,182.00,183.50,184.50,16500,3057425.00,33
BSE,DEVIT,INE060X01034,B,27.30,27.81,26.78,26.88,27.20,4037,109521.00,42
BSE,DEVLAB,INE0NIJ01025,M,18.22,18.62,18.21,18.62,19.16,12000,220200.00,3
BSE,DEVSON,INE2KRP01017,M,248.95,248.95,238.55,241.70,244.90,42000,10161720.00,35
BSE,DEVX,INE0VOV01021,B,34.95,34.95,33.75,33.94,34.50,5359,183366.00,40
BSE,DEVYANI,INE872J01023,A,123.30,135.95,122.65,134.85,123.80,889486,116303696.00,6619
BSE,DFL,INE848N01017,X,35.51,35.80,35.50,35.61,35.50,1825,64966.00,16
BSE,DFPL,INE0S6R01027,M,14.49,14.49,14.00,14.00,14.00,14000,196980.00,4
BSE,DGCONTENT,INE03JI01017,B,25.00,26.56,24.06,25.95,25.50,11100,283873.00,62
BSE,DGL,INE01GR01018,MT,0.99,1.00,0.98,1.00,0.99,8000,7940.00,4
BSE,DHABRIYA,INE260R01016,X,479.90,479.90,456.15,470.50,474.15,26423,12317565.00,477
BSE,DHAMPURE,INE956B01013,X,135.90,144.90,127.35,143.25,131.00,34642,4749080.00,208
BSE,DHAMPURSUG,INE041A01016,B,148.35,152.30,148.35,150.70,148.80,13906,2103328.00,390
BSE,DHANBANK,INE680A01011,B,32.80,33.18,32.20,32.97,32.70,68965,2256592.00,205
BSE,DHANCOT,INE977F01010,XT,132.80,132.80,132.80,132.80,132.80,60,7968.00,4
BSE,DHANROTO,INE220C01012,X,73.50,77.35,72.60,74.55,74.98,688,51569.00,17
BSE,DHANSAFAL,INE195E01020,X,2.33,2.45,2.28,2.36,2.29,111588,260674.00,81
BSE,DHANUKA,INE435G01025,B,1020.25,1026.60,1010.95,1022.05,1017.85,1828,1865235.00,161
BSE,DHARAN,INE278R01034,Z,0.19,0.19,0.19,0.19,0.19,149655,28434.00,47
BSE,DHARFIN,INE899D01011,XT,13.31,13.31,13.00,13.00,12.68,1147,15190.00,14
BSE,DHARMAJ,INE00OQ01016,B,267.40,267.90,262.50,266.25,263.45,966,256885.00,66
BSE,DHATRE,INE715T01031,X,4.03,4.15,4.03,4.10,4.10,34672,141468.00,98
BSE,DHAVAL,INE1HX301016,MT,108.50,112.50,106.15,111.32,111.68,279600,30641328.00,181
BSE,DHENUBUILD,INE758D01027,Z,7.85,8.30,7.60,8.23,8.00,23897,184598.00,93
BSE,DHILLON,INE0SPJ01011,M,29.60,30.00,29.60,30.00,30.71,3200,95360.00,2
BSE,DHINDIA,INE589D01018,X,175.25,182.75,175.20,179.20,181.45,16311,2947958.00,84
BSE,DHOOTIN,INE313G01016,X,279.00,279.00,262.10,268.95,268.00,4392,1183199.00,80
BSE,DHPIND,INE590D01016,X,515.25,529.00,515.25,522.00,513.15,346,180742.00,28
BSE,DHRUV,INE506Z01015,T,24.40,24.40,23.60,24.05,24.70,265,6322.00,11
BSE,DHRUVCA,INE972E01014,X,100.20,108.70,100.20,100.20,105.45,13844,1387639.00,111
BSE,DHYAANITR,INE0K5F01014,MT,6.15,6.16,6.15,6.16,6.17,240800,1481480.00,14
BSE,DIACABS,INE989C01038,T,359.80,366.50,353.00,365.05,349.05,317486,115178385.00,2475
BSE,DIAMINESQ,INE591D01014,B,267.00,267.15,260.65,265.80,263.95,184,48392.00,31
BSE,DIAMONDYD,INE393P01035,B,1175.00,1240.65,1161.40,1231.50,1168.25,7206,8714303.00,531
BSE,DIANATEA,INE012E01035,X,25.74,26.39,24.60,26.29,25.06,17750,458097.00,85
BSE,DIDL,INE642P01019,X,9.00,9.90,8.96,9.90,9.00,4464,41167.00,7
BSE,DIFFNKG,INE184O01015,B,453.05,453.05,434.60,440.05,445.40,12643,5609862.00,405
BSE,DIGIDRIVE,INE0PSC01024,B,17.49,18.00,17.09,17.47,17.49,956,16726.00,25
BSE,DIGILOGIC,INE1OOT01028,MT,162.85,170.95,162.85,170.95,162.85,62400,10605360.00,48
BSE,DIGISPICE,INE927C01020,T,17.27,17.77,16.82,17.64,17.28,32496,560081.00,72
BSE,DIGITIDE,INE0U4701011,B,98.00,107.60,97.80,103.55,99.15,61200,6296340.00,648
BSE,DIGJAMLMTD,INE731U01028,B,47.80,49.49,47.31,47.31,47.64,978,46748.00,6
BSE,DIKSHA,INE1OSI01014,M,146.00,146.00,139.00,140.00,140.00,10800,1513200.00,8
BSE,DILIGENT,INE650C01036,X,2.29,2.49,2.06,2.11,2.24,114942,257465.00,215
BSE,DISAQ,INE131C01011,B,12179.00,12179.00,11685.00,11853.60,11692.80,19,224607.00,17
BSE,DISHTV,INE836F01026,T,2.75,2.91,2.74,2.90,2.78,632249,1818672.00,553
BSE,DITCO,INE183R01010,X,11.26,12.80,11.26,11.68,12.25,8936,107557.00,27
BSE,DIVGIITTS,INE753U01022,B,988.60,1056.20,988.60,1049.35,986.60,12915,13438711.00,918
BSE,DIVISLAB,INE361B01024,A,8289.95,8330.90,8237.50,8248.50,8291.55,68704,569912306.00,2793
BSE,DIVSHKT,INE410G01010,X,50.90,50.90,50.00,50.00,50.90,133,6754.00,9
BSE,DIXON,INE935N01020,A,14189.90,14287.60,14047.05,14119.95,14200.00,21494,304395762.00,4462
BSE,DJML,INE0B1K01014,B,110.50,114.05,109.00,113.05,111.05,44738,5013753.00,211
BSE,DJSSS,INE234E01027,X,1.58,1.66,1.58,1.66,1.66,16418,26428.00,53
BSE,DKUAL,INE0QXT01018,M,7.50,7.80,7.35,7.80,7.51,20000,151500.00,8
BSE,DLCL,INE871Z01013,M,7.17,7.17,7.17,7.17,7.54,4000,28680.00,1
BSE,DLF,INE271C01023,A,633.15,649.85,633.15,645.00,642.90,81287,52382169.00,2324
BSE,DLINKINDIA,INE250K01012,B,447.00,447.00,438.00,445.15,442.75,9103,4011648.00,398
BSE,DLTNCBL,INE872E01016,X,464.00,467.70,450.00,459.90,451.40,2626,1200895.00,106
BSE,DMART,INE192R01011,A,3957.95,3957.95,3886.90,3890.25,3941.00,15950,62351809.00,2605
BSE,DMCC,INE505A01010,B,281.70,286.00,275.00,278.00,279.60,7378,2078368.00,589
BSE,DMR,INE07L501010,M,26.71,26.71,26.71,26.71,28.99,3900,104169.00,1
BSE,DNAMEDIA,INE016M01021,B,2.95,2.95,2.73,2.85,2.80,2716,7656.00,20
BSE,DODLA,INE021O01019,A,1040.00,1046.95,1036.70,1042.00,1047.40,50589,52713636.00,72
BSE,DOLATALGO,INE966A01022,B,67.00,71.93,65.10,70.98,67.40,34582,2389604.00,482
BSE,DOLFIN,INE666Y01010,B,161.05,167.05,161.05,164.60,163.25,2261,371229.00,115
BSE,DOLLAR,INE325C01035,B,288.45,288.45,278.00,280.10,282.20,13396,3794353.00,345
BSE,DOLPHIN,INE920A01037,B,408.00,415.20,403.20,410.50,406.50,1508,619751.00,226
BSE,DOMS,INE321T01012,A,2270.00,2270.00,2230.00,2260.85,2251.20,23535,53168843.00,319
BSE,DONEAR,INE668D01028,B,85.00,85.00,83.00,84.53,84.16,909,76834.00,16
BSE,DPABHUSHAN,INE266Y01019,B,1450.40,1455.95,1432.80,1440.40,1456.50,302,435114.00,72
BSE,DPL,INE0MC401013,M,4.46,4.96,4.46,4.89,4.46,153000,732840.00,43
BSE,DPWIRES,INE864X01013,T,167.50,170.65,162.40,165.00,169.40,1272,215190.00,28
BSE,DRAGARWQ,INE934C01018,B,5280.00,5311.05,5222.00,5251.45,5250.15,187,984129.00,53
BSE,DRCSYSTEMS,INE03RS01027,B,15.00,15.00,13.18,13.45,13.76,19930,267059.00,103
BSE,DREAMFOLKS,INE0JS101016,B,68.04,71.90,68.04,70.85,70.75,11795,831985.00,248
BSE,DREDGECORP,INE506A01018,B,1088.05,1097.95,1066.25,1070.35,1099.20,3983,4316400.00,355
BSE,DRL,INE193D01019,XT,26.03,27.30,24.73,27.05,26.03,280756,6948730.00,41
BSE,DRONACHRYA,INE0MQD01015,M,36.91,36.91,36.01,36.19,36.72,32000,1158190.00,31
BSE,DRREDDY,INE089A01031,A,1165.20,1172.65,1162.10,1172.00,1175.00,65188,76071600.00,4777
BSE,DSFCL,INE0OFM01015,T,25.46,25.46,25.46,25.46,25.97,250,6365.00,13
BSE,DSSL,INE417B01040,B,1235.20,1265.00,1216.45,1227.55,1239.65,2020,2512877.00,287
BSE,DTIL,INE341R01014,B,133.00,134.00,131.65,133.90,133.35,136,18215.00,16
BSE,DUCON,INE741L01018,B,3.20,3.23,3.05,3.18,3.06,60563,192757.00,93
BSE,DUKEOFS,INE397G01019,XT,42.18,42.18,42.18,42.18,41.36,6031,254387.00,24
BSE,DUNCANENG,INE340F01011,X,376.10,384.95,363.10,370.00,369.90,896,331766.00,31
BSE,DUROPACK,INE138B01018,X,60.66,60.66,56.02,56.19,56.79,185,10465.00,9
BSE,DUROPLY,INE932D01010,X,111.95,111.95,107.00,108.00,108.25,9096,987545.00,36
BSE,DUTRON,INE940C01015,X,101.05,104.95,96.00,99.85,101.05,1074,104158.00,17
BSE,DVL,INE477B01010,B,274.75,276.00,265.70,267.15,272.80,1564,422972.00,209
BSE,DWARKESH,INE366A01041,B,40.26,41.28,40.26,40.83,40.39,35107,1433422.00,269
BSE,DYCL,INE600Y01019,B,408.50,410.85,400.70,402.20,402.20,5018,2026364.00,379
BSE,DYNAMATECH,INE221B01012,A,11400.00,11863.65,11013.10,11273.75,11389.45,1168,13521383.00,436
BSE,DYNAMICP,INE118C01018,X,16.89,16.90,15.76,15.76,16.34,620,10249.00,6
BSE,DYNAMIND,INE457C01010,X,104.10,106.90,104.00,104.05,106.20,1080,113680.00,15
BSE,DYNAVSN,INE083E01010,X,216.00,216.00,210.00,210.10,210.10,398,84282.00,12
BSE,DYNPRO,INE256H01015,B,261.75,264.00,255.75,264.00,261.75,1211,317327.00,36
BSE,E2E,INE255Z01027,B,597.95,615.00,575.30,575.30,605.55,181123,105490440.00,4374
BSE,EASEMYTRIP,INE07O001026,B,6.61,6.65,6.58,6.59,6.61,567332,3751438.00,1112
BSE,EASTBUILD,INE706N01017,XT,52.00,52.70,47.74,47.74,50.25,133,6784.00,5
BSE,EASTINDIA,INE191C01023,XT,105.00,109.90,105.00,105.10,105.00,2560,274743.00,37
BSE,EASTRED,INE500D01015,X,31.50,31.50,29.00,30.31,29.95,392,12009.00,19
BSE,EASTWEST,INE595R01023,X,2.53,2.65,2.43,2.45,2.54,140061,346837.00,162
BSE,EBGNG,INE18JU01028,B,521.30,529.50,514.15,525.90,523.65,24895,12990613.00,905
BSE,EBIX,INE432F01032,XT,19.36,19.98,19.01,19.36,19.51,81281,1583217.00,276
BSE,ECLERX,INE738I01010,A,1869.70,1894.40,1756.25,1770.75,1869.75,72264,130200030.00,1341
BSE,ECOBOAR,INE866A01016,X,56.45,57.10,56.45,56.45,56.39,562,31758.00,7
BSE,ECOFINITY,INE360S01012,X,69.65,69.70,65.28,68.47,68.62,2163,148226.00,23
BSE,ECOHOTELS,INE638N01012,XT,11.55,11.60,11.55,11.60,11.60,9860,114370.00,13
BSE,ECOPLAST,INE423D01010,X,492.90,508.00,480.00,482.00,486.60,887,429493.00,44
BSE,ECORECO,INE316A01038,XT,490.60,501.00,484.00,498.45,490.60,11098,5482923.00,460
BSE,ECOSMOBLTY,INE06HJ01020,T,131.30,133.95,128.70,132.80,131.30,3326,436997.00,48
BSE,EDELWEISS,INE532F01054,A,121.65,121.65,117.60,118.30,121.15,198536,23571247.00,1400
BSE,EDVENSWA,INE125G01014,XT,22.50,22.99,21.38,21.54,22.50,17700,386633.00,86
BSE,EFCIL,INE886D01026,B,185.05,189.30,183.00,186.40,187.45,21356,3959962.00,294
BSE,EFORU,INE355H01015,X,97.86,97.86,91.36,97.45,94.87,4857,462107.00,85
BSE,EICHERMOT,INE066A01021,A,7949.95,8067.10,7945.65,8005.00,7930.00,13722,109961806.00,3084
BSE,EIDPARRY,INE126A01031,A,807.50,818.00,800.00,804.50,810.10,91289,73867142.00,1117
BSE,EIEL,INE0LLY01014,B,214.55,216.90,211.95,212.95,215.60,69269,14780101.00,957
BSE,EIHAHOTELS,INE276C01014,B,305.00,315.20,296.85,302.55,311.90,4297,1311830.00,368
BSE,EIHOTEL,INE230A01023,A,320.00,322.45,304.25,306.70,326.05,1388067,431901099.00,3336
BSE,EIKO,INE666Q01016,X,49.88,50.23,48.30,48.66,49.88,5931,291888.00,80
BSE,EIMCOELECO,INE158B01016,B,1827.00,1877.55,1783.95,1847.40,1808.55,623,1129011.00,229
BSE,EKAMLEA,INE906L01025,XT,7.58,7.60,7.58,7.60,7.51,2,15.00,2
BSE,EKANSH,INE005E01013,X,236.85,236.85,229.05,234.80,232.25,2916,673982.00,52
BSE,EKC,INE184H01027,B,110.40,113.75,110.30,112.45,111.80,17973,2028570.00,328
BSE,EKI,INE0CPR01018,B,83.00,84.88,83.00,84.25,83.73,6209,522690.00,219
BSE,ELAND,INE311H01018,X,13.00,14.42,12.30,12.79,13.00,16511,204614.00,72
BSE,ELANGO,INE594D01018,XT,9.98,9.98,9.98,9.98,9.51,100,998.00,1
BSE,ELANTAS,INE280B01018,B,11650.05,12497.00,11650.05,12324.95,12385.05,207,2529348.00,131
BSE,ELCIDIN,INE927X01018,B,111010.00,112493.00,111010.00,112493.00,111010.00,2,223503.00,2
BSE,ELDEHSG,INE668G01021,B,740.00,766.10,739.20,760.00,726.50,151,112758.00,40
BSE,ELECON,INE205B01031,A,454.65,454.65,432.00,437.65,450.45,64556,28451757.00,1247
BSE,ELECTCAST,INE086A01029,A,73.08,73.36,71.20,72.01,72.11,117248,8482362.00,795
BSE,ELECTHERM,INE822G01016,B,996.50,1024.10,992.20,999.60,998.65,383,388715.00,34
BSE,ELEFLOR,INE152E01013,X,4.98,5.20,4.98,5.14,4.93,36954,188724.00,70
BSE,ELEMARB,INE095B01010,X,175.80,178.70,175.70,178.55,171.15,74,13159.00,17
BSE,ELFIN,INE1FEW01013,MT,82.10,82.10,82.10,82.10,82.00,3000,246300.00,1
BSE,ELFORGE,INE158F01017,X,18.00,18.48,18.00,18.08,18.25,7662,139409.00,39
BSE,ELGIEQUIP,INE285A01027,A,593.95,596.45,583.95,588.30,589.40,9506,5606902.00,465
BSE,ELIN,INE050401020,B,100.00,101.10,96.00,96.50,101.90,20055,1969453.00,282
BSE,ELITECON,INE669R01026,B,18.86,19.23,17.90,18.10,18.57,5245165,94325056.00,824
BSE,ELIXIR,INE785D01012,X,108.00,111.30,96.20,103.40,107.25,8458,877594.00,142
BSE,ELLEN,INE236E01022,B,281.00,304.50,280.80,291.80,280.80,127661,37797388.00,3200
BSE,ELNET,INE033C01019,X,317.00,321.80,313.00,320.95,316.40,1249,394899.00,34
BSE,ELPROINTL,INE579B01039,B,178.40,180.40,178.40,179.75,177.85,4017,720806.00,55
BSE,EMAINDIA,INE279D01016,XT,634.35,634.35,634.35,634.35,647.25,451,286091.00,16
BSE,EMAMILTD,INE548C01032,A,406.00,416.00,404.50,411.80,409.10,49581,20349561.00,1264
BSE,EMAMIPAP,INE830C01026,T,114.40,114.40,107.35,109.35,112.00,1206,132708.00,23
BSE,EMAMIREAL,INE778K01012,T,75.00,75.49,74.75,75.49,78.45,1071,80512.00,17
BSE,EMBASSY,INE041025011,IF,442.99,442.99,439.29,441.44,440.87,6955,3065957.00,451
BSE,EMBDL,INE069I01010,A,60.13,63.45,60.12,62.92,60.68,102068,6344257.00,848
BSE,EMCURE,INE168P01015,A,1939.95,1990.00,1939.95,1977.10,1936.10,6928,13674297.00,759
BSE,EMERALD,INE030Q01015,X,50.81,52.98,50.06,52.51,51.10,41616,2139265.00,306
BSE,EMERALL,INE044N01021,X,189.50,225.00,189.50,208.20,189.50,19910,4086462.00,163
BSE,EMERGENT,INE668L01013,XT,390.00,419.00,380.00,385.55,400.00,95,36863.00,23
BSE,EMIAC,INE1OSW01015,M,92.93,94.00,92.93,94.00,92.00,3600,335832.00,3
BSE,EMIL,INE02YR01019,B,150.00,171.25,143.80,165.70,149.95,2086357,325366848.00,16649
BSE,EMKAY,INE296H01011,B,242.65,243.60,237.60,241.20,243.20,1168,280121.00,37
BSE,EMMBI,INE753K01015,T,84.00,84.00,83.89,83.90,83.78,475,39864.00,6
BSE,EMMESSA,INE634B01016,X,24.88,25.65,24.24,25.65,25.40,455,11166.00,9
BSE,EMMFORCE,INE0SDC01012,MT,182.00,182.50,180.75,182.50,182.95,14400,2616840.00,12
BSE,EMMVEE,INE1C6T01020,B,325.55,327.05,316.65,319.05,328.05,58612,18767633.00,1841
BSE,EMPIND,INE515H01014,X,1085.00,1090.00,1078.00,1088.65,1081.15,784,849817.00,62
BSE,EMPOWER,INE507F01023,T,2.44,2.44,2.44,2.44,2.56,117539,286795.00,193
BSE,EMROCK,INE554H01021,XT,266.95,266.95,266.95,266.95,266.95,1060,282967.00,18
BSE,EMSLIMITED,INE0OV601013,B,411.30,414.35,402.00,404.45,405.80,8251,3354047.00,286
BSE,EMUDHRA,INE01QM01018,B,546.20,546.65,532.00,538.90,539.00,6760,3652213.00,337
BSE,ENBETRD,INE993I01029,X,0.28,0.29,0.27,0.28,0.29,4414953,1244656.00,372
BSE,ENCODE,INE900O01014,X,11.02,11.92,11.02,11.03,11.39,175,1954.00,4
BSE,ENDURANCE,INE913H01037,A,2876.10,2926.35,2876.05,2905.65,2876.10,6182,17981180.00,886
BSE,ENERGYDEV,INE306C01019,B,17.00,17.14,16.35,16.52,16.90,8055,135036.00,75
BSE,ENERGYINF,INE05KD23015,IF,75.81,76.34,75.50,75.50,75.80,1400000,106305250.00,19
BSE,ENGINERSIN,INE510A01028,A,238.85,242.50,238.50,240.55,242.30,57397,13791281.00,992
BSE,ENIL,INE265F01028,B,108.05,108.55,101.10,102.30,106.90,6364,660518.00,348
BSE,ENKEIWHEL,INE130L01014,X,430.00,430.00,390.00,391.05,366.90,63423,25800149.00,1167
BSE,ENRIN,INE1NPP01017,A,3402.35,3733.10,3402.35,3648.75,3251.95,548769,1991153006.00,25605
BSE,ENTERO,INE010601016,B,1243.00,1254.45,1230.00,1245.45,1241.55,1952,2423907.00,249
BSE,ENTRINT,INE439G01019,X,19.89,19.89,19.00,19.89,18.95,860,16687.00,15
BSE,ENVAIREL,INE601C01013,XT,48.80,49.00,48.80,48.80,49.79,1389,67783.00,11
BSE,EPACK,INE0G5901015,B,227.35,235.05,227.35,229.80,227.55,20706,4798060.00,583
BSE,EPACKPEB,INE0MLS01022,B,248.35,256.05,245.65,246.20,248.35,36981,9284770.00,979
BSE,EPBIO,INE0D2I01014,M,94.55,94.55,94.55,94.55,111.00,1000,94550.00,1
BSE,EPIC,INE932F01015,X,33.88,34.25,33.08,33.20,33.72,1806,60727.00,41
BSE,EPIGRAL,INE071N01016,B,1097.15,1110.50,1094.75,1101.70,1097.15,1595,1757964.00,184
BSE,EPL,INE255A01020,A,230.00,230.95,223.70,226.10,228.80,16908,3849797.00,257
BSE,EPUJA,INE807D01030,X,1.37,1.37,1.33,1.34,1.36,148621,198278.00,76
BSE,EQUIPPP,INE217G01035,T,22.51,24.09,22.51,23.51,23.00,8806,205209.00,22
BSE,EQUITASBNK,INE063P01018,A,76.05,76.06,75.00,75.17,76.06,19485,1470459.00,268
BSE,ERIS,INE406M01024,A,1390.00,1390.00,1370.00,1384.00,1389.45,2319,3198530.00,171
BSE,ESABINDIA,INE284A01012,B,5615.00,5656.00,5585.50,5649.00,5625.10,85,477515.00,45
BSE,ESAFSFB,INE818W01011,B,41.73,42.49,39.42,40.22,42.47,305188,12621169.00,1551
BSE,ESARIND,INE404L01039,X,11.36,11.39,10.44,11.19,10.94,6055,67718.00,34
BSE,ESCORP,INE953W01016,B,100.05,104.35,99.90,103.00,100.00,765,77356.00,17
BSE,ESCORTS,INE042A01014,A,3089.15,3089.15,3045.00,3074.10,3077.75,3294,10113042.00,378
BSE,ESHAMEDIA,INE328F01016,XT,49.98,49.98,49.98,49.98,51.00,590,29488.00,11
BSE,ESPIRE,INE176O01011,X,160.00,164.25,158.10,163.75,162.95,564,92393.00,22
BSE,ESSARSHPNG,INE122M01019,B,19.80,20.18,19.80,19.91,19.91,19487,388484.00,182
BSE,ESSENTIA,INE418N01035,T,1.23,1.25,1.22,1.25,1.26,445600,550736.00,144
BSE,ESSEX,INE1IBY01019,MT,39.00,39.85,37.58,38.48,39.55,12000,460980.00,6
BSE,ESTER,INE778B01029,B,89.14,89.14,87.15,87.83,88.42,2484,218910.00,98
BSE,ETERNAL,INE758T01015,A,313.20,316.90,313.15,315.45,317.00,829164,261049114.00,9221
BSE,ETHOSLTD,INE04TZ01018,A,2858.35,2858.35,2746.30,2786.75,2823.40,2150,6000945.00,303
BSE,ETIL,INE937K01014,X,6.70,7.14,6.34,6.61,6.67,2919,19330.00,36
BSE,EUPHORIAIT,INE0PYT01018,M,34.30,34.30,34.30,34.30,34.00,1200,41160.00,1
BSE,EUREKAFORB,INE0KCE01017,A,456.75,458.15,448.00,451.30,459.55,6878,3113714.00,327
BSE,EUREKAI,INE958A01011,XT,5.78,5.78,5.78,5.78,6.08,23882,138037.00,61
BSE,EUROBOND,INE505V01016,B,163.00,164.90,161.50,161.50,161.50,2012,327958.00,149
BSE,EUROLED,INE940E01011,X,23.50,23.50,21.45,22.35,22.57,17516,385316.00,172
BSE,EUROPRATIK,INE198501012,B,304.85,320.15,304.85,313.80,308.05,6565,2062897.00,150
BSE,EVANS,INE06TD01010,M,69.99,72.87,69.99,71.39,69.92,4000,285650.00,4
BSE,EVEREADY,INE128A01029,B,358.15,360.95,350.70,356.45,357.45,4222,1503475.00,183
BSE,EVERESTIND,INE295A01018,T,470.10,486.00,463.50,470.00,479.00,874,413751.00,35
BSE,EVERESTO,INE334C01029,X,319.00,319.00,297.05,299.40,307.15,155,46715.00,17
BSE,EVERFIN,INE339D01034,X,106.70,109.90,105.00,105.00,107.20,406,42822.00,7
BSE,EVEXIA,INE313M01030,XT,1.47,1.50,1.43,1.49,1.43,4163888,6152821.00,666
BSE,EVOQ,INE0JVD01011,MT,1.95,1.95,1.82,1.92,1.91,72000,133560.00,18
BSE,EXATO,INE1E4401010,MT,655.00,660.00,610.00,625.55,631.95,15500,10023425.00,29
BSE,EXCELINDUS,INE369A01029,B,1041.00,1041.00,1025.00,1030.00,1043.10,98,100778.00,15
BSE,EXCELSOFT,INE606N01019,B,83.10,86.50,82.60,83.35,83.26,100614,8486865.00,663
BSE,EXHICON,INE0O8901016,M,488.50,493.00,472.50,479.35,496.90,21750,10463050.00,68
BSE,EXICOM,INE777F01014,B,171.35,173.00,158.00,158.95,169.40,113273,18470435.00,1630
BSE,EXIDEIND,INE302A01020,A,473.40,492.50,471.00,490.30,473.75,385137,187051236.00,8573
BSE,EXPLEOSOL,INE201K01015,B,818.55,839.00,818.55,834.20,821.80,2987,2471533.00,177
BSE,EXPLICITFIN,INE335G01019,X,7.80,7.80,7.80,7.80,7.94,127,990.00,4
BSE,EXPOEAPL,INE561D01025,X,80.80,82.00,78.00,79.00,79.23,32317,2580238.00,63
BSE,EXXARO,INE0GFE01026,B,6.10,6.35,6.10,6.23,6.29,14353,89148.00,62
BSE,EY,INE750G01019,XT,667.00,680.00,663.00,680.00,697.15,201,133680.00,3
BSE,FABCLEAN,INE0HSD01011,MT,395.00,395.00,385.00,385.00,395.00,1200,470000.00,3
BSE,FABTECH,INE0HF201011,B,149.65,153.00,147.75,149.25,150.60,4863,726653.00,112
BSE,FACORALL,INE828G01013,XT,3.55,3.56,3.41,3.43,3.52,31930,112242.00,94
BSE,FACT,INE188A01015,B,840.00,844.70,836.00,839.10,842.70,2551,2140327.00,324
BSE,FAIRCHEMOR,INE0DNW01011,T,747.35,748.00,747.35,748.00,762.60,1477,1104665.00,34
BSE,FAMILYCARE,INE146N01016,X,2.70,2.80,2.65,2.76,2.73,49680,134486.00,170
BSE,FAZE3Q,INE963C01033,B,552.50,583.00,552.50,571.40,538.10,276,157637.00,42
BSE,FCL,INE045J01034,B,41.70,43.30,40.90,41.61,41.85,894726,37948673.00,3049
BSE,FCSSOFT,INE512B01022,B,1.47,1.50,1.46,1.47,1.47,618513,914129.00,180
BSE,FDC,INE258B01022,B,371.65,375.00,367.30,370.20,370.20,21155,7828976.00,585
BSE,FEDDERSHOL,INE417D01020,B,42.84,43.99,41.84,43.30,42.10,30431,1301986.00,222
BSE,FEDERALBNK,INE171A01029,A,353.40,359.55,350.80,358.80,352.05,72802,25838737.00,1737
BSE,FEDFINA,INE007N01010,B,152.55,152.55,148.70,149.55,152.55,75685,11393463.00,709
BSE,FEL,INE623B01027,Z,0.49,0.49,0.49,0.49,0.49,840,411.00,5
BSE,FERMENTA,INE225B01021,B,561.65,568.00,546.35,559.55,551.60,16610,9256896.00,499
BSE,FERVENTSYN,INE258M01011,X,15.23,15.23,14.58,14.58,15.23,591,8984.00,3
BSE,FGP,INE512A01016,X,12.10,13.20,11.62,12.07,12.10,2979,36315.00,33
BSE,FIBERWEB,INE296C01020,B,28.96,30.60,28.96,29.41,28.96,233,6846.00,7
BSE,FIEMIND,INE737H01014,B,2479.60,2607.25,2470.00,2582.05,2479.05,15022,38500501.00,1378
BSE,FILATEX,INE816B01035,B,81.95,85.29,81.53,83.10,81.62,119818,10025405.00,846
BSE,FILATFASH,INE185E01021,T,0.19,0.19,0.19,0.19,0.19,685554,130255.00,274
BSE,FILME,INE600B01033,XT,1.32,1.42,1.32,1.36,1.38,7402,9938.00,39
BSE,FILTRON,INE589N01017,XT,74.71,74.71,74.71,74.71,73.25,502,37504.00,6
BSE,FINCABLES,INE235A01022,A,1045.30,1045.30,1015.00,1022.15,1034.45,12996,13361087.00,745
BSE,FINELINE,INE087E01011,XT,72.25,72.25,67.55,70.49,70.39,1056,72396.00,19
BSE,FINEORG,INE686Y01026,A,4999.70,5198.00,4999.70,5150.30,4993.15,3774,19271644.00,830
BSE,FINKURVE,INE734I01027,B,59.08,59.25,59.00,59.25,59.68,10117,597717.00,11
BSE,FINOPB,INE02NC01014,B,157.80,160.50,154.05,155.20,160.45,37267,5855630.00,978
BSE,FINPIPE,INE183A01024,A,164.75,166.25,162.95,164.30,171.50,129684,21341311.00,2567
BSE,FIRSTCRY,INE02RE01045,A,215.75,215.75,212.80,214.10,213.65,33247,7129913.00,689
BSE,FIRSTFIN,INE683B01047,XT,6.56,6.95,6.37,6.86,6.69,2880,19424.00,23
BSE,FISCHER,INE771F01041,B,38.10,38.81,37.28,38.06,37.55,126478,4806621.00,849
BSE,FIVESTAR,INE128S01021,A,550.55,550.55,542.00,542.95,553.15,10250,5595109.00,1059
BSE,FLAIR,INE00Y201027,B,251.00,252.80,249.40,251.90,250.60,12685,3177122.00,220
BSE,FLEXFO,INE954B01018,X,42.20,44.90,42.20,44.05,43.40,4941,218716.00,38
BSE,FLEXITUFF,INE060J01017,T,3.72,3.74,3.60,3.73,3.72,5663,20499.00,19
BSE,FLFL,INE452O01016,Z,1.15,1.21,1.15,1.21,1.21,9158,10993.00,25
BSE,FLOMIC,INE952M01019,X,41.00,47.98,39.51,41.90,41.04,933,38656.00,29
BSE,FLORACORP,INE318U01016,X,7.60,7.60,7.56,7.56,7.24,17199,130250.00,15
BSE,FLUIDOM,INE459C01016,X,903.70,909.95,880.00,898.05,880.50,1353,1205643.00,114
BSE,FLUOROCHEM,INE09N301011,A,4546.65,4632.90,4462.00,4518.00,4544.95,8548,39014557.00,936
BSE,FMEC,INE108T01021,XT,12.08,12.68,11.86,12.55,12.47,101495,1237168.00,161
BSE,FMGOETZE,INE529A01010,B,485.15,500.00,480.00,492.60,486.20,2532,1248121.00,234
BSE,FMNL,INE360L01017,T,9.43,9.50,9.30,9.40,9.43,7576,71302.00,30
BSE,FOODSIN,INE976E01023,B,54.00,55.26,53.85,55.26,53.00,3004,162915.00,246
BSE,FORBESCO,INE518A01013,X,296.00,296.00,269.40,278.90,296.00,4841,1359328.00,147
BSE,FORCEMOT,INE451A01017,A,18598.95,18800.00,18450.00,18510.00,18690.00,5764,106988980.00,1120
BSE,FORINTL,INE501D01013,X,74.30,77.00,72.00,77.00,79.00,11,812.00,7
BSE,FORTIS,INE061F01013,A,918.00,967.80,904.10,960.00,935.00,721046,678393477.00,11068
BSE,FORTISMLR,INE842B01015,X,50.30,50.30,49.15,49.16,49.92,5330,264070.00,159
BSE,FOSECOC,INE599F01020,X,1579.00,1590.00,1547.45,1566.95,1579.70,2386,3745624.00,131
BSE,FOSECOIND,INE519A01011,B,5438.00,5552.75,5438.00,5491.85,5451.75,540,2967464.00,177
BSE,FRACTAL,INE212S01015,B,802.20,822.25,802.20,818.15,806.10,11449,9336549.00,728
BSE,FRANKLININD,INE789R01022,X,0.35,0.35,0.34,0.35,0.34,896619,309779.00,449
BSE,FRASER,INE184Q01010,X,9.55,9.75,9.28,9.75,9.60,3276,30876.00,26
BSE,FRATELLI,INE401Z01019,XT,107.75,107.75,99.00,103.95,103.00,4941,507076.00,38
BSE,FREDUN,INE194R01017,X,1189.00,1265.00,1189.00,1244.20,1221.80,29970,37062800.00,1913
BSE,FRONTCAP,INE977E01013,X,10.12,10.85,10.01,10.30,10.53,31819,329059.00,64
BSE,FRONTSP,INE572D01014,B,1415.05,1436.20,1377.75,1399.20,1405.90,1464,2043499.00,246
BSE,FRUTION,INE836C01015,XT,42.01,46.00,41.92,46.00,44.12,888,37255.00,5
BSE,FSL,INE684F01012,A,289.90,289.90,275.10,279.95,294.10,583010,164809585.00,9717
BSE,FTL,INE0QOQ01013,MT,12.49,12.49,12.49,12.49,11.90,5000,62450.00,3
BSE,FUNDVISER,INE365H01014,XT,384.00,384.00,384.00,384.00,377.35,2149,825216.00,10
BSE,FUSION,INE139R01012,B,215.05,215.05,200.75,204.70,215.45,33240,6878642.00,880
BSE,FUTSOL,INE241F01011,X,41.71,41.71,41.71,41.71,39.73,725,30239.00,16
BSE,FUTURSEC,INE425D01015,X,22.00,22.00,20.91,20.91,22.00,5,105.00,2
BSE,FYNX,INE455H01021,X,5.27,5.27,4.78,5.25,5.02,165503,868403.00,69
BSE,GABRIEL,INE524A01029,A,1532.25,1556.90,1475.00,1497.75,1535.10,37274,56650902.00,2000
BSE,GAEL,INE036B01030,B,177.75,177.75,167.00,169.15,177.60,80673,13795863.00,1207
BSE,GAGAN,INE076D01016,XT,19.45,19.47,18.24,18.37,18.64,2362,45035.00,35
BSE,GAIL,INE129A01019,A,176.30,176.30,172.00,173.00,176.00,345266,59814086.00,3252
BSE,GAJANANSEC,INE868G01019,X,51.93,53.70,51.25,51.40,52.99,3050,158130.00,36
BSE,GALACTICO,INE906Y01028,B,1.95,1.98,1.91,1.96,1.97,99828,195104.00,133
BSE,GALADAFIN,INE243E01010,XT,41.80,41.80,41.80,41.80,39.90,7,292.00,3
BSE,GALAGEX,INE803L01016,X,68.99,72.00,66.00,66.82,65.48,156461,10664725.00,150
BSE,GALAPREC,INE0RE001014,B,1145.25,1145.25,1028.00,1035.80,1160.05,43345,45823593.00,1416
BSE,GALAXYSURF,INE600K01018,B,1989.65,2108.00,1989.65,2065.60,1981.45,2225,4603716.00,406
BSE,GALLANTT,INE297H01019,A,616.90,617.35,603.65,606.05,615.20,6668,4064771.00,297
BSE,GALLOPENT,INE755J01012,XT,35.96,39.74,35.96,39.62,37.85,154,5835.00,8
BSE,GALXBRG,INE020S01012,XT,935.25,959.95,895.95,897.80,935.25,1193,1076906.00,62
BSE,GAMCO,INE890S01026,X,50.34,50.50,49.16,50.06,49.88,35973,1798163.00,111
BSE,GANDHAR,INE717W01049,B,243.20,245.20,239.00,242.50,243.40,68567,16609801.00,1693
BSE,GANDHITUBE,INE524B01027,B,883.60,897.10,883.60,890.70,894.00,260,231611.00,28
BSE,GANECOS,INE845D01014,B,1079.60,1079.95,1059.85,1066.25,1074.70,2802,2998917.00,224
BSE,GANESHBE,INE388A01029,T,118.00,123.00,116.30,119.95,120.15,17388,2079906.00,148
BSE,GANESHCP,INE652V01016,B,165.55,165.55,161.00,161.70,164.75,15501,2520961.00,305
BSE,GANESHHOU,INE460C01014,B,752.60,780.00,752.60,762.90,762.30,1808,1393663.00,143
BSE,GANGESSECU,INE335W01016,B,115.25,122.90,115.25,122.90,121.00,26,3187.00,3
BSE,GANHOLD,INE932M01011,XT,113.80,114.15,113.80,114.15,108.75,2788,317648.00,18
BSE,GANONPRO,INE162L01017,X,8.45,8.45,7.78,8.22,8.10,79225,642367.00,60
BSE,GANVERSE,INE369Q01017,MT,26.83,26.85,26.83,26.85,26.84,6250,167725.00,5
BSE,GARBIFIN,INE721C01019,X,9.29,9.33,8.93,8.93,9.33,1805,16326.00,13
BSE,GARFIBRES,INE276A01018,A,843.10,855.05,799.10,810.95,838.85,7060,5910862.00,511
BSE,GARGFUR,INE194E01015,X,134.80,134.80,126.85,130.45,130.50,5981,771478.00,62
BSE,GARGI,INE0NT601018,M,605.70,605.70,597.15,599.95,602.00,15750,9458493.00,59
BSE,GARMNTMNTR,INE653S01028,X,1.13,1.15,1.13,1.14,1.14,199003,226111.00,174
BSE,GARNET,INE797D01017,X,66.98,67.85,64.35,66.25,65.67,2331,154129.00,51
BSE,GARNETINT,INE590B01010,X,62.05,62.05,61.00,61.89,61.92,909,56132.00,31
BSE,GARUDA,INE0JVO01026,B,181.05,186.50,180.00,180.40,182.50,26871,4894908.00,411
BSE,GARWAMAR,INE925D01014,X,21.29,21.29,20.82,21.19,21.00,4231,88821.00,49
BSE,GARWAOFFS,INE446C01013,XT,49.50,51.26,49.00,49.94,48.82,27644,1394027.00,160
BSE,GARWSYN,INE340D01016,X,19.35,19.35,19.29,19.29,20.30,878,16983.00,7
BSE,GATECH,INE224E01028,T,0.66,0.68,0.66,0.67,0.65,4851150,3247240.00,734
BSE,GATECHDVR,INE224E01036,T,0.50,0.52,0.48,0.52,0.50,65324,31866.00,42
BSE,GATEWAY,INE079J01017,B,57.34,57.35,56.30,56.46,56.78,83731,4749249.00,625
BSE,GAUDIUMIVF,INE0P8B01020,T,132.75,132.75,131.00,131.00,132.50,24807,3276792.00,106
BSE,GAYAHWS,INE287Z01012,B,2.26,2.26,1.96,1.97,1.96,23149,46091.00,60
BSE,GAYAPROJ,INE336H01023,T,19.99,20.60,19.80,20.00,19.77,47337,959572.00,123
BSE,GAYATRI,INE622E01023,X,8.15,8.39,8.15,8.27,8.29,44895,370633.00,128
BSE,GAYATRIBI,INE052E01015,X,8.06,8.06,7.60,8.00,7.33,20387,162842.00,61
BSE,GBFL,INE997C01015,X,9.13,10.44,9.13,10.01,9.97,32376,323231.00,87
BSE,GBLINFRA,INE377M01043,XT,61.06,61.06,61.06,61.06,59.87,31,1892.00,5
BSE,GBLOGISTIC,INE0RWU01016,M,25.85,25.85,24.30,25.00,25.50,27600,690840.00,16
BSE,GCMSECU,INE168O01026,B,0.71,0.72,0.69,0.71,0.71,166443,118119.00,82
BSE,GCONNECT,INE0QHY01011,M,11.80,11.80,11.80,11.80,10.90,1500,17700.00,1
BSE,GCSL,INE199P01028,B,524.85,526.60,517.30,523.45,530.00,2294,1200236.00,155
BSE,GDLLEAS,INE545E01018,XT,65.24,65.24,65.24,65.24,65.24,47,3066.00,4
BSE,GEE,INE064H01021,XT,119.05,119.05,117.00,119.05,113.40,308926,36764229.00,400
BSE,GEECEE,INE916G01016,T,361.00,364.00,361.00,364.00,361.00,4852,1757213.00,23
BSE,GEL,INE721X01023,M,26.00,27.35,26.00,27.35,27.35,15000,394050.00,4
BSE,GEMAROMA,INE06XZ01023,B,184.20,189.80,182.05,184.95,182.60,3070,567156.00,100
BSE,GEMENVIRO,INE0RUJ01013,M,36.50,36.50,36.50,36.50,36.90,3200,116800.00,4
BSE,GEMSI,INE503D01027,X,1.50,1.55,1.42,1.50,1.52,86163,128123.00,162
BSE,GENCON,INE854S01022,B,39.37,39.90,39.27,39.90,38.96,59,2350.00,10
BSE,GENESYS,INE727B01026,B,231.95,234.85,222.50,227.55,228.65,15545,3548107.00,375
BSE,GENNEX,INE509C01026,X,9.05,9.15,8.90,8.95,9.03,279919,2512930.00,351
BSE,GENPHARMA,INE861N01036,X,1.06,1.07,1.05,1.06,1.05,434106,460558.00,211
BSE,GENSOL,INE06H201014,Z,17.97,18.00,17.21,17.52,17.63,9212,161042.00,140
BSE,GENUSPAPER,INE949P01018,B,13.09,13.09,12.29,12.44,12.48,1615,19974.00,13
BSE,GENUSPOWER,INE955D01029,A,312.60,313.25,304.25,306.55,309.40,62510,19322247.00,1235
BSE,GENUSPRIME,INE256D01014,X,38.18,38.22,38.00,38.22,36.40,33589,1283092.00,165
BSE,GEOJITFSL,INE007B01023,B,78.69,78.69,76.70,76.89,78.34,10454,811704.00,230
BSE,GESHIP,INE017A01032,A,1359.45,1362.00,1333.35,1341.20,1353.25,90175,121299931.00,5155
BSE,GFLLIMITED,INE538A01037,B,51.90,51.90,49.41,50.92,51.80,5476,276983.00,366
BSE,GGAUTO,INE493B01017,X,149.25,158.00,140.00,154.60,161.85,54531,8141539.00,633
BSE,GGDPROP,INE631D01026,X,71.01,73.95,71.01,73.95,71.01,65,4659.00,3
BSE,GGL,INE063Z01017,X,3.05,3.44,2.98,3.22,3.02,144615,467519.00,124
BSE,GGPL,INE480S01026,Z,1.40,1.50,1.40,1.44,1.43,74802,107290.00,72
BSE,GHCL,INE539A01019,A,438.00,439.60,434.15,435.85,437.70,5378,2346252.00,242
BSE,GHCLTEXTIL,INE0PA801013,B,120.80,122.80,119.55,121.45,119.80,95641,11622719.00,817
BSE,GHVINFRA,INE809Q01020,X,269.10,281.80,269.10,276.90,277.40,11545,3175279.00,180
BSE,GIANLIFE,INE063601012,Z,4.61,4.90,4.61,4.70,4.67,1127,5339.00,15
BSE,GICHSGFIN,INE289B01019,B,149.60,158.00,148.80,153.15,149.20,24725,3849947.00,338
BSE,GICRE,INE481Y01014,A,359.45,359.70,356.15,357.40,359.00,16024,5732038.00,593
BSE,GILADAFINS,INE918C01029,X,13.65,13.65,12.63,13.00,13.46,11083,145365.00,45
BSE,GILLANDERS,INE047B01011,B,88.77,96.00,88.77,92.26,86.61,2050,191962.00,154
BSE,GILLETTE,INE322A01010,A,7690.00,7720.00,7651.00,7678.85,7695.90,1519,11660630.00,411
BSE,GINISILK,INE548B01018,X,56.00,57.99,56.00,57.99,55.17,12,683.00,2
BSE,GINNIFILA,INE424C01010,T,45.00,45.70,44.65,45.70,44.95,5104,230139.00,26
BSE,GIPCL,INE162A01010,B,159.40,159.95,157.60,157.95,159.05,9543,1511028.00,265
BSE,GITARENEW,INE776O01018,X,76.00,82.40,75.50,81.69,75.34,5303,426812.00,86
BSE,GKB,INE265D01015,X,56.40,58.49,56.40,58.39,55.10,174,9867.00,4
BSE,GKENERGY,INE1AG301022,B,130.30,142.80,130.15,136.75,129.90,143933,19796822.00,1537
BSE,GKL,INE986W01016,X,24.36,26.91,24.35,26.85,25.63,40550,1036356.00,156
BSE,GKP,INE05QJ01015,B,6.00,6.23,5.92,6.13,6.02,9964,60811.00,52
BSE,GKSL,INE0V0W01025,B,134.75,135.30,133.00,134.40,133.45,7903,1061459.00,198
BSE,GLAND,INE068V01023,A,2608.80,2618.50,2570.05,2600.45,2617.50,18244,47334605.00,1389
BSE,GLAXO,INE159A01016,A,2584.60,2624.50,2538.50,2593.05,2579.60,4070,10604051.00,438
BSE,GLCL,INE804Q01013,X,19.45,20.46,19.20,19.49,20.20,16435,322065.00,73
BSE,GLEN,INE0UMC01019,M,108.00,115.00,108.00,114.04,110.02,199200,22576932.00,120
BSE,GLENMARK,INE935A01035,A,2280.80,2288.30,2256.55,2287.00,2299.00,18026,41020634.00,1782
BSE,GLHRL,INE0J2K01014,M,13.77,13.87,12.63,13.04,13.28,657000,8982270.00,131
BSE,GLITTEKG,INE741B01027,XT,69.08,69.08,69.07,69.08,67.73,21872,1510876.00,50
BSE,GLOBALCA,INE062C01042,X,0.49,0.49,0.46,0.48,0.49,121475,57732.00,126
BSE,GLOBALLOG,INE1ITY01011,M,115.90,115.90,115.90,115.90,122.00,4800,556320.00,3
BSE,GLOBALVECT,INE792H01019,B,163.65,164.30,157.10,160.05,163.70,2256,363410.00,143
BSE,GLOBECIVIL,INE0V3U01015,B,40.25,40.25,40.25,40.25,39.50,89,3582.00,1
BSE,GLOBTIER,INE12P601017,MT,16.00,16.00,16.00,16.00,16.00,1600,25600.00,1
BSE,GLOBUSCON,INE064L01015,X,12.67,12.99,12.44,12.80,12.81,2608,32946.00,29
BSE,GLOBUSSPR,INE615I01010,B,903.75,934.70,903.75,906.10,904.20,8564,7903569.00,478
BSE,GLOSTERLTD,INE350Z01018,B,685.00,710.00,676.60,700.65,681.50,1170,823717.00,83
BSE,GLOTTIS,INE0TQE01026,T,66.31,70.40,65.51,68.52,67.64,18571,1277084.00,159
BSE,GLPL,INE1CLW01015,M,41.21,42.00,40.95,42.00,41.21,78000,3235320.00,17
BSE,GMBREW,INE075D01018,B,908.05,913.05,906.00,907.05,907.50,1322,1200949.00,106
BSE,GMDCLTD,INE131A01031,A,596.35,596.35,580.30,582.40,596.85,107461,62849292.00,2688
BSE,GMMPFAUDLR,INE541A01023,A,974.90,1000.00,944.65,989.90,984.40,64208,62592988.00,2135
BSE,GMRAIRPORT,INE776C01039,A,106.65,108.40,105.80,108.40,105.65,159001,17018000.00,1224
BSE,GMRP&UI,INE0CU601026,A,98.41,98.41,96.55,97.14,97.74,25877,2515223.00,447
BSE,GNA,INE934S01014,B,535.00,543.25,518.25,527.95,530.15,38330,20290552.00,1216
BSE,GNFC,INE113A01013,A,542.00,546.25,534.40,535.35,542.60,28496,15390930.00,593
BSE,GNRL,INE207H01018,B,95.06,95.06,93.25,93.93,95.23,6188,582160.00,343
BSE,GOACARBON,INE426D01013,B,378.80,385.65,377.00,380.55,380.35,999,379462.00,84
BSE,GOCLCORP,INE077F01035,B,414.05,449.90,410.80,440.60,410.10,103199,45485612.00,2173
BSE,GOCOLORS,INE0BJS01011,B,325.55,331.10,320.25,321.70,328.30,6501,2108706.00,228
BSE,GODAVARI,INE362C01012,XT,107.00,107.00,107.00,107.00,107.00,383,40981.00,8
BSE,GODAVARIB,INE497S01012,B,255.90,255.95,245.90,247.30,255.75,11010,2751813.00,384
BSE,GODFRYPHLP,INE260B01028,A,2311.80,2311.80,2273.00,2281.75,2296.00,19182,43883809.00,2001
BSE,GODIGIT,INE03JT01014,A,267.20,273.30,266.40,271.10,271.10,60991,16419501.00,742
BSE,GODREJAGRO,INE850D01014,A,549.95,549.95,541.40,542.65,545.45,8914,4851425.00,1184
BSE,GODREJCP,INE102D01028,A,1080.35,1085.60,1033.00,1049.00,1080.50,133862,141100984.00,10058
BSE,GODREJIND,INE233A01035,A,1294.75,1328.40,1292.00,1309.60,1304.95,6028,7863314.00,473
BSE,GODREJPROP,INE484J01027,A,2094.10,2108.20,2067.00,2070.85,2095.00,25336,52892242.00,1748
BSE,GOELCONS,INE0ZOM01013,MT,460.00,483.00,460.00,483.00,460.00,8800,4191160.00,22
BSE,GOGIACAPGL,INE832C01014,X,50.10,50.10,50.10,50.10,47.72,1,50.00,1
BSE,GOKAKTEX,INE642I01014,X,58.80,60.00,57.50,60.00,60.00,543,32168.00,10
BSE,GOKEX,INE887G01027,A,797.00,816.00,796.70,805.65,796.20,7436,6011781.00,406
BSE,GOKUL,INE020J01029,B,40.30,40.53,39.50,39.79,40.15,18746,749042.00,117
BSE,GOKULAGRO,INE314T01033,B,226.50,231.80,224.00,228.10,224.35,15804,3615473.00,716
BSE,GOLCA,INE595D01015,XT,11.78,11.78,11.78,11.78,12.39,45,530.00,1
BSE,GOLDCOINHF,INE634J01027,X,32.00,32.00,30.50,30.52,32.00,6374,195896.00,32
BSE,GOLDENTOBC,INE973A01010,Z,24.00,25.10,24.00,24.96,24.47,421,10339.00,14
BSE,GOLDIAM,INE025B01025,A,380.45,398.00,361.00,372.55,375.95,306335,117330643.00,4857
BSE,GOLDLEG,INE088E01019,X,8.49,8.49,7.90,8.11,8.40,29283,236042.00,83
BSE,GOLDTECH,INE805A01014,T,52.15,54.49,52.15,53.72,54.00,1806,95595.00,17
BSE,GOLECHA,INE427D01011,XT,30.00,31.31,29.75,30.39,31.31,12060,366468.00,4
BSE,GOLKUNDIA,INE798D01015,X,264.15,277.95,264.15,274.55,273.10,2288,627333.00,94
BSE,GOODLUCK,INE127I01024,B,1537.00,1593.00,1498.45,1509.10,1532.80,26810,41430472.00,2407
BSE,GOODRICKE,INE300A01016,X,195.90,195.90,182.00,185.70,180.30,4284,791747.00,54
BSE,GOODYEAR,INE533A01012,B,801.60,807.40,800.00,803.45,812.30,1995,1600868.00,162
BSE,GOPAL,INE0L9R01028,B,277.00,282.15,275.00,278.25,274.45,23208,6451426.00,1096
BSE,GORANIN,INE792J01015,XT,48.00,48.05,48.00,48.05,48.05,92,4420.00,2
BSE,GOTHIPL,INE538G01018,P,39.00,40.39,37.52,38.06,39.00,1500,57137.00,6
BSE,GOURMET,INE512D01028,XT,12.05,12.60,12.00,12.57,12.04,22294,276238.00,70
BSE,GOWRALE,INE225G01012,XT,93.00,95.60,90.91,94.80,95.69,2709,251164.00,32
BSE,GOYALALUM,INE705X01026,B,6.44,6.65,6.43,6.45,6.51,15050,97344.00,97
BSE,GOYALASS,INE912B01032,X,1.10,1.10,1.02,1.02,1.10,31795,33490.00,37
BSE,GPAPL,INE0SIK01014,M,74.00,78.00,74.00,77.88,73.00,20800,1559424.00,5
BSE,GPIL,INE177H01039,A,243.50,244.15,236.20,240.90,243.70,79739,19149291.00,1398
BSE,GPPL,INE517F01014,A,151.20,152.10,150.05,151.50,151.20,41132,6224003.00,427
BSE,GPSL,INE0QZF01012,M,89.00,89.00,85.50,85.50,90.00,4200,362640.00,7
BSE,GPTHEALTH,INE486R01017,B,164.40,164.40,158.00,158.40,165.10,13074,2098603.00,277
BSE,GPTINFRA,INE390G01014,B,117.30,117.85,115.40,115.60,117.80,4752,554001.00,115
BSE,GRAMEVA,INE578R01011,XT,93.10,93.10,88.45,92.70,93.10,541,50212.00,9
BSE,GRANDMA,INE927M01029,X,0.40,0.40,0.40,0.40,0.39,29194,11677.00,6
BSE,GRANDOAK,INE926B01016,B,41.58,43.30,41.50,42.57,41.70,506,21345.00,12
BSE,GRANULES,INE101D01020,A,835.50,882.05,835.50,872.45,838.20,25485,22063812.00,1033
BSE,GRAPHITE,INE371A01025,A,729.85,729.85,708.50,710.05,721.60,25089,17980571.00,1116
BSE,GRASIM,INE047A01021,A,3229.75,3349.00,3182.95,3336.00,3207.80,21640,70755614.00,3627
BSE,GRAUWEIL,INE266D01021,B,70.15,70.29,69.60,69.93,69.35,48415,3385540.00,561
BSE,GRAVISSHO,INE214F01026,B,31.19,31.19,31.19,31.19,29.51,1,31.00,1
BSE,GRAVITA,INE024L01027,A,1715.75,1735.95,1707.70,1731.55,1717.25,8042,13871185.00,653
BSE,GRAVITY,INE995A01013,XT,11.30,11.30,10.61,11.07,10.98,18795,203914.00,62
BSE,GREAVESCOT,INE224A01026,A,202.25,203.55,197.75,198.65,201.45,72203,14447061.00,1216
BSE,GREENCREST,INE414C01045,X,0.53,0.53,0.51,0.53,0.53,71707,37106.00,121
BSE,GREENLAM,INE544R01021,B,272.60,277.00,266.65,273.15,272.30,2917,791409.00,112
BSE,GREENPANEL,INE08ZM01014,B,201.95,201.95,190.10,192.90,202.10,8913,1738241.00,302
BSE,GREENPLY,INE461C01038,B,285.60,290.60,284.10,285.25,287.20,3987,1143545.00,261
BSE,GREENPOWER,INE999K01014,B,9.86,10.00,9.75,9.86,9.93,198369,1964367.00,633
BSE,GRERENEW,INE0U8P01015,MT,182.40,182.40,182.00,182.00,174.50,3600,656160.00,2
BSE,GRINDWELL,INE536A01023,A,2134.30,2150.00,2095.45,2130.15,2103.55,2162,4613337.00,266
BSE,GRINFRA,INE201P01022,B,939.15,949.00,857.15,870.10,903.40,48237,42775342.00,1452
BSE,GRMOVER,INE192H01020,B,90.01,91.27,89.20,90.28,90.83,182349,16514467.00,948
BSE,GROARC,INE042B01012,X,5.90,5.90,5.51,5.54,5.89,5893,34247.00,20
BSE,GROVY,INE343C01012,X,54.00,56.50,52.21,56.00,52.43,896,47233.00,15
BSE,GROWINGTON,INE451S01027,B,0.74,0.79,0.71,0.78,0.71,5558601,4178281.00,809
BSE,GROWW,INE0HOQ01053,B,189.40,191.50,189.40,190.50,189.15,1190956,226705128.00,9728
BSE,GRPLTD,INE137I01015,B,2028.00,2028.00,1993.30,2003.75,2044.10,3233,6496216.00,59
BSE,GRSE,INE382Z01011,A,2609.40,2640.50,2589.00,2598.55,2599.10,26845,69920874.00,2095
BSE,GRWRHITECH,INE291A01017,A,7350.05,7470.70,6914.05,6967.05,7341.90,6088,43925840.00,1197
BSE,GSAUTO,INE736H01024,X,15.99,15.99,15.14,15.69,15.72,10527,165925.00,89
BSE,GSBFIN,INE777C01011,XT,43.00,44.50,42.30,42.50,44.50,176,7523.00,9
BSE,GSFC,INE026A01025,A,163.85,163.85,160.75,161.15,162.60,35258,5699033.00,551
BSE,GSLSU,INE0JSX01015,B,29.00,29.33,27.78,28.15,29.24,3107,88908.00,292
BSE,GSLTD,INE403B01016,X,19.19,19.19,17.82,18.01,18.48,10673,192965.00,45
BSE,GSPCROP,INE713R01022,B,592.45,598.00,591.10,597.60,591.70,5837,3474513.00,179
BSE,GSS,INE871H01011,B,13.63,14.03,13.51,14.03,13.50,5769,80304.00,53
BSE,GSTL,INE632W01016,XT,28.40,30.10,28.40,30.09,28.67,114016,3412609.00,289
BSE,GTIL,INE1H1501013,M,82.00,82.00,79.80,80.34,82.00,12800,1028192.00,8
BSE,GTL,INE043A01012,B,7.40,8.27,7.40,7.85,7.43,293330,2319272.00,645
BSE,GTLINFRA,INE221H01019,B,1.23,1.30,1.22,1.25,1.23,5785205,7292498.00,12658
BSE,GTNINDS,INE537A01013,X,25.90,25.90,24.00,24.35,24.90,83,2050.00,13
BSE,GTNTEX,INE302H01017,X,8.42,8.60,8.00,8.31,8.42,5648,45988.00,29
BSE,GTPL,INE869I01013,B,60.78,60.78,59.88,59.93,59.70,494,29824.00,22
BSE,GTTDATA,INE959B01017,X,46.00,46.00,44.30,44.95,45.94,15471,692678.00,146
BSE,GTV,INE910R01024,X,68.39,69.95,66.93,68.80,67.57,34660,2350825.00,264
BSE,GUFICBIO,INE742B01025,B,405.25,424.10,405.25,422.25,403.70,24745,10354933.00,1598
BSE,GUJALKALI,INE186A01019,B,680.70,700.50,670.25,674.45,681.35,8068,5528298.00,443
BSE,GUJAPOLLO,INE826C01016,B,366.60,370.10,364.90,368.00,367.35,581,213747.00,66
BSE,GUJARATPOLY,INE541F01022,XT,70.99,70.99,66.20,66.66,68.51,1431,95862.00,60
BSE,GUJCONT,INE276I01011,P,163.30,163.30,160.00,160.00,166.00,1300,211465.00,3
BSE,GUJCOTEX,INE004C01028,XT,2.70,2.75,2.63,2.70,2.71,79818,214008.00,198
BSE,GUJCRAFT,INE372D01019,X,96.00,96.00,93.00,93.00,96.52,86,8107.00,7
BSE,GUJCRED,INE034B01019,X,22.61,23.74,21.48,23.74,22.61,1222,26352.00,8
BSE,GUJENERGY,INE844O01030,A,272.25,276.65,264.00,266.80,275.35,65002,17476425.00,2615
BSE,GUJHOTE,INE621C01011,X,187.70,189.50,184.80,186.35,187.70,405,76184.00,13
BSE,GUJINJEC,INE659F01022,X,10.48,10.50,9.90,10.48,10.00,460473,4661244.00,467
BSE,GUJINTRX,INE877E01015,X,426.00,428.00,422.00,427.35,426.60,2028,866122.00,53
BSE,GUJINV,INE373D01017,X,20.73,20.73,18.77,19.92,19.75,243,4932.00,11
BSE,GUJJUBHAI,INE311N01016,X,148.00,148.00,140.00,145.60,146.45,64589,9367150.00,199
BSE,GUJPETR,INE636P01011,X,51.18,55.99,51.18,53.60,54.50,1260,67238.00,23
BSE,GUJRAFFIA,INE610B01024,B,41.50,41.50,40.05,40.15,41.59,799,32943.00,18
BSE,GUJSTATFIN,INE944A01011,B,10.40,10.80,10.32,10.40,10.41,8302,86685.00,55
BSE,GUJTERC,INE499G01013,X,42.20,43.45,41.50,42.98,41.05,13373,568637.00,32
BSE,GUJTHEM,INE942C01045,B,360.90,381.60,340.80,356.50,360.95,21011,7732380.00,803
BSE,GUJTLRM,INE145J01032,B,0.47,0.47,0.46,0.46,0.47,3043685,1417305.00,905
BSE,GUJWIND,INE173V01013,X,6.68,7.30,6.68,7.30,7.03,9306,67930.00,9
BSE,GULFLLOYDS,INE1WDC01012,MT,59.91,59.91,59.91,59.91,63.06,4800,287568.00,4
BSE,GULFOILLUB,INE635Q01029,B,1202.05,1220.20,1185.15,1188.30,1205.05,3422,4104715.00,511
BSE,GULFPETRO,INE586G01017,T,56.95,57.00,54.26,56.19,54.77,27652,1551291.00,173
BSE,GULPOLY,INE255D01024,B,213.10,227.65,202.95,205.00,207.25,203023,43378965.00,5819
BSE,GVBL,INE574D01010,X,30.15,30.15,30.10,30.10,28.75,500,15066.00,4
BSE,GVFILM,INE395B01048,X,0.28,0.31,0.28,0.31,0.29,9855474,2906601.00,481
BSE,GVKPIL,INE251H01024,T,2.40,2.43,2.36,2.39,2.40,192874,459228.00,188
BSE,GVL,INE0S0701019,M,36.14,41.80,36.14,40.00,38.00,21000,857840.00,16
BSE,GVPIL,INE878A01011,B,727.30,763.55,727.30,763.55,727.20,19975,14998137.00,1079
BSE,GVT&D,INE200A01026,A,4370.00,4395.90,4272.55,4330.00,4447.70,39357,170151894.00,5551
BSE,GYANDEV,INE487G01018,XT,55.13,55.13,55.13,55.13,55.15,50,2756.00,3
BSE,GYFTR,INE724A01017,B,160.00,164.80,157.70,162.85,159.90,9019,1460774.00,151
BSE,HAL,INE066F01020,A,4900.85,4975.00,4877.00,4910.00,4924.00,153086,752353600.00,11762
BSE,HALDER,INE115S01010,B,264.95,265.00,240.30,257.40,265.55,4347,1127655.00,56
BSE,HALDYNGL,INE506D01020,T,128.50,134.40,128.50,132.30,130.45,2287,297837.00,17
BSE,HALEOSLABS,INE320X01016,B,1440.00,1471.30,1439.10,1454.05,1439.10,81,117556.00,9
BSE,HAMPTON,INE299D01022,X,8.24,8.59,8.15,8.29,8.33,28741,239864.00,138
BSE,HANNAH,INE0JVH01012,MT,106.50,106.50,106.50,106.50,106.50,2000,213000.00,1
BSE,HANSUGAR,INE101H01013,XT,3.55,3.69,3.50,3.59,3.60,5548,19922.00,37
BSE,HAPPSTMNDS,INE419U01012,A,406.60,415.50,403.00,407.65,406.40,59166,24120305.00,1923
BSE,HAPPYFORGE,INE330T01021,B,1865.05,1935.00,1855.10,1898.25,1870.20,9429,17870597.00,1165
BSE,HARDCAS,INE722D01015,X,730.10,753.95,730.10,737.85,756.00,312,229621.00,43
BSE,HARDWYN,INE626Z01029,B,11.26,11.40,11.23,11.27,11.28,68916,776110.00,197
BSE,HARIAAPL,INE493N01012,X,5.35,5.55,5.35,5.55,5.35,2506,13907.00,5
BSE,HARIAEXPO,INE772B01014,X,6.88,6.88,6.83,6.88,6.56,698,4790.00,7
BSE,HARIKANTA,INE1UYW01010,M,71.35,71.35,70.00,70.00,69.00,2400,169620.00,2
BSE,HARIOMPIPE,INE00EV01017,B,395.20,406.00,394.30,400.80,399.90,18718,7462992.00,966
BSE,HARISH,INE01K301012,X,69.65,72.00,66.40,70.84,69.65,2226,157038.00,39
BSE,HARLETH,INE681F01018,X,65.00,65.00,61.50,61.50,63.68,807,49968.00,11
BSE,HARRMALAYA,INE544A01019,B,220.85,224.00,220.00,222.95,224.90,847,187291.00,47
BSE,HARSHA,INE0JUS01029,B,421.80,434.00,419.95,426.95,424.90,12275,5275681.00,573
BSE,HARSHDEEP,INE0OLZ01015,M,80.00,82.17,78.25,82.17,80.99,36000,2847900.00,16
BSE,HARSHILAGR,INE098E01026,XT,0.29,0.29,0.28,0.28,0.29,2769322,780149.00,578
BSE,HARYNACAP,INE928H01019,X,147.95,147.95,135.65,139.65,139.95,118,16736.00,17
BSE,HATHWAY,INE982F01036,B,10.57,10.95,10.57,10.92,10.85,153575,1665962.00,331
BSE,HATHWAYB,INE525B01016,X,12.18,12.18,12.18,12.18,12.18,177,2155.00,8
BSE,HATSUN,INE473B01035,A,895.75,945.60,895.75,940.70,926.20,1062,993546.00,89
BSE,HAVELLS,INE176B01034,A,1294.55,1294.55,1278.00,1285.90,1282.65,52675,67759439.00,1891
BSE,HAVISHA,INE293B01029,B,1.54,1.60,1.42,1.45,1.53,82171,122348.00,141
BSE,HAWKINCOOK,INE979B01015,B,8486.00,8487.90,8308.00,8318.60,8433.25,266,2232520.00,60
BSE,HAZOOR,INE550F01049,B,22.88,22.99,22.30,22.56,22.47,100713,2277683.00,393
BSE,HBESD,INE640B01021,B,72.15,76.39,72.15,76.39,76.30,6,447.00,3
BSE,HBGHOTELS,INE977M01024,X,84.50,93.50,84.50,89.89,84.19,3151,272224.00,25
BSE,HBLEAS,INE549B01016,X,10.00,10.15,9.65,10.15,10.01,2118,21322.00,17
BSE,HBLENGINE,INE292B01021,A,734.90,744.00,721.00,726.70,736.70,77914,56973719.00,2807
BSE,HBPOR,INE638B01025,X,54.79,58.54,54.79,57.79,55.91,61,3498.00,9
BSE,HBSL,INE550B01022,B,58.99,58.99,54.65,57.65,58.00,1687,96705.00,27
BSE,HCC,INE549A01026,A,20.99,21.48,20.40,20.53,21.57,2040193,42586068.00,4030
BSE,HCG,INE075I01017,A,666.60,678.50,657.05,675.85,670.50,12485,8358982.00,1036
BSE,HCKKVENTURE,INE345Q01017,XT,37.80,37.80,36.00,36.53,36.00,2628,98586.00,17
BSE,HCL-INSYS,INE236A01020,B,11.31,11.66,11.16,11.43,11.61,52123,598306.00,345
BSE,HCLTECH,INE860A01027,A,1327.00,1368.50,1327.00,1348.90,1341.00,132276,179344971.00,7398
BSE,HDBFS,INE756I01012,A,672.15,674.90,663.40,666.30,674.95,137336,91300213.00,3863
BSE,HDFCAMC,INE127D01025,A,2538.50,2552.20,2523.00,2540.00,2544.55,27001,68568549.00,1625
BSE,HDFCBANK,INE040A01034,A,733.50,736.00,728.50,732.00,737.00,1528309,1119345367.00,55717
BSE,HDFCLIFE,INE795G01014,A,541.90,544.95,537.50,538.15,542.85,182001,98597869.00,5000
BSE,HDIL,INE191I01012,Z,1.58,1.61,1.54,1.58,1.61,180957,283199.00,96
BSE,HEADSUP,INE759V01019,B,7.26,7.26,6.86,6.93,7.03,10189,72306.00,17
BSE,HEALTHX,INE019J01013,B,316.55,316.55,316.55,316.55,313.55,7,2215.00,4
BSE,HEALTHYLIFE,INE0L3501015,MT,5.80,5.80,5.65,5.70,5.55,24000,136960.00,11
BSE,HEERAISP,INE025D01013,X,6.00,6.00,5.75,5.75,6.00,5300,30550.00,12
BSE,HEG,INE545A01024,A,690.95,690.95,670.00,673.85,685.35,52605,35783289.00,1611
BSE,HEIDELBERG,INE578A01017,B,156.50,157.00,156.00,156.45,157.05,6696,1048461.00,100
BSE,HEMANG,INE930A01010,X,13.70,13.70,13.01,13.59,13.73,105,1372.00,5
BSE,HEMIPROP,INE0AJG01018,B,137.25,138.50,137.25,137.80,137.95,11893,1638996.00,188
BSE,HERANBA,INE694N01015,B,180.00,182.60,178.00,178.75,180.45,4512,812606.00,321
BSE,HERCULES,INE688E01024,X,124.90,124.90,123.10,123.75,124.60,4163,516395.00,72
BSE,HERITGFOOD,INE978A01027,B,359.00,366.85,355.10,361.05,358.20,25521,9239005.00,537
BSE,HEROMOTOCO,INE158A01026,A,5585.00,5798.60,5555.00,5728.00,5621.00,165761,945617231.00,22634
BSE,HESTERBIO,INE782E01017,B,2548.95,2548.95,2411.10,2419.05,2450.55,219,543288.00,91
BSE,HEXAGON,INE0JUI01012,T,63.00,65.25,63.00,64.97,64.89,19263,1239817.00,104
BSE,HEXATRADEX,INE750M01017,B,160.05,163.00,160.05,163.00,164.90,42,6783.00,4
BSE,HEXT,INE093A01041,A,551.45,566.60,551.00,563.45,556.20,30043,16839936.00,1148
BSE,HFCL,INE548A01028,A,203.90,211.40,201.05,208.15,203.90,1240015,255609383.00,11064
BSE,HFIL,INE552B01010,X,8.86,9.00,8.70,8.81,8.86,25949,229818.00,171
BSE,HGINFRA,INE926X01010,B,550.05,551.95,548.05,549.50,552.55,3920,2154452.00,261
BSE,HGM,INE596H01014,B,50.65,51.00,47.25,48.15,50.72,500,24175.00,11
BSE,HGS,INE170I01016,B,428.95,435.00,423.50,429.05,423.00,2517,1080174.00,141
BSE,HIGHENE,INE783E01023,X,580.45,588.00,570.00,576.45,572.95,7472,4328561.00,267
BSE,HIGHNESS,INE1KI801019,MT,173.00,183.00,173.00,182.50,180.00,10800,1918800.00,9
BSE,HIKAL,INE475B01022,B,215.75,229.70,215.35,227.05,222.35,58471,12935137.00,1338
BSE,HIKLASS,INE302R01024,XT,87.38,87.38,87.38,87.38,87.38,100,8738.00,1
BSE,HILIKS,INE966Q01010,XT,74.99,74.99,71.50,72.04,73.95,1376,100368.00,21
BSE,HILINFRA,INE00RL01028,B,45.55,46.73,45.01,45.02,45.69,8429,383572.00,487
BSE,HILLTONE,INE168C01013,X,48.94,48.94,41.00,41.30,41.53,6026,247996.00,16
BSE,HILTON,INE788H01017,T,21.00,21.39,21.00,21.25,21.08,2058,43775.00,20
BSE,HIMATSEIDE,INE049A01027,B,79.52,81.52,79.35,80.56,79.52,29329,2359301.00,269
BSE,HIMTEK,INE705G01021,X,271.95,276.00,262.05,262.85,267.55,15029,3989389.00,144
BSE,HINDADH,INE074C01013,X,268.60,296.00,264.00,282.90,267.30,1853,513832.00,73
BSE,HINDALCO,INE038A01020,A,1019.00,1055.65,1019.00,1054.00,1026.55,262700,273233310.00,8931
BSE,HINDALUMI,INE227B01019,X,100.00,100.00,96.59,98.67,97.83,3857,376519.00,87
BSE,HINDAPL,INE02XD01011,XT,105.01,105.01,104.50,105.00,109.99,177,18584.00,11
BSE,HINDBIO,INE597C01021,X,6.84,7.03,6.76,6.79,7.02,15962,109765.00,43
BSE,HINDCOMPOS,INE310C01029,B,424.00,427.65,418.25,427.15,420.25,203,86084.00,22
BSE,HINDCOPPER,INE531E01026,A,543.00,548.20,532.00,536.00,546.80,1373194,742839886.00,16371
BSE,HINDHARD,INE724D01011,X,758.50,770.00,740.00,750.25,758.50,1484,1111988.00,82
BSE,HINDMILL,INE832D01020,X,162.50,164.00,160.00,161.80,162.50,97,15724.00,12
BSE,HINDMOTORS,INE253A01025,XT,15.69,15.69,15.06,15.33,15.37,101043,1554624.00,723
BSE,HINDOILEXP,INE345A01011,B,158.20,159.00,155.30,155.70,157.90,20263,3183302.00,321
BSE,HINDPETRO,INE094A01015,A,392.50,395.50,392.00,393.05,396.05,317492,124982984.00,4648
BSE,HINDTIN,INE428D01019,X,103.00,103.80,101.60,102.00,101.05,615,62816.00,27
BSE,HINDUNILVR,INE030A01027,A,2083.95,2099.50,2079.70,2080.40,2085.00,79099,165620418.00,7118
BSE,HINDUST,INE092301014,X,37.50,38.00,37.00,37.50,37.32,2272,85260.00,25
BSE,HINDWAREAP,INE05AN01011,B,221.15,225.00,218.25,221.80,218.35,1378,304574.00,87
BSE,HINDZINC,INE267A01025,A,593.10,605.75,590.05,601.00,590.10,462265,277026294.00,13374
BSE,HIPOLIN,INE963A01011,XT,114.15,114.15,114.15,114.15,116.45,100,11415.00,1
BSE,HIRECT,INE835D01023,B,1300.30,1327.95,1295.05,1314.10,1297.35,6437,8441873.00,654
BSE,HISARMETAL,INE598C01011,B,152.00,155.45,152.00,152.55,146.00,662,100816.00,105
BSE,HISARSP,INE689E01014,P,49.35,49.35,49.35,49.35,47.08,100,4935.00,1
BSE,HITECH,INE106T01025,B,85.07,85.35,83.70,83.89,85.07,39096,3289971.00,546
BSE,HITECHCORP,INE120D01012,T,320.50,320.50,320.50,320.50,319.00,32,10256.00,1
BSE,HITECHGEAR,INE127B01011,T,570.00,575.00,560.95,574.00,590.45,218,124946.00,18
BSE,HITKITGLO,INE309B01023,X,2.87,2.87,2.87,2.87,2.74,95085,272893.00,29
BSE,HITTCO,INE863C01019,XT,11.74,12.29,11.65,11.65,11.74,3190,39082.00,12
BSE,HLEGLAS,INE461D01028,B,455.00,485.00,455.00,466.45,455.00,82347,39119444.00,2254
BSE,HLVLTD,INE102A01024,B,7.01,7.35,7.01,7.23,7.27,33364,241545.00,128
BSE,HMAAGRO,INE0ECP01024,B,21.40,22.53,20.72,22.19,20.99,107990,2346482.00,577
BSE,HMEML,INE0DZD01015,M,55.12,55.12,55.12,55.12,55.12,1600,88192.00,1
BSE,HMT,INE262A01018,Z,60.99,61.44,60.75,60.75,60.09,136,8292.00,11
BSE,HMVL,INE871K01015,T,102.15,102.15,98.54,98.58,103.72,2264,224623.00,34
BSE,HNDFDS,INE254N01026,B,570.25,581.95,570.25,575.35,575.75,6609,3812230.00,300
BSE,HOCL,INE048A01011,T,40.01,41.76,39.51,40.24,40.26,26994,1101297.00,149
BSE,HOM,INE982C01033,XT,1.94,1.94,1.94,1.94,1.97,67834,131597.00,65
BSE,HOMEFIRST,INE481N01025,A,1180.05,1195.65,1180.05,1192.90,1191.90,10604,12614128.00,563
BSE,HONASA,INE0J5401028,A,469.95,480.00,464.00,478.05,465.50,53776,25514599.00,1396
BSE,HONAUT,INE671A01010,A,38175.45,38227.75,37791.05,37900.15,38220.50,85,3233837.00,43
BSE,HONDAPOWER,INE634A01018,B,2094.25,2108.65,2085.30,2095.95,2088.00,177,371938.00,36
BSE,HORIZON,INE1SEO01013,M,138.70,139.50,136.10,138.30,141.60,43200,5959260.00,29
BSE,HOTLSILV,INE731B01010,X,11.10,11.24,10.81,11.09,11.10,4439,49062.00,20
BSE,HOWARHO,INE931B01016,X,19.50,20.48,19.50,20.48,20.48,2,39.00,2
BSE,HPAL,INE0GSL01024,B,35.15,35.68,33.83,33.94,35.19,9752,334810.00,181
BSE,HPBL,INE136C01044,X,183.60,187.00,175.20,180.00,179.55,7587,1380519.00,57
BSE,HPIL,INE05X901010,B,128.85,131.70,128.85,130.00,128.30,3,390.00,3
BSE,HPL,INE495S01016,B,341.15,345.10,340.00,343.10,344.80,7412,2539239.00,386
BSE,HRHYGIENE,INE17DP01015,MT,79.41,83.40,79.41,79.41,83.58,134400,10724400.00,73
BSE,HRS,INE1E1V01017,M,250.05,250.05,250.05,250.05,251.00,400,100020.00,1
BSE,HRYNSHP,INE400G01011,X,102.60,103.50,101.95,103.00,101.60,174,17951.00,8
BSE,HSCL,INE019C01026,A,761.90,772.20,751.20,752.75,760.65,126652,96537771.00,2256
BSE,HSIL,INE0GYI01028,MT,357.45,362.00,346.25,356.25,359.75,23600,8279260.00,37
BSE,HTMEDIA,INE501G01024,B,26.62,28.00,26.62,27.84,26.90,13204,359698.00,94
BSE,HUBTOWN,INE703H01016,A,179.50,181.10,174.35,175.15,179.80,36436,6486551.00,604
BSE,HUDCO,INE031A01017,A,200.95,202.75,199.95,201.00,202.25,109695,22083906.00,1607
BSE,HUHTAMAKI,INE275B01026,B,290.95,290.95,271.40,274.45,288.00,15380,4294468.00,340
BSE,HYBRIDFIN,INE965B01022,T,17.80,18.40,16.85,17.78,17.53,1368,23388.00,16
BSE,HYPERSOFT,INE039D01014,XT,204.95,212.00,194.00,203.90,203.00,26357,5440979.00,80
BSE,HYUNDAI,INE0V6F01027,A,2224.90,2224.90,2195.00,2197.00,2200.00,11984,26436106.00,1158
BSE,IBINFO,INE678B01039,XT,47.77,47.78,43.24,44.06,45.51,4068,187792.00,74
BSE,IBULLSLTD,INE126M01010,T,31.65,31.79,29.03,29.16,30.55,609779,18360445.00,2338
BSE,ICDSLTD,INE613B01010,B,42.50,43.00,41.00,41.40,42.46,500,21139.00,10
BSE,ICICIAMC,INE346A01027,A,3066.10,3096.90,3058.00,3072.75,3079.75,4223,12977376.00,638
BSE,ICICIBANK,INE090A01021,A,1450.50,1456.65,1418.40,1422.00,1476.95,1379912,1977476065.00,14069
BSE,ICICIGI,INE765G01017,A,1665.65,1665.65,1632.00,1640.00,1650.70,19195,31532167.00,1182
BSE,ICICIPRULI,INE726G01019,A,505.00,508.00,501.75,502.10,509.40,33379,16829611.00,1825
BSE,ICIL,INE483B01026,A,423.85,431.65,420.10,425.65,421.15,14532,6192475.00,576
BSE,ICL,INE407P01017,XT,37.20,37.20,33.69,34.35,35.46,482,16621.00,18
BSE,ICON,INE0Y0E01012,M,72.39,82.80,72.39,79.38,70.30,25200,2000460.00,19
BSE,ICONIKSPEV,INE088P01015,X,31.99,33.90,28.20,33.73,30.93,42009,1325514.00,144
BSE,ICRA,INE725G01011,B,5161.60,5196.70,4960.00,5005.80,5166.90,1957,10030934.00,407
BSE,ICSL,INE682B01023,X,3.72,3.85,3.72,3.80,3.72,627,2408.00,11
BSE,IDBI,INE008A01015,A,84.54,84.65,84.01,84.11,84.51,119331,10060696.00,767
BSE,IDEA,INE669E01016,A,12.63,12.89,12.60,12.75,12.64,15371289,195510213.00,177898
BSE,IDEAFORGE,INE349Y01013,T,935.25,955.00,890.00,908.25,920.45,30086,27593704.00,1077
BSE,IDFCFIRSTB,INE092T01019,A,85.27,85.27,84.40,84.51,84.84,4290277,364223972.00,4746
BSE,IECEDU,INE172B01017,X,21.96,22.50,21.03,21.22,21.98,1772,38694.00,37
BSE,IEX,INE022Q01020,A,128.40,128.60,126.60,127.80,128.00,115524,14712018.00,1503
BSE,IFBAGRO,INE076C01018,T,984.00,1009.00,984.00,1009.00,961.20,211,208964.00,11
BSE,IFBIND,INE559A01017,B,1427.00,1475.15,1385.00,1402.60,1442.40,17332,24669258.00,1482
BSE,IFCI,INE039A01010,A,74.57,75.12,73.76,73.95,74.92,604482,44946432.00,3807
BSE,IFGLEXPOR,INE133Y01011,B,225.10,229.50,222.00,227.35,227.05,7844,1781246.00,401
BSE,IFINSEC,INE474O01010,X,218.00,218.00,208.10,211.70,225.00,275,59240.00,20
BSE,IFINSER,INE064T01018,X,12.14,12.78,11.20,12.78,11.90,1923,22711.00,37
BSE,IFL,INE714U01024,B,0.37,0.37,0.36,0.37,0.37,1268791,461219.00,356
BSE,IGARASHI,INE188B01013,B,494.00,500.40,462.05,466.10,493.70,68274,33072889.00,1962
BSE,IGCIL,INE099S01016,X,2.09,2.17,2.05,2.07,2.10,32824,68418.00,85
BSE,IGCL,INE05J901018,B,74.55,75.35,73.00,73.44,74.55,1508,111780.00,80
BSE,IGIL,INE0Q9301021,A,360.40,363.35,354.30,355.65,360.35,75692,27188550.00,1869
BSE,IGL,INE203G01027,A,154.75,155.20,151.80,151.95,154.35,92477,14199331.00,1596
BSE,IGPL,INE204A01010,B,509.00,509.25,487.50,494.25,503.60,6647,3320533.00,373
BSE,IIFL,INE530B01024,A,611.95,619.40,604.25,614.65,609.00,40743,24797982.00,682
BSE,IIFLCAPS,INE489L01022,A,338.55,338.55,333.75,334.05,335.40,28883,9653272.00,138
BSE,IIRM,INE670C01026,XT,139.00,139.00,136.20,138.50,138.30,4725,648736.00,58
BSE,IISL,INE818R01011,XT,10.31,10.31,10.31,10.31,10.85,102,1051.00,3
BSE,IITL,INE886A01014,B,142.00,146.35,141.95,144.25,141.65,7875,1138887.00,80
BSE,IITLPROJ,INE786E01018,XT,50.00,51.00,48.70,48.81,49.85,1635,82946.00,8
BSE,IKIO,INE0LOJ01019,B,199.35,206.45,197.80,204.20,202.00,19060,3844181.00,428
BSE,IKOMA,INE164D01010,XT,67.50,69.06,66.90,68.59,65.78,112115,7720617.00,218
BSE,IKS,INE115Q01022,A,1750.20,1766.40,1690.00,1737.25,1763.65,26233,45338690.00,2256
BSE,IL&FSENGG,INE369I01014,Z,35.68,37.25,35.00,37.04,35.68,2781,102592.00,20
BSE,IL&FSTRANS,INE975G01012,Z,2.14,2.14,2.01,2.02,2.11,12137,24651.00,18
BSE,IMAGICAA,INE172N01012,B,51.15,53.19,49.95,52.55,51.03,170097,8855978.00,324
BSE,IMEC,INE611C01020,X,106.55,109.45,104.00,104.60,106.55,1064,115357.00,31
BSE,IMFA,INE919H01018,A,1518.50,1518.50,1454.95,1470.90,1508.65,11723,17377073.00,806
BSE,IMPAL,INE547E01014,B,1111.80,1115.25,1095.00,1095.00,1108.50,128,142436.00,64
BSE,IMPEXFERRO,INE691G01015,Z,3.25,3.25,3.25,3.25,3.10,19158,62263.00,31
BSE,INA,INE0LGX01024,B,111.10,111.60,109.15,110.60,112.55,69079,7653392.00,640
BSE,INANI,INE635D01027,X,9.40,9.40,9.11,9.11,9.29,2627,24086.00,16
BSE,INCAP,INE437C01012,XT,89.00,89.00,86.00,86.55,89.00,616,54164.00,7
BSE,INCON,INE507D01010,XT,24.83,25.83,24.83,25.83,25.33,13869,348206.00,31
BSE,INCREDIBLE,INE452L01012,B,34.27,34.27,33.96,33.96,32.10,4,136.00,3
BSE,INDAG,INE802D01023,XT,98.12,99.15,96.17,97.00,97.15,2296,225187.00,26
BSE,INDBANK,INE841B01017,B,36.95,36.95,32.48,32.56,32.20,5068,167707.00,69
BSE,INDBNK,INE969D01012,B,52.28,54.80,50.00,51.17,52.28,1198,62990.00,16
BSE,INDCEMCAP,INE429D01017,XT,23.74,23.74,23.74,23.74,23.28,10044,238444.00,22
BSE,INDCTST,INE146H01018,X,54.99,58.00,53.80,54.50,54.99,1004,55050.00,24
BSE,INDGELA,INE342D01012,X,381.85,386.00,377.00,379.05,381.85,303,115622.00,29
BSE,INDGN,INE065X01017,A,556.25,561.95,545.90,554.10,552.15,54711,30310218.00,2255
BSE,INDHOTEL,INE053A01029,A,734.30,737.00,728.75,737.00,736.90,102495,75050125.00,2440
BSE,INDIACEM,INE383A01012,A,396.00,399.15,391.05,397.95,393.05,21347,8454958.00,545
BSE,INDIAGLYCO,INE560A01023,A,1152.25,1160.45,1141.05,1144.20,1152.25,2162,2487898.00,164
BSE,INDIAHOME,INE274E01015,X,30.79,30.79,28.00,29.53,29.51,1293,37420.00,40
BSE,INDIAHOMES,INE072A01029,XT,22.10,22.45,21.70,22.29,22.32,530141,11801444.00,266
BSE,INDIAMART,INE933S01016,A,1760.30,1768.85,1750.00,1754.65,1762.75,2422,4250103.00,492
BSE,INDIANACRY,INE862B01013,X,5.78,5.99,5.75,5.83,5.77,21410,125999.00,73
BSE,INDIANB,INE562A01011,A,880.90,899.05,878.05,899.00,873.00,549094,488754064.00,11277
BSE,INDIANCARD,INE061A01014,B,220.70,220.80,220.70,220.80,221.00,14,3090.00,4
BSE,INDIANHUME,INE323C01030,B,383.45,391.40,383.45,390.05,385.35,596,231747.00,97
BSE,INDIANVSH,INE131H01028,X,6.58,6.58,6.25,6.57,6.58,569,3570.00,13
BSE,INDIASHLTR,INE922K01024,A,718.95,719.00,689.20,691.55,733.60,16920,11824941.00,1037
BSE,INDIGO,INE646L01027,A,5285.30,5368.30,5285.00,5345.00,5321.00,34306,182896510.00,4087
BSE,INDIGOPNTS,INE09VQ01012,A,1134.55,1134.55,1110.00,1120.20,1127.60,2350,2628478.00,329
BSE,INDIGRID,INE219X23014,IF,178.89,178.89,178.07,178.33,178.59,11551,2060112.00,240
BSE,INDINFO,INE300B01022,X,0.59,0.60,0.58,0.58,0.60,1368181,800854.00,587
BSE,INDIQUBE,INE06ST01018,B,183.25,183.45,178.70,181.25,182.70,153571,27648553.00,128
BSE,INDLEASE,INE333C01013,X,7.37,7.37,7.37,7.37,7.02,601,4429.00,5
BSE,INDNIPPON,INE092B01025,B,1160.00,1189.00,1155.00,1177.40,1152.55,2243,2641591.00,369
BSE,INDOAMIN,INE760F01028,T,134.90,138.00,130.00,131.20,133.85,5166,690058.00,91
BSE,INDOBELL,INE0FK501019,MT,70.30,74.39,70.30,74.39,74.00,4500,322740.00,6
BSE,INDOBORAX,INE803D01021,B,410.30,410.30,396.00,401.45,409.65,4642,1881314.00,377
BSE,INDOCITY,INE456B01014,XT,12.44,12.50,12.44,12.50,12.32,10,124.00,2
BSE,INDOCO,INE873D01024,B,221.85,223.65,221.45,221.60,221.85,6093,1352024.00,98
BSE,INDOEURO,INE319N01019,X,8.02,8.50,8.02,8.50,8.02,2502,20066.00,6
BSE,INDOFARM,INE622H01018,B,163.00,163.50,158.00,159.40,164.35,19862,3197648.00,390
BSE,INDOKEM,INE716F01012,B,583.60,629.35,569.95,629.35,572.15,19035,11897621.00,481
BSE,INDOMIM,INE084101034,B,896.05,908.80,850.20,867.25,881.10,393511,344009211.00,14655
BSE,INDORAMA,INE156A01020,B,59.65,61.80,58.90,59.04,60.51,19948,1198414.00,201
BSE,INDOSMC,INE0WKY01013,MT,452.00,466.65,449.00,466.65,444.45,56000,26018950.00,55
BSE,INDOSTAR,INE896L01010,B,232.95,235.15,229.00,229.85,232.95,1721,399958.00,81
BSE,INDOTECH,INE332H01014,T,3980.60,3980.60,3736.25,3784.60,3791.05,1538,5980958.00,225
BSE,INDOTHAI,INE337M01021,B,99.35,99.35,99.35,99.35,110.35,59637,5924935.00,346
BSE,INDOUS,INE250Z01010,B,81.60,81.60,81.00,81.00,81.44,325,26359.00,7
BSE,INDOWIND,INE227G01018,T,9.38,9.38,8.84,9.04,9.05,10327,92258.00,55
BSE,INDPRUD,INE620D01011,B,6498.00,6498.00,6275.00,6410.00,6498.00,24,154311.00,8
BSE,INDRAMEDCO,INE681B01017,A,375.00,405.95,375.00,381.20,362.45,398942,156557679.00,6328
BSE,INDRANIB,INE007C01021,X,8.60,8.85,8.33,8.72,8.23,153568,1338237.00,144
BSE,INDRENEW,INE138O01029,Z,14.49,14.49,14.25,14.39,14.32,12277,175639.00,29
BSE,INDSILHYD,INE867D01018,X,41.79,41.80,40.60,40.79,41.14,2289,93541.00,41
BSE,INDSUCR,INE557C01017,X,76.16,76.90,75.00,75.22,76.92,2757,208685.00,44
BSE,INDSWFTLAB,INE915B01019,B,225.25,232.80,225.25,228.45,226.25,15453,3540283.00,355
BSE,INDTERRAIN,INE611L01021,B,31.93,32.25,31.49,31.76,31.93,2355,75271.00,62
BSE,INDTONER,INE826B01026,X,47.99,48.89,47.45,48.25,47.99,12906,623227.00,183
BSE,INDUSFINL,INE935D01013,XT,184.10,189.45,180.45,188.85,180.45,17212,3244121.00,181
BSE,INDUSINDBK,INE095A01012,A,1009.00,1025.00,1004.45,1025.00,1006.00,45317,45844626.00,1991
BSE,INDUSINVIT,INE0NHL23019,IF,138.99,138.99,135.00,136.76,135.93,8043,1096686.00,255
BSE,INDUSTOWER,INE121J01017,A,385.05,386.70,383.30,385.00,385.05,147525,56779883.00,3494
BSE,INDXTRA,INE056E01024,X,6.05,6.25,5.70,6.00,5.90,85584,508595.00,182
BSE,INFLAME,INE464Z01017,M,222.00,222.00,211.00,214.00,221.65,11000,2392487.00,43
BSE,INFOBEAN,INE344S01016,B,166.75,171.20,166.75,167.60,167.75,10478,1773088.00,227
BSE,INFOMEDIA,INE669A01022,B,5.33,5.62,5.21,5.21,5.29,1300,6959.00,8
BSE,INFONATIVE,INE12IB01015,M,37.45,38.00,37.45,38.00,37.28,11200,424720.00,4
BSE,INFORTEC,INE123E01014,X,72.00,85.80,72.00,80.10,80.00,439,34911.00,22
BSE,INFRONICS,INE463B01036,X,23.80,23.80,22.00,23.18,23.01,1261,29150.00,39
BSE,INFY,INE009A01021,A,1160.65,1182.90,1156.25,1173.10,1165.20,427811,503113135.00,13250
BSE,INGERRAND,INE177A01018,B,4339.95,4374.65,4311.00,4327.55,4346.45,401,1743123.00,122
BSE,INLANPR,INE055O01033,XT,67.14,67.14,65.80,65.80,67.14,2268,149498.00,6
BSE,INLCM,INE359D01024,X,606.00,606.00,573.00,591.80,602.80,322,189318.00,35
BSE,INNOVACAP,INE0DUT01020,B,949.30,954.85,939.35,947.35,958.90,980,927503.00,118
BSE,INNOVATIVE,INE492Y01011,MT,22.50,22.50,21.66,21.66,22.80,3000,65820.00,2
BSE,INNOVATORS,INE870Z01015,M,125.75,128.80,122.05,125.65,121.80,33600,4244280.00,37
BSE,INNOVISION,INE0ADB01012,B,285.00,287.65,282.80,284.00,284.75,257,73052.00,54
BSE,INNOVTEC,INE965C01038,X,13.69,15.75,13.65,15.07,13.75,19482,287148.00,114
BSE,INOXGREEN,INE510W01014,T,175.00,180.00,172.55,179.30,173.70,12007,2106349.00,146
BSE,INOXINDIA,INE616N01034,A,1930.00,1996.35,1930.00,1955.90,1951.30,3542,6946805.00,350
BSE,INOXWIND,INE066P01011,A,78.30,78.73,76.91,77.95,78.50,858827,66713868.00,5521
BSE,INSECTICID,INE070I01018,B,647.35,649.45,639.80,644.90,650.95,325,209471.00,54
BSE,INSPIRISYS,INE020G01017,T,101.25,101.60,97.66,99.63,97.97,1049,105331.00,13
BSE,INTECCAP,INE017E01018,XT,15.50,15.50,15.50,15.50,15.80,3,46.00,1
BSE,INTEGFD,INE177M01013,XT,144.75,144.80,137.70,144.00,144.90,495,69386.00,19
BSE,INTEGHIT,INE934A01012,X,3.85,4.00,3.85,3.87,4.00,1904,7358.00,10
BSE,INTEGRAEN,INE984B01023,XT,160.05,162.95,154.80,158.70,162.90,17952,2827357.00,236
BSE,INTELLECT,INE306R01017,A,722.00,729.00,715.10,721.05,722.00,22590,16331661.00,1139
BSE,INTENTECH,INE781A01025,B,84.50,85.64,81.82,83.63,83.63,6050,505063.00,101
BSE,INTERARCH,INE00M901018,B,1830.00,1830.00,1719.00,1768.50,1859.35,9851,17446978.00,923
BSE,INTETHR,INE038N01015,P,8.48,8.48,8.48,8.48,8.48,100,848.00,1
BSE,INTLCOMBQ,INE403C01014,X,515.00,515.00,500.00,512.50,507.85,1264,642890.00,64
BSE,INTLCONV,INE575C01027,B,75.45,75.84,74.70,74.70,75.39,2429,182423.00,54
BSE,INTRGLB,INE661M01016,X,73.68,73.68,72.40,72.40,66.99,255,18589.00,8
BSE,INTSTOIL,INE003B01014,X,38.80,41.00,37.50,39.90,38.99,472,18811.00,13
BSE,INVENTURE,INE878H01024,B,0.92,0.93,0.89,0.90,0.93,248435,225219.00,153
BSE,INVIGO,INE359A01012,X,6.67,6.80,6.25,6.41,6.67,4965,32604.00,26
BSE,INVPRECQ,INE155E01016,T,1128.00,1149.00,1095.00,1138.95,1128.00,796,896129.00,64
BSE,IOB,INE565A01014,A,34.90,34.90,34.21,34.29,34.82,288031,9919876.00,1480
BSE,IOC,INE242A01010,A,142.00,143.35,141.85,142.40,143.00,356153,50781727.00,5197
BSE,IOLCP,INE485C01029,B,164.25,170.85,163.15,167.80,163.15,238566,39988024.00,3522
BSE,IONEXCHANG,INE570A01022,A,385.35,386.35,368.75,371.60,386.85,70788,26577142.00,2341
BSE,IPCALAB,INE571A01038,A,1715.05,1743.65,1715.05,1736.85,1733.45,5314,9189470.00,447
BSE,IPL,INE0D6701023,B,146.00,146.05,145.00,145.20,145.55,6599,958415.00,430
BSE,IPRINGLTD,INE558A01019,X,129.90,129.90,127.95,128.00,125.00,522,66850.00,5
BSE,IRB,INE821I01022,A,19.94,20.00,19.60,19.68,19.94,887841,17544141.00,3938
BSE,IRBINVIT,INE183W23014,IF,64.19,64.24,63.90,64.22,63.87,60425,3873518.00,702
BSE,IRCON,INE962Y01021,A,131.05,133.00,131.05,131.20,132.40,125296,16481482.00,1630
BSE,IRCTC,INE335Y01020,A,520.45,521.70,514.40,519.65,520.40,60252,31244338.00,1935
BSE,IREDA,INE202E01016,A,120.35,121.80,119.65,120.00,121.20,581113,69974791.00,18877
BSE,IRFC,INE053F01010,A,89.40,89.45,88.57,88.60,89.27,293532,26125781.00,3010
BSE,IRIS,INE864K01010,B,262.35,265.35,258.00,259.10,262.80,484,127033.00,37
BSE,IRMENERGY,INE07U701015,B,304.80,314.45,289.20,293.60,293.65,90938,27843797.00,2313
BSE,IRONWOOD,INE791H01011,X,53.00,53.00,50.60,50.68,54.23,3790,193013.00,48
BSE,ISERA,INE899M01020,XT,143.90,143.90,143.90,143.90,143.90,10201,1467923.00,21
BSE,ISFL,INE973B01026,X,0.69,0.73,0.69,0.70,0.68,78563,55143.00,31
BSE,ISFT,INE566K01011,B,79.00,79.01,77.24,78.95,78.88,255,19928.00,21
BSE,ISGEC,INE858B01029,B,828.15,828.15,812.00,815.80,821.45,923,755005.00,149
BSE,ISHANCH,INE561M01018,B,49.00,52.00,48.90,49.82,48.79,70576,3541958.00,182
BSE,ISHITADR,INE806D01016,X,77.00,78.69,73.91,74.37,77.00,1233,92899.00,10
BSE,ISLCONSUL,INE569B01022,X,16.50,16.50,15.55,16.15,16.60,1134,17759.00,12
BSE,ISTLTD,INE684B01029,X,635.10,643.00,634.00,636.35,650.00,558,355155.00,25
BSE,ISTRNETWK,INE532B01020,X,46.49,47.40,44.00,46.91,44.53,31510,1465368.00,140
BSE,ITC,INE154A01025,A,285.00,285.70,284.50,285.50,285.00,437695,124811249.00,5917
BSE,ITCHOTELS,INE379A01028,A,171.90,172.30,169.00,170.95,171.10,738439,125829583.00,3316
BSE,ITCONS,INE0O6A01019,M,272.95,272.95,266.00,270.80,270.50,8000,2163960.00,23
BSE,ITDC,INE353K01014,B,702.85,715.00,699.15,700.45,709.15,6389,4499793.00,275
BSE,ITHL,INE262B01016,X,307.45,312.05,303.20,308.20,303.35,3380,1046570.00,70
BSE,ITI,INE248A01017,B,286.80,288.95,281.20,282.90,287.05,18011,5138910.00,425
BSE,ITL,INE478D01014,X,322.20,324.50,312.55,315.95,320.80,1584,508604.00,79
BSE,IVALUE,INE056801025,B,277.15,277.20,270.50,271.80,273.80,13905,3805764.00,306
BSE,IVC,INE050B01023,B,8.13,8.20,8.05,8.19,8.13,41163,334582.00,154
BSE,IVP,INE043C01018,T,166.55,166.55,166.55,166.55,158.65,230,38306.00,2
BSE,IWP,INE586E01020,B,34.00,34.05,33.50,33.56,34.00,1740,58846.00,26
BSE,IXIGO,INE0HV901016,A,196.75,199.60,171.70,175.60,201.70,417731,76044087.00,6342
BSE,IZMO,INE848A01014,B,1020.00,1025.45,975.00,984.50,1027.55,13010,12879960.00,1017
BSE,J&KBANK,INE168A01041,A,160.10,161.25,158.30,159.20,160.10,146855,23483306.00,1604
BSE,JACKSON,INE508N01025,X,0.40,0.41,0.39,0.40,0.40,148851,59447.00,147
BSE,JAFINANCE,INE825B01010,X,119.00,120.00,119.00,119.00,120.00,371,44191.00,8
BSE,JAGAJITIND,INE574A01016,X,168.00,169.60,157.00,167.95,154.20,101126,16768945.00,684
BSE,JAGANLAM,INE144C01014,X,46.59,47.40,45.51,45.70,46.59,3981,184321.00,38
BSE,JAGJANANI,INE702H01018,X,4.98,4.98,4.58,4.58,4.58,1246,5768.00,11
BSE,JAGRAN,INE199G01027,B,63.67,63.67,62.60,63.37,62.89,13895,875553.00,210
BSE,JAGSNPHARM,INE048B01035,B,240.40,242.35,230.00,232.55,237.60,4298,1012799.00,111
BSE,JAGSONSER,INE582C01015,X,55.86,58.50,55.86,58.50,57.30,141,8245.00,3
BSE,JAIBALAJI,INE091G01026,T,62.80,65.80,62.30,65.60,62.80,17193,1108400.00,170
BSE,JAICORPLTD,INE070D01027,B,104.00,105.75,103.10,103.60,103.80,21978,2291215.00,186
BSE,JAIHIND,INE156E01014,X,39.99,40.00,36.00,36.04,38.29,36631,1415559.00,82
BSE,JAIMATAG,INE250C01027,XT,3.64,3.64,3.30,3.64,3.47,1386414,4876371.00,709
BSE,JAINCO,INE966C01010,X,4.85,4.85,4.85,4.85,4.62,186,902.00,8
BSE,JAINEX,INE280F01019,X,133.75,137.40,123.25,133.00,132.95,284,37642.00,22
BSE,JAINREC,INE0YD401026,B,315.00,316.80,307.50,308.55,315.65,186607,57999053.00,3369
BSE,JAIPAN,INE058D01030,X,37.65,37.95,35.72,36.09,36.87,6025,217193.00,59
BSE,JAMESWARREN,INE718P01017,X,264.00,269.75,255.00,264.40,264.95,108,28133.00,24
BSE,JAMNAAUTO,INE039C01032,A,144.90,148.90,142.75,144.80,143.90,366690,53763969.00,3597
BSE,JAMSHRI,INE462D01034,X,80.00,80.00,75.51,75.80,75.97,1521,116208.00,16
BSE,JARO,INE00YJ01010,B,453.40,460.25,453.40,457.80,453.40,9697,4436245.00,205
BSE,JASCH,INE711C01028,XT,290.00,290.00,276.40,281.60,290.90,4542,1274370.00,85
BSE,JASH,INE039O01029,B,501.65,502.20,492.00,497.40,492.75,3893,1936306.00,129
BSE,JATTAINDUS,INE722N01014,X,548.00,548.00,451.00,464.00,457.10,62,28921.00,13
BSE,JAUSPOL,INE593O01017,X,24.50,25.30,23.00,23.00,23.00,7313,183565.00,27
BSE,JAYAGROGN,INE785A01026,B,223.10,223.10,218.85,221.85,222.00,190,41816.00,9
BSE,JAYANT,INE0KR801019,MT,69.00,69.00,67.00,67.00,69.00,3000,202515.00,4
BSE,JAYBARMARU,INE571B01036,B,139.40,143.80,139.40,139.40,146.70,95198,13334925.00,480
BSE,JAYBHCR,INE998D01011,XT,13.02,13.02,13.02,13.02,13.02,32,416.00,1
BSE,JAYCH,INE693E01016,X,6.13,6.19,5.51,5.92,6.04,28965,168770.00,82
BSE,JAYIND,INE250D01017,X,12.99,12.99,12.49,12.49,12.99,125,1613.00,3
BSE,JAYKAILASH,INE0MSS01019,MT,45.60,46.29,43.25,46.08,45.52,72000,3191872.00,41
BSE,JAYKAY,INE903A01025,B,160.45,160.45,146.70,148.40,156.40,46702,7026863.00,808
BSE,JAYNECOIND,INE854B01010,A,92.07,93.18,91.30,92.32,92.66,253335,23310185.00,1508
BSE,JAYSREETEA,INE364A01020,B,89.00,89.32,86.65,87.20,89.76,3632,319071.00,62
BSE,JAYSYNTH,INE263B01022,X,13.60,13.60,12.90,12.97,13.30,20430,268769.00,113
BSE,JAYUSH,INE289D01015,X,890.00,890.00,859.00,871.45,875.10,134,116163.00,20
BSE,JBMA,INE927D01051,A,655.75,660.00,647.00,648.55,657.90,26810,17491833.00,1131
BSE,JDCABLES,INE14VP01014,M,204.25,209.60,203.10,208.50,208.60,39200,8051360.00,49
BSE,JENBURPH,INE354A01013,X,1090.00,1090.00,1020.05,1062.50,1135.65,13065,13727064.00,505
BSE,JETFREIGHT,INE982V01025,B,23.21,23.38,22.92,23.03,22.85,4023,92795.00,47
BSE,JETKINGQ,INE919C01019,X,107.00,109.40,99.40,106.00,104.88,3508,372300.00,73
BSE,JFL,INE841Y01019,M,22.00,24.69,22.00,24.46,20.99,34000,802360.00,30
BSE,JGCHEM,INE0MB501011,B,536.20,555.00,535.35,552.60,539.50,18029,9865886.00,1023
BSE,JGTL,INE0QXV01014,X,535.00,535.00,523.20,527.90,540.10,397,209876.00,39
BSE,JHACC,INE865D01012,X,184.30,184.30,184.25,184.25,184.35,332,61174.00,6
BSE,JHS,INE544H01014,B,8.90,8.90,7.50,7.86,7.62,29081,230379.00,35
BSE,JINDALPHOT,INE796G01012,B,1063.90,1085.30,1058.85,1062.00,1066.35,52,55358.00,13
BSE,JINDALPOLY,INE197D01010,B,635.15,635.15,617.40,622.25,634.05,808,507769.00,78
BSE,JINDALSAW,INE324A01032,A,263.00,273.50,263.00,271.50,265.70,161466,43714521.00,2967
BSE,JINDALSTEL,INE749A01030,A,1107.80,1107.80,1092.25,1097.80,1100.00,15463,16989432.00,806
BSE,JINDCAP,INE356F01017,X,30.60,31.70,30.00,30.28,30.50,2721,82678.00,50
BSE,JINDHOT,INE726D01016,X,63.20,63.20,61.00,61.66,63.01,7913,486552.00,36
BSE,JINDRILL,INE742C01031,B,620.30,642.50,610.20,635.90,614.90,22279,13971689.00,651
BSE,JINDWORLD,INE247D01039,B,38.12,39.98,38.00,38.95,38.54,559380,21766694.00,1589
BSE,JIOFIN,INE758E01017,A,263.00,263.00,257.00,257.40,264.00,1387827,359958524.00,15230
BSE,JISLJALEQS,INE175A01038,A,31.50,31.56,30.25,30.91,31.43,163388,5067901.00,447
BSE,JITFINFRA,INE863T01013,B,340.30,340.45,330.10,330.90,337.00,771,258613.00,64
BSE,JIVIAL,INE0V3T01017,M,84.48,84.48,79.00,79.90,84.48,12000,988638.00,11
BSE,JJFINCOR,INE584C01011,XT,53.15,53.15,53.15,53.15,53.10,111,5899.00,3
BSE,JKAGRI,INE690O01011,X,314.70,314.70,300.15,304.10,302.55,1473,455529.00,40
BSE,JKCEMENT,INE823G01014,A,5430.00,5430.00,5365.00,5379.70,5415.35,1511,8140287.00,290
BSE,JKIL,INE576I01022,B,494.20,502.25,491.00,497.65,488.25,13793,6843368.00,595
BSE,JKIPL,INE1FF001016,T,98.80,102.20,98.80,101.77,97.35,671,68287.00,12
BSE,JKLAKSHMI,INE786A01032,A,578.70,578.70,563.60,565.00,571.05,12998,7369742.00,755
BSE,JKPAPER,INE789E01012,A,387.90,391.20,384.10,387.15,390.50,11550,4467862.00,325
BSE,JKTYRE,INE573A01042,A,412.75,414.20,384.90,395.00,413.25,204886,81241165.00,5662
BSE,JLHL,INE682M01020,A,319.20,323.95,317.75,320.45,320.10,9781,3125550.00,207
BSE,JLL,INE919T01013,XT,123.55,124.00,123.55,124.00,126.05,20,2472.00,4
BSE,JMDVL,INE047E01031,XT,8.20,8.34,7.64,7.64,8.04,45308,354132.00,76
BSE,JMFINANCIL,INE780C01023,A,129.75,129.75,124.90,127.25,129.70,157416,19979785.00,1132
BSE,JMJFIN,INE242Q01016,X,9.49,9.79,9.21,9.40,9.49,10588,100737.00,55
BSE,JNKINDIA,INE0OAF01028,B,416.00,422.85,401.05,402.95,421.45,15525,6368682.00,883
BSE,JNPR,INE05C901015,B,262.00,264.15,246.90,249.40,259.60,342264,88174362.00,8900
BSE,JOHNPHARMA,INE560F01022,X,0.47,0.48,0.47,0.47,0.47,616498,292645.00,366
BSE,JOINDRE,INE024B01010,X,49.72,49.72,48.55,48.95,48.88,1859,90463.00,29
BSE,JOJO,INE312M01024,X,158.90,169.00,155.00,155.30,309.25,191476,30371868.00,1502
BSE,JOLYPLS,INE289M01016,XT,41.80,43.45,41.80,42.63,41.80,3,127.00,3
BSE,JONJUA,INE793Z01027,MT,4.12,4.12,3.99,4.10,4.19,125346,502974.00,22
BSE,JOSTS,INE636D01041,X,224.95,229.95,221.80,228.00,221.40,9864,2237675.00,108
BSE,JPOLYINVST,INE147P01019,B,1074.90,1079.45,1060.95,1074.00,1065.05,94,100685.00,29
BSE,JPPOWER,INE351F01018,A,18.09,18.21,17.87,17.93,18.10,3088728,55619913.00,3966
BSE,JSFB,INE953L01027,A,558.55,569.30,542.20,551.80,560.50,10304,5788186.00,331
BSE,JSL,INE220G01021,A,732.05,736.70,732.05,734.70,732.10,10558,7750819.00,600
BSE,JSLL,INE0J5801029,A,608.55,612.00,590.15,597.05,604.30,48668,29240171.00,1542
BSE,JSTL,INE237B01018,X,76.60,82.00,76.60,80.45,80.44,18379,1485743.00,108
BSE,JSWCEMENT,INE718I01012,A,132.50,135.90,132.50,134.35,132.65,137383,18455684.00,1511
BSE,JSWDULUX,INE133A01011,A,3072.00,3100.80,3001.80,3013.85,3079.05,1502,4562402.00,390
BSE,JSWENERGY,INE121E01018,A,560.50,567.50,559.90,566.30,570.00,110456,62232482.00,2376
BSE,JSWHL,INE824G01012,A,12199.95,12199.95,11850.00,11992.65,12051.10,177,2119309.00,77
BSE,JSWINFRA,INE880J01026,A,328.95,341.00,322.50,335.75,326.85,83728,27726633.00,1738
BSE,JSWSTEEL,INE019A01038,A,1297.90,1309.85,1288.15,1293.50,1308.00,41312,53630939.00,4077
BSE,JTEKTINDIA,INE643A01035,B,141.80,143.50,139.00,140.10,141.20,24074,3405012.00,264
BSE,JTLIND,INE391J01032,B,76.62,77.75,75.80,77.38,76.91,119894,9198600.00,1000
BSE,JUBLCPL,INE03CC01015,B,1876.70,1891.55,1816.90,1834.90,1922.00,120,221269.00,28
BSE,JUBLFOOD,INE797F01020,A,472.00,488.00,470.00,485.00,473.75,212166,102260947.00,4451
BSE,JUBLINGREA,INE0BY001018,A,756.60,766.00,732.15,739.60,756.15,25861,19343249.00,1488
BSE,JUBLPHARMA,INE700A01033,A,924.00,942.90,913.00,931.75,925.00,10233,9521327.00,880
BSE,JULIEN,INE890N01027,X,1.19,1.21,1.15,1.20,1.18,213543,253442.00,159
BSE,JUMBO,INE699D01015,XT,87.50,91.75,87.50,88.38,89.78,5964,531042.00,65
BSE,JUNGLECAMP,INE0WCH01015,M,45.00,45.00,45.00,45.00,44.11,1600,72000.00,1
BSE,JUNIPER,INE696F01016,B,197.60,197.60,193.60,194.85,198.15,29772,5812351.00,322
BSE,JUPITERIN,INE524N01014,X,53.84,53.84,49.95,51.00,50.08,8595,436674.00,51
BSE,JUSTDIAL,INE599M01018,A,673.50,701.10,673.50,683.00,681.80,23996,16520764.00,700
BSE,JUSTO,INE0W5Q01017,M,90.00,90.00,90.00,90.00,91.99,3000,270000.00,3
BSE,JWL,INE209L01016,A,260.80,261.70,259.00,259.90,262.05,24096,6272835.00,576
BSE,JYOTHYLAB,INE668F01031,A,205.75,208.00,204.30,206.45,205.80,22501,4643926.00,642
BSE,JYOTI,INE511D01012,X,51.25,53.29,51.25,52.76,52.22,19654,1028469.00,101
BSE,JYOTICNC,INE980O01024,A,870.45,872.90,739.30,784.25,865.75,463928,363379398.00,10532
BSE,JYOTIRES,INE577D01013,B,914.00,921.00,885.00,889.05,899.95,12816,11470995.00,1020
BSE,JYOTISTRUC,INE197A01024,B,11.70,11.85,11.40,11.44,11.72,257800,2987835.00,683
BSE,KAARYAFSL,INE282Y01016,M,12.50,12.50,12.50,12.50,13.15,12000,150000.00,2
BSE,KABRADG,INE323K01017,X,24.20,25.40,23.71,24.33,23.55,81607,1974039.00,171
BSE,KABRAEXTRU,INE900B01029,B,474.00,482.70,442.10,449.50,477.10,26896,12486921.00,781
BSE,KABSON,INE645C01010,X,23.98,23.98,21.06,21.50,22.39,1872,41011.00,45
BSE,KACHCHH,INE059E01010,XT,23.50,23.57,23.50,23.51,24.05,4102,96424.00,6
BSE,KACL,INE229G01022,XT,6.21,6.21,6.15,6.19,6.24,1193579,7388166.00,42
BSE,KAIZENAGRO,INE891N01017,XT,10.40,10.89,9.88,10.89,10.40,134,1405.00,7
BSE,KAJARIACER,INE217B01036,A,1167.30,1178.25,1146.25,1164.85,1175.25,10630,12409315.00,555
BSE,KAJARIR,INE434C01027,XT,35.00,36.24,34.84,35.99,35.63,5718,202932.00,15
BSE,KAKA,INE0P3N01018,M,211.75,213.50,205.50,205.50,208.00,6500,1361425.00,9
BSE,KAKTEX,INE092E01011,X,8.66,8.66,8.66,8.66,8.66,92,796.00,4
BSE,KALAMANDIR,INE438K01021,B,89.26,89.26,88.35,88.76,88.16,16713,1482793.00,171
BSE,KALIND,INE377D01026,XT,7.67,7.67,7.67,7.67,8.07,594831,4562353.00,501
BSE,KALLAM,INE629F01025,XT,2.29,2.39,2.20,2.22,2.30,51578,115421.00,74
BSE,KALPACOMME,INE059Q01014,X,8.79,8.79,8.00,8.02,8.79,363,2955.00,7
BSE,KALPATARU,INE227J01012,B,283.00,288.10,279.15,287.00,283.40,3721,1061067.00,114
BSE,KALYANCAP,INE149Q01021,XT,7.10,7.28,6.64,7.19,6.98,25008,171627.00,103
BSE,KALYANI,INE0N6U01018,M,729.00,768.90,725.20,765.95,705.50,8250,6220875.00,32
BSE,KALYANIFRG,INE314G01014,B,613.85,647.00,602.55,638.90,607.25,324,203314.00,38
BSE,KALYANKJIL,INE303R01014,A,605.00,629.50,601.35,610.00,598.00,2222985,1372387242.00,35752
BSE,KAMADGIRI,INE535C01013,XT,137.70,137.70,137.70,137.70,144.90,2442,336263.00,14
BSE,KAMAHOLD,INE411F01010,B,2510.60,2525.00,2487.20,2500.00,2520.80,448,1119938.00,61
BSE,KAMANWALA,INE344D01018,X,16.65,16.93,16.01,16.30,16.25,333,5408.00,13
BSE,KAMATHOTEL,INE967C01018,B,172.00,172.30,170.80,170.80,171.50,3911,668288.00,164
BSE,KAMATS,INE564S01019,B,36.99,38.30,35.99,37.90,36.01,6255,229480.00,44
BSE,KAMDHENU,INE390H01020,T,36.18,36.18,34.50,35.26,34.93,22736,809592.00,108
BSE,KAMOPAINTS,INE0BTI01037,B,4.50,4.62,4.50,4.59,4.59,37515,171456.00,155
BSE,KANANIIND,INE879E01037,B,1.60,1.60,1.51,1.51,1.52,11931,18178.00,67
BSE,KANCHI,INE081G01019,T,360.00,362.00,360.00,362.00,358.25,9,3248.00,4
BSE,KANCOTEA,INE398L01017,X,47.80,49.59,47.80,49.38,47.39,263,12922.00,9
BSE,KANELIND,INE252C01023,XT,76.98,76.98,76.98,76.98,73.32,481,37027.00,8
BSE,KANISHK,INE163401016,MT,25.00,25.00,23.87,24.00,24.60,14400,346256.00,7
BSE,KANORICHEM,INE138C01024,T,152.50,154.00,148.00,150.45,152.10,5486,830685.00,55
BSE,KANPRPLA,INE694E01014,B,208.90,210.95,208.55,209.30,208.55,1132,236351.00,66
BSE,KANSAINER,INE531A01024,A,210.85,215.95,209.00,212.75,211.15,49781,10569043.00,830
BSE,KANSHST,INE791E01018,X,52.60,52.60,47.01,50.04,52.37,2437,122208.00,33
BSE,KANUNGO,INE453S01015,X,11.77,11.79,11.77,11.79,12.38,42900,505391.00,12
BSE,KAPILRAJ,INE332Q01023,X,1.65,1.65,1.54,1.55,1.60,1606608,2496597.00,186
BSE,KARBON,INE0V8A01016,M,92.60,99.45,92.60,93.99,95.21,16800,1586672.00,20
BSE,KARMAENG,INE725L01011,B,37.50,44.24,37.50,41.11,37.14,2000,84368.00,209
BSE,KARNAVATI,INE554R01020,X,1.33,1.36,1.32,1.36,1.33,3139,4194.00,24
BSE,KARNAWATI,INE214D01021,X,1.22,1.22,1.18,1.20,1.21,38251,46061.00,105
BSE,KARTKIN,INE524U01019,XT,8453.00,8453.00,8453.00,8453.00,8625.00,2,16906.00,2
BSE,KARURVYSYA,INE036D01028,B,338.00,339.00,334.90,335.55,336.40,21196,7145038.00,519
BSE,KATIPATANG,INE237C01016,X,17.19,17.45,16.20,17.44,16.94,14507,240016.00,62
BSE,KATRSPG,INE498G01015,X,103.51,106.99,103.51,106.99,103.00,6,638.00,2
BSE,KAUSHALYA,INE234I01028,T,979.00,979.00,979.00,979.00,946.00,1,979.00,1
BSE,KAVDEFENCE,INE641C01019,B,57.85,57.90,56.50,57.40,57.06,7792,448420.00,238
BSE,KAYA,INE587G01015,B,275.00,277.85,270.00,272.95,274.05,1278,351535.00,55
BSE,KAYCEEI,INE813G01023,X,905.10,905.10,888.00,889.20,894.60,940,838438.00,78
BSE,KAYNES,INE918Z01012,A,3840.10,3899.00,3807.60,3850.00,3822.00,57573,221483747.00,5582
BSE,KAYPOWR,INE961B01013,X,9.00,9.34,8.72,9.11,8.83,20776,188674.00,40
BSE,KBSINDIA,INE883D01023,X,1.43,1.49,1.43,1.47,1.41,72202,105913.00,118
BSE,KCDGROUP,INE185U01035,X,3.40,3.56,3.40,3.54,3.42,7362,25933.00,35
BSE,KCLINFRA,INE469F01026,X,1.15,1.17,1.14,1.15,1.15,55267,63762.00,102
BSE,KCP,INE805C01028,B,152.20,156.40,150.75,153.20,151.40,5855,893240.00,484
BSE,KCPSUGIND,INE790B01024,B,30.88,30.90,29.82,29.89,30.64,27847,838652.00,163
BSE,KDDL,INE291D01011,B,3697.45,3860.00,3697.45,3844.45,3697.45,1416,5400702.00,258
BSE,KEC,INE389H01022,A,475.85,480.50,472.05,479.20,477.95,59125,28161787.00,1553
BSE,KECL,INE134B01017,B,149.00,149.30,142.65,143.35,148.10,21052,3055345.00,804
BSE,KEEPLEARN,INE055C01020,B,2.30,2.30,1.94,1.99,2.00,3597,7224.00,27
BSE,KEERTHI,INE145L01012,X,40.00,43.89,40.00,42.00,39.01,688,29382.00,12
BSE,KEI,INE878B01027,A,5540.90,5629.55,5540.90,5625.00,5595.00,18357,102644484.00,3714
BSE,KEIL,INE534E01020,X,17.09,17.09,16.70,16.99,17.11,2955,49822.00,30
BSE,KELENRG,INE881E01017,XT,9300.00,9750.05,9101.00,9750.05,9285.80,1462,14118220.00,216
BSE,KELLTONTEC,INE164B01030,B,14.08,14.34,14.05,14.10,14.19,93928,1325487.00,419
BSE,KEMISTAR,INE971L01029,X,48.79,48.79,47.00,47.98,48.60,3661,175047.00,22
BSE,KENNAMET,INE717A01029,B,3095.50,3344.90,3091.60,3308.60,3127.15,6669,21773828.00,1833
BSE,KENVI,INE923Y01023,B,2.01,2.01,1.97,1.99,2.01,29695,59105.00,111
BSE,KERALAYUR,INE817B01025,X,159.75,159.80,148.00,148.95,156.00,18097,2725288.00,306
BSE,KERNEX,INE202H01019,B,2411.45,2510.00,2401.20,2448.90,2441.00,13340,32751572.00,791
BSE,KESAR,INE0L1C01019,M,1258.40,1259.90,1246.80,1249.95,1264.95,15100,18921900.00,79
BSE,KESARENT,INE133B01027,X,5.75,6.39,5.69,5.70,5.75,37537,217882.00,60
BSE,KESARPE,INE133C01033,X,16.60,17.20,16.60,16.99,16.92,17772,300122.00,70
BSE,KESORAMIND,INE087A01019,T,12.72,12.80,12.72,12.80,12.97,60637,771901.00,58
BSE,KEYCORP,INE130F01016,X,78.70,82.63,78.00,82.63,78.70,5333,437557.00,64
BSE,KEYFINSERV,INE681C01015,B,245.40,245.40,245.40,245.40,256.25,3,736.00,1
BSE,KFBL,INE991B01010,X,44.11,44.44,41.15,42.02,44.11,13314,572028.00,103
BSE,KFINTECH,INE138Y01010,A,933.20,936.80,925.60,936.00,928.65,28625,26650313.00,1088
BSE,KGDENIM,INE104A01012,X,15.79,15.79,14.29,14.43,14.29,7447,109108.00,88
BSE,KGPETRO,INE902G01016,X,195.10,195.10,193.45,193.45,194.40,100,19346.00,2
BSE,KGVL,INE0S9501014,M,51.56,51.56,51.56,51.56,51.56,1200,61872.00,1
BSE,KHADIM,INE834I01025,T,96.62,97.80,96.50,97.40,96.62,2046,198393.00,26
BSE,KHAICHEM,INE745B01028,B,53.08,54.00,51.72,52.16,53.36,7222,377733.00,69
BSE,KHAITANLTD,INE731C01018,B,158.00,161.00,151.85,158.45,158.50,3049,474917.00,67
BSE,KHAZANCHI,INE0OWC01011,M,729.50,737.90,729.00,735.90,731.55,28750,21030100.00,78
BSE,KHOOBSURAT,INE731G01027,X,0.50,0.50,0.49,0.49,0.50,751004,370628.00,153
BSE,KHYATI,INE593B01030,XT,3.23,3.23,2.95,3.08,3.09,501,1592.00,6
BSE,KIAASA,INE1C3F01018,M,33.00,33.50,33.00,33.50,32.40,3000,100000.00,3
BSE,KICL,INE029L01018,B,5605.00,5717.45,5540.00,5557.35,5520.65,73,410628.00,36
BSE,KIDUJA,INE845A01028,X,15.50,16.00,15.50,16.00,15.50,632,10101.00,6
BSE,KIFS,INE902D01013,X,108.00,108.00,97.60,101.85,109.00,458,48661.00,24
BSE,KILITCH,INE729D01010,T,189.90,193.55,184.50,193.55,184.35,738,138098.00,13
BSE,KIMIABL,INE285U01025,X,29.62,30.42,28.15,29.93,30.36,6277,183676.00,66
BSE,KIMS,INE967H01025,A,800.45,826.65,800.45,811.00,807.85,888945,721043493.00,28337
BSE,KINETICENG,INE266B01017,XT,247.75,247.75,235.00,236.90,246.50,36679,8682943.00,347
BSE,KINETRU,INE674M01019,XT,43.00,43.00,43.00,43.00,41.69,80,3440.00,4
BSE,KINGFA,INE473D01015,B,5380.80,5580.00,5335.00,5563.20,5338.15,962,5319001.00,227
BSE,KINGSINFR,INE050N01010,X,110.50,112.70,107.50,107.65,109.90,8951,968324.00,147
BSE,KIOCL,INE880L01014,B,396.75,397.25,389.00,390.85,394.65,7358,2882937.00,256
BSE,KIRANSY-B,INE293D01017,X,13.23,13.23,13.00,13.00,13.23,26,338.00,2
BSE,KIRANVYPAR,INE555P01013,B,197.50,200.00,197.50,199.00,194.00,65,12915.00,6
BSE,KIRIINDUS,INE415I01015,A,435.15,441.30,426.45,428.40,437.35,13775,5957303.00,369
BSE,KIRLFER,INE884B01025,B,450.90,450.90,442.75,445.00,444.80,4157,1853209.00,259
BSE,KIRLOSBROS,INE732A01036,A,1970.90,1970.90,1880.00,1901.80,1961.40,13043,25131014.00,864
BSE,KIRLOSENG,INE146L01010,A,1980.20,2214.20,1980.20,2163.55,2243.95,135049,291099323.00,28042
BSE,KIRLOSIND,INE250A01039,B,3761.35,3828.10,3740.25,3764.80,3761.35,364,1377508.00,63
BSE,KIRLPNU,INE811A01020,A,1453.70,1453.75,1433.00,1440.80,1455.50,4784,6897920.00,507
BSE,KISAAN,INE102C01020,X,11.80,11.80,11.21,11.26,11.80,2989,34769.00,33
BSE,KISAN,INE017C01012,XT,22.50,22.90,22.00,22.42,22.04,36009,812552.00,121
BSE,KISSHT,INE12F801023,B,303.50,304.25,292.25,299.95,304.40,136138,40640112.00,3128
BSE,KITEX,INE602G01020,A,145.10,147.75,144.25,145.00,145.10,29304,4277498.00,561
BSE,KJMCCORP,INE602C01011,X,53.89,53.89,52.10,52.17,53.89,250,13085.00,5
BSE,KJMCFIN,INE533C01018,X,59.00,60.90,54.06,54.20,57.95,1765,101128.00,44
BSE,KKALPANAIND,INE301C01028,X,7.01,7.19,6.80,7.15,7.01,25463,179700.00,59
BSE,KKCL,INE401H01017,B,508.15,532.00,508.15,513.60,521.20,15268,7897630.00,603
BSE,KKSHL,INE0OH401016,M,40.00,40.00,40.00,40.00,40.00,6000,240000.00,2
BSE,KKSILK,INE0EOJ01014,MT,9.90,9.91,9.50,9.52,9.75,12000,116490.00,4
BSE,KLASSROOM,INE1LMA01010,MT,170.00,178.50,161.60,166.75,0.00,957600,163143880.00,562
BSE,KLBRENG-B,INE338F01015,B,399.50,399.50,385.05,388.95,399.45,15459,6075655.00,954
BSE,KLRFM,INE014E01015,X,87.80,89.80,87.20,88.62,89.20,2169,191989.00,40
BSE,KMCSHIL,INE879K01018,B,122.25,123.25,117.00,119.45,122.15,181059,21628959.00,2467
BSE,KMEW,INE0CJD01029,B,2538.95,2544.90,2492.10,2523.70,2518.15,2565,6451290.00,284
BSE,KMFBLDR,INE580H01026,X,7.28,7.28,7.20,7.20,6.94,85,612.00,5
BSE,KMSUGAR,INE157H01023,B,28.05,28.84,28.00,28.13,28.45,7938,224530.00,109
BSE,KNACK,INE17QZ01016,B,201.25,211.30,201.25,208.20,208.00,208799,43194396.00,1773
BSE,KNRCON,INE634I01029,A,140.20,141.95,138.00,139.85,140.20,93713,13053139.00,956
BSE,KOBO,INE881A01015,Z,6.61,6.61,6.61,6.61,6.95,1607,10622.00,23
BSE,KOHINOOR,INE080B01012,B,22.31,24.56,22.31,22.92,23.22,6479,150043.00,275
BSE,KOKUYOCMLN,INE760A01029,B,88.50,88.50,84.50,85.55,89.88,23103,1971915.00,313
BSE,KOLTEPATIL,INE094I01018,B,426.65,449.00,425.75,445.05,430.00,45916,19978260.00,1195
BSE,KOPRAN,INE082A01010,T,191.50,192.20,180.90,181.40,190.40,57589,10477991.00,285
BSE,KOTAKBANK,INE237A01036,A,393.85,394.65,387.65,392.00,394.00,491213,191533598.00,5051
BSE,KOTHARIPRO,INE823A01017,B,68.75,71.64,68.75,70.40,68.66,331,23255.00,18
BSE,KOTIC,INE972A01020,B,152.00,156.05,152.00,152.30,154.75,4533,692676.00,123
BSE,KOTYARK,INE0J0B01017,T,39.31,42.38,39.23,40.54,41.29,115389,4619862.00,524
BSE,KOURA,INE0M8R01011,M,39.90,40.20,39.90,40.20,37.30,20000,800200.00,10
BSE,KOVAI,INE177F01017,B,5915.00,5915.00,5833.00,5847.45,5883.55,151,885535.00,82
BSE,KPEL,INE127T01021,B,304.65,307.95,300.25,302.70,304.60,17377,5258461.00,575
BSE,KPGEL,INE0QVH01025,M,337.00,340.00,333.20,334.65,336.50,27750,9315775.00,103
BSE,KPIGREEN,INE542W01025,A,375.70,375.70,370.05,370.80,375.30,28267,10504569.00,1002
BSE,KPIL,INE220B01022,A,1295.00,1320.95,1282.95,1316.40,1293.95,9625,12597832.00,626
BSE,KPITTECH,INE04I401011,A,620.30,636.80,620.25,627.25,623.10,529187,333735682.00,7509
BSE,KPL,INE552U01010,B,2611.30,2710.00,2490.20,2609.05,2652.45,17152,44836290.00,1678
BSE,KPRMILL,INE930H01031,A,1088.90,1089.00,1071.00,1076.85,1084.40,6123,6598567.00,628
BSE,KPT,INE731D01024,X,513.95,550.00,511.00,523.75,508.35,6935,3668657.00,222
BSE,KRANTI,INE911T01010,B,48.39,55.00,46.58,52.34,47.45,23056,1163447.00,149
BSE,KRATIKAL,INE1L0M01019,M,162.20,162.20,158.05,159.85,160.80,61000,9762350.00,36
BSE,KRBL,INE001B01026,A,373.25,381.80,372.30,379.05,373.95,9978,3755349.00,289
BSE,KREBSBIO,INE268B01013,B,58.80,58.80,56.00,57.25,53.49,3,173.00,3
BSE,KREONFIN,INE302C01018,XT,92.00,93.00,88.10,91.85,91.99,7348,674551.00,41
BSE,KRETTOSYS,INE128R01023,X,0.49,0.53,0.47,0.48,0.49,4497007,2186703.00,456
BSE,KRIDHANINF,INE524L01026,T,2.19,2.35,2.19,2.35,2.30,38892,91214.00,21
BSE,KRIFILIND,INE073A01019,X,5.32,5.32,5.32,5.32,5.07,19,101.00,2
BSE,KRISHIVAL,INE0GGO01015,B,391.50,396.00,387.20,388.75,389.00,1186,465316.00,119
BSE,KRISHNA,INE537L01010,XT,37.49,37.49,37.49,37.49,38.25,148,5548.00,7
BSE,KRITI,INE479D01038,T,71.00,72.28,70.20,70.30,69.97,8727,625646.00,24
BSE,KRITINUT,INE798K01010,B,90.07,91.81,90.07,90.07,94.81,5453,492262.00,622
BSE,KRN,INE0Q3J01015,T,1191.10,1222.00,1191.10,1210.70,1212.25,4769,5776251.00,261
BSE,KRONOX,INE0ATZ01017,B,166.00,166.00,162.45,162.80,166.70,10854,1780018.00,263
BSE,KROSS,INE0O6601022,B,199.80,204.00,199.45,202.90,200.75,10057,2025961.00,322
BSE,KRRAIL,INE078T01026,X,25.45,25.45,24.55,24.85,24.93,43301,1087223.00,262
BSE,KRSNAA,INE08LI01020,B,561.00,565.00,555.00,564.60,558.90,2069,1158923.00,104
BSE,KRT,INE1JAR25012,IF,117.50,117.94,117.02,117.57,117.40,6641,780441.00,243
BSE,KRUPALU,INE0XZB01017,M,27.65,27.65,27.65,27.65,27.99,1600,44240.00,1
BSE,KRYPTONQ,INE951B01014,X,35.50,36.99,35.50,35.77,36.53,1903,68498.00,29
BSE,KRYSTAL,INE0QN801017,B,600.45,602.50,600.00,601.80,600.70,287,172301.00,13
BSE,KSB,INE999A01023,A,792.80,797.40,779.60,785.05,788.05,86413,67975452.00,1956
BSE,KSCL,INE455I01029,B,771.00,777.35,761.05,764.50,770.75,2412,1855974.00,279
BSE,KSE,INE953E01022,X,209.00,210.00,204.00,207.40,208.15,18221,3781780.00,409
BSE,KSHINTL,INE987S01020,B,905.00,910.65,896.30,900.05,898.45,41458,37487662.00,1657
BSE,KSL,INE907A01026,B,879.60,903.00,834.65,848.75,881.20,5867,5097262.00,286
BSE,KSOLVES,INE0D6I01023,B,265.00,282.70,265.00,282.25,282.20,4869,1315760.00,113
BSE,KSR,INE1SPP01016,B,29.20,29.51,28.59,28.61,29.20,1018,29487.00,29
BSE,KSSMART,INE737E01011,X,113.50,113.50,106.00,106.40,109.55,3959,427008.00,67
BSE,KTIL,INE096L01025,X,59.00,60.17,59.00,59.50,60.65,889,52898.00,15
BSE,KTKBANK,INE614B01018,A,306.55,313.65,305.55,310.00,306.55,585537,181433020.00,5931
BSE,KUANTUM,INE529I01021,B,80.41,86.86,80.41,86.08,81.45,37085,3110663.00,791
BSE,KUBERJI,INE594R01018,XT,25.79,25.81,25.79,25.81,24.59,6708,173132.00,15
BSE,KUNSTOFF,INE638D01021,X,22.14,22.14,21.01,21.90,22.14,338,7364.00,18
BSE,KUSHIND,INE979D01011,X,6.02,7.45,6.02,6.60,6.30,10784,71043.00,93
BSE,KUSUMGAR,INE0ISX01025,B,650.45,657.20,634.00,640.05,650.25,32384,20952356.00,853
BSE,KUWERIN,INE430F01010,X,10.50,11.19,10.00,10.42,10.28,6634,69872.00,34
BSE,KVFORGE,INE013J01016,XT,156.00,156.00,144.10,144.40,151.65,3367,491732.00,90
BSE,KVSCASTING,INE163701019,M,64.00,66.00,63.06,65.35,65.65,50000,3259680.00,21
BSE,KWIL,INE2KCE01013,B,35.10,35.33,33.85,34.86,34.79,480833,16710908.00,2774
BSE,LACTOSE,INE058I01013,X,101.60,107.00,101.60,102.00,102.80,4379,462502.00,46
BSE,LADDERUP,INE519D01015,X,50.00,53.50,50.00,53.16,53.00,2000,100889.00,13
BSE,LADDU,INE546I01025,X,0.48,0.48,0.48,0.48,0.46,66243,31796.00,25
BSE,LAFFANSQ,INE919B01011,X,29.90,30.00,28.13,28.13,27.22,2908,86648.00,41
BSE,LAHL,INE213U01019,X,6.87,6.92,6.50,6.89,6.95,2001,13786.00,5
BSE,LAHOTIOV,INE515C01023,B,42.98,42.98,41.78,42.48,42.21,380,16051.00,5
BSE,LAKESHORE,INE734D01010,X,82.00,82.30,76.00,80.33,80.00,1446,111982.00,66
BSE,LAKHOTIA,INE191O01010,X,52.80,57.70,52.20,55.60,53.38,281,15238.00,19
BSE,LAKSELEC,INE284C01018,X,809.80,819.60,790.00,817.00,805.00,1430,1158737.00,67
BSE,LAKSHMIEW,INE718M01022,X,2093.90,2149.95,2000.05,2100.00,2099.90,17,35571.00,11
BSE,LAKSHMIMIL,INE938C01019,X,8000.05,8099.95,7900.15,8047.90,8012.95,96,768075.00,22
BSE,LAL,INE740X01023,B,8.82,9.01,8.53,8.65,8.82,77342,669127.00,73
BSE,LALPATHLAB,INE600L01024,A,1930.00,1947.00,1915.00,1931.35,1927.20,4738,9143174.00,440
BSE,LAMBODHARA,INE112F01022,B,112.00,117.05,111.55,115.60,112.10,3321,384160.00,226
BSE,LANCER,INE359U01028,X,10.28,11.50,10.21,10.66,10.09,508454,5398666.00,836
BSE,LANCORHOL,INE572G01025,B,27.10,27.66,25.40,26.13,25.75,23756,627267.00,293
BSE,LANDMARC,INE394C01023,X,2.01,2.01,1.90,1.92,1.92,2555633,4906886.00,156
BSE,LANDMARK,INE559R01029,B,548.95,549.70,528.65,534.45,547.10,11133,5979907.00,660
BSE,LANDSMILL,INE688J01023,B,0.80,0.81,0.78,0.80,0.80,568560,451023.00,177
BSE,LAOPALA,INE059D01020,B,195.40,195.40,189.50,190.15,193.70,10220,1953922.00,235
BSE,LASERPOWER,INE17IR01028,B,294.95,297.55,290.75,294.60,292.40,125071,36761916.00,1586
BSE,LASTMILE,INE404B01022,XT,6.07,6.09,5.90,6.06,5.80,112895,678904.00,116
BSE,LATENTVIEW,INE0I7C01011,A,296.90,302.30,295.85,297.20,296.90,16797,5017928.00,348
BSE,LATIMMETAL,INE501N01020,X,10.96,10.96,10.71,10.82,10.75,74904,813074.00,219
BSE,LAURUSLABS,INE947Q01028,A,1836.00,1856.00,1830.95,1855.00,1836.00,65206,120400332.00,3515
BSE,LAXMIDENTL,INE0WO601020,B,219.60,219.60,214.50,216.70,218.45,6646,1435572.00,321
BSE,LAXMIINDIA,INE06WU01026,T,134.90,138.00,132.05,134.00,134.70,7821,1056191.00,105
BSE,LCCINFOTEC,INE938A01021,B,4.24,4.24,3.67,3.70,3.89,14602,56861.00,40
BSE,LCL,INE0QJW01029,B,528.25,555.00,520.85,529.45,533.75,126481,68196392.00,3597
BSE,LEENEE,INE791B01014,X,7.21,7.49,7.10,7.22,7.33,13762,99509.00,49
BSE,LEHAR,INE976H01018,X,239.75,241.65,236.00,238.55,236.45,16891,4037630.00,174
BSE,LELAVOIR,INE204S01012,X,38.70,39.29,37.50,39.29,37.42,70476,2750306.00,81
BSE,LEMONTREE,INE970X01018,A,112.75,112.75,110.55,111.05,112.75,123190,13705072.00,1848
BSE,LENSKART,INE956O01016,B,565.45,575.70,565.00,569.85,565.00,73348,41932677.00,2892
BSE,LESHAIND,INE050L01048,X,0.77,0.78,0.75,0.77,0.76,273966,209984.00,122
BSE,LESL,INE0X6O01027,M,22.50,22.80,22.50,22.51,22.51,30000,676860.00,4
BSE,LEXORAA,INE185D01015,XT,16.26,16.27,16.26,16.27,17.10,650,10573.00,6
BSE,LGBBROSLTD,INE337A01034,A,1523.10,1534.95,1511.10,1525.05,1517.50,783,1191344.00,92
BSE,LGBFORGE,INE201J01017,XT,5.60,5.75,5.55,5.64,5.57,33540,188465.00,120
BSE,LGEINDIA,INE324D01010,B,1570.65,1592.00,1569.05,1585.95,1579.05,12906,20456688.00,1508
BSE,LGLL,INE12QA01010,M,12.00,12.00,11.66,11.66,12.27,38400,448624.00,23
BSE,LGT,INE191201016,M,39.25,41.00,39.25,41.00,39.22,7200,286800.00,6
BSE,LIBERTSHOE,INE557B01019,B,265.20,266.80,261.90,262.50,265.00,2443,641938.00,247
BSE,LIBORD,INE267E01019,X,19.70,19.70,19.70,19.70,19.70,1154,22733.00,5
BSE,LIBORDFIN,INE212B01011,X,16.77,16.77,15.30,16.49,15.25,898,14254.00,19
BSE,LICHSGFIN,INE115A01026,A,507.05,508.75,502.80,504.10,506.00,65965,33326403.00,2180
BSE,LICI,INE0J1Y01017,A,393.25,397.00,390.95,392.80,387.55,2363969,930085487.00,20136
BSE,LIKHITHA,INE060901027,B,222.00,225.25,219.80,222.95,220.00,10007,2220306.00,192
BSE,LIMECHM,INE891G01011,X,14.65,14.65,13.33,14.59,14.00,168,2326.00,11
BSE,LINC,INE802B01027,B,99.95,100.50,99.35,99.70,101.10,2126,213231.00,243
BSE,LINCOLN,INE405C01035,B,598.35,608.25,592.75,604.40,609.50,1373,826446.00,114
BSE,LINDEINDIA,INE473A01011,A,7153.05,7194.70,7081.10,7097.00,7139.50,473,3381014.00,149
BSE,LINKPH,INE302F01011,X,28.84,28.84,27.56,27.57,28.98,501,14292.00,5
BSE,LIOTECH,INE0TKX01011,M,101.10,104.25,101.00,101.50,105.45,18400,1908500.00,18
BSE,LIPPISYS,INE845B01018,XT,254.40,254.40,254.40,254.40,259.55,242,61564.00,7
BSE,LKPSEC,INE341H01023,XT,16.91,16.91,16.50,16.51,16.73,5381,88991.00,41
BSE,LLFICL,INE715Q01029,T,1.14,1.14,1.07,1.11,1.12,1240468,1356492.00,668
BSE,LLOYDSENGG,INE093R01011,A,92.30,97.65,91.00,96.78,88.39,3305064,314912014.00,14732
BSE,LLOYDSENT,INE080I01025,A,80.40,83.90,80.28,83.42,79.48,532653,44080113.00,2555
BSE,LLOYDSME,INE281B01032,A,2041.50,2109.00,2041.50,2100.35,2059.45,57509,120236256.00,1948
BSE,LMW,INE269B01029,A,16581.95,16722.70,16540.00,16619.40,16675.15,175,2910428.00,71
BSE,LODHA,INE670K01029,A,1215.00,1225.00,1205.15,1210.00,1227.00,60325,73246463.00,3321
BSE,LOGICA,INE0BSU01018,M,156.10,156.10,141.00,154.00,157.05,24600,3610860.00,25
BSE,LOGICIEL,INE1BA901016,M,32.00,32.00,32.00,32.00,32.00,600,19200.00,1
BSE,LOKESHMACH,INE397H01017,T,337.50,349.40,337.50,349.40,344.30,4009,1370644.00,23
BSE,LONGSPUR,INE180M01033,X,9.95,9.95,9.40,9.40,9.89,37546,353876.00,25
BSE,LOOKS,INE204N01013,XT,9.80,10.00,9.80,9.80,10.00,3055,30013.00,15
BSE,LORDSCHLO,INE846D01012,B,146.25,148.95,144.00,144.00,146.00,8529,1248894.00,256
BSE,LORDSHOTL,INE689J01013,X,14.75,15.45,14.51,15.44,14.75,1395,20375.00,10
BSE,LOTUSCHO,INE026D01011,B,640.00,652.95,640.00,651.00,647.65,1444,935985.00,139
BSE,LOTUSDEV,INE0V9Q01010,B,186.00,190.00,186.00,186.00,195.75,18561,3478591.00,249
BSE,LOTUSEYE,INE947I01017,B,116.00,118.45,115.70,116.75,118.20,1013,118351.00,45
BSE,LOVABLE,INE597L01014,B,73.20,73.20,72.55,72.55,74.50,316,23068.00,5
BSE,LOYAL,INE876S01017,X,153.10,156.80,148.55,155.25,153.10,12967,1968317.00,159
BSE,LPDC,INE197J01017,B,6.09,6.60,6.09,6.44,6.51,7631,49332.00,37
BSE,LT,INE018A01030,A,4048.50,4062.00,4031.00,4045.00,4050.00,56850,229881853.00,6350
BSE,LTELEVATOR,INE0TJ801010,MT,299.00,315.50,295.00,312.00,300.50,69600,21461520.00,83
BSE,LTF,INE498L01015,A,315.75,315.75,305.70,310.90,319.00,286544,88679290.00,5864
BSE,LTFOODS,INE818H01020,A,418.15,431.50,416.15,428.30,418.60,40722,17320424.00,1310
BSE,LTM,INE214T01019,A,4555.10,4688.40,4548.95,4665.00,4533.50,88298,407692320.00,4419
BSE,LTTS,INE010V01017,A,3550.50,3656.60,3548.15,3596.00,3555.55,6929,24994813.00,1125
BSE,LUDLOWJUT,INE983C01015,XT,379.00,379.00,365.05,371.00,383.00,1512,559283.00,43
BSE,LUMAXIND,INE162B01018,B,5864.95,5864.95,5720.00,5788.30,5795.05,884,5117347.00,356
BSE,LUMAXTECH,INE872H01027,A,1698.00,1756.70,1698.00,1722.05,1690.95,9703,16774705.00,807
BSE,LUPIN,INE326A01037,A,2416.05,2416.05,2347.60,2360.00,2391.50,58561,139336253.00,6927
BSE,LUXIND,INE150G01020,B,1270.50,1305.65,1262.05,1267.75,1270.50,1684,2156818.00,191
BSE,LUXURY,INE1CJB01013,M,60.50,60.50,60.50,60.50,63.00,1600,96800.00,1
BSE,LWSKNIT,INE281M01013,X,15.40,15.50,15.11,15.50,15.77,4100,63100.00,44
BSE,LXCHEM,INE576O01020,B,178.45,181.70,175.20,175.80,180.00,115893,20677470.00,1144
BSE,LYKALABS,INE933A01014,T,69.00,69.00,67.62,67.62,69.00,276,18891.00,6
BSE,LYKISLTD,INE624M01014,X,47.59,48.70,46.06,48.48,46.56,50673,2428467.00,90
BSE,LYONSCO,INE100F01019,X,23.35,23.35,23.35,23.35,23.40,35,817.00,3
BSE,M&M,INE101A01026,A,3406.00,3503.00,3404.25,3501.40,3415.00,204068,708543428.00,15941
BSE,M&MFIN,INE774D01024,A,388.80,409.60,387.00,408.50,388.80,361299,145596214.00,5530
BSE,MAANALU,INE215I01027,B,132.40,132.40,123.45,124.60,127.80,2249,284441.00,189
BSE,MACHLTD,INE0UYT01018,M,162.00,167.00,162.00,162.00,155.00,7800,1275870.00,13
BSE,MACIND,INE01BT01015,X,303.90,304.00,303.90,304.00,304.00,17,5166.00,2
BSE,MACPLASQ,INE082B01018,X,265.20,271.70,265.20,270.55,267.95,448,120327.00,16
BSE,MADALA,INE002B01016,X,199.65,199.65,199.65,199.65,194.35,1,199.00,1
BSE,MADHAV,INE925C01016,B,33.10,33.10,33.10,33.10,35.34,1,33.00,1
BSE,MADHAVIPL,INE631R01026,B,7.50,7.88,7.50,7.72,7.79,70301,544414.00,157
BSE,MADHUCON,INE378D01032,T,5.22,5.45,5.22,5.43,5.26,152,816.00,5
BSE,MADHUDIN,INE469C01023,X,34.66,37.88,33.00,34.00,35.93,6983,236944.00,44
BSE,MADRASFERT,INE414A01015,B,67.00,67.27,66.46,67.05,67.00,3096,206844.00,113
BSE,MAFATIND,INE270B01035,B,134.60,137.95,131.20,132.20,132.90,34986,4682126.00,536
BSE,MAFIA,INE0KQQ01011,M,5.01,5.01,5.00,5.00,5.85,8000,40040.00,2
BSE,MAGADSUGAR,INE347W01011,B,515.50,522.10,511.45,515.05,518.70,310,161011.00,116
BSE,MAGNAELQ,INE437D01010,XT,1201.80,1218.15,1190.00,1210.90,1201.10,5321,6415028.00,50
BSE,MAGNUM,INE387I01016,B,19.83,19.83,19.40,19.40,19.29,454,8822.00,13
BSE,MAGNUS,INE898E01011,XT,44.20,45.98,44.20,44.20,46.52,30643,1358154.00,284
BSE,MAHABANK,INE457A01014,A,78.01,78.54,77.20,78.30,78.17,977295,76054249.00,4638
BSE,MAHACORP,INE272E01027,X,0.32,0.32,0.31,0.31,0.31,615939,194144.00,209
BSE,MAHALIFE,INE0U9D01019,M,172.00,172.25,169.80,169.85,174.50,13200,2258220.00,11
BSE,MAHALXSE,INE257F01017,Z,10.94,10.94,10.33,10.80,10.87,1006,10395.00,3
BSE,MAHAPEXLTD,INE843B01013,B,44.10,44.10,43.53,44.00,45.00,41,1794.00,4
BSE,MAHASTEEL,INE451L01014,B,1028.00,1051.15,987.40,1051.15,1028.75,641,655007.00,91
BSE,MAHAVEER,INE019D01016,Z,13.80,14.08,13.50,13.72,13.80,278,3759.00,5
BSE,MAHEPC,INE215D01010,B,110.00,110.00,107.10,108.35,107.80,3449,377903.00,63
BSE,MAHESH,INE01MO01013,X,19.45,23.45,19.38,19.38,21.53,13396,260020.00,74
BSE,MAHIP,INE00CX01017,MT,15.00,16.56,15.00,15.00,15.78,60000,912480.00,9
BSE,MAHLIFE,INE813A01018,A,386.75,396.45,381.15,386.10,386.75,8104,3165408.00,344
BSE,MAHLOG,INE766P01016,B,415.75,418.00,400.15,402.95,414.45,418545,173097196.00,545
BSE,MAHSCOOTER,INE288A01013,A,13740.00,13902.20,13740.00,13797.50,13816.30,140,1935930.00,80
BSE,MAHSEAMLES,INE271B01025,A,585.95,598.00,574.35,590.05,583.10,5321,3148806.00,309
BSE,MAIDEN,INE0O1T01010,M,104.89,104.89,101.00,101.90,103.97,22000,2260110.00,20
BSE,MAINFRA,INE392G01028,XT,10.49,10.79,10.21,10.42,10.39,10352,108162.00,55
BSE,MAITHANALL,INE683C01011,B,975.00,976.00,959.70,970.65,968.25,2176,2106172.00,203
BSE,MAITRI,INE501L01024,XT,38.81,40.95,38.81,40.95,39.00,154,5978.00,4
BSE,MAJESAUT,INE201B01022,T,496.70,501.40,470.00,490.50,494.70,11147,5455492.00,358
BSE,MAKERSL,INE987A01010,X,168.30,179.40,155.00,158.95,165.90,46894,7721204.00,414
BSE,MAL,INE100C01024,XT,1.54,1.54,1.54,1.54,1.47,1687,2597.00,4
BSE,MALA,INE1N3Y01016,MT,97.85,97.85,97.85,97.85,102.95,8000,782800.00,4
BSE,MALLCOM,INE389C01015,B,985.00,1005.00,980.00,992.45,1020.55,147,145854.00,27
BSE,MALUPAPER,INE383H01017,B,32.67,33.00,32.50,32.55,33.01,505,16455.00,22
BSE,MAMATA,INE0TO701015,B,425.05,429.85,422.00,428.05,424.65,6315,2696860.00,807
BSE,MANAKALUCO,INE859Q01017,B,35.56,41.50,35.56,40.38,38.58,27166,1076944.00,500
BSE,MANAKCOAT,INE830Q01018,B,112.95,117.85,112.65,113.95,114.05,27217,3122774.00,217
BSE,MANAKSIA,INE015D01022,B,56.80,57.00,56.44,56.64,57.10,1489,84517.00,93
BSE,MANAKSTEEL,INE824Q01011,B,87.61,89.96,83.78,83.84,88.18,13128,1140499.00,216
BSE,MANALIPETC,INE201A01024,B,65.54,65.96,64.31,65.26,65.52,14840,964932.00,162
BSE,MANAPPURAM,INE522D01027,A,365.40,368.00,358.70,365.40,362.00,76461,27818612.00,1160
BSE,MANBA,INE939X01013,B,134.00,138.00,131.00,131.50,133.00,7008,930437.00,69
BSE,MANBRO,INE348N01042,X,53.97,53.97,50.28,50.64,53.78,76882,3953037.00,388
BSE,MANCREDIT,INE545L01039,B,263.80,286.80,236.95,239.40,252.40,55682,14797374.00,1689
BSE,MANGALAM,INE584F01014,B,27.50,27.63,27.01,27.02,26.86,2727,74547.00,20
BSE,MANGALCOMP,INE0RU901015,M,44.00,44.00,43.00,43.00,45.03,6000,261000.00,2
BSE,MANGIND,INE717C01025,X,0.57,0.60,0.57,0.58,0.57,2526769,1462016.00,666
BSE,MANGLMCEM,INE347A01017,B,944.05,952.45,934.00,943.75,939.40,546,513216.00,39
BSE,MANINDS,INE993A01026,B,550.75,564.35,550.00,555.80,551.90,11860,6609375.00,437
BSE,MANINFRA,INE949H01023,B,111.54,117.06,111.54,113.32,110.23,171952,19676750.00,1220
BSE,MANIPALHOS,INE459N01021,B,651.00,691.65,649.60,677.40,651.35,606804,409143966.00,19493
BSE,MANIVENI,INE0YD301010,M,30.00,36.00,30.00,33.50,30.00,10000,328000.00,5
BSE,MANKIND,INE634S01028,A,2411.55,2451.85,2411.55,2439.00,2430.90,9284,22595044.00,1079
BSE,MANOJJEWEL,INE0MV001018,M,28.71,28.71,27.00,27.95,27.75,32000,885700.00,13
BSE,MANOMAY,INE784W01015,B,219.40,219.50,215.00,218.95,216.80,28616,6227895.00,437
BSE,MANORAMA,INE00VM01036,A,1634.00,1705.00,1622.00,1628.05,1622.95,17624,29230625.00,1317
BSE,MANORG,INE370D01013,T,462.50,470.00,457.00,466.55,462.25,192,89232.00,14
BSE,MANRAJH,INE948I01015,X,39.40,39.40,35.66,35.66,37.53,7020,267648.00,5
BSE,MANTRA,INE304E01010,X,15.50,15.99,15.20,15.75,15.79,8128,124331.00,13
BSE,MANUGRAPH,INE867A01022,T,15.55,15.55,15.54,15.54,16.00,2500,38860.00,2
BSE,MANYAVAR,INE825V01034,A,497.75,528.70,494.05,518.25,501.15,210158,107993035.00,5028
BSE,MAPMYINDIA,INE0BV301023,A,1079.95,1079.95,1010.00,1014.30,1070.25,15345,15913145.00,1097
BSE,MAPROIN,INE848M01019,XT,67.84,67.84,67.84,67.84,66.51,34598,2347128.00,19
BSE,MARALOVER,INE882A01013,T,53.90,55.00,52.35,52.40,55.00,2514,132596.00,23
BSE,MARATHON,INE182D01020,B,386.10,390.30,382.10,383.10,383.05,2193,847663.00,68
BSE,MARBLE,INE807H01023,X,124.75,124.75,117.00,120.00,118.95,851,101831.00,18
BSE,MARBU,INE199D01016,X,44.70,45.50,43.50,45.50,42.28,221,9991.00,11
BSE,MARCLOIRE,INE0TBQ01014,M,33.80,34.00,33.80,34.00,35.00,2400,81360.00,2
BSE,MARGOFIN,INE680B01019,X,69.00,69.10,65.30,66.04,69.00,3003,200822.00,27
BSE,MARICO,INE196A01026,A,858.10,864.70,852.85,864.70,863.90,34324,29451392.00,1913
BSE,MARIS,INE866D01010,X,29.60,35.28,29.60,35.01,29.40,217445,7599715.00,563
BSE,MARKOLINES,INE0FW001016,B,181.05,182.20,170.00,178.50,180.80,20363,3683044.00,393
BSE,MARKSANS,INE750C01026,A,266.80,275.25,266.80,273.80,269.05,62390,16969093.00,1264
BSE,MARSONS,INE415B01044,B,108.55,108.55,101.10,104.05,107.55,56451,5987528.00,603
BSE,MARUTI,INE585B01010,A,13887.85,14050.00,13832.30,14050.00,13997.00,38522,538733851.00,3955
BSE,MASFIN,INE348L01012,B,309.85,310.55,301.00,302.80,310.55,5013,1537239.00,521
BSE,MASTEK,INE759A01021,A,1839.75,1881.00,1827.15,1831.65,1820.10,7089,13160869.00,528
BSE,MASTERTR,INE677D01037,B,80.95,80.95,78.24,79.77,79.56,1623,130141.00,58
BSE,MATRIMONY,INE866R01028,B,451.55,485.10,447.05,479.95,449.80,4501,2116737.00,298
BSE,MAWANASUG,INE636A01039,T,113.00,117.50,109.00,115.35,113.25,1429,163024.00,51
BSE,MAXESTATES,INE03EI01018,B,407.90,410.05,392.50,396.85,410.05,6705,2662121.00,161
BSE,MAXHEALTH,INE027H01010,A,1062.25,1084.20,1062.25,1073.00,1075.00,190321,203916056.00,3446
BSE,MAXHEIGHTS,INE393F01010,X,11.95,11.95,11.95,11.95,11.95,1,11.00,1
BSE,MAXIMUS,INE544W01021,X,13.91,14.19,13.91,14.00,14.00,17149,240056.00,93
BSE,MAXIND,INE0CG601016,B,175.50,175.50,170.60,172.30,173.05,9528,1645233.00,249
BSE,MAYUR,INE799E01011,X,24.96,24.96,23.54,24.83,22.70,11727,290773.00,52
BSE,MAYURUNIQ,INE040D01038,B,760.00,780.25,752.60,774.50,774.90,3751,2873745.00,556
BSE,MAZDA,INE885E01042,T,232.00,237.00,226.25,228.95,231.60,659,153152.00,18
BSE,MAZDOCK,INE249Z01020,A,2531.00,2557.45,2495.60,2500.00,2530.00,91452,230533849.00,7388
BSE,MBEL,INE08N601015,B,290.85,307.00,290.85,298.50,288.70,18028,5383503.00,685
BSE,MBLINFRA,INE912H01013,T,24.61,24.99,24.50,24.61,25.30,932,22984.00,17
BSE,MCCHRLS-B,INE435D01014,B,680.35,689.55,680.35,688.90,689.25,90,61958.00,9
BSE,MCFL,INE0R5Z01015,MT,216.00,216.05,216.00,216.05,216.00,3000,648120.00,5
BSE,MCLEODRUSS,INE942G01012,T,46.50,49.08,46.00,49.08,46.75,21653,1048836.00,76
BSE,MCLOUD,INE613C01026,B,28.92,30.11,28.56,29.68,28.92,139040,4065557.00,302
BSE,MCLTD,INE410E01015,X,4.95,4.95,4.95,4.95,4.95,20,99.00,4
BSE,MCX,INE745G01043,A,2622.25,2684.75,2622.25,2650.00,2642.00,164797,438908837.00,10048
BSE,MDRC,INE1HK501016,M,52.00,52.00,52.00,52.00,52.00,1600,83200.00,1
BSE,MDRNSTL,INE001F01019,X,13.50,13.50,13.50,13.50,13.50,155,2092.00,3
BSE,MEAPL,INE250S01015,X,29.67,31.90,27.80,30.57,29.53,22956,679795.00,128
BSE,MEDANTA,INE474Q01031,A,1454.65,1484.00,1446.30,1455.00,1440.10,11199,16393933.00,1143
BSE,MEDIAONE,INE828I01019,Z,14.40,14.90,13.68,14.74,14.40,457,6525.00,13
BSE,MEDIASSIST,INE456Z01021,A,368.90,369.55,363.65,364.55,367.55,4191,1533009.00,250
BSE,MEDICAMEQ,INE646B01010,B,237.05,238.90,234.75,235.70,238.90,1085,256144.00,89
BSE,MEDICAPQ,INE442D01010,X,25.75,26.89,25.51,25.99,27.10,5112,132556.00,54
BSE,MEDICO,INE630Y01024,B,47.50,47.58,46.33,46.80,47.48,5449,256973.00,38
BSE,MEDPLUS,INE804L01022,A,687.50,704.00,681.25,700.20,690.55,7012,4881873.00,401
BSE,MEEIND,INE208H01016,T,414.95,427.90,406.00,415.00,414.95,2638,1106607.00,65
BSE,MEERA,INE343X01026,T,36.50,36.50,33.80,35.64,35.57,22335,773187.00,94
BSE,MEESHO,INE0VDM01015,B,183.55,191.85,183.55,191.25,186.20,2852402,539864120.00,7473
BSE,MEFCOMCAP,INE186C01023,X,9.90,9.90,9.41,9.86,9.91,2184,21094.00,25
BSE,MEGACOR,INE804B01023,XT,2.92,2.94,2.72,2.84,2.86,37628,105221.00,103
BSE,MEGAMONT,INE317D01014,XT,156.65,156.65,155.65,155.65,153.60,367,57223.00,5
BSE,MEGASTAR,INE00EM01016,B,322.95,332.00,315.10,331.95,329.05,814,264158.00,81
BSE,MEGRISOFT,INE756R01013,X,73.50,81.97,72.00,80.93,78.04,73,5734.00,10
BSE,MEHAI,INE062Y01020,X,1.13,1.18,1.13,1.17,1.14,2268158,2633302.00,259
BSE,MEHIF,INE240B01012,X,28.00,28.00,28.00,28.00,28.15,46,1288.00,2
BSE,MEHUL,INE1KH601014,M,50.50,51.05,50.50,50.75,53.00,6400,325280.00,4
BSE,MEIL,INE0PKD01011,B,272.20,287.75,272.20,277.05,276.15,4202,1179986.00,353
BSE,MENAMANI,INE148B01033,XT,12.39,12.64,12.00,12.06,12.04,873171,10549545.00,229
BSE,MENNPIS,INE650G01029,B,76.05,76.05,74.02,74.22,75.07,2332,174411.00,110
BSE,MENONBE,INE071D01033,T,236.90,240.00,222.75,238.35,229.80,8606,2045418.00,95
BSE,MEP,INE776I01010,Z,0.57,0.58,0.57,0.58,0.57,15949,9250.00,15
BSE,MERCANTILE,INE689O01013,B,25.85,25.90,24.70,24.75,25.15,513,12717.00,53
BSE,MERCTRD,INE319T01016,X,3.79,4.21,3.79,4.15,4.20,83770,341732.00,123
BSE,MERCURYEV,INE763M01028,B,35.07,38.80,34.54,35.14,35.31,55721,2008455.00,756
BSE,METAINFO,INE162901016,MT,105.50,105.80,101.25,102.60,104.12,24800,2564408.00,27
BSE,METALCO,INE161E01014,X,53.00,54.44,53.00,53.99,53.31,270,14547.00,12
BSE,METHODHUB,INE0QZR01017,M,71.00,74.70,69.00,73.73,70.00,30000,2144184.00,44
BSE,METROBRAND,INE317I01021,A,992.70,992.70,969.50,972.50,980.15,54080,52980073.00,401
BSE,METROGLOBL,INE085D01033,B,138.30,138.30,131.65,131.65,134.80,1241,166302.00,10
BSE,METROPOLIS,INE112L01020,A,562.95,572.30,559.00,563.35,562.55,10105,5721301.00,758
BSE,METSL,INE318N01011,X,145.05,147.80,140.00,143.05,145.05,3303,475442.00,65
BSE,MFLINDIA,INE244C01020,X,0.38,0.39,0.37,0.37,0.40,645682,243692.00,296
BSE,MFML,INE0US801024,B,19.90,23.50,19.09,19.10,19.60,693,14909.00,48
BSE,MFSINTRCRP,INE614F01019,XT,15.00,15.00,15.00,15.00,15.00,1,15.00,1
BSE,MFSL,INE180A01020,A,1511.35,1523.20,1500.00,1502.30,1524.80,9277,14021755.00,1326
BSE,MGEL,INE0APB01032,T,15.00,15.30,14.32,14.56,14.87,23601,348231.00,89
BSE,MGIL,INE368C01019,XT,38.68,38.68,36.75,37.90,38.68,4001,147823.00,37
BSE,MGL,INE002S01010,A,1131.90,1143.40,1115.30,1134.85,1122.85,335985,381329195.00,819
BSE,MHLXMIRU,INE112D01035,B,157.00,157.00,150.65,150.75,156.80,949,143875.00,24
BSE,MHRIL,INE998I01010,B,228.65,231.75,226.95,229.50,230.55,4175,954437.00,282
BSE,MICEL,INE287C01037,T,37.12,38.50,36.51,37.10,37.42,16745,622916.00,242
BSE,MIDEASTP,INE033E01015,XT,38.61,40.50,36.68,36.68,38.61,2124,77929.00,15
BSE,MIDHANI,INE099Z01011,A,431.50,440.25,431.50,434.80,434.95,39004,16979653.00,1335
BSE,MIDWESTLTD,INE0XAD01024,B,1205.00,1210.00,1190.00,1196.65,1209.25,712,850402.00,105
BSE,MIHIKA,INE779Q01017,X,11.95,11.95,10.25,11.50,11.24,3833,43900.00,20
BSE,MIIL,INE898Q01015,B,712.95,720.90,690.10,709.20,713.90,67902,48142850.00,812
BSE,MIL,INE858Q01019,X,29.80,29.80,27.70,28.98,30.06,2311,66002.00,36
BSE,MILESTONE,INE151H01018,X,16.00,16.00,16.00,16.00,16.00,133,2128.00,2
BSE,MILLENNIUM,INE570N01025,X,1.83,1.83,1.83,1.83,1.83,19,34.00,2
BSE,MILLWORKS,INE1SRC01010,M,785.00,815.95,766.00,813.10,786.65,270400,214915120.00,523
BSE,MINALIND,INE097E01028,X,2.12,2.12,2.06,2.06,2.06,9045,18869.00,56
BSE,MINAXI,INE952C01028,X,1.59,1.59,1.40,1.40,1.37,6528,9139.00,20
BSE,MINDACORP,INE842C01021,A,716.70,729.55,701.00,722.20,716.70,19804,14147355.00,1032
BSE,MINDSPACE,INE0CCU25019,IF,492.00,497.19,491.80,495.27,495.70,11495,5690478.00,478
BSE,MINDTECK,INE110B01017,B,196.10,198.10,191.50,193.10,196.25,2111,411282.00,64
BSE,MINID,INE281E01028,X,5.28,5.42,5.17,5.18,5.23,339232,1772974.00,423
BSE,MINOLT-RE,INE514C20018,R,0.04,0.04,0.04,0.04,0.06,171878,6875.00,25
BSE,MINOLTAF,INE514C01026,XT,1.31,1.31,1.19,1.30,1.25,861275,1031543.00,77
BSE,MIRZAINT,INE771A01026,B,33.47,33.47,32.98,33.14,33.42,21425,709925.00,188
BSE,MISHDESIGN,INE0QI101019,M,33.35,33.35,33.35,33.35,32.00,500,16675.00,1
BSE,MISHKA,INE540S01019,X,45.90,45.90,44.75,44.75,45.00,1639,73708.00,12
BSE,MISHTANN,INE094S01041,X,3.59,3.64,3.54,3.63,3.58,627910,2268589.00,1278
BSE,MISQUITA,INE957W01025,M,67.10,73.00,67.10,68.50,79.60,3000,208600.00,3
BSE,MITSHI,INE844D01017,X,12.78,13.30,12.49,12.95,12.59,57721,745443.00,43
BSE,MITSU,INE317V01016,XT,156.25,157.50,152.15,153.00,155.40,7415,1155137.00,90
BSE,MITTALSTL,INE833Q01012,MT,27.00,27.37,27.00,27.16,28.27,9000,244230.00,7
BSE,MIZVEN,INE681K01026,X,41.31,41.31,41.31,41.31,43.48,4702,194239.00,20
BSE,MKEXIM,INE227F01010,X,57.01,57.58,56.02,56.90,56.66,4914,279304.00,39
BSE,MKPL,INE964W01021,B,4.16,4.25,4.03,4.18,4.15,36371,150087.00,112
BSE,MKPMOB,INE676G01024,X,152.45,152.45,144.95,145.05,145.20,162,23808.00,7
BSE,MKTCREAT,INE944C01017,X,15.76,15.76,14.98,14.98,15.76,23,346.00,4
BSE,MKVENTURES,INE874A01010,X,1099.90,1240.00,1099.90,1121.25,1092.90,3969,4589278.00,214
BSE,MLKFOOD,INE588G01021,X,71.79,77.00,71.51,74.78,71.79,11054,817354.00,199
BSE,MMFL,INE227C01017,B,605.95,643.50,596.60,627.60,603.90,37361,23386765.00,1576
BSE,MMLF,INE340O01021,B,0.65,0.65,0.65,0.65,0.65,18594,12086.00,18
BSE,MMRUBBR-B,INE159E01026,X,52.51,65.10,52.51,60.27,54.25,45886,2824002.00,213
BSE,MMTC,INE123F01029,B,63.81,65.09,63.73,63.95,64.06,92703,5957374.00,723
BSE,MMWL,INE200D01020,T,14.92,14.93,14.33,14.93,14.22,23720,353744.00,19
BSE,MNFL,INE0UH001016,M,151.00,159.00,151.00,159.00,161.50,3600,553200.00,3
BSE,MNIL,INE216Q01010,X,30.15,34.85,30.15,32.92,31.68,6551,207352.00,51
BSE,MOBAVENUE,INE622Q01027,X,303.20,312.00,303.00,304.05,308.75,92135,28300532.00,569
BSE,MOBIKWIK,INE0HLU01028,B,203.75,204.95,200.00,200.40,204.75,53376,10778157.00,850
BSE,MODAIRY,INE617B01011,X,29.44,29.44,27.80,28.19,28.96,16605,471621.00,90
BSE,MODINATUR,INE537F01012,T,391.65,391.65,391.65,391.65,391.35,4,1566.00,1
BSE,MODINSU,INE219W01012,XT,525.00,529.00,511.00,517.40,532.80,62712,32642751.00,975
BSE,MODIS,INE0L0L01012,B,413.25,426.45,391.10,394.20,412.45,2430,987946.00,147
BSE,MODISONLTD,INE737D01021,T,281.25,284.20,271.00,281.45,280.00,6118,1710939.00,102
BSE,MODMA,INE834C01028,P,40.82,40.82,40.82,40.82,40.82,100,4082.00,1
BSE,MODRNSH,INE370A01019,X,34.21,38.99,34.21,35.14,35.63,2124,76341.00,30
BSE,MODULEX,INE064R01012,Z,16.65,17.40,16.61,16.61,17.48,13969,233379.00,44
BSE,MOHITE,INE154B01023,X,2.80,2.80,2.70,2.76,2.74,16248,44645.00,76
BSE,MOHITIND,INE954E01012,B,25.20,27.50,24.00,26.55,25.50,5859,148523.00,69
BSE,MOHITPPR,INE388C01017,X,28.50,28.50,28.00,28.43,28.49,369,10494.00,13
BSE,MOIL,INE490G01020,A,282.45,284.45,277.15,278.60,283.00,33355,9367755.00,812
BSE,MOL,INE0CT101020,B,52.30,52.91,52.02,52.54,52.23,21235,1112521.00,313
BSE,MOLDTECH,INE835B01035,B,202.90,204.30,188.10,191.30,198.05,81679,15953752.00,1312
BSE,MOLDTKPAC,INE893J01029,B,690.20,691.25,681.00,686.05,682.00,1964,1349262.00,131
BSE,MONARCH,INE903D01011,B,389.00,391.80,386.50,388.50,388.45,2381,926302.00,149
BSE,MONEYBOXX,INE296Q01012,B,61.01,63.45,61.00,62.50,61.40,217,13240.00,6
BSE,MONGIPA,INE153K01018,X,16.00,16.00,15.55,15.55,16.00,10925,174586.00,11
BSE,MONIKA,INE0LCG01010,M,188.25,190.95,186.00,189.40,188.15,6400,1206560.00,14
BSE,MONOT,INE811D01024,X,0.33,0.35,0.33,0.34,0.33,1130376,386623.00,326
BSE,MONTECARLO,INE950M01013,B,500.20,503.10,494.65,500.05,499.25,6489,3229418.00,651
BSE,MORARKFI,INE367A01015,X,61.00,62.20,60.12,62.19,60.70,235,14509.00,9
BSE,MOREPENLAB,INE083A01026,B,80.49,82.95,78.82,80.12,79.48,1676413,135580848.00,8931
BSE,MORGAN,INE902C01015,X,46.60,47.15,45.20,46.50,45.81,1764,81176.00,38
BSE,MOSCHIP,INE935B01025,A,209.00,210.50,205.65,206.60,209.05,70203,14627766.00,969
BSE,MOTHERSON,INE775A01035,A,155.20,169.40,155.20,168.25,154.00,4502110,748244142.00,22314
BSE,MOTILALOFS,INE338I01027,A,872.70,875.55,859.00,870.00,865.50,112586,97155148.00,1082
BSE,MOTISONS,INE0FRK01020,B,13.83,14.15,13.78,13.98,13.89,366730,5121119.00,1122
BSE,MOTOGENFIN,INE861B01023,T,26.00,26.24,25.56,26.24,26.00,290,7435.00,5
BSE,MPAGI,INE468C01017,X,8.11,8.11,8.11,8.11,8.32,20,162.00,4
BSE,MPDL,INE493H01014,X,29.90,29.90,27.00,29.90,27.89,961,28176.00,13
BSE,MPHASIS,INE356A01018,A,2420.00,2498.10,2407.20,2480.05,2421.50,169004,418987013.00,1666
BSE,MPILCORPL,INE844C01027,XT,351.15,360.00,351.15,360.00,369.60,11,3951.00,2
BSE,MPL,INE343A01016,X,5.85,6.20,5.85,6.19,6.20,1185,7143.00,11
BSE,MPSLTD,INE943D01017,B,2800.00,2942.80,2780.00,2930.45,2771.65,9121,26420935.00,942
BSE,MRCAGRO,INE333Y01017,B,35.31,35.87,33.23,33.75,34.69,98458,3363910.00,516
BSE,MRF,INE883A01011,A,134299.95,134476.40,133515.00,134178.75,133889.90,192,25742501.00,137
BSE,MRP,INE0D7801012,M,89.21,89.99,89.00,89.99,89.02,4000,358190.00,3
BSE,MRPL,INE103A01014,A,167.80,168.60,165.30,166.85,167.70,218499,36413207.00,1486
BSE,MRTX,INE1RQS01010,M,370.05,370.05,351.00,352.75,378.85,82000,29304400.00,82
BSE,MRUTR,INE738D01029,XT,96.39,96.39,96.39,96.39,94.50,1470,141693.00,8
BSE,MSAFE,INE2B5L01011,MT,197.25,210.00,197.25,205.80,202.00,63000,13009700.00,54
BSE,MSCTC,INE277E01026,X,53.00,55.80,53.00,55.80,50.73,1926,106970.00,30
BSE,MSECL,INE0V0L01028,M,227.50,234.00,227.00,231.00,227.60,17400,4033020.00,23
BSE,MSL,INE829S01016,X,144.75,148.00,140.00,146.15,141.00,2049,293705.00,43
BSE,MSLGLOBAL,INE856D01011,X,15.58,15.93,15.01,15.84,15.89,2128,32743.00,15
BSE,MSPL,INE752G01015,B,35.61,36.67,35.55,36.00,37.62,104227,3760440.00,914
BSE,MSTCLTD,INE255X01014,B,602.45,608.35,589.20,590.45,606.05,8751,5230131.00,888
BSE,MSUMI,INE0FS801015,A,41.00,42.10,40.99,41.16,41.00,788271,32756685.00,3357
BSE,MTARTECH,INE864I01014,T,7088.00,7150.00,6598.55,7075.60,6945.80,28988,197292159.00,5197
BSE,MTEDUCARE,INE472M01018,T,1.92,1.99,1.88,1.92,1.97,4692,8992.00,16
BSE,MTL,INE1K0V01011,M,87.40,87.40,87.30,87.30,88.00,2400,209640.00,2
BSE,MTNL,INE153A01019,B,27.62,27.93,27.51,27.77,27.70,35415,978991.00,464
BSE,MTPL,INE245H01018,XT,17.67,17.67,17.67,17.67,18.03,1199,21186.00,2
BSE,MUFIN,INE08KJ01020,B,134.30,138.50,133.60,137.40,133.15,129040,17725605.00,905
BSE,MUFTI,INE220Q01020,B,92.99,92.99,85.00,85.78,87.29,4830,416685.00,245
BSE,MUKANDLTD,INE304A01026,B,140.85,145.50,138.75,143.25,143.60,37636,5387406.00,495
BSE,MUKATPIP,INE862C01029,XT,17.14,17.14,17.13,17.13,16.98,573,9815.00,5
BSE,MUKESHB,INE596B01017,X,147.40,150.00,145.00,147.00,146.00,35002,5149029.00,32
BSE,MUKKA,INE0CG401037,B,23.35,23.52,23.13,23.43,23.09,19264,450576.00,82
BSE,MUKTA,INE160O01031,X,2.94,2.94,2.80,2.81,2.94,4750,13315.00,15
BSE,MUL,INE150D01027,X,8.18,8.18,7.67,8.01,7.77,18410,146563.00,75
BSE,MULTIBASE,INE678F01014,X,180.40,180.40,175.60,176.75,179.85,5939,1054443.00,136
BSE,MUNJALAU,INE672B01032,B,104.95,104.95,101.80,102.00,104.20,21307,2181108.00,157
BSE,MUNJALSHOW,INE577A01027,B,130.15,134.95,130.15,134.45,133.45,1010,135426.00,78
BSE,MUNOTHFI,INE348D01019,XT,44.76,44.76,44.76,44.76,43.89,25,1119.00,2
BSE,MURUDCERA,INE692B01014,B,31.32,31.35,31.30,31.35,30.83,1030,32249.00,6
BSE,MUTHOOTCAP,INE296G01013,B,263.00,264.70,257.25,257.85,264.70,1833,477842.00,75
BSE,MUTHOOTFIN,INE414G01012,A,2900.75,2913.40,2872.80,2886.40,2890.00,27856,80528615.00,3292
BSE,MUTHOOTMF,INE046W01019,B,235.00,243.70,213.00,214.00,222.15,192065,44063674.00,2459
BSE,MVELECTRO,INE0OWZ01020,B,674.95,686.65,592.90,611.45,622.75,1044463,685799373.00,25508
BSE,MVGJL,INE0KNT01012,B,164.30,174.60,164.30,170.15,165.40,3752,643881.00,165
BSE,MWL,INE0JYY01029,B,42.72,43.92,41.00,42.06,43.04,73697,3171071.00,185
BSE,MYMONEY,INE232L01018,X,34.25,34.25,33.85,33.90,34.15,633,21433.00,6
BSE,MYSORPETRO,INE741A01011,X,97.10,99.90,97.10,99.35,98.50,919,91318.00,18
BSE,MYSTICELE,INE159O01033,X,3.60,3.60,3.49,3.57,3.55,6094,21576.00,24
BSE,NACDAC,INE0LB101011,M,25.89,25.89,25.89,25.89,26.00,4000,103560.00,1
BSE,NACLIND,INE295D01020,B,178.00,180.65,176.40,177.30,178.30,16482,2940784.00,598
BSE,NAGPI,INE099E01016,X,171.20,187.00,169.90,179.00,165.85,25279,4504646.00,219
BSE,NAGREEKCAP,INE245I01016,B,22.15,23.35,22.15,23.05,22.50,21,471.00,4
BSE,NAGREEKEXP,INE123B01028,B,21.60,23.00,21.60,22.32,22.95,2481,56329.00,41
BSE,NAGTECH,INE793H01017,XT,42.56,43.10,39.80,40.46,41.73,5223,211709.00,34
BSE,NAHARCAP,INE049I01012,B,275.00,275.00,265.25,267.30,271.70,5709,1535375.00,63
BSE,NAHARINDUS,INE289A01011,B,120.50,128.00,120.50,127.35,121.75,7556,946340.00,193
BSE,NAHARPOLY,INE308A01027,B,241.00,244.20,234.75,237.40,240.20,1037,247442.00,101
BSE,NAHARSPING,INE290A01027,B,330.00,330.00,308.15,314.45,309.45,4008,1258852.00,193
BSE,NAKSH,INE256S01012,Z,3.97,4.00,3.70,3.71,3.89,5804,21729.00,26
BSE,NAM,INE792G01011,X,92.00,92.00,88.43,91.99,93.08,22,1984.00,5
BSE,NAM-INDIA,INE298J01013,A,1204.60,1204.60,1164.05,1193.00,1214.00,167428,197730184.00,3385
BSE,NANTA,INE0YJA01011,MT,386.50,414.00,380.55,407.55,400.55,15600,6176190.00,24
BSE,NAPEROL,INE585A01020,X,656.00,665.00,640.10,645.30,656.35,407,264618.00,41
BSE,NAPL,INE223R01014,X,199.00,200.00,191.75,197.70,195.75,30736,5998530.00,194
BSE,NAPSGLOBAL,INE0VNH01014,M,50.00,50.00,45.75,45.75,47.00,11200,536560.00,6
BSE,NARMADA,INE117Z01029,B,14.01,14.01,13.52,13.84,13.91,70102,964233.00,552
BSE,NARMADESH,INE0S1B01014,MT,275.50,304.00,275.50,293.00,290.00,1200,347400.00,5
BSE,NARMP,INE060D01028,XT,20.00,20.74,20.00,20.01,20.00,2277,45604.00,18
BSE,NARPROP,INE603F01012,X,40.17,40.17,34.20,38.99,37.41,1382,53841.00,11
BSE,NATCAPSUQ,INE936B01015,B,154.20,158.45,152.00,155.80,150.65,2257,347700.00,19
BSE,NATCOPHARM,INE987B01026,A,921.10,921.10,912.00,917.15,912.35,6688,6122271.00,1097
BSE,NATFIT,INE643C01015,X,179.40,179.45,169.35,170.35,163.15,71337,12442770.00,402
BSE,NATGENI,INE654H01011,X,54.78,60.22,54.78,60.19,57.66,300,16794.00,14
BSE,NATHBIOGEN,INE448G01010,B,160.00,160.00,157.50,158.80,161.80,2616,413061.00,95
BSE,NATHIND,INE777A01023,X,51.59,51.85,49.05,50.98,51.59,2600,132676.00,19
BSE,NATHUEC,INE487B01019,XT,36.66,36.66,36.66,36.66,36.66,5,183.00,2
BSE,NATIONALUM,INE139A01034,A,379.55,383.80,376.95,381.75,381.00,168506,63975913.00,3738
BSE,NATIONSTD,INE166R01015,B,193.40,193.40,193.40,193.40,203.55,423,81808.00,33
BSE,NATPLAS,INE233D01013,X,41.62,41.62,40.50,40.51,41.78,1642,66687.00,15
BSE,NATPLASTI,INE896D01017,X,248.75,248.75,230.45,232.85,242.45,509,123541.00,33
BSE,NATPLY,INE497C01016,Z,2.77,2.77,2.77,2.77,2.77,1458,4038.00,9
BSE,NATRAJPR,INE444D01016,X,36.20,36.20,35.84,36.00,36.02,28,1006.00,3
BSE,NATURAL,INE06MM01016,X,4.99,4.99,4.60,4.89,4.83,101675,490538.00,226
BSE,NAUKRI,INE663F01032,A,1235.05,1242.70,1223.80,1230.00,1228.00,24835,30622143.00,1467
BSE,NAVA,INE725A01030,A,590.10,590.10,574.80,582.10,593.35,7065,4129117.00,604
BSE,NAVINFLUOR,INE048G01026,A,8634.45,8646.80,8220.00,8272.05,8644.60,32149,271272903.00,5949
BSE,NAVKARCORP,INE278M01019,B,100.20,101.60,99.30,99.70,100.80,16487,1652147.00,216
BSE,NAVKARURB,INE268H01044,T,1.00,1.03,0.99,1.00,1.02,136887,137713.00,47
BSE,NAVNETEDUL,INE060A01024,B,127.00,135.05,127.00,133.65,127.90,17602,2325431.00,248
BSE,NAZARA,INE418L01047,A,354.65,356.70,344.25,352.25,353.50,75465,26427488.00,4304
BSE,NBCC,INE095N01031,A,96.24,96.40,94.80,95.20,96.60,382239,36484944.00,4025
BSE,NBFOOT,INE006F01018,P,6.69,6.98,6.36,6.70,6.69,9900,65499.00,16
BSE,NBL,INE0GOA01018,TS,132.20,132.20,125.60,126.25,132.20,3600,460860.00,3
BSE,NCC,INE868B01028,A,146.50,149.35,144.75,145.60,143.75,503645,73859347.00,4199
BSE,NCLIND,INE732C01016,B,187.95,187.95,173.00,180.50,177.15,3609,648176.00,135
BSE,NCLRESE,INE132F01038,XT,0.60,0.61,0.59,0.59,0.62,1484634,886067.00,834
BSE,NDASEC,INE026C01013,X,28.00,29.40,28.00,28.49,28.48,1650,47514.00,11
BSE,NDL,INE875G01048,B,2.30,2.33,2.30,2.32,2.32,118773,275455.00,194
BSE,NDLVENTURE,INE353A01023,B,128.00,128.00,126.30,128.00,127.50,205,26155.00,16
BSE,NDRAUTO,INE07OG01012,B,827.90,835.00,814.55,830.15,812.10,1453,1199391.00,285
BSE,NDTV,INE155G01029,B,76.60,77.31,76.23,76.82,77.45,24219,1858452.00,233
BSE,NECCLTD,INE553C01016,T,15.00,15.75,14.81,15.24,15.53,4679,70126.00,33
BSE,NECLIFE,INE023H01027,T,10.69,10.69,10.51,10.60,10.39,1565,16594.00,12
BSE,NEELKAN,INE741D01015,Z,51.75,57.19,51.75,57.15,54.47,13727,742786.00,73
BSE,NEELKANTH,INE581D01015,X,40.45,40.45,36.61,38.00,38.53,167,6317.00,18
BSE,NEETUYOSHI,INE0UZO01024,MT,163.25,165.00,155.50,163.60,163.25,59200,9415920.00,68
BSE,NEIL,INE396C01010,X,6.93,7.23,6.63,6.73,6.93,5317,36307.00,32
BSE,NELCAST,INE189I01024,B,123.60,125.65,122.75,125.25,125.05,2897,359668.00,70
BSE,NELCO,INE045B01015,B,990.00,1025.00,955.60,959.00,984.90,36099,35574411.00,1470
BSE,NEOGEN,INE136S01016,B,2150.00,2150.00,2013.85,2029.15,2032.55,6013,12207590.00,378
BSE,NEOINFRA,INE216I01017,X,42.49,42.49,41.00,41.90,40.99,306,12834.00,12
BSE,NEPHROPLUS,INE428V01029,B,698.80,698.80,684.20,694.20,690.00,3066,2117465.00,357
BSE,NEPLOG,INE1NQ501012,MT,33.11,33.12,33.11,33.12,33.11,7000,231780.00,7
BSE,NESCO,INE317F01035,A,1050.25,1053.85,1040.25,1048.25,1043.70,2637,2761948.00,151
BSE,NESTLEIND,INE239A01024,A,1511.20,1553.00,1511.20,1540.00,1500.00,51673,79775126.00,2399
BSE,NETLINK,INE040F01033,X,171.00,172.00,168.00,172.00,168.65,1004,171762.00,23
BSE,NETTLINX,INE027D01019,X,15.90,15.90,14.74,15.00,14.87,1468,22180.00,22
BSE,NETWEB,INE0NT901020,A,4799.90,4966.00,4780.05,4940.65,4811.15,85558,417717675.00,8309
BSE,NETWORK18,INE870H01013,A,29.90,29.90,29.42,29.54,29.91,69836,2068785.00,520
BSE,NEULANDLAB,INE794A01010,A,21544.20,23450.75,21544.20,22843.55,21499.95,12785,285638179.00,3346
BSE,NEWGEN,INE619B01017,A,551.55,560.00,538.80,551.50,542.25,47631,26297049.00,1426
BSE,NEWINFRA,INE997D01021,X,2.07,2.07,1.94,1.95,2.01,82756,162344.00,163
BSE,NEWLIGHT,INE835U01027,X,1.66,1.75,1.63,1.69,1.70,94072,158953.00,170
BSE,NEWMKTAVE,INE800K01014,XT,52.93,52.93,52.93,52.93,51.90,1,52.00,1
BSE,NEWTRAC,INE229N01010,X,2.92,3.01,2.81,2.96,2.87,115945,340145.00,102
BSE,NEXOME,INE641A01013,XT,127.80,127.80,115.95,119.90,121.90,2283,266647.00,30
BSE,NEXTMEDIA,INE747B01016,B,3.95,4.04,3.95,4.04,3.95,540,2149.00,10
BSE,NEXUSSURGL,INE370Q01015,X,19.00,19.48,17.50,18.89,18.99,3368,60921.00,55
BSE,NEXXUS,INE0QUL01011,M,81.60,81.60,81.60,81.60,77.76,1200,97920.00,1
BSE,NFL,INE870D01012,B,72.41,72.50,71.70,71.81,72.41,20236,1457642.00,247
BSE,NGIL,INE236Y01012,T,40.00,40.00,39.20,39.30,38.56,2333,93299.00,6
BSE,NGIND,INE825C01018,X,115.00,118.00,114.60,116.00,116.00,800,92300.00,33
BSE,NGLFINE,INE887E01022,B,3338.65,3442.65,3333.00,3429.25,3435.20,213,725023.00,88
BSE,NH,INE410P01011,A,1898.65,1899.00,1865.70,1884.00,1883.80,8372,15727170.00,993
BSE,NHCFOODS,INE141C01036,XT,1.11,1.14,1.11,1.14,1.09,3768777,4277774.00,2054
BSE,NHL,INE0N4701016,M,79.90,79.90,79.90,79.90,70.00,1600,127840.00,1
BSE,NHPC,INE848E01016,A,77.41,77.71,76.82,77.00,77.95,512424,39513207.00,4853
BSE,NIACL,INE470Y01017,A,177.50,177.75,175.85,177.15,179.00,71536,12636765.00,1252
BSE,NIBE,INE149O01018,B,1401.00,1447.90,1401.00,1415.40,1421.90,5367,7610567.00,419
BSE,NIBL,INE047O01014,B,34.34,35.17,34.34,34.72,34.34,1289,44896.00,22
BSE,NICCOPAR,INE653C01022,X,72.24,75.00,70.60,73.99,70.82,2279,166828.00,61
BSE,NIDHGRN,INE276H01013,XT,288.00,300.00,287.85,299.20,303.00,834,242131.00,38
BSE,NIHARINF,INE876E01033,X,5.97,5.97,5.97,5.97,5.88,5415,32327.00,9
BSE,NIITLTD,INE161A01038,B,97.68,99.49,94.20,95.05,98.11,37060,3564026.00,348
BSE,NIITMTS,INE342G01023,B,242.10,245.90,239.50,242.60,243.60,21911,5313822.00,725
BSE,NIKHILAD,INE926C01022,X,73.60,73.65,72.00,72.68,72.95,6879,500911.00,90
BSE,NIKKIGL,INE526C01012,X,20.00,20.00,20.00,20.00,19.05,49,980.00,1
BSE,NILACHAL,INE416N01013,X,37.50,37.50,37.50,37.50,37.50,2,75.00,2
BSE,NILAINFRA,INE937C01029,B,7.35,7.90,7.35,7.58,7.68,27391,208357.00,182
BSE,NILASPACES,INE00S901012,B,11.98,12.40,11.97,12.19,12.22,41005,495170.00,142
BSE,NILE,INE445D01013,B,1645.00,1645.00,1540.00,1551.80,1599.85,2180,3403315.00,287
BSE,NILKAMAL,INE310A01015,B,1804.00,1804.00,1739.50,1748.85,1776.75,1920,3381113.00,293
BSE,NIMBSPROJ,INE875B01015,T,183.60,183.60,183.60,183.60,192.95,8,1468.00,6
BSE,NINSYS,INE395U01014,T,708.50,764.90,708.40,730.55,733.00,602,445073.00,27
BSE,NIPPOBATRY,INE567A01028,B,330.10,334.65,320.00,324.15,333.95,1054,341455.00,68
BSE,NIRAJ,INE368I01016,T,29.45,29.94,28.51,29.49,29.49,5952,174046.00,21
BSE,NIRAVCOM,INE242B01018,X,715.00,715.00,715.00,715.00,720.00,1,715.00,1
BSE,NIRLON,INE910A01012,B,620.90,624.00,618.00,621.00,623.85,525,325034.00,37
BSE,NISMGMT,INE0M3X01010,M,48.10,48.10,48.10,48.10,48.10,1200,57720.00,1
BSE,NISUS,INE0DQN01013,M,178.00,182.55,163.00,170.50,178.55,68800,11800100.00,135
BSE,NITCO,INE858F01012,B,102.00,102.50,98.00,99.05,101.90,47374,4754687.00,507
BSE,NITINCAST,INE861H01020,X,453.70,531.00,453.70,479.40,497.45,3300,1601338.00,215
BSE,NITINSPIN,INE229H01012,B,579.40,579.75,570.65,575.50,571.55,3305,1903666.00,223
BSE,NITTAGELA,INE265B01019,B,1715.00,1760.00,1698.50,1714.50,1698.75,929,1608780.00,152
BSE,NIVABUPA,INE995S01015,A,85.27,87.76,85.27,86.06,87.19,76546,6628799.00,904
BSE,NIVAKA,INE139E01028,X,0.44,0.44,0.44,0.44,0.42,272295,119809.00,17
BSE,NIYOGIN,INE480D01010,X,50.90,50.90,49.05,49.85,49.56,69055,3448297.00,281
BSE,NKIND,INE542C01019,B,65.00,65.00,65.00,65.00,60.00,25,1625.00,1
BSE,NLCINDIA,INE589A01014,A,305.65,307.60,301.00,304.15,303.75,55050,16727501.00,1352
BSE,NLFL,INE606C01012,X,37.85,40.00,36.50,38.00,38.98,2018,75914.00,15
BSE,NMDC,INE584A01023,A,86.00,86.00,84.91,85.24,85.75,450909,38386420.00,2566
BSE,NMSGLOBAL,INE169F01014,X,55.00,57.70,54.20,57.49,55.14,12366,703566.00,123
BSE,NOBPOL,INE203Q01026,XT,8.44,8.44,8.44,8.44,8.28,30160,254550.00,23
BSE,NOCIL,INE163A01018,B,172.85,172.85,168.10,169.10,170.50,20930,3555808.00,286
BSE,NOIDATOLL,INE781B01015,T,4.22,4.45,4.22,4.36,4.40,8362,36523.00,62
BSE,NOL,INE296D01010,X,59.99,60.59,56.60,57.40,58.96,2978,175438.00,47
BSE,NORRIS,INE744C01029,X,14.80,15.25,14.80,14.91,14.71,91,1381.00,6
BSE,NORTHARC,INE850M01015,A,281.35,281.35,273.60,275.95,280.05,21969,6117570.00,508
BSE,NOUVEAU,INE317B01042,X,0.25,0.26,0.25,0.26,0.25,144367,37320.00,43
BSE,NOVAAGRI,INE02H701025,T,23.00,23.43,22.82,23.40,23.02,1979,45491.00,14
BSE,NOVARTIND,INE234A01025,B,1560.00,1622.90,1560.00,1609.90,1603.55,1059,1709246.00,132
BSE,NOVELIX,INE314I01036,XT,74.53,77.00,70.10,70.74,73.72,8916,656254.00,52
BSE,NOVIS,INE608C01026,X,12.09,13.25,12.09,12.59,12.72,2641,34054.00,30
BSE,NOVUS,INE1TFS01019,M,143.90,146.00,140.50,140.50,144.00,15000,2158200.00,14
BSE,NPFL,INE471R01019,M,6.55,6.55,6.55,6.55,7.30,24000,157200.00,1
BSE,NPL,INE0PO601011,XT,570.00,580.00,564.00,567.40,570.95,885,505090.00,46
BSE,NPST,INE0FFK01017,B,1518.10,1524.75,1503.80,1504.50,1518.10,536,810244.00,83
BSE,NRAIL,INE740D01017,B,520.05,546.95,518.30,541.70,523.70,3767,2003807.00,319
BSE,NRBBEARING,INE349A01021,B,442.70,464.80,441.55,462.10,446.45,36089,16462712.00,1346
BSE,NSDL,INE301O01023,A,822.45,824.00,818.50,821.20,820.80,304866,250289532.00,17700
BSE,NSIL,INE023A01030,B,5703.50,5703.50,5636.55,5644.55,5705.75,180,1019009.00,60
BSE,NSL,INE01BL01012,B,132.55,132.85,128.35,128.60,130.90,5934,769546.00,78
BSE,NSLNISP,INE0NNS01018,A,44.55,44.92,43.65,43.89,44.77,129025,5677084.00,854
BSE,NTCIND,INE920C01017,X,149.60,149.60,140.00,145.15,147.15,2691,390943.00,93
BSE,NTPC,INE733E01010,A,345.40,347.00,343.05,345.00,344.00,419354,144621387.00,6296
BSE,NTPCGREEN,INE0ONG01011,A,91.45,91.99,90.95,91.50,91.31,115302,10550714.00,1273
BSE,NUCLEUS,INE096B01018,B,699.25,701.65,683.00,693.05,696.45,717,498331.00,56
BSE,NURECA,INE0DSF01015,B,337.40,345.00,335.10,344.25,339.05,922,313647.00,110
BSE,NUTRICIRCLE,INE536C01029,XT,265.55,265.55,265.55,265.55,270.95,1,265.00,1
BSE,NUVAMA,INE531F01023,A,1651.00,1675.00,1635.00,1642.75,1658.85,27008,44693131.00,1682
BSE,NUVOCO,INE118D01016,A,355.85,355.85,345.05,345.85,352.10,12431,4326747.00,334
BSE,NVENTURES,INE0E5R01017,M,90.00,90.00,89.50,89.50,89.00,1500,134625.00,2
BSE,NWIL,INE882B01037,X,23.80,24.49,23.80,24.20,24.10,217796,5253530.00,606
BSE,NXST,INE0NDH25011,IF,166.70,168.49,165.50,168.23,166.09,18401,3081175.00,499
BSE,NYKAA,INE388Y01029,A,331.55,335.70,328.85,333.90,335.70,273743,90775063.00,4646
BSE,NYSSACORP,INE812K01027,X,2.20,2.28,2.20,2.24,2.23,12599,28001.00,60
BSE,OAL,INE959C01023,B,377.10,382.00,371.75,379.85,380.60,273,102899.00,23
BSE,OASISEC,INE876A01023,X,13.25,13.25,11.79,12.07,12.09,63776,790960.00,49
BSE,OBCL,INE426Z01016,B,47.40,54.30,47.40,54.30,55.00,1171,59245.00,33
BSE,OBEROIRLTY,INE093I01010,A,1768.05,1791.70,1768.05,1777.00,1777.70,155169,276509170.00,1062
BSE,OCCLLTD,INE0PK601023,T,154.90,164.70,154.90,158.90,163.05,19203,3005054.00,193
BSE,OCEANIC,INE711V01010,X,51.01,54.00,51.01,53.00,52.95,4000,214249.00,16
BSE,OCTAVE,INE814L01013,X,3.80,3.80,3.42,3.66,3.60,16373,57791.00,32
BSE,ODIGMA,INE054301028,T,23.50,23.50,22.85,22.97,23.05,188,4343.00,17
BSE,ODYCORP,INE839E01023,X,6.25,6.35,6.06,6.26,6.16,5663,35532.00,54
BSE,ODYSSEY,INE213B01019,X,38.40,38.40,36.70,36.79,37.46,16763,619625.00,141
BSE,OFSS,INE881D01027,A,11680.00,11856.00,11580.00,11725.60,11721.00,10540,123366865.00,4018
BSE,OIL,INE274J01014,A,443.05,451.90,437.15,441.00,446.40,158353,70434059.00,3392
BSE,OILCOUNTUB,INE591A01010,T,61.00,61.75,60.00,61.75,58.81,1044,63563.00,19
BSE,OIVL,INE125F01032,X,5.60,6.08,4.56,5.66,5.69,65375,347989.00,127
BSE,OKPLA,INE870B01024,XT,3.93,3.93,3.79,3.81,3.85,97932,376571.00,187
BSE,OLAELEC,INE0LXG01040,A,41.50,41.74,40.74,41.07,41.45,4054806,167099807.00,7588
BSE,OLATECH,INE0M3901015,M,69.00,70.50,69.00,70.50,69.28,5550,387630.00,6
BSE,OLECTRA,INE260D01016,A,1382.15,1393.85,1378.85,1384.95,1401.45,15997,22160019.00,901
BSE,OLPCL,INE550L01013,X,2.97,2.98,2.96,2.98,2.99,3122,9301.00,7
BSE,OLYMPTX,INE482O01021,X,31.48,31.48,28.62,30.40,30.00,924,27768.00,26
BSE,OMAXAUTO,INE090B01011,T,190.00,190.00,182.00,182.85,191.55,15571,2860245.00,127
BSE,OMAXE,INE800H01010,B,88.30,91.80,86.00,86.30,87.46,34529,3069128.00,244
BSE,OMEAG,INE112B01013,X,9.82,9.82,9.82,9.82,9.81,1010,9918.00,9
BSE,OMEGAIN,INE113B01037,X,38.49,38.49,38.49,38.49,40.51,78682,3028470.00,626
BSE,OMFREIGHT,INE1BZC01019,T,87.50,91.00,87.50,88.17,89.97,3035,270957.00,26
BSE,OMINFRAL,INE239D01028,B,90.55,90.55,86.90,87.56,89.81,8286,727823.00,233
BSE,OMKARPH,INE501C01015,X,15.10,15.10,15.09,15.09,15.88,762,11505.00,11
BSE,OML,INE0R8Q01018,MT,33.30,33.30,33.30,33.30,33.30,1600,53280.00,1
BSE,OMNI,INE0UH301010,B,628.85,628.85,553.55,578.30,625.20,554853,320617668.00,14286
BSE,OMNIAX,INE369B01019,X,3.21,3.25,3.21,3.25,3.09,204,662.00,2
BSE,OMNIPOTENT,INE0JFE01012,M,2.44,2.75,2.40,2.57,2.57,30000,74160.00,9
BSE,OMNITEX,INE814D01010,XT,779.95,810.00,750.00,799.60,779.95,2220,1739445.00,37
BSE,OMPOWER,INE25E901019,B,173.00,173.35,169.10,170.10,173.00,4888,838055.00,159
BSE,ONEGLOBAL,INE670O01013,X,569.80,570.00,546.00,567.20,567.00,8626,4808961.00,395
BSE,ONEINDIG,INE0UR501013,MT,132.30,132.30,132.30,132.30,126.00,250800,33180840.00,47
BSE,ONELIFECAP,INE912L01015,T,33.25,34.11,33.25,34.00,35.00,107,3566.00,5
BSE,ONEPOINT,INE840Y01029,B,58.24,61.23,57.90,60.55,56.37,211825,12769237.00,810
BSE,ONESOURCE,INE013P01021,A,1549.00,1584.90,1548.40,1578.35,1550.85,5586,8736961.00,463
BSE,ONGC,INE213A01029,A,238.05,241.65,237.05,237.65,237.80,612224,146647440.00,10037
BSE,ONIDA,INE831A01028,T,36.98,38.45,36.98,38.31,37.10,43735,1647594.00,113
BSE,ONIXSOLAR,INE173M01012,X,510.50,510.50,510.50,510.50,537.35,7803,3983431.00,93
BSE,ONMOBILE,INE809I01019,T,69.80,69.80,69.80,69.80,71.22,2614,182457.00,35
BSE,ONTIC,INE989S01042,XT,1.97,1.97,1.86,1.89,1.90,42092,79764.00,86
BSE,ONWARDTEC,INE229A01017,B,282.55,292.00,280.85,290.80,278.90,23995,6901117.00,817
BSE,OONE,INE860E01011,X,6.83,6.83,6.75,6.76,6.80,1316,8946.00,8
BSE,OPTIEMUS,INE350C01017,B,583.05,591.25,560.00,561.60,582.30,15425,8784054.00,1508
BSE,OPTIFIN,INE031G01022,X,12.27,12.27,11.75,12.02,12.06,66404,786639.00,87
BSE,ORBTEXP,INE231G01010,T,256.00,256.00,242.55,254.30,250.00,255,62676.00,17
BSE,ORCHASP,INE215B01022,B,1.61,1.61,1.53,1.60,1.61,50840,79992.00,251
BSE,ORCHPHARMA,INE191A01027,B,1003.65,1006.30,991.00,1004.60,998.70,4414,4424700.00,301
BSE,ORGANICREC,INE0MIO01019,M,233.95,245.00,230.00,241.05,229.00,82200,19509810.00,122
BSE,ORGCOAT,INE412E01011,X,17.12,17.12,17.03,17.03,17.92,6766,115282.00,27
BSE,ORIBEVER,INE247F01018,X,185.00,192.00,176.95,188.45,186.05,3077,564972.00,99
BSE,ORICONENT,INE730A01022,B,51.65,54.46,51.65,53.52,54.53,906,48983.00,55
BSE,ORIENTALTL,INE998H01012,B,5.20,5.31,5.13,5.20,5.20,4459,23339.00,36
BSE,ORIENTBELL,INE607D01018,B,314.00,315.80,312.50,313.40,314.00,652,204021.00,35
BSE,ORIENTCEM,INE876N01018,B,137.35,137.95,136.30,136.70,138.35,9362,1283703.00,162
BSE,ORIENTCER,INE569C01020,B,43.94,43.95,42.37,42.53,41.53,13518,578144.00,134
BSE,ORIENTELEC,INE142Z01019,B,181.30,190.90,180.00,189.00,178.65,124635,23293630.00,2186
BSE,ORIENTHOT,INE750A01020,B,126.60,130.00,126.60,127.75,129.10,15314,1959422.00,235
BSE,ORIENTLTD,INE609C01024,T,77.99,78.00,77.00,77.00,78.50,50,3889.00,3
BSE,ORIENTPPR,INE592A01026,B,19.00,19.08,18.10,18.51,18.82,61654,1158292.00,68
BSE,ORIENTTECH,INE0PPK01015,B,259.00,261.00,258.00,259.35,259.80,4377,1135734.00,358
BSE,ORIENTTR,INE681D01039,X,5.30,5.30,4.87,5.04,5.12,207548,1030167.00,438
BSE,ORIRAIL,INE457G01029,X,111.50,114.00,111.50,113.60,113.60,17199,1951878.00,231
BSE,ORISSAMINE,INE725E01024,B,4319.95,4425.25,4309.30,4405.15,4309.30,675,2950767.00,198
BSE,ORKLAINDIA,INE16NZ01023,B,560.05,570.25,557.05,566.20,559.95,21006,11771566.00,293
BSE,OROSMITHS,INE628B01034,XT,6.53,6.60,6.25,6.29,6.43,60530,390739.00,185
BSE,ORTEL,INE849L01019,Z,2.15,2.20,2.15,2.20,2.11,2196,4784.00,8
BSE,ORTINGLOBE,INE749B01020,T,15.90,15.90,14.60,15.59,15.25,3111,47900.00,7
BSE,OSIAJEE,INE186R01013,X,275.00,281.80,270.05,273.25,271.30,5075,1396863.00,115
BSE,OSWALAGRO,INE142A01012,B,43.90,43.90,40.01,40.06,42.52,5292,214594.00,70
BSE,OSWALGREEN,INE143A01010,B,22.00,22.49,21.85,22.04,22.04,15975,353083.00,125
BSE,OSWALPUMPS,INE0BYP01024,B,324.75,328.00,322.80,325.95,322.85,27213,8844657.00,597
BSE,OTCO,INE910B01028,XT,10.35,10.45,10.00,10.30,10.35,1454,14597.00,7
BSE,OVAL,INE0RTI01017,M,54.95,55.00,54.95,55.00,53.00,12800,703440.00,2
BSE,OVOBELE,INE812S01012,XT,177.70,178.35,169.00,171.90,169.90,4743,814153.00,66
BSE,OXFORDIN,INE114D01015,XT,7.25,7.25,6.91,7.25,6.91,1907,13729.00,20
BSE,OXYGENTAPH,INE102E01018,X,53.75,54.00,52.40,53.60,51.81,14834,789238.00,84
BSE,PACE,INE0N1L01018,M,15.20,15.20,14.58,14.58,15.49,38400,575520.00,16
BSE,PACEDIGITK,INE0S3G01027,B,189.55,189.55,179.35,181.90,187.10,147991,27141842.00,2045
BSE,PADALPO,INE630U01014,X,13.32,13.32,13.32,13.32,12.69,642,8551.00,5
BSE,PADAMCO,INE448D01025,X,0.97,0.97,0.95,0.97,0.97,602142,578888.00,396
BSE,PADMAIND,INE743D01011,X,8.50,8.50,7.65,7.68,8.49,5882,45756.00,41
BSE,PADMALAYAT,INE243B01016,Z,4.10,4.10,3.79,3.80,3.98,1267,4832.00,22
BSE,PAGEIND,INE761H01022,A,39810.00,40210.00,39810.00,39944.65,39841.60,167,6686248.00,111
BSE,PAISALO,INE420C01059,A,69.00,69.82,68.50,68.69,68.85,330718,22871672.00,748
BSE,PAJSON,INE14LM01012,M,195.00,200.00,192.00,192.00,200.00,18000,3503220.00,14
BSE,PAKKA,INE551D01018,B,72.30,72.54,71.57,71.90,72.01,1588,114567.00,59
BSE,PALASHSECU,INE471W01019,B,89.00,92.71,87.00,92.71,86.89,6986,621607.00,5
BSE,PALCO,INE239L01013,X,140.05,141.55,137.00,140.55,141.55,1500,209672.00,35
BSE,PALMJEWELS,INE838Z01012,X,15.50,15.50,15.02,15.44,15.49,6682,102434.00,40
BSE,PALREDTEC,INE218G01033,T,50.09,50.09,47.50,47.50,47.71,1006,50387.00,21
BSE,PANABYTE,INE516E01019,X,19.40,20.94,19.40,19.90,19.40,1587,31539.00,11
BSE,PANACEABIO,INE922B01023,B,420.00,420.00,410.50,413.30,417.60,5162,2138495.00,344
BSE,PANAENERG,INE795A01017,X,264.40,264.40,249.00,256.50,258.00,21657,5495409.00,356
BSE,PANAFIC,INE655P01029,XT,2.17,2.17,2.17,2.17,2.13,717566,1557118.00,139
BSE,PANAMAPET,INE305C01029,B,495.05,508.55,484.25,504.35,495.60,20495,10230039.00,796
BSE,PANCARBON,INE013E01017,X,465.20,466.40,462.00,464.05,462.25,1561,723535.00,59
BSE,PANCHMAHQ,INE798F01010,X,298.00,298.00,287.10,287.90,298.25,228,66014.00,17
BSE,PANCHSHEEL,INE316G01019,X,113.30,116.00,112.15,112.60,113.30,15514,1779150.00,76
BSE,PANCM,INE167E01037,XT,113.05,113.05,113.05,113.05,113.10,1,113.00,1
BSE,PANELEC,INE648E01010,X,27.30,27.30,24.21,25.98,27.30,692,17702.00,19
BSE,PANHR,INE1N9E01015,MT,58.95,58.95,58.95,58.95,56.70,1600,94320.00,1
BSE,PANINDIAC,INE376A01032,X,1.58,1.64,1.58,1.62,1.61,42413,68406.00,103
BSE,PANJON,INE744D01019,X,19.94,22.25,19.50,21.79,19.44,58308,1215584.00,273
BSE,PANKAJPO,INE698B01011,X,84.95,84.95,84.00,84.57,84.54,10567,894868.00,88
BSE,PANORAMA,INE258R01028,B,48.51,49.75,47.74,48.26,48.58,192768,9419058.00,861
BSE,PANTH,INE945O01019,XT,10.40,10.76,10.13,10.71,10.66,65047,684056.00,107
BSE,PARACABLES,INE074B01023,B,64.06,69.23,64.06,68.82,66.19,207780,14166078.00,2648
BSE,PARADEEP,INE088F01024,A,148.10,152.30,147.00,149.35,148.10,360792,54118677.00,2616
BSE,PARAGMILK,INE883N01014,A,221.95,228.75,217.35,223.20,225.20,35934,8057626.00,1073
BSE,PARAGONF,INE015E01012,X,53.42,53.42,46.13,49.03,44.58,173,8844.00,16
BSE,PARAS,INE045601023,A,1315.00,1330.00,1237.00,1275.70,1317.25,90980,117229602.00,3954
BSE,PARASPETRO,INE162C01024,B,2.73,2.74,2.59,2.59,2.72,28076,73646.00,69
BSE,PARKHOSPS,INE119201023,B,290.40,295.10,287.20,292.20,291.50,29655,8626440.00,519
BSE,PARKHOTELS,INE988S01028,B,121.70,122.45,119.00,120.45,120.75,7058,850007.00,182
BSE,PARLEIND,INE272G01014,XT,7.50,7.50,7.50,7.50,7.65,218324,1637430.00,473
BSE,PARMAX,INE240T01014,XT,106.00,106.75,106.00,106.75,104.70,828,88288.00,10
BSE,PARMCOS-B,INE143I01013,X,38.00,38.00,38.00,38.00,38.00,32,1216.00,4
BSE,PARMESHWAR,INE0QQJ01021,MT,195.00,195.00,195.00,195.00,196.00,4000,780000.00,4
BSE,PARMSILK,INE808R01012,XT,291.00,316.10,286.00,316.10,301.05,792,233383.00,31
BSE,PARNAXLAB,INE383L01019,X,131.00,134.80,128.00,134.35,128.00,11106,1467625.00,98
BSE,PARSHVA,INE05MV01019,B,168.75,168.75,168.75,168.75,168.75,2,337.00,2
BSE,PARSHWANA,INE635I01018,X,80.80,81.35,73.63,73.63,77.50,814,66110.00,18
BSE,PARSVNATH,INE561H01026,T,1.64,1.64,1.64,1.64,1.67,174693,286496.00,119
BSE,PARVATI,INE295Z01015,X,6.04,6.44,6.04,6.33,6.04,11517,71642.00,73
BSE,PASARI,INE604F01010,X,5.65,5.65,5.65,5.65,6.50,2,11.00,1
BSE,PASHUPATI,INE124Y01028,B,85.99,85.99,83.74,84.28,85.05,10919,922161.00,1203
BSE,PASUPTAC,INE818B01023,T,59.79,62.85,59.79,62.63,59.96,5381,333489.00,73
BSE,PASUSPG,INE909B01020,X,34.40,34.40,31.16,34.40,32.77,634,20439.00,10
BSE,PATANJALI,INE619A01035,A,353.65,357.40,351.00,357.00,355.00,803320,283335863.00,24488
BSE,PATELCHEM,INE161701011,MT,93.00,93.00,92.11,92.11,92.69,8000,739952.00,4
BSE,PATELENG,INE244B01030,A,28.61,28.97,28.33,28.60,28.80,331761,9478486.00,1067
BSE,PATELRMART,INE0R8B01010,B,220.55,223.00,217.35,221.70,220.55,5250,1152347.00,175
BSE,PATELSAI,INE082C01024,X,334.90,344.90,330.50,335.10,337.35,4205,1427375.00,142
BSE,PATIDAR,INE637N01014,X,5.40,5.40,5.15,5.15,5.41,48,254.00,8
BSE,PATINTLOG,INE529D01014,T,14.70,14.70,14.25,14.50,14.70,9337,134098.00,31
BSE,PATSPINLTD,INE790C01014,X,6.61,7.00,6.52,6.58,6.70,4563,30850.00,33
BSE,PAUSHAKLTD,INE111F01024,B,690.00,712.00,684.05,705.90,690.00,3117,2175703.00,217
BSE,PAVNAIND,INE07S101038,B,19.80,19.80,18.50,18.59,19.07,6408,120387.00,60
BSE,PAYTM,INE982J01020,A,1429.85,1458.60,1429.80,1441.00,1447.50,265853,385136870.00,6426
BSE,PBAINFRA,INE160H01019,XT,11.50,11.50,10.50,10.50,11.01,3386,36395.00,39
BSE,PBMPOLY,INE501F01018,X,64.30,64.30,62.00,62.00,62.89,568,35336.00,7
BSE,PCBL,INE602A01031,A,324.55,325.90,320.50,321.60,324.90,85934,27758102.00,1590
BSE,PCCOSMA,INE417E01010,X,361.10,395.95,353.50,383.05,371.95,4344,1617230.00,200
BSE,PCJEWELLER,INE785M01021,A,9.69,9.90,9.69,9.78,9.70,7397941,72303508.00,4248
BSE,PCS,INE834B01012,X,19.80,19.80,18.60,19.16,19.75,2492,47233.00,37
BSE,PDMJEPAPER,INE865T01018,B,96.88,99.26,96.88,98.33,98.11,4552,446815.00,73
BSE,PDSL,INE111Q01021,B,358.05,370.10,354.95,361.55,358.25,10046,3650526.00,301
BSE,PEETISEC,INE328D01011,X,19.25,19.25,19.25,19.25,19.84,20,385.00,1
BSE,PEIL,INE429K01012,X,7.11,7.30,7.00,7.16,7.27,8175,58088.00,38
BSE,PENIND,INE932A01024,A,161.00,164.15,158.80,159.70,162.45,11947,1925325.00,424
BSE,PENINLAND,INE138A01028,T,16.26,16.26,16.20,16.20,16.43,4130,67023.00,19
BSE,PERFEPA,INE759I01024,X,84.90,84.90,76.65,77.46,81.50,1594,131825.00,32
BSE,PERMAGN,INE418E01018,X,822.00,840.00,800.00,838.50,821.00,5045,4139924.00,250
BSE,PERSISTENT,INE262H01021,A,5451.20,5592.95,5450.00,5475.00,5518.65,32273,178397171.00,3994
BSE,PERVASIVE,INE443P01038,XT,5.95,5.95,5.95,5.95,5.84,111,660.00,1
BSE,PESB,INE510U01018,M,254.00,254.00,250.00,250.00,251.65,3200,806280.00,4
BSE,PETRONET,INE347G01014,A,275.25,280.05,275.25,278.30,278.90,48249,13429792.00,1470
BSE,PFC,INE134E01011,A,417.95,420.75,414.55,419.50,416.50,134694,56418760.00,2251
BSE,PFIZER,INE182A01018,A,4934.00,4934.00,4783.00,4865.10,4901.35,691,3372940.00,190
BSE,PFL,INE0PZB01013,M,28.76,29.60,28.76,29.60,30.00,9000,261360.00,3
BSE,PFLINFOTC,INE600F01018,X,4.08,4.08,4.00,4.00,4.08,30100,120488.00,3
BSE,PFOCUS,INE367G01038,B,292.25,304.00,283.55,287.75,292.30,98229,28581820.00,2008
BSE,PFS,INE560K01014,B,28.65,29.13,28.47,28.98,28.88,39185,1125799.00,475
BSE,PGCRL,INE0GTX01019,M,116.00,119.05,116.00,118.85,116.90,8400,998190.00,2
BSE,PGEL,INE457L01029,A,614.15,644.00,602.75,630.65,609.00,618576,388979307.00,18954
BSE,PGFOILQ,INE078D01012,X,219.90,235.00,219.00,226.30,214.50,90738,20717526.00,637
BSE,PGHH,INE179A01014,A,8579.90,8579.90,8469.55,8503.00,8490.60,1206,10244416.00,407
BSE,PGHL,INE199A01012,A,6004.10,6166.00,6004.10,6149.35,6087.90,1057,6426425.00,348
BSE,PGIL,INE940H01022,A,2235.65,2539.00,2235.65,2460.90,2214.35,130851,322113285.00,7581
BSE,PGINVIT,INE0GGX23010,IF,99.20,100.19,99.20,99.78,99.72,191438,19075995.00,1571
BSE,PHARMAID,INE117D01018,X,36.20,36.20,34.00,34.50,35.50,10336,359453.00,118
BSE,PHCAP,INE160F01013,XT,990.00,1020.00,990.00,992.05,990.00,1695,1681432.00,28
BSE,PHOENIXLTD,INE211B01039,A,1910.60,1915.85,1893.35,1894.00,1917.20,6794,12913386.00,790
BSE,PHOENXINTL,INE245B01011,X,30.13,30.69,29.70,30.07,30.13,1590,47952.00,17
BSE,PHOSPHATE,INE398C01016,X,136.25,140.00,136.25,136.30,136.60,109,15004.00,14
BSE,PHRMASI,INE486I01016,X,84.99,84.99,82.74,82.75,84.98,177,14667.00,14
BSE,PHYTO,INE037C01010,X,20.50,20.50,18.83,19.00,19.85,4232,80567.00,27
BSE,PICCADIL,INE546C01010,B,748.05,761.00,737.80,743.15,746.10,8391,6304625.00,624
BSE,PICCASUG,INE544C01023,X,34.00,34.50,34.00,34.03,34.81,1596,54444.00,24
BSE,PICTUREHS,INE448B01029,X,7.84,7.86,7.84,7.86,8.25,58,455.00,3
BSE,PIDILITIND,INE318A01026,A,1676.95,1676.95,1649.00,1662.00,1671.00,226834,377776040.00,2273
BSE,PIGL,INE557Z01018,B,106.00,113.50,105.00,112.00,106.00,16052,1787502.00,108
BSE,PIIND,INE603J01030,A,2795.60,2795.60,2754.75,2762.75,2796.00,7235,20043649.00,1175
BSE,PILANIINVS,INE417C01014,B,4311.00,4433.40,4311.00,4417.95,4305.25,94,414672.00,28
BSE,PILITA,INE600A01035,T,8.37,8.69,8.31,8.61,8.53,9728,82082.00,27
BSE,PINELABS,INE15B701018,B,156.00,157.60,154.00,154.25,156.10,1064101,165315337.00,6258
BSE,PIONEEREMB,INE156C01018,B,24.50,24.50,23.50,23.50,25.00,10140,240451.00,53
BSE,PIONRINV,INE746D01014,T,83.80,88.40,83.50,88.40,86.00,170,14214.00,6
BSE,PIRAMALFIN,INE202B01038,B,2117.00,2122.90,2090.00,2109.85,2113.30,6903,14566295.00,564
BSE,PITTIENG,INE450D01021,B,942.80,949.00,934.00,939.50,938.25,719,677547.00,106
BSE,PIXTRANS,INE751B01018,B,1697.75,1722.00,1672.40,1717.15,1697.25,755,1279724.00,108
BSE,PLASTIBLEN,INE083C01022,B,199.15,199.95,196.50,198.05,197.40,831,165332.00,100
BSE,PLATIND,INE0PT501018,B,225.25,227.80,223.25,223.95,226.45,3757,844824.00,108
BSE,PLAZACABLE,INE0INJ01017,T,47.20,47.87,46.20,47.87,47.98,4300,202091.00,45
BSE,PMCFIN,INE793G01035,X,1.69,1.71,1.67,1.70,1.69,259798,439739.00,358
BSE,PML,INE291E01019,B,506.00,506.00,491.75,491.75,491.75,622,314128.00,25
BSE,PNB,INE160A01022,A,114.15,115.30,113.60,114.70,114.00,585122,66903007.00,3933
BSE,PNBGILTS,INE859A01011,B,82.52,82.52,80.50,80.88,82.21,43953,3570953.00,941
BSE,PNBHOUSING,INE572E01012,A,1152.40,1152.40,1119.50,1142.00,1147.00,70860,80456722.00,2735
BSE,PNC,INE392B01011,B,19.13,20.34,19.13,20.00,19.79,1072,21217.00,11
BSE,PNCINFRA,INE195J01029,A,236.25,237.85,222.45,224.40,239.90,1160722,263065915.00,3715
BSE,PNGJL,INE953R01016,B,635.45,654.70,635.45,643.55,635.70,36281,23510250.00,2504
BSE,PNGSREVA,INE1RDG01013,B,495.00,518.20,491.40,512.05,500.75,25346,12907786.00,613
BSE,PNTKYOR,INE702E01015,X,36.60,36.60,34.51,34.71,37.60,46,1593.00,6
BSE,POCL,INE063E01061,A,491.25,496.85,481.00,482.00,486.65,35599,17357982.00,1251
BSE,PODDARMENT,INE371C01013,B,255.55,262.20,255.50,262.20,251.30,69,17803.00,8
BSE,POEL,INE035S01028,X,169.05,170.85,167.00,168.90,169.05,8179,1381428.00,136
BSE,POKARNA,INE637C01025,B,961.10,1013.50,961.10,985.70,967.20,15956,15916859.00,838
BSE,POLICYBZR,INE417T01026,A,1608.80,1613.30,1582.50,1610.00,1597.50,29745,47494965.00,1925
BSE,POLSON,INE339F01021,X,11189.90,11200.00,10835.00,10870.00,11200.00,12,133684.00,10
BSE,POLYCAB,INE455K01017,A,9320.00,9320.05,9183.90,9268.00,9293.55,6398,59091922.00,1473
BSE,POLYCHEM,INE752B01024,X,2000.00,2000.00,1976.00,1990.00,2035.00,11,21916.00,4
BSE,POLYCHMP,INE809B01014,X,49.50,50.00,49.00,49.00,48.20,418,20677.00,8
BSE,POLYLINK,INE323D01020,X,25.89,25.89,22.01,22.14,22.91,6178,141025.00,58
BSE,POLYMED,INE205C01021,A,1725.00,1744.65,1661.85,1692.25,1708.85,6367,10829499.00,673
BSE,POLYPLEX,INE633B01018,B,1113.90,1132.65,1113.80,1118.00,1110.65,2575,2894782.00,206
BSE,POLYSPIN,INE914G01029,X,28.00,30.00,27.25,30.00,28.27,2970,84554.00,37
BSE,PONNIERODE,INE838E01017,B,322.00,324.40,320.00,320.00,321.30,1039,332852.00,19
BSE,POOJA,INE973X01012,B,17.50,18.98,17.48,18.51,17.49,76511,1405462.00,298
BSE,POOJAENT,INE147C01017,X,71.50,74.89,70.00,70.51,72.11,19579,1403887.00,85
BSE,POONADAL,INE809E01018,X,63.55,63.60,60.15,62.67,63.60,1532,94671.00,27
BSE,POONAWALLA,INE511C01022,A,494.40,494.40,469.30,479.90,490.55,87658,41961705.00,2187
BSE,POPULARES,INE370C01015,X,18.90,18.90,17.50,17.50,18.00,5,90.00,5
BSE,PORWAL,INE386I01018,X,56.89,56.89,54.66,55.22,55.05,464,25716.00,11
BSE,POWERGRID,INE752E01010,A,268.90,272.80,268.55,271.75,270.75,297702,80676655.00,5997
BSE,POWERICA,INE921L01032,B,519.25,538.75,510.50,531.60,522.90,24022,12592073.00,1640
BSE,POWERINDIA,INE07Y701011,A,31721.75,32660.00,31721.75,32580.00,32020.00,7508,243473624.00,2608
BSE,POWERMECH,INE211R01019,A,2629.80,2642.10,2580.00,2613.65,2616.35,2117,5523149.00,255
BSE,PPAP,INE095I01015,T,320.15,327.00,305.00,322.45,311.75,7479,2361429.00,130
BSE,PPARIVAH,INE0SMW01011,MT,238.00,245.40,238.00,245.30,233.75,26400,6374460.00,21
BSE,PPEL,INE288301026,MT,455.00,470.00,447.00,453.15,470.45,370800,168231680.00,638
BSE,PPL,INE050001010,T,253.50,268.25,253.50,262.95,255.60,2228,583485.00,44
BSE,PPLPHARMA,INE0DK501011,A,207.50,212.20,205.40,209.40,208.30,455651,95230433.00,4401
BSE,PQIF,INE689M01025,X,11.22,11.22,10.50,11.22,10.69,155289,1726761.00,536
BSE,PRABHA,INE0I0M01023,B,159.55,159.55,154.20,157.35,149.50,1704,265985.00,38
BSE,PRABHHANS,INE428P01013,XT,41.99,41.99,38.00,40.40,40.00,7829,298827.00,18
BSE,PRADPME,INE770A01010,T,509.75,536.05,509.75,524.05,518.65,1250,647295.00,24
BSE,PRAENG,INE505C01016,B,20.19,20.29,19.79,19.88,20.87,3565,71348.00,30
BSE,PRAGBOS,INE962B01011,X,1.96,1.96,1.86,1.93,1.96,674,1291.00,20
BSE,PRAJIND,INE074A01025,A,328.15,329.15,322.10,325.25,319.50,60527,19745269.00,1820
BSE,PRAKASH,INE603A01013,B,129.15,130.15,128.50,128.95,128.85,7113,921360.00,252
BSE,PRAKASHSTL,INE696K01024,B,3.98,4.06,3.94,3.98,3.98,17842,70985.00,115
BSE,PRARUH,INE0TI501017,M,82.00,84.00,80.00,80.00,80.00,14000,1147200.00,6
BSE,PRATIK,INE206C01029,X,4.51,4.60,4.48,4.49,4.51,377863,1708299.00,153
BSE,PRAVEG,INE722B01019,B,285.00,289.50,273.30,276.55,286.75,5681,1586681.00,357
BSE,PRAXIS,INE546Y01022,B,7.50,7.50,6.92,6.95,7.21,7391,52304.00,27
BSE,PRECAM,INE484I01029,B,144.45,145.95,143.00,143.20,144.80,9295,1339187.00,184
BSE,PRECISIO,INE143C01024,XT,200.05,203.00,199.55,203.00,200.05,251,50192.00,12
BSE,PRECWIRE,INE372C01037,B,418.00,418.00,396.35,413.60,419.55,43624,17818755.00,1697
BSE,PREMCAP,INE946K01023,XT,6.00,6.00,5.71,5.80,6.00,3624,21480.00,7
BSE,PREMCO,INE001E01012,B,380.00,380.50,378.15,380.50,382.60,744,282864.00,24
BSE,PREMEXPLN,INE863B01029,A,665.00,665.05,636.05,639.05,665.00,45459,29456235.00,1005
BSE,PREMIER,INE342A01018,T,2.92,2.92,2.78,2.85,2.92,820,2376.00,7
BSE,PREMIERENE,INE0BS701011,A,1051.95,1062.25,1022.30,1046.00,1045.00,192308,200689965.00,6213
BSE,PREMIERPOL,INE309M01020,B,72.00,72.58,71.10,71.55,72.58,8165,587813.00,114
BSE,PREMSYN,INE940N01012,X,15.10,16.00,15.03,16.00,15.68,166,2516.00,7
BSE,PRERINFRA,INE426H01014,X,27.10,27.10,25.67,26.58,26.95,11476,301554.00,16
BSE,PRESTIGE,INE811K01011,A,1576.00,1599.00,1568.00,1580.55,1576.00,11217,17741714.00,955
BSE,PREVEST,INE0GAO01018,M,385.00,389.90,376.40,380.80,378.15,17800,6829050.00,48
BSE,PRICOLLTD,INE726V01018,A,756.95,757.00,734.00,737.30,760.80,206463,153003643.00,2248
BSE,PRIMAGR,INE297D01018,X,15.01,15.85,15.01,15.85,15.85,1076,16733.00,9
BSE,PRIMAIN,INE723N01012,X,16.86,17.48,16.01,17.44,17.20,288,4662.00,5
BSE,PRIMAINNO,INE13LA01027,XT,39.00,40.95,37.05,37.05,0.00,59716,2271909.00,147
BSE,PRIMAPLA,INE573B01016,XT,122.70,122.70,119.05,121.00,122.70,2265,271560.00,48
BSE,PRIMEFRESH,INE442V01012,B,189.05,191.00,181.65,185.70,187.80,2392,442016.00,101
BSE,PRIMEPRO,INE233C01023,XT,29.48,29.48,28.02,28.36,29.49,1675,47279.00,21
BSE,PRIMESECU,INE032B01021,B,285.00,299.50,280.35,295.55,284.45,597,174718.00,133
BSE,PRIMEURB,INE419E01024,X,9.50,9.50,8.17,8.88,8.99,49,441.00,11
BSE,PRIMIND,INE543F01028,X,39.89,39.89,37.22,38.35,39.89,169,6339.00,12
BSE,PRIMO,INE607A01022,B,23.95,24.24,23.70,23.78,24.04,9947,238383.00,286
BSE,PRINCEPIPE,INE689W01016,B,274.85,277.00,269.25,271.05,274.85,8837,2411282.00,554
BSE,PRISMMEDI,INE730E01016,X,27.50,28.34,25.91,27.14,28.10,23716,639658.00,110
BSE,PRISMX,INE286N01028,X,0.63,0.64,0.60,0.62,0.63,160299,97869.00,120
BSE,PRITHVIEXCH,INE621B01021,X,105.50,109.95,101.00,106.57,104.57,3391,355034.00,55
BSE,PRITIKAUTO,INE583R01029,T,18.00,19.00,18.00,18.38,18.71,18992,352916.00,83
BSE,PRIVISCL,INE959A01019,A,3648.30,3685.40,3620.50,3642.00,3658.40,1855,6769078.00,545
BSE,PRIYALT,INE686C01014,X,21.25,21.25,20.93,21.25,22.03,106,2236.00,6
BSE,PROCLB,INE438C01010,X,31.00,31.00,30.95,30.99,30.99,14917,462283.00,16
BSE,PROFINC,INE732K01027,Z,2.66,2.79,2.58,2.77,2.67,1180319,3207222.00,332
BSE,PROMACT,INE818D01011,X,8.55,9.44,8.55,9.43,9.00,1925,18068.00,7
BSE,PROSTARM,INE0BX301013,B,143.40,147.55,141.50,145.85,144.55,49914,7269280.00,712
BSE,PROTEAN,INE004A01022,A,564.45,574.10,562.00,566.05,558.45,18468,10516489.00,780
BSE,PROZONER,INE195N01013,B,41.00,43.00,41.00,42.77,42.45,10361,437857.00,81
BSE,PRSMJOHNSN,INE010A01011,B,113.95,131.20,107.00,111.00,113.85,2015566,243995610.00,10563
BSE,PRSNTIN,INE100E01012,X,15.35,15.35,15.35,15.35,15.35,5,76.00,1
BSE,PRUDENT,INE00F201020,A,3275.00,3409.00,3270.00,3385.80,3268.90,3373,11291102.00,673
BSE,PRUDMOULI,INE024D01016,T,13.90,13.90,12.81,12.85,13.25,767,10101.00,6
BSE,PSB,INE608A01012,B,24.04,24.04,23.75,23.81,23.94,29269,698703.00,222
BSE,PSITINFRA,INE953M01033,XT,1.42,1.42,1.40,1.42,1.40,21479,30497.00,23
BSE,PSPLATINA,INE19RO25013,IF,1093000.00,1093000.00,1093000.00,1093000.00,1095000.00,1,1093000.00,1
BSE,PSPPROJECT,INE488V01015,B,956.15,967.45,955.05,962.10,967.20,909,874317.00,123
BSE,PTC,INE877F01012,A,201.60,204.25,195.50,203.15,200.10,670052,134435419.00,6731
BSE,PTCIL,INE596F01018,A,18239.65,19395.00,18239.65,19068.55,18239.65,8915,169952421.00,2466
BSE,PTL,INE034D01049,B,40.00,40.09,39.50,39.80,40.00,5716,226977.00,102
BSE,PULSRIN,INE183U01022,X,0.45,0.48,0.45,0.48,0.44,7510407,3558540.00,550
BSE,PUNJABCHEM,INE277B01014,B,1105.00,1117.00,1099.35,1109.35,1101.35,620,688136.00,77
BSE,PUNJCOMMU,INE609A01010,B,48.94,48.94,47.18,48.50,46.84,10,484.00,6
BSE,PURETROP,INE795D01011,X,158.00,159.50,156.55,159.40,156.65,3406,542844.00,14
BSE,PURPLE,INE905R01016,X,5.46,5.46,5.46,5.46,5.45,51,278.00,2
BSE,PURPLEFIN,INE0CYK01015,X,76.90,76.90,74.10,76.02,75.01,21892,1665038.00,97
BSE,PURPLEWAVE,INE0VDK01019,MT,234.00,245.70,234.00,245.70,234.00,51000,12511100.00,30
BSE,PURSHOTTAM,INE729C01020,X,35.00,35.00,32.12,33.94,34.50,69,2359.00,7
BSE,PURVA,INE323I01011,B,210.45,213.10,210.00,212.45,209.45,10494,2223261.00,201
BSE,PVP,INE362A01016,B,33.25,35.85,32.76,34.77,33.49,428234,14752346.00,1820
BSE,PVRINOX,INE191H01014,A,1132.85,1168.45,1123.80,1154.40,1142.40,15040,17370589.00,839
BSE,PVSL,INE772T01024,B,115.00,115.00,107.90,108.85,109.00,1655,180874.00,32
BSE,PVVINFRA,INE428B01021,X,3.68,3.80,3.56,3.61,3.66,1254610,4596403.00,384
BSE,PWASML,INE523I01016,X,22.50,23.00,22.50,23.00,23.00,957,21541.00,9
BSE,PWL,INE0LP301011,B,124.85,133.40,124.85,131.50,125.50,654507,85341165.00,3861
BSE,PYRAMID,INE0MIS01010,B,175.75,180.55,173.35,176.25,178.20,2935,518667.00,103
BSE,QGO,INE837C01013,X,42.80,42.80,41.00,41.01,41.96,770,31779.00,19
BSE,QLL,INE0Q1R01012,M,450.00,450.00,450.00,450.00,460.05,400,180000.00,1
BSE,QPOWER,INE0SII01026,T,1150.00,1164.00,1108.00,1122.30,1157.35,6732,7609234.00,596
BSE,QRIL,INE0KAF01018,M,37.00,37.00,36.90,36.90,41.00,4000,147650.00,7
BSE,QUADFUTURE,INE0LRY01011,B,380.55,386.45,360.60,361.85,378.20,20713,7776934.00,803
BSE,QUANTDIA,INE373C01019,XT,33.00,33.33,32.91,32.91,33.33,470,15511.00,7
BSE,QUESS,INE615P01015,B,313.05,313.45,304.05,310.15,316.00,29180,8993632.00,731
BSE,QUESTCAP,INE418C01012,X,265.00,268.50,260.00,266.15,261.00,611,162460.00,13
BSE,QUESTFLOW,INE0OYE01013,MT,189.05,192.75,189.05,192.75,189.00,2600,494800.00,9
BSE,QUICKHEAL,INE306L01010,T,154.00,156.85,152.10,154.10,155.45,3150,486957.00,58
BSE,QUINT,INE641R01017,B,40.00,40.00,39.98,39.98,40.00,2022,80879.00,3
BSE,RAAJMEDI,INE548H01015,P,67.20,67.20,67.20,67.20,70.70,200,13440.00,1
BSE,RAAMA,INE516P01015,XT,20.65,20.78,19.31,19.31,20.32,138690,2692811.00,218
BSE,RACE,INE084Q01012,B,106.50,109.35,106.50,109.35,104.50,36,3845.00,6
BSE,RACHIT,INE0ZN101029,MT,190.00,199.50,190.00,199.50,190.00,3000,579500.00,3
BSE,RACLGEAR,INE704B01017,B,1478.05,1510.00,1438.00,1481.95,1475.15,4590,6799150.00,460
BSE,RACONTEUR,INE00WY01013,M,10.70,11.80,10.70,11.80,11.25,4800,53120.00,3
BSE,RADAAN,INE874F01027,B,2.92,3.14,2.92,2.98,3.14,1992,5962.00,13
BSE,RADHEDE,INE986B01044,X,1.59,1.59,1.48,1.49,1.52,115485,174391.00,189
BSE,RADHIKAJWE,INE583V01021,B,70.34,71.84,68.69,69.46,69.84,25773,1814878.00,450
BSE,RADIANTCMS,INE855R01021,B,42.30,42.30,38.79,39.15,38.73,4203,164312.00,72
BSE,RADICO,INE944F01028,A,4482.50,4550.00,4433.65,4550.00,4470.00,14258,63586678.00,2876
BSE,RADIOCITY,INE919I01024,B,6.91,6.98,6.65,6.80,6.88,12226,84778.00,39
BSE,RADIXIND,INE576N01014,XT,146.40,146.40,143.05,143.10,146.40,52,7550.00,5
BSE,RAGHUNAT,INE753B01014,X,10.26,10.98,10.26,10.91,10.15,2396,25643.00,8
BSE,RAGHUSYN,INE969C01022,X,97.30,100.76,97.00,97.36,100.49,2669,260419.00,32
BSE,RAGHUTOB,INE754B01012,X,12.80,14.74,12.80,13.59,13.53,362,4926.00,20
BSE,RAILTEL,INE0DD101019,A,289.80,291.15,288.00,288.50,290.70,15927,4607074.00,612
BSE,RAIN,INE855B01025,A,246.70,251.95,211.50,221.90,241.90,1187143,280996785.00,11816
BSE,RAINBOW,INE961O01016,A,1570.00,1570.00,1530.80,1555.65,1575.30,7665,11854870.00,975
BSE,RAINBOWF,INE230F01014,X,40.30,40.30,37.05,39.68,40.30,12183,471150.00,70
BSE,RAJESH,INE0VN801010,M,861.50,862.00,851.65,859.00,861.50,24700,21158430.00,141
BSE,RAJESHEXPO,INE343B01030,Z,84.50,84.99,82.00,82.94,84.53,7701,640967.00,196
BSE,RAJINFRA,INE016C01014,Z,4.46,4.50,4.46,4.50,4.46,1527,6847.00,14
BSE,RAJKOTINV,INE176R01014,X,45.12,45.12,45.12,45.12,46.11,5,225.00,1
BSE,RAJKSYN,INE376L01013,X,21.60,23.00,20.34,20.99,23.22,17946,383675.00,141
BSE,RAJNISH,INE685Z01033,B,0.42,0.42,0.40,0.41,0.42,2746297,1122125.00,510
BSE,RAJOOENG,INE535F01024,T,52.49,52.49,51.06,52.00,51.73,17258,892828.00,98
BSE,RAJPACK,INE639C01013,X,30.50,30.50,28.60,28.60,30.00,2,59.00,2
BSE,RAJPUTANA,INE751R01014,X,31.80,31.80,31.01,31.80,32.00,1630,51832.00,5
BSE,RAJRATAN,INE451D01029,B,519.95,530.75,519.95,524.35,522.50,9019,4741292.00,378
BSE,RAJRILTD,INE533D01032,T,22.09,22.09,21.32,21.98,21.66,2374,51808.00,41
BSE,RAJSEC,INE184D01026,X,53.90,53.90,53.80,53.80,53.90,2864,154226.00,26
BSE,RAJSPTR,INE374C01017,P,11.20,11.20,11.20,11.20,11.77,100,1120.00,1
BSE,RAJSREESUG,INE562B01019,B,30.00,30.76,29.80,30.39,30.62,5934,179197.00,44
BSE,RAJTUBE,INE497E01020,XT,11.00,11.55,10.47,11.42,11.00,23935,268611.00,61
BSE,RAJTV,INE952H01027,B,10.00,10.24,9.96,10.17,9.95,7490,74871.00,27
BSE,RALEGRA,INE427E01027,XT,65.10,68.00,65.00,66.00,65.00,237,15652.00,9
BSE,RALLIS,INE613A01020,A,215.20,215.20,211.60,213.10,215.00,78566,16715677.00,1636
BSE,RAMANEWS,INE278B01020,B,33.00,33.39,32.32,33.00,32.93,1850,60967.00,15
BSE,RAMAPHO,INE809A01032,B,125.70,126.00,123.00,123.00,125.00,1094,135698.00,78
BSE,RAMAPPR-B,INE425E01013,Z,12.64,12.64,12.64,12.64,12.64,400,5056.00,1
BSE,RAMASTEEL,INE230R01035,T,4.78,4.88,4.75,4.82,4.77,355155,1707587.00,667
BSE,RAMAVISION,INE763B01013,X,135.70,139.50,135.70,136.80,134.20,3567,487111.00,28
BSE,RAMBHAJO,INE1SJO01012,B,187.00,198.00,182.50,185.35,186.40,49271,9449614.00,809
BSE,RAMCOCEM,INE331A01037,A,942.95,942.95,915.00,931.60,936.70,4985,4622857.00,294
BSE,RAMCOIND,INE614A01028,B,335.75,339.70,328.25,338.65,333.45,5286,1764657.00,171
BSE,RAMCOSYS,INE246B01019,B,611.00,647.05,611.00,638.55,625.25,11432,7253730.00,445
BSE,RAMGOPOLY,INE410D01017,XT,33.60,33.60,33.60,33.60,32.00,9676,325113.00,28
BSE,RAMINFO,INE357B01022,X,43.80,44.05,42.51,44.00,43.98,9931,436564.00,32
BSE,RAMKY,INE874I01013,B,403.70,410.60,403.70,406.10,404.65,2680,1091719.00,121
BSE,RAMRAT,INE207E01023,B,468.85,470.15,459.00,462.35,467.95,15391,7144322.00,725
BSE,RAMSONS,INE609D01014,X,88.92,88.92,83.00,83.01,80.84,105,9007.00,6
BSE,RANASUG,INE625B01014,B,12.41,12.88,12.41,12.51,12.91,23794,298654.00,218
BSE,RANDER,INE821D01031,XT,11.16,11.65,11.00,11.00,11.57,4735,52810.00,29
BSE,RANEHOLDIN,INE384A01010,B,1748.30,1775.00,1739.35,1753.15,1757.05,463,811219.00,99
BSE,RANJITSE,INE863D01017,XT,60.80,60.80,60.74,60.74,58.07,6,364.00,2
BSE,RAP,INE483D01014,X,41.90,41.90,36.50,36.59,39.74,244,9483.00,13
BSE,RAPICUT,INE350D01015,XT,289.45,294.80,289.45,291.60,289.45,5617,1641511.00,46
BSE,RAPID,INE0QA901010,M,132.00,132.00,132.00,132.00,132.00,800,105600.00,1
BSE,RASANDIK,INE682D01011,X,60.85,62.50,58.89,62.08,64.70,2367,144037.00,30
BSE,RASIELEC,INE822D01021,X,12.05,12.39,12.05,12.19,12.16,13632,165432.00,60
BSE,RATEGAIN,INE0CLI01024,A,958.20,973.35,927.00,947.75,945.10,44234,42108023.00,1445
BSE,RATHIBAR,INE575I01016,X,19.10,20.66,19.10,19.65,19.10,5383,107174.00,45
BSE,RATHIST,INE336C01016,X,26.00,26.50,25.57,26.07,26.14,60046,1569031.00,276
BSE,RATNABHUMI,INE821Y01011,B,174.00,174.00,174.00,174.00,174.00,8,1392.00,2
BSE,RATNAMANI,INE703B01027,A,2351.00,2390.00,2157.00,2202.65,2371.30,20479,46464799.00,2073
BSE,RATNAVEER,INE05CZ01011,B,206.35,218.45,205.00,205.85,205.45,312069,65933159.00,2670
BSE,RAUNAQ,INE523K01012,XT,31.25,31.25,31.25,31.25,29.77,1441,45031.00,4
BSE,RAVALSUGAR,INE615A01025,X,1000.05,1000.05,995.00,995.00,999.00,23,22975.00,4
BSE,RAWEDGE,INE960Z01014,B,13.85,14.19,13.11,13.90,13.52,7707,107223.00,37
BSE,RAYALEMA,INE008C01011,X,28.62,30.49,27.80,28.71,28.90,1213,34752.00,32
BSE,RAYMOND,INE301A01014,A,632.05,633.25,606.65,618.10,626.55,21748,13577510.00,736
BSE,RAYMONDLSL,INE02ID01020,A,753.10,753.10,730.30,732.65,746.00,5786,4279170.00,328
BSE,RAYMONDREL,INE1SY401010,B,686.60,700.85,675.20,689.75,688.45,20021,13787695.00,761
BSE,RBA,INE07T201019,A,90.05,96.50,89.51,95.17,90.37,1499376,138934251.00,8175
BSE,RBLBANK,INE976G01028,A,390.00,390.15,384.10,387.10,389.00,77216,29901322.00,1076
BSE,RBZJEWEL,INE0PEQ01016,B,148.50,152.65,148.50,150.80,150.70,6063,915750.00,167
BSE,RCAN,INE0CQ101015,M,16.12,17.20,16.11,17.07,17.39,2800,46696.00,6
BSE,RCF,INE027A01015,A,128.90,128.90,126.75,127.05,128.00,46871,5964949.00,449
BSE,RCL,INE792P01020,Z,2.20,2.20,2.20,2.20,2.20,6,13.00,2
BSE,RCOM,INE330H01018,T,0.83,0.85,0.83,0.84,0.84,439620,370965.00,295
BSE,RDBIPL,INE245L01028,B,16.24,16.77,15.90,16.24,15.98,287453,4768589.00,435
BSE,RDBRL,INE123M01017,X,165.00,177.00,165.00,171.65,164.25,26446,4480319.00,255
BSE,RDEL,INE1DKT01011,M,33.50,33.50,33.50,33.50,35.41,1200,40200.00,1
BSE,RDGAIL,INE0S5T01017,M,110.00,119.45,110.00,115.00,110.00,66000,7447020.00,25
BSE,REALECO,INE055E01034,X,4.69,4.69,4.25,4.37,4.40,10897,47078.00,85
BSE,RECLTD,INE020B01018,A,361.50,368.70,361.50,366.00,362.85,218927,80069727.00,3343
BSE,RECODE,INE2B6701015,M,238.00,238.00,224.50,227.55,240.65,62400,14249680.00,77
BSE,REDINGTON,INE891D01026,A,350.55,358.00,322.80,349.40,350.55,160650,56811098.00,2804
BSE,REDTAPE,INE0LXT01019,B,138.05,142.40,136.90,139.45,136.75,94305,13170995.00,1033
BSE,REETECH,INE0MKO01015,M,17.50,17.50,17.50,17.50,18.50,1200,21000.00,1
BSE,REFEX,INE056I01025,A,298.55,298.85,290.05,292.85,298.85,20545,6069798.00,722
BSE,REGAAL,INE0MHO01029,T,84.02,87.00,84.02,86.29,86.13,4057,351170.00,43
BSE,REGAL,INE101E01010,X,15.25,15.25,15.24,15.24,15.22,1166,17769.00,4
BSE,REGANTO,INE043B01028,Z,6.42,6.48,6.02,6.15,6.33,283885,1730326.00,437
BSE,REGENCERAM,INE277C01012,B,30.84,35.00,30.84,33.60,31.60,52,1610.00,3
BSE,REGENCY,INE964R01013,XT,44.05,46.50,44.02,45.04,45.39,106603,4816405.00,126
BSE,REGENTRP,INE769D01016,X,5.81,5.81,5.45,5.60,5.62,11889,66936.00,40
BSE,REGIS,INE745R01024,X,2.32,2.32,2.22,2.26,2.25,110856,251942.00,102
BSE,RELAXO,INE131B01039,A,430.60,432.05,420.75,423.25,425.50,21776,9271988.00,693
BSE,RELCHEMQ,INE750D01016,B,131.60,131.60,128.40,130.95,129.00,158,20738.00,7
BSE,RELIABLE,INE375Y01018,B,141.75,145.00,138.30,144.95,143.00,313,44221.00,43
BSE,RELIABVEN,INE419H01019,XT,26.51,26.51,26.51,26.51,25.25,3271,86714.00,15
BSE,RELIANCE,INE002A01018,A,1321.40,1336.60,1317.00,1331.55,1325.00,838749,1114146270.00,20293
BSE,RELICAB,INE773T01014,B,36.49,36.49,35.35,36.13,36.13,1650,59318.00,28
BSE,RELICTEC,INE452B01013,X,70.70,70.70,65.53,65.55,70.13,401,27458.00,17
BSE,RELIGARE,INE621H01010,A,253.95,256.40,230.70,232.70,256.90,136049,32450975.00,2496
BSE,RELINFRA,INE036A01016,T,76.40,77.12,73.99,76.27,73.45,1629895,125496021.00,3665
BSE,RELTD,INE206N01018,B,170.55,171.90,165.00,166.00,169.95,10349,1731477.00,179
BSE,REMAGNET,INE519N01014,B,3265.00,3327.80,3110.00,3155.50,3264.60,1983,6343839.00,329
BSE,REMIEDEL,INE158G01015,X,224.00,225.00,197.00,206.55,214.00,3439,717453.00,94
BSE,REMSONSIND,INE474C01023,B,93.90,93.90,88.08,90.01,88.94,16432,1479165.00,587
BSE,RENUKA,INE087H01022,A,22.13,22.43,22.05,22.16,22.12,186158,4138442.00,787
BSE,REPCOHOME,INE612J01015,B,391.75,391.75,382.25,382.95,390.55,6016,2318608.00,361
BSE,REPONO,INE15WN01014,MT,75.00,76.69,75.00,76.60,74.06,4800,365868.00,4
BSE,REPRO,INE461B01014,B,372.00,376.95,366.00,370.35,381.45,2142,791509.00,154
BSE,RESGEN,INE0NYN01016,M,49.00,49.00,48.10,48.50,49.29,13500,655102.00,16
BSE,RESONANCE,INE486D01017,XT,175.00,175.00,161.65,169.65,170.15,90708,15412931.00,525
BSE,RESPONIND,INE688D01026,B,171.00,174.00,168.40,169.10,171.35,3014,514908.00,182
BSE,RESPONSINF,INE401B01010,X,19.10,19.10,19.00,19.00,19.50,855,16266.00,6
BSE,RESTILE,INE298E01022,X,6.64,6.64,6.05,6.26,6.42,2007,12798.00,30
BSE,RETAGGIO,INE0KWJ01014,MT,51.25,51.26,51.25,51.26,48.82,6000,307530.00,2
BSE,RETAIL,INE03DD01011,B,18.34,18.34,16.25,16.32,17.59,970,16042.00,57
BSE,RETINA,INE0NTC01019,M,43.00,43.00,43.00,43.00,40.87,2000,86000.00,1
BSE,REXNORD,INE687C01012,XT,80.15,81.85,79.10,79.15,80.18,237,18864.00,12
BSE,RFIL,INE1GM501015,M,34.27,35.35,34.27,35.35,34.73,6000,208260.00,3
BSE,RFL,INE239B01014,XT,131.90,131.90,125.35,125.35,131.90,15,1945.00,2
BSE,RFLL,INE018S01016,X,13.07,13.07,11.83,12.44,12.45,19554,234323.00,51
BSE,RFSL,INE201C01012,X,26.89,26.89,23.09,24.54,25.65,176,4114.00,7
BSE,RGF,INE684D01025,XT,2.27,2.27,2.27,2.27,2.31,874468,1985042.00,54
BSE,RGIL,INE364S01014,XT,283.00,283.00,278.00,283.00,283.00,51,14378.00,6
BSE,RGL,INE722H01024,B,123.00,127.50,121.30,123.70,122.15,9268,1168585.00,106
BSE,RGRL,INE601N01010,Z,1.39,1.45,1.35,1.38,1.41,35965,49284.00,57
BSE,RHETAN,INE0KKN01029,B,33.55,33.80,33.35,33.37,32.86,117055,3919931.00,291
BSE,RHFL,INE217K01011,Z,1.90,1.93,1.88,1.89,1.93,126560,240259.00,204
BSE,RHIM,INE743M01012,A,407.75,418.00,407.75,412.25,411.30,9152,3783280.00,310
BSE,RHL,INE508K01013,B,172.25,172.25,171.00,171.00,177.05,53,9066.00,2
BSE,RIBATEX,INE811H01017,XT,83.80,83.80,77.00,82.18,80.05,16951,1371373.00,36
BSE,RICHUNV,INE652D01014,XT,9.50,9.97,9.50,9.97,9.50,23036,218842.00,8
BSE,RICOAUTO,INE209B01025,B,151.25,155.30,149.70,151.40,152.40,60547,9187570.00,916
BSE,RIDDHI,INE249D01019,XT,780.00,800.00,765.00,796.00,780.00,811,635397.00,39
BSE,RIDDHICORP,INE325X01015,X,59.51,62.80,58.20,61.38,59.51,1839,111534.00,30
BSE,RIIL,INE046A01015,B,758.20,767.05,755.10,759.80,761.80,3061,2330135.00,355
BSE,RIIT,INE2PB023011,IF,115.85,118.45,115.85,116.78,117.04,7946,929660.00,89
BSE,RIKHAV,INE0CFH01028,M,48.49,48.49,47.00,47.00,47.83,11200,537392.00,4
BSE,RIR,INE302D01024,B,162.50,163.20,157.90,161.60,159.85,37174,5979262.00,597
BSE,RISAINTL,INE001O01029,X,0.47,0.47,0.41,0.42,0.41,65651,27443.00,35
BSE,RISHABH,INE0N2P01017,B,640.65,657.80,637.20,643.05,645.00,5637,3660117.00,326
BSE,RISHDIGA,INE864D01015,X,34.87,34.87,34.00,34.06,35.04,291,9896.00,9
BSE,RISHILASE,INE988D01012,X,127.00,130.95,127.00,129.45,129.50,2562,331461.00,16
BSE,RISHIROOP,INE582D01013,X,99.60,116.00,97.70,114.45,97.14,64025,7028870.00,594
BSE,RISHITECH,INE989D01010,X,40.50,43.39,38.40,42.70,41.60,1925,80081.00,26
BSE,RISHYRN,INE351D01013,X,67.70,67.70,66.94,66.94,64.57,21,1406.00,2
BSE,RITCO,INE01EG01016,B,305.80,305.85,297.80,300.65,305.70,1836,556118.00,119
BSE,RITES,INE320J01015,A,233.30,235.00,228.40,234.45,231.15,93673,21760049.00,1303
BSE,RITESHIN,INE534D01014,XT,76.65,82.87,76.65,78.47,80.05,1156,91900.00,27
BSE,RIYAASAT,INE0KYI01012,M,61.00,61.00,61.00,61.00,61.00,1200,73200.00,1
BSE,RKDAGRRTL,INE552N01023,XT,4.34,4.34,4.14,4.14,4.34,1515,6272.00,4
BSE,RKDL,INE722J01012,B,19.00,19.87,19.00,19.56,18.93,90,1773.00,4
BSE,RKFORGE,INE399G01023,A,697.70,729.00,689.05,726.05,698.90,94855,68106581.00,3270
BSE,RKSWAMY,INE0NQ801033,B,105.20,107.40,101.85,103.90,104.60,8438,895415.00,392
BSE,RLF,INE629C01014,X,8.90,8.90,8.90,8.90,8.80,31,275.00,3
BSE,RMC,INE655V01019,B,355.35,359.65,330.15,335.80,355.30,10936,3783563.00,389
BSE,RMDRIP,INE219Y01026,T,17.95,18.35,17.60,17.92,18.06,16525,295898.00,113
BSE,RML,INE050H01012,B,1041.55,1062.90,1032.05,1052.35,1042.60,2208,2317426.00,273
BSE,RNBDENIMS,INE012Q01039,B,8.91,9.18,8.91,9.04,9.09,43055,390483.00,194
BSE,RNITAI,INE335Q01026,X,74.38,76.12,71.00,75.06,72.50,357163,26853223.00,850
BSE,ROBU,INE0OLH01013,M,1256.00,1256.00,1205.00,1240.00,1247.85,1815,2240980.00,11
BSE,RODIUM,INE513E01024,X,164.00,164.95,161.85,161.85,160.60,178,29105.00,7
BSE,ROHLTD,INE283H01019,B,310.00,325.00,310.00,323.60,312.65,3157,1014714.00,198
BSE,ROJL,INE0BDU01028,B,1.50,1.50,1.50,1.50,1.50,16247,24370.00,20
BSE,ROLEXRINGS,INE645S01024,B,153.55,159.10,152.80,156.30,152.90,412001,64337432.00,4272
BSE,ROLLT,INE927A01040,T,3.11,3.11,3.11,3.11,2.97,252262,784534.00,36
BSE,ROML,INE294G01026,B,44.50,44.50,44.25,44.25,44.50,14,621.00,3
BSE,RONI,INE02AP01013,M,37.50,37.50,34.98,36.50,32.00,7200,262674.00,4
BSE,ROOPAIND,INE443C01010,X,47.50,50.79,47.50,50.79,48.10,852,40708.00,20
BSE,ROSELABS,INE475C01012,X,21.90,22.98,21.90,21.92,21.90,1153,25253.00,8
BSE,ROSEMER,INE649C01012,X,67.90,67.90,64.98,65.98,62.42,620,40590.00,14
BSE,ROSSARI,INE02A801020,B,522.15,523.35,512.15,512.75,526.50,2899,1498918.00,147
BSE,ROSSELLIND,INE847C01020,B,56.07,57.28,55.09,57.00,54.35,3669,204177.00,86
BSE,ROSSTECH,INE0OJW01016,B,1104.95,1104.95,1084.75,1090.80,1087.65,4765,5203408.00,440
BSE,ROTO,INE535D01037,B,68.63,72.11,67.08,67.47,69.71,114812,7985273.00,1397
BSE,ROUTE,INE450U01017,B,533.50,536.40,527.30,528.65,533.80,13002,6911092.00,403
BSE,ROYAL,INE0QQG01019,M,108.00,108.00,108.00,108.00,108.00,1000,108000.00,2
BSE,ROYALCU,INE618A01011,X,16.60,16.60,15.00,15.10,15.91,274,4144.00,14
BSE,ROYALIND,INE510H01015,X,5.95,6.00,5.86,5.92,5.95,13389,79231.00,106
BSE,RPEL,INE912T01018,B,1258.05,1265.60,1249.75,1251.70,1269.60,781,979168.00,188
BSE,RPGLIFE,INE105J01010,B,2670.00,2707.00,2646.35,2658.35,2688.55,308,821040.00,99
BSE,RPOWER,INE614G01033,A,24.31,25.29,24.24,24.35,24.25,4869994,120812033.00,9128
BSE,RPPINFRA,INE324L01013,B,58.28,58.64,57.09,58.04,58.28,4764,275980.00,95
BSE,RPSGVENT,INE425Y01011,B,918.45,927.00,910.05,913.80,919.80,336,307545.00,44
BSE,RPTECH,INE0J1F01024,B,865.55,905.00,864.45,893.80,865.30,24779,22009360.00,1620
BSE,RRECL,INE0AK901016,X,161.80,161.80,143.45,146.95,158.75,20140,3076250.00,137
BSE,RRETAIL,INE786J01033,X,2.39,2.39,2.32,2.36,2.37,41763,98393.00,140
BSE,RRFIN,INE229D01011,XT,67.03,68.48,62.43,68.40,65.71,1133,74536.00,30
BSE,RRIL,INE951M01037,B,17.75,18.11,17.51,17.84,17.51,2585,45879.00,18
BSE,RRKABEL,INE777K01022,A,2764.30,2794.00,2734.25,2756.90,2764.30,18560,51303330.00,1202
BSE,RRMETAL,INE117K01013,XT,73.50,73.50,73.50,73.50,74.99,896,65856.00,11
BSE,RSCINT,INE015F01019,XT,53.00,53.87,53.00,53.87,52.82,5200,280002.00,18
BSE,RSDFIN,INE616F01022,T,156.20,156.20,152.40,152.40,152.40,3,461.00,2
BSE,RSL,INE313L01016,B,155.50,156.00,150.40,152.95,153.20,29315,4488894.00,321
BSE,RSSOFTWARE,INE165B01029,T,29.50,29.99,29.30,29.30,29.46,2804,83528.00,14
BSE,RSWM,INE611A01016,T,210.50,217.85,203.10,206.35,212.45,4881,1020838.00,75
BSE,RSYSTEMS,INE411H01032,B,255.00,256.00,246.00,248.45,256.55,19432,4875459.00,653
BSE,RTNINDIA,INE834M01019,B,31.27,31.91,31.27,31.80,31.49,57071,1806170.00,571
BSE,RTNPOWER,INE399K01017,A,8.76,8.79,8.65,8.68,8.77,743017,6470218.00,8510
BSE,RTSPOWR,INE005C01017,X,103.95,104.40,101.15,103.40,101.35,1876,194304.00,26
BSE,RUBFILA,INE642C01025,B,73.00,73.99,71.94,73.65,73.05,631,46115.00,15
BSE,RUBICON,INE506V01022,B,1532.90,1572.00,1532.90,1555.25,1533.05,5164,8042948.00,563
BSE,RUBYMILLS,INE301D01026,T,365.20,380.00,365.20,379.05,365.90,1046,391878.00,71
BSE,RUCHINFRA,INE413B01023,B,5.84,5.88,5.77,5.84,5.84,1572,9143.00,18
BSE,RUCHIRA,INE803H01014,B,109.00,112.00,109.00,111.35,111.40,1720,191144.00,28
BSE,RUDRA,INE027T01023,B,17.96,18.14,17.60,17.99,17.88,609,10839.00,12
BSE,RUDRAECO,INE723D01021,X,18.18,18.39,17.48,18.04,17.96,95350,1726771.00,131
BSE,RUDRAGAS,INE0OYK01010,M,66.80,67.70,66.80,67.65,68.00,6000,404800.00,6
BSE,RUNGTAIR,INE347C01013,X,48.00,49.94,48.00,49.74,49.87,72,3584.00,6
BSE,RUPA,INE895B01021,B,168.95,168.95,164.10,165.10,167.50,2934,488590.00,144
BSE,RUSHIL,INE573K01025,B,18.65,18.65,17.70,17.76,18.07,22581,403556.00,184
BSE,RUSTOMJEE,INE263M01029,B,386.05,387.30,375.90,380.35,383.80,12926,4908952.00,376
BSE,RVHL,INE09E501017,B,42.70,43.00,42.00,42.00,45.20,810,34437.00,24
BSE,RVNL,INE415G01027,A,235.60,236.60,233.00,234.00,234.00,234466,55050796.00,3411
BSE,RVTH,INE0DAB01012,B,749.90,749.90,749.90,749.90,711.00,5,3749.00,1
BSE,S&SPOWER,INE902B01017,B,300.00,311.00,300.00,311.00,312.45,53,15988.00,4
BSE,SAATVIKGL,INE13B501022,B,427.00,427.05,421.85,424.35,427.75,2003,848195.00,112
BSE,SAB,INE137M01017,XT,175.00,175.00,170.00,170.00,175.00,205,34950.00,3
BSE,SABOOSOD,INE440C01016,X,12.98,12.98,12.26,12.42,12.78,7287,90827.00,63
BSE,SACHEMT,INE433G01020,X,3.87,3.88,3.78,3.80,3.85,74545,285168.00,93
BSE,SADBHAV,INE226H01026,B,8.85,9.00,8.82,8.89,8.95,11656,103774.00,69
BSE,SADBHIN,INE764L01010,T,2.60,2.66,2.58,2.60,2.62,31109,80925.00,39
BSE,SADHNANIQ,INE888C01040,T,2.94,3.07,2.83,3.07,2.93,2574529,7853079.00,534
BSE,SAFARI,INE429E01023,A,1484.05,1496.95,1480.00,1485.40,1491.15,2032,3025236.00,274
BSE,SAFE,INE0Q3401017,M,158.00,158.75,158.00,158.75,163.50,2000,316850.00,4
BSE,SAFFRON,INE474D01013,X,26.50,27.34,26.50,26.86,26.50,729,19480.00,16
BSE,SAGARSOFT,INE184B01012,X,82.50,101.00,82.50,97.28,87.07,17721,1703065.00,195
BSE,SAGCEM,INE229C01021,B,173.15,174.75,172.35,172.60,173.70,1416,245297.00,78
BSE,SAGILITY,INE0W2G01015,A,43.89,44.00,43.21,43.60,43.71,417673,18198331.00,1550
BSE,SAHARAHOUS,INE135C01012,X,40.64,40.64,37.94,38.69,40.65,3175,123833.00,35
BSE,SAHLIBHFI,INE861D01011,B,80.34,80.34,77.00,77.02,78.00,118,9091.00,14
BSE,SAHYADRI,INE280H01015,B,330.90,340.00,329.40,336.55,328.05,958,320033.00,140
BSE,SAICAPI,INE531X01018,X,152.40,152.40,142.10,142.10,147.40,640,93828.00,16
BSE,SAICOM,INE092G01024,X,0.22,0.22,0.22,0.22,0.22,162494,35748.00,61
BSE,SAIL,INE114A01011,A,176.50,176.90,174.55,176.25,178.00,404141,71083352.00,4152
BSE,SAILIFE,INE570L01029,A,1360.75,1397.65,1319.30,1362.75,1415.25,257195,356129801.00,5745
BSE,SAINIK,INE584B01013,X,37.00,37.00,34.00,35.50,37.47,16897,580406.00,56
BSE,SAIPARENT,INE0H9F01037,B,540.35,579.00,538.00,568.95,541.40,23688,13314231.00,867
BSE,SAKHTISUG,INE623A01011,B,17.25,17.50,17.21,17.29,17.45,18189,314716.00,100
BSE,SAKSOFT,INE667G01023,B,178.50,179.85,161.30,164.75,175.80,131690,22031723.00,2549
BSE,SAKTHIFIN,INE302E01014,X,28.50,28.50,27.67,27.71,28.32,1626,45339.00,22
BSE,SAKUMA,INE190H01024,B,1.63,1.66,1.61,1.63,1.63,64234,105127.00,219
BSE,SALASAR,INE170V01027,B,5.86,5.99,5.86,5.88,5.90,271836,1601920.00,1260
BSE,SALAUTO,INE724G01014,X,181.00,192.90,181.00,187.55,187.00,314,57208.00,9
BSE,SALEM,INE894E01028,X,34.25,35.00,34.01,35.00,36.40,182,6220.00,8
BSE,SALONA,INE498E01010,B,240.05,245.20,231.65,245.00,245.00,268,65526.00,71
BSE,SALSAIN,INE315N01017,XT,366.00,367.30,332.45,355.70,349.90,585,197911.00,67
BSE,SALSTEEL,INE658G01014,B,61.51,67.77,60.88,61.71,63.32,91102,5843561.00,1866
BSE,SALZERELEC,INE457F01013,B,615.75,615.75,600.00,608.30,614.35,1791,1089323.00,262
BSE,SAMBANDAM,INE304D01012,X,107.50,107.50,107.50,107.50,101.25,10,1075.00,1
BSE,SAMBHAAV,INE699B01027,B,6.56,6.79,6.41,6.52,6.57,24984,165636.00,37
BSE,SAMBHV,INE12NJ01018,B,118.70,119.35,115.00,117.05,118.55,43587,5132671.00,466
BSE,SAMHI,INE08U801020,A,174.65,177.70,172.90,174.45,176.25,29768,5232483.00,460
BSE,SAMINDUS,INE653D01012,X,39.15,39.15,39.15,39.15,39.15,50,1957.00,1
BSE,SAMKRG,INE706B01012,X,123.85,123.85,121.10,123.40,122.45,829,101754.00,20
BSE,SAMMAANCAP,INE148I01020,A,166.50,167.20,162.35,163.15,167.05,213816,35181406.00,4060
BSE,SAMPANN,INE735M01018,B,27.10,28.00,27.10,27.44,27.06,453,12449.00,18
BSE,SAMPAT,INE10XS01012,MT,38.40,39.80,38.40,39.80,38.40,3600,141480.00,3
BSE,SAMPRE,INE375C01022,X,5.24,5.35,5.15,5.34,5.17,393572,2071495.00,188
BSE,SAMRATFORG,INE412J01010,X,208.95,215.00,199.00,215.00,208.95,9,1848.00,5
BSE,SAMRATPH,INE103E01016,XT,241.70,253.95,235.00,253.85,241.90,3305,828849.00,51
BSE,SAMSRITA,INE579N01018,X,11.41,11.41,10.56,11.41,10.87,3395,38587.00,44
BSE,SAMTELIN,INE538C01017,XT,34.00,37.28,33.74,37.28,35.51,43896,1541623.00,136
BSE,SAMTEX,INE931D01020,X,1.45,1.52,1.44,1.49,1.50,5606,8290.00,27
BSE,SAMYAKINT,INE607G01011,X,17.49,17.49,16.62,17.47,17.49,1217,20298.00,14
BSE,SANATHAN,INE0JPD01013,B,467.75,484.00,467.75,480.25,477.15,1574,755746.00,100
BSE,SANCF,INE654D01010,Z,57.50,57.50,57.50,57.50,57.52,2,115.00,1
BSE,SANCODE,INE0P7001013,MT,467.60,467.60,467.60,467.60,458.45,1000,467600.00,2
BSE,SANDESH,INE583B01015,B,1274.95,1274.95,1099.00,1132.85,1194.00,7916,9211153.00,1154
BSE,SANDHAR,INE278H01035,B,656.55,670.00,654.40,666.40,656.55,19482,12891556.00,681
BSE,SANDUMA,INE149K01016,A,214.60,216.45,204.90,205.65,213.05,96153,20254782.00,1281
BSE,SANDUPHQ,INE751D01014,X,41.00,41.00,39.11,39.61,38.48,1140,45383.00,21
BSE,SANGAMFIN,INE475D01010,X,41.90,41.90,38.30,41.90,40.50,239,10009.00,13
BSE,SANGAMIND,INE495C01010,B,613.55,619.05,613.00,613.10,614.70,1437,887167.00,43
BSE,SANGHVIMOV,INE989A01032,B,480.00,493.75,474.65,489.10,480.75,33060,16117688.00,616
BSE,SANINFRA,INE799C01049,XT,52.00,52.25,50.00,51.11,50.37,2433,123313.00,108
BSE,SANJIVIN,INE860D01013,X,197.00,208.95,191.40,193.20,202.60,9632,1888171.00,171
BSE,SANOFI,INE058A01010,A,3382.30,3382.30,3321.00,3345.50,3351.15,1489,4960559.00,286
BSE,SANOFICONR,INE0UOS01011,B,4545.00,4549.45,4512.35,4517.95,4558.25,164,743053.00,62
BSE,SANPA,INE384D01022,X,171.00,171.75,171.00,171.65,163.80,238,40857.00,3
BSE,SANSERA,INE953O01021,A,3804.75,3885.00,3765.00,3858.55,3781.05,9603,36763971.00,1054
BSE,SANSTAR,INE08NE01025,B,113.85,114.75,112.50,113.55,113.45,5602,635643.00,160
BSE,SANTETX,INE589J01015,X,164.90,164.90,142.25,142.30,148.35,528,75181.00,13
BSE,SANWARIA,INE890C01046,Z,0.49,0.49,0.49,0.49,0.49,3356,1644.00,13
BSE,SAPL,INE002E01010,X,3386.00,3711.00,3385.80,3688.95,3564.00,244,859992.00,39
BSE,SAPPHIRE,INE806T01020,A,199.40,229.70,197.85,223.35,199.70,3004855,613784625.00,7097
BSE,SAPPL,INE185C01017,B,295.45,295.45,295.45,295.45,290.00,1,295.00,1
BSE,SARDAEN,INE385C01021,A,501.00,502.00,496.50,497.75,500.80,11367,5676868.00,386
BSE,SAREGAMA,INE979A01025,A,521.60,539.50,515.30,520.60,528.15,32936,17404742.00,1001
BSE,SARLAPOLY,INE453D01025,B,102.58,102.58,99.21,102.30,102.17,1211,122182.00,55
BSE,SARTHAKIND,INE074H01012,X,26.50,26.50,26.50,26.50,26.50,19,503.00,2
BSE,SARUPINDUS,INE305D01019,X,136.60,136.60,123.60,131.10,130.10,1498,196688.00,27
BSE,SARVESHWAR,INE324X01026,B,3.44,3.47,3.38,3.40,3.46,204702,699772.00,438
BSE,SARVOTTAM,INE822Q01015,X,21.97,21.97,18.01,19.99,20.00,1001,20428.00,28
BSE,SASKEN,INE231F01020,B,1922.00,1934.20,1896.20,1915.95,1916.10,742,1419128.00,130
BSE,SATCH,INE639K01016,XT,4.76,4.90,4.51,4.56,4.73,131618,611016.00,163
BSE,SATIA,INE170E01023,B,64.00,64.00,62.76,63.61,63.75,417,26505.00,25
BSE,SATIN,INE836B01017,B,234.50,234.90,231.05,231.40,233.05,23769,5523948.00,548
BSE,SATTVASUKU,INE280E01038,X,0.74,0.77,0.74,0.74,0.75,172895,128861.00,100
BSE,SAUMYA,INE563C01015,X,107.00,109.00,102.05,102.05,107.00,20,2125.00,3
BSE,SAURASHCEM,INE626A01014,B,63.55,65.00,61.60,62.04,69.31,47919,3041665.00,1265
BSE,SAVERA,INE104E01014,X,167.10,167.10,161.00,163.00,163.05,3154,521603.00,32
BSE,SAWACA,INE248B01023,X,0.29,0.30,0.28,0.28,0.29,1669632,476932.00,277
BSE,SAYAJIHOTL,INE318C01014,B,324.00,329.00,315.00,329.00,315.00,353,113618.00,10
BSE,SAYAJIIND,INE327G01032,X,101.05,110.00,101.00,103.50,100.45,4858,511029.00,56
BSE,SBC,INE04AK01028,B,40.68,41.47,40.68,41.19,41.19,143249,5910518.00,625
BSE,SBCL,INE386D01027,B,843.60,920.25,829.50,920.25,766.90,443391,392610905.00,13391
BSE,SBECSUG,INE948G01019,XT,65.99,66.00,62.50,62.58,64.91,9164,587147.00,34
BSE,SBECSYS,INE689V01018,X,19.40,21.05,19.40,20.60,20.86,111,2168.00,6
BSE,SBFC,INE423Y01016,A,95.46,95.46,93.54,94.22,95.34,129001,12148399.00,1013
BSE,SBFL,INE363D01018,X,23.20,23.21,23.20,23.20,23.15,11,255.00,2
BSE,SBGLP,INE05ST01028,B,25.02,25.48,25.00,25.48,25.17,75,1908.00,8
BSE,SBICARD,INE018E01016,A,652.20,666.00,652.20,658.00,660.00,32849,21667490.00,1201
BSE,SBIFUNDS,INE640G01020,A,569.65,572.90,565.60,571.45,569.10,195917,111519223.00,7993
BSE,SBILIFE,INE123W01016,A,1860.00,1870.00,1852.65,1862.00,1868.50,8020,14921341.00,894
BSE,SBIN,INE062A01020,A,1081.95,1124.40,1075.30,1096.05,1084.85,1974772,2180140821.00,45177
BSE,SBLI,INE0DLM01024,M,52.10,53.00,52.10,53.00,51.90,4800,251160.00,2
BSE,SBVCL,INE0RNZ01014,MT,102.75,104.50,99.65,102.80,104.80,8400,858840.00,6
BSE,SCAGRO,INE895E01017,XT,34.54,34.54,34.54,34.54,35.24,1036,35783.00,5
BSE,SCANPRO,INE393D01015,X,110.80,110.80,110.50,110.80,105.55,1160,128482.00,14
BSE,SCANSTL,INE099G01011,T,60.60,63.00,60.60,61.73,63.42,8694,538846.00,80
BSE,SCARNOSE,INE0IXR01019,M,39.95,39.95,39.95,39.95,44.38,3000,119850.00,3
BSE,SCC,INE892C01018,X,10.50,10.50,9.92,9.92,11.02,2292,22749.00,16
BSE,SCDL,INE0UMH01018,M,69.25,70.00,68.00,69.90,69.87,17600,1217440.00,11
BSE,SCHAEFFLER,INE513A01022,A,4036.05,4080.95,4020.00,4034.10,4032.95,516,2091048.00,140
BSE,SCHAND,INE807K01035,B,142.00,145.40,140.00,142.45,143.65,3937,564939.00,129
BSE,SCHNEIDER,INE839M01018,A,1335.25,1372.60,1335.25,1354.30,1333.45,15233,20749066.00,764
BSE,SCI,INE109A01011,A,316.95,320.00,302.00,304.30,308.45,712413,222014520.00,8608
BSE,SCILAL,INE0PB301013,B,41.80,41.80,40.90,41.12,41.02,9255,382146.00,89
BSE,SCODATUBES,INE090501011,B,142.00,144.15,140.20,142.80,143.10,6645,946529.00,119
BSE,SCOOBEEDAY,INE962E01015,X,67.67,71.99,67.67,71.99,67.26,432,29408.00,6
BSE,SCPL,INE501Y01019,B,648.95,700.00,624.80,636.15,655.45,47065,30717936.00,575
BSE,SCTL,INE452S01025,X,0.48,0.48,0.47,0.47,0.48,376898,178071.00,155
BSE,SDBL,INE480C01038,B,74.00,74.74,72.90,73.36,74.04,78366,5734874.00,374
BSE,SDL,INE004E01016,X,32.29,32.29,32.28,32.28,31.64,4,129.00,2
BSE,SEALMATIC,INE0O4601016,M,399.00,407.00,398.00,403.50,399.00,10800,4348557.00,45
BSE,SEAMECLTD,INE497B01018,B,1480.00,1542.00,1479.60,1528.90,1500.90,3684,5580649.00,363
BSE,SEASONST,INE707B01010,X,17.70,18.19,17.36,17.70,17.00,2956,51910.00,28
BSE,SEATV,INE351L01016,X,2.80,2.94,2.80,2.94,2.80,989,2901.00,5
BSE,SECURKLOUD,INE650K01021,B,18.49,19.85,18.49,19.60,18.47,5565,106899.00,59
BSE,SEDEMAC,INE00XB01019,B,2765.50,2831.95,2752.00,2808.05,2794.15,7102,19756145.00,655
BSE,SEEMAX,INE1EVO01017,M,54.70,60.44,54.70,60.44,57.57,43000,2469740.00,31
BSE,SEIL,INE440T01028,B,202.25,207.90,199.00,202.30,202.00,35130,7157282.00,484
BSE,SEJALLTD,INE955I01044,T,715.00,734.80,715.00,719.95,720.00,3736,2672195.00,19
BSE,SEKURITIND,INE068B01017,X,116.30,118.00,116.05,117.40,116.10,33383,3907800.00,410
BSE,SEL,INE367E01033,X,36.56,38.30,36.56,38.29,36.56,193,7319.00,5
BSE,SELECTRIC,INE155D01018,B,2350.00,2389.85,2285.00,2309.70,2392.45,15884,36826479.00,536
BSE,SELMC,INE105I01020,B,27.00,27.78,27.00,27.29,27.90,997,27428.00,14
BSE,SEML,INE0KPY01017,MT,37.96,37.96,36.10,37.75,37.96,11625,433353.00,24
BSE,SENCO,INE602W01027,A,386.95,405.00,386.80,388.70,389.85,122777,48823697.00,2557
BSE,SENORES,INE0RB801010,A,1325.10,1355.10,1309.30,1343.80,1328.50,9740,12975392.00,693
BSE,SEPC,INE964H01014,B,6.39,6.43,6.14,6.18,6.54,1258997,7874572.00,1213
BSE,SERA,INE017I01027,X,37.73,39.90,37.73,39.02,38.04,49503,1928467.00,71
BSE,SESHAPAPER,INE630A01024,B,232.00,232.15,229.70,229.80,232.10,2147,494364.00,83
BSE,SETCO,INE878E01021,T,17.61,17.90,17.61,17.90,17.61,21772,384569.00,19
BSE,SETL,INE0M4D01010,B,289.10,289.10,278.65,280.70,275.35,62272,17617974.00,1687
BSE,SETUINFRA,INE023M01027,Z,0.43,0.43,0.42,0.42,0.41,11003,4621.00,6
BSE,SEYAIND,INE573R01012,T,12.52,12.75,12.50,12.75,12.50,1792,22429.00,9
BSE,SFL,INE916U01025,A,690.00,694.00,672.00,677.20,698.30,35568,24214597.00,1533
BSE,SFPIL,INE716K01020,X,8.98,9.25,8.20,9.09,8.80,2071,18558.00,11
BSE,SGFIN,INE618R01015,B,714.65,717.45,685.65,691.45,709.15,33943,23590211.00,693
BSE,SGFRL,INE07GA01011,M,100.00,100.00,95.00,95.00,97.00,3750,360000.00,4
BSE,SGIL,INE00QT01015,B,599.60,603.00,593.45,603.00,595.80,1023,613442.00,43
BSE,SGL,INE353H01010,B,9.71,10.59,9.71,10.18,10.03,4496,46749.00,13
BSE,SGLRES,INE967B01028,XT,2.81,2.81,2.64,2.67,2.75,26176,70641.00,44
BSE,SGMART,INE385F01024,B,711.05,724.45,710.00,716.20,717.00,7846,5641212.00,310
BSE,SGNTE,INE266C01023,X,0.53,0.53,0.50,0.50,0.53,7126,3650.00,18
BSE,SGRL,INE414Y01015,X,661.00,661.00,599.00,619.35,652.85,31122,19279338.00,872
BSE,SHADOWFAX,INE12UN01015,B,238.35,244.00,238.35,241.55,240.25,243913,58830752.00,4244
BSE,SHAH,INE482J01021,B,3.91,3.99,3.85,3.90,3.90,148987,578715.00,147
BSE,SHAHALLOYS,INE640C01011,B,74.90,74.90,74.90,74.90,71.20,371,27787.00,1
BSE,SHAHFOOD,INE455D01012,XT,373.45,373.45,373.45,373.45,381.05,2069,772668.00,14
BSE,SHAHISHIP,INE825D01016,X,12.50,12.50,12.01,12.14,12.33,2043,24824.00,25
BSE,SHAHLON,INE052001026,X,25.50,25.50,23.00,23.09,23.58,19699,459981.00,65
BSE,SHAILY,INE151G01028,A,3357.50,3357.50,3133.50,3158.10,3370.00,32660,105808976.00,2771
BSE,SHAKTIPR,INE794C01016,XT,12.82,13.33,12.82,13.24,13.43,171591,2257752.00,709
BSE,SHAKTIPUMP,INE908D01010,A,517.45,522.35,516.00,516.50,517.45,23290,12062507.00,553
BSE,SHALBY,INE597J01018,B,161.95,163.95,159.45,160.45,161.80,2581,414608.00,225
BSE,SHALIWIR,INE655D01025,X,19.75,19.90,18.61,18.78,19.60,2823,54479.00,40
BSE,SHALPAINTS,INE849C01026,T,88.65,88.65,84.00,84.39,87.70,12410,1060831.00,104
BSE,SHALPRO,INE435E01020,XT,0.29,0.29,0.29,0.29,0.30,818680,237417.00,294
BSE,SHANGAR,INE118R01032,X,0.25,0.25,0.23,0.24,0.25,2250262,542999.00,222
BSE,SHANKARA,INE274V01019,B,141.60,144.00,141.00,142.45,140.95,22443,3201609.00,154
BSE,SHANMUGA,INE0TD301017,M,46.50,46.50,45.50,45.50,46.50,4000,184000.00,2
BSE,SHANTIGEAR,INE631A01022,B,411.00,411.20,397.45,402.65,408.40,1270,516337.00,189
BSE,SHANTIGOLD,INE06ZD01017,B,220.10,232.70,217.75,224.00,218.25,83110,18877031.00,1462
BSE,SHANTIGURU,INE892L01019,M,8.61,8.61,8.61,8.61,9.25,3000,25830.00,1
BSE,SHAQUAK,INE545N01019,X,1.06,1.12,1.06,1.10,1.05,8215,9038.00,15
BSE,SHARDACROP,INE221J01015,A,815.05,824.55,810.00,814.55,822.95,9351,7633164.00,820
BSE,SHARDAMOTR,INE597I01028,B,952.85,952.90,927.00,942.05,932.75,12621,11869996.00,680
BSE,SHARDUL,INE037B01020,T,39.75,41.00,39.75,39.93,41.84,15558,621531.00,51
BSE,SHAREINDIA,INE932X01026,B,173.70,174.00,167.45,168.05,173.60,31555,5374171.00,391
BSE,SHARIKA,INE669Y01022,T,18.40,18.40,17.68,18.38,18.04,4659,85528.00,17
BSE,SHARMEH,INE465H01012,X,98.75,101.00,98.50,100.73,97.75,54,5391.00,6
BSE,SHARPINV,INE909D01026,X,0.36,0.36,0.34,0.35,0.34,279204,98690.00,134
BSE,SHARPLINE,INE647W01014,X,10.13,10.77,10.13,10.60,10.68,5141,54313.00,25
BSE,SHARVAYA,INE0UJF01018,MT,133.30,139.55,133.30,139.55,132.95,24600,3380340.00,33
BSE,SHASHIJIT,INE700V01021,X,2.99,3.17,2.80,2.92,2.99,24869,72857.00,53
BSE,SHAWGELTIN,INE869A01010,X,495.05,513.50,495.05,508.05,505.75,8378,4261323.00,197
BSE,SHAYONAENG,INE0UCL01011,M,147.00,151.00,142.00,143.80,145.00,14000,2052400.00,14
BSE,SHBAJRG,INE402H01015,B,176.25,181.65,176.25,181.65,178.35,200,35782.00,3
BSE,SHEKHAWATI,INE268L01046,B,13.98,14.00,13.49,14.00,13.98,328,4572.00,10
BSE,SHELTER,INE013V01011,M,26.05,26.05,26.05,26.05,26.00,3000,78150.00,1
BSE,SHEMAROO,INE363M01019,T,119.45,119.45,115.10,117.00,119.45,5113,600876.00,10
BSE,SHERVANI,INE011D01013,X,310.00,315.00,295.00,295.00,295.00,397,122077.00,27
BSE,SHESHAINDS,INE193R01019,X,15.97,15.97,15.97,15.97,15.56,991,15826.00,6
BSE,SHETR,INE278C01010,X,95.00,98.25,92.32,93.07,95.27,621,58295.00,21
BSE,SHGANEL,INE400N01017,X,18.21,18.21,18.21,18.21,18.21,28,509.00,2
BSE,SHHARICH,INE065E01017,X,174.85,175.75,166.10,173.10,171.90,4454,766219.00,62
BSE,SHILCTECH,INE024F01011,B,4598.95,4665.60,4506.45,4623.00,4524.15,1683,7769564.00,545
BSE,SHILGRAVQ,INE960A01017,X,153.00,160.00,150.00,150.40,148.95,3764,571486.00,77
BSE,SHILINDORE,INE0MGS01014,X,1184.65,1184.65,1184.65,1184.65,1184.65,3,3553.00,2
BSE,SHILPAMED,INE790G01031,A,735.55,774.35,732.00,759.60,740.05,521523,393342840.00,9462
BSE,SHINDL,INE220Z01013,B,161.35,161.95,159.10,161.75,160.75,49756,7969721.00,179
BSE,SHINEFASH,INE0BLY01023,MT,22.40,22.40,22.40,22.40,23.43,4000,89600.00,1
BSE,SHIPWAVES,INE0O9L01010,M,3.00,3.00,2.90,2.91,2.91,100000,293700.00,9
BSE,SHISHIND,INE145Y01023,X,10.69,11.50,10.33,10.71,10.36,943631,10104576.00,697
BSE,SHIVA,INE728Q01014,X,14.29,14.30,13.10,13.50,13.62,41426,590850.00,67
BSE,SHIVAAGRO,INE960E01019,X,38.72,38.72,36.39,37.27,37.96,1776,66448.00,27
BSE,SHIVACEM,INE555C01029,X,17.10,17.25,16.93,16.96,17.03,35667,607120.00,161
BSE,SHIVALIK,INE788J01021,T,260.00,264.80,253.40,253.90,260.00,788,201844.00,32
BSE,SHIVAM,INE0SGR01013,M,97.25,100.00,97.25,100.00,100.00,3000,295875.00,2
BSE,SHIVAMAUTO,INE637H01024,T,17.63,17.90,17.63,17.90,17.98,2004,35378.00,11
BSE,SHIVAMILLS,INE644Y01017,T,65.10,65.10,65.10,65.10,62.00,597,38864.00,4
BSE,SHIVATEX,INE705C01020,B,164.00,172.00,161.15,161.35,173.50,134,21657.00,13
BSE,SHIVTEXCHEM,INE0YRO01015,M,110.10,115.00,110.10,112.05,115.10,7600,862040.00,15
BSE,SHK,INE500L01026,B,167.40,174.75,165.30,167.80,170.85,82572,14116426.00,998
BSE,SHKARTP,INE538D01015,X,7.53,7.89,7.40,7.60,7.50,11315,85935.00,39
BSE,SHLOKKA,INE1EUB01016,M,26.05,26.05,23.50,24.64,26.05,21600,523212.00,16
BSE,SHOPERSTOP,INE498B01024,B,420.00,430.85,415.10,420.75,419.15,4811,2043717.00,219
BSE,SHPLPUNE,INE07G501017,X,894.90,900.00,782.00,873.00,850.00,494,410733.00,54
BSE,SHRAAITECH,INE489B01031,X,24.00,24.75,23.51,24.64,23.88,76022,1833352.00,135
BSE,SHRADDHA,INE311M01018,X,151.10,154.40,147.20,151.60,151.55,5792,874050.00,110
BSE,SHRDAIS,INE385M01012,X,156.70,156.70,155.95,155.95,155.95,20,3126.00,2
BSE,SHREDIGCEM,INE232A01011,B,72.45,73.20,71.80,72.03,72.60,3368,243222.00,67
BSE,SHREE,INE0QIS01011,M,53.00,53.00,52.10,52.10,51.82,1500,78600.00,3
BSE,SHREECEM,INE070A01015,A,26205.00,26360.00,26061.60,26360.00,26395.00,327,8554450.00,221
BSE,SHREEGANES,INE051N01026,X,0.54,0.55,0.53,0.54,0.54,451652,243821.00,205
BSE,SHREEJISPG,INE1B6101010,B,676.50,676.50,668.55,673.10,674.75,10508,7084310.00,216
BSE,SHREENATH,INE0RXS01018,M,13.10,13.69,13.00,13.00,13.10,12000,159870.00,4
BSE,SHREEPAC,INE847D01010,X,152.90,152.90,144.20,147.00,152.75,1219,179684.00,28
BSE,SHREEPUSHK,INE712K01011,B,420.15,420.70,406.80,408.00,425.50,1451,599969.00,261
BSE,SHREERAMA,INE879A01019,B,35.40,38.99,35.40,38.13,38.08,9229,350992.00,160
BSE,SHREEREF,INE0FMZ01045,M,333.50,335.00,323.50,326.60,332.00,176500,57936550.00,295
BSE,SHREESEC,INE397C01026,Z,0.19,0.20,0.19,0.19,0.20,451465,87960.00,104
BSE,SHREMETAL,INE914B01012,X,40.00,40.00,39.00,39.00,38.70,398,15562.00,11
BSE,SHREYANIND,INE231C01019,B,143.30,143.85,141.80,142.00,141.90,125,17917.00,8
BSE,SHREYASI,INE115F01017,X,5.84,5.84,5.45,5.61,5.84,2905,16610.00,18
BSE,SHRICON,INE753D01010,XT,218.25,218.25,218.25,218.25,207.90,77,16805.00,3
BSE,SHRIDINE,INE204C01024,XT,350.00,360.00,342.00,360.00,352.00,716,254485.00,21
BSE,SHRIGANG,INE241V01018,X,66.50,66.50,63.11,64.86,67.83,36190,2347016.00,212
BSE,SHRINGARMS,INE1B3L01017,B,232.75,237.20,231.50,233.35,231.40,11820,2777212.00,245
BSE,SHRINIWAS,INE201F01015,X,11.00,11.32,11.00,11.32,11.32,122,1349.00,5
BSE,SHRIPISTON,INE526E01018,A,4225.10,4446.90,4225.10,4348.00,4318.75,1800,7865997.00,375
BSE,SHRIRAMFIN,INE721A01047,A,1129.95,1131.90,1109.30,1115.00,1139.00,192773,215301907.00,6285
BSE,SHRIRAMPPS,INE217L01019,B,84.75,84.77,83.91,84.57,84.85,13499,1137551.00,177
BSE,SHRISTI,INE472C01027,X,30.44,30.44,28.66,28.91,29.50,86,2473.00,11
BSE,SHRJAGP,INE564J01026,X,584.00,584.00,575.00,576.40,579.10,625,360750.00,38
BSE,SHRYDUS,INE488C01015,XT,5.29,5.29,5.10,5.11,5.36,29634,151517.00,30
BSE,SHTL,INE0D8001018,MT,87.00,87.00,87.00,87.00,86.00,1200,104400.00,1
BSE,SHUBHAM,INE01J501010,X,36.00,36.49,35.21,35.90,35.45,11255,401178.00,39
BSE,SHUKJEW,INE344E01016,P,9.00,9.00,9.00,9.00,9.00,800,7200.00,2
BSE,SHUKRAPHAR,INE551C01044,B,37.31,42.00,37.20,39.04,36.39,3371911,131958151.00,5195
BSE,SHYAMACOMP,INE861E01019,P,3.64,3.64,3.64,3.64,3.47,300,1092.00,1
BSE,SHYAMCENT,INE979R01011,T,5.11,5.11,5.02,5.02,5.11,980,4960.00,6
BSE,SHYAMMETL,INE810G01011,A,1006.20,1027.25,977.50,1002.20,1016.25,14495,14660717.00,964
BSE,SHYAMTEL,INE635A01023,T,15.11,15.79,15.11,15.79,15.85,36,544.00,2
BSE,SHYMINV,INE203N01015,X,11.56,12.25,11.55,11.55,11.87,13345,157062.00,41
BSE,SIBARAUT,INE441C01014,X,7.60,8.19,7.60,7.92,7.73,1800,14033.00,32
BSE,SICAGEN,INE176J01011,B,66.35,74.14,66.00,74.14,61.79,269222,19635626.00,1555
BSE,SICALLOG,INE075B01020,T,104.50,104.55,99.00,102.10,102.50,2570,262595.00,31
BSE,SICAPIT,INE417F01017,XT,15.50,16.66,15.17,16.33,15.95,5187,81009.00,23
BSE,SIDDHA,INE140C01012,X,3.99,4.14,3.99,4.14,4.00,3919,16097.00,15
BSE,SIDDHEGA,INE797C01019,X,16.22,16.22,16.22,16.22,14.75,18,291.00,2
BSE,SIEL,INE843L01012,X,30.90,31.89,28.27,29.91,30.90,891,26509.00,19
BSE,SIEMENS,INE003A01024,A,3925.10,3980.55,3920.75,3950.00,3959.00,23087,91047410.00,3755
BSE,SIGACHI,INE0D0K01022,T,25.14,26.00,24.81,25.42,25.83,113296,2863025.00,319
BSE,SIGIND,INE529F01035,B,69.01,74.00,65.37,67.93,69.17,29298,2054792.00,462
BSE,SIGMA,INE0A0S01028,B,48.00,48.00,45.58,46.42,47.25,8671,403264.00,306
BSE,SIGMAADV,INE933B01012,T,686.25,714.40,686.25,697.65,694.00,16335,11468907.00,579
BSE,SIGNATURE,INE903U01023,A,797.20,811.85,796.00,801.85,813.80,19784,15899160.00,517
BSE,SIGNPOST,INE0KGZ01021,B,266.00,268.90,264.75,268.05,267.90,4529,1203333.00,125
BSE,SIIL,INE400R01018,XT,15.92,15.92,14.45,14.82,15.17,227117,3492873.00,123
BSE,SIKA,INE438E01032,B,1140.00,1140.00,1088.90,1100.60,1112.75,2680,2959474.00,213
BSE,SIL,INE173A01025,B,17.59,17.59,16.93,16.93,17.00,3074,52446.00,38
BSE,SILINV,INE923A01015,B,433.00,450.80,433.00,447.25,433.00,460,205725.00,8
BSE,SILL,INE147701010,M,91.50,91.50,89.51,89.53,91.65,6400,579296.00,4
BSE,SILVERO,INE798C01017,Z,6.59,6.91,6.27,6.90,6.59,709,4860.00,25
BSE,SILVERPRL,INE0KXN01014,M,5.00,5.00,5.00,5.00,5.00,8000,40000.00,1
BSE,SILVERTUC,INE625X01026,B,197.00,201.45,194.65,196.45,193.40,132871,26301592.00,1738
BSE,SILVOAK,INE870J01019,X,76.00,76.76,74.40,75.37,77.75,1167,87983.00,47
BSE,SIMANDHAR,INE0VI201010,X,171.95,189.10,137.60,150.00,171.95,27747,3975225.00,156
BSE,SIMBHALS,INE748T01016,Z,7.10,7.10,6.75,7.05,6.86,10212,71971.00,11
BSE,SIMMOND,INE657D01021,X,214.90,214.90,190.05,198.85,209.90,18381,3829096.00,241
BSE,SIMPLEXCAS,INE658D01029,X,104.00,106.00,100.85,103.85,100.85,134083,13884707.00,557
BSE,SIMPLEXINF,INE059B01024,B,236.40,240.50,231.80,239.60,237.75,1557,365256.00,76
BSE,SIMPLXPAP,INE456H01029,X,1378.95,1378.95,1248.00,1248.00,1313.40,6,8142.00,3
BSE,SIMRAN,INE354D01017,X,151.00,157.85,149.95,153.65,152.85,38860,5850139.00,59
BSE,SINCLAIR,INE985A01022,B,82.20,82.20,76.00,77.09,76.64,6866,530474.00,140
BSE,SINDHUTRAD,INE325D01025,B,24.01,24.60,24.01,24.38,24.21,31714,772932.00,69
BSE,SINGERIND,INE638A01035,B,66.61,68.55,65.00,68.10,67.97,34666,2298695.00,511
BSE,SIPL,INE413C01013,X,16.00,16.51,16.00,16.50,16.50,177,2913.00,17
BSE,SIRCA,INE792Z01011,B,455.00,455.00,439.50,450.25,450.60,23891,10770276.00,1054
BSE,SIS,INE285J01028,B,435.55,439.75,433.10,434.35,435.55,1960,855067.00,148
BSE,SITAENT,INE579D01019,X,143.60,148.50,142.00,142.05,149.60,456,65094.00,25
BSE,SITINET,INE965H01011,Z,0.49,0.49,0.49,0.49,0.49,2684,1315.00,13
BSE,SIYARAM,INE0QSK01017,M,41.20,41.20,38.62,39.35,39.60,34500,1367115.00,23
BSE,SIYSIL,INE076B01028,B,628.05,636.00,621.65,626.10,628.05,1194,751019.00,83
BSE,SIZEMASTER,INE235U01012,X,269.00,269.00,244.15,253.50,256.95,704,174767.00,61
BSE,SJS,INE284S01014,A,2437.00,2468.95,2365.85,2440.75,2433.70,10377,25080649.00,1167
BSE,SJVN,INE002L01015,A,68.60,69.02,67.82,67.92,68.42,126932,8670886.00,1060
BSE,SKCIL,INE260E01014,X,113.00,116.45,109.00,109.55,114.50,58404,6437294.00,168
BSE,SKFINDIA,INE640A01023,A,1520.80,1548.90,1520.80,1533.65,1519.10,3200,4913272.00,347
BSE,SKFINDUS,INE2J8701016,B,2747.00,2758.90,2720.00,2753.40,2732.45,813,2227746.00,245
BSE,SKIEL,INE04ST01013,MT,24.20,24.20,22.10,22.10,23.05,12000,277800.00,2
BSE,SKIFL,INE951Z01013,M,8.59,8.59,8.59,8.59,8.37,1250,10737.00,1
BSE,SKIPPER,INE439E01022,B,528.40,530.20,514.65,518.60,526.45,22965,11995129.00,780
BSE,SKM,INE13YH01017,MT,454.95,460.80,450.00,460.00,438.90,24000,11007250.00,22
BSE,SKMEGGPROD,INE411D01023,B,236.15,239.80,230.95,233.95,237.40,64037,14983049.00,885
BSE,SKPSEC,INE709B01016,X,109.00,109.00,102.00,105.02,106.84,3301,346027.00,42
BSE,SKRABUL,INE561E01015,X,26.70,26.70,26.70,26.70,26.78,2,53.00,1
BSE,SKYBIOTECH,INE393H01016,XT,163.80,163.80,163.80,163.80,164.30,6,982.00,1
BSE,SKYGOLD,INE01IU01018,A,690.70,728.25,690.55,716.90,692.50,239769,169760760.00,5894
BSE,SKYIND,INE765B01018,X,96.70,97.35,94.60,96.00,95.98,2628,252213.00,55
BSE,SKYLMILAR,INE178E01026,X,16.51,16.51,15.30,15.87,16.43,4532,70376.00,20
BSE,SLSTLQ,INE456D01010,X,31.00,31.00,31.00,31.00,30.35,195,6045.00,3
BSE,SMARITIME,INE0PSJ01011,M,23.00,23.00,23.00,23.00,23.21,1600,36800.00,1
BSE,SMARTFIN,INE766D01020,X,8.12,8.40,7.96,8.37,8.12,15075,124098.00,88
BSE,SMARTLINK,INE178C01020,T,216.65,228.85,216.60,216.75,228.00,2757,608571.00,47
BSE,SMARTWORKS,INE0NAZ01010,B,483.70,492.90,480.80,487.20,482.80,2259,1098627.00,175
BSE,SMCGLOBAL,INE103C01036,B,81.58,81.58,78.23,79.28,80.51,5571,443765.00,59
BSE,SMFIL,INE728B01032,XT,13.95,14.51,13.95,14.51,14.23,265267,3791676.00,153
BSE,SMGOLD,INE00Q901014,B,11.70,12.09,11.63,11.96,11.75,17149,205643.00,64
BSE,SML,INE848R01018,X,73.82,73.82,73.00,73.82,70.31,1266,93437.00,34
BSE,SMLMAH,INE294B01019,A,5650.90,5686.00,5524.65,5554.25,5686.00,3525,19709256.00,782
BSE,SMLT,INE017W01010,B,69.57,71.75,69.10,69.79,69.57,1027,71033.00,136
BSE,SMR,INE11XK01017,M,85.00,85.13,85.00,85.02,87.12,5000,425290.00,5
BSE,SMRUTHIORG,INE172E01011,X,118.00,118.50,114.40,116.35,116.60,1191,138110.00,21
BSE,SMSPHARMA,INE812G01025,B,359.85,380.50,359.00,377.30,357.20,21882,8145857.00,1118
BSE,SMTEL,INE673E01018,X,502.00,516.00,477.00,493.10,491.75,2543,1269055.00,103
BSE,SNL,INE568F01017,X,385.95,399.50,385.10,396.15,385.10,8487,3342804.00,190
BSE,SNOWMAN,INE734N01019,B,40.95,40.96,39.00,39.25,40.74,45615,1806324.00,241
BSE,SOBHA,INE671H01015,A,1359.05,1360.20,1335.30,1341.35,1358.85,5665,7641764.00,480
BSE,SOBME,INE754D01018,X,1347.00,1347.00,1282.90,1346.70,1282.90,3998,5364137.00,321
BSE,SODHACAP,INE0QU501030,M,66.50,70.90,66.50,70.90,65.60,8000,548720.00,4
BSE,SOFCOM,INE499Q01012,XT,20.59,20.85,19.68,19.97,20.52,122524,2445611.00,49
BSE,SOFTRAKV,INE562E01021,XT,1.53,1.55,1.42,1.46,1.49,32214,46942.00,59
BSE,SOFTTECH,INE728Z01015,T,419.20,419.20,419.20,419.20,429.95,2,838.00,1
BSE,SOLARA,INE624Z01016,B,510.40,514.00,497.75,502.15,510.65,4924,2482060.00,216
BSE,SOLARINDS,INE343H01029,A,18560.05,18689.95,18383.70,18400.00,18560.00,4253,78703689.00,737
BSE,SOLARIUM,INE0W0H01017,M,169.10,171.50,167.25,168.30,171.20,8100,1368360.00,26
BSE,SOLARWORLD,INE0TY101024,B,168.35,171.60,167.15,168.45,169.25,20944,3543239.00,605
BSE,SOLIDSTON,INE584G01012,X,25.75,25.75,23.33,24.84,24.19,241,6041.00,26
BSE,SOLIMAC,INE410A01013,X,106.00,106.00,101.00,101.55,102.70,1856,191218.00,32
BSE,SOLVEX,INE1IIQ01028,MT,19.49,19.49,19.49,19.49,19.88,8000,155920.00,5
BSE,SOMANYCERA,INE355A01028,B,499.35,509.75,494.30,495.05,504.40,1800,896281.00,144
BSE,SOMATEX,INE314C01013,B,95.21,96.00,94.60,94.60,95.00,245,23282.00,31
BSE,SOMICONVEY,INE323J01019,B,90.39,92.80,90.39,92.21,92.23,508,46917.00,34
BSE,SONACOMS,INE073K01018,A,788.10,821.00,787.50,819.00,787.00,476760,386788533.00,5037
BSE,SONALAD,INE344I01017,X,44.00,44.00,40.51,42.66,45.00,1998,85137.00,32
BSE,SONATSOFTW,INE269A01021,A,322.40,337.20,316.90,318.55,333.35,160649,52110220.00,3172
BSE,SOTEFIN,INE12Z301012,M,206.00,207.05,201.00,203.85,206.40,48600,9947640.00,63
BSE,SOTL,INE035D01020,B,783.85,805.00,741.60,756.95,783.80,105009,82037529.00,3520
BSE,SOURCEIND,INE695C01015,XT,33.27,33.27,33.27,33.27,32.62,417,13873.00,5
BSE,SOURCENTRL,INE679C01027,X,108.45,112.60,106.50,111.00,108.75,2768,295810.00,26
BSE,SOUTHBANK,INE683A01023,A,47.37,47.55,47.05,47.16,47.45,452011,21355554.00,2939
BSE,SOUTHERNIN,INE298B01010,X,20.90,22.25,20.81,20.84,22.45,1742,36772.00,27
BSE,SOUTHMG,INE308N01012,X,79.99,79.99,74.15,74.15,74.00,225,16897.00,18
BSE,SOUTHWEST,INE980Y01015,B,234.65,234.65,227.00,231.80,232.95,10909,2514370.00,316
BSE,SOUTLAT,INE410M01018,XT,22.32,22.32,22.32,22.32,21.26,220,4910.00,3
BSE,SOVERDIA,INE959D01013,X,27.00,29.00,27.00,28.53,27.14,4102,115029.00,59
BSE,SPACEINCUBA,INE797Z01028,XT,0.18,0.18,0.18,0.18,0.18,175760,31636.00,75
BSE,SPAL,INE212I01016,B,1009.50,1038.60,1009.50,1035.05,1015.05,2606,2681243.00,242
BSE,SPANDANA,INE572J01011,B,258.35,260.95,254.30,255.80,257.35,61533,15756219.00,644
BSE,SPAR,INE960B01015,X,5.47,5.47,4.73,5.09,5.21,24813,126580.00,67
BSE,SPARC,INE232I01014,B,216.05,217.00,211.00,212.85,217.25,52383,11211160.00,799
BSE,SPARKLEGR,INE618F01010,X,69.66,76.53,67.50,69.48,69.47,4359,312794.00,54
BSE,SPCAPIT,INE102F01015,X,51.95,51.95,51.95,51.95,51.92,3,155.00,2
BSE,SPECFOOD,INE547C01018,XT,19.54,19.54,18.18,18.99,18.97,5161,97446.00,28
BSE,SPECIALITY,INE247M01014,B,144.50,147.70,139.70,145.25,142.15,4812,691697.00,265
BSE,SPECTRA,INE848B01012,Z,4.24,4.24,4.24,4.24,4.46,200,848.00,1
BSE,SPECTRUM,INE01EO01010,B,2589.15,2589.15,2430.00,2436.90,2565.20,1093,2746962.00,199
BSE,SPELS,INE252A01019,X,154.40,155.00,152.75,153.60,153.75,28934,4446487.00,629
BSE,SPENCERS,INE020801028,B,35.95,35.95,32.27,32.50,33.31,3506,115038.00,242
BSE,SPENTA,INE175C01018,XT,128.30,128.30,116.10,116.45,122.20,1012,117869.00,6
BSE,SPIC,INE147A01011,B,67.77,68.29,67.51,67.75,68.53,21731,1474615.00,209
BSE,SPICEISLIN,INE882D01017,XT,485.00,497.00,482.00,492.90,489.70,8081,3955570.00,371
BSE,SPICEJET,INE285B01017,B,12.55,12.60,12.04,12.20,12.45,2978113,36444283.00,3886
BSE,SPICELOUNG,INE631E01024,B,26.50,26.51,24.51,25.42,25.12,28072,726324.00,256
BSE,SPITZE,INE0JSJ01014,M,36.54,40.38,36.54,36.54,38.46,446000,16599880.00,182
BSE,SPLIL,INE978G01016,B,32.22,32.90,32.22,32.90,31.42,176,5739.00,12
BSE,SPLPETRO,INE663A01033,A,696.35,708.00,693.95,700.80,702.95,3387,2373452.00,208
BSE,SPML,INE0R0M01014,M,163.00,164.00,151.50,156.65,168.00,25000,3932800.00,25
BSE,SPMLINFRA,INE937A01023,B,194.00,194.15,189.40,192.35,194.40,3703,709097.00,108
BSE,SPORTKING,INE885H01029,B,206.80,215.80,206.25,214.30,207.00,42899,9104899.00,1038
BSE,SPRAYKING,INE537U01037,B,1.33,1.35,1.32,1.32,1.33,79114,105038.00,132
BSE,SPRIGHT,INE179O01031,X,0.44,0.45,0.44,0.45,0.44,1706722,760191.00,680
BSE,SPSL,INE318K01025,X,12.46,12.47,12.46,12.47,12.46,101,1258.00,5
BSE,SPTRSHI,INE233P01017,X,24.55,24.55,21.15,21.18,23.50,8405,184584.00,25
BSE,SRAMSET,INE777G01012,X,292.05,300.00,281.50,290.00,294.95,2697,780768.00,94
BSE,SRD,INE01NE01012,B,37.00,39.90,36.60,36.94,37.84,2715,101374.00,120
BSE,SRECR,INE377C01010,P,27.00,28.00,25.70,25.70,27.00,500,13210.00,4
BSE,SREEL,INE099F01013,B,217.00,217.85,213.00,216.30,217.00,50,10776.00,10
BSE,SRESTHA,INE606K01049,XT,0.29,0.29,0.28,0.29,0.29,1231486,351465.00,264
BSE,SRF,INE647A01010,A,2611.45,2640.00,2611.45,2616.50,2626.00,12449,32640060.00,1608
BSE,SRGHFL,INE559N01010,B,281.00,281.00,281.00,281.00,286.45,2,562.00,1
BSE,SRHHYPOLTD,INE917H01012,B,513.00,522.50,511.40,518.45,512.05,797,412420.00,101
BSE,SRICC,INE827D01020,X,43.55,43.55,36.50,39.79,36.31,2539,96408.00,50
BSE,SRIGEE,INE0RJ901010,M,75.05,78.95,75.00,75.83,79.00,9600,732984.00,8
BSE,SRIKPRIND,INE009C01019,X,21.00,21.00,21.00,21.00,21.00,18,378.00,5
BSE,SRM,INE0R6Z01013,B,534.40,534.40,516.50,520.60,528.50,13374,7021214.00,335
BSE,SRMCL,INE306D01017,XT,57.25,58.25,55.11,55.41,57.25,466,26626.00,27
BSE,SRMENERGY,INE173J01018,XT,23.08,24.23,22.02,22.79,23.08,7743,180626.00,59
BSE,SRTL,INE19GK01015,B,40.00,40.39,39.33,40.22,39.94,8116,322800.00,89
BSE,SRUSTEELS,INE425C01017,XT,1.57,1.57,1.49,1.52,1.55,54555,82467.00,104
BSE,SSDL,INE0PQ101010,B,54.12,54.75,53.54,54.01,53.52,1633,88708.00,40
BSE,SSL,INE0LY301010,M,35.00,35.00,35.00,35.00,35.00,3200,112000.00,2
BSE,SSMD,INE1U2R01013,M,57.01,63.99,57.01,61.20,65.70,11000,657430.00,11
BSE,SSPDL,INE838C01011,X,16.96,16.96,15.67,16.34,15.54,3249,52093.00,17
BSE,SSPRL,INE1EJ401023,MT,117.25,123.40,114.50,120.00,117.55,155000,18826650.00,86
BSE,SSTL,INE0JNA01014,M,19.80,22.39,19.80,21.10,19.74,10000,210950.00,2
BSE,SSWL,INE802C01033,B,307.75,317.30,307.45,308.90,307.90,28239,8826338.00,482
BSE,SSWRL,INE387D01025,XT,28.70,30.00,27.27,30.00,28.70,2201,60601.00,19
BSE,STAL,INE0RGM01016,MT,31.00,33.18,31.00,33.18,31.60,23200,724432.00,4
BSE,STALLION,INE0RYC01010,B,271.40,273.10,253.00,256.45,270.15,84602,22164389.00,2189
BSE,STANCAP,INE625D01028,X,0.38,0.40,0.37,0.38,0.38,28061474,10820595.00,1499
BSE,STANLEY,INE01A001028,B,154.35,154.35,146.70,149.35,153.65,14177,2140152.00,706
BSE,STANPACK,INE457D01018,X,9.71,9.71,9.71,9.71,9.69,120,1165.00,2
BSE,STANROS,INE441L01015,X,71.00,73.00,71.00,73.00,71.99,879,63260.00,9
BSE,STAR,INE939A01011,A,1006.50,1019.00,994.50,1007.05,995.60,18827,19005913.00,554
BSE,STARCEMENT,INE460H01021,B,203.55,204.05,196.65,202.50,203.25,39757,7975020.00,601
BSE,STARDELTA,INE541K01014,X,625.00,625.00,580.00,595.00,610.20,3636,2190325.00,155
BSE,STARHEALTH,INE575P01011,A,577.30,577.30,568.10,569.95,573.40,13258,7590415.00,1458
BSE,STARHFL,INE526R01028,XT,6.22,6.22,5.80,5.87,6.07,25424,149834.00,90
BSE,STARIMAGIN,INE0YG001013,MT,82.10,84.00,80.22,82.21,84.08,14000,1150190.00,14
BSE,STARLENT,INE594W01042,B,8.02,8.61,8.02,8.59,8.20,921070,7761936.00,694
BSE,STARLOG,INE580C01019,X,39.01,40.00,39.01,39.71,39.60,280,11027.00,5
BSE,STARPAPER,INE733A01018,B,152.50,152.50,151.40,151.40,152.00,41,6226.00,2
BSE,STARSOURCE,INE320M01019,X,72.10,77.02,72.10,73.64,73.36,69,5266.00,13
BSE,STARTECK,INE992I01013,B,255.20,258.35,255.00,256.00,256.90,3020,778365.00,12
BSE,STCINDIA,INE655A01013,B,121.50,121.65,118.50,119.00,120.65,2053,245417.00,231
BSE,STCORP,INE110Q01023,XT,4.05,4.23,3.85,4.05,4.03,18744,78205.00,47
BSE,STDBAT,INE502C01039,X,48.80,48.80,45.40,46.58,47.41,1336,62001.00,45
BSE,STDSFAC,INE307D01015,X,49.50,52.90,49.50,52.63,50.37,4352,226682.00,13
BSE,STEELCAS,INE124E01038,B,338.35,341.00,330.30,330.45,337.35,1877,629783.00,163
BSE,STEELCO,INE629B01032,XT,145.60,145.60,145.60,145.60,138.70,35091,5109249.00,74
BSE,STEELXIND,INE503B01021,B,11.42,11.49,11.12,11.24,11.46,128962,1449286.00,370
BSE,STEL,INE577L01016,B,568.35,572.00,546.90,548.25,568.35,484,267474.00,31
BSE,STELLANT,INE395F01023,XT,1008.00,1016.05,919.35,1016.05,967.70,35991,35453236.00,804
BSE,STEP2COR,INE623D01015,X,20.15,22.97,20.15,22.43,21.06,447,9197.00,6
BSE,STERPOW,INE067E01013,XT,35.00,36.45,34.00,35.76,35.61,1910,66880.00,24
BSE,STERTOOLS,INE334A01023,T,246.95,254.60,241.30,244.85,246.65,2389,590118.00,37
BSE,STHINPA,INE088G01014,X,105.80,105.80,100.30,102.40,103.10,9128,944214.00,36
BSE,STL,INE402Y01028,B,8.48,8.68,7.71,8.20,8.48,54855,451834.00,172
BSE,STLNETWORK,INE1VXE01018,T,24.99,25.11,24.54,24.72,24.51,44850,1115536.00,153
BSE,STLSTRINF,INE205F01016,X,19.69,19.69,18.53,19.06,18.41,3405,65316.00,22
BSE,STLTECH,INE089C01029,T,625.00,644.40,604.00,638.75,634.15,134554,83300262.00,3653
BSE,STOVACQ,INE755D01015,X,1709.85,1729.90,1700.00,1700.00,1709.85,277,474880.00,21
BSE,STOVEKRAFT,INE00IN01015,B,806.65,818.00,793.95,797.30,802.00,12097,9739383.00,844
BSE,STRATMONT,INE473C01025,XT,60.73,60.73,60.73,60.73,58.21,1,60.00,1
BSE,STRGRENWO,INE398F01019,X,21.50,21.50,20.68,20.68,21.76,60,1276.00,4
BSE,STUDDS,INE00Q601028,B,450.80,450.80,435.00,441.35,446.35,4845,2145881.00,249
BSE,STYL,INE04VU01023,B,388.10,410.00,383.00,408.70,388.10,31610,12728499.00,1497
BSE,STYLAMIND,INE239C01020,B,3588.10,3588.10,3519.40,3544.00,3593.85,692,2450060.00,229
BSE,STYLEBAAZA,INE01FR01028,T,308.20,320.10,308.20,320.10,304.90,19352,6166388.00,191
BSE,STYRENIX,INE189B01011,B,2285.00,2324.50,2242.85,2256.60,2286.10,5390,12280653.00,579
BSE,SUBAM,INE0U6201010,M,217.20,220.00,216.80,216.80,218.60,5600,1218720.00,5
BSE,SUBEXLTD,INE754A01055,T,14.25,14.28,13.68,13.73,14.11,175913,2443954.00,359
BSE,SUBROS,INE287B01021,B,836.15,850.00,824.00,830.85,825.05,2220,1855187.00,163
BSE,SUCROSA,INE366G01022,X,14.53,14.87,13.71,14.10,14.53,70735,997490.00,160
BSE,SUDAI,INE618D01015,X,34.95,34.95,32.00,32.15,33.50,4747,155828.00,58
BSE,SUDARCOLOR,INE492A01029,B,436.00,436.00,419.20,422.85,430.80,5292,2245026.00,305
BSE,SUDARSCHEM,INE659A01023,A,1116.25,1156.50,1115.00,1138.10,1114.75,17032,19339769.00,991
BSE,SUDARSHAN,INE00TV01023,MT,32.36,34.48,32.30,34.00,33.99,984000,32821040.00,66
BSE,SUDEEPPHRM,INE0QPI01025,B,978.35,1000.25,947.80,958.05,973.75,11051,10796661.00,677
BSE,SUDTIND-B,INE691D01012,X,79.00,79.00,75.00,77.42,79.00,31134,2390877.00,191
BSE,SUGALDAM,INE309D01011,X,66.50,66.50,65.00,65.90,65.90,23,1498.00,3
BSE,SUGSLLOYD,INE0XX801016,MT,166.00,171.00,164.00,169.35,163.30,84000,14113100.00,61
BSE,SUJALA,INE029H01016,X,16.80,16.80,15.80,16.16,16.29,44168,716432.00,157
BSE,SUKHJITS,INE450E01029,B,162.70,165.00,160.90,161.95,161.10,428,69573.00,40
BSE,SULA,INE142Q01026,B,159.45,162.65,156.50,158.50,167.65,91637,14589428.00,2012
BSE,SULABEN,INE673M01029,X,2.85,2.95,2.62,2.75,2.88,45181,122418.00,78
BSE,SUMEDHA,INE886B01012,X,41.00,41.00,39.00,39.57,40.15,11818,465814.00,87
BSE,SUMEETINDS,INE235C01036,B,17.33,17.33,17.33,17.33,18.24,32346,560556.00,43
BSE,SUMERUIND,INE764B01029,X,1.56,1.56,1.49,1.52,1.53,10436,15659.00,25
BSE,SUMICHEM,INE258G01013,A,529.85,540.00,521.15,535.10,525.50,62414,33406730.00,1559
BSE,SUMMITSEC,INE519C01017,B,1509.65,1513.80,1495.00,1503.55,1509.65,361,541111.00,26
BSE,SUNCITYSY,INE584D01019,X,7.12,7.50,7.12,7.50,7.15,160,1141.00,5
BSE,SUNCLAY,INE0Q3R01026,B,1280.00,1280.00,1241.65,1244.30,1264.90,585,733087.00,222
BSE,SUNDARAM,INE108E01023,B,1.25,1.25,1.23,1.24,1.23,59652,73966.00,61
BSE,SUNDARMFIN,INE660A01013,B,4640.00,4642.20,4590.00,4603.15,4638.90,518,2391819.00,146
BSE,SUNDRMFAST,INE387A01021,A,1088.80,1109.00,1088.00,1090.80,1086.95,134485,146726347.00,2159
BSE,SUNDROP,INE209A01019,B,685.05,715.20,670.15,681.75,665.35,8778,6081529.00,489
BSE,SUNFLAG,INE947A01014,B,393.55,393.55,377.35,388.65,388.10,13221,5095247.00,544
BSE,SUNGOLD,INE271D01013,X,2.65,2.65,2.50,2.50,2.65,1306,3284.00,8
BSE,SUNILAGR,INE224D01012,X,88.00,88.00,88.00,88.00,88.00,1,88.00,1
BSE,SUNILTX,INE124M01015,P,81.00,82.76,80.00,81.84,78.82,500,40928.00,5
BSE,SUNITATOOL,INE0Q1S01010,MT,965.00,972.85,965.00,972.85,953.80,4250,4125781.00,22
BSE,SUNLOC,INE671C01016,X,69.00,70.00,67.16,70.00,69.02,106,7180.00,9
BSE,SUNPHARMA,INE044A01036,A,1956.95,1956.95,1925.10,1949.00,1944.00,452461,877446389.00,4051
BSE,SUNRAKSHAK,INE671K01027,X,345.00,369.90,345.00,364.10,362.00,11633,4174265.00,215
BSE,SUNSHIEL,INE199E01014,X,1189.95,1234.00,1155.00,1211.80,1156.45,6131,7415752.00,409
BSE,SUNTECK,INE805D01034,B,305.20,305.25,298.40,298.95,301.65,10478,3138154.00,339
BSE,SUNTV,INE424H01027,A,487.40,491.15,485.30,486.55,489.25,11243,5479363.00,726
BSE,SUPER,INE091C01017,X,1127.00,1129.00,1110.00,1122.50,1110.00,1386,1542809.00,41
BSE,SUPERBAK,INE897A01011,X,32.00,32.00,30.00,30.00,30.51,9,282.00,5
BSE,SUPERIOR,INE574R01028,X,1.69,1.69,1.53,1.53,1.69,6482,10284.00,22
BSE,SUPERIRON,INE16IQ01014,M,39.51,39.51,39.51,39.51,39.50,1200,47412.00,1
BSE,SUPERSPIN,INE662A01027,T,5.61,5.61,5.61,5.61,5.50,18490,103728.00,5
BSE,SUPERTEX,INE881B01054,X,6.20,6.20,5.90,6.00,5.20,28100,169477.00,23
BSE,SUPHA,INE549S01036,XT,0.34,0.34,0.32,0.33,0.33,653186,213893.00,355
BSE,SUPRAJIT,INE399C01030,A,541.75,541.75,516.00,523.20,526.95,27398,14586650.00,1006
BSE,SUPRAPFSL,INE268T01015,X,33.99,34.00,33.51,33.97,33.87,25783,874351.00,495
BSE,SUPRATRE,INE533B01028,X,16.30,16.30,14.77,14.77,15.54,122,1817.00,5
BSE,SUPREME,INE822E01011,B,45.10,45.78,45.10,45.71,45.39,14,639.00,4
BSE,SUPREMEIND,INE195A01028,A,3487.15,3487.15,3414.55,3425.00,3460.00,3189,10983994.00,656
BSE,SUPREMEINF,INE550H01011,B,93.41,93.45,90.72,92.33,92.23,793,72718.00,33
BSE,SUPRIYA,INE07RO01027,B,891.00,928.00,891.00,924.90,890.50,12892,11798411.00,599
BSE,SUPTANERY,INE460D01038,X,6.88,7.50,6.80,7.30,6.96,86238,614038.00,173
BSE,SURAJ,INE069E01019,Z,223.95,223.95,213.90,221.95,219.55,1605,354564.00,40
BSE,SURAJEST,INE843S01025,B,204.00,204.70,192.10,202.00,203.25,945,191370.00,33
BSE,SURAKSHA,INE877V01027,B,249.95,251.90,246.45,250.10,251.75,2500,620533.00,261
BSE,SURANASOL,INE272L01022,B,28.15,28.15,26.42,26.81,27.72,8923,242901.00,201
BSE,SURANAT&P,INE130B01031,B,17.80,18.29,17.60,17.74,17.99,25380,454620.00,125
BSE,SURATRAML,INE936A01025,X,4.90,4.91,4.70,4.76,4.86,73061,346703.00,181
BSE,SURBHIN,INE899E01019,XT,141.25,149.65,141.20,141.20,148.60,3613,515075.00,106
BSE,SURFI,INE565E01016,X,18.00,18.00,18.00,18.00,18.88,809,14562.00,6
BSE,SURJIND,INE170U01011,XT,57.33,57.33,57.33,57.33,54.60,65320,3744795.00,74
BSE,SURYAAMBA,INE360J01011,X,119.00,126.95,119.00,122.95,126.00,824,104356.00,10
BSE,SURYALA,INE132C01027,B,400.00,407.45,393.65,405.65,400.90,193,77023.00,13
BSE,SURYALAXMI,INE713B01026,B,60.69,66.60,52.50,60.14,60.69,345,20737.00,26
BSE,SURYAROSNI,INE335A01020,B,248.70,258.45,248.70,252.20,250.75,41651,10573006.00,992
BSE,SURYODAY,INE428Q01011,B,163.80,164.65,161.35,161.95,162.40,15826,2571985.00,226
BSE,SUSAN,INE2L0V01019,M,244.30,248.50,230.00,232.40,239.50,251000,59945100.00,224
BSE,SUTLEJTEX,INE645H01027,T,42.43,42.43,38.40,39.33,40.42,6760,261904.00,30
BSE,SUVEN,INE495B01038,B,311.85,323.50,311.85,318.20,318.80,39098,12456533.00,1043
BSE,SUVIDHAA,INE018401013,B,2.55,2.90,2.54,2.60,2.60,13336,35635.00,37
BSE,SUYOG,INE442P01014,B,851.10,882.50,839.45,879.30,836.55,941,815772.00,119
BSE,SUZLON,INE040H01021,A,48.09,48.96,47.99,48.10,48.22,5281729,255974457.00,25505
BSE,SVAMSOF,INE119B01018,X,5.03,5.79,5.03,5.60,5.27,11035,61009.00,33
BSE,SVARTCORP,INE895A01023,X,3.63,3.72,3.53,3.55,3.64,68051,244735.00,122
BSE,SVCIND,INE038B01010,X,2.40,2.52,2.22,2.35,2.38,32280,77105.00,86
BSE,SVGLOBAL,INE159L01013,X,130.00,130.00,122.60,123.00,133.30,525,65097.00,24
BSE,SVJ,INE0JZS01010,M,197.60,197.60,196.65,196.65,197.95,500,98562.00,2
BSE,SVPGLOB,INE308E01029,T,3.80,3.94,3.75,3.94,3.91,1942,7374.00,10
BSE,SVRL,INE0HLJ01013,T,500.00,514.00,490.00,505.85,498.00,15918,8060396.00,151
BSE,SVS,INE0MID01012,M,5.88,5.88,5.88,5.88,5.90,6000,35280.00,1
BSE,SW1,INE948K01011,XT,148.00,148.00,148.00,148.00,151.00,1,148.00,1
BSE,SWADEIN,INE716M01034,X,92.00,92.00,87.01,89.79,88.86,2496,224688.00,55
BSE,SWADPOL,INE243N01029,X,37.80,37.80,36.61,37.40,37.54,553,20507.00,20
BSE,SWANAGRO,INE0GEN01012,M,42.75,42.75,42.75,42.75,41.50,2000,85500.00,1
BSE,SWANCORP,INE665A01038,A,312.60,312.60,307.60,308.35,310.25,11502,3556370.00,410
BSE,SWANDEF,INE542F01020,T,2635.05,2760.00,2625.00,2721.50,2649.25,3850,10436223.00,377
BSE,SWARAJENG,INE277A01016,B,3594.90,3611.70,3578.25,3609.15,3621.65,402,1446758.00,95
BSE,SWARNSAR,INE967A01012,X,31.07,32.47,31.07,31.59,31.36,1554,48835.00,21
BSE,SWASTH,INE0TIR01017,M,18.60,18.60,17.15,17.15,16.98,2400,42900.00,2
BSE,SWASTIKA,INE691C01022,XT,139.35,139.35,139.35,139.35,132.75,18365,2559162.00,106
BSE,SWASTIKAAL,INE0PTF01017,MT,97.20,97.20,93.48,93.48,98.39,8000,762360.00,4
BSE,SWASTIVI,INE804A01025,X,3.66,3.79,3.55,3.66,3.75,38482,143162.00,91
BSE,SWATIPRO,INE210F01016,X,36.00,36.00,35.00,35.64,35.64,4862,173181.00,41
BSE,SWELECTES,INE409B01013,B,656.70,680.35,656.70,671.25,664.70,1914,1282968.00,129
BSE,SWIGGY,INE00H001014,A,289.35,289.35,278.20,280.35,288.00,14433971,4048108357.00,14103
BSE,SWISSMLTRY,INE010C01025,X,14.67,14.67,14.31,14.47,14.67,108601,1578833.00,443
BSE,SWITCHTE,INE311D01017,XT,119.80,121.30,109.80,115.00,115.55,1511,179817.00,34
BSE,SWOJAS,INE295B01016,XT,8.97,9.00,8.55,8.83,9.00,5857,52283.00,27
BSE,SWRNASE,INE595G01018,X,104.40,104.40,94.52,94.52,99.49,18,1770.00,7
BSE,SWSOLAR,INE00M201021,B,206.95,206.95,204.50,204.85,206.85,28854,5927345.00,493
BSE,SYLPH,INE706F01021,X,0.26,0.26,0.24,0.25,0.25,12057096,3019182.00,908
BSE,SYMBIOX,INE653R01012,X,1.70,1.76,1.70,1.76,1.69,40462,70572.00,19
BSE,SYMPHONY,INE225D01027,B,652.00,657.75,650.05,652.00,651.65,6062,3963945.00,342
BSE,SYNCOMF,INE312C01025,B,13.08,13.49,13.08,13.44,13.19,225561,3012612.00,609
BSE,SYNGENE,INE398R01022,A,403.70,412.20,396.00,403.45,400.00,570145,231077234.00,25347
BSE,SYRMA,INE0DYJ01015,A,1416.95,1433.25,1407.65,1423.70,1417.45,37455,53171221.00,1774
BSE,SYSCHEM,INE121D01036,X,34.00,34.82,32.35,32.79,33.40,90617,3025258.00,310
BSE,SYSTEMATIC,INE1KLZ01011,MT,224.00,224.00,213.75,217.05,224.10,19200,4191270.00,31
BSE,SYSTMTXC,INE356B01024,T,60.14,60.14,58.00,58.01,58.54,152,8932.00,13
BSE,TAALTECH,INE524T01011,B,4287.90,4695.00,4100.00,4485.15,4090.45,3990,18025634.00,1017
BSE,TAHMARENT,INE385D01029,XT,4.10,4.21,3.85,4.18,4.02,127574,530085.00,68
BSE,TAIIND,INE358D01018,XT,26.89,29.67,26.89,28.58,28.30,6457,186229.00,20
BSE,TAINWALCHM,INE123C01018,B,208.00,208.45,205.30,208.45,208.00,190,39116.00,15
BSE,TAJGVK,INE586B01026,B,369.00,369.00,356.00,360.10,368.60,5614,2036006.00,353
BSE,TAKE,INE142I01023,B,22.90,22.90,22.23,22.84,22.25,24924,561790.00,120
BSE,TAKYON,INE14OX01013,M,20.00,20.05,19.25,20.00,20.03,14000,277140.00,7
BSE,TALBROAUTO,INE187D01029,B,436.15,443.10,433.00,439.30,437.30,9747,4264620.00,338
BSE,TALBROSENG,INE717E01013,X,695.85,695.85,681.55,684.25,681.50,1673,1145059.00,54
BSE,TAMBOLIIN,INE864J01012,T,217.90,217.90,217.90,217.90,217.90,1,217.00,1
BSE,TANAA,INE692C01020,X,320.00,327.00,303.05,314.60,323.10,26317,8301655.00,626
BSE,TANDHANIN,INE896J01014,XT,152.00,152.00,144.40,149.00,151.95,835,124942.00,12
BSE,TANFACIND,INE639B01023,B,3053.10,3097.80,3045.10,3065.70,3087.20,8880,27283135.00,650
BSE,TANLA,INE483C01032,A,608.30,622.75,604.80,614.20,609.25,43108,26634570.00,1143
BSE,TARAI,INE906C01016,Z,4.02,4.02,3.96,3.96,4.02,26,104.00,5
BSE,TARAPUR,INE747K01017,B,12.89,14.11,12.21,13.52,13.56,29572,381298.00,202
BSE,TARC,INE0EK901012,B,134.50,135.70,130.20,130.60,135.75,43012,5700345.00,441
BSE,TARIL,INE763I01026,A,296.00,301.35,295.00,297.65,296.15,142474,42494503.00,1714
BSE,TARMAT,INE924H01018,B,52.60,53.40,50.51,52.14,49.47,12075,626924.00,124
BSE,TARSONS,INE144Z01023,B,320.30,320.30,310.05,314.20,317.05,2394,748179.00,159
BSE,TASTYBITE,INE488B01017,B,9175.00,9535.00,9175.00,9404.20,9190.00,436,4108750.00,123
BSE,TATACAP,INE976I01016,A,383.40,384.85,367.20,372.15,382.90,883177,329166926.00,8239
BSE,TATACHEM,INE092A01019,A,679.55,701.75,668.00,673.45,663.25,184222,126215495.00,5818
BSE,TATACOMM,INE151A01013,A,1752.45,1763.45,1731.00,1757.40,1734.00,4612,8071379.00,519
BSE,TATACONSUM,INE192A01025,A,1084.00,1090.60,1077.45,1082.00,1090.00,84140,90975742.00,2326
BSE,TATAELXSI,INE670A01012,A,3715.60,3831.00,3715.60,3780.00,3729.00,45611,172914136.00,5214
BSE,TATAINVEST,INE672A01026,A,666.90,713.00,666.90,692.65,667.05,175223,122337100.00,5867
BSE,TATAPOWER,INE245A01021,A,378.15,382.75,377.50,381.00,381.00,250672,95307659.00,6395
BSE,TATASTEEL,INE081A01020,A,189.30,189.60,186.80,188.00,189.30,672661,126571661.00,15830
BSE,TATATECH,INE142M01025,A,802.50,879.50,797.80,873.35,802.40,1534090,1308492973.00,40588
BSE,TATIAGLOB,INE083G01031,X,2.30,2.34,2.27,2.28,2.31,16355,37463.00,113
BSE,TATVA,INE0GK401011,B,1725.00,1769.70,1681.00,1724.15,1735.75,7891,13527725.00,670
BSE,TBOTEK,INE673O01025,A,1624.00,1636.90,1596.00,1611.60,1624.85,10674,17311622.00,1241
BSE,TBZ,INE760L01018,B,273.05,280.60,271.30,273.05,270.10,53499,14777544.00,1074
BSE,TCC,INE887D01016,B,273.50,283.00,272.65,274.00,273.65,4526,1260849.00,90
BSE,TCFCFINQ,INE389D01013,X,26.00,27.19,25.21,25.59,25.89,114,3006.00,8
BSE,TCI,INE688A01022,B,919.20,926.45,915.00,917.40,928.90,616,566474.00,88
BSE,TCIEXP,INE586V01016,B,562.85,579.00,551.00,556.55,583.15,6401,3614587.00,456
BSE,TCIFINANCE,INE911B01018,T,15.15,15.15,14.53,15.15,15.15,2736,40651.00,21
BSE,TCMLMTD,INE034F01010,X,46.00,46.00,41.67,42.91,46.00,10362,451330.00,45
BSE,TCPLPACK,INE822C01015,B,3180.00,3180.00,3130.95,3130.95,3107.65,25,78916.00,8
BSE,TCS,INE467B01029,A,2384.65,2456.50,2375.00,2453.70,2370.00,230249,559895051.00,11422
BSE,TDPOWERSYS,INE419M01027,A,1230.00,1268.00,1214.95,1259.90,1230.20,459251,576748977.00,7006
BSE,TDSL,INE773Y01014,Z,3.89,3.89,3.60,3.79,3.71,2691,10114.00,15
BSE,TEAM24,INE601A01017,X,30.99,32.00,29.55,30.90,30.61,2234,68699.00,33
BSE,TEAMGTY,INE289C01025,B,273.50,273.50,217.20,220.00,228.15,13,3060.00,8
BSE,TEAMLEASE,INE985S01024,B,1242.40,1272.05,1239.80,1252.95,1254.50,476,596267.00,115
BSE,TECHKGREEN,INE0P4P01011,M,143.70,143.70,132.75,133.95,137.80,7600,1019800.00,15
BSE,TECHM,INE669C01036,A,1635.00,1681.50,1634.00,1649.90,1635.00,391091,647568127.00,11848
BSE,TECHNOE,INE285K01026,A,991.05,1070.00,990.80,1066.15,992.50,80023,83850804.00,3576
BSE,TECHNOPACK,INE0MXP01015,M,12.95,13.00,11.30,12.05,12.50,16000,197200.00,4
BSE,TECHNVISN,INE314H01012,B,5419.95,5800.00,5074.20,5687.15,5312.70,640,3500617.00,259
BSE,TECILCHEM,INE014B01011,B,9.39,9.39,9.02,9.20,9.40,3612,33675.00,40
BSE,TEEAI,INE757D01011,X,114.00,115.70,113.05,114.20,116.80,2051,232465.00,13
BSE,TEGA,INE011K01018,A,1596.30,1647.70,1585.00,1622.95,1582.25,4356,7055298.00,453
BSE,TEJASNET,INE010J01012,A,521.45,523.65,512.10,513.15,522.30,43766,22614037.00,1499
BSE,TEJASSVI,INE173E01019,XT,72.02,72.53,69.70,72.53,71.12,258521,18633534.00,57
BSE,TEJNAKSH,INE030T01027,X,13.38,13.38,12.81,12.88,13.16,4697,60825.00,25
BSE,TELECANOR,INE381G01013,X,26.00,26.00,24.50,24.52,25.10,5329,131754.00,42
BSE,TELOGICA,INE778I01024,XT,9.60,9.60,9.15,9.49,9.60,4388,41563.00,18
BSE,TENNIND,INE19RI01016,B,563.95,584.40,560.65,562.20,570.85,57490,32998880.00,1701
BSE,TERAI,INE390D01011,X,120.00,122.00,120.00,122.00,117.30,1000,121015.00,9
BSE,TERASOFT,INE482B01010,B,421.60,447.75,401.00,407.80,421.60,3163,1366556.00,260
BSE,TEXELIN,INE594V01028,X,72.00,73.78,68.66,70.23,72.15,12106,855464.00,132
BSE,TEXINFRA,INE435C01024,B,113.20,113.95,112.65,113.40,112.50,2084,235964.00,36
BSE,TEXMOPIPES,INE141K01013,B,43.05,44.35,42.30,43.97,42.84,8461,369561.00,105
BSE,TEXRAIL,INE621L01012,A,107.60,110.25,107.60,108.80,108.35,129163,14064239.00,934
BSE,TFCILTD,INE305A01023,A,112.00,118.05,111.95,117.55,110.90,991916,115064637.00,5361
BSE,TFL,INE804H01012,B,11.81,11.81,11.50,11.70,10.97,80,936.00,12
BSE,TFSL,INE761R01013,XT,41.65,41.65,39.80,39.80,41.85,11,439.00,3
BSE,TGBHOTELS,INE797H01018,B,9.53,9.53,9.00,9.30,9.46,6814,63306.00,27
BSE,TGIF,INE0SMU01015,M,103.00,103.00,103.00,103.00,103.00,1200,123600.00,1
BSE,TGVSL,INE284B01028,B,109.00,109.00,106.60,107.15,107.45,91802,9866814.00,623
BSE,THAKDEV,INE403F01017,B,146.95,146.95,139.95,142.80,155.50,358,50118.00,13
BSE,THAKRAL,INE190F01028,X,13.00,13.25,13.00,13.10,13.24,628,8180.00,4
BSE,THANGAMAYL,INE085J01014,A,5219.60,5289.60,5160.10,5273.60,5149.20,27133,142093142.00,6595
BSE,THEINVEST,INE924D01017,B,102.00,102.00,98.00,98.03,102.25,283,28023.00,13
BSE,THELEELA,INE0AQ201015,A,518.75,526.35,509.40,516.30,510.35,29473,15262530.00,1451
BSE,THEMISMED,INE083B01024,B,112.10,112.50,109.90,110.45,112.65,863,95950.00,90
BSE,THERMAX,INE152A01029,A,3995.00,4075.00,3991.00,4053.75,3990.30,7597,30760913.00,672
BSE,THINKINK,INE365S01045,XT,0.19,0.19,0.19,0.19,0.19,241455,45876.00,151
BSE,THOMASCOOK,INE332A01027,A,106.35,106.95,103.75,104.05,106.30,29804,3139900.00,381
BSE,THOMASCOTT,INE480M01011,B,312.50,330.00,309.85,317.70,310.30,1484,478383.00,92
BSE,THREEMPAPE,INE0UK501010,M,24.50,24.50,24.20,24.20,24.49,4000,97400.00,2
BSE,THRIVE,INE628D01014,X,85.00,86.00,81.35,81.57,85.00,3664,308913.00,29
BSE,THYROCARE,INE594H01019,A,601.75,606.80,593.60,603.55,597.90,475343,285191068.00,809
BSE,TI,INE133E01013,A,484.45,494.00,480.95,488.70,487.10,43786,21336384.00,1062
BSE,TICL,INE388G01026,T,10.76,10.76,10.25,10.72,10.25,19292,206636.00,32
BSE,TIERRA,INE05CY01014,X,38.44,38.89,36.00,36.03,37.80,4753,174205.00,32
BSE,TIGERLOGS,INE906O01029,T,26.50,27.79,26.00,27.58,26.70,12744,339190.00,117
BSE,TIHIL,INE502D01011,XT,3.88,3.88,3.68,3.79,3.71,220094,831719.00,72
BSE,TIIL,INE545H01011,B,2644.70,2749.95,2622.80,2691.75,2626.35,874,2373319.00,214
BSE,TIINDIA,INE974X01010,A,2774.00,2780.25,2741.25,2770.00,2764.00,107480,296240507.00,1121
BSE,TIJARIA,INE440L01017,B,4.66,5.26,4.65,5.13,4.65,8769,44454.00,37
BSE,TIL,INE806C01018,B,247.55,250.75,230.00,232.40,251.15,79796,18913698.00,1346
BSE,TILAK,INE026L01022,XT,1.31,1.32,1.29,1.32,1.26,1300053,1713417.00,301
BSE,TIMETECHNO,INE508G01029,A,205.65,207.35,202.45,204.95,207.30,171083,34926705.00,1703
BSE,TIMEX,INE064A01026,B,540.95,559.75,540.95,556.20,544.05,83116,46017738.00,2416
BSE,TIMKEN,INE325A01013,A,3335.00,3361.00,3285.00,3357.65,3342.95,1032,3423436.00,158
BSE,TINNARUBR,INE015C01016,B,1118.00,1118.05,1096.25,1107.95,1098.00,2993,3306160.00,213
BSE,TIPCO,INE1U6D01014,MT,171.70,175.00,171.00,172.40,172.50,28800,4989920.00,17
BSE,TIPSFILMS,INE0LQS01015,B,378.60,380.90,370.00,372.70,376.35,140,52109.00,10
BSE,TIPSMUSIC,INE716B01029,A,650.05,661.00,644.80,645.55,654.20,10156,6587629.00,611
BSE,TIRSARJ,INE297J01023,X,8.58,8.90,8.50,8.80,8.73,8386,74146.00,29
BSE,TIRTPLS,INE008N01018,X,26.00,26.00,25.02,25.45,26.23,1219,30965.00,25
BSE,TIRUFOAM,INE115G01015,X,91.30,91.30,91.25,91.25,87.00,78,7117.00,4
BSE,TIRUMALCHM,INE338A01024,B,170.30,173.00,167.10,167.70,170.00,32354,5491006.00,632
BSE,TIRUPATIIN,INE812Q01016,XT,6.80,7.10,6.55,6.58,6.89,78330,523425.00,363
BSE,TIRUSTA,INE314D01011,X,164.45,164.45,141.00,144.15,154.00,934,135432.00,42
BSE,TITAANIUM,INE120V01014,MT,18.39,19.00,18.39,19.00,18.39,2000,37390.00,2
BSE,TITAGARH,INE615H01020,A,861.70,863.50,845.05,847.85,861.30,9249,7878502.00,664
BSE,TITAN,INE280A01028,A,5033.55,5033.80,4894.75,4943.00,4984.00,38241,190031931.00,5870
BSE,TITANBIO,INE150C01029,XT,399.50,416.00,397.95,407.05,402.70,16138,6529305.00,343
BSE,TITANIN,INE807M01031,X,1.01,1.01,0.98,1.00,1.00,3919850,3902715.00,852
BSE,TITANSEC,INE090D01017,X,44.97,44.97,41.66,42.52,42.30,37903,1619857.00,98
BSE,TLL,INE0MKA01014,M,254.05,263.00,254.05,258.45,254.50,35400,9128070.00,45
BSE,TMB,INE668A01016,A,875.00,882.10,868.90,875.60,872.90,4745,4149350.00,287
BSE,TMCV,INE1TAE01010,B,458.10,459.00,449.20,453.10,459.70,1619736,733127270.00,18651
BSE,TMPV,INE155A01022,A,345.00,349.75,343.65,345.00,343.75,177641,61462490.00,3196
BSE,TNPETRO,INE148A01019,B,97.53,102.64,97.53,100.86,98.95,28607,2901847.00,334
BSE,TNPL,INE107A01015,B,158.75,158.75,155.35,156.65,157.00,6231,975878.00,201
BSE,TNTELE,INE141D01018,B,9.42,9.42,8.92,9.18,8.88,619,5667.00,11
BSE,TOKYOFIN,INE546D01018,X,19.31,19.31,18.00,19.30,18.92,170,3278.00,7
BSE,TOKYOPLAST,INE932C01012,T,79.20,79.20,79.20,79.20,79.00,65,5148.00,2
BSE,TOLINS,INE0RWQ01014,B,103.00,103.75,102.30,102.50,103.00,1207,123919.00,33
BSE,TORNTPHARM,INE685A01028,A,4931.20,4986.00,4902.50,4952.00,4965.00,12155,59983425.00,1946
BSE,TORNTPOWER,INE813H01021,A,1326.20,1354.00,1321.50,1346.20,1325.00,15512,20825835.00,872
BSE,TOTEM,INE0TT901016,X,129.00,141.00,129.00,134.90,128.95,87591,11962061.00,895
BSE,TOYAMSL,INE457P01020,X,0.68,0.68,0.67,0.68,0.68,340303,230696.00,147
BSE,TPHQ,INE065J01024,B,0.42,0.43,0.41,0.42,0.42,352288,147523.00,92
BSE,TPINDIA,INE578C01021,X,17.43,18.30,16.71,17.28,17.51,76956,1346852.00,54
BSE,TPLPLASTEH,INE413G01022,B,77.65,79.50,75.10,77.04,79.66,19397,1506304.00,520
BSE,TPROJECT,INE901C01017,X,3.35,3.35,3.25,3.25,3.29,2950,9720.00,13
BSE,TRABI,INE773D01018,X,2.98,2.99,2.90,2.91,2.91,24945,72861.00,70
BSE,TRACXN,INE0HMF01019,B,30.00,30.42,29.81,29.95,29.97,4612,138451.00,54
BSE,TRADEUNO,INE1GUJ01014,M,122.00,130.00,120.00,129.15,121.00,106800,13338060.00,58
BSE,TRADWIN,INE961E01017,XT,583.50,613.80,583.50,598.65,614.20,10,5986.00,3
BSE,TRANSCHEM,INE019B01010,XT,305.00,314.00,300.00,311.20,302.50,9057,2786706.00,61
BSE,TRANSCOR,INE330E01023,X,25.73,26.00,25.60,25.99,25.39,4451,114296.00,35
BSE,TRANSFD,INE213P01027,X,498.00,498.00,498.00,498.00,498.65,1,498.00,1
BSE,TRANSFRE,INE360D01014,X,19.41,20.59,19.40,20.59,19.41,314,6244.00,9
BSE,TRANSPACT,INE06YD01010,MS,111.00,113.20,105.45,105.45,111.00,2500,277925.00,5
BSE,TRANSPEK,INE687A01016,B,1324.10,1324.10,1260.00,1275.75,1324.10,607,780736.00,88
BSE,TRANSRAILL,INE454P01035,A,475.10,483.90,470.25,473.65,491.35,72737,34619110.00,2714
BSE,TRANSVOY,INE0MPU01011,MT,89.00,89.00,89.00,89.00,90.00,21600,1922400.00,4
BSE,TRANSWORLD,INE757B01015,T,160.00,166.40,158.00,166.40,158.50,3792,627077.00,25
BSE,TRAVELFOOD,INE103V01028,B,1398.85,1465.10,1368.55,1429.50,1331.95,69785,101021365.00,2866
BSE,TRAVELS,INE0SG001011,M,10.19,10.19,9.50,9.80,8.79,18000,174870.00,6
BSE,TREEHOUSE,INE040M01013,B,6.30,6.39,6.29,6.38,6.17,909,5776.00,9
BSE,TREJHARA,INE00CA01015,B,173.80,186.00,166.35,177.75,165.55,19451,3465074.00,810
BSE,TREL,INE0O3901029,B,24.95,25.42,24.60,25.10,24.69,20270,508610.00,118
BSE,TRENT,INE849A01020,A,3110.05,3111.45,2987.00,3000.00,3110.00,176192,532520866.00,13592
BSE,TRESCON,INE088D01011,X,7.55,8.35,7.55,7.69,7.55,2043,15561.00,22
BSE,TRF,INE391D01019,B,231.95,235.30,230.00,233.10,232.60,11014,2563972.00,173
BSE,TRICOMFRU,INE843F01014,XT,1.80,1.89,1.80,1.86,1.80,2322,4368.00,14
BSE,TRIDENT,INE064C01022,A,25.05,25.93,25.00,25.17,24.90,1185245,30243178.00,3199
BSE,TRIGYN,INE948A01012,B,54.26,55.17,53.50,53.51,54.47,1282,69547.00,69
BSE,TRILIANCE,INE778N01016,XT,41.00,42.00,38.81,38.81,40.85,376,14741.00,10
BSE,TRINITYLEA,INE884X01011,X,11.00,11.00,11.00,11.00,11.10,5,55.00,2
BSE,TRIOMERC,INE234G01022,XT,3.12,3.12,3.12,3.12,3.06,96103,299841.00,37
BSE,TRISHAKT,INE238C01022,XT,218.95,219.00,210.00,215.35,219.20,12724,2731166.00,182
BSE,TRITONV,INE440G01017,X,1030.05,1058.95,1030.05,1050.05,1057.80,1218,1271319.00,67
BSE,TRITURBINE,INE152M01016,A,642.65,654.10,631.95,636.45,646.50,51134,32990941.00,1561
BSE,TRIUMPIN,INE382B01012,X,19.80,19.80,18.81,19.01,19.80,816,15374.00,21
BSE,TRIVENI,INE256C01024,A,230.70,237.95,229.05,233.45,230.80,21377,4991716.00,675
BSE,TRIVENIENT,INE916P01025,X,1.00,1.00,1.00,1.00,1.00,51731,51731.00,34
BSE,TRIVENIGQ,INE094C01011,XT,7.00,7.01,7.00,7.01,7.30,6329,44304.00,29
BSE,TRL,INE459Z01017,B,73.29,73.29,73.29,73.29,69.80,6650,487378.00,38
BSE,TRU,INE615R01029,B,4.71,4.75,4.53,4.53,4.61,3995,18558.00,95
BSE,TRUALT,INE0MWH01014,B,467.80,483.00,467.80,476.80,464.95,30356,14494994.00,988
BSE,TRUECOLORS,INE1LDV01015,M,152.70,157.40,152.70,157.00,155.25,4800,748890.00,8
BSE,TRUEGREEN,INE672K01025,XT,186.35,187.95,178.05,187.75,182.70,3763,696035.00,41
BSE,TRUSTEDGE,INE398H01015,X,130.00,140.00,127.85,134.00,133.90,3031,392907.00,29
BSE,TSPIRITUAL,INE541C01037,XT,1.90,1.90,1.73,1.80,1.82,11924,21013.00,34
BSE,TTC,INE0XAY01012,M,228.00,230.00,228.00,230.00,239.95,900,205800.00,3
BSE,TTFL,INE071Y01013,X,23.41,23.41,22.24,22.35,23.41,53774,1202417.00,287
BSE,TTGIL,INE135H01029,X,8.00,8.40,7.85,7.99,7.90,28995,233895.00,68
BSE,TTIENT,INE404F01031,X,7.80,8.29,7.51,7.61,7.83,2090,16802.00,22
BSE,TTKHLTCARE,INE910C01018,B,1113.95,1113.95,1055.10,1078.05,1093.05,1886,2051445.00,165
BSE,TTKPRESTIG,INE690A01028,B,615.20,640.80,615.00,615.50,634.90,5003,3119373.00,404
BSE,TTL,INE592B01024,B,7.25,7.25,5.72,5.85,6.27,89861,534071.00,467
BSE,TTML,INE517B01013,A,39.35,39.81,39.25,39.37,39.58,200006,7895190.00,1075
BSE,TULASEEBIOE,INE276N01011,ZP,39.13,39.13,39.13,39.13,41.18,600,23478.00,4
BSE,TULSYAN,INE463D01016,X,36.20,37.28,36.11,36.32,37.99,2250,82276.00,21
BSE,TUNITEX,INE560D01027,X,1.00,1.03,0.98,1.02,0.99,179502,181149.00,96
BSE,TURTLEMINT,INE0OC301013,B,115.00,115.00,111.30,111.95,112.65,16525,1863328.00,400
BSE,TUSALDAH,INE319M01011,XT,147.05,152.00,146.20,148.20,153.85,53,7798.00,4
BSE,TUTIALKA,INE400A01014,X,60.94,61.00,59.74,60.99,60.99,11860,722738.00,95
BSE,TVSELECT,INE236G01019,B,510.00,515.00,505.10,507.40,507.45,2367,1206673.00,95
BSE,TVSHLTD,INE105A01035,A,14804.65,15064.00,14751.00,14846.75,14917.05,433,6450492.00,200
BSE,TVSMOTOR,INE494B01023,A,4354.85,4456.95,4354.85,4401.50,4398.00,31288,138562298.00,5631
BSE,TVSSCS,INE395N01027,B,133.15,134.15,132.80,133.70,132.35,10239,1367192.00,277
BSE,TVSSRICHAK,INE421C01016,B,3970.00,3992.00,3955.50,3982.95,3970.00,26,103307.00,13
BSE,TVTODAY,INE038F01029,B,117.65,117.65,114.20,114.85,114.80,2216,255183.00,150
BSE,TVVISION,INE871L01013,T,4.40,4.40,4.18,4.18,4.40,16386,68560.00,16
BSE,TYCHE,INE443B01012,X,125.90,125.90,122.10,124.10,126.00,176,21907.00,25
BSE,TYROON,INE945B01016,X,85.00,90.85,85.00,90.26,85.03,344,30682.00,15
BSE,UBL,INE686F01025,A,1413.00,1413.00,1380.00,1400.60,1414.25,4139,5779474.00,471
BSE,UCAL,INE139B01016,B,115.00,119.70,115.00,119.20,118.30,1571,184367.00,163
BSE,UCIL,INE926R01012,XT,115.00,115.00,111.00,114.00,110.10,3934,451711.00,20
BSE,UCOBANK,INE691A01018,A,26.90,26.90,26.32,26.43,26.63,160813,4255168.00,715
BSE,UDAYJEW,INE551B01012,X,163.00,163.00,138.65,139.35,138.65,4784,671656.00,62
BSE,UDS,INE851I01011,B,210.00,211.00,207.40,209.55,210.80,10200,2132209.00,595
BSE,UEL,INE899L01030,B,265.90,268.10,255.40,265.05,255.35,89344,23649892.00,1538
BSE,UFBL,INE382M01027,B,810.35,829.70,784.30,808.55,807.80,26458,21379009.00,2007
BSE,UFLEX,INE516A01017,B,482.40,504.45,479.40,489.45,480.35,7532,3710369.00,309
BSE,UFO,INE527H01019,B,65.51,69.90,65.51,69.60,67.97,3464,236170.00,177
BSE,UGARSUGAR,INE071E01023,B,45.70,46.15,44.58,45.04,45.62,20491,930874.00,221
BSE,UGROCAP,INE583D01011,B,96.94,96.94,93.93,94.88,96.13,10518,996833.00,131
BSE,UHMVL,INE0YZ901011,M,36.20,37.24,34.00,34.11,36.47,40000,1393176.00,47
BSE,UHZAVERI,INE556Z01010,B,9.51,9.99,9.51,9.85,9.55,3438,33359.00,39
BSE,UJJIVANSFB,INE551W01018,A,72.35,72.35,69.76,70.05,71.94,559652,39494329.00,1893
BSE,ULTRACAB,INE010R01023,X,6.94,6.99,6.81,6.93,6.87,35958,247367.00,194
BSE,ULTRACEMCO,INE481G01011,A,12062.00,12064.20,11973.00,12040.00,12062.00,7766,93436401.00,1521
BSE,ULTRAMAR,INE405A01021,B,390.00,446.80,381.95,410.00,389.25,184141,77724409.00,4519
BSE,UMAEXPORTS,INE0GIU01018,T,19.80,20.34,19.80,19.95,20.20,910,18187.00,11
BSE,UMESLTD,INE240C01028,B,5.64,5.64,5.64,5.64,5.45,500,2820.00,1
BSE,UMIYA,INE173U01015,X,24.98,24.98,22.50,23.85,24.30,9571,220306.00,49
BSE,UMIYA-MRO,INE398B01018,B,91.99,91.99,88.80,88.80,91.45,1300,116669.00,4
BSE,UML,INE1P1A01018,M,54.02,58.00,54.02,57.85,57.90,20000,1135040.00,10
BSE,UNIABEXAL,INE361D01012,XT,4880.55,4880.55,4880.55,4880.55,5137.40,332,1620342.00,58
BSE,UNIAUTO,INE203T01012,B,51.02,52.75,49.09,51.12,51.51,13146,668617.00,84
BSE,UNICHEMLAB,INE351A01035,B,500.60,500.60,485.00,488.20,496.35,1069,525494.00,91
BSE,UNICK,INE250G01010,X,42.50,44.00,42.50,42.71,42.12,437,18581.00,10
BSE,UNIDT,INE961D01019,T,238.00,244.00,231.00,238.00,238.00,626,149101.00,18
BSE,UNIECOM,INE00U401027,B,84.50,85.70,83.81,84.38,85.15,39471,3331899.00,319
BSE,UNIENTER,INE037A01022,B,99.42,99.91,96.66,97.64,97.00,587,57364.00,9
BSE,UNIFIED,INE1ABX01018,M,391.50,396.00,381.15,394.60,386.75,22800,8945320.00,55
BSE,UNIMECH,INE0U3I01011,B,1336.50,1460.00,1333.25,1447.40,1337.25,40004,56848082.00,2867
BSE,UNIOFFICE,INE951C01012,XT,5.57,5.57,5.55,5.55,5.57,2,11.00,2
BSE,UNIONBANK,INE692A01016,A,182.60,184.75,179.95,183.35,181.90,905086,165470442.00,5362
BSE,UNIPARTS,INE244O01017,B,780.25,820.00,778.80,816.95,780.95,19376,15658711.00,1101
BSE,UNIQUEO,INE333E01019,X,95.60,99.00,92.50,95.04,93.73,2377,225035.00,62
BSE,UNISEM,INE1FHV01026,M,51.99,52.00,51.99,52.00,52.00,8000,415980.00,3
BSE,UNISON,INE099D01026,XT,0.70,0.70,0.67,0.69,0.67,737732,508590.00,303
BSE,UNITDCR,INE858C01027,X,25.01,25.01,25.01,25.01,26.25,158,3951.00,2
BSE,UNITDSPR,INE854D01024,A,1517.40,1529.00,1473.00,1473.00,1516.00,11786,17853822.00,1238
BSE,UNITECH,INE694A01020,B,4.15,4.27,4.10,4.14,4.15,1111618,4615068.00,1143
BSE,UNITEDINT,INE706D01018,X,72.50,72.50,68.39,72.00,71.98,5,356.00,4
BSE,UNITEDPOLY,INE368U01029,T,29.35,29.35,28.30,29.00,29.08,2563,72962.00,30
BSE,UNITINT,INE929K01011,Z,3.15,3.20,3.15,3.15,3.15,695,2189.00,11
BSE,UNIVARTS,INE464B01018,X,5.43,5.43,5.43,5.43,5.00,50,271.00,1
BSE,UNIVCABLES,INE279A01012,B,1420.10,1436.85,1288.90,1415.35,1409.40,8430,12000828.00,714
BSE,UNIVPHOTO,INE03V001013,T,466.05,472.10,466.05,472.10,463.15,128,60127.00,7
BSE,UNIVSTAR,INE113E01015,XT,194.15,200.90,194.15,200.70,195.10,259,50503.00,6
BSE,UNJHAFOR,INE576D01015,X,24.13,24.25,23.90,24.25,23.85,6942,166370.00,34
BSE,UNOMINDA,INE405E01023,A,1278.00,1291.25,1266.10,1275.00,1264.00,45270,57929571.00,2201
BSE,UNRYLMA,INE602H01010,X,17.80,17.80,17.70,17.70,17.00,279,4941.00,8
BSE,UNTTEMI,INE357P01014,P,34.00,34.00,34.00,34.00,35.75,100,3400.00,1
BSE,UPHOT,INE726E01014,X,1401.05,1490.00,1401.05,1490.00,1454.00,25,36405.00,7
BSE,UPL,INE628A01036,A,571.60,575.20,570.30,571.90,574.65,59147,33845302.00,2108
BSE,UPSURGE,INE890B01014,X,85.99,85.99,77.00,77.50,81.19,5791,466518.00,63
BSE,URAVIDEF,INE568Z01015,T,115.00,115.00,110.50,110.55,114.40,326,36390.00,29
BSE,URBANCO,INE0CAZ01013,A,142.60,145.25,141.70,143.80,142.65,105236,15109250.00,1089
BSE,URJA,INE550C01020,B,9.80,10.00,9.80,9.85,9.76,86080,848987.00,381
BSE,URSUGAR,INE904R01027,B,2.80,2.80,2.65,2.75,2.71,99837,273349.00,71
BSE,USGTECH,INE718B01017,XT,10.06,10.06,9.68,9.68,9.87,213,2138.00,6
BSE,USHAKIRA,INE697C01011,X,30.99,31.00,30.06,30.06,31.25,1222,37876.00,4
BSE,USHAMART,INE228A01035,A,515.20,519.70,513.75,514.75,515.95,24886,12848752.00,766
BSE,USK,INE0N0Y01013,B,23.13,23.13,22.30,22.34,22.42,962,21582.00,23
BSE,UTIAMC,INE094J01016,A,905.95,905.95,896.10,896.75,899.85,3216,2887717.00,366
BSE,UTIQUE,INE096A01010,X,3.75,3.87,3.65,3.71,3.68,3610,13403.00,60
BSE,UTKARSHBNK,INE735W01017,B,14.48,14.48,14.17,14.22,14.39,237610,3385149.00,700
BSE,UTLINDS,INE184E01024,X,1.60,1.60,1.57,1.57,1.51,3628,5706.00,16
BSE,UTLSOLAR,INE12UR01024,B,402.05,411.00,387.70,390.20,401.10,28190,11113268.00,1282
BSE,UTTAMSUGAR,INE786F01031,B,251.95,257.00,251.45,252.45,252.75,5428,1375783.00,179
BSE,UVDRHOR,INE890G01047,X,37.48,38.12,36.23,37.83,36.31,4437,166062.00,122
BSE,UVS,INE528C01018,X,96.69,98.00,92.60,95.55,94.42,28244,2679795.00,109
BSE,UYFINCORP,INE152C01025,B,19.51,22.37,19.02,20.34,19.13,147881,3148781.00,1222
BSE,V2RETAIL,INE945H01021,B,219.95,220.45,216.45,219.70,218.15,15202,3317537.00,525
BSE,VAARAD,INE418B01048,X,8.80,9.29,8.15,8.45,8.71,1723,15236.00,30
BSE,VADILALIND,INE694D01016,B,7329.85,7343.95,7105.60,7207.20,7339.65,1386,9970225.00,362
BSE,VAIBHAVGBL,INE884A01027,B,244.90,246.05,241.00,242.55,242.45,19241,4682009.00,594
BSE,VAICC,INE116E01018,P,2.75,2.75,2.75,2.75,2.75,50800,139700.00,3
BSE,VAKRANGEE,INE051B01021,B,5.96,6.05,5.95,6.00,6.00,92993,555475.00,1637
BSE,VALENCIA,INE08RT01016,MS,45.10,45.10,40.11,43.10,49.80,16500,711225.00,7
BSE,VALIANT,INE760B01019,X,1294.00,1294.00,1064.10,1183.15,1144.80,40314,48125219.00,1693
BSE,VALIANTLAB,INE0JWS01017,T,63.79,65.10,63.79,65.10,62.00,7792,506426.00,26
BSE,VALIANTORG,INE565V01010,T,280.00,295.00,277.50,292.75,284.00,663,188835.00,33
BSE,VALINDIA,INE130701019,M,18.20,18.90,18.20,18.90,18.15,7200,132708.00,6
BSE,VALSONQ,INE808A01018,X,37.00,37.00,34.30,34.58,34.50,40035,1406955.00,51
BSE,VAMA,INE685D01022,X,3.82,4.21,3.77,3.96,3.82,38387,150065.00,76
BSE,VAML,INE1CDF01017,B,481.90,483.60,468.00,469.95,480.50,491959,234164962.00,7351
BSE,VAMSHIRU,INE380C01014,X,41.00,41.20,41.00,41.00,41.00,139,5699.00,10
BSE,VANDAN,INE0RDJ01019,M,23.77,24.00,23.77,24.00,23.71,4800,114924.00,4
BSE,VANDU,INE0RH001011,M,56.00,56.00,55.50,55.50,56.10,10000,559000.00,5
BSE,VANICOM,INE661Q01017,X,8.29,8.29,8.00,8.18,8.00,1009,8074.00,7
BSE,VANTABIO,INE695X01011,MT,21.69,21.75,21.69,21.75,22.83,2250,48862.00,3
BSE,VAPIENTER,INE464D01014,X,151.55,163.95,151.25,151.35,159.20,6673,1010293.00,24
BSE,VARDMNPOLY,INE835A01029,B,5.90,6.75,5.90,6.42,6.00,138764,899557.00,278
BSE,VARIMAN,INE717F01028,XT,4.76,4.77,4.70,4.77,4.55,251600,1198270.00,85
BSE,VARROC,INE665L01035,A,721.95,836.00,714.00,812.45,736.20,884305,714376237.00,47197
BSE,VARYAA,INE0R6801013,M,28.99,28.99,27.01,27.01,27.22,2000,56000.00,2
BSE,VASCONEQ,INE893I01013,T,32.51,33.90,32.51,33.79,33.20,45763,1534174.00,168
BSE,VASHISHTHA,INE0WRP01016,M,57.99,59.99,57.99,58.76,56.16,4800,282036.00,4
BSE,VASINFRA,INE192C01013,XT,9.48,9.48,8.60,8.60,9.05,1492,12919.00,3
BSE,VASUPRADA,INE574G01013,X,104.99,105.49,101.70,101.96,105.50,258,26937.00,6
BSE,VASWANI,INE590L01019,B,51.80,53.05,50.55,52.65,51.73,2717,141707.00,35
BSE,VBDESAI,INE848D01018,X,18.05,19.70,18.04,19.70,18.98,594,11209.00,9
BSE,VBIND,INE334E01017,X,9.48,9.48,8.63,8.63,9.08,7476,65966.00,43
BSE,VBL,INE200M01039,A,443.15,447.30,439.50,444.00,442.50,147291,65272876.00,2263
BSE,VCU,INE962O01014,XT,7.85,7.90,7.40,7.60,7.70,54831,410842.00,57
BSE,VEDANTASSET,INE0NC801013,MT,78.08,78.08,78.08,78.08,79.67,1500,117120.00,1
BSE,VEDAVAAG,INE359B01010,X,20.35,20.35,19.65,19.75,19.96,14086,278199.00,98
BSE,VEDL,INE205A01025,A,274.60,277.80,271.85,277.00,274.60,1087179,297892749.00,6391
BSE,VEDPOWER,INE694L01019,B,35.77,36.33,35.31,35.47,35.77,805692,28888217.00,3915
BSE,VEEDOL,INE484C01030,B,1490.70,1515.35,1482.30,1497.05,1490.70,2176,3258673.00,297
BSE,VEEFIN,INE0Q0M01015,M,283.05,292.95,275.00,286.30,289.15,59200,16872420.00,181
BSE,VEERENRGY,INE255E01030,X,12.52,12.89,12.31,12.53,12.52,14483,182379.00,49
BSE,VEERHEALTH,INE882C01035,XT,43.50,44.12,43.50,44.10,43.99,100163,4416197.00,303
BSE,VEERKRUPA,INE0ID001024,M,0.50,0.50,0.49,0.49,0.49,133600,66633.00,3
BSE,VEGA,INE603D01017,XT,61.95,61.95,61.95,61.95,61.95,125,7743.00,2
BSE,VEL,INE560T01015,X,65.42,67.00,63.50,65.86,65.10,83726,5548408.00,70
BSE,VELHO,INE548D01014,X,6.29,6.77,6.29,6.63,6.45,28143,188416.00,30
BSE,VELJAN,INE232E01013,T,1660.00,1709.40,1660.00,1668.00,1685.30,91,153695.00,19
BSE,VELLORA,INE530D01012,X,14.89,14.98,14.01,14.73,14.35,35913,526631.00,129
BSE,VENKEYS,INE398A01010,B,1565.00,1594.60,1565.00,1574.55,1562.35,1232,1942274.00,138
BSE,VENLONENT,INE204D01022,X,3.85,3.94,3.49,3.51,3.85,135,501.00,8
BSE,VENMAX,INE154G01022,X,18.35,19.00,17.12,18.00,17.36,22584,408992.00,50
BSE,VENTIVE,INE781S01027,B,621.95,621.95,590.25,602.75,614.40,3025,1834765.00,219
BSE,VENTURA,INE810C01044,X,8.35,9.00,8.21,8.28,8.61,21085,175880.00,40
BSE,VENUSPIPES,INE0JA001018,B,1597.20,1629.00,1593.25,1604.65,1587.85,1264,2033861.00,150
BSE,VENUSREM,INE411B01019,T,1564.00,1577.00,1525.05,1547.55,1562.40,1757,2714768.00,145
BSE,VERANDA,INE0IQ001011,B,256.85,260.80,254.05,257.70,258.45,6856,1766615.00,165
BSE,VERITAS,INE379J01029,XT,170.00,170.55,168.00,168.25,170.55,1315,222039.00,33
BSE,VERTEX,INE316D01024,XT,3.24,3.38,3.06,3.38,3.22,68893,229759.00,66
BSE,VESUVIUS,INE386A01023,A,440.15,452.00,440.15,448.40,444.95,1787,802291.00,102
BSE,VETO,INE918N01018,T,124.20,124.50,122.00,122.05,123.55,1132,139326.00,38
BSE,VGCL,INE761Q01015,XT,50.93,54.85,50.10,54.85,52.24,13906,758552.00,38
BSE,VGIL,INE244W01010,T,136.00,136.00,130.00,132.65,136.00,1408,185191.00,31
BSE,VGL,INE273D01027,B,62.28,63.50,61.70,62.08,61.86,1611,100644.00,47
BSE,VGUARD,INE951I01027,A,319.60,327.05,311.10,319.00,322.30,198346,63744592.00,3379
BSE,VHL,INE701A01023,B,3590.50,3658.00,3550.00,3560.00,3550.90,152,545923.00,24
BSE,VHLTD,INE048C01025,T,125.90,126.95,122.25,125.00,127.85,36051,4489533.00,65
BSE,VICTMILL,INE203D01016,X,5001.00,5010.00,5000.00,5010.00,5010.00,10,50081.00,3
BSE,VIDHIING,INE632C01026,B,324.35,324.35,314.90,315.05,320.00,23529,7413363.00,136
BSE,VIDYAWIRES,INE14UN01029,B,95.64,96.49,93.32,95.10,94.79,43938,4175099.00,493
BSE,VIJAYA,INE043W01024,A,1405.55,1431.05,1334.30,1352.55,1365.85,35934,49776833.00,2295
BSE,VIJIFIN,INE159N01027,T,11.31,11.32,11.31,11.32,11.10,1517258,17163103.00,179
BSE,VIJSOLX,INE362D01010,XT,700.00,700.00,684.00,684.00,694.65,140,96857.00,12
BSE,VIKALPS,INE186E01011,X,18.10,18.10,18.10,18.10,18.07,47,850.00,1
BSE,VIKASECO,INE806A01020,B,1.11,1.13,1.10,1.12,1.11,229657,255791.00,234
BSE,VIKASLIFE,INE161L01027,B,1.26,1.27,1.25,1.26,1.26,322878,407288.00,7456
BSE,VIKASPROP,INE767B01022,Z,0.26,0.27,0.25,0.26,0.26,198471,51481.00,83
BSE,VIKASWSP,INE706A01022,Z,0.99,1.01,0.94,0.96,0.97,147180,144429.00,83
BSE,VIKRAMAR,INE0NR501012,X,70.00,71.95,68.30,69.43,69.96,782,54829.00,23
BSE,VIKRAMSOLR,INE078V01014,A,162.15,168.55,156.25,163.95,174.00,939714,154329368.00,9455
BSE,VIKRAMTH,INE337E01010,XT,251.30,255.00,247.00,253.65,250.05,17206,4339332.00,176
BSE,VIKRAN,INE01R501028,B,71.16,72.09,71.10,71.65,71.80,54134,3884922.00,486
BSE,VIMTALABS,INE579C01029,B,636.95,656.20,635.00,650.70,642.30,10218,6637592.00,792
BSE,VINATIORGA,INE410B01037,A,1330.05,1348.50,1320.00,1323.90,1349.25,1563,2079713.00,170
BSE,VINAYAKPOL,INE581M01016,X,22.10,22.10,22.10,22.10,21.05,70,1547.00,2
BSE,VINCOFE,INE498Q01014,B,148.60,151.65,146.80,148.30,150.35,87203,12999354.00,1005
BSE,VINDHYATEL,INE707A01012,B,2313.90,2313.90,2215.00,2261.70,2274.10,1885,4226449.00,336
BSE,VINEETLAB,INE505Y01010,T,38.60,39.29,37.50,37.51,39.30,3699,139455.00,30
BSE,VINNY,INE01KI01027,B,1.06,1.08,1.06,1.06,1.08,9642,10271.00,23
BSE,VINRKLB,INE092O01028,X,29.22,29.22,29.22,29.22,27.83,83,2425.00,1
BSE,VINTAGES,INE153C01015,X,14.62,14.62,14.62,14.62,14.62,70,1023.00,4
BSE,VINYLINDIA,INE250B01029,B,257.90,257.90,241.75,242.50,245.55,459,112155.00,55
BSE,VINYOFL,INE526H01011,X,53.22,53.99,52.20,52.45,53.07,361,19084.00,9
BSE,VIPCLOTHNG,INE450G01024,T,21.40,21.40,20.00,20.16,21.03,14131,287809.00,79
BSE,VIPIND,INE054A01027,A,313.95,317.00,311.45,315.35,314.75,3585,1127594.00,157
BSE,VIPPYSP,INE660D01017,X,169.00,176.00,169.00,174.30,171.35,70,11965.00,7
BSE,VIPULLTD,INE946H01037,T,12.05,12.20,11.81,11.90,12.34,15667,186588.00,63
BSE,VIPULORG,INE834D01018,X,246.95,251.75,244.05,245.40,246.85,1750,432241.00,30
BSE,VIRAT,INE467D01017,X,355.00,370.00,351.00,364.90,357.75,7349,2623230.00,69
BSE,VIRATCRA,INE295C01014,X,33.50,33.89,31.00,32.80,33.30,15969,523281.00,66
BSE,VIRGOGLOB,INE400B01020,XT,2.75,2.75,2.59,2.60,2.72,18564,48377.00,70
BSE,VIRINCHI,INE539B01017,B,15.12,15.89,15.12,15.87,15.44,6401,99950.00,57
BSE,VIRTUALG,INE247C01023,X,0.43,0.44,0.42,0.43,0.44,107661,46244.00,123
BSE,VISACHROME,INE286H01012,T,36.70,38.49,36.70,38.15,38.30,1090,40732.00,10
BSE,VISAGAR,INE309H01038,X,0.32,0.33,0.32,0.32,0.33,563056,181657.00,229
BSE,VISAKAIND,INE392A01021,B,89.90,101.00,88.67,98.86,86.12,539485,50972531.00,2730
BSE,VISHAL,INE755Q01025,B,18.75,18.90,18.11,18.59,18.45,66044,1220254.00,479
BSE,VISHALBL,INE060T01024,B,50.22,50.22,48.00,49.26,49.98,783,38537.00,41
BSE,VISHNU,INE270I01022,B,588.20,598.30,582.00,586.05,594.15,1816,1069029.00,125
BSE,VISHWARAJ,INE430N01022,B,5.39,5.39,5.30,5.34,5.30,14792,78998.00,59
BSE,VISIONCINE,INE515B01025,XT,1.28,1.28,1.16,1.18,1.22,35812,42338.00,35
BSE,VISIONCO,INE661D01015,X,2.00,2.00,2.00,2.00,2.04,1185,2370.00,8
BSE,VISL,INE1CLE01013,B,35.49,36.19,34.80,35.23,35.89,3231477,114606174.00,10228
BSE,VISTAPH,INE427C01021,X,6.80,6.80,6.20,6.49,6.89,18014,115884.00,82
BSE,VISTARAMAR,INE878P01019,X,215.80,233.65,215.80,228.95,227.10,4494,1030153.00,83
BSE,VISVEN,INE762D01011,X,38.94,46.70,38.55,40.46,38.94,1127,44088.00,20
BSE,VIVANTA,INE299W01022,X,1.77,1.77,1.68,1.74,1.65,108088,185371.00,260
BSE,VIVANZA,INE984E01035,X,1.88,1.89,1.88,1.89,1.89,3675,6924.00,11
BSE,VIVIDHA,INE370E01029,B,0.52,0.59,0.52,0.53,0.52,31165,16861.00,54
BSE,VIVIDIND,INE737C01023,X,18.00,18.39,17.80,18.25,18.14,2316,41608.00,19
BSE,VIVIDM,INE647Z01025,B,5.73,6.50,5.49,6.11,5.63,802491,4886363.00,595
BSE,VIVIMEDLAB,INE526G01021,T,4.91,5.18,4.91,5.06,5.04,5763,28906.00,18
BSE,VIVOBIOT,INE380K01017,X,22.09,22.09,21.05,21.73,22.08,13800,297357.00,66
BSE,VIYASH,INE807F01027,A,273.00,281.15,271.10,277.10,272.90,96153,26571910.00,1487
BSE,VKAL,INE427T01025,X,0.92,0.92,0.80,0.84,0.84,562378,479750.00,390
BSE,VLEGOV,INE03HW01020,T,11.15,11.15,10.94,10.95,10.94,2017,22143.00,18
BSE,VLL,INE347L01022,X,54.00,58.00,54.00,54.77,56.00,318,17256.00,9
BSE,VLSFINANCE,INE709A01018,B,265.45,266.45,263.00,265.00,263.55,273,72103.00,26
BSE,VMART,INE665J01013,A,809.00,818.55,785.10,799.25,815.10,5721,4611800.00,441
BSE,VMM,INE01EA01019,A,109.35,110.10,108.00,108.55,110.15,343781,37367179.00,3337
BSE,VMS,INE932K01015,X,20.62,21.70,20.62,21.07,21.16,10397,217853.00,119
BSE,VMSTMT,INE0SJA01013,T,44.99,46.49,44.99,45.68,44.99,7591,344339.00,49
BSE,VOEPL,INE0I0T01010,B,516.15,517.60,501.65,505.25,506.00,3469,1772292.00,99
BSE,VOGL,INE704J01044,B,35.89,36.42,34.58,34.95,35.85,1743234,62157001.00,5242
BSE,VOITHPAPR,INE285C01015,X,1531.70,1531.70,1477.00,1503.25,1521.75,1550,2332655.00,88
BSE,VOLKAI,INE820M01018,XT,102.05,107.00,102.03,103.74,107.40,6709,695967.00,51
BSE,VOLLF,INE763D01019,X,15.44,15.44,15.44,15.44,14.72,5,77.00,1
BSE,VOLTAMP,INE540H01012,A,10040.65,10091.00,9863.90,9962.20,9941.55,924,9207245.00,347
BSE,VOLTAS,INE226A01021,A,1277.75,1303.70,1271.25,1282.65,1278.50,42050,54027437.00,3057
BSE,VPAL,INE1L3801017,MT,200.50,202.70,196.00,202.70,201.05,12800,2571200.00,6
BSE,VPL,INE0Q6901013,M,32.59,37.79,32.59,37.79,36.84,7200,257688.00,4
BSE,VPRPL,INE0AE001013,T,29.65,30.96,28.80,30.96,29.49,53584,1634045.00,250
BSE,VRAJ,INE0S2V01010,B,123.00,123.60,122.00,122.00,122.05,365,44684.00,54
BSE,VRFILMS,INE06LG01010,B,14.40,15.50,14.40,14.68,14.70,6770,99554.00,24
BSE,VRL,INE406F01010,XT,178.00,182.00,172.00,178.10,174.30,1083,192232.00,33
BSE,VRLLOG,INE366I01010,B,286.00,288.00,281.00,281.30,284.35,11824,3354889.00,367
BSE,VRUDDHI,INE0OMZ01013,M,221.00,221.00,200.00,203.05,234.00,10500,2198500.00,19
BSE,VSFPROJ,INE923K01014,X,33.65,33.65,33.17,33.17,31.80,17,567.00,6
BSE,VSL,INE607V01028,B,9.90,10.49,9.81,10.40,9.90,539831,5513529.00,509
BSE,VSSL,INE050M01012,B,344.95,344.95,328.00,342.20,333.30,25683,8703671.00,1032
BSE,VSTIND,INE710A01016,B,219.20,220.75,219.00,219.20,219.65,20193,4435629.00,480
BSE,VSTL,INE0QTF01015,B,106.55,107.95,105.90,106.90,108.35,1711,182595.00,313
BSE,VSTTILLERS,INE764D01017,B,4560.00,4560.65,4470.00,4491.25,4559.90,1071,4814368.00,246
BSE,VTL,INE825A01020,A,605.00,615.10,601.95,607.30,602.45,19697,11969567.00,1162
BSE,VTMLTD,INE222F01029,X,60.06,60.99,59.50,60.74,60.15,23106,1393708.00,117
BSE,VVIPIL,INE0MNP01016,M,122.95,122.95,122.00,122.00,122.95,2400,293370.00,3
BSE,VXLINSTR,INE756A01019,XT,3.88,3.88,3.69,3.69,3.88,1169,4332.00,21
BSE,WAA,INE799N01012,M,46.00,46.00,43.00,43.78,46.00,23200,1013688.00,29
BSE,WAAREE,INE725P01012,MT,230.50,234.00,230.50,234.00,233.55,3675,852722.00,16
BSE,WAAREEENER,INE377N01017,A,2659.60,2730.00,2657.00,2703.55,2695.00,121676,329137939.00,6980
BSE,WAAREEINDO,INE866K01023,B,336.95,336.95,327.75,327.75,345.00,5507,1808563.00,92
BSE,WAAREERTL,INE299N01021,A,901.35,914.95,901.35,908.90,905.55,14298,13005090.00,781
BSE,WABAG,INE956G01038,A,1875.10,1988.95,1875.10,1957.05,1991.55,15403,30257869.00,1018
BSE,WAGEND,INE786K01023,X,1.14,1.24,1.14,1.24,1.18,79445,98509.00,60
BSE,WAKEFIT,INE0E7301029,B,133.20,136.30,127.05,127.75,128.15,771230,102264383.00,3484
BSE,WALCHANNAG,INE711A01022,B,231.95,233.55,228.00,230.80,231.50,25538,5890014.00,439
BSE,WALCHPF,INE695D01021,X,149.85,149.85,143.05,149.75,143.75,468,69576.00,15
BSE,WALLFORT,INE121B01014,X,79.90,79.90,77.10,77.10,77.20,1319,105318.00,7
BSE,WANBURY,INE107F01022,B,275.00,275.50,253.90,254.85,273.95,22420,5911433.00,628
BSE,WARDINMOBI,INE945P01024,X,6.71,6.80,6.67,6.70,6.70,491265,3298796.00,687
BSE,WARDWIZFBL,INE761D01021,X,10.92,10.94,10.50,10.76,10.42,335223,3623923.00,261
BSE,WARRENTEA,INE712A01012,X,48.64,49.28,47.23,47.45,48.50,697,33310.00,29
BSE,WATERBASE,INE054C01015,X,44.49,44.90,43.52,43.88,42.56,20971,925892.00,234
BSE,WCIL,INE0CJF01024,B,88.39,90.50,87.18,88.85,90.17,4801,424410.00,206
BSE,WEALTH,INE658T01017,B,933.00,969.00,915.10,959.90,969.00,42,40026.00,9
BSE,WEBELSOLAR,INE855C01023,A,92.25,97.57,92.25,96.48,93.64,223573,21410650.00,1627
BSE,WEIZMANIND,INE080A01014,B,79.00,79.00,79.00,79.00,77.02,25,1975.00,1
BSE,WEL,INE02WG01024,B,119.50,134.00,119.50,129.65,120.35,57220,7371764.00,824
BSE,WELCORP,INE191B01025,A,1819.80,1865.00,1819.80,1839.40,1817.35,22222,41008439.00,1288
BSE,WELCURE,INE331C01025,X,0.25,0.25,0.24,0.25,0.24,2624104,647479.00,370
BSE,WELENT,INE625G01013,A,569.60,592.90,569.45,589.20,568.25,22999,13419055.00,706
BSE,WELSPLSOL,INE731F01037,B,50.80,50.80,49.17,49.90,50.05,89938,4486627.00,455
BSE,WELSPUNLIV,INE192B01031,A,159.30,169.50,159.30,164.05,159.30,353555,58826887.00,4755
BSE,WENDT,INE274C01019,B,8105.50,8315.40,8105.50,8134.85,8035.85,254,2077433.00,136
BSE,WEPSOLN,INE434B01029,X,32.59,32.59,31.07,31.92,31.61,57205,1847931.00,72
BSE,WESTLEIRES,INE266P01017,X,76.95,76.95,76.94,76.94,73.55,75,5771.00,4
BSE,WESTLIFE,INE274F01020,A,583.55,605.10,565.05,595.00,576.90,6476,3823492.00,289
BSE,WEWIN,INE082W01014,T,46.00,47.84,46.00,47.00,46.00,104,4886.00,4
BSE,WEWORK,INE085001019,B,756.65,775.00,748.05,752.65,746.35,9663,7334717.00,615
BSE,WHBRADY,INE855A01019,X,500.25,534.00,497.75,525.75,507.70,161,82383.00,23
BSE,WHEELS,INE715A01015,B,1400.50,1411.10,1382.00,1387.15,1406.20,3824,5330176.00,367
BSE,WHIRLPOOL,INE716A01013,A,836.90,839.25,800.10,813.25,829.90,509257,421537508.00,2753
BSE,WHITEORG,INE146C01019,X,3.54,3.66,3.52,3.61,3.54,11503,41226.00,38
BSE,WILLAMAGOR,INE210A01017,B,26.89,26.89,26.84,26.84,26.94,110,2954.00,27
BSE,WILLIMFI,INE188E01017,X,6.87,6.87,6.56,6.56,6.90,108,710.00,3
BSE,WINDLAS,INE0H5O01029,B,880.00,887.90,864.05,883.65,872.50,2115,1863441.00,281
BSE,WINDMACHIN,INE052A01021,B,275.70,308.55,269.65,304.40,277.15,35144,10550612.00,720
BSE,WINSOMBR,INE391C01011,X,20.35,20.90,19.58,20.37,20.66,3901,78661.00,96
BSE,WINSOMTX,INE837B01031,X,102.00,103.78,88.50,91.39,102.36,49567,4687392.00,533
BSE,WIPRO,INE075A01022,A,186.10,188.35,185.70,186.70,185.90,350030,65524009.00,4757
BSE,WIREFABR,INE469D01013,X,133.50,133.50,133.50,133.50,134.00,28,3738.00,2
BSE,WOCKPHARMA,INE049B01025,A,1972.10,2026.75,1970.00,2020.70,1973.00,36727,73628632.00,1853
BSE,WONDERLA,INE066O01014,B,484.05,495.95,480.40,493.55,486.00,5052,2474838.00,272
BSE,WORKMATES,INE1I1301016,M,324.00,334.00,323.00,334.00,330.00,16800,5511360.00,25
BSE,WORTH,INE114O01020,XT,3.86,3.86,3.61,3.78,3.78,245095,930379.00,247
BSE,WORTHPERI,INE196Y01018,B,150.00,169.00,150.00,161.85,148.50,7466,1197853.00,169
BSE,WOSAL,INE1MF401019,M,13.80,16.15,13.80,14.22,15.90,12000,180300.00,6
BSE,WPIL,INE765D01022,B,439.00,442.55,430.15,435.85,439.40,8505,3701033.00,481
BSE,WSFX,INE549D01012,X,67.87,70.00,66.51,68.38,67.88,1389,94321.00,20
BSE,WSI,INE100D01014,B,53.15,61.00,53.15,59.80,60.75,5550,332232.00,61
BSE,WSTCSTPAPR,INE976A01021,B,597.00,602.00,589.70,599.45,593.40,4405,2636341.00,308
BSE,WWALUM,INE550D01010,X,21.10,22.14,21.10,22.14,21.10,540,11395.00,8
BSE,XCHANGING,INE692G01013,B,65.50,68.54,65.50,67.34,68.37,8677,585668.00,203
BSE,XELPMOC,INE01P501012,B,84.00,84.00,81.21,82.84,84.00,564,46340.00,21
BSE,XPROINDIA,INE445C01015,B,1121.75,1126.60,1071.90,1100.30,1116.20,5622,6129466.00,503
BSE,XTGLOBAL,INE547B01028,B,33.42,33.90,31.40,31.44,32.05,10477,345477.00,199
BSE,XTRANET,INE0NG701011,T,129.50,136.15,128.00,136.15,129.70,26950,3632251.00,297
BSE,YAANENT,INE969E01010,X,120.05,123.00,120.05,120.15,119.95,3739,451072.00,22
BSE,YAASHVI,INE1T6L01010,M,83.00,83.55,77.00,78.54,82.57,120000,9691648.00,42
BSE,YAJUR,INE0CNJ01010,MT,37.50,37.99,37.32,37.99,37.50,7200,271008.00,9
BSE,YAMNINV,INE457N01025,XT,0.63,0.63,0.61,0.62,0.63,233647,145049.00,244
BSE,YARNSYN,INE564C01013,X,13.02,14.18,13.02,13.74,14.32,13994,187710.00,33
BSE,YASHCHEM,INE571U01010,X,53.40,53.40,48.56,49.95,49.19,284,14541.00,19
BSE,YASHHTEJ,INE1O6P01016,M,68.50,68.90,68.50,68.90,65.62,18000,1239720.00,15
BSE,YASHHV,INE00GK01023,M,986.00,986.00,945.20,956.95,983.00,39750,38355812.00,143
BSE,YASHINNO,INE823D01011,X,37.73,39.50,36.15,39.15,38.34,11405,445706.00,54
BSE,YASHMGM,INE216B01012,X,9.38,9.45,9.20,9.35,9.24,2885,26643.00,25
BSE,YASHO,INE616Z01012,B,4077.00,4219.00,4076.00,4167.60,4178.25,1916,8001233.00,370
BSE,YASHRAJC,INE095C01018,XT,5.04,5.04,5.04,5.04,5.04,4,20.00,2
BSE,YATHARTH,INE0JO301016,A,866.60,880.90,862.70,870.25,870.75,7931,6889835.00,385
BSE,YATRA,INE0JR601024,B,109.70,111.25,106.20,107.00,110.25,48504,5311293.00,451
BSE,YESBANK,INE528G01035,A,22.68,22.80,22.63,22.70,22.80,2969655,67421117.00,24851
BSE,YOGI,INE290E01011,X,161.05,166.95,161.05,161.75,161.10,965,156892.00,18
BSE,YOGISUNG,INE429B01011,X,6.85,7.14,6.03,6.87,6.72,3425,22084.00,24
BSE,YORKEXP,INE057Q01018,X,63.14,63.14,62.92,62.94,62.83,137,8627.00,7
BSE,YSL,INE868X01014,X,28350.00,28560.00,28350.00,28540.00,27200.00,40,1140165.00,31
BSE,YUKEN,INE384C01016,B,809.15,816.35,791.60,799.90,803.45,1451,1167626.00,177
BSE,YUNIKM,INE143K01019,X,7.14,7.99,7.14,7.62,7.12,2014,15629.00,33
BSE,YUVRAAJHPL,INE139D01020,X,7.50,7.88,6.80,7.71,7.51,133863,992467.00,144
BSE,ZAGGLE,INE07K301024,A,205.25,209.10,205.20,206.20,206.15,23756,4908599.00,558
BSE,ZAPPFRESH,INE0SUM01015,M,73.50,73.50,70.11,71.30,71.99,33600,2411052.00,25
BSE,ZBINTXPP,INE626H01019,XT,1600.05,1600.05,1600.05,1600.05,1600.05,3,4800.00,3
BSE,ZDHJERK,INE239F01015,X,24.60,24.60,23.50,23.50,24.60,3,72.00,2
BSE,ZEAL,INE819S01025,X,11.03,11.25,11.03,11.13,11.21,40832,453790.00,162
BSE,ZEEL,INE256A01028,A,93.00,95.60,92.60,94.15,92.50,834832,78507825.00,3912
BSE,ZEELEARN,INE565L01011,T,8.00,8.00,7.73,7.82,8.00,72819,570669.00,143
BSE,ZEEMEDIA,INE966H01019,B,7.16,7.30,7.09,7.21,7.11,167513,1201153.00,421
BSE,ZELIO,INE1B3501014,MT,682.60,710.40,682.60,710.40,696.50,76500,53184950.00,72
BSE,ZENIFIB,INE106C01013,X,51.56,53.50,51.50,51.54,51.55,1664,86503.00,22
BSE,ZENITHEXPO,INE058B01018,B,218.95,218.95,218.95,218.95,200.00,1,218.00,1
BSE,ZENITHHE,INE812B01026,X,3.20,3.68,2.90,3.18,3.25,105699,343807.00,275
BSE,ZENITHSTL,INE318D01020,B,5.88,5.88,5.26,5.37,5.61,62200,336251.00,125
BSE,ZENLABS,INE546F01013,XT,28.91,29.00,28.11,28.50,29.50,420,12137.00,10
BSE,ZENOTECH,INE486F01012,X,44.28,44.89,44.25,44.89,44.28,757,33689.00,18
BSE,ZENSARTECH,INE520A01027,A,500.05,507.50,497.00,499.00,501.25,79040,39695573.00,2021
BSE,ZENTEC,INE251B01027,A,1735.05,1755.00,1715.00,1724.25,1737.10,29678,51454729.00,1899
BSE,ZFCVINDIA,INE342J01019,A,2603.75,2658.45,2566.05,2625.45,2575.75,4677,12161153.00,501
BSE,ZFSTEERING,INE116C01012,B,674.80,674.80,657.10,661.70,662.95,325,214933.00,53
BSE,ZIMLAB,INE518E01015,T,109.65,112.25,109.05,112.10,114.75,3195,352453.00,25
BSE,ZKHANDEN,INE687W01010,XT,112.85,112.85,112.85,112.85,118.75,840,94794.00,7
BSE,ZMILGFIN,INE679T01013,X,39.90,45.10,35.36,44.74,38.15,560217,23663524.00,617
BSE,ZMULTIPU,INE017P01014,X,10.49,10.49,10.49,10.49,10.50,177,1856.00,1
BSE,ZODIAC,INE761Y01019,B,250.45,256.25,250.45,251.00,254.85,651,164387.00,45
BSE,ZODIACLOTH,INE206B01013,B,76.16,76.16,76.15,76.15,76.35,72,5483.00,2
BSE,ZODIACVEN,INE945J01027,X,1.60,1.64,1.54,1.57,1.64,313958,490299.00,239
BSE,ZODJRDMKJ,INE077B01018,X,39.00,39.00,36.07,37.69,37.65,27653,1036403.00,140
BSE,ZR2,INE218N01021,X,99.00,99.00,99.00,99.00,95.00,7,693.00,3
BSE,ZSARACOM,INE967G01019,B,11899.60,11900.00,11899.60,11899.70,12000.00,4,47598.00,2
BSE,ZSVARAJT,INE406N01014,X,7.36,8.19,7.36,7.64,7.84,1132,9232.00,19
BSE,ZUARI,INE840M01016,B,229.15,229.15,224.90,226.85,226.45,7349,1662489.00,325
BSE,ZUARIIND,INE217A01012,B,263.35,263.35,256.00,257.50,261.10,1391,358101.00,34
BSE,ZWELCAST,INE380G01015,X,670.05,680.00,656.80,672.50,680.00,32,21221.00,15
BSE,ZYDUSLIFE,INE010B01027,A,1101.20,1117.75,1093.30,1115.20,1106.25,15772,17452911.00,814
BSE,ZYDUSWELL,INE768C01028,A,527.15,534.85,522.70,533.55,530.70,16666,8803591.00,706
