exchange,symbol,isin,series,open,high,low,close,prev_close,volume,value,trades
NSE,20MICRONS,INE144J01027,EQ,193.03,199.80,192.50,196.03,192.46,173167,34129182.32,3859
NSE,21STCENMGM,INE253B01015,EQ,40.17,40.97,39.94,40.97,40.17,4003,163895.05,55
NSE,360ONE,INE466L01038,EQ,1153.60,1158.50,1136.60,1147.80,1135.30,366010,420902973.10,18019
NSE,3BBLACKBIO,INE994E01018,EQ,1247.10,1282.00,1231.20,1248.10,1247.10,4007,5047101.70,472
NSE,3IINFOLTD,INE748C01038,EQ,23.41,25.05,23.40,24.39,23.21,3449586,84002459.61,8011
NSE,3MINDIA,INE470A01017,EQ,35170.00,36660.00,35020.00,35955.00,34615.00,6489,232536525.00,3365
NSE,3PLAND,INE105C01023,EQ,33.00,33.00,31.45,31.63,31.70,2931,93164.34,95
NSE,5PAISA,INE618L01018,EQ,353.75,356.20,350.40,353.25,348.60,16751,5929099.70,834
NSE,63MOONS,INE111B01023,EQ,941.25,957.95,882.00,897.05,931.40,2873773,2665856600.55,73300
NSE,A2ZINFRA,INE619I01012,EQ,15.76,17.10,15.76,17.10,15.55,1605294,26905322.77,1930
NSE,AAATECH,INE0D0U01013,EQ,89.38,91.45,88.00,90.60,89.38,16635,1497862.38,837
NSE,AADHARHFC,INE883F01010,EQ,502.05,515.95,490.40,504.15,496.70,656790,329242569.90,25125
NSE,AAKASH,INE087Z01024,EQ,9.13,9.13,8.85,8.98,8.95,77021,693320.80,313
NSE,AAREYDRUGS,INE198H01019,BE,80.47,81.75,77.50,81.53,77.86,59350,4776313.21,295
NSE,AARNAV,INE750R01016,EQ,31.73,31.73,30.25,30.44,31.36,37253,1140004.15,351
NSE,AARON,INE721Z01010,EQ,133.50,136.75,130.00,131.60,135.81,21709,2885009.16,780
NSE,AARTECH,INE01C001026,BE,46.44,48.50,46.01,46.96,46.44,19078,896170.72,130
NSE,AARTIDRUGS,INE767A01016,EQ,424.00,424.00,405.00,407.25,422.75,383239,158565868.45,12168
NSE,AARTIIND,INE769A01020,EQ,486.35,492.55,482.00,486.80,489.10,805775,393378465.55,18506
NSE,AARTIPHARM,INE0LRU01027,EQ,670.80,693.00,670.65,675.80,667.15,86652,58747119.60,8103
NSE,AARTISURF,INE09EO01013,EQ,470.00,481.00,455.25,481.00,400.85,103704,48949116.30,1711
NSE,AARVI,INE754X01016,EQ,153.00,158.28,153.00,155.21,156.70,36090,5610950.35,1364
NSE,AASTHA,INE2FMX01012,EQ,76.60,77.40,76.00,76.12,76.25,1564318,119209662.49,3331
NSE,AAVAS,INE216P01012,EQ,1359.80,1453.20,1359.80,1439.00,1359.80,142280,203560417.00,18278
NSE,ABAN,INE421A01028,BE,16.57,16.57,16.57,16.57,15.79,54545,903810.65,176
NSE,ABANSENT,INE365O01028,BE,25.72,26.45,25.70,25.95,26.79,11572,299344.88,93
NSE,ABB,INE117A01022,EQ,7243.50,7657.00,7243.00,7601.00,7284.50,1207164,9001932245.00,97429
NSE,ABBOTINDIA,INE358A01014,EQ,27950.00,28045.00,27680.00,27895.00,27800.00,9455,263778600.00,4124
NSE,ABCAPITAL,INE674K01013,EQ,410.00,430.70,410.00,424.35,404.30,14133770,5989442724.55,136186
NSE,ABCOTS,INE08PH01015,EQ,199.05,202.90,198.60,200.91,198.85,4106,826117.44,241
NSE,ABDL,INE552Z01027,EQ,619.50,630.00,616.00,619.55,619.50,159051,99020321.45,7748
NSE,ABFRL,INE647O01011,EQ,60.69,62.95,60.15,62.41,60.24,10947431,678829564.93,49225
NSE,ABINFRA,INE00YB01025,EQ,10.18,10.20,10.00,10.06,10.05,195761,1980983.59,462
NSE,ABLBL,INE14LE01019,EQ,95.40,96.17,93.85,95.91,94.67,1330639,126993700.00,11672
NSE,ABMINTLLTD,INE251C01025,EQ,45.00,45.00,42.00,42.51,43.71,1513,63815.31,9
NSE,ABMKNO,INE850B01026,EQ,197.00,201.92,188.00,198.99,190.05,492,98516.28,35
NSE,ABREL,INE055A01016,EQ,1446.90,1449.50,1415.10,1432.10,1418.10,98610,141095128.40,8670
NSE,ABSLAMC,INE404A01024,EQ,1026.30,1027.80,1000.00,1017.80,1011.80,292827,298417254.50,18720
NSE,ACC,INE012A01025,EQ,1374.00,1400.90,1360.00,1398.00,1357.40,427582,594046221.50,23775
NSE,ACCELYA,INE793A01012,EQ,1160.00,1160.00,1135.50,1141.90,1142.60,4889,5594136.20,896
NSE,ACCURACY,INE648Z01023,BE,4.80,4.86,4.75,4.80,4.80,30080,144889.11,171
NSE,ACE,INE731H01025,EQ,1072.00,1114.80,1071.40,1105.40,1070.30,853582,936519294.10,34111
NSE,ACEINTEG,INE543V01017,EQ,19.85,19.85,18.81,19.37,19.04,5575,106941.71,80
NSE,ACI,INE128X01021,EQ,528.00,543.10,522.60,535.60,525.65,407906,218248963.10,16755
NSE,ACL,INE666E01020,EQ,48.85,48.85,47.16,47.72,47.63,11075,529960.79,195
NSE,ACMESOLAR,INE622W01025,EQ,364.70,376.35,362.60,371.10,362.60,3058650,1133673083.65,58098
NSE,ACSTECH,INE366C01021,EQ,39.80,41.40,39.80,40.21,39.97,143511,5846080.58,436
NSE,ACUTAAS,INE00FF01025,EQ,3100.00,3150.70,3025.00,3116.40,3104.90,479397,1488216960.30,60422
NSE,ADANIENSOL,INE931S01010,EQ,1654.30,1676.00,1635.80,1647.00,1645.40,1135101,1876009583.20,38730
NSE,ADANIENT,INE423A01024,EQ,3025.00,3077.00,3024.50,3068.00,3009.50,891429,2726738681.50,43917
NSE,ADANIGREEN,INE364U01010,EQ,1390.00,1427.00,1386.60,1395.00,1383.00,3037528,4276693005.20,62114
NSE,ADANIPORTS,INE742F01042,EQ,1713.40,1715.90,1692.80,1701.00,1696.50,1664693,2837168507.80,72450
NSE,ADANIPOWER,INE814H01029,EQ,211.80,215.11,211.15,213.65,211.31,13859607,2952130842.31,81285
NSE,ADFFOODS,INE982B01027,EQ,272.95,279.90,270.95,273.75,270.95,117969,32372279.15,4829
NSE,ADL,INE0CHO01012,EQ,72.00,82.85,69.52,78.97,71.33,2531,192197.96,35
NSE,ADOR,INE045A01017,EQ,1480.00,1508.80,1474.10,1503.30,1444.70,60045,89736683.10,5846
NSE,ADROITINFO,INE737B01033,EQ,9.99,10.99,9.73,9.87,10.01,74649,749910.16,257
NSE,ADSL,INE102I01027,EQ,120.00,120.00,115.53,116.94,114.64,121064,14166484.92,2005
NSE,ADVAIT,INE0ALI01010,EQ,2340.00,2418.00,2315.00,2359.20,2310.60,56187,133661453.50,6490
NSE,ADVANCE,INE1B0W01010,EQ,126.26,129.00,122.30,124.56,125.01,539029,68416076.81,4261
NSE,ADVANIHOTR,INE199C01026,EQ,51.13,52.00,51.13,51.56,51.06,9794,506764.80,279
NSE,ADVENTHTL,INE28GN01010,EQ,148.10,149.75,146.82,147.88,147.67,91892,13604397.82,1662
NSE,ADVENZYMES,INE837H01020,EQ,334.00,343.00,318.60,323.75,315.10,1793899,590433897.05,33909
NSE,AEGISLOG,INE208C01025,EQ,1286.50,1400.00,1282.10,1388.30,1280.80,2444861,3330357385.80,85673
NSE,AEGISVOPAK,INE0INX01018,EQ,293.00,306.40,292.60,301.80,290.16,2083398,629136057.10,38458
NSE,AEPL,INE757T01025,EQ,14.21,14.57,14.21,14.32,14.38,12960,185099.30,108
NSE,AEQUS,INE947N01017,EQ,229.70,240.68,228.20,233.66,229.16,4222534,995768435.62,39143
NSE,AEROENTER,INE065D01027,EQ,121.22,124.00,120.81,123.30,119.43,220022,27075218.53,3118
NSE,AEROFLEX,INE024001021,EQ,435.70,439.75,428.10,431.40,435.45,607121,263534452.70,12783
NSE,AERONEU,INE035801013,EQ,86.00,89.80,86.00,87.73,86.00,64813,5684736.22,1719
NSE,AEROPLANE,INE05TO01019,EQ,204.90,206.90,198.00,198.62,200.34,587646,119322850.52,6248
NSE,AETHER,INE0BWX01014,EQ,1561.00,1574.90,1492.70,1509.50,1539.60,557752,849303294.00,37869
NSE,AFCONS,INE101I01011,EQ,271.15,282.05,271.15,275.95,271.15,1309257,362036878.95,24059
NSE,AFFLE,INE00WC01027,EQ,1608.70,1668.20,1580.00,1663.00,1586.00,447915,735310141.60,40703
NSE,AFFORDABLE,INE692Z01013,BE,182.95,182.95,175.30,177.54,180.86,12142,2168773.69,250
NSE,AFIL,INE916Y01027,EQ,9.34,9.44,9.15,9.22,9.30,253814,2346498.77,574
NSE,AFSL,INE00ZE01026,EQ,201.07,202.49,201.00,201.72,201.04,9485,1910162.63,112
NSE,AGARIND,INE204E01012,EQ,510.00,526.90,509.80,514.95,499.80,59423,30816261.10,2729
NSE,AGARWALEYE,INE943P01029,EQ,477.90,495.20,477.35,483.30,478.00,56679,27395434.90,5864
NSE,AGI,INE415A01038,EQ,710.00,713.30,703.00,704.25,709.25,80787,57112087.85,2508
NSE,AGIIL,INE976R01033,EQ,315.95,324.50,307.70,309.15,312.10,2549469,806936868.00,18354
NSE,AGL,INE1YPB01014,EQ,12.10,12.55,12.10,12.46,12.23,1465955,18099611.65,3101
NSE,AGRITECH,INE449G01018,BE,114.89,114.89,109.00,112.00,109.63,5130,563560.96,71
NSE,AGROPHOS,INE740V01019,EQ,29.33,29.72,28.63,29.18,29.25,9808,285775.11,145
NSE,AHCL,INE0Y8W01025,EQ,14.45,14.85,14.45,14.71,14.61,1760550,25958108.08,2692
NSE,AHLADA,INE00PV01013,EQ,37.94,37.94,36.00,36.38,36.96,15998,589041.81,148
NSE,AHLEAST,INE926K01017,EQ,144.10,144.99,142.05,143.12,145.10,1406,200946.65,58
NSE,AHLUCONT,INE758C01029,EQ,824.00,848.00,823.75,833.60,821.40,33625,28041933.90,4262
NSE,AHLWEST,INE915K01010,BE,542.00,542.00,521.00,537.00,541.15,402,211440.30,9
NSE,AIAENG,INE212H01026,EQ,4568.00,4700.00,4460.00,4684.60,4591.00,57776,267678204.20,15054
NSE,AIIL,INE206F01022,EQ,549.00,556.75,541.40,548.80,539.30,105935,58027003.60,6848
NSE,AIRAN,INE645W01026,EQ,15.40,15.40,14.97,15.03,15.13,86715,1307945.55,330
NSE,AIROLAM,INE801L01010,EQ,88.00,88.49,86.04,86.17,86.03,934,80704.87,42
NSE,AJANTPHARM,INE031B01049,EQ,3485.50,3540.00,3476.20,3513.90,3465.20,119278,418959859.20,23153
NSE,AJAXENGG,INE274Y01021,EQ,580.50,597.50,580.50,594.00,580.15,49050,28986888.95,3272
NSE,AJMERA,INE298G01035,EQ,126.95,131.00,126.95,130.41,126.34,297862,38596204.81,3571
NSE,AJOONI,INE820Y01021,EQ,3.93,4.05,3.93,3.99,4.00,201708,807942.96,473
NSE,AKASH,INE737W01013,EQ,26.55,27.23,26.16,26.34,26.69,6719,177265.25,61
NSE,AKCAPIT,INE701G01012,EQ,1712.00,1750.00,1693.20,1748.50,1693.30,1972,3412836.40,305
NSE,AKG,INE00Y801016,EQ,10.06,10.69,9.90,10.05,9.86,30104,303892.02,118
NSE,AKI,INE642Z01026,EQ,4.28,4.28,4.01,4.08,4.14,136796,561522.41,218
NSE,AKSHAR,INE256Z01025,EQ,0.39,0.41,0.39,0.40,0.39,1354682,551265.40,271
NSE,AKSHARCHEM,INE542B01011,BE,249.93,260.00,241.20,255.54,249.94,7544,1923136.61,118
NSE,AKSHOPTFBR,INE523B01011,BE,5.70,5.71,5.47,5.71,5.44,133889,763540.09,137
NSE,AKUMS,INE09XN01023,EQ,666.70,688.30,664.65,681.20,658.35,143860,97892168.95,9219
NSE,ALANKIT,INE914E01040,EQ,7.90,7.90,7.62,7.77,7.78,103580,805769.17,603
NSE,ALBERTDAVD,INE155C01010,EQ,691.75,707.85,686.20,692.55,689.30,5943,4140098.70,195
NSE,ALEMBICLTD,INE426A01027,EQ,91.35,92.17,91.07,91.67,91.13,594583,54467510.23,3829
NSE,ALGOQUANT,INE598D01035,EQ,69.00,70.97,67.60,69.34,68.41,1528105,105238033.89,6412
NSE,ALICON,INE062D01024,EQ,679.95,724.90,661.20,702.75,672.35,23053,16159543.05,1817
NSE,ALIVUS,INE03Q201024,EQ,1182.80,1225.00,1172.90,1214.40,1160.00,199736,241203654.80,25069
NSE,ALKALI,INE773I01017,BE,71.00,71.00,68.50,68.59,70.66,13416,928380.60,86
NSE,ALKEM,INE540L01014,EQ,5774.50,5774.50,5668.00,5707.00,5751.50,122664,699128451.50,22120
NSE,ALKYLAMINE,INE150B01039,EQ,1785.90,1845.00,1785.90,1824.40,1785.60,48406,88314502.30,8268
NSE,ALLCARGO,INE418H01029,EQ,8.08,8.25,8.05,8.20,8.03,2879970,23572923.61,3539
NSE,ALLDIGI,INE835G01018,EQ,815.70,816.95,792.00,814.40,812.70,16603,13440449.55,1216
NSE,ALLTIME,INE0GV601021,EQ,223.25,227.00,220.15,221.95,221.01,57115,12745396.36,1777
NSE,ALMONDZ,INE326B01035,EQ,14.76,14.94,13.57,13.80,14.76,168249,2387513.70,681
NSE,ALOKINDS,INE270A01029,EQ,12.01,12.13,12.01,12.04,11.92,2054221,24786228.38,4049
NSE,ALPA,INE385I01010,EQ,67.55,68.25,66.15,66.66,66.84,13453,903046.57,309
NSE,ALPHAGEO,INE137C01018,EQ,225.90,264.15,220.25,264.15,220.13,276528,70850621.30,5046
NSE,ALPINETEX,INE1JCQ01037,BE,71.30,74.50,69.50,71.68,73.15,456767,32129933.43,4786
NSE,AMAGI,INE121R01077,EQ,659.00,690.00,652.35,669.70,650.70,376284,253751849.90,28658
NSE,AMANTA,INE084K01015,BE,171.80,172.09,171.80,172.09,168.72,40274,6928632.85,183
NSE,AMBALALSA,INE432A01017,EQ,35.49,37.70,34.07,36.83,34.84,403707,14874981.81,2094
NSE,AMBER,INE371P01015,EQ,7567.00,7567.00,7400.00,7400.00,7440.50,133339,997487572.50,17988
NSE,AMBICAAGAR,INE792B01012,EQ,25.49,25.49,24.75,25.05,25.00,3362,83983.48,35
NSE,AMBIKCO,INE540G01014,EQ,1711.80,1788.00,1711.80,1778.90,1711.80,22628,40069453.30,2000
NSE,AMBUJACEM,INE079A01024,EQ,434.20,444.50,434.20,444.00,432.20,3648798,1611866316.25,40362
NSE,AMDIND,INE005I01014,EQ,46.99,47.99,46.43,47.52,46.43,14397,679765.22,145
NSE,AMJLAND,INE606A01024,EQ,39.46,39.46,36.30,38.12,39.34,31333,1185215.03,473
NSE,AMNPLST,INE275D01022,EQ,202.01,208.26,196.00,197.51,198.81,10787,2168165.86,582
NSE,AMRUTANJAN,INE098F01031,EQ,520.00,522.40,517.50,521.20,515.00,8820,4585408.05,874
NSE,ANANDRATHI,INE463V01026,EQ,2094.00,2114.90,2050.00,2058.70,2073.70,121852,252505657.30,13953
NSE,ANANTRAJ,INE242C01024,EQ,626.00,641.70,621.15,626.15,624.50,2760905,1743448203.45,48613
NSE,ANDHRAPAP,INE435A01051,EQ,62.40,62.84,61.65,61.99,61.03,313581,19472528.91,1192
NSE,ANDHRSUGAR,INE715B01021,EQ,82.99,86.20,82.95,85.48,82.13,398288,33977665.69,3956
NSE,ANGELONE,INE732I01021,EQ,299.90,302.50,296.30,302.00,297.95,4487008,1345595580.20,40137
NSE,ANIKINDS,INE087B01017,EQ,43.50,43.50,42.98,43.13,41.33,5878,253014.55,39
NSE,ANMOL,INE02AR01019,EQ,10.00,10.20,9.96,10.01,10.12,16537,166573.95,141
NSE,ANTELOPUS,INE818A01017,EQ,821.00,846.00,812.00,834.55,821.50,130427,108937646.00,5757
NSE,ANTGRAPHIC,INE414B01021,EQ,0.76,0.78,0.75,0.75,0.75,116107,87963.16,199
NSE,ANTHEM,INE0CZ201020,EQ,819.00,832.95,802.20,829.85,809.20,960047,790584073.25,44115
NSE,ANUHPHR,INE489G01022,EQ,81.47,81.47,79.50,80.41,79.48,47682,3842475.26,915
NSE,ANUP,INE294Z01018,EQ,2173.10,2199.90,2151.50,2175.40,2172.90,14483,31651936.50,3047
NSE,ANURAS,INE930P01018,EQ,1211.00,1216.80,1196.00,1209.80,1207.80,199378,240840995.90,10171
NSE,APARINDS,INE372A01015,EQ,14400.00,14994.00,14321.00,14746.00,14348.00,281739,4159747803.00,47243
NSE,APCL,INE071F01012,EQ,101.15,103.40,101.15,102.03,100.60,6249,638548.31,199
NSE,APCOTEXIND,INE116A01032,EQ,614.00,636.00,605.10,617.60,611.35,621211,385490371.00,18927
NSE,APEX,INE346W01013,EQ,373.95,382.55,372.75,380.40,371.50,83417,31668125.40,3419
NSE,APLAPOLLO,INE702C01027,EQ,1820.30,1958.00,1820.30,1941.50,1819.50,4251591,8099294787.50,129957
NSE,APLLTD,INE901L01018,EQ,797.05,815.05,792.55,805.75,797.05,58590,47330078.55,5604
NSE,APOLLO,INE713T01028,EQ,393.95,400.10,391.05,397.35,389.90,4826053,1913908370.25,38945
NSE,APOLLOHOSP,INE437A01024,EQ,9030.00,9049.00,8789.00,8820.00,8957.00,250717,2225793468.00,31071
NSE,APOLLOPIPE,INE126J01016,EQ,520.00,533.60,510.00,515.85,515.60,217488,113178895.60,6530
NSE,APOLLOTYRE,INE438A01022,EQ,432.25,438.35,430.95,436.60,428.15,623690,271692584.05,19506
NSE,APOLSINHOT,INE451F01024,EQ,1210.70,1217.80,1195.10,1207.10,1200.00,382,461324.00,89
NSE,APTECHT,INE266F01018,BE,92.10,96.00,90.48,95.27,91.67,146999,13816465.64,1405
NSE,APTUS,INE852O01025,EQ,263.95,265.20,258.50,263.60,261.20,1314539,344920742.10,28464
NSE,AQYLON,INE416A01051,EQ,25.81,26.76,24.22,26.75,25.49,10374623,273058764.94,12963
NSE,ARCHIDPLY,INE877I01016,EQ,83.00,83.48,81.30,81.80,81.14,1504,123167.79,58
NSE,ARCHIES,INE731A01020,EQ,13.88,14.75,13.77,13.95,13.77,5427,76289.92,87
NSE,ARE&M,INE885A01032,EQ,916.20,939.40,912.00,932.30,910.45,1710264,1592978394.05,68911
NSE,ARENTERP,INE610C01014,EQ,41.26,41.99,38.67,38.96,41.46,5934,234009.74,126
NSE,ARFIN,INE784R01023,EQ,89.00,90.44,84.00,85.49,89.77,2342321,206093284.73,7970
NSE,ARIES,INE298I01015,EQ,334.10,342.00,333.45,340.70,337.45,4220,1430006.60,201
NSE,ARIHANT,INE413D01011,EQ,1142.00,1142.00,1106.20,1137.90,1142.75,1624,1842028.80,194
NSE,ARIHANTCAP,INE420B01036,EQ,78.00,79.70,77.02,77.48,78.34,208574,16396054.41,1892
NSE,ARIHANTSUP,INE643K01018,EQ,262.00,263.00,259.00,259.85,261.85,4384,1141677.05,128
NSE,ARIS,INE0H9P01028,EQ,129.95,133.50,129.00,129.94,128.65,1878707,246937378.21,12978
NSE,ARKADE,INE0QRL01017,EQ,142.50,142.97,140.00,140.65,141.19,239449,33879722.79,3000
NSE,ARMANFIN,INE109C01017,EQ,1941.00,2001.00,1941.00,1994.30,1941.00,34160,67811912.70,3251
NSE,AROGRANITE,INE210C01013,EQ,25.50,25.79,24.90,25.16,25.44,20710,521216.20,124
NSE,ARROWGREEN,INE570D01018,BE,732.00,736.00,715.00,727.50,722.40,10421,7557144.10,286
NSE,ARSSBL,INE549H01021,EQ,518.70,518.70,510.00,511.20,510.80,83356,42707615.80,2541
NSE,ARTEMISMED,INE025R01021,EQ,304.80,305.00,299.00,302.20,298.50,261601,78871002.90,5366
NSE,ARTNIRMAN,INE738V01013,EQ,37.02,39.50,37.02,38.18,37.07,3348,127825.60,55
NSE,ARVEE,INE006Z01016,EQ,156.72,158.29,153.85,155.44,156.72,62,9574.06,8
NSE,ARVIND,INE034A01011,EQ,517.80,537.40,516.50,528.95,513.20,623621,330610444.95,25417
NSE,ARVINDFASN,INE955V01021,EQ,453.45,456.70,445.55,449.15,450.00,164972,74318184.75,9182
NSE,ARVSMART,INE034S01021,EQ,595.90,604.45,595.90,600.65,592.55,16680,9995800.25,868
NSE,ASAHIINDIA,INE439A01020,EQ,875.00,900.55,875.00,897.05,876.55,46380,41447692.30,5055
NSE,ASAHISONG,INE228I01012,BE,413.95,413.95,378.00,391.35,394.90,36757,14292179.70,615
NSE,ASAL,INE900C01027,EQ,501.90,510.00,501.90,507.85,500.20,13492,6833570.20,1050
NSE,ASALCBR,INE073G01016,EQ,765.00,793.15,765.00,777.85,763.25,25180,19696672.65,2174
NSE,ASHAPURMIN,INE348A01023,EQ,709.65,731.00,708.00,717.85,702.55,903568,652871032.95,22721
NSE,ASHIANA,INE365D01021,EQ,397.00,399.00,384.30,385.55,390.65,53104,20698487.65,1721
NSE,ASHIKAG,INE094B01013,EQ,509.90,520.95,471.10,477.50,498.55,900303,441814422.90,14523
NSE,ASHIMASYN,INE440A01010,EQ,18.08,18.59,17.80,18.09,18.08,106327,1939185.16,595
NSE,ASHOKA,INE442H01029,EQ,121.92,122.68,120.80,121.12,121.09,960055,116557484.73,6122
NSE,ASHOKAMET,INE760Y01011,EQ,14.18,14.50,14.18,14.19,14.18,15401,219076.79,99
NSE,ASHOKLEY,INE208A01029,EQ,169.28,175.00,169.13,174.55,166.18,47817945,8277104966.59,211720
NSE,ASIANENE,INE276G01015,EQ,408.90,418.00,402.05,410.65,398.55,835789,344629336.05,16969
NSE,ASIANHOTNR,INE363A01022,EQ,307.95,308.90,299.65,303.35,300.10,118626,36185174.30,2259
NSE,ASIANPAINT,INE021A01026,EQ,2770.90,2810.00,2762.10,2810.00,2747.30,1040453,2890424435.50,54451
NSE,ASIANTILES,INE022I01019,EQ,54.97,55.18,53.07,53.83,54.68,5168198,278929934.86,13953
NSE,ASKAUTOLTD,INE491J01022,EQ,535.00,577.95,529.00,569.65,528.05,1082723,600182776.85,39691
NSE,ASMS,INE855F01042,BE,7.02,7.20,7.00,7.08,7.02,118400,837758.09,342
NSE,ASPINWALL,INE991I01015,EQ,234.10,243.00,234.10,236.19,233.57,1733,413455.42,60
NSE,ASTAR,INE194D01017,EQ,624.90,624.90,585.10,585.10,594.95,92,54694.00,9
NSE,ASTEC,INE563J01010,EQ,645.00,663.80,625.00,628.30,655.35,70469,44831593.45,4536
NSE,ASTERDM,INE914M01019,EQ,825.05,836.50,808.00,815.15,822.15,623483,510437261.50,36482
NSE,ASTRAL,INE006I01046,EQ,1465.00,1465.70,1425.20,1435.60,1448.60,652477,941540138.50,33076
NSE,ASTRAMICRO,INE386C01029,EQ,1878.00,1893.50,1831.00,1848.80,1861.60,372847,694610925.70,21944
NSE,ASTRAZEN,INE203A01020,EQ,8250.00,8510.00,8180.00,8300.00,8100.00,13555,113207271.50,4568
NSE,ASTRON,INE646X01014,BE,3.93,3.93,3.70,3.88,3.80,37132,141334.18,75
NSE,ATALREAL,INE0ALR01029,EQ,33.25,33.90,33.25,33.54,33.17,8515476,285848335.57,6129
NSE,ATAM,INE09KD01013,EQ,65.99,67.00,65.01,65.49,64.44,5993,394343.91,119
NSE,ATGL,INE399L01023,EQ,655.90,677.85,654.00,667.60,651.45,1235916,827960967.55,32775
NSE,ATHERENERG,INE0LEZ01016,EQ,1269.00,1289.90,1242.00,1272.70,1260.30,3918512,4948437772.20,112841
NSE,ATL,INE0NN701020,EQ,23.26,23.60,23.16,23.28,23.24,64482,1507041.68,516
NSE,ATLANTAA,INE285H01022,EQ,35.10,35.70,34.56,35.20,35.10,15290,538485.43,336
NSE,ATLANTAELE,INE0Z4F01028,EQ,1588.00,1610.00,1551.30,1589.80,1539.00,109420,173507367.70,9253
NSE,ATLASCYCLE,INE446A01025,EQ,99.25,99.25,96.43,97.58,98.35,3463,337730.72,66
NSE,ATUL,INE100A01010,EQ,6765.00,6872.00,6756.50,6777.00,6736.50,23390,159198451.00,6125
NSE,ATULAUTO,INE951D01028,EQ,521.50,573.75,520.00,563.35,515.45,1998434,1102988363.00,44570
NSE,AUBANK,INE949L01017,EQ,1054.10,1060.00,1038.40,1060.00,1047.30,1367532,1431275890.10,33222
NSE,AURIONPRO,INE132H01018,EQ,734.15,751.00,733.00,739.55,733.40,233978,173112699.30,8595
NSE,AUROPHARMA,INE406A01037,EQ,1586.90,1591.80,1541.60,1554.70,1580.20,1496353,2341846690.80,96457
NSE,AURUM,INE898S01029,EQ,224.99,224.99,218.00,218.62,219.92,165374,36371048.36,2482
NSE,AURUS,INE142K01011,EQ,4.55,4.75,4.50,4.61,4.54,24301,111295.55,110
NSE,AUSOMENT,INE218C01016,BE,143.14,146.00,139.00,142.14,143.14,5384,758845.50,59
NSE,AUTOAXLES,INE449A01011,EQ,1824.40,1890.00,1810.20,1880.50,1801.20,43652,80917621.90,3328
NSE,AUTOIND,INE718H01014,BE,88.45,90.50,86.01,88.86,87.83,34292,3057655.56,195
NSE,AVADHSUGAR,INE349W01017,EQ,510.00,575.00,510.00,558.70,504.00,578282,314572828.80,19065
NSE,AVALON,INE0LCL01028,EQ,1814.00,1834.30,1740.00,1751.80,1807.90,280823,500853376.70,31001
NSE,AVANTEL,INE005B01027,EQ,162.00,164.79,162.00,162.99,161.89,634730,103782794.46,6984
NSE,AVANTIFEED,INE871C01038,EQ,907.35,931.90,901.00,907.30,899.60,650344,593202429.20,21901
NSE,AVG,INE680Z01018,BE,204.15,209.00,202.05,204.00,204.15,8304,1708093.41,127
NSE,AVL,INE679V01027,EQ,625.00,635.10,604.80,623.65,638.05,338580,210019779.80,20768
NSE,AVONMORE,INE323B01024,EQ,11.35,11.48,11.25,11.36,11.17,126394,1434896.06,617
NSE,AVROIND,INE652Z01025,EQ,8.79,8.83,8.53,8.77,8.71,94601,826065.77,368
NSE,AVTNPL,INE488D01021,EQ,72.18,72.18,69.10,70.71,71.47,42562,3013819.96,633
NSE,AWFIS,INE108V01019,EQ,280.00,283.10,276.05,277.30,278.10,171951,47935503.70,4883
NSE,AWHCL,INE01BK01022,EQ,429.55,438.95,426.80,429.65,426.80,130134,56058643.45,4982
NSE,AWL,INE699H01024,EQ,190.25,193.90,189.36,190.30,189.44,3413191,651280322.07,31138
NSE,AXISBANK,INE238A01034,EQ,1236.90,1272.00,1230.50,1272.00,1229.50,6713421,8381120870.50,121530
NSE,AXISCADES,INE555B01013,EQ,1564.00,1599.00,1535.80,1572.90,1553.50,224880,351705483.40,13753
NSE,AXITA,INE02EZ01022,EQ,7.35,7.42,7.30,7.30,7.32,414015,3041298.98,824
NSE,AYE,INE501X01029,EQ,167.97,175.49,166.41,172.60,166.52,852884,147624198.98,13902
NSE,AYMSYNTEX,INE193B01039,EQ,251.00,259.90,248.00,251.60,251.81,14782,3725819.20,1200
NSE,AZAD,INE02IJ01035,EQ,2309.70,2372.00,2275.10,2306.80,2292.50,304016,708305001.50,25287
NSE,BAFNAPH,INE878I01022,BE,268.20,268.20,268.20,268.20,262.91,593,159042.60,16
NSE,BAGFILMS,INE116D01028,EQ,4.47,4.53,4.37,4.45,4.42,116426,519197.84,161
NSE,BAIDFIN,INE020D01022,EQ,9.89,10.10,9.89,10.01,9.81,24127,240973.55,192
NSE,BAJAJ-AUTO,INE917I01010,EQ,11575.00,11856.00,11456.00,11856.00,11520.50,281232,3238878272.00,41492
NSE,BAJAJCON,INE933K01021,EQ,524.10,534.45,518.45,523.80,524.10,1264747,663577262.30,47269
NSE,BAJAJELEC,INE193E01025,EQ,336.00,342.00,334.00,337.65,332.90,110852,37533319.20,3046
NSE,BAJAJFINSV,INE918I01026,EQ,2050.50,2096.00,2040.40,2096.00,2029.10,2850085,5922649717.10,107806
NSE,BAJAJHCARE,INE411U01027,EQ,341.00,342.00,336.70,340.40,336.45,111278,37733901.95,3070
NSE,BAJAJHFL,INE377Y01014,EQ,86.85,87.29,86.31,86.85,86.02,3208217,278626755.21,28966
NSE,BAJAJHIND,INE306A01021,EQ,16.90,17.65,16.90,17.52,16.75,8736035,152025511.02,11642
NSE,BAJAJHLDNG,INE118A01012,EQ,11313.00,11629.00,11257.00,11599.00,11343.00,46101,528071650.00,14262
NSE,BAJAJINDEF,INE0O9T01021,EQ,238.99,238.99,232.65,234.80,234.70,11245,2651598.57,290
NSE,BAJAJST,INE704G01024,EQ,396.40,403.30,382.20,385.55,396.40,24121,9402849.60,1454
NSE,BAJEL,INE0KQN01018,EQ,175.50,180.00,175.50,177.35,176.80,117082,20870682.86,1517
NSE,BAJFINANCE,INE296A01032,EQ,1176.30,1176.40,1140.20,1153.00,1141.20,13758012,15941654317.20,222678
NSE,BALAJEE,INE0S2G01011,EQ,27.33,27.87,27.11,27.36,27.33,12158,333527.14,147
NSE,BALAJITELE,INE794B01026,EQ,84.01,86.70,84.00,84.54,83.61,116653,9955037.12,1244
NSE,BALAMINES,INE050E01027,EQ,2148.00,2165.00,2010.40,2025.20,2133.30,368391,763425898.70,33051
NSE,BALAXI,INE618N01022,EQ,23.67,24.75,23.67,24.00,23.90,13887,333580.10,120
NSE,BALKRISHNA,INE875R01011,EQ,17.25,18.25,17.25,18.05,17.24,16164,288837.41,98
NSE,BALKRISIND,INE787D01026,EQ,2478.50,2521.90,2442.10,2492.20,2473.50,541456,1346996572.10,41221
NSE,BALMLAWRIE,INE164A01016,EQ,173.95,175.65,172.68,174.14,172.20,167087,29088739.40,2680
NSE,BALPHARMA,INE083D01012,EQ,88.40,90.59,88.00,89.49,88.09,14911,1331366.16,349
NSE,BALRAMCHIN,INE119A01028,EQ,595.05,665.50,594.00,646.80,586.20,3161974,1994973304.55,62714
NSE,BALUFORGE,INE011E01029,EQ,440.45,451.95,440.45,444.85,440.35,387655,172838264.10,9665
NSE,BANARBEADS,INE655B01011,EQ,115.40,117.60,112.01,113.98,115.29,4734,544729.51,200
NSE,BANARISUG,INE459A01010,EQ,3474.90,3532.50,3470.00,3487.20,3475.30,345,1208855.80,70
NSE,BANCOINDIA,INE213C01025,EQ,644.20,664.00,643.60,657.75,637.25,158594,104353103.95,12049
NSE,BANDHANBNK,INE545U01014,EQ,175.14,176.25,172.59,173.65,174.13,5621918,983683837.98,58612
NSE,BANG,INE863I01016,EQ,30.10,31.25,29.30,30.27,29.57,16281,486831.34,121
NSE,BANKA,INE862Y01015,BE,88.00,88.00,87.00,87.92,86.01,445,39041.35,17
NSE,BANKBARODA,INE028A01039,EQ,244.05,248.48,244.00,247.25,242.60,8511143,2100328333.47,72513
NSE,BANKINDIA,INE084A01016,EQ,139.01,141.66,139.01,140.50,137.95,8509334,1194083288.20,38866
NSE,BANSALWIRE,INE0B9K01025,EQ,315.00,320.00,315.00,318.50,314.65,54172,17199914.45,1624
NSE,BANSWRAS,INE629D01020,EQ,126.00,128.00,123.50,127.34,123.66,31778,4013829.99,560
NSE,BASF,INE373A01013,EQ,3652.00,3750.00,3652.00,3729.70,3633.80,14660,54637336.20,2829
NSE,BASML,INE186H01022,BE,26.06,27.50,26.06,27.06,26.87,57271,1554696.60,168
NSE,BATAINDIA,INE176A01028,EQ,693.10,716.00,693.10,709.65,696.15,600705,425863816.75,20094
NSE,BATLIBOI,INE177C01022,EQ,82.00,83.91,82.00,82.55,81.88,8753,727557.55,173
NSE,BAYERCROP,INE462A01022,EQ,4270.00,4324.00,4255.80,4303.30,4234.40,27279,117213678.70,5305
NSE,BBL,INE464A01036,EQ,2539.00,2586.60,2535.00,2564.50,2524.40,28315,72743954.70,3842
NSE,BBOX,INE676A01027,EQ,769.00,796.00,742.20,753.70,755.50,509040,391550096.20,27422
NSE,BBTC,INE050A01025,EQ,1520.00,1558.00,1497.00,1537.20,1497.10,111484,169864891.80,9863
NSE,BBTCL,INE01EE01011,EQ,239.00,239.00,220.00,222.48,241.22,31193,7079798.15,1079
NSE,BCG,INE425B01027,EQ,9.38,9.50,9.30,9.35,9.33,2536384,23849299.15,2956
NSE,BCLIND,INE412G01024,EQ,37.75,38.25,37.00,37.89,36.74,1467506,55594991.12,7343
NSE,BCONCEPTS,INE977Y01011,EQ,188.05,191.00,185.88,189.14,188.55,10751,2019932.87,628
NSE,BCPL,INE00SW01015,EQ,70.80,71.69,70.00,70.41,69.07,9435,666390.13,198
NSE,BDL,INE171Z01026,EQ,1254.90,1272.00,1254.90,1265.00,1253.10,361236,456833258.20,16475
NSE,BEARDSELL,INE520H01022,EQ,26.85,27.76,26.85,27.50,26.85,13877,378993.25,105
NSE,BECTORFOOD,INE495P01020,EQ,207.34,213.20,207.13,211.27,206.46,1052608,222189540.43,13624
NSE,BEDMUTHA,INE844K01012,EQ,109.40,114.00,109.20,111.71,108.91,3431,382359.10,52
NSE,BEEKAY,INE213D01015,EQ,406.20,406.20,390.70,392.80,394.40,1540,607064.00,75
NSE,BEL,INE263A01024,EQ,390.00,392.25,388.00,392.15,387.85,9389415,3660928507.10,206783
NSE,BELLACASA,INE344T01014,EQ,242.00,254.99,238.10,246.04,237.40,24355,6027369.75,967
NSE,BELRISE,INE894V01022,EQ,239.90,244.90,238.40,241.86,236.73,5748763,1392809271.67,61334
NSE,BEML,INE258A01024,EQ,1755.00,1768.00,1740.00,1743.70,1750.40,149171,260794775.90,12295
NSE,BENGALASM,INE083K01017,EQ,6379.00,6379.00,6180.50,6205.00,6218.50,43,269223.50,23
NSE,BEPL,INE922A01025,EQ,117.89,121.70,116.93,120.72,116.02,2334789,278723516.10,16191
NSE,BERGEPAINT,INE463A01038,EQ,522.30,536.55,522.00,526.55,520.45,389074,205403610.05,16813
NSE,BESTAGRO,INE052T01021,EQ,19.71,19.80,18.50,18.89,19.12,9001014,170571790.27,18572
NSE,BETA,INE351Y01019,EQ,2231.90,2390.00,2226.80,2353.00,2231.90,33631,78016096.40,5625
NSE,BFINVEST,INE878K01010,EQ,468.50,487.00,460.05,483.00,454.85,140019,67443339.20,7246
NSE,BFUTILITIE,INE243D01012,EQ,580.00,595.95,575.00,576.20,570.35,85468,49931398.30,3276
NSE,BGRENERGY,INE661I01014,BE,289.00,293.85,273.25,278.40,287.60,100511,27999437.20,1342
NSE,BHAGCHEM,INE414D01027,EQ,291.95,316.90,289.05,298.35,290.75,1299490,398895217.10,27206
NSE,BHAGERIA,INE354C01027,BE,222.78,222.78,214.11,219.57,212.18,46209,10212575.76,443
NSE,BHAGYANGR,INE458B01036,BE,389.90,393.30,376.10,387.45,380.30,73246,28385692.20,1225
NSE,BHANDARI,INE474E01029,BE,2.84,2.90,2.84,2.89,2.86,73669,211802.73,178
NSE,BHARATCOAL,INE05XR01022,EQ,34.25,34.59,33.90,34.09,33.97,7406978,253473712.54,16713
NSE,BHARATFORG,INE465A01025,EQ,2218.00,2232.50,2192.00,2211.00,2199.80,596791,1317534048.40,33516
NSE,BHARATGEAR,INE561C01019,BE,125.03,127.40,122.20,123.57,126.22,18702,2323208.39,223
NSE,BHARATRAS,INE838B01021,EQ,1286.00,1349.90,1280.30,1337.20,1280.30,19868,26338895.60,1992
NSE,BHARATSE,INE415D01024,EQ,223.90,230.99,222.10,223.36,221.65,423854,96082947.79,10553
NSE,BHARATWIRE,INE316L01019,EQ,197.48,204.85,197.48,202.77,196.99,204511,41304688.88,3462
NSE,BHARTIARTL,INE397D01024,EQ,1987.40,1987.40,1943.00,1970.50,1972.00,4361200,8535939553.80,132115
NSE,BHARTIHEXA,INE343G01021,EQ,1633.40,1653.90,1618.40,1645.80,1607.50,68641,112820382.90,7869
NSE,BHEL,INE257A01026,EQ,409.00,414.35,406.45,411.15,407.00,5593016,2296286699.20,51573
NSE,BI,INE986A01012,EQ,59.07,62.50,59.07,61.83,58.89,14711,904152.92,227
NSE,BIGBLOC,INE412U01025,EQ,45.45,46.03,44.50,45.80,45.45,42425,1935295.72,774
NSE,BIKAJI,INE00E101023,EQ,641.65,656.00,641.65,650.00,641.65,86120,56049437.60,7087
NSE,BIL,INE828A01016,EQ,764.95,764.95,735.00,760.85,740.60,1859,1397567.40,130
NSE,BILVYAPAR,INE071A01013,BE,4.09,4.09,3.91,4.04,4.06,2912,11597.23,23
NSE,BIMETAL,INE469A01019,EQ,651.30,678.00,635.25,637.15,669.70,2106,1363696.35,109
NSE,BIOCON,INE376G01013,EQ,429.00,429.50,423.30,427.00,425.70,3389704,1444587815.55,30908
NSE,BIOFILCHEM,INE829A01014,EQ,32.05,33.89,32.05,33.07,31.94,12853,424059.39,173
NSE,BIRLACABLE,INE800A01015,BE,214.00,214.00,214.00,214.00,203.81,22264,4764496.00,198
NSE,BIRLACORPN,INE340A01012,EQ,903.00,909.20,884.00,906.10,890.50,129029,115592317.40,11954
NSE,BIRLAMONEY,INE865C01022,EQ,134.84,136.37,133.15,134.25,134.84,44422,5999183.17,1107
NSE,BIRLANU,INE557A01011,EQ,1341.70,1369.90,1334.70,1341.30,1334.70,6095,8209254.20,819
NSE,BIRLAPREC,INE372E01025,EQ,34.80,34.95,33.56,34.80,34.07,10751,372020.72,92
NSE,BLACKBUCK,INE0UIZ01018,EQ,545.20,555.00,541.00,551.00,542.50,455290,249924836.45,19008
NSE,BLACKROSE,INE761G01016,BE,116.28,116.29,113.10,113.86,110.76,44745,5155825.70,478
NSE,BLAL,INE0N7W01012,EQ,172.75,176.20,172.75,174.62,172.75,17946,3134002.45,387
NSE,BLBLIMITED,INE791A01024,EQ,15.88,15.95,15.35,15.39,15.50,114654,1783178.59,289
NSE,BLIL,INE525F01025,EQ,70.89,71.25,70.06,70.88,70.37,61331,4334442.13,935
NSE,BLISSGVS,INE416D01022,BE,473.50,483.90,462.55,466.45,465.65,156322,73920309.20,1882
NSE,BLKASHYAP,INE350H01032,EQ,55.00,55.25,53.80,54.32,54.46,174052,9501044.79,1274
NSE,BLS,INE153T01027,EQ,240.00,251.50,239.42,250.75,239.40,1694645,419361724.77,29051
NSE,BLSE,INE0NLT01010,EQ,306.10,307.65,298.10,299.80,300.66,824838,249793490.05,12933
NSE,BLUECHIP,INE657B01025,BE,1.73,1.73,1.73,1.73,1.76,5452,9431.96,22
NSE,BLUECOAST,INE472B01011,BE,24.74,25.91,24.61,24.64,24.74,3945,98188.27,33
NSE,BLUEDART,INE233B01017,EQ,5560.00,5745.00,5326.00,5427.00,5160.30,601176,3320243691.50,88033
NSE,BLUEJET,INE0KBH01020,EQ,633.00,647.80,577.05,589.50,626.25,6512064,3931615080.00,140606
NSE,BLUESTARCO,INE472A01039,EQ,1683.40,1730.00,1678.60,1729.20,1681.20,374036,640184785.40,22891
NSE,BLUESTONE,INE304W01038,EQ,823.40,831.00,791.05,802.70,816.20,5474663,4426430819.70,108887
NSE,BLUSPRING,INE0U4101014,EQ,115.85,120.99,112.05,114.78,115.85,643179,75295485.41,6226
NSE,BMWVENTLTD,INE965W01036,EQ,56.86,58.41,56.76,57.69,56.85,76337,4402302.38,883
NSE,BNAGROCHEM,INE00HZ01011,BE,279.00,292.95,269.50,285.75,279.00,818,224547.20,37
NSE,BNALTD,INE489D01011,BE,391.05,411.00,383.00,411.00,393.00,106,40847.80,13
NSE,BODALCHEM,INE338D01028,BE,70.66,74.19,70.66,73.97,70.66,481198,35297049.15,1419
NSE,BOHRAIND,INE802W01023,EQ,14.96,15.29,14.10,15.00,14.67,14199,206614.32,79
NSE,BOMDYEING,INE032A01023,EQ,122.30,122.99,121.60,121.92,121.53,200678,24539302.87,2728
NSE,BONLON,INE0B9A01018,EQ,38.55,42.35,38.55,41.23,40.34,1950,80857.45,77
NSE,BORANA,INE16SF01016,EQ,324.65,334.00,317.25,318.85,324.65,24131,7775499.00,573
NSE,BOROLTD,INE02PY01013,EQ,236.60,239.84,231.47,233.47,236.44,91420,21507079.04,3133
NSE,BORORENEW,INE666D01022,EQ,564.00,564.00,552.05,553.95,555.70,409223,228006352.95,11819
NSE,BOROSCI,INE02L001032,EQ,160.01,163.50,147.20,153.42,157.65,341108,53857745.41,4290
NSE,BOSCH-HCIL,INE782A01015,EQ,1398.00,1409.70,1374.00,1390.20,1391.30,71134,99176111.00,2718
NSE,BOSCHLTD,INE323A01026,EQ,41325.00,41600.00,41105.00,41300.00,41085.00,14910,616401000.00,6149
NSE,BPCL,INE029A01011,EQ,324.75,329.95,322.00,329.95,319.75,5844038,1897168659.65,45871
NSE,BPL,INE110A01019,EQ,53.90,54.95,53.90,54.49,53.33,24580,1338220.32,609
NSE,BRIGADE,INE791I01019,EQ,581.95,587.55,575.00,583.65,580.20,430693,251185030.45,19297
NSE,BRIGHOTEL,INE03NU01014,EQ,60.29,62.79,59.65,61.04,59.45,268790,16468794.92,3968
NSE,BRITANNIA,INE216A01030,EQ,5422.00,5531.00,5401.00,5531.00,5416.50,201410,1098057953.00,21091
NSE,BRNL,INE727S01012,EQ,17.55,18.22,17.20,17.47,17.51,45968,808533.88,279
NSE,BROOKS,INE650L01011,BE,61.16,62.40,61.00,61.26,60.98,8073,498977.70,89
NSE,BSE,INE118H01025,EQ,3660.00,3671.40,3560.00,3575.00,3646.20,3750195,13556092530.90,185434
NSE,BSHSL,INE032Z01020,BE,86.00,88.55,85.35,86.00,85.00,4759,411987.30,44
NSE,BSL,INE594B01012,EQ,126.95,126.95,123.25,123.65,124.80,3036,376892.91,103
NSE,BSOFT,INE836A01035,EQ,303.95,323.00,303.10,321.50,302.40,3371518,1069457734.00,52782
NSE,BTML,INE0EEJ01023,EQ,6.95,6.98,6.58,6.84,7.09,403947,2739395.39,760
NSE,BTTL,INE274K01012,BE,45.32,46.36,45.11,46.14,47.48,15770,716508.79,65
NSE,BUILDPRO,INE24OJ01011,EQ,1250.00,1360.00,1249.10,1343.60,1242.20,222434,293742207.70,13053
NSE,BUTTERFLY,INE295F01017,EQ,723.40,755.00,722.20,736.50,719.65,82511,60868635.80,4082
NSE,BVCL,INE139I01011,EQ,42.42,42.42,39.25,40.61,41.20,22305,902740.38,227
NSE,BYKE,INE319B01014,BE,35.49,35.49,34.00,34.45,35.16,18546,644141.19,66
NSE,CALSOFT,INE526B01014,BE,21.32,22.10,21.11,21.81,21.32,52140,1126297.86,187
NSE,CAMLINFINE,INE052I01032,EQ,125.25,130.50,125.25,128.47,127.74,331756,42733521.66,4750
NSE,CAMPUS,INE278Y01022,EQ,223.90,225.00,222.38,223.20,222.35,553988,123884648.56,12924
NSE,CAMS,INE596I01020,EQ,810.00,815.00,789.80,791.00,796.15,1922245,1544732267.25,49977
NSE,CANBK,INE476A01022,EQ,125.95,127.59,125.50,127.10,124.98,18180646,2307424542.68,84292
NSE,CANFINHOME,INE477A01020,EQ,824.60,825.25,813.45,817.00,820.60,287473,234769495.10,16843
NSE,CANHLIFE,INE01TY01017,EQ,148.00,154.80,147.15,150.92,146.45,1146685,172490394.22,11486
NSE,CANTABIL,INE068L01024,EQ,245.55,252.47,244.60,247.24,245.55,189873,46871443.44,2594
NSE,CAPACITE,INE264T01014,EQ,216.01,218.70,213.05,213.61,214.70,362818,77976105.92,5859
NSE,CAPILLARY,INE0ILV01024,EQ,505.95,505.95,493.05,495.55,497.35,61368,30425505.80,1965
NSE,CAPITALSFB,INE646H01017,EQ,292.00,298.90,292.00,295.65,291.70,18503,5456287.75,691
NSE,CAPLIPOINT,INE475E01026,EQ,2516.80,2586.50,2496.20,2566.10,2516.80,55647,142208407.40,11512
NSE,CAPTRUST,INE707C01018,EQ,18.70,19.07,18.70,19.07,18.17,87562,1665765.57,355
NSE,CARBORUNIV,INE120A01034,EQ,1076.10,1110.00,1063.80,1095.50,1063.80,199525,216710068.10,21113
NSE,CARERATING,INE752H01013,EQ,1723.00,1763.00,1703.20,1715.60,1709.50,50880,88148596.10,9541
NSE,CARRARO,INE0V7W01012,EQ,538.90,545.15,533.05,542.80,536.40,129879,70552815.45,10079
NSE,CARTRADE,INE290S01011,EQ,2746.00,2827.90,2727.70,2803.30,2719.60,352049,986160394.20,28171
NSE,CARYSIL,INE482D01024,EQ,1170.10,1196.00,1168.00,1188.30,1175.30,71106,84096403.00,6502
NSE,CASTROLIND,INE172A01027,EQ,185.54,186.90,184.98,185.84,185.21,1264598,235296743.03,14505
NSE,CCAVENUE,INE483S01020,EQ,16.04,18.05,15.92,17.43,15.85,95564917,1641509170.14,100946
NSE,CCCL,INE429I01024,EQ,15.65,15.99,15.56,15.73,15.49,124087,1957463.10,511
NSE,CCHHL,INE652F01027,EQ,13.01,13.47,12.82,13.06,13.08,32135,424200.29,153
NSE,CCL,INE421D01022,EQ,1156.50,1197.10,1136.10,1152.40,1155.30,182159,212704290.30,16031
NSE,CDSL,INE736A01011,EQ,1341.90,1354.00,1318.00,1322.20,1333.00,2784297,3727584788.90,56772
NSE,CEATLTD,INE482A01020,EQ,3481.90,3563.00,3451.10,3542.50,3429.90,152999,539938476.70,23911
NSE,CEIGALL,INE0AG901020,EQ,342.75,349.45,342.75,344.75,342.75,120537,41783294.00,3852
NSE,CEINSYS,INE016Q01014,EQ,841.00,858.00,820.00,833.10,839.35,50461,42553676.65,3676
NSE,CELEBRITY,INE185H01016,EQ,7.12,7.30,6.97,7.11,6.95,29141,207892.38,104
NSE,CELLO,INE0LMW01024,EQ,345.00,348.50,344.05,345.55,343.30,182632,63222422.15,9240
NSE,CEMPRO,INE686A01026,EQ,1375.00,1375.00,1326.10,1363.30,1367.80,439717,595217819.60,20005
NSE,CENTENKA,INE485A01015,EQ,615.00,625.90,614.50,621.60,610.45,161398,100209671.60,4955
NSE,CENTEXT,INE281A01026,EQ,20.00,20.69,19.37,20.00,19.87,203679,4117380.34,999
NSE,CENTRALBK,INE483A01010,EQ,31.11,31.60,31.09,31.46,30.97,6387087,200608494.18,14922
NSE,CENTRUM,INE660C01027,EQ,23.81,24.76,23.52,24.09,23.73,611346,14730636.58,2087
NSE,CENTUM,INE320B01020,EQ,3600.00,3748.40,3577.20,3676.50,3543.10,52835,194951462.70,11027
NSE,CENTURYPLY,INE348B01021,EQ,802.00,827.90,767.10,772.80,799.50,358636,286124177.70,15510
NSE,CERA,INE739E01017,EQ,6200.00,6308.00,6130.00,6280.50,6126.00,6740,41979963.50,2018
NSE,CESC,INE486A01021,EQ,166.00,169.10,164.58,165.98,165.57,901195,149841914.75,18409
NSE,CEWATER,INE037Z01029,EQ,290.00,290.05,285.00,285.80,287.80,74058,21281623.40,2489
NSE,CGCL,INE180C01042,EQ,232.38,234.83,225.10,227.47,232.38,2461491,567865672.84,21724
NSE,CGPOWER,INE067A01029,EQ,865.55,867.95,826.10,826.10,863.40,4042469,3466028713.65,76778
NSE,CHALET,INE427F01016,EQ,811.40,828.45,807.95,821.50,811.40,69654,57132596.60,9088
NSE,CHAMBLFERT,INE085A01013,EQ,440.00,455.70,439.75,455.00,438.90,882614,398919318.95,16512
NSE,CHEMBOND,INE995D01025,BE,165.50,175.30,161.60,173.91,167.00,7569,1282656.18,104
NSE,CHEMBONDCH,INE0TGX01019,BE,234.00,234.00,221.00,225.43,226.41,10415,2359039.82,158
NSE,CHEMCON,INE03YM01018,BE,184.00,184.28,177.00,184.09,175.51,28460,5205733.81,371
NSE,CHEMFAB,INE783X01023,BE,375.00,377.00,364.00,376.95,374.70,1550,576739.20,33
NSE,CHEMPLASTS,INE488A01050,EQ,194.21,198.30,194.21,196.10,194.18,226481,44545734.91,4533
NSE,CHENNPETRO,INE178A01016,EQ,1266.70,1343.00,1266.00,1325.50,1260.60,3024039,3989182570.30,78483
NSE,CHEVIOT,INE974B01016,EQ,1150.00,1150.00,1112.00,1130.40,1106.60,2008,2268205.70,271
NSE,CHOICEIN,INE102B01014,EQ,828.00,835.80,821.00,828.10,822.95,550388,456955305.45,8558
NSE,CHOLAFIN,INE121A01024,EQ,1870.40,1913.00,1861.10,1888.20,1849.90,2277492,4300551577.90,86522
NSE,CHOLAHLDNG,INE149A01033,EQ,1554.00,1590.00,1550.00,1574.60,1534.20,291653,458226807.00,26256
NSE,CIEINDIA,INE536H01010,EQ,409.45,422.00,409.45,419.65,408.60,467187,195394874.65,19585
NSE,CIFL,INE345H01024,EQ,21.89,22.61,20.62,20.76,20.78,102825,2192121.33,627
NSE,CINELINE,INE704H01022,EQ,89.75,92.90,87.90,88.53,87.80,62732,5651511.23,1066
NSE,CINEVISTA,INE039B01026,EQ,15.49,15.49,14.81,14.94,15.06,11459,172003.25,97
NSE,CIPLA,INE059A01026,EQ,1475.00,1480.60,1454.30,1474.40,1473.20,811745,1190560929.20,31756
NSE,CLCIND,INE376C01038,BE,59.58,59.58,59.58,59.58,56.75,1840,109627.20,16
NSE,CLEAN,INE227W01023,EQ,757.55,799.80,735.00,764.15,734.05,3558094,2712798000.35,153295
NSE,CLEANMAX,INE647U01026,EQ,1373.00,1417.50,1338.00,1349.50,1335.60,514965,705297441.60,42465
NSE,CLEDUCATE,INE201M01029,BE,57.49,59.28,56.70,59.28,56.46,27052,1594618.02,111
NSE,CLSEL,INE419D01026,EQ,288.00,297.00,285.05,292.30,285.50,87977,25652986.55,2214
NSE,CMLL,INE11XY01018,EQ,566.90,571.65,542.00,566.85,556.10,1270104,710707879.55,24194
NSE,CMPDI,INE05HV01027,EQ,243.80,249.70,243.51,247.49,239.83,1911924,472170645.13,46264
NSE,CMRGREEN,INE00WV01027,EQ,219.00,227.80,217.30,222.58,216.70,1805490,403058222.33,25610
NSE,CMSINFO,INE925R01014,EQ,267.70,278.60,267.50,275.40,263.70,1312567,360515398.80,21640
NSE,CNL,INE985W01018,EQ,1006.00,1028.95,1000.25,1015.90,993.20,67299,68280257.75,4199
NSE,COALINDIA,INE522F01014,EQ,415.95,416.00,412.60,416.00,414.15,5371911,2226313720.75,110579
NSE,COASTCORP,INE377E01024,EQ,49.01,56.68,49.01,51.04,48.84,876777,46289350.54,4271
NSE,COCHINSHIP,INE704P01025,EQ,1430.00,1448.60,1423.50,1441.90,1423.00,919243,1324522140.50,35482
NSE,COCKERILL,INE515A01019,EQ,8670.00,9149.00,8500.50,8987.50,8645.50,8857,78096634.50,2329
NSE,COFFEEDAY,INE335K01011,BE,30.99,32.03,30.99,32.03,30.51,370012,11765095.04,753
NSE,COFORGE,INE591G01025,EQ,1739.00,1771.00,1719.00,1768.00,1721.00,2365023,4129402307.10,65382
NSE,COHANCE,INE03QK01018,EQ,425.05,436.70,423.00,425.35,425.05,312974,134148581.35,10429
NSE,COLPAL,INE259A01022,EQ,2076.10,2116.60,2050.10,2077.00,2076.10,515125,1069332406.20,32295
NSE,COMFINTE,INE819A01049,EQ,6.99,7.05,6.89,6.89,6.91,710523,4933314.11,731
NSE,COMPUSOFT,INE453B01029,EQ,13.43,13.67,13.32,13.40,13.43,15772,211833.38,174
NSE,COMSYN,INE073V01015,EQ,215.00,218.80,208.00,208.72,214.81,565652,118597418.32,3932
NSE,CONCOR,INE111A01025,EQ,527.00,531.70,522.50,525.00,525.50,1928428,1013775979.15,39186
NSE,CONCORDBIO,INE338H01029,EQ,1444.40,1456.30,1389.00,1414.60,1420.80,402980,571505006.50,27971
NSE,CONFIPET,INE552D01024,EQ,80.03,84.40,80.00,83.77,79.66,5300850,440278583.99,27634
NSE,CONSOFINVT,INE025A01027,BE,301.00,302.70,292.00,295.75,298.25,6069,1794914.80,103
NSE,CONTROLPR,INE663B01015,EQ,571.05,577.00,570.05,571.45,572.50,23627,13540399.15,2236
NSE,CORALFINAC,INE558D01021,EQ,34.74,35.95,32.70,33.40,33.60,272811,9326859.69,998
NSE,CORDELIA,INE0LZF01013,EQ,830.00,831.90,801.10,806.75,820.80,128243,104272168.55,6490
NSE,CORDSCABLE,INE792I01017,BE,204.85,211.60,204.00,211.60,201.53,33925,7146700.84,296
NSE,COROMANDEL,INE169A01031,EQ,2083.00,2128.90,2064.50,2115.30,2073.60,184125,387537327.20,20441
NSE,CORONA,INE02ZQ01018,EQ,2210.00,2210.00,2052.00,2105.70,2098.80,115041,243310818.10,24236
NSE,COSMOFIRST,INE757A01017,EQ,896.75,914.90,894.10,910.05,892.30,102857,93231827.90,5625
NSE,COUNCODOS,INE695B01025,EQ,5.95,6.24,5.89,6.02,5.95,47085,280893.03,192
NSE,CPCAP,INE521J01018,BE,112.50,115.00,111.00,114.57,110.07,23954,2710804.69,144
NSE,CPEDU,INE0P6P01016,EQ,208.00,215.10,202.60,207.48,208.81,16046,3381896.05,455
NSE,CPL,INE536P01021,EQ,71.50,72.45,70.20,70.49,71.04,29740,2119329.71,327
NSE,CPPLUS,INE819V01029,EQ,3444.20,3525.00,3346.60,3428.70,3391.00,164705,568044152.40,20688
NSE,CRAFTSMAN,INE00LO01017,EQ,9934.50,10400.00,9922.50,10338.50,9873.50,85274,875540240.00,23601
NSE,CRAMC,INE218I01013,EQ,262.00,265.00,258.90,261.20,261.27,358624,94177804.00,9976
NSE,CREATIVEYE,INE230B01021,EQ,6.10,6.72,6.10,6.20,6.24,13205,82576.94,77
NSE,CREDITACC,INE741K01010,EQ,1602.00,1606.00,1542.20,1558.20,1592.80,290154,452333133.70,27286
NSE,CREST,INE559D01011,EQ,376.55,395.00,372.10,389.70,376.20,15908,6138030.20,584
NSE,CRISIL,INE007A01025,EQ,4359.80,4450.00,4309.90,4424.90,4359.80,53732,237126167.60,9151
NSE,CRIZAC,INE0S4R01014,EQ,198.40,205.00,188.22,195.88,195.13,2333300,456234846.41,41637
NSE,CROMPTON,INE299U01018,EQ,261.50,268.80,260.80,266.30,260.20,1873396,498157124.25,27339
NSE,CROWN,INE491V01019,EQ,114.59,116.00,113.16,115.11,114.59,7190,828076.82,72
NSE,CSBBANK,INE679A01013,EQ,330.10,334.75,329.65,332.80,329.90,211279,70290916.25,6141
NSE,CSLFINANCE,INE718F01018,EQ,214.99,225.99,212.02,219.78,212.96,15488,3368819.17,288
NSE,CSM,INE0ZK601013,EQ,102.52,108.20,101.10,104.88,104.78,1147334,122170519.65,9290
NSE,CTE,INE627H01017,EQ,36.48,38.35,34.00,37.65,34.92,79517,2965401.83,673
NSE,CUB,INE491A01021,EQ,208.50,210.48,202.60,204.65,206.50,2349845,485277758.59,34009
NSE,CUBEXTUB,INE144D01012,EQ,77.50,79.95,76.66,79.65,76.28,54804,4303475.24,961
NSE,CUMMINSIND,INE298A01020,EQ,5526.00,5550.00,5486.00,5550.00,5519.00,146209,806481376.50,19873
NSE,CUPID,INE509F01029,EQ,231.50,234.38,229.00,230.95,230.62,11488664,2667878991.36,67980
NSE,CURAA,INE117B01020,EQ,71.11,72.78,71.10,72.50,73.14,470,33540.74,34
NSE,CYBERMEDIA,INE278G01037,BE,16.40,16.40,15.31,16.19,15.83,5658,92157.54,38
NSE,CYBERTECH,INE214A01019,BE,138.33,143.35,138.33,141.59,140.27,5834,827203.51,129
NSE,CYIENT,INE136B01020,EQ,847.70,865.90,845.00,858.55,847.70,309567,266088819.00,20292
NSE,CYIENTDLM,INE055S01018,EQ,672.00,687.20,670.00,671.70,670.05,207998,140919333.35,12292
NSE,DABUR,INE016A01026,EQ,423.80,426.20,421.40,425.80,421.45,1969475,835361126.25,30847
NSE,DAICHI,INE928C01010,BE,307.90,326.95,303.05,321.10,315.80,1081,337760.50,40
NSE,DALBHARAT,INE00R701025,EQ,1799.70,1846.60,1795.00,1844.60,1799.70,226772,414866011.70,12764
NSE,DALMIASUG,INE495A01022,EQ,351.00,421.05,351.00,411.85,350.90,10294952,4114467129.90,123948
NSE,DAMCAPITAL,INE284H01025,EQ,155.70,155.70,152.10,153.71,152.86,197235,30376120.71,2743
NSE,DAMODARIND,INE497D01022,BE,29.40,29.40,27.32,28.05,28.54,3532,98210.74,35
NSE,DANGEE,INE688Y01022,EQ,2.95,3.08,2.90,2.98,2.94,51910,157766.76,88
NSE,DATAMATICS,INE365B01017,EQ,833.70,835.00,820.05,824.95,832.05,58143,48105915.15,4436
NSE,DATAPATTNS,INE0IX101010,EQ,4300.70,4455.00,4236.10,4428.80,4281.00,1046196,4557166740.00,78504
NSE,DAVANGERE,INE179G01029,EQ,3.25,3.29,3.17,3.18,3.19,5404905,17308914.92,2075
NSE,DBCORP,INE950I01011,EQ,210.00,213.20,208.28,210.53,208.95,140805,29619805.01,3519
NSE,DBEIL,INE0OPA01027,BE,7.35,7.60,7.28,7.30,7.35,213420,1573777.67,402
NSE,DBL,INE917M01012,EQ,426.90,464.70,425.90,444.35,429.20,1336317,603752738.15,32626
NSE,DBOL,INE0I3401014,EQ,97.55,106.13,97.01,102.91,97.88,260131,26558156.71,2758
NSE,DBREALTY,INE879I01012,BE,113.30,114.95,112.15,113.03,112.80,135275,15371419.31,768
NSE,DBSTOCKBRO,INE921B01025,BE,34.46,35.98,33.60,34.16,34.46,10951,381406.84,95
NSE,DCAL,INE385W01011,EQ,187.30,191.24,187.05,188.05,186.94,106708,20199072.20,2796
NSE,DCBBANK,INE503A01015,EQ,189.00,191.89,187.16,191.09,186.09,801482,153016010.70,9628
NSE,DCI,INE0A1101019,EQ,345.00,365.90,315.00,337.20,329.70,155608,54808178.75,5756
NSE,DCM,INE498A01018,BE,89.80,89.80,83.65,83.65,88.05,14955,1255927.16,109
NSE,DCMFINSERV,INE891B01012,EQ,5.05,5.59,4.70,4.94,5.22,25466,125533.97,131
NSE,DCMNVL,INE08KP01019,BE,141.75,143.20,140.05,142.57,137.37,3917,556548.55,38
NSE,DCMSHRIRAM,INE499A01024,EQ,1045.90,1045.90,1025.00,1029.80,1033.90,134290,138855981.40,8621
NSE,DCMSIL,INE0OU201013,BE,70.74,76.49,70.74,75.68,73.37,108852,7936333.24,556
NSE,DCMSRIND,INE843D01027,EQ,39.30,42.35,39.30,41.56,39.26,218527,8962106.34,2269
NSE,DCW,INE500A01029,EQ,46.46,47.30,46.28,46.73,46.19,584703,27432918.02,2625
NSE,DCXINDIA,INE0KL801015,EQ,181.80,184.50,181.31,183.55,180.37,286931,52649031.58,4269
NSE,DDEVPLSTIK,INE0HR601026,EQ,268.15,289.95,268.15,288.35,268.15,265871,74968147.80,4509
NSE,DECCANCE,INE583C01021,EQ,551.10,561.85,551.10,556.00,553.20,12303,6848540.60,326
NSE,DECNGOLD,INE945F01025,EQ,199.99,205.70,198.00,204.28,197.73,1642489,332966757.04,18261
NSE,DEEDEV,INE841L01016,BE,682.00,695.00,680.00,692.35,678.55,56156,38768687.55,1361
NSE,DEEPAKFERT,INE501A01019,EQ,1562.00,1593.80,1536.10,1576.00,1552.80,297790,469468881.30,16195
NSE,DEEPAKNTR,INE288B01029,EQ,1667.00,1725.00,1656.10,1713.80,1662.20,179743,305625081.30,17551
NSE,DEEPINDS,INE0FHS01024,EQ,613.00,655.00,608.90,649.30,596.90,3599984,2293232259.75,77808
NSE,DELHIVERY,INE148O01028,EQ,487.95,487.95,468.85,470.00,481.95,3336754,1589651381.45,50893
NSE,DELPHIFX,INE726L01027,BE,6.99,6.99,6.64,6.81,6.71,53774,369170.12,172
NSE,DELTACORP,INE124G01033,EQ,63.29,63.94,63.12,63.40,62.97,744582,47323925.56,3902
NSE,DELTAMAGNT,INE393A01011,EQ,56.76,59.00,56.76,57.92,56.86,2731,157918.03,65
NSE,DEN,INE947J01015,EQ,27.49,27.86,27.49,27.72,27.41,271484,7514276.82,1311
NSE,DENORA,INE244A01016,EQ,906.40,935.30,870.60,891.05,906.40,15207,13760732.60,1122
NSE,DENTA,INE0R4L01018,EQ,358.75,366.00,352.25,364.05,354.25,460266,165820420.65,12535
NSE,DEVIT,INE060X01034,EQ,27.30,27.49,26.81,27.12,27.03,27764,754471.50,221
NSE,DEVX,INE0VOV01021,EQ,34.97,34.97,33.90,34.33,33.94,62313,2142288.85,2452
NSE,DEVYANI,INE872J01023,EQ,114.50,117.14,112.55,116.76,114.18,2504773,289591291.88,41491
NSE,DGCONTENT,INE03JI01017,EQ,24.98,25.29,23.62,23.84,23.96,23800,577348.32,145
NSE,DHAMPURSUG,INE041A01016,EQ,139.50,146.25,138.46,143.84,135.48,1242280,177976668.64,18192
NSE,DHANBANK,INE680A01011,EQ,32.60,33.66,32.27,32.73,32.07,1294688,42553846.49,5156
NSE,DHANUKA,INE435G01025,EQ,1019.00,1049.50,943.30,1023.30,1021.90,340620,340981827.80,23185
NSE,DHARMAJ,INE00OQ01016,EQ,270.40,272.50,267.75,269.85,267.85,20508,5535645.55,893
NSE,DHRUV,INE506Z01015,BE,24.60,24.60,24.30,24.55,24.59,1190,29043.32,15
NSE,DHUNINV,INE320L01011,EQ,866.55,895.00,865.00,886.90,846.55,517,456567.50,114
NSE,DIACABS,INE989C01038,EQ,322.00,329.00,316.50,322.85,323.97,3140560,1014906004.80,28910
NSE,DIAMINESQ,INE591D01014,EQ,243.40,244.00,239.10,239.73,243.05,3443,832692.58,202
NSE,DIAMONDYD,INE393P01035,EQ,1199.00,1199.00,1102.10,1163.80,1159.50,412833,469711587.80,9613
NSE,DICIND,INE303A01010,EQ,510.40,528.00,508.00,510.10,514.65,765,392923.10,44
NSE,DIFFNKG,INE184O01015,EQ,385.10,410.00,385.10,406.10,383.65,164109,66056019.80,5484
NSE,DIGIDRIVE,INE0PSC01024,EQ,17.63,18.00,17.55,17.76,17.76,32984,582892.68,133
NSE,DIGISPICE,INE927C01020,BE,17.95,18.38,17.75,17.98,18.10,18310,329924.18,120
NSE,DIGITIDE,INE0U4701011,EQ,101.49,102.89,99.20,100.15,101.33,210639,21271504.45,2617
NSE,DIGJAMLMTD,INE731U01028,EQ,49.01,50.00,47.03,48.59,48.95,16187,793381.81,114
NSE,DISAQ,INE131C01011,EQ,12350.00,12350.00,12200.00,12332.00,12225.00,824,10123234.00,549
NSE,DISHTV,INE836F01026,BE,2.85,2.86,2.82,2.84,2.85,576402,1634649.08,949
NSE,DIVGIITTS,INE753U01022,EQ,984.85,986.95,960.45,975.60,962.75,25072,24467978.25,2465
NSE,DIVISLAB,INE361B01024,EQ,8380.00,8585.00,8105.00,8585.00,8056.00,1798150,15008398635.50,150785
NSE,DIXON,INE935N01020,EQ,13875.00,14085.00,13579.00,13892.00,14049.00,728101,10096518927.00,94021
NSE,DJML,INE0B1K01014,EQ,114.30,115.86,111.10,112.58,114.81,203464,23102249.17,3364
NSE,DLF,INE271C01023,EQ,668.25,670.90,660.60,668.55,659.30,1660676,1105863770.05,32490
NSE,DLINKINDIA,INE250K01012,EQ,452.85,459.20,449.10,450.80,451.80,114653,52096034.90,4247
NSE,DMART,INE192R01011,EQ,3945.10,4017.00,3912.10,4015.00,3921.00,497304,1979749552.60,32754
NSE,DMCC,INE505A01010,EQ,282.75,285.90,274.35,278.00,282.75,52656,14722673.00,1628
NSE,DNAMEDIA,INE016M01021,EQ,2.76,3.15,2.76,2.87,2.83,167358,486631.42,197
NSE,DODLA,INE021O01019,EQ,1026.10,1052.80,1026.10,1046.30,1040.60,12607,13165971.90,2375
NSE,DOLATALGO,INE966A01022,EQ,67.77,68.84,67.45,67.56,68.17,170157,11546146.79,1809
NSE,DOLLAR,INE325C01035,EQ,267.95,269.30,264.55,267.40,264.00,65550,17547050.85,1626
NSE,DOLPHIN,INE920A01037,EQ,404.00,418.40,390.15,405.45,393.80,69378,28259848.10,1889
NSE,DOMS,INE321T01012,EQ,2282.60,2324.70,2230.00,2292.00,2260.00,53904,123926559.90,9179
NSE,DONEAR,INE668D01028,EQ,84.95,85.00,82.01,84.44,84.74,62982,5270746.88,675
NSE,DPABHUSHAN,INE266Y01019,EQ,1329.90,1436.00,1329.90,1420.20,1317.95,73799,103236823.40,7253
NSE,DPSCLTD,INE360C01024,BE,7.50,7.70,7.41,7.53,7.35,99625,752150.35,465
NSE,DPWIRES,INE864X01013,BE,166.98,166.98,162.05,164.27,165.53,7304,1202463.82,195
NSE,DRAGARWQ,INE934C01018,EQ,5134.50,5134.50,5000.00,5007.00,5022.50,1335,6697186.00,184
NSE,DRCSYSTEMS,INE03RS01027,EQ,13.21,13.63,13.15,13.57,13.12,23317,311929.48,240
NSE,DREAMFOLKS,INE0JS101016,EQ,66.01,68.45,66.00,67.48,66.66,41228,2788016.12,1207
NSE,DREDGECORP,INE506A01018,EQ,1145.00,1161.50,1088.00,1096.50,1139.40,139028,156077781.30,8824
NSE,DRREDDY,INE089A01031,EQ,1166.20,1182.00,1160.30,1180.00,1148.10,2150927,2509924768.90,89061
NSE,DSFCL,INE0OFM01015,BE,25.81,25.81,25.33,25.56,25.81,16848,432657.21,67
NSE,DSKULKARNI,INE891A01022,BE,8.60,9.03,8.60,9.03,1.00,59,531.91,3
NSE,DSSL,INE417B01040,EQ,1241.00,1280.00,1226.00,1253.30,1233.10,38680,48128128.30,2383
NSE,DTIL,INE341R01014,EQ,130.87,133.97,130.01,130.39,130.87,2121,278500.68,39
NSE,DUCON,INE741L01018,EQ,3.00,3.02,2.90,2.98,2.95,140674,419862.38,288
NSE,DVL,INE477B01010,EQ,239.85,247.20,238.25,245.89,240.64,6618,1617463.48,297
NSE,DWARKESH,INE366A01041,EQ,37.28,39.49,37.28,39.00,37.04,2345093,90936055.06,11952
NSE,DYCL,INE600Y01019,EQ,398.00,406.85,394.65,402.45,395.20,345799,139466442.90,8179
NSE,DYNAMATECH,INE221B01012,EQ,10356.00,10985.00,10356.00,10763.00,10339.00,17854,193358322.00,6555
NSE,DYNPRO,INE256H01015,EQ,275.00,275.00,260.60,264.20,263.12,19622,5222546.15,547
NSE,E2E,INE255Z01027,EQ,536.35,543.00,526.90,543.00,517.15,539520,290375584.10,4742
NSE,EASEMYTRIP,INE07O001026,EQ,6.66,6.74,6.59,6.60,6.61,21818045,144992938.25,12443
NSE,EASTSILK,INE962C01035,BE,60.24,62.63,59.36,62.63,59.65,3515,219826.54,42
NSE,EBGNG,INE18JU01028,EQ,539.15,547.00,516.85,535.20,528.65,561641,299579167.60,21505
NSE,ECLERX,INE738I01010,EQ,1860.10,1945.00,1852.00,1922.20,1845.50,159968,306109325.80,18099
NSE,ECOSMOBLTY,INE06HJ01020,BE,137.70,137.81,131.05,135.20,134.48,33507,4541366.60,278
NSE,EDELWEISS,INE532F01054,EQ,116.60,118.45,116.04,116.33,115.47,1669628,195602869.19,17235
NSE,EFCIL,INE886D01026,EQ,194.51,195.98,192.05,193.96,194.86,283297,54767469.40,4310
NSE,EICHERMOT,INE066A01021,EQ,7900.00,8056.00,7852.00,8050.00,7833.50,1009396,8070998222.00,83688
NSE,EIDPARRY,INE126A01031,EQ,761.20,782.80,761.20,780.30,760.05,179666,139636379.40,11279
NSE,EIEL,INE0LLY01014,EQ,223.00,224.40,221.10,222.64,220.06,641485,142884281.05,10811
NSE,EIFFL,INE546V01010,BE,325.00,325.00,298.10,299.10,313.75,17056,5167926.00,161
NSE,EIHAHOTELS,INE276C01014,EQ,313.00,317.00,309.20,312.55,309.95,14302,4492678.00,736
NSE,EIHOTEL,INE230A01023,EQ,327.55,332.10,327.40,330.10,327.00,85964,28383961.50,4198
NSE,EIMCOELECO,INE158B01016,EQ,1793.00,1874.50,1785.50,1837.80,1780.80,21467,39165379.30,2585
NSE,EKC,INE184H01027,EQ,107.70,110.50,106.89,109.78,106.77,180853,19712047.80,2822
NSE,ELANTAS,INE280B01018,EQ,9497.00,9899.00,9497.00,9797.00,9370.00,935,9093846.50,310
NSE,ELCIDIN,INE927X01018,EQ,112995.00,112995.00,110600.00,111750.00,111000.00,18,2005920.00,17
NSE,ELDEHSG,INE668G01021,EQ,796.80,807.70,775.00,803.50,771.80,1301,1036247.95,56
NSE,ELECON,INE205B01031,EQ,425.20,434.90,422.45,428.30,419.05,367171,157843071.15,18457
NSE,ELECTCAST,INE086A01029,EQ,70.98,72.99,70.98,71.80,70.65,1007842,72837853.48,9385
NSE,ELECTHERM,INE822G01016,EQ,1010.40,1064.90,1000.00,1008.00,1007.60,29706,30513089.20,2081
NSE,ELGIEQUIP,INE285A01027,EQ,570.05,585.10,569.65,582.60,569.65,172551,100328678.45,12843
NSE,ELGIRUBCO,INE819L01012,EQ,60.00,60.31,57.00,57.41,59.69,65204,3812091.46,764
NSE,ELIN,INE050401020,EQ,100.60,105.11,100.60,103.55,100.60,193419,19981678.62,3010
NSE,ELITECON,INE669R01026,EQ,15.80,17.20,15.68,17.19,15.64,2801719,46989687.31,6637
NSE,ELLEN,INE236E01022,EQ,267.95,280.50,265.10,273.05,263.45,751725,206382540.30,11603
NSE,ELPROINTL,INE579B01039,EQ,177.00,179.00,176.51,178.37,177.00,68128,12116228.02,440
NSE,EMAMILTD,INE548C01032,EQ,399.50,407.95,398.70,406.00,398.05,413488,167685052.35,12380
NSE,EMAMIPAP,INE830C01026,BE,114.98,115.06,111.00,114.90,109.59,82627,9413591.78,590
NSE,EMAMIREAL,INE778K01012,BE,76.85,81.50,76.85,78.28,78.42,9953,791173.78,82
NSE,EMBDL,INE069I01010,EQ,62.00,62.30,60.25,60.79,61.14,1877185,115176708.64,11737
NSE,EMCURE,INE168P01015,EQ,1966.00,1996.70,1933.10,1969.70,1960.10,116048,228739694.40,15449
NSE,EMIL,INE02YR01019,EQ,130.50,135.38,130.50,131.35,130.16,3324272,439959325.20,24466
NSE,EMKAY,INE296H01011,EQ,245.90,246.58,238.21,241.35,241.75,10919,2649603.14,520
NSE,EMMBI,INE753K01015,BE,88.00,89.90,83.10,85.61,87.46,10054,869266.13,112
NSE,EMMVEE,INE1C6T01020,EQ,319.75,323.50,314.40,319.55,317.60,1059943,339539179.95,26346
NSE,EMPOWER,INE507F01023,BE,2.65,2.69,2.60,2.68,2.57,4036841,10796100.70,3086
NSE,EMSLIMITED,INE0OV601013,EQ,414.00,416.85,407.55,414.35,411.50,245231,101098486.80,6973
NSE,EMUDHRA,INE01QM01018,EQ,462.90,483.90,462.90,477.85,464.10,315431,149132982.15,7885
NSE,ENDURANCE,INE913H01037,EQ,2771.90,2835.30,2731.40,2787.60,2758.30,125969,353960451.40,16447
NSE,ENERGYDEV,INE306C01019,EQ,16.75,17.41,16.75,16.77,16.72,27320,459752.62,271
NSE,ENGINERSIN,INE510A01028,EQ,222.38,228.68,222.38,226.80,222.38,1543983,350540987.51,26342
NSE,ENIL,INE265F01028,EQ,108.00,112.99,107.52,108.81,108.00,22979,2525583.65,654
NSE,ENRIN,INE1NPP01017,EQ,3236.00,3298.30,3181.00,3256.00,3230.80,411370,1336730848.80,45839
NSE,ENTERO,INE010601016,EQ,1264.50,1264.50,1231.00,1233.20,1243.90,70955,87932711.80,7498
NSE,EPACK,INE0G5901015,EQ,230.73,232.85,229.00,229.94,229.59,358583,82775701.13,5145
NSE,EPACKPEB,INE0MLS01022,EQ,248.35,254.45,239.05,243.95,267.31,3446835,847051100.90,44935
NSE,EPIGRAL,INE071N01016,EQ,1095.00,1137.00,1089.50,1120.70,1088.70,49169,55125224.60,4497
NSE,EPL,INE255A01020,EQ,225.00,229.40,223.29,226.70,222.42,278760,63076167.30,9510
NSE,EQUIPPP,INE217G01035,BE,21.87,23.10,21.77,23.09,22.33,9293,211673.52,42
NSE,EQUITASBNK,INE063P01018,EQ,75.00,77.00,75.00,76.26,75.21,3338159,255199366.46,30133
NSE,ERIS,INE406M01024,EQ,1353.00,1388.00,1352.50,1383.20,1354.70,110236,151219700.90,10322
NSE,ESABINDIA,INE284A01012,EQ,5680.00,5689.00,5602.00,5614.50,5628.50,2518,14206886.50,1157
NSE,ESAFSFB,INE818W01011,EQ,41.00,42.49,40.00,40.92,42.05,9790624,404709927.26,34998
NSE,ESCORTS,INE042A01014,EQ,3110.00,3150.00,3043.40,3135.50,3086.00,678771,2111942301.40,55083
NSE,ESSARSHPNG,INE122M01019,EQ,20.20,20.81,19.97,20.57,19.93,131530,2697792.29,749
NSE,ESSENTIA,INE418N01035,BE,1.13,1.15,1.11,1.15,1.10,757500,861563.84,496
NSE,ESTER,INE778B01029,EQ,89.39,89.68,85.10,86.67,87.90,138696,12161947.29,1671
NSE,ETERNAL,INE758T01015,EQ,303.50,310.90,300.05,310.50,302.45,26906290,8253870643.10,138259
NSE,ETHOSLTD,INE04TZ01018,EQ,2556.00,3090.40,2555.90,2962.70,2575.40,1592283,4654612422.70,119912
NSE,EUREKAFORB,INE0KCE01017,EQ,448.50,456.95,448.00,453.65,448.45,68833,31223820.90,5907
NSE,EUROBOND,INE505V01016,EQ,158.29,163.80,156.25,161.15,158.29,7046,1126119.71,158
NSE,EUROPRATIK,INE198501012,EQ,303.75,307.55,300.35,301.70,305.05,139763,42375264.40,2792
NSE,EUROTEXIND,INE022C01012,BE,12.81,12.81,12.69,12.69,12.87,719,9190.11,5
NSE,EVEREADY,INE128A01029,EQ,350.00,357.00,347.60,355.65,342.85,187826,66276215.90,3223
NSE,EVERESTIND,INE295A01018,BE,455.00,468.80,450.00,462.85,450.65,9558,4388564.50,212
NSE,EXCELINDUS,INE369A01029,EQ,991.20,1041.10,987.05,1021.70,986.30,14306,14456091.90,770
NSE,EXCELSOFT,INE606N01019,EQ,78.00,85.38,77.90,82.99,77.41,3128940,260399902.10,17563
NSE,EXICOM,INE777F01014,EQ,160.70,165.92,159.96,163.95,158.37,1190577,193956080.55,10228
NSE,EXIDEIND,INE302A01020,EQ,449.95,460.00,440.00,444.70,449.80,3583632,1615934263.70,56403
NSE,EXPLEOSOL,INE201K01015,EQ,801.00,818.00,801.00,805.15,802.85,62353,50208205.55,2205
NSE,EXXARO,INE0GFE01026,EQ,6.10,6.36,5.99,6.11,6.06,783552,4776223.53,770
NSE,FABTECH,INE0HF201011,EQ,151.69,152.50,149.00,149.77,149.46,66667,10053746.16,1353
NSE,FACT,INE188A01015,EQ,831.00,849.95,831.00,843.25,826.65,129872,109476081.95,8926
NSE,FAIRCHEMOR,INE0DNW01011,BE,781.20,813.00,781.20,813.00,797.10,25905,21020538.00,262
NSE,FAZE3Q,INE963C01033,EQ,536.95,563.75,536.95,551.25,536.95,29565,16446351.80,879
NSE,FCL,INE045J01034,EQ,39.74,40.29,39.11,39.27,39.32,4962550,196669717.97,10141
NSE,FCSSOFT,INE512B01022,EQ,1.52,1.53,1.49,1.49,1.50,2060375,3094982.92,1227
NSE,FDC,INE258B01022,EQ,409.80,425.05,399.05,404.65,409.80,464734,190598357.90,20542
NSE,FEDDERSHOL,INE417D01020,EQ,42.00,43.00,41.93,42.40,42.17,546391,23126334.69,2677
NSE,FEDERALBNK,INE171A01029,EQ,359.45,371.70,357.30,371.70,358.85,4384044,1579727402.30,65646
NSE,FEDFINA,INE007N01010,EQ,156.80,156.80,149.80,150.37,153.83,1857400,281115181.27,26324
NSE,FERMENTA,INE225B01021,EQ,505.05,520.00,505.05,511.70,501.35,159878,82055505.70,6643
NSE,FIBERWEB,INE296C01020,EQ,29.99,29.99,28.20,29.28,29.27,36341,1057212.83,334
NSE,FIEMIND,INE737H01014,EQ,2358.10,2358.10,2306.10,2338.40,2323.30,63451,147930247.30,9441
NSE,FILATEX,INE816B01035,EQ,74.13,79.00,72.69,76.70,73.52,13952850,1072656683.38,57096
NSE,FILATFASH,INE185E01021,BE,0.18,0.19,0.18,0.18,0.18,13710709,2558136.81,1982
NSE,FINCABLES,INE235A01022,EQ,991.00,1006.00,988.00,998.05,987.60,200264,199963897.60,19843
NSE,FINEORG,INE686Y01026,EQ,4800.00,4989.60,4768.60,4933.70,4816.50,21917,107946409.00,7197
NSE,FINKURVE,INE734I01027,EQ,61.75,62.73,59.01,59.72,62.73,161723,9758955.37,1115
NSE,FINOPB,INE02NC01014,EQ,160.05,166.16,160.05,162.25,159.09,594852,97087658.56,7669
NSE,FINPIPE,INE183A01024,EQ,163.48,166.60,163.16,165.79,162.37,520336,86013007.97,16203
NSE,FIRSTCRY,INE02RE01045,EQ,213.20,215.17,213.20,214.61,212.26,290453,62201464.79,5217
NSE,FISCHER,INE771F01041,EQ,38.13,39.14,38.07,38.67,39.13,2436237,93615118.73,4507
NSE,FIVESTAR,INE128S01021,EQ,550.00,564.00,549.00,551.40,547.95,338346,187879597.50,11681
NSE,FLAIR,INE00Y201027,EQ,263.80,263.80,248.15,252.00,259.10,140255,35572244.25,3192
NSE,FLEXITUFF,INE060J01017,BE,4.36,4.36,4.10,4.20,4.30,54023,225826.09,86
NSE,FLUOROCHEM,INE09N301011,EQ,4386.70,4523.90,4376.80,4483.50,4366.80,125504,560441422.90,14079
NSE,FMGOETZE,INE529A01010,EQ,472.25,481.00,472.25,474.45,474.35,30889,14700033.40,1252
NSE,FMNL,INE360L01017,BE,9.43,9.94,9.35,9.85,9.47,31038,305215.18,83
NSE,FOCUS,INE593W01028,BE,69.50,71.00,68.00,70.44,70.21,59668,4124592.15,302
NSE,FOODSIN,INE976E01023,EQ,55.16,55.16,54.01,54.33,54.61,28155,1539970.87,599
NSE,FORCEMOT,INE451A01017,EQ,18216.00,18647.00,18103.00,18494.00,17902.00,124218,2290604749.00,32034
NSE,FORTIS,INE061F01013,EQ,953.80,979.60,938.00,940.00,945.00,2160190,2067684316.10,46646
NSE,FOSECOIND,INE519A01011,EQ,5180.00,5300.00,5082.00,5204.50,5133.50,3096,16117095.00,688
NSE,FRACTAL,INE212S01015,EQ,822.70,822.70,797.60,803.45,812.05,310799,250425497.75,14288
NSE,FRONTSP,INE572D01014,EQ,1363.90,1390.00,1354.60,1381.40,1349.30,16587,22759908.20,2295
NSE,FSL,INE684F01012,EQ,304.00,330.95,304.00,324.35,302.12,10047629,3238627010.65,108197
NSE,FUSION,INE139R01012,EQ,208.86,218.09,207.50,210.78,207.83,505834,107016626.42,11073
NSE,GABRIEL,INE524A01029,EQ,1465.30,1542.00,1461.00,1527.40,1441.80,886748,1336417066.60,44089
NSE,GAEL,INE036B01030,EQ,178.00,182.00,171.52,180.68,172.11,8639340,1532679001.02,71059
NSE,GAIL,INE129A01019,EQ,182.10,182.38,172.15,174.30,181.44,37607447,6556486054.00,166524
NSE,GALAPREC,INE0RE001014,EQ,1100.90,1120.60,1067.60,1090.50,1093.90,24656,27149641.10,2935
NSE,GALAXYSURF,INE600K01018,EQ,1950.90,2026.70,1950.90,1988.80,1944.50,17874,35656017.30,3257
NSE,GALLANTT,INE297H01019,EQ,644.00,644.00,614.00,627.60,614.60,358473,224547900.10,15520
NSE,GANDHAR,INE717W01049,EQ,224.78,238.27,223.52,231.64,223.25,3962749,926123331.15,39416
NSE,GANDHITUBE,INE524B01027,EQ,881.70,883.90,873.00,881.20,876.35,4746,4183865.55,330
NSE,GANECOS,INE845D01014,EQ,1192.00,1225.00,1126.30,1156.60,1183.80,260274,304294019.30,16320
NSE,GANESHBE,INE388A01029,BE,112.33,117.30,111.00,113.64,112.33,154551,17723039.87,708
NSE,GANESHCP,INE652V01016,EQ,180.98,184.70,175.27,177.80,178.28,193376,34626293.73,3245
NSE,GANESHHOU,INE460C01014,EQ,749.70,790.00,745.00,778.15,740.60,59334,45975819.05,5808
NSE,GANGAFORGE,INE691Z01023,BE,1.79,1.80,1.78,1.79,1.77,766871,1371590.50,430
NSE,GANGESSECU,INE335W01016,EQ,112.57,120.00,112.57,120.00,113.13,7681,880943.72,72
NSE,GARFIBRES,INE276A01018,EQ,735.80,770.95,732.95,761.60,732.90,53200,40441986.55,9370
NSE,GARUDA,INE0JVO01026,EQ,173.50,175.42,171.25,172.50,172.80,163285,28334192.96,2439
NSE,GATECH,INE224E01028,EQ,0.75,0.75,0.74,0.75,0.69,43550740,32634734.92,2137
NSE,GATECHDVR,INE224E01036,EQ,0.54,0.59,0.53,0.53,0.53,2299277,1249657.84,529
NSE,GATEWAY,INE079J01017,EQ,58.30,59.48,58.00,58.14,57.97,1261361,73923693.46,8105
NSE,GAUDIUMIVF,INE0P8B01020,BE,134.75,134.75,134.75,134.75,137.50,45151,6084097.25,390
NSE,GAYAHWS,INE287Z01012,EQ,2.11,2.11,1.92,2.00,2.02,584877,1167076.12,419
NSE,GAYAPROJ,INE336H01023,BE,20.00,20.79,19.71,19.98,19.98,336149,6813052.17,1514
NSE,GCSL,INE199P01028,EQ,528.95,528.95,506.00,508.75,520.55,596679,305739022.55,5707
NSE,GEECEE,INE916G01016,BE,350.30,367.30,349.50,361.45,352.05,5161,1868126.05,96
NSE,GEEKAYWIRE,INE669X01032,EQ,23.20,23.47,22.72,23.21,22.52,103800,2395823.26,1099
NSE,GEMAROMA,INE06XZ01023,EQ,191.01,198.00,191.01,196.21,191.60,189088,37058338.39,3024
NSE,GENCON,INE854S01022,EQ,40.73,41.04,39.25,39.62,40.33,388963,15675366.54,954
NSE,GENESYS,INE727B01026,EQ,275.00,298.75,274.95,298.75,271.60,511803,148698405.70,10538
NSE,GENUSPAPER,INE949P01018,EQ,12.08,12.75,11.95,12.47,12.08,306737,3784581.54,500
NSE,GENUSPOWER,INE955D01029,EQ,314.75,319.95,314.00,316.00,312.70,918619,291423776.10,14337
NSE,GEOJITFSL,INE007B01023,EQ,77.89,77.89,75.90,77.52,76.36,231942,17888667.61,2922
NSE,GESHIP,INE017A01032,EQ,1358.00,1412.20,1358.00,1398.40,1350.40,595738,835058715.20,46564
NSE,GFLLIMITED,INE538A01037,EQ,47.50,48.50,47.02,48.26,46.64,54627,2611764.67,1512
NSE,GFSTEELS,INE534A01028,BE,14.29,14.29,14.29,14.29,14.29,1359,19420.11,8
NSE,GHCL,INE539A01019,EQ,445.00,451.95,434.20,444.10,438.10,411921,182581358.40,9903
NSE,GHCLTEXTIL,INE0PA801013,EQ,113.01,118.30,113.01,114.36,113.62,1159893,133831682.64,12272
NSE,GICHSGFIN,INE289B01019,EQ,149.00,151.00,148.00,148.10,147.68,59019,8793750.49,1186
NSE,GICL,INE947T01022,EQ,17.50,18.00,17.30,17.83,17.17,89079,1583538.10,287
NSE,GICRE,INE481Y01014,EQ,359.50,363.75,357.05,358.05,356.60,600417,216075950.95,17445
NSE,GILLANDERS,INE047B01011,EQ,89.75,90.89,88.55,88.66,89.31,992,88666.36,29
NSE,GILLETTE,INE322A01010,EQ,7624.00,7776.00,7624.00,7719.00,7624.00,25853,199577035.00,7507
NSE,GINNIFILA,INE424C01010,BE,45.99,46.89,45.30,45.86,45.63,17864,823792.99,111
NSE,GIPCL,INE162A01010,EQ,163.00,164.00,161.10,161.48,161.17,180171,29218397.45,1941
NSE,GKENERGY,INE1AG301022,EQ,130.50,132.88,130.25,131.17,129.38,221635,29123436.24,3259
NSE,GKSL,INE0V0W01025,EQ,127.00,129.00,126.75,127.74,127.32,49403,6292912.30,1152
NSE,GKWLIMITED,INE528A01020,EQ,1622.90,1685.00,1622.90,1660.20,1630.80,963,1605044.70,58
NSE,GLAND,INE068V01023,EQ,2505.60,2585.00,2494.10,2579.20,2502.90,502554,1286519330.40,33396
NSE,GLAXO,INE159A01016,EQ,2665.40,2670.00,2630.00,2662.30,2655.40,89406,237414521.40,15660
NSE,GLENMARK,INE935A01035,EQ,2256.40,2256.40,2162.00,2230.00,2233.90,1307223,2894954710.10,63779
NSE,GLFL,INE540A01017,BE,5.91,6.15,5.60,5.85,5.89,2338,13678.34,24
NSE,GLOBAL,INE291W01037,EQ,101.30,104.47,100.50,101.36,104.06,50348,5141369.45,540
NSE,GLOBALE,INE0URU01010,BE,11.24,11.24,10.40,10.69,10.89,369,3963.07,13
NSE,GLOBALVECT,INE792H01019,EQ,177.90,177.90,163.95,165.10,165.13,17703,3005657.87,568
NSE,GLOBE,INE581X01021,EQ,2.05,2.18,2.01,2.10,2.09,620321,1303007.06,351
NSE,GLOBECIVIL,INE0V3U01015,EQ,40.26,40.69,38.50,39.93,39.04,44727,1769970.16,297
NSE,GLOBUSSPR,INE615I01010,EQ,888.00,909.90,882.60,900.85,883.50,70266,62715648.95,4655
NSE,GLOSTERLTD,INE350Z01018,EQ,669.40,670.00,662.00,668.60,659.60,734,489305.15,95
NSE,GLOTTIS,INE0TQE01026,BE,68.00,68.00,66.05,67.06,67.00,19878,1333895.75,182
NSE,GMBREW,INE075D01018,EQ,902.65,906.45,895.00,896.20,898.30,28514,25623055.90,1648
NSE,GMDCLTD,INE131A01031,EQ,562.00,569.00,558.25,561.00,564.25,769090,433362771.40,19481
NSE,GMMPFAUDLR,INE541A01023,EQ,855.00,875.95,851.00,858.45,864.40,72539,62446767.90,5669
NSE,GMRAIRPORT,INE776C01039,EQ,106.87,106.87,104.88,105.55,105.26,5825312,615532476.08,26331
NSE,GMRP&UI,INE0CU601026,EQ,100.00,100.60,96.46,97.18,99.16,1512131,147997774.43,12382
NSE,GNA,INE934S01014,EQ,544.00,544.35,528.15,537.20,535.75,184492,98902682.00,5692
NSE,GNFC,INE113A01013,EQ,514.95,529.85,512.10,516.10,510.30,378921,196693755.70,14264
NSE,GNRL,INE207H01018,EQ,93.50,94.90,92.31,93.23,93.46,63887,5959471.34,788
NSE,GOACARBON,INE426D01013,EQ,387.45,387.45,380.55,382.70,380.60,6466,2476554.55,389
NSE,GOCLCORP,INE077F01035,EQ,407.50,419.55,405.10,416.15,402.55,109585,45159796.70,4881
NSE,GOCOLORS,INE0BJS01011,EQ,327.05,334.65,322.00,323.80,327.05,339001,110526265.55,7146
NSE,GODAVARIB,INE497S01012,EQ,260.00,265.45,258.30,260.65,260.90,154431,40339837.90,3785
NSE,GODFRYPHLP,INE260B01028,EQ,2144.80,2269.90,2134.20,2247.00,2133.40,1547162,3460225455.70,78754
NSE,GODIGIT,INE03JT01014,EQ,255.00,264.00,252.80,262.75,254.30,611681,159695824.65,13522
NSE,GODREJAGRO,INE850D01014,EQ,557.05,566.75,557.05,565.05,556.80,112626,63480950.85,7772
NSE,GODREJCP,INE102D01028,EQ,1072.10,1100.00,1071.10,1085.90,1070.40,615866,667832001.60,25517
NSE,GODREJIND,INE233A01035,EQ,1326.00,1352.90,1319.20,1337.10,1317.60,78905,105644595.40,10885
NSE,GODREJPROP,INE484J01027,EQ,2125.00,2126.60,2060.00,2089.70,2105.70,366499,764637713.00,20476
NSE,GOKEX,INE887G01027,EQ,818.95,835.85,810.00,816.80,814.95,182653,150567240.95,8613
NSE,GOKUL,INE020J01029,EQ,39.05,39.99,38.90,39.43,39.05,148731,5879967.78,701
NSE,GOKULAGRO,INE314T01033,EQ,225.00,236.90,224.99,231.58,225.11,704955,163348321.42,12395
NSE,GOLDIAM,INE025B01025,EQ,376.00,381.45,361.10,362.95,375.70,765796,282832592.00,14792
NSE,GOLDTECH,INE805A01014,BE,56.38,57.80,54.20,54.94,56.38,17269,972665.80,203
NSE,GOODLUCK,INE127I01024,EQ,1518.90,1535.40,1496.20,1507.20,1517.50,132434,200524152.60,14053
NSE,GOODYEAR,INE533A01012,EQ,839.00,862.95,835.15,857.15,833.25,84106,71745621.05,4402
NSE,GOPAL,INE0L9R01028,EQ,273.00,281.15,273.00,278.90,270.50,275249,76278033.55,9747
NSE,GOYALALUM,INE705X01026,EQ,6.44,6.69,6.44,6.58,6.52,53149,349422.02,383
NSE,GPIL,INE177H01039,EQ,244.05,248.95,240.00,244.37,242.40,1106208,273114134.80,18018
NSE,GPPL,INE517F01014,EQ,151.45,152.79,150.50,151.37,150.27,879659,133316476.89,12843
NSE,GPTHEALTH,INE486R01017,EQ,169.64,170.00,163.00,163.94,170.49,509164,84672998.04,7818
NSE,GPTINFRA,INE390G01014,EQ,117.00,118.85,113.50,114.02,118.62,251340,28916988.41,3209
NSE,GRADIENTE,INE361K01017,BE,2.84,2.84,2.61,2.78,2.74,204269,554197.16,125
NSE,GRANDOAK,INE926B01016,EQ,35.90,36.59,35.00,36.59,34.85,6500,235018.47,119
NSE,GRANULES,INE101D01020,EQ,827.80,848.65,814.20,843.20,824.65,957769,803895487.75,40900
NSE,GRAPHITE,INE371A01025,EQ,657.00,672.00,654.35,657.95,656.40,878541,581838281.65,19853
NSE,GRASIM,INE047A01021,EQ,3120.00,3260.00,3103.10,3260.00,3100.80,393816,1240290032.30,27419
NSE,GRAUWEIL,INE266D01021,EQ,77.37,79.80,76.83,78.76,76.56,236764,18585724.21,6971
NSE,GRAVISSHO,INE214F01026,EQ,30.00,31.00,29.35,30.99,30.83,4462,135623.08,45
NSE,GRAVITA,INE024L01027,EQ,1624.40,1673.00,1613.20,1663.90,1616.40,268858,443056924.60,16762
NSE,GREAVESCOT,INE224A01026,EQ,240.00,241.85,231.20,232.67,238.05,1179564,278826185.17,19485
NSE,GREENLAM,INE544R01021,EQ,252.00,257.70,250.25,251.70,251.90,52394,13252948.40,2475
NSE,GREENPANEL,INE08ZM01014,EQ,194.01,197.50,193.42,196.72,193.02,66735,13063815.74,3183
NSE,GREENPLY,INE461C01038,EQ,289.95,295.90,285.25,287.40,284.75,195013,56843356.40,5083
NSE,GREENPOWER,INE999K01014,EQ,10.00,10.29,10.00,10.08,9.95,2062868,20925635.47,4081
NSE,GRINDWELL,INE536A01023,EQ,2130.90,2146.20,2061.00,2087.80,2120.20,21035,44260379.50,5322
NSE,GRINFRA,INE201P01022,EQ,885.10,915.00,885.10,907.00,884.10,17876,16160847.75,1921
NSE,GRMOVER,INE192H01020,EQ,89.73,96.49,89.10,94.88,89.73,2999165,280125970.24,91407
NSE,GROBTEA,INE646C01018,EQ,903.30,919.40,893.30,918.05,920.00,223,204397.45,33
NSE,GROWW,INE0HOQ01053,EQ,195.35,195.35,190.60,192.60,194.37,33125267,6373248450.38,181065
NSE,GRPLTD,INE137I01015,EQ,2100.00,2143.40,2011.30,2028.70,2098.20,3607,7559626.10,765
NSE,GRSE,INE382Z01011,EQ,2615.00,2622.80,2575.00,2582.70,2601.20,317050,823115482.40,21352
NSE,GRWRHITECH,INE291A01017,EQ,7190.00,7249.00,7115.50,7182.00,7151.50,38146,273931336.50,6913
NSE,GSFC,INE026A01025,EQ,160.20,161.95,159.99,160.81,158.84,286583,46113486.94,3970
NSE,GSLSU,INE0JSX01015,EQ,27.96,28.75,27.10,27.69,27.95,33189,937446.00,415
NSE,GSPCROP,INE713R01022,EQ,582.00,594.00,580.75,587.85,582.95,191658,112237242.25,4727
NSE,GSS,INE871H01011,EQ,12.82,13.82,12.64,13.79,12.57,165823,2241040.06,493
NSE,GTECJAINX,INE586X01012,BE,27.39,29.34,27.39,28.05,27.95,4846,140507.50,38
NSE,GTL,INE043A01012,EQ,7.39,7.60,7.30,7.44,7.29,241270,1789473.95,775
NSE,GTLINFRA,INE221H01019,EQ,1.24,1.34,1.23,1.31,1.23,69477266,90251868.54,16218
NSE,GTPL,INE869I01013,EQ,61.35,61.35,59.66,59.95,59.90,18323,1099580.73,254
NSE,GUFICBIO,INE742B01025,EQ,390.45,397.35,386.55,390.50,389.85,35368,13845583.90,1567
NSE,GUJALKALI,INE186A01019,EQ,689.00,719.00,680.05,697.25,670.80,465124,328927918.55,18113
NSE,GUJAPOLLO,INE826C01016,EQ,385.00,385.00,346.15,364.00,344.35,25548,9369235.60,1217
NSE,GUJENERGY,INE844O01030,EQ,277.30,281.90,274.80,277.55,274.50,670676,186446683.50,28482
NSE,GUJRAFFIA,INE610B01024,EQ,39.15,41.38,39.01,39.59,39.65,1607,63821.88,38
NSE,GUJTHEM,INE942C01045,EQ,356.30,361.30,354.10,356.60,358.05,35793,12856004.20,791
NSE,GULFOILLUB,INE635Q01029,EQ,1072.90,1121.00,1072.90,1115.10,1069.30,143329,158857715.30,10243
NSE,GULFPETRO,INE586G01017,BE,52.45,52.45,52.45,52.45,49.96,204084,10704205.80,429
NSE,GULPOLY,INE255D01024,EQ,199.00,206.99,196.61,198.50,197.32,442709,89573819.76,7264
NSE,GVKPIL,INE251H01024,BE,2.39,2.42,2.35,2.39,2.39,601035,1435651.95,937
NSE,GVPIL,INE878A01011,EQ,700.00,758.00,700.00,758.00,721.95,157148,115491274.05,7277
NSE,GVPTECH,INE382T01030,EQ,7.24,7.24,6.95,7.06,7.03,63841,450887.30,302
NSE,GVT&D,INE200A01026,EQ,4323.00,4370.00,4267.90,4370.00,4323.30,478516,2069887915.30,42815
NSE,GYFTR,INE724A01017,EQ,158.00,168.00,156.00,161.69,159.68,44488,7203333.21,729
NSE,HAL,INE066F01020,EQ,4660.40,4699.00,4647.50,4690.00,4646.50,466729,2180869526.80,36570
NSE,HALDER,INE115S01010,EQ,240.44,260.00,240.44,255.00,247.11,27523,6841548.91,319
NSE,HALDYNGL,INE506D01020,BE,120.61,126.26,120.61,126.26,120.25,151391,18944788.51,384
NSE,HALEOSLABS,INE320X01016,EQ,1541.20,1590.00,1541.20,1589.00,1530.80,302,474758.20,59
NSE,HAPPSTMNDS,INE419U01012,EQ,377.20,387.00,371.35,384.00,377.20,1063697,405332893.20,32628
NSE,HAPPYFORGE,INE330T01021,EQ,1668.00,1710.50,1652.80,1699.20,1652.70,56505,95592993.20,7104
NSE,HARDWYN,INE626Z01029,EQ,11.30,11.55,11.16,11.23,11.27,2675789,30125436.23,1971
NSE,HARIOMPIPE,INE00EV01017,EQ,391.00,408.50,391.00,402.70,390.50,229192,92193881.60,4862
NSE,HARRMALAYA,INE544A01019,EQ,215.55,220.00,212.25,214.63,215.55,10527,2281188.44,454
NSE,HARSHA,INE0JUS01029,EQ,402.55,409.00,402.55,407.55,401.05,61608,25049326.70,2411
NSE,HATHWAY,INE982F01036,EQ,10.77,11.13,10.77,11.05,10.77,1971674,21635064.06,2723
NSE,HATSUN,INE473B01035,EQ,877.00,894.45,877.00,884.80,885.40,18783,16597051.60,1691
NSE,HAVELLS,INE176B01034,EQ,1261.90,1287.30,1259.10,1285.00,1260.70,1214090,1548265998.00,29693
NSE,HAVISHA,INE293B01029,EQ,1.37,1.37,1.29,1.32,1.28,26883,35937.79,107
NSE,HAWKINCOOK,INE979B01015,EQ,8500.50,8649.50,8400.00,8496.50,8549.50,984,8410642.00,513
NSE,HBESD,INE640B01021,EQ,73.00,78.94,73.00,75.00,75.03,1436,110125.70,37
NSE,HBLENGINE,INE292B01021,EQ,724.00,741.70,721.65,739.20,718.70,967783,711993258.60,27827
NSE,HBSL,INE550B01022,EQ,52.60,52.74,49.95,50.50,48.00,3507,179594.29,118
NSE,HCC,INE549A01026,EQ,21.60,22.00,21.51,21.81,21.44,13986818,305348163.76,16684
NSE,HCG,INE075I01017,EQ,684.00,684.00,663.90,671.75,671.20,77076,52047178.85,10944
NSE,HCL-INSYS,INE236A01020,EQ,11.53,11.89,11.42,11.66,11.39,218623,2544068.88,885
NSE,HCLTECH,INE860A01027,EQ,1352.00,1377.00,1343.50,1377.00,1346.90,2314332,3137412666.60,101947
NSE,HDBFS,INE756I01012,EQ,690.00,697.00,681.40,684.85,686.35,375358,258953554.90,20127
NSE,HDFCAMC,INE127D01025,EQ,2640.00,2644.80,2562.20,2600.60,2615.80,534990,1384511957.80,49789
NSE,HDFCBANK,INE040A01034,EQ,753.05,756.85,750.05,753.00,748.15,14827841,11164788358.50,392396
NSE,HDFCLIFE,INE795G01014,EQ,553.70,554.00,549.10,553.10,548.50,2516331,1386270122.90,50997
NSE,HEADSUP,INE759V01019,EQ,6.98,6.98,6.53,6.79,6.53,16070,109749.01,65
NSE,HEALTHX,INE019J01013,EQ,307.95,319.45,307.95,315.00,307.95,21093,6624740.65,401
NSE,HECPROJECT,INE558R01013,EQ,132.22,138.40,132.18,135.49,131.53,6912,930227.36,320
NSE,HEG,INE545A01024,EQ,661.00,671.80,652.40,665.25,657.25,722406,480718929.30,15889
NSE,HEIDELBERG,INE578A01017,EQ,153.10,155.89,153.10,155.51,152.69,65037,10046126.89,1321
NSE,HEMIPROP,INE0AJG01018,EQ,135.38,141.95,135.10,140.00,134.32,1780008,248508750.15,9593
NSE,HERANBA,INE694N01015,EQ,179.57,187.18,178.48,182.74,179.57,37947,6916161.92,1296
NSE,HERITGFOOD,INE978A01027,EQ,334.30,339.30,333.35,335.10,330.15,244425,82115212.25,3859
NSE,HEROMOTOCO,INE158A01026,EQ,5425.00,5460.50,5388.00,5460.00,5386.00,602971,3275218274.50,49858
NSE,HESTERBIO,INE782E01017,EQ,2477.00,2489.80,2420.00,2442.40,2477.70,6340,15558052.80,1223
NSE,HEXAGON,INE0JUI01012,BE,65.29,66.99,64.00,66.35,64.19,373945,24466212.91,1166
NSE,HEXATRADEX,INE750M01017,EQ,157.01,159.90,156.40,157.90,157.38,3521,554559.90,74
NSE,HEXT,INE093A01041,EQ,567.40,569.85,549.10,559.85,561.65,676648,376300092.20,23743
NSE,HFCL,INE548A01028,EQ,196.95,203.61,195.70,202.52,193.92,39140552,7889481523.90,116664
NSE,HGINFRA,INE926X01010,EQ,538.55,548.00,538.00,546.85,538.55,48918,26647130.20,4070
NSE,HGM,INE596H01014,EQ,52.70,52.70,48.50,49.45,50.31,18981,932759.90,107
NSE,HGS,INE170I01016,EQ,422.90,435.90,422.90,430.55,422.90,25443,10958051.80,1424
NSE,HIKAL,INE475B01022,EQ,222.20,234.80,222.20,229.90,221.31,575992,132580167.01,9340
NSE,HILINFRA,INE00RL01028,EQ,46.48,47.20,45.71,47.00,45.90,68684,3206343.40,542
NSE,HILTON,INE788H01017,BE,21.70,21.95,20.42,21.37,21.49,164617,3425948.22,358
NSE,HIMATSEIDE,INE049A01027,EQ,79.99,81.82,79.99,80.99,79.23,325428,26367904.26,2908
NSE,HINDALCO,INE038A01020,EQ,990.00,994.90,981.35,994.90,974.45,5617219,5552403552.20,161480
NSE,HINDCOMPOS,INE310C01029,EQ,425.50,431.95,424.50,425.55,423.00,3202,1366550.60,190
NSE,HINDCON,INE642Y01029,EQ,24.44,24.44,23.06,23.15,24.03,16892,398755.10,310
NSE,HINDCOPPER,INE531E01026,EQ,495.00,498.50,491.00,495.05,491.60,2755226,1363147565.75,45229
NSE,HINDOILEXP,INE345A01011,EQ,161.00,162.00,158.00,161.13,161.29,341878,54963813.07,4720
NSE,HINDPETRO,INE094A01015,EQ,396.90,398.85,392.10,395.00,389.75,4909326,1940845881.35,38676
NSE,HINDUNILVR,INE030A01027,EQ,2107.00,2138.00,2105.30,2138.00,2101.30,740649,1568908252.00,47718
NSE,HINDWAREAP,INE05AN01011,EQ,220.45,226.50,219.93,222.23,220.45,78473,17567131.55,1627
NSE,HINDZINC,INE267A01025,EQ,543.60,550.45,541.45,547.00,539.20,2640411,1444607116.00,41138
NSE,HIRECT,INE835D01023,EQ,1344.00,1360.00,1319.90,1339.40,1338.30,80334,107965199.70,6816
NSE,HISARMETAL,INE598C01011,EQ,146.00,151.00,144.00,146.47,147.29,3008,443504.18,46
NSE,HITECH,INE106T01025,EQ,84.99,86.90,84.99,85.49,84.65,552712,47611201.83,3505
NSE,HITECHCORP,INE120D01012,BE,321.00,324.00,319.00,319.20,320.20,14716,4704418.00,116
NSE,HITECHGEAR,INE127B01011,BE,565.00,584.00,560.05,574.55,571.80,2956,1697549.15,52
NSE,HLEGLAS,INE461D01028,EQ,433.00,434.00,420.10,422.85,426.90,105745,44975490.05,4866
NSE,HLVLTD,INE102A01024,EQ,7.12,7.54,7.00,7.21,7.12,374443,2689000.31,900
NSE,HMAAGRO,INE0ECP01024,EQ,20.51,21.50,20.51,20.89,20.52,491190,10332577.26,1898
NSE,HMVL,INE871K01015,EQ,93.10,95.50,92.70,95.08,94.63,44985,4233503.53,752
NSE,HNDFDS,INE254N01026,EQ,580.00,593.90,573.80,589.05,574.65,104727,61618101.00,10573
NSE,HOMEFIRST,INE481N01025,EQ,1193.50,1220.00,1168.00,1170.20,1189.00,114585,136253296.10,11252
NSE,HONASA,INE0J5401028,EQ,447.25,461.80,437.30,458.20,449.55,725342,329084776.25,27046
NSE,HONAUT,INE671A01010,EQ,38355.00,38945.00,38255.00,38570.00,38155.00,3672,142102430.00,1930
NSE,HONDAPOWER,INE634A01018,EQ,2093.90,2126.60,2077.20,2096.00,2093.90,6450,13528280.50,915
NSE,HPAL,INE0GSL01024,EQ,32.56,34.00,32.56,33.30,32.56,49769,1663631.08,799
NSE,HPIL,INE05X901010,EQ,125.00,130.99,123.21,127.74,126.08,3083,392917.60,54
NSE,HPL,INE495S01016,EQ,335.00,342.00,335.00,335.95,332.45,65003,21937722.95,2982
NSE,HSCL,INE019C01026,EQ,750.00,756.85,735.20,750.65,750.65,3225995,2415731373.65,47263
NSE,HTMEDIA,INE501G01024,EQ,24.31,25.24,24.31,24.87,24.65,44939,1122985.08,220
NSE,HUBTOWN,INE703H01016,EQ,190.88,194.00,188.00,190.51,190.58,350784,67058431.04,4171
NSE,HUDCO,INE031A01017,EQ,195.90,200.39,195.90,199.38,195.10,2281853,453018647.87,27349
NSE,HUHTAMAKI,INE275B01026,EQ,298.00,310.70,295.50,300.00,298.14,459416,139268004.05,9008
NSE,HYBRIDFIN,INE965B01022,BE,18.01,18.75,18.00,18.02,18.50,8156,147789.63,73
NSE,HYUNDAI,INE0V6F01027,EQ,2212.10,2247.60,2200.00,2207.00,2180.70,1774484,3937356931.20,72254
NSE,IBULLSLTD,INE126M01010,BE,27.02,28.01,26.60,27.09,27.38,6862536,186883869.53,5380
NSE,ICDSLTD,INE613B01010,EQ,39.10,41.00,39.00,39.65,40.39,4879,193608.37,39
NSE,ICEMAKE,INE520Y01019,EQ,827.00,840.00,822.00,825.25,831.35,13373,11085362.50,1349
NSE,ICICIAMC,INE346A01027,EQ,3129.00,3130.00,3087.10,3099.10,3115.90,322476,1001454675.70,43321
NSE,ICICIBANK,INE090A01021,EQ,1442.00,1460.00,1433.00,1460.00,1435.40,7706747,11142959295.90,185170
NSE,ICICIGI,INE765G01017,EQ,1632.70,1675.00,1632.70,1675.00,1623.70,908054,1501649001.50,25599
NSE,ICICIPRULI,INE726G01019,EQ,515.40,522.35,513.80,522.35,515.40,2151448,1115847805.95,39510
NSE,ICIL,INE483B01026,EQ,401.25,415.85,401.25,409.70,401.25,487006,199142232.10,15247
NSE,ICRA,INE725G01011,EQ,4969.00,5145.00,4911.00,5131.50,4903.50,109701,554930676.20,18706
NSE,IDBI,INE008A01015,EQ,84.80,86.23,84.51,84.71,83.75,4244574,362027769.44,16692
NSE,IDEA,INE669E01016,EQ,13.01,13.11,12.82,12.86,13.01,235409728,3055463550.66,247868
NSE,IDEAFORGE,INE349Y01013,BE,892.00,899.00,870.05,887.10,875.10,124436,110676832.75,3804
NSE,IDFCFIRSTB,INE092T01019,EQ,85.31,86.50,84.69,86.00,84.68,12814087,1094696303.85,53877
NSE,IEX,INE022Q01020,EQ,133.00,133.80,126.01,128.00,132.24,18350173,2353078630.78,105970
NSE,IFBAGRO,INE076C01018,BE,994.00,997.95,975.00,984.00,978.25,2843,2792635.40,165
NSE,IFBIND,INE559A01017,EQ,1315.70,1365.50,1305.00,1354.00,1315.70,70710,95049932.60,9762
NSE,IFCI,INE039A01010,EQ,77.30,79.20,76.92,77.31,76.54,20352925,1584218740.93,51969
NSE,IFGLEXPOR,INE133Y01011,EQ,212.00,218.30,203.92,207.35,208.57,79459,16959230.95,2591
NSE,IGARASHI,INE188B01013,EQ,451.40,469.90,451.40,467.15,451.15,57816,26669337.95,2629
NSE,IGCL,INE05J901018,EQ,77.90,77.90,75.00,75.47,77.90,118216,9032035.56,1745
NSE,IGIL,INE0Q9301021,EQ,355.00,371.40,354.60,364.95,353.45,1356968,495572205.90,34386
NSE,IGL,INE203G01027,EQ,152.05,156.52,152.05,156.17,151.98,1720749,267127997.47,34078
NSE,IGPL,INE204A01010,EQ,478.30,500.00,471.05,496.65,471.25,185122,90649879.80,5123
NSE,IIFL,INE530B01024,EQ,610.80,622.00,602.40,617.85,608.65,2681421,1640889011.80,47163
NSE,IIFLCAPS,INE489L01022,EQ,339.30,339.30,335.10,336.65,337.80,293307,98587003.30,9714
NSE,IITL,INE886A01014,EQ,133.21,153.21,133.21,153.21,127.68,270241,39192622.15,3433
NSE,IKIO,INE0LOJ01019,EQ,201.00,203.90,199.30,201.54,200.22,165776,33336908.08,2111
NSE,IKS,INE115Q01022,EQ,1858.00,1858.00,1839.30,1846.40,1848.90,61283,113137432.60,13849
NSE,IMAGICAA,INE172N01012,EQ,47.24,49.85,47.18,49.09,46.99,1090738,53038629.98,4524
NSE,IMFA,INE919H01018,EQ,1482.90,1498.90,1454.00,1492.00,1448.60,229842,340530516.70,15338
NSE,IMPAL,INE547E01014,EQ,1080.00,1114.70,1070.00,1104.60,1084.40,1846,2020420.20,336
NSE,INA,INE0LGX01024,EQ,111.31,113.98,111.11,112.75,111.78,374327,42207669.91,4696
NSE,INCREDIBLE,INE452L01012,EQ,33.48,33.99,33.02,33.10,33.15,86,2878.27,12
NSE,INDBANK,INE841B01017,EQ,32.26,32.84,32.26,32.49,32.35,19689,640613.96,284
NSE,INDGN,INE065X01017,EQ,523.45,554.85,512.30,545.25,515.15,1886714,1018753073.25,61663
NSE,INDHOTEL,INE053A01029,EQ,740.00,752.00,739.50,752.00,738.55,1980772,1475435372.95,29586
NSE,INDIACEM,INE383A01012,EQ,400.00,400.00,388.50,390.95,398.00,195037,76686063.55,12469
NSE,INDIAGLYCO,INE560A01023,EQ,1158.00,1164.60,1140.00,1145.20,1147.45,110002,126880197.70,9414
NSE,INDIAMART,INE933S01016,EQ,1820.00,1825.00,1790.00,1798.60,1799.80,165345,299098000.30,15699
NSE,INDIANB,INE562A01011,EQ,841.95,853.80,838.00,845.00,836.50,1497239,1268306727.85,44304
NSE,INDIANCARD,INE061A01014,EQ,225.72,232.00,222.03,224.29,225.72,1358,307441.05,51
NSE,INDIANHUME,INE323C01030,EQ,393.20,421.00,393.20,414.50,390.75,183169,74829545.55,7879
NSE,INDIASHLTR,INE922K01024,EQ,722.85,745.40,715.30,726.50,726.50,98972,72418999.30,7700
NSE,INDIGO,INE646L01027,EQ,5300.00,5402.00,5276.00,5400.00,5171.00,990927,5307860572.00,70011
NSE,INDIGOPNTS,INE09VQ01012,EQ,1106.60,1113.40,1086.00,1087.40,1111.80,48464,53169423.80,6879
NSE,INDIQUBE,INE06ST01018,EQ,176.84,178.40,169.45,171.97,173.76,47200,8250127.28,1477
NSE,INDNIPPON,INE092B01025,EQ,1186.50,1214.60,1150.10,1173.20,1170.40,64388,76750602.70,3607
NSE,INDOAMIN,INE760F01028,BE,127.00,129.00,121.50,126.24,127.48,46167,5805533.87,400
NSE,INDOBORAX,INE803D01021,EQ,378.15,422.35,373.00,418.70,374.90,889883,365970097.50,27670
NSE,INDOCO,INE873D01024,EQ,222.78,225.02,220.00,221.76,219.49,89085,19821225.93,2697
NSE,INDOFARM,INE622H01018,EQ,161.90,164.50,160.16,161.60,161.22,179064,29130502.02,3645
NSE,INDOMIM,INE084101034,EQ,776.00,802.70,765.00,770.15,776.15,7110886,5568660157.40,243747
NSE,INDORAMA,INE156A01020,EQ,56.55,64.85,56.55,63.49,56.25,2539412,156580447.02,18808
NSE,INDOSTAR,INE896L01010,EQ,250.25,253.00,243.05,245.25,250.00,101092,25200592.45,2124
NSE,INDOTECH,INE332H01014,BE,3510.00,3529.80,3351.10,3470.70,3453.80,20769,72223246.80,908
NSE,INDOTHAI,INE337M01021,EQ,214.90,215.00,170.75,170.75,213.43,2912295,533334986.71,27445
NSE,INDOUS,INE250Z01010,EQ,81.00,84.63,81.00,83.60,81.62,10809,899999.03,636
NSE,INDOWIND,INE227G01018,BE,9.18,9.36,9.10,9.12,9.18,79213,727533.91,288
NSE,INDPRUD,INE620D01011,EQ,6660.00,6660.00,6420.00,6550.00,6598.50,98,640258.00,32
NSE,INDRAMEDCO,INE681B01017,EQ,367.00,373.30,365.65,368.90,366.35,118293,43722854.55,3350
NSE,INDSWFTLAB,INE915B01019,EQ,224.27,231.20,222.20,228.63,224.27,195400,44623764.50,3589
NSE,INDTERRAIN,INE611L01021,EQ,28.60,33.39,28.12,33.39,27.83,296135,9569326.72,1388
NSE,INDUSINDBK,INE095A01012,EQ,1019.00,1028.90,1013.30,1028.90,1012.45,887652,905090675.40,30372
NSE,INDUSTOWER,INE121J01017,EQ,394.00,398.30,390.10,395.30,391.10,2253714,889535407.70,34763
NSE,INFOBEAN,INE344S01016,EQ,170.44,175.88,167.69,171.95,166.86,424632,73334776.26,7092
NSE,INFOMEDIA,INE669A01022,EQ,5.45,5.70,5.13,5.38,5.43,13289,72398.30,79
NSE,INFY,INE009A01021,EQ,1145.10,1180.00,1138.10,1180.00,1130.10,8582270,9962989189.50,157993
NSE,INGERRAND,INE177A01018,EQ,4335.60,4418.20,4290.00,4327.00,4335.60,7602,33182235.50,1222
NSE,INNOVACAP,INE0DUT01020,EQ,975.00,975.85,945.20,956.40,974.25,18202,17541478.05,2970
NSE,INNOVANA,INE403Y01018,EQ,315.00,336.75,315.00,322.00,327.90,2468,797701.35,166
NSE,INNOVISION,INE0ADB01012,EQ,284.10,288.00,283.60,285.75,285.50,14255,4077766.85,577
NSE,INOXGREEN,INE510W01014,BE,170.00,177.30,165.00,174.32,169.89,653228,111704463.49,2612
NSE,INOXINDIA,INE616N01034,EQ,1908.00,1980.00,1879.00,1920.40,1908.00,133526,256447365.50,16505
NSE,INOXWIND,INE066P01011,EQ,78.90,81.14,78.54,78.90,78.14,11919807,951504259.44,39978
NSE,INSECTICID,INE070I01018,EQ,643.30,665.95,636.10,663.60,641.20,61729,40616274.10,2711
NSE,INSPIRISYS,INE020G01017,BE,97.00,99.00,96.10,98.49,99.00,4502,437441.37,65
NSE,INTELLECT,INE306R01017,EQ,727.70,764.40,722.15,748.85,719.90,1625516,1220233953.20,50251
NSE,INTENTECH,INE781A01025,EQ,82.50,85.87,82.50,83.07,83.32,25387,2132225.31,787
NSE,INTERARCH,INE00M901018,EQ,1811.00,1858.00,1811.00,1846.10,1808.80,53516,98342970.50,4280
NSE,INTLCONV,INE575C01027,EQ,74.00,75.75,73.55,73.77,74.47,49859,3707856.71,2427
NSE,INVENTURE,INE878H01024,EQ,0.91,0.95,0.90,0.91,0.90,2382685,2198685.14,489
NSE,INVPRECQ,INE155E01016,BE,1152.50,1152.50,1060.10,1113.10,1097.65,11175,12346362.50,396
NSE,IOB,INE565A01014,EQ,34.29,34.60,34.01,34.10,33.90,2431701,83443767.63,11008
NSE,IOC,INE242A01010,EQ,142.52,145.20,142.38,143.70,140.17,17986947,2581441355.91,81731
NSE,IOLCP,INE485C01029,EQ,147.10,153.90,146.48,151.70,146.33,1909350,288225319.60,15664
NSE,IONEXCHANG,INE570A01022,EQ,420.70,436.00,419.75,429.95,420.70,321970,137639683.45,11392
NSE,IPCALAB,INE571A01038,EQ,1752.90,1767.00,1714.00,1725.60,1747.80,159711,278136312.80,23023
NSE,IPL,INE0D6701023,EQ,144.01,152.48,142.40,148.57,154.15,1006156,147418009.75,11778
NSE,IRB,INE821I01022,EQ,20.17,20.38,20.06,20.18,20.00,6221967,125773373.84,16333
NSE,IRCON,INE962Y01021,EQ,126.12,132.38,126.10,131.88,125.99,3483133,455353440.91,29317
NSE,IRCTC,INE335Y01020,EQ,494.35,517.50,493.00,513.50,489.80,2801518,1426127913.95,54823
NSE,IREDA,INE202E01016,EQ,120.38,123.90,120.19,123.00,119.59,7823276,959955189.17,38873
NSE,IRFC,INE053F01010,EQ,89.50,90.85,89.42,90.25,89.15,11813006,1066691375.98,51917
NSE,IRIS,INE864K01010,EQ,252.00,263.97,249.80,254.52,248.20,19353,4931987.82,615
NSE,IRISDOREME,INE01GN01025,EQ,53.26,54.50,52.81,53.52,52.96,459911,24535351.61,2782
NSE,IRMENERGY,INE07U701015,EQ,257.60,268.40,257.60,265.00,257.55,97929,25890027.55,3086
NSE,ISFT,INE566K01011,EQ,82.50,84.00,78.30,82.50,81.31,5293,436747.56,228
NSE,ISGEC,INE858B01029,EQ,834.00,847.00,833.35,838.95,825.95,39861,33477984.20,3469
NSE,ISHANCH,INE561M01018,EQ,52.99,53.30,50.50,51.84,52.22,49811,2607360.62,279
NSE,ITC,INE154A01025,EQ,284.45,292.55,283.00,287.00,281.00,45392755,13120068403.80,397056
NSE,ITCHOTELS,INE379A01028,EQ,163.59,167.35,162.80,165.22,162.37,2135051,353497678.95,33860
NSE,ITDC,INE353K01014,EQ,707.00,730.20,705.45,715.20,700.70,343982,247358373.75,17311
NSE,ITI,INE248A01017,EQ,279.40,282.90,277.80,282.15,276.70,264548,74360914.35,6001
NSE,IVALUE,INE056801025,EQ,272.55,282.00,271.35,274.70,274.05,446702,123205651.40,6970
NSE,IVC,INE050B01023,EQ,8.50,8.51,8.44,8.45,8.40,154929,1311585.98,692
NSE,IVP,INE043C01018,BE,153.50,158.90,153.35,158.23,152.00,6857,1070759.28,118
NSE,IWP,INE586E01020,EQ,34.45,34.45,32.80,33.13,33.49,2124,70269.41,37
NSE,IXIGO,INE0HV901016,EQ,199.85,204.58,198.13,199.60,197.62,591507,118523553.44,14413
NSE,IZMO,INE848A01014,EQ,997.00,1028.25,973.85,988.90,992.90,91192,91380463.90,7374
NSE,J&KBANK,INE168A01041,EQ,155.00,158.70,152.55,156.12,156.00,6169987,968746094.98,53526
NSE,JAGRAN,INE199G01027,EQ,64.20,64.50,62.80,62.88,63.81,361401,22847801.81,2836
NSE,JAGSNPHARM,INE048B01035,EQ,228.50,239.00,227.21,235.37,230.80,182821,42332496.11,3945
NSE,JAIBALAJI,INE091G01026,BE,57.96,60.59,57.71,60.59,57.71,187525,11184705.89,748
NSE,JAICORPLTD,INE070D01027,EQ,102.15,104.39,102.15,103.83,101.64,283415,29395973.60,2747
NSE,JAINREC,INE0YD401026,EQ,353.90,363.00,321.20,350.20,348.20,6506503,2258715416.10,119306
NSE,JAIPURKURT,INE696V01013,EQ,26.50,27.96,26.50,26.91,26.67,141267,3851650.93,181
NSE,JAMNAAUTO,INE039C01032,EQ,132.99,141.60,132.49,140.86,131.18,6125287,849918269.68,51207
NSE,JARO,INE00YJ01010,EQ,474.80,476.65,469.75,472.55,467.85,113121,53466658.65,2200
NSE,JASH,INE039O01029,EQ,506.00,511.40,496.20,500.60,504.55,90209,45598718.15,6134
NSE,JAYAGROGN,INE785A01026,EQ,236.00,241.35,229.20,230.95,229.35,42437,9997105.06,1611
NSE,JAYBARMARU,INE571B01036,EQ,165.00,165.12,160.00,162.17,160.59,471198,76827567.70,5777
NSE,JAYKAY,INE903A01025,EQ,169.80,172.00,163.68,165.32,167.36,121972,20422896.44,2819
NSE,JAYNECOIND,INE854B01010,EQ,86.48,89.26,86.20,88.18,86.03,3042725,266544205.57,18128
NSE,JAYSREETEA,INE364A01020,EQ,82.90,84.15,82.48,83.27,81.96,20508,1707639.74,348
NSE,JBMA,INE927D01051,EQ,663.00,670.95,660.00,662.60,658.35,161748,107633995.55,8554
NSE,JETFREIGHT,INE982V01025,EQ,23.77,23.85,22.51,22.67,22.70,276654,6410907.25,1098
NSE,JGCHEM,INE0MB501011,EQ,507.00,514.80,501.65,508.40,503.80,84625,43043948.95,3425
NSE,JHS,INE544H01014,EQ,7.74,7.79,7.49,7.64,7.57,95703,731483.73,331
NSE,JINDALPHOT,INE796G01012,EQ,1070.00,1079.90,1038.00,1064.00,1061.10,2158,2286463.50,282
NSE,JINDALPOLY,INE197D01010,EQ,642.00,642.00,622.00,625.00,633.30,16801,10549497.25,1376
NSE,JINDALSAW,INE324A01032,EQ,256.75,260.80,253.25,259.30,256.95,1071375,275153747.10,23315
NSE,JINDALSTEL,INE749A01030,EQ,1114.00,1128.30,1105.10,1105.10,1102.40,1173261,1305568774.50,32751
NSE,JINDRILL,INE742C01031,EQ,622.90,628.35,607.00,611.15,616.20,283953,174949577.70,11698
NSE,JINDWORLD,INE247D01039,EQ,37.91,42.40,37.63,40.41,38.34,123958484,5085617362.03,226240
NSE,JIOFIN,INE758E01017,EQ,260.00,266.95,256.30,263.00,256.46,36582683,9571818101.80,177781
NSE,JISLJALEQS,INE175A01038,EQ,30.07,32.40,30.05,31.33,29.94,4959953,155574409.69,16232
NSE,JITFINFRA,INE863T01013,EQ,340.00,352.00,335.65,345.25,337.95,30630,10611410.30,1341
NSE,JKCEMENT,INE823G01014,EQ,5461.00,5595.00,5461.00,5563.50,5444.00,39151,217384203.50,11716
NSE,JKIL,INE576I01022,EQ,484.00,489.90,483.10,485.20,482.00,72309,35163838.40,4510
NSE,JKIPL,INE1FF001016,BE,98.50,101.00,94.51,96.83,97.97,10971,1069081.19,148
NSE,JKLAKSHMI,INE786A01032,EQ,569.90,571.85,564.00,568.65,564.65,67274,38226252.75,4288
NSE,JKPAPER,INE789E01012,EQ,390.95,392.70,385.00,385.75,390.55,205827,80021913.75,6562
NSE,JKTYRE,INE573A01042,EQ,405.00,418.25,403.15,410.30,399.75,1668484,686631844.80,37784
NSE,JLHL,INE682M01020,EQ,325.00,325.00,310.30,319.00,331.50,607371,192810072.10,32790
NSE,JMA,INE412C01023,EQ,89.00,90.90,87.02,88.67,87.92,12766,1141269.17,214
NSE,JMFINANCIL,INE780C01023,EQ,123.69,125.25,117.70,120.89,122.16,8194497,991022536.54,58434
NSE,JNKINDIA,INE0OAF01028,EQ,430.00,430.00,405.20,410.85,437.55,732715,305883236.25,17851
NSE,JOCIL,INE839G01010,BE,147.50,151.50,146.10,150.87,144.29,12800,1919305.69,96
NSE,JPOLYINVST,INE147P01019,EQ,1021.00,1045.00,1021.00,1029.20,1020.80,5203,5354792.90,391
NSE,JPPOWER,INE351F01018,EQ,18.59,19.28,18.31,18.76,18.29,197024299,3734467003.36,113139
NSE,JSFB,INE953L01027,EQ,579.00,593.00,573.60,584.85,575.00,673070,393308022.15,24389
NSE,JSL,INE220G01021,EQ,734.80,740.00,719.95,731.70,734.80,382465,280838188.05,20907
NSE,JSLL,INE0J5801029,EQ,595.60,602.05,573.20,582.50,586.15,415999,245375257.05,12549
NSE,JSWCEMENT,INE718I01012,EQ,134.00,134.75,132.15,132.90,133.10,692633,92647893.03,10380
NSE,JSWDULUX,INE133A01011,EQ,2938.80,3035.00,2938.80,3015.50,2938.80,13123,39497207.50,2834
NSE,JSWENERGY,INE121E01018,EQ,559.00,569.00,557.35,569.00,554.65,2824425,1591047841.20,56499
NSE,JSWHL,INE824G01012,EQ,11250.00,12200.00,11250.00,12016.00,11257.00,7448,87838859.00,2591
NSE,JSWINFRA,INE880J01026,EQ,317.70,330.95,314.40,329.00,312.40,6061606,1969194088.55,105860
NSE,JSWSTEEL,INE019A01038,EQ,1278.90,1294.80,1268.70,1292.30,1270.00,2577735,3293740965.60,57931
NSE,JTEKTINDIA,INE643A01035,EQ,141.90,143.94,138.20,141.74,140.71,256541,36315008.43,4247
NSE,JTLIND,INE391J01032,EQ,77.40,77.40,75.30,75.73,75.39,1165467,89020046.88,8357
NSE,JUBLCPL,INE03CC01015,EQ,1800.00,1848.70,1800.00,1822.30,1778.60,1471,2671052.90,298
NSE,JUBLFOOD,INE797F01020,EQ,439.95,470.80,439.95,470.00,438.25,6073943,2807939971.05,78614
NSE,JUBLINGREA,INE0BY001018,EQ,739.90,760.55,734.05,757.45,735.70,300636,226235276.50,18340
NSE,JUBLPHARMA,INE700A01033,EQ,936.00,944.45,925.40,933.15,935.15,204728,191251600.70,19899
NSE,JUNIPER,INE696F01016,EQ,198.00,199.00,196.45,197.75,195.33,82931,16414497.61,1525
NSE,JUSTDIAL,INE599M01018,EQ,719.90,729.35,705.80,710.65,716.70,399720,286039612.70,10336
NSE,JWL,INE209L01016,EQ,259.25,269.55,259.25,264.95,259.20,1890451,502019896.15,25367
NSE,JYOTHYLAB,INE668F01031,EQ,200.83,207.40,199.84,206.06,198.85,941754,193549290.76,22751
NSE,JYOTICNC,INE980O01024,EQ,814.80,864.20,812.05,858.30,808.65,1473324,1247635152.55,39134
NSE,JYOTISTRUC,INE197A01024,EQ,10.88,11.74,10.88,11.60,10.80,9771430,111470146.41,10661
NSE,KABRAEXTRU,INE900B01029,EQ,401.00,447.95,395.00,418.60,394.95,873684,371602394.60,27866
NSE,KAJARIACER,INE217B01036,EQ,1220.30,1223.00,1188.20,1214.70,1198.30,664373,802908604.10,45153
NSE,KAKATCEM,INE437B01014,BE,121.50,121.50,117.01,119.87,122.37,3518,421438.36,62
NSE,KALAMANDIR,INE438K01021,EQ,89.11,90.70,89.05,90.03,89.13,317343,28585159.60,2903
NSE,KALPATARU,INE227J01012,EQ,300.75,309.80,297.00,300.70,297.85,100525,30352158.05,2532
NSE,KALYANIFRG,INE314G01014,EQ,620.00,620.00,593.00,599.60,601.90,989,595668.70,91
NSE,KALYANKJIL,INE303R01014,EQ,616.35,623.40,602.55,608.00,612.60,15638729,9560273125.65,129745
NSE,KAMAHOLD,INE411F01010,EQ,2520.00,2545.00,2510.00,2516.40,2511.10,2500,6317954.60,302
NSE,KAMATHOTEL,INE967C01018,EQ,166.30,171.39,166.30,170.15,166.99,34581,5883057.90,876
NSE,KAMDHENU,INE390H01020,BE,34.30,34.89,33.44,34.55,34.30,367286,12668841.79,614
NSE,KAMOPAINTS,INE0BTI01037,EQ,4.57,4.73,4.50,4.56,4.58,307600,1407607.67,799
NSE,KANANIIND,INE879E01037,EQ,1.55,1.55,1.47,1.50,1.49,79472,119755.09,295
NSE,KANCHI,INE081G01019,BE,365.00,374.00,355.05,364.60,365.95,1404,512465.55,45
NSE,KANORICHEM,INE138C01024,BE,140.99,147.50,139.00,142.97,142.38,14005,2006504.02,146
NSE,KANPRPLA,INE694E01014,EQ,209.99,213.37,206.44,211.01,207.13,11000,2319369.68,627
NSE,KANSAINER,INE531A01024,EQ,197.19,205.26,197.19,204.18,196.74,514487,104765884.11,17125
NSE,KAPSTON,INE542Z01028,EQ,483.90,534.00,478.80,525.90,474.90,302591,156274112.50,12319
NSE,KARMAENG,INE725L01011,EQ,36.60,39.90,36.60,38.50,38.24,1381,52982.68,76
NSE,KARURVYSYA,INE036D01028,EQ,343.50,351.80,342.50,348.10,342.45,3406254,1185565641.80,57118
NSE,KAUSHALYA,INE234I01028,BE,892.30,929.00,892.30,924.55,909.00,148,134814.20,25
NSE,KAVDEFENCE,INE641C01019,EQ,56.71,59.71,56.71,58.52,57.11,117414,6887442.87,1553
NSE,KAYA,INE587G01015,EQ,275.15,283.00,275.15,278.45,275.74,7972,2225859.40,201
NSE,KAYNES,INE918Z01012,EQ,3830.00,3866.80,3760.00,3805.00,3804.60,1176113,4477279665.00,70307
NSE,KCP,INE805C01028,EQ,161.60,165.39,148.98,152.97,161.57,890397,139015442.59,18639
NSE,KCPSUGIND,INE790B01024,EQ,32.27,33.00,30.80,32.59,31.95,537049,17368575.30,1855
NSE,KDDL,INE291D01011,EQ,3318.50,3495.00,3272.70,3463.20,3302.00,54531,185564596.70,7077
NSE,KEC,INE389H01022,EQ,473.75,482.85,472.35,478.75,468.95,806688,386109605.55,21616
NSE,KECL,INE134B01017,EQ,134.00,140.00,130.40,135.26,137.79,303094,40857437.43,3928
NSE,KEEPLEARN,INE055C01020,EQ,1.99,1.99,1.85,1.94,1.91,37793,73435.65,65
NSE,KEI,INE878B01027,EQ,5024.00,5063.20,4963.20,5023.30,4999.00,274828,1379004606.20,29119
NSE,KELLTONTEC,INE164B01030,EQ,14.27,14.40,14.15,14.27,14.18,1738942,24828873.91,3153
NSE,KENNAMET,INE717A01029,EQ,2888.00,2987.00,2851.30,2907.50,2821.40,16803,49075084.30,2206
NSE,KERNEX,INE202H01019,EQ,2337.00,2352.80,2270.00,2278.00,2291.70,119055,274050092.10,8899
NSE,KESORAMIND,INE087A01019,BE,13.14,13.14,13.14,13.14,12.52,1049528,13790797.92,353
NSE,KEYFINSERV,INE681C01015,EQ,259.85,260.70,251.15,253.20,256.00,1581,405071.55,67
NSE,KFINTECH,INE138Y01010,EQ,943.70,953.55,934.25,945.00,937.90,514392,485676845.00,17955
NSE,KHADIM,INE834I01025,BE,97.80,97.80,95.05,96.79,96.99,11164,1076902.97,149
NSE,KHAICHEM,INE745B01028,EQ,47.90,52.79,47.70,49.35,47.15,234709,11693444.39,1734
NSE,KHAITANLTD,INE731C01018,EQ,141.00,155.40,134.00,155.39,129.50,49355,7394468.00,641
NSE,KHANDSE,INE060B01014,EQ,17.90,17.90,17.00,17.52,17.93,1503,26336.71,45
NSE,KICL,INE029L01018,EQ,5580.00,5600.00,5490.50,5522.00,5498.50,1259,7004151.00,312
NSE,KILITCH,INE729D01010,BE,192.00,192.00,185.00,190.86,186.59,17781,3379981.49,146
NSE,KIMS,INE967H01025,EQ,805.95,826.65,804.20,820.60,804.70,818769,668109717.10,24514
NSE,KINGFA,INE473D01015,EQ,5248.00,5250.50,5160.00,5185.50,5248.50,2833,14744786.50,1177
NSE,KIOCL,INE880L01014,EQ,371.00,410.70,369.55,394.90,365.55,2831917,1124691981.95,57530
NSE,KIRANVYPAR,INE555P01013,EQ,197.51,203.90,192.10,202.99,197.51,3066,618131.13,67
NSE,KIRIINDUS,INE415I01015,EQ,415.95,429.95,415.95,425.60,414.65,346596,147143571.45,7685
NSE,KIRLFER,INE884B01025,EQ,477.00,484.40,470.05,475.05,475.65,55463,26542316.60,2500
NSE,KIRLOSBROS,INE732A01036,EQ,1840.00,1914.00,1839.90,1859.70,1870.10,147293,277501191.10,20072
NSE,KIRLOSENG,INE146L01010,EQ,2190.00,2246.90,2157.50,2225.20,2189.80,271651,604646612.90,29453
NSE,KIRLOSIND,INE250A01039,EQ,3970.00,4067.80,3924.00,3952.60,3940.80,10676,42767018.00,2186
NSE,KIRLPNU,INE811A01020,EQ,1483.00,1491.10,1460.00,1463.30,1482.40,75867,111787349.20,10478
NSE,KISSHT,INE12F801023,EQ,320.00,321.65,307.00,313.60,317.80,2279384,716940922.95,62620
NSE,KITEX,INE602G01020,EQ,146.45,149.19,145.00,146.34,145.81,346394,51064805.15,3631
NSE,KKCL,INE401H01017,EQ,505.00,514.50,497.70,509.95,497.00,32890,16705505.25,5657
NSE,KLBRENG-B,INE338F01015,EQ,450.85,453.00,417.45,421.60,435.50,113179,48367819.65,4733
NSE,KMEW,INE0CJD01029,EQ,2470.60,2533.00,2470.60,2493.50,2463.30,51459,128961585.40,7665
NSE,KMSUGAR,INE157H01023,EQ,27.80,28.50,27.75,28.19,27.60,149407,4224993.59,907
NSE,KNACK,INE17QZ01016,EQ,192.50,202.90,192.49,197.28,190.15,2439087,483286814.53,21695
NSE,KNAGRI,INE0KNW01016,EQ,215.00,215.59,207.00,207.06,208.24,9368,1978771.91,144
NSE,KNRCON,INE634I01029,EQ,121.85,127.70,121.85,126.53,121.85,983664,123196906.73,9333
NSE,KOHINOOR,INE080B01012,EQ,23.27,23.77,23.04,23.25,23.27,41849,978132.29,1384
NSE,KOKUYOCMLN,INE760A01029,EQ,85.94,88.80,85.25,85.93,85.94,42642,3698790.86,456
NSE,KOLTEPATIL,INE094I01018,EQ,385.50,399.95,385.20,391.40,385.10,164542,64865626.95,4861
NSE,KOPRAN,INE082A01010,BE,188.22,194.60,182.15,190.27,191.03,61771,11750271.61,865
NSE,KOTAKBANK,INE237A01036,EQ,392.00,397.50,391.05,397.50,390.30,11247062,4422396675.35,198837
NSE,KOTARISUG,INE419A01022,EQ,25.07,26.48,25.07,26.13,25.28,112364,2931167.36,491
NSE,KOTHARIPET,INE720A01015,EQ,139.99,148.77,139.09,147.14,139.86,369243,54055524.75,4354
NSE,KOTHARIPRO,INE823A01017,EQ,68.43,71.00,66.36,68.66,66.77,7339,508246.85,202
NSE,KOTIC,INE972A01020,EQ,161.41,165.18,152.35,155.65,158.82,25135,3957785.97,690
NSE,KOTYARK,INE0J0B01017,BE,34.56,34.89,34.55,34.89,33.23,143927,5017188.41,298
NSE,KOVAI,INE177F01017,EQ,5895.00,5920.00,5810.00,5832.50,5910.00,4105,24051015.00,1674
NSE,KPEL,INE127T01021,EQ,309.05,319.20,309.05,316.25,306.95,193005,60791183.95,4846
NSE,KPIGREEN,INE542W01025,EQ,375.40,383.00,375.40,380.85,373.75,369696,140557210.50,12660
NSE,KPIL,INE220B01022,EQ,1289.00,1310.00,1273.10,1283.50,1289.60,152552,196232497.80,17688
NSE,KPITTECH,INE04I401011,EQ,602.15,622.50,598.45,619.25,598.40,4526739,2780014673.90,63094
NSE,KPL,INE552U01010,EQ,2598.90,2625.00,2550.00,2562.00,2578.90,12762,32889289.10,2362
NSE,KPRMILL,INE930H01031,EQ,1064.70,1077.00,1050.50,1063.70,1049.80,156682,166400920.20,17474
NSE,KRBL,INE001B01026,EQ,350.00,381.00,350.00,373.70,351.10,798295,294502486.40,17457
NSE,KREBSBIO,INE268B01013,EQ,53.11,58.04,53.11,55.79,53.65,10136,568969.40,83
NSE,KRIDHANINF,INE524L01026,BE,2.44,2.44,2.28,2.30,2.34,24337,56482.30,54
NSE,KRISHANA,INE506W01020,EQ,183.70,186.00,178.50,180.38,182.95,980090,178736711.44,13813
NSE,KRISHIVAL,INE0GGO01015,EQ,394.15,400.00,387.60,389.35,393.55,104025,40578769.85,332
NSE,KRISHNADEF,INE0J5601015,EQ,1206.70,1230.00,1202.00,1218.30,1198.50,69989,85337366.60,5036
NSE,KRITI,INE479D01038,BE,69.71,71.30,69.05,69.60,70.34,3815,267235.46,31
NSE,KRITIKA,INE00Z501029,EQ,6.39,6.39,5.98,6.01,6.14,415349,2532352.42,1032
NSE,KRITINUT,INE798K01010,EQ,72.00,76.94,71.85,73.69,72.58,9034,665506.14,119
NSE,KRN,INE0Q3J01015,BE,1175.00,1218.00,1175.00,1212.10,1174.40,46692,56263087.30,2566
NSE,KRONOX,INE0ATZ01017,EQ,151.30,154.90,151.30,153.81,151.30,33807,5194110.82,1132
NSE,KROSS,INE0O6601022,EQ,196.20,204.99,196.20,203.39,196.20,421877,85167276.65,7721
NSE,KRSNAA,INE08LI01020,EQ,529.00,561.45,526.55,540.80,527.45,220315,120333959.40,9203
NSE,KRYSTAL,INE0QN801017,EQ,602.00,608.85,601.00,602.20,600.05,12552,7594353.85,479
NSE,KSB,INE999A01023,EQ,858.00,868.55,850.50,857.75,855.90,50364,43271683.00,6714
NSE,KSCL,INE455I01029,EQ,782.40,801.95,772.25,780.50,782.45,178531,140654423.20,8704
NSE,KSHINTL,INE987S01020,EQ,845.45,885.60,845.45,878.20,839.70,211171,184359484.60,15589
NSE,KSHITIJPOL,INE013801027,BE,3.03,3.03,2.88,2.97,2.97,945344,2805001.84,1267
NSE,KSL,INE907A01026,EQ,889.00,889.70,875.05,886.50,874.05,15557,13715628.65,1538
NSE,KSOLVES,INE0D6I01023,EQ,281.55,286.80,281.55,282.80,281.50,34087,9691162.15,1448
NSE,KSR,INE1SPP01016,EQ,29.69,30.00,28.68,29.67,29.69,10836,322352.57,44
NSE,KTKBANK,INE614B01018,EQ,288.00,294.00,286.00,289.45,284.75,3342740,974885923.35,32818
NSE,KUANTUM,INE529I01021,EQ,79.00,80.80,78.71,79.35,78.05,103500,8244737.02,1246
NSE,KUSUMGAR,INE0ISX01025,EQ,587.95,633.00,583.60,615.80,582.85,2180851,1348817606.15,61801
NSE,KWIL,INE2KCE01013,EQ,31.19,33.42,30.94,33.16,30.91,17265472,565398227.82,34930
NSE,LAGNAM,INE548Z01017,EQ,85.80,89.50,85.00,88.44,86.34,24808,2174657.70,223
NSE,LAHOTIOV,INE515C01023,EQ,41.01,42.00,40.05,41.49,41.01,9924,407768.43,133
NSE,LAL,INE740X01023,EQ,8.37,8.69,8.05,8.13,8.53,253681,2105382.72,370
NSE,LALPATHLAB,INE600L01024,EQ,1920.00,1941.70,1880.60,1900.40,1905.20,718505,1365244434.30,55770
NSE,LAMBODHARA,INE112F01022,EQ,114.70,115.95,111.00,111.30,113.75,9964,1116830.93,229
NSE,LANCORHOL,INE572G01025,EQ,26.17,26.94,26.05,26.54,26.16,48293,1276031.61,245
NSE,LANDMARK,INE559R01029,EQ,541.00,558.90,538.20,542.90,540.75,265414,145684189.05,12713
NSE,LANDSMILL,INE688J01023,EQ,0.82,0.82,0.80,0.80,0.81,1487699,1201701.74,883
NSE,LAOPALA,INE059D01020,EQ,185.30,190.25,185.30,187.81,184.35,155641,29339799.41,2821
NSE,LASA,INE670X01014,EQ,7.10,7.10,6.86,6.93,6.87,39764,274998.43,148
NSE,LASERPOWER,INE17IR01028,EQ,303.00,307.80,288.00,295.10,299.37,2496781,740769415.25,26043
NSE,LATENTVIEW,INE0I7C01011,EQ,300.00,308.70,292.60,297.85,316.20,3420336,1023250994.20,51252
NSE,LATTEYS,INE262Z01023,BE,19.26,20.20,19.26,19.86,19.98,57845,1154949.47,178
NSE,LAURUSLABS,INE947Q01028,EQ,1821.00,1838.30,1789.10,1811.40,1816.20,1919384,3490014250.70,56463
NSE,LAXMICOT,INE801V01019,EQ,14.49,15.58,14.49,14.63,14.49,15770,235509.97,157
NSE,LAXMIDENTL,INE0WO601020,EQ,214.69,227.90,214.69,218.13,212.69,320951,71367434.54,7485
NSE,LAXMIINDIA,INE06WU01026,BE,129.00,131.80,125.00,131.05,126.48,226143,29461859.54,733
NSE,LCCINFOTEC,INE938A01021,EQ,4.01,4.38,4.01,4.14,4.18,159959,674047.51,136
NSE,LCL,INE0QJW01029,EQ,534.00,547.70,517.30,525.70,535.15,2411586,1286281954.70,58749
NSE,LEMERITE,INE0G1L01025,EQ,23.57,24.20,23.01,23.26,23.27,242961,5645915.74,838
NSE,LEMONTREE,INE970X01018,EQ,110.13,114.58,110.00,114.03,109.30,5869426,661124745.12,40508
NSE,LENSKART,INE956O01016,EQ,566.00,574.55,559.30,568.35,561.40,2729162,1546602975.10,51414
NSE,LEXUS,INE500X01013,EQ,14.45,15.20,14.45,14.64,14.66,20296,298236.79,104
NSE,LFIC,INE850E01012,EQ,142.00,145.00,138.10,141.06,144.12,2693,380929.17,55
NSE,LGBBROSLTD,INE337A01034,EQ,1569.00,1569.00,1524.00,1532.40,1588.40,60387,92862132.00,6748
NSE,LGEINDIA,INE324D01010,EQ,1510.90,1574.00,1499.00,1569.80,1490.50,520588,808177651.30,27881
NSE,LGHL,INE258Y01016,EQ,209.25,209.25,198.99,201.31,205.37,39063,7878344.09,928
NSE,LIBAS,INE908V01012,EQ,10.43,10.43,9.71,10.09,10.07,14102,142089.65,94
NSE,LIBERTSHOE,INE557B01019,EQ,264.25,265.00,260.05,261.90,260.40,14474,3805908.45,757
NSE,LICHSGFIN,INE115A01026,EQ,525.50,527.00,515.10,519.00,523.10,2191300,1138793308.45,43372
NSE,LICI,INE0J1Y01017,EQ,426.05,431.30,422.95,428.50,424.70,2043005,874694304.85,23297
NSE,LIKHITHA,INE060901027,EQ,222.00,228.43,222.00,226.10,220.80,24746,5583449.26,776
NSE,LINC,INE802B01027,EQ,102.30,103.00,100.22,101.64,102.19,16037,1633925.19,437
NSE,LINCOLN,INE405C01035,EQ,578.90,592.80,578.00,580.75,577.15,14502,8475116.20,765
NSE,LINDEINDIA,INE473A01011,EQ,6770.50,7035.00,6770.50,6980.50,6745.00,50665,351658099.00,13113
NSE,LLOYDSENGG,INE093R01011,EQ,89.20,92.50,88.72,91.84,88.66,10908467,995736961.47,37178
NSE,LLOYDSENT,INE080I01025,EQ,81.88,84.16,80.76,81.57,79.96,3960227,326791828.56,16632
NSE,LLOYDSME,INE281B01032,EQ,2050.90,2068.00,2035.10,2050.60,2047.00,607387,1246443217.50,41936
NSE,LMW,INE269B01029,EQ,16152.00,16342.00,16071.00,16182.00,16152.00,1403,22790338.00,669
NSE,LODHA,INE670K01029,EQ,1248.00,1257.80,1226.40,1239.80,1243.95,1834226,2273104991.40,25660
NSE,LOKESHMACH,INE397H01017,BE,337.95,338.00,335.00,335.10,338.00,6194,2092661.05,64
NSE,LORDSCHLO,INE846D01012,EQ,145.25,149.50,145.25,147.86,143.77,12408,1835981.13,362
NSE,LOTUSDEV,INE0V9Q01010,EQ,207.50,207.50,196.65,197.66,200.12,9820738,1986697645.73,44510
NSE,LOTUSEYE,INE947I01017,EQ,122.00,122.00,116.30,117.46,117.51,14327,1690445.69,425
NSE,LOVABLE,INE597L01014,EQ,72.00,74.90,71.07,73.93,71.44,24559,1809050.06,480
NSE,LOYALTEX,INE970D01010,EQ,205.00,215.00,200.05,200.05,204.00,187,38294.40,14
NSE,LPDC,INE197J01017,EQ,6.02,6.34,6.01,6.30,6.05,65016,400676.53,107
NSE,LT,INE018A01030,EQ,3974.00,4025.00,3962.50,4025.00,3938.90,1890377,7548984805.70,92604
NSE,LTF,INE498L01015,EQ,314.55,324.10,314.10,318.00,311.25,8873490,2837287001.00,69342
NSE,LTFOODS,INE818H01020,EQ,414.50,417.00,408.70,415.30,410.35,748298,309815378.75,22032
NSE,LTM,INE214T01019,EQ,4399.00,4720.40,4386.10,4690.00,4362.10,1900137,8786462034.90,104072
NSE,LTTS,INE010V01017,EQ,3580.00,3593.00,3454.80,3564.80,3555.40,147067,525038481.90,17713
NSE,LUMAXIND,INE162B01018,EQ,5316.00,5878.00,5316.00,5772.50,5284.50,106937,611602095.50,19275
NSE,LUMAXTECH,INE872H01027,EQ,1579.00,1652.00,1579.00,1625.70,1568.30,308962,502804084.80,26660
NSE,LUPIN,INE326A01037,EQ,2435.00,2440.00,2362.60,2393.00,2415.00,1717110,4094970329.50,96482
NSE,LUXIND,INE150G01020,EQ,1258.00,1270.00,1248.00,1260.00,1247.60,19126,24104109.60,1578
NSE,LXCHEM,INE576O01020,EQ,180.45,184.80,178.77,180.46,178.48,1691485,307870828.64,13902
NSE,LYKALABS,INE933A01014,BE,60.80,63.84,60.30,63.84,60.80,26590,1669370.74,118
NSE,M&M,INE101A01026,EQ,3465.00,3465.00,3386.20,3428.60,3398.50,2169303,7392129687.80,128713
NSE,M&MFIN,INE774D01024,EQ,390.05,409.75,388.05,405.50,385.75,5394649,2161184926.05,65862
NSE,MAANALU,INE215I01027,EQ,124.70,128.00,121.88,126.78,122.62,167145,21007413.09,1568
NSE,MACPOWER,INE155Z01011,EQ,1489.80,1510.00,1431.50,1457.80,1458.20,38917,57197143.70,4131
NSE,MADHAV,INE925C01016,EQ,34.91,35.00,33.90,34.22,34.80,3669,126280.73,181
NSE,MADHAVIPL,INE631R01026,EQ,7.72,7.97,7.72,7.85,7.82,81225,639006.43,281
NSE,MADHUCON,INE378D01032,BE,5.02,5.33,5.02,5.28,5.14,15244,78147.84,59
NSE,MADRASFERT,INE414A01015,EQ,66.76,67.55,66.67,66.76,66.43,46486,3112995.77,468
NSE,MAFATIND,INE270B01035,EQ,134.60,137.19,132.40,134.61,133.63,47533,6396174.39,984
NSE,MAGADSUGAR,INE347W01011,EQ,497.65,541.30,497.65,534.95,500.40,104201,55361476.25,5354
NSE,MAGNUM,INE387I01016,EQ,19.77,20.10,19.55,19.99,19.68,9265,185050.71,120
NSE,MAHABANK,INE457A01014,EQ,80.00,80.76,78.97,79.57,79.33,11500933,917888499.23,69474
NSE,MAHAPEXLTD,INE843B01013,EQ,45.15,46.00,44.00,45.55,44.92,5253,237651.97,115
NSE,MAHASTEEL,INE451L01014,EQ,1000.00,1035.00,975.10,1027.10,1001.25,29414,29891163.70,1219
NSE,MAHEPC,INE215D01010,EQ,106.80,108.18,106.21,107.76,106.66,15937,1709575.34,489
NSE,MAHESHWARI,INE263W01010,BE,72.63,73.50,71.20,73.00,72.99,45196,3290807.64,59
NSE,MAHLIFE,INE813A01018,EQ,395.00,400.00,391.05,398.25,392.65,142818,56613599.25,7669
NSE,MAHLOG,INE766P01016,EQ,414.00,418.70,412.25,416.30,409.50,184166,76616620.20,7212
NSE,MAHSCOOTER,INE288A01013,EQ,13149.00,14099.00,13013.00,13937.00,13009.00,20823,285531084.00,7296
NSE,MAHSEAMLES,INE271B01025,EQ,572.50,583.60,567.00,573.70,565.35,135333,77858404.30,8211
NSE,MAITHANALL,INE683C01011,EQ,990.00,992.70,955.35,963.90,983.70,87126,84491999.85,5170
NSE,MAJESAUT,INE201B01022,EQ,436.00,484.00,433.00,475.30,431.70,92023,42112906.30,4093
NSE,MALLCOM,INE389C01015,EQ,982.20,982.20,970.10,975.85,982.20,3458,3382701.40,266
NSE,MALUPAPER,INE383H01017,EQ,32.70,33.40,32.20,33.15,32.26,9651,317872.98,122
NSE,MAMATA,INE0TO701015,EQ,408.45,413.30,400.05,403.15,406.45,66661,27143444.20,3111
NSE,MANAKALUCO,INE859Q01017,EQ,34.50,36.60,34.01,34.50,35.22,81640,2868476.65,845
NSE,MANAKCOAT,INE830Q01018,EQ,120.30,121.81,120.00,120.08,119.97,92221,11132188.55,1612
NSE,MANAKSIA,INE015D01022,EQ,57.00,57.50,56.17,56.67,55.73,12185,694031.47,215
NSE,MANAKSTEEL,INE824Q01011,EQ,68.50,75.21,68.50,75.21,68.38,85658,6285575.25,534
NSE,MANALIPETC,INE201A01024,EQ,64.89,68.50,64.25,66.64,64.89,541344,36019278.75,4528
NSE,MANAPPURAM,INE522D01027,EQ,364.00,371.00,357.30,365.00,371.85,17549652,6385774007.30,184606
NSE,MANBA,INE939X01013,EQ,138.00,139.41,135.25,137.29,135.48,61575,8431997.50,608
NSE,MANCREDIT,INE545L01039,EQ,248.00,262.76,247.63,257.36,245.28,285884,72966501.76,5612
NSE,MANGALAM,INE584F01014,EQ,27.66,27.99,26.80,26.98,27.11,20871,566124.00,198
NSE,MANGLMCEM,INE347A01017,EQ,950.00,960.95,944.00,945.50,950.45,11334,10747379.35,623
NSE,MANINDS,INE993A01026,EQ,538.00,552.95,530.30,548.60,532.30,334265,182091024.45,10085
NSE,MANINFRA,INE949H01023,EQ,98.99,102.25,98.60,99.82,98.08,1280728,128685678.26,5456
NSE,MANKIND,INE634S01028,EQ,2458.00,2497.90,2442.20,2483.00,2469.60,639674,1584447378.50,29159
NSE,MANOMAY,INE784W01015,EQ,211.99,215.00,208.05,213.30,210.39,249028,52948184.50,2333
NSE,MANORAMA,INE00VM01036,EQ,1602.90,1640.40,1602.10,1633.00,1604.50,67319,109717328.10,7976
NSE,MANORG,INE370D01013,BE,486.00,486.00,475.00,478.20,485.30,7487,3602686.60,151
NSE,MANUGRAPH,INE867A01022,BE,14.39,14.88,14.10,14.50,14.45,8348,120392.03,59
NSE,MANYAVAR,INE825V01034,EQ,414.60,422.75,412.75,418.75,414.65,271527,113532772.00,9915
NSE,MAPMYINDIA,INE0BV301023,EQ,1195.70,1217.40,1186.40,1196.00,1181.65,192256,230539667.10,14508
NSE,MARALOVER,INE882A01013,BE,58.36,58.50,55.45,57.01,58.36,37980,2134803.64,133
NSE,MARATHON,INE182D01020,EQ,400.35,413.80,392.05,402.25,389.70,122627,49472496.30,4145
NSE,MARICO,INE196A01026,EQ,870.00,881.35,865.30,880.95,870.65,2383722,2085857687.00,92199
NSE,MARINE,INE01JE01028,EQ,270.35,290.00,268.00,287.75,266.00,1548816,435867526.45,20112
NSE,MARKOLINES,INE0FW001016,EQ,177.00,182.50,171.45,177.28,176.35,242655,43714506.48,2251
NSE,MARKSANS,INE750C01026,EQ,259.00,264.00,258.85,262.25,258.35,653691,171470970.00,18207
NSE,MARSONS,INE415B01044,EQ,111.15,113.49,109.35,110.45,110.04,2317039,258453217.26,8991
NSE,MARUTI,INE585B01010,EQ,14300.00,14440.00,13901.00,14150.00,14234.00,961183,13566817027.00,133296
NSE,MASFIN,INE348L01012,EQ,326.35,326.35,315.10,317.65,319.80,120744,38721928.10,11886
NSE,MASKINVEST,INE885F01015,BE,149.00,149.00,147.00,147.00,150.00,351,52116.00,7
NSE,MASTEK,INE759A01021,EQ,1874.80,1909.60,1845.10,1893.20,1874.80,85210,160041489.40,11178
NSE,MASTERTR,INE677D01037,EQ,82.15,85.30,82.15,84.85,82.14,326366,27334376.66,1991
NSE,MATRIMONY,INE866R01028,EQ,432.00,444.00,429.00,430.95,437.00,16227,7023661.60,665
NSE,MAWANASUG,INE636A01039,BE,107.00,109.86,107.00,109.86,104.63,50173,5492071.52,150
NSE,MAXESTATES,INE03EI01018,EQ,397.00,406.40,394.00,400.35,393.20,72890,29172990.75,3125
NSE,MAXHEALTH,INE027H01010,EQ,1109.80,1113.90,1089.00,1100.40,1098.50,1187048,1310267642.70,36521
NSE,MAXIND,INE0CG601016,EQ,171.50,178.00,171.50,174.64,172.22,71610,12539567.71,1457
NSE,MAYURUNIQ,INE040D01038,EQ,752.00,794.00,752.00,783.95,750.95,82833,64890405.55,7119
NSE,MAZDA,INE885E01042,BE,219.90,224.97,216.10,221.63,217.17,8012,1772117.45,142
NSE,MAZDOCK,INE249Z01020,EQ,2387.40,2412.00,2375.50,2390.00,2381.80,498319,1190787057.00,23023
NSE,MBAPL,INE900L01028,EQ,161.80,164.00,158.50,160.01,160.20,686146,110896319.04,10289
NSE,MBEL,INE08N601015,EQ,293.65,297.00,292.30,294.70,293.65,97922,28902893.70,4819
NSE,MBLINFRA,INE912H01013,BE,24.50,25.49,24.50,25.13,24.99,11577,289916.67,58
NSE,MCCHRLS-B,INE435D01014,EQ,667.95,699.00,665.05,690.00,671.30,405,279570.95,41
NSE,MCL,INE813V01022,EQ,52.80,57.67,52.80,56.17,53.30,55568,3060301.56,1901
NSE,MCLEODRUSS,INE942G01012,BE,51.90,52.80,50.65,51.95,51.96,155395,8094777.45,310
NSE,MCLOUD,INE613C01026,EQ,29.30,29.64,29.01,29.23,29.29,2037635,59765456.21,4183
NSE,MCX,INE745G01043,EQ,2700.00,2710.00,2630.10,2642.10,2692.20,2108978,5588961714.80,120127
NSE,MEDANTA,INE474Q01031,EQ,1412.60,1475.80,1405.00,1444.90,1405.60,382840,553438983.60,37378
NSE,MEDIASSIST,INE456Z01021,EQ,363.75,369.65,359.90,361.00,358.00,116139,42375146.10,6924
NSE,MEDICAMEQ,INE646B01010,EQ,238.00,242.22,233.00,240.02,234.55,15083,3574312.04,507
NSE,MEDICO,INE630Y01024,EQ,49.70,51.49,47.00,49.66,48.87,649441,31797413.01,2118
NSE,MEDPLUS,INE804L01022,EQ,704.95,708.75,695.00,696.40,704.95,218379,152661269.85,18938
NSE,MEESHO,INE0VDM01015,EQ,182.19,192.77,180.26,191.57,182.19,11827508,2242087128.93,60108
NSE,MEGASTAR,INE00EM01016,EQ,331.90,336.40,321.55,327.20,331.95,2994,989846.95,315
NSE,MEIL,INE0PKD01011,EQ,293.90,295.00,286.40,289.00,284.05,32122,9341501.25,1107
NSE,MENNPIS,INE650G01029,EQ,70.90,74.95,70.90,74.43,70.62,54766,4070178.20,1070
NSE,MENONBE,INE071D01033,BE,214.00,221.11,210.59,221.09,210.59,94482,20761508.39,558
NSE,MERCANTILE,INE689O01013,EQ,24.17,25.70,24.17,24.33,24.00,5945,147961.22,56
NSE,MERCURYEV,INE763M01028,EQ,34.82,35.97,34.82,35.43,35.09,110395,3902500.61,595
NSE,METROBRAND,INE317I01021,EQ,1036.60,1043.30,1027.00,1034.90,1036.60,28132,29131440.90,3623
NSE,METROGLOBL,INE085D01033,EQ,131.90,135.00,129.10,133.26,131.90,748,99096.25,67
NSE,METROPOLIS,INE112L01020,EQ,584.95,605.00,584.70,596.45,582.45,184833,110136946.45,11869
NSE,MFML,INE0US801024,EQ,18.99,19.99,18.99,19.84,18.92,1696,33227.29,45
NSE,MFSL,INE180A01020,EQ,1519.10,1542.50,1510.00,1542.50,1499.00,500008,763672786.20,34250
NSE,MGEL,INE0APB01032,BE,16.28,16.45,15.35,15.51,15.95,177353,2782308.33,392
NSE,MGL,INE002S01010,EQ,1125.90,1131.10,1110.80,1115.70,1120.50,145295,162774502.30,13622
NSE,MHLXMIRU,INE112D01035,EQ,143.50,148.33,141.90,148.33,141.27,75124,11094643.82,446
NSE,MHRIL,INE998I01010,EQ,218.41,221.75,217.76,218.96,218.41,86726,19020469.07,2233
NSE,MICEL,INE287C01037,BE,39.50,39.50,38.00,38.65,38.37,284722,11040620.95,1637
NSE,MIDHANI,INE099Z01011,EQ,398.05,406.90,396.00,403.65,396.00,321794,129781897.15,11241
NSE,MIDWESTLTD,INE0XAD01024,EQ,1195.10,1221.00,1195.10,1214.90,1194.10,10062,12224470.90,784
NSE,MINDACORP,INE842C01021,EQ,703.05,735.90,699.50,727.60,700.95,749804,544513608.00,32658
NSE,MINDTECK,INE110B01017,EQ,193.50,197.94,192.20,193.37,193.86,45377,8856049.04,1517
NSE,MIRZAINT,INE771A01026,EQ,33.01,34.43,33.01,33.72,33.27,167395,5671961.71,1166
NSE,MITCON,INE828O01033,BE,76.99,76.99,73.01,75.70,73.50,590,44563.18,13
NSE,MITTAL,INE997Y01027,EQ,0.93,0.94,0.91,0.91,0.91,296308,270509.10,277
NSE,MKPL,INE964W01021,EQ,4.16,4.32,4.16,4.25,4.18,111596,476006.79,375
NSE,MMFL,INE227C01017,EQ,551.05,560.00,550.00,554.40,546.85,57875,32155413.85,3420
NSE,MMP,INE511Y01018,EQ,297.20,298.90,290.20,294.65,292.50,48017,14124652.30,1826
NSE,MMTC,INE123F01029,EQ,62.93,64.57,62.55,63.65,62.66,1667788,106311749.07,9039
NSE,MMWL,INE200D01020,BE,13.72,14.40,13.72,13.90,13.73,2808,38832.47,39
NSE,MOBIKWIK,INE0HLU01028,EQ,207.95,222.80,206.10,214.77,205.21,17160792,3703651872.65,172794
NSE,MODINATUR,INE537F01012,BE,390.05,405.35,390.00,394.10,389.20,4233,1663034.10,39
NSE,MODIRUBBER,INE832A01018,EQ,121.51,125.42,118.35,121.37,120.84,1912,230880.39,80
NSE,MODIS,INE0L0L01012,EQ,397.00,410.00,394.75,398.55,393.15,26859,10766698.10,860
NSE,MODISONLTD,INE737D01021,BE,268.95,281.80,268.95,281.80,268.40,63381,17709135.70,830
NSE,MODTHREAD,INE794W01014,EQ,47.86,52.14,47.86,48.85,47.88,331,16175.49,16
NSE,MOHITIND,INE954E01012,EQ,23.59,23.61,22.33,22.45,22.58,10846,247160.81,67
NSE,MOIL,INE490G01020,EQ,283.45,286.75,280.55,282.05,281.05,707805,200513039.05,11047
NSE,MOKSH,INE514Y01020,EQ,10.05,10.34,10.05,10.20,10.06,38729,395698.85,129
NSE,MOL,INE0CT101020,EQ,54.33,55.70,53.90,54.36,53.88,1111172,60815130.06,4767
NSE,MOLDTECH,INE835B01035,EQ,151.00,154.50,146.99,149.19,152.76,205395,30923646.21,4500
NSE,MOLDTKPAC,INE893J01029,EQ,672.20,679.80,669.00,675.10,672.20,45411,30558844.70,2758
NSE,MONARCH,INE903D01011,EQ,396.00,396.95,382.10,384.55,390.15,94012,36644101.10,2296
NSE,MONEYBOXX,INE296Q01012,EQ,57.30,62.98,57.30,60.69,58.22,71113,4304842.57,337
NSE,MONTECARLO,INE950M01013,EQ,529.00,538.00,524.30,533.00,523.00,55989,29684191.20,2806
NSE,MOREPENLAB,INE083A01026,EQ,58.00,58.90,57.25,57.65,57.04,5950210,346058972.18,15630
NSE,MOSCHIP,INE935B01025,EQ,209.60,212.90,208.30,210.23,207.80,1394138,294047747.32,13090
NSE,MOTHERSON,INE775A01035,EQ,152.90,155.01,152.03,155.01,150.75,17765051,2730734320.85,89090
NSE,MOTILALOFS,INE338I01027,EQ,861.00,873.75,852.70,867.95,851.95,688125,596434385.50,25315
NSE,MOTISONS,INE0FRK01020,EQ,14.30,14.55,14.10,14.25,14.22,7971960,114230580.60,7866
NSE,MOTOGENFIN,INE861B01023,BE,26.51,27.49,26.00,26.48,26.95,15198,403883.68,79
NSE,MPHASIS,INE356A01018,EQ,2361.00,2429.00,2339.90,2429.00,2342.30,423329,1011931433.60,27330
NSE,MPSLTD,INE943D01017,EQ,2700.00,2790.00,2644.70,2770.50,2696.00,61657,168972220.90,7541
NSE,MRF,INE883A01011,EQ,134100.00,134550.00,133205.00,133730.00,132770.00,3472,465013605.00,2596
NSE,MRPL,INE103A01014,EQ,170.32,176.30,170.32,174.06,169.94,8770678,1532654734.42,43913
NSE,MSPL,INE752G01015,EQ,34.47,35.51,34.25,35.07,34.31,857318,30128109.17,3913
NSE,MSTCLTD,INE255X01014,EQ,630.00,630.00,602.10,608.80,618.20,158493,97957787.60,8373
NSE,MSUMI,INE0FS801015,EQ,41.25,42.22,40.75,41.48,40.61,7432396,309348745.57,27752
NSE,MTARTECH,INE864I01014,BE,6012.00,6012.00,6012.00,6012.00,5726.00,75480,453785760.00,3026
NSE,MTEDUCARE,INE472M01018,BE,1.92,2.12,1.92,2.01,2.02,55763,111153.20,85
NSE,MTNL,INE153A01019,EQ,27.16,28.60,27.16,28.11,27.03,1325102,37170522.21,4635
NSE,MUFIN,INE08KJ01020,EQ,132.50,135.80,131.50,133.10,131.74,1896535,254460569.96,8119
NSE,MUFTI,INE220Q01020,EQ,81.90,83.40,81.71,82.69,81.52,36229,2986907.45,685
NSE,MUKANDLTD,INE304A01026,EQ,141.60,144.50,141.60,143.60,141.42,112231,16077830.60,1688
NSE,MUKKA,INE0CG401037,EQ,22.70,23.37,22.70,23.29,22.54,432151,9987857.85,1157
NSE,MUKTAARTS,INE374B01019,BE,56.06,56.06,54.88,55.40,56.80,1420,79156.70,15
NSE,MUNJALAU,INE672B01032,EQ,102.49,104.32,101.72,103.68,101.34,311141,32188145.58,3371
NSE,MUNJALSHOW,INE577A01027,EQ,138.11,147.10,138.11,143.47,137.35,653918,93909468.14,6484
NSE,MURUDCERA,INE692B01014,EQ,30.93,31.25,30.61,30.70,30.62,11268,347571.52,100
NSE,MUTHOOTCAP,INE296G01013,EQ,231.40,239.57,231.40,237.88,233.48,29195,6918245.94,812
NSE,MUTHOOTFIN,INE414G01012,EQ,2876.00,2928.00,2671.00,2890.90,3119.60,8573629,24325878875.30,568272
NSE,MUTHOOTMF,INE046W01019,EQ,246.78,249.40,230.10,235.66,245.46,670040,161486623.21,10967
NSE,MVGJL,INE0KNT01012,EQ,168.30,172.89,167.62,170.70,168.14,18255,3117547.39,536
NSE,MWL,INE0JYY01029,EQ,37.40,40.19,36.36,37.90,36.00,2911152,112295389.96,13316
NSE,NACLIND,INE295D01020,EQ,190.00,193.74,175.00,178.59,188.93,1856983,337683965.94,26109
NSE,NAGREEKCAP,INE245I01016,EQ,23.35,23.99,22.81,22.89,23.35,14150,329920.29,96
NSE,NAGREEKEXP,INE123B01028,EQ,21.22,23.00,21.22,22.48,21.55,8197,183921.57,141
NSE,NAHARCAP,INE049I01012,EQ,250.37,265.00,249.95,262.72,249.13,7726,2002728.15,207
NSE,NAHARINDUS,INE289A01011,EQ,113.20,119.50,112.64,118.15,113.31,14251,1673641.31,261
NSE,NAHARPOLY,INE308A01027,EQ,265.20,276.95,265.10,274.90,268.65,28525,7785612.80,1260
NSE,NAHARSPING,INE290A01027,EQ,283.30,313.80,283.30,311.15,281.10,176570,53402616.55,3164
NSE,NAM-INDIA,INE298J01013,EQ,1171.10,1178.40,1161.00,1165.00,1161.40,515538,601841977.20,26640
NSE,NARMADA,INE117Z01029,EQ,17.40,17.50,16.05,16.26,17.02,6126667,102439718.26,10250
NSE,NATCAPSUQ,INE936B01015,EQ,144.71,168.90,144.10,162.33,143.28,161886,25657629.91,1765
NSE,NATCOPHARM,INE987B01026,EQ,921.00,939.85,918.10,929.10,917.00,289116,269471795.90,22345
NSE,NATHBIOGEN,INE448G01010,EQ,160.00,160.70,158.60,158.84,159.18,9732,1550279.34,271
NSE,NATIONALUM,INE139A01034,EQ,357.95,369.00,353.50,369.00,350.05,12541474,4519335456.35,86960
NSE,NATIONSTD,INE166R01015,EQ,235.51,235.51,235.51,235.51,247.90,4204,990084.04,187
NSE,NAUKRI,INE663F01032,EQ,1231.80,1268.80,1231.80,1268.80,1226.25,937278,1175387214.90,43753
NSE,NAVA,INE725A01030,EQ,561.80,589.40,556.20,579.90,553.45,527726,306305289.80,23033
NSE,NAVINFLUOR,INE048G01026,EQ,7650.00,7703.50,7510.00,7555.00,7567.50,97345,742271470.50,20654
NSE,NAVKARCORP,INE278M01019,EQ,103.00,104.36,102.50,103.26,102.72,387137,40129034.16,2926
NSE,NAVKARURB,INE268H01044,BE,1.07,1.07,1.02,1.03,1.03,3823692,3943120.52,336
NSE,NAVNETEDUL,INE060A01024,EQ,134.16,136.17,131.70,132.18,134.10,276327,36816152.67,4230
NSE,NAZARA,INE418L01047,EQ,344.95,345.80,335.95,339.55,339.00,3028157,1029026036.95,35528
NSE,NBCC,INE095N01031,EQ,95.20,96.60,95.00,95.50,94.80,5156861,494488999.29,23254
NSE,NBIFIN,INE365I01020,EQ,2191.00,2244.90,2190.00,2226.30,2200.40,353,782376.70,102
NSE,NCC,INE868B01028,EQ,143.00,145.81,143.00,144.42,141.08,1905604,275419820.92,19365
NSE,NCLIND,INE732C01016,EQ,180.60,184.30,180.60,182.45,182.14,28836,5266798.43,2714
NSE,NDGL,INE756C01015,EQ,2805.00,2850.00,2775.00,2849.00,2783.70,182,513392.60,27
NSE,NDL,INE875G01048,EQ,2.38,2.40,2.36,2.37,2.36,545178,1297512.28,954
NSE,NDLVENTURE,INE353A01023,EQ,129.99,132.96,127.00,129.34,129.03,46986,6143635.04,494
NSE,NDRAUTO,INE07OG01012,EQ,818.00,835.55,817.55,824.65,817.55,18333,15152674.25,1505
NSE,NDTV,INE155G01029,EQ,77.20,78.48,76.86,77.39,77.10,105058,8148298.65,1338
NSE,NEAGI,INE605D01012,EQ,3172.00,3172.00,3169.90,3170.00,3172.00,26,82459.90,7
NSE,NECCLTD,INE553C01016,BE,15.19,15.68,15.19,15.68,14.94,43911,678151.32,101
NSE,NECLIFE,INE023H01027,BE,10.78,10.97,10.50,10.72,10.58,95867,1033999.23,338
NSE,NELCAST,INE189I01024,EQ,121.70,122.82,120.21,121.35,121.37,88182,10720243.18,1846
NSE,NELCO,INE045B01015,EQ,1024.10,1026.00,995.50,1000.80,1015.65,772071,777362029.40,22831
NSE,NEOGEN,INE136S01016,EQ,2055.70,2072.00,2005.10,2056.10,2023.10,81141,166761642.50,14206
NSE,NEPHROPLUS,INE428V01029,EQ,689.00,699.00,676.50,688.75,681.65,100842,69605633.60,9923
NSE,NESCO,INE317F01035,EQ,1080.00,1089.00,1065.20,1073.40,1064.80,22505,24290461.30,3303
NSE,NESTLEIND,INE239A01024,EQ,1509.50,1530.00,1505.40,1530.00,1509.60,1232625,1868260379.40,50032
NSE,NETWEB,INE0NT901020,EQ,4560.40,4740.00,4540.00,4586.00,4524.00,2334958,10818693948.90,178283
NSE,NETWORK18,INE870H01013,EQ,29.56,29.87,29.25,29.38,29.45,2035411,60208919.15,6635
NSE,NEUEON,INE333I01044,BE,14.84,14.84,14.84,14.84,15.62,4882,72448.88,29
NSE,NEULANDLAB,INE794A01010,EQ,19149.00,19912.00,19005.00,19675.00,19043.00,46146,907361117.00,15161
NSE,NEWGEN,INE619B01017,EQ,559.00,569.75,553.55,562.75,555.70,1071891,603503896.55,28094
NSE,NEXTMEDIA,INE747B01016,EQ,4.00,4.03,3.87,3.87,3.95,2586,10212.80,12
NSE,NFL,INE870D01012,EQ,71.70,72.54,71.70,71.84,71.47,356485,25689171.04,2653
NSE,NGIL,INE236Y01012,BE,40.94,42.02,39.15,40.00,40.94,48485,1973760.21,28
NSE,NGLFINE,INE887E01022,EQ,3299.00,3448.20,3200.10,3292.80,3260.30,18024,60611108.10,3891
NSE,NH,INE410P01011,EQ,1999.00,1999.00,1914.00,1919.70,2029.20,1188916,2297406833.20,64370
NSE,NHPC,INE848E01016,EQ,78.50,80.70,78.50,79.25,78.73,21147708,1690130507.69,38170
NSE,NIACL,INE470Y01017,EQ,178.49,178.49,174.72,175.46,173.62,1164311,205101085.52,16237
NSE,NIBE,INE149O01018,EQ,1399.00,1399.00,1360.00,1364.40,1379.00,40021,55030848.00,3327
NSE,NIBL,INE047O01014,EQ,34.69,35.69,34.55,35.09,33.87,22502,789778.13,331
NSE,NIITLTD,INE161A01038,EQ,95.80,98.99,95.80,96.86,95.76,343623,33476590.22,3375
NSE,NIITMTS,INE342G01023,EQ,243.40,249.95,226.00,246.61,239.81,328404,81118602.98,6406
NSE,NILAINFRA,INE937C01029,EQ,7.32,7.80,7.32,7.66,7.38,264861,2001701.28,514
NSE,NILASPACES,INE00S901012,EQ,12.00,13.30,11.94,12.74,11.89,2101294,26944187.45,3189
NSE,NILE,INE445D01013,EQ,1873.50,1974.40,1873.50,1958.20,1873.30,5388,10428319.80,857
NSE,NILKAMAL,INE310A01015,EQ,1789.00,1797.60,1645.00,1699.90,1797.80,251226,428069755.10,17302
NSE,NIMBSPROJ,INE875B01015,BE,192.15,192.15,180.00,182.59,183.00,1260,230453.15,19
NSE,NINSYS,INE395U01014,BE,779.00,797.00,743.00,751.50,782.10,29470,22126416.65,520
NSE,NIPPOBATRY,INE567A01028,EQ,327.00,330.05,321.10,327.15,322.35,2179,711787.80,154
NSE,NIRAJ,INE368I01016,BE,28.98,29.85,28.98,29.08,28.95,62984,1843846.74,90
NSE,NIRAJISPAT,INE326T01011,EQ,220.00,220.00,210.00,215.99,222.49,174,37406.79,20
NSE,NIRLON,INE910A01012,EQ,620.65,632.20,615.50,620.15,620.50,3137,1951346.50,274
NSE,NITCO,INE858F01012,EQ,107.84,109.90,107.20,108.09,107.60,479633,51904105.43,3850
NSE,NITINSPIN,INE229H01012,EQ,545.95,583.90,543.90,572.35,544.20,285468,162846579.95,8742
NSE,NITIRAJ,INE439T01012,EQ,219.95,220.00,213.20,214.87,215.82,1976,427846.41,97
NSE,NITTAGELA,INE265B01019,EQ,1822.20,1822.20,1700.00,1729.20,1922.50,39875,69402652.10,5468
NSE,NIVABUPA,INE995S01015,EQ,87.21,88.70,86.00,86.56,87.01,1535003,134658289.20,16845
NSE,NKIND,INE542C01019,EQ,60.80,65.70,59.00,62.82,57.63,1565,98047.85,74
NSE,NLCINDIA,INE589A01014,EQ,299.80,301.30,296.60,298.05,297.90,1390048,416054195.25,28068
NSE,NMDC,INE584A01023,EQ,85.60,85.84,83.05,83.80,85.04,18494856,1554834278.41,65761
NSE,NOCIL,INE163A01018,EQ,165.25,184.00,165.25,174.05,164.17,12374720,2196493977.31,107642
NSE,NOIDATOLL,INE781B01015,BE,4.50,4.60,4.36,4.44,4.39,72994,324869.45,219
NSE,NORBTEAEXP,INE369C01017,EQ,66.85,70.00,65.15,65.29,68.57,2954,198240.84,84
NSE,NORTHARC,INE850M01015,EQ,290.00,295.60,282.00,284.65,287.00,597266,172934931.30,8573
NSE,NOVAAGRI,INE02H701025,BE,22.56,23.49,22.56,23.00,23.12,32890,760884.72,230
NSE,NOVARTIND,INE234A01025,EQ,1540.10,1651.40,1540.10,1635.70,1537.10,29922,48418822.20,2930
NSE,NPST,INE0FFK01017,EQ,1560.00,1560.00,1505.00,1523.00,1525.60,25007,38239804.90,2052
NSE,NRAIL,INE740D01017,EQ,484.80,490.00,476.10,488.15,473.40,3261,1579476.55,260
NSE,NRBBEARING,INE349A01021,EQ,418.40,440.25,416.50,433.80,409.90,756420,327214293.75,15597
NSE,NRL,INE0JM501013,BE,108.72,108.72,108.72,108.72,106.59,42236,4591897.92,150
NSE,NSIL,INE023A01030,EQ,5562.50,5749.00,5504.00,5622.00,5520.00,4566,25757142.50,817
NSE,NSLNISP,INE0NNS01018,EQ,43.50,43.80,43.15,43.37,43.02,3092634,134449481.06,9724
NSE,NTPC,INE733E01010,EQ,347.25,350.90,345.30,350.90,347.25,5460220,1895835113.85,66213
NSE,NTPCGREEN,INE0ONG01011,EQ,90.85,91.60,90.02,90.70,90.03,4694420,426853888.46,27332
NSE,NUCLEUS,INE096B01018,EQ,686.05,702.75,686.05,696.70,686.05,36002,25024217.10,1885
NSE,NURECA,INE0DSF01015,EQ,332.20,346.60,327.00,333.40,343.60,36669,12320553.25,1986
NSE,NUVAMA,INE531F01023,EQ,1822.70,1840.00,1744.00,1765.70,1803.80,316161,558737127.30,20924
NSE,NUVOCO,INE118D01016,EQ,349.75,353.20,347.05,350.60,344.65,284291,99564782.50,11135
NSE,NYKAA,INE388Y01029,EQ,335.00,344.90,332.80,344.90,333.40,6931047,2357549794.65,82097
NSE,OAL,INE959C01023,EQ,371.00,385.00,362.00,378.85,364.50,33764,12794592.10,1316
NSE,OBCL,INE426Z01016,EQ,52.00,53.90,52.00,53.10,52.68,65944,3495128.04,39
NSE,OBEROIRLTY,INE093I01010,EQ,1834.10,1861.10,1821.60,1861.10,1827.70,178400,326769166.70,14501
NSE,OCCLLTD,INE0PK601023,BE,174.32,174.32,174.32,174.32,166.02,30139,5253830.48,93
NSE,ODIGMA,INE054301028,BE,23.25,23.25,22.51,22.82,22.73,23128,527114.93,309
NSE,OFSS,INE881D01027,EQ,11186.00,11484.00,11160.00,11332.00,11186.00,164111,1864900828.00,24078
NSE,OIL,INE274J01014,EQ,454.00,457.65,450.00,452.00,458.60,3770840,1705386210.25,32377
NSE,OILCOUNTUB,INE591A01010,BE,55.94,56.90,55.13,56.49,56.10,9742,548629.82,71
NSE,OLAELEC,INE0LXG01040,EQ,38.66,39.18,38.50,38.74,38.66,20929717,814352114.54,52344
NSE,OLECTRA,INE260D01016,EQ,1330.70,1353.90,1326.80,1344.20,1324.20,216171,291001216.30,12635
NSE,OMAXAUTO,INE090B01011,BE,193.80,197.70,183.15,190.92,190.59,62654,12013792.39,801
NSE,OMAXE,INE800H01010,EQ,86.16,87.84,84.35,85.38,86.16,201187,17368162.99,2260
NSE,OMFREIGHT,INE1BZC01019,BE,89.66,91.95,88.00,88.00,89.66,8030,710890.82,128
NSE,OMINFRAL,INE239D01028,EQ,91.50,92.25,89.90,91.60,89.34,102499,9313405.37,1351
NSE,OMNI,INE0UH301010,EQ,588.00,638.50,583.85,602.30,580.95,920924,566266921.30,33197
NSE,OMPOWER,INE25E901019,EQ,171.99,171.99,167.01,169.40,167.93,59098,9964117.89,1190
NSE,ONELIFECAP,INE912L01015,BE,35.22,36.90,34.90,36.09,36.13,61128,2204969.08,109
NSE,ONEPOINT,INE840Y01029,EQ,58.00,58.38,56.25,56.90,57.46,776161,44352577.53,6023
NSE,ONESOURCE,INE013P01021,EQ,1624.00,1624.00,1550.00,1560.50,1619.70,291606,462427609.10,29225
NSE,ONGC,INE213A01029,EQ,241.45,242.62,240.06,242.00,242.53,8277525,1997203449.34,73374
NSE,ONIDA,INE831A01028,BE,39.99,41.00,37.90,39.85,39.54,407321,15912088.83,869
NSE,ONMOBILE,INE809I01019,BE,66.55,66.58,64.72,66.58,63.41,69195,4595295.08,503
NSE,ONWARDTEC,INE229A01017,EQ,294.90,297.35,290.00,293.85,292.10,49531,14537767.30,1351
NSE,OPTIEMUS,INE350C01017,EQ,641.20,661.00,635.85,657.80,637.65,394268,257430834.75,16495
NSE,ORBTEXP,INE231G01010,BE,246.00,250.00,233.00,243.79,241.14,39086,9579351.94,157
NSE,ORCHASP,INE215B01022,EQ,1.80,1.80,1.60,1.65,1.63,242277,399685.82,512
NSE,ORCHPHARMA,INE191A01027,EQ,990.00,998.00,975.10,990.65,986.55,44068,43577752.70,5374
NSE,ORICONENT,INE730A01022,EQ,54.88,54.88,53.51,54.24,53.79,16899,919004.51,211
NSE,ORIENTALTL,INE998H01012,EQ,5.03,5.30,5.03,5.19,5.13,67795,351876.47,220
NSE,ORIENTBELL,INE607D01018,EQ,319.25,320.25,311.55,317.60,319.25,5191,1650107.40,331
NSE,ORIENTCEM,INE876N01018,EQ,136.07,140.10,136.07,139.51,136.64,265963,37015899.86,2123
NSE,ORIENTCER,INE569C01020,EQ,41.70,41.70,40.72,41.00,40.97,23646,975412.70,301
NSE,ORIENTELEC,INE142Z01019,EQ,174.90,177.00,173.80,175.55,174.77,342278,60003184.17,6459
NSE,ORIENTHOT,INE750A01020,EQ,132.34,137.10,131.75,135.39,131.65,278925,37562677.49,3761
NSE,ORIENTLTD,INE609C01024,BE,83.40,83.40,76.91,77.26,80.95,16074,1249239.26,109
NSE,ORIENTPPR,INE592A01026,EQ,18.20,19.35,18.05,19.05,18.37,790848,14841998.89,1635
NSE,ORIENTTECH,INE0PPK01015,EQ,261.50,265.45,258.85,261.50,261.32,330338,86387864.05,5702
NSE,ORISSAMINE,INE725E01024,EQ,4050.00,4140.00,4005.00,4106.30,3986.40,12037,49125244.00,2150
NSE,ORKLAINDIA,INE16NZ01023,EQ,557.00,581.10,557.00,573.60,557.30,96546,54971977.80,9353
NSE,ORTINGLOBE,INE749B01020,BE,14.60,15.99,14.60,15.50,15.35,25275,393760.30,131
NSE,OSIAHYPER,INE06IR01021,BE,2.95,3.01,2.85,2.91,2.89,321474,948337.05,395
NSE,OSWALAGRO,INE142A01012,EQ,39.89,40.25,38.20,38.49,38.25,52487,2048104.82,356
NSE,OSWALGREEN,INE143A01010,EQ,21.04,22.04,21.04,21.76,21.04,263168,5657643.94,943
NSE,OSWALPUMPS,INE0BYP01024,EQ,332.90,339.15,329.60,331.25,329.15,812409,271332836.90,19291
NSE,OSWALSEEDS,INE00IK01029,EQ,10.88,10.88,10.53,10.68,10.76,11735,124713.28,114
NSE,PACEDIGITK,INE0S3G01027,EQ,206.35,207.67,201.01,201.59,205.38,775987,158347703.24,8123
NSE,PAGEIND,INE761H01022,EQ,40500.00,40665.00,40125.00,40200.00,40375.00,8626,347753350.00,4551
NSE,PAISALO,INE420C01059,EQ,71.79,73.25,70.91,72.29,71.20,9209200,661482552.48,14375
NSE,PAKKA,INE551D01018,EQ,71.10,72.94,71.01,71.28,70.79,49666,3564908.69,822
NSE,PALASHSECU,INE471W01019,EQ,87.80,91.35,87.04,89.01,87.07,1841,164013.02,155
NSE,PALREDTEC,INE218G01033,BE,45.55,46.35,44.81,45.39,44.15,3212,146419.55,39
NSE,PANACEABIO,INE922B01023,EQ,425.05,425.05,415.60,423.45,421.45,71008,29775374.85,3260
NSE,PANACHE,INE895W01019,BE,429.00,448.00,429.00,439.55,430.50,3504,1539829.05,86
NSE,PANAMAPET,INE305C01029,EQ,459.80,471.35,456.00,460.75,453.55,132370,61564742.35,4781
NSE,PANSARI,INE697V01011,EQ,336.85,343.00,316.10,329.10,323.90,4836,1571655.50,429
NSE,PAR,INE04LG01015,EQ,100.99,101.97,97.02,99.09,98.90,4025,399986.57,138
NSE,PARACABLES,INE074B01023,EQ,65.06,67.35,64.16,66.39,64.88,2042931,134800470.07,11542
NSE,PARADEEP,INE088F01024,EQ,148.80,150.20,144.00,144.92,147.33,7384190,1089538137.62,59078
NSE,PARAGMILK,INE883N01014,EQ,218.00,227.00,216.19,225.47,214.31,695232,154876898.25,9926
NSE,PARAS,INE045601023,EQ,1262.80,1323.00,1255.00,1292.30,1256.50,1553761,2020256514.30,58816
NSE,PARASPETRO,INE162C01024,EQ,2.53,2.59,2.43,2.44,2.47,491460,1240483.29,540
NSE,PARKHOSPS,INE119201023,EQ,299.00,302.80,280.00,288.60,292.65,1692327,500006993.80,37719
NSE,PARKHOTELS,INE988S01028,EQ,122.38,127.90,122.38,124.53,122.38,234150,29362802.54,5196
NSE,PARSVNATH,INE561H01026,BE,1.77,1.77,1.77,1.77,1.80,203245,359743.65,147
NSE,PASHUPATI,INE124Y01028,EQ,85.80,86.70,85.13,85.32,85.55,80796,6931069.26,1511
NSE,PASUPTAC,INE818B01023,BE,58.00,60.74,58.00,60.49,58.34,58400,3503348.85,330
NSE,PATANJALI,INE619A01035,EQ,358.00,365.50,352.50,364.00,354.60,5089623,1829291224.05,39408
NSE,PATELENG,INE244B01030,EQ,27.51,28.97,27.50,28.85,27.33,6702672,191156454.69,15033
NSE,PATELRMART,INE0R8B01010,EQ,226.90,228.70,223.73,226.78,225.65,93105,21059155.08,2345
NSE,PATINTLOG,INE529D01014,BE,13.92,14.39,13.90,14.01,13.92,54644,773869.99,177
NSE,PAUSHAKLTD,INE111F01024,EQ,659.40,661.00,644.00,652.80,629.70,69349,45339165.25,3585
NSE,PAVNAIND,INE07S101038,EQ,18.90,18.90,17.72,18.01,18.11,36102,659173.32,226
NSE,PAYTM,INE982J01020,EQ,1348.00,1437.60,1344.40,1410.00,1343.00,7964165,11180573468.00,167761
NSE,PCBL,INE602A01031,EQ,322.05,334.80,322.05,326.80,317.90,3202738,1053293854.35,41763
NSE,PCJEWELLER,INE785M01021,EQ,9.32,9.77,9.23,9.64,9.26,252990519,2429392555.05,90985
NSE,PDMJEPAPER,INE865T01018,EQ,95.90,97.68,94.86,96.30,94.86,86733,8330278.15,1318
NSE,PDSL,INE111Q01021,EQ,370.00,372.65,354.90,357.25,363.55,83148,30151508.75,5318
NSE,PEARLPOLY,INE844A01013,BE,17.75,17.75,16.43,16.65,17.29,22373,371762.36,98
NSE,PENIND,INE932A01024,EQ,166.00,171.28,165.50,169.12,165.12,311606,52765796.88,4639
NSE,PENINLAND,INE138A01028,BE,15.50,15.81,15.30,15.81,15.50,84000,1309250.46,82
NSE,PERSISTENT,INE262H01021,EQ,5533.50,5575.00,5319.50,5575.00,5549.00,1344826,7335282852.00,86493
NSE,PETRONET,INE347G01014,EQ,280.75,284.85,279.05,284.85,280.75,1506784,425402815.65,25735
NSE,PFC,INE134E01011,EQ,425.50,429.25,417.30,421.50,424.35,5985708,2522821353.65,43334
NSE,PFIZER,INE182A01018,EQ,4823.90,4934.00,4804.90,4914.60,4823.90,44131,216201684.10,6517
NSE,PFOCUS,INE367G01038,EQ,287.50,304.50,285.00,298.75,287.11,1045783,313001981.60,21691
NSE,PFS,INE560K01014,EQ,27.84,28.77,27.82,28.41,27.73,433258,12277203.91,3004
NSE,PGEL,INE457L01029,EQ,616.00,629.00,612.20,618.00,613.35,1239700,769525806.35,20556
NSE,PGHH,INE179A01014,EQ,8644.50,8700.00,8582.00,8649.00,8594.00,16117,139331577.00,3606
NSE,PGHL,INE199A01012,EQ,6604.50,6699.50,6452.50,6501.50,6604.50,7179,47069502.50,2478
NSE,PGIL,INE940H01022,EQ,2066.60,2127.50,2066.60,2103.40,2064.80,70465,148531036.70,9531
NSE,PHOENIXLTD,INE211B01039,EQ,1893.70,1955.00,1883.90,1955.00,1893.30,380365,728991567.60,21498
NSE,PICCADIL,INE546C01010,EQ,742.45,755.00,727.30,752.00,733.85,299304,223405565.15,14266
NSE,PIDILITIND,INE318A01026,EQ,1623.00,1642.50,1622.00,1642.50,1611.40,653565,1065002264.70,19289
NSE,PIGL,INE557Z01018,EQ,104.32,113.71,103.56,110.83,104.32,121633,13162364.17,3651
NSE,PIIND,INE603J01030,EQ,2754.60,2845.00,2746.60,2793.00,2751.20,276209,778295189.90,20396
NSE,PILANIINVS,INE417C01014,EQ,4302.90,4382.00,4302.90,4346.80,4302.90,794,3457977.30,206
NSE,PILITA,INE600A01035,BE,8.60,8.81,8.41,8.65,8.62,24611,210014.62,121
NSE,PINELABS,INE15B701018,EQ,141.24,153.40,139.61,152.17,138.97,71026387,10650171595.98,287732
NSE,PIONEEREMB,INE156C01018,EQ,25.50,25.98,24.75,25.61,25.26,13245,338239.37,113
NSE,PIONRINV,INE746D01014,BE,85.99,87.68,81.00,86.96,83.58,4470,367567.35,45
NSE,PIRAMALFIN,INE202B01038,EQ,2066.40,2088.00,2025.00,2047.80,2055.50,317656,653529652.00,22097
NSE,PITTIENG,INE450D01021,EQ,925.00,935.90,920.50,928.40,924.50,39086,36289839.50,1992
NSE,PIXTRANS,INE751B01018,EQ,1669.90,1729.20,1636.10,1701.10,1672.90,11302,18996072.80,1744
NSE,PKTEA,INE431F01018,EQ,710.00,710.00,668.00,699.00,676.40,284,195913.30,18
NSE,PLASTIBLEN,INE083C01022,EQ,187.01,191.80,187.01,190.61,186.14,34535,6571134.41,1281
NSE,PLATIND,INE0PT501018,EQ,227.05,231.18,225.00,225.53,225.89,65731,14967866.23,1807
NSE,PLAZACABLE,INE0INJ01017,BE,42.00,44.40,42.00,44.01,42.45,22752,988664.61,181
NSE,PML,INE291E01019,EQ,506.95,510.05,490.60,493.65,504.50,155,77896.35,27
NSE,PNB,INE160A01022,EQ,113.01,114.47,112.66,113.00,112.71,12088257,1373386638.40,47490
NSE,PNBGILTS,INE859A01011,EQ,85.80,85.80,83.00,83.51,84.50,316121,26618086.77,3355
NSE,PNBHOUSING,INE572E01012,EQ,1057.00,1094.50,1049.70,1090.00,1053.10,1194896,1294498484.80,47694
NSE,PNC,INE392B01011,EQ,19.55,21.45,19.23,20.37,19.55,14848,303123.50,263
NSE,PNCINFRA,INE195J01029,EQ,249.09,251.60,245.01,247.58,246.12,562424,139854835.32,17034
NSE,PNGJL,INE953R01016,EQ,670.30,679.50,655.00,658.05,670.30,356967,238597626.50,12376
NSE,PNGSREVA,INE1RDG01013,EQ,428.10,444.70,426.85,443.25,428.10,144582,63310115.70,5644
NSE,POCL,INE063E01061,EQ,529.00,552.90,529.00,550.45,525.10,490666,267326482.90,13446
NSE,PODDARMENT,INE371C01013,EQ,265.00,265.25,250.30,251.55,261.61,10592,2683400.40,216
NSE,POKARNA,INE637C01025,EQ,932.00,950.00,925.00,932.45,937.90,42452,39683757.05,3232
NSE,POLICYBZR,INE417T01026,EQ,1607.00,1650.00,1600.60,1650.00,1601.50,648291,1054701031.90,44383
NSE,POLYCAB,INE455K01017,EQ,9120.00,9150.00,9001.00,9034.00,9106.50,154112,1397626174.50,24183
NSE,POLYMED,INE205C01021,EQ,1723.50,1749.00,1704.80,1727.90,1702.00,98125,170094973.20,11582
NSE,POLYPLEX,INE633B01018,EQ,1104.50,1114.50,1091.10,1094.80,1105.30,60391,66314128.20,3152
NSE,PONNIERODE,INE838E01017,EQ,301.55,330.45,301.55,328.30,302.65,44920,14433978.55,1609
NSE,POONAWALLA,INE511C01022,EQ,468.00,474.40,464.70,471.90,463.55,855124,402411574.90,21035
NSE,POWERGRID,INE752E01010,EQ,285.00,287.00,283.90,287.00,284.25,8749092,2493760035.45,48862
NSE,POWERICA,INE921L01032,EQ,535.00,549.80,512.00,519.40,529.60,297730,156965220.85,17284
NSE,POWERINDIA,INE07Y701011,EQ,32180.00,32380.00,31865.00,32000.00,32175.00,57777,1856263810.00,19799
NSE,POWERMECH,INE211R01019,EQ,2594.00,2627.90,2566.50,2593.00,2566.40,92494,240579307.80,12511
NSE,PPAP,INE095I01015,BE,284.00,289.95,270.20,288.35,281.70,23053,6511079.05,448
NSE,PPL,INE050001010,BE,265.90,275.00,261.00,262.25,265.90,29140,7751680.25,478
NSE,PPLPHARMA,INE0DK501011,EQ,196.36,202.95,193.03,199.28,195.61,7051612,1407073942.19,63794
NSE,PRABHA,INE0I0M01023,EQ,150.00,155.50,147.34,153.78,147.91,82791,12611905.26,1637
NSE,PRADPME,INE770A01010,BE,518.10,518.10,505.25,509.60,511.55,3897,1991900.55,73
NSE,PRAENG,INE505C01016,EQ,20.16,20.90,20.00,20.07,20.26,33090,672413.99,219
NSE,PRAJIND,INE074A01025,EQ,314.95,317.95,313.45,315.05,311.90,381592,120204025.80,12430
NSE,PRAKASH,INE603A01013,EQ,124.00,126.50,124.00,125.50,123.40,229100,28685438.54,2860
NSE,PRAKASHSTL,INE696K01024,EQ,4.00,4.11,3.98,4.03,4.00,140048,561464.45,352
NSE,PRAVEG,INE722B01019,EQ,298.90,298.90,290.45,293.60,295.91,38486,11288864.45,1389
NSE,PRAXIS,INE546Y01022,EQ,6.30,6.74,6.00,6.56,6.13,229975,1511477.91,367
NSE,PRECAM,INE484I01029,EQ,141.47,146.00,141.39,143.31,140.29,168272,24247451.92,3464
NSE,PRECOT,INE283A01014,EQ,850.00,850.00,791.05,819.00,809.55,10974,8961332.90,720
NSE,PRECWIRE,INE372C01037,EQ,374.50,388.10,372.70,379.10,372.60,311874,119069553.40,15390
NSE,PREMCO,INE001E01012,EQ,372.60,382.30,372.55,380.10,372.55,1610,607282.85,67
NSE,PREMEXPLN,INE863B01029,EQ,664.90,668.95,661.20,661.80,664.15,104311,69228686.40,3275
NSE,PREMIER,INE342A01018,BE,2.98,3.00,2.79,2.79,2.88,19708,55332.10,42
NSE,PREMIERENE,INE0BS701011,EQ,1027.30,1040.10,1020.70,1020.70,1022.20,617990,636506053.00,17129
NSE,PREMIERPOL,INE309M01020,EQ,67.60,75.80,67.60,73.56,69.78,748386,54512186.01,8198
NSE,PRESTIGE,INE811K01011,EQ,1620.00,1670.00,1610.50,1670.00,1616.20,349987,569456693.30,18474
NSE,PRICOLLTD,INE726V01018,EQ,715.00,740.00,709.45,732.85,696.65,1638587,1193913486.55,57056
NSE,PRIMESECU,INE032B01021,EQ,277.10,281.50,275.35,277.45,276.90,39599,11026719.45,236
NSE,PRIMO,INE607A01022,EQ,26.00,26.00,24.11,24.30,25.24,158094,3901034.55,1112
NSE,PRINCEPIPE,INE689W01016,EQ,262.00,270.00,262.00,263.40,264.00,181389,48079576.10,5610
NSE,PRITI,INE974Z01015,BE,37.20,38.20,37.00,37.81,37.24,4152,155860.44,60
NSE,PRITIKAUTO,INE583R01029,BE,17.47,18.19,17.47,17.72,17.42,99241,1753758.03,245
NSE,PRIVISCL,INE959A01019,EQ,3680.00,3680.00,3585.00,3597.00,3617.10,103747,375426898.60,14217
NSE,PROSTARM,INE0BX301013,EQ,127.00,138.00,126.25,135.87,127.04,1483618,197234783.05,12719
NSE,PROTEAN,INE004A01022,EQ,620.00,640.00,620.00,630.85,616.15,243186,154197640.70,7461
NSE,PROZONER,INE195N01013,EQ,41.73,43.64,41.51,43.13,41.58,269992,11451840.54,1282
NSE,PRSMJOHNSN,INE010A01011,EQ,106.90,110.59,106.84,108.88,106.46,125836,13702076.01,2979
NSE,PRUDENT,INE00F201020,EQ,3319.80,3385.10,3270.10,3359.20,3292.00,27698,92074857.80,6005
NSE,PRUDMOULI,INE024D01016,BE,13.67,13.67,12.74,13.46,13.41,2085,27856.53,42
NSE,PSB,INE608A01012,EQ,23.40,23.90,23.40,23.76,23.19,1577094,37414826.28,4628
NSE,PSPPROJECT,INE488V01015,EQ,990.00,990.00,939.90,949.55,978.00,147018,140210648.00,7640
NSE,PTC,INE877F01012,EQ,176.21,182.20,175.90,180.11,175.52,4283556,767215498.69,44071
NSE,PTCIL,INE596F01018,EQ,17776.00,18041.00,17776.00,17981.00,17737.00,8054,144228923.00,2161
NSE,PTL,INE034D01049,EQ,39.99,40.05,39.40,39.77,39.42,50827,2024374.70,778
NSE,PUNJABCHEM,INE277B01014,EQ,1180.00,1180.00,1145.00,1151.90,1143.80,14842,17195669.50,1769
NSE,PURVA,INE323I01011,EQ,212.05,215.89,206.50,207.67,210.79,264312,55541862.55,5258
NSE,PVP,INE362A01016,EQ,27.05,27.39,26.65,27.10,26.83,493615,13335328.09,1355
NSE,PVRINOX,INE191H01014,EQ,1142.90,1153.00,1131.50,1141.40,1130.60,583974,666628048.40,58630
NSE,PVSL,INE772T01024,EQ,110.20,112.14,106.15,107.19,108.51,42496,4574727.16,1177
NSE,PWL,INE0LP301011,EQ,125.20,129.09,123.85,126.03,124.89,4198871,531385103.20,39003
NSE,PYRAMID,INE0MIS01010,EQ,185.97,188.00,183.34,184.97,181.12,58304,10791313.21,1271
NSE,QMSMEDI,INE0FMW01018,EQ,117.90,117.90,112.00,112.30,114.59,13120,1493186.69,493
NSE,QPOWER,INE0SII01026,BE,1150.00,1185.00,1145.00,1158.00,1133.30,106482,123887913.70,6171
NSE,QUADFUTURE,INE0LRY01011,EQ,348.80,365.70,348.80,360.95,345.95,281272,101147712.20,8086
NSE,QUESS,INE615P01015,EQ,335.95,349.50,331.85,345.05,332.55,1991991,685217548.80,30562
NSE,QUICKHEAL,INE306L01010,BE,153.00,160.00,153.00,159.30,152.88,93220,14758431.17,880
NSE,QUINT,INE641R01017,EQ,39.49,39.98,38.00,38.99,39.30,2443,93642.48,36
NSE,QUINTEGRA,INE033B01011,BE,1.50,1.51,1.37,1.40,1.44,11943,17835.30,18
NSE,RACE,INE084Q01012,EQ,110.00,111.99,109.48,111.79,109.49,5364,594790.76,53
NSE,RACLGEAR,INE704B01017,EQ,1260.00,1295.00,1260.00,1291.30,1262.30,19888,25522977.90,1979
NSE,RADAAN,INE874F01027,EQ,3.27,3.27,3.15,3.20,3.21,7768,24969.16,79
NSE,RADHIKAJWE,INE583V01021,EQ,72.45,73.49,70.85,71.22,71.75,974269,70540724.01,7741
NSE,RADIANTCMS,INE855R01021,EQ,36.97,37.10,36.62,36.97,36.35,54912,2028489.29,1100
NSE,RADICO,INE944F01028,EQ,4350.80,4459.10,4349.90,4459.10,4340.80,352530,1559850846.00,40646
NSE,RADIOCITY,INE919I01024,EQ,6.79,7.09,6.79,6.81,6.79,69178,475675.28,233
NSE,RAILTEL,INE0DD101019,EQ,284.30,293.70,283.15,292.25,284.50,1106898,320886888.65,22178
NSE,RAIN,INE855B01025,EQ,224.10,233.37,224.10,229.53,222.95,5596995,1285818309.93,48839
NSE,RAINBOW,INE961O01016,EQ,1550.00,1574.80,1530.60,1545.60,1525.40,161412,252359101.90,15898
NSE,RAJMET,INE00KV01022,EQ,3.27,3.35,3.27,3.31,3.27,197052,653710.68,710
NSE,RAJOOENG,INE535F01024,BE,52.60,53.60,52.07,52.45,52.66,189033,9956755.11,673
NSE,RAJPALAYAM,INE296E01026,EQ,830.00,839.90,806.30,818.85,829.05,1355,1118856.90,103
NSE,RAJRATAN,INE451D01029,EQ,500.00,518.00,497.05,513.50,495.00,154143,78283438.00,5274
NSE,RAJRILTD,INE533D01032,BE,21.22,21.22,20.82,21.22,20.81,6883,145919.26,77
NSE,RAJSREESUG,INE562B01019,EQ,31.29,31.99,29.91,30.39,29.29,53084,1638410.94,486
NSE,RAJTV,INE952H01027,EQ,11.45,11.62,10.76,10.76,11.32,281976,3065209.95,713
NSE,RALLIS,INE613A01020,EQ,218.50,220.96,216.61,217.82,217.14,863483,188504506.60,22714
NSE,RAMANEWS,INE278B01020,EQ,28.39,31.99,28.39,30.85,28.39,96270,2936877.72,487
NSE,RAMAPHO,INE809A01032,EQ,131.99,134.90,126.67,130.91,128.48,89184,11697185.96,2066
NSE,RAMASTEEL,INE230R01035,BE,4.23,4.30,4.10,4.22,4.13,3243922,13802656.73,4467
NSE,RAMBHAJO,INE1SJO01012,EQ,180.30,189.49,178.64,183.76,178.32,280637,51860293.35,6144
NSE,RAMCOCEM,INE331A01037,EQ,920.15,950.00,920.15,945.25,918.25,128262,120580396.75,8462
NSE,RAMCOIND,INE614A01028,EQ,329.90,334.65,328.00,332.15,326.40,91714,30351100.20,2726
NSE,RAMCOSYS,INE246B01019,EQ,585.90,588.95,561.30,563.95,580.90,250501,143643617.20,7815
NSE,RAMKY,INE874I01013,EQ,379.20,392.90,379.20,389.15,379.20,41901,16228575.90,1774
NSE,RAMRAT,INE207E01023,EQ,439.00,444.45,424.00,429.95,448.50,339219,146891279.75,12530
NSE,RANASUG,INE625B01014,EQ,11.81,12.82,11.81,12.52,11.81,589199,7357436.96,2045
NSE,RANEHOLDIN,INE384A01010,EQ,1759.90,1888.00,1745.00,1872.60,1748.50,79892,146509356.70,8397
NSE,RATEGAIN,INE0CLI01024,EQ,929.00,978.90,927.00,965.40,918.40,757521,727769358.25,27442
NSE,RATNAMANI,INE703B01027,EQ,2373.00,2424.30,2358.90,2371.80,2358.90,24944,59634664.90,5626
NSE,RATNAVEER,INE05CZ01011,EQ,184.99,212.20,184.43,205.79,181.38,39358650,8080659731.63,245834
NSE,RAYMOND,INE301A01014,EQ,589.40,609.30,584.05,602.00,580.10,668558,401914737.55,15953
NSE,RAYMONDLSL,INE02ID01020,EQ,699.60,754.00,677.00,727.30,710.50,659709,484452754.95,26114
NSE,RAYMONDREL,INE1SY401010,EQ,650.00,677.85,646.35,669.75,643.10,300774,200947875.30,8622
NSE,RBA,INE07T201019,EQ,67.00,71.40,67.00,70.76,66.64,5382951,375102300.52,20708
NSE,RBLBANK,INE976G01028,EQ,379.50,382.40,376.35,379.95,375.50,3413992,1293031674.40,43289
NSE,RBZJEWEL,INE0PEQ01016,EQ,149.00,153.80,148.50,152.54,148.98,102323,15483819.21,3943
NSE,RCF,INE027A01015,EQ,127.40,129.59,127.11,127.62,127.40,881041,113022284.69,7226
NSE,RCOM,INE330H01018,BE,0.84,0.85,0.82,0.84,0.82,2049908,1716226.56,1809
NSE,RECLTD,INE020B01018,EQ,374.00,376.70,367.05,368.10,372.95,3512873,1304560789.10,30924
NSE,REDINGTON,INE891D01026,EQ,320.50,357.80,319.50,347.85,321.65,69118282,23852283269.60,492929
NSE,REDTAPE,INE0LXT01019,EQ,131.90,133.08,130.51,130.79,132.51,148310,19500731.15,2851
NSE,REFEX,INE056I01025,EQ,309.00,311.00,304.00,306.80,302.80,360544,110721391.55,6252
NSE,REGAAL,INE0MHO01029,BE,82.99,85.97,82.99,85.97,81.88,229882,19592839.05,793
NSE,REGENCERAM,INE277C01012,EQ,32.01,34.90,31.00,32.90,32.92,6139,201285.50,108
NSE,RELAXO,INE131B01039,EQ,405.00,414.70,403.05,408.70,403.95,208423,85428083.90,6840
NSE,RELCHEMQ,INE750D01016,EQ,122.10,127.50,122.10,124.83,123.03,2328,290030.44,86
NSE,RELIABLE,INE375Y01018,EQ,144.75,147.49,140.50,146.37,139.74,83363,12066371.83,1096
NSE,RELIANCE,INE002A01018,EQ,1315.20,1319.00,1306.00,1319.00,1307.80,7508023,9843685449.40,158782
NSE,RELIGARE,INE621H01010,EQ,255.95,262.00,253.80,261.10,253.15,1464485,377674659.70,12818
NSE,RELINFRA,INE036A01016,BE,63.04,63.04,63.04,63.04,60.04,214554,13525484.16,554
NSE,RELTD,INE206N01018,EQ,169.87,170.79,164.50,166.81,167.98,255178,42885612.07,3536
NSE,REMSONSIND,INE474C01023,EQ,82.15,84.79,82.15,83.44,83.19,48460,4051427.27,965
NSE,RENUKA,INE087H01022,EQ,21.77,22.69,21.75,22.33,21.87,8155897,182398885.34,12480
NSE,REPCOHOME,INE612J01015,EQ,385.90,390.80,385.00,385.95,385.10,72642,28164696.30,2054
NSE,REPL,INE364Z01019,BE,63.00,66.69,63.00,65.08,63.95,2281,148058.41,50
NSE,REPRO,INE461B01014,EQ,378.85,405.00,377.50,398.70,378.65,64234,25227217.65,1599
NSE,RESPONIND,INE688D01026,EQ,171.60,175.00,171.60,173.30,171.60,84594,14649751.48,1402
NSE,RETAIL,INE03DD01011,EQ,16.56,17.40,16.01,16.57,16.48,3428,57292.84,52
NSE,RGL,INE722H01024,EQ,118.00,119.38,115.00,115.50,117.27,354917,41651757.39,2772
NSE,RHETAN,INE0KKN01029,EQ,31.22,31.50,31.10,31.12,30.67,6489222,203072724.87,2881
NSE,RHIM,INE743M01012,EQ,390.00,419.35,390.00,412.25,388.55,1273074,523401557.60,30763
NSE,RHL,INE508K01013,EQ,174.00,174.00,168.80,172.99,168.50,1708,293038.81,121
NSE,RICOAUTO,INE209B01025,EQ,142.50,146.73,141.45,142.07,141.77,1456704,209605968.76,11951
NSE,RIIL,INE046A01015,EQ,747.00,755.05,740.10,746.85,742.60,45659,34276978.55,1687
NSE,RIR,INE302D01024,EQ,161.95,163.44,157.17,159.25,158.93,117095,18859839.02,3052
NSE,RISHABH,INE0N2P01017,EQ,619.10,662.05,617.75,650.20,610.55,201022,130277754.65,13064
NSE,RITCO,INE01EG01016,EQ,295.70,306.00,293.00,301.25,291.70,268052,80896790.75,7677
NSE,RITES,INE320J01015,EQ,214.90,221.32,214.90,219.31,214.09,785441,172250332.14,13629
NSE,RKDL,INE722J01012,EQ,19.80,19.80,18.50,19.14,19.74,18391,347577.93,199
NSE,RKEC,INE786W01010,EQ,26.21,26.93,26.20,26.40,26.03,7602,201728.57,62
NSE,RKFORGE,INE399G01023,EQ,659.70,684.70,642.35,681.15,651.15,3196714,2127633155.25,68718
NSE,RKSWAMY,INE0NQ801033,EQ,102.39,104.38,101.02,101.98,102.39,43302,4428688.85,1201
NSE,RMC,INE655V01019,EQ,254.85,299.80,245.40,292.15,251.10,272852,77370725.60,8253
NSE,RMDRIP,INE219Y01026,BE,18.80,18.94,18.50,18.62,18.95,135815,2532878.75,484
NSE,RML,INE050H01012,EQ,1174.70,1237.00,1162.40,1210.80,1154.70,55286,66636418.30,6493
NSE,RNBDENIMS,INE012Q01039,EQ,9.06,9.27,9.00,9.08,9.06,127399,1164757.58,600
NSE,ROHLTD,INE283H01019,EQ,316.30,317.60,312.65,313.80,312.85,14282,4498934.25,500
NSE,ROLEXRINGS,INE645S01024,EQ,139.06,141.70,137.65,139.10,136.95,975005,136783378.36,14255
NSE,ROLLT,INE927A01040,BE,2.58,2.58,2.58,2.58,2.46,99388,256421.04,62
NSE,ROML,INE294G01026,EQ,43.58,45.99,43.58,45.00,44.41,770,34789.19,41
NSE,ROSSARI,INE02A801020,EQ,505.95,511.00,500.60,508.25,504.30,57189,29022208.70,3648
NSE,ROSSELLIND,INE847C01020,EQ,59.79,60.40,57.71,58.74,57.55,26997,1596855.85,382
NSE,ROSSTECH,INE0OJW01016,EQ,975.95,1086.75,966.00,1067.10,954.10,1333256,1407500177.25,64988
NSE,ROTO,INE535D01037,EQ,67.99,68.45,67.10,67.48,67.47,233785,15859214.22,2240
NSE,ROUTE,INE450U01017,EQ,540.00,549.50,531.10,537.05,540.00,488967,264854566.15,15246
NSE,RPEL,INE912T01018,EQ,1215.00,1272.00,1208.10,1245.60,1216.30,50178,62575861.50,6425
NSE,RPGLIFE,INE105J01010,EQ,2780.00,2819.50,2727.30,2756.80,2768.20,14650,40741839.00,2281
NSE,RPOWER,INE614G01033,EQ,23.56,24.57,23.56,23.87,23.41,31020819,750106831.06,47397
NSE,RPPINFRA,INE324L01013,EQ,59.10,61.19,59.10,59.93,60.16,33550,2023036.12,641
NSE,RPPL,INE760W01023,EQ,21.89,22.44,21.08,22.33,21.12,92204,2031337.52,543
NSE,RPSGVENT,INE425Y01011,EQ,931.00,964.85,931.00,952.30,935.25,32582,30913184.40,1651
NSE,RPTECH,INE0J1F01024,EQ,840.00,889.00,822.05,883.65,833.55,1212672,1051038697.05,44857
NSE,RRIL,INE951M01037,EQ,17.69,17.69,17.00,17.37,17.35,6589,112646.94,74
NSE,RRKABEL,INE777K01022,EQ,2634.00,2656.00,2605.10,2631.90,2602.80,287192,755853600.40,25752
NSE,RSDFIN,INE616F01022,EQ,112.00,132.88,101.15,132.88,110.74,156670,19422030.24,2464
NSE,RSL,INE313L01016,EQ,143.00,143.99,140.90,142.89,141.03,1421684,202086457.79,4619
NSE,RSSOFTWARE,INE165B01029,BE,31.00,31.40,30.00,30.68,30.30,10487,321262.51,109
NSE,RSWM,INE611A01016,BE,214.00,225.29,213.00,224.76,214.57,183073,40945687.55,1261
NSE,RSYSTEMS,INE411H01032,EQ,264.20,275.40,262.15,273.80,262.46,477441,128988541.75,16613
NSE,RTNINDIA,INE834M01019,EQ,31.34,33.35,31.34,33.11,31.34,2634603,86198349.33,7146
NSE,RTNPOWER,INE399K01017,EQ,8.75,8.95,8.67,8.80,8.71,18178783,160209829.23,15015
NSE,RUBFILA,INE642C01025,EQ,71.25,72.24,71.00,71.45,71.25,11099,793373.47,475
NSE,RUBICON,INE506V01022,EQ,1501.20,1530.00,1490.00,1500.80,1491.00,93519,141172585.30,9840
NSE,RUBYMILLS,INE301D01026,BE,382.00,382.00,368.00,369.75,373.00,15691,5860481.15,219
NSE,RUCHINFRA,INE413B01023,EQ,5.94,5.94,5.73,5.89,5.88,40821,238803.71,207
NSE,RUCHIRA,INE803H01014,EQ,109.32,109.80,107.63,108.09,108.24,37111,4020694.18,620
NSE,RUDRA,INE027T01023,EQ,17.73,18.99,17.02,18.06,17.27,89942,1615218.75,301
NSE,RUPA,INE895B01021,EQ,161.90,164.54,161.32,163.63,161.05,99599,16251557.56,2960
NSE,RUSHIL,INE573K01025,EQ,17.84,17.84,16.81,16.99,17.23,538624,9295564.63,1409
NSE,RUSTOMJEE,INE263M01029,EQ,405.85,407.60,395.40,396.80,399.85,48605,19406902.70,2598
NSE,RVHL,INE09E501017,EQ,45.80,46.47,45.00,45.97,44.93,13469,616851.35,79
NSE,RVNL,INE415G01027,EQ,225.70,234.70,225.70,232.90,225.48,8366055,1934825625.55,55175
NSE,RVTH,INE0DAB01012,EQ,712.50,721.00,700.00,706.65,700.45,769,545878.20,46
NSE,S&SPOWER,INE902B01017,EQ,316.90,334.35,316.10,334.35,318.45,3578,1194264.00,62
NSE,SAATVIKGL,INE13B501022,EQ,433.55,442.00,433.55,437.80,433.55,36670,16062693.30,1853
NSE,SABEVENTS,INE860T01019,EQ,6.02,6.32,6.02,6.32,6.02,12593,79139.77,47
NSE,SADBHAV,INE226H01026,EQ,9.08,9.08,8.63,8.64,9.08,351653,3072508.87,1068
NSE,SADBHIN,INE764L01010,BE,2.63,2.67,2.51,2.52,2.64,288658,748125.85,260
NSE,SADHNANIQ,INE888C01040,BE,2.79,2.79,2.71,2.79,2.66,1776535,4940702.71,488
NSE,SAFARI,INE429E01023,EQ,1559.70,1588.90,1504.00,1548.10,1559.60,153429,235087381.00,24699
NSE,SAGARDEEP,INE976T01013,EQ,25.44,25.44,24.24,24.49,24.24,3300,81349.19,60
NSE,SAGCEM,INE229C01021,EQ,174.49,176.39,171.21,172.67,173.96,37113,6468894.60,1178
NSE,SAGILITY,INE0W2G01015,EQ,43.50,44.58,43.11,43.88,43.40,18555073,815619948.10,38192
NSE,SAHLIBHFI,INE861D01011,EQ,81.00,81.00,78.46,78.52,78.09,330,26091.88,13
NSE,SAHYADRI,INE280H01015,EQ,314.00,332.85,313.75,326.90,303.60,34936,11332756.55,1778
NSE,SAIL,INE114A01011,EQ,170.60,172.70,165.00,165.00,169.03,12154369,2069858141.44,72850
NSE,SAILIFE,INE570L01029,EQ,1325.00,1350.00,1315.20,1333.40,1315.10,316024,423186923.30,18962
NSE,SAIPARENT,INE0H9F01037,EQ,551.70,560.00,546.00,554.55,547.50,73640,40806742.60,3807
NSE,SAKAR,INE732S01012,EQ,908.70,944.00,894.05,922.50,885.25,181604,167144406.90,11555
NSE,SAKHTISUG,INE623A01011,EQ,17.15,17.50,17.00,17.44,16.89,115918,2010075.54,526
NSE,SAKSOFT,INE667G01023,EQ,171.80,177.39,170.00,176.57,169.30,1129208,198169739.36,13837
NSE,SAKUMA,INE190H01024,EQ,1.63,1.67,1.63,1.64,1.64,629153,1037026.84,1024
NSE,SALASAR,INE170V01027,EQ,5.88,6.03,5.86,5.90,5.84,4405746,26141715.84,3136
NSE,SALONA,INE498E01010,EQ,244.02,252.96,243.90,248.06,243.90,965,239486.71,47
NSE,SALSTEEL,INE658G01014,EQ,58.92,58.92,56.11,57.69,57.56,71609,4138341.77,520
NSE,SALZERELEC,INE457F01013,EQ,589.40,596.70,586.40,591.30,581.90,41938,24814916.75,2140
NSE,SAMBHAAV,INE699B01027,EQ,6.55,6.82,6.39,6.58,6.36,21777,143073.96,65
NSE,SAMBHV,INE12NJ01018,EQ,122.07,123.55,119.00,119.96,120.06,1664182,202230035.51,9169
NSE,SAMHI,INE08U801020,EQ,179.90,184.75,178.32,181.68,179.84,777492,141274495.32,11332
NSE,SAMMAANCAP,INE148I01020,EQ,163.00,166.10,160.63,161.08,162.43,6896585,1128981973.56,29544
NSE,SAMPANN,INE735M01018,EQ,26.82,27.69,26.82,27.14,26.56,19084,522897.90,113
NSE,SANATHAN,INE0JPD01013,EQ,477.50,494.00,467.00,484.80,474.95,74544,35533834.20,2723
NSE,SANDESH,INE583B01015,EQ,978.15,992.00,973.00,989.60,978.15,501,493139.90,94
NSE,SANDHAR,INE278H01035,EQ,632.80,658.00,620.60,647.95,626.80,597937,385704813.05,19749
NSE,SANDUMA,INE149K01016,EQ,214.00,215.86,210.50,212.05,212.84,507588,107924517.62,7283
NSE,SANGAMIND,INE495C01010,EQ,620.00,622.60,602.80,609.50,609.90,20611,12620326.15,1733
NSE,SANGHVIMOV,INE989A01032,EQ,414.95,457.00,412.55,437.50,409.80,1799166,803719925.00,43130
NSE,SANGINITA,INE753W01010,BE,64.06,64.06,64.06,64.06,65.36,103800,6649428.00,95
NSE,SANOFI,INE058A01010,EQ,3330.00,3407.50,3330.00,3381.80,3318.00,60108,203182911.00,9656
NSE,SANOFICONR,INE0UOS01011,EQ,4619.00,4659.00,4515.00,4539.50,4611.20,4422,20165738.40,1262
NSE,SANSERA,INE953O01021,EQ,3378.00,3471.00,3358.30,3452.70,3346.90,174571,599033492.00,18693
NSE,SANSTAR,INE08NE01025,EQ,115.00,123.99,115.00,116.85,111.75,2123607,255287949.25,18223
NSE,SAPPHIRE,INE806T01020,EQ,184.75,188.50,182.06,187.48,185.11,464853,86482314.79,11065
NSE,SAPPL,INE185C01017,EQ,285.25,295.00,281.90,287.45,289.65,983,281826.90,53
NSE,SARDAEN,INE385C01021,EQ,523.00,538.00,515.20,516.20,516.60,542580,282335955.65,16187
NSE,SAREGAMA,INE979A01025,EQ,522.85,532.90,508.10,514.20,522.85,363206,189866341.40,14161
NSE,SARLAPOLY,INE453D01025,EQ,98.40,102.50,98.21,101.51,98.87,41222,4157732.76,867
NSE,SARVESHWAR,INE324X01026,EQ,3.46,3.50,3.36,3.38,3.38,1074130,3657559.48,1824
NSE,SASKEN,INE231F01020,EQ,1902.30,1902.30,1902.30,1902.30,1811.80,7255,13801186.50,249
NSE,SATIA,INE170E01023,EQ,61.75,63.15,61.03,62.50,61.75,49149,3076437.21,571
NSE,SATIN,INE836B01017,EQ,239.00,240.00,230.20,230.70,239.81,1031247,241270205.16,15942
NSE,SAURASHCEM,INE626A01014,EQ,60.00,61.90,59.31,60.14,60.38,124767,7486364.90,2140
NSE,SAYAJIHOTL,INE318C01014,EQ,304.75,304.75,296.00,304.75,290.25,700,212448.05,33
NSE,SBC,INE04AK01028,EQ,42.26,42.40,40.61,41.99,42.01,7304193,307847086.12,3749
NSE,SBCL,INE386D01027,EQ,752.90,769.40,747.00,763.45,749.45,213225,162239887.65,14692
NSE,SBFC,INE423Y01016,EQ,90.40,92.35,90.26,92.08,90.40,1319954,121057016.38,9787
NSE,SBGLP,INE05ST01028,EQ,25.44,26.99,25.00,25.55,25.44,31067,790843.60,182
NSE,SBICARD,INE018E01016,EQ,661.00,674.20,658.45,665.05,660.15,816319,545388220.90,25820
NSE,SBIFUNDS,INE640G01020,EQ,591.00,592.90,583.20,588.05,589.15,2624696,1541503850.85,49498
NSE,SBILIFE,INE123W01016,EQ,1899.00,1915.00,1882.80,1915.00,1882.00,885610,1685216079.10,38971
NSE,SBIN,INE062A01020,EQ,1035.00,1051.50,1031.60,1045.00,1027.40,10507450,10948508376.10,167075
NSE,SCANSTL,INE099G01011,BE,59.60,62.50,59.59,59.61,62.72,124863,7516838.99,412
NSE,SCHAEFFLER,INE513A01022,EQ,4079.20,4138.40,3978.50,4069.20,4079.20,35057,143677867.50,6461
NSE,SCHAND,INE807K01035,EQ,146.00,146.61,143.04,144.70,142.74,24392,3535452.78,991
NSE,SCHNEIDER,INE839M01018,EQ,1370.00,1378.50,1339.50,1346.10,1355.30,198032,268657876.30,17894
NSE,SCI,INE109A01011,EQ,294.00,295.75,290.70,292.65,291.45,1989074,583092177.70,25131
NSE,SCILAL,INE0PB301013,EQ,41.21,42.50,41.21,41.89,41.19,203515,8534028.11,1154
NSE,SCODATUBES,INE090501011,EQ,147.00,151.97,146.22,150.82,146.40,166875,25052501.71,2092
NSE,SCPL,INE501Y01019,EQ,619.00,648.00,619.00,638.60,615.00,137704,87452613.60,5539
NSE,SDBL,INE480C01038,EQ,72.15,72.69,71.01,71.41,71.91,382704,27533394.96,3911
NSE,SEAMECLTD,INE497B01018,EQ,1498.00,1520.00,1430.00,1457.20,1462.30,81786,119594327.40,5940
NSE,SECMARK,INE0BTM01013,EQ,127.63,127.70,122.00,124.46,127.00,1074,132088.47,30
NSE,SECURKLOUD,INE650K01021,EQ,18.00,18.00,17.52,17.83,18.07,14675,261048.24,110
NSE,SEDEMAC,INE00XB01019,EQ,2749.30,2900.00,2697.80,2752.10,2684.40,353233,992021468.50,38374
NSE,SEIL,INE440T01028,EQ,207.62,209.78,204.50,205.00,205.09,480068,99131895.59,5619
NSE,SEJALLTD,INE955I01044,BE,721.00,790.10,717.50,742.55,755.25,21053,15399368.65,488
NSE,SELMC,INE105I01020,EQ,28.10,28.30,27.42,27.47,27.70,8110,224010.38,99
NSE,SEMAC,INE617A01013,BE,312.00,323.85,305.10,311.70,311.40,1402,450313.90,22
NSE,SENCO,INE602W01027,EQ,408.90,408.90,366.50,388.10,403.20,1410396,555149909.25,31088
NSE,SENORES,INE0RB801010,EQ,1326.60,1364.40,1312.10,1355.30,1305.70,198818,268459268.50,15825
NSE,SEPC,INE964H01014,EQ,6.00,6.04,5.96,6.02,5.92,6046035,36348457.46,3544
NSE,SERVOTECH,INE782X01033,EQ,87.10,87.96,84.81,85.75,85.88,853663,73318365.28,7665
NSE,SESHAPAPER,INE630A01024,EQ,243.00,245.00,234.20,237.87,243.11,126507,30095120.06,2808
NSE,SETCO,INE878E01021,BE,17.75,17.94,17.75,17.90,17.70,61831,1107302.14,123
NSE,SETL,INE0M4D01010,EQ,276.95,282.70,275.30,278.55,275.10,223337,62358257.30,8653
NSE,SEYAIND,INE573R01012,BE,12.36,12.55,12.11,12.25,12.35,34977,433706.67,50
NSE,SFL,INE916U01025,EQ,784.05,797.00,784.05,790.75,783.80,92503,73101437.10,6213
NSE,SGFIN,INE618R01015,EQ,686.00,713.85,680.70,702.60,682.25,367008,257423862.80,11792
NSE,SGIL,INE00QT01015,EQ,615.00,625.30,590.00,592.20,602.50,8367,5009235.20,373
NSE,SGL,INE353H01010,EQ,10.02,10.12,9.70,9.88,9.82,1960,19473.44,39
NSE,SGMART,INE385F01024,EQ,705.00,707.00,685.10,699.25,697.35,229145,160957865.05,11456
NSE,SHADOWFAX,INE12UN01015,EQ,253.09,261.50,237.15,240.78,242.90,29699377,7290826909.89,261719
NSE,SHAH,INE482J01021,EQ,3.96,4.08,3.92,4.01,3.84,1845572,7375458.40,1857
NSE,SHAHALLOYS,INE640C01011,EQ,68.00,68.00,66.10,67.44,66.50,696,46704.31,26
NSE,SHAILY,INE151G01028,EQ,3065.00,3096.60,3034.80,3056.00,3061.40,104738,321593673.20,13072
NSE,SHAKTIPUMP,INE908D01010,EQ,525.50,526.95,517.05,518.80,520.40,540773,282374681.45,19131
NSE,SHALBY,INE597J01018,EQ,161.90,166.04,161.90,163.84,161.30,55574,9135710.54,1387
NSE,SHALPAINTS,INE849C01026,EQ,67.68,80.01,67.68,80.01,66.68,4518150,347436993.73,21119
NSE,SHANKARA,INE274V01019,EQ,143.30,144.90,141.10,141.92,141.87,608991,86509089.48,1411
NSE,SHANTI,INE933X01016,EQ,6.87,7.50,6.67,6.90,6.67,35474,247829.70,116
NSE,SHANTIGEAR,INE631A01022,EQ,414.80,421.05,413.00,415.00,412.30,13852,5785117.20,739
NSE,SHANTIGOLD,INE06ZD01017,EQ,225.00,225.00,218.80,219.61,217.41,632489,140107041.24,7559
NSE,SHARDACROP,INE221J01015,EQ,825.00,849.00,817.10,826.15,819.75,354204,295736474.80,16208
NSE,SHARDAMOTR,INE597I01028,EQ,871.30,916.00,871.30,912.30,871.30,93432,84269860.15,7902
NSE,SHARDUL,INE037B01020,BE,39.44,43.58,39.44,43.58,41.51,43976,1793235.85,159
NSE,SHAREINDIA,INE932X01026,EQ,178.70,182.07,177.07,180.74,178.48,406589,72953450.14,4564
NSE,SHBAJRG,INE402H01015,EQ,177.20,190.00,177.00,187.98,181.20,8565,1591111.96,207
NSE,SHEKHAWATI,INE268L01046,EQ,12.56,13.80,12.51,13.59,12.56,40983,549268.92,214
NSE,SHEMAROO,INE363M01019,BE,117.50,120.10,117.00,117.99,117.50,2443,287502.60,34
NSE,SHILCTECH,INE024F01011,EQ,4582.00,4735.00,4582.00,4682.50,4580.50,25924,120969112.90,6884
NSE,SHILPAMED,INE790G01031,EQ,616.10,629.75,614.10,623.55,611.25,477775,297084842.80,16867
NSE,SHINDL,INE220Z01013,EQ,162.95,162.95,159.00,160.36,162.02,101756,16361028.09,782
NSE,SHIVALIK,INE788J01021,BE,248.30,258.40,247.05,250.28,247.21,32229,8159147.68,316
NSE,SHIVAMAUTO,INE637H01024,BE,18.00,18.00,17.64,17.64,18.00,6421,113769.72,39
NSE,SHIVAMILLS,INE644Y01017,BE,61.02,61.62,58.21,60.31,61.02,73,4281.52,10
NSE,SHIVATEX,INE705C01020,EQ,165.00,166.66,163.02,163.57,164.24,676,110790.02,22
NSE,SHIVAUM,INE719F01016,EQ,440.10,449.40,426.00,428.05,440.95,5702,2479620.50,116
NSE,SHK,INE500L01026,EQ,166.40,167.99,165.03,166.54,164.59,429687,71478330.40,5538
NSE,SHOPERSTOP,INE498B01024,EQ,388.60,411.95,380.00,403.35,389.60,85036,34002553.80,5343
NSE,SHRADHA,INE715Y01031,EQ,34.19,35.25,32.70,33.86,33.86,34507,1163137.24,292
NSE,SHREDIGCEM,INE232A01011,EQ,71.70,74.49,71.70,73.93,72.31,49567,3623871.64,932
NSE,SHREECEM,INE070A01015,EQ,26150.00,27000.00,26110.00,27000.00,26055.00,33488,894951420.00,14811
NSE,SHREEJISPG,INE1B6101010,EQ,648.95,673.00,648.95,666.55,645.35,525755,347349245.90,9206
NSE,SHREEPUSHK,INE712K01011,EQ,396.75,408.00,396.00,405.85,396.75,33426,13477138.55,1746
NSE,SHREERAMA,INE879A01019,EQ,39.39,40.78,39.29,40.36,39.17,47303,1900465.39,454
NSE,SHREYANIND,INE231C01019,EQ,139.32,144.78,137.11,141.88,139.32,5323,749397.97,228
NSE,SHRIKRISH,INE997I01012,EQ,40.05,43.01,40.05,40.06,40.00,1199,48903.61,28
NSE,SHRINGARMS,INE1B3L01017,EQ,225.01,232.40,225.01,229.85,222.84,786356,180267952.81,5765
NSE,SHRIPISTON,INE526E01018,EQ,4441.00,4547.00,4430.40,4524.40,4395.20,66253,298940043.20,9136
NSE,SHRIRAMFIN,INE721A01047,EQ,1058.00,1095.00,1051.60,1090.20,1046.70,7047761,7614213410.50,126499
NSE,SHRIRAMPPS,INE217L01019,EQ,84.72,86.00,84.48,85.65,84.03,174452,14910012.23,1957
NSE,SHYAMCENT,INE979R01011,BE,5.21,5.21,5.01,5.06,5.19,41031,209224.69,132
NSE,SHYAMMETL,INE810G01011,EQ,1041.80,1044.80,1017.50,1025.10,1031.30,477723,491211791.80,13036
NSE,SHYAMTEL,INE635A01023,BE,16.21,17.10,16.21,17.10,16.29,6547,111139.31,18
NSE,SICAGEN,INE176J01011,EQ,49.71,50.48,48.50,49.97,49.71,6976,347819.91,58
NSE,SICALLOG,INE075B01020,BE,107.00,107.00,106.91,106.91,112.53,20315,2171891.05,78
NSE,SIEMENS,INE003A01024,EQ,3741.70,3905.00,3694.20,3900.00,3760.00,609663,2357216695.30,40750
NSE,SIGACHI,INE0D0K01022,BE,24.63,27.00,24.63,26.61,25.92,1507634,39234523.19,2442
NSE,SIGIND,INE529F01035,EQ,53.41,58.50,51.10,55.93,52.31,98549,5387208.16,803
NSE,SIGMA,INE0A0S01028,EQ,53.00,53.98,49.75,50.24,54.98,1362441,69915732.81,7068
NSE,SIGMAADV,INE933B01012,BE,634.00,654.70,625.00,654.70,623.55,146018,95282663.55,1214
NSE,SIGNATURE,INE903U01023,EQ,824.80,838.00,822.15,833.65,820.45,243726,202238380.85,7001
NSE,SIGNPOST,INE0KGZ01021,EQ,283.60,288.05,275.35,280.00,283.55,146187,41260623.15,4164
NSE,SIKA,INE438E01032,EQ,1101.70,1141.60,1100.00,1124.10,1115.70,21437,24156328.50,2263
NSE,SIKKO,INE112X01025,EQ,5.41,5.45,5.33,5.37,5.30,701908,3780213.66,909
NSE,SIL,INE173A01025,EQ,16.89,17.08,16.33,16.95,16.77,22031,371300.99,409
NSE,SILGO,INE01II01013,EQ,69.94,70.69,68.67,69.79,69.94,214160,15010445.82,1234
NSE,SILINV,INE923A01015,EQ,419.00,430.00,419.00,427.60,418.05,1022,433495.25,73
NSE,SILLYMONKS,INE203Y01012,EQ,16.16,16.16,14.91,15.13,15.62,34567,527978.52,154
NSE,SILVERTUC,INE625X01026,EQ,202.00,207.70,192.25,197.38,201.79,699145,140052038.08,9578
NSE,SIMPLEXINF,INE059B01024,EQ,235.75,239.89,234.00,235.64,236.35,57252,13537617.93,1102
NSE,SINCLAIR,INE985A01022,EQ,71.61,75.45,71.61,74.69,72.86,29359,2182230.11,422
NSE,SINDHUTRAD,INE325D01025,EQ,24.96,24.96,24.42,24.50,24.41,137842,3389432.58,519
NSE,SINGERIND,INE638A01035,EQ,65.98,66.43,64.55,64.90,64.78,18711,1220889.40,227
NSE,SINTERCOM,INE129Z01016,EQ,83.00,87.00,83.00,86.99,83.69,15200,1288793.82,71
NSE,SIRCA,INE792Z01011,EQ,425.00,436.00,422.45,430.70,420.45,458544,197399626.90,5890
NSE,SIS,INE285J01028,EQ,424.50,429.75,422.55,425.10,422.40,66651,28394016.95,4618
NSE,SIYSIL,INE076B01028,EQ,611.35,634.00,605.75,629.30,602.30,128794,80355933.25,6748
NSE,SJS,INE284S01014,EQ,2430.20,2498.90,2410.00,2483.40,2391.70,155365,383334298.00,16076
NSE,SJVN,INE002L01015,EQ,69.20,70.43,69.01,69.42,68.62,2713188,189073887.01,19539
NSE,SKFINDIA,INE640A01023,EQ,1489.60,1513.80,1482.20,1506.50,1479.60,49615,74751332.20,4236
NSE,SKFINDUS,INE2J8701016,EQ,2780.00,2788.20,2679.90,2697.70,2739.90,24922,68077485.10,6854
NSE,SKIPPER,INE439E01022,EQ,533.90,555.00,531.60,549.15,527.75,755981,412060211.95,18497
NSE,SKMEGGPROD,INE411D01023,EQ,249.85,249.85,241.00,242.33,249.85,636187,155487209.21,10459
NSE,SKYGOLD,INE01IU01018,EQ,649.00,700.00,649.00,691.85,643.70,1001359,679177079.70,29068
NSE,SMARTLINK,INE178C01020,BE,207.00,210.42,207.00,210.42,200.40,3475,728039.16,23
NSE,SMARTWORKS,INE0NAZ01010,EQ,478.85,489.00,466.60,481.65,470.50,48510,23141938.45,3481
NSE,SMCGLOBAL,INE103C01036,EQ,81.90,81.90,79.40,79.94,80.83,606571,48522843.78,2388
NSE,SMLMAH,INE294B01019,EQ,5690.00,5756.00,5401.00,5464.00,5685.60,257127,1437061070.00,34305
NSE,SMLT,INE017W01010,EQ,68.00,70.00,68.00,69.00,67.11,4596,316522.59,81
NSE,SMSPHARMA,INE812G01025,EQ,375.75,376.60,361.20,363.55,373.90,299209,109690618.75,7068
NSE,SNOWMAN,INE734N01019,EQ,38.89,39.00,38.30,38.50,38.30,102594,3963308.85,875
NSE,SOBHA,INE671H01015,EQ,1380.00,1387.90,1361.20,1372.30,1372.20,75517,103952312.50,7406
NSE,SOFTTECH,INE728Z01015,BE,416.00,418.00,412.05,418.00,417.05,3696,1531262.30,14
NSE,SOLARA,INE624Z01016,EQ,522.85,523.65,513.00,515.85,513.55,111052,57436457.25,4004
NSE,SOLARINDS,INE343H01029,EQ,18400.00,18710.00,18358.00,18659.00,18391.00,53004,982128569.00,15483
NSE,SOLARWORLD,INE0TY101024,EQ,190.65,192.60,184.01,184.62,188.30,412946,76818384.15,8407
NSE,SOLEX,INE880Y01017,EQ,911.00,949.50,911.00,946.80,910.80,22853,21287107.75,2459
NSE,SOMANYCERA,INE355A01028,EQ,490.00,514.00,488.10,509.00,488.85,123707,62183143.55,5383
NSE,SOMATEX,INE314C01013,EQ,99.50,99.76,95.00,95.64,98.82,19383,1864476.35,288
NSE,SOMICONVEY,INE323J01019,EQ,94.30,97.63,92.80,93.45,93.07,11239,1049785.84,333
NSE,SONACOMS,INE073K01018,EQ,775.00,785.00,768.05,785.00,769.40,2517947,1965233464.35,44810
NSE,SONAMLTD,INE00LM01029,EQ,56.80,56.80,54.00,54.16,55.22,10228,559198.86,417
NSE,SONATSOFTW,INE269A01021,EQ,324.00,348.45,319.00,345.85,322.45,6562997,2220170352.75,95127
NSE,SOTL,INE035D01020,EQ,605.90,636.00,603.30,630.10,601.75,261606,162862288.85,10564
NSE,SOUTHBANK,INE683A01023,EQ,47.00,47.87,46.93,47.07,46.70,8220206,389597765.64,25215
NSE,SOUTHWEST,INE980Y01015,EQ,239.88,242.98,237.89,240.44,238.27,106951,25719581.65,3211
NSE,SPAL,INE212I01016,EQ,1008.00,1011.00,980.00,988.70,992.10,38788,38629298.80,3431
NSE,SPANDANA,INE572J01011,EQ,262.55,265.55,260.40,262.40,261.10,145722,38359223.35,3813
NSE,SPARC,INE232I01014,EQ,207.11,213.29,207.02,207.93,206.21,793057,166386459.54,11158
NSE,SPCENET,INE970N01027,EQ,3.50,3.55,3.36,3.43,3.42,358350,1229348.73,607
NSE,SPECIALITY,INE247M01014,EQ,135.32,135.32,132.01,132.12,133.14,14057,1874165.16,295
NSE,SPECTRUM,INE01EO01010,EQ,2395.90,2591.00,2357.00,2547.40,2363.00,97267,245004094.40,12097
NSE,SPENCERS,INE020801028,EQ,33.48,34.04,32.82,33.23,32.90,53604,1791903.86,1114
NSE,SPIC,INE147A01011,EQ,66.72,68.07,66.66,67.34,66.47,212929,14358031.59,2051
NSE,SPLIL,INE978G01016,EQ,29.52,30.98,29.52,30.00,30.10,2920,88098.05,41
NSE,SPLPETRO,INE663A01033,EQ,718.30,724.70,713.00,715.90,713.15,71200,51208909.75,4563
NSE,SPMLINFRA,INE937A01023,EQ,192.23,198.39,192.23,196.13,191.75,151774,29754953.87,1965
NSE,SPORTKING,INE885H01029,EQ,225.99,241.51,220.10,229.63,201.26,12667361,2963962935.52,101871
NSE,SRD,INE01NE01012,EQ,37.95,40.00,37.20,39.21,37.44,79787,3108894.51,205
NSE,SREEL,INE099F01013,EQ,212.00,222.72,212.00,216.45,213.60,10312,2237389.86,494
NSE,SRF,INE647A01010,EQ,2630.00,2657.80,2625.00,2645.00,2622.50,150758,398618552.70,17658
NSE,SRGHFL,INE559N01010,EQ,293.25,300.05,288.00,299.70,293.20,8457,2519386.65,166
NSE,SRHHYPOLTD,INE917H01012,EQ,484.00,502.50,484.00,494.10,484.40,5423,2682142.15,370
NSE,SRM,INE0R6Z01013,EQ,497.95,499.95,491.55,496.40,495.30,42013,20908495.75,1587
NSE,SRTL,INE19GK01015,EQ,41.00,41.00,40.10,40.22,40.55,23191,936218.49,284
NSE,SSDL,INE0PQ101010,EQ,52.55,54.37,52.55,54.06,52.84,9672,521666.62,290
NSE,SSWL,INE802C01033,EQ,328.40,328.40,313.05,317.85,310.36,1702280,544958251.85,24729
NSE,STALLION,INE0RYC01010,EQ,264.90,278.10,261.45,265.45,260.12,4439437,1207615959.70,46373
NSE,STANLEY,INE01A001028,EQ,159.00,159.00,155.16,155.88,157.03,67560,10567005.94,2400
NSE,STAR,INE939A01011,EQ,1034.00,1043.30,1000.00,1028.50,1025.00,472242,481764442.20,24875
NSE,STARCEMENT,INE460H01021,EQ,203.20,206.94,203.00,203.96,202.78,168528,34577957.18,2544
NSE,STARHEALTH,INE575P01011,EQ,598.65,600.85,586.50,592.60,601.00,586750,347640141.20,32109
NSE,STARPAPER,INE733A01018,EQ,147.50,152.91,147.50,150.70,151.39,5828,876382.62,161
NSE,STARTECK,INE992I01013,EQ,265.40,266.80,261.00,261.15,259.10,7320,1916408.85,77
NSE,STCINDIA,INE655A01013,EQ,120.48,123.90,119.16,119.66,120.50,55568,6738772.39,852
NSE,STEELCAS,INE124E01038,EQ,330.00,330.05,317.70,325.90,309.95,195000,63570919.45,5251
NSE,STEELCITY,INE395H01011,EQ,76.39,76.80,75.00,76.40,75.25,8728,663176.16,176
NSE,STEELXIND,INE503B01021,EQ,11.26,11.49,11.22,11.40,11.23,835801,9483163.30,1882
NSE,STEL,INE577L01016,EQ,580.00,580.00,562.35,565.75,574.85,1833,1046862.65,231
NSE,STERTOOLS,INE334A01023,BE,250.00,256.00,248.00,255.05,252.11,21263,5383870.15,363
NSE,STLNETWORK,INE1VXE01018,BE,24.34,25.00,24.34,24.73,24.29,343227,8490858.75,831
NSE,STLTECH,INE089C01029,BE,584.90,584.90,584.90,584.90,557.05,1919449,1122685720.10,4561
NSE,STOVEKRAFT,INE00IN01015,EQ,788.00,795.95,726.30,754.60,778.40,198066,152423117.00,10523
NSE,STUDDS,INE00Q601028,EQ,442.60,457.00,442.60,447.95,440.15,44287,19873634.60,2025
NSE,STYL,INE04VU01023,EQ,350.00,369.80,350.00,368.05,346.15,110667,40090354.45,4272
NSE,STYLAMIND,INE239C01020,EQ,3401.60,3470.00,3385.00,3453.00,3384.30,30618,105401427.20,8178
NSE,STYLEBAAZA,INE01FR01028,BE,275.00,281.00,272.05,278.05,271.40,96840,26934477.10,1129
NSE,STYRENIX,INE189B01011,EQ,2504.80,2557.60,2479.00,2487.30,2476.50,60685,152638821.90,5522
NSE,SUBEXLTD,INE754A01055,BE,12.05,12.94,12.05,12.85,12.33,1173695,15000950.99,1492
NSE,SUBROS,INE287B01021,EQ,829.00,832.85,812.00,817.30,819.25,45959,37907346.80,3023
NSE,SUDARCOLOR,INE492A01029,EQ,365.00,375.00,358.85,369.30,361.15,9831,3605026.70,275
NSE,SUDARSCHEM,INE659A01023,EQ,1039.00,1096.00,1034.20,1068.30,1013.90,421749,452546231.40,24733
NSE,SUDEEPPHRM,INE0QPI01025,EQ,893.50,913.95,862.35,867.60,881.05,516361,456507222.50,23238
NSE,SUKHJITS,INE450E01029,EQ,168.50,172.50,163.11,164.66,164.60,28382,4787967.94,677
NSE,SULA,INE142Q01026,EQ,172.24,172.25,164.05,165.32,170.71,512289,85901683.08,8224
NSE,SUMEETINDS,INE235C01036,EQ,21.18,21.18,21.18,21.18,22.29,48960,1036972.80,299
NSE,SUMICHEM,INE258G01013,EQ,512.50,517.70,503.15,515.85,510.30,263929,135102985.70,9095
NSE,SUMIT,INE748Z01013,EQ,58.97,58.97,53.25,55.06,52.23,42841,2364795.01,318
NSE,SUMMITSEC,INE519C01017,EQ,1520.00,1540.00,1510.00,1522.20,1504.30,5394,8210609.80,519
NSE,SUNCLAY,INE0Q3R01026,EQ,1284.00,1284.00,1251.00,1253.00,1253.60,2582,3256413.40,378
NSE,SUNDARAM,INE108E01023,EQ,1.27,1.29,1.24,1.25,1.23,707839,898586.89,330
NSE,SUNDARMFIN,INE660A01013,EQ,4641.60,4965.30,4629.80,4828.70,4665.60,309611,1477420684.20,41165
NSE,SUNDRMBRAK,INE073D01013,BE,771.00,788.00,766.50,778.45,766.85,875,672407.20,48
NSE,SUNDRMFAST,INE387A01021,EQ,980.00,998.00,978.00,993.25,977.45,151032,149482015.35,7390
NSE,SUNDROP,INE209A01019,EQ,661.25,690.00,661.25,679.50,665.45,34878,23372400.85,1158
NSE,SUNFLAG,INE947A01014,EQ,370.05,379.30,363.10,366.85,365.30,422640,156037525.75,8122
NSE,SUNPHARMA,INE044A01036,EQ,1983.20,1988.00,1935.20,1963.50,1990.50,3972351,7766580397.20,339336
NSE,SUNTECK,INE805D01034,EQ,305.05,312.10,304.45,308.10,302.30,265799,81752184.05,8094
NSE,SUNTV,INE424H01027,EQ,507.00,516.95,499.10,503.80,508.65,283161,143536730.20,18532
NSE,SUPERHOUSE,INE712B01010,EQ,155.70,164.90,151.90,158.57,160.12,2973,473441.92,204
NSE,SUPERSPIN,INE662A01027,BE,6.14,6.14,6.14,6.14,6.02,36205,222298.70,20
NSE,SUPRAJIT,INE399C01030,EQ,508.00,526.00,508.00,512.70,504.60,341765,176375466.65,14942
NSE,SUPREME,INE822E01011,EQ,45.50,47.25,45.21,45.99,45.72,48344,2246458.47,503
NSE,SUPREMEIND,INE195A01028,EQ,3465.40,3539.10,3455.00,3530.00,3465.40,145252,509380172.30,15657
NSE,SUPREMEINF,INE550H01011,EQ,83.63,85.60,81.25,84.17,83.63,48810,4112798.47,1172
NSE,SUPRIYA,INE07RO01027,EQ,867.05,898.55,867.05,879.65,867.00,247600,219756091.45,12936
NSE,SURAJEST,INE843S01025,EQ,196.00,202.69,196.00,201.68,195.95,36523,7331138.49,813
NSE,SURAJLTD,INE713C01016,EQ,220.00,224.00,218.00,220.91,219.42,1291,283657.86,57
NSE,SURAKSHA,INE877V01027,EQ,253.00,259.50,251.15,252.10,252.15,27179,6949312.30,1626
NSE,SURANASOL,INE272L01022,EQ,26.40,26.40,26.05,26.27,26.04,32610,856928.60,449
NSE,SURANAT&P,INE130B01031,EQ,18.30,18.47,17.66,17.89,17.95,54741,987444.70,336
NSE,SURYALA,INE132C01027,EQ,409.90,420.00,400.45,410.90,405.95,907,370956.65,60
NSE,SURYALAXMI,INE713B01026,EQ,61.70,62.00,59.60,60.87,60.84,4183,254106.80,66
NSE,SURYAROSNI,INE335A01020,EQ,241.50,243.89,236.11,237.32,239.40,432577,103048726.81,6489
NSE,SURYODAY,INE428Q01011,EQ,163.10,166.75,162.30,163.73,161.92,659356,108536896.56,7440
NSE,SUTLEJTEX,INE645H01027,BE,39.75,39.75,37.53,38.03,38.00,25216,968831.89,101
NSE,SUVEN,INE495B01038,EQ,307.25,313.40,304.00,307.20,307.10,394700,121828998.35,9059
NSE,SUVIDHAA,INE018401013,EQ,2.64,2.64,2.53,2.54,2.55,139004,354430.68,193
NSE,SUYOG,INE442P01014,EQ,875.00,883.10,858.20,865.70,866.25,15733,13737823.75,1092
NSE,SUZLON,INE040H01021,EQ,48.20,49.30,48.08,48.10,48.01,55317614,2700832468.38,108273
NSE,SVLL,INE00CE01017,BE,736.40,736.40,736.40,736.40,722.00,430,316652.00,8
NSE,SVPGLOB,INE308E01029,BE,3.75,3.96,3.75,3.89,3.78,33999,133181.10,45
NSE,SWANCORP,INE665A01038,EQ,308.05,312.30,308.05,310.20,307.80,751667,233014535.70,14201
NSE,SWANDEF,INE542F01020,BE,2470.00,2550.00,2470.00,2527.20,2473.70,23400,59047229.90,933
NSE,SWARAJENG,INE277A01016,EQ,3628.70,3662.00,3613.00,3630.60,3628.70,6150,22354697.60,1354
NSE,SWELECTES,INE409B01013,EQ,595.95,616.40,595.95,613.50,594.30,14607,8895240.85,1188
NSE,SWIGGY,INE00H001014,EQ,284.80,288.90,277.10,288.00,284.86,20781750,5901513946.10,103419
NSE,SWSOLAR,INE00M201021,EQ,205.29,212.47,205.29,208.41,203.96,1303946,272696269.39,15015
NSE,SYMPHONY,INE225D01027,EQ,689.65,695.00,681.00,682.75,688.20,129741,88985772.40,8796
NSE,SYNCOMF,INE312C01025,EQ,13.30,13.48,13.00,13.19,13.12,1054189,14024942.36,2853
NSE,SYNGENE,INE398R01022,EQ,386.50,403.70,384.00,402.20,385.90,1674593,667918011.70,41204
NSE,SYRMA,INE0DYJ01015,EQ,1380.00,1397.50,1351.60,1360.60,1366.80,1098353,1505681397.70,44937
NSE,SYSTMTXC,INE356B01024,BE,63.00,63.00,60.00,60.22,61.25,4406,265726.97,62
NSE,TAALTECH,INE524T01011,EQ,3980.00,4049.90,3960.00,3984.00,3930.80,2608,10420615.90,462
NSE,TAINWALCHM,INE123C01018,EQ,195.01,217.80,195.01,206.82,197.14,20128,4258196.68,915
NSE,TAJGVK,INE586B01026,EQ,363.95,374.00,361.20,363.45,363.25,198799,73192347.05,7630
NSE,TAKE,INE142I01023,EQ,21.99,22.45,21.00,22.36,21.42,596965,13170006.33,1220
NSE,TALBROAUTO,INE187D01029,EQ,417.00,424.00,410.50,417.65,407.75,180850,75618368.15,6265
NSE,TAMBOLIIN,INE864J01012,BE,210.00,217.60,205.00,210.46,208.79,14737,3103191.92,53
NSE,TANLA,INE483C01032,EQ,591.90,618.55,591.00,614.15,586.55,1281918,782154279.25,29258
NSE,TARACHAND,INE555Z01020,EQ,55.55,59.25,55.02,58.84,55.12,217541,12578490.52,1846
NSE,TARAPUR,INE747K01017,EQ,16.71,17.40,15.77,15.77,16.60,109832,1772327.50,424
NSE,TARC,INE0EK901012,EQ,136.70,137.93,135.40,135.70,137.25,431816,58931514.02,4991
NSE,TARIL,INE763I01026,EQ,299.05,302.50,295.00,295.50,296.50,989409,294585853.80,17715
NSE,TARMAT,INE924H01018,EQ,49.33,50.47,48.56,50.13,49.33,8709,434519.38,73
NSE,TARSONS,INE144Z01023,EQ,317.90,323.45,316.00,317.40,314.60,107915,34395601.20,2712
NSE,TASTYBITE,INE488B01017,EQ,9236.50,9550.00,9231.00,9430.00,9236.50,3497,32994699.00,1224
NSE,TATACAP,INE976I01016,EQ,365.40,370.45,359.90,364.75,365.40,1730931,636386288.45,34305
NSE,TATACHEM,INE092A01019,EQ,673.60,679.90,672.80,674.65,673.55,369029,249503541.95,11066
NSE,TATACOMM,INE151A01013,EQ,1765.90,1793.80,1755.00,1780.10,1756.40,206782,368154628.90,16237
NSE,TATACONSUM,INE192A01025,EQ,1085.00,1110.00,1083.10,1110.00,1083.10,1322017,1447039847.50,45529
NSE,TATAELXSI,INE670A01012,EQ,3704.60,3765.00,3678.00,3761.90,3672.90,322468,1206180826.30,27422
NSE,TATAINVEST,INE672A01026,EQ,685.55,687.00,673.20,676.65,679.45,133851,90892683.40,9071
NSE,TATAPOWER,INE245A01021,EQ,382.00,382.90,378.05,382.00,380.70,2051770,782463937.90,39777
NSE,TATASTEEL,INE081A01020,EQ,192.94,193.50,188.49,191.00,189.69,27563681,5247880994.50,196348
NSE,TATATECH,INE142M01025,EQ,748.55,768.90,748.00,763.80,747.65,814680,620516067.55,29830
NSE,TATVA,INE0GK401011,EQ,1827.00,1838.10,1750.60,1771.00,1788.20,114209,206210605.30,8980
NSE,TBOTEK,INE673O01025,EQ,1542.90,1677.60,1540.40,1615.90,1531.20,1205579,1964931246.00,69102
NSE,TBZ,INE760L01018,EQ,277.50,292.00,275.00,287.70,276.34,1976511,566308349.50,30087
NSE,TCC,INE887D01016,EQ,322.00,322.00,286.85,291.50,289.65,44750,13415782.10,1366
NSE,TCI,INE688A01022,EQ,930.10,944.95,909.25,914.60,930.50,71624,65944762.45,5853
NSE,TCIEXP,INE586V01016,EQ,541.65,567.00,540.40,557.25,541.65,52562,29240248.05,3118
NSE,TCIFINANCE,INE911B01018,BE,15.20,15.24,14.90,15.14,14.91,8381,126175.53,96
NSE,TCPLPACK,INE822C01015,EQ,3165.00,3280.50,3165.00,3250.80,3153.40,4103,13284131.30,916
NSE,TCS,INE467B01029,EQ,2383.90,2473.70,2383.00,2473.70,2365.60,3036839,7377769245.80,130409
NSE,TDPOWERSYS,INE419M01027,EQ,1145.00,1152.70,1106.10,1112.40,1131.00,711212,799713306.20,37887
NSE,TEAMGTY,INE289C01025,EQ,228.70,229.00,217.11,223.48,215.32,210,46957.89,41
NSE,TEAMLEASE,INE985S01024,EQ,1238.90,1256.00,1235.00,1239.80,1234.90,73578,91621201.10,6966
NSE,TECHM,INE669C01036,EQ,1663.40,1670.00,1634.30,1649.00,1651.30,4154154,6835606375.90,69410
NSE,TECHNOE,INE285K01026,EQ,998.00,1012.00,985.35,999.40,980.30,145672,145629745.70,9608
NSE,TECHNVISN,INE314H01012,EQ,4344.30,4470.50,4302.60,4466.10,4470.20,261,1156762.80,101
NSE,TECILCHEM,INE014B01011,EQ,9.60,10.20,9.60,10.05,9.68,2720,27235.47,46
NSE,TEGA,INE011K01018,EQ,1485.50,1613.00,1485.50,1587.70,1485.50,631620,988568718.60,45272
NSE,TEJASNET,INE010J01012,EQ,517.95,527.35,516.15,519.60,513.00,835876,436118229.85,17336
NSE,TEMBO,INE869Y01010,EQ,563.05,574.20,554.80,560.40,553.25,282121,159753527.55,8333
NSE,TENNIND,INE19RI01016,EQ,543.00,553.90,540.65,544.60,537.95,1154720,631552595.80,46338
NSE,TERASOFT,INE482B01010,EQ,384.75,395.40,370.25,389.10,376.60,8534,3317906.45,461
NSE,TEXINFRA,INE435C01024,EQ,114.50,115.05,113.13,113.93,113.99,94532,10804405.40,755
NSE,TEXMOPIPES,INE141K01013,EQ,43.09,43.85,42.76,42.99,42.88,18526,798948.97,193
NSE,TEXRAIL,INE621L01012,EQ,112.49,114.10,112.26,112.91,111.39,1465480,165855066.69,8709
NSE,TFCILTD,INE305A01023,EQ,103.10,107.25,103.10,105.62,101.87,13190800,1398052377.53,28817
NSE,TFL,INE804H01012,EQ,11.36,11.70,11.03,11.14,11.12,7121,79914.09,44
NSE,TGBHOTELS,INE797H01018,EQ,9.47,9.62,9.00,9.27,9.38,28089,260467.57,119
NSE,THACKER,INE077P01034,BE,1020.00,1050.00,981.10,1050.00,1010.00,41,41401.60,12
NSE,THAKDEV,INE403F01017,EQ,136.01,148.00,135.00,140.47,141.18,230,32106.91,19
NSE,THANGAMAYL,INE085J01014,EQ,5175.00,5175.00,4965.50,4965.50,5226.50,358583,1798858173.50,27142
NSE,THEINVEST,INE924D01017,EQ,100.66,101.99,98.79,101.23,97.61,15629,1575485.14,213
NSE,THEJO,INE121N01019,EQ,2135.00,2189.50,2098.10,2169.10,2108.70,21034,45282926.30,2976
NSE,THELEELA,INE0AQ201015,EQ,505.00,517.95,498.00,501.80,494.60,2192952,1115242397.10,61550
NSE,THEMISMED,INE083B01024,EQ,105.23,108.40,105.23,107.06,105.22,29219,3137019.75,858
NSE,THERMAX,INE152A01029,EQ,4302.50,4319.00,4070.80,4122.20,4306.00,707697,2930442573.20,81689
NSE,THOMASCOOK,INE332A01027,EQ,106.00,109.90,105.90,107.15,104.27,2230082,241300603.55,14105
NSE,THOMASCOTT,INE480M01011,EQ,298.45,322.00,298.30,311.25,298.45,20575,6298858.05,771
NSE,THYROCARE,INE594H01019,EQ,583.00,608.00,582.50,592.55,579.00,642124,383447266.90,22371
NSE,TI,INE133E01013,EQ,465.90,481.00,464.20,465.80,465.15,1070931,506186456.15,23489
NSE,TICL,INE388G01026,BE,9.57,9.70,9.25,9.63,9.57,70353,673735.89,161
NSE,TIGERLOGS,INE906O01029,BE,28.89,29.40,27.33,27.44,28.37,207337,5852922.47,939
NSE,TIIL,INE545H01011,EQ,2580.00,2675.00,2580.00,2628.20,2580.50,9022,23817105.10,1810
NSE,TIINDIA,INE974X01010,EQ,2810.00,2813.00,2723.20,2766.00,2753.00,227956,629665503.40,33079
NSE,TIJARIA,INE440L01017,EQ,5.34,5.49,4.91,4.98,5.03,185584,936562.29,298
NSE,TIL,INE806C01018,EQ,255.05,267.85,248.55,259.90,252.38,1915163,499417575.55,27956
NSE,TIMETECHNO,INE508G01029,EQ,211.00,213.40,203.92,210.15,208.56,3019188,633478573.74,27878
NSE,TIMEX,INE064A01026,EQ,533.65,553.60,532.00,549.25,532.05,257413,140423991.85,13422
NSE,TIMKEN,INE325A01013,EQ,3145.00,3241.20,3138.10,3216.10,3145.40,40209,128375834.20,8798
NSE,TINNARUBR,INE015C01016,EQ,1130.00,1145.00,1084.00,1106.80,1114.40,111490,123834540.90,9168
NSE,TIPSFILMS,INE0LQS01015,EQ,388.85,397.75,373.60,379.00,386.20,11805,4548768.70,695
NSE,TIPSMUSIC,INE716B01029,EQ,668.05,694.45,666.35,688.55,668.05,276541,189743768.45,14755
NSE,TIRUMALCHM,INE338A01024,EQ,175.25,183.74,175.00,183.12,174.25,747837,135706163.34,9944
NSE,TIRUPATIFL,INE319Y01024,BE,69.00,73.50,69.00,73.10,70.00,418783,30094798.19,1109
NSE,TITAGARH,INE615H01020,EQ,825.40,869.90,825.40,859.05,825.20,929203,794766891.50,35752
NSE,TITAN,INE280A01028,EQ,4875.20,5000.00,4851.80,5000.00,4875.20,505420,2475265143.60,48696
NSE,TMB,INE668A01016,EQ,864.90,879.40,855.45,861.55,851.70,226900,196914507.35,17410
NSE,TMCV,INE1TAE01010,EQ,440.00,455.15,434.55,452.50,436.80,17112543,7693425670.40,249132
NSE,TMPV,INE155A01022,EQ,344.50,350.45,343.50,349.30,339.75,12027810,4181654056.95,112136
NSE,TNPETRO,INE148A01019,EQ,96.50,98.30,95.96,97.85,96.50,89849,8754432.92,1200
NSE,TNPL,INE107A01015,EQ,151.50,156.70,151.44,154.88,150.68,254861,39524610.01,3932
NSE,TNTELE,INE141D01018,EQ,9.08,9.24,9.00,9.11,9.08,6202,56623.76,59
NSE,TOKYOPLAST,INE932C01012,BE,76.50,79.99,75.00,79.00,76.50,1426,109996.70,44
NSE,TOLINS,INE0RWQ01014,EQ,104.07,104.30,102.82,103.82,102.21,74883,7773012.83,591
NSE,TORNTPHARM,INE685A01028,EQ,5250.00,5250.00,5007.50,5050.00,5122.80,841750,4273155047.50,74887
NSE,TORNTPOWER,INE813H01021,EQ,1422.00,1423.80,1387.20,1391.70,1413.30,337462,471763506.80,22970
NSE,TOTAL,INE336X01012,EQ,49.28,53.33,49.00,52.05,49.28,8190,416471.25,111
NSE,TOUCHWOOD,INE486Y01013,EQ,67.44,67.44,66.06,66.45,66.24,155,10326.64,16
NSE,TPHQ,INE065J01024,EQ,0.42,0.44,0.42,0.42,0.42,1122867,479960.22,325
NSE,TPLPLASTEH,INE413G01022,EQ,79.50,82.00,79.50,81.26,79.31,123751,9988363.68,1332
NSE,TRACXN,INE0HMF01019,EQ,30.03,30.84,30.03,30.44,30.35,68640,2098823.39,768
NSE,TRANSPEK,INE687A01016,EQ,1364.00,1447.90,1311.60,1414.50,1321.30,175728,240983438.00,13964
NSE,TRANSRAILL,INE454P01035,EQ,502.95,507.65,493.80,500.25,502.95,302458,152171022.55,12365
NSE,TRANSWORLD,INE757B01015,BE,162.21,164.00,158.01,161.66,162.21,16892,2694699.45,136
NSE,TRAVELFOOD,INE103V01028,EQ,1293.00,1348.00,1292.70,1344.60,1302.90,37161,49531915.60,6374
NSE,TREEHOUSE,INE040M01013,EQ,6.48,6.48,6.29,6.36,6.36,8505,54718.52,93
NSE,TREJHARA,INE00CA01015,EQ,134.00,136.19,134.00,135.95,134.76,8426,1142902.98,310
NSE,TREL,INE0O3901029,EQ,24.25,24.77,23.96,24.17,24.25,80905,1968097.61,335
NSE,TRENT,INE849A01020,EQ,3035.00,3050.00,3002.90,3050.00,3005.90,883208,2669856689.90,53186
NSE,TRF,INE391D01019,EQ,226.00,233.99,226.00,228.56,225.93,86597,19888376.24,2657
NSE,TRIDENT,INE064C01022,EQ,24.83,25.23,24.83,24.94,24.71,2924262,73207544.60,11462
NSE,TRIGYN,INE948A01012,EQ,55.00,55.44,53.72,54.89,53.72,27576,1500658.91,643
NSE,TRITURBINE,INE152M01016,EQ,602.65,616.00,602.65,611.60,601.70,403135,246096648.20,29478
NSE,TRIVENI,INE256C01024,BE,226.00,232.57,226.00,232.30,221.50,623781,144930160.86,3535
NSE,TRU,INE615R01029,EQ,4.50,4.80,4.46,4.71,4.60,117710,549631.93,236
NSE,TRUALT,INE0MWH01014,EQ,424.90,439.00,422.50,437.85,423.00,184496,79690077.90,5191
NSE,TSFINV,INE202Z01029,EQ,455.10,461.00,452.95,454.30,452.50,38493,17572180.30,2361
NSE,TTKHLTCARE,INE910C01018,EQ,1030.00,1094.00,1030.00,1049.20,1024.50,32751,34726522.30,5877
NSE,TTKPRESTIG,INE690A01028,EQ,648.00,653.75,636.20,644.30,641.60,82001,53032776.10,5078
NSE,TTL,INE592B01024,EQ,6.47,6.60,6.30,6.37,6.42,192564,1233779.03,327
NSE,TTML,INE517B01013,EQ,40.75,40.87,40.11,40.21,39.95,1280580,51687538.51,7046
NSE,TURTLEMINT,INE0OC301013,EQ,121.30,121.60,116.50,117.57,120.10,246639,29394924.81,4068
NSE,TVSELECT,INE236G01019,EQ,489.90,509.35,489.90,495.60,489.30,47235,23585719.75,2597
NSE,TVSHLTD,INE105A01035,EQ,14800.00,14950.00,14800.00,14836.00,14713.00,2983,44302965.00,1305
NSE,TVSMOTOR,INE494B01023,EQ,4336.50,4389.00,4281.90,4389.00,4313.10,1612965,6985415936.90,79715
NSE,TVSSCS,INE395N01027,EQ,136.50,139.18,136.11,136.90,135.11,296279,40819220.16,3881
NSE,TVSSRICHAK,INE421C01016,EQ,3910.00,4049.00,3900.00,3987.90,3931.10,5375,21324071.80,1182
NSE,TVTODAY,INE038F01029,EQ,113.69,118.20,113.69,115.76,113.69,46794,5467228.00,1019
NSE,TVVISION,INE871L01013,EQ,4.88,4.88,4.50,4.72,4.56,20790,96883.74,78
NSE,UBL,INE686F01025,EQ,1437.00,1464.00,1430.00,1438.40,1418.80,154717,223454019.40,9755
NSE,UCAL,INE139B01016,EQ,115.01,117.10,113.00,113.51,114.53,5323,609972.60,129
NSE,UCOBANK,INE691A01018,EQ,26.40,26.58,26.28,26.31,26.17,3408343,90042406.81,10111
NSE,UDS,INE851I01011,EQ,205.00,207.50,202.20,206.06,203.28,301334,62005790.14,7902
NSE,UEL,INE899L01030,EQ,172.50,184.47,163.15,184.47,153.73,211631,38217912.75,2481
NSE,UFBL,INE382M01027,EQ,708.95,708.95,677.00,700.45,701.65,101664,70376194.75,3309
NSE,UFLEX,INE516A01017,EQ,473.00,491.95,472.65,482.25,470.65,103064,49836459.75,4273
NSE,UFO,INE527H01019,EQ,65.00,69.39,65.00,68.86,65.15,76131,5157407.65,762
NSE,UGARSUGAR,INE071E01023,EQ,40.61,42.95,40.55,42.56,40.69,255780,10813920.10,2299
NSE,UGROCAP,INE583D01011,EQ,96.40,106.38,96.07,97.63,95.45,6281719,631332799.39,45137
NSE,UJJIVANSFB,INE551W01018,EQ,72.89,73.10,71.00,71.14,71.75,13435710,969924693.71,44012
NSE,ULTRACEMCO,INE481G01011,EQ,11940.00,12054.00,11905.00,12054.00,11903.00,159579,1915400252.00,20922
NSE,ULTRAMAR,INE405A01021,EQ,394.90,394.90,382.35,385.20,387.25,27753,10705480.25,1946
NSE,UMAEXPORTS,INE0GIU01018,BE,20.37,20.70,20.01,20.42,20.13,14282,292186.56,89
NSE,UMESLTD,INE240C01028,EQ,5.51,5.64,5.40,5.51,5.46,9408,51830.18,63
NSE,UMIYA-MRO,INE398B01018,EQ,89.10,89.90,87.15,88.15,88.81,12249,1079363.50,164
NSE,UNICHEMLAB,INE351A01035,EQ,514.00,518.65,502.25,505.25,513.40,65951,33468849.65,3765
NSE,UNIDT,INE961D01019,BE,225.20,233.90,215.35,231.63,222.98,14187,3236604.77,210
NSE,UNIECOM,INE00U401027,EQ,85.02,86.76,85.02,86.21,84.71,261395,22541914.89,2262
NSE,UNIENTER,INE037A01022,EQ,94.92,98.19,94.92,97.08,94.92,4101,398731.13,134
NSE,UNIINFO,INE481Z01011,BE,11.76,12.55,11.40,12.15,12.00,1076,12549.71,23
NSE,UNIMECH,INE0U3I01011,EQ,1265.90,1304.90,1235.90,1259.80,1235.90,152774,195385903.40,12315
NSE,UNIONBANK,INE692A01016,EQ,171.40,175.74,171.40,174.00,171.24,8353185,1455903760.57,42709
NSE,UNIPARTS,INE244O01017,EQ,732.00,745.00,726.10,737.45,728.00,134584,99140568.55,7082
NSE,UNITDSPR,INE854D01024,EQ,1515.00,1530.00,1512.70,1530.00,1515.90,410981,625505566.60,30170
NSE,UNITECH,INE694A01020,EQ,4.38,4.39,4.23,4.26,4.28,3574683,15365022.35,2720
NSE,UNITEDPOLY,INE368U01029,BE,31.00,31.00,29.61,29.73,30.69,8301,251274.09,124
NSE,UNITEDTEA,INE458F01011,EQ,480.95,481.00,465.30,472.80,480.95,1194,564723.95,104
NSE,UNIVAFOODS,INE275F01019,BE,8.57,8.99,8.57,8.60,8.99,12150,106493.20,25
NSE,UNIVASTU,INE562X01013,BE,137.50,141.00,132.11,139.97,136.68,269324,37119730.41,988
NSE,UNIVCABLES,INE279A01012,EQ,1368.90,1435.00,1362.10,1431.80,1358.40,252927,355484011.90,14261
NSE,UNIVPHOTO,INE03V001013,BE,484.00,488.50,476.00,480.40,475.00,1284,619640.05,60
NSE,UNOMINDA,INE405E01023,EQ,1195.00,1219.60,1185.00,1210.00,1180.50,818368,988267259.20,39246
NSE,UPL,INE628A01036,EQ,606.45,622.60,598.00,620.00,604.30,2234338,1382016064.70,34705
NSE,URAVIDEF,INE568Z01015,BE,110.90,116.46,110.90,113.85,113.00,1677,189977.11,51
NSE,URBANCO,INE0CAZ01013,EQ,136.33,152.21,136.30,146.19,129.39,92834272,13675257140.71,437214
NSE,URJA,INE550C01020,EQ,9.18,10.37,9.15,10.06,9.09,5881622,58473306.56,11468
NSE,USHAMART,INE228A01035,EQ,503.00,513.00,500.00,504.05,495.95,557146,283287167.40,16664
NSE,USK,INE0N0Y01013,EQ,22.10,22.89,21.75,22.43,22.25,16660,373348.40,148
NSE,UTIAMC,INE094J01016,EQ,911.55,917.85,904.50,915.75,903.10,290426,264367996.85,11095
NSE,UTKARSHBNK,INE735W01017,EQ,15.00,15.14,14.30,14.56,14.62,14520349,212498663.08,29183
NSE,UTLSOLAR,INE12UR01024,EQ,387.00,394.00,385.20,389.30,380.50,341058,132996494.70,21055
NSE,UTTAMSUGAR,INE786F01031,EQ,223.40,243.00,223.00,240.45,222.33,459755,109430291.74,10757
NSE,UYFINCORP,INE152C01025,EQ,19.80,19.94,19.53,19.76,19.95,245080,4843923.27,1319
NSE,V2RETAIL,INE945H01021,EQ,218.50,223.36,216.00,218.64,219.33,976692,214093577.35,16319
NSE,VADILALIND,INE694D01016,EQ,7214.50,7478.50,7211.00,7356.50,7214.50,24838,183102218.00,7167
NSE,VAIBHAVGBL,INE884A01027,EQ,267.00,272.90,264.00,265.70,266.36,388078,104040156.15,7594
NSE,VAISHALI,INE972X01022,EQ,7.70,7.70,7.35,7.64,7.35,114111,865609.10,173
NSE,VAKRANGEE,INE051B01021,EQ,5.97,6.05,5.95,5.99,5.97,706924,4246131.06,1552
NSE,VALIANTLAB,INE0JWS01017,BE,60.74,62.30,59.50,61.74,60.74,41581,2512624.27,164
NSE,VALIANTORG,INE565V01010,BE,266.00,280.00,265.00,280.00,266.70,33456,9256395.35,297
NSE,VAML,INE1CDF01017,EQ,457.00,461.90,451.10,459.95,454.20,8502145,3895734361.00,101247
NSE,VARDHACRLC,INE116G01013,BE,45.30,45.93,44.91,45.11,44.91,37804,1717797.94,228
NSE,VARDMNPOLY,INE835A01029,EQ,6.09,6.16,6.06,6.12,5.97,169091,1035819.27,297
NSE,VARROC,INE665L01035,EQ,687.65,706.95,681.25,686.90,679.20,365591,253805441.45,19886
NSE,VASCONEQ,INE893I01013,BE,32.11,33.54,31.85,33.26,31.95,355374,11694417.11,867
NSE,VASWANI,INE590L01019,EQ,52.01,52.98,51.62,51.81,51.58,14751,769441.19,182
NSE,VBL,INE200M01039,EQ,444.00,450.00,442.60,445.00,442.30,6028529,2691637877.65,56721
NSE,VCL,INE098201036,EQ,1.11,1.12,1.09,1.12,1.07,66491,74322.70,72
NSE,VEDL,INE205A01025,EQ,267.90,268.80,264.50,267.25,264.25,6725800,1792474157.40,68130
NSE,VEDPOWER,INE694L01019,EQ,34.90,35.64,34.45,35.20,34.52,18829447,660376428.35,45201
NSE,VEEDOL,INE484C01030,EQ,1406.90,1420.90,1403.00,1412.20,1399.50,9104,12848619.70,1051
NSE,VELJAN,INE232E01013,BE,1794.00,1794.00,1669.50,1694.30,1757.30,2623,4426972.00,174
NSE,VENKEYS,INE398A01010,EQ,1508.60,1578.00,1508.60,1565.00,1499.40,81484,126058725.30,5777
NSE,VENTIVE,INE781S01027,EQ,634.00,634.00,616.00,622.25,624.60,18953,11825515.10,1456
NSE,VENUSPIPES,INE0JA001018,EQ,1700.00,1700.00,1540.10,1564.30,1666.10,321514,506370483.00,25197
NSE,VENUSREM,INE411B01019,BE,1567.10,1600.00,1520.00,1584.10,1581.60,21239,33459075.40,1392
NSE,VERANDA,INE0IQ001011,EQ,261.00,265.50,248.00,254.45,259.09,1362459,346388990.75,21665
NSE,VERTOZ,INE188Y01031,BE,35.87,36.40,35.30,35.61,35.54,57895,2074329.35,260
NSE,VESUVIUS,INE386A01023,EQ,444.30,459.00,444.30,451.40,443.75,62578,28390880.80,3812
NSE,VETO,INE918N01018,BE,121.38,124.00,120.60,123.17,121.38,7499,919406.72,126
NSE,VGL,INE273D01027,EQ,62.20,62.90,60.60,61.70,62.20,16310,1011714.85,591
NSE,VGUARD,INE951I01027,EQ,315.00,318.60,311.80,314.70,314.50,1522820,479623321.60,39587
NSE,VHL,INE701A01023,EQ,3398.00,3550.30,3398.00,3425.20,3398.00,1443,5025176.80,267
NSE,VHLTD,INE048C01025,BE,136.00,136.00,128.55,133.00,134.13,5283,694410.27,77
NSE,VIDHIING,INE632C01026,EQ,335.00,349.90,330.55,340.90,329.10,97996,33373468.35,4898
NSE,VIDYAWIRES,INE14UN01029,EQ,92.40,93.50,92.06,93.23,91.64,524651,48740819.09,4059
NSE,VIJAYA,INE043W01024,EQ,1342.00,1369.70,1334.60,1354.00,1344.40,110427,149709614.10,12077
NSE,VIJIFIN,INE159N01027,BE,10.41,10.41,10.41,10.41,10.21,75577,786756.57,54
NSE,VIKASECO,INE806A01020,EQ,1.09,1.14,1.09,1.11,1.09,2204741,2462699.23,1186
NSE,VIKASLIFE,INE161L01027,EQ,1.28,1.31,1.28,1.28,1.28,2566730,3314696.67,7760
NSE,VIKRAMSOLR,INE078V01014,EQ,180.00,181.80,177.30,177.80,177.65,1360118,244215537.88,15345
NSE,VIKRAN,INE01R501028,EQ,72.70,73.84,72.10,72.54,72.19,1164030,85004412.60,5361
NSE,VIMTALABS,INE579C01029,EQ,605.05,625.00,605.05,620.15,608.85,200457,123506201.55,8068
NSE,VINATIORGA,INE410B01037,EQ,1304.90,1340.00,1304.90,1323.10,1304.60,46628,61792850.50,5102
NSE,VINCOFE,INE498Q01014,EQ,151.89,156.00,151.05,152.39,149.48,2097019,322803730.31,16602
NSE,VINDHYATEL,INE707A01012,EQ,2185.90,2383.00,2073.60,2383.00,1985.90,605417,1368915020.30,48758
NSE,VINEETLAB,INE505Y01010,BE,40.00,40.00,38.16,38.35,39.63,57576,2237903.82,96
NSE,VINNY,INE01KI01027,EQ,1.05,1.07,1.05,1.05,1.05,192610,203223.34,154
NSE,VINYLINDIA,INE250B01029,EQ,241.80,247.00,241.80,246.25,241.80,12773,3132280.09,349
NSE,VIPCLOTHNG,INE450G01024,BE,21.45,21.94,21.35,21.50,21.33,35072,758864.02,104
NSE,VIPIND,INE054A01027,EQ,301.95,315.30,299.10,310.40,298.95,431915,133388706.05,9612
NSE,VIPULLTD,INE946H01037,BE,11.81,11.81,11.45,11.45,12.05,188669,2171786.70,412
NSE,VIRINCHI,INE539B01017,EQ,15.64,15.64,15.12,15.32,15.20,69383,1061304.41,402
NSE,VISACHROME,INE286H01012,BE,38.85,38.85,37.85,37.85,37.75,16378,622048.75,38
NSE,VISAKAIND,INE392A01021,EQ,86.75,88.66,86.00,86.99,85.34,535341,46878972.80,4165
NSE,VISHNU,INE270I01022,EQ,602.50,622.10,593.00,599.70,613.25,280125,169309461.20,11539
NSE,VISHWARAJ,INE430N01022,EQ,5.17,5.38,5.12,5.24,5.12,416008,2173923.79,653
NSE,VISL,INE1CLE01013,EQ,32.80,33.89,31.88,33.89,32.28,46832885,1542218432.62,54002
NSE,VITAL,INE0L4K01016,BE,48.42,48.42,47.48,48.42,47.48,110,5232.20,3
NSE,VIVIANA,INE0MEG01014,BE,722.10,734.90,701.10,717.90,718.55,15056,10830971.45,340
NSE,VIVIDHA,INE370E01029,EQ,0.55,0.55,0.51,0.52,0.52,449682,239735.94,221
NSE,VIVIMEDLAB,INE526G01021,BE,5.18,5.33,4.97,4.98,5.08,248176,1269194.47,217
NSE,VIYASH,INE807F01027,EQ,256.05,266.15,252.80,263.70,252.00,2970032,777114764.50,34630
NSE,VLEGOV,INE03HW01020,BE,10.40,10.40,10.35,10.35,10.40,31765,329172.70,146
NSE,VLSFINANCE,INE709A01018,EQ,255.05,256.80,253.60,254.65,254.60,15584,3980530.50,304
NSE,VMART,INE665J01013,EQ,782.90,786.00,765.80,777.95,779.10,104165,80873882.50,7526
NSE,VMM,INE01EA01019,EQ,107.65,111.39,107.11,111.20,107.10,12521867,1381341997.70,45565
NSE,VMSTMT,INE0SJA01013,BE,45.00,45.32,43.95,44.38,44.66,28351,1255914.23,202
NSE,VOEPL,INE0I0T01010,EQ,488.40,505.00,472.05,498.45,478.60,90890,44701315.40,3293
NSE,VOGL,INE704J01044,EQ,35.90,35.96,35.10,35.24,35.54,25163239,893260071.62,47806
NSE,VOLTAMP,INE540H01012,EQ,10215.00,10425.00,9886.00,10021.00,9923.00,132224,1348820594.00,31827
NSE,VOLTAS,INE226A01021,EQ,1328.90,1343.60,1315.00,1324.80,1328.90,259054,344830533.30,16495
NSE,VPRPL,INE0AE001013,BE,27.03,28.20,27.00,28.05,27.03,179634,4978947.11,867
NSE,VRAJ,INE0S2V01010,EQ,122.25,125.25,122.25,122.94,122.55,29729,3662580.62,713
NSE,VRLLOG,INE366I01010,EQ,265.65,273.30,260.75,272.10,265.65,842000,225579566.40,12441
NSE,VSSL,INE050M01012,EQ,312.20,312.20,303.00,304.00,304.75,76665,23508105.70,2256
NSE,VSTIND,INE710A01016,EQ,221.50,223.56,217.00,219.29,221.50,522416,114875833.57,9646
NSE,VSTL,INE0QTF01015,EQ,110.90,112.33,109.00,109.81,110.87,13699,1507788.24,287
NSE,VSTTILLERS,INE764D01017,EQ,4464.00,4522.00,4442.40,4472.80,4455.90,9030,40479647.80,2239
NSE,VTL,INE825A01020,EQ,585.80,592.00,576.00,588.35,585.80,480679,280150989.30,19708
NSE,WAAREEENER,INE377N01017,EQ,2705.00,2719.00,2670.20,2676.00,2680.20,671684,1807426501.60,37056
NSE,WAAREEINDO,INE866K01023,EQ,310.00,322.00,305.60,322.00,306.70,97025,30632008.65,3074
NSE,WAAREERTL,INE299N01021,EQ,913.20,925.00,913.20,919.65,913.20,105874,97402264.40,5853
NSE,WABAG,INE956G01038,EQ,1987.30,2027.00,1971.00,2012.00,1977.20,760477,1516776756.20,38957
NSE,WAKEFIT,INE0E7301029,EQ,126.20,132.00,125.00,130.05,125.14,1247319,161061355.48,9580
NSE,WALCHANNAG,INE711A01022,EQ,234.58,239.50,227.41,229.33,232.00,564388,132086809.05,8047
NSE,WANBURY,INE107F01022,EQ,294.00,300.95,283.00,286.20,293.55,225207,65787602.80,6402
NSE,WCIL,INE0CJF01024,EQ,90.89,92.11,89.81,90.48,90.03,49280,4487213.32,1192
NSE,WEALTH,INE658T01017,EQ,929.95,945.60,929.95,939.25,929.95,1110,1041744.00,138
NSE,WEBELSOLAR,INE855C01023,EQ,98.07,98.70,97.36,97.58,96.69,1309761,128482513.54,7055
NSE,WEIZMANIND,INE080A01014,EQ,77.50,78.98,77.12,77.91,77.48,3079,238875.11,53
NSE,WEL,INE02WG01024,EQ,122.90,128.50,120.11,123.02,119.55,791935,98891488.69,6533
NSE,WELCORP,INE191B01025,EQ,1672.00,1721.90,1659.20,1715.30,1650.60,698272,1186943059.30,30970
NSE,WELENT,INE625G01013,EQ,599.90,609.70,590.00,606.75,592.30,125389,75274295.80,4922
NSE,WELINV,INE389K01018,BE,1879.90,1879.90,1869.90,1869.90,1879.90,14,26188.60,3
NSE,WELSPLSOL,INE731F01037,EQ,51.07,51.89,49.70,50.73,51.07,394589,19887231.57,1952
NSE,WELSPUNLIV,INE192B01031,EQ,156.00,159.37,152.98,154.63,155.94,1531380,239561656.23,19873
NSE,WENDT,INE274C01019,EQ,8260.00,8314.50,8172.50,8206.00,8207.50,4828,39718227.00,1087
NSE,WESTLIFE,INE274F01020,EQ,510.00,534.65,505.05,531.20,507.10,168396,88198012.95,9356
NSE,WEWIN,INE082W01014,BE,46.00,46.00,45.50,45.59,44.90,205,9386.21,9
NSE,WEWORK,INE085001019,EQ,750.00,754.00,726.60,744.60,743.50,163517,121416670.10,10651
NSE,WHEELS,INE715A01015,EQ,1410.10,1464.80,1410.10,1415.70,1409.60,74118,106360616.30,6635
NSE,WHIRLPOOL,INE716A01013,EQ,807.00,829.50,806.25,824.45,802.90,291357,239199486.00,14599
NSE,WILLAMAGOR,INE210A01017,EQ,27.00,27.00,25.11,26.57,25.21,2370,62795.33,29
NSE,WINDLAS,INE0H5O01029,EQ,856.60,870.00,856.60,867.80,857.70,11626,10063403.65,1181
NSE,WINDMACHIN,INE052A01021,EQ,288.00,289.90,275.00,281.05,283.10,65736,18648127.40,2103
NSE,WIPL,INE215F01023,EQ,169.22,170.00,165.01,168.00,169.22,1366,229386.60,23
NSE,WIPRO,INE075A01022,EQ,184.02,189.81,184.02,188.66,183.65,15840516,2955709890.07,89377
NSE,WOCKPHARMA,INE049B01025,EQ,1967.00,2035.00,1941.00,2028.40,1959.70,1182004,2362370148.90,58478
NSE,WONDERLA,INE066O01014,EQ,480.00,488.90,480.00,485.20,477.70,47508,23017143.50,2866
NSE,WORTHPERI,INE196Y01018,EQ,148.00,148.00,145.01,145.93,145.77,7412,1084368.32,82
NSE,WPIL,INE765D01022,EQ,467.00,467.00,452.35,455.95,464.30,23460,10787407.10,2187
NSE,WSI,INE100D01014,EQ,60.69,61.34,60.21,60.51,60.90,23812,1446289.09,264
NSE,WSTCSTPAPR,INE976A01021,EQ,570.00,579.90,563.10,569.00,569.50,110065,62901925.40,7676
NSE,XCHANGING,INE692G01013,EQ,66.12,69.49,66.12,67.65,66.12,320112,21790125.98,2540
NSE,XELPMOC,INE01P501012,EQ,82.00,84.80,79.11,83.40,81.25,12434,1030317.37,280
NSE,XPROINDIA,INE445C01015,EQ,1400.00,1401.40,1278.50,1302.80,1500.40,349840,464090404.60,24438
NSE,XTGLOBAL,INE547B01028,EQ,34.00,35.00,32.40,33.38,33.95,115546,3900842.14,1914
NSE,XTRANET,INE0NG701011,BE,125.26,125.89,122.85,124.01,126.53,295731,36858019.42,2664
NSE,YASHO,INE616Z01012,EQ,4120.00,4223.30,3701.10,3884.80,3858.70,438114,1749925052.20,61781
NSE,YATHARTH,INE0JO301016,EQ,824.00,843.85,824.00,833.95,818.45,199791,167223241.00,8487
NSE,YATRA,INE0JR601024,EQ,108.99,109.58,106.68,107.63,106.48,494101,53422004.17,5978
NSE,YESBANK,INE528G01035,EQ,22.80,23.00,22.75,23.00,22.77,35072952,802110673.51,58792
NSE,YUKEN,INE384C01016,EQ,724.00,736.35,710.30,718.60,718.90,10575,7608470.35,373
NSE,ZAGGLE,INE07K301024,EQ,206.01,208.31,203.10,205.85,204.60,537714,110657148.02,9375
NSE,ZEEL,INE256A01028,EQ,103.00,106.70,95.55,98.14,114.55,107649848,10920888070.34,307206
NSE,ZEELEARN,INE565L01011,BE,8.09,8.50,8.00,8.14,8.13,570007,4683848.15,700
NSE,ZEEMEDIA,INE966H01019,EQ,7.75,7.75,7.05,7.19,7.50,3278479,24105680.91,3683
NSE,ZENITHEXPO,INE058B01018,EQ,198.89,200.90,198.89,198.89,200.90,253,50777.56,32
NSE,ZENITHSTL,INE318D01020,EQ,5.55,5.85,5.50,5.63,5.54,70459,396181.34,205
NSE,ZENSARTECH,INE520A01027,EQ,510.15,521.00,500.60,518.00,507.95,2261287,1158604303.95,34075
NSE,ZENTEC,INE251B01027,EQ,1635.00,1673.50,1624.00,1656.40,1624.20,298507,494123712.30,18370
NSE,ZFCVINDIA,INE342J01019,EQ,2418.00,2468.50,2400.00,2447.80,2417.90,105608,257589406.50,13742
NSE,ZFSTEERING,INE116C01012,EQ,670.35,682.00,664.00,679.00,663.95,2315,1565057.70,123
NSE,ZIMLAB,INE518E01015,BE,116.99,118.00,110.00,111.23,112.99,109300,12396269.39,322
NSE,ZODIAC,INE761Y01019,EQ,270.05,271.00,253.25,256.30,251.65,32586,8429021.50,1990
NSE,ZODIACLOTH,INE206B01013,EQ,76.61,78.49,75.20,76.65,76.39,4203,322008.22,92
NSE,ZOTA,INE358U01012,EQ,1290.00,1297.20,1260.50,1265.70,1279.30,42565,54197486.60,4197
NSE,ZSARACOM,INE967G01019,EQ,12199.00,12481.00,12100.00,12179.00,12200.50,14,171757.00,10
NSE,ZUARI,INE840M01016,EQ,234.55,240.98,232.96,233.27,234.54,107463,25241413.61,3113
NSE,ZUARIIND,INE217A01012,EQ,263.00,264.85,258.65,259.35,258.80,11327,2958521.65,391
NSE,ZYDUSLIFE,INE010B01027,EQ,1135.00,1135.90,1108.10,1121.00,1126.80,1420266,1589405563.20,34923
NSE,ZYDUSWELL,INE768C01028,EQ,570.00,578.45,557.00,559.85,577.55,540492,306625868.05,33412
