exchange,symbol,isin,series,open,high,low,close,prev_close,volume,value,trades
NSE,20MICRONS,INE144J01027,EQ,206.00,212.24,202.01,204.61,207.26,80913,16697744.97,2881
NSE,21STCENMGM,INE253B01015,EQ,38.49,38.50,37.24,37.61,38.00,5247,199218.02,39
NSE,360ONE,INE466L01038,EQ,1033.60,1059.60,1033.30,1050.00,1040.00,564932,592811216.30,67190
NSE,3BBLACKBIO,INE994E01018,EQ,1646.90,1734.00,1609.60,1624.70,1646.80,14040,23495326.20,2297
NSE,3IINFOLTD,INE748C01038,BE,22.40,22.90,22.16,22.62,22.45,297520,6668862.30,582
NSE,3MINDIA,INE470A01017,EQ,30825.00,31170.00,30220.00,30400.00,30795.00,2411,73784595.00,1555
NSE,3PLAND,INE105C01023,EQ,30.51,31.72,30.11,30.48,31.12,2359,72100.43,83
NSE,5PAISA,INE618L01018,EQ,321.85,379.60,320.90,360.90,316.35,2189848,794730257.65,59297
NSE,63MOONS,INE111B01023,EQ,805.35,821.00,785.00,789.75,802.25,141052,112926152.30,7429
NSE,A2ZINFRA,INE619I01012,EQ,14.40,14.88,13.67,13.76,14.38,295238,4183800.89,1945
NSE,AAATECH,INE0D0U01013,EQ,96.00,103.80,93.20,95.44,92.74,196936,19593087.94,4169
NSE,AADHARHFC,INE883F01010,EQ,450.95,455.70,449.05,453.70,448.40,255416,115369433.45,16741
NSE,AAKASH,INE087Z01024,EQ,8.40,8.80,8.25,8.44,8.34,73690,627851.47,404
NSE,AAREYDRUGS,INE198H01019,EQ,104.02,106.51,100.50,104.07,103.85,234591,24277050.82,2070
NSE,AARNAV,INE750R01016,BE,35.50,37.00,34.50,36.49,35.50,36944,1341339.58,80
NSE,AARON,INE721Z01010,EQ,122.50,125.00,120.85,122.25,123.11,4568,559184.88,203
NSE,AARTECH,INE01C001026,BE,48.13,48.13,47.10,47.30,47.92,30889,1466791.28,183
NSE,AARTIDRUGS,INE767A01016,EQ,424.90,425.35,413.60,415.00,421.00,123549,51720552.25,4911
NSE,AARTIIND,INE769A01020,EQ,469.00,475.80,459.55,470.85,465.10,561260,261962970.85,24069
NSE,AARTIPHARM,INE0LRU01027,EQ,981.00,991.80,940.55,946.60,968.50,629798,602941084.85,38027
NSE,AARTISURF,INE09EO01013,BE,499.95,505.00,492.00,493.00,498.50,4398,2182871.20,180
NSE,AARVI,INE754X01016,EQ,136.51,138.00,133.52,135.18,137.12,8409,1136467.70,177
NSE,AASTHA,INE2FMX01012,EQ,31.70,32.53,30.83,30.83,32.45,563310,17516265.36,3037
NSE,AAVAS,INE216P01012,EQ,1195.50,1234.70,1192.60,1219.50,1190.90,229879,282491299.40,11565
NSE,ABAN,INE421A01028,BE,16.12,16.12,16.12,16.12,15.36,18844,303765.28,86
NSE,ABANSENT,INE365O01028,EQ,27.78,28.28,26.60,27.11,27.60,3718,102312.88,118
NSE,ABB,INE117A01022,EQ,6950.00,6981.00,6846.50,6895.00,6900.00,157334,1086841049.50,28656
NSE,ABBOTINDIA,INE358A01014,EQ,26705.00,26840.00,26030.00,26240.00,26840.00,5773,151795795.00,3386
NSE,ABCAPITAL,INE674K01013,EQ,375.95,381.30,373.85,377.40,375.05,1609846,606408751.55,29888
NSE,ABCOTS,INE08PH01015,EQ,198.00,198.00,192.14,195.98,189.91,2569,504119.31,121
NSE,ABDL,INE552Z01027,EQ,682.00,701.00,680.25,696.75,679.45,337569,232710262.20,18879
NSE,ABFRL,INE647O01011,EQ,44.60,45.37,44.25,44.34,44.53,3728699,166610456.57,16542
NSE,ABINFRA,INE00YB01025,BE,12.56,12.75,12.25,12.35,12.56,68896,852461.34,204
NSE,ABLBL,INE14LE01019,EQ,75.50,75.50,72.20,73.37,74.44,1522029,112197210.77,18004
NSE,ABMINTLLTD,INE251C01025,BE,44.07,45.00,44.07,45.00,45.20,278,12487.16,15
NSE,ABMKNO,INE850B01026,EQ,176.00,176.00,165.20,165.85,168.07,461,77262.04,32
NSE,ABREL,INE055A01016,EQ,1110.40,1131.10,1079.00,1082.60,1100.50,310042,339197019.10,25433
NSE,ABSLAMC,INE404A01024,EQ,985.00,1043.60,971.10,1028.55,991.70,300672,307259781.90,32218
NSE,ACC,INE012A01025,EQ,1189.00,1199.40,1174.60,1184.40,1182.80,85873,101806142.90,10484
NSE,ACCELYA,INE793A01012,EQ,1110.00,1130.00,1096.40,1105.30,1094.20,45159,50255093.80,3618
NSE,ACCURACY,INE648Z01023,EQ,4.19,4.23,4.06,4.15,4.13,106900,447002.77,254
NSE,ACE,INE731H01025,EQ,1210.00,1243.40,1203.00,1227.50,1212.30,287382,353086478.50,29702
NSE,ACEINTEG,INE543V01017,EQ,17.14,17.14,16.20,16.53,17.14,1669,27370.80,74
NSE,ACEVECTOR,INE580P01029,EQ,28.32,28.75,23.37,26.08,32.00,114297844,2987565901.31,152137
NSE,ACGL,INE451C01013,EQ,1674.40,1689.60,1636.60,1683.00,1622.70,1051,1749937.00,176
NSE,ACI,INE128X01021,EQ,479.00,481.20,460.50,463.20,475.05,659603,311811344.40,22203
NSE,ACL,INE666E01020,EQ,39.85,39.99,39.01,39.80,39.33,11611,461732.72,217
NSE,ACMESOLAR,INE622W01025,EQ,434.75,440.00,423.50,427.65,432.55,809545,348620933.80,37603
NSE,ACSTECH,INE366C01021,BE,77.60,77.60,76.30,76.30,77.85,266469,20523220.30,314
NSE,ACUTAAS,INE00FF01025,EQ,3204.10,3228.10,3100.20,3122.20,3196.50,274682,862510433.70,45529
NSE,ADANIENSOL,INE931S01010,EQ,1336.10,1377.80,1336.10,1353.40,1326.40,2095376,2833548362.10,52835
NSE,ADANIENT,INE423A01024,EQ,2843.90,2890.90,2823.00,2864.00,2816.80,1782260,5080720841.50,59017
NSE,ADANIGREEN,INE364U01010,EQ,1287.40,1303.50,1266.60,1284.00,1276.10,1014292,1300993486.10,31039
NSE,ADANIPORTS,INE742F01042,EQ,1769.90,1779.00,1737.80,1774.00,1737.80,2792824,4911566462.80,60101
NSE,ADANIPOWER,INE814H01029,EQ,197.17,201.68,197.10,201.00,196.21,19752263,3937677428.19,131298
NSE,ADDIND,INE757C01021,EQ,76.40,81.95,70.00,79.49,76.40,901,66636.26,34
NSE,ADFFOODS,INE982B01027,EQ,281.35,285.00,276.70,282.15,281.40,145718,40966450.75,5097
NSE,ADL,INE0CHO01012,EQ,77.00,80.00,72.50,75.90,72.52,2780,210837.10,68
NSE,ADOR,INE045A01017,EQ,1570.40,1588.30,1500.00,1512.00,1570.40,59027,90141194.50,7423
NSE,ADROITIND,INE505M01015,BE,224.19,224.19,224.19,224.19,235.98,55903,12532893.57,1045
NSE,ADROITINFO,INE737B01033,BE,13.25,13.25,13.25,13.25,13.94,95710,1268157.50,92
NSE,ADSL,INE102I01027,EQ,108.89,109.48,103.11,105.51,106.38,165539,17496684.66,3268
NSE,ADVAIT,INE0ALI01010,EQ,1869.10,1903.90,1821.60,1832.10,1863.00,31536,58692856.00,5509
NSE,ADVANCE,INE1B0W01010,EQ,118.50,118.50,114.39,115.85,116.75,69861,8124585.63,1113
NSE,ADVANIHOTR,INE199C01026,EQ,47.00,47.73,47.00,47.26,46.98,14687,692641.19,361
NSE,ADVENTHTL,INE28GN01010,EQ,125.20,126.72,121.25,123.12,123.77,118617,14646519.94,2131
NSE,ADVENZYMES,INE837H01020,EQ,274.45,276.25,270.45,272.40,274.25,145809,39851482.65,4971
NSE,ADVIKCA,INE178T01024,EQ,1.00,1.04,0.98,0.99,1.00,157535,156398.37,231
NSE,AEGISLOG,INE208C01025,EQ,1400.20,1410.00,1355.00,1359.50,1401.10,873548,1207990277.10,61050
NSE,AEGISVOPAK,INE0INX01018,EQ,298.00,299.35,286.45,297.55,290.75,781630,230144851.55,20299
NSE,AEPL,INE757T01025,EQ,15.95,15.95,14.87,15.01,15.34,9208,140927.31,158
NSE,AEQUS,INE947N01017,EQ,279.25,287.70,274.10,284.50,275.05,3706824,1038144097.65,59949
NSE,AEROENTER,INE065D01027,EQ,122.54,130.00,122.54,126.69,121.93,761790,96901198.26,9529
NSE,AEROFLEX,INE024001021,EQ,524.00,551.40,524.00,544.35,521.35,2372211,1282517494.40,61108
NSE,AERONEU,INE035801013,EQ,70.03,70.99,69.11,69.70,70.56,29604,2067697.75,442
NSE,AEROPLANE,INE05TO01019,EQ,207.90,216.90,207.46,211.24,208.14,2097713,444789785.00,19182
NSE,AETHER,INE0BWX01014,EQ,1670.00,1685.00,1639.10,1661.00,1670.00,196127,325597465.10,24077
NSE,AFCONS,INE101I01011,EQ,244.04,246.79,239.00,241.50,242.39,481694,116128847.25,10393
NSE,AFFLE,INE00WC01027,EQ,1460.40,1475.40,1439.40,1443.80,1449.60,155743,226395009.40,22946
NSE,AFFORDABLE,INE692Z01013,EQ,163.50,172.40,160.00,163.65,168.11,18790,3127915.96,596
NSE,AFIL,INE916Y01027,EQ,7.80,7.95,7.75,7.77,7.86,669504,5214964.73,449
NSE,AFSL,INE00ZE01026,EQ,201.00,201.95,201.00,201.00,201.00,6118,1229995.70,49
NSE,AGARIND,INE204E01012,EQ,384.35,391.60,379.00,382.95,386.00,24340,9319286.05,1671
NSE,AGARWALEYE,INE943P01029,EQ,490.20,492.00,475.30,484.25,486.45,292496,141030299.70,15583
NSE,AGASTYAEN,INE753W01010,BE,69.49,69.49,68.16,68.16,69.55,68044,4681574.38,175
NSE,AGI,INE415A01038,EQ,800.90,803.65,776.55,781.70,790.80,62423,49009191.05,6596
NSE,AGIIL,INE976R01033,EQ,263.80,263.80,258.00,261.25,260.00,212796,55515789.95,4363
NSE,AGL,INE1YPB01014,EQ,12.59,12.85,12.41,12.50,12.59,1299528,16403978.55,2576
NSE,AGRITECH,INE449G01018,EQ,93.90,93.90,86.10,88.47,89.96,3243,290890.75,178
NSE,AGROPHOS,INE740V01019,EQ,23.99,23.99,22.00,22.31,23.00,26169,588860.58,213
NSE,AHCL,INE0Y8W01025,EQ,31.22,31.22,31.22,31.22,32.86,996049,31096649.78,3473
NSE,AHLADA,INE00PV01013,EQ,37.06,39.00,37.05,37.91,37.06,12512,468880.92,91
NSE,AHLEAST,INE926K01017,EQ,134.05,136.90,134.00,135.31,136.00,1013,137989.39,40
NSE,AHLUCONT,INE758C01029,EQ,560.00,579.00,550.70,569.80,555.90,135950,77396168.40,7352
NSE,AHLWEST,INE915K01010,BE,510.05,545.00,510.05,545.00,535.05,730,394052.50,25
NSE,AIAENG,INE212H01026,EQ,3827.00,3894.90,3802.50,3863.20,3824.40,27893,107519075.30,12564
NSE,AIIL,INE206F01022,EQ,540.60,553.90,539.00,551.60,539.30,146383,80169112.85,8087
NSE,AIRAN,INE645W01026,EQ,15.30,15.88,15.28,15.43,15.60,44277,687006.42,379
NSE,AIROLAM,INE801L01010,EQ,93.90,93.90,87.21,89.54,89.58,2158,191779.18,60
NSE,AJANTPHARM,INE031B01049,EQ,3581.40,3588.60,3459.00,3486.00,3581.00,104722,367174760.20,22710
NSE,AJAXENGG,INE274Y01021,EQ,582.05,600.50,582.05,594.25,586.40,104544,62019279.20,7501
NSE,AJMERA,INE298G01035,EQ,119.60,120.69,113.63,116.70,119.60,559485,64876812.30,5879
NSE,AJOONI,INE820Y01021,EQ,3.10,3.12,3.00,3.02,3.10,277384,850077.52,531
NSE,AKASH,INE737W01013,EQ,25.69,25.69,24.50,24.64,24.95,1766,43737.37,27
NSE,AKCAPIT,INE701G01012,EQ,1700.00,1748.60,1700.00,1746.70,1714.10,598,1037919.20,52
NSE,AKG,INE00Y801016,EQ,9.71,9.71,9.32,9.35,9.71,66518,627157.20,162
NSE,AKI,INE642Z01026,BE,6.37,6.37,5.91,6.01,6.16,69890,421141.08,214
NSE,AKSHAR,INE256Z01025,EQ,0.42,0.43,0.41,0.42,0.41,1171427,488816.97,270
NSE,AKSHARCHEM,INE542B01011,BE,379.00,380.00,360.50,365.30,379.10,6461,2407792.15,118
NSE,AKSHOPTFBR,INE523B01011,BE,7.07,7.14,6.99,7.02,7.07,191950,1351406.77,309
NSE,AKUMS,INE09XN01023,EQ,819.00,825.00,796.35,801.35,813.10,117017,94453573.80,9967
NSE,ALANKIT,INE914E01040,EQ,7.67,7.85,7.50,7.61,7.65,96028,736031.63,532
NSE,ALBERTDAVD,INE155C01010,EQ,856.00,868.40,831.60,836.45,856.70,2685,2270710.45,431
NSE,ALEMBICLTD,INE426A01027,EQ,105.90,106.00,103.38,104.44,104.11,540160,56489455.19,6733
NSE,ALFREDHE,INE782D01027,EQ,2820.00,2820.00,2748.00,2748.00,2823.00,22,60900.50,11
NSE,ALGOQUANT,INE598D01035,EQ,67.07,69.77,67.05,68.25,67.51,1133101,77656406.88,5818
NSE,ALICON,INE062D01024,EQ,889.80,889.90,832.05,848.95,871.95,99365,85418154.70,8522
NSE,ALIVUS,INE03Q201024,EQ,1376.00,1398.00,1349.20,1373.70,1374.20,97234,133164870.60,18167
NSE,ALKALI,INE773I01017,BE,85.00,89.00,85.00,87.29,87.10,7911,687554.93,106
NSE,ALKEM,INE540L01014,EQ,5210.00,5235.00,5136.00,5192.50,5220.00,102619,529951718.50,16919
NSE,ALKYLAMINE,INE150B01039,EQ,1741.40,1770.00,1715.00,1730.40,1741.40,35207,61104061.80,9541
NSE,ALLCARGO,INE418H01029,EQ,10.12,10.32,10.00,10.03,10.12,3374008,34109976.35,5552
NSE,ALLDIGI,INE835G01018,EQ,756.35,766.45,741.30,750.90,756.35,2786,2104374.40,495
NSE,ALLTIME,INE0GV601021,EQ,189.99,191.50,182.00,183.80,188.04,73063,13567705.20,2294
NSE,ALMONDZ,INE326B01035,BE,19.20,19.49,18.35,19.01,19.11,93445,1759473.31,185
NSE,ALOKINDS,INE270A01029,EQ,7.06,7.24,7.04,7.12,7.06,9915737,70779166.32,8661
NSE,ALPA,INE385I01010,EQ,59.25,60.25,58.25,59.00,59.26,5432,320374.08,116
NSE,ALPHAGEO,INE137C01018,BE,260.00,260.00,247.15,254.75,258.20,4073,1033619.75,134
NSE,ALPINETEX,INE1JCQ01037,EQ,46.61,48.00,45.52,45.82,46.63,92407,4281284.27,1776
NSE,ALUFLUOR,INE058F01019,EQ,643.95,643.95,612.90,616.80,633.80,14660,9085244.00,822
NSE,AMAGI,INE121R01077,EQ,551.35,577.00,551.35,569.70,554.05,449516,255958656.15,31829
NSE,AMAL,INE841D01013,EQ,710.00,715.00,692.10,699.50,702.40,4382,3084829.10,421
NSE,AMANTA,INE084K01015,BE,196.00,199.92,195.00,199.92,190.40,74113,14799206.35,266
NSE,AMARJOTHI,INE484D01012,EQ,151.00,151.50,146.50,146.50,150.00,510,75657.17,42
NSE,AMBALALSA,INE432A01017,BE,38.49,38.88,36.70,37.97,37.89,60118,2259017.85,236
NSE,AMBER,INE371P01015,EQ,6535.00,6652.50,6492.00,6585.00,6500.00,114789,753827215.00,22611
NSE,AMBICAAGAR,INE792B01012,EQ,23.55,24.98,23.55,23.83,23.89,5501,132141.39,121
NSE,AMBIKCO,INE540G01014,EQ,1537.00,1545.00,1523.20,1534.00,1505.80,5905,9055240.10,949
NSE,AMBUJACEM,INE079A01024,EQ,363.20,368.90,361.05,366.50,362.25,1848613,673554200.35,23261
NSE,AMDIND,INE005I01014,BE,52.50,53.40,51.11,51.31,52.09,11704,608524.68,181
NSE,AMJLAND,INE606A01024,EQ,37.75,38.50,36.75,37.14,37.02,9244,347273.28,127
NSE,AMNPLST,INE275D01022,EQ,169.75,169.75,157.85,160.29,165.43,4095,662992.85,220
NSE,AMRUTANJAN,INE098F01031,EQ,513.20,524.00,511.00,518.10,513.20,36616,18975021.90,1653
NSE,ANANDRATHI,INE463V01026,EQ,2117.50,2135.00,2101.20,2132.00,2117.50,404648,857573474.30,26216
NSE,ANANTRAJ,INE242C01024,EQ,580.00,592.85,575.00,587.40,577.85,1053429,616852682.70,34550
NSE,ANDHRAPAP,INE435A01051,EQ,71.36,73.55,69.55,69.94,71.36,849036,60272313.23,3516
NSE,ANDHRSUGAR,INE715B01021,EQ,92.58,94.16,91.00,91.95,91.06,300289,27706273.69,5000
NSE,ANDREWYU,INE449C01025,EQ,25.00,25.90,24.11,25.34,24.98,97343,2431054.70,699
NSE,ANGELONE,INE732I01021,EQ,276.80,286.30,273.50,285.20,276.80,4255848,1200612133.50,36784
NSE,ANIKINDS,INE087B01017,EQ,44.00,45.99,42.55,44.56,44.00,6250,278017.22,88
NSE,ANMOL,INE02AR01019,BE,13.85,13.85,12.86,13.07,13.50,25815,340928.58,133
NSE,ANNAPURNA,INE0MGM01017,EQ,128.60,135.00,127.00,130.44,128.60,46616,6109825.38,1595
NSE,ANNU,INE103001017,EQ,48.00,48.00,45.00,45.12,47.09,361049,16571760.77,4829
NSE,ANSALBU,INE030C01015,EQ,84.28,101.00,83.00,85.60,85.13,2620,243981.69,106
NSE,ANTELOPUS,INE818A01017,EQ,1113.90,1143.80,1092.00,1103.40,1106.50,299917,334591514.50,21089
NSE,ANTGRAPHIC,INE414B01021,EQ,0.70,0.71,0.68,0.69,0.69,216722,151877.02,212
NSE,ANTHEM,INE0CZ201020,EQ,855.95,858.85,840.60,851.90,855.75,292397,248729303.05,21858
NSE,ANUHPHR,INE489G01022,EQ,85.99,88.49,83.70,84.15,85.85,86676,7401439.69,1923
NSE,ANUP,INE294Z01018,EQ,1566.70,1574.90,1523.00,1539.00,1566.70,21490,33233016.00,4005
NSE,ANURAS,INE930P01018,EQ,1165.00,1175.90,1158.20,1164.40,1163.70,216772,252647016.30,8597
NSE,AONESTEELS,INE0OTC01025,EQ,413.50,413.60,386.10,389.40,416.55,831655,330347075.30,20575
NSE,APARINDS,INE372A01015,EQ,17844.00,18379.00,17750.00,18102.00,17648.00,102559,1856448911.00,34835
NSE,APCL,INE071F01012,EQ,96.99,96.99,91.50,94.00,94.76,3410,320265.12,184
NSE,APCOTEXIND,INE116A01032,EQ,599.00,599.00,577.00,587.25,593.25,48855,28693553.95,3913
NSE,APEX,INE346W01013,EQ,334.65,334.65,323.50,328.40,326.30,78909,25873383.85,3647
NSE,APLAPOLLO,INE702C01027,EQ,2124.60,2147.40,2061.40,2099.80,2115.70,678442,1419791081.80,35607
NSE,APLLTD,INE901L01018,EQ,815.25,836.80,812.20,831.25,815.25,282527,233970469.80,38104
NSE,APOLLO,INE713T01028,EQ,395.50,405.50,395.00,401.70,394.00,4584428,1837587917.00,52256
NSE,APOLLOHOSP,INE437A01024,EQ,7880.50,8076.00,7880.50,7985.00,8133.50,895216,7165413309.00,87976
NSE,APOLLOPIPE,INE126J01016,EQ,517.85,535.00,510.00,530.75,512.60,142798,75222703.60,5375
NSE,APOLLOTYRE,INE438A01022,EQ,404.95,406.25,399.50,401.60,404.75,213763,85934490.55,12586
NSE,APOLSINHOT,INE451F01024,EQ,1208.00,1208.00,1155.00,1174.90,1155.90,1328,1563667.50,196
NSE,APOORVA,INE217S01014,BE,33.65,34.00,33.65,33.65,33.00,115,3889.26,8
NSE,APTECHT,INE266F01018,EQ,88.00,88.45,86.00,86.88,87.03,44839,3897222.29,996
NSE,APTUS,INE852O01025,EQ,227.95,228.51,222.34,223.65,226.40,934997,209744973.10,36176
NSE,AQYLON,INE416A01051,EQ,15.46,16.23,14.69,15.58,15.46,1157106,17683842.55,1814
NSE,ARCHIDPLY,INE877I01016,EQ,101.79,103.71,100.37,101.80,101.79,30544,3112837.63,226
NSE,ARCHIES,INE731A01020,EQ,12.40,12.70,12.35,12.35,12.37,9399,116942.12,78
NSE,ARCIL,INE148G01016,EQ,141.09,145.24,140.56,142.24,139.92,1314700,187676375.12,26166
NSE,ARCL,INE372M01010,EQ,233.00,238.90,227.27,235.00,229.81,276,65147.77,21
NSE,ARDEE,INE0XNF01022,EQ,49.03,49.44,48.11,48.51,48.81,1868950,91158516.26,13281
NSE,ARE&M,INE885A01032,EQ,751.00,757.00,739.25,741.60,747.40,338967,252753946.10,26002
NSE,ARENTERP,INE610C01014,EQ,33.79,33.79,33.79,33.79,33.79,330,11150.70,4
NSE,ARFIN,INE784R01023,EQ,87.95,89.18,86.42,87.51,87.25,713062,62358154.68,3251
NSE,ARIES,INE298I01015,BE,463.10,501.25,463.10,501.25,477.40,38244,19106094.50,496
NSE,ARIHANT,INE413D01011,EQ,940.00,948.00,873.25,891.35,894.10,2824,2528653.95,169
NSE,ARIHANTCAP,INE420B01036,EQ,90.00,95.05,90.00,91.01,88.59,523540,48492877.92,6282
NSE,ARIHANTSUP,INE643K01018,EQ,222.00,222.00,218.00,218.78,216.63,3008,658717.98,73
NSE,ARIS,INE0H9P01028,EQ,139.49,143.00,137.51,140.24,138.66,1432618,201573799.08,13253
NSE,ARKADE,INE0QRL01017,EQ,120.64,125.00,118.23,120.03,118.69,158603,19154622.20,2346
NSE,ARMANFIN,INE109C01017,EQ,1770.00,1817.00,1714.00,1754.90,1764.40,53075,93358591.80,6674
NSE,ARMEE,INE0TWE01016,EQ,270.70,272.75,251.05,254.25,273.35,1290880,339457430.05,23632
NSE,AROGRANITE,INE210C01013,EQ,22.56,23.89,22.10,22.19,22.35,6732,152766.64,59
NSE,ARROWGREEN,INE570D01018,EQ,873.80,891.75,835.90,858.55,865.20,26652,22722996.50,3085
NSE,ARSSBL,INE549H01021,EQ,525.45,539.00,515.10,535.00,521.05,361312,190987072.30,7780
NSE,ARTEMISMED,INE025R01021,EQ,339.20,341.85,322.35,324.10,336.40,374630,122469895.05,19757
NSE,ARTNIRMAN,INE738V01013,EQ,38.16,39.88,38.16,38.49,40.00,754,29127.41,21
NSE,ARVEE,INE006Z01016,EQ,217.00,229.79,206.35,209.39,215.32,9280,1995629.85,408
NSE,ARVIND,INE034A01011,EQ,538.40,539.65,525.15,530.40,534.05,565857,299986870.35,42832
NSE,ARVINDFASN,INE955V01021,EQ,383.45,389.00,376.10,384.25,379.70,225104,86467719.25,25322
NSE,ARVSMART,INE034S01021,EQ,592.50,598.15,573.00,580.25,592.50,88014,51180321.55,3897
NSE,ASAHIINDIA,INE439A01020,EQ,950.00,952.90,938.00,945.75,944.25,45021,42569178.15,6886
NSE,ASAHISONG,INE228I01012,BE,376.95,380.30,363.10,366.20,371.25,7116,2646173.45,134
NSE,ASAL,INE900C01027,EQ,421.05,439.80,420.05,423.10,426.90,5966,2534787.45,594
NSE,ASALCBR,INE073G01016,EQ,611.10,622.10,590.00,595.65,611.10,51910,31143809.25,4868
NSE,ASHAPURMIN,INE348A01023,EQ,493.95,501.95,487.00,490.85,489.95,223978,110109061.75,10989
NSE,ASHIANA,INE365D01021,EQ,381.80,390.00,381.40,383.60,383.95,22654,8724235.20,1447
NSE,ASHIKAG,INE094B01013,BE,392.05,393.00,385.25,389.80,392.05,6038,2338718.10,97
NSE,ASHIMASYN,INE440A01010,EQ,15.30,15.69,14.77,15.00,15.31,108237,1636048.81,484
NSE,ASHOKA,INE442H01029,EQ,105.35,106.65,104.36,105.90,105.31,538732,56891780.77,7556
NSE,ASHOKAMET,INE760Y01011,EQ,14.42,15.15,14.42,14.71,14.53,19468,288807.21,264
NSE,ASHOKLEY,INE208A01029,EQ,151.40,153.65,151.23,152.60,150.48,9914723,1511123220.23,75424
NSE,ASIANENE,INE276G01015,EQ,470.70,479.90,453.00,458.65,466.75,189656,88166711.35,8653
NSE,ASIANHOTNR,INE363A01022,EQ,356.05,356.05,329.25,334.10,348.10,7191,2430725.45,469
NSE,ASIANPAINT,INE021A01026,EQ,2400.00,2409.00,2336.70,2366.00,2407.00,916254,2159482779.30,71315
NSE,ASIANTILES,INE022I01019,EQ,48.16,48.28,46.10,46.65,47.95,1062886,50052096.63,4227
NSE,ASIANTNE,INE822B01017,EQ,8.77,9.13,8.60,9.00,8.95,15593,135803.42,51
NSE,ASKAUTOLTD,INE491J01022,EQ,621.00,624.90,603.60,608.20,618.15,221181,134627460.25,17555
NSE,ASMS,INE855F01042,EQ,5.84,6.04,5.76,5.84,5.92,149950,880280.12,654
NSE,ASPINWALL,INE991I01015,EQ,242.10,248.40,237.01,238.35,240.10,1086,258886.40,50
NSE,ASTAR,INE194D01017,EQ,714.00,714.00,630.00,644.05,664.50,254,163898.40,77
NSE,ASTEC,INE563J01010,EQ,708.60,721.75,700.00,712.70,708.60,30766,21881688.60,2250
NSE,ASTERDM,INE914M01019,EQ,708.00,708.00,687.00,691.50,708.90,1401950,969728151.15,57848
NSE,ASTRAL,INE006I01046,EQ,1349.00,1367.20,1339.40,1362.10,1344.00,325806,441756098.40,32212
NSE,ASTRAMICRO,INE386C01029,EQ,1634.20,1673.90,1628.10,1651.70,1624.50,327119,541607698.60,26859
NSE,ASTRAZEN,INE203A01020,EQ,6049.00,6087.50,5882.00,5909.00,6031.00,6412,38297889.00,2578
NSE,ATALREAL,INE0ALR01029,EQ,12.76,12.92,12.51,12.81,12.78,902386,11484326.58,1065
NSE,ATAM,INE09KD01013,EQ,54.81,56.40,53.53,54.04,55.35,5713,313187.62,117
NSE,ATGL,INE399L01023,EQ,587.00,593.00,578.65,583.25,583.05,509708,297957287.05,21633
NSE,ATHERENERG,INE0LEZ01016,EQ,1411.10,1423.80,1388.50,1409.90,1406.10,3319066,4670252563.00,106084
NSE,ATL,INE0NN701020,EQ,24.45,24.79,23.72,24.49,23.59,160953,3908907.63,1178
NSE,ATLANTAA,INE285H01022,EQ,35.79,37.44,34.20,34.97,35.71,69328,2436048.41,574
NSE,ATLANTAELE,INE0Z4F01028,EQ,1745.50,1888.10,1725.00,1882.90,1716.50,379316,695632127.90,31221
NSE,ATLASCYCLE,INE446A01025,EQ,91.74,93.00,90.50,91.30,91.74,2877,264830.91,112
NSE,ATUL,INE100A01010,EQ,5899.00,5930.00,5827.50,5856.00,5861.00,41593,243834731.50,5852
NSE,ATULAUTO,INE951D01028,EQ,422.70,431.70,422.65,424.50,424.80,65738,28005559.40,3722
NSE,AUBANK,INE949L01017,EQ,1000.00,1035.70,999.10,1029.20,987.00,3358977,3433805457.20,81950
NSE,AUGMONT,INE16W401027,EQ,1224.00,1254.90,1177.00,1223.30,1195.20,1400524,1719466101.30,36013
NSE,AURIONPRO,INE132H01018,EQ,607.80,640.00,595.00,598.50,607.80,353216,217083215.30,23581
NSE,AUROPHARMA,INE406A01037,EQ,1693.70,1696.00,1663.10,1674.90,1676.80,958714,1605569421.20,39133
NSE,AURUM,INE898S01029,EQ,223.50,227.00,220.38,223.61,223.41,48055,10742804.46,1725
NSE,AURUS,INE142K01011,EQ,4.54,4.54,4.06,4.23,4.40,92879,397827.63,508
NSE,AUSOMENT,INE218C01016,EQ,139.00,144.88,134.05,137.81,139.00,1244,173127.77,104
NSE,AUSTENG,INE759F01012,EQ,177.90,177.90,153.70,161.95,167.72,5623,929368.91,271
NSE,AUTOAXLES,INE449A01011,EQ,1683.00,1693.80,1617.00,1624.90,1683.00,10044,16493465.50,1076
NSE,AUTOIND,INE718H01014,EQ,84.00,84.98,82.00,83.17,81.40,84050,7014120.94,1359
NSE,AVADHSUGAR,INE349W01017,EQ,776.05,841.05,776.05,840.35,764.60,292584,240126841.80,14769
NSE,AVALON,INE0LCL01028,EQ,2280.20,2339.00,2242.00,2256.30,2280.20,310553,706991273.60,31715
NSE,AVANCE,INE758A01072,EQ,0.80,0.83,0.78,0.79,0.80,4823476,3857856.47,1804
NSE,AVANTEL,INE005B01027,EQ,152.00,152.59,147.00,147.59,150.28,892887,132931109.77,10679
NSE,AVANTIFEED,INE871C01038,EQ,713.10,717.95,705.15,711.10,711.55,187707,133365832.35,15058
NSE,AVG,INE680Z01018,EQ,169.97,184.80,165.00,168.15,166.00,10536,1799710.71,234
NSE,AVL,INE679V01027,EQ,572.30,606.00,566.35,601.05,572.30,400252,238399513.80,25837
NSE,AVONMORE,INE323B01024,EQ,12.85,12.99,12.37,12.49,12.79,56219,706781.82,402
NSE,AVROIND,INE652Z01025,EQ,6.68,7.34,6.28,6.97,6.68,577078,3994509.49,1175
NSE,AVTNPL,INE488D01021,EQ,87.85,93.17,86.55,88.84,87.85,631535,56922825.06,8317
NSE,AWFIS,INE108V01019,EQ,235.00,244.00,234.50,235.59,235.26,348755,82987031.79,15784
NSE,AWHCL,INE01BK01022,EQ,355.80,359.00,346.60,350.40,355.40,62596,22016710.20,4121
NSE,AWL,INE699H01024,EQ,176.47,178.90,174.06,176.15,175.43,831209,146039643.95,28691
NSE,AXISBANK,INE238A01034,EQ,1229.00,1237.40,1216.40,1222.20,1217.10,7472163,9178789346.20,222415
NSE,AXISCADES,INE555B01013,EQ,2324.00,2360.00,2252.00,2282.30,2307.30,255708,588379936.40,31115
NSE,AXITA,INE02EZ01022,EQ,7.69,7.69,7.56,7.59,7.58,901703,6855596.31,683
NSE,AXTEL,INE767C01012,EQ,439.75,445.40,425.05,430.40,435.45,1797,777481.55,160
NSE,AYE,INE501X01029,EQ,164.41,167.50,159.00,162.75,163.29,898907,147652958.32,25351
NSE,AYMSYNTEX,INE193B01039,EQ,280.20,288.70,279.80,283.15,279.95,33782,9546701.80,756
NSE,AZAD,INE02IJ01035,EQ,2875.00,2937.20,2843.50,2927.20,2860.90,800736,2317105204.50,56004
NSE,AZADIND,INE566M01017,EQ,86.50,88.87,80.00,83.05,85.95,143982,12217051.88,1884
NSE,BAFNAPH,INE878I01022,BE,386.30,386.30,386.30,386.30,378.75,1169,451584.70,14
NSE,BAGFILMS,INE116D01028,EQ,4.07,4.18,4.02,4.10,4.07,29972,123301.81,140
NSE,BAIDFIN,INE020D01022,EQ,10.22,10.57,10.22,10.33,10.31,25931,271081.03,148
NSE,BAJAJ-AUTO,INE917I01010,EQ,10036.00,10089.00,9920.00,10024.00,10045.00,354238,3544202686.00,56369
NSE,BAJAJCON,INE933K01021,EQ,497.00,499.40,477.95,480.35,497.05,365485,178044336.40,17813
NSE,BAJAJELEC,INE193E01025,EQ,302.00,305.20,297.40,299.25,299.80,92225,27789756.35,4931
NSE,BAJAJFINSV,INE918I01026,EQ,1744.80,1760.90,1732.60,1751.40,1732.60,1075845,1878276235.40,58324
NSE,BAJAJHCARE,INE411U01027,EQ,320.10,329.00,317.10,319.10,322.95,121713,39050067.80,4833
NSE,BAJAJHFL,INE377Y01014,EQ,83.99,84.05,81.61,82.79,82.91,3691800,304869803.12,32207
NSE,BAJAJHIND,INE306A01021,EQ,19.50,20.23,19.50,19.96,19.19,15512797,309449555.96,21254
NSE,BAJAJHLDNG,INE118A01012,EQ,10580.00,10892.00,10554.00,10732.00,10666.00,50104,537134154.00,16830
NSE,BAJAJINDEF,INE0O9T01021,EQ,209.03,211.71,201.00,202.19,208.52,20558,4198212.28,779
NSE,BAJAJST,INE704G01024,EQ,335.00,339.00,322.00,328.75,335.70,16237,5333689.75,724
NSE,BAJEL,INE0KQN01018,EQ,163.80,165.99,162.12,164.05,163.63,79333,12999757.02,1689
NSE,BAJFINANCE,INE296A01032,EQ,962.55,995.80,962.55,970.00,948.30,12682669,12426233433.70,186471
NSE,BALAJEE,INE0S2G01011,EQ,24.40,25.40,24.40,24.80,25.20,46462,1152753.12,250
NSE,BALAJITELE,INE794B01026,EQ,90.10,91.88,88.50,90.61,90.04,54523,4927320.50,1218
NSE,BALAMINES,INE050E01027,EQ,2052.00,2075.00,1936.00,1957.80,2052.20,289399,571089891.30,33407
NSE,BALAXI,INE618N01022,EQ,22.06,23.05,22.06,22.77,22.34,22927,520975.59,185
NSE,BALKRISHNA,INE875R01011,EQ,15.95,16.10,15.95,16.00,15.94,2251,36012.16,24
NSE,BALKRISIND,INE787D01026,EQ,2083.50,2097.90,2059.00,2066.50,2083.50,95715,198632095.00,16355
NSE,BALMLAWRIE,INE164A01016,EQ,161.75,162.00,157.50,158.59,159.30,112768,17886160.82,2132
NSE,BALPHARMA,INE083D01012,EQ,106.95,109.79,105.11,106.79,105.74,25522,2734957.74,773
NSE,BALRAMCHIN,INE119A01028,EQ,652.55,679.50,652.55,671.50,649.05,1055611,706749934.85,31734
NSE,BALUFORGE,INE011E01029,EQ,494.15,512.50,491.70,502.80,488.95,468122,236012201.25,15449
NSE,BANARBEADS,INE655B01011,EQ,116.25,119.98,115.01,115.04,116.00,776,89903.00,42
NSE,BANARISUG,INE459A01010,EQ,3327.50,3342.00,3272.20,3296.80,3300.50,558,1844686.50,150
NSE,BANCOINDIA,INE213C01025,EQ,590.35,597.80,579.70,589.80,589.85,79775,46909909.65,6960
NSE,BANDHANBNK,INE545U01014,EQ,176.00,176.73,168.05,168.27,176.00,18154959,3092454790.87,95100
NSE,BANG,INE863I01016,EQ,32.00,33.90,31.45,33.28,31.44,48172,1583943.35,192
NSE,BANKA,INE862Y01015,EQ,69.99,70.80,68.00,69.84,68.51,2444,168979.33,48
NSE,BANKBARODA,INE028A01039,EQ,233.11,237.32,231.93,232.80,230.82,10802904,2528034665.37,60531
NSE,BANKINDIA,INE084A01016,EQ,132.09,136.27,132.00,133.50,129.48,15657633,2098784935.82,67218
NSE,BANSALWIRE,INE0B9K01025,EQ,323.00,327.70,321.00,323.05,323.05,40679,13161492.50,2621
NSE,BANSWRAS,INE629D01020,EQ,105.08,106.79,102.10,102.93,105.10,19481,2020212.76,599
NSE,BASF,INE373A01013,EQ,3440.00,3480.00,3390.00,3406.00,3417.10,9380,32066904.40,2620
NSE,BASML,INE186H01022,EQ,23.19,24.50,22.45,22.54,22.66,84637,1932188.77,217
NSE,BATAINDIA,INE176A01028,EQ,613.00,617.90,608.00,611.05,613.00,76879,47151780.45,6569
NSE,BATLIBOI,INE177C01022,EQ,84.00,90.61,81.50,89.78,82.35,106409,9382298.58,1695
NSE,BAYERCROP,INE462A01022,EQ,3573.00,3585.00,3502.00,3508.90,3554.20,17648,62297031.00,4988
NSE,BBL,INE464A01036,EQ,2105.90,2108.90,2051.00,2058.80,2069.60,15489,32061792.60,3079
NSE,BBOX,INE676A01027,EQ,800.00,823.65,794.20,812.50,795.85,542405,438852830.00,30804
NSE,BBTC,INE050A01025,EQ,1335.20,1350.00,1301.30,1304.50,1334.20,78011,102207271.40,8818
NSE,BBTCL,INE01EE01011,EQ,228.00,237.73,225.30,234.94,229.49,5929,1368625.59,161
NSE,BCG,INE425B01027,EQ,9.72,9.74,9.05,9.17,9.52,9004653,83071427.47,9896
NSE,BCLIND,INE412G01024,EQ,31.31,32.14,31.05,31.29,31.24,523094,16419126.65,4050
NSE,BCONCEPTS,INE977Y01011,EQ,143.06,143.89,137.36,139.23,140.41,6700,931581.37,376
NSE,BCPL,INE00SW01015,EQ,68.80,68.80,66.10,67.00,67.25,7536,501823.51,268
NSE,BDL,INE171Z01026,EQ,1087.90,1102.80,1082.10,1096.20,1087.90,660761,721144875.90,32923
NSE,BEARDSELL,INE520H01022,EQ,22.30,23.15,22.17,22.76,22.13,23832,541133.17,180
NSE,BECTORFOOD,INE495P01020,EQ,213.03,213.99,208.61,210.83,213.03,428214,90350527.99,13356
NSE,BEDMUTHA,INE844K01012,EQ,108.00,108.99,105.10,107.25,110.33,2006,215316.07,48
NSE,BEEKAY,INE213D01015,EQ,435.05,443.55,424.00,426.90,435.40,1073,464508.35,79
NSE,BEL,INE263A01024,EQ,383.10,384.85,377.00,384.85,383.10,10909395,4154294807.70,101506
NSE,BELLACASA,INE344T01014,EQ,241.22,252.68,237.00,238.26,241.22,5875,1415651.29,686
NSE,BELRISE,INE894V01022,EQ,238.81,239.99,230.50,231.12,237.50,2025207,471900844.89,51256
NSE,BEML,INE258A01024,EQ,1966.70,1993.90,1942.00,1970.40,1962.30,144626,284526122.40,19670
NSE,BENARAS,INE664D01019,EQ,10201.00,10250.00,10063.00,10166.00,10249.00,109,1107961.00,39
NSE,BENGALASM,INE083K01017,EQ,6085.00,6150.00,5421.00,5772.00,6088.00,2863,16422902.00,477
NSE,BEPL,INE922A01025,EQ,124.00,126.40,122.62,124.77,123.76,695197,86635456.11,9176
NSE,BERGEPAINT,INE463A01038,EQ,455.30,460.80,452.45,458.40,452.40,514017,235920959.40,42929
NSE,BESTAGRO,INE052T01021,EQ,18.17,18.17,17.41,17.73,17.47,490937,8733141.07,1952
NSE,BETA,INE351Y01019,EQ,2064.50,2173.80,1986.70,2004.00,2073.30,19642,40673132.00,3088
NSE,BFINVEST,INE878K01010,EQ,434.20,443.90,434.05,436.85,428.70,13712,6014320.25,1504
NSE,BFUTILITIE,INE243D01012,EQ,504.75,512.95,495.00,495.90,504.75,35313,17676754.70,1984
NSE,BGRENERGY,INE661I01014,BE,238.98,246.00,230.00,232.95,239.71,51792,12268220.34,662
NSE,BHAGCHEM,INE414D01027,EQ,233.56,239.04,228.00,229.14,236.15,98290,22714548.50,1785
NSE,BHAGERIA,INE354C01027,EQ,391.00,395.85,358.00,364.65,382.05,197915,73499077.35,7319
NSE,BHAGYANGR,INE458B01036,EQ,401.00,418.00,396.00,412.35,402.65,173594,70815500.80,6942
NSE,BHANDARI,INE474E01029,EQ,2.88,2.89,2.73,2.76,2.82,152409,426963.13,343
NSE,BHARATCOAL,INE05XR01022,EQ,31.80,32.30,31.37,31.88,31.75,5387913,171138517.08,20749
NSE,BHARATFORG,INE465A01025,EQ,1868.00,1873.70,1816.70,1833.00,1875.00,1029681,1887939187.60,58442
NSE,BHARATGEAR,INE561C01019,BE,100.01,101.00,99.10,99.67,99.64,7422,740299.96,96
NSE,BHARATRAS,INE838B01021,EQ,1011.90,1011.90,970.00,983.20,998.60,11663,11549209.00,1784
NSE,BHARATSE,INE415D01024,EQ,205.00,211.00,201.49,202.86,204.65,123062,25218219.07,3023
NSE,BHARATWIRE,INE316L01019,EQ,160.10,164.60,160.10,162.25,160.12,118991,19338531.70,2953
NSE,BHARTIARTL,INE397D01024,EQ,1742.30,1779.90,1742.30,1779.90,1741.10,7310041,12913255788.40,182824
NSE,BHARTIHEXA,INE343G01021,EQ,1389.90,1396.10,1371.40,1383.10,1379.20,528019,729064675.30,12410
NSE,BHEL,INE257A01026,EQ,424.95,433.45,423.10,429.00,421.00,8225965,3528399633.00,85230
NSE,BI,INE986A01012,BE,98.60,98.60,94.77,94.77,96.70,8260,801590.48,38
NSE,BIGBLOC,INE412U01025,EQ,39.20,39.20,37.11,37.57,38.78,42913,1625138.30,645
NSE,BIKAJI,INE00E101023,EQ,507.00,514.00,484.50,487.00,504.05,387790,191939701.55,23634
NSE,BIL,INE828A01016,EQ,1018.55,1098.00,995.00,1071.15,987.55,61770,65283560.50,2576
NSE,BILVYAPAR,INE071A01013,BE,4.35,4.35,4.06,4.19,4.21,1657,6988.92,21
NSE,BIMETAL,INE469A01019,EQ,640.00,641.00,640.00,640.00,640.00,69,44161.00,7
NSE,BIOCON,INE376G01013,EQ,371.35,373.05,365.10,369.80,370.70,2121058,783554011.20,32679
NSE,BIOFILCHEM,INE829A01014,EQ,29.31,30.94,29.17,29.64,29.31,14099,421633.71,156
NSE,BIRLACABLE,INE800A01015,EQ,389.70,391.00,372.10,376.65,383.00,249466,94654318.90,7823
NSE,BIRLACORPN,INE340A01012,EQ,828.10,835.45,812.00,812.80,828.95,36748,30080056.70,4305
NSE,BIRLAMONEY,INE865C01022,EQ,112.23,115.86,110.71,112.15,112.82,19921,2241370.05,939
NSE,BIRLANU,INE557A01011,EQ,1425.00,1425.00,1361.10,1379.50,1391.20,3263,4525398.30,469
NSE,BIRLAPREC,INE372E01025,BE,56.44,58.75,54.00,57.78,55.96,112592,6322731.27,535
NSE,BLACKBUCK,INE0UIZ01018,EQ,612.15,619.00,597.10,599.40,606.15,362727,220741567.00,22738
NSE,BLACKROSE,INE761G01016,EQ,115.00,115.00,109.00,110.31,110.45,13885,1540397.44,459
NSE,BLAL,INE0N7W01012,EQ,160.90,160.90,153.50,156.84,157.83,8394,1323426.45,313
NSE,BLBLIMITED,INE791A01024,EQ,16.64,16.93,15.80,15.98,16.64,155815,2511731.96,1071
NSE,BLEL,INE1EEM01017,EQ,471.50,499.70,471.00,490.05,467.95,1679279,824868446.65,36977
NSE,BLIL,INE525F01025,EQ,65.49,65.49,64.29,64.50,65.01,80170,5174219.52,2018
NSE,BLISSGVS,INE416D01022,BE,671.50,697.90,660.00,664.80,683.60,198924,133536671.85,2103
NSE,BLKASHYAP,INE350H01032,EQ,50.23,54.00,49.93,53.22,50.23,1836473,97025807.87,10837
NSE,BLS,INE153T01027,EQ,217.05,219.91,214.79,215.75,216.51,570077,123573649.73,22213
NSE,BLSE,INE0NLT01010,EQ,324.95,327.80,316.00,319.15,322.05,438825,140469618.30,7687
NSE,BLUECHIP,INE657B01025,BE,1.95,1.95,1.95,1.95,1.98,1020,1989.00,13
NSE,BLUECLOUDS,INE373T01047,EQ,20.25,20.75,19.40,19.61,19.88,2034648,40466258.97,4770
NSE,BLUECOAST,INE472B01011,EQ,22.00,22.00,20.90,21.06,22.00,1903,40304.35,32
NSE,BLUEDART,INE233B01017,EQ,4546.30,4549.80,4458.10,4514.40,4496.80,6452,29075342.40,2794
NSE,BLUEJET,INE0KBH01020,EQ,546.80,546.80,528.80,531.50,541.80,300308,160807647.90,19281
NSE,BLUESTARCO,INE472A01039,EQ,1476.00,1517.00,1460.40,1510.00,1459.60,367830,551238614.50,25694
NSE,BLUESTONE,INE304W01038,EQ,780.50,797.65,778.20,790.65,787.95,509584,402625733.55,22243
NSE,BLUSPRING,INE0U4101014,EQ,150.00,151.54,142.95,143.92,147.82,223038,32722925.51,3690
NSE,BMWVENTLTD,INE965W01036,EQ,50.80,51.89,49.55,50.02,50.83,80304,4044477.49,1029
NSE,BNAGROCHEM,INE00HZ01011,EQ,232.50,239.22,219.00,238.45,227.83,159454,37380190.46,904
NSE,BODALCHEM,INE338D01028,BE,189.98,195.00,180.27,180.30,189.75,513672,94157639.29,2911
NSE,BOHRAIND,INE802W01023,EQ,15.13,15.13,14.01,14.01,14.74,4635,65710.55,38
NSE,BOMDYEING,INE032A01023,EQ,103.40,104.30,101.02,101.54,102.63,384695,39337567.74,4620
NSE,BONLON,INE0B9A01018,EQ,41.00,41.00,39.59,39.76,39.97,6716,268706.84,70
NSE,BORANA,INE16SF01016,EQ,272.00,277.80,268.60,270.40,272.95,11307,3068535.00,594
NSE,BOROLTD,INE02PY01013,EQ,287.00,294.40,277.05,278.35,280.20,257448,72748160.40,6174
NSE,BORORENEW,INE666D01022,EQ,455.90,458.90,440.50,442.70,449.60,241002,107318554.35,18424
NSE,BOROSCI,INE02L001032,EQ,112.80,115.00,111.75,112.15,112.72,146287,16576795.61,1373
NSE,BOSCH-HCIL,INE782A01015,EQ,1999.00,2036.90,1973.00,1998.20,1967.20,115592,231334037.50,18486
NSE,BOSCHLTD,INE323A01026,EQ,45550.00,46000.00,44610.00,44960.00,45480.00,41822,1884063260.00,18131
NSE,BPCL,INE029A01011,EQ,301.50,306.55,294.30,296.95,300.60,7903107,2363785095.40,55603
NSE,BPL,INE110A01019,EQ,45.00,45.80,44.00,44.39,45.29,20796,929016.20,554
NSE,BPLPHARMA,INE365Y01019,EQ,1769.20,1790.00,1670.00,1726.90,1720.40,12145,20893815.60,935
NSE,BRAHMINFRA,INE320I01017,EQ,157.65,157.65,140.44,143.02,148.85,13100,1889780.98,404
NSE,BRIGADE,INE791I01019,EQ,571.00,583.40,561.10,571.60,569.55,324478,185069135.00,22062
NSE,BRIGHOTEL,INE03NU01014,EQ,57.01,57.40,56.20,57.06,56.94,95219,5429227.65,1874
NSE,BRIGHTBR,INE630D01010,EQ,234.05,243.00,227.00,230.65,241.85,5668,1322944.25,232
NSE,BRITANNIA,INE216A01030,EQ,4778.00,4817.20,4734.10,4770.00,4778.00,204743,974945955.70,17916
NSE,BRNL,INE727S01012,EQ,15.62,16.87,15.61,16.13,16.03,21855,358934.92,251
NSE,BROOKS,INE650L01011,EQ,55.40,55.88,53.65,54.24,54.80,12783,700822.65,231
NSE,BSE,INE118H01025,EQ,3052.00,3181.00,3036.00,3179.60,3046.00,6735475,21089166145.00,240506
NSE,BSHSL,INE032Z01020,EQ,84.78,84.80,81.00,83.07,83.95,4676,387483.51,144
NSE,BSL,INE594B01012,EQ,121.49,121.49,118.53,120.15,118.20,2251,271055.97,57
NSE,BSOFT,INE836A01035,EQ,277.15,280.80,274.25,276.00,269.75,1555308,431258508.25,39178
NSE,BTML,INE0EEJ01023,EQ,7.39,7.39,6.97,7.15,7.09,65521,464995.15,156
NSE,BTTL,INE274K01012,BE,39.49,41.33,38.20,38.72,39.50,2137,83394.44,25
NSE,BUILDPRO,INE24OJ01011,EQ,1269.60,1284.00,1236.20,1265.90,1249.20,80785,101399574.20,5544
NSE,BURNPUR,INE817H01022,BE,12.69,13.18,12.56,13.18,12.56,13021,170548.92,90
NSE,BUTTERFLY,INE295F01017,EQ,564.90,567.00,545.35,547.55,550.50,15707,8774299.75,1011
NSE,BVCL,INE139I01011,EQ,42.60,43.49,40.55,41.21,41.39,13402,565258.37,209
NSE,BYKE,INE319B01014,EQ,28.50,30.25,28.50,29.66,28.81,25230,744300.58,137
NSE,CALSOFT,INE526B01014,BE,36.79,36.79,34.59,34.93,36.41,155554,5435306.76,849
NSE,CAMLINFINE,INE052I01032,EQ,91.99,93.20,89.69,91.16,91.01,373342,33976471.23,4437
NSE,CAMPUS,INE278Y01022,EQ,206.35,208.99,203.01,204.12,205.83,186812,38338346.48,5169
NSE,CAMS,INE596I01020,EQ,679.00,692.50,677.90,683.85,677.25,1632385,1117780241.45,54080
NSE,CANBK,INE476A01022,EQ,119.39,120.96,118.21,118.50,118.36,22263750,2657285804.40,138284
NSE,CANFINHOME,INE477A01020,EQ,714.35,735.10,711.15,724.70,711.00,355842,259086003.35,20061
NSE,CANHLIFE,INE01TY01017,EQ,142.40,147.50,141.13,142.36,143.85,384965,55442006.25,9875
NSE,CANTABIL,INE068L01024,EQ,226.30,228.98,220.00,225.18,224.66,172213,38511759.87,3103
NSE,CAPACITE,INE264T01014,EQ,182.00,182.91,175.99,178.62,180.33,222639,39779792.67,4629
NSE,CAPILLARY,INE0ILV01024,EQ,560.00,564.70,538.00,546.10,554.70,108170,59208635.35,4256
NSE,CAPITALSFB,INE646H01017,EQ,278.00,286.90,273.65,279.55,277.50,32415,9049566.60,1184
NSE,CAPLIPOINT,INE475E01026,EQ,2609.70,2625.80,2541.10,2604.00,2631.90,142329,367601542.80,24828
NSE,CAPTRUST,INE707C01018,BE,19.07,20.02,18.50,19.99,19.07,60158,1183509.62,115
NSE,CARBORUNIV,INE120A01034,EQ,1241.00,1280.10,1230.70,1267.60,1239.70,269403,338311490.00,28730
NSE,CARERATING,INE752H01013,EQ,1602.70,1635.20,1590.20,1607.70,1602.70,53662,86650257.00,5095
NSE,CARRARO,INE0V7W01012,EQ,518.50,526.45,508.50,518.90,518.10,114896,59448142.45,9188
NSE,CARTRADE,INE290S01011,EQ,2806.00,2950.00,2804.20,2935.40,2806.60,267054,777905295.40,30436
NSE,CARYSIL,INE482D01024,EQ,1058.70,1058.70,1021.00,1031.00,1044.80,92489,95630500.20,8672
NSE,CASTROLIND,INE172A01027,EQ,199.05,201.50,197.75,199.51,199.04,2300283,458294969.53,29528
NSE,CCAVENUE,INE483S01020,EQ,15.25,15.45,14.95,14.99,15.28,11659060,176377192.28,13497
NSE,CCCL,INE429I01024,EQ,13.44,13.49,12.90,13.19,13.45,120507,1588665.98,480
NSE,CCHHL,INE652F01027,EQ,12.81,13.16,12.70,12.71,12.99,20247,260270.64,155
NSE,CCL,INE421D01022,EQ,1056.60,1057.60,1033.10,1051.90,1056.60,179191,187105953.70,21397
NSE,CDSL,INE736A01011,EQ,1248.00,1260.30,1237.40,1250.00,1242.50,915900,1144177941.70,39847
NSE,CEATLTD,INE482A01020,EQ,3286.60,3313.40,3244.10,3283.00,3286.60,26355,86339158.80,6694
NSE,CEIGALL,INE0AG901020,EQ,380.10,386.50,373.20,383.95,380.10,214295,81527534.30,5504
NSE,CEINSYS,INE016Q01014,EQ,669.80,669.80,635.05,649.60,654.25,58702,37922602.10,4391
NSE,CELEBRITY,INE185H01016,EQ,6.26,6.69,6.06,6.41,6.26,13811,88069.01,109
NSE,CELLO,INE0LMW01024,EQ,323.10,341.90,323.10,340.05,323.10,945722,317710543.50,32031
NSE,CEMPRO,INE686A01026,EQ,1198.00,1209.50,1150.10,1156.60,1178.90,237035,276541419.80,21595
NSE,CENTENKA,INE485A01015,EQ,538.90,551.80,538.90,546.20,537.80,26663,14576193.85,3016
NSE,CENTEXT,INE281A01026,EQ,18.40,18.99,17.91,17.99,18.18,68850,1251430.64,678
NSE,CENTEXT-RE,INE281A20018,BE,3.50,3.50,2.14,2.79,3.16,193543,548249.28,260
NSE,CENTRALBK,INE483A01010,EQ,30.20,30.56,30.02,30.31,30.00,4478354,135745655.77,17901
NSE,CENTRUM,INE660C01027,EQ,19.99,20.40,19.30,19.70,19.90,371639,7360252.46,789
NSE,CENTUM,INE320B01020,EQ,4748.80,4750.00,4550.00,4584.10,4701.70,44652,206437095.50,10210
NSE,CENTURYPLY,INE348B01021,EQ,662.25,682.00,662.25,680.05,666.45,65262,44084797.95,13393
NSE,CERA,INE739E01017,EQ,5096.50,5129.50,5014.50,5056.50,5096.50,7444,37674788.50,2396
NSE,CESC,INE486A01021,EQ,132.33,136.90,131.70,133.73,131.62,1606522,215615924.78,41380
NSE,CEWATER,INE037Z01029,EQ,253.45,267.00,250.60,259.10,253.45,98075,25197116.75,3725
NSE,CFEL,INE700F01024,BE,45.50,45.56,43.01,43.55,45.27,7473,335769.10,79
NSE,CGCL,INE180C01042,EQ,250.60,251.98,245.15,247.06,249.23,1571868,390338202.46,25055
NSE,CGPOWER,INE067A01029,EQ,885.05,894.20,877.75,882.30,879.00,1290292,1141497982.35,34691
NSE,CGVAK,INE084D01010,EQ,158.99,158.99,145.11,147.99,147.24,1065,159249.78,48
NSE,CHALET,INE427F01016,EQ,836.80,844.40,825.25,841.45,830.25,136588,114212391.85,13535
NSE,CHAMBLFERT,INE085A01013,EQ,400.30,406.30,395.00,397.60,399.30,432450,172444742.30,20906
NSE,CHEMBOND,INE995D01025,EQ,178.22,183.02,176.50,177.94,177.64,4435,797936.23,223
NSE,CHEMBONDCH,INE0TGX01019,BE,221.95,225.95,212.00,214.85,215.81,5522,1209598.40,132
NSE,CHEMCON,INE03YM01018,EQ,218.00,223.00,211.21,213.86,215.93,41413,9015628.39,1325
NSE,CHEMCRUX,INE298W01016,EQ,79.47,82.20,76.50,79.22,78.23,3767,297693.95,76
NSE,CHEMFAB,INE783X01023,EQ,321.55,335.35,320.15,326.35,328.35,3357,1104488.15,192
NSE,CHEMPLASTS,INE488A01050,EQ,191.55,204.00,191.55,196.93,191.56,805392,160956107.31,16277
NSE,CHENNPETRO,INE178A01016,EQ,1345.90,1406.00,1325.10,1401.00,1346.40,1762387,2424326389.90,72768
NSE,CHEVIOT,INE974B01016,EQ,1172.00,1174.50,1160.10,1165.70,1167.00,386,450728.40,90
NSE,CHOICEIN,INE102B01014,EQ,719.40,736.00,719.40,726.00,719.40,737146,535929859.85,9628
NSE,CHOLAFIN,INE121A01024,EQ,1590.00,1610.80,1580.00,1605.40,1580.00,1378981,2208592245.70,49311
NSE,CHOLAHLDNG,INE149A01033,EQ,1379.90,1409.70,1366.10,1404.40,1369.60,69925,97245125.20,10380
NSE,CIEINDIA,INE536H01010,EQ,377.00,380.85,374.40,378.00,376.35,91542,34599804.70,12327
NSE,CIFL,INE345H01024,EQ,20.70,21.15,20.40,20.49,20.76,240278,4940762.31,1762
NSE,CINELINE,INE704H01022,EQ,87.40,90.00,86.01,86.22,85.96,5158,449980.78,282
NSE,CINEVISTA,INE039B01026,EQ,14.09,14.09,13.46,13.79,13.63,18109,249693.72,97
NSE,CIPLA,INE059A01026,EQ,1334.30,1337.70,1321.00,1335.50,1344.00,1084209,1444590826.60,56931
NSE,CLCIND,INE376C01038,BE,43.22,43.22,43.22,43.22,43.22,152,6569.44,6
NSE,CLEAN,INE227W01023,EQ,805.00,817.30,792.15,799.80,803.05,185312,148955662.25,14316
NSE,CLEANMAX,INE647U01026,EQ,1309.90,1331.80,1301.00,1303.30,1299.80,156077,205057225.50,14132
NSE,CLEDUCATE,INE201M01029,EQ,58.49,58.98,55.02,55.02,57.91,11798,660692.20,157
NSE,CLSEL,INE419D01026,EQ,280.95,286.20,277.25,283.10,281.95,31677,8905874.50,1439
NSE,CMLL,INE11XY01018,EQ,520.00,526.00,503.30,507.20,523.05,192091,98924658.65,6042
NSE,CMPDI,INE05HV01027,EQ,205.70,208.99,203.68,207.13,204.38,1019550,210604373.66,19403
NSE,CMRGREEN,INE00WV01027,EQ,224.57,225.60,220.10,221.48,223.38,272408,60767851.92,8127
NSE,CMSINFO,INE925R01014,EQ,221.68,222.00,217.16,218.98,220.69,696321,152788370.77,17649
NSE,CNL,INE985W01018,EQ,1070.90,1086.70,1052.00,1071.90,1079.20,10873,11646466.30,1223
NSE,COALINDIA,INE522F01014,EQ,425.00,430.90,421.60,425.10,420.40,7764099,3306445074.90,103761
NSE,COASTCORP,INE377E01024,EQ,35.55,36.19,35.45,35.68,35.82,36258,1299749.64,527
NSE,COCHINSHIP,INE704P01025,EQ,1295.90,1308.00,1279.30,1283.80,1287.00,678043,873809127.10,20372
NSE,COCKERILL,INE515A01019,EQ,7920.00,8026.50,7826.00,7868.50,7989.00,1721,13606803.00,525
NSE,COFFEEDAY,INE335K01011,EQ,30.20,31.74,29.72,30.06,29.69,642940,19363023.91,2600
NSE,COFORGE,INE591G01025,EQ,1842.30,1888.00,1793.80,1852.00,1826.00,3693526,6828443592.00,114163
NSE,COHANCE,INE03QK01018,EQ,451.50,455.05,442.20,446.80,451.30,413013,184938197.10,29855
NSE,COLPAL,INE259A01022,EQ,1741.00,1775.00,1737.00,1775.00,1735.00,173685,304765038.60,14223
NSE,COMFINTE,INE819A01049,EQ,6.09,6.98,6.09,6.18,6.23,450195,2904032.65,864
NSE,COMPEAU,INE823B01015,EQ,380.00,380.00,344.20,349.30,362.45,240,83893.10,32
NSE,COMPUSOFT,INE453B01029,EQ,13.05,13.40,12.61,13.00,13.05,19681,254798.71,218
NSE,COMSYN,INE073V01015,EQ,263.05,270.00,256.80,259.55,262.40,527134,137401045.35,6007
NSE,CONCOR,INE111A01025,EQ,445.00,446.60,434.50,441.45,442.00,949906,418241129.00,20268
NSE,CONCORDBIO,INE338H01029,EQ,1394.70,1398.70,1352.50,1355.90,1374.10,55394,75787752.00,9357
NSE,CONFIPET,INE552D01024,EQ,87.40,88.49,85.12,86.18,86.05,1591393,138172335.87,15622
NSE,CONSOFINVT,INE025A01027,BE,279.45,285.00,278.00,284.25,279.60,2475,693005.20,32
NSE,CONTROLPR,INE663B01015,EQ,624.00,625.25,599.05,616.30,618.00,19662,12057773.30,1751
NSE,CORALFINAC,INE558D01021,EQ,31.05,31.62,29.98,30.21,31.25,23876,727718.09,234
NSE,CORDELIA,INE0LZF01039,EQ,101.50,105.95,100.17,100.83,100.91,668903,68408845.05,6624
NSE,CORDSCABLE,INE792I01017,BE,317.90,324.00,303.00,308.30,318.90,55092,16986087.70,942
NSE,COROMANDEL,INE169A01031,EQ,1769.90,1809.80,1751.80,1801.40,1763.60,189198,336929559.40,15060
NSE,CORONA,INE02ZQ01018,EQ,2051.00,2070.00,2005.60,2034.20,2029.40,14222,28844717.80,4953
NSE,COSMOFIRST,INE757A01017,EQ,840.00,840.00,811.80,822.70,826.85,27709,22799863.95,2515
NSE,COUNCODOS,INE695B01025,BE,6.42,6.45,6.14,6.44,6.33,139145,890098.28,131
NSE,CPCAP,INE521J01018,EQ,133.01,142.00,131.35,134.45,140.85,17693,2421244.88,583
NSE,CPEDU,INE0P6P01016,EQ,170.10,180.00,170.10,179.47,176.36,6455,1139538.89,136
NSE,CPL,INE536P01021,EQ,61.56,63.90,61.01,62.73,62.46,34985,2177983.83,1930
NSE,CPPLUS,INE819V01029,EQ,3858.20,3989.50,3833.50,3989.50,3799.60,255914,1010325391.10,19621
NSE,CRAFTSMAN,INE00LO01017,EQ,10280.00,10660.00,10183.00,10251.00,10266.00,60422,625626984.00,24227
NSE,CRAMC,INE218I01013,EQ,219.00,224.00,218.69,220.23,216.52,278457,61574967.21,6499
NSE,CRAVATEX,INE145E01017,EQ,365.00,365.00,336.10,339.20,349.00,42,14809.20,15
NSE,CREATIVEYE,INE230B01021,EQ,6.15,6.15,5.76,5.90,6.17,2267,13686.74,95
NSE,CREDITACC,INE741K01010,EQ,1250.00,1280.00,1244.80,1251.50,1239.00,164807,207308323.20,24872
NSE,CREST,INE559D01011,EQ,355.00,367.00,355.00,363.05,362.35,4641,1682820.60,131
NSE,CRESTO,INE203Y01012,BE,20.95,22.85,20.95,20.99,22.05,28152,591510.20,108
NSE,CRISIL,INE007A01025,EQ,4428.60,4531.50,4401.00,4505.80,4428.60,26707,120007307.30,9217
NSE,CRIZAC,INE0S4R01014,EQ,168.65,170.76,166.74,168.24,166.89,186832,31442582.85,3756
NSE,CROMPTON,INE299U01018,EQ,203.30,211.98,203.30,211.50,202.70,3915311,822760350.00,58204
NSE,CROWN,INE491V01019,EQ,114.92,114.92,109.00,111.06,111.53,6244,698026.55,210
NSE,CSBBANK,INE679A01013,EQ,306.85,310.00,300.10,306.85,304.75,455102,138725683.95,20461
NSE,CSLFINANCE,INE718F01018,EQ,205.20,211.99,205.20,209.79,208.34,17931,3753834.31,476
NSE,CSM,INE0ZK601013,EQ,93.78,95.00,92.33,93.68,94.25,293230,27461562.28,1753
NSE,CTE,INE627H01017,BE,38.62,39.00,36.98,37.22,38.91,26836,998758.24,111
NSE,CUB,INE491A01021,EQ,232.00,232.65,225.50,227.65,230.04,1115230,254228656.49,33136
NSE,CUBEXTUB,INE144D01012,BE,159.25,165.00,157.80,157.80,166.10,126734,20159621.41,1155
NSE,CUMMINSIND,INE298A01020,EQ,4864.20,4900.00,4789.20,4832.30,4860.00,707402,3414126178.30,47539
NSE,CUPID,INE509F01029,EQ,314.30,316.00,302.10,310.10,312.50,15766847,4887136621.80,154999
NSE,CURAA,INE117B01020,BE,72.25,72.25,69.00,72.12,72.25,267,19081.58,14
NSE,CYBERMEDIA,INE278G01037,BE,17.96,18.40,17.64,17.69,17.96,9138,163318.75,88
NSE,CYBERTECH,INE214A01019,EQ,139.90,153.00,137.20,139.10,135.95,186480,27189720.05,3909
NSE,CYIENT,INE136B01020,EQ,1115.00,1173.50,1110.00,1140.20,1104.60,1623849,1869796280.40,97347
NSE,CYIENTDLM,INE055S01018,EQ,895.00,952.00,895.00,946.80,893.90,591661,555499197.35,37920
NSE,DABUR,INE016A01026,EQ,376.10,379.00,373.30,378.65,374.25,685009,257757663.65,14851
NSE,DAICHI,INE928C01010,BE,316.00,316.00,306.00,315.00,317.10,853,264569.55,17
NSE,DALBHARAT,INE00R701025,EQ,1682.10,1689.10,1655.00,1673.70,1682.10,20725,34601457.20,5015
NSE,DALMIASUG,INE495A01022,EQ,405.65,435.95,400.30,430.15,396.70,1092162,465947147.40,31145
NSE,DAMCAPITAL,INE284H01025,EQ,146.56,150.19,146.01,146.75,146.56,220836,32595079.36,4342
NSE,DAMODARIND,INE497D01022,BE,26.89,26.89,26.10,26.50,26.59,4071,107742.13,19
NSE,DANGEE,INE688Y01022,EQ,2.89,2.98,2.89,2.92,2.90,56532,165337.05,112
NSE,DATAMATICS,INE365B01017,EQ,790.95,799.00,766.05,769.75,790.30,61398,47625005.85,4153
NSE,DATAPATTNS,INE0IX101010,EQ,4275.60,4316.80,4200.00,4226.50,4251.30,212079,900024688.30,27902
NSE,DAVANGERE,INE179G01029,EQ,2.25,2.32,2.25,2.29,2.26,6379071,14587857.38,2579
NSE,DBCORP,INE950I01011,EQ,175.00,177.19,170.01,171.08,172.52,113125,19569100.29,2730
NSE,DBEIL,INE0OPA01027,EQ,6.70,6.70,6.32,6.40,6.50,116394,751898.69,347
NSE,DBL,INE917M01012,EQ,398.05,405.15,393.10,396.30,399.10,94930,37772231.40,3802
NSE,DBOL,INE0I3401014,EQ,121.00,126.93,121.00,125.03,120.91,210180,26162076.32,4025
NSE,DBREALTY,INE879I01012,EQ,91.74,92.79,89.25,91.72,91.70,903606,82272264.42,11893
NSE,DBSTOCKBRO,INE921B01025,BE,31.50,32.98,31.50,31.58,31.50,4716,152464.60,31
NSE,DCAL,INE385W01011,EQ,153.99,154.67,149.10,151.50,150.35,113660,17267284.45,3650
NSE,DCBBANK,INE503A01015,EQ,199.00,205.65,196.63,197.36,199.71,1142913,227214152.12,26925
NSE,DCI,INE0A1101019,EQ,339.55,344.70,324.00,343.15,342.95,128476,43293771.85,4715
NSE,DCM,INE498A01018,EQ,72.02,76.60,71.10,72.71,72.83,40530,2963876.76,216
NSE,DCMFINSERV,INE891B01012,EQ,5.07,5.33,4.75,5.02,5.07,20787,104760.48,102
NSE,DCMNVL,INE08KP01019,EQ,169.99,173.00,167.01,171.37,166.47,7872,1343779.29,257
NSE,DCMSHRIRAM,INE499A01024,EQ,910.60,1088.20,910.60,1044.55,906.85,971948,1014516617.10,38600
NSE,DCMSIL,INE0OU201013,EQ,80.10,81.24,76.40,77.42,80.25,74037,5818092.86,2024
NSE,DCMSRIND,INE843D01027,EQ,37.69,45.22,37.31,39.06,37.69,6126018,256703446.29,21019
NSE,DCW,INE500A01029,EQ,45.39,45.99,44.29,44.69,44.62,810989,36378978.31,5748
NSE,DCXINDIA,INE0KL801015,EQ,159.96,162.90,156.00,156.82,158.99,214338,33837850.15,4953
NSE,DDEVPLSTIK,INE0HR601026,EQ,248.20,252.00,242.25,243.13,247.61,104792,25769480.13,2270
NSE,DECCANCE,INE583C01021,EQ,552.00,560.00,543.40,552.05,548.95,5252,2893297.35,453
NSE,DECNGOLD,INE945F01025,EQ,196.79,197.85,187.78,188.57,195.69,1071051,204860925.86,17463
NSE,DEEDEV,INE841L01016,EQ,678.85,679.90,632.55,636.95,663.20,203639,133239639.35,9554
NSE,DEEP,INE00IY01012,BE,44.00,44.22,42.69,42.76,42.69,3252,141134.57,47
NSE,DEEPA,INE1M2N01020,EQ,192.17,197.30,190.36,194.93,192.17,1705934,331055413.39,23819
NSE,DEEPAKFERT,INE501A01019,EQ,1300.90,1322.50,1292.00,1297.70,1300.90,112778,146750671.70,10785
NSE,DEEPAKNTR,INE288B01029,EQ,1497.90,1522.00,1488.20,1497.00,1492.80,108056,162114397.40,13612
NSE,DEEPINDS,INE0FHS01024,EQ,750.90,762.90,731.40,747.05,749.00,111244,83185593.40,7843
NSE,DELHIVERY,INE148O01028,EQ,403.25,404.85,398.00,400.30,400.00,2579997,1036269947.30,50159
NSE,DELPHIFX,INE726L01027,BE,7.03,7.03,7.03,7.03,6.90,64543,453737.29,31
NSE,DELTACORP,INE124G01033,EQ,74.60,87.67,71.23,85.43,73.48,105531303,8622856002.04,381084
NSE,DELTAMAGNT,INE393A01011,EQ,54.10,56.80,53.35,54.87,54.08,3862,213146.75,59
NSE,DEN,INE947J01015,EQ,25.69,26.05,25.41,25.71,25.41,310933,8018479.23,1311
NSE,DENORA,INE244A01016,EQ,725.00,789.10,716.00,731.65,723.90,5451,4019844.40,842
NSE,DENTA,INE0R4L01018,EQ,263.00,264.90,255.30,260.35,260.65,50083,13005039.70,2356
NSE,DEVIT,INE060X01034,EQ,21.10,21.90,20.50,20.52,20.75,19078,398956.64,396
NSE,DEVX,INE0VOV01021,EQ,36.41,38.50,36.05,37.85,36.28,207604,7815216.52,2589
NSE,DEVYANI,INE872J01023,EQ,127.07,131.00,125.55,130.03,127.07,1377561,176600784.91,17107
NSE,DGCONTENT,INE03JI01017,EQ,25.00,25.59,24.70,24.91,25.43,6243,155867.10,39
NSE,DHABRIYA,INE260R01016,BE,461.00,465.00,449.90,452.55,463.80,8343,3805001.10,199
NSE,DHAMPURSUG,INE041A01016,EQ,171.19,179.98,171.19,176.85,171.06,818549,144748759.34,15693
NSE,DHANBANK,INE680A01011,EQ,27.65,28.40,26.25,26.49,26.97,589132,15748663.71,3320
NSE,DHANUKA,INE435G01025,EQ,930.90,938.20,899.50,907.40,935.05,19452,17776880.25,1947
NSE,DHARMAJ,INE00OQ01016,EQ,265.65,272.30,261.60,265.00,267.65,110832,29525031.45,3679
NSE,DHATRE,INE715T01031,EQ,4.04,4.08,3.91,3.93,4.02,21458,84921.46,163
NSE,DHOOTTRANS,INE01NH01023,EQ,1464.00,1531.90,1452.00,1521.80,1443.40,2028908,3039940265.20,104307
NSE,DHRUV,INE506Z01015,EQ,19.74,19.97,18.76,19.51,19.74,16382,313754.08,126
NSE,DHUNINV,INE320L01011,EQ,962.50,996.00,960.00,972.10,967.30,562,550602.80,76
NSE,DIACABS,INE989C01038,BE,350.00,360.00,345.00,350.80,345.00,855233,302183744.45,9840
NSE,DIAMINESQ,INE591D01014,EQ,236.31,241.45,235.00,237.97,236.31,914,216380.92,82
NSE,DIAMONDYD,INE393P01035,EQ,1068.70,1105.10,1041.50,1058.80,1073.00,23745,25158435.50,1391
NSE,DICIND,INE303A01010,EQ,605.00,627.05,591.40,595.95,613.65,4076,2467077.80,253
NSE,DIFFNKG,INE184O01015,EQ,469.90,477.90,447.60,451.25,464.40,237686,110202268.10,11607
NSE,DIGIDRIVE,INE0PSC01024,EQ,17.67,18.50,17.22,17.80,17.61,18543,330524.90,271
NSE,DIGISPICE,INE927C01020,EQ,14.79,15.49,14.46,15.20,14.79,69082,1036098.36,254
NSE,DIGITIDE,INE0U4701011,EQ,71.72,75.70,71.72,74.08,72.34,413727,30538999.28,4429
NSE,DIGJAMLMTD,INE731U01028,BE,47.50,47.96,45.60,47.61,47.96,8995,423829.65,38
NSE,DISAQ,INE131C01011,EQ,11395.00,11740.00,11250.00,11487.00,11249.00,95,1101067.00,28
NSE,DISHTV,INE836F01026,EQ,2.19,2.20,2.07,2.10,2.15,2049102,4373951.96,2100
NSE,DIVGIITTS,INE753U01022,EQ,1148.90,1149.80,1106.40,1120.20,1136.40,79216,89014112.10,6841
NSE,DIVISLAB,INE361B01024,EQ,9251.00,9285.50,9113.50,9196.00,9249.00,480338,4406112950.00,40276
NSE,DIXON,INE935N01020,EQ,12729.00,12899.00,12692.00,12748.00,12700.00,211036,2699869321.00,41124
NSE,DJML,INE0B1K01014,EQ,73.15,74.19,70.41,73.11,72.61,52415,3810013.86,585
NSE,DLF,INE271C01023,EQ,664.90,676.50,664.00,673.00,658.40,3470586,2332635610.55,93704
NSE,DLINKINDIA,INE250K01012,EQ,407.90,413.70,406.00,411.75,406.60,46246,18972588.55,2602
NSE,DMART,INE192R01011,EQ,3808.60,3808.60,3545.30,3567.00,3813.00,2550875,9241191931.30,142224
NSE,DMCC,INE505A01010,EQ,307.30,329.40,306.00,319.10,308.70,217114,69620303.45,6278
NSE,DNAMEDIA,INE016M01021,EQ,2.40,2.45,2.30,2.34,2.42,43193,102452.81,177
NSE,DODLA,INE021O01019,EQ,1006.30,1021.50,1003.20,1015.60,1006.30,9309,9424897.30,1554
NSE,DOLATALGO,INE966A01022,EQ,64.00,65.50,62.00,62.40,62.86,75022,4715581.15,1104
NSE,DOLLAR,INE325C01035,EQ,270.90,277.00,268.85,274.40,272.10,70384,19238507.05,2287
NSE,DOLLEX,INE0JHH01011,EQ,39.98,39.98,36.50,37.16,38.24,16730,623782.53,451
NSE,DOLPHIN,INE920A01037,EQ,630.10,646.75,600.00,621.00,628.10,23823,14844852.25,1753
NSE,DOMS,INE321T01012,EQ,2109.90,2109.90,2053.00,2079.80,2097.50,18688,38804537.30,5561
NSE,DONEAR,INE668D01028,EQ,82.30,82.30,80.01,80.22,80.29,8934,720719.63,121
NSE,DPABHUSHAN,INE266Y01019,EQ,1945.00,2200.00,1872.10,2130.50,1874.00,960721,1955047813.90,68803
NSE,DPSCLTD,INE360C01024,BE,6.94,6.94,6.46,6.72,6.80,131088,884686.83,544
NSE,DPWIRES,INE864X01013,EQ,165.99,196.78,165.99,196.78,163.99,818001,157440340.03,8467
NSE,DRAGARWQ,INE934C01018,EQ,5250.00,5294.00,5162.50,5215.00,5159.00,2781,14467716.50,581
NSE,DRCSYSTEMS,INE03RS01027,EQ,13.02,13.50,12.80,13.04,13.02,42304,554252.50,300
NSE,DREAMFOLKS,INE0JS101016,EQ,61.50,61.90,60.06,60.50,61.50,26105,1589672.86,896
NSE,DREDGECORP,INE506A01018,EQ,895.20,936.00,895.20,903.90,895.20,107924,97901890.20,5722
NSE,DRREDDY,INE089A01031,EQ,1198.00,1206.60,1189.00,1203.00,1206.20,3075974,3686394973.80,89115
NSE,DSFCL,INE0OFM01015,BE,28.40,28.94,27.11,27.89,27.90,24679,687209.84,124
NSE,DSKULKARNI,INE891A01022,BE,26.59,26.59,26.59,26.59,26.07,1,26.59,1
NSE,DSSL,INE417B01040,EQ,950.75,980.00,950.00,964.85,948.75,16450,15858267.30,2216
NSE,DTIL,INE341R01014,BE,158.57,161.60,153.00,157.86,158.57,5601,875024.56,84
NSE,DUCON,INE741L01018,EQ,1.35,1.36,1.32,1.36,1.30,469110,632388.39,222
NSE,DVL,INE477B01010,EQ,278.40,280.40,270.50,271.65,278.70,5322,1455706.60,319
NSE,DWARKESH,INE366A01041,EQ,42.30,44.73,42.30,44.08,41.96,2644127,116259707.26,13449
NSE,DYCL,INE600Y01019,EQ,431.90,452.00,430.00,434.85,428.00,288948,127185380.50,10651
NSE,DYNAMATECH,INE221B01012,EQ,13798.00,14375.00,13798.00,14251.00,13756.00,43998,620076025.00,16044
NSE,DYNPRO,INE256H01015,EQ,224.67,229.49,218.25,220.44,224.58,7281,1612597.82,355
NSE,E2E,INE255Z01027,BE,659.90,675.00,649.95,656.10,648.00,513783,338969523.35,8221
NSE,EASEMYTRIP,INE07O001026,EQ,5.80,5.83,5.76,5.77,5.76,6177377,35705732.91,5454
NSE,EASTSILK,INE962C01035,BE,70.82,70.82,66.66,66.66,70.12,604,42051.44,8
NSE,EASTWEST,INE595R01023,EQ,2.36,2.40,2.24,2.32,2.29,51178,118089.47,161
NSE,EBGNG,INE18JU01028,EQ,710.00,718.70,690.00,695.45,704.70,531082,373654438.65,32413
NSE,EBIX,INE432F01032,BE,17.00,17.70,16.88,16.91,16.89,10108,172619.57,66
NSE,ECLERX,INE738I01010,EQ,1819.20,1898.00,1812.10,1884.30,1802.90,142484,265968346.30,18436
NSE,ECORECO,INE316A01038,EQ,390.00,427.45,388.80,427.30,388.60,14130,5788613.55,1186
NSE,ECOSMOBLTY,INE06HJ01020,EQ,105.53,108.00,103.81,105.44,105.01,72518,7647251.48,1264
NSE,EDELWEISS,INE532F01054,EQ,138.49,139.22,135.11,135.47,137.90,2456666,336598187.52,28280
NSE,EFCIL,INE886D01026,EQ,172.99,174.64,168.01,168.74,171.20,153943,26169203.47,2095
NSE,EICHERMOT,INE066A01021,EQ,6975.00,7066.00,6901.50,7021.50,6920.00,381658,2669959240.50,48858
NSE,EIDPARRY,INE126A01031,EQ,675.00,698.00,675.00,691.95,674.55,191222,132093285.35,19501
NSE,EIEL,INE0LLY01014,EQ,185.84,187.99,178.50,180.61,184.00,729200,132690798.12,16967
NSE,EIFFL,INE546V01010,BE,262.40,262.40,262.40,262.40,267.75,573,150355.20,8
NSE,EIHAHOTELS,INE276C01014,EQ,296.10,300.00,288.00,294.40,296.10,4180,1234905.95,420
NSE,EIHOTEL,INE230A01023,EQ,297.80,299.85,294.10,298.30,297.85,145139,43160122.05,8029
NSE,EIMCOELECO,INE158B01016,EQ,2288.80,2325.00,2236.20,2241.90,2268.80,24870,56664091.60,2656
NSE,EKC,INE184H01027,EQ,106.00,107.99,104.00,105.13,106.01,124137,13075638.32,2436
NSE,EKI,INE0CPR01018,BE,97.95,98.99,93.06,93.06,97.95,15088,1421982.59,254
NSE,ELANTAS,INE280B01018,EQ,13599.00,13600.00,13118.00,13214.00,13474.00,1139,15177283.00,690
NSE,ELCIDIN,INE927X01018,EQ,102155.00,102155.00,100500.00,102000.00,102155.00,5,508655.00,5
NSE,ELDEHSG,INE668G01021,EQ,782.25,788.00,766.30,773.55,782.25,629,490387.45,53
NSE,ELECON,INE205B01031,EQ,442.95,449.90,437.75,446.35,440.00,323898,143707952.05,15916
NSE,ELECTCAST,INE086A01029,EQ,75.55,78.00,74.20,75.26,74.54,3013318,228476763.06,23359
NSE,ELECTHERM,INE822G01016,EQ,731.10,774.80,695.00,702.40,743.60,29147,20862027.85,1943
NSE,ELEVATE,INE147X01013,EQ,354.10,354.25,327.15,333.15,344.80,2576912,869706979.75,62136
NSE,ELGIEQUIP,INE285A01027,EQ,585.40,594.70,582.50,591.20,584.65,301097,177489236.25,28731
NSE,ELGIRUBCO,INE819L01012,EQ,52.90,53.17,51.01,51.56,51.38,38742,2005114.59,670
NSE,ELIN,INE050401020,EQ,80.09,81.22,78.00,78.97,79.73,183116,14565062.78,2364
NSE,ELITECON,INE669R01026,EQ,7.98,7.98,7.45,7.49,7.79,5648103,43084036.12,8909
NSE,ELLEN,INE236E01022,EQ,343.80,347.10,331.00,332.55,341.70,723867,242993755.50,17382
NSE,ELPROINTL,INE579B01039,EQ,172.01,174.75,171.82,174.59,174.31,12341,2141083.89,203
NSE,EMAMILTD,INE548C01032,EQ,373.10,378.50,371.00,377.75,372.65,1358087,510269345.85,29901
NSE,EMAMIPAP,INE830C01026,BE,114.50,116.80,113.60,115.01,116.84,16261,1876035.00,150
NSE,EMAMIREAL,INE778K01012,EQ,67.14,69.65,67.14,68.06,67.14,7528,513909.83,129
NSE,EMBDL,INE069I01010,EQ,57.48,58.30,55.35,56.05,56.13,1777659,100089351.89,8584
NSE,EMCURE,INE168P01015,EQ,1935.00,1966.60,1917.30,1937.10,1944.60,67551,130850175.80,14911
NSE,EMIL,INE02YR01019,EQ,207.00,211.66,202.65,205.10,204.05,9139822,1900978843.71,76867
NSE,EMKAY,INE296H01011,EQ,286.80,292.50,276.20,280.20,286.80,61240,17305489.45,1895
NSE,EMMBI,INE753K01015,EQ,87.98,89.76,84.00,86.08,86.04,11635,1003268.37,249
NSE,EMMVEE,INE1C6T01020,EQ,309.00,309.00,290.45,296.25,305.90,3553362,1051902435.00,96565
NSE,EMPIND,INE515H01014,EQ,1059.20,1059.20,1030.60,1034.00,1059.20,10650,11022292.10,260
NSE,EMPOWER,INE507F01023,EQ,1.47,1.61,1.47,1.61,1.54,43387876,67841405.23,5229
NSE,EMSLIMITED,INE0OV601013,EQ,335.00,337.35,324.30,327.80,331.55,121022,39986681.10,5002
NSE,EMUDHRA,INE01QM01018,EQ,604.00,615.80,583.55,599.00,580.00,637155,384285706.10,25837
NSE,ENDURANCE,INE913H01037,EQ,2609.90,2617.00,2502.70,2526.50,2601.40,112901,286538656.50,26930
NSE,ENERGYDEV,INE306C01019,EQ,14.97,14.97,14.20,14.40,14.52,9299,133800.14,249
NSE,ENGINERSIN,INE510A01028,EQ,316.40,319.20,306.90,307.85,312.75,5190169,1622076637.35,61548
NSE,ENIL,INE265F01028,EQ,94.00,94.00,91.10,91.69,93.36,20891,1923940.36,354
NSE,ENKEIWHEL,INE130L01014,EQ,404.00,404.00,382.50,392.40,392.60,1756,687753.90,69
NSE,ENRIN,INE1NPP01017,EQ,3357.10,3408.90,3316.40,3316.40,3334.00,616768,2069854260.40,60353
NSE,ENTERO,INE010601016,EQ,1699.00,1725.00,1649.00,1697.10,1680.80,80217,135364153.30,13351
NSE,EPACK,INE0G5901015,EQ,173.75,173.99,167.36,168.13,171.59,242301,41131866.16,4742
NSE,EPACKPEB,INE0MLS01022,EQ,244.90,255.88,244.20,249.74,242.07,1070964,269365372.01,27729
NSE,EPIGRAL,INE071N01016,EQ,990.00,1024.10,977.40,1017.30,982.20,60534,60837034.60,5035
NSE,EPL,INE255A01020,EQ,230.62,237.89,230.20,236.50,232.39,1435292,336402830.81,25849
NSE,EQUIPPP,INE217G01035,BE,22.94,22.94,21.69,21.85,22.83,5578,121730.94,33
NSE,EQUITASBNK,INE063P01018,EQ,68.80,70.20,67.82,68.28,68.41,1626602,112159875.06,12996
NSE,ERIS,INE406M01024,EQ,1189.80,1210.50,1177.00,1188.60,1189.80,49205,58420769.40,9227
NSE,ESABINDIA,INE284A01012,EQ,5520.00,5549.00,5450.50,5514.00,5500.50,1802,9898534.50,761
NSE,ESAFSFB,INE818W01011,BE,43.30,43.99,42.00,43.18,43.40,475820,20345175.11,1413
NSE,ESCORTS,INE042A01014,EQ,2667.30,2888.40,2664.30,2820.90,2667.30,222028,618795952.50,36967
NSE,ESDS,INE0DRI01029,EQ,1362.40,1362.40,1362.40,1362.40,1434.10,59205,80660892.00,3463
NSE,ESSARSHPNG,INE122M01019,EQ,17.50,17.94,16.47,17.04,17.18,418001,7099277.29,1776
NSE,ESSENTIA,INE418N01035,EQ,1.01,1.04,1.00,1.01,1.00,2071789,2109693.80,609
NSE,ESTER,INE778B01029,EQ,96.00,97.99,92.95,93.40,95.52,115591,11049358.00,1713
NSE,ETERNAL,INE758T01015,EQ,308.95,322.85,308.10,320.80,313.90,31037275,9836391663.30,150676
NSE,ETHOSLTD,INE04TZ01018,EQ,2565.00,2610.00,2517.00,2602.30,2531.90,29281,75360986.30,7480
NSE,EUREKAFORB,INE0KCE01017,EQ,351.00,356.00,340.60,342.15,352.50,354048,122964701.65,27439
NSE,EUROBOND,INE505V01016,EQ,152.75,152.75,143.25,144.32,148.29,2318,335238.76,78
NSE,EUROPRATIK,INE198501012,EQ,192.99,192.99,181.00,183.41,190.42,145782,26801150.29,4218
NSE,EUROTEXIND,INE022C01012,EQ,16.25,16.51,15.73,16.51,15.73,10916,179313.66,53
NSE,EVEREADY,INE128A01029,EQ,317.10,329.10,315.00,318.10,315.85,37300,11858950.30,2361
NSE,EVERESTIND,INE295A01018,EQ,484.00,486.00,452.65,478.15,475.30,28153,13263275.15,1254
NSE,EXCELINDUS,INE369A01029,EQ,930.80,936.35,900.00,912.95,921.80,12996,11868034.70,1427
NSE,EXCELSOFT,INE606N01019,EQ,79.50,80.71,77.56,80.00,78.33,877532,69737731.77,6754
NSE,EXICOM,INE777F01014,EQ,152.30,154.99,149.33,150.77,151.10,471460,71351900.93,7833
NSE,EXIDEIND,INE302A01020,EQ,409.50,415.85,402.15,405.25,409.45,1713639,696125371.10,49368
NSE,EXPLEOSOL,INE201K01015,EQ,853.05,881.55,850.05,863.45,848.75,20948,18210783.80,2619
NSE,EXXARO,INE0GFE01026,EQ,6.10,6.25,5.99,6.05,6.04,3347942,20095207.30,587
NSE,FABTECH,INE0HF201011,EQ,142.02,144.79,140.01,141.87,142.01,35030,4971156.61,689
NSE,FACT,INE188A01015,EQ,740.00,745.60,729.05,731.75,734.95,66812,49156373.45,6695
NSE,FAIRCHEMOR,INE0DNW01011,EQ,699.95,729.90,678.00,682.25,661.50,72267,50956071.70,2843
NSE,FAZE3Q,INE963C01033,EQ,434.00,436.90,421.00,425.00,433.05,13673,5846626.35,955
NSE,FCL,INE045J01034,EQ,55.68,55.85,53.21,54.03,55.72,18407766,999587631.80,62056
NSE,FCSSOFT,INE512B01022,EQ,1.39,1.41,1.38,1.38,1.38,1254766,1745956.79,1081
NSE,FDC,INE258B01022,EQ,337.10,339.90,328.60,331.30,335.90,90007,30005993.15,7686
NSE,FEDDERSHOL,INE417D01020,EQ,65.40,67.10,62.80,64.23,63.63,18059133,1178698412.06,66223
NSE,FEDERALBNK,INE171A01029,EQ,318.95,328.20,318.50,327.35,318.20,7542230,2455019377.00,96271
NSE,FEDFINA,INE007N01010,EQ,150.99,153.40,148.51,149.64,149.77,804305,121390543.53,15313
NSE,FERMENTA,INE225B01021,EQ,558.85,573.00,546.10,557.45,553.25,341567,192269307.80,11799
NSE,FIBERWEB,INE296C01020,EQ,27.20,27.20,26.10,26.19,26.55,10430,275027.33,98
NSE,FIEMIND,INE737H01014,EQ,1786.10,1816.90,1752.00,1763.10,1794.80,72879,130080810.80,10367
NSE,FILATEX,INE816B01035,EQ,106.10,107.80,103.10,103.89,106.10,1569948,165294657.11,12116
NSE,FILATFASH,INE185E01021,EQ,0.19,0.19,0.18,0.18,0.18,22802731,4165173.57,1791
NSE,FINCABLES,INE235A01022,EQ,1458.80,1496.10,1454.00,1467.30,1458.80,499455,736352407.50,38034
NSE,FINEORG,INE686Y01026,EQ,5131.00,5300.00,5121.50,5210.00,5131.00,27037,140938628.00,8361
NSE,FINKURVE,INE734I01027,EQ,70.50,71.99,68.05,68.51,70.53,12875,892739.84,377
NSE,FINOPB,INE02NC01014,EQ,130.75,130.90,127.20,128.50,128.22,140754,18103683.00,1932
NSE,FINPIPE,INE183A01024,EQ,150.98,151.56,148.10,149.31,150.49,284792,42531163.00,11652
NSE,FIRSTCRY,INE02RE01045,EQ,175.64,177.39,171.32,172.00,174.75,1030621,179374639.20,15111
NSE,FISCHER,INE771F01041,EQ,33.50,33.83,32.66,32.80,33.46,335833,11092648.04,1421
NSE,FIVESTAR,INE128S01021,EQ,506.90,521.05,505.80,519.10,506.25,510918,263111745.25,37711
NSE,FLAIR,INE00Y201027,EQ,229.80,230.16,225.06,226.43,226.57,42988,9762004.12,1468
NSE,FLEXITUFF,INE060J01017,BE,3.03,3.08,3.03,3.07,3.02,6245,19159.35,29
NSE,FLUOROCHEM,INE09N301011,EQ,4399.00,4493.50,4343.00,4429.80,4341.50,137290,603632257.10,25321
NSE,FMGOETZE,INE529A01010,EQ,444.40,455.00,437.55,440.90,444.25,177056,78815820.00,6695
NSE,FMNL,INE360L01017,EQ,8.08,8.29,7.76,7.98,8.08,27663,219558.87,318
NSE,FOCUS,INE593W01028,EQ,55.00,56.89,54.70,54.80,54.30,52696,2930476.27,578
NSE,FOODSIN,INE976E01023,EQ,49.98,50.87,49.39,49.68,49.39,35389,1764137.59,527
NSE,FORCEMOT,INE451A01017,EQ,16945.00,16980.00,16520.00,16650.00,16800.00,62662,1045968266.00,20002
NSE,FORTIS,INE061F01013,EQ,784.95,785.75,763.80,763.80,785.00,2115546,1635595410.80,70201
NSE,FOSECOIND,INE519A01011,EQ,6430.00,6433.00,6250.50,6300.50,6382.50,8268,52270686.00,1914
NSE,FRACTAL,INE212S01015,EQ,728.70,746.05,718.70,725.05,727.35,235158,171541899.55,18032
NSE,FREDUN,INE194R01017,EQ,1358.00,1398.00,1322.10,1363.20,1355.20,72372,97685476.80,7332
NSE,FRONTSP,INE572D01014,EQ,1425.00,1460.00,1361.00,1387.40,1415.60,15592,21633443.30,1904
NSE,FSL,INE684F01012,EQ,254.55,259.35,252.10,257.40,250.40,885378,226218948.95,20380
NSE,FUSION,INE139R01012,EQ,174.10,177.24,166.15,167.63,171.36,704680,119963651.89,10273
NSE,GABRIEL,INE524A01029,EQ,1315.00,1332.60,1297.70,1303.60,1315.00,173231,227087404.60,24653
NSE,GAEL,INE036B01030,EQ,158.04,161.20,155.49,158.28,157.69,578700,91234984.19,13280
NSE,GAIL,INE129A01019,EQ,171.62,173.60,166.44,167.50,171.22,9655433,1635066180.26,65202
NSE,GAJA,INE18UN01038,EQ,136.58,140.00,134.01,135.87,135.27,221532,30139017.98,3727
NSE,GALAPREC,INE0RE001014,EQ,1185.00,1200.00,1150.00,1160.10,1157.80,29427,34491237.70,3746
NSE,GALAXYSURF,INE600K01018,EQ,2375.00,2449.00,2324.00,2335.00,2376.90,47936,113862788.10,9588
NSE,GALLANTT,INE297H01019,EQ,530.15,533.45,521.00,522.90,530.15,31526,16592344.55,2592
NSE,GANDHAR,INE717W01049,EQ,283.30,287.50,275.90,278.55,282.60,674552,189848410.35,15566
NSE,GANDHITUBE,INE524B01027,EQ,988.05,1005.00,967.60,993.70,975.55,16367,16194258.10,1695
NSE,GANECOS,INE845D01014,EQ,976.30,994.80,959.50,966.60,976.20,44995,43733093.50,3567
NSE,GANESHBE,INE388A01029,BE,118.18,118.18,118.18,118.18,124.40,29610,3499309.80,155
NSE,GANESHCP,INE652V01016,EQ,151.98,153.48,146.86,147.51,148.85,66650,9875627.25,1857
NSE,GANESHHOU,INE460C01014,EQ,700.00,719.40,693.00,701.85,699.10,18915,13238675.60,1362
NSE,GANGAFORGE,INE691Z01023,EQ,1.48,1.51,1.42,1.46,1.48,1264085,1859657.13,912
NSE,GANGESSECU,INE335W01016,EQ,115.69,115.69,112.42,112.86,113.99,1102,124739.94,22
NSE,GARFIBRES,INE276A01018,EQ,768.40,780.10,763.10,770.60,768.40,22696,17524494.00,2586
NSE,GARUDA,INE0JVO01026,EQ,173.70,174.35,170.07,171.10,172.18,243120,41781974.97,4630
NSE,GATECH,INE224E01028,BE,0.65,0.68,0.62,0.68,0.65,15264745,10073720.12,4795
NSE,GATECHDVR,INE224E01036,BE,0.48,0.48,0.47,0.47,0.46,173266,82177.85,152
NSE,GATEWAY,INE079J01017,EQ,51.99,52.77,51.10,51.49,51.88,567102,29245409.32,6363
NSE,GAUDIUMIVF,INE0P8B01020,EQ,109.44,111.81,101.36,103.25,109.48,681749,71192799.56,7729
NSE,GAYAHWS,INE287Z01012,EQ,1.75,1.80,1.72,1.72,1.72,80523,140813.60,283
NSE,GAYAPROJ,INE336H01023,EQ,22.44,22.87,21.32,21.45,22.44,637704,13829709.41,2624
NSE,GCSL,INE199P01028,EQ,680.25,688.50,674.60,681.75,679.90,266383,181170065.10,4863
NSE,GEECEE,INE916G01016,EQ,373.30,385.00,365.20,365.90,373.30,1069,395961.80,60
NSE,GEEKAYWIRE,INE669X01032,EQ,29.50,31.90,29.50,31.42,29.21,90038,2772830.70,754
NSE,GEMAROMA,INE06XZ01023,EQ,156.85,156.85,152.00,152.61,155.28,29191,4474585.44,913
NSE,GENCON,INE854S01022,EQ,40.15,41.19,38.60,38.73,40.75,439739,17405720.43,1699
NSE,GENESYS,INE727B01026,EQ,282.00,299.20,282.00,287.40,281.35,862980,251140901.95,17553
NSE,GENUSPAPER,INE949P01018,EQ,10.60,10.60,10.29,10.36,10.53,47875,496616.33,238
NSE,GENUSPOWER,INE955D01029,EQ,282.00,286.00,277.05,280.25,280.00,824365,231523696.55,18729
NSE,GEOJITFSL,INE007B01023,EQ,75.75,77.20,75.16,76.59,75.70,199514,15243583.34,3597
NSE,GERMAN,INE0D4501011,EQ,142.00,142.81,125.50,128.33,139.00,26790268,3637233976.02,185971
NSE,GESHIP,INE017A01032,EQ,1529.90,1570.50,1523.30,1559.30,1530.60,823469,1283144963.70,50096
NSE,GFLLIMITED,INE538A01037,EQ,55.23,56.25,54.51,54.89,55.23,50355,2790053.73,2481
NSE,GFSTEELS,INE534A01028,BE,39.05,39.05,39.05,39.05,38.29,175349,6847378.45,81
NSE,GHCL,INE539A01019,EQ,409.75,409.75,399.10,402.00,401.75,68956,27690866.75,3708
NSE,GHCLTEXTIL,INE0PA801013,EQ,131.85,133.00,126.93,129.53,129.22,218382,28213754.90,5822
NSE,GICHSGFIN,INE289B01019,EQ,132.32,134.77,131.54,132.32,132.88,44376,5886390.70,1534
NSE,GICL,INE947T01022,BE,22.42,22.42,21.16,21.26,22.27,94651,2053725.12,113
NSE,GICRE,INE481Y01014,EQ,324.00,324.90,314.70,319.10,323.90,870442,277414024.95,36484
NSE,GILLANDERS,INE047B01011,EQ,110.00,118.59,110.00,115.73,112.72,23286,2692535.08,394
NSE,GILLETTE,INE322A01010,EQ,6902.00,7025.00,6862.00,6979.00,6899.00,20086,139537122.50,5122
NSE,GINNIFILA,INE424C01010,BE,40.08,40.74,39.80,39.80,40.08,8929,357324.70,70
NSE,GIPCL,INE162A01010,EQ,177.00,179.99,175.22,176.62,174.83,178897,31778418.64,5043
NSE,GKB,INE265D01015,EQ,64.36,67.00,61.00,62.96,64.36,13417,858807.11,96
NSE,GKENERGY,INE1AG301022,EQ,115.87,117.99,111.81,112.29,114.76,361684,41150001.49,5000
NSE,GKSL,INE0V0W01025,EQ,198.00,199.00,183.02,190.34,194.27,5218727,996837911.47,56512
NSE,GKWLIMITED,INE528A01020,EQ,1559.00,1559.00,1520.00,1549.50,1530.00,7919,12266975.00,89
NSE,GLAND,INE068V01023,EQ,2890.00,2920.00,2863.10,2911.50,2874.40,248980,721167255.30,38827
NSE,GLASSWALL,INE644Q01039,EQ,270.70,273.35,251.35,254.70,270.40,5836047,1525889222.85,64405
NSE,GLAXO,INE159A01016,EQ,2771.10,2785.30,2710.10,2732.80,2771.10,24366,66861282.10,6355
NSE,GLENMARK,INE935A01035,EQ,2325.00,2340.50,2273.50,2295.00,2331.00,490378,1125785455.30,43734
NSE,GLFL,INE540A01017,EQ,5.49,5.49,5.22,5.22,5.49,17862,93882.22,49
NSE,GLOBAL,INE291W01037,EQ,138.00,141.00,136.52,139.10,136.51,233073,32341994.91,3105
NSE,GLOBALE,INE0URU01010,EQ,10.72,10.72,10.08,10.30,10.57,1175,12077.13,23
NSE,GLOBALVECT,INE792H01019,EQ,131.10,134.80,128.32,132.08,131.04,2330,305442.32,172
NSE,GLOBE,INE581X01021,EQ,2.14,2.18,2.07,2.07,2.11,229683,487654.78,288
NSE,GLOBECIVIL,INE0V3U01015,EQ,41.49,42.99,40.51,41.23,41.49,17671,727333.61,278
NSE,GLOBUSSPR,INE615I01010,EQ,788.10,798.10,785.00,789.85,786.90,44600,35208532.55,2740
NSE,GLOSTERLTD,INE350Z01018,EQ,539.00,546.00,539.00,542.50,539.00,270,146292.25,38
NSE,GLOTTIS,INE0TQE01026,EQ,59.00,59.62,56.00,56.72,58.41,72527,4201231.35,1523
NSE,GMBREW,INE075D01018,EQ,964.00,972.00,946.00,947.90,952.00,74566,71165575.65,4158
NSE,GMDCLTD,INE131A01031,EQ,489.90,499.90,483.05,487.35,487.65,756347,370425121.00,29709
NSE,GMMPFAUDLR,INE541A01023,EQ,1440.00,1465.30,1381.00,1386.60,1443.40,199853,282788602.40,21233
NSE,GMRAIRPORT,INE776C01039,EQ,93.16,93.54,91.23,92.79,93.16,18285663,1687557264.36,41657
NSE,GMRP&UI,INE0CU601026,EQ,102.55,103.49,100.60,100.85,101.87,1003861,102316376.16,13501
NSE,GNA,INE934S01014,EQ,588.50,591.80,575.65,585.05,580.70,234451,136807786.95,9392
NSE,GNFC,INE113A01013,EQ,589.95,600.95,581.90,586.30,589.15,297893,175628896.25,15722
NSE,GNRL,INE207H01018,EQ,97.40,98.30,95.51,96.77,97.18,98661,9534150.69,1274
NSE,GOACARBON,INE426D01013,EQ,410.00,410.25,397.00,403.25,402.90,28611,11519055.05,1351
NSE,GOCLCORP,INE077F01035,EQ,357.00,357.00,343.50,347.70,351.65,57133,19967879.45,3570
NSE,GOCOLORS,INE0BJS01011,EQ,296.00,300.00,290.10,292.80,294.95,52090,15344088.75,3340
NSE,GODAVARIB,INE497S01012,EQ,229.30,234.29,224.10,224.91,227.18,66276,15063729.19,1726
NSE,GODFRYPHLP,INE260B01028,EQ,1850.00,1894.00,1845.10,1876.00,1849.70,174573,327037757.00,14550
NSE,GODIGIT,INE03JT01014,EQ,256.30,257.95,252.60,256.05,256.30,228010,58132736.75,13513
NSE,GODREJAGRO,INE850D01014,EQ,633.50,651.45,626.65,640.90,631.90,220599,141448567.55,18184
NSE,GODREJCP,INE102D01028,EQ,840.00,847.55,832.60,837.00,840.00,788467,659679083.20,24282
NSE,GODREJIND,INE233A01035,EQ,1020.00,1046.00,1009.50,1040.20,1019.60,55338,57144180.40,8208
NSE,GODREJPROP,INE484J01027,EQ,1581.00,1616.70,1578.00,1599.90,1595.80,509332,816021165.60,38808
NSE,GOKEX,INE887G01027,EQ,688.75,693.80,663.05,672.30,688.75,269843,181662998.80,20129
NSE,GOKUL,INE020J01029,EQ,39.40,39.70,37.50,37.81,38.66,221939,8551597.75,801
NSE,GOKULAGRO,INE314T01033,EQ,210.10,211.89,204.10,205.27,210.10,251467,52054179.24,9123
NSE,GOLDIAM,INE025B01025,EQ,313.45,316.80,306.00,310.00,310.80,368723,114783353.05,8608
NSE,GOLDTECH,INE805A01014,BE,42.92,42.92,42.92,42.92,43.79,6661,285890.12,23
NSE,GOODLUCK,INE127I01024,EQ,501.00,501.00,478.80,482.00,499.35,467075,226195109.25,18203
NSE,GOODYEAR,INE533A01012,EQ,704.50,704.50,682.00,685.65,694.30,6070,4176455.35,822
NSE,GOPAL,INE0L9R01028,EQ,254.50,254.65,249.80,253.85,254.75,88594,22366474.65,5186
NSE,GOYALALUM,INE705X01026,EQ,5.93,5.97,5.82,5.95,5.91,41197,243417.24,425
NSE,GPIL,INE177H01039,EQ,215.66,218.80,210.42,211.32,215.67,1339172,285177135.23,24216
NSE,GPPL,INE517F01014,EQ,166.70,169.00,165.54,167.60,165.88,1069321,179013666.51,18832
NSE,GPTHEALTH,INE486R01017,EQ,151.00,154.35,148.80,149.56,151.47,65077,9791415.23,1659
NSE,GPTINFRA,INE390G01014,EQ,122.60,122.60,117.80,120.38,118.66,470025,56572630.23,6772
NSE,GRADIENTE,INE361K01017,BE,2.47,2.47,2.42,2.47,2.36,982297,2424097.41,267
NSE,GRANDOAK,INE926B01016,EQ,35.99,36.50,34.07,35.93,34.80,1908,67977.69,56
NSE,GRANULES,INE101D01020,EQ,820.95,824.65,800.00,817.25,821.75,575094,467034202.50,35621
NSE,GRAPHITE,INE371A01025,EQ,793.05,822.75,791.05,816.40,786.15,1578431,1280986858.35,55444
NSE,GRASIM,INE047A01021,EQ,2968.00,3024.00,2961.50,2972.00,2962.00,263562,785727719.20,25337
NSE,GRAUWEIL,INE266D01021,EQ,83.50,84.90,80.31,83.53,81.80,466288,38773011.13,5241
NSE,GRAVISSHO,INE214F01026,BE,32.32,32.32,30.76,31.67,32.00,1401,44837.90,20
NSE,GRAVITA,INE024L01027,EQ,1412.60,1440.80,1403.60,1423.50,1412.60,275082,391627810.70,31494
NSE,GREAVESCOT,INE224A01026,EQ,225.07,228.60,218.79,220.94,225.98,1324571,295159619.07,27096
NSE,GREENLAM,INE544R01021,EQ,214.70,215.50,210.18,211.71,213.62,64031,13594764.83,1552
NSE,GREENPANEL,INE08ZM01014,EQ,158.40,161.20,156.23,159.06,158.59,272774,43385464.30,4376
NSE,GREENPLY,INE461C01038,EQ,303.70,314.00,303.30,308.45,303.70,209748,64986393.70,9240
NSE,GREENPOWER,INE999K01014,EQ,8.78,8.85,8.62,8.66,8.77,1454330,12685094.54,4642
NSE,GRINDWELL,INE536A01023,EQ,1990.00,2023.10,1973.50,2004.20,1975.80,78949,157733471.00,14222
NSE,GRINFRA,INE201P01022,EQ,790.20,804.95,780.30,789.45,790.20,17050,13489674.50,1795
NSE,GRMOVER,INE192H01020,EQ,77.99,79.45,77.38,78.50,77.87,1011559,79547269.94,4640
NSE,GROBTEA,INE646C01018,EQ,879.00,879.00,872.00,872.80,878.50,10,8759.00,3
NSE,GROWW,INE0HOQ01053,EQ,181.34,187.94,180.16,187.05,180.11,38074910,7008023359.47,191019
NSE,GRPLTD,INE137I01015,EQ,1895.50,1911.90,1850.00,1868.90,1895.00,911,1714819.40,143
NSE,GRSE,INE382Z01011,EQ,2122.00,2158.80,2103.50,2110.40,2111.10,365792,777901595.00,30227
NSE,GRWRHITECH,INE291A01017,EQ,6925.00,6960.00,6670.00,6725.50,6925.50,48501,328008281.00,9737
NSE,GSFC,INE026A01025,EQ,147.59,150.20,147.00,147.26,146.90,492857,72982774.62,9722
NSE,GSLSU,INE0JSX01015,EQ,29.53,30.00,29.10,29.20,29.96,51924,1533863.91,403
NSE,GSPCROP,INE713R01022,EQ,452.10,472.20,452.10,457.40,454.35,265067,122490446.10,5034
NSE,GSPLTRANS,INE1TUG01013,BE,130.33,134.99,130.33,130.33,137.18,2832332,369361786.18,2609
NSE,GSS,INE871H01011,EQ,10.33,10.94,10.28,10.30,10.33,33786,351458.77,298
NSE,GTECJAINX,INE586X01012,EQ,37.67,37.67,37.67,37.67,35.88,16385,617222.95,47
NSE,GTL,INE043A01012,EQ,6.82,7.03,6.71,6.75,6.82,315509,2145859.53,635
NSE,GTLINFRA,INE221H01019,EQ,1.08,1.09,1.04,1.06,1.07,31582248,33453743.91,13216
NSE,GTPL,INE869I01013,EQ,54.31,56.18,54.12,54.47,55.39,12648,694576.66,572
NSE,GUFICBIO,INE742B01025,EQ,416.40,425.20,410.55,419.70,418.40,73779,30928653.00,6812
NSE,GUJALKALI,INE186A01019,EQ,609.70,614.85,600.00,606.45,603.60,29834,18084393.00,2674
NSE,GUJAPOLLO,INE826C01016,EQ,314.10,346.05,314.10,340.45,324.85,10139,3369387.30,475
NSE,GUJENERGY,INE844O01030,EQ,231.22,235.00,230.02,232.15,230.07,803370,186583395.37,26246
NSE,GUJRAFFIA,INE610B01024,EQ,40.27,42.74,39.50,39.50,40.27,2720,108036.85,37
NSE,GUJTHEM,INE942C01045,EQ,379.10,390.40,371.20,373.60,381.80,169705,63942457.60,6547
NSE,GULFOILLUB,INE635Q01029,EQ,1095.00,1106.50,1060.20,1068.70,1093.00,90269,96925588.10,6249
NSE,GULFPETRO,INE586G01017,BE,61.20,63.50,61.20,62.10,62.45,95198,5943103.23,322
NSE,GULPOLY,INE255D01024,EQ,160.52,164.00,159.15,160.84,161.75,93047,14992466.29,2467
NSE,GVKPIL,INE251H01024,BE,2.46,2.46,2.46,2.46,2.51,305590,751751.40,534
NSE,GVPIL,INE878A01011,EQ,699.80,713.00,690.00,704.35,679.50,239782,168616185.40,11090
NSE,GVPTECH,INE382T01030,BE,7.75,7.80,7.37,7.52,7.75,18054,136551.46,217
NSE,GVT&D,INE200A01026,EQ,4325.00,4337.90,4185.00,4247.50,4253.20,454653,1929619681.50,47691
NSE,GYFTR,INE724A01017,EQ,163.51,164.90,152.61,156.11,156.79,691560,107030877.74,8401
NSE,HAL,INE066F01020,EQ,4601.00,4688.00,4601.00,4680.00,4601.00,465865,2171552534.60,52986
NSE,HALDER,INE115S01010,EQ,232.74,266.00,232.73,258.03,232.73,19066,4731882.87,401
NSE,HALDYNGL,INE506D01020,EQ,146.60,152.68,142.00,142.85,146.05,48070,6994040.01,1198
NSE,HALEOSLABS,INE320X01016,EQ,1504.50,1549.50,1490.60,1549.20,1490.00,2311,3559057.40,148
NSE,HAMPTON,INE299D01022,EQ,8.04,8.04,7.76,8.00,8.09,4594,36654.97,37
NSE,HAPPSTMNDS,INE419U01012,EQ,305.70,309.65,303.00,304.20,304.70,476063,145742637.35,12253
NSE,HAPPYFORGE,INE330T01021,EQ,2003.00,2065.60,1991.00,2013.20,2003.70,143370,290001450.70,32784
NSE,HARDWYN,INE626Z01029,EQ,9.15,10.50,8.99,9.34,9.19,3665570,35616835.96,7488
NSE,HARIOMPIPE,INE00EV01017,EQ,333.95,340.05,322.30,324.60,332.35,81939,26898568.65,3479
NSE,HARRMALAYA,INE544A01019,EQ,179.67,183.00,170.85,173.00,179.67,14823,2585590.95,470
NSE,HARSHA,INE0JUS01029,EQ,475.00,476.60,460.15,462.30,474.50,141186,66030594.95,7214
NSE,HATHWAY,INE982F01036,EQ,9.36,9.47,9.32,9.40,9.32,1463537,13746528.04,2243
NSE,HATSUN,INE473B01035,EQ,1110.10,1157.40,1110.00,1143.50,1118.10,41254,46815666.60,4666
NSE,HAVELLS,INE176B01034,EQ,1050.00,1060.50,1041.60,1046.70,1040.00,845006,886884770.70,40266
NSE,HAVISHA,INE293B01029,EQ,1.31,1.40,1.31,1.40,1.35,13315,17934.28,62
NSE,HAWKINCOOK,INE979B01015,EQ,8080.00,8120.00,7905.50,7977.00,8026.00,1141,9093795.00,598
NSE,HAZOOR,INE550F01049,EQ,17.87,18.59,17.60,17.75,17.94,617372,11106215.01,2595
NSE,HBESD,INE640B01021,EQ,66.73,78.13,66.00,78.13,65.11,20755,1601715.12,218
NSE,HBLENGINE,INE292B01021,EQ,784.00,789.35,760.25,763.60,779.35,771121,595008061.50,30632
NSE,HBPOR,INE638B01025,EQ,56.60,63.98,56.60,61.30,59.83,292,17241.26,20
NSE,HBSL,INE550B01022,EQ,53.20,57.03,53.20,55.82,57.03,2224,123664.43,59
NSE,HCC,INE549A01026,EQ,20.30,20.59,19.95,20.00,20.23,11202334,227008473.84,21222
NSE,HCG,INE075I01017,EQ,664.10,670.90,658.65,669.05,668.75,40500,26940745.30,4540
NSE,HCL-INSYS,INE236A01020,EQ,10.23,10.30,9.90,10.00,10.04,205898,2067377.01,790
NSE,HCLTECH,INE860A01027,EQ,1243.70,1247.20,1196.50,1201.90,1243.10,3843425,4669154442.70,88780
NSE,HDBFS,INE756I01012,EQ,622.10,625.60,615.15,622.55,618.20,308905,191759803.10,29087
NSE,HDFCAMC,INE127D01025,EQ,2308.10,2369.50,2308.10,2346.00,2308.10,1244530,2924429464.30,47548
NSE,HDFCBANK,INE040A01034,EQ,731.95,734.20,701.25,704.80,721.20,66056690,47292919489.90,478412
NSE,HDFCLIFE,INE795G01014,EQ,536.85,539.05,524.55,531.00,534.20,3381490,1791927881.30,42894
NSE,HEADSUP,INE759V01019,EQ,6.36,6.74,6.02,6.14,6.40,1991,12355.88,111
NSE,HEALTHX,INE019J01013,EQ,279.80,293.40,268.00,277.00,273.00,7384,2011575.70,256
NSE,HECPROJECT,INE558R01013,EQ,114.00,116.88,110.20,110.87,111.86,2220,248034.95,138
NSE,HEGAM,INE545A01024,EQ,242.00,248.00,232.00,233.77,239.28,1455475,347329147.23,26465
NSE,HEIDELBERG,INE578A01017,EQ,131.98,131.98,128.79,130.11,130.57,86609,11252436.00,2927
NSE,HEMIPROP,INE0AJG01018,EQ,112.00,113.25,110.21,111.53,111.50,255376,28488586.91,4089
NSE,HERANBA,INE694N01015,EQ,171.00,174.41,166.10,167.58,172.12,55404,9356114.32,1828
NSE,HERITGFOOD,INE978A01027,EQ,402.90,407.00,389.75,394.75,402.90,217577,86729754.30,6686
NSE,HEROMOTOCO,INE158A01026,EQ,5199.00,5205.50,4994.50,5089.50,5168.00,1072997,5451922141.00,85559
NSE,HEROMOTORS,INE012G01022,EQ,176.34,178.84,158.65,169.63,167.80,146252658,24680728589.21,793578
NSE,HESTERBIO,INE782E01017,EQ,2164.70,2186.90,2090.20,2105.50,2126.80,2719,5820611.80,552
NSE,HEXAGON,INE0JUI01012,BE,70.00,70.49,68.61,69.77,68.80,185999,12927655.64,578
NSE,HEXATRADEX,INE750M01017,EQ,157.00,160.50,149.00,153.58,154.96,4186,641858.27,74
NSE,HEXT,INE093A01041,EQ,493.95,505.90,489.80,495.15,490.45,206834,102668037.65,13149
NSE,HFCL,INE548A01028,BE,237.99,250.27,234.00,250.27,238.36,9592712,2336365346.93,46505
NSE,HGINFRA,INE926X01010,EQ,422.00,426.40,402.10,403.75,419.90,231876,94849709.75,12282
NSE,HGM,INE596H01014,EQ,42.89,42.89,38.14,38.97,40.36,14095,551961.45,96
NSE,HGS,INE170I01016,EQ,367.00,372.95,361.40,364.95,367.05,7248,2648934.70,775
NSE,HIKAL,INE475B01022,EQ,218.00,221.35,213.28,214.45,218.14,244700,53003512.47,5764
NSE,HILINFRA,INE00RL01028,EQ,45.45,46.40,43.12,43.71,45.06,130532,5763609.04,1868
NSE,HILTON,INE788H01017,EQ,16.61,17.18,16.61,16.77,16.86,76089,1284378.94,364
NSE,HIMATSEIDE,INE049A01027,EQ,65.00,65.82,62.60,64.64,64.15,603662,38893889.50,7220
NSE,HINDADH,INE074C01013,EQ,392.00,392.00,382.05,384.50,384.00,1008,388299.35,80
NSE,HINDALCO,INE038A01020,EQ,953.50,954.05,931.10,938.40,941.85,4401291,4135191759.60,110787
NSE,HINDALUMI,INE227B01019,EQ,90.90,93.99,90.90,91.83,90.76,1333,122615.99,72
NSE,HINDCOMPOS,INE310C01029,EQ,414.95,425.05,395.50,400.65,380.80,46581,18799812.40,1269
NSE,HINDCON,INE642Y01029,BE,31.64,31.64,31.64,31.64,33.30,10765,340604.60,142
NSE,HINDCOPPER,INE531E01026,EQ,466.05,481.00,465.15,478.65,462.15,5563749,2649407025.05,93099
NSE,HINDOILEXP,INE345A01011,EQ,168.19,170.45,164.15,164.87,167.31,283729,47180789.97,6929
NSE,HINDPETRO,INE094A01015,EQ,345.05,351.25,340.40,342.35,345.00,2875288,990031142.55,42091
NSE,HINDUNILVR,INE030A01027,EQ,1845.10,1848.40,1828.00,1838.40,1836.00,975071,1789463547.80,58733
NSE,HINDWAREAP,INE05AN01011,EQ,173.72,174.18,170.00,171.63,170.53,56164,9639976.32,1656
NSE,HINDZINC,INE267A01025,EQ,562.00,568.55,557.90,560.95,555.05,2343222,1319828259.55,36228
NSE,HIRECT,INE835D01023,EQ,1123.80,1166.10,1097.60,1109.40,1123.80,51104,57834330.20,5240
NSE,HISARMETAL,INE598C01011,EQ,149.00,149.00,143.57,145.22,146.92,1221,177908.05,86
NSE,HITECH,INE106T01025,EQ,71.62,72.38,69.85,70.05,71.42,397840,28092187.83,5139
NSE,HITECHCORP,INE120D01012,BE,341.50,344.90,340.20,342.00,340.25,50579,17304289.65,320
NSE,HITECHGEAR,INE127B01011,BE,602.00,613.45,580.30,584.60,601.75,2734,1624553.45,63
NSE,HLEGLAS,INE461D01028,EQ,444.65,452.00,424.45,425.85,442.05,108277,47331249.10,4980
NSE,HLVLTD,INE102A01024,EQ,6.31,6.50,6.05,6.21,6.31,195354,1212321.74,694
NSE,HMAAGRO,INE0ECP01024,EQ,23.49,24.25,23.07,23.40,23.47,3179782,74703524.10,5246
NSE,HMVL,INE871K01015,BE,75.26,78.85,74.50,76.00,77.44,21768,1668554.56,138
NSE,HNDFDS,INE254N01026,EQ,580.00,580.00,556.55,570.05,574.60,57425,32528225.55,4568
NSE,HOMEFIRST,INE481N01025,EQ,1122.60,1122.60,1075.10,1096.20,1125.70,379744,413191287.80,49796
NSE,HONASA,INE0J5401028,EQ,431.95,444.00,427.00,442.10,427.90,817839,356575962.70,34050
NSE,HONAUT,INE671A01010,EQ,33845.00,34140.00,33595.00,33785.00,33470.00,1798,60850615.00,1287
NSE,HONDAPOWER,INE634A01018,EQ,1919.90,1919.90,1848.00,1865.20,1886.30,2605,4862677.30,615
NSE,HORIZONIND,INE685T01010,EQ,48.65,48.92,47.56,47.75,48.65,2149178,103446271.86,16838
NSE,HPAL,INE0GSL01024,EQ,34.47,35.49,33.30,33.90,33.81,39685,1345458.12,593
NSE,HPIL,INE05X901010,EQ,113.50,114.80,105.65,110.64,114.44,347,38438.94,41
NSE,HPL,INE495S01016,EQ,265.40,272.00,263.50,264.75,267.20,53225,14191099.70,2752
NSE,HRYNSHP,INE400G01011,EQ,108.00,108.00,92.20,96.65,97.98,1040,103056.65,103
NSE,HSCL,INE019C01026,EQ,665.95,672.50,656.50,659.85,665.15,876519,580862590.45,22051
NSE,HTEL,INE0LEG01024,EQ,72.87,73.84,70.15,70.43,72.92,977060,70048002.74,9435
NSE,HTMEDIA,INE501G01024,EQ,22.01,22.74,22.01,22.14,22.38,32181,713900.24,280
NSE,HUBTOWN,INE703H01016,EQ,177.35,178.50,166.99,168.09,177.42,425823,72652410.45,5712
NSE,HUDCO,INE031A01017,EQ,163.50,164.99,161.34,162.09,161.54,1688872,275065343.67,25333
NSE,HUHTAMAKI,INE275B01026,EQ,232.95,234.80,226.10,227.52,232.72,103891,23839626.88,3982
NSE,HYBRIDFIN,INE965B01022,EQ,17.20,17.99,16.80,17.43,17.36,6826,118418.53,74
NSE,HYUNDAI,INE0V6F01027,EQ,2023.90,2031.50,1981.90,2000.00,2024.00,328159,656818438.80,22696
NSE,IBULLSLTD,INE126M01010,EQ,30.10,30.80,29.17,29.48,29.43,23357499,694973408.40,19130
NSE,ICDSLTD,INE613B01010,BE,46.50,48.82,44.26,44.61,46.50,1626,76872.83,30
NSE,ICEMAKE,INE520Y01019,EQ,623.50,634.40,619.10,628.55,623.65,14078,8801212.55,1346
NSE,ICICIAMC,INE346A01027,EQ,3085.90,3095.60,3045.00,3061.20,3084.40,163817,502932595.70,31299
NSE,ICICIBANK,INE090A01021,EQ,1311.00,1334.70,1303.70,1332.00,1310.60,13223493,17450790020.20,165406
NSE,ICICIGI,INE765G01017,EQ,1563.00,1608.00,1561.10,1600.00,1563.00,1196366,1909389667.00,46380
NSE,ICICIPRULI,INE726G01019,EQ,448.00,457.00,446.05,454.90,448.05,1224982,554597468.25,50850
NSE,ICIL,INE483B01026,EQ,445.90,456.60,443.55,446.20,443.65,171574,76971999.45,14486
NSE,ICRA,INE725G01011,EQ,4334.60,4340.00,4249.00,4297.50,4318.30,24260,104001340.80,4343
NSE,IDBI,INE008A01015,EQ,87.00,88.01,85.35,86.31,86.57,11796166,1021914035.78,62476
NSE,IDEA,INE669E01016,EQ,12.75,12.90,12.56,12.74,12.64,460591162,5853041331.32,575476
NSE,IDEAFORGE,INE349Y01013,EQ,731.20,733.50,698.25,701.65,735.00,334860,236353144.35,19258
NSE,IDFCFIRSTB,INE092T01019,EQ,80.76,82.30,80.65,82.22,80.39,18439126,1508840049.22,63525
NSE,IEX,INE022Q01020,EQ,106.00,106.49,103.94,104.30,105.98,3096998,324663363.75,31571
NSE,IFBAGRO,INE076C01018,EQ,855.00,878.95,855.00,872.00,866.95,2243,1936439.85,325
NSE,IFBIND,INE559A01017,EQ,1175.00,1201.80,1140.00,1178.80,1166.20,34216,40311999.60,3718
NSE,IFCI,INE039A01010,EQ,65.50,66.93,63.93,64.28,65.14,33656348,2196486844.51,103118
NSE,IFGLEXPOR,INE133Y01011,EQ,192.20,195.30,182.15,183.99,189.57,29347,5454181.74,1411
NSE,IGARASHI,INE188B01013,EQ,395.65,403.55,388.45,389.65,398.95,31532,12390122.10,2041
NSE,IGCL,INE05J901018,EQ,54.62,55.93,53.00,53.40,54.62,64015,3458217.16,2051
NSE,IGIL,INE0Q9301021,EQ,317.90,320.70,311.00,316.25,311.95,422079,133409149.90,10713
NSE,IGL,INE203G01027,EQ,142.79,143.57,141.50,142.10,142.79,948892,135229337.62,37995
NSE,IGPL,INE204A01010,EQ,575.80,581.70,548.10,554.00,569.55,49844,28167727.80,2106
NSE,IIFL,INE530B01024,EQ,590.00,609.00,587.35,601.15,583.80,1622026,969597883.80,48773
NSE,IIFLCAPS,INE489L01022,EQ,346.90,346.90,341.55,345.20,345.60,319157,110131938.85,5033
NSE,IITL,INE886A01014,EQ,132.56,135.00,127.10,129.40,132.56,100228,13299759.96,965
NSE,IKIO,INE0LOJ01019,EQ,195.00,200.00,190.21,192.22,190.96,91418,17643469.30,2996
NSE,IKS,INE115Q01022,EQ,1791.00,1798.30,1742.50,1766.80,1776.40,119886,212500237.10,13150
NSE,IMAGICAA,INE172N01012,EQ,50.85,51.99,48.61,48.76,50.70,488855,24199975.70,3063
NSE,IMFA,INE919H01018,EQ,1187.50,1204.80,1148.20,1158.90,1176.80,93925,109488844.00,10421
NSE,IMPAL,INE547E01014,EQ,1021.00,1040.00,1002.00,1026.20,1009.10,2317,2367044.70,293
NSE,INA,INE0LGX01024,EQ,87.95,89.22,83.05,83.44,87.02,619352,52357127.71,5253
NSE,INCREDIBLE,INE452L01012,EQ,32.46,32.46,30.60,31.48,31.37,26959,849620.80,191
NSE,INDBANK,INE841B01017,EQ,25.70,25.70,25.00,25.17,25.20,22541,568387.20,271
NSE,INDGN,INE065X01017,EQ,598.25,605.50,588.00,598.45,593.50,510522,305671537.70,30939
NSE,INDHOTEL,INE053A01029,EQ,713.00,726.60,713.00,725.00,718.00,3696656,2667409532.75,49928
NSE,INDIACEM,INE383A01012,EQ,295.00,302.00,290.00,299.05,295.15,143087,42690624.85,8279
NSE,INDIAGLYCO,INE560A01023,EQ,300.00,307.80,296.05,303.35,298.80,285941,86752922.60,8985
NSE,INDIAMART,INE933S01016,EQ,1620.30,1648.00,1565.10,1591.50,1620.30,61789,98684588.90,10576
NSE,INDIANB,INE562A01011,EQ,801.75,817.90,801.75,810.00,793.15,1043196,843589079.70,41061
NSE,INDIANCARD,INE061A01014,EQ,188.37,191.99,181.24,184.82,188.37,1899,353052.58,42
NSE,INDIANHUME,INE323C01030,EQ,346.10,347.85,334.05,335.70,346.10,23630,7997723.85,2333
NSE,INDIASHLTR,INE922K01024,EQ,645.00,653.60,636.70,646.60,645.60,225850,146202629.60,14459
NSE,INDIGO,INE646L01027,EQ,4945.00,4999.00,4907.70,4935.00,4929.90,404828,2000254683.20,46032
NSE,INDIGOPNTS,INE09VQ01012,EQ,1049.30,1064.20,1033.10,1040.00,1053.50,56278,58688885.90,10572
NSE,INDIQUBE,INE06ST01018,EQ,200.00,200.00,193.81,197.40,197.49,101074,19795673.89,1070
NSE,INDNIPPON,INE092B01025,EQ,1237.90,1253.60,1205.00,1220.30,1224.40,40393,49380191.90,4982
NSE,INDOAMIN,INE760F01028,EQ,136.55,150.00,136.55,143.31,136.52,590272,85390801.00,9029
NSE,INDOBORAX,INE803D01021,EQ,476.55,478.80,457.40,460.65,469.50,82751,38752268.30,3219
NSE,INDOCO,INE873D01024,EQ,252.00,255.65,244.10,246.80,251.75,311539,77284041.15,8692
NSE,INDOFARM,INE622H01018,EQ,133.99,133.99,128.50,129.43,131.77,74848,9763563.75,1808
NSE,INDOKEM,INE716F01012,EQ,602.35,602.35,585.00,598.25,603.70,1304,777746.30,204
NSE,INDOMIM,INE084101034,EQ,1292.00,1333.90,1284.90,1320.40,1271.80,939096,1237019554.60,40906
NSE,INDORAMA,INE156A01020,EQ,97.95,99.79,93.15,93.69,95.81,760868,73188184.09,8078
NSE,INDOSTAR,INE896L01010,EQ,205.76,210.05,202.56,204.33,206.35,45587,9359629.97,1375
NSE,INDOTECH,INE332H01014,EQ,3414.60,3473.30,3251.10,3275.40,3347.60,24448,82250511.70,3620
NSE,INDOTHAI,INE337M01021,EQ,36.70,36.94,35.42,36.94,35.19,957718,35031150.22,3936
NSE,INDOUS,INE250Z01010,EQ,81.00,81.00,74.15,75.50,76.75,13152,1001416.71,693
NSE,INDOWIND,INE227G01018,EQ,8.44,8.74,8.30,8.41,8.44,122499,1043959.23,597
NSE,INDPRUD,INE620D01011,EQ,6305.00,6350.00,6290.00,6350.00,6255.50,27,170125.00,7
NSE,INDRAMEDCO,INE681B01017,EQ,341.85,342.25,331.55,333.95,338.60,119110,39954292.35,6526
NSE,INDSWFTLAB,INE915B01019,EQ,399.00,410.00,383.75,385.75,395.15,346248,134938737.60,8599
NSE,INDTERRAIN,INE611L01021,EQ,29.22,29.50,29.15,29.36,29.22,8392,245041.30,57
NSE,INDUSINDBK,INE095A01012,EQ,891.60,900.25,880.70,886.60,886.85,2459043,2181456471.15,62601
NSE,INDUSTOWER,INE121J01017,EQ,381.40,381.45,375.25,380.20,376.25,5862757,2223601216.00,68912
NSE,INFOBEAN,INE344S01016,EQ,144.22,151.69,144.22,148.08,143.58,244306,36196923.00,3680
NSE,INFOMEDIA,INE669A01022,EQ,5.54,5.54,5.16,5.21,5.32,9684,50783.36,60
NSE,INFY,INE009A01021,EQ,1050.00,1052.30,1010.00,1020.50,1035.00,12126808,12427991679.85,190921
NSE,INGERRAND,INE177A01018,EQ,4158.80,4224.10,4135.00,4154.20,4158.80,7413,30922634.30,1892
NSE,INNOVACAP,INE0DUT01020,EQ,1168.50,1193.00,1119.80,1145.40,1168.00,102598,117193136.30,11498
NSE,INNOVANA,INE403Y01018,EQ,292.85,304.85,287.55,302.30,290.20,27710,8237348.85,784
NSE,INNOVISION,INE0ADB01012,EQ,258.00,258.00,248.00,254.25,253.00,15235,3847415.15,691
NSE,INOXGREEN,INE510W01014,EQ,159.00,160.00,147.65,149.95,159.00,3846331,580775929.21,30388
NSE,INOXINDIA,INE616N01034,EQ,2170.00,2202.20,2074.90,2089.10,2168.30,300602,638026145.80,38139
NSE,INOXWIND,INE066P01011,EQ,69.00,69.88,67.60,67.80,68.75,5978012,409678909.56,25262
NSE,INSECTICID,INE070I01018,EQ,578.85,593.45,566.15,578.80,568.70,15020,8640328.40,999
NSE,INSPIRISYS,INE020G01017,EQ,84.00,85.79,83.00,83.02,83.83,5653,474205.16,38
NSE,INTELLECT,INE306R01017,EQ,619.00,619.00,593.65,600.20,610.95,306571,184882808.30,26007
NSE,INTENTECH,INE781A01025,EQ,81.56,81.56,80.00,80.58,81.98,19297,1555128.30,230
NSE,INTERARCH,INE00M901018,EQ,1664.60,1685.10,1641.60,1661.70,1666.90,35888,59502231.80,3943
NSE,INTLCONV,INE575C01027,EQ,82.30,82.30,80.00,80.06,80.03,34181,2749779.95,428
NSE,INVENTURE,INE878H01024,EQ,0.86,0.86,0.85,0.85,0.85,449348,382921.75,286
NSE,INVPRECQ,INE155E01016,BE,1639.00,1651.00,1580.10,1612.10,1595.20,4896,7929194.60,253
NSE,IOB,INE565A01014,EQ,30.50,31.90,30.50,31.35,30.38,4689838,146637286.66,30479
NSE,IOC,INE242A01010,EQ,132.48,134.35,129.80,130.50,131.34,9644919,1267379824.58,71876
NSE,IOLCP,INE485C01029,EQ,211.48,214.40,204.35,205.71,209.39,2946260,616005939.90,40615
NSE,IONEXCHANG,INE570A01022,EQ,405.05,410.00,397.10,401.75,406.40,203327,81781726.65,14108
NSE,IPCALAB,INE571A01038,EQ,1973.70,1984.90,1930.30,1951.30,1943.20,210605,413117071.70,32579
NSE,IPL,INE0D6701023,EQ,132.00,132.00,128.10,128.75,130.68,167598,21671531.25,2468
NSE,IPRINGLTD,INE558A01019,EQ,135.05,144.00,135.00,137.15,141.95,1997,275769.42,67
NSE,IRB,INE821I01022,EQ,17.05,17.30,16.80,16.87,17.00,10276300,174193700.06,23245
NSE,IRCON,INE962Y01021,EQ,110.25,111.11,106.25,106.88,110.25,4101437,442029844.01,42752
NSE,IRCTC,INE335Y01020,EQ,454.15,464.60,448.05,452.80,454.10,1583641,725442673.35,66595
NSE,IREDA,INE202E01016,EQ,111.68,111.86,108.50,109.00,111.00,4155590,455799879.96,34653
NSE,IRFC,INE053F01010,EQ,78.00,78.10,76.06,76.50,77.06,8816833,677813805.44,59541
NSE,IRIS,INE864K01010,EQ,225.10,227.13,219.11,220.46,225.10,5596,1240687.90,343
NSE,IRISDOREME,INE01GN01025,EQ,62.00,62.00,57.72,59.69,60.46,439369,26104042.37,3868
NSE,IRMENERGY,INE07U701015,EQ,260.90,264.80,256.80,259.50,257.70,47444,12323279.90,2858
NSE,ISFT,INE566K01011,BE,97.91,101.00,93.50,99.82,97.91,10417,1011139.50,133
NSE,ISGEC,INE858B01029,EQ,924.45,926.10,892.40,899.30,919.70,88849,80249501.15,12459
NSE,ISHANCH,INE561M01018,EQ,48.89,48.89,45.72,47.39,47.30,4869,228212.84,159
NSE,ISTLTD,INE684B01029,EQ,635.00,640.00,585.00,610.50,635.00,1474,903891.30,247
NSE,ITC,INE154A01025,EQ,260.95,269.80,259.00,268.90,255.90,49020716,12945112202.95,189741
NSE,ITCHOTELS,INE379A01028,EQ,159.80,160.80,158.11,158.96,158.51,922569,147011682.38,16902
NSE,ITDC,INE353K01014,EQ,667.80,682.00,660.00,664.80,665.60,143155,95948970.85,9168
NSE,ITI,INE248A01017,EQ,241.70,245.49,238.55,240.75,241.54,171192,41472358.54,6807
NSE,ITL,INE478D01014,EQ,356.60,356.60,343.05,355.40,348.00,827,288178.25,60
NSE,IVALUE,INE056801025,EQ,221.69,232.00,221.47,228.29,219.28,215545,49156311.96,3944
NSE,IVC,INE050B01023,EQ,8.05,8.18,7.80,7.85,7.81,238985,1906567.05,1263
NSE,IVP,INE043C01018,BE,225.05,231.99,216.32,219.17,224.81,22928,5166101.40,168
NSE,IWP,INE586E01020,EQ,36.46,40.83,35.01,38.73,36.46,94608,3607538.43,837
NSE,IXIGO,INE0HV901016,EQ,162.00,165.51,159.71,161.00,161.90,744966,120730762.81,18360
NSE,IZMO,INE848A01014,EQ,859.95,894.45,850.10,870.70,855.95,89447,77925716.80,6287
NSE,J&KBANK,INE168A01041,EQ,141.38,143.46,139.83,141.53,139.98,3523704,497383211.01,43909
NSE,JAGRAN,INE199G01027,EQ,61.55,62.00,61.11,61.33,61.55,134875,8288783.80,1998
NSE,JAGSNPHARM,INE048B01035,EQ,232.49,235.39,227.00,229.47,231.73,146699,33959296.55,3606
NSE,JAIBALAJI,INE091G01026,EQ,63.37,63.37,59.51,61.12,61.72,375785,22849034.08,2919
NSE,JAICORPLTD,INE070D01027,EQ,88.20,90.39,87.51,88.49,89.54,333789,29569984.90,4813
NSE,JAINREC,INE0YD401026,EQ,285.60,292.75,282.50,290.45,282.50,699536,201870721.35,20440
NSE,JAIPURKURT,INE696V01013,EQ,27.00,27.00,25.59,26.01,26.49,9493,248946.54,103
NSE,JAMNAAUTO,INE039C01032,EQ,132.51,134.88,131.71,134.45,131.66,1040621,138709473.28,23905
NSE,JARO,INE00YJ01010,EQ,414.30,414.30,401.15,405.15,408.40,103783,42165000.20,2640
NSE,JASH,INE039O01029,EQ,582.00,605.00,581.00,598.10,576.30,495530,296113353.45,22352
NSE,JAYAGROGN,INE785A01026,EQ,213.60,218.38,210.25,211.82,211.22,11264,2415640.74,467
NSE,JAYBARMARU,INE571B01036,EQ,133.00,133.00,127.10,127.98,130.80,323573,41871946.03,5507
NSE,JAYKAY,INE903A01025,EQ,203.45,230.00,203.45,221.97,201.46,5652546,1243765857.38,82103
NSE,JAYNECOIND,INE854B01010,EQ,91.10,93.39,90.00,91.00,91.28,2941585,268262862.12,25219
NSE,JAYSREETEA,INE364A01020,EQ,84.95,85.00,81.61,82.70,83.65,35363,2940485.33,647
NSE,JBMA,INE927D01051,EQ,550.00,557.00,540.60,544.55,544.65,186164,101899183.70,14340
NSE,JENBURPH,INE354A01013,EQ,919.90,934.00,897.25,900.40,915.25,1262,1147192.40,107
NSE,JETFREIGHT,INE982V01025,EQ,19.94,20.25,19.07,19.85,19.59,184688,3628913.26,2176
NSE,JGCHEM,INE0MB501011,EQ,610.90,628.75,605.00,609.65,610.30,297878,183206433.60,11017
NSE,JHS,INE544H01014,EQ,11.89,12.15,10.53,10.53,11.70,1114692,11918323.51,1804
NSE,JINDALPHOT,INE796G01012,EQ,1020.40,1059.70,1020.40,1024.70,1031.80,875,899872.90,168
NSE,JINDALPOLY,INE197D01010,EQ,653.70,664.90,636.00,641.60,653.70,14364,9285935.70,1024
NSE,JINDALSAW,INE324A01032,EQ,270.05,277.40,270.05,275.00,270.30,1309022,359468654.30,32816
NSE,JINDALSTEL,INE749A01030,EQ,1101.10,1115.80,1086.70,1097.30,1100.50,444005,486453107.60,18210
NSE,JINDRILL,INE742C01031,EQ,587.65,593.90,583.15,585.95,587.65,99604,58581460.15,4354
NSE,JINDWORLD,INE247D01039,EQ,46.45,47.20,45.10,45.37,45.82,2517504,115633048.05,7985
NSE,JIOFIN,INE758E01017,EQ,213.85,213.99,210.52,212.00,212.50,16101981,3410906548.16,137102
NSE,JISLJALEQS,INE175A01038,EQ,27.45,27.83,26.70,26.81,27.30,1197115,32447592.12,3728
NSE,JITFINFRA,INE863T01013,EQ,270.60,277.90,260.60,266.50,275.45,23423,6255975.70,1081
NSE,JKCEMENT,INE823G01014,EQ,4983.00,5014.50,4903.50,4981.50,4952.00,9705,47984563.50,3142
NSE,JKIL,INE576I01022,EQ,465.90,465.90,450.30,453.70,461.85,44272,20132647.25,2743
NSE,JKIPL,INE1FF001016,EQ,96.00,98.50,94.01,95.13,96.51,3783,359385.95,131
NSE,JKLAKSHMI,INE786A01032,EQ,477.00,481.30,465.00,466.80,476.60,237436,111509154.80,17051
NSE,JKPAPER,INE789E01012,EQ,382.60,390.55,380.05,385.65,382.60,164425,63451767.80,8250
NSE,JKTYRE,INE573A01042,EQ,341.10,345.75,336.55,338.85,340.35,571827,195091979.80,17293
NSE,JLHL,INE682M01020,EQ,258.55,263.85,248.85,253.90,259.85,495948,124657734.70,22035
NSE,JMA,INE412C01023,EQ,86.26,89.60,86.26,87.07,87.64,3845,335705.11,97
NSE,JMFINANCIL,INE780C01023,EQ,125.00,126.37,122.70,123.10,123.40,1028560,127491379.03,17127
NSE,JNKINDIA,INE0OAF01028,EQ,432.70,446.65,430.45,432.20,432.70,70571,30899184.85,4306
NSE,JNPR,INE05C901015,EQ,270.90,280.90,269.00,271.30,268.25,1216951,334935928.05,33535
NSE,JOCIL,INE839G01010,EQ,149.99,149.99,145.65,147.84,145.22,2559,381609.63,65
NSE,JPOLYINVST,INE147P01019,EQ,900.00,925.00,885.00,891.20,911.00,5572,5016309.70,825
NSE,JPPOWER,INE351F01018,EQ,15.00,15.10,14.86,14.91,14.80,31282813,467986512.33,1159623
NSE,JSFB,INE953L01027,EQ,487.45,501.85,483.25,498.60,482.40,673840,334173846.85,34202
NSE,JSIPL,INE1DLO01028,BE,177.26,177.26,177.26,177.26,168.82,40204,7126561.04,374
NSE,JSL,INE220G01021,EQ,735.00,747.00,728.90,742.00,732.70,393852,291386391.65,26767
NSE,JSLL,INE0J5801029,EQ,483.90,486.25,445.65,449.90,480.80,1610523,737235836.90,68504
NSE,JSWCEMENT,INE718I01012,EQ,112.00,113.31,109.86,111.09,111.60,1631122,181546358.35,31382
NSE,JSWDULUX,INE133A01011,EQ,3048.40,3058.50,2928.90,2964.80,3020.60,48643,144091476.00,11126
NSE,JSWENERGY,INE121E01018,EQ,485.85,491.80,483.25,491.80,485.00,1014257,494739707.65,26621
NSE,JSWHL,INE824G01012,EQ,11205.00,11417.00,11108.00,11350.00,11258.00,1708,19359227.00,831
NSE,JSWINFRA,INE880J01026,EQ,357.50,364.00,356.05,359.40,357.45,2349162,847487579.65,54383
NSE,JSWSTEEL,INE019A01038,EQ,1233.00,1252.40,1228.70,1235.30,1233.00,1047395,1294392586.30,42443
NSE,JTEKTINDIA,INE643A01035,EQ,116.30,117.86,113.07,113.68,115.84,114675,13160208.48,1962
NSE,JTLIND,INE391J01032,EQ,87.00,88.43,84.56,84.98,86.23,1489386,128376946.34,14087
NSE,JUBLCPL,INE03CC01015,EQ,2010.00,2072.40,1991.00,2021.80,2037.30,8012,16141350.80,929
NSE,JUBLFOOD,INE797F01020,EQ,442.80,447.75,438.80,445.70,443.40,949778,421929194.50,19306
NSE,JUBLINGREA,INE0BY001018,EQ,638.00,645.85,625.00,632.20,638.00,218343,138209023.20,12314
NSE,JUBLPHARMA,INE700A01033,EQ,999.80,1012.00,972.10,981.60,999.30,203076,199930739.90,22717
NSE,JUNIPER,INE696F01016,EQ,217.90,218.60,214.21,216.00,214.99,53063,11448349.99,1205
NSE,JUSTDIAL,INE599M01018,EQ,653.15,666.10,648.00,651.35,653.15,70392,46101511.30,4716
NSE,JWL,INE209L01016,EQ,224.20,226.99,218.61,223.44,223.93,1604474,357447821.06,38089
NSE,JYOTHYLAB,INE668F01031,EQ,182.91,183.17,180.00,180.93,182.91,276917,50170537.17,15987
NSE,JYOTICNC,INE980O01024,EQ,1052.70,1060.00,1020.50,1029.60,1032.10,397257,413161595.40,25507
NSE,JYOTIRES,INE577D01013,EQ,844.90,845.00,831.05,832.90,840.65,5477,4573441.60,731
NSE,JYOTISTRUC,INE197A01024,EQ,8.90,9.06,8.65,8.67,8.90,3922651,34447300.35,4337
NSE,KABRAEXTRU,INE900B01029,BE,754.50,803.55,747.00,799.40,765.30,142249,113117535.65,2267
NSE,KAJARIACER,INE217B01036,EQ,1230.00,1230.00,1202.60,1214.40,1225.10,629499,765021121.70,41777
NSE,KAKATCEM,INE437B01014,EQ,103.01,105.90,103.01,104.79,103.09,458,47772.84,35
NSE,KALAMANDIR,INE438K01021,EQ,74.28,78.25,74.06,74.98,74.37,666784,50832129.21,7663
NSE,KALPATARU,INE227J01012,EQ,271.00,279.75,270.00,272.30,273.50,17262,4712542.65,762
NSE,KALYANIFRG,INE314G01014,BE,972.00,972.00,912.20,920.05,944.75,1378,1283748.55,106
NSE,KALYANKJIL,INE303R01014,EQ,534.90,564.95,529.10,556.85,528.50,13447714,7456278263.10,141286
NSE,KAMAHOLD,INE411F01010,EQ,2263.00,2273.90,2225.00,2229.30,2263.00,1180,2646431.60,356
NSE,KAMANWALA,INE344D01018,EQ,16.31,17.35,16.31,16.60,17.14,1172,19432.84,13
NSE,KAMATHOTEL,INE967C01018,EQ,238.40,248.86,236.50,245.99,237.45,121580,29655683.98,3773
NSE,KAMDHENU,INE390H01020,EQ,37.50,38.20,36.40,36.73,37.59,663573,24678535.75,6035
NSE,KAMOPAINTS,INE0BTI01037,EQ,4.10,4.22,4.00,4.11,4.10,123407,507080.59,551
NSE,KANANIIND,INE879E01037,EQ,1.36,1.36,1.26,1.30,1.34,167592,221435.73,386
NSE,KANCHI,INE081G01019,EQ,379.85,385.10,367.70,378.70,379.80,772,289846.05,96
NSE,KANCOTEA,INE398L01017,EQ,51.40,52.95,48.60,51.69,53.00,111,5672.54,9
NSE,KANOHAR,INE877D01025,EQ,916.00,1047.80,916.00,1020.25,906.35,17161082,16862303839.50,516269
NSE,KANORICHEM,INE138C01024,BE,189.00,192.50,179.57,182.71,189.02,28862,5280200.07,358
NSE,KANPRPLA,INE694E01014,EQ,246.00,260.00,246.00,252.24,245.55,26865,6811605.30,747
NSE,KANSAINER,INE531A01024,EQ,175.40,177.59,175.17,176.97,175.27,241586,42693066.34,9597
NSE,KAPSTON,INE542Z01028,EQ,552.30,555.90,545.30,548.60,542.35,68742,37752506.90,3186
NSE,KARAMTARA,INE590T01012,EQ,410.95,434.00,405.25,416.30,410.95,2128191,896973453.70,45083
NSE,KARMAENG,INE725L01011,EQ,35.80,36.60,34.00,35.90,36.33,9516,336760.41,117
NSE,KARURVYSYA,INE036D01028,EQ,326.10,330.90,320.55,324.70,325.30,1950191,633618755.40,58786
NSE,KAUSHALYA,INE234I01028,BE,825.00,834.00,805.00,813.35,834.00,33,26743.50,11
NSE,KAVDEFENCE,INE641C01019,BE,77.67,81.48,77.60,81.48,77.60,143167,11580612.87,900
NSE,KAYA,INE587G01015,BE,292.05,310.00,292.05,306.70,298.15,2943,898917.90,87
NSE,KAYNES,INE918Z01012,EQ,3433.00,3474.00,3371.00,3394.80,3399.00,706676,2418562330.30,48063
NSE,KCP,INE805C01028,EQ,154.99,158.69,153.01,155.61,154.17,159779,24830269.04,2470
NSE,KCPSUGIND,INE790B01024,BE,26.60,27.00,25.38,25.42,26.71,187313,4866389.63,517
NSE,KDDL,INE291D01011,EQ,3980.70,4032.60,3877.00,3943.40,3911.20,28095,110457189.30,5548
NSE,KDGREEN,INE348N01042,EQ,49.70,49.70,46.81,48.29,46.76,19026,918072.72,1253
NSE,KEC,INE389H01022,EQ,374.90,380.70,369.00,370.55,372.35,489498,182966386.20,19725
NSE,KECL,INE134B01017,EQ,119.00,129.89,119.00,125.42,120.43,432446,54256328.96,8111
NSE,KEEPLEARN,INE055C01020,EQ,1.87,1.87,1.72,1.79,1.84,22959,41182.64,91
NSE,KEI,INE878B01027,EQ,4539.00,4652.80,4510.00,4638.20,4502.00,275897,1275971691.90,24943
NSE,KELLTONTEC,INE164B01030,EQ,12.50,12.87,12.12,12.18,12.42,1591415,19565563.73,4355
NSE,KENNAMET,INE717A01029,EQ,4346.70,4355.50,4162.30,4193.70,4277.50,15124,64155483.30,3926
NSE,KERNEX,INE202H01019,EQ,1661.00,1677.90,1620.00,1661.80,1643.50,104377,172036543.90,10380
NSE,KESORAMIND,INE087A01019,EQ,10.69,10.99,10.20,10.25,10.73,1053058,10899773.45,1748
NSE,KEYFINSERV,INE681C01015,EQ,244.05,244.05,237.01,237.01,244.05,205,49473.25,4
NSE,KFINTECH,INE138Y01010,EQ,836.15,872.30,835.00,867.50,832.00,977572,841489087.05,45768
NSE,KHADIM,INE834I01025,BE,112.60,115.40,112.00,115.40,113.40,26480,3037602.30,61
NSE,KHAICHEM,INE745B01028,EQ,50.00,50.50,47.50,48.03,49.22,137074,6694400.75,1511
NSE,KHAITANLTD,INE731C01018,EQ,146.46,148.97,142.40,144.31,147.19,970,141255.74,53
NSE,KHANDSE,INE060B01014,EQ,16.71,17.69,16.35,16.92,16.76,3208,53981.77,72
NSE,KICL,INE029L01018,EQ,4635.00,4774.00,4635.00,4709.80,4693.20,1022,4807097.10,214
NSE,KILITCH,INE729D01010,EQ,229.00,248.30,220.00,233.74,218.51,246614,58021080.75,4940
NSE,KIMS,INE967H01025,EQ,739.00,747.85,700.05,705.45,736.25,850822,608424158.55,36235
NSE,KINGFA,INE473D01015,EQ,6586.00,6700.00,6528.50,6669.00,6586.50,8689,57587495.50,2756
NSE,KIOCL,INE880L01014,EQ,324.00,330.60,321.55,322.65,323.85,35861,11666963.45,2355
NSE,KIRANVYPAR,INE555P01013,EQ,180.65,185.00,173.10,179.99,179.21,2295,413926.71,86
NSE,KIRIINDUS,INE415I01015,EQ,546.90,557.95,542.00,542.40,544.60,364409,199145832.70,8899
NSE,KIRLFER,INE884B01025,EQ,465.05,467.25,463.50,465.00,465.85,67483,31385644.55,1825
NSE,KIRLOSBROS,INE732A01036,EQ,1769.80,1790.60,1736.20,1742.40,1767.60,29626,51913297.00,5197
NSE,KIRLOSENG,INE146L01010,EQ,2265.00,2339.70,2231.60,2243.70,2242.70,511911,1165066709.50,58014
NSE,KIRLOSIND,INE250A01039,EQ,3470.00,3575.00,3434.00,3467.00,3471.40,6729,23593916.60,1545
NSE,KIRLPNU,INE811A01038,EQ,685.00,694.00,668.00,677.60,681.95,63113,42799917.20,8900
NSE,KISSHT,INE12F801023,EQ,377.15,388.15,370.05,379.20,371.15,1755374,664753168.45,39462
NSE,KITEX,INE602G01020,EQ,118.65,123.63,117.20,118.02,116.68,568407,68083061.02,8019
NSE,KJMCFIN,INE533C01018,EQ,58.09,61.00,57.51,58.25,58.38,32,1862.09,10
NSE,KKCL,INE401H01017,EQ,487.00,487.00,455.60,470.40,475.65,76937,35568878.60,1642
NSE,KLBRENG-B,INE338F01015,EQ,530.00,538.65,517.55,524.30,523.95,101469,53416621.85,4932
NSE,KMCSHIL,INE879K01018,EQ,172.58,175.55,166.15,169.38,171.94,266436,45257876.34,6624
NSE,KMEW,INE0CJD01029,EQ,2950.00,3033.00,2921.70,2992.50,2950.10,95247,284046418.40,17643
NSE,KMSUGAR,INE157H01023,BE,26.60,28.15,26.36,26.96,27.74,169637,4566762.32,647
NSE,KNACK,INE17QZ01016,EQ,181.05,189.99,175.00,188.91,180.67,3812054,698756795.19,52595
NSE,KNAGRI,INE0KNW01016,EQ,204.98,210.00,198.00,198.83,200.50,3725,753945.16,169
NSE,KNRCON,INE634I01029,EQ,116.00,116.16,111.16,111.89,113.29,801628,90675964.25,12191
NSE,KOHINOOR,INE080B01012,EQ,30.03,30.52,28.40,28.95,30.03,109794,3254102.81,2051
NSE,KOKUYOCMLN,INE760A01029,EQ,76.55,76.55,74.00,75.82,74.77,25087,1882354.50,656
NSE,KOLTEPATIL,INE094I01018,EQ,421.00,432.00,413.45,430.45,418.80,49735,21311976.20,3200
NSE,KOPRAN,INE082A01010,EQ,285.30,288.00,267.35,268.70,282.05,401731,110204991.85,7477
NSE,KOTAKBANK,INE237A01036,EQ,418.00,424.45,413.75,416.00,418.35,21967652,9187765278.75,157580
NSE,KOTARISUG,INE419A01022,BE,25.25,26.20,25.25,25.83,25.68,15963,411757.15,167
NSE,KOTHARIPET,INE720A01015,EQ,126.07,129.90,125.00,125.53,126.58,39985,5052276.56,1318
NSE,KOTHARIPRO,INE823A01017,EQ,66.87,66.87,63.01,63.44,63.77,12826,822152.44,135
NSE,KOTIC,INE972A01020,EQ,147.09,151.50,144.00,148.68,147.10,11425,1694114.00,442
NSE,KOTYARK,INE0J0B01017,EQ,28.75,29.50,27.81,28.26,28.23,145196,4157051.95,869
NSE,KOVAI,INE177F01017,EQ,6010.00,6034.50,5940.00,5963.00,5993.50,4350,26023417.00,954
NSE,KPEL,INE127T01021,EQ,217.20,222.37,211.12,213.74,218.00,293880,63367659.56,7903
NSE,KPIGREEN,INE542W01025,EQ,345.60,348.90,320.00,321.85,345.60,1547466,510059879.75,35689
NSE,KPIL,INE220B01022,EQ,1357.00,1396.60,1356.40,1378.80,1356.40,130981,180886186.10,22422
NSE,KPITTECH,INE04I401011,EQ,499.85,508.95,489.00,489.50,492.00,1394781,693876932.60,28123
NSE,KPL,INE552U01010,EQ,3564.00,3664.00,3529.00,3644.20,3564.40,23020,83289246.10,4882
NSE,KPRMILL,INE930H01031,EQ,1072.00,1080.40,1052.00,1072.60,1071.00,109665,117270505.00,11011
NSE,KRBL,INE001B01026,EQ,375.90,384.20,375.00,382.15,375.90,178218,67811915.00,9868
NSE,KREBSBIO,INE268B01013,EQ,66.12,67.00,62.20,63.96,68.05,100565,6508442.99,1297
NSE,KRIDHANINF,INE524L01026,EQ,1.85,1.93,1.83,1.89,1.85,34177,64528.40,58
NSE,KRISHANA,INE506W01020,EQ,186.20,186.53,178.41,185.83,184.59,1043482,191541865.08,10608
NSE,KRISHIVAL,INE0GGO01015,EQ,399.00,414.20,399.00,406.50,394.50,21443,8649063.90,483
NSE,KRISHNADEF,INE0J5601015,EQ,1020.00,1201.00,1006.80,1201.00,1000.90,1437610,1670527431.40,69385
NSE,KRITI,INE479D01038,EQ,62.00,62.00,58.12,60.92,60.77,3625,216716.19,129
NSE,KRITIKA,INE00Z501029,EQ,4.91,5.04,4.69,4.78,4.91,171751,836335.07,566
NSE,KRITINUT,INE798K01010,EQ,68.74,69.85,66.55,69.26,66.53,18547,1271259.38,373
NSE,KRN,INE0Q3J01015,EQ,1426.00,1441.10,1373.00,1392.70,1414.70,222245,313364341.40,18451
NSE,KRONOX,INE0ATZ01017,BE,213.00,213.00,195.49,196.81,205.77,87005,17562515.26,813
NSE,KROSS,INE0O6601022,EQ,260.00,264.15,252.10,253.60,258.40,413785,106003506.05,9088
NSE,KRSNAA,INE08LI01020,EQ,555.00,564.10,551.30,559.35,554.85,50372,28134524.85,5216
NSE,KRYSTAL,INE0QN801017,EQ,607.00,683.95,607.00,654.65,610.20,41594,27082727.10,2229
NSE,KSB,INE999A01023,EQ,806.45,822.00,800.00,803.95,806.45,168361,136355129.65,11072
NSE,KSCL,INE455I01029,EQ,722.55,726.00,698.00,701.55,715.10,106240,75018936.50,5819
NSE,KSE,INE953E01022,EQ,177.01,177.01,173.00,174.60,174.84,12774,2229424.36,222
NSE,KSHINTL,INE987S01020,EQ,1031.60,1079.50,1027.30,1036.70,1028.20,320170,336737082.60,24540
NSE,KSHITIJPOL,INE013801027,BE,3.75,3.75,3.75,3.75,3.94,681473,2555523.75,452
NSE,KSL,INE907A01026,EQ,913.00,932.85,910.05,921.30,913.00,52793,48688641.40,4200
NSE,KSOLVES,INE0D6I01023,EQ,244.14,251.00,243.00,248.86,241.14,42315,10451890.50,1702
NSE,KSR,INE1SPP01016,BE,37.38,38.90,37.38,38.35,37.38,9977,382195.33,39
NSE,KTKBANK,INE614B01018,EQ,325.00,329.90,322.30,326.75,321.60,1078432,351500332.30,20439
NSE,KUANTUM,INE529I01021,EQ,77.05,78.80,75.01,76.43,76.71,126357,9723414.25,3367
NSE,KUSUMGAR,INE0ISX01025,EQ,600.60,608.90,593.00,602.00,592.55,509173,305520808.50,16192
NSE,KWIL,INE2KCE01013,EQ,38.73,39.22,37.71,37.88,38.36,7027970,268864331.04,26191
NSE,LADDERUP,INE519D01015,BE,51.28,52.69,51.28,52.16,50.27,387,20263.42,11
NSE,LAGNAM,INE548Z01017,EQ,71.90,72.50,69.81,71.10,71.90,2247,158900.24,49
NSE,LAHOTIOV,INE515C01023,EQ,38.95,40.00,38.90,39.98,39.26,479,18769.62,10
NSE,LAKSHMIMIL,INE938C01019,EQ,7917.50,7996.50,7505.00,7855.00,7819.50,17,133555.50,13
NSE,LAL,INE740X01023,EQ,8.31,8.59,8.31,8.45,8.45,20120,170015.89,102
NSE,LALITHAA,INE0K9O01026,EQ,390.80,406.00,385.65,392.60,387.85,3852094,1524213671.60,42701
NSE,LALPATHLAB,INE600L01024,EQ,2005.90,2026.00,1960.00,1971.30,2005.10,350211,693616765.40,43051
NSE,LAMBODHARA,INE112F01022,EQ,130.00,135.00,125.50,126.51,128.64,20982,2729144.57,435
NSE,LANCER,INE359U01028,EQ,11.34,11.34,11.05,11.15,11.05,101261,1132746.53,536
NSE,LANCORHOL,INE572G01025,BE,31.44,33.00,31.00,31.22,31.59,51866,1654750.11,214
NSE,LANDMARK,INE559R01029,EQ,465.00,475.00,456.00,470.70,463.25,196654,92017130.60,7947
NSE,LANDSMILL,INE688J01023,EQ,1.08,1.14,0.98,1.03,1.05,20241917,21539234.60,4560
NSE,LAOPALA,INE059D01020,EQ,156.50,159.53,154.00,154.47,156.11,96190,15015612.72,3619
NSE,LASA,INE670X01014,BE,5.32,5.32,5.32,5.32,5.60,59554,316827.28,124
NSE,LASERPOWER,INE17IR01028,EQ,267.55,270.00,258.00,267.75,262.75,523993,138812000.35,9949
NSE,LATENTVIEW,INE0I7C01011,EQ,238.00,245.00,233.49,235.68,234.48,521787,123275222.50,7337
NSE,LATTEYS,INE262Z01023,EQ,20.91,21.43,20.36,20.40,20.91,23814,491827.46,187
NSE,LAURUSLABS,INE947Q01028,EQ,1994.00,2002.00,1955.10,1971.40,1984.00,1374138,2707374073.50,63463
NSE,LAXMICOT,INE801V01019,EQ,13.30,13.30,12.71,12.91,13.30,13776,179062.67,92
NSE,LAXMIDENTL,INE0WO601020,EQ,195.76,200.00,189.00,190.54,193.87,40315,7753293.75,1403
NSE,LAXMIINDIA,INE06WU01026,EQ,118.11,121.19,112.10,112.94,119.02,134952,15534051.79,2588
NSE,LCCINFOTEC,INE938A01021,BE,3.99,4.08,3.71,3.71,3.90,34658,131629.64,132
NSE,LCCPROJECT,INE1FPN01026,EQ,152.00,152.53,145.56,148.44,151.47,698915,104090935.09,8210
NSE,LCL,INE0QJW01029,EQ,555.00,585.00,555.00,578.95,553.60,422841,243073907.95,28163
NSE,LEAPIND,INE00GO01025,EQ,137.50,144.90,137.50,141.35,137.03,2945969,419733054.69,38975
NSE,LEENEE,INE791B01014,BE,7.58,7.70,7.22,7.49,7.59,5617,41891.57,59
NSE,LEMERITE,INE0G1L01025,EQ,19.90,20.18,18.73,20.04,19.28,177611,3525525.32,342
NSE,LEMONTREE,INE970X01018,EQ,108.18,108.64,106.80,107.86,107.67,3295164,354835279.03,32597
NSE,LENSKART,INE956O01016,EQ,691.50,697.95,676.30,692.75,691.15,2961163,2034448429.95,70424
NSE,LEXUS,INE500X01013,EQ,11.00,11.15,10.15,10.81,10.56,22196,236753.19,219
NSE,LFIC,INE850E01012,EQ,129.01,132.00,127.60,128.62,133.82,1828,237709.73,111
NSE,LGBBROSLTD,INE337A01034,EQ,1700.00,1716.80,1650.00,1663.50,1711.10,27779,46774312.70,4025
NSE,LGEINDIA,INE324D01010,EQ,1715.00,1825.00,1715.00,1770.90,1721.80,3145126,5656300062.00,166478
NSE,LGHL,INE258Y01016,EQ,220.00,230.00,211.00,213.99,219.47,49302,10821249.70,817
NSE,LIBAS,INE908V01012,EQ,11.06,11.58,11.06,11.21,11.29,16049,182150.40,126
NSE,LIBERTSHOE,INE557B01019,EQ,217.87,219.94,211.01,212.42,216.78,20788,4451007.97,1061
NSE,LICHSGFIN,INE115A01026,EQ,513.50,514.90,501.90,505.00,509.00,1495045,758460221.35,26024
NSE,LICI,INE0J1Y01017,EQ,392.50,394.80,385.50,388.70,391.85,6242567,2425922592.40,73609
NSE,LIKHITHA,INE060901027,EQ,223.67,232.80,223.00,227.43,225.62,34535,7810832.35,1190
NSE,LINC,INE802B01027,EQ,87.00,88.65,85.55,87.53,86.54,17881,1553616.60,568
NSE,LINCOLN,INE405C01035,EQ,582.35,589.45,565.00,567.20,582.05,28961,16621401.35,1832
NSE,LINDEINDIA,INE473A01011,EQ,6247.00,6322.50,5991.00,6041.00,6247.50,43746,265937406.50,9596
NSE,LKPSEC,INE341H01023,EQ,14.60,14.70,14.00,14.26,14.56,7059,99912.20,140
NSE,LLOYDSENGG,INE093R01011,EQ,99.35,103.40,98.75,102.20,98.31,20393622,2074303612.29,88806
NSE,LLOYDSENT,INE080I01025,EQ,77.17,80.80,77.17,79.63,77.95,3820423,304627997.53,21141
NSE,LLOYDSME,INE281B01032,EQ,1780.10,1818.00,1780.10,1802.50,1776.80,781537,1410243627.80,25489
NSE,LMW,INE269B01029,EQ,16465.00,16625.00,16301.00,16530.00,16548.00,2863,47224721.00,1328
NSE,LODHA,INE670K01029,EQ,1102.60,1140.20,1101.80,1132.50,1105.60,1495653,1687034851.40,41270
NSE,LOKESHMACH,INE397H01017,EQ,407.00,451.00,393.60,446.25,400.80,1537872,664728014.70,44932
NSE,LORDSCHLO,INE846D01012,EQ,138.90,141.90,136.00,137.66,138.81,11752,1635680.03,443
NSE,LOTUSCHO,INE026D01011,EQ,565.85,565.85,526.10,536.80,540.35,1183,638713.15,278
NSE,LOTUSDEV,INE0V9Q01010,BE,234.00,240.40,227.90,237.89,230.07,3260516,759948756.15,5972
NSE,LOTUSEYE,INE947I01017,EQ,116.00,117.90,114.60,115.61,115.68,3544,408359.85,110
NSE,LOVABLE,INE597L01014,EQ,70.00,70.40,68.41,68.80,68.29,6735,466227.04,136
NSE,LOYALTEX,INE970D01010,EQ,207.50,207.50,206.50,206.50,207.50,116,23969.00,8
NSE,LPDC,INE197J01017,EQ,6.41,6.41,6.20,6.30,6.21,13911,87222.11,173
NSE,LT,INE018A01030,EQ,3717.00,3750.00,3707.80,3750.00,3693.40,2323437,8660500382.10,107385
NSE,LTF,INE498L01015,EQ,267.55,267.70,263.00,263.75,264.35,4100927,1084837807.85,44221
NSE,LTFOODS,INE818H01020,EQ,399.00,408.50,397.10,405.80,399.15,370391,149233798.35,22195
NSE,LTM,INE214T01019,EQ,4031.00,4073.00,3946.20,4010.00,4007.00,216279,866370687.50,20151
NSE,LTTS,INE010V01017,EQ,3305.10,3305.80,3201.00,3219.50,3267.80,62578,202787324.70,16302
NSE,LUMAXIND,INE162B01018,EQ,5504.50,5595.50,5430.00,5439.00,5550.00,7726,42438622.00,3326
NSE,LUMAXTECH,INE872H01027,EQ,1955.00,2001.10,1948.00,1967.60,1978.90,60434,119224441.60,10645
NSE,LUMINO,INE185Q01025,EQ,98.40,100.68,97.54,98.88,96.48,5684052,563961092.97,32053
NSE,LUPIN,INE326A01037,EQ,2015.40,2029.00,1996.30,2011.00,2031.20,571495,1148194420.70,30478
NSE,LUXIND,INE150G01020,EQ,1092.00,1220.00,1092.00,1183.90,1092.00,58898,68551048.80,4562
NSE,LXCHEM,INE576O01020,EQ,182.00,183.94,176.80,177.08,181.39,843634,151547278.44,15847
NSE,LYKALABS,INE933A01014,BE,81.60,82.98,77.48,77.48,81.55,36896,2886961.05,162
NSE,M&M,INE101A01026,EQ,2857.50,2874.00,2825.10,2857.60,2860.00,3307236,9428271585.70,151408
NSE,M&MFIN,INE774D01024,EQ,324.70,340.30,321.00,326.20,319.75,3956735,1309068523.25,88162
NSE,MAANALU,INE215I01027,EQ,103.40,106.50,101.10,104.98,99.34,139433,14624661.39,1948
NSE,MACPOWER,INE155Z01011,EQ,2180.00,2251.00,2121.00,2160.50,2144.80,64476,141017897.50,8089
NSE,MADHAV,INE925C01016,EQ,34.49,35.19,33.70,34.08,34.49,5497,187071.84,95
NSE,MADHAVIPL,INE631R01026,EQ,7.32,7.39,7.13,7.26,7.31,54097,393703.42,356
NSE,MADHUCON,INE378D01032,EQ,3.99,4.10,3.84,3.88,3.99,32001,124478.45,1153
NSE,MADRASFERT,INE414A01015,EQ,57.26,58.49,57.26,57.61,57.46,26788,1543964.04,601
NSE,MAFATIND,INE270B01035,EQ,115.00,116.73,106.41,109.26,114.38,85412,9466363.93,1833
NSE,MAGADSUGAR,INE347W01011,EQ,513.00,558.95,513.00,539.40,511.75,93292,50562551.40,6654
NSE,MAGNUM,INE387I01016,EQ,18.36,18.99,17.92,18.26,18.62,36427,671028.92,231
NSE,MAHABANK,INE457A01014,EQ,81.01,82.40,79.85,80.90,80.50,13114830,1063529269.64,44761
NSE,MAHAPEXLTD,INE843B01013,EQ,53.30,53.30,50.12,50.46,50.18,2377,122047.71,95
NSE,MAHASTEEL,INE451L01014,BE,1179.90,1195.00,1139.00,1167.10,1182.50,877,1013904.90,95
NSE,MAHEPC,INE215D01010,EQ,96.30,98.00,96.30,96.75,96.30,5017,486051.98,249
NSE,MAHESHWARI,INE263W01010,EQ,70.00,73.00,70.00,72.48,69.95,11965,863292.58,81
NSE,MAHLIFE,INE813A01018,EQ,351.50,358.50,346.75,351.10,351.15,150642,52869001.05,3433
NSE,MAHLOG,INE766P01016,EQ,416.75,419.40,405.25,406.75,416.40,140897,57847261.85,9123
NSE,MAHSCOOTER,INE288A01013,EQ,12441.00,12622.00,12353.00,12507.00,12380.00,5117,64033217.00,2605
NSE,MAHSEAMLES,INE271B01025,EQ,700.00,705.95,680.55,685.05,698.75,197651,135845749.85,11981
NSE,MAITHANALL,INE683C01011,EQ,927.00,930.00,904.50,905.60,927.00,35121,31955000.30,2965
NSE,MAJESAUT,INE201B01022,BE,375.00,375.00,360.05,365.80,366.20,867,320001.65,66
NSE,MAKERSL,INE987A01010,EQ,180.50,187.49,175.00,177.40,183.50,822,148522.35,46
NSE,MALLCOM,INE389C01015,EQ,920.10,939.85,910.10,911.65,935.20,6306,5779580.95,391
NSE,MALUPAPER,INE383H01017,EQ,31.01,32.85,30.70,31.19,31.04,16905,530530.35,118
NSE,MAMATA,INE0TO701015,EQ,403.00,405.90,392.80,402.95,399.90,57051,22836878.15,3139
NSE,MANAKALUCO,INE859Q01017,EQ,34.95,34.95,33.50,33.66,33.76,33520,1139484.77,382
NSE,MANAKCOAT,INE830Q01018,EQ,129.70,129.98,125.10,126.17,126.59,157959,20173789.95,2467
NSE,MANAKSIA,INE015D01022,EQ,60.00,60.68,57.40,57.99,59.56,44933,2650648.58,1380
NSE,MANAKSTEEL,INE824Q01011,BE,108.89,108.89,103.45,103.70,108.89,19076,2007700.51,172
NSE,MANALIPETC,INE201A01024,EQ,80.53,91.90,80.10,87.19,78.15,30033782,2632318714.30,149135
NSE,MANAPPURAM,INE522D01027,EQ,311.00,314.45,308.55,310.70,308.90,3951162,1228882833.35,28549
NSE,MANBA,INE939X01013,EQ,142.49,143.50,138.24,138.60,139.01,86785,12067669.71,677
NSE,MANCREDIT,INE545L01039,EQ,217.25,223.50,215.85,221.10,218.97,128353,28302755.66,1133
NSE,MANGALAM,INE584F01014,EQ,29.80,30.12,28.00,29.19,29.15,52253,1524240.96,413
NSE,MANGLMCEM,INE347A01017,EQ,984.00,1007.40,974.20,990.80,984.65,85465,84240153.25,4508
NSE,MANIKA,INE0KWF01020,BE,41.98,43.50,41.00,43.11,41.98,672015,28731100.42,1800
NSE,MANINDS,INE993A01026,EQ,931.00,940.00,883.10,888.25,921.55,452708,409749219.75,21882
NSE,MANINFRA,INE949H01023,EQ,124.90,126.36,122.07,123.78,124.30,1016360,126221357.34,7625
NSE,MANIPALHOS,INE459N01021,EQ,696.00,701.30,662.35,667.00,696.00,780056,529240827.70,36421
NSE,MANKIND,INE634S01028,EQ,2533.10,2539.30,2464.70,2479.00,2535.00,527032,1318334689.40,40275
NSE,MANOMAY,INE784W01015,EQ,240.00,245.00,233.00,237.09,240.08,248015,58910738.37,9502
NSE,MANORAMA,INE00VM01036,EQ,1880.30,1959.00,1879.90,1944.90,1880.30,299321,577951516.60,32915
NSE,MANORG,INE370D01013,EQ,449.70,449.95,424.00,432.30,436.80,2059,900584.90,299
NSE,MANUGRAPH,INE867A01022,BE,16.69,16.69,15.64,16.30,16.46,61654,992843.58,131
NSE,MANYAVAR,INE825V01034,EQ,522.60,527.90,507.65,521.30,519.20,917319,473506744.40,13940
NSE,MAPMYINDIA,INE0BV301023,EQ,854.45,880.00,853.05,873.40,845.75,124043,107465566.45,10872
NSE,MARALOVER,INE882A01013,EQ,58.01,61.00,57.10,57.59,57.70,5615,327135.85,151
NSE,MARATHON,INE182D01020,EQ,396.50,396.50,377.10,380.30,388.10,43023,16434003.15,2035
NSE,MARICO,INE196A01026,EQ,783.70,814.00,780.00,790.00,781.35,3353838,2656652059.20,96148
NSE,MARINE,INE01JE01028,EQ,441.00,474.90,441.00,469.15,436.55,5426250,2518640734.10,119828
NSE,MARKOLINES,INE0FW001016,EQ,169.76,173.00,167.45,169.29,167.26,308259,52543320.54,1947
NSE,MARKSANS,INE750C01026,EQ,327.20,333.00,324.60,331.65,325.60,1566583,516752376.65,36150
NSE,MARSONS,INE415B01044,EQ,114.80,117.80,113.40,114.30,114.26,1836935,210209432.05,8552
NSE,MARUTI,INE585B01010,EQ,11386.00,11544.00,11305.00,11532.00,11386.00,757171,8663848234.00,72846
NSE,MASFIN,INE348L01012,EQ,272.40,276.95,266.55,267.75,272.85,115766,31219225.60,5853
NSE,MASKINVEST,INE885F01015,EQ,149.90,149.90,142.37,142.37,143.41,83,11924.82,12
NSE,MASTEK,INE759A01021,EQ,1591.40,1633.90,1590.00,1608.20,1555.60,118393,190952198.70,14182
NSE,MASTERTR,INE677D01037,EQ,81.66,83.22,80.68,81.13,81.66,200223,16358490.91,1581
NSE,MATRIMONY,INE866R01028,EQ,506.95,518.00,485.60,514.05,497.00,11558,5762803.85,932
NSE,MAWANASUG,INE636A01039,EQ,139.48,151.00,139.48,145.96,138.84,597094,87672449.99,9034
NSE,MAXESTATES,INE03EI01018,EQ,573.80,576.15,557.85,563.40,566.25,70328,39824489.45,5439
NSE,MAXHEALTH,INE027H01010,EQ,937.40,939.80,912.00,917.00,940.95,3127962,2885284306.00,123436
NSE,MAXIND,INE0CG601016,EQ,161.97,161.97,149.01,150.13,162.78,68553,10551218.26,2576
NSE,MAYURUNIQ,INE040D01038,EQ,715.40,718.45,694.30,706.55,711.55,98146,69255501.60,12991
NSE,MAZDA,INE885E01042,BE,284.00,294.45,281.00,282.90,288.15,18727,5331583.55,245
NSE,MAZDOCK,INE249Z01020,EQ,2075.00,2093.90,2055.40,2074.00,2064.00,364228,756080573.00,25165
NSE,MBAPL,INE900L01028,EQ,168.31,168.31,160.50,163.66,165.83,719951,117239028.53,8420
NSE,MBECL,INE748A01024,BE,503.85,503.85,503.85,503.85,494.00,2932,1477288.20,88
NSE,MBEL,INE08N601015,EQ,256.08,257.15,246.00,247.63,251.75,91048,22706165.55,4499
NSE,MBLINFRA,INE912H01013,EQ,23.50,24.20,22.50,23.90,23.11,28371,665997.77,256
NSE,MCCHRLS-B,INE435D01014,EQ,695.00,695.00,645.00,683.15,690.00,713,475473.20,50
NSE,MCL,INE813V01022,EQ,55.73,55.98,51.15,52.08,54.64,105418,5586399.97,2140
NSE,MCLEODRUSS,INE942G01012,EQ,42.00,42.99,41.20,41.58,42.51,120678,5089361.49,875
NSE,MCLOUD,INE613C01026,EQ,24.74,24.77,24.08,24.54,24.25,1090964,26712078.47,3959
NSE,MCX,INE745G01043,EQ,3220.00,3258.70,3150.00,3181.70,3204.00,1386833,4444500458.20,91901
NSE,MEDANTA,INE474Q01031,EQ,1362.00,1369.10,1321.40,1332.60,1357.30,224984,300089228.10,35643
NSE,MEDIASSIST,INE456Z01021,EQ,301.00,301.90,293.40,297.20,298.50,183948,54705509.05,8829
NSE,MEDICAMEQ,INE646B01010,BE,318.70,319.90,307.50,308.00,318.60,17453,5424534.60,259
NSE,MEDICAPQ,INE442D01010,BE,25.98,25.98,24.75,24.75,26.05,2646,65718.07,22
NSE,MEDICO,INE630Y01024,EQ,22.40,22.59,21.50,21.68,21.86,196397,4278903.18,1235
NSE,MEDPLUS,INE804L01022,EQ,651.30,655.55,640.10,644.40,654.30,163503,106236701.45,27753
NSE,MEESHO,INE0VDM01015,EQ,220.66,227.89,219.60,226.50,218.69,9583072,2143222338.24,84117
NSE,MEGASTAR,INE00EM01016,EQ,263.00,280.00,250.80,267.87,267.18,8718,2365562.13,319
NSE,MEIL,INE0PKD01011,EQ,264.00,264.85,255.00,256.65,262.10,27694,7170376.00,1301
NSE,MENNPIS,INE650G01029,BE,71.20,71.20,70.03,70.55,71.21,6676,472533.88,110
NSE,MENONBE,INE071D01033,EQ,287.10,292.60,268.15,286.00,288.40,224623,62830277.55,4714
NSE,MERCANTILE,INE689O01013,EQ,22.99,23.98,22.01,22.45,22.98,9195,209108.55,46
NSE,MERCURYEV,INE763M01028,EQ,37.22,37.96,36.15,36.81,37.06,149126,5562526.41,1471
NSE,METROBRAND,INE317I01021,EQ,847.00,847.00,807.15,812.50,833.50,30069,24628296.35,5055
NSE,METROGLOBL,INE085D01033,EQ,134.80,134.80,130.01,132.97,131.52,821,108460.99,36
NSE,METROPOLIS,INE112L01020,EQ,534.85,559.50,532.00,553.60,537.90,264357,144709100.30,19940
NSE,MFML,INE0US801024,EQ,18.80,19.24,18.00,18.16,18.72,1351,24706.08,41
NSE,MFSL,INE180A01020,EQ,1385.30,1385.30,1341.00,1348.00,1392.00,2005008,2714463495.90,58443
NSE,MGEL,INE0APB01032,EQ,15.68,15.99,15.43,15.79,15.34,178288,2804745.84,763
NSE,MGL,INE002S01010,EQ,1043.20,1053.80,1036.00,1043.70,1045.40,66059,68935657.40,14519
NSE,MHLXMIRU,INE112D01035,BE,176.00,176.00,166.30,171.00,175.00,9298,1585929.87,63
NSE,MHRIL,INE998I01010,EQ,196.30,198.00,192.56,194.81,194.85,46600,9067305.39,2249
NSE,MICEL,INE287C01037,BE,35.81,35.81,35.28,35.28,36.00,58661,2074674.08,496
NSE,MIDHANI,INE099Z01011,EQ,433.60,444.90,425.20,440.10,433.60,947160,414011600.80,29915
NSE,MIDWESTLTD,INE0XAD01024,EQ,938.85,942.65,908.70,914.75,904.15,102439,93931527.35,5387
NSE,MIIL,INE898Q01015,EQ,690.00,705.00,665.10,670.40,677.05,67578,45575312.20,1139
NSE,MILKYMIST,INE00IT01020,BE,308.45,315.00,295.00,304.00,308.45,732239,221463918.80,10639
NSE,MINALIND,INE097E01028,BE,4.25,4.25,4.25,4.25,4.33,1822,7743.50,18
NSE,MINDACORP,INE842C01021,EQ,666.00,669.85,637.05,647.85,667.35,380699,246951162.75,42241
NSE,MINDTECK,INE110B01017,EQ,154.80,158.50,150.01,151.31,150.93,22115,3387436.18,783
NSE,MIRZAINT,INE771A01026,EQ,28.00,28.42,27.63,27.83,27.65,48425,1347029.02,530
NSE,MITCON,INE828O01033,EQ,80.00,83.70,79.50,81.14,80.34,4453,359121.64,86
NSE,MITTAL,INE997Y01027,EQ,0.70,0.71,0.70,0.70,0.70,705178,496946.86,293
NSE,MKEXIM,INE227F01010,EQ,69.50,69.50,63.98,66.32,66.51,5982,389683.56,140
NSE,MKPL,INE964W01021,EQ,4.02,4.02,3.88,3.90,3.90,130482,515018.16,430
NSE,MLKFOOD,INE588G01021,EQ,82.56,85.70,82.56,84.59,84.13,3096,260095.30,81
NSE,MMFL,INE227C01017,EQ,573.00,579.00,548.00,552.50,571.95,106475,59490532.80,6295
NSE,MMP,INE511Y01018,EQ,465.00,476.75,447.65,468.05,449.60,70165,32415825.80,3779
NSE,MMTC,INE123F01029,EQ,57.56,57.69,56.00,56.33,56.29,943031,53472636.05,8769
NSE,MMWL,INE200D01020,EQ,16.33,16.33,16.32,16.33,15.56,120682,1970725.06,81
NSE,MOBIKWIK,INE0HLU01028,EQ,196.02,205.27,196.02,201.79,196.23,1321942,267547228.33,19980
NSE,MODINATUR,INE537F01012,EQ,328.50,328.80,324.00,325.05,324.45,3235,1059726.00,95
NSE,MODIRUBBER,INE832A01018,EQ,122.11,122.11,118.20,121.85,119.72,318,38301.63,20
NSE,MODIS,INE0L0L01012,EQ,370.00,384.00,364.35,372.25,367.85,22397,8368314.35,486
NSE,MODISONLTD,INE737D01021,BE,486.50,497.00,461.75,467.95,486.05,91895,43861401.60,1511
NSE,MODTHREAD,INE794W01014,EQ,45.91,47.89,45.90,46.58,45.66,2245,104147.66,18
NSE,MOHITE,INE154B01023,EQ,2.42,2.54,2.42,2.43,2.49,10131,24941.16,80
NSE,MOHITIND,INE954E01012,EQ,22.90,23.50,22.63,22.64,22.78,2569,58499.65,45
NSE,MOIL,INE490G01020,EQ,235.20,243.50,235.20,236.49,232.66,690784,165241764.59,13978
NSE,MOKSH,INE514Y01020,EQ,9.16,9.64,9.16,9.31,9.19,30725,287889.20,219
NSE,MOL,INE0CT101020,EQ,54.93,56.99,53.31,54.83,55.13,1229458,67416800.71,7611
NSE,MOLBIO,INE869T01028,EQ,1501.80,1558.30,1472.60,1503.40,1513.10,3050454,4609894995.20,154596
NSE,MOLDTECH,INE835B01035,BE,207.90,214.95,207.00,213.50,204.78,77012,16382695.99,1246
NSE,MOLDTKPAC,INE893J01029,EQ,669.00,684.00,665.45,680.70,658.85,81041,54834243.60,4905
NSE,MOMSBELIEF,INE1FCO01014,EQ,227.00,237.00,220.00,228.74,226.92,244611,55659348.45,3694
NSE,MONARCH,INE903D01011,EQ,347.05,351.05,341.50,348.65,342.70,61652,21315803.50,1490
NSE,MONEYBOXX,INE296Q01012,BE,51.72,56.00,51.30,54.76,54.00,29652,1577969.72,112
NSE,MONEYVIEW,INE0PTN01011,EQ,55.85,59.00,50.56,51.51,53.88,218474338,11939892879.41,512329
NSE,MONTECARLO,INE950M01013,EQ,518.00,525.15,515.05,516.90,522.85,19032,9880017.05,1388
NSE,MOREPENLAB,INE083A01026,EQ,134.50,137.64,130.46,135.29,133.72,18241253,2442137069.33,85596
NSE,MOSCHIP,INE935B01025,EQ,201.00,201.85,194.81,195.84,198.03,799333,157717771.04,16684
NSE,MOTHERSON,INE775A01035,EQ,157.00,159.39,154.76,156.50,157.03,14480075,2263133560.44,106253
NSE,MOTILALOFS,INE338I01027,EQ,991.00,1018.90,987.90,1011.10,989.90,445092,449223694.45,26939
NSE,MOTISONS,INE0FRK01020,EQ,18.00,18.41,17.55,17.74,17.88,24288664,435519769.01,22706
NSE,MOTOGENFIN,INE861B01023,EQ,25.48,25.48,24.36,24.53,25.08,2838,69545.54,67
NSE,MPDL,INE493H01014,BE,27.89,27.89,26.50,27.33,27.89,2161,57551.91,14
NSE,MPHASIS,INE356A01018,EQ,2277.80,2342.00,2239.20,2297.10,2250.20,1107616,2543702057.60,42255
NSE,MPIMANIPAL,INE241U01028,EQ,415.00,430.00,381.20,389.70,401.40,2163634,876605542.35,62063
NSE,MPSLTD,INE943D01017,EQ,2628.40,2675.90,2600.80,2637.40,2628.40,7943,20919854.40,1820
NSE,MRF,INE883A01011,EQ,123915.00,124490.00,122755.00,123330.00,123715.00,3098,382358540.00,2315
NSE,MRPL,INE103A01014,EQ,164.79,173.70,163.25,172.43,164.76,13082595,2217117125.94,76853
NSE,MSL,INE829S01016,EQ,144.00,150.90,140.00,148.45,144.99,522,76197.10,40
NSE,MSPL,INE752G01015,EQ,32.04,32.80,31.52,31.65,32.52,893166,28591641.86,4587
NSE,MSTCLTD,INE255X01014,EQ,705.00,705.60,687.50,693.75,705.80,201122,140190185.85,9335
NSE,MSUMI,INE0FS801015,EQ,33.53,33.70,32.70,32.89,33.53,8274064,273225281.64,43813
NSE,MTARTECH,INE864I01014,BE,7705.00,7800.00,7595.00,7654.00,7797.00,122661,941580460.00,23186
NSE,MTEDUCARE,INE472M01018,BE,1.71,1.71,1.61,1.68,1.67,9166,15127.93,56
NSE,MTNL,INE153A01019,EQ,24.60,24.60,23.00,23.19,24.66,3516200,83415112.07,11367
NSE,MUFIN,INE08KJ01020,EQ,131.30,134.43,130.60,132.89,130.59,1067885,141980875.22,7170
NSE,MUFTI,INE220Q01020,EQ,70.24,70.76,69.20,69.70,70.24,42543,2976916.51,680
NSE,MUKANDLTD,INE304A01026,EQ,174.40,189.90,173.76,182.20,172.66,1971183,362915198.64,25683
NSE,MUKESHB,INE596B01017,EQ,128.00,128.00,128.00,128.00,128.80,9,1152.00,1
NSE,MUKKA,INE0CG401037,BE,25.70,26.98,25.10,26.67,25.70,272385,7199421.68,800
NSE,MUKTAARTS,INE374B01019,EQ,55.92,56.50,54.00,54.89,55.92,2425,132203.81,59
NSE,MUNJALAU,INE672B01032,EQ,105.90,106.88,103.65,105.56,104.07,353413,37199729.55,4856
NSE,MUNJALSHOW,INE577A01027,EQ,125.00,126.70,123.23,124.03,124.53,15447,1922230.60,494
NSE,MURUDCERA,INE692B01014,EQ,27.55,28.84,27.55,28.01,28.06,13934,392051.24,117
NSE,MUTHOOTCAP,INE296G01013,EQ,220.86,220.86,211.01,219.33,218.08,8382,1813382.85,517
NSE,MUTHOOTFIN,INE414G01012,EQ,2711.00,2747.80,2700.00,2716.40,2697.10,499788,1359947568.30,40424
NSE,MUTHOOTMF,INE046W01019,EQ,177.58,183.49,174.52,176.38,174.09,141785,25181724.37,4028
NSE,MVELECTRO,INE0OWZ01020,EQ,855.80,920.60,850.00,897.55,836.95,3364393,3032848561.15,83316
NSE,MVGJL,INE0KNT01012,EQ,212.94,216.99,200.40,204.36,206.69,257200,53157103.70,6468
NSE,MWL,INE0JYY01029,EQ,41.70,42.74,40.96,41.53,43.13,1175803,49144587.03,6391
NSE,MYSORPETRO,INE741A01011,BE,119.40,119.40,115.00,115.88,119.40,2067,240237.19,47
NSE,NACLIND,INE295D01020,EQ,130.41,132.41,128.40,130.29,130.41,220568,28721820.78,4731
NSE,NAGREEKCAP,INE245I01016,EQ,24.57,25.87,24.57,25.49,25.34,7710,194390.74,71
NSE,NAGREEKEXP,INE123B01028,EQ,21.29,21.97,20.10,20.87,21.29,18915,396507.05,181
NSE,NAHARCAP,INE049I01012,EQ,233.60,238.03,230.00,233.82,237.31,2513,590671.69,70
NSE,NAHARINDUS,INE289A01011,EQ,128.00,130.00,126.10,127.08,127.74,10196,1299528.57,260
NSE,NAHARPOLY,INE308A01027,EQ,222.81,230.01,220.21,222.21,225.64,2606,580921.99,103
NSE,NAHARSPING,INE290A01027,EQ,255.50,260.70,249.20,250.15,255.50,27426,6968303.05,950
NSE,NAM-INDIA,INE298J01013,EQ,1049.00,1069.50,1046.00,1061.00,1046.00,842149,892932405.20,43667
NSE,NARMADA,INE117Z01029,EQ,12.35,13.20,12.01,12.30,12.31,752647,9357860.96,1805
NSE,NATCAPSUQ,INE936B01015,BE,164.00,166.50,163.10,165.15,162.16,1789,294207.14,45
NSE,NATCOPHARM,INE987B01026,EQ,825.00,827.45,801.40,821.50,821.30,571712,464222425.95,34755
NSE,NATHBIOGEN,INE448G01010,EQ,140.00,142.44,133.00,134.29,137.74,15278,2082781.11,722
NSE,NATIONALUM,INE139A01034,EQ,335.90,344.10,334.30,340.00,334.90,5169746,1745629315.35,65108
NSE,NATIONSTD,INE166R01015,EQ,116.05,116.05,112.00,112.51,114.91,5158,581469.66,169
NSE,NAUKRI,INE663F01032,EQ,1220.30,1241.00,1198.40,1201.70,1200.00,2021519,2452022444.00,84762
NSE,NAVA,INE725A01030,EQ,555.00,564.85,552.00,556.70,552.50,302296,168452794.30,19579
NSE,NAVINFLUOR,INE048G01026,EQ,8217.50,8333.50,8115.00,8272.00,8136.50,133656,1100013182.50,41087
NSE,NAVKARCORP,INE278M01019,EQ,85.50,86.96,84.00,84.94,85.07,213039,18180035.69,2673
NSE,NAVKARURB,INE268H01044,EQ,0.87,0.87,0.82,0.83,0.85,491182,414343.18,339
NSE,NAVNETEDUL,INE060A01024,EQ,126.20,126.20,122.50,122.97,123.87,82595,10199392.06,1642
NSE,NAZARA,INE418L01047,EQ,388.45,393.45,379.10,385.80,384.70,2285380,882591393.60,34214
NSE,NBCC,INE095N01031,EQ,78.11,78.27,75.75,76.20,77.40,7593129,581258892.37,36371
NSE,NBIFIN,INE365I01020,EQ,1855.20,1855.20,1815.00,1819.00,1857.90,458,837317.50,90
NSE,NCC,INE868B01028,EQ,130.10,131.39,127.72,128.79,130.06,1624082,209821699.61,22405
NSE,NCLIND,INE732C01016,EQ,169.55,172.50,167.51,168.85,170.03,43662,7387177.18,807
NSE,NDGL,INE756C01015,EQ,2422.00,2430.00,2330.00,2354.30,2411.00,492,1173571.50,95
NSE,NDL,INE875G01048,EQ,2.63,2.67,2.58,2.59,2.54,942759,2462699.12,1210
NSE,NDLVENTURE,INE353A01023,EQ,123.00,126.70,122.27,123.17,125.24,5077,625206.02,126
NSE,NDRAUTO,INE07OG01012,EQ,710.40,721.00,695.00,706.80,715.85,11897,8394755.70,936
NSE,NDTV,INE155G01029,EQ,68.47,69.12,66.95,67.19,68.08,64220,4338088.84,1251
NSE,NEAGI,INE605D01012,EQ,3292.90,3292.90,3292.90,3292.90,3309.40,5,16464.50,2
NSE,NECCLTD,INE553C01016,EQ,19.55,19.55,17.68,19.12,18.41,129283,2413288.94,436
NSE,NECLIFE,INE023H01027,EQ,10.43,10.58,10.18,10.48,10.23,302353,3157835.06,357
NSE,NELCAST,INE189I01024,EQ,119.83,123.30,118.18,121.43,121.03,153030,18509926.54,3104
NSE,NELCO,INE045B01015,EQ,897.00,915.00,880.05,885.10,889.20,129029,115675937.70,6386
NSE,NEOGEN,INE136S01016,EQ,2419.00,2447.90,2300.00,2311.20,2407.10,116983,274573342.10,19082
NSE,NEPHROPLUS,INE428V01029,EQ,653.50,658.00,635.00,637.65,648.95,135567,86860587.85,13600
NSE,NESCO,INE317F01035,EQ,1045.00,1051.50,1027.10,1036.60,1028.20,31885,33133909.10,5796
NSE,NESTLEIND,INE239A01024,EQ,1305.40,1311.30,1292.90,1297.10,1307.70,1676136,2178950188.60,44596
NSE,NETWEB,INE0NT901020,EQ,4543.00,4790.00,4535.00,4765.10,4520.30,1646842,7734277124.60,129375
NSE,NETWORK18,INE870H01013,EQ,25.52,26.02,25.30,25.44,25.43,2117185,54175040.84,5832
NSE,NEUEON,INE333I01044,BE,15.26,15.26,14.50,14.50,15.26,62778,914551.31,88
NSE,NEULANDLAB,INE794A01010,EQ,21500.00,21960.00,21090.00,21875.00,21505.00,62813,1356857725.00,25495
NSE,NEWGEN,INE619B01017,EQ,464.80,472.55,456.35,458.75,456.35,657395,304615216.60,33379
NSE,NEXTMEDIA,INE747B01016,EQ,3.58,3.58,3.45,3.57,3.58,13843,48569.37,55
NSE,NFL,INE870D01012,EQ,63.99,64.45,63.12,63.28,63.85,487718,31052178.06,4262
NSE,NGIL,INE236Y01012,EQ,38.50,41.35,35.99,36.83,38.43,37292,1377905.39,262
NSE,NGLFINE,INE887E01022,EQ,2930.00,3045.00,2841.00,2988.30,2924.00,7251,21416898.50,1526
NSE,NH,INE410P01011,EQ,1744.90,1749.60,1709.60,1722.40,1741.40,92682,159897900.90,14849
NSE,NHPC,INE848E01016,EQ,71.75,72.83,71.10,72.00,71.75,4447161,318708635.11,26010
NSE,NIACL,INE470Y01017,EQ,160.21,163.00,157.70,158.36,160.21,1226665,196169909.00,22202
NSE,NIBE,INE149O01018,EQ,1236.00,1253.30,1214.00,1221.30,1234.50,28920,35589998.10,2700
NSE,NIBL,INE047O01014,EQ,32.98,32.98,31.32,31.33,31.32,6562,205889.29,116
NSE,NICCOPAR,INE653C01022,EQ,82.65,82.65,80.00,80.10,79.50,277,22266.60,18
NSE,NIITLTD,INE161A01038,EQ,84.99,87.10,82.57,83.89,84.94,122628,10303441.70,2441
NSE,NIITMTS,INE342G01023,EQ,190.02,203.26,190.02,199.62,191.08,170084,33792030.08,6875
NSE,NILAINFRA,INE937C01029,EQ,6.73,6.95,6.65,6.71,6.57,192035,1294438.81,613
NSE,NILASPACES,INE00S901012,EQ,11.48,11.48,10.81,11.00,11.22,433053,4811512.45,2014
NSE,NILE,INE445D01013,EQ,1297.00,1297.00,1212.60,1226.00,1243.20,4135,5195002.40,738
NSE,NILKAMAL,INE310A01015,EQ,1860.00,1899.30,1820.10,1829.50,1871.80,17730,32907133.70,3451
NSE,NIMBSPROJ,INE875B01015,EQ,190.80,195.00,180.10,187.32,189.45,37323,6885509.15,555
NSE,NINSYS,INE395U01014,EQ,830.00,844.85,808.00,842.00,804.65,16316,13619317.65,975
NSE,NIPPOBATRY,INE567A01028,EQ,322.00,323.95,317.00,318.75,314.45,2579,826675.50,141
NSE,NIRAJ,INE368I01016,EQ,28.29,28.50,27.32,27.92,27.74,26158,722728.01,78
NSE,NIRAJISPAT,INE326T01011,BE,300.00,300.00,300.00,300.00,300.00,1,300.00,1
NSE,NIRLON,INE910A01012,EQ,615.45,619.55,612.10,615.40,606.80,3982,2451323.90,691
NSE,NITCO,INE858F01012,EQ,84.99,85.33,82.13,82.69,84.18,555619,46143254.89,2818
NSE,NITINSPIN,INE229H01012,EQ,597.60,612.50,595.30,604.75,594.60,83708,50562277.50,5084
NSE,NITIRAJ,INE439T01012,EQ,205.00,205.00,200.31,202.14,200.90,353,71669.16,25
NSE,NITTAGELA,INE265B01019,EQ,1716.30,1719.00,1665.00,1668.90,1664.30,1183,1982277.10,250
NSE,NIVABUPA,INE995S01015,EQ,72.98,77.30,72.60,75.85,72.98,2936428,221649595.88,35600
NSE,NLCINDIA,INE589A01014,EQ,255.45,257.65,251.15,252.45,253.20,620352,157222199.00,15799
NSE,NMDC,INE584A01023,EQ,75.00,75.51,73.06,73.74,74.64,11989948,888844836.53,65655
NSE,NOCIL,INE163A01018,EQ,167.60,171.14,164.65,165.83,168.85,540544,90086663.52,8851
NSE,NOIDATOLL,INE781B01015,EQ,3.77,3.77,3.55,3.56,3.56,182994,667730.34,496
NSE,NORBTEAEXP,INE369C01017,EQ,69.04,70.76,65.59,65.59,69.04,2311,155251.95,96
NSE,NORTHARC,INE850M01015,EQ,292.70,295.00,288.40,289.45,288.70,326239,95091857.80,7464
NSE,NOVAAGRI,INE02H701025,EQ,22.22,22.98,22.00,22.39,22.22,50586,1139686.67,408
NSE,NOVARTIND,INE234A01025,EQ,2027.70,2161.50,1955.00,1967.80,1965.00,192487,399662113.60,12065
NSE,NPST,INE0FFK01017,EQ,1766.50,1850.00,1761.60,1833.50,1766.50,70247,127297482.80,9128
NSE,NRAIL,INE740D01017,EQ,680.00,680.00,650.05,661.35,659.50,31444,20871358.70,1976
NSE,NRBBEARING,INE349A01021,EQ,549.00,556.85,533.55,535.70,542.60,406034,220549918.55,24504
NSE,NRL,INE0JM501013,BE,154.74,157.00,153.48,157.00,156.61,88836,13784441.08,232
NSE,NSIL,INE023A01030,EQ,5269.50,5269.50,5150.00,5199.50,5163.50,1514,7869317.50,447
NSE,NSLNISP,INE0NNS01018,EQ,41.00,41.30,40.31,40.50,40.95,3000968,122297641.02,14757
NSE,NTCIND,INE920C01017,EQ,126.00,137.70,126.00,135.97,129.51,1573,214296.55,46
NSE,NTPC,INE733E01010,EQ,316.05,323.55,316.05,321.80,315.10,9458589,3037214107.15,111347
NSE,NTPCGREEN,INE0ONG01011,EQ,91.10,91.57,89.55,90.09,91.09,1231775,111319480.01,22242
NSE,NUCLEUS,INE096B01018,EQ,648.10,652.45,636.05,637.75,646.95,10735,6894222.40,1230
NSE,NURECA,INE0DSF01015,BE,348.00,348.00,333.20,339.05,349.85,7907,2687521.15,295
NSE,NUVAMA,INE531F01023,EQ,1709.40,1865.00,1706.00,1820.80,1701.40,4036851,7343621939.40,209658
NSE,NUVOCO,INE118D01016,EQ,324.00,329.45,322.00,326.10,322.10,179658,58583701.85,14615
NSE,NYKAA,INE388Y01029,EQ,335.00,344.55,335.00,339.55,324.95,19341790,6576033728.55,249854
NSE,OAL,INE959C01023,EQ,540.00,540.00,495.40,515.10,532.20,56880,29033479.95,3802
NSE,OBCL,INE426Z01016,EQ,55.79,57.80,55.40,55.85,54.39,2034,114730.80,29
NSE,OBEROIRLTY,INE093I01010,EQ,1754.60,1793.70,1749.20,1751.20,1754.60,419733,741939780.40,18553
NSE,OCCLLTD,INE0PK601023,BE,202.90,202.90,185.00,197.79,193.49,98621,19236945.68,878
NSE,ODIGMA,INE054301028,EQ,21.11,21.50,20.51,20.66,21.11,7462,155676.04,352
NSE,ODYCORP,INE839E01023,EQ,6.97,7.13,6.80,6.85,6.91,18370,126975.30,82
NSE,OFSS,INE881D01027,EQ,10525.00,10655.00,10364.00,10470.00,10420.00,158183,1662017858.00,30487
NSE,OIL,INE274J01014,EQ,444.00,450.65,441.05,446.50,444.00,2225503,993946646.90,36031
NSE,OILCOUNTUB,INE591A01010,BE,79.70,79.70,79.70,79.70,78.14,38723,3086223.10,79
NSE,OLAELEC,INE0LXG01040,EQ,37.08,37.27,36.52,36.68,37.08,35609938,1312331732.80,100726
NSE,OLECTRA,INE260D01016,EQ,1108.00,1115.50,1069.90,1078.40,1096.20,409750,445009812.80,21955
NSE,OMAXAUTO,INE090B01011,EQ,200.14,210.78,197.52,201.44,201.14,59335,12042799.49,1117
NSE,OMAXE,INE800H01010,EQ,109.50,110.25,105.99,107.43,108.78,322612,34770943.30,5220
NSE,OMFREIGHT,INE1BZC01019,EQ,103.99,103.99,96.00,100.95,97.50,47465,4740274.97,461
NSE,OMINFRAL,INE239D01028,EQ,76.08,77.55,74.00,74.84,76.08,46344,3499018.18,1514
NSE,OMNI,INE0UH301010,EQ,620.00,644.00,611.65,632.15,608.65,1584512,1002178444.25,56486
NSE,OMPOWER,INE25E901019,EQ,160.00,160.00,150.20,152.06,157.74,76219,11810632.41,1519
NSE,ONEGLOBAL,INE670O01013,EQ,545.90,550.00,528.95,547.20,525.40,9461,5124236.95,716
NSE,ONELIFECAP,INE912L01015,BE,43.59,43.64,42.40,43.52,41.57,175810,7641237.49,259
NSE,ONEPOINT,INE840Y01029,EQ,75.10,81.00,74.30,78.33,74.37,10495734,824132487.24,63278
NSE,ONESOURCE,INE013P01021,EQ,1510.00,1516.50,1470.50,1488.30,1508.00,151299,225213214.30,19461
NSE,ONGC,INE213A01029,EQ,222.50,226.69,222.42,224.90,222.37,19420879,4357223521.01,106287
NSE,ONIDA,INE831A01028,EQ,31.35,32.13,30.50,31.06,31.34,347326,10877407.24,3252
NSE,ONIXSOLAR,INE173M01012,EQ,340.00,344.85,322.75,334.60,339.70,247853,82644141.70,2333
NSE,ONMOBILE,INE809I01019,BE,48.54,49.30,48.00,48.23,48.78,19962,965888.86,249
NSE,ONWARDTEC,INE229A01017,EQ,291.00,293.00,285.40,290.75,291.30,24399,7078650.30,1000
NSE,OPTIEMUS,INE350C01017,EQ,817.00,833.90,781.50,786.20,803.70,500498,407329454.35,24665
NSE,OPTIFIN,INE031G01022,EQ,14.61,15.44,14.47,14.66,14.47,85029,1249866.03,220
NSE,ORBTEXP,INE231G01010,EQ,245.00,249.50,236.05,240.40,243.65,7504,1817820.35,228
NSE,ORCHASP,INE215B01022,EQ,1.34,1.34,1.22,1.24,1.28,202245,260881.25,208
NSE,ORCHPHARMA,INE191A01027,EQ,990.45,1003.20,960.00,965.90,990.00,68202,66353507.40,7935
NSE,ORICONENT,INE730A01022,EQ,49.98,53.00,49.43,52.44,49.98,93292,4831176.89,1184
NSE,ORIENTALTL,INE998H01012,EQ,5.03,5.03,4.77,4.83,4.81,42532,206762.30,209
NSE,ORIENTBELL,INE607D01018,EQ,408.60,428.80,402.50,417.10,398.55,86469,35949011.05,4317
NSE,ORIENTCABL,INE0J1N01028,EQ,450.00,464.85,405.00,405.00,272.00,13566765,5910224462.55,152663
NSE,ORIENTCEM,INE876N01018,EQ,116.09,119.00,115.24,116.16,115.91,147810,17143014.75,2264
NSE,ORIENTCER,INE569C01020,EQ,44.50,45.70,42.30,43.61,44.12,123904,5393751.47,1434
NSE,ORIENTELEC,INE142Z01019,EQ,155.80,160.99,151.65,157.71,154.46,258174,40831156.43,5331
NSE,ORIENTHOT,INE750A01020,EQ,139.60,141.80,137.61,140.87,140.00,149684,21102835.78,1858
NSE,ORIENTLTD,INE609C01024,BE,75.10,77.92,75.10,75.52,77.92,547,41317.14,14
NSE,ORIENTPPR,INE592A01026,EQ,16.11,16.49,16.03,16.17,16.23,124998,2019815.69,526
NSE,ORIENTTECH,INE0PPK01015,EQ,232.00,237.80,221.20,222.47,229.25,148888,33424404.24,4806
NSE,ORIRAIL,INE457G01029,EQ,126.50,126.50,121.00,122.39,124.15,42451,5221643.75,1011
NSE,ORISSAMINE,INE725E01024,EQ,3538.60,3627.40,3492.90,3522.20,3538.60,5324,18846218.40,1315
NSE,ORKLAINDIA,INE16NZ01023,EQ,548.35,548.35,535.10,539.20,537.20,43931,23652504.75,4673
NSE,ORTINGLOBE,INE749B01020,EQ,14.36,14.84,13.82,13.82,14.52,25484,358799.24,64
NSE,OSWALAGRO,INE142A01012,EQ,33.15,33.70,32.70,32.98,33.11,38253,1265239.94,244
NSE,OSWALGREEN,INE143A01010,EQ,19.50,19.70,19.00,19.14,19.28,121806,2356174.39,2112
NSE,OSWALPUMPS,INE0BYP01024,EQ,265.00,268.45,261.60,265.10,264.25,278244,73692068.65,6250
NSE,OSWALSEEDS,INE00IK01029,EQ,12.22,12.60,12.15,12.18,12.39,66839,819841.33,246
NSE,PACEDIGITK,INE0S3G01027,EQ,168.00,169.86,162.26,164.04,167.35,915203,150584503.19,13254
NSE,PACIFICI,INE883C01025,EQ,144.99,148.95,138.00,139.50,135.99,1376,197851.03,79
NSE,PAGEIND,INE761H01022,EQ,37000.00,37830.00,36520.00,37465.00,36660.00,24628,920867810.00,9760
NSE,PAISALO,INE420C01059,EQ,80.50,81.59,78.95,81.13,79.90,13369295,1079981323.93,33638
NSE,PAKKA,INE551D01018,EQ,73.00,73.20,69.43,69.79,72.26,146654,10314480.10,1802
NSE,PALASHSECU,INE471W01019,EQ,84.10,90.00,83.10,87.94,84.50,2831,242623.45,66
NSE,PALREDTEC,INE218G01033,EQ,41.78,43.74,41.00,43.67,41.77,407,16983.14,13
NSE,PANACEABIO,INE922B01023,EQ,360.10,362.10,347.70,350.25,359.05,51467,18155533.05,2082
NSE,PANACHE,INE895W01019,BE,541.95,541.95,531.50,541.95,516.15,16255,8796247.90,178
NSE,PANAMAPET,INE305C01029,EQ,491.00,497.00,480.00,482.20,487.10,109018,52942619.95,5627
NSE,PANORAMA,INE258R01028,EQ,65.51,69.50,62.01,63.50,60.91,13683999,902035334.70,54170
NSE,PANSARI,INE697V01011,EQ,260.00,264.00,250.60,254.30,260.00,853,220068.15,32
NSE,PAR,INE04LG01015,BE,123.95,126.95,118.01,125.79,123.95,11159,1384012.24,176
NSE,PARACABLES,INE074B01023,EQ,58.00,58.00,55.52,56.08,56.51,729507,41121162.96,5512
NSE,PARADEEP,INE088F01024,EQ,151.85,154.21,150.00,153.60,151.22,1604847,244841493.06,21887
NSE,PARAGMILK,INE883N01014,EQ,267.00,283.40,267.00,281.00,264.00,2320736,639924388.90,32655
NSE,PARAS,INE045601023,EQ,1276.10,1297.80,1252.50,1266.20,1276.00,532009,675967705.20,39297
NSE,PARASPETRO,INE162C01024,EQ,2.02,2.09,2.00,2.06,2.02,91167,187056.35,260
NSE,PARIN,INE00U801010,EQ,710.60,719.00,694.55,701.50,703.85,5691,4016017.70,438
NSE,PARKHOSPS,INE119201023,EQ,270.35,274.00,261.00,267.75,270.80,1099956,294346360.90,14773
NSE,PARKHOTELS,INE988S01028,EQ,105.10,105.11,100.60,103.83,103.55,194819,19978594.62,5375
NSE,PARNAXLAB,INE383L01019,EQ,113.00,117.90,111.12,113.23,113.14,972,111138.31,24
NSE,PARSVNATH,INE561H01026,BE,2.17,2.17,2.17,2.17,2.13,20570,44636.90,40
NSE,PASHUPATI,INE124Y01028,EQ,80.00,81.60,72.39,74.03,78.99,576055,44334360.71,3827
NSE,PASUPTAC,INE818B01023,EQ,69.00,71.45,66.33,67.51,69.64,150318,10316023.69,2193
NSE,PATANJALI,INE619A01035,EQ,356.00,358.80,348.85,355.70,355.15,7070094,2499462302.40,40883
NSE,PATELENG,INE244B01030,EQ,26.04,26.41,25.56,25.73,25.92,1542421,40072765.65,6111
NSE,PATELRMART,INE0R8B01010,EQ,213.65,224.00,210.89,222.90,211.00,133406,29228956.63,2747
NSE,PATINTLOG,INE529D01014,EQ,13.23,13.40,12.75,13.02,13.23,53255,691611.44,281
NSE,PAUSHAKLTD,INE111F01024,EQ,654.00,672.00,645.00,657.45,650.30,22958,15141668.40,1790
NSE,PAVNAIND,INE07S101038,EQ,15.94,15.94,15.30,15.45,15.36,12433,192765.88,117
NSE,PAYTM,INE982J01020,EQ,1656.00,1694.00,1654.90,1684.00,1656.00,2267650,3804438975.60,77196
NSE,PBMPOLY,INE501F01018,EQ,60.32,60.32,57.00,58.02,58.85,390,22828.64,23
NSE,PCBL,INE602A01031,EQ,322.85,327.20,318.60,320.35,321.50,457281,147242671.35,15301
NSE,PCJEWELLER,INE785M01021,EQ,13.00,13.32,12.86,13.06,12.82,199713384,2611934704.12,120038
NSE,PDMJEPAPER,INE865T01018,EQ,96.29,97.68,94.25,95.85,95.56,124848,11973235.75,2277
NSE,PDSL,INE111Q01021,EQ,351.10,354.90,339.15,342.30,347.55,94396,32486592.60,4733
NSE,PEARLPOLY,INE844A01013,EQ,17.78,17.78,16.62,17.22,17.09,4266,73079.96,40
NSE,PENIND,INE932A01024,EQ,175.53,180.54,174.42,178.71,173.62,571235,101688936.16,10750
NSE,PENINLAND,INE138A01028,EQ,14.81,14.95,14.22,14.50,14.62,133469,1943256.34,540
NSE,PERMAGN,INE418E01018,EQ,880.00,903.80,837.60,859.00,861.30,4426,3803657.35,537
NSE,PERNIASPOP,INE0I1B01016,EQ,525.00,535.00,518.00,523.75,544.70,111092,58094860.10,5488
NSE,PERSISTENT,INE262H01021,EQ,5448.00,5620.00,5387.50,5530.00,5367.00,768988,4251998716.50,65767
NSE,PETRONET,INE347G01014,EQ,287.50,294.00,286.50,290.00,285.50,2861154,832312278.00,53930
NSE,PFC,INE134E01011,EQ,320.10,323.35,317.70,322.00,318.00,11353503,3641305380.95,95145
NSE,PFIZER,INE182A01018,EQ,3858.90,3878.00,3809.60,3842.20,3858.90,49211,188556161.50,14657
NSE,PFOCUS,INE367G01038,EQ,303.00,303.20,282.65,285.65,301.55,4184306,1210860728.60,44098
NSE,PFS,INE560K01014,EQ,28.81,29.50,28.00,28.19,28.81,774445,21882522.70,7546
NSE,PGEL,INE457L01029,EQ,487.55,500.80,485.00,487.70,481.10,1475580,725036933.05,27593
NSE,PGHH,INE179A01014,EQ,6636.00,6785.00,6611.00,6768.00,6639.00,11457,76777577.50,4247
NSE,PGHL,INE199A01012,EQ,5360.00,5403.50,5280.00,5300.00,5360.00,8910,47627849.50,2790
NSE,PGIL,INE940H01022,EQ,1267.50,1289.30,1255.00,1266.50,1263.00,114074,144815021.30,19943
NSE,PHOENIXLTD,INE211B01039,EQ,1911.10,1954.90,1909.20,1935.00,1930.00,430722,832611629.70,34854
NSE,PHOENXINTL,INE245B01011,EQ,29.00,29.00,27.85,28.15,28.15,2758,77512.42,52
NSE,PICCADIL,INE546C01010,EQ,581.00,595.00,579.10,588.45,581.05,144930,85067436.35,8803
NSE,PIDILITIND,INE318A01026,EQ,1464.20,1487.70,1458.20,1487.70,1464.00,843401,1241119399.60,49005
NSE,PIGL,INE557Z01018,EQ,93.87,96.98,93.00,94.55,93.87,27104,2569876.19,563
NSE,PIIND,INE603J01030,EQ,2243.90,2287.90,2199.60,2220.00,2236.00,210128,469189404.50,20873
NSE,PILANIINVS,INE417C01014,EQ,3975.00,4033.00,3933.00,3984.70,3892.30,3139,12556776.70,1369
NSE,PILITA,INE600A01035,EQ,7.40,7.50,7.31,7.39,7.45,19487,144137.28,172
NSE,PINELABS,INE15B701018,EQ,169.50,171.48,166.27,167.16,167.59,9150895,1544172077.82,65581
NSE,PIONEEREMB,INE156C01018,EQ,19.86,20.98,19.86,20.13,20.07,2014,40657.47,46
NSE,PIONRINV,INE746D01014,BE,70.00,70.00,69.35,69.35,73.00,11338,786345.75,62
NSE,PIRAMALFIN,INE202B01038,EQ,2024.00,2046.00,1986.50,2002.60,2023.30,185520,373129160.80,22794
NSE,PITTIENG,INE450D01021,EQ,1128.00,1143.10,1117.60,1127.30,1123.80,44959,50816867.40,4665
NSE,PIXTRANS,INE751B01018,EQ,1818.30,1860.00,1815.00,1834.20,1809.30,82916,152203385.10,11981
NSE,PKTEA,INE431F01018,BE,1004.10,1043.90,992.00,1033.00,1037.70,178,182291.10,35
NSE,PLASTIBLEN,INE083C01022,EQ,195.00,203.45,195.00,197.79,193.62,39678,7905509.46,1251
NSE,PLATIND,INE0PT501018,EQ,205.10,207.00,198.50,203.83,202.00,538128,109959663.08,2592
NSE,PLAZACABLE,INE0INJ01017,EQ,56.02,57.99,54.50,55.32,57.12,82221,4554777.57,1471
NSE,PML,INE291E01019,EQ,479.60,493.95,473.00,486.95,472.65,92,44645.55,8
NSE,PNB,INE160A01022,EQ,110.65,113.58,110.50,112.35,109.57,12282429,1379692894.18,66058
NSE,PNBGILTS,INE859A01011,EQ,72.00,73.85,71.30,71.72,71.63,311935,22614666.55,3183
NSE,PNBHOUSING,INE572E01012,EQ,1092.00,1116.00,1088.30,1105.80,1092.00,638892,705038764.20,33088
NSE,PNC,INE392B01011,EQ,18.27,18.27,16.60,17.22,18.09,8826,152168.41,325
NSE,PNCINFRA,INE195J01029,EQ,140.23,140.23,136.45,137.03,138.16,400817,55375316.44,11815
NSE,PNGJL,INE953R01016,EQ,586.95,587.10,571.75,573.30,581.95,514316,297075115.85,23785
NSE,PNGSREVA,INE1RDG01013,EQ,507.55,539.85,505.10,535.30,504.40,481628,254416685.65,18847
NSE,POCL,INE063E01061,EQ,441.60,448.95,437.00,439.55,437.00,208064,91867550.60,7774
NSE,PODDARMENT,INE371C01013,EQ,254.05,264.00,251.00,251.95,253.65,1070,273780.85,67
NSE,POEL,INE035S01028,EQ,141.13,141.95,136.00,136.27,136.45,26509,3674044.46,1511
NSE,POKARNA,INE637C01025,EQ,702.60,719.80,690.45,699.20,699.10,43352,30248011.00,3379
NSE,POLICYBZR,INE417T01026,EQ,984.90,1006.30,945.10,976.20,980.00,13249741,12962486449.90,364271
NSE,POLYCAB,INE455K01017,EQ,7990.00,8186.00,7980.50,8080.00,7990.00,424158,3434098477.50,44774
NSE,POLYMED,INE205C01021,EQ,1630.00,1639.10,1595.10,1619.60,1638.10,126764,205113096.60,14916
NSE,POLYPLEX,INE633B01018,EQ,1028.00,1041.10,1015.00,1020.50,1028.00,28871,29669393.90,2776
NSE,POLYSPIN,INE914G01029,EQ,28.00,32.36,28.00,28.87,29.50,766,22112.40,29
NSE,PONNIERODE,INE838E01017,EQ,375.15,386.70,366.30,368.40,372.35,53786,19965385.20,2299
NSE,POONAWALLA,INE511C01022,EQ,438.05,453.90,436.50,451.95,433.40,1365007,611595574.70,45249
NSE,POWERGRID,INE752E01010,EQ,255.40,259.50,255.40,257.00,254.55,7327971,1884705897.50,44990
NSE,POWERICA,INE921L01032,EQ,589.05,600.35,584.00,587.15,589.15,100209,59152949.95,4888
NSE,POWERINDIA,INE07Y701011,EQ,31500.00,32015.00,31380.00,31500.00,31290.00,72077,2278674490.00,21535
NSE,POWERMECH,INE211R01019,EQ,2476.10,2492.40,2410.10,2431.50,2476.20,37067,90449075.40,7092
NSE,PPAP,INE095I01015,BE,225.11,232.45,225.00,228.56,228.49,4634,1058982.31,80
NSE,PPL,INE050001010,EQ,243.95,269.90,243.65,253.10,243.55,117672,30541751.50,3469
NSE,PPLPHARMA,INE0DK501011,EQ,197.97,201.65,194.28,194.89,197.97,1898343,373393296.40,29598
NSE,PRABHA,INE0I0M01023,EQ,216.43,222.00,213.82,214.90,218.31,72107,15625733.39,1865
NSE,PRADPME,INE770A01010,EQ,465.00,479.00,450.05,470.65,449.25,8630,4010218.45,264
NSE,PRAENG,INE505C01016,EQ,20.00,20.50,18.21,19.01,20.09,96275,1862028.96,461
NSE,PRAJIND,INE074A01025,EQ,303.30,309.75,303.10,304.05,303.25,392337,120239674.60,15635
NSE,PRAKASH,INE603A01013,EQ,119.00,121.22,116.76,119.72,118.69,413992,49201392.27,4680
NSE,PRAKASHSTL,INE696K01024,EQ,3.51,3.62,3.51,3.51,3.56,45516,162094.10,322
NSE,PRANAV,INE0H4201019,EQ,100.00,100.50,91.80,93.21,97.21,2359841,224485191.85,23439
NSE,PRASOLCHEM,INE455U01024,EQ,822.70,827.25,782.15,789.05,814.05,288218,230138609.95,15426
NSE,PRAVEG,INE722B01019,EQ,239.10,243.80,230.25,232.42,238.10,178581,41786138.12,1504
NSE,PRAXIS,INE546Y01022,EQ,4.39,4.59,4.22,4.41,4.39,29052,129983.95,111
NSE,PRECAM,INE484I01029,EQ,109.90,112.65,107.70,108.91,109.90,135479,14809320.23,3468
NSE,PRECOT,INE283A01014,EQ,648.70,649.00,594.60,605.10,638.35,7150,4445419.00,305
NSE,PRECWIRE,INE372C01037,EQ,506.00,524.00,504.85,507.40,501.40,934457,481501669.25,45088
NSE,PREMCO,INE001E01012,EQ,399.95,399.95,394.10,398.80,399.95,196,77692.00,26
NSE,PREMEXPLN,INE863B01029,EQ,682.05,688.95,682.05,685.05,682.05,155880,106759436.45,2925
NSE,PREMIER,INE342A01018,BE,2.73,2.73,2.47,2.52,2.60,38122,95788.79,105
NSE,PREMIERENE,INE0BS701011,EQ,885.45,893.60,864.00,891.95,878.05,985692,866424030.70,27748
NSE,PREMIERPOL,INE309M01020,EQ,91.02,106.05,89.81,101.54,90.64,5042542,506079206.81,59523
NSE,PRESTIGE,INE811K01011,EQ,1484.40,1499.60,1445.00,1445.00,1486.10,745266,1085458491.90,19822
NSE,PRICOLLTD,INE726V01018,EQ,743.35,746.90,699.00,704.45,734.50,697878,493213460.50,30089
NSE,PRIMESECU,INE032B01021,EQ,301.50,305.00,295.00,298.80,301.50,15156,4558271.70,480
NSE,PRIMO,INE607A01022,EQ,26.85,26.90,25.55,26.08,25.41,414021,10819303.19,1324
NSE,PRINCEPIPE,INE689W01016,EQ,246.90,251.00,243.20,247.45,246.90,125575,31044053.20,4437
NSE,PRIORITY,INE15EH01014,EQ,294.00,315.90,287.05,291.20,290.45,508895,153456040.45,14618
NSE,PRISMX,INE286N01028,EQ,0.52,0.52,0.49,0.50,0.52,477178,239288.65,190
NSE,PRITI,INE974Z01015,EQ,30.91,32.95,30.91,32.04,32.79,2125,68329.33,85
NSE,PRITIKAUTO,INE583R01029,EQ,16.05,16.73,15.85,16.02,16.11,138076,2237270.13,806
NSE,PRIVISCL,INE959A01019,EQ,3570.00,3593.00,3424.10,3442.20,3573.00,186750,649177889.30,27510
NSE,PROSTARM,INE0BX301013,EQ,136.80,140.20,131.15,132.00,135.41,374129,50908563.84,7319
NSE,PROTEAN,INE004A01022,EQ,643.00,657.65,635.00,639.05,639.75,346309,223628334.65,14946
NSE,PROZONER,INE195N01013,EQ,53.00,53.69,49.52,50.54,52.53,267154,13523126.72,2644
NSE,PRSMJOHNSN,INE010A01011,EQ,104.47,104.59,101.70,102.06,103.61,215104,22124899.59,4703
NSE,PRUDENT,INE00F201020,EQ,3128.70,3153.50,3082.90,3108.10,3119.10,12341,38400340.60,5148
NSE,PRUDMOULI,INE024D01016,EQ,13.63,14.00,13.45,13.87,13.49,15810,219262.58,153
NSE,PSB,INE608A01012,EQ,21.06,21.38,20.92,21.02,20.96,907370,19146874.05,3495
NSE,PSPPROJECT,INE488V01015,EQ,759.65,782.00,754.80,764.55,747.10,58824,45188430.45,3071
NSE,PTC,INE877F01012,EQ,156.45,157.90,155.00,157.52,154.79,3047215,476884306.29,33461
NSE,PTCIL,INE596F01018,EQ,22025.00,22620.00,21665.00,22530.00,22025.00,18625,413318115.00,6268
NSE,PTL,INE034D01049,EQ,37.88,38.50,37.88,38.21,37.87,20109,769203.89,751
NSE,PUNJABCHEM,INE277B01014,EQ,1040.00,1080.00,1032.10,1036.90,1040.90,1385,1442160.80,312
NSE,PURVA,INE323I01011,EQ,205.00,209.80,201.41,206.93,204.64,126827,26049342.15,2515
NSE,PVP,INE362A01016,EQ,47.95,47.95,47.95,47.95,50.47,150380,7210721.00,506
NSE,PVRINOX,INE191H01014,EQ,1236.80,1249.90,1216.00,1231.40,1215.30,279083,343549204.80,24130
NSE,PVSL,INE772T01024,EQ,89.10,92.19,89.10,91.08,89.86,15818,1436729.65,509
NSE,PWL,INE0LP301011,EQ,120.71,133.47,120.71,131.10,120.17,28246518,3621079283.02,164391
NSE,PYRAMID,INE0MIS01010,EQ,152.90,160.00,151.80,157.88,154.34,75463,11720540.60,917
NSE,QMSMEDI,INE0FMW01018,BE,194.70,194.70,185.89,185.89,195.67,18972,3533000.61,118
NSE,QPOWER,INE0SII01026,EQ,1569.80,1640.00,1569.80,1620.20,1564.60,336640,546032620.40,18968
NSE,QUADFUTURE,INE0LRY01011,EQ,536.00,546.95,524.00,529.25,531.40,319071,170694976.15,12801
NSE,QUESS,INE615P01015,EQ,337.60,345.95,335.10,341.85,336.20,262863,89568926.50,17608
NSE,QUICKHEAL,INE306L01010,EQ,140.00,141.18,137.21,137.91,138.15,67554,9413761.16,1956
NSE,QUINT,INE641R01017,BE,66.00,66.00,65.31,65.31,68.74,3378,221528.80,34
NSE,QUINTEGRA,INE033B01011,EQ,1.40,1.40,1.40,1.40,1.34,41644,58301.60,14
NSE,RACE,INE084Q01012,EQ,117.00,117.00,108.12,108.95,113.18,26720,2982452.39,811
NSE,RACLGEAR,INE704B01017,EQ,1539.80,1575.00,1522.60,1550.40,1538.20,17316,26683126.10,3438
NSE,RADAAN,INE874F01027,EQ,2.98,3.01,2.86,2.99,2.98,27071,79605.27,85
NSE,RADHIKAJWE,INE583V01021,BE,69.00,69.00,67.21,67.82,68.98,102302,6944796.25,918
NSE,RADIANTCMS,INE855R01021,EQ,35.75,35.98,34.70,34.92,35.89,108260,3803083.22,1291
NSE,RADICO,INE944F01028,EQ,4242.00,4307.00,4238.50,4289.10,4237.00,395032,1691022840.90,46377
NSE,RADIOCITY,INE919I01024,EQ,5.76,6.10,5.76,5.90,5.88,28659,168806.17,130
NSE,RAILTEL,INE0DD101019,EQ,258.00,260.40,251.15,252.30,257.20,495278,126056589.15,18051
NSE,RAIN,INE855B01025,EQ,209.03,213.57,206.32,208.02,208.52,1705460,358075685.70,20171
NSE,RAINBOW,INE961O01016,EQ,1285.80,1299.90,1263.60,1269.30,1279.80,137076,174551517.70,30179
NSE,RAJMET,INE00KV01022,EQ,3.06,3.10,3.06,3.06,3.08,178433,547782.19,609
NSE,RAJOOENG,INE535F01024,EQ,54.95,56.25,53.57,54.97,53.21,581746,31908293.62,2575
NSE,RAJPALAYAM,INE296E01026,EQ,715.00,750.00,715.00,734.35,738.00,410,300066.90,50
NSE,RAJRATAN,INE451D01029,EQ,453.55,460.70,450.90,454.60,453.55,46941,21399988.85,5474
NSE,RAJRILTD,INE533D01032,BE,20.35,20.40,19.60,19.62,20.00,26292,522921.39,255
NSE,RAJSREESUG,INE562B01019,EQ,27.73,29.30,27.51,28.39,27.73,62446,1765611.29,520
NSE,RAJTV,INE952H01027,BE,10.34,11.14,10.34,10.64,10.80,7371,79095.82,58
NSE,RALLIS,INE613A01020,EQ,200.00,200.88,197.00,197.16,199.69,299393,59318192.51,10099
NSE,RAMANEWS,INE278B01020,EQ,29.07,30.29,29.07,29.36,29.38,7460,221024.38,117
NSE,RAMAPHO,INE809A01032,EQ,123.43,123.43,118.75,119.07,120.05,9567,1146440.22,291
NSE,RAMASTEEL,INE230R01035,BE,4.39,4.39,4.39,4.39,4.47,224049,983575.11,1078
NSE,RAMBHAJO,INE1SJO01012,EQ,297.20,317.50,294.00,305.10,288.75,1851970,571355456.95,38267
NSE,RAMCOCEM,INE331A01037,EQ,832.00,845.65,823.45,837.10,830.85,93347,77749716.90,5316
NSE,RAMCOIND,INE614A01028,EQ,302.50,308.90,296.60,298.50,302.30,64263,19274639.20,2306
NSE,RAMCOSYS,INE246B01019,EQ,546.00,562.80,546.00,555.30,546.25,39282,21813730.80,2234
NSE,RAMKY,INE874I01013,EQ,278.70,284.80,274.80,280.95,274.60,30641,8545225.15,1132
NSE,RAMRAT,INE207E01023,EQ,626.00,662.85,626.00,635.20,616.55,1507421,970736230.45,74679
NSE,RANASUG,INE625B01014,EQ,13.10,13.69,13.10,13.62,13.08,325768,4415733.28,704
NSE,RANEHOLDIN,INE384A01010,EQ,1512.30,1554.90,1512.30,1550.80,1518.70,6828,10474312.70,898
NSE,RATEGAIN,INE0CLI01024,EQ,840.65,858.50,835.20,849.45,840.65,304666,258699834.85,23158
NSE,RATNAMANI,INE703B01027,EQ,2619.40,2619.50,2550.00,2564.90,2619.40,36107,93231412.10,8462
NSE,RATNAVEER,INE05CZ01011,EQ,347.60,357.70,337.20,339.35,345.45,3923098,1354940161.70,43670
NSE,RAYMOND,INE301A01014,EQ,1198.00,1316.90,1198.00,1300.70,1197.20,2241963,2824639785.50,81864
NSE,RAYMONDLSL,INE02ID01020,EQ,631.00,640.00,621.85,628.85,627.70,185665,116737591.20,11886
NSE,RAYMONDREL,INE1SY401010,EQ,655.35,696.70,655.35,691.85,648.45,2022158,1377354127.60,62492
NSE,RBA,INE07T201019,EQ,92.00,95.98,91.45,93.99,92.22,4841004,457679054.42,45832
NSE,RBLBANK,INE976G01028,EQ,418.05,419.90,410.20,416.55,411.40,4238401,1761567181.70,49170
NSE,RBZJEWEL,INE0PEQ01016,BE,187.03,200.30,187.03,187.03,196.87,96544,18238432.99,846
NSE,RCF,INE027A01015,EQ,106.99,108.47,106.30,106.69,106.80,704178,75483886.32,8845
NSE,RCOM,INE330H01018,BE,0.86,0.87,0.85,0.85,0.86,2586280,2215324.66,2414
NSE,RECLTD,INE020B01018,EQ,288.00,296.80,287.30,295.65,287.75,8639552,2535464563.10,63398
NSE,REDINGTON,INE891D01026,EQ,400.45,416.90,400.45,412.75,397.95,10144724,4171485111.00,132806
NSE,REDTAPE,INE0LXT01019,EQ,115.20,115.90,113.34,113.85,115.29,239207,27360692.52,4678
NSE,REFEX,INE056I01025,EQ,272.20,275.95,267.05,271.30,271.30,451891,122680787.45,4848
NSE,REGAAL,INE0MHO01029,EQ,85.75,87.44,85.05,85.78,85.99,116458,10051555.21,1999
NSE,REGENCERAM,INE277C01012,EQ,32.00,33.00,31.20,32.53,31.98,9583,308942.54,71
NSE,RELAXO,INE131B01039,EQ,285.20,288.45,280.80,281.95,285.35,79688,22662216.00,7077
NSE,RELCHEMQ,INE750D01016,EQ,113.27,116.50,111.57,113.27,114.36,1711,194055.59,131
NSE,RELIABLE,INE375Y01018,EQ,141.96,144.89,140.75,142.39,140.73,13416,1912493.17,339
NSE,RELIANCE,INE002A01018,EQ,1171.20,1193.00,1171.20,1186.40,1167.70,14254907,16844086844.00,302759
NSE,RELIGARE,INE621H01010,EQ,224.85,227.29,222.36,223.44,224.59,435896,97616628.79,8751
NSE,RELINFRA,INE036A01016,BE,48.80,48.80,48.80,48.80,46.48,114132,5569641.60,477
NSE,RELTD,INE206N01018,EQ,147.01,148.39,138.50,144.18,146.98,285987,40859174.89,4566
NSE,REMSONSIND,INE474C01023,EQ,114.80,116.55,108.37,109.71,112.55,254135,28572383.49,3565
NSE,RENTOMOJO,INE08T701025,EQ,529.70,538.60,508.10,510.95,524.60,1564388,817596675.15,50390
NSE,RENUKA,INE087H01022,EQ,21.61,22.36,21.61,21.76,21.34,9972873,218104841.36,19965
NSE,REPCOHOME,INE612J01015,EQ,337.05,342.45,327.05,329.25,337.75,77171,25616841.65,4360
NSE,REPL,INE364Z01019,EQ,58.06,59.99,55.00,56.24,57.99,3152,180617.22,78
NSE,REPRO,INE461B01014,EQ,302.05,309.90,291.10,294.25,303.90,14475,4325452.65,865
NSE,RESPONIND,INE688D01026,EQ,160.04,163.21,157.45,158.17,162.59,150939,24124735.31,2306
NSE,RETAIL,INE03DD01011,BE,36.39,36.39,33.19,33.19,34.93,27744,995678.66,69
NSE,RGL,INE722H01024,EQ,161.70,165.21,160.00,161.52,162.50,294768,47967873.76,6401
NSE,RHETAN,INE0KKN01029,EQ,15.81,15.81,15.81,15.81,16.64,135708,2145543.48,653
NSE,RHIM,INE743M01012,EQ,384.85,387.45,371.65,372.75,384.85,289249,109398211.40,12378
NSE,RHL,INE508K01013,EQ,165.00,169.00,161.00,164.80,162.92,1002,164096.16,26
NSE,RICOAUTO,INE209B01025,EQ,121.63,124.00,119.41,120.52,121.63,847055,103207301.76,8265
NSE,RIIL,INE046A01015,EQ,671.50,681.75,657.00,664.10,666.85,36561,24404107.95,2875
NSE,RIR,INE302D01024,EQ,178.87,179.56,172.93,174.61,176.97,406622,71710682.26,8152
NSE,RISHABH,INE0N2P01017,EQ,709.30,714.00,680.00,686.20,698.80,99703,68811699.30,7310
NSE,RITCO,INE01EG01016,EQ,281.85,288.60,277.25,284.35,276.70,107523,30479709.35,1553
NSE,RITES,INE320J01015,EQ,211.56,212.00,203.59,205.74,209.48,1278686,262994604.31,23373
NSE,RKDL,INE722J01012,EQ,17.15,17.98,16.85,17.05,17.24,18146,311786.13,139
NSE,RKEC,INE786W01010,BE,21.93,21.94,20.85,20.85,21.94,31418,667888.70,137
NSE,RKFORGE,INE399G01023,EQ,695.45,704.05,692.00,700.45,695.45,291847,203874684.00,17834
NSE,RKSWAMY,INE0NQ801033,EQ,89.50,89.50,85.23,86.07,86.46,15497,1336207.34,376
NSE,RMC,INE655V01019,EQ,203.90,209.98,190.00,194.15,202.57,83250,16365123.87,3809
NSE,RMDRIP,INE219Y01026,BE,23.69,23.69,22.57,23.36,23.49,295204,6868896.51,559
NSE,RML,INE050H01012,EQ,1356.00,1384.90,1348.90,1372.20,1343.20,36714,50244538.20,3892
NSE,RNBDENIMS,INE012Q01039,BE,9.03,9.29,8.72,8.97,9.03,144309,1285618.41,389
NSE,ROHLTD,INE283H01019,EQ,305.00,305.00,294.00,295.10,298.65,19878,5899857.10,737
NSE,ROLEXRINGS,INE645S01024,EQ,199.00,199.00,189.10,189.77,196.36,2142313,413935898.91,39739
NSE,ROLLT,INE927A01040,BE,4.66,4.97,4.65,4.97,4.74,716180,3522850.85,513
NSE,ROML,INE294G01026,EQ,44.40,44.40,42.14,43.00,43.34,5073,217666.20,39
NSE,ROSSARI,INE02A801020,EQ,430.00,435.90,417.80,430.90,427.55,57876,24811933.10,5506
NSE,ROSSELLIND,INE847C01020,EQ,49.97,51.40,48.98,50.10,50.22,30670,1539911.04,487
NSE,ROSSTECH,INE0OJW01016,EQ,1525.00,1624.90,1508.70,1607.20,1522.30,314638,493074745.80,27116
NSE,ROTO,INE535D01037,EQ,62.89,63.94,61.81,62.26,62.66,252108,15798098.34,2376
NSE,ROUTE,INE450U01017,EQ,438.35,446.65,429.50,431.10,436.40,160190,69826112.20,7835
NSE,RPEL,INE912T01018,EQ,1848.50,1880.00,1773.10,1825.30,1818.90,83683,153376808.70,11740
NSE,RPGLIFE,INE105J01010,EQ,2983.50,2983.50,2832.60,2896.40,2930.70,23013,66441213.00,3904
NSE,RPOWER,INE614G01033,EQ,19.44,20.55,19.44,20.09,19.41,44727097,894757591.04,83255
NSE,RPPINFRA,INE324L01013,EQ,53.25,53.25,50.41,50.82,52.60,37515,1916139.00,677
NSE,RPPL,INE760W01023,BE,18.95,18.99,18.62,18.72,19.60,29437,554010.95,144
NSE,RPSGVENT,INE425Y01011,EQ,848.00,849.00,820.95,833.90,829.85,23182,19293298.80,1045
NSE,RPTECH,INE0J1F01024,EQ,963.50,978.00,935.10,943.45,953.15,268559,255402481.50,20435
NSE,RRECL,INE0AK901016,EQ,130.00,135.00,130.00,134.62,131.46,252,33312.20,10
NSE,RRIL,INE951M01037,EQ,15.47,15.49,15.15,15.21,15.11,8335,127784.10,103
NSE,RRKABEL,INE777K01022,EQ,2541.50,2654.90,2533.10,2648.00,2518.20,635507,1668656409.80,58233
NSE,RSDFIN,INE616F01022,BE,93.18,95.89,92.00,94.00,91.35,72,6717.79,7
NSE,RSL,INE313L01016,EQ,175.51,183.87,174.75,175.57,174.43,256813,45854310.01,4174
NSE,RSSOFTWARE,INE165B01029,EQ,30.90,30.90,29.70,29.79,30.04,11665,349844.48,103
NSE,RSWM,INE611A01016,EQ,204.35,209.99,201.44,203.03,202.21,30003,6109719.33,786
NSE,RSYSTEMS,INE411H01032,EQ,264.00,264.50,248.00,249.90,263.60,2005620,511407614.00,33295
NSE,RTNINDIA,INE834M01019,EQ,25.55,25.80,25.10,25.46,25.32,840323,21319816.61,4886
NSE,RTNPOWER,INE399K01017,EQ,6.74,6.83,6.69,6.73,6.74,10445792,70596727.08,12898
NSE,RTSPOWR,INE005C01017,BE,109.00,109.00,108.40,108.40,114.10,2430,263492.30,65
NSE,RUBFILA,INE642C01025,EQ,63.63,64.99,62.64,63.18,63.25,50488,3229107.11,592
NSE,RUBICON,INE506V01022,EQ,1646.00,1646.00,1560.30,1608.50,1630.90,159926,255246613.90,16734
NSE,RUBYMILLS,INE301D01026,EQ,507.90,507.90,486.75,494.20,499.65,8647,4265259.10,882
NSE,RUCHINFRA,INE413B01023,EQ,4.96,4.97,4.85,4.85,4.84,32153,157544.14,176
NSE,RUCHIRA,INE803H01014,EQ,101.77,105.00,101.41,103.39,101.31,11460,1181949.76,408
NSE,RUDRA,INE027T01023,EQ,18.53,18.92,18.00,18.00,18.23,12942,234917.64,81
NSE,RUNWALENTR,INE804W01029,EQ,305.00,307.75,281.20,301.45,305.00,13471588,4013295906.00,134157
NSE,RUPA,INE895B01021,EQ,130.11,132.58,126.67,128.40,130.58,182693,23630271.77,6639
NSE,RUSHIL,INE573K01025,EQ,15.68,16.10,15.37,15.46,15.90,122974,1914112.06,664
NSE,RUSTOMJEE,INE263M01029,EQ,361.25,372.30,355.55,368.50,361.25,73016,26765671.30,2609
NSE,RVHL,INE09E501017,EQ,36.81,37.99,36.81,37.46,37.23,2957,110422.77,83
NSE,RVNL,INE415G01027,EQ,198.00,199.90,195.34,196.95,197.00,2937181,580455859.32,32188
NSE,RVTH,INE0DAB01012,EQ,797.90,803.00,721.10,726.45,776.70,4355,3342983.30,460
NSE,S&SPOWER,INE902B01017,EQ,294.10,298.70,280.00,294.55,294.10,5695,1629464.50,208
NSE,SAATVIKGL,INE13B501022,EQ,403.55,407.40,399.00,400.85,405.55,51181,20605001.80,3224
NSE,SADBHAV,INE226H01026,EQ,6.82,6.99,6.61,6.86,6.80,124754,855081.77,355
NSE,SADBHIN,INE764L01010,EQ,2.60,2.63,2.56,2.61,2.62,151589,393928.63,261
NSE,SADHNANIQ,INE888C01040,BE,2.52,2.59,2.47,2.59,2.47,1003078,2568248.51,653
NSE,SAFARI,INE429E01023,EQ,1389.50,1389.50,1300.00,1308.60,1378.80,51092,67833789.80,9648
NSE,SAGARDEEP,INE976T01013,EQ,22.52,23.19,22.00,22.10,22.52,8473,189823.90,70
NSE,SAGCEM,INE229C01021,EQ,150.01,153.51,147.01,148.68,150.01,13697,2046923.29,718
NSE,SAGILITY,INE0W2G01015,EQ,43.25,43.82,42.21,42.57,43.17,17899984,766105730.67,26141
NSE,SAHLIBHFI,INE861D01011,EQ,78.74,78.74,75.99,76.70,78.74,34289,2640607.06,144
NSE,SAHYADRI,INE280H01015,EQ,363.00,369.85,348.35,361.40,355.65,10662,3833122.65,668
NSE,SAICAPI,INE531X01018,EQ,155.00,155.00,147.10,155.00,155.00,232,34969.00,13
NSE,SAIL,INE114A01011,EQ,174.21,180.44,173.28,176.95,174.50,11407529,2006130026.89,67552
NSE,SAILIFE,INE570L01029,EQ,1549.50,1557.90,1501.00,1511.30,1541.20,325814,494679110.70,40900
NSE,SAIPARENT,INE0H9F01037,EQ,520.65,520.65,494.00,498.70,523.65,143394,72512779.60,5119
NSE,SAKAR,INE732S01012,EQ,1075.00,1094.00,985.00,1006.80,1075.00,204117,208131213.10,14725
NSE,SAKHTISUG,INE623A01011,EQ,17.51,18.35,17.50,17.80,17.58,106089,1896123.24,666
NSE,SAKSOFT,INE667G01023,EQ,139.65,144.00,138.56,140.72,139.33,259830,36586446.11,5437
NSE,SAKUMA,INE190H01024,EQ,1.58,1.59,1.53,1.54,1.54,807962,1260755.56,968
NSE,SALASAR,INE170V01027,EQ,4.22,4.22,4.01,4.04,4.13,3745201,15289850.06,4592
NSE,SALONA,INE498E01010,EQ,254.80,274.70,254.80,268.25,254.35,388,102088.85,41
NSE,SALSTEEL,INE658G01014,EQ,98.92,100.42,93.98,93.98,98.92,697076,66802205.12,3300
NSE,SALZERELEC,INE457F01013,EQ,526.85,535.90,520.20,525.05,530.90,33922,17861865.00,2748
NSE,SAMBANDAM,INE304D01012,EQ,107.10,107.10,102.15,102.15,107.10,93,9796.53,6
NSE,SAMBHAAV,INE699B01027,EQ,5.88,5.88,5.22,5.30,5.42,100521,541651.11,206
NSE,SAMBHV,INE12NJ01018,EQ,163.00,171.70,162.41,164.66,161.45,5203406,866021953.16,54666
NSE,SAMHI,INE08U801020,EQ,154.35,155.99,150.00,150.41,154.37,397768,60376297.24,5572
NSE,SAMMAANCAP,INE148I01020,EQ,135.05,138.75,132.51,133.11,132.48,7143240,966768101.27,43395
NSE,SAMPANN,INE735M01018,EQ,24.01,24.79,23.82,23.91,24.01,5459,131811.19,52
NSE,SANATHAN,INE0JPD01013,EQ,511.00,532.30,506.50,528.35,504.35,103861,54303196.50,4881
NSE,SANDESH,INE583B01015,EQ,991.55,1022.00,990.00,1013.95,990.05,496,500090.75,110
NSE,SANDHAR,INE278H01035,EQ,568.00,572.75,552.00,555.30,563.85,100180,56087020.60,5951
NSE,SANDUMA,INE149K01016,EQ,177.70,181.48,176.25,177.35,177.67,513160,91437152.65,11068
NSE,SANGAMIND,INE495C01010,EQ,670.00,670.00,627.00,631.75,634.55,37447,23892480.35,2107
NSE,SANGHVIMOV,INE989A01032,EQ,430.35,443.00,405.10,409.90,429.50,665789,280293901.00,20727
NSE,SANOFI,INE058A01010,EQ,3040.00,3069.00,3016.80,3024.20,3037.40,7594,23047395.70,1958
NSE,SANOFICONR,INE0UOS01011,EQ,3787.20,3787.90,3729.20,3752.70,3787.20,4708,17666694.60,1901
NSE,SANSERA,INE953O01021,EQ,4282.50,4348.00,4212.70,4291.30,4276.60,300321,1288973031.10,46322
NSE,SANSTAR,INE08NE01025,EQ,105.00,107.19,102.85,104.73,103.00,124564,13031485.61,4131
NSE,SAPPHIRE,INE806T01020,EQ,210.00,213.51,208.29,212.64,209.82,417142,87860250.47,12843
NSE,SAPPL,INE185C01017,EQ,315.00,335.00,305.90,327.10,308.50,9600,3097234.25,258
NSE,SARDAEN,INE385C01021,EQ,495.00,503.50,490.00,501.00,494.75,207207,102890517.30,9186
NSE,SAREGAMA,INE979A01025,EQ,497.95,500.05,488.85,497.10,494.75,171908,85177697.35,12425
NSE,SARLAPOLY,INE453D01025,EQ,93.30,96.03,92.40,95.10,92.02,62596,5909947.72,806
NSE,SARVESHWAR,INE324X01026,EQ,3.41,3.50,3.41,3.46,3.44,1300127,4503912.97,2062
NSE,SASKEN,INE231F01020,EQ,1750.00,1784.00,1675.40,1683.20,1720.50,20074,34540354.20,3193
NSE,SATIA,INE170E01023,EQ,68.00,69.00,68.00,68.51,68.34,70953,4858026.14,890
NSE,SATIN,INE836B01017,EQ,226.15,230.97,215.00,216.29,227.47,1194660,261924615.31,19924
NSE,SAURASHCEM,INE626A01014,EQ,53.32,53.95,50.40,51.40,53.37,127808,6665940.21,860
NSE,SAYAJIHOTL,INE318C01014,EQ,328.60,328.95,302.00,306.50,304.00,335,105762.35,14
NSE,SAYAJIIND,INE327G01032,EQ,118.95,120.00,118.95,120.00,119.50,806,96174.11,6
NSE,SBC,INE04AK01028,EQ,59.57,63.14,57.36,62.04,58.54,32139550,1943481582.60,52305
NSE,SBCL,INE386D01027,EQ,1087.30,1108.00,1070.00,1076.50,1066.40,139325,151284412.00,13654
NSE,SBFC,INE423Y01016,EQ,84.19,87.18,82.40,82.83,84.19,3511188,292656957.87,22467
NSE,SBGLP,INE05ST01028,EQ,22.56,23.93,22.56,23.11,22.75,35623,821133.67,241
NSE,SBICARD,INE018E01016,EQ,565.25,577.15,561.25,566.00,563.20,778398,441242775.10,26346
NSE,SBIFUNDS,INE640G01020,EQ,501.95,503.40,494.00,495.40,500.35,986442,491996200.50,40520
NSE,SBILIFE,INE123W01016,EQ,1721.60,1741.40,1709.50,1709.50,1721.60,1322426,2283845532.00,40116
NSE,SBIN,INE062A01020,EQ,959.00,969.45,956.00,958.00,954.10,8165087,7844722029.80,180329
NSE,SCANSTL,INE099G01011,BE,48.70,49.85,45.79,47.15,48.19,93029,4371928.35,209
NSE,SCHAEFFLER,INE513A01022,EQ,3888.60,3908.60,3825.30,3845.00,3885.60,38172,146945375.00,10421
NSE,SCHAND,INE807K01035,EQ,147.50,147.50,139.10,140.50,143.57,23644,3368610.61,726
NSE,SCHNEIDER,INE839M01018,EQ,1286.80,1318.80,1261.00,1268.10,1275.40,444623,574604869.80,40334
NSE,SCI,INE109A01011,EQ,272.00,292.60,271.45,290.60,267.05,24814404,7057354005.50,259740
NSE,SCILAL,INE0PB301013,EQ,37.00,37.49,36.26,37.26,36.65,287269,10628155.00,4141
NSE,SCODATUBES,INE090501011,EQ,123.00,127.90,120.98,124.62,123.00,278884,34502331.11,3286
NSE,SCPL,INE501Y01019,BE,633.70,633.70,610.35,617.85,620.45,3408,2105920.75,173
NSE,SDBL,INE480C01038,EQ,75.40,76.00,72.82,73.21,74.94,717652,53045413.98,6457
NSE,SEAMECLTD,INE497B01018,EQ,1594.70,1611.90,1552.40,1577.90,1594.70,48124,75786704.80,5278
NSE,SECMARK,INE0BTM01013,EQ,142.00,142.00,134.10,137.41,137.48,1258,174115.30,28
NSE,SECURKLOUD,INE650K01021,EQ,16.98,17.03,15.80,16.13,16.77,45723,737652.45,328
NSE,SEDEMAC,INE00XB01019,EQ,3607.80,3650.00,3355.00,3372.30,3432.80,233050,807164885.80,33930
NSE,SEIL,INE440T01028,EQ,183.10,188.18,181.82,183.52,186.68,48887,9018735.12,1095
NSE,SEJALLTD,INE955I01044,EQ,657.20,661.50,638.10,651.20,656.50,6161,4009248.20,387
NSE,SEKURITIND,INE068B01017,EQ,108.30,113.20,108.01,108.72,109.19,20206,2231160.20,665
NSE,SELMC,INE105I01020,BE,24.02,24.97,23.84,23.84,25.09,24005,573149.03,162
NSE,SEMAC,INE617A01013,EQ,242.40,242.40,237.00,239.04,241.99,321,77479.12,32
NSE,SENCO,INE602W01027,EQ,317.40,319.90,312.90,316.95,317.40,767941,242465549.20,23919
NSE,SENORES,INE0RB801010,EQ,1355.00,1375.00,1300.10,1321.20,1349.60,272680,360637088.50,27058
NSE,SEPC,INE964H01014,EQ,5.20,5.23,5.07,5.11,5.08,5180319,26550862.42,3575
NSE,SERVOTECH,INE782X01033,EQ,70.00,72.70,69.77,71.93,69.20,744174,52975991.07,6712
NSE,SESHAPAPER,INE630A01024,EQ,238.55,240.00,233.00,234.76,236.35,80921,19053610.72,1133
NSE,SETCO,INE878E01021,BE,18.18,18.72,17.52,17.60,18.13,31576,571140.23,226
NSE,SETL,INE0M4D01010,EQ,421.70,437.75,417.15,430.05,416.95,821094,354564091.95,11148
NSE,SEYAIND,INE573R01012,BE,13.45,13.45,12.93,13.12,13.19,1065,13918.69,24
NSE,SFL,INE916U01025,EQ,622.85,634.85,615.70,620.45,616.65,140174,87022590.60,10095
NSE,SGFIN,INE618R01015,EQ,659.35,697.00,647.60,677.95,631.85,3245313,2205680528.95,106384
NSE,SGIL,INE00QT01015,EQ,605.00,632.30,596.00,603.00,613.85,4999,3046797.80,524
NSE,SGL,INE353H01010,EQ,8.56,8.84,8.56,8.84,8.50,22642,194838.28,60
NSE,SGLRES,INE967B01028,EQ,2.22,2.38,2.18,2.23,2.27,57778,129539.51,147
NSE,SGMART,INE385F01024,EQ,750.00,758.30,730.90,737.65,742.20,397450,297226201.40,29431
NSE,SGRL,INE414Y01015,EQ,700.00,709.30,669.05,680.40,694.25,12588,8582035.30,1299
NSE,SHADOWFAX,INE12UN01015,EQ,274.05,290.50,274.05,289.05,273.15,5956547,1709254022.25,87210
NSE,SHAH,INE482J01021,EQ,3.03,3.10,2.99,3.07,3.03,511995,1553779.36,618
NSE,SHAHALLOYS,INE640C01011,BE,85.10,85.10,81.30,82.00,85.37,19540,1608225.78,213
NSE,SHAILY,INE151G01028,EQ,3020.00,3079.00,2979.30,3012.80,3009.10,105774,320532463.50,25274
NSE,SHAKTIPUMP,INE908D01010,EQ,455.95,463.50,441.15,443.40,454.10,431828,195261429.65,17739
NSE,SHALBY,INE597J01018,EQ,133.00,135.49,132.51,134.01,133.55,36205,4853526.24,1639
NSE,SHALPAINTS,INE849C01026,BE,78.34,79.02,74.76,75.17,78.34,150821,11507042.73,525
NSE,SHANKARA,INE274V01019,EQ,124.00,124.00,117.00,118.16,124.40,107711,12957646.06,1623
NSE,SHANKESH,INE1WFC01025,EQ,89.24,91.30,87.50,88.24,87.93,1386109,123384395.32,12911
NSE,SHANTI,INE933X01016,EQ,5.07,5.69,5.07,5.44,5.50,17641,94760.64,105
NSE,SHANTIGEAR,INE631A01022,EQ,582.60,599.00,572.05,591.75,573.65,58856,34629343.50,2696
NSE,SHANTIGOLD,INE06ZD01017,EQ,310.00,323.50,308.50,316.60,303.55,3136803,989175611.00,37467
NSE,SHARDACROP,INE221J01015,EQ,712.50,729.70,711.25,720.10,709.20,91626,66044210.70,10775
NSE,SHARDAMOTR,INE597I01028,EQ,929.90,938.60,910.30,918.60,928.80,27384,25269398.15,4063
NSE,SHARDUL,INE037B01020,BE,58.40,58.60,57.00,58.11,57.98,38922,2253868.54,116
NSE,SHAREINDIA,INE932X01026,EQ,208.20,219.00,204.51,206.06,205.09,2810914,597520201.82,39257
NSE,SHBAJRG,INE402H01015,EQ,174.05,176.00,161.71,164.79,172.33,11077,1868019.34,426
NSE,SHEKHAWATI,INE268L01046,BE,28.60,28.60,28.60,28.60,30.10,4882,139625.20,71
NSE,SHEMAROO,INE363M01019,EQ,116.36,117.89,109.99,110.56,115.21,17297,1946098.04,176
NSE,SHERVANI,INE011D01013,EQ,315.00,315.05,299.25,315.00,335.00,64,20077.60,7
NSE,SHILCTECH,INE024F01011,EQ,4035.00,4078.30,3969.00,4032.90,4033.00,13865,55800229.10,3365
NSE,SHILGRAVQ,INE960A01017,EQ,137.65,148.10,137.00,142.87,139.35,773,107323.37,60
NSE,SHILPAMED,INE790G01031,EQ,1069.00,1081.90,1020.20,1031.20,1064.10,870692,907047337.20,35667
NSE,SHINDL,INE220Z01013,EQ,159.04,159.59,155.25,158.41,159.12,77098,12201370.10,888
NSE,SHIPROCKET,INE0FOO01011,EQ,120.99,124.50,120.05,123.00,119.98,3116897,381913497.59,49557
NSE,SHIVAAGRO,INE960E01019,EQ,39.00,39.00,38.40,38.70,39.22,949,36553.40,19
NSE,SHIVACEM,INE555C01029,EQ,13.30,13.30,12.45,12.70,13.34,216275,2773939.95,888
NSE,SHIVALIK,INE788J01021,EQ,400.80,401.95,374.20,375.30,394.05,46656,17856178.50,2644
NSE,SHIVAMAUTO,INE637H01024,EQ,17.41,17.41,16.60,16.67,17.07,41370,697999.73,240
NSE,SHIVAMILLS,INE644Y01017,EQ,58.00,59.41,57.00,59.32,56.59,1618,94739.30,47
NSE,SHIVATEX,INE705C01020,EQ,169.00,171.00,165.01,165.01,172.60,4797,795184.34,60
NSE,SHIVAUM,INE719F01016,EQ,535.50,563.90,525.05,558.95,554.60,20380,11211173.50,641
NSE,SHK,INE500L01026,EQ,138.00,140.89,136.00,137.42,137.86,195849,26944756.04,3914
NSE,SHOPERSTOP,INE498B01024,EQ,397.15,407.35,395.20,395.50,404.70,40206,15991192.80,1675
NSE,SHRADDHA,INE311M01018,EQ,160.10,179.00,157.10,164.79,155.10,91009,15353774.70,2057
NSE,SHRADHA,INE715Y01031,EQ,29.89,31.02,28.50,29.36,29.89,8474,246424.58,122
NSE,SHREDIGCEM,INE232A01011,EQ,66.69,67.20,65.57,66.33,66.69,52935,3514886.37,1004
NSE,SHREECEM,INE070A01015,EQ,21750.00,22100.00,21720.00,21990.00,21900.00,39075,854332495.00,13283
NSE,SHREEJISPG,INE1B6101010,EQ,779.80,788.10,768.80,779.85,775.35,915863,713821742.90,18583
NSE,SHREEPUSHK,INE712K01011,EQ,500.00,506.90,491.85,494.55,491.50,43640,21731177.10,2339
NSE,SHREERAMA,INE879A01019,EQ,44.00,44.60,42.72,43.09,43.16,38309,1682346.21,965
NSE,SHREYANIND,INE231C01019,EQ,125.66,129.65,125.66,129.00,126.29,8211,1059137.19,218
NSE,SHRIKRISH,INE997I01012,EQ,34.15,35.85,32.56,34.05,35.96,3897,132705.83,35
NSE,SHRINGARMS,INE1B3L01017,EQ,222.85,223.28,218.11,219.36,221.31,290081,63849691.76,3695
NSE,SHRIPISTON,INE526E01018,EQ,4550.00,4567.10,4369.00,4398.80,4490.50,75521,334272798.10,19238
NSE,SHRIRAMFIN,INE721A01047,EQ,964.00,973.50,954.00,971.40,945.00,5092892,4920676305.15,94768
NSE,SHRIRAMPPS,INE217L01019,EQ,67.45,68.34,66.40,67.52,67.36,309049,20831000.70,3274
NSE,SHRJAGP,INE564J01026,EQ,684.00,708.90,680.00,685.00,673.00,716,497919.25,87
NSE,SHUKRAPHAR,INE551C01044,EQ,62.84,73.88,62.50,70.49,61.80,55171960,3817450492.18,292029
NSE,SHYAMCENT,INE979R01011,EQ,5.45,5.45,4.90,5.07,5.00,93969,479210.20,1233
NSE,SHYAMMETL,INE810G01011,EQ,1054.00,1057.60,1015.00,1020.20,1047.80,527412,544929000.70,27925
NSE,SHYAMTEL,INE635A01023,EQ,10.79,11.30,10.50,10.93,10.32,6059,65508.79,42
NSE,SICAGEN,INE176J01011,EQ,51.40,53.30,50.10,52.37,50.96,8560,444552.97,98
NSE,SICALLOG,INE075B01020,BE,87.77,91.40,87.20,88.68,87.08,20373,1835180.09,124
NSE,SIEL,INE843L01012,EQ,31.00,31.00,30.05,31.00,30.46,209,6467.13,10
NSE,SIEMENS,INE003A01024,EQ,3804.00,3842.00,3700.00,3701.10,3804.00,184140,691568793.10,22035
NSE,SIGACHI,INE0D0K01022,EQ,28.49,28.93,28.06,28.72,28.34,1604708,45794469.83,5786
NSE,SIGIND,INE529F01035,BE,69.99,69.99,64.05,64.06,67.42,31422,2034232.47,137
NSE,SIGMA,INE0A0S01028,EQ,46.00,46.15,43.31,43.83,44.91,100749,4492142.38,1584
NSE,SIGMAADV,INE933B01012,BE,1130.70,1130.70,1036.00,1130.60,1076.90,835410,924419382.90,12259
NSE,SIGNATURE,INE903U01023,EQ,736.80,744.80,732.00,738.20,737.45,337538,248681773.85,5930
NSE,SIGNPOST,INE0KGZ01021,EQ,265.70,265.70,256.20,260.85,259.40,16214,4217333.90,813
NSE,SIKA,INE438E01032,EQ,1028.20,1038.00,1015.00,1022.60,1018.20,16720,17132494.90,1955
NSE,SIKKO,INE112X01025,BE,6.22,6.32,5.91,6.21,6.22,382053,2314031.20,716
NSE,SIL,INE173A01025,EQ,15.51,16.48,15.51,15.98,15.83,16385,260990.14,324
NSE,SILGO,INE01II01013,EQ,70.89,71.70,68.75,69.49,70.17,5571,389287.41,122
NSE,SILINV,INE923A01015,EQ,418.80,451.00,418.80,445.75,424.55,3970,1725984.55,183
NSE,SILVERTUC,INE625X01026,EQ,138.50,142.00,136.77,137.41,138.68,66478,9225236.80,1822
NSE,SIMPLEXINF,INE059B01024,EQ,254.90,263.00,248.11,249.61,245.01,280280,71468276.52,6505
NSE,SIMPLXREA,INE167H01014,EQ,124.00,129.00,117.36,117.43,123.50,99,12737.86,7
NSE,SINCLAIR,INE985A01022,EQ,76.75,78.95,75.12,75.87,76.71,24830,1894422.38,700
NSE,SINDHUTRAD,INE325D01025,EQ,22.13,22.82,21.82,22.13,22.23,361160,7964774.80,910
NSE,SINGERIND,INE638A01035,EQ,74.05,77.07,74.05,74.60,74.66,56846,4289775.21,1702
NSE,SINTERCOM,INE129Z01016,EQ,75.90,75.90,75.90,75.90,75.87,1,75.90,1
NSE,SIRCA,INE792Z01011,EQ,401.60,404.80,400.15,401.70,401.55,122332,49225495.75,2280
NSE,SIS,INE285J01028,EQ,413.45,419.90,411.60,414.70,412.85,57546,24016746.10,6968
NSE,SIYSIL,INE076B01028,EQ,535.80,544.00,531.50,540.15,531.55,20499,11005121.95,1638
NSE,SJS,INE284S01014,EQ,2159.80,2175.00,2022.20,2039.60,2159.80,380923,787002124.90,49024
NSE,SJVN,INE002L01015,EQ,58.30,58.50,57.01,57.16,57.91,2071448,119292702.69,28721
NSE,SKFINDIA,INE640A01023,EQ,1420.00,1458.90,1420.00,1445.90,1450.20,43200,62353449.50,8089
NSE,SKFINDUS,INE2J8701016,EQ,2759.90,2759.90,2670.10,2729.50,2734.20,21506,58347470.90,5795
NSE,SKIPPER,INE439E01022,EQ,543.00,551.90,534.00,538.90,541.20,402506,218094236.00,18602
NSE,SKMEGGPROD,INE411D01023,EQ,204.00,206.38,199.30,201.40,205.29,170126,34398240.23,3872
NSE,SKYGOLD,INE01IU01018,EQ,818.00,839.00,814.00,825.90,810.65,1050336,867344914.90,38496
NSE,SKYWAYS,INE0PX301025,EQ,111.70,113.42,108.85,109.48,110.29,1317759,146140027.74,16815
NSE,SMARTLINK,INE178C01020,BE,220.00,222.70,216.71,222.70,212.10,4925,1089790.63,90
NSE,SMARTWORKS,INE0NAZ01010,EQ,515.00,515.00,496.10,497.80,510.65,70592,35465509.50,4719
NSE,SMCGLOBAL,INE103C01036,EQ,100.00,118.80,96.22,114.50,99.06,85008573,9488035118.32,497976
NSE,SMLMAH,INE294B01019,EQ,6390.00,6459.00,6280.00,6354.00,6251.00,41005,260863825.00,8029
NSE,SMLT,INE017W01010,EQ,82.40,88.79,77.00,78.72,74.18,519788,41826163.85,7128
NSE,SMSPHARMA,INE812G01025,EQ,479.00,489.00,472.50,477.85,471.30,535364,257041440.55,15307
NSE,SNOWMAN,INE734N01019,EQ,34.11,34.50,33.51,33.99,34.11,74733,2532088.51,939
NSE,SOBHA,INE671H01015,EQ,1214.00,1229.80,1187.80,1198.20,1213.10,136038,164229917.20,13079
NSE,SOFTTECH,INE728Z01015,EQ,477.25,487.45,455.35,462.15,474.30,4795,2248001.20,213
NSE,SOLARA,INE624Z01016,EQ,720.00,724.80,673.10,676.90,714.85,290504,199171456.35,13583
NSE,SOLARINDS,INE343H01029,EQ,19450.00,19616.00,19275.00,19540.00,19400.00,114870,2227943567.00,28188
NSE,SOLARWORLD,INE0TY101024,EQ,127.00,128.08,122.92,123.94,125.55,221817,27689600.29,4252
NSE,SOLEX,INE880Y01017,EQ,683.75,692.65,676.00,682.20,670.95,47131,32213583.05,4072
NSE,SOMANYCERA,INE355A01028,EQ,614.00,627.80,608.25,610.90,614.20,85158,52576950.45,5319
NSE,SOMATEX,INE314C01013,EQ,77.78,77.78,74.50,75.65,75.76,5686,430742.13,149
NSE,SOMICONVEY,INE323J01019,EQ,84.25,88.75,82.90,83.43,83.73,78797,6765600.73,1446
NSE,SONA,INE0LLZ01011,BE,91.00,93.45,88.10,92.60,92.47,144824,13255029.78,980
NSE,SONACOMS,INE073K01018,EQ,803.75,803.75,785.60,797.00,805.00,2049996,1627012919.20,52308
NSE,SONAMLTD,INE00LM01029,BE,70.20,70.20,67.00,69.94,68.95,84663,5873730.14,256
NSE,SONATSOFTW,INE269A01021,EQ,258.85,263.20,252.30,254.00,254.05,963732,247923370.30,26563
NSE,SOTL,INE035D01020,EQ,735.00,736.00,716.80,727.20,729.50,200693,145848602.95,14968
NSE,SOUTHBANK,INE683A01023,EQ,48.45,48.70,47.80,48.54,47.44,10708341,517996986.89,47253
NSE,SOUTHWEST,INE980Y01015,EQ,186.00,201.00,179.45,195.58,181.70,377507,72382807.90,6546
NSE,SPAL,INE212I01016,EQ,965.15,969.65,930.05,937.90,935.60,26626,25048756.45,3574
NSE,SPANDANA,INE572J01011,EQ,217.00,218.57,211.02,213.52,216.34,162492,34755063.08,6638
NSE,SPARC,INE232I01014,EQ,194.56,201.59,190.20,191.26,194.13,837807,162243152.05,18280
NSE,SPCENET,INE970N01027,EQ,3.33,3.38,3.13,3.22,3.24,490373,1591196.67,593
NSE,SPECIALITY,INE247M01014,BE,157.00,157.00,151.00,154.91,153.50,17708,2728395.66,171
NSE,SPECTRUM,INE01EO01010,BE,3898.20,3958.50,3660.80,3839.10,3853.40,7191,27212212.80,715
NSE,SPELS,INE252A01019,BE,118.65,118.65,118.65,118.65,124.89,13971,1657659.15,622
NSE,SPENCERS,INE020801028,EQ,26.20,26.80,25.52,26.39,26.24,15074,398064.36,207
NSE,SPIC,INE147A01011,EQ,62.05,63.72,61.44,62.19,62.23,238526,14848688.11,2629
NSE,SPLIL,INE978G01016,EQ,29.60,29.60,28.01,28.94,28.50,8177,237215.10,89
NSE,SPLPETRO,INE663A01033,EQ,780.45,805.00,768.30,798.35,780.45,205144,161985924.90,18601
NSE,SPMLINFRA,INE937A01023,EQ,159.31,165.90,156.10,158.29,159.31,153588,24371229.83,3526
NSE,SPORTKING,INE885H01029,EQ,205.10,208.54,192.00,193.53,208.54,613909,121763629.87,11782
NSE,SRD,INE01NE01012,EQ,38.30,38.98,37.40,37.70,38.08,17406,661226.55,203
NSE,SREEL,INE099F01013,BE,298.85,298.85,282.20,290.80,292.60,9154,2652743.80,171
NSE,SRF,INE647A01010,EQ,2484.90,2495.00,2442.00,2460.00,2486.20,204482,502881482.50,13417
NSE,SRGHFL,INE559N01010,EQ,137.00,138.65,128.99,128.99,135.77,6758,882117.27,228
NSE,SRHHYPOLTD,INE917H01012,EQ,548.00,554.95,532.90,537.30,543.60,19380,10440533.65,1691
NSE,SRIKPRIND,INE009C01019,BE,27.49,27.75,26.12,26.12,27.49,3726,99308.60,34
NSE,SRM,INE0R6Z01013,EQ,405.25,405.60,394.10,398.65,398.75,35369,14156780.00,2380
NSE,SRTL,INE19GK01015,EQ,36.01,37.28,36.00,36.10,36.40,12343,446992.75,302
NSE,SSDL,INE0PQ101010,EQ,69.38,76.00,68.41,69.75,69.39,141885,10139180.48,2329
NSE,SSRETAIL,INE1EQW01028,EQ,712.05,712.05,666.40,677.15,714.35,6132724,4215880106.75,162155
NSE,SSWL,INE802C01033,EQ,393.50,412.40,385.20,410.55,390.80,1790927,718234736.45,49360
NSE,STALLION,INE0RYC01010,BE,231.00,235.00,220.22,224.61,231.81,232450,52882823.30,2294
NSE,STANLEY,INE01A001028,EQ,136.22,139.05,133.72,135.11,136.22,63052,8582477.89,1290
NSE,STAR,INE939A01011,EQ,1087.00,1109.90,1077.60,1086.70,1084.80,108287,118240268.30,14181
NSE,STARCEMENT,INE460H01021,EQ,178.00,179.28,175.26,176.03,178.39,78392,13823039.78,2800
NSE,STARHEALTH,INE575P01011,EQ,535.25,541.60,531.10,535.25,537.70,407562,218333727.55,27615
NSE,STARPAPER,INE733A01018,EQ,151.00,155.51,150.02,152.01,151.81,2960,448701.03,134
NSE,STARTECK,INE992I01013,EQ,298.00,302.95,265.70,275.45,290.95,769,216705.25,122
NSE,STCINDIA,INE655A01013,EQ,106.01,107.50,105.00,105.27,105.96,13522,1435161.22,275
NSE,STEAMHOUSE,INE0FRO01022,EQ,109.10,110.71,105.85,107.66,106.51,2981543,323037169.74,23647
NSE,STEELCAS,INE124E01038,EQ,359.90,365.40,346.55,363.70,356.45,151454,54153062.90,6510
NSE,STEELCITY,INE395H01011,EQ,81.99,83.80,81.50,82.52,80.11,5484,450519.15,100
NSE,STEELXIND,INE503B01021,EQ,11.23,11.56,11.10,11.12,11.22,5966946,66910265.87,5008
NSE,STEL,INE577L01016,EQ,592.00,592.00,559.80,567.70,574.15,1993,1134558.55,202
NSE,STERTOOLS,INE334A01023,EQ,225.50,229.00,218.00,218.78,224.28,27222,6062658.28,823
NSE,STLNETWORK,INE1VXE01018,EQ,47.00,47.00,44.83,44.84,47.18,13766834,623216301.31,17511
NSE,STLSTRINF,INE205F01016,EQ,22.99,22.99,21.25,22.10,21.52,904,20129.27,38
NSE,STLTECH,INE089C01029,BE,952.40,1003.10,932.00,1001.25,955.35,3877431,3806895194.95,72106
NSE,STOVEKRAFT,INE00IN01015,EQ,815.00,827.30,802.70,806.40,809.15,49778,40602668.55,4787
NSE,STUDDS,INE00Q601028,EQ,396.80,410.85,395.15,403.10,399.85,45793,18407360.95,2961
NSE,STYL,INE04VU01023,EQ,365.35,368.65,356.00,358.55,366.00,43034,15602404.65,2297
NSE,STYLAMIND,INE239C01020,EQ,3268.00,3341.00,3218.10,3325.20,3219.90,37896,124697237.70,10155
NSE,STYLEBAAZA,INE01FR01028,EQ,365.10,374.90,354.05,359.90,368.35,640771,232802367.15,10259
NSE,STYRENIX,INE189B01011,EQ,2064.90,2066.10,1996.10,2015.00,2055.00,40911,82765036.60,5335
NSE,SUBEXLTD,INE754A01055,EQ,19.50,20.24,19.11,19.21,19.34,8970071,175937443.42,24382
NSE,SUBROS,INE287B01021,EQ,680.10,697.50,672.90,675.85,684.90,34316,23306998.35,3064
NSE,SUDARCOLOR,INE492A01029,EQ,365.10,379.85,365.10,365.65,368.10,2203,818022.20,155
NSE,SUDARSCHEM,INE659A01023,EQ,1245.00,1260.00,1224.10,1229.20,1241.50,131105,162231601.00,11562
NSE,SUDEEPPHRM,INE0QPI01025,EQ,1220.00,1247.90,1155.10,1173.40,1199.80,159743,190764277.30,18612
NSE,SUKHJITS,INE450E01029,EQ,155.80,155.89,149.08,150.98,150.93,6500,980024.76,289
NSE,SULA,INE142Q01026,EQ,132.00,133.73,131.41,132.33,130.94,130210,17228792.05,3338
NSE,SUMEDHA,INE886B01012,EQ,43.00,43.75,40.15,42.00,43.42,2721,115247.21,64
NSE,SUMEETINDS,INE235C01036,EQ,10.60,10.89,10.40,10.89,10.38,599994,6409445.73,924
NSE,SUMICHEM,INE258G01013,EQ,418.45,428.40,411.15,414.70,417.60,290766,121021553.30,19904
NSE,SUMIT,INE748Z01013,EQ,51.50,51.50,48.10,50.64,47.76,53301,2687611.21,221
NSE,SUMMITSEC,INE519C01017,EQ,1315.00,1340.90,1305.00,1314.80,1315.50,1590,2099348.80,411
NSE,SUNCLAY,INE0Q3R01026,EQ,1192.20,1209.00,1172.00,1174.80,1183.00,5222,6204039.00,471
NSE,SUNDARAM,INE108E01023,EQ,1.11,1.11,1.07,1.09,1.08,354338,388341.97,382
NSE,SUNDARMFIN,INE660A01013,EQ,4400.00,4428.90,4222.30,4268.40,4395.90,52587,225457283.00,14449
NSE,SUNDRMBRAK,INE073D01013,EQ,693.40,728.00,678.00,681.30,669.95,1510,1049207.05,120
NSE,SUNDRMFAST,INE387A01021,EQ,1128.90,1138.00,1110.10,1115.60,1123.60,72126,80543109.70,10393
NSE,SUNDROP,INE209A01019,EQ,749.40,758.00,740.30,748.60,753.15,12847,9623431.00,429
NSE,SUNFLAG,INE947A01014,EQ,442.00,455.15,412.20,455.00,433.50,820271,360501204.40,15600
NSE,SUNLOC,INE671C01016,EQ,73.90,73.90,66.01,68.00,70.10,221,15019.28,15
NSE,SUNPHARMA,INE044A01036,EQ,1785.00,1802.90,1776.70,1779.70,1801.00,1290843,2304642398.30,66769
NSE,SUNRAKSHAK,INE671K01027,EQ,361.35,370.00,350.00,356.05,358.90,15697,5583227.15,478
NSE,SUNSHIEL,INE199E01014,EQ,1088.00,1100.00,1070.10,1097.00,1059.00,1725,1880778.40,211
NSE,SUNSHINE,INE1B3O01011,EQ,453.55,467.85,443.35,447.55,453.00,155851,70520409.60,4705
NSE,SUNTECK,INE805D01034,EQ,280.90,282.25,276.60,278.15,279.45,85315,23798509.50,3240
NSE,SUNTV,INE424H01027,EQ,597.00,635.80,595.20,626.85,599.90,4762809,2974533684.40,95633
NSE,SUPERHOUSE,INE712B01010,EQ,154.66,158.00,154.00,155.88,154.66,2166,336084.89,105
NSE,SUPERSPIN,INE662A01027,BE,7.51,7.79,7.25,7.26,7.51,13257,96465.93,37
NSE,SUPRAJIT,INE399C01030,EQ,483.00,483.05,458.15,461.50,481.05,78523,36636029.45,8543
NSE,SUPREME,INE822E01011,EQ,32.00,32.50,30.50,30.91,31.08,6225,196990.78,127
NSE,SUPREMEIND,INE195A01028,EQ,3391.00,3430.90,3370.00,3398.90,3380.00,53297,180671012.80,12199
NSE,SUPREMEINF,INE550H01011,EQ,66.00,67.65,60.61,61.59,66.94,87421,5574573.03,1664
NSE,SUPRIYA,INE07RO01027,EQ,938.65,944.95,882.20,899.55,931.00,349024,313910020.95,22581
NSE,SUPTANERY,INE460D01038,BE,7.90,8.19,7.66,7.69,8.06,301228,2329779.20,589
NSE,SURAJEST,INE843S01025,EQ,200.00,215.00,200.00,208.40,200.15,145545,30470400.84,3573
NSE,SURAJLTD,INE713C01016,EQ,193.50,195.02,191.25,191.50,193.51,1033,199884.20,17
NSE,SURAKSHA,INE877V01027,EQ,353.95,354.00,330.50,331.85,350.15,69134,23290968.40,2782
NSE,SURANASOL,INE272L01022,EQ,24.45,24.55,24.00,24.07,24.15,19944,482855.62,369
NSE,SURANAT&P,INE130B01031,EQ,16.00,16.19,15.59,15.65,15.98,41243,648978.48,379
NSE,SURYALA,INE132C01027,EQ,377.50,379.85,376.20,377.15,377.50,220,83114.20,12
NSE,SURYALAXMI,INE713B01026,EQ,56.50,59.66,56.50,57.50,56.07,2555,146385.67,44
NSE,SURYAROSNI,INE335A01020,EQ,221.90,226.06,219.76,220.41,220.67,530488,117774256.86,10306
NSE,SURYODAY,INE428Q01011,EQ,145.00,150.19,144.04,146.86,143.55,549974,81012233.84,9419
NSE,SUTLEJTEX,INE645H01027,EQ,37.50,40.39,35.52,36.97,36.24,80117,3086939.79,897
NSE,SUVEN,INE495B01038,EQ,309.00,316.00,305.20,306.30,308.30,303251,93351349.45,11980
NSE,SUVIDHAA,INE018401013,EQ,2.12,2.14,2.09,2.10,2.07,61791,130560.30,168
NSE,SUYOG,INE442P01014,EQ,690.05,694.95,653.90,664.25,689.90,9336,6289095.55,857
NSE,SUZLON,INE040H01021,EQ,39.00,39.46,38.75,38.92,38.91,51123556,1997899947.53,83881
NSE,SVGLOBAL,INE159L01013,EQ,145.90,145.90,134.06,135.70,132.93,3764,529273.19,68
NSE,SVLL,INE00CE01017,EQ,786.75,859.95,786.75,822.20,786.75,763,621355.00,91
NSE,SVPGLOB,INE308E01029,EQ,3.10,3.17,2.95,3.03,3.10,54165,163917.90,126
NSE,SWANCORP,INE665A01038,EQ,276.90,276.90,261.70,262.90,272.80,1059779,281826958.80,22422
NSE,SWANDEF,INE542F01020,BE,2700.00,2744.90,2600.00,2728.80,2718.20,13839,37444433.70,999
NSE,SWARAJ,INE0GMR01016,BE,375.00,380.00,362.00,369.80,377.55,69431,25580476.65,237
NSE,SWARAJENG,INE277A01016,EQ,3559.90,3573.30,3510.00,3532.20,3542.70,8535,30148657.50,2518
NSE,SWARNSAR,INE967A01012,EQ,38.55,40.74,38.55,40.14,38.44,5190,203704.09,50
NSE,SWASTIKAIN,INE1QJA01015,BE,208.10,215.00,204.76,208.47,215.53,435758,90409644.53,3724
NSE,SWELECTES,INE409B01013,EQ,587.80,611.00,587.80,600.10,592.90,22535,13522735.60,1233
NSE,SWIGGY,INE00H001014,EQ,239.20,246.30,237.40,238.80,238.00,11179271,2694846099.70,51709
NSE,SWISSMLTRY,INE010C01025,BE,14.39,14.39,13.91,14.16,13.95,31419,442833.33,228
NSE,SWSOLAR,INE00M201021,EQ,165.00,167.44,163.00,163.72,164.82,914130,150700329.59,13038
NSE,SYMBIOTEC,INE899I01028,EQ,1205.20,1230.00,1155.00,1169.70,1198.00,730965,859902272.50,44615
NSE,SYMPHONY,INE225D01027,EQ,571.70,579.85,557.00,559.45,571.70,58122,32695305.95,7345
NSE,SYNCOMF,INE312C01025,EQ,24.01,24.70,22.70,23.14,23.96,20341146,480583055.57,35760
NSE,SYNGENE,INE398R01022,EQ,361.00,364.45,355.55,357.40,361.30,327748,117414704.90,18166
NSE,SYRMA,INE0DYJ01015,EQ,1739.70,1757.70,1692.30,1700.40,1717.90,846292,1453850321.90,50545
NSE,SYSTMTXC,INE356B01024,BE,73.96,73.96,72.50,73.50,73.96,8692,632456.90,25
NSE,TAALTECH,INE524T01029,EQ,965.00,976.30,922.10,929.70,944.00,16399,15339371.20,2394
NSE,TAINWALCHM,INE123C01018,EQ,202.30,205.45,195.50,197.18,203.29,2765,554469.29,81
NSE,TAJGVK,INE586B01026,EQ,314.80,325.00,312.35,315.30,314.90,33436,10550014.90,2470
NSE,TAKE,INE142I01023,EQ,12.65,12.90,12.02,12.06,12.65,1017472,12377944.63,2096
NSE,TALBROAUTO,INE187D01029,EQ,421.00,422.45,408.00,416.45,419.70,115228,47716171.70,6004
NSE,TAMBOLIIN,INE864J01012,BE,291.00,303.00,287.05,296.05,290.00,7199,2134723.20,31
NSE,TANAA,INE692C01020,EQ,329.00,339.90,311.30,314.35,324.15,45802,14745053.50,2835
NSE,TANLA,INE483C01032,EQ,492.05,496.00,486.10,488.00,487.75,178184,87365004.80,10248
NSE,TARACHAND,INE555Z01020,EQ,47.50,47.90,46.25,46.47,46.35,69725,3248968.88,943
NSE,TARAPUR,INE747K01017,EQ,12.10,12.18,11.13,11.58,12.20,19202,226110.03,153
NSE,TARC,INE0EK901012,EQ,125.21,126.99,122.40,122.84,125.58,267733,33437281.44,2349
NSE,TARIL,INE763I01026,EQ,287.60,297.90,283.25,285.45,280.80,13448683,3901805177.60,146774
NSE,TARMAT,INE924H01018,EQ,57.60,58.60,55.02,56.20,57.23,10805,609833.14,267
NSE,TARSONS,INE144Z01023,EQ,329.50,343.45,327.05,335.95,329.40,109967,37117119.75,5107
NSE,TASTYBITE,INE488B01017,EQ,9415.00,9509.00,9300.00,9377.50,9453.50,753,7065089.00,363
NSE,TATACAP,INE976I01016,EQ,319.30,322.85,317.00,317.60,319.30,1021767,326144598.00,34700
NSE,TATACHEM,INE092A01019,EQ,607.80,629.90,603.50,617.40,607.80,953155,587719180.30,31971
NSE,TATACOMM,INE151A01013,EQ,1683.00,1697.60,1647.70,1677.20,1683.00,88150,147556532.90,12848
NSE,TATACONSUM,INE192A01025,EQ,953.85,962.00,945.00,953.75,957.00,1540341,1464765245.00,64465
NSE,TATAELXSI,INE670A01012,EQ,3130.50,3148.40,3070.10,3105.00,3092.80,237392,736506929.20,29801
NSE,TATAINVEST,INE672A01026,EQ,618.05,628.40,614.00,621.75,615.05,257410,159891635.90,17334
NSE,TATAPOWER,INE245A01021,EQ,350.15,353.95,348.00,351.50,350.15,2763239,968363231.85,38647
NSE,TATASTEEL,INE081A01020,EQ,179.28,181.28,177.02,178.14,178.00,20426029,3646243632.34,161493
NSE,TATATECH,INE142M01025,EQ,705.40,716.70,695.00,697.55,698.80,615981,434425851.40,38143
NSE,TATVA,INE0GK401011,EQ,1755.00,1814.00,1740.00,1799.00,1743.20,54250,96678985.30,6107
NSE,TBOTEK,INE673O01025,EQ,1684.80,1700.00,1643.20,1657.00,1671.50,52113,86830341.70,10129
NSE,TBZ,INE760L01018,BE,604.00,625.00,592.30,597.90,623.45,202040,122879661.15,2799
NSE,TCC,INE887D01024,EQ,47.83,49.00,46.19,47.07,47.47,459771,21837216.49,4503
NSE,TCI,INE688A01022,EQ,885.00,889.90,866.00,878.75,877.10,71248,62326493.25,6479
NSE,TCIEXP,INE586V01016,EQ,502.30,506.40,484.00,494.20,504.75,55221,27198375.25,3249
NSE,TCIFINANCE,INE911B01018,EQ,14.50,15.49,13.55,14.30,14.69,29696,421085.40,146
NSE,TCPLPACK,INE822C01015,EQ,3988.00,4090.00,3890.10,3933.60,3927.10,3139,12372790.20,846
NSE,TCS,INE467B01029,EQ,2114.00,2140.90,2063.60,2114.40,2075.00,5270768,11105249135.70,158717
NSE,TDPOWERSYS,INE419M01035,EQ,801.00,856.10,796.00,812.90,792.15,12561061,10393390565.05,347296
NSE,TEAMGTY,INE289C01025,EQ,241.95,241.97,235.00,236.15,235.10,634,150401.43,16
NSE,TEAMLEASE,INE985S01024,EQ,1180.70,1194.60,1117.60,1134.60,1179.40,31212,35483991.50,5193
NSE,TECHM,INE669C01036,EQ,1543.70,1561.00,1509.70,1535.90,1533.00,3346008,5136113074.90,102052
NSE,TECHNOCRAF,INE1D0W01018,EQ,481.00,484.00,465.00,471.10,478.10,429819,204262089.55,10820
NSE,TECHNOE,INE285K01026,EQ,999.00,1003.90,972.30,978.60,998.60,138238,136099813.20,15856
NSE,TECHNVISN,INE314H01012,EQ,3763.50,3879.70,3575.40,3821.90,3763.50,697,2511755.30,157
NSE,TECILCHEM,INE014B01011,EQ,9.29,10.15,8.90,9.56,9.25,21261,204194.55,85
NSE,TEGA,INE011K01018,EQ,2119.50,2131.70,2020.00,2064.10,2093.40,261410,540716075.50,24467
NSE,TEJASNET,INE010J01012,EQ,469.00,481.95,461.45,463.20,464.80,1053307,494329516.90,35568
NSE,TEMBO,INE869Y01028,EQ,57.70,57.70,54.90,55.18,57.16,857236,47970565.37,4769
NSE,TEMPSENS,INE1KZI01025,EQ,513.00,519.20,486.00,493.95,505.25,1503141,749347545.90,47298
NSE,TENNIND,INE19RI01016,EQ,499.95,499.95,485.40,487.00,495.40,277605,136567309.20,27300
NSE,TERAI,INE390D01011,EQ,116.00,116.00,116.00,116.00,116.75,1,116.00,1
NSE,TERASOFT,INE482B01010,EQ,212.00,232.00,208.00,227.86,207.91,54214,12070515.42,3109
NSE,TEXINFRA,INE435C01024,EQ,120.00,123.35,118.51,120.53,119.39,207029,24948960.57,1957
NSE,TEXMOPIPES,INE141K01013,EQ,53.70,55.00,50.15,50.37,53.70,276688,14198000.34,3424
NSE,TEXRAIL,INE621L01012,EQ,128.00,128.99,116.51,117.18,126.86,5444925,653443112.59,56212
NSE,TFCILTD,INE305A01023,EQ,139.60,141.47,138.32,139.65,138.79,15041651,2095276438.13,30421
NSE,TFL,INE804H01012,EQ,11.38,12.25,11.38,11.72,11.82,2430,28430.19,42
NSE,TGBHOTELS,INE797H01018,EQ,9.78,9.90,9.18,9.51,9.42,13800,130881.24,96
NSE,TGVSL,INE284B01028,EQ,123.12,127.50,120.25,121.99,116.38,1302916,161828652.43,18098
NSE,THAKDEV,INE403F01017,EQ,128.74,135.06,128.74,135.06,128.74,63,8261.32,10
NSE,THANGAMAYL,INE085J01014,EQ,4870.00,4934.00,4721.00,4747.00,4861.00,77086,368512710.00,20749
NSE,THEINVEST,INE924D01017,EQ,92.15,93.96,89.51,90.10,90.33,8379,763668.87,175
NSE,THEJO,INE121N01019,EQ,2071.40,2122.00,2065.90,2095.20,2071.40,2088,4376847.20,484
NSE,THELEELA,INE0AQ201015,EQ,566.70,581.20,562.50,577.60,568.95,365031,209627378.55,29754
NSE,THEMISMED,INE083B01024,EQ,115.00,115.00,111.02,112.89,113.19,58862,6643829.77,1344
NSE,THERMAX,INE152A01029,EQ,3364.90,3400.70,3212.00,3228.20,3360.60,187112,612810199.40,32002
NSE,THOMASCOOK,INE332A01027,EQ,100.70,101.95,99.21,99.61,100.70,303908,30475448.17,4886
NSE,THOMASCOTT,INE480M01011,EQ,302.00,309.00,272.00,278.85,300.20,107168,31429895.85,4190
NSE,THYROCARE,INE594H01019,EQ,539.90,544.80,532.15,542.05,533.60,207102,111838948.40,14611
NSE,TI,INE133E01013,EQ,543.00,553.15,538.00,540.35,542.55,282972,154313805.70,15410
NSE,TICL,INE388G01026,BE,8.00,8.17,8.00,8.17,7.79,145462,1183335.75,121
NSE,TIGERLOGS,INE906O01029,EQ,26.05,26.60,25.82,26.30,25.69,16487,430753.89,353
NSE,TIIL,INE545H01011,EQ,2882.10,2920.00,2800.00,2815.30,2893.80,14101,39981452.10,3511
NSE,TIINDIA,INE974X01010,EQ,2346.00,2368.90,2293.80,2320.00,2340.00,687174,1595434152.20,53888
NSE,TIJARIA,INE440L01017,BE,6.58,6.69,6.26,6.62,6.45,12637,82282.28,75
NSE,TIL,INE806C01018,BE,248.00,252.50,240.00,242.15,250.05,42944,10430722.25,442
NSE,TIMETECHNO,INE508G01029,EQ,180.30,181.88,177.50,178.71,179.68,1107750,199029839.03,15685
NSE,TIMEX,INE064A01026,EQ,733.15,744.80,724.50,734.60,729.50,462142,339214519.45,33994
NSE,TIMKEN,INE325A01013,EQ,3110.00,3149.90,3103.80,3132.30,3098.80,21117,66170219.10,5330
NSE,TINNARUBR,INE015C01016,EQ,938.85,951.20,922.75,930.15,938.85,30521,28462932.40,2799
NSE,TIPSFILMS,INE0LQS01015,EQ,313.05,316.65,306.35,312.25,315.40,2993,930215.10,192
NSE,TIPSMUSIC,INE716B01029,EQ,653.30,653.95,635.70,639.10,644.20,152414,98318217.80,15336
NSE,TIRUMALCHM,INE338A01024,EQ,146.20,150.09,141.40,143.35,146.26,279997,40512062.10,5135
NSE,TIRUPATIFL,INE319Y01024,BE,73.66,73.66,73.66,73.66,75.16,20721,1526308.86,207
NSE,TITAGARH,INE615H01020,EQ,809.00,812.95,795.65,809.65,805.10,364258,293155718.05,17976
NSE,TITAN,INE280A01028,EQ,4515.90,4610.00,4505.80,4580.00,4515.70,731987,3347518400.90,53485
NSE,TMB,INE668A01016,EQ,872.50,917.60,870.00,886.25,872.05,420110,376773732.35,37417
NSE,TMCV,INE1TAE01010,EQ,415.50,428.85,412.70,426.80,415.50,8038049,3388027545.60,126226
NSE,TMPV,INE155A01022,EQ,280.10,289.80,278.95,288.65,279.40,13512719,3865354340.40,146402
NSE,TNPETRO,INE148A01019,EQ,124.50,127.48,122.50,122.75,123.18,631775,78938330.63,15486
NSE,TNPL,INE107A01015,EQ,148.30,151.87,146.04,146.49,147.63,73341,10810284.42,1924
NSE,TNTELE,INE141D01018,BE,11.00,11.00,10.99,10.99,11.56,6468,71090.53,77
NSE,TOKYOPLAST,INE932C01012,EQ,71.10,73.87,69.10,71.06,71.01,1544,110402.83,52
NSE,TOLINS,INE0RWQ01014,EQ,86.00,87.50,84.01,85.12,84.59,31946,2710051.09,1343
NSE,TORNTPHARM,INE685A01028,EQ,4767.30,4795.00,4710.00,4772.00,4767.30,332068,1576066392.10,47171
NSE,TORNTPOWER,INE813H01021,EQ,1245.40,1249.10,1226.00,1234.20,1242.90,191786,236817433.20,17064
NSE,TOTAL,INE336X01012,BE,67.20,72.00,67.20,69.23,70.24,5853,410242.93,41
NSE,TOUCHWOOD,INE486Y01013,EQ,66.40,66.40,57.90,58.53,57.14,6095,372408.52,140
NSE,TOYAMSL,INE457P01020,EQ,0.70,0.71,0.66,0.66,0.69,1201986,815048.43,381
NSE,TPHQ,INE065J01024,BE,0.50,0.51,0.49,0.49,0.50,702101,352410.26,359
NSE,TPLPLASTEH,INE413G01022,EQ,68.91,70.19,67.02,67.86,68.89,175395,11918081.02,1722
NSE,TRACXN,INE0HMF01019,EQ,31.70,32.49,31.11,31.61,31.71,130560,4142612.53,774
NSE,TRANSCOR,INE330E01023,EQ,24.49,24.90,23.52,24.60,24.18,1443,34494.00,52
NSE,TRANSPEK,INE687A01016,BE,1300.00,1360.00,1281.60,1313.90,1349.00,883,1152394.60,54
NSE,TRANSRAILL,INE454P01035,EQ,476.70,476.85,460.00,462.75,474.90,454795,212252042.80,21168
NSE,TRANSWORLD,INE757B01015,BE,157.00,159.91,152.00,154.29,159.00,5446,847941.06,79
NSE,TRAVELFOOD,INE103V01028,EQ,1208.10,1215.60,1185.00,1204.30,1208.10,52265,62757529.00,7050
NSE,TREEHOUSE,INE040M01013,EQ,5.69,5.99,5.50,5.80,5.68,29426,172754.18,114
NSE,TREJHARA,INE00CA01015,EQ,131.66,139.35,129.05,131.36,131.66,16934,2237817.37,732
NSE,TREL,INE0O3901029,EQ,27.29,28.23,26.51,26.99,27.29,52412,1411572.06,1036
NSE,TRENT,INE849A01020,EQ,2580.00,2608.30,2572.80,2580.00,2580.00,802316,2076102128.40,66093
NSE,TRF,INE391D01019,EQ,197.90,198.20,193.01,194.02,192.33,14980,2920672.73,537
NSE,TRIDENT,INE064C01022,EQ,22.15,22.33,21.80,21.84,22.16,3963387,87017083.95,19808
NSE,TRIGYN,INE948A01012,EQ,51.54,52.80,51.02,51.45,51.80,18889,976766.86,454
NSE,TRITONV,INE440G01017,EQ,1099.00,1100.00,1048.30,1063.20,1078.00,1226,1303270.20,195
NSE,TRITURBINE,INE152M01016,EQ,535.00,540.00,525.05,526.10,530.00,208383,110745174.55,18742
NSE,TRIVENI,INE256C01024,EQ,237.00,241.70,235.06,237.22,230.92,749310,178163825.36,25563
NSE,TRU,INE615R01029,EQ,4.05,4.33,4.05,4.15,4.22,41076,173001.66,206
NSE,TRUALT,INE0MWH01014,EQ,444.65,457.15,436.95,442.30,444.30,100918,44931937.50,4158
NSE,TSFINV,INE202Z01029,EQ,410.00,415.00,403.60,409.00,409.15,69621,28416311.10,4959
NSE,TTKHLTCARE,INE910C01018,EQ,1022.90,1037.00,991.00,1007.40,1013.00,17885,18126641.40,1936
NSE,TTKPRESTIG,INE690A01028,EQ,508.50,519.45,508.50,512.95,506.40,25083,12840609.75,2038
NSE,TTL,INE592B01024,EQ,8.00,8.00,7.65,7.77,7.85,116374,904600.10,364
NSE,TTML,INE517B01013,EQ,34.60,34.80,33.91,34.33,34.82,2248833,76976162.73,14559
NSE,TURTLEMINT,INE0OC301013,EQ,71.00,71.49,65.85,68.04,69.79,3623714,249058222.61,41004
NSE,TUTIALKA,INE400A01014,EQ,55.92,55.92,52.01,52.27,53.98,5930,315333.51,157
NSE,TVSELECT,INE236G01019,EQ,397.15,401.75,387.20,391.70,397.40,41961,16476315.05,2300
NSE,TVSHLTD,INE105A01035,EQ,11950.00,12021.00,11708.00,11813.00,11886.00,4718,55810772.00,1746
NSE,TVSMOTOR,INE494B01023,EQ,4026.00,4040.50,3919.00,4031.00,4021.00,706602,2820932472.10,68771
NSE,TVSSCS,INE395N01027,EQ,128.32,130.99,126.95,127.27,128.42,402736,51676823.26,7922
NSE,TVSSRICHAK,INE421C01016,EQ,4323.30,4430.70,4256.00,4277.30,4349.30,3583,15478546.90,1327
NSE,TVTODAY,INE038F01029,EQ,103.70,103.70,101.00,101.49,101.65,52602,5342358.86,550
NSE,TVVISION,INE871L01013,BE,2.67,2.67,2.43,2.64,2.55,40218,103316.30,50
NSE,UBL,INE686F01025,EQ,1180.20,1192.60,1171.50,1183.30,1188.80,56186,66347073.00,9867
NSE,UCAL,INE139B01016,BE,139.00,143.30,137.00,137.43,140.40,6507,904324.20,95
NSE,UCOBANK,INE691A01018,EQ,23.05,23.90,22.96,23.16,22.93,7010331,163839146.08,22779
NSE,UDAYJEW,INE551B01012,EQ,166.00,166.00,155.90,160.27,159.06,11218,1815257.98,846
NSE,UDS,INE851I01011,EQ,209.60,211.98,208.43,210.82,208.55,78015,16409346.87,2329
NSE,UEL,INE899L01030,EQ,183.67,183.68,175.40,176.87,183.67,7614,1354282.63,550
NSE,UFBL,INE382M01027,BE,696.70,704.90,658.50,662.10,692.75,33217,22318834.00,880
NSE,UFLEX,INE516A01017,EQ,651.15,669.35,636.50,639.20,649.85,112152,72574615.15,5295
NSE,UFO,INE527H01019,EQ,57.02,58.60,56.33,57.18,56.49,21649,1241599.04,537
NSE,UGARSUGAR,INE071E01023,BE,56.00,58.84,56.00,58.84,56.04,182707,10655188.47,723
NSE,UGROCAP,INE583D01011,EQ,83.90,83.90,81.00,81.89,82.35,145752,11962997.43,1801
NSE,UJJIVANSFB,INE551W01018,EQ,66.98,67.65,65.92,66.59,65.60,16279797,1087087679.34,76308
NSE,ULTRACEMCO,INE481G01011,EQ,10736.00,10940.00,10731.00,10850.00,10710.00,314538,3420359092.00,37017
NSE,ULTRAMAR,INE405A01021,EQ,409.00,409.55,403.50,404.80,406.15,92729,37553026.85,1532
NSE,UMAEXPORTS,INE0GIU01018,BE,22.16,22.16,21.00,21.16,22.05,32939,708198.08,135
NSE,UMESLTD,INE240C01028,EQ,4.80,4.80,4.28,4.37,4.57,7898,35089.95,77
NSE,UMIYA-MRO,INE398B01018,EQ,92.80,93.49,91.12,91.98,91.76,8756,803537.84,190
NSE,UNICHEMLAB,INE351A01035,EQ,536.20,545.00,512.00,531.45,535.05,116755,61823640.90,6292
NSE,UNIDT,INE961D01019,EQ,242.90,242.90,227.61,229.93,239.65,36657,8596263.12,1285
NSE,UNIECOM,INE00U401027,EQ,82.52,83.69,81.11,81.54,82.58,134369,11046253.13,2140
NSE,UNIENTER,INE037A01022,EQ,90.00,90.00,86.00,86.17,87.02,3395,293654.81,92
NSE,UNIINFO,INE481Z01011,EQ,11.20,11.20,10.46,10.62,10.85,2024,21377.69,34
NSE,UNIMECH,INE0U3I01011,EQ,1790.00,1850.20,1756.00,1845.10,1773.00,344309,620429920.90,37538
NSE,UNIONBANK,INE692A01016,EQ,169.00,171.09,165.68,167.97,167.59,7966548,1338396498.58,59745
NSE,UNIPARTS,INE244O01017,EQ,818.00,847.10,812.25,826.05,819.30,84284,70041698.40,8475
NSE,UNITDSPR,INE854D01024,EQ,1335.40,1377.90,1329.70,1369.00,1335.10,1272603,1721066051.30,47556
NSE,UNITECH,INE694A01020,EQ,3.95,3.99,3.88,3.90,3.93,1338911,5260103.93,2864
NSE,UNITEDPOLY,INE368U01029,EQ,47.13,50.23,43.50,48.43,47.05,3171395,150211410.37,6960
NSE,UNITEDTEA,INE458F01011,EQ,414.90,428.95,414.90,415.00,416.95,1641,681470.50,83
NSE,UNIVAFOODS,INE275F01019,BE,9.48,9.48,9.48,9.48,9.48,3084,29236.32,9
NSE,UNIVASTU,INE562X01013,BE,135.90,135.90,127.55,127.77,134.25,46796,6099465.67,465
NSE,UNIVCABLES,INE279A01012,EQ,1459.90,1536.80,1456.00,1520.20,1451.30,214759,324255324.50,16273
NSE,UNIVPHOTO,INE03V001013,BE,514.50,514.50,471.15,488.20,490.00,231,116847.75,20
NSE,UNOMINDA,INE405E01023,EQ,1111.00,1126.00,1086.20,1101.00,1111.00,952575,1046959332.20,35931
NSE,UPL,INE628A01036,EQ,520.50,526.80,496.05,502.50,516.80,5330366,2704009001.00,42874
NSE,URAVIDEF,INE568Z01015,BE,103.00,103.00,101.16,101.16,103.00,463,46946.99,16
NSE,URBANCO,INE0CAZ01013,EQ,157.00,160.56,157.00,159.59,156.34,2694786,428460933.57,47403
NSE,URJA,INE550C01020,EQ,8.56,9.00,8.51,8.69,8.61,478430,4126043.72,2523
NSE,USHAMART,INE228A01035,EQ,492.00,518.00,492.00,510.50,491.70,1068924,542865544.75,33961
NSE,USK,INE0N0Y01013,EQ,18.97,19.10,18.12,18.53,18.39,20205,372736.70,232
NSE,UTIAMC,INE094J01016,EQ,883.70,898.00,879.85,890.30,883.70,58676,52221022.00,8991
NSE,UTKARSHBNK,INE735W01017,EQ,13.43,13.68,13.12,13.22,13.43,2920874,39006983.71,4721
NSE,UTLSOLAR,INE12UR01024,EQ,401.65,420.95,392.60,412.15,401.65,326293,134357848.10,18667
NSE,UTTAMSUGAR,INE786F01031,EQ,280.65,298.00,279.00,294.70,276.10,362425,105221796.65,11593
NSE,UYFINCORP,INE152C01025,BE,23.29,24.00,23.00,23.98,22.86,495147,11771340.86,924
NSE,V2RETAIL,INE945H01021,EQ,183.99,183.99,162.33,169.28,201.39,18473874,3183657734.38,221803
NSE,VADILALIND,INE694D01016,EQ,7187.00,7299.50,7000.00,7111.00,7187.00,6743,47877412.00,1869
NSE,VADILENT,INE693D01018,EQ,9960.00,9960.00,9860.00,9860.00,9910.00,9,89180.00,9
NSE,VAIBHAVGBL,INE884A01027,EQ,205.00,208.99,198.15,199.43,203.53,211892,42554115.56,5628
NSE,VAISHALI,INE972X01022,EQ,8.95,8.95,8.22,8.28,8.38,217314,1815568.62,382
NSE,VAKRANGEE,INE051B01021,EQ,5.12,5.70,5.12,5.21,5.12,741358,3848179.05,1610
NSE,VALIANTLAB,INE0JWS01017,BE,128.85,128.85,119.05,124.58,125.08,70647,8681721.22,372
NSE,VALIANTORG,INE565V01010,EQ,477.15,503.00,471.05,475.65,477.15,461753,227156667.10,13986
NSE,VAML,INE1CDF01017,EQ,403.50,410.95,391.45,396.60,402.75,10726817,4264402705.60,144298
NSE,VARDHACRLC,INE116G01013,EQ,45.70,45.70,44.11,44.47,44.34,39997,1791125.80,344
NSE,VARDMNPOLY,INE835A01029,EQ,5.60,5.75,5.48,5.55,5.70,297132,1650332.49,552
NSE,VARMORA,INE0M5301040,EQ,135.00,138.20,132.11,134.88,134.30,1992329,267731936.21,29145
NSE,VARROC,INE665L01035,EQ,835.00,843.80,817.00,820.00,830.60,169871,140033736.55,15648
NSE,VASCONEQ,INE893I01013,EQ,33.00,33.70,32.05,32.27,32.58,452260,14736443.12,1889
NSE,VASUPRADA,INE574G01013,EQ,96.00,96.25,96.00,96.25,95.52,93,8928.75,2
NSE,VASWANI,INE590L01019,EQ,44.20,45.28,44.01,44.13,44.36,8389,373023.06,91
NSE,VBL,INE200M01039,EQ,426.30,440.20,426.30,439.60,425.30,4643552,2021796026.00,66879
NSE,VCL,INE098201036,BE,1.43,1.43,1.43,1.43,1.37,264937,378859.91,149
NSE,VEDAVAAG,INE359B01010,EQ,22.16,22.59,21.46,22.33,22.16,27473,606652.88,269
NSE,VEDL,INE205A01025,EQ,253.30,256.60,252.05,255.05,252.05,7161255,1822162887.05,63796
NSE,VEDPOWER,INE694L01019,EQ,32.80,33.15,31.49,31.87,32.77,15572832,500864484.59,183372
NSE,VEEDOL,INE484C01030,EQ,1357.00,1365.90,1339.10,1350.40,1356.60,6337,8537027.80,880
NSE,VEEGALAND,INE1JTV01015,EQ,144.09,149.75,142.42,144.74,141.79,1476381,215355968.83,8756
NSE,VELJAN,INE232E01013,BE,2350.00,2410.90,2296.10,2410.90,2296.10,4186,10058986.20,269
NSE,VENKEYS,INE398A01010,EQ,1618.10,1664.00,1593.00,1642.70,1613.00,51707,84625644.00,6807
NSE,VENTIVE,INE781S01027,EQ,546.00,557.90,544.50,548.00,552.20,8979,4923468.85,1101
NSE,VENUSPIPES,INE0JA001018,EQ,2204.90,2279.10,2193.80,2206.40,2204.90,141164,315161321.90,12927
NSE,VENUSREM,INE411B01019,BE,1758.00,1819.00,1710.00,1778.00,1796.70,21176,37211470.10,1088
NSE,VERANDA,INE0IQ001011,EQ,214.00,218.99,207.60,212.76,213.80,368190,78164051.79,7788
NSE,VERTOZ,INE188Y01031,EQ,36.99,36.99,34.43,34.73,35.66,40182,1403730.90,635
NSE,VESUVIUS,INE386A01023,EQ,404.10,412.65,387.95,389.40,404.10,190997,75697320.45,9596
NSE,VETO,INE918N01018,EQ,137.00,140.95,135.35,136.65,136.79,45573,6275133.64,1596
NSE,VGCL,INE761Q01015,EQ,45.65,48.37,45.65,48.02,47.89,906,42395.78,51
NSE,VGL,INE273D01027,EQ,63.40,65.22,63.40,63.60,63.11,33296,2133289.06,380
NSE,VGUARD,INE951I01027,EQ,297.30,302.70,295.30,296.55,294.55,204357,60896072.35,10800
NSE,VHL,INE701A01023,EQ,3481.00,3525.70,3375.00,3517.80,3435.30,1519,5295590.20,346
NSE,VHLTD,INE048C01025,BE,131.99,131.99,124.00,126.05,127.70,7505,955773.59,92
NSE,VIDHIING,INE632C01026,EQ,356.50,357.00,350.00,354.00,350.25,14038,4975828.10,943
NSE,VIDYAWIRES,INE14UN01029,EQ,90.95,95.35,90.95,91.27,90.97,1296809,120570614.73,8246
NSE,VIJAYA,INE043W01024,EQ,1425.00,1444.90,1405.40,1422.20,1428.00,157254,223726926.10,32074
NSE,VIJIFIN,INE159N01027,BE,14.41,14.41,14.41,14.41,15.16,38311,552061.51,200
NSE,VIJSOLX,INE362D01010,EQ,625.05,644.80,625.05,636.95,623.30,33,20796.20,11
NSE,VIKASECO,INE806A01020,EQ,1.03,1.03,1.02,1.02,1.01,1522387,1558354.17,1078
NSE,VIKASLIFE,INE161L01027,EQ,1.21,1.23,1.21,1.21,1.20,2377351,2889837.06,8062
NSE,VIKRAMSOLR,INE078V01014,EQ,155.00,157.39,151.79,152.52,154.35,969664,148679605.04,13190
NSE,VIKRAN,INE01R501028,EQ,59.00,59.56,56.90,57.19,58.27,1024492,59241891.31,6563
NSE,VIMTALABS,INE579C01029,EQ,585.00,604.00,570.50,571.75,584.35,96965,56288169.25,9030
NSE,VINATIORGA,INE410B01037,EQ,1207.00,1207.90,1171.60,1175.80,1208.10,43727,51648514.50,7795
NSE,VINCOFE,INE498Q01014,EQ,178.80,186.00,175.41,182.59,178.95,1009071,182128435.66,14632
NSE,VINDHYATEL,INE707A01012,EQ,2611.70,2670.50,2553.50,2577.30,2617.00,37719,97663179.70,5644
NSE,VINEETLAB,INE505Y01010,EQ,36.40,37.70,35.49,37.57,35.91,95641,3537441.11,495
NSE,VINNY,INE01KI01027,EQ,0.91,0.91,0.90,0.90,0.90,202872,182765.77,151
NSE,VINYLINDIA,INE250B01029,EQ,214.23,220.00,214.00,214.15,214.23,2875,616904.37,200
NSE,VIPCLOTHNG,INE450G01024,EQ,20.11,21.94,20.11,20.19,20.11,14474,298734.87,216
NSE,VIPIND,INE054A01027,EQ,282.95,288.75,279.00,284.30,280.75,190807,54104102.50,7303
NSE,VIPULLTD,INE946H01037,BE,10.46,10.55,10.35,10.49,10.59,68050,712469.60,157
NSE,VIRAT,INE467D01017,EQ,336.15,349.90,336.00,345.00,335.80,5210,1788115.60,263
NSE,VIRINCHI,INE539B01017,EQ,13.30,13.60,12.55,12.78,13.29,63452,819120.51,359
NSE,VIRTUALG,INE247C01023,BE,0.44,0.45,0.43,0.43,0.44,146059,64257.04,133
NSE,VISACHROME,INE286H01012,EQ,37.64,37.64,34.12,34.12,35.91,24650,860279.33,250
NSE,VISAKAIND,INE392A01021,BE,83.47,83.75,81.11,81.57,83.58,71853,5908565.67,479
NSE,VISHAL,INE755Q01025,EQ,18.18,18.18,17.00,17.31,17.38,28517,493063.72,397
NSE,VISHNU,INE270I01022,EQ,661.55,669.65,645.10,647.75,658.25,83979,54776224.70,5651
NSE,VISHWARAJ,INE430N01022,EQ,5.29,5.32,5.20,5.23,5.18,195509,1025811.14,487
NSE,VISL,INE1CLE01013,EQ,30.99,31.32,30.16,30.74,31.17,14830747,456459796.73,42175
NSE,VITAL,INE0L4K01016,EQ,50.80,53.89,50.80,51.05,53.46,3115,158636.47,31
NSE,VIVIANA,INE0MEG01014,EQ,819.90,825.00,765.00,815.65,774.50,82294,65759447.20,6106
NSE,VIVIDHA,INE370E01029,EQ,0.51,0.54,0.50,0.51,0.50,580904,300048.90,178
NSE,VIVIMEDLAB,INE526G01021,BE,5.99,5.99,5.99,5.99,5.71,103501,619970.99,63
NSE,VIVOBIOT,INE380K01017,EQ,17.00,17.83,14.60,15.14,17.13,78951,1243651.41,388
NSE,VIYASH,INE807F01027,EQ,234.00,235.00,228.00,229.07,231.75,1200304,277272688.20,23363
NSE,VLEGOV,INE03HW01020,EQ,9.42,9.99,9.13,9.32,9.60,135280,1274076.95,764
NSE,VLSFINANCE,INE709A01018,EQ,229.00,234.84,229.00,231.16,230.87,10797,2495616.57,145
NSE,VMART,INE665J01013,EQ,751.00,775.00,744.40,770.95,746.10,81245,62090840.00,10998
NSE,VMM,INE01EA01019,EQ,100.60,100.60,98.10,98.25,99.50,5980303,590971847.14,26769
NSE,VMSTMT,INE0SJA01013,EQ,46.95,48.00,42.50,44.34,46.65,117745,5246403.64,1565
NSE,VOEPL,INE0I0T01010,EQ,520.00,553.85,493.00,506.10,493.00,2133658,1118296359.55,58777
NSE,VOGL,INE704J01044,EQ,31.95,32.14,30.63,30.87,31.98,23982297,747237815.09,145271
NSE,VOITHPAPR,INE285C01015,EQ,1416.00,1448.00,1392.30,1437.20,1407.30,245,349127.60,47
NSE,VOLTAMP,INE540H01012,EQ,10452.00,10638.00,10421.00,10561.00,10426.00,14532,153447962.00,7618
NSE,VOLTAS,INE226A01021,EQ,1055.00,1072.10,1052.90,1061.30,1053.20,436486,463027391.20,23787
NSE,VPRPL,INE0AE001013,EQ,28.45,29.17,28.45,28.78,28.39,346485,9975980.73,1534
NSE,VRAJ,INE0S2V01010,EQ,123.35,124.08,121.25,122.18,121.76,11118,1358279.24,411
NSE,VRLLOG,INE366I01010,EQ,285.60,286.60,283.10,285.00,285.05,97202,27690669.30,2717
NSE,VSSL,INE050M01012,EQ,381.00,388.35,375.85,386.10,383.30,140448,53860567.95,5981
NSE,VSTIND,INE710A01016,EQ,204.50,204.50,200.10,200.92,201.14,101204,20364399.41,3198
NSE,VSTL,INE0QTF01015,EQ,109.98,110.45,108.05,109.04,108.85,5108,557540.07,190
NSE,VSTTILLERS,INE764D01017,EQ,4365.00,4379.60,4175.70,4235.10,4339.80,10200,43405454.90,2831
NSE,VTL,INE825A01020,EQ,532.00,538.90,527.65,529.90,529.25,102074,54300247.15,8016
NSE,VTMLTD,INE222F01029,EQ,40.40,41.40,37.30,38.27,38.15,46362,1761708.52,910
NSE,WAAREEENER,INE377N01017,EQ,2352.00,2363.50,2323.70,2346.50,2340.00,341571,800474084.30,26806
NSE,WAAREEINDO,INE866K01023,EQ,203.01,213.30,203.01,204.89,203.39,141493,29250215.05,2436
NSE,WAAREERTL,INE299N01021,EQ,809.95,831.00,807.20,809.10,808.80,124142,101390527.10,12035
NSE,WABAG,INE956G01038,EQ,2015.00,2032.80,1967.00,1999.50,2004.90,683349,1357407800.20,33624
NSE,WAKEFIT,INE0E7301029,EQ,140.12,144.50,137.30,138.12,139.88,586481,82245670.99,2973
NSE,WALCHANNAG,INE711A01022,EQ,198.00,201.40,193.05,195.05,196.08,591665,116384446.87,11759
NSE,WANBURY,INE107F01022,EQ,198.80,198.99,187.00,190.46,197.99,517094,99238583.44,9695
NSE,WATERBASE,INE054C01015,EQ,47.00,47.00,45.21,45.57,45.40,3851,176391.49,95
NSE,WCIL,INE0CJF01024,EQ,95.00,95.00,87.25,89.27,93.01,330348,30042421.03,3286
NSE,WEALTH,INE658T01017,EQ,900.00,913.00,851.50,864.00,889.95,705,626644.75,132
NSE,WEBELSOLAR,INE855C01023,EQ,69.20,69.60,67.21,68.06,68.70,1356882,92553047.29,12993
NSE,WEIZMANIND,INE080A01014,EQ,70.35,72.73,68.50,69.40,71.45,100,7075.28,28
NSE,WEL,INE02WG01024,EQ,72.88,74.39,72.01,73.30,71.70,187482,13795840.58,1386
NSE,WELCORP,INE191B01025,EQ,2649.90,2672.90,2450.00,2497.50,2605.80,2352647,5899672050.70,168249
NSE,WELENT,INE625G01013,EQ,724.45,734.30,716.70,723.10,724.45,154921,112256623.70,9482
NSE,WELINV,INE389K01018,BE,2500.00,2500.00,2478.00,2478.00,2478.00,4,9978.00,4
NSE,WELSPLSOL,INE731F01037,EQ,52.25,53.40,52.02,52.50,52.58,332103,17446798.02,2314
NSE,WELSPUNLIV,INE192B01031,EQ,241.50,243.00,228.01,230.27,239.17,5875615,1368612397.93,73572
NSE,WENDT,INE274C01019,EQ,8130.00,8255.00,8001.00,8016.50,8116.00,6049,49046221.00,1909
NSE,WESTLIFE,INE274F01020,EQ,591.00,606.50,586.00,590.95,588.05,106325,63277072.45,7472
NSE,WEWIN,INE082W01014,EQ,52.10,52.10,50.55,51.00,51.65,3493,178428.93,59
NSE,WEWORK,INE085001019,EQ,656.40,664.20,645.05,651.00,659.60,62860,40935743.75,7455
NSE,WHBRADY,INE855A01019,EQ,488.00,488.00,456.30,464.40,465.05,93,44190.15,20
NSE,WHEELS,INE715A01015,EQ,2260.00,2266.60,2150.20,2206.60,2241.30,78184,170982020.00,8856
NSE,WHIRLPOOL,INE716A01013,EQ,867.60,888.70,850.10,871.75,861.65,825507,721036980.20,38181
NSE,WILLAMAGOR,INE210A01017,EQ,21.99,22.82,21.01,21.67,21.19,4778,102871.04,31
NSE,WINDLAS,INE0H5O01029,EQ,1082.40,1094.10,1009.00,1017.90,1082.40,109660,113639410.20,11610
NSE,WINDMACHIN,INE052A01021,EQ,293.00,299.45,284.65,286.20,293.15,29987,8690326.45,1280
NSE,WIPL,INE215F01023,EQ,163.00,167.40,160.50,160.81,161.00,2277,369713.89,59
NSE,WIPRO,INE075A01022,EQ,163.00,164.30,161.43,162.14,159.35,30838863,5014441117.96,109890
NSE,WOCKPHARMA,INE049B01025,EQ,2083.90,2093.90,2003.00,2063.50,2083.90,803153,1645490434.30,54949
NSE,WONDERLA,INE066O01014,EQ,495.10,503.00,495.10,499.70,495.10,22858,11431984.65,1414
NSE,WORTHPERI,INE196Y01018,EQ,139.00,143.50,139.00,143.41,143.74,2658,375043.83,63
NSE,WPIL,INE765D01022,EQ,440.05,449.00,433.00,447.20,430.65,157162,69825864.90,4760
NSE,WSI,INE100D01014,EQ,52.20,54.19,50.10,50.66,53.20,54043,2798327.06,459
NSE,WSTCSTPAPR,INE976A01021,EQ,733.00,739.90,710.20,717.75,727.65,205992,148165889.00,12029
NSE,XCHANGING,INE692G01013,EQ,60.45,61.00,57.28,58.13,59.73,111368,6616081.40,1507
NSE,XELPMOC,INE01P501012,EQ,96.00,100.52,88.30,89.86,93.67,68709,6535288.81,1182
NSE,XPROINDIA,INE445C01015,EQ,1129.10,1158.90,1125.00,1139.00,1136.20,13727,15626699.50,1928
NSE,XTGLOBAL,INE547B01028,EQ,29.00,29.40,28.00,28.09,28.69,21393,606347.59,218
NSE,XTRANET,INE0NG701011,EQ,272.60,286.00,266.00,286.00,272.40,670465,189489051.65,8404
NSE,YASHO,INE616Z01012,EQ,4036.00,4190.00,4005.90,4042.90,4036.00,23771,97731867.70,5313
NSE,YATHARTH,INE0JO301016,EQ,1028.60,1039.70,995.00,1003.00,1033.70,435155,438281258.20,31730
NSE,YATRA,INE0JR601024,EQ,100.00,102.87,98.56,100.81,98.83,1078497,108707014.59,11646
NSE,YESBANK,INE528G01035,EQ,21.05,21.23,20.91,21.06,20.75,61113748,1287753557.08,79648
NSE,YOGI,INE290E01011,EQ,162.85,162.85,158.00,160.00,159.35,320,50928.84,9
NSE,YUKEN,INE384C01016,EQ,1141.40,1145.50,1093.60,1129.00,1141.40,18275,20541803.60,2191
NSE,ZAGGLE,INE07K301024,EQ,172.00,175.50,169.29,170.32,171.73,621589,106796304.70,10024
NSE,ZEEL,INE256A01028,EQ,72.09,74.57,72.09,73.57,71.92,15449821,1132544836.45,57132
NSE,ZEELEARN,INE565L01011,EQ,6.19,6.55,5.27,6.21,6.30,552687,3359183.31,1457
NSE,ZEEMEDIA,INE966H01019,EQ,7.27,7.33,7.10,7.15,7.20,557866,4005472.53,1186
NSE,ZENITHEXPO,INE058B01018,EQ,195.01,195.01,192.89,194.90,203.04,823,159483.50,45
NSE,ZENITHSTL,INE318D01020,EQ,5.28,5.28,5.04,5.15,5.10,57566,295101.87,256
NSE,ZENSARTECH,INE520A01027,EQ,441.05,459.35,435.05,451.50,434.35,3269410,1476694419.05,95024
NSE,ZENTEC,INE251B01027,EQ,1585.00,1606.00,1571.60,1599.50,1576.10,212581,338559914.00,19488
NSE,ZFCVINDIA,INE342J01019,EQ,2250.00,2269.80,2194.00,2201.30,2241.00,121895,269456360.60,12787
NSE,ZFSTEERING,INE116C01012,EQ,711.00,724.00,700.10,703.65,708.40,1443,1027779.55,125
NSE,ZIMLAB,INE518E01015,EQ,137.30,139.49,131.00,137.10,137.02,78444,10634121.71,1852
NSE,ZODIAC,INE761Y01019,EQ,216.91,219.89,212.00,215.10,216.91,5592,1201812.43,414
NSE,ZODIACLOTH,INE206B01013,EQ,69.69,69.69,66.20,67.67,66.71,5362,361381.95,96
NSE,ZOTA,INE358U01012,EQ,1280.00,1313.90,1247.40,1297.40,1267.80,58725,75615203.80,5465
NSE,ZSARACOM,INE967G01019,EQ,10000.00,10000.00,9605.00,9787.00,10017.00,29,283724.00,20
NSE,ZUARI,INE840M01016,EQ,213.05,217.73,210.00,211.46,212.88,63262,13482921.92,2321
NSE,ZUARIIND,INE217A01012,EQ,284.90,291.05,281.80,283.95,281.85,75632,21677560.80,2644
NSE,ZYDUSLIFE,INE010B01027,EQ,1145.70,1151.00,1128.10,1139.00,1145.70,1592973,1813890492.40,43191
NSE,ZYDUSWELL,INE768C01028,EQ,499.75,502.10,482.00,483.80,493.25,126114,61697373.75,11123
