exchange,symbol,isin,series,open,high,low,close,prev_close,volume,value,trades
BSE,1STCUS,INE609B01018,X,64.55,64.55,64.25,64.25,66.55,371,23852.00,15
BSE,20MICRONS,INE144J01027,B,196.20,199.55,195.00,196.70,196.20,13604,2674604.00,197
BSE,21STCENMGM,INE253B01015,B,41.06,41.88,41.00,41.59,41.06,98,4085.00,5
BSE,360ONE,INE466L01038,A,1145.20,1173.90,1145.00,1159.85,1137.00,418522,487573086.00,2999
BSE,3BBLACKBIO,INE994E01018,B,1244.00,1259.60,1225.00,1235.60,1244.00,1103,1367226.00,279
BSE,3BFILMS,INE0TE101010,MT,15.87,16.60,15.87,16.50,15.87,30000,495510.00,10
BSE,3CIT,INE0R7D01018,M,16.80,16.80,16.80,16.80,16.86,4000,67200.00,1
BSE,3IINFOLTD,INE748C01038,B,24.52,25.30,24.35,25.11,24.37,151697,3760345.00,597
BSE,3MINDIA,INE470A01017,A,36244.45,36244.45,35594.05,35786.50,35921.55,102,3658712.00,81
BSE,3PLAND,INE105C01023,B,31.75,31.75,31.30,31.41,31.90,344,10864.00,25
BSE,4THGEN,INE739B01039,XT,5.32,5.40,5.32,5.32,5.60,231,1236.00,6
BSE,5PAISA,INE618L01018,B,368.00,368.00,350.00,351.20,352.15,2205,780263.00,106
BSE,63MOONS,INE111B01023,A,891.10,905.00,852.00,862.95,898.25,66095,58239309.00,2246
BSE,7NR,INE413X01035,XT,5.95,6.02,5.94,6.02,5.91,16212,97513.00,23
BSE,7SEASL,INE454F01010,X,79.01,80.60,73.00,75.28,78.97,14830,1132005.00,99
BSE,7TEC,INE856B01023,X,34.39,34.39,32.66,32.91,33.99,27783,921332.00,331
BSE,A1L,INE911Z01025,B,5.28,5.44,4.97,4.97,5.23,16360198,81946643.00,5307
BSE,A2ZINFRA,INE619I01012,B,17.47,17.85,16.41,17.28,17.00,99852,1752629.00,326
BSE,AAATECH,INE0D0U01013,B,90.00,90.63,87.90,90.44,89.26,14182,1264861.00,130
BSE,AADHARHFC,INE883F01010,A,511.20,511.20,491.55,493.45,502.40,19110,9519840.00,560
BSE,AADIIND,INE563D01013,X,8.70,8.70,8.31,8.31,8.74,284,2408.00,17
BSE,AAIL,INE864E01021,X,118.05,119.70,114.30,118.55,115.90,8936,1037397.00,92
BSE,AANCHALISP,INE322R01022,XT,65.01,70.62,63.90,69.22,67.26,59113,3936409.00,164
BSE,AAREYDRUGS,INE198H01019,T,82.72,83.90,82.72,83.90,81.10,491,41192.00,5
BSE,AARNAV,INE750R01016,B,30.29,31.64,30.17,30.50,30.29,7819,239566.00,133
BSE,AARTECH,INE01C001026,T,47.43,47.43,46.00,46.02,46.50,67,3173.00,5
BSE,AARTIDRUGS,INE767A01016,B,411.00,417.95,407.25,414.30,407.10,5284,2177277.00,282
BSE,AARTIIND,INE769A01020,A,489.75,489.75,480.00,481.65,486.60,23018,11143347.00,693
BSE,AARTIPHARM,INE0LRU01027,A,704.85,704.85,683.50,688.75,674.60,10199,7047114.00,717
BSE,AARTISURF,INE09EO01013,B,542.80,559.05,488.75,535.45,483.15,59322,31311951.00,2415
BSE,AASHKA,INE0EAX01014,M,71.10,72.70,71.10,72.70,73.00,2000,143800.00,2
BSE,AASTAFIN,INE819K01014,X,35.89,35.89,33.58,33.59,34.17,384,13019.00,13
BSE,AASTHA,INE2FMX01012,B,77.57,83.74,76.14,83.74,76.13,434787,36032389.00,1181
BSE,AAVAS,INE216P01012,A,1437.75,1449.90,1387.00,1390.70,1436.90,1753,2474968.00,261
BSE,AAYUSH,INE430R01023,X,23.50,23.50,22.90,22.98,23.16,54114,1248353.00,503
BSE,AAYUSHBULL,INE777X01017,M,1199.90,1225.00,1199.50,1210.55,1208.65,90750,109923925.00,518
BSE,ABAN,INE421A01028,T,17.30,17.32,17.30,17.32,16.50,1518,26283.00,12
BSE,ABANSENT,INE365O01028,T,26.30,26.38,26.28,26.28,25.70,732,19250.00,4
BSE,ABATEAS,INE454E01013,X,9.72,9.72,9.33,9.64,9.43,3455,33086.00,27
BSE,ABB,INE117A01022,A,7626.40,7893.00,7598.00,7740.00,7560.00,49044,382107333.00,6614
BSE,ABBOTINDIA,INE358A01014,A,27999.50,27999.50,27695.00,27845.85,27866.30,168,4670958.00,119
BSE,ABCAPITAL,INE674K01013,A,424.95,425.15,415.50,417.00,421.10,158389,66703038.00,2970
BSE,ABCINDQ,INE125D01011,X,61.00,65.40,61.00,65.40,65.00,16,1023.00,7
BSE,ABCOTS,INE08PH01015,B,202.00,203.75,198.80,202.10,202.55,436,86929.00,34
BSE,ABDL,INE552Z01027,A,627.90,628.00,607.00,621.80,619.40,20280,12518796.00,862
BSE,ABFRL,INE647O01011,A,62.53,62.53,60.61,61.07,62.34,216724,13303119.00,2629
BSE,ABHICAP,INE516F01016,X,107.00,109.75,104.80,104.90,105.65,658,69249.00,13
BSE,ABHIFIN,INE723C01015,XT,53.24,53.24,53.24,53.24,50.71,1,53.00,1
BSE,ABINFRA,INE00YB01025,B,10.07,10.15,9.95,10.04,10.10,16777,168575.00,76
BSE,ABIRAFN,INE195I01013,Z,32.40,32.40,32.40,32.40,31.76,108,3499.00,5
BSE,ABLBL,INE14LE01019,A,96.55,96.56,94.15,94.53,95.64,72557,6869046.00,476
BSE,ABMKNO,INE850B01026,B,206.40,206.40,206.40,206.40,202.00,1,206.00,1
BSE,ABREL,INE055A01016,A,1428.35,1436.65,1403.10,1421.85,1434.70,13344,19018512.00,691
BSE,ABRFL,INE0ZDY01011,M,40.45,40.45,39.83,39.83,41.90,6000,240144.00,5
BSE,ABSLAMC,INE404A01024,A,1016.85,1023.45,990.00,995.10,1010.00,18886,18813251.00,1053
BSE,ABVL,INE485K01022,X,5.28,5.30,5.16,5.20,5.22,80546,420070.00,221
BSE,ACC,INE012A01025,A,1406.80,1406.80,1379.50,1385.75,1397.50,13239,18388906.00,930
BSE,ACCEL,INE258C01038,X,12.67,12.75,12.30,12.36,12.55,2850,35377.00,50
BSE,ACCELYA,INE793A01012,B,1150.00,1152.30,1133.35,1137.70,1142.05,1395,1589929.00,100
BSE,ACCORDTS,INE132201018,M,69.00,70.96,67.50,70.28,66.56,207000,14438370.00,67
BSE,ACCURACY,INE648Z01023,T,4.82,4.94,4.82,4.82,4.71,1139,5492.00,20
BSE,ACE,INE731H01025,A,1115.45,1129.00,1090.10,1100.15,1103.95,35755,39742846.00,2257
BSE,ACEMEN,INE023R01018,X,101.75,106.00,100.00,103.45,100.80,7521,773486.00,70
BSE,ACESOFT,INE849B01010,X,160.00,165.70,156.00,160.45,158.20,106509,17008342.00,558
BSE,ACFSL,INE218P01018,MT,71.02,71.02,71.02,71.02,67.64,1200,85224.00,1
BSE,ACGL,INE451C01013,B,2222.70,2258.80,2106.60,2131.85,2222.65,3841,8292441.00,422
BSE,ACHYUT,INE0K1401020,T,7.10,7.14,6.52,7.07,6.80,97471,685687.00,349
BSE,ACI,INE128X01021,A,537.05,540.15,528.60,532.20,535.45,9229,4918258.00,478
BSE,ACIIN,INE167B01025,X,1.41,1.47,1.38,1.47,1.40,429993,621306.00,189
BSE,ACKNIT,INE326C01017,X,323.75,323.75,304.05,304.35,316.20,57,17523.00,10
BSE,ACL,INE666E01020,B,48.30,48.75,47.01,47.82,47.73,2710,129081.00,60
BSE,ACLD,INE0T3401029,M,141.25,151.95,141.25,149.95,141.50,49200,7256610.00,71
BSE,ACME,INE636B01011,Z,29.00,30.50,29.00,30.50,30.50,1095,32214.00,10
BSE,ACMESOLAR,INE622W01025,A,375.85,386.30,370.00,381.40,370.75,88903,33762080.00,2055
BSE,ACROW,INE950D01012,X,885.00,885.00,885.00,885.00,893.00,5,4425.00,2
BSE,ACSTECH,INE366C01021,B,40.41,42.51,40.40,42.51,40.49,182041,7672607.00,251
BSE,ACTIVE,INE380Z01015,B,116.65,118.45,115.25,116.40,117.00,1539,180239.00,19
BSE,ACUTAAS,INE00FF01025,A,3124.95,3238.95,3098.35,3219.00,3119.85,30090,96046117.00,3335
BSE,ADANIENSOL,INE931S01010,A,1648.60,1663.80,1637.95,1638.40,1638.00,33918,56012763.00,2291
BSE,ADANIENT,INE423A01024,A,3069.95,3090.50,3022.00,3025.00,3065.00,37375,114374554.00,2261
BSE,ADANIGREEN,INE364U01010,A,1400.00,1416.40,1382.85,1385.00,1393.80,106470,149508689.00,5106
BSE,ADANIPORTS,INE742F01042,A,1705.00,1714.00,1691.00,1691.00,1697.00,1504929,2555644484.00,3074
BSE,ADANIPOWER,INE814H01029,A,213.35,213.35,209.10,210.25,211.55,886974,187576164.00,5846
BSE,ADARSHPL,INE627D01016,X,30.06,30.85,29.42,29.42,30.07,1715,51530.00,11
BSE,ADCINDIA,INE833A01016,XT,2148.00,2159.90,2102.10,2137.10,2148.05,1240,2640194.00,113
BSE,ADCON,INE805Q01028,XT,0.51,0.52,0.50,0.51,0.51,62130,31642.00,100
BSE,ADCOUNTY,INE0W1601012,M,85.01,86.89,84.00,85.00,84.88,42400,3609192.00,48
BSE,ADDIND,INE757C01021,X,83.00,83.00,81.25,83.00,81.42,5142,417811.00,12
BSE,ADFFOODS,INE982B01027,B,272.50,274.95,270.00,273.60,274.15,10979,2982941.00,593
BSE,ADHBHUTIN,INE578L01014,X,14.69,14.70,14.50,14.70,14.00,52298,758798.00,6
BSE,ADINATH,INE207C01019,XT,21.24,21.24,19.87,21.24,20.23,508,10214.00,18
BSE,ADISHAKTI,INE0CWK01019,M,9.15,9.15,7.92,7.92,9.90,460000,3874700.00,44
BSE,ADITYA,INE570B01012,X,8.70,8.70,8.00,8.00,8.60,596,4769.00,16
BSE,ADITYASP,INE122D01026,X,16.48,16.75,16.00,16.60,16.37,3196,52201.00,28
BSE,ADL,INE0CHO01012,B,71.86,78.88,71.52,78.88,79.95,1181,84860.00,6
BSE,ADMACH,INE0XLO01010,MT,392.00,392.00,390.00,392.00,395.00,2400,939000.00,4
BSE,ADMANUM,INE556D01017,X,57.00,57.00,53.27,56.45,55.77,6449,364213.00,43
BSE,ADON,INE1SME01017,M,79.85,79.99,75.25,78.38,79.79,104000,8026640.00,45
BSE,ADOR,INE045A01017,B,1510.00,1517.95,1480.55,1511.40,1502.85,2820,4247025.00,454
BSE,ADROITINFO,INE737B01033,B,10.13,10.18,9.75,9.75,9.86,3629,35523.00,59
BSE,ADSL,INE102I01027,B,117.30,117.70,116.50,117.05,117.00,3717,435144.00,123
BSE,ADTECH,INE257C01014,X,55.30,56.10,54.00,54.11,54.23,704,38299.00,22
BSE,ADVAIT,INE0ALI01010,B,2368.85,2397.00,2333.75,2339.60,2365.80,6400,15082981.00,773
BSE,ADVANCE,INE1B0W01010,B,126.90,128.80,123.45,125.25,124.70,26846,3358524.00,337
BSE,ADVANCETL,INE13ZJ01010,MT,84.84,84.84,84.84,84.84,89.30,6000,509040.00,4
BSE,ADVANIHOTR,INE199C01026,B,51.19,52.68,51.19,52.00,51.55,3328,173286.00,96
BSE,ADVENTHTL,INE28GN01010,B,147.50,148.85,147.05,147.45,147.50,2416,356733.00,101
BSE,ADVENZYMES,INE837H01020,B,324.00,327.60,321.60,322.95,323.45,5950,1934252.00,376
BSE,ADVIKCA,INE178T01024,X,1.33,1.33,1.24,1.26,1.31,523406,659585.00,390
BSE,ADVLIFE,INE900E01015,X,31.40,31.40,31.40,31.40,29.92,1,31.00,1
BSE,ADVPETR-B,INE334N01018,XT,156.00,156.00,156.00,156.00,156.40,10,1560.00,2
BSE,AEGISLOG,INE208C01025,A,1370.05,1390.90,1350.00,1356.55,1386.95,53698,73745530.00,2783
BSE,AEGISVOPAK,INE0INX01018,A,306.55,306.55,293.80,296.75,301.80,101717,30334337.00,1549
BSE,AEIM,INE072B01027,X,90.00,91.90,84.70,85.54,88.68,93076,8168849.00,647
BSE,AEL,INE829P01020,X,111.05,112.20,110.35,111.20,110.65,2033,225592.00,37
BSE,AEONXDIGI,INE994D01010,X,120.00,123.80,116.60,119.00,120.00,7583,906386.00,66
BSE,AEPL,INE757T01025,B,14.20,14.45,13.55,14.02,14.26,8458,117765.00,42
BSE,AEQUS,INE947N01017,B,233.15,235.50,230.00,230.65,233.70,173503,40353549.00,2059
BSE,AEROENTER,INE065D01027,B,125.00,133.60,122.90,132.65,123.10,99827,13022458.00,1493
BSE,AEROFLEX,INE024001021,B,431.55,468.00,431.55,464.55,431.40,152482,69451719.00,3545
BSE,AERONEU,INE035801013,B,88.31,88.41,85.00,85.95,88.00,140,12022.00,23
BSE,AEROPLANE,INE05TO01019,B,199.15,203.85,189.25,201.05,199.10,46284,9219533.00,780
BSE,AERPACE,INE175N01023,XT,33.56,34.88,33.30,34.44,33.41,226971,7766231.00,549
BSE,AETHER,INE0BWX01014,A,1548.90,1603.20,1522.00,1580.05,1503.90,38186,60265758.00,1875
BSE,AFCOM,INE0OXY01013,M,1460.00,1499.00,1460.00,1494.95,1448.15,59880,89066988.00,380
BSE,AFCONS,INE101I01011,A,274.00,284.40,273.55,281.75,275.90,624802,175065256.00,1287
BSE,AFEL,INE663P01015,Z,1.56,1.70,1.56,1.68,1.64,58043,93374.00,58
BSE,AFFLE,INE00WC01027,A,1676.80,1692.30,1639.90,1681.80,1663.00,22331,37196965.00,1583
BSE,AFFORDABLE,INE692Z01013,T,176.60,181.35,176.60,178.40,179.75,1334,238371.00,45
BSE,AFIL,INE916Y01027,B,9.27,9.37,9.09,9.17,9.27,25093,230072.00,108
BSE,AFLTD,INE18HI01019,M,55.75,58.50,55.70,58.00,57.00,60000,3469890.00,9
BSE,AFSL,INE00ZE01026,B,202.70,202.70,201.30,202.30,202.25,69,13961.00,5
BSE,AGARIND,INE204E01012,B,509.30,531.90,509.00,524.55,515.75,8546,4483639.00,390
BSE,AGARWAL,INE510B01018,X,22.00,22.00,22.00,22.00,21.00,50,1100.00,1
BSE,AGARWALEYE,INE943P01029,A,482.25,503.55,482.25,492.75,483.75,17060,8411579.00,713
BSE,AGI,INE415A01038,B,713.85,733.00,704.45,715.20,704.20,15729,11384933.00,596
BSE,AGIIL,INE976R01033,B,309.35,312.10,304.00,307.15,309.30,24831,7681535.00,403
BSE,AGIOPAPER,INE112C01011,X,3.53,3.53,3.53,3.53,3.37,5,17.00,1
BSE,AGL,INE1YPB01014,B,12.67,13.58,12.24,13.29,12.45,136172,1762328.00,607
BSE,AGOL,INE05FR01029,B,4.00,4.00,3.93,3.98,3.92,252046,1002028.00,536
BSE,AGRIBIO,INE679E01015,X,322.95,322.95,313.00,314.25,318.00,9260,2944834.00,77
BSE,AGRITECH,INE449G01018,T,110.00,112.00,110.00,110.85,110.70,40,4434.00,4
BSE,AGSTRA,INE583L01014,Z,2.17,2.25,2.15,2.17,2.21,150237,328348.00,166
BSE,AGVENTURES,INE321D01016,X,116.50,118.40,112.50,116.80,116.50,3619,415474.00,115
BSE,AHASOLAR,INE0NEV01011,M,80.99,80.99,80.99,80.99,73.61,800,64792.00,2
BSE,AHCL,INE0Y8W01025,B,14.93,14.93,14.52,14.57,14.69,139357,2039499.00,190
BSE,AHLEAST,INE926K01017,B,143.00,146.25,141.05,145.60,141.95,74,10647.00,6
BSE,AHLUCONT,INE758C01029,A,832.40,834.95,824.60,831.05,829.60,904,749306.00,90
BSE,AHMDSTE,INE868C01018,X,173.95,173.95,162.50,166.70,168.00,888,148092.00,23
BSE,AIAENG,INE212H01026,A,4662.65,4741.15,4611.45,4640.20,4685.90,1256,5891642.00,359
BSE,AICHAMP,INE768E01024,XT,35.64,37.00,35.64,36.15,36.13,609,22093.00,12
BSE,AIHL,INE342U01016,X,33.00,33.00,33.00,33.00,33.35,60,1980.00,9
BSE,AIIL,INE206F01022,A,545.00,565.00,544.60,558.40,548.70,419174,234976208.00,738
BSE,AIKPIPES,INE0QFT01015,M,26.64,29.35,26.63,29.35,28.03,10400,285776.00,12
BSE,AIMCOPEST,INE008B01013,X,48.22,50.90,48.22,48.53,48.67,1743,85724.00,35
BSE,AIML,INE123D01024,XT,2.54,2.54,2.40,2.54,2.42,138089,345182.00,245
BSE,AIRAN,INE645W01026,B,14.88,15.19,14.88,15.08,15.04,5322,79889.00,86
BSE,AIRFLOA,INE0XBS01012,M,316.40,319.35,308.25,310.65,316.40,52000,16282875.00,95
BSE,AJANTPHARM,INE031B01049,A,3549.95,3550.00,3508.40,3522.35,3514.85,57021,201051428.00,913
BSE,AJANTSOY,INE601B01023,X,21.99,21.99,21.26,21.88,21.89,22625,491635.00,143
BSE,AJAXENGG,INE274Y01021,B,585.05,600.00,585.05,592.40,592.05,2119,1262362.00,121
BSE,AJCON,INE759C01027,X,5.85,6.10,5.80,5.81,5.71,5275,31648.00,31
BSE,AJMERA,INE298G01035,B,132.00,132.00,120.80,123.10,130.30,59475,7412051.00,786
BSE,AJWAFUN,INE863E01015,P,42.57,42.57,42.56,42.56,44.78,200,8513.00,2
BSE,AKCAPIT,INE701G01012,B,1800.00,1800.00,1732.60,1738.50,1745.00,29,50392.00,6
BSE,AKI,INE642Z01026,B,4.01,4.19,4.01,4.02,4.08,17178,69672.00,101
BSE,AKSHAR,INE256Z01025,B,0.40,0.41,0.39,0.41,0.41,97572,39126.00,77
BSE,AKSHARCHEM,INE542B01011,T,258.55,259.00,246.20,254.00,258.55,382,95530.00,24
BSE,AKSHOPTFBR,INE523B01011,T,5.89,6.00,5.80,6.00,5.72,53597,320560.00,62
BSE,AKUMS,INE09XN01023,B,683.70,683.70,666.00,667.45,680.50,4502,3018424.00,434
BSE,ALANKIT,INE914E01040,B,7.78,7.87,7.71,7.81,7.75,22030,171893.00,170
BSE,ALANSCOTT,INE273F01022,XT,332.00,342.90,315.00,333.00,331.25,11551,3639142.00,39
BSE,ALBERTDAVD,INE155C01010,B,690.00,690.00,686.00,689.60,691.10,113,77954.00,83
BSE,ALEMBICLTD,INE426A01027,B,89.27,89.27,87.52,88.69,91.67,25682,2272254.00,279
BSE,ALEXANDER,INE191N01012,X,7.18,7.25,6.91,6.91,6.11,9769,68722.00,25
BSE,ALFAICA,INE042C01010,X,79.40,79.40,79.40,79.40,78.70,1,79.00,1
BSE,ALFATRAN,INE209C01015,X,39.83,39.83,37.56,38.17,38.55,3605,137888.00,49
BSE,ALFAVIO,INE883B01027,X,12.65,12.65,12.08,12.51,12.05,60857,761719.00,115
BSE,ALFL,INE211D01027,X,1.03,1.10,1.03,1.10,1.02,5356,5523.00,15
BSE,ALFREDHE,INE782D01027,X,2725.05,2943.00,2725.05,2900.60,2759.35,254,715298.00,63
BSE,ALGOQUANT,INE598D01035,B,69.90,70.50,68.05,68.49,69.90,253526,17597404.00,970
BSE,ALICON,INE062D01024,B,700.70,709.80,690.65,690.95,702.55,394,276285.00,63
BSE,ALIVUS,INE03Q201024,A,1229.95,1356.20,1205.25,1336.80,1211.80,60407,79310056.00,3172
BSE,ALKALI,INE773I01017,T,69.14,70.74,68.55,68.73,69.12,1249,86359.00,14
BSE,ALKEM,INE540L01014,A,5707.00,5707.00,5500.00,5500.00,5683.00,878,4983993.00,173
BSE,ALKYLAMINE,INE150B01039,A,1845.70,1986.75,1824.95,1922.15,1819.65,53828,104245603.00,3421
BSE,ALLCARGO,INE418H01029,B,8.21,8.28,8.14,8.21,8.18,122345,1003534.00,260
BSE,ALLDIGI,INE835G01018,B,821.85,821.85,805.00,814.95,813.65,382,309573.00,44
BSE,ALLTIME,INE0GV601021,B,221.30,224.10,219.65,221.40,221.30,1650,366130.00,85
BSE,ALMONDZ,INE326B01035,B,14.05,14.05,13.50,13.63,13.88,8392,115035.00,115
BSE,ALOKINDS,INE270A01029,A,12.02,12.07,11.92,11.97,12.04,333965,3998844.00,864
BSE,ALPA,INE385I01010,B,67.75,67.75,66.67,67.10,66.66,17,1148.00,6
BSE,ALPHAGEO,INE137C01018,B,266.00,271.50,245.30,247.95,265.95,20518,5224951.00,930
BSE,ALPHAIND,INE0NZF01019,M,160.40,160.40,146.15,147.00,146.00,1800,272130.00,3
BSE,ALPHALOGIC,INE08E401029,B,40.20,40.99,39.06,40.40,40.03,2626,105464.00,55
BSE,ALPINEHOU,INE840D01015,XT,141.00,141.00,136.55,139.95,135.05,4749,667266.00,35
BSE,ALPINETEX,INE1JCQ01037,B,70.36,70.93,67.62,68.00,71.14,42858,2953331.00,745
BSE,ALSL,INE030P01017,B,64.45,64.59,62.52,62.64,63.15,9986,630266.00,106
BSE,ALTIUSINVIT,INE0BWS23018,IF,171.00,171.50,171.00,171.00,172.00,550000,94103000.00,14
BSE,ALUFLUOR,INE058F01019,X,437.05,447.50,437.00,447.00,437.90,3805,1688351.00,198
BSE,AMAGI,INE121R01077,B,678.35,680.25,662.30,674.80,669.35,12415,8382715.00,1050
BSE,AMAL,INE841D01013,X,777.00,799.00,776.20,778.85,776.95,12573,9915015.00,543
BSE,AMANAYA,INE0G1V01016,M,15.40,15.40,15.16,15.16,18.95,12000,183360.00,2
BSE,AMANTA,INE084K01015,T,173.00,174.50,169.05,170.05,171.35,7422,1284973.00,37
BSE,AMARJOTHI,INE484D01012,X,171.70,171.75,169.00,169.45,171.75,3227,549009.00,22
BSE,AMARSEC,INE745P01010,X,16.75,16.75,16.34,16.34,16.75,2487,41490.00,11
BSE,AMBALALSA,INE432A01017,B,36.99,43.00,36.99,42.42,37.26,231669,9467786.00,1717
BSE,AMBARPIL,INE072V01017,X,204.00,207.90,200.00,207.50,199.20,552,112662.00,34
BSE,AMBER,INE371P01015,A,7400.15,7504.90,7285.00,7460.00,7420.00,29073,215301247.00,7149
BSE,AMBIKCO,INE540G01014,B,1780.00,1797.70,1760.60,1782.65,1779.70,2412,4295585.00,262
BSE,AMBIT,INE267C01013,X,10.50,10.50,10.50,10.50,10.50,20,210.00,2
BSE,AMBOAGRI,INE0N6V01016,M,10.64,10.64,10.64,10.64,10.14,4000,42560.00,2
BSE,AMBUJACEM,INE079A01024,A,444.00,444.00,436.35,439.00,442.00,46156,20293940.00,1027
BSE,AMCOIND,INE924B01011,X,71.80,71.80,66.47,68.62,67.06,3367,230289.00,32
BSE,AMDIND,INE005I01014,B,47.18,47.18,45.00,46.00,48.18,14513,667651.00,95
BSE,AMEENJI,INE14QA01016,M,140.00,140.00,140.00,140.00,140.00,2400,336000.00,1
BSE,AMERISE,INE673C01020,X,0.96,0.96,0.92,0.92,0.96,236792,218233.00,45
BSE,AMFORG,INE991A01020,X,5.80,5.88,5.50,5.79,5.83,12772,71335.00,58
BSE,AMIC,INE0P9J01013,M,1760.00,1812.00,1747.95,1776.45,1750.55,69000,123335395.00,365
BSE,AMINTAN,INE572Z01017,XT,1.42,1.42,1.38,1.41,1.42,5561,7777.00,40
BSE,AMITSEC,INE137E01014,X,48.33,50.74,48.33,48.80,48.33,22,1082.00,5
BSE,AMJLAND,INE606A01024,B,38.78,39.78,38.50,39.00,39.00,1732,67550.00,40
BSE,AMNPLST,INE275D01022,B,197.00,202.80,197.00,199.50,196.55,484,95543.00,94
BSE,AMPL,INE727C01024,X,30.60,31.40,27.21,30.44,30.35,52524,1557919.00,238
BSE,AMPVOLTS,INE989J01017,X,26.16,26.90,26.16,26.40,26.16,9744,257933.00,85
BSE,AMRAAGRI,INE735C01027,X,0.54,0.54,0.52,0.53,0.54,22569,12008.00,37
BSE,AMRAFIN,INE990S01016,MT,36.05,36.05,36.05,36.05,35.35,1200,43260.00,1
BSE,AMRAPLIN,INE762C01021,XT,32.83,35.17,31.85,35.17,33.50,11062,379375.00,59
BSE,AMRUTANJAN,INE098F01031,B,520.00,520.55,514.20,517.35,520.40,441,228565.00,55
BSE,AMS,INE345U01019,XT,68.00,68.00,68.00,68.00,70.30,301,20468.00,3
BSE,AMTL,INE436N01029,X,18.50,18.50,17.35,18.25,18.55,3677,65339.00,43
BSE,AMWILL,INE0U2L01017,M,39.60,44.44,39.60,43.24,43.00,4800,204936.00,4
BSE,ANANDRATHI,INE463V01026,A,2057.85,2068.45,2031.00,2033.05,2056.40,5139,10516741.00,486
BSE,ANANTAM,INE1UA823019,IF,105.05,105.50,105.00,105.00,105.01,66,6934.00,6
BSE,ANANTRAJ,INE242C01024,A,628.75,634.00,623.15,630.60,625.80,95995,60369140.00,2703
BSE,ANDHRAPAP,INE435A01051,B,62.10,62.99,61.37,62.17,62.00,12868,800938.00,132
BSE,ANDHRAPET,INE714B01016,X,46.41,47.81,46.00,47.22,46.40,113483,5318532.00,624
BSE,ANDHRSUGAR,INE715B01021,B,86.00,88.50,85.45,87.17,85.39,57810,5043760.00,585
BSE,ANDREWYU,INE449C01025,B,27.90,28.15,27.39,27.89,27.58,68057,1888238.00,384
BSE,ANG,INE236W01016,T,36.00,37.00,34.30,34.30,35.70,900,31796.00,17
BSE,ANGELONE,INE732I01021,A,302.30,304.90,299.15,300.00,301.25,230511,69738640.00,2441
BSE,ANIKINDS,INE087B01017,B,43.44,43.44,41.76,43.44,42.46,76,3285.00,13
BSE,ANIRIT,INE161F01011,XT,43.70,44.57,43.70,44.57,43.70,10093,449618.00,11
BSE,ANJANI,INE364D01032,X,23.00,23.50,22.66,23.46,23.41,19041,439935.00,36
BSE,ANJANIFIN,INE283D01018,X,9.53,9.53,9.53,9.53,9.55,1,9.00,1
BSE,ANJANIFOODS,INE096I01021,XT,19.39,19.70,18.51,19.70,19.30,666,12660.00,15
BSE,ANKIN,INE067C01025,X,22.80,23.70,21.70,21.88,22.80,4733,105857.00,39
BSE,ANKITMETAL,INE106I01010,Z,1.58,1.65,1.53,1.65,1.58,1304,2084.00,14
BSE,ANL,INE1KVQ01019,MT,284.30,286.00,283.50,283.50,298.00,4000,1138050.00,4
BSE,ANMOL,INE02AR01019,B,10.27,10.27,9.65,10.01,10.02,9601,96514.00,51
BSE,ANNAINFRA,INE336D01014,X,26.00,26.67,25.49,26.67,25.49,122,3184.00,6
BSE,ANSALAPI,INE436A01026,Z,3.59,3.73,3.59,3.63,3.66,11095,40072.00,18
BSE,ANSALHSG,INE880B01015,X,5.80,5.98,5.72,5.75,5.80,31077,180439.00,73
BSE,ANTELOPUS,INE818A01017,B,837.10,874.55,828.00,855.00,832.95,11818,10180645.00,677
BSE,ANTHEM,INE0CZ201020,A,826.45,846.45,809.95,818.60,830.50,76560,63831990.00,3958
BSE,ANUBHAV,INE1O7201010,M,51.10,51.10,51.00,51.00,50.25,56000,2858880.00,13
BSE,ANUHPHR,INE489G01022,B,81.30,81.30,79.90,80.61,80.62,2233,179484.00,49
BSE,ANUP,INE294Z01018,B,2170.40,2210.00,2170.40,2190.60,2165.80,820,1803699.00,113
BSE,ANUPAM,INE069B01023,X,1.89,1.92,1.89,1.89,1.92,75089,142638.00,88
BSE,ANURAS,INE930P01018,A,1211.45,1216.75,1206.30,1212.90,1210.15,2759,3339807.00,180
BSE,ANUROOP,INE490Z01012,B,11.93,12.00,11.60,12.00,11.93,2957,35056.00,28
BSE,ANVRDHI,INE075K01013,X,9.56,9.85,9.56,9.58,9.57,10606,103208.00,49
BSE,APARINDS,INE372A01015,A,14805.05,15595.00,14800.00,15490.45,14754.15,17172,262212702.00,3913
BSE,APCL,INE071F01012,B,111.00,111.00,101.00,101.90,102.05,1025,104173.00,23
BSE,APCOTEXIND,INE116A01032,B,625.00,640.35,615.00,626.10,618.40,21282,13339444.00,1826
BSE,APEX,INE346W01013,B,380.95,382.00,376.55,378.50,381.15,2275,860668.00,158
BSE,APIS,INE070K01014,B,58.60,58.60,55.40,55.58,57.28,7125,399375.00,103
BSE,APL,INE0SJX01015,M,69.95,77.40,69.95,76.67,69.95,27000,2001890.00,27
BSE,APLAB,INE273A01015,XT,69.73,74.90,69.72,69.72,73.38,14113,986993.00,99
BSE,APLAPOLLO,INE702C01027,A,1950.35,1973.00,1912.60,1924.00,1944.45,53837,104862108.00,4685
BSE,APLLTD,INE901L01018,A,807.00,824.35,798.85,809.60,806.10,19917,16177316.00,976
BSE,APMIN,INE170D01025,X,48.76,49.00,47.15,47.28,48.76,3179,152589.00,27
BSE,APOLLO,INE713T01028,A,397.70,404.85,395.60,398.15,397.65,432098,173068258.00,6103
BSE,APOLLOFI,INE412D01013,X,357.85,359.50,346.00,346.70,356.80,328,113907.00,14
BSE,APOLLOHOSP,INE437A01024,A,8869.95,8921.50,8769.90,8921.50,8820.00,8423,74560791.00,2249
BSE,APOLLOIN,INE314N01028,XT,143.20,143.20,143.20,143.20,140.40,500,71600.00,1
BSE,APOLLOPIPE,INE126J01016,B,519.00,533.45,515.90,528.95,515.10,296573,154914418.00,1428
BSE,APOLLOTYRE,INE438A01022,A,438.15,445.00,435.60,438.35,435.85,33765,14819720.00,808
BSE,APOORVA,INE217S01014,X,29.00,29.00,27.91,29.00,30.10,154,4462.00,9
BSE,APPL,INE15XJ01010,MT,290.00,310.25,282.25,297.20,295.50,39600,11869260.00,87
BSE,APTECHT,INE266F01018,T,96.70,96.70,93.15,94.80,94.97,3520,335701.00,73
BSE,APTPACK,INE046E01025,X,61.00,61.90,57.00,57.00,59.99,10299,595523.00,75
BSE,APTUS,INE852O01025,A,269.75,269.75,260.15,260.50,263.50,23458,6153543.00,906
BSE,AQYLON,INE416A01051,B,26.51,28.08,25.42,25.42,26.75,1327196,36149531.00,1148
BSE,ARAVALIS,INE068C01015,X,3.93,3.93,3.93,3.93,3.93,273,1072.00,4
BSE,ARCFIN,INE202R01026,X,0.51,0.51,0.49,0.50,0.51,1592884,795885.00,664
BSE,ARCHIDPLY,INE877I01016,B,81.13,82.90,79.10,81.01,83.00,1926,156219.00,16
BSE,ARCHIES,INE731A01020,B,13.66,14.65,13.66,14.07,14.00,3181,44771.00,26
BSE,ARCHITORG,INE078I01011,XT,57.50,60.00,57.50,59.97,59.36,18853,1119294.00,62
BSE,ARCL,INE372M01010,X,220.00,225.00,214.40,216.40,214.40,1812,400447.00,50
BSE,ARE&M,INE885A01032,A,932.35,946.25,917.00,921.55,932.40,95661,88738137.00,4449
BSE,ARENTERP,INE610C01014,B,40.00,40.00,38.45,38.65,41.57,7,271.00,5
BSE,AREXMIS,INE480H01011,X,127.60,127.60,127.60,127.60,121.55,475,60610.00,12
BSE,ARFIN,INE784R01023,B,84.91,87.98,84.90,86.28,86.18,29365,2537147.00,291
BSE,ARIGATO,INE021N01011,XT,47.01,47.01,47.01,47.01,45.87,1,47.00,1
BSE,ARIHANT,INE413D01011,B,1145.70,1181.00,1070.00,1121.15,1144.85,732,830537.00,69
BSE,ARIHANTCAP,INE420B01036,B,77.50,79.15,76.57,77.64,77.55,11253,870274.00,314
BSE,ARIHANTSUP,INE643K01018,B,260.50,260.50,257.85,259.50,260.50,21,5436.00,7
BSE,ARIS,INE0H9P01028,B,129.35,134.50,129.00,130.55,130.00,78944,10403760.00,961
BSE,ARISE,INE190D01015,X,19.70,19.79,19.70,19.70,19.73,1054,20764.00,10
BSE,ARITAS,INE1D8001016,MT,13.99,13.99,13.00,13.35,13.49,15000,201930.00,5
BSE,ARKADE,INE0QRL01017,B,142.25,142.25,138.95,139.35,140.70,9186,1282874.00,128
BSE,ARL,INE02GA01012,B,45.91,45.91,42.00,43.57,43.73,110192,4882471.00,419
BSE,ARMAN,INE510P01018,X,120.00,120.00,117.10,117.50,119.85,13172,1568103.00,49
BSE,ARMANFIN,INE109C01017,B,2018.90,2018.90,1947.95,1998.30,1994.45,887,1751470.00,128
BSE,ARNOLD,INE185K01036,X,12.98,13.18,12.32,12.94,12.68,10017,129277.00,49
BSE,AROGRANITE,INE210C01013,B,27.40,27.40,24.03,25.11,25.11,152,4031.00,6
BSE,ARROWGREEN,INE570D01018,T,725.00,759.00,721.00,750.85,730.00,1130,841820.00,61
BSE,ARSHIYA,INE968D01022,Z,0.97,0.98,0.96,0.97,0.96,9346,9016.00,10
BSE,ARSSBL,INE549H01021,B,512.00,517.70,510.85,514.45,511.35,7881,4054050.00,294
BSE,ARTEFACT,INE885B01014,X,54.00,54.00,52.70,53.69,53.91,1529,81082.00,20
BSE,ARTEMISMED,INE025R01021,B,305.85,308.60,299.30,301.95,302.15,31630,9612669.00,641
BSE,ARTSON,INE133D01023,XT,145.95,152.50,145.95,149.75,145.95,1859,272842.00,18
BSE,ARUNAHTEL,INE957C01019,X,7.60,7.89,7.03,7.37,7.39,13031,101168.00,51
BSE,ARVAYA,INE491D01017,XT,126.40,126.40,126.40,126.40,128.95,3,379.00,1
BSE,ARVIND,INE034A01011,A,535.35,552.00,535.35,546.85,528.00,30844,16779313.00,2041
BSE,ARVINDFASN,INE955V01021,A,447.65,452.00,445.00,445.55,447.60,5276,2368279.00,367
BSE,ARVSMART,INE034S01021,B,610.90,615.30,600.25,602.65,598.85,1616,981023.00,106
BSE,ARYACAPM,INE229R01011,B,400.00,409.50,390.00,400.00,398.30,1038,415179.00,12
BSE,ARYAN,INE016X01010,X,19.00,19.00,19.00,19.00,19.00,993,18867.00,6
BSE,ARYAVAN,INE360S01012,X,68.74,68.74,65.85,67.40,68.44,8241,552380.00,31
BSE,ASAHIINDIA,INE439A01020,A,908.75,908.75,893.10,899.40,896.10,1465,1316438.00,145
BSE,ASAHISONG,INE228I01012,T,391.00,402.50,380.05,394.00,392.00,1856,731915.00,66
BSE,ASAL,INE900C01027,B,504.10,512.25,504.10,506.30,508.55,939,477149.00,113
BSE,ASALCBR,INE073G01016,B,780.85,784.20,766.95,769.90,779.35,1884,1461545.00,209
BSE,ASARFI,INE0DN001027,M,208.50,208.50,196.00,201.80,212.75,97000,19485650.00,92
BSE,ASCENSIVE,INE0E4I01027,MS,19.07,19.07,19.00,19.00,19.99,70000,1330800.00,3
BSE,ASGARD,INE767M01029,X,32.20,33.30,31.50,32.33,33.24,40037,1291334.00,216
BSE,ASHAI,INE709D01012,XT,12.50,12.50,12.50,12.50,12.50,52,650.00,4
BSE,ASHAPURMIN,INE348A01023,A,720.25,721.95,701.00,719.70,717.25,28844,20580583.00,940
BSE,ASHCAP,INE894A01026,X,2.66,2.72,2.66,2.70,2.72,32505,87326.00,168
BSE,ASHIANA,INE365D01021,B,383.00,389.45,382.10,386.95,386.90,2909,1118852.00,100
BSE,ASHIKAG,INE094B01013,B,479.55,481.45,456.20,461.50,478.50,26618,12478576.00,567
BSE,ASHIMASYN,INE440A01010,B,17.82,18.60,17.81,18.17,18.18,6080,110803.00,66
BSE,ASHISHPO,INE831C01016,X,29.42,29.42,27.20,27.85,29.57,603,17041.00,23
BSE,ASHNI,INE694W01024,XT,4.13,4.13,4.13,4.13,4.34,350648,1448176.00,565
BSE,ASHNOOR,INE372I01018,X,40.02,42.44,40.00,41.78,41.45,1787,74292.00,25
BSE,ASHOKA,INE442H01029,A,121.15,122.40,119.90,120.30,121.15,70640,8553746.00,840
BSE,ASHOKAMET,INE760Y01011,B,14.41,14.41,14.12,14.39,14.41,1205,17115.00,44
BSE,ASHOKLEY,INE208A01029,A,175.30,175.30,172.10,172.90,174.00,775811,134749908.00,6640
BSE,ASHRAM,INE293C01019,X,5.02,5.02,5.02,5.02,5.02,300,1506.00,3
BSE,ASHSI,INE338C01012,X,21.31,22.85,20.75,22.79,21.31,3774,84386.00,57
BSE,ASHUTPM,INE723K01018,X,6.00,6.00,6.00,6.00,6.00,10,60.00,1
BSE,ASIACAP,INE131Q01011,XT,90.01,91.37,90.00,91.37,89.58,388,35195.00,7
BSE,ASIAN,INE04Z101016,X,36.97,36.97,33.50,34.37,34.80,353,12693.00,24
BSE,ASIANENE,INE276G01015,B,416.85,419.90,403.85,417.25,410.75,40328,16743666.00,1342
BSE,ASIANHOTNR,INE363A01022,B,302.60,304.40,301.00,302.05,301.95,15077,4548101.00,79
BSE,ASIANPAINT,INE021A01026,A,2775.00,2807.70,2733.70,2745.00,2755.00,54031,149631521.00,4175
BSE,ASIANTILES,INE022I01019,B,54.39,54.39,52.73,53.08,53.75,102670,5465719.00,465
BSE,ASIANTNE,INE822B01017,X,9.20,9.48,8.95,8.98,9.02,26196,239889.00,98
BSE,ASIAPAK,INE784M01016,X,50.54,55.49,50.54,55.49,53.20,339,17385.00,7
BSE,ASIIL,INE443A01030,X,27.52,27.53,26.80,26.96,27.61,66518,1795655.00,114
BSE,ASINPET,INE810M01019,X,9.25,10.30,9.00,9.64,9.24,29467,278792.00,55
BSE,ASITCFIN,INE041B01014,X,112.50,117.90,112.00,117.00,112.50,28,3206.00,5
BSE,ASKAUTOLTD,INE491J01022,B,572.05,572.10,543.95,549.10,569.80,22179,12401112.00,1070
BSE,ASMS,INE855F01042,T,7.01,7.45,7.00,7.23,7.12,31565,226010.00,185
BSE,ASMTEC,INE867C01010,B,4888.00,4894.85,4751.00,4811.35,4842.30,18338,88049835.00,4295
BSE,ASPIRA,INE500C01017,XT,113.50,113.50,113.50,113.50,115.80,2,227.00,2
BSE,ASRL,INE01B501018,X,6.60,6.75,6.52,6.71,6.56,34066,226089.00,113
BSE,ASSAMENT,INE165G01010,X,751.60,751.60,751.60,751.60,715.85,1,751.00,1
BSE,ASSOCER,INE771E01010,X,171.80,171.80,171.80,171.80,171.80,1,171.00,1
BSE,ASTALLTD,INE307N01014,X,82.99,83.80,82.10,82.97,82.91,10227,844756.00,40
BSE,ASTEC,INE563J01010,B,635.40,640.15,620.10,623.00,627.85,1862,1171878.00,121
BSE,ASTERDM,INE914M01019,A,816.00,838.00,816.00,834.60,813.90,35621,29524819.00,2533
BSE,ASTONEALAB,INE0TG901011,MT,266.00,270.00,266.00,270.00,273.75,2000,536000.00,2
BSE,ASTRAL,INE006I01046,A,1444.95,1465.55,1438.00,1449.70,1450.00,13139,19073871.00,1104
BSE,ASTRAMICRO,INE386C01029,A,1865.65,1869.10,1815.80,1836.35,1840.75,17127,31524787.00,1760
BSE,ASTRAZEN,INE203A01020,A,8295.20,8295.20,8161.95,8173.90,8296.00,580,4760446.00,89
BSE,ASTRON,INE646X01014,T,3.78,4.00,3.75,3.76,3.94,6575,25021.00,43
BSE,ASTRONMULT,INE0RUY01012,MT,16.44,17.74,16.44,17.70,17.30,12000,202420.00,6
BSE,ATALREAL,INE0ALR01029,B,33.95,34.43,33.48,34.07,33.79,137004,4662138.00,614
BSE,ATAM,INE09KD01013,B,66.40,66.88,66.40,66.88,64.37,39,2598.00,4
BSE,ATGL,INE399L01023,A,673.80,674.40,664.00,667.10,667.65,79721,53371835.00,2410
BSE,ATHARVA,INE226801012,M,80.00,81.00,77.00,77.30,78.00,104000,8230800.00,51
BSE,ATHARVENT,INE354E01031,X,4.16,4.70,4.16,4.20,4.70,24863,111863.00,42
BSE,ATHENAGLO,INE576B01019,XT,62.70,62.70,57.00,60.98,59.77,1215,69351.00,8
BSE,ATHERENERG,INE0LEZ01016,A,1332.25,1500.00,1332.25,1451.10,1273.15,2221727,3192985384.00,75087
BSE,ATIL,INE0X4A01013,M,102.00,105.70,101.70,105.13,102.25,16000,1650840.00,12
BSE,ATISHAY,INE011R01013,X,161.05,168.30,161.05,167.15,161.00,3191,529402.00,73
BSE,ATL,INE0NN701020,B,23.03,23.99,23.03,23.35,23.36,24652,577128.00,194
BSE,ATLANTAA,INE285H01022,B,35.78,37.35,35.41,37.35,35.76,3011,109978.00,48
BSE,ATLANTAELE,INE0Z4F01028,B,1614.90,1635.00,1574.30,1613.20,1586.50,4490,7231856.00,464
BSE,ATLASCYCLE,INE446A01025,B,98.60,101.00,98.49,98.68,98.60,1013,99950.00,16
BSE,ATUL,INE100A01010,A,6824.95,6895.85,6765.00,6794.40,6778.95,3647,24883787.00,1245
BSE,ATULAUTO,INE951D01028,B,566.25,580.20,553.00,559.80,564.80,55792,31799739.00,1520
BSE,ATVOENT,INE219M01021,XT,32.50,32.94,32.30,32.90,32.30,13404,440785.00,33
BSE,ATVPR,INE447A01015,X,22.60,23.15,22.11,22.43,22.62,16240,363812.00,120
BSE,AUBANK,INE949L01017,A,1055.45,1055.45,1035.75,1046.00,1045.00,19822,20680983.00,1043
BSE,AUREATE,INE1KVL01010,M,31.00,31.76,31.00,31.76,30.25,18000,567740.00,8
BSE,AURIONPRO,INE132H01018,A,750.10,750.10,734.00,738.70,738.95,6208,4584375.00,315
BSE,AUROLAB,INE292C01011,X,236.00,240.90,235.00,239.85,235.00,387,92535.00,30
BSE,AUROPHARMA,INE406A01037,A,1551.30,1584.10,1535.75,1583.80,1591.00,307534,477934568.00,4742
BSE,AURUM,INE898S01029,B,221.00,234.30,207.55,217.45,218.55,76657,17227228.00,1355
BSE,AURUS,INE142K01011,B,4.65,5.21,4.60,4.60,4.60,2063,9899.00,16
BSE,AUSOMENT,INE218C01016,T,146.00,146.00,137.05,142.30,143.75,212,29905.00,12
BSE,AUSTENG,INE759F01012,X,141.80,145.00,136.05,141.65,136.75,3513,495799.00,51
BSE,AUTOAXLES,INE449A01011,B,1895.95,1898.90,1859.50,1870.60,1879.10,1061,1997423.00,119
BSE,AUTOIND,INE718H01014,T,88.86,91.49,88.50,90.31,90.12,8183,728735.00,76
BSE,AUTOINT,INE340U01010,X,342.15,342.15,329.15,341.85,325.90,5174,1761908.00,169
BSE,AUTOPINS,INE706C01028,XT,126.50,126.50,126.50,126.50,133.15,10,1265.00,1
BSE,AVADHSUGAR,INE349W01017,B,560.00,648.45,560.00,621.55,562.80,302044,188244961.00,5811
BSE,AVAILFC,INE325G01010,B,141.70,142.75,139.20,141.00,141.70,1068,151076.00,41
BSE,AVALON,INE0LCL01028,A,1754.00,1816.10,1747.00,1805.50,1749.45,23997,42732765.00,1624
BSE,AVANCE,INE758A01072,X,0.90,0.91,0.90,0.91,0.90,3472297,3137171.00,1225
BSE,AVANTEL,INE005B01027,A,163.10,164.50,162.60,163.95,163.05,55900,9148001.00,615
BSE,AVANTIFEED,INE871C01038,A,912.90,913.10,887.95,893.65,906.50,25921,23314593.00,1306
BSE,AVAX,INE0NQ401024,MT,51.10,51.20,48.55,48.55,51.10,6000,296660.00,6
BSE,AVG,INE680Z01018,T,204.85,204.85,200.35,202.20,205.85,2532,509276.00,19
BSE,AVL,INE679V01027,A,622.55,637.95,613.20,633.90,624.25,7999,4976700.00,462
BSE,AVONMORE,INE323B01024,B,11.89,11.89,11.07,11.14,11.30,9526,106839.00,112
BSE,AVROIND,INE652Z01025,B,8.88,9.17,8.52,8.96,8.70,173533,1549096.00,377
BSE,AVTNPL,INE488D01021,B,69.50,71.59,69.50,70.99,70.80,3175,225215.00,74
BSE,AWFIS,INE108V01019,A,280.60,281.70,272.10,273.70,277.25,7097,1963058.00,249
BSE,AWHCL,INE01BK01022,B,428.15,440.00,425.00,430.15,429.90,6006,2591174.00,346
BSE,AWL,INE699H01024,A,191.10,192.85,189.60,190.55,190.20,99869,19089967.00,1832
BSE,AXELPOLY,INE197C01012,X,55.80,55.80,45.50,46.50,50.23,9230,434146.00,32
BSE,AXISBANK,INE238A01034,A,1261.95,1261.95,1244.40,1255.00,1252.00,107928,135090409.00,4314
BSE,AXISCADES,INE555B01013,B,1573.45,1645.00,1573.15,1583.20,1573.45,9505,15235403.00,825
BSE,AXISOL,INE520G01024,XT,385.55,385.55,385.55,385.55,367.20,2900,1118095.00,17
BSE,AXITA,INE02EZ01022,B,7.37,7.42,7.33,7.36,7.31,44670,328707.00,189
BSE,AXTEL,INE767C01012,X,430.25,454.00,430.25,447.40,432.05,2838,1249750.00,133
BSE,AYE,INE501X01029,B,174.95,174.95,167.05,167.90,172.60,36318,6145905.00,604
BSE,AYMSYNTEX,INE193B01039,B,245.85,257.30,242.20,256.60,249.75,217,55262.00,24
BSE,AZAD,INE02IJ01035,A,2314.90,2418.00,2314.90,2375.20,2304.50,37221,88169161.00,2022
BSE,AZADIND,INE566M01017,X,90.50,93.00,90.01,92.92,89.89,24530,2253911.00,114
BSE,AZTEC,INE0SCB01016,M,98.00,98.00,97.00,97.20,101.20,7000,682300.00,6
BSE,B2BSOFT,INE151B01011,X,26.50,26.50,24.00,24.56,26.11,75264,1871209.00,429
BSE,BABA,INE893A01036,X,14.16,15.44,14.16,14.42,14.59,7204,104050.00,78
BSE,BACPHAR,INE711D01018,X,19.73,19.73,19.73,19.73,20.76,63257,1248060.00,51
BSE,BAFNAPH,INE878I01022,T,278.00,278.60,278.00,278.60,273.15,7656,2130572.00,50
BSE,BAGFILMS,INE116D01028,B,4.47,4.52,4.40,4.48,4.47,14185,63171.00,52
BSE,BAGMANE,INE2OVN25015,IF,105.10,105.63,103.06,105.12,105.15,740500,77762877.00,246
BSE,BAIDFIN,INE020D01022,B,9.96,9.96,9.94,9.94,9.94,2,19.00,2
BSE,BAIKAKAJI,INE1IJQ01026,M,246.00,258.50,246.00,251.45,247.50,63600,16091250.00,88
BSE,BAJAJ-AUTO,INE917I01010,A,11795.85,11795.85,11544.00,11550.90,11508.25,22593,261880875.00,4464
BSE,BAJAJCON,INE933K01021,A,522.05,549.80,522.05,544.55,524.00,42009,22861794.00,2282
BSE,BAJAJELEC,INE193E01025,A,339.10,364.95,337.40,348.85,336.85,51524,18259227.00,1367
BSE,BAJAJFINSV,INE918I01026,A,2079.95,2096.55,2068.40,2076.40,2065.00,76985,160688146.00,3363
BSE,BAJAJHCARE,INE411U01027,B,344.40,344.50,333.55,336.30,340.25,7211,2430028.00,177
BSE,BAJAJHFL,INE377Y01014,A,86.99,88.43,86.50,87.08,86.83,375553,32794516.00,2852
BSE,BAJAJHIND,INE306A01021,B,17.55,18.60,17.41,18.07,17.51,589762,10672544.00,2046
BSE,BAJAJHLDNG,INE118A01012,A,11518.90,11599.00,11369.15,11410.30,11416.20,697,8009682.00,268
BSE,BAJAJINDEF,INE0O9T01021,B,235.25,236.95,230.65,232.15,235.25,781,181051.00,46
BSE,BAJAJST,INE704G01024,B,403.00,403.00,380.00,392.20,386.40,3804,1469556.00,160
BSE,BAJEL,INE0KQN01018,B,177.05,180.85,176.95,178.85,176.55,6139,1098286.00,186
BSE,BAJFINANCE,INE296A01032,A,1160.75,1162.00,1139.80,1153.00,1140.90,335770,385499339.00,12997
BSE,BALAJEE,INE0S2G01011,B,27.28,27.52,27.00,27.34,27.15,892,24218.00,30
BSE,BALAJITELE,INE794B01026,B,84.99,87.23,84.81,84.88,84.71,17198,1482834.00,105
BSE,BALAMINES,INE050E01027,B,2049.95,2077.30,1988.55,1994.45,2023.60,24800,50588996.00,1787
BSE,BALGOPAL,INE119R01014,X,193.20,195.05,177.05,180.80,201.30,15349,2808651.00,177
BSE,BALKRISHNA,INE875R01011,B,17.80,17.80,17.60,17.60,18.00,101,1797.00,4
BSE,BALKRISIND,INE787D01026,A,2472.35,2530.00,2375.80,2458.10,2493.70,28484,71421984.00,2877
BSE,BALMLAWRIE,INE164A01016,B,173.80,176.15,173.50,174.30,174.25,12876,2245581.00,248
BSE,BALPHARMA,INE083D01012,B,89.65,89.65,87.70,88.10,88.70,472,41939.00,51
BSE,BALRAMCHIN,INE119A01028,A,652.05,664.80,636.90,658.85,646.30,88220,57809646.00,2429
BSE,BALTE,INE654B01014,X,11.75,12.19,11.27,12.19,12.20,1377,15960.00,20
BSE,BALUFORGE,INE011E01029,A,438.45,444.35,436.25,439.90,444.30,10171,4482833.00,302
BSE,BAMBINO,INE921D01013,X,207.10,216.90,207.10,216.20,207.00,2680,570602.00,28
BSE,BAMPSL,INE802A01037,X,19.73,19.73,19.08,19.34,19.08,2071,39685.00,28
BSE,BANARBEADS,INE655B01011,B,114.90,115.00,113.00,113.25,116.20,56,6422.00,10
BSE,BANASFN,INE521L01030,X,6.98,7.25,6.87,7.07,6.98,22527,159871.00,64
BSE,BANCOINDIA,INE213C01025,A,664.00,678.00,656.65,670.00,657.50,16831,11247939.00,847
BSE,BANDARAM,INE875N01036,X,20.61,21.75,19.51,19.83,20.31,28830,579323.00,134
BSE,BANDHANBNK,INE545U01014,A,174.80,175.15,173.20,173.50,173.35,163317,28427278.00,1692
BSE,BANG,INE863I01016,B,29.50,31.00,29.50,30.52,29.60,116,3539.00,9
BSE,BANKBARODA,INE028A01039,A,247.10,249.05,245.15,246.50,246.80,292905,72319682.00,2823
BSE,BANKINDIA,INE084A01016,A,140.50,141.15,139.10,140.20,139.20,310192,43327743.00,1633
BSE,BANSALWIRE,INE0B9K01025,B,319.75,328.10,313.00,315.20,318.40,5571,1775943.00,794
BSE,BANSWRAS,INE629D01020,B,126.45,128.60,124.00,125.70,127.10,2658,333402.00,88
BSE,BARODARY,INE461A01024,X,131.00,134.45,129.05,129.10,131.00,152,19664.00,16
BSE,BAROEXT,INE927K01023,X,8.21,8.45,8.20,8.35,8.34,59884,496509.00,130
BSE,BASANTGL,INE473E01021,X,12.13,12.40,12.01,12.23,12.18,33946,414743.00,170
BSE,BASF,INE373A01013,A,3742.95,4253.45,3729.00,3927.75,3709.75,51922,209894874.00,5700
BSE,BASML,INE186H01022,T,28.43,28.43,27.10,27.60,27.08,3332,91362.00,19
BSE,BATAINDIA,INE176A01028,A,707.10,742.50,707.00,709.50,710.50,92370,66884979.00,3241
BSE,BATLIBOI,INE177C01022,B,82.25,84.61,82.25,84.52,82.30,2099,175211.00,44
BSE,BAYERCROP,INE462A01022,A,4338.25,4353.35,4300.00,4331.80,4299.80,2440,10539845.00,377
BSE,BAZELINTER,INE217E01014,X,19.00,19.00,18.00,18.92,19.00,417,7796.00,20
BSE,BBL,INE464A01036,B,2553.85,2609.65,2370.00,2391.40,2563.55,7510,18426030.00,1232
BSE,BBOX,INE676A01027,A,755.90,779.35,747.30,750.95,755.85,20372,15578451.00,1423
BSE,BBTC,INE050A01025,A,1553.90,1553.90,1502.70,1509.55,1536.65,1266,1922813.00,163
BSE,BBTCL,INE01EE01011,B,217.00,225.00,217.00,223.70,224.35,456,102087.00,114
BSE,BCCFUBA,INE788D01016,XT,195.00,195.00,183.00,189.80,191.50,19965,3736489.00,199
BSE,BCCL,INE0KQ001017,M,35.00,35.84,34.00,34.21,34.93,17200,593672.00,29
BSE,BCG,INE425B01027,B,9.36,9.64,9.29,9.45,9.36,757808,7140517.00,1002
BSE,BCLIND,INE412G01024,B,38.17,38.17,37.05,37.24,37.81,53508,1999252.00,444
BSE,BCONCEPTS,INE977Y01011,B,187.00,188.15,182.25,184.45,190.75,879,162549.00,130
BSE,BCP,INE905P01028,X,1.81,1.84,1.77,1.78,1.80,79498,142854.00,110
BSE,BCPL,INE00SW01015,B,70.00,70.99,68.38,69.13,70.54,4053,281675.00,138
BSE,BDH,INE278D01018,X,560.15,564.95,538.40,546.85,559.85,1661,920702.00,106
BSE,BDI,INE1LJ801017,M,109.40,109.40,109.40,109.40,108.75,1200,131280.00,1
BSE,BDL,INE171Z01026,A,1273.10,1278.40,1260.00,1263.00,1255.00,24967,31682774.00,1829
BSE,BECTORFOOD,INE495P01020,B,211.95,214.15,208.00,209.95,210.90,80541,17011372.00,1568
BSE,BEDMUTHA,INE844K01012,B,110.10,110.10,110.10,110.10,109.05,206,22680.00,17
BSE,BEEKAY,INE213D01015,B,400.00,407.95,400.00,401.00,392.70,381,152842.00,42
BSE,BEEYU,INE052B01011,X,2.60,2.60,2.50,2.60,2.60,619,1596.00,10
BSE,BEEZAASAN,INE13VU01016,MT,388.90,401.00,384.00,401.00,383.50,13600,5279200.00,16
BSE,BEFOUNDMOL,INE425F01028,X,3.55,3.58,3.55,3.58,3.41,751,2687.00,4
BSE,BEL,INE263A01024,A,391.40,394.00,389.10,392.00,388.35,998678,390881926.00,6048
BSE,BELDING,INE363L01045,X,1038.95,1038.95,987.70,998.95,1028.75,4585,4645370.00,146
BSE,BELLACASA,INE344T01014,B,246.25,253.60,244.55,244.55,248.65,2229,554563.00,104
BSE,BELRISE,INE894V01022,A,243.00,243.90,239.50,240.25,241.85,236210,57069952.00,6471
BSE,BEMHY,INE142E01022,X,108.20,110.00,105.50,107.60,109.75,7357,792027.00,227
BSE,BEML,INE258A01024,A,1767.35,1774.65,1687.00,1691.05,1743.05,36263,62272007.00,1609
BSE,BENARAS,INE664D01019,B,10200.00,10260.05,10200.00,10239.55,10201.25,66,675676.00,29
BSE,BENCHMARK,INE0Q2Z01013,MT,35.90,36.18,35.90,36.18,34.46,4000,144160.00,2
BSE,BENGALASM,INE083K01017,B,6298.40,6299.90,6268.45,6268.45,6300.00,4,25166.00,3
BSE,BENGALT,INE665D01016,X,145.00,145.00,141.00,141.00,141.00,432,60927.00,14
BSE,BEPL,INE922A01025,B,121.65,123.90,119.80,123.05,120.50,382172,46835307.00,1486
BSE,BERGEPAINT,INE463A01038,A,528.70,543.50,528.00,533.80,526.40,20359,10925687.00,960
BSE,BERLDRG,INE415H01017,X,23.49,23.49,22.13,22.13,21.69,39,864.00,7
BSE,BERVINL,INE348I01018,X,46.28,46.28,41.89,42.15,44.08,95,4156.00,7
BSE,BESTAGRO,INE052T01021,B,18.64,22.69,18.55,22.69,18.91,2275951,49131069.00,3881
BSE,BESTEAST,INE553F01035,XT,18.10,18.99,17.45,17.79,18.13,6163,112935.00,37
BSE,BETXIND,INE765L01017,X,517.95,517.95,465.05,498.00,494.75,65,31053.00,12
BSE,BFINVEST,INE878K01010,B,489.80,489.80,475.00,479.25,482.85,2474,1196721.00,149
BSE,BFLAFL,INE948Q01018,X,6.92,6.92,6.83,6.83,6.35,16647,114471.00,22
BSE,BFUTILITIE,INE243D01012,B,574.25,580.00,567.40,569.15,576.80,4844,2785040.00,314
BSE,BGDL,INE893C01032,B,90.24,90.25,87.82,88.38,90.21,8063,717225.00,308
BSE,BGIL,INE443D01018,X,7.50,7.78,7.27,7.45,7.60,9078,67010.00,47
BSE,BGRENERGY,INE661I01014,T,279.80,279.80,265.85,272.80,278.35,4370,1192039.00,113
BSE,BGWTATO,INE106G01014,X,694.05,709.80,691.05,702.60,696.05,2227,1558998.00,96
BSE,BHAGCHEM,INE414D01027,B,295.00,298.00,285.00,285.85,298.15,11710,3406281.00,311
BSE,BHAGERIA,INE354C01027,T,222.50,222.50,211.00,215.00,219.70,2517,543323.00,57
BSE,BHAGGAS,INE099C01010,XT,12.15,12.15,12.15,12.15,12.39,4996,60701.00,47
BSE,BHAGWOX,INE026I01010,X,39.00,39.00,35.91,37.50,37.80,3746,138075.00,36
BSE,BHAGYANGR,INE458B01036,T,398.80,398.80,378.00,385.30,384.40,6521,2511942.00,132
BSE,BHANDARI,INE474E01029,T,2.92,2.92,2.85,2.86,2.88,2210,6407.00,23
BSE,BHARAT,INE900A01013,X,22.65,24.65,22.65,23.68,23.48,948,22299.00,26
BSE,BHARATAGRI,INE842D01029,X,23.16,23.79,23.04,23.07,23.07,22353,520765.00,70
BSE,BHARATCOAL,INE05XR01022,B,34.12,34.43,34.00,34.22,34.09,613370,20986542.00,1993
BSE,BHARATFORG,INE465A01025,A,2215.00,2215.00,2178.05,2180.80,2197.00,29521,64600233.00,2058
BSE,BHARATGEAR,INE561C01019,T,116.20,116.20,116.20,116.20,122.30,10174,1182218.00,141
BSE,BHARATRAS,INE838B01021,B,1338.50,1388.00,1335.00,1340.65,1338.50,3324,4518162.00,310
BSE,BHARATROHAN,INE0QMV01017,M,135.00,135.00,118.00,126.00,126.25,7200,904120.00,9
BSE,BHARATSE,INE415D01024,B,224.75,237.25,219.25,231.60,222.80,141258,32724688.00,2311
BSE,BHARATWIRE,INE316L01019,B,202.80,205.40,200.10,200.50,202.65,7370,1499868.00,228
BSE,BHARTIARTL,INE397D01024,A,1974.45,1974.50,1940.90,1956.50,1951.00,105790,206909820.00,4693
BSE,BHARTIHEXA,INE343G01021,A,1641.75,1655.50,1607.90,1622.75,1649.45,5597,9107028.00,704
BSE,BHASKAGR,INE972C01018,X,112.00,119.65,112.00,115.25,113.60,1146,133311.00,46
BSE,BHATIA,INE341Z01025,X,23.85,23.85,23.02,23.05,23.09,25309,585397.00,137
BSE,BHAVIK,INE18PB01017,M,154.30,154.30,144.25,144.25,154.30,3000,442800.00,3
BSE,BHEL,INE257A01026,A,411.30,412.75,406.40,407.00,407.60,200155,82004527.00,3137
BSE,BHILSPIN,INE436C01014,X,129.90,129.90,120.10,128.10,127.15,2747,345036.00,57
BSE,BHUDEVI,INE432N01010,XT,144.10,148.50,134.50,148.50,141.45,6409,937269.00,68
BSE,BI,INE986A01012,B,62.00,62.33,60.00,60.86,61.53,3822,235219.00,41
BSE,BIBCL,INE994B01014,B,15.99,16.37,15.99,16.18,15.87,9858,158540.00,97
BSE,BIGBLOC,INE412U01025,B,45.45,47.94,44.47,46.53,45.89,9543,438303.00,156
BSE,BIHSPONG,INE819C01011,X,12.95,12.95,11.85,12.36,12.05,22855,278469.00,148
BSE,BIKAJI,INE00E101023,A,658.50,658.50,641.60,647.70,649.85,2918,1895398.00,183
BSE,BIL,INE828A01016,B,758.45,832.00,754.70,793.65,765.80,1266,993434.00,106
BSE,BILVYAPAR,INE071A01013,T,3.94,4.12,3.93,4.03,4.08,2411,9579.00,14
BSE,BIOCON,INE376G01013,A,425.25,426.85,421.70,425.15,423.00,948128,401688897.00,3420
BSE,BIOFILCHEM,INE829A01014,B,33.15,33.40,32.64,32.81,33.38,187,6155.00,11
BSE,BIOGEN,INE703D01023,X,0.29,0.30,0.28,0.29,0.29,5672725,1669455.00,1188
BSE,BIRET,INE0FDU25010,IF,342.00,343.75,341.81,342.55,342.69,18751,6424110.00,605
BSE,BIRLACABLE,INE800A01015,T,225.65,225.65,225.65,225.65,214.95,15836,3573393.00,190
BSE,BIRLACORPN,INE340A01012,A,906.10,906.10,888.85,903.60,906.20,4321,3873721.00,452
BSE,BIRLAMONEY,INE865C01022,B,135.25,135.95,134.00,134.00,133.95,2676,362223.00,92
BSE,BIRLANU,INE557A01011,B,1345.15,1369.00,1341.55,1359.40,1342.35,578,780430.00,89
BSE,BIRLAPREC,INE372E01025,B,35.42,35.42,33.50,34.60,34.56,1697,58050.00,22
BSE,BITS,INE839A01021,X,7.49,7.49,7.05,7.40,7.45,52494,383255.00,246
BSE,BIZOTIC,INE0OJ401014,M,560.00,560.00,537.05,544.30,564.80,1600,876420.00,7
BSE,BKV,INE356C01022,X,9.39,9.39,9.39,9.39,9.48,20,187.00,1
BSE,BLACKBUCK,INE0UIZ01018,A,552.00,557.55,545.00,546.60,549.00,15985,8771102.00,531
BSE,BLACKROSE,INE761G01016,T,114.00,115.30,110.00,112.25,114.25,9578,1079421.00,135
BSE,BLAL,INE0N7W01012,B,173.60,174.40,171.20,172.15,173.65,799,138282.00,27
BSE,BLBLIMITED,INE791A01024,B,15.77,15.89,15.30,15.50,15.39,4686,72432.00,41
BSE,BLIL,INE525F01025,B,70.99,71.10,70.36,70.78,70.87,6154,435156.00,235
BSE,BLISSGVS,INE416D01022,T,479.65,488.95,472.10,488.95,465.70,12188,5883221.00,194
BSE,BLKASHYAP,INE350H01032,B,54.26,54.55,54.05,54.47,54.14,4766,259162.00,54
BSE,BLOIN,INE373E01015,X,32.85,32.85,31.31,32.69,32.94,478,15192.00,14
BSE,BLS,INE153T01027,A,254.20,254.25,247.20,247.90,250.65,71839,18040266.00,1258
BSE,BLSE,INE0NLT01010,B,302.40,304.80,292.80,302.00,299.65,40559,12187090.00,726
BSE,BLUECHIPT,INE472D01017,X,118.40,122.95,118.35,122.50,118.35,441,53806.00,9
BSE,BLUECLOUDS,INE373T01047,B,20.05,20.17,19.80,19.85,19.78,887144,17672086.00,2675
BSE,BLUEDART,INE233B01017,A,5378.00,5433.80,5347.00,5367.65,5429.75,2434,13092530.00,477
BSE,BLUEJET,INE0KBH01020,A,586.95,612.20,581.00,582.00,589.40,105755,62911459.00,1691
BSE,BLUESTARCO,INE472A01039,A,1741.15,1741.15,1678.05,1684.90,1727.00,16453,28096562.00,1734
BSE,BLUESTONE,INE304W01038,A,794.10,864.00,788.20,851.05,803.15,847432,706325276.00,13943
BSE,BLUSPRING,INE0U4101014,B,116.30,116.30,110.70,111.15,114.90,25932,2930838.00,338
BSE,BMBMUMG,INE644K01016,XT,7.22,7.22,7.20,7.20,6.89,77,554.00,3
BSE,BMW,INE374E01021,X,51.94,52.80,51.35,52.01,51.32,199952,10442731.00,864
BSE,BMWVENTLTD,INE965W01036,B,58.00,58.00,57.00,57.29,57.79,4735,271113.00,133
BSE,BNAGROCHEM,INE00HZ01011,T,275.30,276.00,273.20,273.20,286.90,1018,279322.00,8
BSE,BNRSEC,INE710D01028,X,18.21,19.75,18.20,19.36,17.85,192333,3663961.00,648
BSE,BNRUDY,INE355C01016,X,39.25,39.50,36.22,39.50,38.30,653,25442.00,26
BSE,BODALCHEM,INE338D01028,T,74.80,75.98,71.61,72.57,73.40,34180,2533770.00,189
BSE,BODHTREE,INE104F01029,X,16.50,16.50,15.70,16.00,16.50,13152,212960.00,40
BSE,BOMBCYC,INE691K01017,X,1607.95,1607.95,1607.95,1607.95,1560.00,1,1607.00,1
BSE,BOMBWIR,INE089T01023,X,44.41,47.89,44.41,45.62,44.37,3741,168374.00,43
BSE,BOMDYEING,INE032A01023,B,122.30,123.50,121.30,121.90,121.85,14766,1805440.00,292
BSE,BOMOXY-B1,INE01TL01014,X,19560.00,19819.00,19301.00,19700.00,19640.00,35,686767.00,28
BSE,BONDADA,INE0Q8P01029,M,303.00,304.00,298.10,298.60,300.70,70400,21151610.00,287
BSE,BONLON,INE0B9A01018,B,41.50,42.35,40.15,41.56,41.50,7844,325630.00,75
BSE,BORANA,INE16SF01016,B,319.85,327.15,319.85,324.60,318.60,80,25954.00,8
BSE,BOROLTD,INE02PY01013,B,233.00,240.80,233.00,240.60,232.60,8482,2012339.00,247
BSE,BORORENEW,INE666D01022,A,552.50,567.10,552.50,558.95,554.50,26081,14628236.00,813
BSE,BOROSCI,INE02L001032,B,153.80,154.00,145.00,145.80,152.20,25931,3838429.00,711
BSE,BOSCH-HCIL,INE782A01015,B,1381.00,1447.05,1381.00,1441.30,1388.60,4150,5940398.00,434
BSE,BOSCHLTD,INE323A01026,A,41255.00,41550.00,41013.85,41204.05,41253.80,486,20067264.00,234
BSE,BOSTON,INE109B01019,X,5.13,5.14,4.66,5.14,4.90,3359,15657.00,14
BSE,BPAGRI,INE439N01031,B,8.78,9.39,8.78,8.93,8.96,11978,108081.00,123
BSE,BPCL,INE029A01011,A,328.95,328.95,320.75,323.00,323.00,1161607,374936323.00,2479
BSE,BPL,INE110A01019,B,54.61,54.98,53.08,53.64,54.38,5307,287517.00,209
BSE,BPLPHARMA,INE365Y01019,X,1464.70,1496.95,1412.25,1441.70,1464.70,336,489059.00,23
BSE,BRADYM,INE856A01017,X,745.00,755.00,745.00,753.80,730.55,175,131922.00,19
BSE,BRAHMINFRA,INE320I01017,X,167.95,169.00,163.60,164.85,166.30,6292,1041700.00,133
BSE,BRAWN,INE899B01015,X,21.99,21.99,21.99,21.99,21.99,1,21.00,1
BSE,BRGIL,INE00ST01011,M,187.00,189.90,177.05,180.00,185.65,76000,13913600.00,69
BSE,BRIDGESE,INE958C01025,X,19.20,20.90,13.94,18.68,17.42,6099131,119392534.00,3669
BSE,BRIGADE,INE791I01019,A,584.55,585.15,575.90,580.15,581.25,70876,41172327.00,1238
BSE,BRIGHOTEL,INE03NU01014,B,60.71,62.09,60.31,61.68,61.31,11329,688217.00,282
BSE,BRIGHT,INE0OMI01019,M,363.00,370.00,363.00,365.05,362.95,9000,3303693.00,20
BSE,BRIGHTBR,INE630D01010,X,227.05,248.00,224.00,238.90,225.65,3018,707615.00,102
BSE,BRIJLEAS,INE957E01031,X,9.00,9.00,8.41,8.90,9.32,7818,67532.00,28
BSE,BRITANNIA,INE216A01030,A,5529.10,5529.10,5310.85,5310.85,5427.00,35481,193565577.00,8056
BSE,BRNL,INE727S01012,B,18.10,18.37,17.11,17.57,17.62,3090,54946.00,66
BSE,BROACH,INE0SFZ01018,M,18.20,18.20,18.20,18.20,17.98,6000,109200.00,1
BSE,BROOKS,INE650L01011,T,62.95,62.95,60.02,60.02,62.95,2525,155202.00,28
BSE,BRPL,INE319Q01012,B,132.05,133.95,128.50,130.90,132.45,15766,2075289.00,269
BSE,BRRL,INE0IZQ01016,M,890.00,899.50,890.00,899.50,904.00,400,357900.00,2
BSE,BSELALGO,INE395A01016,X,4.16,4.18,4.01,4.04,4.12,139397,566214.00,234
BSE,BSHSL,INE032Z01020,T,86.05,86.05,85.25,85.25,85.81,100,8545.00,2
BSE,BSL,INE594B01012,B,125.50,127.65,124.00,125.90,125.50,102,12713.00,19
BSE,BSOFT,INE836A01035,A,324.00,326.50,316.60,323.25,321.60,186964,59968209.00,4601
BSE,BTML,INE0EEJ01023,B,6.77,6.90,6.63,6.63,6.85,30830,208270.00,44
BSE,BTTL,INE274K01012,T,48.00,48.27,47.30,47.56,48.27,122,5816.00,5
BSE,BUILDPRO,INE24OJ01011,B,1331.85,1379.80,1300.50,1331.55,1343.75,12294,16532586.00,1110
BSE,BUTTERFLY,INE295F01017,B,749.55,749.55,662.85,665.65,734.85,12103,8267962.00,637
BSE,BVCL,INE139I01011,B,42.90,43.10,41.10,41.35,40.91,2800,117222.00,46
BSE,BYKE,INE319B01014,T,35.47,35.47,34.50,34.50,34.13,11776,407026.00,11
BSE,CALCOM,INE216C01010,X,78.50,82.00,78.40,79.73,77.82,11448,924844.00,78
BSE,CALLISTA,INE714Q01014,XT,185.00,185.00,182.80,182.80,186.50,909,166616.00,6
BSE,CALSOFT,INE526B01014,T,21.37,22.74,21.37,22.22,21.88,7935,174198.00,28
BSE,CAMEXLTD,INE198C01010,X,42.00,42.15,42.00,42.15,42.15,80,3366.00,3
BSE,CAMLINFINE,INE052I01032,B,130.40,133.45,129.30,130.55,128.25,25455,3342372.00,430
BSE,CAMPUS,INE278Y01022,A,224.95,224.95,221.00,223.85,223.55,22978,5125580.00,653
BSE,CAMS,INE596I01020,A,793.00,830.00,788.90,806.00,795.50,498492,407695172.00,10960
BSE,CANBK,INE476A01022,A,127.90,128.95,126.30,127.75,127.00,713710,91415740.00,4528
BSE,CANDOUR,INE713D01055,X,80.50,82.50,77.10,77.48,79.21,41551,3295645.00,110
BSE,CANFINHOME,INE477A01020,A,826.95,826.95,807.85,810.40,816.50,34755,28373549.00,344
BSE,CANHLIFE,INE01TY01017,B,154.20,154.25,148.20,148.65,151.65,145307,21802140.00,647
BSE,CANTABIL,INE068L01024,B,248.05,252.10,248.05,248.25,246.20,2984,747494.00,91
BSE,CAPACITE,INE264T01014,B,214.85,221.65,212.85,213.65,213.45,37343,8125694.00,714
BSE,CAPILLARY,INE0ILV01024,B,557.00,584.80,488.00,535.60,495.35,347358,191811689.00,6517
BSE,CAPINVIT,INE0Z8Z23013,IF,74.65,75.50,74.65,75.01,74.64,50613,3802290.00,272
BSE,CAPITALSFB,INE646H01017,B,295.40,298.45,293.50,294.30,295.05,712,210477.00,29
BSE,CAPLIPOINT,INE475E01026,A,2553.35,2611.00,2546.00,2570.40,2563.80,1466,3775279.00,225
BSE,CAPPIPES,INE513R01026,B,9.00,9.37,9.00,9.09,9.08,45883,419708.00,243
BSE,CAPRICORN,INE968E01012,XT,17.80,18.15,17.80,17.80,17.80,81999,1460282.00,36
BSE,CAPRIHANS,INE479A01018,X,73.50,75.25,70.51,72.82,73.50,2215,160937.00,35
BSE,CAPTRUST,INE707C01018,B,19.65,19.65,19.65,19.65,18.72,630,12379.00,27
BSE,CARBORUNIV,INE120A01034,A,1097.20,1097.20,1074.90,1078.30,1097.50,10663,11579338.00,713
BSE,CARERATING,INE752H01013,A,1715.30,1751.00,1707.55,1726.55,1713.80,2026,3519041.00,212
BSE,CARRARO,INE0V7W01012,B,547.90,547.90,538.15,539.10,541.00,1722,931684.00,169
BSE,CARTRADE,INE290S01011,A,2816.20,2820.00,2762.70,2805.45,2803.75,17523,48852784.00,1283
BSE,CARYSIL,INE482D01024,B,1184.95,1207.20,1171.50,1178.10,1189.20,5283,6323247.00,567
BSE,CASPIAN,INE176N01039,XT,34.37,34.60,33.10,34.32,34.14,928,31437.00,30
BSE,CASTROLIND,INE172A01027,A,186.95,189.00,186.40,187.00,185.75,105194,19760966.00,1503
BSE,CATVISION,INE660B01011,X,20.54,20.54,19.32,20.18,20.14,657,13171.00,13
BSE,CBPL,INE07QQ01016,M,37.50,39.36,37.50,39.36,37.50,2000,76860.00,2
BSE,CCAL,INE0M7501019,MT,31.02,31.02,31.02,31.02,29.55,12000,372240.00,2
BSE,CCAVENUE,INE483S01020,A,17.58,17.69,16.85,16.98,17.63,1501034,26032631.00,3059
BSE,CCCL,INE429I01024,B,15.73,16.45,15.63,15.81,15.65,44166,706971.00,94
BSE,CCDL,INE187R01029,XT,1.12,1.21,1.12,1.14,1.17,178827,203827.00,170
BSE,CCHHL,INE652F01027,B,13.00,13.00,12.81,12.83,13.01,554,7116.00,16
BSE,CCL,INE421D01022,A,1157.70,1157.70,1107.00,1121.65,1148.45,8546,9624641.00,798
BSE,CCLINTER,INE778E01031,X,23.50,24.45,23.05,23.39,23.56,827,19489.00,20
BSE,CCME,INE194N01016,XT,99.25,99.25,99.25,99.25,104.45,377,37417.00,11
BSE,CDG,INE198N01017,XT,273.60,273.60,259.95,260.05,273.60,2772,722858.00,29
BSE,CEATLTD,INE482A01020,A,3560.00,3620.00,3525.00,3611.95,3539.90,5478,19602113.00,808
BSE,CEEJAY,INE358C01010,X,179.75,179.75,179.75,179.75,174.00,2,359.00,2
BSE,CEENIK,INE418D01010,XT,254.00,261.00,253.25,260.95,252.30,560,143677.00,16
BSE,CEETAIN,INE760J01012,X,36.00,40.90,36.00,40.79,38.80,820,31746.00,15
BSE,CEIGALL,INE0AG901020,B,351.05,351.05,338.00,339.30,345.20,6604,2261132.00,293
BSE,CEINSYS,INE016Q01014,B,836.00,872.00,832.50,860.35,832.50,8558,7316410.00,532
BSE,CELEBRITY,INE185H01016,B,7.04,7.04,7.04,7.04,7.05,10,70.00,1
BSE,CELLA,INE266H01014,Z,24.50,26.40,24.50,25.68,25.45,22182,559921.00,150
BSE,CELLO,INE0LMW01024,A,349.65,349.65,342.90,344.90,345.70,20098,6935733.00,738
BSE,CEMAINFRA,INE222B01028,X,4.56,4.78,4.35,4.78,4.56,1034,4507.00,6
BSE,CEMPRO,INE686A01026,A,1335.55,1363.00,1297.20,1328.25,1365.45,54464,71804255.00,3142
BSE,CENLUB,INE627F01011,X,207.40,207.40,193.10,199.75,200.25,8895,1760063.00,278
BSE,CENTENKA,INE485A01015,B,624.65,629.95,616.00,618.55,621.25,6098,3803195.00,186
BSE,CENTEXT,INE281A01026,B,20.73,23.88,19.71,23.66,19.90,158380,3623975.00,573
BSE,CENTRALBK,INE483A01010,A,31.42,31.53,31.17,31.25,31.47,449507,14076613.00,1999
BSE,CENTRUM,INE660C01027,B,24.26,25.00,23.61,23.68,23.91,45063,1098334.00,212
BSE,CENTUM,INE320B01020,B,3670.85,3739.70,3652.60,3704.10,3672.85,2530,9345259.00,497
BSE,CENTUPLE,INE396H01019,X,36.99,37.68,35.35,37.59,34.26,9471,348814.00,42
BSE,CENTURYPLY,INE348B01021,A,773.05,776.35,765.65,770.55,772.60,2417,1863748.00,171
BSE,CERA,INE739E01017,A,6270.00,6348.60,6235.75,6310.60,6261.40,449,2829412.00,110
BSE,CEREBRAINT,INE345B01019,Z,2.98,3.04,2.97,3.00,2.98,30187,90538.00,29
BSE,CESC,INE486A01021,A,165.65,167.50,164.20,164.80,165.95,36492,6051921.00,806
BSE,CEWATER,INE037Z01029,B,286.50,287.55,279.00,279.35,286.40,9409,2676614.00,458
BSE,CFEL,INE700F01024,X,31.80,31.80,30.50,31.55,31.21,28649,897224.00,110
BSE,CFF,INE0NJ001013,M,1017.00,1017.00,990.05,1005.85,1016.60,23800,23856470.00,113
BSE,CGCL,INE180C01042,A,227.35,232.25,227.35,228.75,227.20,113694,26174084.00,1618
BSE,CGPOWER,INE067A01029,A,849.05,882.20,843.20,880.00,850.00,609298,531385132.00,12329
BSE,CGVAK,INE084D01010,X,163.95,172.85,157.15,170.55,159.55,3407,563374.00,122
BSE,CHALET,INE427F01016,A,823.55,837.70,814.60,826.50,821.40,56396,46579488.00,515
BSE,CHALLANI,INE807A01010,X,19.41,19.41,19.41,19.41,19.41,5,97.00,1
BSE,CHAMBLFERT,INE085A01013,A,457.95,457.95,450.00,454.55,454.90,14901,6746504.00,435
BSE,CHANDNIMACH,INE01GZ01011,XT,111.00,111.00,104.00,105.05,105.75,2134,225662.00,76
BSE,CHANDRAP,INE368D01025,X,12.05,12.06,11.25,11.85,12.00,15912,187373.00,57
BSE,CHANDRIMA,INE371F01024,X,7.35,7.40,7.35,7.38,7.28,74872,552824.00,105
BSE,CHATHA,INE0AH901011,M,97.50,98.45,92.50,96.00,95.58,28000,2687360.00,27
BSE,CHDCHEM,INE043U01010,X,5.03,5.50,5.03,5.14,5.17,3008,15501.00,13
BSE,CHEMBOND,INE995D01025,T,170.10,177.00,170.10,177.00,169.90,811,139697.00,7
BSE,CHEMBONDCH,INE0TGX01019,T,232.30,232.30,220.10,225.00,227.30,1067,240227.00,14
BSE,CHEMCON,INE03YM01018,T,193.00,193.75,193.00,193.75,184.55,12460,2413597.00,98
BSE,CHEMCRUX,INE298W01016,B,102.99,102.99,96.30,100.80,99.46,14445,1453547.00,400
BSE,CHEMKART,INE0VWL01017,MT,194.00,194.00,191.90,192.00,202.00,5400,1040490.00,8
BSE,CHEMPLASTS,INE488A01050,B,196.40,198.00,194.30,194.75,196.55,16892,3310097.00,938
BSE,CHEMTECH,INE212P01011,X,71.77,71.78,68.00,68.43,71.37,14204,983169.00,126
BSE,CHENFERRO,INE777O01016,X,80.00,81.25,78.50,79.69,77.81,326,26066.00,56
BSE,CHENNPETRO,INE178A01016,A,1344.95,1350.00,1301.00,1326.70,1324.70,129891,171435375.00,4851
BSE,CHEVIOT,INE974B01016,B,1129.05,1141.80,1129.05,1133.00,1129.00,140,158266.00,11
BSE,CHIRAHARIT,INE12P101018,M,8.50,8.50,7.75,7.82,8.60,24000,193020.00,4
BSE,CHLLTD,INE790D01020,X,29.00,29.10,28.95,28.95,29.10,208,6042.00,5
BSE,CHLOGIST,INE558F01026,X,5.74,5.80,5.55,5.80,5.60,97845,561783.00,80
BSE,CHMBBRW,INE417N01011,XT,47.69,47.69,47.69,47.69,46.76,17988,857847.00,20
BSE,CHOICEIN,INE102B01014,A,827.85,830.65,821.90,824.75,827.20,6538,5398407.00,242
BSE,CHOKSI,INE865B01016,X,243.00,250.00,233.00,234.50,250.25,4905,1167424.00,103
BSE,CHOKSILA,INE493D01013,XT,116.00,122.85,115.00,122.55,117.00,2379,288621.00,47
BSE,CHOLAFIN,INE121A01024,A,1890.45,1890.45,1864.20,1872.25,1877.00,682590,1279369646.00,3060
BSE,CHOLAHLDNG,INE149A01033,A,1566.00,1573.30,1543.00,1545.80,1574.35,4487,6999059.00,472
BSE,CHORDIA,INE975C01011,X,68.71,68.71,68.71,68.71,68.50,39,2679.00,1
BSE,CHOWGULSTM,INE490A01015,X,22.65,22.65,22.50,22.50,22.64,512,11572.00,11
BSE,CHROME,INE114E01013,X,44.90,44.90,40.20,40.96,43.87,787,32166.00,24
BSE,CHTR,INE1B4801017,M,45.25,53.28,45.25,51.27,49.72,14400,732240.00,12
BSE,CIANAGRO,INE052V01019,T,1430.00,1439.00,1395.00,1401.55,1411.00,19024,26709171.00,1293
BSE,CIEINDIA,INE536H01010,A,418.15,418.15,410.00,410.80,419.40,12382,5127165.00,956
BSE,CIFL,INE345H01024,B,21.80,22.44,21.31,22.31,20.68,80213,1722113.00,674
BSE,CILSEC,INE830A01012,X,36.99,36.99,35.09,36.97,35.36,717,26032.00,12
BSE,CINELINE,INE704H01022,B,88.62,90.00,88.45,90.00,88.70,1934,173037.00,121
BSE,CINEVISTA,INE039B01026,B,14.91,15.31,14.85,15.31,14.90,563,8410.00,13
BSE,CIPLA,INE059A01026,A,1476.45,1476.45,1449.90,1450.00,1469.00,445301,649174154.00,2605
BSE,CITADEL,INE906D01014,X,36.46,36.46,34.52,35.01,35.00,8405,302363.00,29
BSE,CITIPOR,INE494D01011,X,42.43,42.43,42.00,42.00,40.41,16,672.00,4
BSE,CITIUSINVT,INE2Q7823014,IF,109.69,110.00,108.63,109.45,109.69,1871,205261.00,56
BSE,CITIZEN,INE473L01018,X,298.00,298.00,294.00,294.00,300.00,119,35026.00,7
BSE,CITYSQUARE,INE1DRH01011,MT,112.90,112.90,112.90,112.90,118.80,800,90320.00,1
BSE,CJGEL,INE557D01015,XT,17.20,18.91,17.20,18.71,18.01,651,12278.00,7
BSE,CLARA,INE0JJS01014,M,33.50,33.50,33.50,33.50,33.00,12450,417075.00,1
BSE,CLEAN,INE227W01023,A,771.15,781.30,764.15,775.10,763.85,156672,121454697.00,2293
BSE,CLEANMAX,INE647U01026,B,1356.00,1360.00,1310.00,1324.60,1354.75,20894,27667337.00,1086
BSE,CLEDUCATE,INE201M01029,T,56.55,58.56,56.52,56.80,59.20,180,10396.00,7
BSE,CLFL,INE949C01016,X,59.79,59.79,56.24,58.62,59.20,1086,64047.00,10
BSE,CLIOINFO,INE011B01017,XT,14.49,14.49,14.05,14.43,13.80,30386,439838.00,113
BSE,CLSEL,INE419D01026,B,292.30,296.75,288.00,291.00,292.15,2073,601251.00,122
BSE,CMBL,INE850R01014,X,49.51,49.51,46.00,46.00,47.20,60,2888.00,8
BSE,CMLL,INE11XY01018,B,564.30,576.95,558.00,566.10,568.50,107749,60926476.00,1816
BSE,CMMHOSP,INE889F01017,X,38.89,38.89,37.30,38.49,37.04,3546,134242.00,30
BSE,CMPDI,INE05HV01027,B,249.70,250.55,245.90,247.20,247.35,92102,22888097.00,1187
BSE,CMRGREEN,INE00WV01027,B,224.00,229.25,222.00,228.80,222.20,63979,14491304.00,1180
BSE,CMSINFO,INE925R01014,A,275.10,280.40,273.00,278.95,275.30,25168,6996379.00,979
BSE,CMXLTD,INE027F01014,X,18.40,18.40,17.32,17.41,18.23,9562,166355.00,67
BSE,CNCRD,INE0N0J01014,M,2593.95,2614.00,2524.95,2602.95,2594.15,7900,20418225.00,105
BSE,CNINFOTECH,INE0WXM01011,M,93.00,93.00,90.20,90.20,92.71,14000,1287484.00,17
BSE,CNL,INE985W01018,B,1015.90,1079.80,988.50,1058.15,1014.85,12774,13191752.00,755
BSE,COALINDIA,INE522F01014,A,415.95,417.60,413.35,414.35,414.45,131736,54792825.00,3287
BSE,COARO,INE229E01019,P,29.31,29.31,29.30,29.30,30.84,200,5861.00,2
BSE,COASTCORP,INE377E01024,B,53.96,53.96,47.77,48.75,51.50,20015,978202.00,327
BSE,COCHINM,INE105D01013,X,252.00,260.30,247.10,249.70,252.05,3433,875390.00,121
BSE,COCHINSHIP,INE704P01025,A,1442.00,1455.50,1430.00,1430.00,1440.00,41654,60035306.00,2274
BSE,COCHMAL,INE788M01017,X,137.60,152.00,137.60,152.00,138.00,201,29317.00,6
BSE,COCKERILL,INE515A01019,B,9002.60,9133.20,8892.85,8978.85,9002.55,611,5500121.00,193
BSE,COFFEEDAY,INE335K01011,T,33.00,33.48,33.00,33.48,31.89,34162,1135201.00,58
BSE,COFORGE,INE591G01025,A,1771.95,1772.00,1735.00,1745.00,1766.05,46385,81029103.00,3697
BSE,COHANCE,INE03QK01018,A,425.30,428.30,422.00,425.20,425.00,21322,9062122.00,617
BSE,COLINZ,INE923C01011,XT,80.50,80.50,78.00,78.00,78.43,920,72787.00,21
BSE,COLORCHIPS,INE621I01042,X,10.64,10.94,10.10,10.75,10.69,1658,17215.00,34
BSE,COLPAL,INE259A01022,A,2081.00,2081.00,2014.00,2026.00,2058.90,12168,24724132.00,1936
BSE,COMCL,INE456N01019,XT,15.69,15.69,14.62,14.69,15.34,1085,16057.00,28
BSE,COMFINCAP,INE274M01026,X,7.36,7.73,7.36,7.49,7.38,6827,51092.00,55
BSE,COMFINTE,INE819A01049,B,6.72,6.96,6.36,6.41,6.88,176623,1190728.00,176
BSE,COMPEAU,INE823B01015,X,361.05,365.05,350.45,352.35,353.20,6743,2406224.00,103
BSE,COMPINFO,INE070C01037,Z,1.18,1.18,1.13,1.15,1.18,8940,10146.00,13
BSE,COMPUPN,INE607B01012,X,3.36,3.46,3.17,3.30,3.36,5005,16516.00,79
BSE,COMPUSOFT,INE453B01029,B,13.34,13.51,13.19,13.26,13.51,895,12011.00,25
BSE,COMRADE,INE0NXA01015,MT,44.12,44.12,44.12,44.12,44.20,2000,88240.00,2
BSE,COMSYN,INE073V01015,B,210.00,215.05,207.00,210.60,209.80,11475,2428666.00,259
BSE,CONART,INE714D01020,X,89.97,89.97,83.66,86.44,87.29,3953,337950.00,76
BSE,CONCOR,INE111A01025,A,526.95,526.95,514.55,517.00,522.80,76649,39798899.00,3932
BSE,CONCORD,INE858L01010,X,71.35,72.80,71.00,71.23,70.26,3473,249631.00,54
BSE,CONCORDBIO,INE338H01029,A,1440.30,1464.05,1414.25,1421.30,1412.55,8418,12048318.00,661
BSE,CONFIPET,INE552D01024,B,84.28,84.48,80.01,82.04,83.78,215513,17646287.00,2001
BSE,CONTAINER,INE319U01022,X,17.79,17.79,17.00,17.00,17.84,160,2802.00,7
BSE,CONTCHM,INE423K01015,X,59.00,59.00,56.05,56.05,59.00,130,7367.00,7
BSE,CONTICON,INE545B01022,X,12.00,12.00,10.93,12.00,11.50,18815,223052.00,25
BSE,CONTILI,INE080G01029,X,21.06,22.50,20.65,21.06,21.06,700,14843.00,20
BSE,CONTPTR,INE369D01023,X,80.10,83.39,78.31,80.35,82.42,4080,326668.00,32
BSE,CONTROLPR,INE663B01015,B,575.50,589.90,571.35,574.90,572.10,1991,1147602.00,257
BSE,CORALAB,INE683E01017,XT,558.15,575.00,558.15,575.00,557.90,391,220778.00,13
BSE,CORALFINAC,INE558D01021,B,33.73,33.73,32.03,33.03,33.87,258,8565.00,25
BSE,CORDELIA,INE0LZF01013,B,819.75,827.80,807.60,819.20,812.05,14028,11414614.00,679
BSE,CORDSCABLE,INE792I01017,T,212.35,222.95,212.35,222.95,212.35,5820,1290729.00,126
BSE,COROENGG,INE312J01012,X,51.00,52.65,50.70,50.70,50.71,2092,106459.00,24
BSE,COROMANDEL,INE169A01031,A,2117.65,2135.50,2095.55,2114.55,2116.45,8045,16999069.00,951
BSE,CORONA,INE02ZQ01018,B,2135.00,2261.40,2135.00,2166.60,2105.30,7706,16840312.00,795
BSE,COSCO,INE949B01018,X,191.60,195.80,187.60,189.15,194.10,220,42009.00,21
BSE,COSMICCRF,INE0ORA01015,MT,1519.95,1519.95,1385.80,1398.45,1458.70,8700,12398285.00,83
BSE,COSMOFE,INE124B01018,XT,204.00,220.00,200.00,207.80,210.00,8669,1808946.00,53
BSE,COSMOFIRST,INE757A01017,B,912.00,933.00,909.05,923.20,912.90,9993,9234659.00,575
BSE,COSYN,INE029B01019,X,21.05,21.90,19.45,20.57,21.16,3934,81151.00,69
BSE,COUNCODOS,INE695B01025,B,6.11,6.14,6.00,6.13,6.01,1204,7261.00,11
BSE,COVANCE,INE0R8101016,XT,214.35,214.35,214.35,214.35,225.60,1627,348747.00,43
BSE,CPCAP,INE521J01018,T,112.00,114.90,112.00,114.40,110.05,1079,121046.00,11
BSE,CPEDU,INE0P6P01016,B,207.95,210.80,206.00,210.80,207.10,449,92765.00,54
BSE,CPL,INE536P01021,B,70.98,72.42,70.59,71.50,70.52,4490,319640.00,118
BSE,CPML,INE056001014,M,383.35,383.35,383.35,383.35,403.50,100,38335.00,2
BSE,CPPLUS,INE819V01029,A,3492.70,3550.00,3428.70,3495.35,3413.20,8827,30971902.00,997
BSE,CRAFTSMAN,INE00LO01017,A,10388.20,10430.00,10163.00,10186.65,10308.15,1876,19287718.00,433
BSE,CRAMC,INE218I01013,B,265.15,270.80,260.85,266.45,261.05,28708,7611879.00,879
BSE,CRANEINFRA,INE176L01017,X,12.53,12.70,11.62,11.63,12.55,3050,38178.00,16
BSE,CRANESSOFT,INE234B01023,Z,3.40,3.48,3.30,3.41,3.40,168857,576617.00,92
BSE,CRANEX,INE608B01010,XT,97.00,97.00,93.25,96.44,96.00,3217,307333.00,51
BSE,CRAVATEX,INE145E01017,X,345.95,365.00,339.00,359.20,345.50,1601,567147.00,44
BSE,CRAZY,INE0RBX01014,M,67.00,67.00,63.00,64.78,61.25,24000,1535460.00,8
BSE,CREATIVE,INE146E01015,X,682.95,682.95,608.50,632.80,619.15,729,460320.00,93
BSE,CREATIVEYE,INE230B01021,B,6.36,6.38,6.36,6.38,6.37,160,1019.00,5
BSE,CREDITACC,INE741K01010,A,1557.90,1573.55,1537.05,1556.75,1556.90,3234,5034901.00,349
BSE,CRESCENTIS,INE754C01010,X,107.90,115.50,107.90,115.50,112.95,2486,285128.00,25
BSE,CREST,INE559D01011,B,389.90,391.85,380.60,387.90,389.90,808,311550.00,20
BSE,CRISIL,INE007A01025,A,4424.80,4424.80,4334.00,4354.15,4402.65,1284,5610876.00,260
BSE,CRIZAC,INE0S4R01014,B,198.95,198.95,190.45,192.00,195.80,18318,3546753.00,504
BSE,CROISSANCE,INE587J01027,X,1.40,1.40,1.26,1.26,1.39,230918,295292.00,253
BSE,CROMPTON,INE299U01018,A,266.95,271.00,264.55,266.00,266.00,106197,28410574.00,1543
BSE,CROPSTER,INE293E01031,T,4.85,4.85,4.85,4.85,5.10,1342206,6509699.00,1925
BSE,CRSL,INE716D01033,X,2.22,2.24,2.16,2.19,2.22,408296,895082.00,567
BSE,CRSTCHM,INE293N01016,XT,130.95,130.95,122.35,122.80,125.00,744,93515.00,54
BSE,CRYOGENIC,INE0TL001013,MT,333.50,340.70,333.50,340.70,324.50,44250,15027412.00,39
BSE,CRYSTAL,INE994R01028,XT,2.04,2.06,1.88,1.95,1.97,14937,29462.00,74
BSE,CSBBANK,INE679A01013,A,332.25,332.80,328.00,329.00,332.25,18435,6076069.00,324
BSE,CSL,INE183Q01020,X,12.28,12.28,11.80,12.00,12.13,62730,753344.00,130
BSE,CSLFINANCE,INE718F01018,B,221.00,221.00,215.50,219.10,221.20,873,190615.00,24
BSE,CSM,INE0ZK601013,B,104.90,104.90,100.00,100.20,104.65,37888,3873584.00,285
BSE,CSURGSU,INE405H01018,X,76.62,77.75,76.45,77.75,80.44,304,23294.00,6
BSE,CTCL,INE931X01010,M,250.00,250.00,250.00,250.00,270.00,750,187500.00,1
BSE,CTE,INE627H01017,B,37.90,40.39,37.90,39.87,37.86,8614,341446.00,119
BSE,CTL,INE172D01021,XT,28.35,28.50,27.44,28.47,28.63,29551,829721.00,91
BSE,CUB,INE491A01021,A,204.85,205.55,200.90,201.95,204.05,441411,89246395.00,1808
BSE,CUBEINVIT,INE0NR623014,IF,155.50,157.90,155.50,157.70,156.52,30820,4833492.00,548
BSE,CUBEXTUB,INE144D01012,B,80.50,80.50,78.00,78.79,79.24,4158,326876.00,84
BSE,CUBIFIN,INE717D01023,XT,5.61,5.61,5.61,5.61,5.50,20104,112783.00,37
BSE,CUMMINSIND,INE298A01020,A,5510.70,5594.40,5444.50,5495.00,5497.00,11000,60819155.00,3295
BSE,CUPID,INE509F01029,A,233.20,240.00,233.20,238.00,231.00,3268940,777531383.00,18321
BSE,CUPIDALBV,INE108G01010,XT,27.84,28.00,26.85,27.97,27.82,21501,595715.00,218
BSE,CURAA,INE117B01020,B,73.50,73.50,69.00,69.00,75.60,60,4180.00,5
BSE,CWD,INE0H8H01019,MS,308.00,310.00,301.15,301.95,308.45,23000,7017800.00,28
BSE,CYBELEIND,INE183D01010,X,47.50,47.50,45.05,45.05,47.42,6503,293066.00,39
BSE,CYBERMEDIA,INE278G01037,T,16.50,16.50,16.10,16.10,16.20,253,4074.00,5
BSE,CYBERTECH,INE214A01019,T,140.00,142.45,136.05,140.10,142.90,6368,876916.00,82
BSE,CYIENT,INE136B01020,A,857.80,879.00,857.80,865.80,857.30,32378,28132303.00,1777
BSE,CYIENTDLM,INE055S01018,B,680.50,696.05,663.65,666.65,671.15,43243,29342529.00,1645
BSE,DABUR,INE016A01026,A,421.45,421.45,405.50,408.25,424.40,185234,76345893.00,4220
BSE,DACHEPALLI,INE1F9M01018,MT,76.15,76.15,76.15,76.15,76.15,1200,91380.00,1
BSE,DAICHI,INE928C01010,T,322.45,322.50,312.05,321.90,309.45,45,14491.00,8
BSE,DAIKAFFI,INE789B01018,XT,44.50,46.23,44.50,44.58,44.03,3705,169076.00,33
BSE,DALBHARAT,INE00R701025,A,1806.35,1827.15,1800.00,1800.00,1828.35,1967,3567374.00,283
BSE,DALMIASUG,INE495A01022,B,425.10,426.35,399.05,413.05,414.90,271717,113104516.00,6030
BSE,DAMCAPITAL,INE284H01025,B,156.05,156.05,152.00,153.00,153.40,12895,1987528.00,221
BSE,DAMODARIND,INE497D01022,T,28.21,28.35,28.21,28.35,29.69,75,2122.00,3
BSE,DANLAW,INE310B01013,XT,975.10,1036.75,952.20,1035.20,987.40,10006,10027022.00,338
BSE,DANUBE,INE575D01041,XT,6.93,6.93,6.46,6.51,6.70,63860,422825.00,113
BSE,DARJEELING,INE830S01014,X,14.96,14.96,14.96,14.96,14.25,1132,16934.00,4
BSE,DARSHANORNA,INE671T01028,X,2.19,2.24,2.17,2.19,2.19,10275,22534.00,38
BSE,DATAMATICS,INE365B01017,A,821.95,846.35,821.95,839.15,825.10,6076,5091998.00,457
BSE,DATAPATTNS,INE0IX101010,A,4431.15,4625.00,4431.15,4553.60,4430.80,94595,432567368.00,9023
BSE,DATIWARE,INE673U01014,P,49.87,49.87,49.87,49.87,47.50,100,4987.00,1
BSE,DAULAT,INE108C01019,X,27.12,27.39,25.80,26.20,27.25,1832,47449.00,23
BSE,DAVANGERE,INE179G01029,B,3.21,3.21,3.02,3.10,3.18,620781,1929260.00,324
BSE,DAVIN,INE0Q2L01013,M,28.00,28.00,28.00,28.00,28.00,2000,56000.00,1
BSE,DBCORP,INE950I01011,B,212.95,212.95,209.00,210.65,209.95,3781,796737.00,105
BSE,DBEIL,INE0OPA01027,T,7.32,7.55,7.30,7.40,7.32,27495,204015.00,84
BSE,DBL,INE917M01012,A,444.05,473.00,444.05,468.05,444.75,56760,26446187.00,1322
BSE,DBOL,INE0I3401014,B,103.00,112.50,103.00,108.24,102.48,20782,2247947.00,442
BSE,DBREALTY,INE879I01012,T,113.95,113.95,110.35,112.30,113.45,24565,2769424.00,233
BSE,DBSTOCKBRO,INE921B01025,T,33.51,33.52,33.50,33.50,34.18,17717,593640.00,17
BSE,DCAL,INE385W01011,B,189.90,189.90,186.00,187.75,187.85,6364,1194337.00,165
BSE,DCBBANK,INE503A01015,A,191.45,192.25,189.90,191.70,191.15,32084,6128826.00,554
BSE,DCI,INE0A1101019,B,331.50,348.10,331.50,339.55,338.10,11275,3815423.00,457
BSE,DCM,INE498A01018,T,85.50,85.50,81.68,82.76,85.97,1008,82599.00,39
BSE,DCMFINSERV,INE891B01012,B,5.20,5.35,5.20,5.21,5.22,1875,9760.00,14
BSE,DCMNVL,INE08KP01019,T,146.00,152.45,146.00,151.55,146.00,1879,284175.00,16
BSE,DCMSHRIRAM,INE499A01024,A,1043.35,1043.35,1020.80,1027.05,1028.45,2027,2088101.00,128
BSE,DCMSIL,INE0OU201013,T,74.01,78.96,73.51,78.00,75.48,2402,181641.00,36
BSE,DCMSRIND,INE843D01027,B,41.88,44.66,41.88,44.07,41.38,25493,1116213.00,467
BSE,DCW,INE500A01029,B,47.34,47.34,46.39,46.61,46.69,48512,2265526.00,209
BSE,DCXINDIA,INE0KL801015,B,185.70,185.70,179.70,180.15,183.35,47446,8661361.00,642
BSE,DDEVPLSTIK,INE0HR601026,B,287.45,287.75,283.00,284.05,288.55,14460,4113271.00,324
BSE,DECCAN,INE452W01019,T,13.00,13.48,12.50,13.39,13.00,10123,132142.00,34
BSE,DECCANCE,INE583C01021,B,551.35,595.00,550.30,580.20,554.50,813,477093.00,110
BSE,DECIPHER,INE643N01012,X,6.69,6.69,6.12,6.50,6.70,1173,7560.00,14
BSE,DECNGOLD,INE945F01025,B,206.00,206.95,198.30,199.60,204.20,184593,37369486.00,1263
BSE,DECOMIC,INE907E01010,X,68.99,68.99,68.96,68.96,62.95,203,13998.00,4
BSE,DECPO,INE132E01015,X,30.40,30.40,30.40,30.40,30.40,100,3040.00,1
BSE,DEEDEV,INE841L01016,T,667.00,705.00,658.25,658.25,692.85,9721,6520848.00,284
BSE,DEEP,INE00IY01012,X,35.53,37.00,34.19,35.73,34.67,23643,851071.00,170
BSE,DEEPAI,INE005G01026,XT,2.01,2.03,1.98,2.02,2.01,555782,1115012.00,466
BSE,DEEPAKCHEM,INE0RDM01013,M,83.20,83.85,83.00,83.00,82.30,8000,668016.00,10
BSE,DEEPAKFERT,INE501A01019,A,1582.60,1681.25,1580.00,1600.45,1576.00,123003,202504179.00,5597
BSE,DEEPAKNTR,INE288B01029,A,1714.25,1752.00,1708.90,1715.60,1713.80,22384,38675564.00,1792
BSE,DEEPAKSP,INE272C01013,X,140.00,144.00,138.00,140.05,140.00,4482,627887.00,59
BSE,DEEPINDS,INE0FHS01024,B,647.30,660.50,634.95,653.80,649.15,61510,39902762.00,1535
BSE,DEFRAIL,INE0ZE201010,M,69.00,69.00,69.00,69.00,68.40,1600,110400.00,1
BSE,DEL,INE413F01016,X,128.25,134.00,128.25,134.00,128.25,39,5030.00,8
BSE,DELHIVERY,INE148O01028,A,470.50,477.60,468.90,472.00,474.50,108605,51317567.00,3241
BSE,DELPHIFX,INE726L01027,T,6.72,6.94,6.50,6.90,6.73,6029,39587.00,39
BSE,DELTA,INE681Q01015,X,10.75,10.75,10.27,10.28,10.80,1038,10664.00,5
BSE,DELTACORP,INE124G01033,B,63.09,64.55,63.09,63.70,63.41,59146,3778848.00,522
BSE,DELTAMAGNT,INE393A01011,B,57.40,58.00,57.40,57.46,58.07,1919,110177.00,143
BSE,DEN,INE947J01015,B,28.07,28.07,27.30,27.44,27.72,29121,800606.00,228
BSE,DENISCHEM,INE051G01012,X,69.05,70.80,68.55,68.64,68.85,34894,2419357.00,134
BSE,DENORA,INE244A01016,B,886.85,911.15,877.00,883.20,886.55,276,246644.00,53
BSE,DENTA,INE0R4L01018,B,363.55,371.40,359.00,362.45,364.65,32928,12016604.00,1301
BSE,DESCO,INE0TGG01014,MT,185.10,190.00,182.00,184.65,187.10,14000,2610550.00,27
BSE,DESHRAK,INE971E01016,P,29.50,29.50,29.50,29.50,31.00,100,2950.00,1
BSE,DEVINE,INE455C01014,X,9.00,9.00,9.00,9.00,9.00,6,54.00,2
BSE,DEVIT,INE060X01034,B,26.60,29.00,26.60,27.36,27.18,2699,74264.00,69
BSE,DEVLAB,INE0NIJ01025,M,18.99,18.99,18.59,18.90,17.03,60000,1127440.00,10
BSE,DEVSON,INE2KRP01017,M,235.00,237.95,223.00,229.25,232.75,90000,20549760.00,71
BSE,DEVX,INE0VOV01021,B,34.09,34.28,32.80,34.17,34.38,8091,273959.00,56
BSE,DEVYANI,INE872J01023,A,117.65,120.90,116.35,119.80,116.75,241539,28812320.00,2882
BSE,DFL,INE848N01017,X,35.00,35.50,35.00,35.50,37.50,503,17710.00,7
BSE,DFPL,INE0S6R01027,M,13.80,14.00,13.80,13.92,14.00,58000,809760.00,19
BSE,DGCONTENT,INE03JI01017,B,24.20,24.70,23.33,24.59,24.00,1235,29305.00,18
BSE,DGL,INE01GR01018,MT,1.04,1.04,1.02,1.02,1.04,8000,8240.00,3
BSE,DHABRIYA,INE260R01016,X,434.95,439.50,428.05,430.30,431.15,5344,2312337.00,216
BSE,DHAMPURE,INE956B01013,X,125.95,125.95,120.15,123.10,121.70,2436,297313.00,39
BSE,DHAMPURSUG,INE041A01016,B,144.00,154.70,143.50,151.15,143.60,66190,9965914.00,1178
BSE,DHANBANK,INE680A01011,B,32.36,32.83,32.05,32.11,32.77,57136,1857059.00,298
BSE,DHANROTO,INE220C01012,X,75.90,75.90,73.70,75.49,74.40,150,11320.00,8
BSE,DHANSAFAL,INE195E01020,X,2.35,2.35,2.27,2.28,2.29,17255,39520.00,50
BSE,DHANUKA,INE435G01025,B,1026.95,1026.95,990.95,1006.75,1026.80,4154,4167754.00,312
BSE,DHARAN,INE278R01034,Z,0.19,0.19,0.19,0.19,0.19,307317,58390.00,186
BSE,DHARFIN,INE899D01011,XT,12.00,12.00,10.90,12.00,11.45,250,2904.00,11
BSE,DHARMAJ,INE00OQ01016,B,269.85,270.35,262.95,267.30,269.90,1448,387928.00,117
BSE,DHATRE,INE715T01031,X,4.35,4.35,4.10,4.15,4.14,35735,148848.00,119
BSE,DHENUBUILD,INE758D01027,Z,8.06,8.22,8.06,8.10,8.07,8503,68614.00,55
BSE,DHILLON,INE0SPJ01011,M,30.80,30.80,30.80,30.80,31.10,3200,98560.00,2
BSE,DHINDIA,INE589D01018,X,225.30,225.30,201.80,201.80,224.20,31934,6573647.00,250
BSE,DHOOTIN,INE313G01016,X,249.00,253.00,245.25,249.00,249.70,788,196916.00,39
BSE,DHPIND,INE590D01016,X,511.05,516.95,509.05,509.10,509.40,463,236968.00,38
BSE,DHRUV,INE506Z01015,T,24.41,24.41,24.41,24.41,24.40,2,48.00,1
BSE,DHRUVCA,INE972E01014,X,115.95,115.95,115.95,115.95,122.05,520,60294.00,17
BSE,DHUNINV,INE320L01011,B,900.95,900.95,890.25,890.25,879.80,6,5352.00,2
BSE,DHYAANITR,INE0K5F01014,MT,6.05,6.05,6.05,6.05,5.94,19600,118580.00,6
BSE,DIACABS,INE989C01038,T,310.00,324.05,307.85,316.70,324.05,231908,72294510.00,4843
BSE,DIAMINESQ,INE591D01014,B,241.60,241.60,240.00,240.90,239.95,439,105711.00,22
BSE,DIAMONDYD,INE393P01035,B,1171.70,1177.00,1154.20,1167.80,1154.55,339,396534.00,46
BSE,DIANATEA,INE012E01035,X,24.93,24.95,24.22,24.25,24.88,1322,32875.00,8
BSE,DIDL,INE642P01019,X,10.10,10.10,8.92,8.95,9.90,230,2096.00,6
BSE,DIFFNKG,INE184O01015,B,408.80,430.00,408.80,424.25,405.55,22739,9589372.00,753
BSE,DIGIDRIVE,INE0PSC01024,B,17.75,18.45,17.75,18.09,17.67,362,6566.00,11
BSE,DIGILOGIC,INE1OOT01028,M,143.05,167.00,143.05,162.05,140.30,550800,87058560.00,442
BSE,DIGISPICE,INE927C01020,T,18.18,18.46,17.00,17.09,17.87,36771,638092.00,134
BSE,DIGITIDE,INE0U4701011,B,105.00,105.00,98.00,98.35,99.20,14605,1450075.00,166
BSE,DIGJAMLMTD,INE731U01028,B,48.50,49.74,48.15,49.74,48.50,155,7660.00,4
BSE,DIKSHA,INE1OSI01014,M,120.00,120.00,120.00,120.00,123.50,1200,144000.00,1
BSE,DILIGENT,INE650C01036,X,2.05,2.07,2.01,2.02,2.02,88535,180535.00,113
BSE,DISAQ,INE131C01011,B,12339.00,12698.95,12243.50,12532.15,12340.00,142,1766067.00,50
BSE,DISHTV,INE836F01026,T,2.85,2.86,2.81,2.83,2.85,124535,353173.00,228
BSE,DITCO,INE183R01010,X,12.99,12.99,12.75,12.80,12.52,32323,416126.00,13
BSE,DIVGIITTS,INE753U01022,B,979.85,979.85,955.60,956.65,973.90,878,850329.00,114
BSE,DIVISLAB,INE361B01024,A,8464.95,8464.95,8245.00,8371.00,8322.85,53740,448502152.00,6367
BSE,DIVSHKT,INE410G01010,X,51.00,51.00,49.00,50.79,49.06,50,2546.00,12
BSE,DIXON,INE935N01020,A,13968.10,14085.00,13810.80,13918.60,13800.00,23403,326648888.00,5889
BSE,DJML,INE0B1K01014,B,115.00,115.00,109.75,110.40,113.00,24890,2817550.00,337
BSE,DJSSS,INE234E01027,X,1.67,1.67,1.63,1.65,1.66,6132,10083.00,56
BSE,DKUAL,INE0QXT01018,M,7.73,7.75,7.66,7.75,7.93,14000,107860.00,7
BSE,DLCL,INE871Z01013,M,7.32,7.43,7.31,7.31,7.69,92000,673800.00,18
BSE,DLF,INE271C01023,A,654.90,659.85,644.75,645.00,663.00,626842,407712163.00,4494
BSE,DLINKINDIA,INE250K01012,B,453.00,455.25,437.50,441.00,450.50,4837,2152466.00,299
BSE,DLTNCBL,INE872E01016,X,432.20,444.40,431.90,436.15,429.40,1585,692599.00,71
BSE,DMART,INE192R01011,A,4032.85,4032.85,3971.55,3999.00,4002.00,6635,26524732.00,1218
BSE,DMCC,INE505A01010,B,280.90,284.00,275.00,281.50,279.00,3516,982982.00,219
BSE,DNAMEDIA,INE016M01021,B,2.92,3.10,2.84,2.85,2.87,5291,15088.00,25
BSE,DODLA,INE021O01019,A,1045.90,1053.20,1031.00,1034.25,1046.90,916,951846.00,77
BSE,DOLATALGO,INE966A01022,B,67.51,68.41,67.51,67.97,67.57,13443,913613.00,356
BSE,DOLFIN,INE666Y01010,B,168.00,172.70,168.00,172.40,169.25,1167,199414.00,43
BSE,DOLLAR,INE325C01035,B,265.05,275.40,265.05,271.10,266.45,4676,1264763.00,125
BSE,DOLPHIN,INE920A01037,B,406.00,410.15,399.95,404.35,405.65,693,280776.00,79
BSE,DOMS,INE321T01012,A,2220.95,2260.00,2190.00,2253.50,2286.20,89674,197539107.00,2479
BSE,DONEAR,INE668D01028,B,84.64,85.00,83.79,85.00,84.34,1202,101779.00,19
BSE,DPABHUSHAN,INE266Y01019,B,1420.05,1494.00,1391.10,1484.05,1415.95,2720,3965352.00,297
BSE,DPL,INE0MC401013,M,5.25,5.68,3.95,4.17,4.93,1083000,4769580.00,274
BSE,DPWIRES,INE864X01013,T,160.70,172.00,160.70,168.00,169.00,1029,172451.00,34
BSE,DRA,INE746V01016,M,16.01,17.05,16.01,17.05,18.25,7500,124250.00,3
BSE,DRAGARWQ,INE934C01018,B,5159.70,5403.70,5050.10,5085.85,5009.70,1271,6620869.00,449
BSE,DRCSYSTEMS,INE03RS01027,B,13.79,13.79,13.06,13.60,13.54,5291,71847.00,40
BSE,DREAMFOLKS,INE0JS101016,B,68.00,73.92,66.51,70.40,67.62,44181,3146763.00,880
BSE,DREDGECORP,INE506A01018,B,1093.50,1128.45,1093.50,1120.10,1096.45,6320,7023251.00,586
BSE,DRL,INE193D01019,XT,26.21,28.48,26.05,27.33,27.42,658757,17210729.00,70
BSE,DRONACHRYA,INE0MQD01015,M,35.50,36.72,35.30,36.72,35.19,42000,1517020.00,34
BSE,DRREDDY,INE089A01031,A,1179.65,1179.65,1155.05,1160.65,1169.90,44527,51754592.00,3255
BSE,DSFCL,INE0OFM01015,T,25.57,26.00,25.57,26.00,25.81,11713,300046.00,34
BSE,DSINVEST,INE422D01012,XT,392.00,392.00,392.00,392.00,400.00,1,392.00,1
BSE,DSSL,INE417B01040,B,1246.85,1254.60,1220.00,1236.85,1246.85,1653,2055557.00,180
BSE,DTIL,INE341R01014,B,132.65,132.65,129.10,130.00,132.65,18,2356.00,5
BSE,DUCON,INE741L01018,B,3.05,3.05,2.93,2.97,2.98,56174,168192.00,130
BSE,DUKEOFS,INE397G01019,XT,39.76,39.76,39.50,39.76,38.99,3688,146616.00,22
BSE,DUNCANENG,INE340F01011,X,401.90,401.90,364.05,373.45,404.65,10984,4131199.00,102
BSE,DUROPACK,INE138B01018,X,59.45,59.45,59.45,59.45,59.45,8,475.00,1
BSE,DUROPLY,INE932D01010,X,108.50,109.00,103.95,104.40,106.00,22451,2352404.00,58
BSE,DVL,INE477B01010,B,247.90,248.50,245.15,248.10,244.70,126,31187.00,15
BSE,DWARKESH,INE366A01041,B,39.34,41.55,38.85,41.15,38.96,141563,5751198.00,787
BSE,DYCL,INE600Y01019,B,402.30,405.00,397.00,398.70,401.95,14784,5932561.00,358
BSE,DYNAMATECH,INE221B01012,A,11279.75,11279.75,10695.35,10752.20,10708.30,291,3144799.00,149
BSE,DYNAMICP,INE118C01018,X,17.26,17.26,17.00,17.26,16.44,1538,26544.00,15
BSE,DYNAMIND,INE457C01010,X,109.85,109.85,106.00,108.00,109.00,862,92020.00,13
BSE,DYNAVSN,INE083E01010,X,212.50,212.80,210.10,210.10,215.00,184,38925.00,6
BSE,DYNPRO,INE256H01015,B,270.95,270.95,262.10,264.20,264.40,785,207535.00,22
BSE,E2E,INE255Z01027,B,554.95,570.30,553.60,570.30,543.15,627185,355381161.00,9015
BSE,EARKART,INE1A8F01035,M,139.95,139.95,139.95,139.95,140.00,1000,139950.00,1
BSE,EASEMYTRIP,INE07O001026,B,6.56,6.67,6.54,6.60,6.61,2140277,14121286.00,1892
BSE,EASTINDIA,INE191C01023,XT,104.00,109.20,104.00,106.00,104.00,2364,257259.00,35
BSE,EASTRED,INE500D01015,X,33.00,33.16,30.35,30.86,32.27,5700,181339.00,93
BSE,EASTWEST,INE595R01023,X,2.64,2.64,2.54,2.56,2.60,27805,71349.00,69
BSE,EBGNG,INE18JU01028,B,556.40,556.40,507.95,507.95,534.65,27873,14422192.00,1579
BSE,EBIX,INE432F01032,XT,20.01,20.57,19.40,19.74,20.07,130013,2584555.00,391
BSE,ECLERX,INE738I01010,A,1902.65,1942.90,1885.00,1919.40,1911.55,5023,9654123.00,377
BSE,ECOBOAR,INE866A01016,X,55.25,58.00,55.00,56.03,56.00,4323,240485.00,20
BSE,ECOHOTELS,INE638N01012,XT,11.45,11.56,11.02,11.50,11.01,172929,1987942.00,68
BSE,ECOPLAST,INE423D01010,X,504.00,509.00,490.15,500.00,504.00,336,167567.00,20
BSE,ECORECO,INE316A01038,XT,507.90,507.90,490.00,498.30,497.30,8184,4089178.00,377
BSE,ECOSMOBLTY,INE06HJ01020,T,137.00,137.90,133.50,134.00,134.85,998,135097.00,16
BSE,ECSTSTL,INE315F01013,P,18.86,18.86,18.86,18.86,19.85,200,3772.00,2
BSE,EDELWEISS,INE532F01054,A,117.00,118.80,115.80,117.20,116.25,92903,10914937.00,653
BSE,EDVENSWA,INE125G01014,XT,22.70,23.45,22.10,22.79,23.00,3387,77499.00,40
BSE,EFCIL,INE886D01026,B,193.00,193.90,190.00,190.90,193.90,7496,1443658.00,121
BSE,EFORU,INE355H01015,X,101.40,101.65,92.22,93.27,96.86,6409,610662.00,100
BSE,EICHERMOT,INE066A01021,A,8048.45,8048.45,7868.00,7910.00,8000.00,17884,141815271.00,3749
BSE,EIDPARRY,INE126A01031,A,779.90,808.00,779.90,804.00,780.90,47774,38010866.00,2293
BSE,EIEL,INE0LLY01014,B,223.40,228.50,222.85,224.45,222.45,71904,16233585.00,777
BSE,EIHAHOTELS,INE276C01014,B,313.50,316.90,306.80,315.00,312.25,3972,1245511.00,156
BSE,EIHOTEL,INE230A01023,A,360.00,360.00,326.65,327.10,329.10,8430,2788769.00,180
BSE,EIKO,INE666Q01016,X,49.44,49.44,47.30,48.57,48.78,5411,262219.00,76
BSE,EIMCOELECO,INE158B01016,B,1869.15,1922.70,1832.05,1873.35,1830.30,1383,2582496.00,218
BSE,EKAMLEA,INE906L01025,XT,8.34,8.34,7.89,7.89,8.30,500,4080.00,3
BSE,EKANSH,INE005E01013,X,237.00,237.00,231.20,232.35,239.85,6029,1403909.00,65
BSE,EKC,INE184H01027,B,109.50,110.90,108.70,108.95,109.70,13572,1485512.00,165
BSE,EKI,INE0CPR01018,B,85.55,85.55,81.00,82.75,84.05,16766,1390218.00,494
BSE,ELAND,INE311H01018,X,12.21,13.50,12.21,13.11,12.16,23307,303492.00,41
BSE,ELANGO,INE594D01018,XT,9.51,9.51,9.51,9.51,9.50,100,951.00,1
BSE,ELANTAS,INE280B01018,B,9800.00,9900.00,9730.10,9730.10,9797.10,81,798521.00,26
BSE,ELCIDIN,INE927X01018,B,108057.95,112093.00,108057.95,112093.00,111700.00,3,328256.00,3
BSE,ELECON,INE205B01031,A,428.70,444.05,428.25,429.65,428.80,67978,29643349.00,1795
BSE,ELECTCAST,INE086A01029,A,72.50,72.50,71.16,71.54,71.72,55959,4021454.00,404
BSE,ELECTHERM,INE822G01016,B,1005.50,1015.70,1005.40,1013.70,1004.85,72,72649.00,15
BSE,ELEFLOR,INE152E01013,X,5.13,5.23,4.82,4.88,4.94,46275,228467.00,70
BSE,ELEMARB,INE095B01010,X,178.90,182.95,173.00,175.00,179.00,1186,206209.00,49
BSE,ELFIN,INE1FEW01013,MT,84.00,85.00,84.00,85.00,85.00,6000,507000.00,2
BSE,ELFORGE,INE158F01017,X,18.50,18.74,17.26,17.75,18.32,45752,815776.00,115
BSE,ELGIEQUIP,INE285A01027,A,582.00,596.00,575.95,590.70,581.70,6679,3920156.00,449
BSE,ELIN,INE050401020,B,104.50,104.70,101.00,102.10,102.85,6396,662589.00,88
BSE,ELITECON,INE669R01026,B,17.22,18.94,17.22,18.93,17.22,2456454,46055188.00,5021
BSE,ELIXIR,INE785D01012,X,117.00,120.95,117.00,119.45,117.25,185,22085.00,11
BSE,ELLEN,INE236E01022,B,273.70,284.30,272.85,281.65,272.35,15302,4240594.00,384
BSE,ELNET,INE033C01019,X,329.95,337.90,320.10,334.90,324.05,1406,455389.00,15
BSE,ELPROINTL,INE579B01039,B,178.05,179.30,178.00,178.30,178.20,5225,932797.00,47
BSE,EMAINDIA,INE279D01016,XT,680.00,680.00,673.90,673.90,687.65,804,542270.00,31
BSE,EMAMILTD,INE548C01032,A,410.30,410.30,389.75,392.35,405.90,58674,23256048.00,1646
BSE,EMAMIPAP,INE830C01026,T,119.90,119.90,109.60,113.85,115.05,5599,642399.00,86
BSE,EMAMIREAL,INE778K01012,T,80.80,80.80,78.92,78.92,77.00,55,4419.00,4
BSE,EMBASSY,INE041025011,IF,440.00,443.99,438.09,440.67,443.31,15219,6713015.00,1008
BSE,EMBDL,INE069I01010,A,60.95,61.66,60.60,61.13,60.94,191944,11743736.00,700
BSE,EMCURE,INE168P01015,A,1998.50,1998.50,1956.35,1977.10,1966.40,2400,4751722.00,406
BSE,EMERALD,INE030Q01015,X,52.94,53.70,51.09,53.32,51.28,65107,3434689.00,252
BSE,EMERGENT,INE668L01013,XT,390.00,419.00,380.00,419.00,399.10,149,58020.00,23
BSE,EMIL,INE02YR01019,B,133.15,136.40,131.75,134.10,131.35,197112,26345404.00,2423
BSE,EMKAY,INE296H01011,B,245.35,259.90,245.35,247.35,240.55,4308,1092243.00,183
BSE,EMMBI,INE753K01015,T,83.50,89.00,83.30,88.44,86.40,4748,396992.00,25
BSE,EMMESSA,INE634B01016,X,25.98,25.98,24.34,24.72,25.38,638,15698.00,14
BSE,EMMFORCE,INE0SDC01012,MT,180.00,180.00,180.00,180.00,179.55,2400,432000.00,2
BSE,EMMVEE,INE1C6T01020,B,318.00,325.00,317.45,323.45,319.00,67349,21663626.00,1129
BSE,EMPIND,INE515H01014,X,1079.95,1086.00,1060.00,1068.20,1080.00,1188,1277647.00,95
BSE,EMPOWER,INE507F01023,T,2.69,2.80,2.68,2.69,2.69,1583714,4271552.00,749
BSE,EMROCK,INE554H01021,XT,269.00,269.00,267.00,267.00,269.00,150,40080.00,8
BSE,EMSLIMITED,INE0OV601013,B,420.00,420.00,407.25,408.35,414.20,7263,2971025.00,191
BSE,EMUDHRA,INE01QM01018,B,483.00,518.35,472.00,513.75,477.15,29210,14481291.00,1351
BSE,ENBETRD,INE993I01029,X,0.28,0.29,0.27,0.29,0.28,6665664,1871748.00,452
BSE,ENDURANCE,INE913H01037,A,2776.75,2880.00,2762.10,2841.85,2762.95,7534,21436699.00,1298
BSE,ENERGYDEV,INE306C01019,B,17.00,17.00,16.70,16.70,16.81,1012,17175.00,27
BSE,ENERGYINF,INE05KD23015,IF,74.44,74.65,73.90,74.65,74.14,425000,31583750.00,17
BSE,ENGINERSIN,INE510A01028,A,226.85,228.00,223.85,224.70,226.80,85633,19301474.00,1266
BSE,ENIL,INE265F01028,B,113.55,113.55,108.90,110.40,109.35,1654,183023.00,87
BSE,ENKEIWHEL,INE130L01014,X,373.00,375.00,365.15,373.65,372.55,3938,1461435.00,105
BSE,ENRIN,INE1NPP01017,A,3262.80,3360.00,3262.80,3311.65,3247.90,15639,51918995.00,1593
BSE,ENTERO,INE010601016,B,1228.75,1292.00,1223.45,1235.65,1234.70,5628,7098103.00,534
BSE,ENTRINT,INE439G01019,X,18.61,18.61,18.05,18.05,17.73,211,3926.00,5
BSE,ENVAIREL,INE601C01013,XT,51.50,56.14,51.16,51.17,53.85,4378,225358.00,39
BSE,EPACK,INE0G5901015,B,231.95,233.50,229.00,231.00,229.90,18657,4316829.00,312
BSE,EPACKPEB,INE0MLS01022,B,244.50,272.45,243.00,260.60,243.70,865982,228335962.00,7948
BSE,EPIC,INE932F01015,X,33.97,34.98,33.70,34.46,33.64,1792,61625.00,28
BSE,EPIGRAL,INE071N01016,B,1125.00,1150.65,1095.30,1102.85,1118.25,2338,2612237.00,320
BSE,EPL,INE255A01020,A,230.25,230.25,226.60,227.45,226.60,11608,2642509.00,433
BSE,EPSOMPRO,INE601F01016,XT,8.20,8.20,8.20,8.20,8.31,1,8.00,1
BSE,EPUJA,INE807D01030,X,1.45,1.47,1.38,1.39,1.45,243139,339584.00,111
BSE,EQUIPPP,INE217G01035,T,23.00,23.92,23.00,23.49,23.19,1041,24080.00,10
BSE,EQUITASBNK,INE063P01018,A,77.52,77.52,75.39,76.41,76.05,89527,6807275.00,1073
BSE,ERIS,INE406M01024,A,1389.75,1389.75,1364.00,1373.35,1383.15,2444,3349874.00,243
BSE,ERPSOFT,INE308B01017,X,68.73,68.73,68.73,68.73,68.73,30,2061.00,1
BSE,ESABINDIA,INE284A01012,B,5585.70,5669.50,5584.60,5638.90,5623.20,102,574708.00,52
BSE,ESAFSFB,INE818W01011,B,40.99,43.44,40.80,42.04,40.86,518857,21874940.00,1143
BSE,ESARIND,INE404L01039,X,10.82,11.15,10.80,11.04,10.99,9357,102268.00,57
BSE,ESCORP,INE953W01016,B,100.00,103.25,100.00,102.00,103.00,755,76278.00,7
BSE,ESCORTS,INE042A01014,A,3135.70,3177.60,3080.00,3097.30,3137.95,13803,43256297.00,1555
BSE,ESHAMEDIA,INE328F01016,XT,53.10,53.10,53.10,53.10,54.18,8706,462288.00,27
BSE,ESPIRE,INE176O01011,X,160.00,164.70,158.55,164.50,164.85,309,49783.00,13
BSE,ESSARSHPNG,INE122M01019,B,23.40,23.40,19.99,20.14,20.56,30165,608092.00,329
BSE,ESSENTIA,INE418N01035,T,1.16,1.21,1.16,1.21,1.16,383907,462500.00,206
BSE,ESSEX,INE1IBY01019,MT,41.45,41.45,41.45,41.45,39.62,2000,82900.00,1
BSE,ESTER,INE778B01029,B,86.76,89.29,86.76,87.41,86.78,3242,284089.00,99
BSE,ETERNAL,INE758T01015,A,311.25,312.75,309.00,310.80,310.00,429461,133534548.00,5250
BSE,ETHOSLTD,INE04TZ01018,A,2958.00,3066.80,2819.00,2852.80,2969.25,32753,97287325.00,3819
BSE,ETIL,INE937K01014,X,6.51,6.51,6.04,6.46,6.64,1370,8769.00,17
BSE,EUREKAFORB,INE0KCE01017,A,451.20,476.15,451.20,460.95,453.40,7908,3668862.00,252
BSE,EUREKAI,INE958A01011,XT,6.72,6.72,6.72,6.72,7.07,3782,25415.00,23
BSE,EUROBOND,INE505V01016,B,164.70,168.75,160.05,161.50,158.25,934,152311.00,46
BSE,EUROLED,INE940E01011,X,16.50,17.50,16.00,17.38,16.68,3490,58320.00,38
BSE,EUROPRATIK,INE198501012,B,300.90,323.40,300.90,317.30,301.65,34250,10448108.00,213
BSE,EUROTEXIND,INE022C01012,T,14.52,14.52,14.52,14.52,14.81,100,1452.00,1
BSE,EVANS,INE06TD01010,M,66.00,69.00,66.00,69.00,64.00,4000,270000.00,4
BSE,EVEREADY,INE128A01029,B,349.15,356.25,349.15,354.70,356.25,4325,1524430.00,150
BSE,EVERESTIND,INE295A01018,T,460.00,476.90,460.00,469.00,461.05,1057,492110.00,31
BSE,EVERESTO,INE334C01029,X,338.00,339.00,298.15,299.75,305.50,2001,611155.00,50
BSE,EVEXIA,INE313M01030,XT,1.49,1.50,1.42,1.44,1.49,2808414,4029759.00,765
BSE,EVOQ,INE0JVD01011,MT,1.85,1.85,1.73,1.75,1.77,124000,224600.00,27
BSE,EXATO,INE1E4401010,MT,572.00,609.05,572.00,609.05,580.05,28500,17112025.00,44
BSE,EXCELINDUS,INE369A01029,B,1019.00,1055.00,1014.75,1049.80,1015.20,1024,1065462.00,159
BSE,EXCELSOFT,INE606N01019,B,83.22,85.39,81.01,81.57,82.96,21467,1787414.00,304
BSE,EXHICON,INE0O8901016,M,496.50,497.00,490.05,491.45,491.85,8000,3951950.00,31
BSE,EXICOM,INE777F01014,B,164.60,168.85,162.65,165.60,164.05,116158,19317015.00,1861
BSE,EXIDEIND,INE302A01020,A,447.65,460.00,441.85,458.45,444.25,236316,106636636.00,5287
BSE,EXPLEOSOL,INE201K01015,B,801.60,819.75,801.60,813.35,807.50,4503,3633152.00,254
BSE,EXPOEAPL,INE561D01025,X,75.70,77.90,73.35,74.00,73.00,20920,1555415.00,71
BSE,EXXARO,INE0GFE01026,B,6.16,6.24,6.06,6.12,6.17,38923,240876.00,90
BSE,FAALCON,INE0Q9W01015,M,39.56,39.56,39.56,39.56,39.50,2000,79120.00,1
BSE,FABCLEAN,INE0HSD01011,MT,405.00,405.00,391.50,391.50,392.70,800,318600.00,2
BSE,FABTECH,INE0HF201011,B,152.55,152.85,150.60,151.95,149.50,5374,813582.00,125
BSE,FACORALL,INE828G01013,XT,3.44,3.58,3.41,3.53,3.48,92702,322020.00,112
BSE,FACT,INE188A01015,B,841.65,849.30,837.60,842.95,843.40,13277,11201368.00,655
BSE,FAIRCHEMOR,INE0DNW01011,T,809.70,809.70,779.50,779.50,793.85,3261,2586178.00,25
BSE,FAMILYCARE,INE146N01016,X,2.73,2.84,2.65,2.80,2.69,101083,275397.00,220
BSE,FAZE3Q,INE963C01033,B,540.25,547.90,540.00,544.20,554.95,582,315790.00,39
BSE,FCL,INE045J01034,B,39.54,39.55,38.30,38.45,39.31,496786,19223933.00,1679
BSE,FCSSOFT,INE512B01022,B,1.51,1.51,1.47,1.49,1.49,300253,445885.00,182
BSE,FDC,INE258B01022,B,405.00,407.00,401.00,403.00,403.05,3591,1450912.00,144
BSE,FEDDERSHOL,INE417D01020,B,42.01,43.00,41.57,41.73,42.31,10516,442724.00,106
BSE,FEDERALBNK,INE171A01029,A,364.95,364.95,357.50,362.45,362.00,200914,72342100.00,3179
BSE,FEDFINA,INE007N01010,B,150.50,150.60,148.50,148.90,150.40,73060,10927342.00,985
BSE,FEL,INE623B01027,Z,0.49,0.49,0.49,0.49,0.49,2965,1452.00,6
BSE,FERMENTA,INE225B01021,B,516.20,551.25,516.20,546.75,511.60,31083,16729158.00,1706
BSE,FERVENTSYN,INE258M01011,X,15.50,15.50,14.52,15.23,15.02,643,9640.00,15
BSE,FGP,INE512A01016,X,11.64,12.50,11.64,11.69,12.12,3626,43378.00,27
BSE,FIBERWEB,INE296C01020,B,29.49,29.49,29.05,29.15,29.30,2029,59262.00,14
BSE,FIEMIND,INE737H01014,B,2368.95,2368.95,2309.75,2327.80,2332.15,2055,4771449.00,358
BSE,FILATEX,INE816B01035,B,77.11,80.25,76.25,78.96,76.79,310454,24186560.00,1950
BSE,FILATFASH,INE185E01021,T,0.19,0.19,0.19,0.19,0.19,566922,107715.00,158
BSE,FILME,INE600B01033,XT,1.60,1.60,1.46,1.49,1.53,42856,63483.00,63
BSE,FILTRA,INE541R01019,M,58.99,58.99,58.99,58.99,59.00,2000,117980.00,1
BSE,FILTRON,INE589N01017,XT,70.42,70.42,70.42,70.42,69.04,1209,85137.00,9
BSE,FINCABLES,INE235A01022,A,995.05,1007.50,989.75,994.20,998.55,22909,22902535.00,1694
BSE,FINELINE,INE087E01011,XT,70.82,73.40,67.28,72.21,70.82,5976,406853.00,50
BSE,FINEORG,INE686Y01026,A,4918.15,4944.45,4881.00,4931.50,4918.45,256,1260460.00,102
BSE,FINKURVE,INE734I01027,B,59.91,60.19,59.08,60.01,59.91,11167,665334.00,138
BSE,FINOPB,INE02NC01014,B,164.50,164.50,159.65,160.85,162.20,23033,3704783.00,305
BSE,FINPIPE,INE183A01024,A,167.65,167.65,164.65,165.45,165.60,22856,3789373.00,453
BSE,FIRSTCRY,INE02RE01045,A,213.65,216.00,213.50,214.80,214.60,30506,6543827.00,478
BSE,FIRSTFIN,INE683B01047,XT,6.48,7.00,6.45,6.89,6.78,659,4457.00,20
BSE,FISCHER,INE771F01041,B,39.31,39.31,37.63,37.85,38.55,33318,1286789.00,184
BSE,FIVESTAR,INE128S01021,A,551.00,555.75,541.10,543.40,551.00,8822,4849953.00,403
BSE,FLAIR,INE00Y201027,B,250.90,253.75,249.00,250.40,251.30,8659,2184477.00,333
BSE,FLEXFO,INE954B01018,X,44.92,46.55,42.35,43.18,44.70,2678,117387.00,50
BSE,FLEXITUFF,INE060J01017,T,4.07,4.14,4.03,4.08,4.24,6427,26235.00,34
BSE,FLFL,INE452O01016,Z,1.27,1.27,1.21,1.22,1.27,17269,20969.00,22
BSE,FLOMIC,INE952M01019,X,41.98,44.36,39.00,41.67,41.92,9667,392769.00,99
BSE,FLORACORP,INE318U01016,X,7.59,7.60,7.50,7.60,7.59,680,5125.00,5
BSE,FLUIDOM,INE459C01016,X,933.95,933.95,888.60,892.25,908.75,3409,3071701.00,174
BSE,FLUOROCHEM,INE09N301011,A,4460.00,4630.00,4449.65,4619.65,4434.60,9784,44728898.00,845
BSE,FMEC,INE108T01021,XT,12.71,13.24,12.22,12.99,12.77,513327,6675628.00,190
BSE,FMGOETZE,INE529A01010,B,477.05,477.75,470.30,470.35,473.65,3073,1455507.00,45
BSE,FMNL,INE360L01017,T,9.98,9.98,9.12,9.85,9.51,22572,206827.00,20
BSE,FONE4,INE0L3H01014,M,5.24,5.24,5.24,5.24,5.26,10000,52400.00,1
BSE,FOODSIN,INE976E01023,B,55.00,55.31,52.25,54.00,54.59,5995,324866.00,113
BSE,FORBESCO,INE518A01013,X,257.00,285.00,257.00,281.15,249.95,8479,2331506.00,335
BSE,FORCEMOT,INE451A01017,A,18587.85,18587.85,18120.10,18330.00,18401.00,5395,98730903.00,1061
BSE,FORINTL,INE501D01013,X,79.00,79.05,78.90,78.90,78.98,579,45731.00,14
BSE,FORTIS,INE061F01013,A,941.60,941.60,924.30,935.00,943.70,114043,106706560.00,2889
BSE,FORTISMLR,INE842B01015,X,51.45,51.45,49.62,49.95,50.13,4392,222033.00,114
BSE,FOSECOC,INE599F01020,X,1486.85,1486.85,1486.85,1486.85,1351.70,6810,10125448.00,103
BSE,FOSECOIND,INE519A01011,B,5285.00,5533.45,5201.00,5234.50,5203.25,603,3214439.00,232
BSE,FRACTAL,INE212S01015,B,800.25,803.60,788.80,798.70,803.45,19889,15841476.00,1295
BSE,FRANKLININD,INE789R01022,X,0.34,0.34,0.33,0.34,0.34,2423852,821144.00,608
BSE,FRASER,INE184Q01010,X,10.15,10.15,9.41,9.79,9.80,2034,20098.00,20
BSE,FRATELLI,INE401Z01019,XT,107.80,107.80,102.50,102.85,107.80,9040,950800.00,81
BSE,FREDUN,INE194R01017,X,1064.40,1115.00,1055.30,1109.75,1052.40,40348,44152801.00,1661
BSE,FRONTCAP,INE977E01013,X,10.42,11.30,10.42,10.69,10.89,15004,162305.00,34
BSE,FRONTSP,INE572D01014,B,1404.15,1404.15,1365.00,1371.40,1381.20,2267,3121335.00,200
BSE,FRUTION,INE836C01015,XT,44.63,44.63,42.18,44.00,44.40,3979,172326.00,18
BSE,FSL,INE684F01012,A,324.70,333.80,318.70,331.65,324.25,171674,56386830.00,2590
BSE,FTL,INE0QOQ01013,MT,13.00,13.12,13.00,13.12,12.50,3000,39170.00,3
BSE,FUNDVISER,INE365H01014,XT,385.00,385.00,384.00,385.00,385.00,1292,496938.00,15
BSE,FUSION,INE139R01012,B,212.50,214.80,205.00,209.05,210.80,22825,4765325.00,601
BSE,FUTSOL,INE241F01011,X,41.81,41.81,41.81,41.81,44.00,1,41.00,1
BSE,FYNX,INE455H01021,X,5.19,5.34,4.87,5.14,5.09,7045,36557.00,36
BSE,GABRIEL,INE524A01029,A,1528.50,1584.20,1500.10,1530.95,1528.50,83836,129864217.00,4939
BSE,GAEL,INE036B01030,B,178.10,184.00,174.00,176.50,180.80,177718,31898417.00,2469
BSE,GAGAN,INE076D01016,XT,20.49,20.64,19.47,20.29,20.49,4172,82777.00,48
BSE,GAIL,INE129A01019,A,174.70,177.10,173.10,175.05,173.85,542457,95176551.00,4436
BSE,GAJANANSEC,INE868G01019,X,54.00,54.00,51.50,52.78,52.50,163,8603.00,9
BSE,GALACTICO,INE906Y01028,B,2.00,2.00,1.95,1.98,1.95,64743,127872.00,141
BSE,GALADAFIN,INE243E01010,XT,40.09,40.09,39.89,40.09,40.09,34,1362.00,4
BSE,GALAGEX,INE803L01016,X,66.49,66.90,62.31,65.00,65.61,105202,6982959.00,36
BSE,GALAPREC,INE0RE001014,B,1091.90,1106.00,1081.00,1103.55,1083.65,924,1012153.00,149
BSE,GALAXYSURF,INE600K01018,B,1988.20,2010.00,1943.30,1949.50,1980.05,853,1677394.00,94
BSE,GALLANTT,INE297H01019,A,638.75,641.00,617.55,628.45,628.80,25765,16165693.00,1120
BSE,GALLARD,INE0BUQ01012,M,155.00,155.00,155.00,155.00,160.00,2000,310000.00,2
BSE,GALLOPENT,INE755J01012,XT,38.00,38.00,36.90,38.00,36.21,59,2187.00,6
BSE,GALXBRG,INE020S01012,XT,887.95,908.60,855.00,908.60,865.35,854,760876.00,84
BSE,GAMCO,INE890S01026,X,49.70,50.26,49.00,49.86,49.97,35114,1749348.00,65
BSE,GANDHAR,INE717W01049,B,236.30,239.40,230.30,236.30,231.25,114626,26987986.00,1747
BSE,GANDHITUBE,INE524B01027,B,884.00,925.00,880.00,903.60,880.20,1568,1408559.00,270
BSE,GANECOS,INE845D01014,B,1207.75,1207.75,1113.00,1126.95,1155.80,15221,17508561.00,1097
BSE,GANESHBE,INE388A01029,T,113.20,120.45,113.20,120.40,114.75,41450,4940946.00,245
BSE,GANESHCP,INE652V01016,B,177.50,179.35,174.10,175.55,177.65,2359,416460.00,88
BSE,GANESHHOU,INE460C01014,B,791.80,791.80,774.60,778.75,776.25,947,741868.00,65
BSE,GANGESSECU,INE335W01016,B,121.85,123.00,117.00,123.00,113.40,2102,258419.00,5
BSE,GANHOLD,INE932M01011,XT,121.00,121.00,113.05,114.45,119.00,5279,597112.00,14
BSE,GANONPRO,INE162L01017,X,8.79,8.79,8.08,8.10,8.50,32780,271885.00,200
BSE,GANVERSE,INE369Q01017,MT,25.80,26.50,25.80,26.29,27.00,5000,130537.00,4
BSE,GARBIFIN,INE721C01019,X,8.89,8.90,8.86,8.86,8.90,1077,9573.00,15
BSE,GARFIBRES,INE276A01018,A,752.45,778.65,752.45,774.90,760.40,2407,1862729.00,235
BSE,GARGFUR,INE194E01015,X,132.00,132.00,124.05,126.00,132.00,1551,198447.00,74
BSE,GARGI,INE0NT601018,M,608.30,632.00,598.00,603.55,617.35,21500,13015793.00,131
BSE,GARMNTMNTR,INE653S01028,X,1.16,1.16,1.14,1.14,1.14,306925,351535.00,183
BSE,GARNET,INE797D01017,X,68.70,68.70,65.00,67.16,66.12,2865,188614.00,47
BSE,GARNETINT,INE590B01010,X,65.50,65.51,64.55,65.30,65.50,560,36665.00,15
BSE,GARUDA,INE0JVO01026,B,173.00,179.90,171.35,173.40,172.15,22817,4018879.00,359
BSE,GARWAMAR,INE925D01014,X,21.01,21.50,21.01,21.08,21.11,1189,25122.00,49
BSE,GARWAOFFS,INE446C01013,XT,45.50,45.93,42.04,44.75,43.75,23427,1051510.00,83
BSE,GARWSYN,INE340D01016,X,20.30,21.20,19.29,21.20,20.30,916,17828.00,9
BSE,GATECH,INE224E01028,B,0.75,0.77,0.70,0.70,0.77,3359447,2400375.00,389
BSE,GATECHDVR,INE224E01036,T,0.55,0.55,0.51,0.51,0.53,243074,124169.00,57
BSE,GATEWAY,INE079J01017,B,58.80,59.99,58.18,59.47,58.00,76004,4497167.00,1070
BSE,GAUDIUMIVF,INE0P8B01020,T,132.10,132.10,132.10,132.10,134.75,5247,693128.00,73
BSE,GAYAHWS,INE287Z01012,B,2.15,2.15,1.97,1.99,1.98,34181,69876.00,57
BSE,GAYAPROJ,INE336H01023,T,20.15,20.25,19.03,19.57,20.03,60368,1182922.00,173
BSE,GAYATRI,INE622E01023,X,7.90,9.00,7.90,8.52,7.68,373348,3226711.00,742
BSE,GAYATRIBI,INE052E01015,X,6.90,7.20,6.90,7.12,6.88,1727,12374.00,26
BSE,GBFL,INE997C01015,X,9.57,9.95,9.46,9.55,9.75,3799,36286.00,43
BSE,GBLINFRA,INE377M01043,XT,57.55,57.55,57.55,57.55,56.43,3010,173225.00,6
BSE,GBLOGISTIC,INE0RWU01016,M,26.55,26.55,26.55,26.55,26.50,2400,63720.00,2
BSE,GCMCAPI,INE191P01017,MT,4.05,4.05,3.68,3.68,3.86,2000,7730.00,2
BSE,GCMSECU,INE168O01026,B,0.68,0.74,0.68,0.68,0.68,209204,147444.00,100
BSE,GCSL,INE199P01028,B,507.95,514.05,491.95,510.80,509.50,2685,1358272.00,140
BSE,GDLLEAS,INE545E01018,XT,65.50,65.50,65.50,65.50,65.55,110,7205.00,3
BSE,GEE,INE064H01021,XT,116.15,118.00,110.70,113.30,116.15,50318,5746120.00,200
BSE,GEL,INE721X01023,M,28.93,30.05,28.93,30.05,30.45,15000,437310.00,4
BSE,GEMAROMA,INE06XZ01023,B,195.30,197.20,187.15,187.85,195.50,4925,941701.00,127
BSE,GEMENVIRO,INE0RUJ01013,M,36.50,36.50,36.11,36.37,36.10,3200,116488.00,4
BSE,GEMSI,INE503D01027,X,1.53,1.65,1.46,1.49,1.50,74336,110856.00,137
BSE,GENCON,INE854S01022,B,39.62,40.04,39.20,39.50,40.15,2251,88837.00,25
BSE,GENESYS,INE727B01026,B,315.85,319.95,298.10,316.30,298.30,69746,21645411.00,1520
BSE,GENNEX,INE509C01026,X,9.05,9.06,8.80,8.97,9.05,573668,5151839.00,504
BSE,GENPHARMA,INE861N01036,X,1.04,1.06,1.02,1.05,1.03,455125,470906.00,217
BSE,GENSOL,INE06H201014,Z,19.19,19.19,17.60,18.15,18.31,72882,1345693.00,599
BSE,GENUSPAPER,INE949P01018,B,13.18,13.18,12.38,12.46,12.43,9986,125510.00,36
BSE,GENUSPOWER,INE955D01029,A,317.00,319.35,315.00,315.95,316.25,87052,27601012.00,1422
BSE,GENUSPRIME,INE256D01014,X,31.29,32.50,31.06,32.46,30.45,9331,297644.00,79
BSE,GEOJITFSL,INE007B01023,B,77.18,78.82,76.98,78.05,77.30,5960,464116.00,88
BSE,GESHIP,INE017A01032,A,1583.95,1599.75,1428.10,1435.00,1396.25,725767,1070896134.00,24168
BSE,GFLLIMITED,INE538A01037,B,46.66,48.51,46.66,47.97,47.87,13576,655424.00,55
BSE,GGAUTO,INE493B01017,X,162.55,167.05,160.60,164.10,163.80,2464,401761.00,65
BSE,GGDPROP,INE631D01026,X,72.00,74.80,71.01,71.01,66.43,2446,176310.00,23
BSE,GGL,INE063Z01017,X,2.78,3.06,2.78,3.03,2.93,23855,70916.00,73
BSE,GGPL,INE480S01026,Z,1.60,1.68,1.52,1.56,1.60,36473,57982.00,70
BSE,GHCL,INE539A01019,A,444.95,448.45,444.00,444.95,444.40,6513,2903511.00,244
BSE,GHCLTEXTIL,INE0PA801013,B,114.95,117.35,114.00,114.15,114.60,37607,4342778.00,354
BSE,GHVINFRA,INE809Q01020,X,284.50,284.50,270.25,274.55,284.45,51360,14017614.00,579
BSE,GIANLIFE,INE063601012,Z,5.04,5.04,4.70,4.93,4.91,6352,30810.00,77
BSE,GICHSGFIN,INE289B01019,B,148.50,149.15,148.00,148.45,148.40,5224,775326.00,97
BSE,GICRE,INE481Y01014,A,358.65,361.95,358.65,359.65,358.35,47606,17147992.00,2046
BSE,GILADAFINS,INE918C01029,X,13.63,13.74,13.26,13.74,13.43,956,12857.00,14
BSE,GILLANDERS,INE047B01011,B,90.49,90.49,88.43,90.48,89.90,505,45351.00,17
BSE,GILLETTE,INE322A01010,A,7702.10,7734.85,7635.00,7659.25,7725.40,1029,7909262.00,376
BSE,GINNIFILA,INE424C01010,T,45.77,46.73,45.77,46.22,46.00,1442,66078.00,7
BSE,GIPCL,INE162A01010,B,161.45,163.65,161.25,161.90,161.50,16991,2765362.00,282
BSE,GITARENEW,INE776O01018,X,75.00,76.85,70.80,72.43,75.28,862,64383.00,24
BSE,GKB,INE265D01015,X,59.90,59.90,56.30,56.93,58.00,870,50625.00,12
BSE,GKCONS,INE131D01019,X,14.00,14.00,10.75,11.00,11.80,863,9638.00,14
BSE,GKENERGY,INE1AG301022,B,132.90,132.90,129.70,130.25,131.15,14080,1841032.00,276
BSE,GKL,INE986W01016,X,31.35,31.35,28.38,28.38,29.87,29940,870571.00,119
BSE,GKP,INE05QJ01015,B,5.82,5.99,5.82,5.93,5.89,9787,57775.00,44
BSE,GKSL,INE0V0W01025,B,128.40,131.00,127.00,130.55,127.90,22175,2859568.00,353
BSE,GLAND,INE068V01023,A,2599.85,2634.00,2540.50,2580.80,2577.30,71097,185935148.00,1782
BSE,GLAXO,INE159A01016,A,2680.00,2680.00,2611.60,2647.45,2657.20,2388,6307656.00,405
BSE,GLCL,INE804Q01013,X,19.50,20.16,19.23,20.09,19.20,19962,396892.00,99
BSE,GLEN,INE0UMC01019,M,99.95,104.00,99.60,103.01,95.25,150000,15343824.00,105
BSE,GLENMARK,INE935A01035,A,2239.80,2243.00,2200.35,2219.00,2178.60,15032,33353874.00,1690
BSE,GLHRL,INE0J2K01014,M,11.78,12.85,11.76,12.58,12.26,22000,269990.00,17
BSE,GLITTEKG,INE741B01027,XT,66.42,66.42,66.42,66.42,65.12,3144,208824.00,21
BSE,GLOBALCA,INE062C01042,X,0.48,0.48,0.47,0.48,0.49,119252,56852.00,123
BSE,GLOBALE,INE0URU01010,T,10.61,10.61,10.61,10.61,10.60,50,530.00,1
BSE,GLOBALLOG,INE1ITY01011,M,124.00,124.00,114.00,119.00,119.00,11200,1329600.00,7
BSE,GLOBALVECT,INE792H01019,B,166.00,166.75,161.15,162.20,164.45,5023,827004.00,339
BSE,GLOBECIVIL,INE0V3U01015,B,40.44,40.75,39.71,40.70,39.65,2129,86165.00,39
BSE,GLOBUSCON,INE064L01015,X,13.10,13.10,12.48,12.82,12.84,2003,25472.00,33
BSE,GLOBUSSPR,INE615I01010,B,902.25,909.95,888.10,891.95,901.65,3679,3317459.00,305
BSE,GLOSTERLTD,INE350Z01018,B,668.50,682.80,665.00,665.10,682.65,296,198899.00,47
BSE,GLOTTIS,INE0TQE01026,T,67.00,68.00,66.52,67.00,66.81,578,38703.00,14
BSE,GLPL,INE1CLW01015,M,40.00,40.00,39.25,39.25,41.20,54000,2124000.00,4
BSE,GMBREW,INE075D01018,B,949.70,949.70,896.00,900.30,896.75,1868,1687859.00,181
BSE,GMDCLTD,INE131A01031,A,562.00,575.00,555.00,555.90,560.95,93419,52619851.00,2648
BSE,GMMPFAUDLR,INE541A01023,A,851.00,857.25,841.05,848.25,856.00,3487,2962662.00,289
BSE,GMRAIRPORT,INE776C01039,A,105.40,106.85,105.20,105.50,105.50,113023,12005799.00,1222
BSE,GMRP&UI,INE0CU601026,A,96.85,98.00,96.85,97.28,97.23,37578,3658045.00,388
BSE,GNA,INE934S01014,B,541.90,563.15,505.20,516.05,538.60,56570,30442632.00,2088
BSE,GNFC,INE113A01013,A,518.90,525.95,517.55,520.05,516.40,21966,11474986.00,1051
BSE,GNRL,INE207H01018,B,93.60,95.93,93.50,94.99,93.64,11206,1057725.00,573
BSE,GOACARBON,INE426D01013,B,380.00,387.00,377.40,382.55,383.80,295,112440.00,71
BSE,GOBLIN,INE492Z01018,MT,8.15,8.15,7.75,7.75,8.15,6000,48100.00,2
BSE,GOCLCORP,INE077F01035,B,421.85,421.85,409.50,411.95,415.55,978,406169.00,84
BSE,GOCOLORS,INE0BJS01011,B,325.00,325.45,319.00,321.60,324.50,13491,4347473.00,365
BSE,GODAVARI,INE362C01012,XT,103.00,103.05,99.05,102.90,104.25,8094,811188.00,77
BSE,GODAVARIB,INE497S01012,B,261.55,263.00,260.05,261.80,260.25,5888,1539710.00,167
BSE,GODFRYPHLP,INE260B01028,A,2263.50,2409.80,2251.75,2305.00,2245.20,128368,301092674.00,7786
BSE,GODIGIT,INE03JT01014,A,264.00,264.50,258.85,263.30,263.00,24730,6485792.00,528
BSE,GODREJAGRO,INE850D01014,A,564.85,569.95,561.50,563.10,565.10,9905,5593767.00,468
BSE,GODREJCP,INE102D01028,A,1089.30,1089.85,1057.95,1089.85,1075.00,7658,8183166.00,700
BSE,GODREJIND,INE233A01035,A,1340.00,1344.50,1301.30,1310.90,1336.35,5476,7242546.00,559
BSE,GODREJPROP,INE484J01027,A,2090.80,2090.80,1992.80,2035.00,2069.70,42004,85812158.00,5464
BSE,GOELCONS,INE0ZOM01013,MT,460.00,472.00,460.00,469.75,466.00,3600,1681600.00,9
BSE,GOKAKTEX,INE642I01014,X,55.20,60.50,55.20,60.42,58.10,2534,147100.00,32
BSE,GOKEX,INE887G01027,A,795.05,801.10,777.75,797.55,816.20,21531,17073537.00,1906
BSE,GOKUL,INE020J01029,B,38.31,39.96,38.31,39.41,39.30,20637,812430.00,114
BSE,GOKULAGRO,INE314T01033,B,231.85,242.45,230.60,231.00,230.85,55280,13074944.00,1228
BSE,GOLDCOINHF,INE634J01027,X,33.00,33.00,30.00,30.25,31.52,362,11656.00,23
BSE,GOLDENTOBC,INE973A01010,Z,24.99,24.99,24.01,24.85,24.99,442,10892.00,10
BSE,GOLDIAM,INE025B01025,A,363.05,367.95,355.75,361.45,363.00,33093,11922540.00,945
BSE,GOLDLEG,INE088E01019,X,8.65,8.65,8.10,8.40,8.47,997,8423.00,16
BSE,GOLDTECH,INE805A01014,T,56.00,56.45,53.11,54.59,55.55,3931,213138.00,36
BSE,GOLKUNDIA,INE798D01015,X,280.00,287.00,271.00,272.95,276.00,8973,2478383.00,172
BSE,GOODLUCK,INE127I01024,B,1508.95,1517.00,1498.10,1501.55,1506.10,4078,6143464.00,512
BSE,GOODRICKE,INE300A01016,X,182.40,182.40,180.00,181.05,182.30,2241,405718.00,30
BSE,GOODYEAR,INE533A01012,B,860.00,875.00,858.00,872.00,857.65,19633,17004085.00,754
BSE,GOPAL,INE0L9R01028,B,281.00,281.00,276.00,277.35,278.60,13884,3847914.00,763
BSE,GORANIN,INE792J01015,XT,50.00,50.00,50.00,50.00,50.14,8,400.00,1
BSE,GOTHIPL,INE538G01018,P,37.17,40.41,37.17,40.39,38.90,800,31916.00,4
BSE,GOURMET,INE512D01028,XT,11.31,11.31,10.31,11.25,10.78,54597,614707.00,63
BSE,GOWRALE,INE225G01012,XT,96.90,96.90,93.00,94.00,96.90,1815,172156.00,22
BSE,GOYALALUM,INE705X01026,B,6.43,6.78,5.45,6.51,6.60,44935,276902.00,121
BSE,GOYALASS,INE912B01032,X,0.99,1.03,0.99,1.00,0.99,114722,114804.00,33
BSE,GPIL,INE177H01039,A,246.55,247.40,242.95,244.90,243.95,27523,6758102.00,508
BSE,GPPL,INE517F01014,A,152.90,153.00,151.55,151.80,151.05,35379,5386987.00,740
BSE,GPSL,INE0QZF01012,M,90.95,90.95,90.95,90.95,90.95,600,54570.00,1
BSE,GPTHEALTH,INE486R01017,B,170.80,172.85,161.00,161.95,163.75,59001,9935174.00,720
BSE,GPTINFRA,INE390G01014,B,114.95,114.95,110.20,112.95,114.00,12409,1382617.00,290
BSE,GRAMEVA,INE578R01011,XT,97.55,97.55,95.60,95.60,98.00,20,1932.00,4
BSE,GRANDMA,INE927M01029,X,0.37,0.37,0.37,0.37,0.36,121848,45083.00,7
BSE,GRANDOAK,INE926B01016,B,39.14,39.21,38.92,39.03,37.35,2928,114399.00,21
BSE,GRANULES,INE101D01020,A,844.95,844.95,820.15,825.50,839.25,15605,12967238.00,589
BSE,GRAPHITE,INE371A01025,A,661.00,718.50,657.85,709.80,657.15,406656,284076060.00,22335
BSE,GRASIM,INE047A01021,A,3195.35,3214.90,3119.00,3128.00,3175.00,33880,106690837.00,3523
BSE,GRATEXI,INE915E01013,X,24.60,24.60,24.60,24.60,25.86,634,15596.00,7
BSE,GRAUWEIL,INE266D01021,B,78.99,78.99,71.17,71.82,78.76,102023,7576674.00,1416
BSE,GRAVISSHO,INE214F01026,B,29.52,29.52,29.52,29.52,30.77,7,206.00,1
BSE,GRAVITA,INE024L01027,A,1660.40,1684.30,1631.10,1658.15,1663.05,12259,20295998.00,886
BSE,GRAVITY,INE995A01013,XT,11.20,11.20,10.32,11.11,10.80,16393,175853.00,67
BSE,GREAVESCOT,INE224A01026,A,233.00,236.95,197.50,199.80,232.90,581869,122565138.00,7404
BSE,GREENCREST,INE414C01045,X,0.49,0.51,0.48,0.51,0.49,200156,100328.00,152
BSE,GREENLAM,INE544R01021,B,250.00,250.85,246.00,247.35,251.25,594,148004.00,31
BSE,GREENPANEL,INE08ZM01014,B,194.95,200.90,194.95,199.30,196.90,19929,3965326.00,646
BSE,GREENPLY,INE461C01038,B,288.00,292.30,286.70,287.80,286.95,4858,1408594.00,219
BSE,GREENPOWER,INE999K01014,B,10.04,10.14,9.99,10.01,10.09,189691,1904143.00,720
BSE,GRERENEW,INE0U8P01015,MT,175.65,175.65,172.50,172.50,175.65,3600,628560.00,3
BSE,GRINDWELL,INE536A01023,A,2064.95,2143.80,2064.95,2092.65,2077.70,1189,2508939.00,183
BSE,GRINFRA,INE201P01022,B,922.15,922.15,899.00,901.60,901.95,679,614299.00,80
BSE,GRMOVER,INE192H01020,B,93.00,94.20,91.70,91.80,95.38,116461,10789299.00,688
BSE,GROARC,INE042B01012,X,6.35,6.35,5.51,5.55,5.90,8593,48554.00,33
BSE,GROVY,INE343C01012,X,52.22,54.40,51.50,52.50,52.21,4066,211115.00,20
BSE,GROWINGTON,INE451S01027,B,0.65,0.67,0.62,0.65,0.65,4217680,2715480.00,663
BSE,GROWW,INE0HOQ01053,B,193.00,196.95,191.00,191.35,192.60,2168616,422434615.00,15424
BSE,GRPLTD,INE137I01015,B,2069.75,2069.75,1989.20,1989.20,2044.45,124,249190.00,49
BSE,GRSE,INE382Z01011,A,2587.95,2587.95,2544.00,2546.65,2581.60,30399,77928071.00,2830
BSE,GRWRHITECH,INE291A01017,A,7180.15,7364.95,7180.15,7332.55,7188.30,3075,22430950.00,683
BSE,GSAUTO,INE736H01024,X,15.00,15.19,14.75,14.99,14.69,6069,90902.00,40
BSE,GSBFIN,INE777C01011,XT,42.00,44.75,40.70,42.84,42.69,945,39948.00,32
BSE,GSFC,INE026A01025,A,161.05,161.70,159.70,160.75,160.80,22542,3627126.00,342
BSE,GSLSEC,INE721D01017,XT,45.13,45.13,40.85,41.41,42.99,68,2819.00,3
BSE,GSLSU,INE0JSX01015,B,27.86,28.52,27.86,27.86,27.47,1107,30866.00,52
BSE,GSLTD,INE403B01016,X,18.70,18.70,18.22,18.22,19.17,28863,530392.00,38
BSE,GSPCROP,INE713R01022,B,582.25,601.15,580.45,593.30,587.85,12265,7263033.00,280
BSE,GSS,INE871H01011,B,13.74,14.74,13.74,14.27,13.59,6360,91348.00,41
BSE,GSTL,INE632W01016,XT,26.01,26.01,26.01,26.01,24.78,144703,3763725.00,178
BSE,GTIL,INE1H1501013,M,83.80,84.00,82.00,82.00,83.80,38400,3188000.00,22
BSE,GTL,INE043A01012,B,7.45,7.50,7.32,7.42,7.46,43547,323217.00,142
BSE,GTLINFRA,INE221H01019,B,1.31,1.33,1.28,1.29,1.32,5569792,7251288.00,15002
BSE,GTNINDS,INE537A01013,X,23.06,24.98,23.06,24.80,23.96,455,10835.00,14
BSE,GTNTEX,INE302H01017,X,8.21,8.95,8.05,8.26,8.33,13148,109247.00,29
BSE,GTPL,INE869I01013,B,60.41,60.65,59.88,60.17,60.08,509,30589.00,26
BSE,GTTDATA,INE959B01017,X,47.00,47.49,44.50,46.14,45.78,35113,1622263.00,235
BSE,GTV,INE910R01024,X,68.27,68.94,67.00,67.07,68.27,18040,1217239.00,169
BSE,GUFICBIO,INE742B01025,B,397.30,401.95,389.80,396.75,390.70,2039,808270.00,226
BSE,GUJALKALI,INE186A01019,B,698.20,698.20,680.30,682.20,696.50,5854,4021633.00,462
BSE,GUJAPOLLO,INE826C01016,B,360.25,370.00,360.25,367.25,365.65,108,39579.00,19
BSE,GUJARATPOLY,INE541F01022,XT,72.25,72.50,69.35,71.97,72.25,1379,96800.00,16
BSE,GUJCONT,INE276I01011,P,163.25,170.55,163.25,165.00,170.05,3900,661355.00,14
BSE,GUJCOTEX,INE004C01028,XT,2.82,2.84,2.65,2.71,2.74,122905,333555.00,267
BSE,GUJCRAFT,INE372D01019,X,93.00,93.00,91.28,92.80,92.60,820,75438.00,13
BSE,GUJCRED,INE034B01019,X,23.00,23.00,23.00,23.00,23.00,200,4600.00,3
BSE,GUJENERGY,INE844O01030,A,278.65,280.80,276.00,278.85,278.80,44865,12498905.00,1894
BSE,GUJHOTE,INE621C01011,X,183.05,190.00,183.05,188.00,183.05,719,135601.00,29
BSE,GUJINJEC,INE659F01022,X,9.77,10.00,9.08,9.08,9.55,588853,5523041.00,472
BSE,GUJINTRX,INE877E01015,X,434.85,434.85,423.85,428.00,425.50,2462,1051673.00,62
BSE,GUJINV,INE373D01017,X,21.00,21.00,19.86,19.86,20.90,3,60.00,3
BSE,GUJJUBHAI,INE311N01016,X,150.00,150.00,139.95,144.10,139.10,81207,11581375.00,280
BSE,GUJPETR,INE636P01011,X,54.66,55.98,54.00,54.13,57.75,661,35815.00,24
BSE,GUJRAFFIA,INE610B01024,B,39.93,39.93,39.93,39.93,38.69,340,13576.00,1
BSE,GUJSTATFIN,INE944A01011,B,10.40,10.83,10.28,10.40,10.49,2844,29635.00,44
BSE,GUJTERC,INE499G01013,X,40.83,42.89,40.49,41.34,40.83,8086,330722.00,39
BSE,GUJTHEM,INE942C01045,B,351.20,357.20,351.15,355.30,354.95,3109,1100839.00,132
BSE,GUJTLRM,INE145J01032,B,0.49,0.49,0.46,0.48,0.48,5842393,2760715.00,2104
BSE,GUJWIND,INE173V01013,X,7.02,7.02,7.00,7.00,6.70,1191,8360.00,7
BSE,GULFLLOYDS,INE1WDC01012,MT,69.86,69.86,69.86,69.86,73.53,24000,1676640.00,20
BSE,GULFOILLUB,INE635Q01029,B,1149.80,1205.00,1137.00,1159.85,1114.15,42390,49263046.00,3069
BSE,GULFPETRO,INE586G01017,T,55.03,55.03,50.65,54.44,52.41,284367,15611410.00,433
BSE,GULPOLY,INE255D01024,B,198.20,203.95,198.20,199.45,198.25,15805,3161719.00,358
BSE,GVBL,INE574D01010,X,29.00,29.00,29.00,29.00,28.00,76,2204.00,3
BSE,GVFILM,INE395B01048,X,0.33,0.33,0.31,0.31,0.32,14134668,4579725.00,419
BSE,GVKPIL,INE251H01024,T,2.39,2.44,2.36,2.41,2.40,140618,335725.00,195
BSE,GVL,INE0S0701019,M,40.00,40.00,36.21,38.00,40.00,19000,714970.00,18
BSE,GVPIL,INE878A01011,B,767.60,784.50,741.05,755.10,759.00,23563,17910775.00,1899
BSE,GVT&D,INE200A01026,A,4397.90,4420.00,4327.60,4350.00,4322.10,28060,122868363.00,5075
BSE,GYFTR,INE724A01017,B,164.60,164.60,160.40,162.70,162.30,3376,546634.00,138
BSE,HAL,INE066F01020,A,4680.00,4716.60,4623.75,4638.00,4660.10,36304,169669626.00,4863
BSE,HALDER,INE115S01010,B,254.95,257.30,254.95,257.30,252.25,4132,1054926.00,10
BSE,HALDYNGL,INE506D01020,T,130.95,130.95,130.95,130.95,124.75,7493,981208.00,24
BSE,HALEOSLABS,INE320X01016,B,1626.80,1626.80,1582.85,1582.85,1582.85,27,42824.00,5
BSE,HAMPS,INE0QBD01018,MT,25.00,25.50,24.00,25.50,25.26,16000,398000.00,4
BSE,HAMPTON,INE299D01022,X,8.80,8.80,8.00,8.20,8.52,400492,3339174.00,193
BSE,HANNAH,INE0JVH01012,MT,109.25,109.60,106.50,106.50,112.00,10000,1078800.00,5
BSE,HANSUGAR,INE101H01013,XT,3.45,3.60,3.45,3.60,3.44,7683,27578.00,51
BSE,HAPPSTMNDS,INE419U01012,A,385.00,391.00,380.00,387.80,383.75,42658,16415341.00,1145
BSE,HAPPYFORGE,INE330T01021,B,1672.00,1725.20,1627.00,1707.60,1699.10,6578,11079740.00,851
BSE,HARDCAS,INE722D01015,X,859.90,859.90,802.00,809.65,810.00,207,168380.00,45
BSE,HARDWYN,INE626Z01029,B,11.47,11.47,11.21,11.24,11.24,143851,1619525.00,339
BSE,HARIAAPL,INE493N01012,X,5.60,5.60,5.27,5.27,5.93,316,1685.00,7
BSE,HARIAEXPO,INE772B01014,X,5.96,5.96,5.96,5.96,5.90,9000,53640.00,3
BSE,HARIKANTA,INE1UYW01010,M,72.50,72.50,68.01,71.50,72.19,24000,1664172.00,18
BSE,HARIOMPIPE,INE00EV01017,B,401.25,408.00,398.30,404.60,403.30,9783,3942990.00,265
BSE,HARISH,INE01K301012,X,67.53,73.25,67.10,69.15,67.10,4984,335403.00,13
BSE,HARLETH,INE681F01018,X,64.40,64.95,63.00,63.60,64.40,216,13930.00,10
BSE,HARRMALAYA,INE544A01019,B,217.50,222.00,215.85,215.85,215.60,1333,291553.00,206
BSE,HARSHA,INE0JUS01029,B,407.00,413.70,405.60,407.75,408.05,6573,2694982.00,311
BSE,HARSHDEEP,INE0OLZ01015,M,80.50,83.00,80.00,81.40,81.55,18000,1466040.00,10
BSE,HARSHILAGR,INE098E01026,XT,0.29,0.29,0.28,0.28,0.28,1557888,444919.00,370
BSE,HARYNACAP,INE928H01019,X,145.00,145.00,144.80,144.90,145.00,468,67826.00,3
BSE,HATHWAY,INE982F01036,B,11.10,11.10,10.88,10.91,11.09,119194,1302607.00,510
BSE,HATHWAYB,INE525B01016,X,11.40,12.00,11.40,11.45,11.40,2658,30328.00,15
BSE,HATSUN,INE473B01035,A,898.60,905.15,880.90,888.45,887.60,3400,3047916.00,271
BSE,HAVELLS,INE176B01034,A,1289.40,1301.35,1280.00,1286.00,1260.00,379603,488208163.00,2829
BSE,HAVISHA,INE293B01029,B,1.35,1.38,1.27,1.36,1.33,9830,13291.00,26
BSE,HAWAENG,INE230I01018,X,83.95,83.99,82.95,83.10,81.08,328,27249.00,12
BSE,HAWKINCOOK,INE979B01015,B,8485.10,8610.95,8485.10,8584.20,8535.60,80,685681.00,30
BSE,HAZOOR,INE550F01049,B,22.80,23.45,22.31,23.16,22.56,61100,1398676.00,399
BSE,HBEL,INE02PC01027,MT,15.00,15.00,15.00,15.00,15.20,3750,56250.00,2
BSE,HBESD,INE640B01021,B,75.00,78.00,75.00,78.00,78.00,135,10377.00,5
BSE,HBGHOTELS,INE977M01024,X,86.57,88.00,84.00,86.80,84.87,4424,381452.00,19
BSE,HBLEAS,INE549B01016,X,10.17,10.52,10.17,10.42,10.17,727,7527.00,12
BSE,HBLENGINE,INE292B01021,A,722.10,736.70,721.70,729.00,739.20,93182,68104398.00,4038
BSE,HBPOR,INE638B01025,X,58.00,58.99,56.00,58.88,57.62,182,10514.00,12
BSE,HBSL,INE550B01022,B,53.80,55.78,52.01,55.78,50.80,3012,161401.00,298
BSE,HCC,INE549A01026,A,21.91,22.30,21.81,21.86,21.81,1046221,23037376.00,2280
BSE,HCG,INE075I01017,A,675.40,684.00,658.35,664.25,671.05,4961,3338397.00,368
BSE,HCKKVENTURE,INE345Q01017,XT,34.73,34.73,34.00,34.29,33.08,139,4799.00,9
BSE,HCL-INSYS,INE236A01020,B,11.66,11.80,11.60,11.61,11.61,27256,319434.00,108
BSE,HCLTECH,INE860A01027,A,1379.75,1379.75,1347.40,1356.20,1362.10,81884,111400460.00,3989
BSE,HDBFS,INE756I01012,A,684.60,687.00,674.55,678.55,684.60,13683,9340039.00,1023
BSE,HDFCAMC,INE127D01025,A,2599.50,2599.50,2532.80,2554.00,2574.00,17067,43611717.00,2093
BSE,HDFCBANK,INE040A01034,A,754.45,754.45,738.15,739.95,751.05,1156413,859782178.00,24590
BSE,HDFCLIFE,INE795G01014,A,553.05,553.05,530.45,535.00,550.50,652428,349870353.00,16356
BSE,HDIL,INE191I01012,Z,1.65,1.67,1.63,1.67,1.65,12030,19849.00,32
BSE,HEADSUP,INE759V01019,B,6.90,7.19,6.60,7.16,6.90,7567,53417.00,55
BSE,HEALTHX,INE019J01013,B,315.90,315.90,315.90,315.90,315.90,23,7265.00,2
BSE,HEALTHYLIFE,INE0L3501015,MT,5.73,5.78,5.48,5.48,5.76,342000,1908700.00,76
BSE,HEERAISP,INE025D01013,X,6.00,6.00,6.00,6.00,6.00,10,60.00,1
BSE,HEG,INE545A01024,A,666.00,683.50,662.85,678.65,665.55,185217,125178428.00,3167
BSE,HEIDELBERG,INE578A01017,B,155.95,156.90,155.40,156.20,155.55,26814,4184903.00,258
BSE,HELPAGE,INE738P01015,X,21.25,21.25,21.24,21.24,20.75,17,361.00,4
BSE,HEMANG,INE930A01010,X,14.20,14.20,13.40,13.97,13.05,887,12155.00,25
BSE,HEMIPROP,INE0AJG01018,B,141.00,141.90,138.45,138.95,140.05,31876,4462279.00,441
BSE,HERANBA,INE694N01015,B,180.90,183.00,180.10,181.30,182.10,1058,191547.00,66
BSE,HERCULES,INE688E01024,X,123.80,125.95,122.05,125.05,123.40,10970,1362964.00,211
BSE,HERITGFOOD,INE978A01027,B,334.10,337.65,334.10,335.50,335.05,3597,1209405.00,192
BSE,HEROMOTOCO,INE158A01026,A,5460.00,5606.90,5430.45,5540.00,5422.00,53798,297837065.00,7038
BSE,HESTERBIO,INE782E01017,B,2425.80,2486.35,2405.10,2475.30,2441.75,272,666335.00,57
BSE,HEXAGON,INE0JUI01012,T,68.00,68.00,65.00,67.81,66.22,58904,3980351.00,133
BSE,HEXATRADEX,INE750M01017,B,159.75,162.60,158.35,159.40,159.15,195,31506.00,13
BSE,HEXT,INE093A01041,A,563.75,568.00,553.00,555.25,559.70,15531,8723158.00,501
BSE,HFCL,INE548A01028,A,203.00,207.00,200.05,202.70,203.35,1243727,253905061.00,9822
BSE,HFIL,INE552B01010,X,8.83,9.04,8.83,9.01,9.04,17858,160609.00,87
BSE,HGINFRA,INE926X01010,B,545.95,549.00,543.25,545.75,546.45,1555,849681.00,149
BSE,HGM,INE596H01014,B,49.73,50.79,49.50,50.79,49.93,186,9225.00,7
BSE,HGS,INE170I01016,B,439.85,439.85,420.45,421.20,430.35,897,381805.00,170
BSE,HIGHENE,INE783E01023,X,565.05,588.00,565.05,582.50,575.55,2732,1576015.00,173
BSE,HIGHNESS,INE1KI801019,MT,180.00,181.00,176.10,181.00,183.00,8400,1500420.00,7
BSE,HIKAL,INE475B01022,B,230.00,233.15,227.90,228.10,230.00,18050,4150827.00,417
BSE,HIKLASS,INE302R01024,XT,84.05,84.05,84.01,84.01,84.00,483,40578.00,15
BSE,HILIKS,INE966Q01010,XT,73.89,76.00,72.00,75.08,75.40,2116,158833.00,54
BSE,HILINFRA,INE00RL01028,B,48.00,48.00,45.40,45.59,46.97,3787,176030.00,137
BSE,HILLTONE,INE168C01013,X,43.90,44.20,39.45,41.98,43.90,45899,1923782.00,51
BSE,HILTON,INE788H01017,T,20.81,21.42,20.81,21.00,21.35,9159,191915.00,27
BSE,HIMATSEIDE,INE049A01027,B,81.00,81.71,80.00,81.41,80.95,19492,1575530.00,707
BSE,HIMTEK,INE705G01021,X,294.80,296.00,275.00,277.45,286.45,38717,11113382.00,449
BSE,HINDADH,INE074C01013,X,260.05,266.90,260.05,266.40,262.90,847,222078.00,33
BSE,HINDALCO,INE038A01020,A,994.90,1018.00,992.30,1012.30,990.00,802393,806193968.00,10277
BSE,HINDALUMI,INE227B01019,X,101.80,101.80,96.50,98.51,95.00,10068,986659.00,145
BSE,HINDAPL,INE02XD01011,XT,110.00,110.00,106.00,106.00,105.00,102,10853.00,12
BSE,HINDBIO,INE597C01021,X,7.24,7.24,6.91,7.00,7.12,1032,7235.00,23
BSE,HINDCOMPOS,INE310C01029,B,429.75,430.85,421.00,430.25,425.70,95,40551.00,19
BSE,HINDCOPPER,INE531E01026,A,495.75,504.00,490.05,492.55,494.85,239253,118931487.00,4554
BSE,HINDHARD,INE724D01011,X,833.40,849.00,823.00,836.00,833.95,322,268296.00,29
BSE,HINDMOTORS,INE253A01025,XT,15.60,15.79,15.40,15.58,15.60,78570,1221829.00,621
BSE,HINDOILEXP,INE345A01011,B,159.95,162.25,159.00,161.60,160.75,12700,2040644.00,207
BSE,HINDPETRO,INE094A01015,A,395.80,395.80,390.50,393.20,393.00,255599,100406224.00,4431
BSE,HINDTIN,INE428D01019,X,103.00,104.00,100.55,103.25,103.00,3565,365060.00,54
BSE,HINDUNILVR,INE030A01027,A,2137.95,2137.95,2070.80,2084.00,2120.00,57944,121299216.00,5013
BSE,HINDUST,INE092301014,X,39.65,39.65,38.49,39.00,38.34,360,14052.00,12
BSE,HINDWAREAP,INE05AN01011,B,227.10,227.10,219.00,219.65,221.45,2171,480398.00,150
BSE,HINDZINC,INE267A01025,A,550.95,563.90,547.00,563.20,546.20,290040,162046049.00,6767
BSE,HIPOLIN,INE963A01011,XT,116.50,116.50,116.00,116.50,114.25,842,98078.00,12
BSE,HIRECT,INE835D01023,B,1349.85,1379.15,1308.30,1321.55,1337.80,9693,13016093.00,552
BSE,HISARMETAL,INE598C01011,B,146.05,146.80,146.05,146.80,152.00,231,33740.00,9
BSE,HISARSP,INE689E01014,P,42.71,42.71,42.71,42.71,44.95,100,4271.00,1
BSE,HITECH,INE106T01025,B,85.50,86.80,85.50,85.94,85.49,40858,3516929.00,446
BSE,HITECHCORP,INE120D01012,T,325.90,326.35,318.05,318.55,320.55,695,222868.00,11
BSE,HITECHGEAR,INE127B01011,T,575.00,585.00,562.20,569.95,591.25,695,393276.00,15
BSE,HITKITGLO,INE309B01023,X,2.48,2.49,2.48,2.49,2.38,7621,18947.00,14
BSE,HITTCO,INE863C01019,XT,12.28,12.28,11.28,11.43,11.77,2274,26934.00,18
BSE,HLEGLAS,INE461D01028,B,422.85,425.00,414.45,422.95,421.85,21405,8936256.00,746
BSE,HLVLTD,INE102A01024,B,7.25,7.29,7.04,7.15,7.16,14970,106803.00,78
BSE,HMAAGRO,INE0ECP01024,B,21.00,21.50,20.50,20.84,20.86,76436,1603048.00,562
BSE,HMEML,INE0DZD01015,M,49.75,50.00,49.75,50.00,50.42,3200,159600.00,2
BSE,HMT,INE262A01018,Z,60.00,60.98,60.00,60.04,60.00,1964,118011.00,23
BSE,HMVL,INE871K01015,B,95.50,107.60,94.16,104.89,94.53,23174,2357689.00,405
BSE,HNDFDS,INE254N01026,B,595.15,595.15,575.00,586.55,587.80,19854,11555939.00,549
BSE,HOCL,INE048A01011,T,42.16,42.16,40.17,41.62,40.16,281492,11842256.00,491
BSE,HOM,INE982C01033,XT,2.05,2.05,2.05,2.05,2.09,27732,56850.00,35
BSE,HOMEFIRST,INE481N01025,A,1186.10,1186.10,1157.15,1169.55,1171.35,5892,6865490.00,555
BSE,HONASA,INE0J5401028,A,461.90,469.00,453.55,459.15,458.10,53931,24820589.00,1472
BSE,HONAUT,INE671A01010,A,38390.00,38595.00,38100.00,38186.65,38585.30,124,4745570.00,65
BSE,HONDAPOWER,INE634A01018,B,2100.00,2115.80,2094.55,2107.60,2094.55,245,516247.00,96
BSE,HORIZON,INE1SEO01013,M,144.50,144.70,141.00,141.50,143.10,15600,2236320.00,13
BSE,HOTLSILV,INE731B01010,X,11.00,11.15,11.00,11.00,11.00,2573,28303.00,11
BSE,HOWARHO,INE931B01016,X,20.00,20.50,19.03,20.50,20.00,693,13844.00,9
BSE,HPAL,INE0GSL01024,B,33.01,34.20,33.01,33.99,34.06,8022,270566.00,221
BSE,HPBL,INE136C01044,X,185.00,189.45,180.05,182.50,185.15,7064,1309874.00,62
BSE,HPIL,INE05X901010,B,122.00,127.00,121.10,127.00,127.45,417,50510.00,26
BSE,HPL,INE495S01016,B,334.05,338.95,333.15,335.90,336.10,5670,1902773.00,214
BSE,HRS,INE1E1V01017,M,247.00,249.00,246.35,246.35,246.80,4800,1185000.00,12
BSE,HRYNSHP,INE400G01011,X,100.00,104.00,99.10,103.05,100.05,4508,459297.00,47
BSE,HSCL,INE019C01026,A,751.15,760.00,741.25,750.60,748.85,98617,74103146.00,2071
BSE,HSIL,INE0GYI01028,MT,366.10,382.35,366.10,382.35,377.80,5200,1932700.00,13
BSE,HTMEDIA,INE501G01024,B,25.15,27.40,24.60,26.73,24.75,43496,1128666.00,171
BSE,HUBTOWN,INE703H01016,A,188.35,193.80,186.00,188.15,191.05,45168,8551461.00,610
BSE,HUDCO,INE031A01017,A,196.85,205.00,196.65,202.90,199.55,329864,66075633.00,3371
BSE,HUHTAMAKI,INE275B01026,B,297.25,300.20,285.00,288.70,300.05,22366,6553422.00,426
BSE,HYBRIDFIN,INE965B01022,T,18.50,18.50,18.50,18.50,19.00,4,74.00,1
BSE,HYPERSOFT,INE039D01014,X,214.00,214.00,198.70,210.85,208.05,14227,2972226.00,159
BSE,HYUNDAI,INE0V6F01027,A,2208.50,2240.00,2192.00,2192.00,2206.20,936675,2077406584.00,2942
BSE,IBINFO,INE678B01039,XT,41.29,41.31,41.00,41.31,39.35,5461,224920.00,47
BSE,IBULLSLTD,INE126M01010,T,27.05,28.29,27.00,27.72,27.20,315569,8704862.00,1031
BSE,ICDSLTD,INE613B01010,B,42.38,42.99,42.38,42.81,41.34,577,24485.00,8
BSE,ICICIAMC,INE346A01027,A,3109.55,3109.55,3057.00,3062.35,3099.50,12279,37812311.00,2153
BSE,ICICIBANK,INE090A01021,A,1450.00,1453.40,1431.00,1445.00,1444.20,487519,703264546.00,6767
BSE,ICICIGI,INE765G01017,A,1672.40,1672.45,1633.00,1645.50,1651.45,36240,59543825.00,3307
BSE,ICICIPRULI,INE726G01019,A,520.30,520.35,502.20,509.55,514.00,59870,30448158.00,2226
BSE,ICIL,INE483B01026,A,409.30,421.35,406.90,420.15,409.65,13143,5457277.00,481
BSE,ICL,INE407P01017,XT,37.00,37.25,37.00,37.00,37.27,160,5932.00,11
BSE,ICODEX,INE111601014,M,35.90,39.20,35.90,39.20,38.95,2400,90120.00,2
BSE,ICONIKSPEV,INE088P01015,X,34.01,37.02,33.63,33.63,35.40,22410,759529.00,79
BSE,ICRA,INE725G01011,B,5131.00,5180.00,5070.00,5142.90,5112.90,1472,7560982.00,293
BSE,ICSL,INE682B01023,X,4.03,4.03,3.91,3.91,3.91,662,2666.00,13
BSE,IDBI,INE008A01015,A,85.09,85.09,83.98,84.54,84.65,127902,10799762.00,912
BSE,IDEA,INE669E01016,A,12.87,13.05,12.74,12.80,12.87,18564545,239175130.00,189391
BSE,IDEAFORGE,INE349Y01013,T,886.00,899.00,863.10,882.65,889.75,11899,10512711.00,703
BSE,IDFCFIRSTB,INE092T01019,A,85.76,86.15,84.50,85.51,84.22,508229,43486983.00,5816
BSE,IECEDU,INE172B01017,X,21.48,21.48,21.47,21.47,21.48,1361,29222.00,8
BSE,IEX,INE022Q01020,A,128.30,129.45,127.00,128.95,127.35,300333,38579403.00,2674
BSE,IFBAGRO,INE076C01018,T,975.00,987.00,972.50,974.60,990.00,35,34232.00,19
BSE,IFBIND,INE559A01017,B,1356.05,1373.60,1352.00,1368.05,1348.50,2698,3687558.00,389
BSE,IFCI,INE039A01010,A,76.80,77.53,75.60,75.90,77.38,1179046,90008601.00,6688
BSE,IFGLEXPOR,INE133Y01011,B,208.90,219.00,206.80,216.75,209.05,6381,1357271.00,237
BSE,IFINSEC,INE474O01010,X,216.50,216.50,214.00,214.00,214.40,1367,293018.00,15
BSE,IFINSER,INE064T01018,X,12.87,12.87,11.77,11.92,12.88,4451,53428.00,48
BSE,IFL,INE714U01024,B,0.36,0.37,0.36,0.37,0.36,1745644,634050.00,477
BSE,IGARASHI,INE188B01013,B,471.00,476.05,459.35,460.40,467.40,5903,2766540.00,209
BSE,IGCIL,INE099S01016,X,2.16,2.16,2.04,2.09,2.15,71295,147269.00,94
BSE,IGCL,INE05J901018,B,75.40,75.96,75.05,75.17,75.29,2987,225770.00,44
BSE,IGIL,INE0Q9301021,A,371.35,371.35,345.00,359.00,364.80,40293,14689044.00,1081
BSE,IGL,INE203G01027,A,156.00,156.80,153.60,153.95,156.10,54872,8496612.00,1367
BSE,IGPL,INE204A01010,B,500.10,510.00,495.05,502.95,496.75,6904,3466863.00,280
BSE,IIFL,INE530B01024,A,621.85,621.85,605.20,607.75,617.55,41526,25432492.00,893
BSE,IIFLCAPS,INE489L01022,A,339.95,339.95,334.05,334.95,336.70,13561,4542241.00,184
BSE,IIRM,INE670C01026,XT,143.95,143.95,134.00,136.80,139.90,17787,2451407.00,131
BSE,IISL,INE818R01011,XT,12.02,12.02,12.02,12.02,12.65,106,1274.00,2
BSE,IITL,INE886A01014,B,163.80,163.80,139.15,141.20,151.30,57070,8309910.00,631
BSE,IITLPROJ,INE786E01018,XT,55.23,55.23,55.23,55.23,52.60,5835,322267.00,18
BSE,IKIO,INE0LOJ01019,B,205.55,205.55,198.00,200.10,201.35,7468,1503765.00,139
BSE,IKOMA,INE164D01010,XT,60.00,63.40,59.67,59.67,62.81,79566,4822524.00,229
BSE,IKS,INE115Q01022,A,1872.20,1883.00,1840.00,1848.50,1845.65,136916,252887700.00,1768
BSE,IL&FSENGG,INE369I01014,Z,34.44,35.97,34.44,35.02,36.25,8669,302196.00,29
BSE,IL&FSTRANS,INE975G01012,Z,2.12,2.16,2.08,2.15,2.18,5641,11995.00,17
BSE,IMAGICAA,INE172N01012,B,49.39,50.03,48.03,48.74,49.26,22905,1119529.00,174
BSE,IMEC,INE611C01020,X,111.70,112.50,102.55,105.85,108.50,1019,108389.00,60
BSE,IMFA,INE919H01018,A,1509.75,1533.20,1440.05,1467.60,1495.45,50685,75944579.00,3215
BSE,IMPAL,INE547E01014,B,1101.00,1115.80,1101.00,1108.20,1069.45,198,219651.00,37
BSE,IMPEXFERRO,INE691G01015,Z,2.82,2.82,2.82,2.82,2.69,10909,30763.00,17
BSE,INA,INE0LGX01024,B,113.10,117.50,110.70,115.70,113.25,174661,19856485.00,1113
BSE,INANI,INE635D01027,X,9.20,9.34,9.00,9.00,9.15,4347,39473.00,29
BSE,INANISEC,INE224C01014,XT,23.00,23.00,22.50,22.50,21.91,1000,22900.00,3
BSE,INCAP,INE437C01012,XT,93.56,93.56,90.00,93.55,89.11,586,54467.00,14
BSE,INCON,INE507D01010,XT,26.36,26.36,26.36,26.36,26.89,1014,26729.00,7
BSE,INCREDIBLE,INE452L01012,B,33.95,33.95,33.95,33.95,32.65,5,169.00,1
BSE,INDAG,INE802D01023,XT,99.20,100.00,94.53,97.28,99.20,3931,381989.00,70
BSE,INDBANK,INE841B01017,B,32.69,32.75,32.18,32.48,32.69,1044,33811.00,62
BSE,INDBNK,INE969D01012,B,54.00,54.00,50.50,52.28,49.15,2621,136706.00,34
BSE,INDCEMCAP,INE429D01017,XT,22.39,22.39,22.39,22.39,21.96,12235,273941.00,23
BSE,INDCTST,INE146H01018,X,48.20,52.00,48.20,52.00,51.00,161,8223.00,8
BSE,INDERGR,INE628F01019,XT,31.49,31.49,31.40,31.40,31.49,3,94.00,2
BSE,INDGELA,INE342D01012,X,375.85,378.80,366.15,374.60,374.00,1462,546212.00,57
BSE,INDGN,INE065X01017,A,548.90,567.45,543.00,554.05,544.45,382332,213331832.00,3014
BSE,INDHOTEL,INE053A01029,A,753.25,753.25,739.80,745.10,746.55,574731,426787391.00,1363
BSE,INDIACEM,INE383A01012,A,390.65,396.70,388.80,391.35,390.65,5933,2329006.00,240
BSE,INDIAGLYCO,INE560A01023,A,1139.10,1184.35,1139.10,1164.50,1146.20,10024,11650129.00,788
BSE,INDIAHOME,INE274E01015,X,32.00,32.00,29.50,30.75,30.98,1167,34657.00,17
BSE,INDIAHOMES,INE072A01029,XT,22.49,22.65,21.91,22.45,22.15,1003235,22539846.00,314
BSE,INDIAMART,INE933S01016,A,1800.10,1813.65,1772.00,1775.80,1797.70,4676,8389942.00,470
BSE,INDIANACRY,INE862B01013,X,5.80,5.94,5.72,5.78,5.80,12093,70087.00,55
BSE,INDIANB,INE562A01011,A,849.30,852.50,837.55,842.40,837.00,26342,22219080.00,1229
BSE,INDIANCARD,INE061A01014,B,222.50,222.50,222.00,222.00,220.00,116,25757.00,2
BSE,INDIANHUME,INE323C01030,B,414.45,419.50,394.00,395.90,413.75,7590,3080056.00,390
BSE,INDIANVSH,INE131H01028,X,6.27,6.48,5.76,6.40,6.25,13116,84528.00,27
BSE,INDIASHLTR,INE922K01024,A,723.00,735.85,720.80,732.65,724.20,3907,2845828.00,510
BSE,INDIGO,INE646L01027,A,5405.00,5428.00,5303.00,5330.00,5389.00,192253,1038230050.00,6988
BSE,INDIGOPNTS,INE09VQ01012,A,1091.50,1098.00,1081.00,1089.35,1086.70,1182,1288275.00,179
BSE,INDIGRID,INE219X23014,IF,178.36,179.00,177.41,177.77,178.37,140195,24921675.00,714
BSE,INDINFO,INE300B01022,X,0.61,0.61,0.58,0.59,0.60,1746145,1035991.00,629
BSE,INDIQUBE,INE06ST01018,B,174.90,174.90,170.20,171.25,174.90,871,149362.00,57
BSE,INDLEASE,INE333C01013,X,6.72,6.72,6.72,6.72,6.72,1,6.00,1
BSE,INDNIPPON,INE092B01025,B,1178.75,1186.55,1160.30,1174.95,1178.75,4952,5848915.00,402
BSE,INDOAMIN,INE760F01028,T,127.75,127.75,124.75,127.45,127.75,2871,362219.00,44
BSE,INDOBELL,INE0FK501019,MT,77.90,78.02,74.00,77.85,74.31,13500,1039822.00,18
BSE,INDOBORAX,INE803D01021,B,416.50,416.50,403.30,404.55,419.10,11434,4657336.00,375
BSE,INDOCITY,INE456B01014,XT,12.50,12.50,12.13,12.13,12.76,5841,70858.00,15
BSE,INDOCO,INE873D01024,B,221.55,228.15,221.20,223.40,222.45,16775,3756104.00,399
BSE,INDOEURO,INE319N01019,X,8.50,8.50,8.49,8.49,8.49,1050,8922.00,11
BSE,INDOFARM,INE622H01018,B,161.55,161.55,157.05,157.40,161.70,10018,1594827.00,251
BSE,INDOKEM,INE716F01012,B,637.00,637.00,590.00,598.80,614.55,10133,6139144.00,493
BSE,INDOMIM,INE084101034,B,772.90,780.00,750.15,769.55,769.10,171390,131152565.00,7361
BSE,INDORAMA,INE156A01020,B,63.36,66.21,61.77,64.54,63.36,71776,4594476.00,619
BSE,INDOSMC,INE0WKY01013,MT,461.70,461.70,439.40,439.45,462.50,31000,13795000.00,31
BSE,INDOSTAR,INE896L01010,B,245.55,246.70,236.05,238.25,245.55,7800,1873341.00,193
BSE,INDOTECH,INE332H01014,T,3475.00,3574.00,3437.75,3565.30,3472.35,557,1965637.00,110
BSE,INDOTHAI,INE337M01021,B,136.20,136.20,136.20,136.20,170.25,87132,11867378.00,828
BSE,INDOUS,INE250Z01010,B,83.00,83.48,83.00,83.00,83.79,1178,97781.00,16
BSE,INDOWIND,INE227G01018,T,9.24,9.24,8.78,9.16,9.24,68521,613654.00,88
BSE,INDPRUD,INE620D01011,B,6649.00,6649.00,6506.10,6560.00,6580.00,41,268329.00,10
BSE,INDRAMEDCO,INE681B01017,A,369.00,373.95,367.00,370.45,368.30,11078,4105678.00,361
BSE,INDRANIB,INE007C01021,X,7.50,7.69,7.25,7.58,7.47,88606,658173.00,148
BSE,INDRENEW,INE138O01029,Z,13.40,14.35,13.40,14.30,14.10,57711,820927.00,84
BSE,INDSILHYD,INE867D01018,X,39.00,40.00,39.00,39.90,39.55,6262,248848.00,43
BSE,INDSUCR,INE557C01017,X,75.19,75.75,73.72,75.45,74.09,6557,490027.00,50
BSE,INDSWFTLAB,INE915B01019,B,229.50,237.45,228.20,230.55,227.90,16024,3734636.00,411
BSE,INDTERRAIN,INE611L01021,B,36.01,38.42,31.61,31.72,33.39,48650,1713199.00,968
BSE,INDTONER,INE826B01026,X,48.99,49.29,45.40,47.57,48.48,18585,880718.00,241
BSE,INDUSFINL,INE935D01013,XT,169.00,169.00,159.40,167.00,167.75,11413,1855213.00,87
BSE,INDUSINDBK,INE095A01012,A,1026.30,1026.35,1015.60,1021.00,1016.65,32238,32895062.00,1771
BSE,INDUSINVIT,INE0NHL23019,IF,131.05,132.98,131.05,132.13,132.22,3957,522841.00,262
BSE,INDUSTOWER,INE121J01017,A,396.00,396.00,387.15,389.50,395.40,1758229,683216783.00,2186
BSE,INDXTRA,INE056E01024,X,6.12,6.12,5.87,5.99,5.86,33369,199736.00,112
BSE,INFINITY,INE16XA01017,M,380.00,380.00,380.00,380.00,404.00,400,152000.00,1
BSE,INFLAME,INE464Z01017,M,220.00,226.90,217.20,224.55,219.95,31750,6970100.00,58
BSE,INFOBEAN,INE344S01016,B,171.20,173.75,170.15,172.90,171.15,18110,3117344.00,276
BSE,INFOMEDIA,INE669A01022,B,5.38,5.76,5.35,5.35,5.36,325,1739.00,4
BSE,INFONATIVE,INE12IB01015,M,39.00,39.39,38.55,38.55,38.00,4800,187104.00,3
BSE,INFORTEC,INE123E01014,X,80.05,80.05,80.05,80.05,80.05,50,4002.00,1
BSE,INFRONICS,INE463B01036,X,23.05,23.06,23.05,23.06,21.98,5042,116259.00,27
BSE,INFY,INE009A01021,A,1177.35,1177.35,1153.40,1165.00,1170.00,289049,335457912.00,8310
BSE,INGERRAND,INE177A01018,B,4372.40,4444.00,4295.95,4361.45,4318.45,374,1635108.00,81
BSE,INLANPR,INE055O01033,XT,69.90,69.90,69.90,69.90,71.32,1,69.00,1
BSE,INLCM,INE359D01024,X,587.80,617.10,587.80,616.65,587.80,3545,2182407.00,161
BSE,INNOVACAP,INE0DUT01020,B,955.10,958.25,939.70,941.70,950.65,2158,2047006.00,104
BSE,INNOVANA,INE403Y01018,B,330.00,330.55,322.00,322.00,320.25,921,299402.00,6
BSE,INNOVATORS,INE870Z01015,M,117.90,117.90,114.00,114.00,112.80,2400,278560.00,3
BSE,INNOVISION,INE0ADB01012,B,285.05,287.80,284.60,286.40,285.50,342,97796.00,64
BSE,INNOVTEC,INE965C01038,X,13.55,14.24,13.55,14.20,14.04,2014,27965.00,15
BSE,INOXGREEN,INE510W01014,T,175.00,179.30,167.60,178.05,173.90,18919,3256950.00,191
BSE,INOXINDIA,INE616N01034,A,1836.10,1947.90,1824.00,1897.75,1911.90,26542,50199935.00,2675
BSE,INOXWIND,INE066P01011,A,78.93,80.60,78.77,79.29,79.00,726164,57729747.00,4081
BSE,INSECTICID,INE070I01018,B,659.70,668.95,650.90,659.00,663.70,1082,712668.00,110
BSE,INTCAPL,INE366H01012,X,12.80,12.80,12.80,12.80,12.83,5,64.00,1
BSE,INTECCAP,INE017E01018,XT,15.99,15.99,15.20,15.69,15.99,2152,32766.00,5
BSE,INTEGFD,INE177M01013,XT,141.85,148.50,134.85,147.40,141.85,3159,450513.00,46
BSE,INTEGHIT,INE934A01012,X,3.90,4.02,3.90,4.00,3.90,3609,14475.00,8
BSE,INTEGRAEN,INE984B01023,XT,165.15,174.00,165.15,167.25,167.60,6536,1106781.00,78
BSE,INTELLECT,INE306R01017,A,759.45,760.10,741.50,748.55,748.20,17185,12860434.00,1255
BSE,INTENTECH,INE781A01025,B,85.01,85.01,80.10,81.97,83.70,12617,1034893.00,154
BSE,INTERARCH,INE00M901018,B,1858.95,1870.00,1835.00,1841.25,1846.40,2478,4579388.00,262
BSE,INTLCOMBQ,INE403C01014,X,535.85,535.85,516.00,522.95,521.00,3664,1916167.00,87
BSE,INTLCONV,INE575C01027,B,75.90,75.90,74.14,75.13,74.09,744,55662.00,38
BSE,INTRGLB,INE661M01016,X,64.90,64.90,63.99,63.99,62.30,18,1166.00,6
BSE,INTSTOIL,INE003B01014,X,41.00,41.00,38.00,38.03,38.09,251,9559.00,14
BSE,INVENTURE,INE878H01024,B,0.93,0.93,0.91,0.92,0.92,158395,145897.00,137
BSE,INVIGO,INE359A01012,X,6.57,6.80,6.10,6.49,6.57,19410,128997.00,82
BSE,INVPRECQ,INE155E01016,T,1078.00,1135.45,1078.00,1121.80,1119.95,2736,3030900.00,95
BSE,IOB,INE565A01014,A,34.12,34.49,34.02,34.30,34.08,107007,3665574.00,601
BSE,IOC,INE242A01010,A,143.20,143.85,141.80,142.70,142.85,290627,41496805.00,3764
BSE,IOLCP,INE485C01029,B,152.80,155.30,151.00,153.70,151.65,69874,10684913.00,1732
BSE,IONEXCHANG,INE570A01022,A,428.95,431.65,415.50,423.45,430.75,33958,14489624.00,1102
BSE,IPCALAB,INE571A01038,A,1752.60,1752.60,1645.90,1682.25,1723.25,74803,128852126.00,1135
BSE,IPL,INE0D6701023,B,148.40,149.90,145.45,145.55,148.40,26214,3834364.00,587
BSE,IPRINGLTD,INE558A01019,X,130.00,137.40,127.00,128.95,131.30,1794,232238.00,32
BSE,IRB,INE821I01022,A,20.27,20.27,20.10,20.13,20.18,713977,14379591.00,2144
BSE,IRBINVIT,INE183W23014,IF,63.25,63.40,62.81,63.27,63.02,72872,4602628.00,799
BSE,IRCON,INE962Y01021,A,131.70,132.90,129.85,131.90,131.90,229641,30241890.00,2053
BSE,IRCTC,INE335Y01020,A,513.00,513.00,506.20,510.10,513.00,71066,36190567.00,3029
BSE,IREDA,INE202E01016,A,122.35,122.35,118.20,120.45,122.90,1180167,142223435.00,65499
BSE,IRFC,INE053F01010,A,90.26,90.52,89.60,89.80,90.15,592152,53262261.00,3847
BSE,IRIS,INE864K01010,B,253.50,264.10,253.15,260.20,251.70,2512,651853.00,105
BSE,IRMENERGY,INE07U701015,B,269.90,276.50,264.60,272.40,264.95,11883,3237590.00,398
BSE,IRONWOOD,INE791H01011,X,56.00,56.00,50.65,50.96,53.78,9679,499338.00,66
BSE,ISERA,INE899M01020,XT,143.90,143.90,143.90,143.90,143.90,3852,554302.00,15
BSE,ISFL,INE973B01026,X,0.73,0.73,0.70,0.70,0.73,11806,8556.00,19
BSE,ISFT,INE566K01011,B,83.95,83.99,79.60,79.71,83.03,1633,134234.00,60
BSE,ISGEC,INE858B01029,B,838.55,838.80,830.95,833.10,838.95,2626,2192665.00,361
BSE,ISHANCH,INE561M01018,B,51.80,53.15,51.20,53.15,51.73,602,30965.00,10
BSE,ISHITADR,INE806D01016,X,73.25,77.80,73.25,77.78,77.11,2129,163914.00,9
BSE,ISLCONSUL,INE569B01022,X,15.72,16.89,15.50,16.39,15.72,875,14225.00,17
BSE,ISTLTD,INE684B01029,X,640.00,654.50,639.95,650.00,654.20,267,172899.00,26
BSE,ISTRNETWK,INE532B01020,X,47.09,48.00,45.50,47.02,47.37,11221,522355.00,116
BSE,ITC,INE154A01025,A,286.80,288.70,284.75,286.00,286.30,458891,131584640.00,6363
BSE,ITCHOTELS,INE379A01028,A,165.70,165.90,163.20,165.30,165.20,586544,96899498.00,1703
BSE,ITCONS,INE0O6A01019,M,272.95,277.30,268.00,277.30,273.90,4600,1261370.00,12
BSE,ITDC,INE353K01014,B,715.15,715.15,701.35,705.45,713.85,17819,12636254.00,629
BSE,ITHL,INE262B01016,X,304.85,308.30,304.10,305.75,304.10,764,233234.00,54
BSE,ITI,INE248A01017,B,281.90,286.50,280.90,282.65,282.20,29428,8339720.00,676
BSE,ITL,INE478D01014,X,318.00,318.00,305.00,309.00,318.35,2077,641065.00,99
BSE,IVALUE,INE056801025,B,279.75,279.75,273.40,276.45,274.05,2810,775490.00,173
BSE,IVC,INE050B01023,B,8.47,8.57,8.45,8.50,8.47,14776,125552.00,118
BSE,IVP,INE043C01018,T,159.00,159.40,155.05,159.40,157.50,29,4592.00,3
BSE,IWP,INE586E01020,B,33.33,34.00,32.85,33.70,33.50,361,12217.00,14
BSE,IXIGO,INE0HV901016,A,202.35,202.35,195.60,196.35,199.00,17232,3404896.00,276
BSE,IZMO,INE848A01014,B,972.55,1010.30,970.50,993.05,987.85,9435,9282287.00,484
BSE,J&KBANK,INE168A01041,A,156.00,158.50,155.55,157.80,156.25,287958,45233930.00,2670
BSE,JACKSON,INE508N01025,X,0.39,0.40,0.39,0.40,0.40,115985,45856.00,94
BSE,JAFINANCE,INE825B01010,X,114.85,114.85,114.85,114.85,109.40,481,55242.00,3
BSE,JAGAJITIND,INE574A01016,X,132.50,138.00,132.50,137.40,134.80,12360,1686275.00,139
BSE,JAGANLAM,INE144C01014,X,46.99,47.43,44.75,47.10,46.76,2551,117709.00,40
BSE,JAGJANANI,INE702H01018,X,5.35,5.35,4.35,4.35,4.90,1454,6935.00,14
BSE,JAGRAN,INE199G01027,B,63.81,63.81,62.70,63.03,62.96,9268,583603.00,221
BSE,JAGSNPHARM,INE048B01035,B,234.70,238.35,230.35,236.65,235.60,17730,4123404.00,339
BSE,JAGSONSER,INE582C01015,X,56.10,58.50,56.01,58.19,58.95,1213,69958.00,8
BSE,JAIBALAJI,INE091G01026,T,60.86,63.80,60.86,63.46,60.84,36471,2293890.00,239
BSE,JAICORPLTD,INE070D01027,B,103.85,104.35,103.00,103.25,103.90,12519,1295911.00,196
BSE,JAIHIND,INE156E01014,X,39.85,39.85,34.01,39.85,37.51,90192,3259663.00,210
BSE,JAIMATAG,INE250C01027,XT,3.16,3.16,3.16,3.16,3.01,120106,379534.00,81
BSE,JAINCO,INE966C01010,X,4.65,4.65,4.60,4.60,4.65,1550,7155.00,7
BSE,JAINEX,INE280F01019,X,118.00,124.75,115.00,119.00,125.85,332,39044.00,12
BSE,JAINREC,INE0YD401026,B,321.80,332.10,312.15,323.25,350.35,560972,181908537.00,12135
BSE,JAIPAN,INE058D01030,X,36.34,38.00,36.01,36.45,36.72,9822,362980.00,47
BSE,JAMESWARREN,INE718P01017,X,269.75,269.75,265.05,265.05,258.35,149,39579.00,13
BSE,JAMNAAUTO,INE039C01032,A,142.50,143.45,140.20,142.05,140.90,376494,53584127.00,3487
BSE,JAMSHRI,INE462D01034,X,76.20,77.00,73.76,74.17,75.00,1566,116783.00,49
BSE,JARO,INE00YJ01010,B,474.00,474.00,455.35,458.05,472.00,5631,2594965.00,295
BSE,JASCH,INE711C01028,XT,311.40,311.40,295.85,295.85,311.40,4350,1296389.00,73
BSE,JASH,INE039O01029,B,500.85,500.85,492.10,495.00,498.50,3168,1574070.00,298
BSE,JATTAINDUS,INE722N01014,X,430.00,430.00,405.00,421.00,440.00,38,16184.00,6
BSE,JAUSPOL,INE593O01017,X,24.50,25.22,22.82,25.22,24.02,106,2478.00,11
BSE,JAYAGROGN,INE785A01026,B,233.70,233.70,221.40,223.75,231.65,750,169153.00,34
BSE,JAYANT,INE0KR801019,MT,72.01,72.01,72.00,72.00,75.00,2250,162015.00,2
BSE,JAYATMA,INE246D01015,XT,31.46,31.46,31.46,31.46,32.10,1,31.00,1
BSE,JAYBARMARU,INE571B01036,B,162.05,164.80,160.05,162.50,162.05,25641,4177384.00,604
BSE,JAYCH,INE693E01016,X,6.05,6.20,5.98,6.11,6.09,6350,38749.00,36
BSE,JAYKAILASH,INE0MSS01019,MT,43.15,45.25,43.13,44.38,45.40,56000,2424144.00,27
BSE,JAYKAY,INE903A01025,B,165.40,168.05,160.45,161.25,165.10,21408,3477431.00,251
BSE,JAYNECOIND,INE854B01010,A,88.75,89.54,87.50,87.83,88.15,110693,9778279.00,735
BSE,JAYSREETEA,INE364A01020,B,82.76,88.39,82.76,87.79,82.76,9106,782781.00,457
BSE,JAYSYNTH,INE263B01022,X,13.93,14.28,13.26,13.62,13.87,21101,288782.00,75
BSE,JAYUSH,INE289D01015,X,887.95,888.00,860.00,866.00,863.30,508,441833.00,21
BSE,JBMA,INE927D01051,A,661.25,663.00,657.05,659.75,662.35,18910,12483530.00,612
BSE,JDCABLES,INE14VP01014,M,213.45,216.85,210.60,215.00,213.45,12800,2744880.00,16
BSE,JENBURPH,INE354A01013,X,1096.60,1109.90,1070.00,1100.05,1090.75,1731,1900821.00,99
BSE,JETFREIGHT,INE982V01025,B,22.99,22.99,21.90,22.20,22.65,13114,294286.00,59
BSE,JETKINGQ,INE919C01019,X,102.00,102.00,97.04,97.20,98.61,1559,152163.00,24
BSE,JGCHEM,INE0MB501011,B,502.00,515.95,497.35,506.50,508.45,11628,5870296.00,352
BSE,JGTL,INE0QXV01014,X,533.00,540.00,520.00,530.60,516.30,800,424134.00,50
BSE,JHACC,INE865D01012,X,180.00,187.75,175.25,181.55,183.95,3099,557406.00,65
BSE,JHS,INE544H01014,B,7.65,7.78,7.51,7.75,7.73,2886,22242.00,15
BSE,JINDALPOLY,INE197D01010,B,626.00,630.65,620.00,625.10,625.85,596,371251.00,75
BSE,JINDALSAW,INE324A01032,A,262.65,266.00,260.20,263.60,259.15,44228,11627733.00,1110
BSE,JINDALSTEL,INE749A01030,A,1109.90,1121.40,1101.35,1121.00,1113.00,33176,37018808.00,1854
BSE,JINDCAP,INE356F01017,X,30.50,31.86,29.85,31.09,30.78,4017,122394.00,60
BSE,JINDHOT,INE726D01016,X,64.50,65.00,62.00,62.19,64.50,1101,69070.00,20
BSE,JINDRILL,INE742C01031,B,618.45,618.45,608.05,614.30,610.75,9711,5945252.00,231
BSE,JINDWORLD,INE247D01039,B,40.72,41.08,38.88,39.91,40.34,1651811,66339656.00,3628
BSE,JIOFIN,INE758E01017,A,264.55,266.50,262.00,264.55,262.00,1412434,373585228.00,9748
BSE,JISLJALEQS,INE175A01038,A,31.50,32.29,30.81,30.97,31.34,207002,6498246.00,979
BSE,JITFINFRA,INE863T01013,B,341.10,355.70,337.10,344.50,345.85,752,262185.00,88
BSE,JIVIAL,INE0V3T01017,M,78.00,79.00,75.30,79.00,79.00,3000,231780.00,5
BSE,JKAGRI,INE690O01011,X,317.95,326.40,306.95,311.65,311.15,5834,1847232.00,60
BSE,JKCEMENT,INE823G01014,A,5590.00,5590.00,5478.05,5493.35,5558.15,849,4686608.00,163
BSE,JKIL,INE576I01022,B,489.40,494.40,485.80,492.75,485.15,2707,1333044.00,115
BSE,JKIPL,INE1FF001016,T,94.36,100.95,94.36,96.83,98.89,5286,507113.00,29
BSE,JKLAKSHMI,INE786A01032,A,569.15,573.45,566.00,571.50,568.00,2827,1610312.00,171
BSE,JKPAPER,INE789E01012,A,383.85,386.40,380.65,382.55,385.85,13971,5365077.00,521
BSE,JKTYRE,INE573A01042,A,413.00,413.00,404.40,410.40,410.00,56197,22949127.00,1277
BSE,JLHL,INE682M01020,A,323.00,323.25,311.75,320.65,317.35,11632,3692715.00,255
BSE,JLL,INE919T01013,XT,131.20,131.20,131.20,131.20,133.85,19,2492.00,3
BSE,JMDVL,INE047E01031,XT,7.80,8.57,7.80,8.10,8.20,33918,276113.00,56
BSE,JMFINANCIL,INE780C01023,A,122.60,127.50,121.80,123.60,120.90,908640,113670021.00,5218
BSE,JMJFIN,INE242Q01016,X,9.98,9.98,9.35,9.60,9.62,50427,486026.00,116
BSE,JNKINDIA,INE0OAF01028,B,410.70,432.20,408.20,429.95,411.30,29492,12465380.00,1328
BSE,JOHNPHARMA,INE560F01022,X,0.47,0.48,0.47,0.48,0.47,743976,356164.00,293
BSE,JOINDRE,INE024B01010,X,50.50,50.50,48.18,49.34,50.35,1388,67909.00,36
BSE,JOJO,INE312M01016,X,271.00,297.40,266.00,287.75,264.85,82480,23434416.00,819
BSE,JOLYPLS,INE289M01016,XT,41.80,41.80,41.80,41.80,41.80,100,4180.00,1
BSE,JONJUA,INE793Z01027,MT,4.12,4.12,4.12,4.12,3.93,120525,496563.00,18
BSE,JOSTS,INE636D01041,X,220.50,225.00,220.50,224.90,220.55,8244,1850108.00,123
BSE,JPOLYINVST,INE147P01019,B,1041.90,1071.30,1024.00,1048.75,1041.90,736,770371.00,107
BSE,JPPOWER,INE351F01018,A,18.74,19.18,18.65,18.85,18.76,7140464,135063673.00,8202
BSE,JSFB,INE953L01027,A,584.35,593.00,570.00,574.45,585.15,49230,28455234.00,4843
BSE,JSL,INE220G01021,A,739.20,740.50,726.80,735.90,729.80,106470,78668554.00,1062
BSE,JSLINDL,INE581L01018,X,902.25,902.40,890.00,890.30,840.05,108,97409.00,6
BSE,JSLL,INE0J5801029,A,587.50,587.50,570.00,577.30,579.35,9612,5555093.00,355
BSE,JSTL,INE237B01018,X,75.80,78.00,73.00,77.04,74.22,18201,1376147.00,104
BSE,JSWCEMENT,INE718I01012,A,132.95,134.15,131.55,132.15,132.85,66977,8896588.00,729
BSE,JSWDULUX,INE133A01011,A,3029.85,3066.10,2953.00,2983.85,3002.85,1299,3911441.00,207
BSE,JSWENERGY,INE121E01018,A,569.35,570.75,565.25,567.00,558.90,145910,82772504.00,3912
BSE,JSWHL,INE824G01012,A,12253.80,12400.00,11948.65,12203.90,12013.60,489,5955081.00,198
BSE,JSWINFRA,INE880J01026,A,330.05,336.60,325.05,329.70,329.15,173166,57440072.00,4618
BSE,JSWSTEEL,INE019A01038,A,1291.45,1295.00,1275.70,1287.10,1280.00,26021,33491511.00,1802
BSE,JTEKTINDIA,INE643A01035,B,141.90,142.20,140.00,140.95,141.60,10145,1427773.00,174
BSE,JTLIND,INE391J01032,B,77.19,79.32,75.57,78.70,75.79,193466,15107463.00,990
BSE,JUBLCPL,INE03CC01015,B,1845.00,1910.95,1845.00,1875.80,1809.15,15,27829.00,4
BSE,JUBLFOOD,INE797F01020,A,470.00,472.20,461.50,465.10,467.00,77386,36128266.00,1682
BSE,JUBLINGREA,INE0BY001018,A,757.80,766.25,748.50,751.80,757.55,14777,11172281.00,848
BSE,JUBLPHARMA,INE700A01033,A,946.95,946.95,927.00,933.35,930.85,3627,3385540.00,277
BSE,JULIEN,INE890N01027,X,1.24,1.24,1.22,1.23,1.22,124987,153225.00,133
BSE,JUMBO,INE699D01015,X,92.00,102.00,91.56,97.33,91.30,89612,8680363.00,619
BSE,JUNIPER,INE696F01016,B,198.65,198.65,195.20,195.90,198.60,2666,524006.00,94
BSE,JUPITERIN,INE524N01014,X,51.05,53.79,49.25,49.26,51.84,34672,1724106.00,164
BSE,JUSTDIAL,INE599M01018,A,705.30,718.00,702.00,704.10,711.05,14467,10264278.00,584
BSE,JUSTO,INE0W5Q01017,M,86.00,86.00,86.00,86.00,90.00,1000,86000.00,1
BSE,JWL,INE209L01016,A,268.40,268.40,259.10,260.10,264.65,72592,18980277.00,1281
BSE,JYOTHYLAB,INE668F01031,A,206.60,206.60,200.95,201.90,206.05,27361,5551065.00,1062
BSE,JYOTI,INE511D01012,X,55.93,55.93,52.52,52.99,54.63,39350,2104257.00,198
BSE,JYOTICNC,INE980O01024,A,869.35,874.90,846.00,847.40,858.10,39781,34261115.00,1260
BSE,JYOTIRES,INE577D01013,B,935.00,945.00,925.50,930.60,941.15,4512,4224106.00,546
BSE,JYOTISTRUC,INE197A01024,B,11.62,11.73,11.37,11.60,11.58,364707,4198411.00,835
BSE,KABRADG,INE323K01017,X,24.00,25.44,23.90,24.04,24.04,64311,1576404.00,197
BSE,KABRAEXTRU,INE900B01029,B,419.95,422.45,410.00,413.40,418.20,8286,3461126.00,254
BSE,KABSON,INE645C01010,X,20.74,22.00,20.53,21.96,20.74,5233,113354.00,22
BSE,KACHCHH,INE059E01010,XT,22.78,25.16,22.78,25.16,23.97,2770,64628.00,10
BSE,KACL,INE229G01022,XT,6.23,6.30,6.23,6.30,6.35,776241,4889041.00,31
BSE,KAHAN,INE04T901017,MT,54.00,57.21,54.00,57.21,54.49,9600,540176.00,6
BSE,KAIRA,INE375D01012,X,1544.00,1638.00,1544.00,1624.35,1572.00,78,121382.00,10
BSE,KAIZENAGRO,INE891N01017,XT,9.92,10.44,9.92,10.44,10.44,3792,37736.00,10
BSE,KAJARIACER,INE217B01036,A,1224.35,1235.00,1189.95,1197.30,1212.65,103800,124637182.00,1318
BSE,KAJARIR,INE434C01027,XT,34.71,35.69,34.25,34.50,34.71,6336,221840.00,31
BSE,KAKA,INE0P3N01018,M,214.90,214.90,201.50,206.00,213.20,10500,2172200.00,21
BSE,KAKATCEM,INE437B01014,T,123.00,123.00,123.00,123.00,118.10,15,1845.00,1
BSE,KAKTEX,INE092E01011,X,9.58,9.58,9.58,9.58,9.58,11,105.00,3
BSE,KALAMANDIR,INE438K01021,B,88.85,91.24,88.01,88.13,90.06,41467,3696184.00,550
BSE,KALIND,INE377D01026,XT,8.93,8.93,8.93,8.93,9.39,234297,2092272.00,428
BSE,KALLAM,INE629F01025,XT,2.35,2.39,2.32,2.33,2.35,696,1630.00,18
BSE,KALPACOMME,INE059Q01014,X,6.89,10.29,6.89,10.29,8.60,330,3129.00,5
BSE,KALPATARU,INE227J01012,B,290.00,292.90,284.00,285.15,300.65,9885,2835943.00,343
BSE,KALYANCAP,INE149Q01021,XT,7.11,7.34,6.79,6.94,7.03,16017,111462.00,83
BSE,KALYANI,INE0N6U01018,M,759.50,759.50,735.10,749.80,753.85,1250,932100.00,5
BSE,KALYANIFRG,INE314G01014,B,594.05,718.00,594.00,610.75,599.00,406,253142.00,19
BSE,KALYANKJIL,INE303R01014,A,611.45,611.90,586.60,594.00,607.95,1776415,1063467989.00,24853
BSE,KAMADGIRI,INE535C01013,XT,140.80,142.70,131.50,141.95,135.95,2130,298163.00,33
BSE,KAMAHOLD,INE411F01010,B,2697.10,2697.10,2503.75,2511.20,2506.80,295,742326.00,37
BSE,KAMANWALA,INE344D01018,X,15.87,16.00,15.87,16.00,15.86,1680,26759.00,11
BSE,KAMATHOTEL,INE967C01018,B,179.95,179.95,170.60,174.00,171.10,5216,899007.00,399
BSE,KAMATS,INE564S01019,B,39.95,39.95,35.55,36.50,39.49,55272,2028418.00,169
BSE,KAMDHENU,INE390H01020,T,33.15,34.90,33.07,34.52,34.60,61040,2107209.00,309
BSE,KAMOPAINTS,INE0BTI01037,B,4.51,4.63,4.51,4.56,4.57,23292,106396.00,101
BSE,KANANIIND,INE879E01037,B,1.52,1.52,1.40,1.52,1.50,6675,10081.00,41
BSE,KANCHI,INE081G01019,T,370.00,372.20,350.20,350.20,365.80,444,159827.00,14
BSE,KANCOTEA,INE398L01017,X,48.30,48.30,46.45,48.19,48.02,282,13253.00,15
BSE,KANELIND,INE252C01023,XT,66.51,66.51,66.51,66.51,63.35,827,55003.00,4
BSE,KANORICHEM,INE138C01024,T,145.40,147.00,137.00,146.80,141.70,3731,513316.00,19
BSE,KANPRPLA,INE694E01014,B,214.95,217.15,212.00,212.25,211.20,5010,1070936.00,95
BSE,KANSAINER,INE531A01024,A,208.00,212.25,198.00,199.40,203.95,84816,17155984.00,1886
BSE,KANSHST,INE791E01018,X,50.98,51.22,49.22,51.18,49.80,2206,111973.00,37
BSE,KANUNGO,INE453S01015,X,12.56,12.57,12.56,12.57,11.98,62035,779549.00,19
BSE,KAPILRAJ,INE332Q01023,X,1.60,1.69,1.58,1.59,1.61,3522903,5657086.00,244
BSE,KARBON,INE0V8A01016,M,100.00,100.00,98.10,98.78,102.00,11200,1116080.00,11
BSE,KARNAVATI,INE554R01020,X,1.37,1.37,1.32,1.32,1.35,55378,73618.00,37
BSE,KARNAWATI,INE214D01021,X,1.21,1.25,1.17,1.20,1.23,98763,118166.00,108
BSE,KARTKIN,INE524U01019,XT,8862.10,8862.10,8825.00,8825.00,8688.35,27,239211.00,9
BSE,KARURVYSYA,INE036D01028,B,348.70,349.50,340.55,341.20,348.40,148882,51380855.00,4052
BSE,KASTURI,INE0T1301023,M,55.75,55.75,53.60,53.85,59.08,10000,548900.00,5
BSE,KATIPATANG,INE237C01016,X,16.40,16.98,16.40,16.97,15.44,109865,1858799.00,177
BSE,KATRSPG,INE498G01015,X,96.46,97.00,96.46,97.00,101.53,95,9210.00,3
BSE,KAUSHALYA,INE234I01028,T,900.30,924.00,900.30,924.00,895.00,29,26227.00,2
BSE,KAVDEFENCE,INE641C01019,B,59.34,59.34,57.00,57.04,58.21,7055,407162.00,155
BSE,KAYA,INE587G01015,B,274.65,275.45,262.70,266.65,276.15,790,211748.00,32
BSE,KAYCEEI,INE813G01023,X,921.90,935.00,912.20,922.75,921.90,258,238323.00,39
BSE,KAYNES,INE918Z01012,A,3808.95,3879.95,3796.30,3875.00,3780.00,61335,235096613.00,6063
BSE,KAYPOWR,INE961B01013,X,8.59,9.10,8.50,9.07,8.51,17562,153564.00,71
BSE,KBSINDIA,INE883D01023,X,1.45,1.45,1.36,1.40,1.44,66740,94381.00,88
BSE,KCDGROUP,INE185U01035,X,3.65,3.74,3.53,3.57,3.53,17858,65371.00,32
BSE,KCLINFRA,INE469F01026,X,1.15,1.17,1.14,1.16,1.13,58720,67784.00,95
BSE,KCP,INE805C01028,B,151.95,155.00,151.20,152.80,152.95,18085,2762270.00,314
BSE,KCPSUGIND,INE790B01024,B,32.59,33.84,30.89,31.31,32.70,59922,1947029.00,410
BSE,KDDL,INE291D01011,B,3478.05,3756.70,3478.05,3653.05,3453.55,8757,31862782.00,873
BSE,KEC,INE389H01022,A,485.00,488.00,473.10,474.20,478.75,95809,45782013.00,2448
BSE,KECL,INE134B01017,B,131.50,139.00,129.40,136.60,135.45,33743,4568433.00,686
BSE,KEERTHI,INE145L01012,X,45.39,45.39,40.50,41.12,40.00,3423,147483.00,29
BSE,KEI,INE878B01027,A,5234.90,5505.00,5194.25,5498.00,5010.00,220690,1185111301.00,30099
BSE,KEIL,INE534E01020,X,17.00,17.00,16.58,16.62,17.02,455,7580.00,10
BSE,KEL,INE079C01012,X,31.58,31.58,30.07,31.48,31.65,10,313.00,5
BSE,KELENRG,INE881E01017,XT,8889.00,9000.00,8700.00,8903.00,8840.45,505,4476598.00,115
BSE,KELLTONTEC,INE164B01030,B,14.21,14.39,14.15,14.24,14.32,99664,1420287.00,457
BSE,KEMISTAR,INE971L01029,X,52.00,52.00,47.00,48.70,49.21,8571,410095.00,39
BSE,KENNAMET,INE717A01029,B,2962.00,3038.00,2917.60,2996.55,2903.90,3351,10014903.00,1125
BSE,KENRIK,INE0AOG01018,M,7.02,7.02,7.02,7.02,7.38,6000,42120.00,1
BSE,KENVI,INE923Y01023,B,2.04,2.04,1.94,1.98,2.00,28064,55610.00,104
BSE,KERALAYUR,INE817B01025,X,156.00,159.80,153.05,156.00,154.50,3224,502923.00,131
BSE,KERNEX,INE202H01019,B,2278.30,2443.20,2278.30,2419.35,2282.10,20523,48683858.00,1335
BSE,KESAR,INE0L1C01019,M,1272.50,1272.50,1244.90,1269.65,1272.05,14600,18432220.00,85
BSE,KESARENT,INE133B01027,X,5.40,5.76,5.40,5.64,5.44,24380,134528.00,23
BSE,KESARPE,INE133C01033,X,17.06,17.40,16.50,16.88,17.06,36032,612160.00,140
BSE,KESORAMIND,INE087A01019,T,13.59,13.70,12.59,13.50,13.25,219012,2898201.00,411
BSE,KEYCORP,INE130F01016,X,76.18,76.18,69.31,75.08,72.73,2142,160329.00,43
BSE,KEYFINSERV,INE681C01015,B,258.00,258.00,248.05,256.25,256.50,605,155050.00,25
BSE,KFBL,INE991B01010,X,46.50,46.50,43.50,45.01,46.21,18736,833198.00,75
BSE,KFINTECH,INE138Y01010,A,958.20,961.65,937.30,947.00,944.50,50389,47835462.00,2206
BSE,KGDENIM,INE104A01012,X,14.70,14.70,13.50,13.98,14.45,4440,61803.00,66
BSE,KHADIM,INE834I01025,T,96.00,97.70,96.00,97.61,97.38,667,64870.00,27
BSE,KHAICHEM,INE745B01028,B,49.00,50.10,49.00,49.29,49.57,6682,329942.00,76
BSE,KHAITANLTD,INE731C01018,B,156.10,162.15,144.00,146.40,156.85,6111,952510.00,213
BSE,KHAZANCHI,INE0OWC01011,M,723.50,725.80,706.00,709.90,721.70,34000,24418987.00,116
BSE,KHOOBSURAT,INE731G01027,X,0.49,0.50,0.48,0.49,0.49,1700828,824328.00,246
BSE,KHYATI,INE593B01030,XT,2.85,3.10,2.85,2.91,2.97,1952,5746.00,13
BSE,KIAASA,INE1C3F01018,M,33.50,34.94,33.00,33.95,33.38,9000,304280.00,7
BSE,KICL,INE029L01018,B,5525.00,5534.00,5425.20,5425.20,5525.00,96,522950.00,32
BSE,KIDUJA,INE845A01028,X,16.26,16.26,16.17,16.17,16.34,45,731.00,5
BSE,KIFS,INE902D01013,X,108.90,108.90,108.00,108.00,113.00,75,8111.00,5
BSE,KILITCH,INE729D01010,T,190.00,194.95,186.30,188.10,186.80,1221,228800.00,14
BSE,KIMIABL,INE285U01025,X,32.25,32.50,30.99,31.00,31.68,4312,134721.00,47
BSE,KIMS,INE967H01025,A,804.85,822.20,785.20,793.60,820.30,40007,31957757.00,1577
BSE,KINETICENG,INE266B01017,XT,252.20,262.70,248.00,252.55,259.10,23877,5994222.00,263
BSE,KINETRU,INE674M01019,XT,43.88,43.88,43.88,43.88,42.00,102,4475.00,3
BSE,KINGFA,INE473D01015,B,5200.00,5250.00,5150.00,5168.10,5186.65,336,1747765.00,109
BSE,KINGSINFR,INE050N01010,X,111.90,112.80,110.30,111.10,110.90,6054,674197.00,97
BSE,KIOCL,INE880L01014,B,402.10,402.10,384.40,391.65,394.40,12571,4907257.00,541
BSE,KIRANSY-B,INE293D01017,X,13.30,13.30,13.30,13.30,13.99,5,66.00,2
BSE,KIRANVYPAR,INE555P01013,B,197.80,203.00,192.05,196.05,199.05,1460,294930.00,28
BSE,KIRIINDUS,INE415I01015,A,425.00,425.70,416.00,418.95,425.60,6148,2574519.00,270
BSE,KIRLFER,INE884B01025,B,470.00,474.55,463.85,464.30,475.00,4751,2221176.00,267
BSE,KIRLOSBROS,INE732A01036,A,1883.75,1906.05,1840.90,1892.45,1859.40,3091,5800791.00,335
BSE,KIRLOSENG,INE146L01010,A,2229.60,2285.00,2229.55,2270.35,2213.75,23809,53795887.00,1727
BSE,KIRLOSIND,INE250A01039,B,3962.20,3984.30,3910.35,3951.80,3963.60,164,650320.00,38
BSE,KIRLPNU,INE811A01020,A,1476.50,1495.10,1441.60,1450.05,1463.30,6361,9332395.00,1239
BSE,KISAAN,INE102C01020,X,11.86,11.99,11.01,11.91,11.58,5284,60949.00,33
BSE,KISAN,INE017C01012,XT,22.74,22.74,22.30,22.42,22.55,11831,265339.00,51
BSE,KISSHT,INE12F801023,B,313.40,318.00,305.00,307.80,313.75,119602,37093483.00,2389
BSE,KITEX,INE602G01020,A,147.55,148.00,145.15,146.35,146.15,18089,2647484.00,347
BSE,KIZI,INE0RMR01013,M,19.10,19.10,18.00,18.40,19.30,33000,603150.00,11
BSE,KJMCCORP,INE602C01011,X,50.91,52.00,47.51,52.00,53.98,649,32784.00,11
BSE,KJMCFIN,INE533C01018,X,56.00,56.00,55.00,55.00,56.24,22,1220.00,4
BSE,KKALPANAIND,INE301C01028,X,7.26,7.26,7.00,7.10,7.12,4975,35268.00,53
BSE,KKCL,INE401H01017,B,507.20,546.70,507.20,535.10,509.30,23553,12683234.00,682
BSE,KKSILK,INE0EOJ01014,MT,10.29,10.29,10.20,10.20,9.81,9000,92070.00,3
BSE,KLBRENG-B,INE338F01015,B,423.05,435.15,416.85,419.15,421.50,7401,3135543.00,429
BSE,KLRFM,INE014E01015,X,86.99,88.80,84.25,88.01,84.40,4703,407862.00,148
BSE,KMCSHIL,INE879K01018,B,128.65,128.75,125.60,126.25,126.80,92223,11672700.00,1485
BSE,KMEW,INE0CJD01029,B,2485.20,2549.00,2418.45,2527.75,2496.20,14992,37047227.00,1569
BSE,KMFBLDR,INE580H01026,X,6.95,6.95,6.61,6.61,6.95,919,6244.00,4
BSE,KMSUGAR,INE157H01023,B,28.60,29.57,28.60,28.79,28.36,15822,459429.00,247
BSE,KNACK,INE17QZ01016,B,196.25,203.95,196.25,198.90,197.00,61987,12438965.00,844
BSE,KNRCON,INE634I01029,A,127.80,129.25,125.40,128.15,126.45,74208,9503019.00,990
BSE,KOBO,INE881A01015,Z,8.33,8.33,7.69,7.69,8.09,25569,199936.00,74
BSE,KOHINOOR,INE080B01012,B,23.00,23.89,22.02,23.76,23.37,11083,259288.00,304
BSE,KOKUYOCMLN,INE760A01029,B,86.20,87.05,84.20,84.90,85.99,2302,197488.00,57
BSE,KOLTEPATIL,INE094I01018,B,391.40,399.80,385.55,398.05,390.50,2591,1019332.00,112
BSE,KONNDOR,INE971A01014,XT,14.76,14.86,14.76,14.86,14.70,302,4480.00,4
BSE,KOPRAN,INE082A01010,T,185.50,195.95,185.50,187.20,188.85,3296,622843.00,57
BSE,KOTAKBANK,INE237A01036,A,395.00,398.35,392.25,393.00,393.20,532465,209464550.00,2018
BSE,KOTHARIPRO,INE823A01017,B,69.01,69.02,67.10,67.43,69.50,348,23737.00,19
BSE,KOTIC,INE972A01020,B,156.30,158.00,156.20,156.40,156.30,1452,227896.00,53
BSE,KOTYARK,INE0J0B01017,T,37.00,37.46,35.53,37.46,35.68,141009,5252147.00,279
BSE,KOURA,INE0M8R01011,M,37.00,37.00,36.30,36.56,37.50,12000,440400.00,6
BSE,KOVAI,INE177F01017,B,5829.45,5918.45,5829.45,5866.65,5839.80,254,1490459.00,97
BSE,KPEL,INE127T01021,B,316.20,324.40,313.05,323.20,316.75,25992,8304389.00,580
BSE,KPGEL,INE0QVH01025,M,353.00,353.95,342.15,347.85,352.15,29500,10222487.00,107
BSE,KPIGREEN,INE542W01025,A,383.25,388.65,376.00,382.20,380.75,34746,13271798.00,868
BSE,KPIL,INE220B01022,A,1292.90,1295.20,1275.05,1280.10,1281.45,113570,145494884.00,483
BSE,KPITTECH,INE04I401011,A,624.95,629.10,618.10,624.00,619.25,177576,110800406.00,4393
BSE,KPL,INE552U01010,B,2500.15,2594.00,2476.00,2586.80,2556.50,1313,3360145.00,259
BSE,KPRMILL,INE930H01031,A,1063.85,1078.95,1053.60,1056.10,1063.85,7835,8348073.00,805
BSE,KPT,INE731D01024,X,509.85,509.85,498.20,503.35,494.55,1481,743968.00,79
BSE,KRANTI,INE911T01010,B,49.31,50.99,48.58,50.47,49.23,8064,404672.00,119
BSE,KRATIKAL,INE1L0M01019,M,157.75,158.95,153.05,154.10,160.80,52000,8067150.00,31
BSE,KRBL,INE001B01026,A,370.55,378.15,367.75,368.35,374.10,14752,5483977.00,432
BSE,KREONFIN,INE302C01018,XT,86.00,90.50,86.00,88.61,88.49,2319,206894.00,19
BSE,KRETTOSYS,INE128R01023,X,0.49,0.49,0.47,0.48,0.49,2496340,1184707.00,429
BSE,KRIDHANINF,INE524L01026,T,2.45,2.45,2.30,2.35,2.34,1355,3135.00,17
BSE,KRISHIVAL,INE0GGO01015,B,391.10,391.80,387.80,391.30,389.00,438,170713.00,69
BSE,KRISHNA,INE537L01010,XT,39.82,39.82,39.03,39.03,39.82,135,5308.00,5
BSE,KRITINUT,INE798K01010,B,74.82,80.30,72.96,80.30,73.00,4062,310474.00,72
BSE,KRN,INE0Q3J01015,T,1220.00,1229.90,1192.00,1202.80,1209.85,3762,4531832.00,192
BSE,KRONOX,INE0ATZ01017,B,154.70,163.10,154.50,162.10,153.75,25147,4036057.00,731
BSE,KROSS,INE0O6601022,B,202.65,209.00,202.65,207.80,203.00,17615,3630406.00,420
BSE,KRRAIL,INE078T01026,X,25.70,25.70,24.51,25.20,25.11,178873,4505036.00,233
BSE,KRSNAA,INE08LI01020,B,544.80,567.95,544.60,562.65,542.10,6820,3811601.00,302
BSE,KRT,INE1JAR25012,IF,118.70,118.70,117.21,117.50,117.60,8983,1059038.00,247
BSE,KRYPTONQ,INE951B01014,X,37.50,37.50,35.30,36.04,37.91,11037,401287.00,82
BSE,KRYSTAL,INE0QN801017,B,606.40,609.00,600.00,600.50,602.10,375,227045.00,141
BSE,KSB,INE999A01023,A,854.15,891.60,843.95,852.80,858.10,44943,39277220.00,2810
BSE,KSCL,INE455I01029,B,777.05,790.40,775.00,779.65,777.45,6916,5409419.00,316
BSE,KSE,INE953E01022,X,200.00,205.00,199.00,203.75,198.80,18371,3707663.00,376
BSE,KSHINTL,INE987S01020,B,882.00,915.00,868.80,910.55,878.00,28350,25280034.00,881
BSE,KSL,INE907A01026,B,885.00,886.10,871.00,871.95,883.40,975,853784.00,141
BSE,KSOLVES,INE0D6I01023,B,279.95,284.85,279.95,283.05,283.70,3343,945339.00,131
BSE,KSR,INE1SPP01016,B,29.83,29.90,29.00,29.02,29.83,138,4044.00,5
BSE,KSSMART,INE737E01011,X,108.00,108.00,104.00,105.00,108.35,18080,1906015.00,133
BSE,KTIL,INE096L01025,X,61.00,61.00,60.19,60.19,60.58,2754,167796.00,15
BSE,KTKBANK,INE614B01018,A,292.80,297.25,286.85,296.00,289.30,216559,63468610.00,4866
BSE,KUANTUM,INE529I01021,B,79.66,81.00,79.00,79.15,79.50,5870,471049.00,202
BSE,KUBERJI,INE594R01018,XT,24.10,24.10,21.82,22.31,22.96,58914,1335935.00,169
BSE,KUMPFIN,INE795E01019,X,22.69,24.25,22.69,23.00,23.88,300,6870.00,5
BSE,KUSHIND,INE979D01011,X,6.10,6.71,5.95,6.27,6.10,15970,98775.00,38
BSE,KUSUMGAR,INE0ISX01025,B,620.15,642.90,599.55,621.50,615.85,153730,96093992.00,4802
BSE,KUWERIN,INE430F01010,X,10.45,11.25,9.33,9.84,10.36,18628,178587.00,59
BSE,KVFORGE,INE013J01016,XT,150.90,156.60,147.00,156.60,149.15,5771,875626.00,86
BSE,KVSCASTING,INE163701019,M,66.00,67.99,62.49,67.47,66.00,20000,1300900.00,10
BSE,KVTOYS,INE1IE301018,M,290.00,290.00,263.95,284.45,288.00,18000,5034900.00,23
BSE,KWIL,INE2KCE01013,B,33.44,33.44,32.50,32.64,33.20,387974,12752096.00,2329
BSE,LABELKRAFT,INE0NLJ01011,M,62.00,62.00,62.00,62.00,63.00,4000,248000.00,2
BSE,LACTOSE,INE058I01013,X,103.45,104.20,102.00,103.95,101.85,861,88847.00,32
BSE,LADDERUP,INE519D01015,X,53.00,53.00,52.80,53.00,52.80,257,13592.00,9
BSE,LADDU,INE546I01025,X,0.42,0.42,0.42,0.42,0.44,272601,114492.00,124
BSE,LAFFANSQ,INE919B01011,X,29.05,29.19,27.75,28.70,29.19,496,13792.00,8
BSE,LAHOTIOV,INE515C01023,B,43.96,43.96,40.02,41.82,41.25,1286,52227.00,27
BSE,LAKESHORE,INE734D01010,X,84.99,84.99,75.51,84.30,82.90,2528,207219.00,51
BSE,LAKSELEC,INE284C01018,X,789.80,790.05,765.00,767.10,784.55,708,549284.00,68
BSE,LAKSHMIEW,INE718M01022,X,2020.20,2105.00,2020.20,2100.00,2149.00,65,136670.00,7
BSE,LAKSHMIMIL,INE938C01019,X,8028.00,8028.00,7826.20,7900.00,8028.40,24,189475.00,7
BSE,LAL,INE740X01023,B,8.48,8.56,8.00,8.31,8.20,15650,130387.00,204
BSE,LALPATHLAB,INE600L01024,A,1932.70,1950.45,1869.90,1888.40,1895.10,39138,74588458.00,1450
BSE,LAMBODHARA,INE112F01022,B,114.00,114.45,111.05,114.35,111.00,182,20728.00,5
BSE,LANCER,INE359U01028,X,10.18,10.18,10.00,10.06,10.11,149657,1512348.00,438
BSE,LANCORHOL,INE572G01025,B,26.55,26.94,26.06,26.50,26.07,1101,29068.00,29
BSE,LANDMARC,INE394C01023,X,1.91,1.98,1.90,1.91,1.91,83143,158235.00,62
BSE,LANDMARK,INE559R01029,B,543.05,549.05,536.75,543.60,542.55,13570,7343117.00,481
BSE,LANDSMILL,INE688J01023,B,0.80,0.81,0.79,0.80,0.80,507074,406464.00,140
BSE,LAOPALA,INE059D01020,B,189.40,191.50,187.00,190.50,187.70,5472,1042079.00,144
BSE,LASA,INE670X01014,B,7.10,7.10,6.94,7.01,7.02,3064,21567.00,27
BSE,LASERPOWER,INE17IR01028,B,294.25,299.50,286.00,288.15,295.70,190909,55540291.00,2149
BSE,LASTMILE,INE404B01022,XT,5.50,5.65,5.40,5.60,5.50,45557,254491.00,95
BSE,LATENTVIEW,INE0I7C01011,A,297.10,299.40,296.05,298.10,297.65,26565,7911570.00,441
BSE,LATIMMETAL,INE501N01020,X,11.00,11.00,10.00,10.55,10.66,236471,2464975.00,397
BSE,LAURUSLABS,INE947Q01028,A,1811.00,1840.45,1808.15,1835.50,1811.00,39962,73045159.00,2661
BSE,LAXMIDENTL,INE0WO601020,B,217.50,222.30,216.65,218.25,218.35,5175,1138340.00,214
BSE,LAXMIINDIA,INE06WU01026,T,134.70,136.00,128.15,135.00,130.05,5349,713928.00,65
BSE,LAXMIPATI,INE920P01019,MT,455.00,455.00,451.25,451.25,475.00,1000,453125.00,2
BSE,LCCINFOTEC,INE938A01021,B,4.29,4.29,4.11,4.22,4.29,2122,8743.00,23
BSE,LCL,INE0QJW01029,B,524.80,526.95,508.95,519.75,525.30,51693,26815709.00,2043
BSE,LEADFIN,INE531D01010,X,17.30,17.30,17.30,17.30,17.30,1,17.00,1
BSE,LEENEE,INE791B01014,X,7.70,7.70,7.24,7.33,7.48,2552,18789.00,16
BSE,LEHAR,INE976H01018,X,243.05,243.75,236.20,237.85,240.30,16170,3856014.00,404
BSE,LELAVOIR,INE204S01012,X,37.51,37.51,37.51,37.51,39.48,13596,509985.00,44
BSE,LEMONTREE,INE970X01018,A,114.55,114.55,112.65,113.20,113.85,115549,13123144.00,1045
BSE,LENSKART,INE956O01016,B,573.65,573.65,565.00,567.35,567.85,34500,19622271.00,2286
BSE,LERTHAI,INE347D01011,XT,533.90,551.00,533.90,551.00,562.00,3,1618.00,2
BSE,LESHAIND,INE050L01048,X,0.76,0.77,0.74,0.75,0.77,110055,83122.00,135
BSE,LESL,INE0X6O01027,M,22.07,22.25,22.03,22.03,22.07,42000,926820.00,7
BSE,LEX,INE860Y01019,MT,85.00,85.00,85.00,85.00,83.16,2000,170000.00,1
BSE,LEXORAA,INE185D01015,XT,17.10,17.89,17.10,17.89,17.10,102,1823.00,3
BSE,LGBBROSLTD,INE337A01034,A,1545.00,1545.05,1506.05,1524.50,1534.15,1700,2598524.00,249
BSE,LGBFORGE,INE201J01017,XT,5.79,5.79,5.50,5.70,5.70,60348,339945.00,117
BSE,LGEINDIA,INE324D01010,B,1558.45,1579.00,1540.00,1542.90,1570.70,13488,21071247.00,1279
BSE,LGLL,INE12QA01010,M,12.00,12.30,11.58,12.30,12.18,27200,322336.00,14
BSE,LGT,INE191201016,M,42.00,42.50,40.62,40.62,42.75,24000,991032.00,17
BSE,LIBERTSHOE,INE557B01019,B,263.50,263.85,259.35,260.00,261.50,1573,411045.00,71
BSE,LIBORD,INE267E01019,X,19.70,19.70,19.70,19.70,19.70,150,2955.00,1
BSE,LICHSGFIN,INE115A01026,A,518.55,518.55,509.60,513.85,515.40,72695,37317751.00,2029
BSE,LICI,INE0J1Y01017,A,393.10,402.35,389.00,391.00,424.35,1853085,731692786.00,20581
BSE,LIKHITHA,INE060901027,B,226.80,227.85,220.20,222.00,226.80,5248,1172667.00,223
BSE,LIMECHM,INE891G01011,X,13.93,14.00,13.93,13.93,14.00,525,7315.00,6
BSE,LINC,INE802B01027,B,101.70,104.00,100.75,102.75,101.70,1564,160700.00,49
BSE,LINCOLN,INE405C01035,B,576.10,598.00,572.00,589.25,579.95,2279,1314156.00,160
BSE,LINDEINDIA,INE473A01011,A,6980.00,7316.95,6980.00,7151.35,6980.20,3888,27908388.00,916
BSE,LINKPH,INE302F01011,X,25.00,27.28,25.00,27.28,25.99,1041,26118.00,7
BSE,LIOTECH,INE0TKX01011,M,113.25,113.25,102.55,113.25,107.90,56400,6141680.00,110
BSE,LIPPISYS,INE845B01018,XT,281.20,281.20,270.20,270.20,275.70,13719,3812883.00,60
BSE,LKPSEC,INE341H01023,XT,16.14,16.51,15.82,16.05,15.96,4282,68935.00,42
BSE,LLFICL,INE715Q01029,T,1.11,1.11,1.08,1.11,1.06,1338096,1479295.00,812
BSE,LLOYDSENGG,INE093R01011,A,92.24,94.00,90.54,92.65,91.87,1096241,101248213.00,5520
BSE,LLOYDSENT,INE080I01025,A,81.99,82.93,80.42,81.12,81.61,251077,20480414.00,1002
BSE,LLOYDSME,INE281B01032,A,2044.85,2071.35,2038.95,2051.90,2053.30,23284,47923108.00,1400
BSE,LMW,INE269B01029,A,16110.00,16211.00,15999.00,16016.90,16165.30,74,1187972.00,52
BSE,LODHA,INE670K01029,A,1240.10,1261.55,1230.80,1235.00,1233.80,59912,74633342.00,2658
BSE,LOGICA,INE0BSU01018,M,151.50,157.00,149.15,157.00,154.00,14400,2163690.00,23
BSE,LOGICIEL,INE1BA901016,M,32.18,32.18,32.00,32.18,30.65,4200,135048.00,6
BSE,LOKESHMACH,INE397H01017,T,330.95,331.00,330.95,330.95,337.70,566,187317.00,14
BSE,LONGSPUR,INE180M01033,X,10.33,10.33,9.58,9.97,10.08,103473,1001690.00,65
BSE,LOOKS,INE204N01013,XT,9.77,9.77,9.77,9.77,9.58,10647,104021.00,14
BSE,LORDSCHLO,INE846D01012,B,148.00,148.85,147.55,147.55,147.30,550,81377.00,50
BSE,LORDSHOTL,INE689J01013,X,14.50,14.51,14.50,14.51,14.26,4,58.00,2
BSE,LOTUSCHO,INE026D01011,B,659.90,659.90,645.05,650.00,654.00,3024,1966790.00,190
BSE,LOTUSDEV,INE0V9Q01010,B,203.95,203.95,191.00,193.65,198.05,110552,21639848.00,1059
BSE,LOTUSEYE,INE947I01017,B,117.60,117.95,116.20,116.20,117.10,1896,222026.00,118
BSE,LOVABLE,INE597L01014,B,75.00,75.00,73.00,73.36,73.00,265,19770.00,31
BSE,LOYAL,INE876S01017,X,157.65,157.65,155.10,156.15,156.45,1262,198334.00,37
BSE,LOYALTEX,INE970D01010,B,207.00,215.00,206.25,215.00,207.25,103,21271.00,6
BSE,LPDC,INE197J01017,B,6.34,6.48,6.34,6.34,6.20,701,4444.00,9
BSE,LT,INE018A01030,A,4000.00,4042.20,3989.20,4006.00,4000.00,62842,252499523.00,6967
BSE,LTELEVATOR,INE0TJ801010,MT,279.85,291.20,279.85,290.90,277.35,59200,17119760.00,61
BSE,LTF,INE498L01015,A,319.70,321.95,315.70,319.00,318.00,261382,83230561.00,3792
BSE,LTFOODS,INE818H01020,A,414.20,427.60,413.60,417.60,415.05,69117,29184728.00,1586
BSE,LTM,INE214T01019,A,4736.10,4736.10,4551.00,4560.00,4654.10,15002,69099119.00,2262
BSE,LTTS,INE010V01017,A,3555.60,3560.70,3419.30,3498.70,3555.30,12076,42372569.00,1113
BSE,LUDLOWJUT,INE983C01015,XT,376.20,383.85,374.05,383.00,376.20,1062,405371.00,17
BSE,LUMAXIND,INE162B01018,B,5839.85,5839.85,5678.50,5702.55,5783.00,662,3781528.00,222
BSE,LUMAXTECH,INE872H01027,A,1627.00,1645.90,1596.55,1632.90,1625.05,4892,7955412.00,561
BSE,LUPIN,INE326A01037,A,2401.35,2406.25,2376.00,2376.00,2376.00,12239,29243475.00,1789
BSE,LUXIND,INE150G01020,B,1278.25,1309.00,1262.70,1268.15,1253.40,2257,2898844.00,149
BSE,LUXURY,INE1CJB01013,M,69.90,69.90,65.51,65.51,69.90,8000,543072.00,5
BSE,LWSKNIT,INE281M01013,X,16.07,16.96,16.07,16.47,16.07,15044,248832.00,66
BSE,LXCHEM,INE576O01020,B,181.25,187.00,180.00,184.40,180.25,93623,17221755.00,1099
BSE,LYKALABS,INE933A01014,T,63.99,66.40,62.50,66.00,63.25,2743,177244.00,26
BSE,LYKISLTD,INE624M01014,X,46.39,50.12,46.14,46.87,46.27,60660,2897332.00,229
BSE,M&M,INE101A01026,A,3385.85,3433.15,3385.50,3405.00,3385.50,97146,331238267.00,5343
BSE,M&MFIN,INE774D01024,A,402.80,404.00,392.80,399.45,404.15,591842,236966179.00,7569
BSE,MAANALU,INE215I01027,B,131.80,132.00,126.15,127.10,127.25,10795,1395594.00,498
BSE,MACHLTD,INE0UYT01018,M,159.95,159.95,159.95,159.95,158.30,600,95970.00,1
BSE,MACIND,INE01BT01015,X,320.00,320.00,316.20,316.20,332.05,53,16796.00,6
BSE,MACPLASQ,INE082B01018,X,261.10,271.85,261.00,264.10,266.10,314,83398.00,19
BSE,MADALA,INE002B01016,X,201.85,201.85,182.55,193.45,197.35,68,12742.00,17
BSE,MADHAV,INE925C01016,B,34.98,34.98,33.25,34.00,34.55,602,20540.00,23
BSE,MADHAVIPL,INE631R01026,B,7.81,7.94,7.81,7.89,7.87,29259,230323.00,188
BSE,MADHUCON,INE378D01032,T,5.15,5.41,5.10,5.11,5.16,2188,11255.00,9
BSE,MADHUDIN,INE469C01023,X,34.47,34.47,33.90,34.00,34.47,272,9258.00,6
BSE,MADRASFERT,INE414A01015,B,66.70,67.24,66.68,66.94,66.67,2364,157918.00,86
BSE,MAFATIND,INE270B01035,B,135.05,135.70,132.10,132.60,134.20,7092,947871.00,236
BSE,MAFIA,INE0KQQ01011,M,5.85,5.85,5.85,5.85,5.13,4000,23400.00,1
BSE,MAGADSUGAR,INE347W01011,B,544.25,578.00,534.75,546.85,536.90,12582,7046051.00,837
BSE,MAGNAELQ,INE437D01010,XT,1189.00,1190.00,1150.00,1190.00,1190.00,170,200190.00,13
BSE,MAGNUM,INE387I01016,B,19.50,20.10,19.11,19.98,20.10,5448,107009.00,25
BSE,MAGNUS,INE898E01011,XT,51.52,51.52,51.52,51.52,54.23,29409,1515151.00,167
BSE,MAHABANK,INE457A01014,A,79.53,80.00,78.25,78.43,79.53,404696,31852565.00,2083
BSE,MAHACORP,INE272E01027,X,0.33,0.34,0.32,0.33,0.32,329891,108257.00,199
BSE,MAHALIFE,INE0U9D01019,M,167.00,171.00,167.00,171.00,167.00,7200,1217340.00,6
BSE,MAHALXSE,INE257F01017,Z,9.03,9.97,9.03,9.97,9.50,16574,164346.00,25
BSE,MAHAPEXLTD,INE843B01013,B,46.00,46.00,44.04,44.40,46.00,174,7878.00,18
BSE,MAHASTEEL,INE451L01014,B,1044.10,1102.70,1037.35,1073.95,1032.05,4786,5171542.00,391
BSE,MAHAVEER,INE019D01016,Z,14.85,15.59,14.85,15.10,14.85,26562,399014.00,18
BSE,MAHEPC,INE215D01010,B,107.50,108.05,107.00,107.90,107.50,1920,206003.00,33
BSE,MAHESH,INE01MO01013,X,26.56,26.56,26.56,26.56,27.95,64,1699.00,7
BSE,MAHIP,INE00CX01017,MT,17.48,17.48,17.48,17.48,18.40,164000,2866720.00,11
BSE,MAHLIFE,INE813A01018,A,402.60,402.60,395.10,398.55,398.55,12697,5061368.00,435
BSE,MAHLOG,INE766P01016,B,415.45,421.40,410.00,416.60,415.60,6781,2827765.00,240
BSE,MAHSCOOTER,INE288A01013,A,14069.75,14121.00,13600.00,13811.40,13941.80,1502,20901916.00,500
BSE,MAHSEAMLES,INE271B01025,A,572.15,582.00,572.15,579.00,572.10,2679,1544227.00,158
BSE,MAIDEN,INE0O1T01010,M,105.02,105.02,102.80,104.71,104.80,46000,4816090.00,36
BSE,MAINFRA,INE392G01028,XT,10.86,11.14,10.15,10.50,10.65,25535,267583.00,87
BSE,MAITHANALL,INE683C01011,B,960.00,979.40,956.00,964.25,963.05,5552,5356009.00,337
BSE,MAITRI,INE501L01024,XT,37.01,38.85,35.16,38.85,37.01,500,17964.00,8
BSE,MAJESAUT,INE201B01022,B,487.40,499.00,474.75,481.95,473.25,17275,8369011.00,642
BSE,MAKERSL,INE987A01010,X,155.00,166.95,151.05,160.80,151.70,52357,8407978.00,186
BSE,MAL,INE100C01024,XT,1.49,1.49,1.42,1.42,1.49,1448,2059.00,5
BSE,MALLCOM,INE389C01015,B,994.00,997.40,988.20,988.30,982.00,45,44720.00,13
BSE,MALUPAPER,INE383H01017,B,33.60,34.17,32.91,32.91,32.98,436,14641.00,4
BSE,MAMATA,INE0TO701015,B,402.95,418.30,401.85,414.10,402.05,6332,2607434.00,434
BSE,MANAKALUCO,INE859Q01017,B,34.60,35.29,34.60,35.27,34.62,3899,135639.00,113
BSE,MANAKCOAT,INE830Q01018,B,141.25,141.25,118.10,119.45,119.60,7146,865279.00,161
BSE,MANAKSIA,INE015D01022,B,55.00,56.31,55.00,56.28,56.50,138,7690.00,12
BSE,MANAKSTEEL,INE824Q01011,B,76.99,80.50,73.34,79.11,75.63,11337,874486.00,179
BSE,MANALIPETC,INE201A01024,B,67.90,67.90,66.03,66.77,66.64,35051,2351425.00,337
BSE,MANAPPURAM,INE522D01027,A,369.20,369.20,352.05,355.00,362.60,288309,103922881.00,5593
BSE,MANBA,INE939X01013,B,137.30,138.85,134.40,134.60,136.30,8173,1119851.00,133
BSE,MANBRO,INE348N01042,X,57.00,57.99,55.00,56.56,56.99,116475,6513171.00,512
BSE,MANCREDIT,INE545L01039,B,259.85,259.85,243.25,247.75,254.60,5887,1498491.00,227
BSE,MANGALAM,INE584F01014,B,25.70,27.43,25.70,27.37,27.00,1313,35267.00,35
BSE,MANGIND,INE717C01025,X,0.58,0.59,0.58,0.59,0.59,2020737,1180964.00,488
BSE,MANGLMCEM,INE347A01017,B,945.10,947.30,938.90,945.20,941.70,243,229707.00,159
BSE,MANINDS,INE993A01026,B,550.00,555.05,533.50,542.95,548.45,11375,6212213.00,414
BSE,MANINFRA,INE949H01023,B,99.50,113.01,99.34,111.22,99.84,697385,75634412.00,3537
BSE,MANIVENI,INE0YD301010,M,30.00,30.00,30.00,30.00,30.00,2000,60000.00,1
BSE,MANKIND,INE634S01028,A,2496.55,2496.55,2442.00,2461.00,2474.45,50945,125624140.00,1605
BSE,MANOJJEWEL,INE0MV001018,M,29.61,29.61,28.20,28.93,29.68,50000,1439400.00,24
BSE,MANOMAY,INE784W01015,B,217.70,217.70,203.25,212.75,213.80,28431,6097210.00,190
BSE,MANORAMA,INE00VM01036,A,1639.00,1655.50,1612.20,1615.90,1630.55,5270,8587459.00,524
BSE,MANORG,INE370D01013,T,479.00,491.00,475.50,480.00,478.85,1685,818566.00,38
BSE,MANTRA,INE304E01010,X,15.85,16.60,15.50,16.22,15.85,116,1842.00,18
BSE,MANUGRAPH,INE867A01022,T,14.98,15.18,14.98,15.18,14.46,3332,50189.00,8
BSE,MANYAVAR,INE825V01034,A,417.95,496.25,416.90,487.30,417.35,2343226,1103716705.00,23689
BSE,MAPMYINDIA,INE0BV301023,A,1197.25,1213.00,1073.00,1134.40,1197.80,22886,26900723.00,1274
BSE,MAPROIN,INE848M01019,XT,62.11,62.11,62.11,62.11,59.16,6022,374026.00,16
BSE,MARALOVER,INE882A01013,T,56.70,56.70,55.56,55.56,58.48,256,14322.00,9
BSE,MARATHON,INE182D01020,B,397.65,400.05,388.20,390.15,396.65,1326,524088.00,116
BSE,MARBLE,INE807H01023,X,124.00,124.00,119.00,119.40,121.00,1163,139505.00,12
BSE,MARCLOIRE,INE0TBQ01014,M,37.05,37.05,36.25,36.25,37.05,3600,132420.00,3
BSE,MARGOFIN,INE680B01019,X,62.11,70.00,62.11,69.61,64.95,1345,90318.00,20
BSE,MARICO,INE196A01026,A,883.00,883.00,852.05,879.05,875.50,58498,50655400.00,3098
BSE,MARIS,INE866D01010,X,30.40,31.99,30.40,31.40,30.40,12990,404327.00,45
BSE,MARKOLINES,INE0FW001016,B,177.50,179.50,172.30,175.80,176.75,18919,3364674.00,683
BSE,MARKSANS,INE750C01026,A,263.00,270.00,261.00,268.55,262.20,63086,16820442.00,1145
BSE,MARSONS,INE415B01044,B,110.15,111.00,107.45,108.25,110.50,48728,5314961.00,496
BSE,MARUTI,INE585B01010,A,14193.90,14250.00,14016.00,14111.00,14104.00,74076,1046946713.00,12044
BSE,MASFIN,INE348L01012,B,317.20,319.30,309.80,311.25,316.90,2330,735095.00,134
BSE,MASTEK,INE759A01021,A,1892.00,1892.00,1835.30,1842.65,1892.75,8721,16155566.00,778
BSE,MASTERTR,INE677D01037,B,85.54,85.54,83.25,83.95,85.07,13370,1124606.00,95
BSE,MATRIMONY,INE866R01028,B,439.05,439.10,426.50,428.00,430.70,159,69048.00,43
BSE,MAWANASUG,INE636A01039,T,117.95,117.95,117.95,117.95,112.35,21887,2581571.00,165
BSE,MAXESTATES,INE03EI01018,B,401.00,403.65,392.40,393.40,401.10,1037,411267.00,92
BSE,MAXHEALTH,INE027H01010,A,1095.20,1100.15,1068.00,1069.00,1090.00,24364,26345288.00,1517
BSE,MAXIMUS,INE544W01021,X,13.95,14.20,13.90,14.13,14.11,40283,565346.00,106
BSE,MAXIND,INE0CG601016,B,175.25,175.25,169.60,171.00,174.75,13532,2316017.00,191
BSE,MAYUR,INE799E01011,X,21.10,22.95,21.10,22.75,21.87,127,2790.00,11
BSE,MAYURFL,INE262W01012,XT,15.90,15.90,15.90,15.90,15.90,63,1001.00,3
BSE,MAYURUNIQ,INE040D01038,B,796.40,796.40,773.50,775.25,781.20,4639,3634786.00,345
BSE,MAZDA,INE885E01042,T,226.50,229.90,222.25,225.95,224.50,1127,252951.00,30
BSE,MAZDOCK,INE249Z01020,A,2392.00,2412.25,2380.55,2381.50,2382.00,33003,78985911.00,2715
BSE,MBEL,INE08N601015,B,294.70,298.50,293.00,296.00,294.70,4078,1207449.00,291
BSE,MBLINFRA,INE912H01013,T,25.15,25.68,24.61,25.64,25.35,841,21211.00,17
BSE,MCCHRLS-B,INE435D01014,B,682.25,699.25,675.00,694.80,704.65,101,69300.00,16
BSE,MCFL,INE0R5Z01015,MT,212.00,212.00,212.00,212.00,212.00,600,127200.00,1
BSE,MCLEODRUSS,INE942G01012,T,52.10,52.59,50.15,50.70,52.10,15120,771900.00,91
BSE,MCLOUD,INE613C01026,B,29.06,29.21,28.60,28.76,29.28,208406,6011460.00,444
BSE,MCLTD,INE410E01015,X,4.76,4.76,4.76,4.76,4.76,2,9.00,1
BSE,MCPL,INE0A6N01026,M,99.00,99.00,99.00,99.00,99.00,1000,99000.00,1
BSE,MCX,INE745G01043,A,2662.75,2699.00,2637.45,2685.00,2637.00,84906,226452090.00,4807
BSE,MDRC,INE1HK501016,M,50.90,52.00,50.05,50.05,48.75,20800,1066560.00,9
BSE,MDRNSTL,INE001F01019,X,13.36,13.46,13.10,13.10,13.49,4106,54001.00,35
BSE,MEAPL,INE250S01015,X,26.99,27.50,26.61,27.02,26.59,4284,115689.00,32
BSE,MEDANTA,INE474Q01031,A,1443.25,1444.00,1415.00,1435.30,1444.45,7692,11000375.00,488
BSE,MEDIAONE,INE828I01019,Z,14.00,15.30,14.00,14.04,14.70,956,13866.00,12
BSE,MEDIASSIST,INE456Z01021,A,361.20,363.00,352.55,357.85,360.95,3831,1370159.00,408
BSE,MEDICAMEQ,INE646B01010,B,244.05,258.00,240.75,249.30,238.45,1206,298387.00,190
BSE,MEDICAPQ,INE442D01010,X,26.10,27.38,25.90,26.98,26.92,515,13901.00,18
BSE,MEDICO,INE630Y01024,B,48.77,49.53,44.65,48.86,50.00,27603,1322570.00,180
BSE,MEDPLUS,INE804L01022,A,695.05,695.05,681.15,683.50,696.20,127852,87820492.00,421
BSE,MEEIND,INE208H01016,T,377.75,377.80,377.75,377.80,359.85,7012,2649113.00,25
BSE,MEERA,INE343X01026,T,40.30,40.30,37.80,38.07,39.70,6867,263083.00,39
BSE,MEESHO,INE0VDM01015,B,192.55,195.90,190.00,191.90,191.65,1106644,214064938.00,31320
BSE,MEFCOMCAP,INE186C01023,X,9.97,10.00,9.53,9.59,9.65,7655,75944.00,53
BSE,MEGACOR,INE804B01023,XT,2.70,2.88,2.70,2.88,2.75,51801,148861.00,32
BSE,MEGAMONT,INE317D01014,XT,150.60,150.60,147.65,147.65,147.65,1349,200209.00,10
BSE,MEGASTAR,INE00EM01016,B,325.35,330.00,320.00,330.00,325.35,187,60890.00,32
BSE,MEGRISOFT,INE756R01013,X,81.95,81.95,76.60,76.60,80.10,190,15379.00,8
BSE,MEHAI,INE062Y01020,X,1.18,1.18,1.15,1.16,1.17,242175,282196.00,160
BSE,MEIL,INE0PKD01011,B,285.05,291.00,285.05,286.40,289.30,2183,628449.00,224
BSE,MENAMANI,INE148B01033,XT,11.51,11.98,11.51,11.83,11.51,215864,2518109.00,160
BSE,MENNPIS,INE650G01029,B,75.00,81.50,72.00,73.16,74.02,111780,8538242.00,760
BSE,MENONBE,INE071D01033,T,225.00,234.55,223.40,232.80,223.40,38431,8961838.00,362
BSE,MEP,INE776I01010,Z,0.55,0.55,0.55,0.55,0.54,8456,4650.00,11
BSE,MERCANTILE,INE689O01013,B,24.85,26.45,23.76,24.75,24.85,278,6916.00,21
BSE,MERCTRD,INE319T01016,X,4.52,4.68,4.47,4.49,4.70,172662,774921.00,262
BSE,MERCURYEV,INE763M01028,B,35.59,36.38,34.00,35.97,35.23,64783,2279793.00,2218
BSE,MERCURYLAB,INE947G01011,X,778.00,823.25,778.00,812.50,777.00,72,57947.00,11
BSE,META,INE958L01034,T,5.94,6.24,5.66,6.22,5.95,2856074,17504854.00,1621
BSE,METAINFO,INE162901016,MT,92.00,95.56,87.10,95.34,91.49,52800,4893856.00,44
BSE,METALCO,INE161E01014,X,54.66,55.95,52.24,53.99,54.66,655,34576.00,22
BSE,METHODHUB,INE0QZR01017,M,67.60,70.89,67.60,70.00,69.23,7200,502908.00,12
BSE,METROBRAND,INE317I01021,A,1048.00,1048.00,1023.80,1040.70,1033.25,949,983933.00,105
BSE,METROGLOBL,INE085D01033,B,135.25,135.25,135.25,135.25,131.15,3,405.00,3
BSE,METROPOLIS,INE112L01020,A,603.75,603.75,581.55,588.20,596.35,9982,5856492.00,798
BSE,METSL,INE318N01011,X,149.85,156.00,148.00,153.65,150.55,3917,595459.00,69
BSE,MFLINDIA,INE244C01020,X,0.40,0.41,0.39,0.40,0.41,492200,196662.00,260
BSE,MFML,INE0US801024,B,19.00,20.23,19.00,20.23,19.75,546,10723.00,28
BSE,MFSINTRCRP,INE614F01019,XT,14.49,15.70,14.49,15.12,15.25,675,10205.00,8
BSE,MFSL,INE180A01020,A,1548.50,1548.50,1496.20,1504.65,1532.90,38705,58867683.00,1619
BSE,MGEL,INE0APB01032,T,14.82,15.99,14.82,15.37,15.49,7941,119721.00,40
BSE,MGIL,INE368C01019,XT,38.75,38.80,37.00,37.50,38.80,1868,69264.00,25
BSE,MGL,INE002S01010,A,1118.00,1128.15,1110.00,1110.65,1115.65,10354,11561974.00,605
BSE,MHLXMIRU,INE112D01035,B,152.75,154.85,152.75,154.85,147.50,969,149143.00,23
BSE,MHRIL,INE998I01010,B,218.45,228.85,217.50,227.75,218.45,28890,6475592.00,567
BSE,MICEL,INE287C01037,T,39.65,39.65,37.00,37.80,38.57,31760,1204483.00,229
BSE,MIDHANI,INE099Z01011,A,403.85,414.20,403.85,411.85,403.35,25316,10344523.00,783
BSE,MIDINDIA,INE401C01018,X,6.38,6.38,5.90,5.91,6.38,367,2224.00,11
BSE,MIDWESTLTD,INE0XAD01024,B,1244.95,1244.95,1210.75,1215.30,1215.90,168,204744.00,54
BSE,MIHIKA,INE779Q01017,X,11.30,11.30,10.50,10.55,10.23,2924,31197.00,18
BSE,MIIL,INE898Q01015,B,741.05,742.00,730.15,736.10,736.90,51028,37623297.00,265
BSE,MIL,INE858Q01019,X,25.70,28.50,25.00,26.95,25.73,10399,274663.00,76
BSE,MILLENNIUM,INE570N01025,X,1.75,1.77,1.70,1.70,1.70,12323,21616.00,14
BSE,MILLWORKS,INE1SRC01010,M,815.00,857.00,774.00,787.60,809.90,404400,328668240.00,790
BSE,MINALIND,INE097E01028,X,2.08,2.15,2.06,2.09,2.08,11369,23812.00,50
BSE,MINAXI,INE952C01028,X,1.41,1.43,1.40,1.42,1.40,3359,4762.00,17
BSE,MINDACORP,INE842C01021,A,728.60,730.90,718.85,721.45,728.40,22235,16092827.00,1261
BSE,MINDSPACE,INE0CCU25019,IF,494.50,497.00,493.18,493.90,493.65,25245,12497375.00,1958
BSE,MINDTECK,INE110B01017,B,195.15,197.20,192.50,192.50,193.35,1366,263381.00,44
BSE,MINID,INE281E01028,X,5.40,5.69,5.20,5.22,5.35,675089,3577984.00,534
BSE,MINOLT-RE,INE514C20018,R,0.14,0.14,0.14,0.14,0.22,44041,6165.00,46
BSE,MINOLTAF,INE514C01026,XT,1.21,1.22,1.12,1.20,1.17,1453973,1706559.00,167
BSE,MIRZAINT,INE771A01026,B,34.08,34.25,33.75,34.25,33.71,10030,342664.00,226
BSE,MISHDESIGN,INE0QI101019,M,31.60,31.60,31.60,31.60,30.11,500,15800.00,1
BSE,MISHKA,INE540S01019,X,45.00,45.20,43.01,45.00,43.10,3785,168451.00,49
BSE,MISHTANN,INE094S01041,X,3.59,3.60,3.55,3.58,3.59,745854,2664634.00,1313
BSE,MISQUITA,INE957W01025,M,71.50,79.60,71.50,79.60,82.90,2000,151100.00,2
BSE,MITSHI,INE844D01017,X,12.70,12.70,12.36,12.58,12.34,23432,294300.00,80
BSE,MITSU,INE317V01016,XT,157.00,158.25,154.00,155.55,156.75,7028,1103420.00,56
BSE,MITTALSTL,INE833Q01012,MT,28.65,28.65,28.00,28.65,28.65,3000,85300.00,3
BSE,MIZVEN,INE681K01026,X,48.16,48.16,48.16,48.16,50.69,2593,124878.00,15
BSE,MKEXIM,INE227F01010,X,53.11,64.88,53.11,55.67,54.86,21618,1200519.00,146
BSE,MKPL,INE964W01021,B,4.35,4.35,4.03,4.23,4.23,45525,186409.00,61
BSE,MKVENTURES,INE874A01010,X,1062.05,1067.80,1035.75,1064.40,1048.00,697,740330.00,25
BSE,MLKFOOD,INE588G01021,X,68.81,69.80,68.50,69.10,68.81,5754,395928.00,32
BSE,MMFL,INE227C01017,B,557.85,570.90,550.75,552.50,555.25,4068,2287486.00,358
BSE,MMLF,INE340O01021,B,0.68,0.68,0.64,0.65,0.68,6581,4262.00,15
BSE,MMRUBBR-B,INE159E01026,X,56.90,56.90,56.90,56.90,56.97,5,284.00,1
BSE,MMTC,INE123F01029,B,64.51,64.73,63.55,63.67,63.62,76942,4931998.00,568
BSE,MMWL,INE200D01020,T,13.99,14.13,13.99,14.00,13.46,121028,1710066.00,32
BSE,MNIL,INE216Q01010,X,39.80,39.80,33.43,34.98,34.93,2167,77689.00,38
BSE,MNPLFIN,INE798E01013,P,15.81,15.81,15.81,15.81,15.06,100,1581.00,1
BSE,MOBAVENUE,INE622Q01027,X,307.00,311.85,301.80,306.25,306.90,61316,18685572.00,455
BSE,MOBIKWIK,INE0HLU01028,B,216.75,216.85,203.00,205.90,214.55,165153,34561650.00,1583
BSE,MODAIRY,INE617B01011,X,29.79,29.79,29.05,29.49,29.43,6124,180354.00,62
BSE,MODINSU,INE219W01012,XT,460.00,484.65,450.00,483.30,461.60,50398,23651726.00,743
BSE,MODIPON,INE170C01019,XT,31.90,31.90,31.01,31.01,30.51,10,311.00,3
BSE,MODIRUBBER,INE832A01018,B,134.50,134.50,125.75,125.75,120.30,128,16111.00,9
BSE,MODIS,INE0L0L01012,B,398.50,400.15,394.55,394.55,397.60,73,28955.00,12
BSE,MODISONLTD,INE737D01021,T,288.90,291.95,275.25,286.60,281.85,3363,960275.00,87
BSE,MODMA,INE834C01028,P,45.22,45.22,45.22,45.22,47.60,800,36176.00,6
BSE,MODRNSH,INE370A01019,X,43.99,43.99,34.17,37.08,37.57,1994,77231.00,47
BSE,MODTHREAD,INE794W01014,B,52.65,52.65,46.85,46.85,47.87,196,9300.00,11
BSE,MODULEX,INE064R01012,Z,19.65,19.65,17.85,18.66,18.77,10082,181723.00,29
BSE,MOHITE,INE154B01023,X,2.58,2.82,2.51,2.82,2.57,70907,193966.00,112
BSE,MOHITIND,INE954E01012,B,22.88,27.58,22.88,27.58,22.99,313471,8614902.00,513
BSE,MOHITPPR,INE388C01017,X,27.00,28.00,27.00,27.19,27.98,544,14768.00,15
BSE,MOIL,INE490G01020,A,282.55,284.50,280.45,282.55,282.30,42161,11893057.00,774
BSE,MOL,INE0CT101020,B,54.18,54.79,53.60,53.85,54.40,44410,2396053.00,270
BSE,MOLDTECH,INE835B01035,B,151.10,153.70,148.05,151.20,149.60,6875,1034652.00,133
BSE,MOLDTKPAC,INE893J01029,B,674.60,703.20,674.60,683.00,674.35,4915,3402840.00,234
BSE,MONARCH,INE903D01011,B,388.85,396.15,382.10,393.30,383.85,6567,2570390.00,369
BSE,MONEYBOXX,INE296Q01012,B,63.33,63.33,60.69,62.00,61.63,2020,125224.00,34
BSE,MONGIPA,INE153K01018,X,16.20,16.20,15.50,16.00,16.04,25023,400367.00,8
BSE,MONIKA,INE0LCG01010,M,202.95,204.95,190.00,191.10,198.35,41600,8048360.00,34
BSE,MONOT,INE811D01024,X,0.34,0.34,0.33,0.34,0.33,467698,157119.00,329
BSE,MONTECARLO,INE950M01013,B,533.80,539.70,531.90,538.60,534.35,1709,916549.00,222
BSE,MORARKFI,INE367A01015,X,61.61,63.00,61.60,62.50,61.50,2522,156412.00,22
BSE,MOREPENLAB,INE083A01026,B,57.53,69.21,55.93,69.21,57.68,4374505,287783036.00,10929
BSE,MORGAN,INE902C01015,X,46.94,46.94,45.20,45.59,46.59,1515,69036.00,38
BSE,MOSCHIP,INE935B01025,A,209.00,212.80,206.60,209.35,210.30,178144,37462398.00,1759
BSE,MOTHERSON,INE775A01035,A,155.05,155.90,148.30,149.80,154.20,3660584,553994137.00,4714
BSE,MOTILALOFS,INE338I01027,A,870.95,881.85,863.00,865.30,866.60,41393,36005596.00,1097
BSE,MOTISONS,INE0FRK01020,B,14.34,14.34,14.13,14.17,14.33,370663,5259693.00,581
BSE,MOTOGENFIN,INE861B01023,T,25.51,26.20,25.51,26.11,26.79,1305,33468.00,12
BSE,MPAGI,INE468C01017,X,8.20,8.55,8.20,8.55,8.22,245,2016.00,3
BSE,MPCOSEMB,INE860N01012,XT,21.66,21.66,21.66,21.66,22.80,100,2166.00,1
BSE,MPDL,INE493H01014,X,27.69,27.69,25.66,27.16,27.84,254,6973.00,7
BSE,MPHASIS,INE356A01018,A,2436.30,2438.80,2377.30,2382.50,2417.00,6386,15278366.00,797
BSE,MPILCORPL,INE844C01027,XT,381.95,381.95,381.00,381.00,389.55,68,25914.00,2
BSE,MPKSTEELS,INE1PJP01015,M,90.30,90.30,87.10,90.30,90.40,2400,214160.00,3
BSE,MPL,INE343A01016,X,6.20,6.20,6.19,6.20,6.28,1282,7947.00,14
BSE,MPSLTD,INE943D01017,B,2770.05,2800.00,2688.70,2712.90,2764.70,2217,6120135.00,315
BSE,MRCAGRO,INE333Y01017,B,38.00,38.00,36.20,37.04,37.01,191268,7067289.00,235
BSE,MRF,INE883A01011,A,133900.00,134077.95,132505.00,132789.60,133754.20,198,26401349.00,177
BSE,MRP,INE0D7801012,M,88.20,90.00,88.00,90.00,89.50,21000,1874820.00,20
BSE,MRPL,INE103A01014,A,174.00,174.00,168.10,169.80,174.05,297679,50780052.00,2102
BSE,MRTX,INE1RQS01010,M,333.00,345.00,328.00,336.45,335.50,67000,22565400.00,65
BSE,MRUTR,INE738D01029,XT,90.84,90.84,90.84,90.84,89.06,111,10083.00,2
BSE,MSAFE,INE2B5L01011,MT,202.90,202.90,195.00,199.30,193.70,19000,3758500.00,18
BSE,MSCTC,INE277E01026,X,46.83,46.83,46.00,46.02,44.60,7698,360464.00,61
BSE,MSECL,INE0V0L01028,M,225.00,226.00,221.00,226.00,224.10,4200,944070.00,7
BSE,MSL,INE829S01016,X,140.00,143.40,139.30,140.00,142.40,988,138320.00,11
BSE,MSLGLOBAL,INE856D01011,X,15.54,15.65,15.54,15.65,15.98,1518,23754.00,2
BSE,MSPL,INE752G01015,B,35.44,35.44,34.10,34.19,35.03,47210,1631733.00,304
BSE,MSTCLTD,INE255X01014,B,607.50,607.50,596.00,598.90,607.50,6618,3981822.00,487
BSE,MSUMI,INE0FS801015,A,41.85,42.04,39.45,39.75,41.49,1695353,68278906.00,7903
BSE,MTARTECH,INE864I01014,T,6300.05,6300.05,6300.05,6300.05,6000.05,554,3490227.00,69
BSE,MTEDUCARE,INE472M01018,T,2.01,2.07,2.01,2.07,2.08,13,26.00,3
BSE,MTL,INE1K0V01011,M,90.10,90.10,89.10,89.10,90.90,2400,215040.00,2
BSE,MTNL,INE153A01019,B,28.52,28.52,27.69,27.88,28.05,43181,1206301.00,256
BSE,MTPL,INE245H01018,XT,18.76,18.76,18.76,18.76,19.14,56,1050.00,4
BSE,MUFIN,INE08KJ01020,B,133.80,135.00,131.30,132.50,132.85,66347,8804499.00,221
BSE,MUFTI,INE220Q01020,B,82.11,82.87,82.00,82.38,82.39,1724,142039.00,49
BSE,MUKANDLTD,INE304A01026,B,144.15,144.65,141.80,142.65,143.60,2750,392250.00,83
BSE,MUKATPIP,INE862C01029,XT,16.50,16.50,16.33,16.33,16.66,635,10410.00,6
BSE,MUKESHB,INE596B01017,X,138.50,138.50,136.00,136.00,138.50,467,64449.00,10
BSE,MUKKA,INE0CG401037,B,23.70,23.80,22.90,23.03,23.18,20331,477385.00,90
BSE,MUKTA,INE160O01031,X,3.00,3.00,3.00,3.00,2.91,1337,4011.00,12
BSE,MUL,INE150D01027,X,8.47,8.47,8.02,8.11,8.14,30447,249351.00,89
BSE,MULTIBASE,INE678F01014,X,183.05,188.00,180.00,180.65,182.85,4221,772789.00,143
BSE,MUNJALAU,INE672B01032,B,104.00,105.95,102.95,103.90,103.90,28074,2939234.00,299
BSE,MUNJALSHOW,INE577A01027,B,144.95,146.00,142.05,144.20,143.30,23796,3421582.00,461
BSE,MUNOTHFI,INE348D01019,XT,43.90,43.90,43.90,43.90,43.04,15,658.00,2
BSE,MURUDCERA,INE692B01014,B,28.02,31.51,28.02,30.50,31.14,2597,79808.00,28
BSE,MUTHOOTCAP,INE296G01013,B,242.05,242.05,236.30,240.45,238.50,4154,988961.00,85
BSE,MUTHOOTFIN,INE414G01012,A,2902.80,2906.30,2870.15,2875.00,2890.00,127382,367642214.00,10205
BSE,MUTHOOTMF,INE046W01019,B,235.60,235.60,224.00,226.05,235.55,25293,5834402.00,580
BSE,MVGJL,INE0KNT01012,B,169.00,170.30,166.60,167.70,171.40,2405,404461.00,73
BSE,MWL,INE0JYY01029,B,38.79,42.80,37.61,42.28,37.83,292124,12085537.00,844
BSE,MYMONEY,INE232L01018,X,35.89,35.89,34.93,34.93,34.36,109,3809.00,6
BSE,MYSORPETRO,INE741A01011,X,106.03,106.03,97.30,98.87,103.45,3366,337406.00,123
BSE,MYSTICELE,INE159O01033,X,3.70,3.70,3.40,3.52,3.54,4281,14868.00,37
BSE,NACDAC,INE0LB101011,M,23.81,23.81,23.81,23.81,23.65,4000,95240.00,1
BSE,NACLIND,INE295D01020,B,180.15,182.45,177.40,181.25,178.80,31304,5641077.00,794
BSE,NAGPI,INE099E01016,X,143.50,149.00,143.00,147.10,143.95,4328,629409.00,24
BSE,NAGREEKCAP,INE245I01016,B,23.50,24.15,23.50,23.80,23.40,118,2819.00,7
BSE,NAGREEKEXP,INE123B01028,B,23.00,23.00,22.88,22.89,22.31,207,4736.00,7
BSE,NAGTECH,INE793H01017,XT,47.50,47.50,43.32,45.94,45.60,5069,219815.00,25
BSE,NAHARCAP,INE049I01012,B,263.50,266.35,260.80,261.50,264.25,868,229083.00,26
BSE,NAHARINDUS,INE289A01011,B,120.35,124.00,120.00,120.30,118.95,3895,472690.00,68
BSE,NAHARPOLY,INE308A01027,B,281.00,285.00,276.30,278.60,275.65,3167,886262.00,214
BSE,NAHARSPING,INE290A01027,B,313.00,326.55,313.00,323.05,311.85,18350,5875081.00,475
BSE,NAKSH,INE256S01012,Z,3.85,4.02,3.66,4.01,3.85,9573,35919.00,28
BSE,NAM,INE792G01011,X,95.10,103.32,93.48,100.93,98.40,20,1935.00,10
BSE,NAM-INDIA,INE298J01013,A,1162.80,1200.00,1162.65,1196.05,1161.15,265392,315687212.00,2074
BSE,NANTA,INE0YJA01011,MT,427.60,442.00,419.90,442.00,442.00,13200,5565240.00,19
BSE,NAPEROL,INE585A01020,X,656.20,660.00,640.00,655.25,656.20,544,353645.00,48
BSE,NAPL,INE223R01014,X,205.00,205.00,190.35,196.65,198.60,34708,6840088.00,253
BSE,NARMADA,INE117Z01029,B,16.80,16.95,15.51,16.00,16.28,209466,3382067.00,724
BSE,NARMP,INE060D01028,XT,20.00,20.10,20.00,20.05,20.00,2418,48451.00,12
BSE,NARPROP,INE603F01012,X,37.43,37.43,36.00,37.09,34.04,3496,128505.00,31
BSE,NATCAPSUQ,INE936B01015,B,160.00,160.90,151.05,152.85,164.25,1708,265119.00,68
BSE,NATCOPHARM,INE987B01026,A,929.25,930.45,913.80,917.30,928.80,45196,41506142.00,1263
BSE,NATFIT,INE643C01015,X,150.80,151.90,147.50,148.00,147.90,4613,685515.00,40
BSE,NATGENI,INE654H01011,X,60.98,60.98,60.69,60.69,58.25,9,548.00,4
BSE,NATHBIOGEN,INE448G01010,B,158.10,165.75,157.85,164.05,158.60,1837,300040.00,42
BSE,NATHIND,INE777A01023,X,49.99,51.90,48.50,48.58,49.90,117,5740.00,12
BSE,NATHUEC,INE487B01019,XT,35.29,35.29,34.70,35.25,34.60,2136,75310.00,8
BSE,NATIONALUM,INE139A01034,A,372.05,382.45,367.30,380.50,364.00,591577,222883145.00,8690
BSE,NATIONSTD,INE166R01015,B,225.50,225.50,225.50,225.50,237.35,459,103504.00,27
BSE,NATPLAS,INE233D01013,X,41.30,42.92,40.75,41.07,41.45,4983,205983.00,30
BSE,NATPLASTI,INE896D01017,X,239.00,246.75,235.00,240.00,239.10,196,47436.00,18
BSE,NATPLY,INE497C01016,Z,2.77,2.77,2.77,2.77,2.75,2377,6584.00,10
BSE,NATRAJPR,INE444D01016,X,41.90,41.90,37.00,37.00,36.00,1171,47481.00,16
BSE,NATURAL,INE06MM01016,X,5.24,5.24,4.36,4.96,4.80,363968,1797883.00,319
BSE,NAUKRI,INE663F01032,A,1265.60,1276.05,1250.00,1250.00,1258.70,34097,43080987.00,1863
BSE,NAVA,INE725A01030,A,585.60,585.60,570.00,572.30,579.40,8324,4798707.00,363
BSE,NAVINFLUOR,INE048G01026,A,7579.80,7750.00,7545.00,7641.70,7535.15,8334,63845738.00,1124
BSE,NAVKARCORP,INE278M01019,B,102.85,105.20,102.50,102.70,102.80,24782,2568585.00,174
BSE,NAVKARURB,INE268H01044,T,1.01,1.06,1.01,1.02,1.05,58939,60090.00,27
BSE,NAVNETEDUL,INE060A01024,B,130.10,131.55,128.05,128.40,132.15,10741,1393003.00,176
BSE,NAZARA,INE418L01047,A,333.05,355.00,330.35,349.60,339.70,472067,162757776.00,22981
BSE,NBCC,INE095N01031,A,95.50,96.02,94.70,94.70,95.49,222174,21175620.00,1920
BSE,NBFOOT,INE006F01018,P,6.21,6.84,6.21,6.21,6.53,700,4410.00,5
BSE,NCC,INE868B01028,A,144.75,145.80,141.00,143.10,144.50,130263,18827101.00,1796
BSE,NCCBLUE,INE630N01019,P,17.10,17.10,17.10,17.10,17.50,100,1710.00,1
BSE,NCLIND,INE732C01016,B,181.95,182.40,172.30,174.80,182.50,5606,991379.00,287
BSE,NCLRESE,INE132F01038,XT,0.71,0.72,0.68,0.68,0.71,2477555,1700940.00,818
BSE,NDASEC,INE026C01013,X,28.61,29.85,28.30,29.85,30.95,11661,335332.00,27
BSE,NDL,INE875G01048,B,2.36,2.41,2.36,2.39,2.37,21736,51868.00,81
BSE,NDLVENTURE,INE353A01023,B,127.05,129.55,127.05,127.65,129.40,386,49458.00,21
BSE,NDRAUTO,INE07OG01012,B,824.90,826.45,814.70,821.05,825.30,1502,1231811.00,105
BSE,NDTV,INE155G01029,B,77.17,77.43,76.47,76.55,77.45,4515,346947.00,89
BSE,NEAGI,INE605D01012,B,3150.00,3150.00,3100.00,3100.00,3199.95,23,71750.00,4
BSE,NECCLTD,INE553C01016,T,15.76,16.35,15.39,15.54,15.76,2567,40397.00,23
BSE,NECLIFE,INE023H01027,T,10.84,10.84,10.51,10.51,10.71,12727,134973.00,33
BSE,NEELKAN,INE741D01015,Z,54.49,54.60,50.00,54.60,52.00,14935,810168.00,62
BSE,NEELKANTH,INE581D01015,X,39.00,39.00,38.50,38.50,38.00,22,853.00,4
BSE,NEERAJ,INE894J01019,X,20.91,20.91,20.91,20.91,20.91,2,41.00,1
BSE,NEETUYOSHI,INE0UZO01024,MT,156.90,159.95,153.15,153.60,158.45,32800,5112560.00,38
BSE,NEIL,INE396C01010,X,7.93,7.93,7.07,7.24,7.44,4413,32175.00,42
BSE,NELCAST,INE189I01024,B,120.70,125.00,120.00,124.55,121.20,5044,618005.00,97
BSE,NELCO,INE045B01015,B,1005.00,1021.75,975.00,981.95,1000.85,31272,31513384.00,1236
BSE,NEOGEN,INE136S01016,B,2106.05,2127.40,2075.00,2086.55,2057.55,6282,13211145.00,1176
BSE,NEOINFRA,INE216I01017,X,39.00,39.94,39.00,39.50,40.02,698,27246.00,14
BSE,NEPHROPLUS,INE428V01029,B,697.75,718.10,683.30,714.80,687.15,12724,8979858.00,759
BSE,NEPLOG,INE1NQ501012,MT,34.50,34.50,33.61,34.40,34.01,6000,204520.00,6
BSE,NESCO,INE317F01035,A,1069.45,1076.40,1040.50,1049.35,1074.65,1776,1888283.00,202
BSE,NESTLEIND,INE239A01024,A,1525.10,1535.85,1448.85,1492.00,1517.00,149092,223598530.00,7728
BSE,NETLINK,INE040F01033,X,174.00,187.00,167.35,180.90,174.00,2194,380856.00,19
BSE,NETTLINX,INE027D01019,X,15.30,15.30,14.50,14.98,15.20,1188,17657.00,31
BSE,NETWEB,INE0NT901020,A,4608.00,4781.80,4591.95,4763.55,4587.50,206901,975012583.00,15665
BSE,NETWORK18,INE870H01013,A,29.28,30.27,29.19,30.11,29.41,195055,5803832.00,860
BSE,NEULANDLAB,INE794A01010,A,19776.70,19777.00,19205.00,19288.35,19610.60,843,16398131.00,294
BSE,NEWGEN,INE619B01017,A,565.60,570.00,555.05,561.60,562.05,59304,33221582.00,1557
BSE,NEWINFRA,INE997D01021,X,2.03,2.09,1.95,2.03,2.01,57444,115570.00,167
BSE,NEWLIGHT,INE835U01027,X,1.64,1.78,1.37,1.52,1.60,120199,188324.00,188
BSE,NEWMKTAVE,INE800K01014,XT,49.90,49.90,49.90,49.90,47.53,1,49.00,1
BSE,NEWTRAC,INE229N01010,X,2.79,2.79,2.67,2.77,2.66,52600,144767.00,134
BSE,NEXOME,INE641A01013,XT,128.00,128.00,117.55,120.40,122.85,862,103859.00,15
BSE,NEXTMEDIA,INE747B01016,B,4.04,4.04,3.86,4.04,4.04,1022,4043.00,5
BSE,NEXUSSURGL,INE370Q01015,X,19.00,19.50,17.50,18.12,18.49,2977,54947.00,55
BSE,NEXXUS,INE0QUL01011,M,75.00,75.00,75.00,75.00,75.00,3600,270000.00,3
BSE,NFL,INE870D01012,B,71.85,72.50,71.55,71.84,71.87,26579,1914506.00,376
BSE,NGIL,INE236Y01012,T,40.45,40.45,39.00,39.05,40.45,2292,89711.00,7
BSE,NGIND,INE825C01018,X,115.00,115.00,115.00,115.00,116.00,20,2300.00,5
BSE,NGLFINE,INE887E01022,B,3312.10,3318.45,3256.85,3293.90,3280.60,185,607847.00,67
BSE,NH,INE410P01011,A,1920.00,1925.00,1890.45,1919.25,1919.35,19006,36237003.00,1436
BSE,NHCFOODS,INE141C01036,XT,1.05,1.08,1.04,1.06,1.06,1563151,1652139.00,695
BSE,NHL,INE0N4701016,M,70.00,70.00,70.00,70.00,70.00,4800,336000.00,2
BSE,NHPC,INE848E01016,A,79.69,81.40,79.50,80.42,79.81,1107015,89386692.00,6364
BSE,NIACL,INE470Y01017,A,176.75,176.75,171.40,171.80,175.35,39758,6861685.00,511
BSE,NIBE,INE149O01018,B,1363.90,1394.85,1363.90,1384.85,1363.90,3161,4365166.00,275
BSE,NIBL,INE047O01014,B,41.00,41.00,35.25,35.55,34.93,1425,50688.00,35
BSE,NICCOPAR,INE653C01022,X,70.56,72.00,70.56,70.69,71.39,627,44712.00,27
BSE,NIDHGRN,INE276H01013,XT,275.00,288.00,274.80,276.20,289.25,321,88976.00,30
BSE,NIHARINF,INE876E01033,X,5.95,5.95,5.72,5.90,5.95,690,3994.00,8
BSE,NIITLTD,INE161A01038,B,97.00,97.08,95.50,95.92,96.69,21546,2065151.00,139
BSE,NIITMTS,INE342G01023,B,250.20,252.85,245.60,250.50,246.35,18254,4553864.00,431
BSE,NIKHILAD,INE926C01022,X,71.85,75.90,71.83,72.28,71.77,9423,689255.00,109
BSE,NIKKIGL,INE526C01012,X,18.60,18.70,18.60,18.70,18.34,1044,19518.00,5
BSE,NILACHAL,INE416N01013,X,39.85,39.85,37.20,37.20,39.85,1048,41179.00,7
BSE,NILAINFRA,INE937C01029,B,7.60,7.72,7.40,7.54,7.60,12847,96476.00,47
BSE,NILASPACES,INE00S901012,B,12.74,12.78,12.21,12.29,12.78,47107,584474.00,205
BSE,NILE,INE445D01013,B,1995.00,1995.00,1677.60,1692.90,1944.95,10429,18494282.00,948
BSE,NILKAMAL,INE310A01015,B,1700.00,1774.00,1640.00,1748.00,1697.70,3046,5154726.00,497
BSE,NIMBSPROJ,INE875B01015,T,213.75,213.75,213.75,213.75,225.00,1,213.00,1
BSE,NINSYS,INE395U01014,T,725.00,754.00,717.20,739.90,754.90,381,274512.00,32
BSE,NIPPOBATRY,INE567A01028,B,329.00,329.00,315.00,321.35,329.10,249,80350.00,64
BSE,NIRAJ,INE368I01016,T,29.20,29.29,28.69,29.10,29.20,5132,148893.00,18
BSE,NIRAVCOM,INE242B01018,X,721.00,721.00,717.50,717.50,755.25,10,7192.00,2
BSE,NIRLON,INE910A01012,B,625.00,627.95,612.20,622.95,625.80,1527,946876.00,86
BSE,NISMGMT,INE0M3X01010,M,43.90,43.90,43.90,43.90,44.00,1200,52680.00,1
BSE,NISUS,INE0DQN01013,M,194.00,196.55,188.25,189.45,193.15,14400,2741200.00,36
BSE,NITCO,INE858F01012,B,109.50,109.50,106.50,106.80,108.00,10234,1096474.00,219
BSE,NITINCAST,INE861H01020,X,525.00,544.00,496.30,533.80,521.05,3025,1592959.00,145
BSE,NITINSPIN,INE229H01012,B,579.85,583.95,569.55,570.25,570.15,2569,1483770.00,200
BSE,NITTAGELA,INE265B01019,B,1745.05,1745.10,1625.05,1633.85,1730.35,2785,4639754.00,315
BSE,NIVABUPA,INE995S01015,A,86.31,87.87,86.31,87.30,86.60,73412,6411610.00,1336
BSE,NIVAKA,INE139E01028,X,0.39,0.39,0.39,0.39,0.38,117978,46011.00,11
BSE,NIYOGIN,INE480D01010,X,41.00,41.64,40.10,40.31,40.98,46153,1872606.00,177
BSE,NLCINDIA,INE589A01014,A,299.70,303.00,296.00,300.70,298.00,50300,15126445.00,1885
BSE,NLFL,INE606C01012,X,39.50,39.95,38.05,39.86,39.99,236,9342.00,12
BSE,NMDC,INE584A01023,A,84.38,84.69,83.35,84.68,83.55,436057,36704287.00,2971
BSE,NMSGLOBAL,INE169F01014,X,59.50,61.99,57.91,57.91,60.95,10653,621764.00,57
BSE,NOBPOL,INE203Q01026,XT,7.97,7.97,7.97,7.97,7.82,3579,28524.00,12
BSE,NOCIL,INE163A01018,B,175.10,180.40,170.50,171.00,174.25,199763,35104830.00,2333
BSE,NOIDATOLL,INE781B01015,T,4.46,4.58,4.35,4.45,4.46,18967,84863.00,86
BSE,NOL,INE296D01010,X,57.55,63.00,57.55,61.50,59.44,2835,173165.00,33
BSE,NORBTEAEXP,INE369C01017,B,67.55,67.55,67.55,67.55,69.30,1,67.00,1
BSE,NORRIS,INE744C01029,X,14.14,14.14,13.75,13.75,14.14,137,1922.00,4
BSE,NORTHARC,INE850M01015,A,285.90,289.20,282.20,285.05,283.55,20244,5770736.00,338
BSE,NOUVEAU,INE317B01042,X,0.27,0.27,0.26,0.26,0.27,40553,10833.00,24
BSE,NOVAAGRI,INE02H701025,T,22.75,23.30,22.75,23.20,23.10,7718,179067.00,49
BSE,NOVARTIND,INE234A01025,B,1639.95,1657.50,1609.00,1621.20,1626.25,603,984749.00,68
BSE,NOVELIX,INE314I01036,XT,70.00,70.80,70.00,70.80,67.43,2203,155090.00,15
BSE,NOVIS,INE608C01026,X,12.32,12.44,11.90,12.13,12.38,1096,13246.00,13
BSE,NOVUS,INE1TFS01019,M,141.00,141.00,130.35,136.00,140.00,10000,1350200.00,10
BSE,NPFL,INE471R01019,M,6.26,7.18,6.26,7.09,6.95,42000,279420.00,7
BSE,NPL,INE0PO601011,XT,585.00,585.00,560.00,584.90,587.70,1137,654090.00,54
BSE,NPRFIN,INE446D01011,X,22.56,22.56,22.49,22.49,21.50,13,293.00,3
BSE,NPST,INE0FFK01017,B,1539.95,1552.80,1502.40,1523.60,1523.95,840,1273928.00,57
BSE,NRAIL,INE740D01017,B,486.85,488.40,475.00,480.00,486.40,2212,1064302.00,128
BSE,NRBBEARING,INE349A01021,B,433.00,434.35,426.20,428.85,434.90,16433,7060458.00,650
BSE,NSDL,INE301O01023,A,822.00,827.90,819.00,820.45,820.60,418722,344778842.00,15003
BSE,NSIL,INE023A01030,B,5596.75,5696.75,5560.00,5620.50,5639.90,90,503973.00,31
BSE,NSL,INE01BL01012,B,136.05,136.10,130.00,131.55,133.40,6872,901523.00,136
BSE,NSLNISP,INE0NNS01018,A,43.30,44.10,43.15,43.94,43.30,167598,7332639.00,996
BSE,NTCIND,INE920C01017,X,148.70,148.90,143.00,148.05,142.60,13268,1946237.00,148
BSE,NTPC,INE733E01010,A,347.60,348.85,341.50,341.95,347.60,201724,69692707.00,4470
BSE,NTPCGREEN,INE0ONG01011,A,90.75,91.99,90.41,90.72,90.72,453211,41255476.00,3696
BSE,NUCLEUS,INE096B01018,B,698.00,704.40,693.10,697.65,695.10,2749,1923554.00,134
BSE,NURECA,INE0DSF01015,B,335.00,335.00,325.00,326.30,332.40,577,189060.00,51
BSE,NUTECGLOB,INE960H01012,X,23.90,23.90,23.90,23.90,25.14,5,119.00,1
BSE,NUTRICIRCLE,INE536C01029,XT,268.30,268.30,268.30,268.30,273.75,50,13415.00,2
BSE,NUVAMA,INE531F01023,A,1766.10,1766.10,1685.00,1694.00,1766.10,54310,93640331.00,2587
BSE,NUVOCO,INE118D01016,A,352.00,352.05,347.00,348.60,350.75,32960,11519733.00,1057
BSE,NVENTURES,INE0E5R01017,M,85.00,86.00,85.00,86.00,84.50,4500,384750.00,4
BSE,NWIL,INE882B01037,X,24.70,25.29,23.94,24.19,24.75,291521,7110231.00,837
BSE,NXST,INE0NDH25011,IF,167.29,169.00,167.00,167.28,166.85,12996,2180930.00,654
BSE,NYKAA,INE388Y01029,A,342.85,344.80,334.85,344.80,341.90,330053,111886044.00,3164
BSE,NYSSACORP,INE812K01027,X,2.30,2.32,2.21,2.25,2.30,31262,71200.00,74
BSE,OAL,INE959C01023,B,378.95,387.50,378.95,382.00,375.50,2133,810875.00,91
BSE,OASISEC,INE876A01023,X,12.00,12.00,11.60,11.65,12.00,133542,1562673.00,36
BSE,OBCL,INE426Z01016,B,53.50,53.50,52.60,52.61,53.55,417,22285.00,9
BSE,OBEROIRLTY,INE093I01010,A,1859.30,1859.30,1783.40,1789.00,1823.70,11542,20845106.00,1471
BSE,OCCLLTD,INE0PK601023,T,184.50,184.50,170.20,180.60,175.75,255835,46695323.00,450
BSE,OCEANIC,INE711V01010,X,52.01,54.00,52.00,52.20,53.00,2421,126238.00,17
BSE,OCTAL,INE513C01010,X,20.34,20.34,20.34,20.34,20.34,137,2786.00,3
BSE,OCTAVE,INE814L01013,X,3.72,3.79,3.60,3.61,3.63,7394,27094.00,19
BSE,ODIGMA,INE054301028,T,22.61,23.29,22.34,22.61,22.67,1492,34401.00,52
BSE,ODYCORP,INE839E01023,X,6.33,6.33,6.01,6.16,6.02,10325,64473.00,43
BSE,ODYSSEY,INE213B01019,X,38.99,39.81,37.70,37.93,38.34,4544,173981.00,84
BSE,OFSS,INE881D01027,A,11435.00,11682.00,11435.00,11585.00,11445.90,24721,286381449.00,5418
BSE,OIL,INE274J01014,A,452.90,452.90,447.20,449.60,450.10,39745,17866332.00,1162
BSE,OILCOUNTUB,INE591A01010,T,58.75,58.75,55.27,56.78,56.59,784,44774.00,21
BSE,OIVL,INE125F01032,X,5.50,5.99,5.20,5.83,5.81,42059,235241.00,111
BSE,OKPLA,INE870B01024,XT,3.98,3.98,3.83,3.87,3.96,326517,1262673.00,260
BSE,OLAELEC,INE0LXG01040,A,38.81,39.71,38.35,38.55,38.74,2691893,105018056.00,6131
BSE,OLATECH,INE0M3901015,M,68.65,68.65,68.65,68.65,65.40,1850,127002.00,2
BSE,OLECTRA,INE260D01016,A,1347.75,1351.10,1332.15,1348.35,1342.40,13290,17836607.00,635
BSE,OLPCL,INE550L01013,X,3.07,3.07,3.06,3.06,3.09,4500,13805.00,8
BSE,OLYMPTX,INE482O01021,X,31.49,31.49,28.60,30.00,29.04,384,11409.00,7
BSE,OMAXAUTO,INE090B01011,T,185.50,185.50,184.15,184.15,193.80,6520,1202738.00,90
BSE,OMAXE,INE800H01010,B,85.69,87.75,85.46,87.52,85.76,26295,2280593.00,265
BSE,OMEAG,INE112B01013,X,8.93,8.93,8.93,8.93,8.93,100,893.00,1
BSE,OMEGAIN,INE113B01037,X,36.76,36.76,36.76,36.76,38.69,267526,9834255.00,964
BSE,OMFREIGHT,INE1BZC01019,T,89.00,89.00,84.60,87.40,89.00,524,45105.00,18
BSE,OMINFRAL,INE239D01028,B,91.05,92.00,89.47,90.22,91.80,15998,1446506.00,171
BSE,OMKARPH,INE501C01015,X,15.95,17.58,15.92,17.58,16.75,2142,34274.00,10
BSE,OML,INE0R8Q01018,MT,33.01,33.01,33.01,33.01,33.01,1600,52816.00,1
BSE,OMNI,INE0UH301010,B,607.45,619.80,600.00,608.65,601.90,13974,8549271.00,508
BSE,OMNIAX,INE369B01019,X,3.06,3.06,3.06,3.06,3.04,500,1530.00,1
BSE,OMNIPOTENT,INE0JFE01012,M,2.60,2.70,2.60,2.70,2.60,8000,21180.00,4
BSE,OMNITEX,INE814D01010,XT,783.00,784.00,765.50,773.25,747.20,4830,3771027.00,49
BSE,OMPOWER,INE25E901019,B,168.70,176.25,168.05,171.05,168.70,4544,781040.00,173
BSE,ONEGLOBAL,INE670O01013,X,542.00,550.00,524.50,528.50,542.35,18767,9928666.00,782
BSE,ONELIFECAP,INE912L01015,T,36.90,37.00,35.96,35.96,36.00,301,10936.00,8
BSE,ONEPOINT,INE840Y01029,B,56.80,57.98,56.59,57.04,56.85,11251,645184.00,159
BSE,ONESOURCE,INE013P01021,A,1559.90,1561.85,1507.80,1534.00,1559.75,10993,16916908.00,816
BSE,ONGC,INE213A01029,A,242.45,243.20,240.70,241.80,240.85,193755,46894163.00,3149
BSE,ONIDA,INE831A01028,T,39.00,39.74,38.53,38.54,40.55,32286,1260105.00,119
BSE,ONIXSOLAR,INE173M01012,X,559.45,559.45,559.45,559.45,570.85,2664,1490374.00,45
BSE,ONMOBILE,INE809I01019,T,69.60,70.17,68.17,70.17,66.83,46073,3221124.00,340
BSE,ONTIC,INE989S01042,XT,2.02,2.02,1.92,1.93,2.02,130711,254241.00,126
BSE,ONWARDTEC,INE229A01017,B,290.95,292.35,287.50,290.35,293.85,1721,499605.00,76
BSE,OONE,INE860E01011,X,6.21,6.85,6.21,6.85,6.90,1124,7647.00,6
BSE,OPTIEMUS,INE350C01017,B,665.85,665.85,614.75,623.70,657.75,12772,8153926.00,927
BSE,OPTIFIN,INE031G01022,X,11.92,11.92,11.60,11.80,11.89,9489,111314.00,60
BSE,ORBTEXP,INE231G01010,T,244.00,245.00,240.00,245.00,240.00,274,66896.00,10
BSE,ORCHASP,INE215B01022,B,1.65,1.78,1.59,1.62,1.66,32237,52608.00,65
BSE,ORCHPHARMA,INE191A01027,B,990.70,1019.65,984.30,1004.30,987.30,2635,2622407.00,247
BSE,ORGANICREC,INE0MIO01019,M,231.00,231.70,230.00,230.00,230.30,33000,7622190.00,53
BSE,ORGCOAT,INE412E01011,X,19.65,19.65,18.86,18.86,19.85,24483,461896.00,19
BSE,ORIBEVER,INE247F01018,X,176.15,184.45,176.10,183.00,180.00,431,77692.00,23
BSE,ORICONENT,INE730A01022,B,54.00,54.27,53.91,53.91,54.00,101,5453.00,4
BSE,ORIENTALTL,INE998H01012,B,5.39,5.39,5.15,5.17,5.15,6168,32454.00,24
BSE,ORIENTBELL,INE607D01018,B,320.00,321.05,319.90,319.90,317.20,51,16344.00,7
BSE,ORIENTCEM,INE876N01018,B,139.50,139.65,137.00,137.80,139.30,8918,1232316.00,217
BSE,ORIENTCER,INE569C01020,B,40.25,41.71,40.20,40.89,41.22,1564,63176.00,25
BSE,ORIENTELEC,INE142Z01019,B,175.55,185.00,175.30,177.30,175.45,81505,14697697.00,1629
BSE,ORIENTHOT,INE750A01020,B,135.10,136.70,130.95,132.95,135.40,14089,1890511.00,302
BSE,ORIENTLTD,INE609C01024,T,75.00,77.95,75.00,77.95,77.00,43,3273.00,4
BSE,ORIENTPPR,INE592A01026,B,19.99,19.99,18.83,19.06,19.02,30639,582763.00,146
BSE,ORIENTTECH,INE0PPK01015,B,262.75,264.90,259.95,260.85,261.65,14016,3670517.00,443
BSE,ORIENTTR,INE681D01039,X,5.44,5.44,5.02,5.16,5.22,9083,46523.00,63
BSE,ORIRAIL,INE457G01029,X,114.50,116.35,114.00,114.55,113.45,48709,5606080.00,482
BSE,ORISSAMINE,INE725E01024,B,4061.05,4397.00,4061.05,4291.95,4104.25,3358,14288798.00,618
BSE,ORKLAINDIA,INE16NZ01023,B,574.90,583.95,563.65,575.80,572.75,1809,1044245.00,245
BSE,OROSMITHS,INE628B01034,XT,6.59,6.59,6.18,6.27,6.43,61226,384951.00,171
BSE,ORTEL,INE849L01019,Z,1.95,2.04,1.86,2.03,1.95,3745,7345.00,15
BSE,ORTINGLOBE,INE749B01020,T,15.99,15.99,15.00,15.00,15.59,168,2522.00,11
BSE,OSIAJEE,INE186R01013,X,294.00,294.00,245.10,254.35,279.15,12838,3354854.00,336
BSE,OSWALAGRO,INE142A01012,B,39.20,39.35,38.50,38.50,38.50,568,22090.00,17
BSE,OSWALGREEN,INE143A01010,B,21.36,22.31,21.36,21.55,21.69,16293,359295.00,95
BSE,OSWALPUMPS,INE0BYP01024,B,333.15,333.15,322.95,325.70,331.50,51244,16724290.00,1510
BSE,OTCO,INE910B01028,XT,10.13,10.26,10.13,10.25,10.64,2605,26687.00,7
BSE,OVAL,INE0RTI01017,M,57.00,57.00,55.00,55.00,57.00,4800,267200.00,3
BSE,OVOBELE,INE812S01012,XT,162.45,162.45,159.05,161.20,160.15,3737,602887.00,86
BSE,OXFORDIN,INE114D01015,XT,6.25,6.28,6.11,6.28,5.99,9078,56964.00,47
BSE,OXYGENTAPH,INE102E01018,X,50.49,51.45,48.80,49.04,50.39,5927,292582.00,33
BSE,PACE,INE0N1L01018,M,15.75,15.75,14.72,14.82,16.00,38400,583200.00,32
BSE,PACEDIGITK,INE0S3G01027,B,203.10,203.55,197.00,198.10,201.40,58436,11714446.00,636
BSE,PACIFICI,INE883C01025,X,129.40,135.60,129.40,135.60,130.75,280,36705.00,9
BSE,PADALPO,INE630U01014,X,13.00,14.00,13.00,14.00,13.44,1997,27914.00,6
BSE,PADAMCO,INE448D01025,X,0.96,0.98,0.95,0.97,0.97,806614,777813.00,411
BSE,PADMAIND,INE743D01011,X,8.56,8.56,8.17,8.17,8.60,537,4392.00,8
BSE,PADMALAYAT,INE243B01016,Z,4.09,4.09,3.71,4.02,3.90,7258,27145.00,28
BSE,PAGEIND,INE761H01022,A,39903.70,40225.70,39750.00,39777.00,40099.50,908,36339724.00,570
BSE,PAISALO,INE420C01059,A,71.68,72.72,70.00,70.97,71.97,511765,36592831.00,1392
BSE,PAJSON,INE14LM01012,M,200.05,200.05,195.00,197.20,201.05,5400,1061880.00,9
BSE,PAKKA,INE551D01018,B,72.71,72.71,70.17,72.00,70.94,4942,351322.00,68
BSE,PALASHSECU,INE471W01019,B,88.00,89.94,86.65,87.55,88.70,1279,111925.00,17
BSE,PALCO,INE239L01013,X,140.00,142.00,140.00,141.00,141.15,22,3082.00,5
BSE,PALMJEWELS,INE838Z01012,X,15.34,15.35,14.73,14.75,15.35,4174,63288.00,24
BSE,PALREDTEC,INE218G01033,T,45.75,45.75,45.75,45.75,45.75,100,4575.00,3
BSE,PANABYTE,INE516E01019,X,18.00,19.10,17.99,19.10,18.28,9327,174647.00,18
BSE,PANACEABIO,INE922B01023,B,420.00,440.00,416.40,419.05,422.85,4415,1880805.00,239
BSE,PANAENERG,INE795A01017,X,246.20,256.80,246.20,249.35,253.70,1536,387494.00,110
BSE,PANAFIC,INE655P01029,XT,2.05,2.05,2.05,2.05,2.01,243949,500095.00,76
BSE,PANAMAPET,INE305C01029,B,473.85,473.85,455.05,459.90,461.75,4359,2016190.00,226
BSE,PANCARBON,INE013E01017,X,462.50,463.75,460.00,463.30,464.20,852,393104.00,40
BSE,PANCHMAHQ,INE798F01010,X,327.00,327.00,300.00,300.40,313.30,5593,1764918.00,186
BSE,PANCHSHEEL,INE316G01019,X,119.90,119.90,112.05,112.70,117.30,20959,2386827.00,165
BSE,PANCM,INE167E01037,XT,118.00,119.90,116.00,118.35,118.00,540,63791.00,12
BSE,PANELEC,INE648E01010,X,25.00,27.88,25.00,27.39,25.36,498,13329.00,24
BSE,PANHR,INE1N9E01015,MT,54.00,54.00,54.00,54.00,53.82,129600,6998400.00,4
BSE,PANINDIAC,INE376A01032,X,1.65,1.65,1.60,1.65,1.62,53217,86679.00,109
BSE,PANJON,INE744D01019,X,17.79,18.45,17.50,18.10,17.71,1027,18368.00,22
BSE,PANKAJPO,INE698B01011,X,87.79,87.80,86.50,87.70,84.05,22735,1985214.00,97
BSE,PANORAMA,INE258R01028,B,47.34,49.60,47.33,47.79,47.06,176119,8546935.00,723
BSE,PANTH,INE945O01019,XT,10.45,10.45,9.95,10.25,10.17,22214,224242.00,80
BSE,PARACABLES,INE074B01023,B,67.48,67.48,64.44,64.64,66.36,68484,4478060.00,718
BSE,PARADEEP,INE088F01024,A,146.50,147.80,144.20,145.05,144.70,336040,48941569.00,2451
BSE,PARAGMILK,INE883N01014,A,224.50,237.00,224.00,233.05,224.85,44460,10348637.00,1240
BSE,PARAGONF,INE015E01012,X,45.50,50.81,42.80,46.30,42.80,3603,163904.00,47
BSE,PARAS,INE045601023,A,1289.20,1316.00,1272.50,1300.30,1288.45,50332,65380832.00,2376
BSE,PARASPETRO,INE162C01024,B,2.47,2.56,2.47,2.50,2.46,147686,373377.00,104
BSE,PARKERAC,INE750B01010,X,14.74,14.74,14.74,14.74,15.13,25,368.00,1
BSE,PARKHOSPS,INE119201023,B,285.50,291.55,280.00,283.80,287.65,74874,21443102.00,1560
BSE,PARKHOTELS,INE988S01028,B,123.75,125.05,123.45,123.90,124.25,4146,513943.00,116
BSE,PARLEIND,INE272G01014,XT,6.95,6.95,6.88,6.95,6.62,1249714,8682342.00,1439
BSE,PARMAX,INE240T01014,XT,100.65,101.00,100.65,100.65,102.70,27,2718.00,10
BSE,PARMCOS-B,INE143I01013,X,39.00,39.50,38.50,39.49,37.86,1840,72544.00,23
BSE,PARMESHWAR,INE0QQJ01021,MT,196.90,196.90,189.85,189.85,197.55,3000,576800.00,3
BSE,PARMSILK,INE808R01012,XT,329.40,329.40,329.40,329.40,346.70,137,45127.00,13
BSE,PARNAXLAB,INE383L01019,X,133.30,137.75,133.00,133.55,133.25,3263,437058.00,35
BSE,PARSHVA,INE05MV01019,B,178.00,178.00,178.00,178.00,186.90,228,40584.00,1
BSE,PARSHWANA,INE635I01018,X,76.05,83.85,76.05,79.66,80.05,553,42873.00,9
BSE,PARSVNATH,INE561H01026,T,1.73,1.73,1.73,1.73,1.76,45835,79294.00,78
BSE,PARVATI,INE295Z01015,X,6.60,6.82,6.37,6.58,6.55,7275,48549.00,75
BSE,PASHUPATI,INE124Y01028,B,86.98,86.98,84.50,84.85,85.76,2564,219297.00,586
BSE,PASUPTAC,INE818B01023,T,61.70,61.85,59.70,60.10,59.92,5543,332851.00,30
BSE,PASUSPG,INE909B01020,X,34.49,34.49,34.49,34.49,33.74,5,172.00,1
BSE,PATANJALI,INE619A01035,A,364.75,365.55,356.85,360.00,362.00,203465,73478525.00,2761
BSE,PATELCHEM,INE161701011,MT,92.50,92.50,92.00,92.25,91.78,3200,295200.00,2
BSE,PATELENG,INE244B01030,A,28.99,29.00,28.29,28.36,28.87,326275,9350612.00,1322
BSE,PATELRMART,INE0R8B01010,B,226.60,231.85,224.35,225.75,226.25,11447,2604475.00,235
BSE,PATELSAI,INE082C01024,X,337.70,347.55,330.20,332.90,336.30,7753,2622840.00,192
BSE,PATINTLOG,INE529D01014,T,14.00,14.40,14.00,14.30,14.10,8570,122506.00,37
BSE,PATSPINLTD,INE790C01014,X,6.67,6.80,6.61,6.76,6.66,1633,10868.00,14
BSE,PAUSHAKLTD,INE111F01024,B,661.05,781.80,653.80,735.95,651.50,121348,89635104.00,5373
BSE,PAVNAIND,INE07S101038,B,18.03,18.41,18.02,18.34,17.78,588,10640.00,6
BSE,PAYTM,INE982J01020,A,1434.95,1435.95,1388.55,1408.00,1376.00,364547,514911389.00,68080
BSE,PBAINFRA,INE160H01019,XT,11.95,11.95,11.70,11.70,11.40,442,5171.00,3
BSE,PBMPOLY,INE501F01018,X,58.47,58.50,57.10,58.32,57.05,256,14899.00,9
BSE,PCBL,INE602A01031,A,326.50,327.50,320.55,322.30,326.95,117814,38093799.00,2423
BSE,PCCOSMA,INE417E01010,X,342.00,384.00,339.50,366.85,341.85,3445,1248273.00,127
BSE,PCJEWELLER,INE785M01021,A,9.67,9.92,9.57,9.81,9.64,10962309,106679669.00,4258
BSE,PCS,INE834B01012,X,19.43,19.74,19.43,19.45,19.43,3657,71232.00,20
BSE,PDMJEPAPER,INE865T01018,B,97.40,97.98,95.19,96.76,96.29,5627,542126.00,119
BSE,PDSL,INE111Q01021,B,355.90,358.15,345.00,352.25,356.45,3760,1334425.00,198
BSE,PEARLPOLY,INE844A01013,T,16.85,16.91,16.85,16.91,16.85,170,2874.00,4
BSE,PEIL,INE429K01012,X,7.32,7.40,7.00,7.04,7.32,10858,77117.00,42
BSE,PENIND,INE932A01024,A,168.55,169.05,165.00,165.95,168.85,10334,1722572.00,252
BSE,PENINLAND,INE138A01028,T,15.79,16.00,15.79,15.80,16.11,3713,58984.00,15
BSE,PERFEPA,INE759I01024,X,80.95,80.95,71.27,77.69,74.00,465,35978.00,23
BSE,PERMAGN,INE418E01018,X,856.80,869.90,844.05,854.10,856.80,2809,2414781.00,154
BSE,PERSISTENT,INE262H01021,A,5598.60,5598.60,5463.35,5475.00,5490.00,30341,166729007.00,4627
BSE,PERVASIVE,INE443P01038,XT,5.62,5.62,5.62,5.62,5.51,138,775.00,1
BSE,PESB,INE510U01018,M,252.00,252.00,240.00,244.55,250.35,41600,10242080.00,49
BSE,PETRONET,INE347G01014,A,284.85,284.85,277.50,283.50,283.00,16534,4626825.00,900
BSE,PFC,INE134E01011,A,419.70,421.85,417.00,419.00,417.00,952957,399186169.00,2136
BSE,PFIZER,INE182A01018,A,4914.00,4914.00,4810.80,4864.80,4915.45,1186,5760173.00,369
BSE,PFL,INE0PZB01013,M,30.79,30.79,30.79,30.79,30.39,3000,92370.00,1
BSE,PFLINFOTC,INE600F01018,X,3.82,3.82,3.82,3.82,3.81,20,76.00,1
BSE,PFOCUS,INE367G01038,B,302.45,306.30,296.65,302.90,298.95,56156,16952831.00,1358
BSE,PFS,INE560K01014,B,28.41,28.65,27.80,28.00,28.41,49455,1398547.00,382
BSE,PGEL,INE457L01029,A,620.00,629.30,610.00,615.00,616.00,51779,32093501.00,1403
BSE,PGFOILQ,INE078D01012,X,185.60,189.45,181.05,184.10,185.55,6537,1196867.00,123
BSE,PGHH,INE179A01014,A,8648.30,8739.75,8630.00,8645.35,8648.25,344,2984196.00,139
BSE,PGHL,INE199A01012,A,6490.60,6520.00,6440.00,6480.35,6490.60,471,3053051.00,141
BSE,PGIL,INE940H01022,A,2117.20,2126.00,2087.10,2121.55,2100.05,2927,6177018.00,328
BSE,PGINVIT,INE0GGX23010,IF,97.17,98.03,97.03,97.75,97.17,165300,16136625.00,971
BSE,PHARMAID,INE117D01018,X,33.44,33.44,31.50,32.51,31.67,7636,245180.00,47
BSE,PHCAP,INE160F01013,XT,1016.00,1020.00,993.00,995.20,1015.05,2599,2589952.00,44
BSE,PHOENIXLTD,INE211B01039,A,1930.05,1963.40,1916.30,1952.40,1913.40,6668,12958649.00,846
BSE,PHOENXINTL,INE245B01011,X,31.40,32.63,29.21,31.03,31.99,1308,40101.00,29
BSE,PHOSPHATE,INE398C01016,X,140.00,140.00,136.05,136.05,139.00,238,33103.00,16
BSE,PHRMASI,INE486I01016,X,87.70,87.70,87.25,87.25,87.70,402,35075.00,2
BSE,PHYTO,INE037C01010,X,19.29,20.48,19.29,20.40,19.29,980,19532.00,10
BSE,PICCADIL,INE546C01010,B,749.95,788.50,746.60,784.55,751.95,37113,28970668.00,2969
BSE,PICCASUG,INE544C01023,X,33.63,35.20,33.63,34.24,33.63,3211,110697.00,63
BSE,PICTUREHS,INE448B01029,X,8.20,9.00,8.20,8.50,8.20,1378,11586.00,10
BSE,PIDILITIND,INE318A01026,A,1642.00,1658.00,1603.00,1620.00,1628.00,559896,920164669.00,7667
BSE,PIGL,INE557Z01018,B,113.05,113.05,109.30,111.80,110.15,2472,272613.00,48
BSE,PIIND,INE603J01030,A,2801.35,2840.00,2793.20,2808.00,2830.00,10329,29109138.00,1561
BSE,PILANIINVS,INE417C01014,B,4369.45,4425.00,4369.45,4425.00,4340.00,100,441833.00,11
BSE,PILITA,INE600A01035,T,8.41,8.77,8.41,8.55,8.70,13418,114183.00,39
BSE,PINELABS,INE15B701018,B,153.85,156.50,149.05,151.05,152.45,2338112,359950699.00,11643
BSE,PIONEEREMB,INE156C01018,B,25.70,25.74,23.90,24.26,25.73,2332,57730.00,54
BSE,PIONRINV,INE746D01014,T,88.70,88.70,85.95,86.00,86.50,40,3533.00,5
BSE,PIOTEX,INE0R4W01015,M,30.89,30.90,30.89,30.90,30.80,3600,111216.00,2
BSE,PIRAMALFIN,INE202B01038,B,2043.25,2079.10,1965.95,2005.55,2043.00,124624,255769578.00,960
BSE,PITTIENG,INE450D01021,B,922.05,941.70,922.05,941.40,925.50,1185,1107255.00,102
BSE,PIXTRANS,INE751B01018,B,1701.20,1708.15,1686.60,1690.30,1693.85,541,918243.00,113
BSE,PLASTIBLEN,INE083C01022,B,190.65,192.45,188.00,188.25,190.55,1082,206868.00,49
BSE,PLATIND,INE0PT501018,B,227.40,231.10,226.40,227.35,225.45,763,174673.00,50
BSE,PLAZACABLE,INE0INJ01017,T,44.04,46.24,44.04,46.19,44.04,3170,144433.00,36
BSE,PMCFIN,INE793G01035,X,1.70,1.72,1.69,1.71,1.72,347612,590963.00,399
BSE,PML,INE291E01019,B,504.60,512.65,503.90,512.30,536.65,286,145522.00,21
BSE,PNB,INE160A01022,A,113.20,114.00,112.70,113.70,113.10,642510,72980733.00,6766
BSE,PNBGILTS,INE859A01011,B,83.44,84.49,82.49,82.75,83.81,41044,3420029.00,685
BSE,PNBHOUSING,INE572E01012,A,1098.00,1098.00,1050.00,1050.00,1085.25,111994,119663217.00,7550
BSE,PNC,INE392B01011,B,19.80,20.20,19.50,19.50,20.47,8857,174817.00,43
BSE,PNCINFRA,INE195J01029,A,246.75,252.00,246.40,251.15,247.05,27334,6806594.00,651
BSE,PNGJL,INE953R01016,B,675.85,675.85,639.55,654.50,657.50,24893,16144027.00,929
BSE,PNGSREVA,INE1RDG01013,B,443.40,521.10,439.00,512.00,442.45,254064,127957675.00,4230
BSE,PNTKYOR,INE702E01015,X,35.75,35.75,35.70,35.70,35.05,4,142.00,2
BSE,POBS,INE0DTJ01015,M,170.00,170.00,170.00,170.00,175.00,600,102000.00,1
BSE,POCL,INE063E01061,A,555.90,556.60,522.00,530.05,550.00,17647,9529693.00,871
BSE,PODDARMENT,INE371C01013,B,255.00,260.40,250.55,257.65,258.10,355,90532.00,27
BSE,POEL,INE035S01028,X,176.00,176.00,170.25,171.30,172.25,155933,26958444.00,265
BSE,POKARNA,INE637C01025,B,930.35,938.55,920.55,931.20,934.15,1071,994979.00,110
BSE,POLICYBZR,INE417T01026,A,1649.95,1649.95,1592.00,1609.00,1628.70,35350,56888677.00,2354
BSE,POLYCAB,INE455K01017,A,9035.65,9214.95,9035.65,9120.00,9034.90,25883,237369169.00,5324
BSE,POLYCHEM,INE752B01024,X,1979.00,1980.00,1930.00,1940.00,1979.85,81,160109.00,8
BSE,POLYCHMP,INE809B01014,X,47.50,47.50,47.50,47.50,47.19,3,142.00,1
BSE,POLYCON,INE262C01014,X,22.48,22.48,21.37,21.59,22.48,5,107.00,2
BSE,POLYLINK,INE323D01020,X,23.25,23.25,21.75,22.16,22.84,4364,97732.00,62
BSE,POLYMAC,INE826P01018,M,8.40,8.40,8.40,8.40,7.66,800,6720.00,1
BSE,POLYMED,INE205C01021,A,1741.05,1741.05,1715.20,1723.50,1724.05,1668,2875131.00,376
BSE,POLYPLEX,INE633B01018,B,1092.00,1125.00,1091.50,1115.55,1093.70,3111,3441915.00,254
BSE,POLYSPIN,INE914G01029,X,30.98,30.98,28.01,29.42,29.93,884,25048.00,16
BSE,PONNIERODE,INE838E01017,B,309.20,340.00,309.20,325.05,326.80,5127,1703393.00,437
BSE,POOJA,INE973X01012,B,17.68,17.85,17.45,17.49,17.68,12998,228912.00,118
BSE,POOJAENT,INE147C01017,X,76.80,76.80,71.00,72.00,72.68,16088,1152192.00,67
BSE,POONADAL,INE809E01018,X,61.70,63.73,61.51,63.73,62.31,20,1241.00,3
BSE,POONAWALLA,INE511C01022,A,473.75,473.75,464.00,468.25,470.15,22408,10501839.00,678
BSE,POPULARES,INE370C01015,X,18.20,18.20,17.90,17.90,17.34,22,396.00,3
BSE,PORWAL,INE386I01018,X,54.37,54.80,53.75,53.78,54.36,2653,143757.00,27
BSE,POWERGRID,INE752E01010,A,291.55,292.00,281.70,282.50,284.00,245646,70037985.00,3406
BSE,POWERICA,INE921L01032,B,527.45,529.05,507.75,522.90,517.20,9625,5023804.00,810
BSE,POWERINDIA,INE07Y701011,A,32087.95,32695.90,32000.00,32105.00,31850.00,5838,189211594.00,1420
BSE,POWERMECH,INE211R01019,A,2586.90,2625.00,2575.20,2611.60,2594.60,2222,5796869.00,313
BSE,PPAP,INE095I01015,T,288.90,297.90,281.20,282.85,287.95,1493,432646.00,51
BSE,PPARIVAH,INE0SMW01011,MT,222.30,227.95,214.75,224.20,226.05,109200,24376320.00,40
BSE,PPEL,INE288301026,MT,470.00,493.50,451.10,493.50,0.00,2853600,1352358740.00,3998
BSE,PPL,INE050001010,T,269.50,269.85,261.00,261.55,262.05,1059,281202.00,43
BSE,PPLPHARMA,INE0DK501011,A,201.50,203.95,197.80,202.40,199.00,737162,147509968.00,10720
BSE,PQIF,INE689M01025,X,10.72,10.72,10.72,10.72,11.28,19656,210712.00,137
BSE,PRABHA,INE0I0M01023,B,155.80,156.30,153.30,154.90,152.70,4660,720998.00,41
BSE,PRABHHANS,INE428P01013,XT,40.50,40.50,37.50,38.15,38.62,2378,95812.00,20
BSE,PRADPME,INE770A01010,T,518.70,518.70,505.00,518.40,518.75,85,43611.00,8
BSE,PRAENG,INE505C01016,B,19.85,20.53,19.80,20.12,20.03,549,10888.00,6
BSE,PRAGBOS,INE962B01011,X,1.90,2.00,1.80,1.89,1.86,4064,7677.00,51
BSE,PRAJIND,INE074A01025,A,321.35,330.05,317.20,318.70,315.10,96516,31286164.00,3386
BSE,PRAKASH,INE603A01013,B,126.90,127.60,125.00,125.25,125.45,18577,2346977.00,228
BSE,PRAKASHSTL,INE696K01024,B,3.99,4.03,3.98,3.98,4.03,12842,51388.00,115
BSE,PRARUH,INE0TI501017,M,80.00,81.50,73.50,77.36,75.60,262000,20569540.00,84
BSE,PRATIK,INE206C01029,X,4.97,5.09,4.45,4.50,4.78,245465,1122764.00,334
BSE,PRAVEG,INE722B01019,B,294.00,297.20,287.10,288.40,293.60,6647,1945113.00,245
BSE,PRAXIS,INE546Y01022,B,6.99,6.99,6.22,6.53,6.62,20213,128876.00,48
BSE,PRECAM,INE484I01029,B,143.55,146.35,142.50,143.15,143.05,15738,2270347.00,306
BSE,PRECISIO,INE143C01024,XT,214.20,214.20,201.00,201.10,210.00,242,48916.00,13
BSE,PRECWIRE,INE372C01037,B,379.25,384.40,373.00,380.95,379.55,14230,5413498.00,418
BSE,PREMCAP,INE946K01023,XT,5.60,5.85,5.60,5.63,5.85,9,50.00,3
BSE,PREMCO,INE001E01012,B,379.40,385.35,379.40,379.40,379.75,301,114205.00,2
BSE,PREMEXPLN,INE863B01029,A,666.20,666.20,658.00,660.60,661.60,10558,6994666.00,268
BSE,PREMIER,INE342A01018,T,2.79,2.99,2.79,2.96,2.90,2424,7194.00,7
BSE,PREMIERENE,INE0BS701011,A,1022.05,1054.00,1022.05,1036.15,1028.00,85772,89434871.00,3216
BSE,PREMIERPOL,INE309M01020,B,74.00,74.00,71.50,72.42,73.19,13274,963766.00,132
BSE,PREMSYN,INE940N01012,X,14.65,16.39,14.62,16.39,15.85,450,6612.00,6
BSE,PRERINFRA,INE426H01014,X,26.98,27.50,25.48,26.89,26.85,40397,1052767.00,62
BSE,PRESTIGE,INE811K01011,A,1634.30,1651.00,1555.00,1555.00,1633.00,20728,33424793.00,1841
BSE,PREVEST,INE0GAO01018,M,397.25,397.25,381.55,384.05,397.25,10600,4112900.00,41
BSE,PRICOLLTD,INE726V01018,A,746.70,771.65,732.30,766.95,734.55,60661,45692254.00,2857
BSE,PRIMAGR,INE297D01018,X,15.15,15.28,15.15,15.28,15.54,1013,15450.00,6
BSE,PRIMAIN,INE723N01012,X,17.50,17.70,16.11,17.47,17.73,1427,23759.00,14
BSE,PRIMAPLA,INE573B01016,XT,124.00,126.00,121.70,121.70,123.60,3803,465484.00,37
BSE,PRIMEFRESH,INE442V01012,B,189.95,191.40,172.15,179.45,185.55,6442,1156917.00,529
BSE,PRIMEPRO,INE233C01023,XT,28.20,28.98,28.05,28.89,28.20,750,21561.00,13
BSE,PRIMESECU,INE032B01021,B,324.95,324.95,276.00,281.00,278.10,90,25099.00,14
BSE,PRIMEURB,INE419E01024,X,8.97,8.97,8.58,8.58,8.73,95,832.00,6
BSE,PRIMIND,INE543F01028,X,42.26,42.26,40.15,40.15,42.26,35163,1413934.00,66
BSE,PRIMO,INE607A01022,B,23.85,25.29,23.85,24.16,24.36,5851,141983.00,41
BSE,PRINCEPIPE,INE689W01016,B,265.00,280.90,264.50,276.30,263.35,53994,14697625.00,1373
BSE,PRISMMEDI,INE730E01016,X,28.90,30.99,27.61,29.32,28.90,4585,129059.00,33
BSE,PRISMX,INE286N01028,X,0.64,0.64,0.60,0.61,0.63,168316,104742.00,117
BSE,PRITHVIEXCH,INE621B01021,X,104.51,107.51,101.00,105.84,104.51,1778,187271.00,37
BSE,PRITIKAUTO,INE583R01029,T,17.99,18.00,17.37,17.45,17.60,6343,112855.00,28
BSE,PRIVISCL,INE959A01019,A,3581.45,3680.00,3569.50,3674.20,3592.90,12660,46257423.00,1381
BSE,PROCLB,INE438C01010,X,29.59,29.59,28.55,29.59,29.94,1008,29651.00,10
BSE,PROFINC,INE732K01027,Z,2.72,2.80,2.71,2.73,2.85,1997766,5436354.00,474
BSE,PROSTARM,INE0BX301013,B,135.40,135.40,132.60,133.70,135.75,5146,689207.00,139
BSE,PROTEAN,INE004A01022,A,632.75,647.70,620.00,621.25,630.10,27620,17536832.00,1121
BSE,PROZONER,INE195N01013,B,43.60,43.60,42.37,42.79,43.21,5684,243884.00,99
BSE,PRSMJOHNSN,INE010A01011,B,108.70,109.40,108.00,108.70,108.70,3543,385091.00,97
BSE,PRUDENT,INE00F201020,A,3362.95,3394.50,3260.00,3292.50,3363.95,106736,352316253.00,932
BSE,PRUDMOULI,INE024D01016,T,13.47,13.47,13.00,13.01,12.85,3955,52797.00,12
BSE,PSB,INE608A01012,B,23.75,23.97,23.61,23.88,23.74,57120,1361030.00,434
BSE,PSCELESTIA,INE19RO25039,IF,1015000.00,1015000.00,1015000.00,1015000.00,1006800.00,1,1015000.00,1
BSE,PSITINFRA,INE953M01033,XT,1.36,1.36,1.36,1.36,1.34,19170,26071.00,12
BSE,PSPLATINA,INE19RO25013,IF,1090000.00,1090000.00,1090000.00,1090000.00,1085000.00,1,1090000.00,1
BSE,PSPPROJECT,INE488V01015,B,947.15,967.95,930.00,933.20,950.10,9129,8634171.00,380
BSE,PTC,INE877F01012,A,181.95,184.50,179.90,183.40,180.25,118035,21455040.00,1590
BSE,PTCIL,INE596F01018,A,18000.00,18333.00,17970.60,18101.65,17970.60,292,5299653.00,147
BSE,PTL,INE034D01049,B,39.90,40.35,39.67,40.11,39.96,2657,106305.00,64
BSE,PULSRIN,INE183U01022,X,0.44,0.44,0.44,0.44,0.46,3982576,1752333.00,808
BSE,PUNJABCHEM,INE277B01014,B,1149.40,1149.40,1107.25,1114.50,1154.40,468,526604.00,91
BSE,PUNJCOMMU,INE609A01010,B,48.06,48.06,46.58,47.94,46.89,203,9646.00,18
BSE,PURETROP,INE795D01011,X,152.00,162.00,152.00,161.90,159.50,2243,361312.00,42
BSE,PURPLE,INE905R01016,X,5.42,5.68,5.42,5.68,5.42,1319,7472.00,10
BSE,PURPLEFIN,INE0CYK01015,X,73.81,77.00,73.80,75.28,73.81,89665,6805964.00,238
BSE,PURPLEWAVE,INE0VDK01019,M,204.90,217.85,193.25,217.85,198.05,165000,34603950.00,128
BSE,PURSHOTTAM,INE729C01020,X,36.86,36.86,35.20,36.58,34.00,7,256.00,4
BSE,PURVA,INE323I01011,B,209.00,210.00,207.05,208.80,207.75,6370,1329947.00,210
BSE,PVP,INE362A01016,B,28.75,29.65,27.63,27.99,27.18,80565,2302758.00,559
BSE,PVRINOX,INE191H01014,A,1132.10,1193.80,1131.80,1188.45,1140.05,48118,55796792.00,1344
BSE,PVSL,INE772T01024,B,107.20,110.55,107.20,109.90,107.10,3109,336379.00,42
BSE,PVVINFRA,INE428B01021,X,3.72,3.78,3.58,3.60,3.72,430423,1575792.00,397
BSE,PWASML,INE523I01016,X,22.16,23.90,22.00,23.00,22.83,1682,39171.00,25
BSE,PWL,INE0LP301011,B,127.45,128.30,125.50,126.05,126.00,108926,13818470.00,951
BSE,PYRAMID,INE0MIS01010,B,185.00,185.75,183.45,183.45,184.50,397,73549.00,26
BSE,QGO,INE837C01013,X,43.18,43.18,41.26,42.20,41.26,52,2213.00,8
BSE,QLL,INE0Q1R01012,M,475.00,475.00,470.00,472.00,480.95,6400,3029560.00,13
BSE,QPOWER,INE0SII01026,T,1156.90,1179.00,1125.00,1147.20,1152.05,6215,7168250.00,367
BSE,QUADFUTURE,INE0LRY01011,B,360.90,362.30,352.15,353.65,360.85,5201,1867226.00,369
BSE,QUANTDIA,INE373C01019,XT,32.69,33.00,32.69,33.00,33.35,1509,49374.00,13
BSE,QUESS,INE615P01015,B,346.15,347.00,320.00,323.90,345.75,84741,28288619.00,2447
BSE,QUESTCAP,INE418C01012,X,268.75,268.75,258.50,263.40,268.40,800,209133.00,30
BSE,QUESTFLOW,INE0OYE01013,MT,186.00,186.00,184.25,184.25,188.00,4400,813070.00,12
BSE,QUICKHEAL,INE306L01010,T,159.20,160.85,155.55,157.60,160.00,4893,772762.00,95
BSE,QUINT,INE641R01017,B,38.30,39.25,38.15,39.14,38.10,5060,194816.00,28
BSE,RAAMA,INE516P01015,XT,18.10,18.99,17.20,18.98,18.09,112706,2086077.00,251
BSE,RACHIT,INE0ZN101029,MT,199.00,199.00,199.00,199.00,201.00,1000,199000.00,1
BSE,RACLGEAR,INE704B01017,B,1301.60,1393.90,1294.45,1350.65,1290.05,3317,4470385.00,362
BSE,RADAAN,INE874F01027,B,3.23,3.23,3.08,3.11,3.26,869,2740.00,11
BSE,RADHEDE,INE986B01044,X,1.47,1.50,1.45,1.45,1.47,147019,214792.00,123
BSE,RADHIKAJWE,INE583V01021,B,71.44,71.45,68.59,68.89,71.15,61269,4258836.00,455
BSE,RADIANTCMS,INE855R01021,B,37.30,37.50,37.02,37.47,36.82,2531,94600.00,44
BSE,RADICO,INE944F01028,A,4486.25,4486.25,4426.40,4447.00,4422.00,7003,31190465.00,1705
BSE,RADIOCITY,INE919I01024,B,6.53,7.00,6.53,6.76,6.92,4660,31517.00,59
BSE,RADIXIND,INE576N01014,XT,155.00,155.00,147.25,147.30,155.00,1463,216410.00,13
BSE,RAGHUNAT,INE753B01014,X,9.70,10.38,9.70,9.90,9.45,1006,10075.00,13
BSE,RAGHUSYN,INE969C01022,X,100.83,100.83,98.04,100.80,99.18,502,49221.00,4
BSE,RAGHUTOB,INE754B01012,X,14.15,14.28,13.10,14.15,14.15,362,4979.00,12
BSE,RAILTEL,INE0DD101019,A,292.70,294.30,288.00,289.45,292.10,31511,9187852.00,796
BSE,RAIN,INE855B01025,A,229.75,239.00,229.75,238.15,229.60,690951,162880280.00,6493
BSE,RAINBOW,INE961O01016,A,1543.10,1585.00,1536.00,1579.60,1542.35,5692,8923845.00,667
BSE,RAINBOWF,INE230F01014,X,38.00,38.97,37.00,37.38,38.00,10460,390299.00,34
BSE,RAJABAH,INE491N01016,X,5005.00,5026.00,5001.00,5026.00,5001.00,5,25059.00,5
BSE,RAJESH,INE0VN801010,M,860.00,877.00,849.05,859.65,854.60,57500,49930405.00,427
BSE,RAJESHEXPO,INE343B01030,Z,84.31,86.90,84.31,84.83,84.96,14676,1248600.00,277
BSE,RAJINFRA,INE016C01014,Z,4.73,4.73,4.73,4.73,4.73,13488,63798.00,6
BSE,RAJKSYN,INE376L01013,X,26.95,26.95,22.41,23.49,23.44,540,12476.00,18
BSE,RAJNISH,INE685Z01033,B,0.41,0.42,0.41,0.41,0.42,2089638,861051.00,448
BSE,RAJOOENG,INE535F01024,T,53.15,53.15,50.63,51.61,52.17,12143,623119.00,86
BSE,RAJPUTANA,INE751R01014,X,31.00,32.00,31.00,32.00,31.49,166,5306.00,6
BSE,RAJRATAN,INE451D01029,B,519.95,552.55,519.95,539.70,512.90,51213,27809340.00,1669
BSE,RAJRILTD,INE533D01032,T,21.16,21.16,21.16,21.16,20.75,10,211.00,1
BSE,RAJSEC,INE184D01026,X,54.20,54.20,54.00,54.05,54.01,2298,124520.00,19
BSE,RAJSPTR,INE374C01017,P,11.77,11.77,11.77,11.77,12.29,1000,11770.00,1
BSE,RAJSREESUG,INE562B01019,B,30.02,36.00,30.02,30.60,30.14,3949,124202.00,189
BSE,RAJTUBE,INE497E01020,XT,11.69,11.69,10.98,11.53,11.46,19710,216984.00,60
BSE,RAJTV,INE952H01027,B,10.70,10.89,10.25,10.25,10.78,63512,652295.00,287
BSE,RALEGRA,INE427E01027,XT,67.22,67.22,65.05,65.05,65.90,759,50023.00,13
BSE,RALLIS,INE613A01020,A,217.60,218.85,216.60,217.75,217.70,31343,6826136.00,540
BSE,RAMANEWS,INE278B01020,B,33.00,34.33,29.66,33.91,30.76,8179,267603.00,101
BSE,RAMAPHO,INE809A01032,B,141.50,141.50,125.50,127.45,129.65,2083,269029.00,43
BSE,RAMAPPR-B,INE425E01013,Z,13.30,13.30,13.30,13.30,13.30,2,26.00,2
BSE,RAMASTEEL,INE230R01035,T,4.19,4.48,4.19,4.47,4.27,824261,3629396.00,1235
BSE,RAMAVISION,INE763B01013,X,140.00,140.00,132.50,139.95,138.70,5038,688820.00,35
BSE,RAMBHAJO,INE1SJO01012,B,185.70,187.90,184.00,186.05,183.50,23665,4397046.00,315
BSE,RAMCOCEM,INE331A01037,A,945.80,948.55,930.95,944.00,946.75,2508,2360860.00,224
BSE,RAMCOIND,INE614A01028,B,337.30,337.35,327.10,327.70,332.75,6498,2163938.00,281
BSE,RAMCOSYS,INE246B01019,B,563.10,592.50,563.10,592.50,564.30,25996,15302111.00,1027
BSE,RAMGOPOLY,INE410D01017,XT,29.03,29.03,29.03,29.03,27.65,5908,171509.00,16
BSE,RAMINFO,INE357B01022,X,44.85,44.85,43.15,43.71,44.27,2443,107148.00,35
BSE,RAMKY,INE874I01013,B,386.00,391.45,386.00,388.20,387.40,964,374035.00,58
BSE,RAMRAT,INE207E01023,B,430.00,433.90,418.10,428.75,430.40,13107,5597105.00,543
BSE,RAMSONS,INE609D01014,X,89.00,89.00,89.00,89.00,89.00,18,1602.00,3
BSE,RANASUG,INE625B01014,B,12.45,13.42,12.45,12.93,12.52,48764,630957.00,229
BSE,RANDER,INE821D01031,XT,11.90,12.52,11.36,11.99,11.95,2004,23825.00,16
BSE,RANEHOLDIN,INE384A01010,B,1891.45,1894.55,1850.00,1861.15,1865.90,1663,3100184.00,256
BSE,RANJITSE,INE863D01017,XT,58.22,58.22,58.22,58.22,58.22,5,291.00,1
BSE,RAP,INE483D01014,X,36.41,39.99,36.31,36.71,38.22,440,16584.00,22
BSE,RAPICUT,INE350D01015,XT,261.85,262.80,254.00,262.60,250.30,5236,1372003.00,92
BSE,RAPID,INE0QA901010,M,132.00,132.00,132.00,132.00,132.30,800,105600.00,1
BSE,RASANDIK,INE682D01011,X,60.03,64.80,60.03,64.08,63.03,604,38711.00,11
BSE,RASIELEC,INE822D01021,X,12.11,12.36,12.07,12.14,12.26,5567,67668.00,62
BSE,RASRESOR,INE651D01016,X,54.51,57.00,54.51,54.53,54.50,106,6032.00,4
BSE,RATEGAIN,INE0CLI01024,A,971.00,986.90,954.10,968.45,963.90,13102,12687286.00,1556
BSE,RATHIBAR,INE575I01016,X,20.17,20.17,19.00,19.48,19.52,558,10790.00,25
BSE,RATHIST,INE336C01016,X,27.00,27.15,25.21,26.51,27.19,131610,3504353.00,492
BSE,RATNABHUMI,INE821Y01011,B,183.00,183.30,176.00,180.00,183.30,39,7033.00,5
BSE,RATNAMANI,INE703B01027,A,2371.20,2390.80,2349.50,2371.75,2370.80,899,2128690.00,89
BSE,RATNAVEER,INE05CZ01011,B,207.15,215.75,206.45,209.15,205.85,903944,190401556.00,8461
BSE,RAVALSUGAR,INE615A01025,X,994.00,1000.00,945.00,999.85,980.00,74,72628.00,17
BSE,RAVEL,INE0W4D01018,M,124.00,132.00,119.80,122.00,123.45,21000,2612500.00,20
BSE,RAWEDGE,INE960Z01014,B,12.90,13.69,12.90,13.61,13.15,3520,46923.00,26
BSE,RAYALEMA,INE008C01011,X,30.99,30.99,28.80,29.83,29.46,1082,32385.00,27
BSE,RAYMOND,INE301A01014,A,602.30,608.00,595.05,605.55,602.10,18042,10861996.00,612
BSE,RAYMONDLSL,INE02ID01020,A,733.25,766.70,732.05,743.75,726.60,15915,11978205.00,715
BSE,RAYMONDREL,INE1SY401010,B,676.90,680.25,666.00,672.60,666.55,11865,7976386.00,439
BSE,RBA,INE07T201019,A,76.05,85.04,76.05,85.04,70.87,7146198,592061427.00,16724
BSE,RBLBANK,INE976G01028,A,380.50,384.25,377.50,380.35,378.90,196448,74962553.00,2091
BSE,RBZJEWEL,INE0PEQ01016,B,153.70,153.70,148.15,150.70,151.45,10807,1627509.00,264
BSE,RCAN,INE0CQ101015,M,18.38,18.38,17.11,18.16,17.95,9200,166648.00,16
BSE,RCCL,INE929D01016,X,34.00,34.00,30.50,32.14,31.80,366,11206.00,9
BSE,RCF,INE027A01015,A,128.00,128.35,126.70,126.95,127.65,38613,4923233.00,460
BSE,RCL,INE792P01020,Z,2.20,2.20,2.20,2.20,2.10,734,1614.00,2
BSE,RCOM,INE330H01018,T,0.85,0.85,0.82,0.83,0.85,444447,371982.00,262
BSE,RDBIPL,INE245L01028,B,18.70,18.70,17.66,17.69,18.58,160188,2881603.00,434
BSE,RDBRL,INE123M01017,X,164.95,167.25,161.60,162.55,160.60,2189,359880.00,45
BSE,RDEL,INE1DKT01011,M,33.73,33.73,33.73,33.73,35.48,1200,40476.00,1
BSE,REALECO,INE055E01034,X,4.17,4.30,3.88,4.04,4.13,551758,2341161.00,152
BSE,RECLTD,INE020B01018,A,371.15,371.15,366.95,367.30,367.15,81880,30198513.00,1596
BSE,RECODE,INE2B6701015,M,224.00,225.00,218.30,225.00,223.35,43200,9603520.00,53
BSE,REDINGTON,INE891D01026,A,351.05,354.05,340.25,349.45,347.70,1252241,436365651.00,16244
BSE,REDTAPE,INE0LXT01019,B,130.65,131.85,129.50,130.40,130.90,22434,2929325.00,355
BSE,REFEX,INE056I01025,A,311.25,311.25,304.00,307.05,306.30,16570,5084275.00,441
BSE,REGAAL,INE0MHO01029,T,88.90,90.09,86.00,89.99,85.80,16448,1457280.00,145
BSE,REGAL,INE101E01010,X,15.30,15.30,15.00,15.00,15.22,1017,15452.00,5
BSE,REGANTO,INE043B01028,Z,6.61,6.83,6.50,6.78,6.56,153212,1017692.00,261
BSE,REGENCERAM,INE277C01012,B,35.89,35.89,34.00,34.69,35.94,276,9856.00,11
BSE,REGENCY,INE964R01013,XT,43.99,44.65,43.00,43.99,42.53,112009,4929174.00,185
BSE,REGENTRP,INE769D01016,X,5.15,5.17,5.12,5.15,5.14,9897,50981.00,27
BSE,REGIS,INE745R01024,X,2.10,2.22,2.06,2.18,2.06,118794,253914.00,109
BSE,RELAXO,INE131B01039,A,406.80,413.35,405.80,406.60,409.10,14364,5868308.00,585
BSE,RELCHEMQ,INE750D01016,B,128.00,128.00,124.90,126.55,123.45,8,1008.00,6
BSE,RELIABLE,INE375Y01018,B,146.35,148.00,142.00,143.05,146.65,14555,2128970.00,121
BSE,RELIABVEN,INE419H01019,XT,25.40,25.44,23.20,24.12,24.23,2721,67447.00,20
BSE,RELIANCE,INE002A01018,A,1314.90,1314.90,1288.10,1293.00,1309.00,487511,631774144.00,13327
BSE,RELICAB,INE773T01014,B,35.12,36.50,35.12,36.11,36.46,3494,125471.00,60
BSE,RELICTEC,INE452B01013,X,61.04,63.30,59.00,60.00,60.74,720,43391.00,13
BSE,RELIGARE,INE621H01010,A,261.90,262.00,256.00,256.50,261.20,9013,2337477.00,264
BSE,RELINFRA,INE036A01016,T,66.63,66.63,66.63,66.63,63.46,48663,3242415.00,286
BSE,RELTD,INE206N01018,B,165.55,169.00,163.00,168.75,166.85,33596,5562753.00,500
BSE,REMAGNET,INE519N01014,B,3684.50,3764.80,3590.05,3590.05,3778.95,2474,8959077.00,314
BSE,REMIEDEL,INE158G01015,X,210.00,224.35,200.30,218.45,206.25,16677,3591718.00,204
BSE,REMSONSIND,INE474C01023,B,83.85,83.90,82.25,82.55,83.85,6239,519044.00,154
BSE,RENUKA,INE087H01022,A,22.30,22.98,22.27,22.40,22.34,1588349,35708172.00,1952
BSE,REPCOHOME,INE612J01015,B,384.55,387.00,381.05,384.20,386.50,7498,2884259.00,357
BSE,REPONO,INE15WN01014,MT,78.00,78.00,75.00,77.00,76.02,13200,1008012.00,11
BSE,REPRO,INE461B01014,B,412.50,420.00,392.05,393.65,399.95,6056,2474547.00,278
BSE,RESGEN,INE0NYN01016,M,49.31,49.89,48.75,49.00,49.31,34500,1687320.00,8
BSE,RESONANCE,INE486D01017,XT,150.85,154.35,147.20,154.35,147.00,40819,6227010.00,214
BSE,RESPONIND,INE688D01026,B,175.00,177.90,172.00,175.95,172.45,4341,759474.00,105
BSE,RESPONSINF,INE401B01010,X,18.99,20.00,18.99,20.00,18.99,1952,38520.00,16
BSE,RESTILE,INE298E01022,X,6.62,6.75,6.38,6.73,6.62,17612,116669.00,27
BSE,RETAGGIO,INE0KWJ01014,MT,46.50,46.50,46.50,46.50,45.13,9000,418500.00,2
BSE,RETAIL,INE03DD01011,B,16.95,17.48,16.26,17.21,16.43,1506,25688.00,20
BSE,RETINA,INE0NTC01019,M,43.90,43.90,43.90,43.90,40.62,2000,87800.00,1
BSE,REXNORD,INE687C01012,XT,81.45,81.45,77.33,79.00,81.40,1880,147308.00,35
BSE,RFIL,INE1GM501015,M,36.00,36.00,35.00,35.50,38.40,18000,640000.00,9
BSE,RFL,INE239B01014,XT,142.45,142.45,128.95,138.80,135.70,508,72304.00,8
BSE,RFLL,INE018S01016,X,12.04,12.49,12.03,12.03,12.60,492,5967.00,3
BSE,RFSL,INE201C01012,X,25.97,25.97,25.45,25.45,25.00,708,18276.00,12
BSE,RGF,INE684D01025,XT,2.39,2.39,2.39,2.39,2.43,39741,94980.00,39
BSE,RGIL,INE364S01014,XT,283.00,283.00,283.00,283.00,283.00,2,566.00,2
BSE,RGL,INE722H01024,B,116.80,117.45,113.95,117.30,115.40,11379,1313995.00,104
BSE,RGRL,INE601N01010,Z,1.51,1.54,1.43,1.46,1.48,2261,3341.00,30
BSE,RHETAN,INE0KKN01029,B,31.12,32.20,31.12,31.78,31.18,55193,1757463.00,305
BSE,RHFL,INE217K01011,Z,1.88,1.88,1.82,1.85,1.87,90219,167821.00,163
BSE,RHIM,INE743M01012,A,411.20,413.15,407.30,408.45,412.30,13246,5433134.00,340
BSE,RHL,INE508K01013,B,171.60,171.60,171.60,171.60,167.80,1,171.00,1
BSE,RIBATEX,INE811H01017,XT,83.29,87.00,80.41,83.68,83.30,4357,357344.00,30
BSE,RICHUNV,INE652D01014,XT,9.37,9.37,8.49,9.37,8.93,27778,246891.00,11
BSE,RICOAUTO,INE209B01025,B,141.75,150.45,141.75,146.05,142.05,171287,25204111.00,2174
BSE,RIDDHI,INE249D01019,XT,743.80,767.45,735.25,767.45,730.95,13496,10246150.00,122
BSE,RIDDHICORP,INE325X01015,X,58.71,61.58,58.50,58.66,61.89,306,18046.00,6
BSE,RIIL,INE046A01015,B,745.00,748.45,742.15,744.15,744.95,2701,2010230.00,120
BSE,RIIT,INE2PB023011,IF,116.98,116.98,116.03,116.81,116.60,13098,1524205.00,104
BSE,RIKHAV,INE0CFH01028,M,47.15,47.61,47.00,47.61,47.06,40000,1883456.00,22
BSE,RIR,INE302D01024,B,159.75,160.95,158.60,159.30,159.40,27753,4433587.00,578
BSE,RISAINTL,INE001O01029,X,0.45,0.45,0.41,0.41,0.45,96932,39800.00,35
BSE,RISHABH,INE0N2P01017,B,650.20,660.00,648.45,654.50,651.75,9042,5914501.00,542
BSE,RISHDIGA,INE864D01015,X,35.50,35.50,35.47,35.47,34.50,3,106.00,3
BSE,RISHILASE,INE988D01012,X,125.00,130.05,122.00,127.55,127.70,12852,1638989.00,74
BSE,RISHIROOP,INE582D01013,X,96.00,101.99,94.51,97.43,95.42,3394,330707.00,40
BSE,RISHITECH,INE989D01010,X,38.01,40.30,38.01,40.20,38.18,445,17684.00,22
BSE,RISHYRN,INE351D01013,X,56.60,58.60,56.60,58.60,59.57,1018,57666.00,7
BSE,RITCO,INE01EG01016,B,299.00,317.60,299.00,309.35,300.50,26728,8295168.00,653
BSE,RITES,INE320J01015,A,221.60,221.60,214.05,216.90,219.25,69471,15104100.00,1291
BSE,RITESHIN,INE534D01014,XT,80.00,83.79,76.26,82.74,79.80,33049,2707819.00,195
BSE,RIYAASAT,INE0KYI01012,M,59.00,59.00,59.00,59.00,56.51,1200,70800.00,1
BSE,RKDAGRRTL,INE552N01023,XT,5.01,5.01,4.80,4.80,5.05,1356,6770.00,5
BSE,RKDL,INE722J01012,B,19.19,19.31,19.10,19.28,19.10,79,1522.00,5
BSE,RKFORGE,INE399G01023,A,686.00,707.25,676.25,688.55,680.65,115708,79711896.00,4064
BSE,RKSWAMY,INE0NQ801033,B,103.20,103.20,102.00,102.00,101.70,212,21694.00,22
BSE,RLF,INE629C01014,X,9.00,9.00,9.00,9.00,8.63,1897,17073.00,4
BSE,RMC,INE655V01019,B,300.00,336.05,286.40,331.30,292.50,83024,26393147.00,2092
BSE,RMDRIP,INE219Y01026,T,18.20,19.00,18.00,18.07,18.94,57084,1042094.00,160
BSE,RML,INE050H01012,B,1224.90,1224.90,1167.45,1171.75,1211.05,3009,3562243.00,288
BSE,RNBDENIMS,INE012Q01039,B,9.34,9.34,9.00,9.00,9.04,20967,189992.00,70
BSE,RNITAI,INE335Q01026,X,69.78,71.00,68.01,71.00,67.62,327297,22859133.00,769
BSE,ROADSTAR,INE0JEI23010,IF,60.30,60.30,60.30,60.30,60.00,125000,7537500.00,1
BSE,ROBU,INE0OLH01013,M,1259.00,1269.90,1220.00,1251.65,1203.35,11715,14600883.00,53
BSE,RODIUM,INE513E01024,X,178.55,178.55,155.40,155.65,163.15,204,31848.00,16
BSE,ROHLTD,INE283H01019,B,313.00,314.90,313.00,313.55,315.10,1650,517645.00,95
BSE,ROJL,INE0BDU01028,B,1.60,1.60,1.50,1.50,1.59,27314,42027.00,45
BSE,ROLEXRINGS,INE645S01024,B,139.70,143.65,138.30,141.40,139.00,90269,12718876.00,1040
BSE,ROLLT,INE927A01040,T,2.70,2.70,2.70,2.70,2.58,9010,24327.00,9
BSE,ROML,INE294G01026,B,44.14,45.48,44.00,45.48,44.33,1228,54391.00,21
BSE,ROOPAIND,INE443C01010,X,49.98,49.98,49.98,49.98,49.98,1,49.00,1
BSE,ROSELABS,INE475C01012,X,23.00,23.00,23.00,23.00,23.00,33,759.00,3
BSE,ROSEMER,INE649C01012,X,67.00,67.00,62.00,62.21,64.79,3813,238442.00,25
BSE,ROSSARI,INE02A801020,B,508.85,517.40,508.85,513.80,505.95,2829,1453866.00,186
BSE,ROSSELLIND,INE847C01020,B,63.69,63.69,57.76,59.63,58.51,849,49240.00,27
BSE,ROSSTECH,INE0OJW01016,B,1069.85,1077.00,1035.00,1063.60,1065.75,12176,12872837.00,708
BSE,ROTO,INE535D01037,B,67.28,67.91,66.40,66.73,67.51,44997,3018934.00,395
BSE,ROUTE,INE450U01017,B,539.10,539.20,531.00,533.20,539.10,15040,8033325.00,594
BSE,ROYAL,INE0QQG01019,M,108.00,108.00,108.00,108.00,109.50,1500,162000.00,3
BSE,ROYALCU,INE618A01011,X,15.99,15.99,14.75,15.02,15.54,3800,56689.00,21
BSE,ROYALIND,INE510H01015,X,6.15,6.15,5.78,5.96,6.04,83251,496677.00,205
BSE,RPEL,INE912T01018,B,1236.00,1284.50,1236.00,1274.25,1245.00,2526,3205118.00,282
BSE,RPGLIFE,INE105J01010,B,2752.00,2780.00,2725.55,2744.80,2760.05,506,1396283.00,151
BSE,RPOWER,INE614G01033,A,23.92,24.35,23.77,24.07,23.88,1927307,46329702.00,5025
BSE,RPPINFRA,INE324L01013,B,59.93,60.00,59.60,59.60,59.65,7799,464888.00,162
BSE,RPSGVENT,INE425Y01011,B,952.20,962.00,945.55,958.95,952.50,1049,1002488.00,84
BSE,RPTECH,INE0J1F01024,B,898.75,899.90,853.65,869.50,882.85,38054,33634638.00,1427
BSE,RRECL,INE0AK901016,X,181.00,181.00,166.10,169.40,172.60,2005,340999.00,49
BSE,RRETAIL,INE786J01033,X,2.39,2.39,2.25,2.36,2.34,69238,162455.00,138
BSE,RRFIN,INE229D01011,XT,72.45,72.45,69.00,69.41,69.00,2700,191526.00,40
BSE,RRIL,INE951M01037,B,17.49,17.90,17.20,17.26,17.49,10981,193583.00,31
BSE,RRKABEL,INE777K01022,A,2649.65,2663.65,2599.50,2640.45,2630.05,41111,108545283.00,4690
BSE,RRMETAL,INE117K01013,XT,77.81,77.81,70.50,77.81,74.11,65688,5074343.00,247
BSE,RSCINT,INE015F01019,XT,48.83,50.81,48.83,50.81,49.82,6155,309753.00,21
BSE,RSDFIN,INE616F01022,B,138.00,146.35,133.05,145.85,133.05,24120,3464977.00,305
BSE,RSL,INE313L01016,B,143.00,148.05,141.20,142.20,143.15,114515,16485726.00,1645
BSE,RSSOFTWARE,INE165B01029,T,31.15,31.30,30.25,31.02,31.15,2069,63353.00,16
BSE,RSWM,INE611A01016,T,226.90,233.10,222.25,233.10,222.00,9994,2321760.00,119
BSE,RSYSTEMS,INE411H01032,B,276.45,276.45,267.80,271.40,273.70,24108,6555872.00,608
BSE,RTFL,INE840I01014,Z,47.98,47.98,47.98,47.98,50.50,515,24709.00,5
BSE,RTNINDIA,INE834M01019,B,33.38,33.39,32.50,32.54,33.05,33148,1085009.00,274
BSE,RTNPOWER,INE399K01017,A,8.82,8.85,8.71,8.75,8.78,796664,6992666.00,1021
BSE,RTSPOWR,INE005C01017,X,100.00,104.75,98.10,100.05,101.60,5600,559384.00,42
BSE,RUBFILA,INE642C01025,B,71.85,72.86,71.28,71.47,71.68,5557,396655.00,50
BSE,RUBICON,INE506V01022,B,1500.00,1522.00,1461.35,1517.70,1501.95,13632,20360740.00,1218
BSE,RUBYMILLS,INE301D01026,T,375.00,375.00,358.60,358.60,377.45,1248,450503.00,97
BSE,RUCHINFRA,INE413B01023,B,5.92,5.92,5.80,5.80,5.88,1791,10503.00,25
BSE,RUCHIRA,INE803H01014,B,109.00,110.45,108.05,109.45,107.95,1861,203997.00,46
BSE,RUDRA,INE027T01023,B,18.06,18.29,17.80,18.19,18.06,7726,139868.00,66
BSE,RUDRAECO,INE723D01021,X,18.30,18.50,17.37,17.82,18.05,91352,1647265.00,162
BSE,RUDRAGAS,INE0OYK01010,M,72.00,72.00,72.00,72.00,72.00,1000,72000.00,1
BSE,RUNGTAIR,INE347C01013,X,49.82,49.82,48.05,49.49,49.58,112,5401.00,5
BSE,RUPA,INE895B01021,B,165.70,165.70,162.35,163.05,163.25,7640,1249756.00,160
BSE,RUSHIL,INE573K01025,B,16.79,18.80,16.60,18.29,17.00,143550,2584148.00,484
BSE,RUSTOMJEE,INE263M01029,B,397.40,432.50,395.00,412.15,398.15,346292,145796905.00,6681
BSE,RVHL,INE09E501017,B,45.70,45.70,45.70,45.70,46.91,3,137.00,1
BSE,RVNL,INE415G01027,A,233.60,235.20,229.90,232.00,232.65,270145,62735214.00,3016
BSE,RVTH,INE0DAB01012,B,686.65,686.65,686.65,686.65,707.05,21,14419.00,1
BSE,S&SPOWER,INE902B01017,B,318.75,324.00,318.75,321.70,335.50,75,23957.00,10
BSE,SAATVIKGL,INE13B501022,B,438.05,438.05,419.00,426.60,437.45,4808,2055266.00,259
BSE,SAB,INE137M01017,XT,175.00,175.00,175.00,175.00,181.00,563,98525.00,6
BSE,SABEVENTS,INE860T01019,B,6.94,6.94,6.63,6.94,6.61,17835,123774.00,46
BSE,SABOOSOD,INE440C01016,X,12.32,12.79,12.12,12.58,12.60,5508,68679.00,64
BSE,SACHEMT,INE433G01020,X,3.85,3.89,3.80,3.86,3.89,45568,175100.00,94
BSE,SADBHAV,INE226H01026,B,8.73,9.03,8.50,8.57,8.63,14198,123711.00,96
BSE,SADBHIN,INE764L01010,T,2.53,2.55,2.49,2.49,2.55,59044,147474.00,45
BSE,SADHNANIQ,INE888C01040,T,2.92,2.92,2.79,2.92,2.79,935517,2730452.00,150
BSE,SAFARI,INE429E01023,A,1545.00,1855.00,1476.00,1506.35,1546.05,84501,127383612.00,1082
BSE,SAFE,INE0Q3401017,M,168.00,168.00,151.00,152.50,161.00,1500,235750.00,3
BSE,SAFFRON,INE474D01013,X,25.99,27.20,25.50,26.09,25.74,8014,206988.00,47
BSE,SAGARSOFT,INE184B01012,X,87.40,89.15,81.50,83.11,81.38,10112,861416.00,150
BSE,SAGCEM,INE229C01021,B,173.15,173.90,172.60,173.00,173.15,3157,545836.00,38
BSE,SAGILITY,INE0W2G01015,A,43.97,44.54,43.42,44.09,43.93,1938275,85692506.00,5000
BSE,SAHARAHOUS,INE135C01012,X,40.87,40.87,39.50,39.64,40.87,4903,196099.00,31
BSE,SAHLIBHFI,INE861D01011,B,78.11,78.90,77.00,78.79,78.47,1142,88375.00,19
BSE,SAHYADRI,INE280H01015,B,327.00,327.00,321.00,323.55,324.05,1726,558432.00,92
BSE,SAICAPI,INE531X01018,X,154.50,154.50,141.70,142.75,146.50,519,76603.00,15
BSE,SAICOM,INE092G01024,X,0.22,0.23,0.22,0.23,0.23,59098,13276.00,30
BSE,SAIL,INE114A01011,A,168.05,174.00,168.05,172.00,170.00,1625725,278771522.00,8851
BSE,SAILIFE,INE570L01029,A,1356.70,1377.70,1333.70,1364.30,1331.45,12474,16920275.00,1116
BSE,SAINIK,INE584B01013,X,36.00,36.88,35.90,36.35,34.21,735,26551.00,14
BSE,SAIPARENT,INE0H9F01037,B,541.15,550.00,530.00,531.25,554.90,13786,7360514.00,810
BSE,SAKHTISUG,INE623A01011,B,17.66,18.00,17.23,17.80,17.31,7900,140410.00,78
BSE,SAKSOFT,INE667G01023,B,179.40,179.40,174.00,177.85,176.40,37891,6698900.00,431
BSE,SAKTHIFIN,INE302E01014,X,28.00,28.50,27.52,27.55,27.90,3544,97817.00,26
BSE,SAKUMA,INE190H01024,B,1.65,1.67,1.63,1.64,1.65,125179,206012.00,191
BSE,SALASAR,INE170V01027,B,5.89,5.95,5.88,5.92,5.91,267455,1583606.00,1169
BSE,SALAUTO,INE724G01014,X,179.50,186.95,179.50,181.30,173.50,1291,237481.00,39
BSE,SALEM,INE894E01028,X,35.50,35.50,34.50,35.50,35.79,1039,35878.00,5
BSE,SALORAINTL,INE924A01013,X,28.16,28.99,25.50,28.90,28.05,20,559.00,13
BSE,SALSAIN,INE315N01017,XT,389.20,389.20,369.00,386.00,370.70,1787,689049.00,119
BSE,SALSTEEL,INE658G01014,B,58.00,60.59,56.28,57.49,58.00,4739,273774.00,165
BSE,SALZERELEC,INE457F01013,B,592.05,617.45,590.65,613.35,591.25,7336,4467664.00,344
BSE,SAMBANDAM,INE304D01012,X,111.45,111.50,111.45,111.50,107.60,10,1114.00,2
BSE,SAMBHAAV,INE699B01027,B,7.20,7.20,6.16,6.62,6.56,19751,128550.00,22
BSE,SAMBHV,INE12NJ01018,B,123.75,129.50,121.80,124.60,119.40,447506,56435952.00,2932
BSE,SAMHI,INE08U801020,A,179.80,179.80,171.05,171.85,181.60,104176,18101252.00,1332
BSE,SAMINDUS,INE653D01012,X,38.06,39.15,38.06,39.15,38.06,11,428.00,3
BSE,SAMKRG,INE706B01012,X,118.70,121.45,118.00,119.10,118.70,3590,428569.00,46
BSE,SAMMAANCAP,INE148I01020,A,161.20,162.35,159.80,160.40,161.20,506126,81263264.00,3005
BSE,SAMOR,INE0GD201014,B,91.45,91.45,91.30,91.30,87.38,5,456.00,4
BSE,SAMPANN,INE735M01018,B,27.15,27.30,27.04,27.30,27.15,674,18284.00,14
BSE,SAMPAT,INE10XS01012,MT,36.90,38.00,36.90,38.00,36.90,7200,268080.00,3
BSE,SAMPRE,INE375C01022,X,4.77,4.93,4.51,4.93,4.70,227759,1088697.00,241
BSE,SAMRATPH,INE103E01016,XT,255.00,255.00,235.00,246.90,242.95,544,130003.00,22
BSE,SAMSRITA,INE579N01018,X,11.15,11.30,10.79,11.29,10.79,359,4021.00,8
BSE,SAMTELIN,INE538C01017,XT,39.35,43.45,39.33,39.33,41.39,19736,785293.00,116
BSE,SAMTEX,INE931D01020,X,1.46,1.62,1.44,1.53,1.48,20033,31145.00,37
BSE,SAMYAKINT,INE607G01011,X,17.50,17.50,16.63,17.49,17.50,62,1040.00,9
BSE,SANATHAN,INE0JPD01013,B,465.00,484.00,463.55,481.45,481.25,4350,2037001.00,106
BSE,SANBLUE,INE602D01027,XT,29.40,29.40,29.40,29.40,29.46,3,88.00,1
BSE,SANCODE,INE0P7001013,MT,440.70,440.70,440.70,440.70,432.10,500,220350.00,1
BSE,SANDESH,INE583B01015,B,1007.35,1007.35,987.00,987.00,1021.00,91,90162.00,45
BSE,SANDHAR,INE278H01035,B,648.65,667.50,636.60,645.15,647.30,23028,15052535.00,795
BSE,SANDUMA,INE149K01016,A,214.80,214.80,210.00,210.95,211.85,35117,7429986.00,492
BSE,SANDUPHQ,INE751D01014,X,40.69,40.69,39.00,39.23,40.69,836,32923.00,11
BSE,SANGAMFIN,INE475D01010,X,46.40,46.40,40.00,40.00,40.90,2340,102850.00,41
BSE,SANGAMIND,INE495C01010,B,606.45,620.55,606.45,613.20,608.50,784,480594.00,62
BSE,SANGHVIMOV,INE989A01032,B,439.95,441.50,427.85,438.85,438.30,15032,6525839.00,774
BSE,SANINFRA,INE799C01049,XT,50.00,52.93,50.00,51.30,51.30,1641,83418.00,80
BSE,SANJIVIN,INE860D01013,X,161.10,167.70,154.95,159.60,164.85,4755,759979.00,70
BSE,SANOFI,INE058A01010,A,3370.05,3401.95,3368.95,3391.80,3384.80,1237,4191934.00,246
BSE,SANOFICONR,INE0UOS01011,B,4555.25,4555.25,4520.00,4532.85,4536.40,60,271965.00,31
BSE,SANSERA,INE953O01021,A,3493.55,3549.00,3448.00,3508.70,3448.90,8658,30266509.00,1226
BSE,SANSTAR,INE08NE01025,B,115.65,118.10,115.65,116.85,116.75,52995,6205606.00,658
BSE,SANTETX,INE589J01015,X,170.45,170.45,142.00,142.15,154.60,609,92155.00,21
BSE,SANWARIA,INE890C01046,Z,0.49,0.49,0.49,0.49,0.49,16461,8065.00,33
BSE,SAPL,INE002E01010,X,4364.00,4364.00,3949.00,3949.00,4156.50,124,506204.00,46
BSE,SAPPHIRE,INE806T01020,A,185.15,194.50,185.15,192.40,187.25,68360,13093230.00,866
BSE,SAPPL,INE185C01017,B,286.00,286.00,285.20,286.00,285.00,11,3138.00,3
BSE,SARDAEN,INE385C01021,A,520.00,527.20,506.05,509.60,516.00,33851,17545278.00,695
BSE,SAREGAMA,INE979A01025,A,512.75,547.20,496.20,541.70,513.80,400407,210140121.00,8810
BSE,SARLAPOLY,INE453D01025,B,100.86,102.36,100.10,100.96,102.39,5461,553297.00,73
BSE,SARTHAKGL,INE075H01019,XT,39.77,39.77,39.77,39.77,40.58,50,1988.00,1
BSE,SARTHAKIND,INE074H01012,X,25.85,27.00,25.85,26.13,25.06,1062,28001.00,13
BSE,SARUPINDUS,INE305D01019,X,118.05,118.05,118.05,118.05,118.65,2,236.00,1
BSE,SARVESHWAR,INE324X01026,B,3.39,3.48,3.34,3.42,3.39,88825,303062.00,279
BSE,SARVOTTAM,INE822Q01015,X,18.15,20.99,18.15,20.41,19.24,106,2187.00,6
BSE,SASKEN,INE231F01020,B,1997.95,1997.95,1997.95,1997.95,1902.85,3068,6129710.00,151
BSE,SATCH,INE639K01016,XT,4.09,4.51,4.09,4.30,4.30,416803,1719155.00,305
BSE,SATIA,INE170E01023,B,62.72,63.70,62.20,62.63,62.48,2499,156356.00,54
BSE,SATIN,INE836B01017,B,230.70,241.50,230.05,234.80,231.10,59961,14191247.00,1239
BSE,SATTRIX,INE0QUV01010,M,360.00,360.90,352.25,358.00,370.00,4500,1609625.00,9
BSE,SATTVASUKU,INE280E01038,X,0.76,0.78,0.73,0.74,0.77,1461930,1088610.00,148
BSE,SAUMYA,INE563C01015,X,109.00,109.00,106.35,108.80,111.80,478,52005.00,8
BSE,SAURASHCEM,INE626A01014,B,59.61,62.80,59.40,62.06,60.24,24461,1471872.00,337
BSE,SAVERA,INE104E01014,X,165.00,165.00,161.00,161.05,164.80,282,46302.00,8
BSE,SAWACA,INE248B01023,X,0.29,0.30,0.28,0.29,0.29,1059649,307617.00,304
BSE,SAYAJIHOTL,INE318C01014,B,315.00,315.00,312.00,315.00,300.00,22,6915.00,5
BSE,SAYAJIIND,INE327G01032,X,104.00,104.25,100.00,101.15,103.20,642,65909.00,12
BSE,SBC,INE04AK01028,B,42.22,42.85,40.33,41.14,41.77,744652,30954098.00,433
BSE,SBCL,INE386D01027,B,768.80,781.40,766.55,776.85,761.55,10570,8185418.00,1876
BSE,SBECSUG,INE948G01019,XT,66.00,67.95,63.60,64.00,64.72,4140,273134.00,44
BSE,SBECSYS,INE689V01018,X,20.90,22.35,19.00,20.86,20.44,10986,218120.00,79
BSE,SBFC,INE423Y01016,A,91.90,92.98,91.67,92.21,92.14,131874,12190501.00,748
BSE,SBFL,INE363D01018,X,23.50,24.65,22.59,24.24,24.27,4636,109415.00,45
BSE,SBGLP,INE05ST01028,B,25.42,25.48,24.64,25.44,25.25,539,13708.00,17
BSE,SBICARD,INE018E01016,A,673.45,673.45,657.70,661.75,663.30,21046,13939541.00,1087
BSE,SBIFUNDS,INE640G01020,A,587.90,587.90,569.00,570.75,587.95,1516418,865702930.00,11957
BSE,SBILIFE,INE123W01016,A,1914.85,1914.85,1856.70,1865.00,1909.10,20176,37891708.00,2113
BSE,SBIN,INE062A01020,A,1049.95,1049.95,1031.00,1035.00,1036.30,439550,455763984.00,7566
BSE,SBLI,INE0DLM01024,M,51.00,51.00,51.00,51.00,50.50,1200,61200.00,1
BSE,SBVCL,INE0RNZ01014,MT,108.00,108.00,102.75,104.95,105.25,15600,1610310.00,16
BSE,SCAGRO,INE895E01017,XT,37.84,37.84,37.84,37.84,39.83,2310,87410.00,22
BSE,SCANPRO,INE393D01015,X,100.55,100.55,100.55,100.55,104.15,4,402.00,1
BSE,SCANSTL,INE099G01011,T,59.95,63.21,58.61,63.17,60.20,55599,3450723.00,176
BSE,SCARNOSE,INE0IXR01019,M,60.85,89.90,60.85,61.63,76.00,24000,1519430.00,8
BSE,SCDL,INE0UMH01018,M,71.03,74.00,71.00,71.49,75.39,11200,800704.00,7
BSE,SCHAEFFLER,INE513A01022,A,4053.05,4105.85,4049.85,4056.15,4048.05,483,1967937.00,90
BSE,SCHAND,INE807K01035,B,144.85,145.85,144.15,144.15,143.45,81,11738.00,10
BSE,SCHNEIDER,INE839M01018,A,1340.00,1374.00,1328.50,1334.05,1347.00,17214,23333194.00,1394
BSE,SCI,INE109A01011,A,298.80,306.45,298.25,300.80,292.50,432859,130935923.00,5894
BSE,SCILAL,INE0PB301013,B,42.00,43.50,41.37,41.91,41.95,61333,2587467.00,660
BSE,SCODATUBES,INE090501011,B,150.75,152.25,148.90,151.25,149.35,4040,609415.00,106
BSE,SCPL,INE501Y01019,B,642.00,655.00,620.00,626.30,638.80,10197,6507292.00,393
BSE,SCTL,INE452S01025,X,0.52,0.52,0.48,0.48,0.49,260706,126226.00,168
BSE,SDBL,INE480C01038,B,72.45,72.45,70.96,71.21,71.36,42206,3025344.00,263
BSE,SDL,INE004E01016,X,28.72,31.74,28.72,31.74,30.23,11579,357056.00,19
BSE,SEALMATIC,INE0O4601016,M,400.90,401.00,390.00,397.35,401.50,4860,1911672.00,19
BSE,SEAMECLTD,INE497B01018,B,1457.65,1506.55,1449.65,1482.20,1455.75,2583,3836727.00,399
BSE,SEASONST,INE707B01010,X,16.50,18.25,16.50,16.89,16.98,869,14893.00,19
BSE,SEATV,INE351L01016,X,2.57,2.83,2.57,2.83,2.70,229,622.00,5
BSE,SECMARK,INE0BTM01013,B,123.60,123.60,121.50,121.50,123.60,1726,211035.00,7
BSE,SECURKLOUD,INE650K01021,B,18.00,18.45,17.95,18.45,18.00,1361,24513.00,15
BSE,SEDEMAC,INE00XB01019,B,2768.65,2850.00,2730.95,2795.70,2749.30,45236,126525813.00,1013
BSE,SEEMAX,INE1EVO01017,M,69.00,69.50,63.78,63.78,67.13,29000,1896860.00,27
BSE,SEIL,INE440T01028,B,208.90,211.15,202.50,203.05,205.00,35285,7270758.00,778
BSE,SEJALLTD,INE955I01044,T,729.00,759.90,720.00,740.10,730.70,1052,771951.00,25
BSE,SEKURITIND,INE068B01017,X,121.75,124.95,119.05,119.90,121.75,49974,6036333.00,542
BSE,SEL,INE367E01033,X,38.68,38.68,36.57,36.57,38.49,49,1821.00,8
BSE,SELECTRIC,INE155D01018,B,2578.15,2578.15,2380.00,2435.70,2455.40,31457,79209924.00,1323
BSE,SELMC,INE105I01020,B,27.33,28.01,27.22,28.00,27.90,2007,55314.00,36
BSE,SEML,INE0KPY01017,MT,41.82,42.99,38.95,40.12,41.00,23250,957176.00,47
BSE,SENCO,INE602W01027,A,384.70,394.80,378.50,383.95,385.35,132404,51111157.00,2312
BSE,SENORES,INE0RB801010,A,1374.75,1374.75,1345.00,1361.25,1354.55,4442,6011978.00,318
BSE,SEPC,INE964H01014,B,6.02,6.06,5.93,5.96,6.02,809547,4835788.00,535
BSE,SERA,INE017I01027,X,39.11,41.38,39.11,39.67,40.01,9816,391631.00,51
BSE,SESHAPAPER,INE630A01024,B,240.20,240.55,227.40,228.85,235.90,4089,945037.00,160
BSE,SETCO,INE878E01021,T,17.81,18.00,17.75,17.75,17.81,3802,67618.00,18
BSE,SETL,INE0M4D01010,B,282.00,282.00,274.20,275.10,278.85,28968,8018787.00,481
BSE,SETUINFRA,INE023M01027,Z,0.43,0.43,0.43,0.43,0.42,2500,1075.00,6
BSE,SEVL,INE0SC101013,M,37.05,38.37,37.00,38.37,37.00,7200,268284.00,4
BSE,SEYAIND,INE573R01012,T,12.50,12.50,12.27,12.27,12.52,322,3962.00,9
BSE,SFL,INE916U01025,A,797.10,832.00,734.45,771.45,791.10,50404,39985024.00,2227
BSE,SFPIL,INE716K01020,X,8.61,8.65,8.20,8.64,8.61,1596,13344.00,7
BSE,SFSL,INE0JMN01019,M,63.00,77.80,63.00,77.80,67.83,19500,1250700.00,7
BSE,SGFIN,INE618R01015,B,701.00,712.00,701.00,705.60,700.95,14661,10376482.00,670
BSE,SGFRL,INE07GA01011,M,102.50,102.50,102.00,102.00,103.50,1500,153375.00,2
BSE,SGIL,INE00QT01015,B,592.60,600.55,591.50,593.60,592.15,36,21465.00,11
BSE,SGLRES,INE967B01028,XT,2.74,2.90,2.66,2.75,2.80,49155,133641.00,68
BSE,SGMART,INE385F01024,B,690.00,723.00,686.75,719.25,694.65,32997,23499704.00,1763
BSE,SGNTE,INE266C01023,X,0.59,0.59,0.57,0.57,0.53,46362,26506.00,70
BSE,SGRL,INE414Y01015,X,645.80,660.00,618.00,622.45,645.80,7827,4946335.00,248
BSE,SHADOWFAX,INE12UN01015,B,241.60,250.00,240.00,248.00,240.40,390087,95752017.00,6460
BSE,SHAH,INE482J01021,B,4.06,4.30,3.85,4.04,4.01,481639,1981101.00,439
BSE,SHAHALLOYS,INE640C01011,B,68.00,68.00,66.00,67.73,69.00,490,32685.00,14
BSE,SHAHFOOD,INE455D01012,XT,397.00,397.00,396.70,396.70,404.75,1992,790479.00,12
BSE,SHAHISHIP,INE825D01016,X,12.74,12.74,12.18,12.50,12.50,947,11816.00,15
BSE,SHAHLON,INE052001026,X,25.28,25.60,25.00,25.50,25.40,8627,216557.00,17
BSE,SHAILY,INE151G01028,A,3049.90,3120.00,3021.95,3068.30,3053.70,56703,174194812.00,699
BSE,SHAKTIPR,INE794C01016,XT,13.90,14.20,13.60,13.82,13.90,151439,2093517.00,665
BSE,SHAKTIPUMP,INE908D01010,A,521.30,521.30,517.15,519.45,519.00,35243,18293986.00,1122
BSE,SHALBY,INE597J01018,B,166.25,167.00,163.95,165.45,163.65,1923,317946.00,46
BSE,SHALIWIR,INE655D01025,X,19.49,19.50,18.53,18.89,19.17,5013,95739.00,34
BSE,SHALPAINTS,INE849C01026,B,83.60,89.57,81.40,82.46,80.00,493870,42086773.00,2425
BSE,SHALPRO,INE435E01020,XT,0.30,0.30,0.30,0.30,0.29,2378619,713585.00,493
BSE,SHANGAR,INE118R01032,X,0.25,0.25,0.23,0.24,0.24,1395973,336021.00,185
BSE,SHANKARA,INE274V01019,B,142.50,145.15,142.45,144.30,142.00,17272,2487172.00,137
BSE,SHANTIDENM,INE0QZQ01019,M,35.10,35.10,34.00,35.00,36.50,10000,346220.00,5
BSE,SHANTIGEAR,INE631A01022,B,418.65,418.65,407.00,413.40,413.70,833,345109.00,107
BSE,SHANTIGOLD,INE06ZD01017,B,222.05,222.05,217.15,217.85,219.90,44820,9811871.00,550
BSE,SHANTIGURU,INE892L01019,M,8.84,9.25,8.40,9.25,8.84,27000,233460.00,6
BSE,SHAQUAK,INE545N01019,X,1.14,1.14,1.11,1.11,1.11,101,112.00,3
BSE,SHARDACROP,INE221J01015,A,827.80,844.10,826.15,840.90,827.80,10910,9124667.00,936
BSE,SHARDAMOTR,INE597I01028,B,923.80,923.80,885.00,888.90,910.95,3902,3483642.00,434
BSE,SHARDUL,INE037B01020,T,45.88,45.88,44.15,45.88,43.70,9135,416083.00,77
BSE,SHAREINDIA,INE932X01026,B,180.60,182.25,175.75,176.45,180.60,25479,4554343.00,281
BSE,SHARIKA,INE669Y01022,T,18.17,18.17,17.90,18.05,18.17,17787,320522.00,28
BSE,SHARMEH,INE465H01012,X,98.60,102.00,98.00,99.44,98.60,244,24504.00,29
BSE,SHARPINV,INE909D01026,X,0.36,0.37,0.35,0.37,0.35,578825,208413.00,133
BSE,SHARPLINE,INE647W01014,X,10.50,10.50,10.05,10.47,10.48,2563,25933.00,14
BSE,SHARVAYA,INE0UJF01018,MT,130.10,136.90,130.10,133.15,134.90,9000,1206480.00,14
BSE,SHASHIJIT,INE700V01021,X,2.90,3.09,2.69,2.97,2.66,142886,418986.00,87
BSE,SHAWGELTIN,INE869A01010,X,499.90,499.90,491.00,496.25,493.70,3312,1642742.00,169
BSE,SHAYONAENG,INE0UCL01011,M,139.00,139.00,138.00,138.00,140.00,3000,415000.00,3
BSE,SHBAJRG,INE402H01015,B,190.90,194.00,186.15,186.50,187.45,1051,201175.00,47
BSE,SHEKHAWATI,INE268L01046,B,13.97,14.98,13.97,14.43,13.67,39016,562073.00,87
BSE,SHEMAROO,INE363M01019,T,115.25,116.00,114.65,115.80,120.00,451,52018.00,5
BSE,SHENTRA,INE0OUS01011,XT,133.00,133.00,130.95,130.95,133.60,110,14619.00,6
BSE,SHERVANI,INE011D01013,X,315.25,329.95,301.00,320.05,310.05,413,130522.00,32
BSE,SHESHAINDS,INE193R01019,X,15.50,15.50,15.50,15.50,15.41,26,403.00,1
BSE,SHETR,INE278C01010,X,92.05,94.99,92.00,92.00,92.01,13,1199.00,4
BSE,SHHARICH,INE065E01017,X,137.00,142.95,134.00,141.75,134.00,22989,3175804.00,86
BSE,SHILCTECH,INE024F01011,B,4682.50,4700.00,4600.00,4653.15,4681.30,1021,4755628.00,349
BSE,SHILGRAVQ,INE960A01017,X,143.90,145.00,138.00,139.50,135.20,1847,261203.00,63
BSE,SHILINDORE,INE0MGS01014,X,1250.00,1250.00,1247.00,1247.00,1195.50,58,72497.00,4
BSE,SHILPAMED,INE790G01031,A,630.40,655.60,622.35,648.40,623.30,64198,41161806.00,8524
BSE,SHINDL,INE220Z01013,B,161.95,161.95,160.00,160.00,160.75,48118,7738444.00,107
BSE,SHIPWAVES,INE0O9L01010,M,3.10,3.18,3.07,3.15,3.08,130000,404600.00,11
BSE,SHISHIND,INE145Y01023,X,11.30,11.69,9.51,10.54,11.77,5650275,58081669.00,3796
BSE,SHIVA,INE728Q01014,X,13.15,13.19,12.05,12.84,12.57,32556,427194.00,55
BSE,SHIVAAGRO,INE960E01019,X,39.65,40.00,37.80,38.88,38.30,3993,152414.00,33
BSE,SHIVACEM,INE555C01029,X,17.13,17.29,16.80,16.86,17.05,39455,670301.00,231
BSE,SHIVALIK,INE788J01021,T,250.00,255.10,246.60,247.30,258.00,3315,824001.00,31
BSE,SHIVAM,INE0SGR01013,M,97.00,98.00,94.50,95.55,102.00,7500,720900.00,5
BSE,SHIVAMAUTO,INE637H01024,T,17.41,18.11,17.41,18.11,17.76,5525,99673.00,19
BSE,SHIVAMILLS,INE644Y01017,T,62.40,62.40,62.40,62.40,60.90,2,124.00,1
BSE,SHIVTEXCHEM,INE0YRO01015,M,125.00,125.00,116.60,118.25,120.80,4000,487060.00,10
BSE,SHK,INE500L01026,B,167.35,167.90,162.05,165.75,166.30,26270,4333053.00,364
BSE,SHKARTP,INE538D01015,X,7.20,7.40,6.91,7.20,7.18,7431,53737.00,38
BSE,SHLOKKA,INE1EUB01016,M,22.60,22.60,22.10,22.10,22.60,6000,135000.00,4
BSE,SHOORA,INE0OJZ01019,MT,81.80,81.80,81.80,81.80,82.00,1500,122700.00,1
BSE,SHOPERSTOP,INE498B01024,B,402.95,425.10,402.60,407.35,402.60,63030,26285663.00,590
BSE,SHPLPUNE,INE07G501017,X,869.00,869.00,869.00,869.00,840.00,1,869.00,1
BSE,SHRAAITECH,INE489B01031,X,25.38,25.50,24.32,24.60,25.41,5271,130985.00,150
BSE,SHRADDHA,INE311M01018,X,148.00,151.90,145.35,149.45,148.00,6927,1024143.00,127
BSE,SHRAJSYNQ,INE796C01011,X,10.72,11.70,10.72,11.70,11.28,2992,34454.00,17
BSE,SHRDAIS,INE385M01012,X,152.60,158.55,152.60,156.95,151.85,250,38847.00,20
BSE,SHREDIGCEM,INE232A01011,B,74.32,74.32,72.24,72.34,73.98,3654,265135.00,167
BSE,SHREE,INE0QIS01011,M,59.55,59.55,58.75,59.00,54.90,1500,88650.00,3
BSE,SHREECEM,INE070A01015,A,27069.70,27069.70,26650.60,26862.85,26828.30,424,11388727.00,245
BSE,SHREEGANES,INE051N01026,X,0.55,0.55,0.54,0.55,0.54,387368,212062.00,221
BSE,SHREEJISPG,INE1B6101010,B,673.15,673.15,656.30,659.70,666.40,6114,4060535.00,174
BSE,SHREENATH,INE0RXS01018,M,13.01,13.01,13.00,13.00,13.91,6000,78030.00,2
BSE,SHREEPAC,INE847D01010,X,145.00,148.95,141.00,144.40,146.65,876,125676.00,50
BSE,SHREEPUSHK,INE712K01011,B,408.10,425.85,402.05,423.20,406.90,3455,1428620.00,151
BSE,SHREERAMA,INE879A01019,B,40.01,40.47,37.15,38.13,40.00,6795,263939.00,159
BSE,SHREEREF,INE0FMZ01045,M,311.00,331.00,305.60,329.40,306.30,606000,194193450.00,988
BSE,SHREESEC,INE397C01026,Z,0.20,0.20,0.19,0.20,0.20,702470,135891.00,148
BSE,SHREMETAL,INE914B01012,X,37.60,39.20,36.50,37.99,37.06,1920,72277.00,44
BSE,SHREYANIND,INE231C01019,B,140.20,140.20,140.15,140.15,139.75,225,31535.00,4
BSE,SHREYASI,INE115F01017,X,5.72,6.05,5.72,5.81,6.10,1552,9329.00,17
BSE,SHRICON,INE753D01010,XT,181.50,200.00,181.50,189.70,191.00,19,3637.00,5
BSE,SHRIDINE,INE204C01024,XT,350.40,361.00,348.00,355.00,346.95,1974,692265.00,20
BSE,SHRIGANG,INE241V01018,X,65.78,65.78,64.00,64.18,64.25,2841,182421.00,49
BSE,SHRIKRISH,INE997I01012,B,44.88,44.88,43.39,43.39,40.85,3,131.00,3
BSE,SHRINGARMS,INE1B3L01017,B,232.00,233.90,228.30,231.95,230.20,33885,7844792.00,305
BSE,SHRINIWAS,INE201F01015,X,12.15,12.15,11.02,11.49,11.59,955,10909.00,13
BSE,SHRIPISTON,INE526E01018,A,4559.90,4559.90,4104.40,4344.30,4521.00,1864,8330170.00,385
BSE,SHRIRAMFIN,INE721A01047,A,1088.75,1091.55,1075.00,1080.30,1070.00,148120,160279157.00,5140
BSE,SHRIRAMPPS,INE217L01019,B,86.88,86.88,84.02,84.71,85.66,20370,1729091.00,245
BSE,SHRISTI,INE472C01027,X,31.44,31.44,30.00,30.00,30.71,68,2044.00,8
BSE,SHRJAGP,INE564J01026,X,584.05,584.50,571.00,575.05,581.15,602,347667.00,34
BSE,SHRMFGC,INE632A01012,X,11.00,11.00,11.00,11.00,11.00,100,1100.00,2
BSE,SHRYDUS,INE488C01015,XT,5.42,5.60,5.41,5.50,5.60,90556,500674.00,51
BSE,SHTL,INE0D8001018,MT,81.10,81.10,80.30,80.30,80.30,3600,290280.00,3
BSE,SHUBHAM,INE01J501010,X,35.15,36.00,35.00,35.36,35.15,7664,270807.00,35
BSE,SHUKJEW,INE344E01016,P,9.00,9.00,9.00,9.00,9.05,900,8100.00,2
BSE,SHUKRAPHAR,INE551C01044,B,30.35,30.65,29.93,30.09,30.23,85984,2587094.00,584
BSE,SHVFL,INE981C01019,X,23.50,23.50,23.50,23.50,24.61,5,117.00,1
BSE,SHYAMACOMP,INE861E01019,P,3.63,3.63,3.47,3.47,3.47,200,710.00,2
BSE,SHYAMCENT,INE979R01011,T,4.89,5.31,4.89,5.31,5.10,5067,26269.00,51
BSE,SHYAMMETL,INE810G01011,A,1025.00,1028.45,1015.00,1019.95,1021.50,2276,2325105.00,217
BSE,SHYAMTEL,INE635A01023,T,17.13,17.97,16.31,16.41,17.13,1201,20127.00,19
BSE,SHYMINV,INE203N01015,X,12.29,12.76,11.55,12.44,12.56,2843,34140.00,34
BSE,SIBARAUT,INE441C01014,X,7.95,7.95,7.61,7.95,7.95,2699,20582.00,20
BSE,SICAGEN,INE176J01011,B,51.00,51.00,49.98,50.00,50.18,3086,154317.00,19
BSE,SICALLOG,INE075B01020,T,100.45,104.65,100.45,100.45,105.70,20309,2041149.00,82
BSE,SICAPIT,INE417F01017,XT,15.53,15.53,15.53,15.53,16.34,8238,127936.00,33
BSE,SICL,INE936N01010,P,13.91,13.91,13.91,13.91,14.64,400,5564.00,4
BSE,SIDDHA,INE140C01012,X,4.10,4.10,3.72,4.10,4.10,3396,12910.00,20
BSE,SIDDHEGA,INE797C01019,X,15.96,15.96,15.20,15.20,16.00,331,5207.00,4
BSE,SIEL,INE843L01012,X,31.89,31.89,31.74,31.89,31.98,153,4870.00,8
BSE,SIEMENS,INE003A01024,A,3929.85,4073.50,3920.00,3994.45,3900.00,73710,296146041.00,11162
BSE,SIGACHI,INE0D0K01022,T,25.89,26.90,25.50,26.00,26.49,81686,2153214.00,204
BSE,SIGIND,INE529F01035,B,55.01,57.78,55.01,56.82,55.69,25342,1430874.00,167
BSE,SIGMA,INE0A0S01028,B,50.13,51.57,47.02,47.86,50.13,37478,1856026.00,319
BSE,SIGMAADV,INE933B01012,T,685.00,688.10,660.00,687.45,655.35,124958,85706147.00,1651
BSE,SIGNATURE,INE903U01023,A,828.65,833.50,816.50,819.25,834.20,13970,11587341.00,319
BSE,SIGNPOST,INE0KGZ01021,B,280.30,286.40,265.80,273.30,280.30,21343,5873494.00,732
BSE,SIIL,INE400R01018,XT,12.55,13.77,12.55,13.77,13.12,20709,284042.00,21
BSE,SIKA,INE438E01032,B,1129.85,1145.00,1108.00,1119.90,1126.20,7612,8555759.00,511
BSE,SIL,INE173A01025,B,17.25,17.25,16.58,16.85,16.86,9759,165236.00,24
BSE,SILINV,INE923A01015,B,422.55,436.05,420.30,420.30,418.10,141,60073.00,32
BSE,SILL,INE147701010,M,94.00,94.00,87.00,88.85,94.50,193600,17071248.00,61
BSE,SILVERO,INE798C01017,Z,6.61,6.94,6.28,6.28,6.61,679,4328.00,13
BSE,SILVERTUC,INE625X01026,B,196.15,202.50,192.00,193.85,197.50,104261,20574613.00,1168
BSE,SILVOAK,INE870J01019,X,77.22,80.00,76.50,78.77,78.00,1137,89031.00,25
BSE,SIMANDHAR,INE0VI201010,X,155.15,155.15,145.00,149.05,155.90,746,111931.00,17
BSE,SIMBHALS,INE748T01016,Z,7.10,7.23,6.95,7.23,7.04,5656,39674.00,26
BSE,SIMMOND,INE657D01021,X,218.95,225.00,208.00,211.20,212.05,55956,12298037.00,401
BSE,SIMPLEXCAS,INE658D01029,X,99.30,99.30,90.55,95.85,97.60,209978,19949726.00,822
BSE,SIMPLEXINF,INE059B01024,B,224.25,239.85,224.25,233.05,237.25,490,115835.00,52
BSE,SIMPLXMIL,INE457H01027,X,4837.85,4840.05,4837.85,4837.85,5092.45,3,14515.00,3
BSE,SIMRAN,INE354D01017,X,156.40,156.40,150.00,150.50,153.15,718,109860.00,31
BSE,SINCLAIR,INE985A01022,B,75.14,75.14,73.97,74.73,74.06,931,69369.00,16
BSE,SINDHUTRAD,INE325D01025,B,24.55,24.61,24.14,24.42,24.41,20274,494132.00,84
BSE,SINGERIND,INE638A01035,B,65.90,65.90,64.11,65.30,65.25,6582,426601.00,283
BSE,SINNAR,INE896E01023,XT,722.00,722.00,704.05,709.95,722.00,56,40094.00,8
BSE,SIPL,INE413C01013,X,15.82,15.82,15.10,15.82,15.75,176,2766.00,11
BSE,SIRCA,INE792Z01011,B,436.75,439.55,430.10,437.70,430.60,16475,7187138.00,362
BSE,SIROHIA,INE785O01019,M,7.24,7.24,7.24,7.24,7.62,10000,72400.00,1
BSE,SIS,INE285J01028,B,425.10,432.40,422.65,429.70,424.90,5080,2170445.00,452
BSE,SITAENT,INE579D01019,X,162.00,162.00,146.60,152.50,152.00,871,139281.00,16
BSE,SITINET,INE965H01011,Z,0.49,0.49,0.49,0.49,0.49,1159,567.00,11
BSE,SIYARAM,INE0QSK01017,M,39.99,40.00,39.15,39.19,40.09,19500,767595.00,13
BSE,SIYSIL,INE076B01028,B,628.00,637.45,621.45,625.50,628.00,2846,1792012.00,153
BSE,SIZEMASTER,INE235U01012,X,316.80,317.00,316.80,316.80,352.00,188,59560.00,16
BSE,SJS,INE284S01014,A,2500.00,2544.80,2381.80,2426.30,2485.75,10543,26129707.00,1368
BSE,SJVN,INE002L01015,A,69.57,69.89,68.72,69.03,69.45,232618,16108629.00,2389
BSE,SKCIL,INE260E01014,X,112.00,117.65,105.50,112.45,111.75,2960,326535.00,147
BSE,SKFINDIA,INE640A01023,A,1518.90,1524.75,1491.00,1495.50,1499.50,1205,1816166.00,169
BSE,SKFINDUS,INE2J8701016,B,2739.00,2807.10,2737.75,2757.90,2685.25,1020,2833005.00,185
BSE,SKIFL,INE951Z01013,M,8.01,8.01,8.01,8.01,7.66,1250,10012.00,1
BSE,SKIPPER,INE439E01022,B,549.15,554.95,540.00,546.35,549.70,26155,14334820.00,800
BSE,SKL,INE459U01018,MT,11.40,11.40,11.40,11.40,11.00,10000,114000.00,1
BSE,SKM,INE13YH01017,MT,437.00,437.00,425.00,429.00,435.00,11000,4753300.00,11
BSE,SKMEGGPROD,INE411D01023,B,245.70,245.70,240.00,240.40,242.30,13640,3298464.00,345
BSE,SKPMIL,INE970C01012,XT,103.00,103.00,103.00,103.00,103.00,22,2266.00,2
BSE,SKPSEC,INE709B01016,X,115.00,115.00,103.56,108.20,105.80,1180,127043.00,64
BSE,SKYBIOTECH,INE393H01016,XT,167.50,167.50,167.00,167.00,167.50,69,11534.00,4
BSE,SKYGOLD,INE01IU01018,A,691.00,694.15,674.00,676.00,692.50,110668,75209270.00,1692
BSE,SKYIND,INE765B01018,X,98.60,102.00,96.33,96.93,100.17,4253,416311.00,131
BSE,SKYLMILAR,INE178E01026,X,15.63,16.44,15.56,15.69,15.56,3586,56442.00,23
BSE,SMARITIME,INE0PSJ01011,M,21.10,21.10,21.10,21.10,21.06,1600,33760.00,1
BSE,SMARTFIN,INE766D01020,X,8.01,8.10,7.65,7.98,7.85,4443,35321.00,52
BSE,SMARTLINK,INE178C01020,T,220.00,228.05,220.00,226.90,217.20,24249,5498880.00,151
BSE,SMARTWORKS,INE0NAZ01010,B,481.85,482.30,474.15,475.00,480.40,30901,14830444.00,105
BSE,SMCGLOBAL,INE103C01036,B,79.90,80.04,78.60,79.41,80.20,12961,1025504.00,102
BSE,SMFIL,INE728B01032,XT,16.10,16.10,14.63,14.81,15.39,304278,4621711.00,557
BSE,SMGOLD,INE00Q901014,B,11.80,11.99,11.50,11.66,11.90,16844,196675.00,49
BSE,SML,INE848R01018,X,63.79,63.79,63.79,63.79,60.76,1240,79099.00,21
BSE,SMLMAH,INE294B01019,A,5475.00,5532.05,5296.90,5422.40,5458.30,6432,34788042.00,962
BSE,SMLT,INE017W01010,B,66.15,71.36,66.15,70.78,69.94,4118,289248.00,112
BSE,SMR,INE11XK01017,M,90.45,90.45,89.90,89.90,87.20,3000,270250.00,3
BSE,SMRUTHIORG,INE172E01011,X,115.40,115.95,113.35,115.00,113.50,1154,132528.00,23
BSE,SMSPHARMA,INE812G01025,B,364.70,367.45,362.00,363.50,363.50,7626,2777976.00,243
BSE,SMTEL,INE673E01018,X,439.20,448.80,436.20,446.05,427.45,1072,479690.00,51
BSE,SNL,INE568F01017,X,384.10,387.00,382.30,383.15,384.10,1853,710437.00,26
BSE,SNOWMAN,INE734N01019,B,37.56,39.93,37.56,39.45,38.62,21720,844506.00,530
BSE,SOBHA,INE671H01015,A,1368.00,1373.15,1351.00,1359.00,1371.00,4153,5668608.00,386
BSE,SOBME,INE754D01018,X,1110.80,1110.80,1110.80,1110.80,1009.85,798,886418.00,51
BSE,SODHACAP,INE0QU501030,M,65.50,65.50,62.10,62.10,62.10,6000,386200.00,3
BSE,SOFCOM,INE499Q01012,XT,21.24,21.24,19.38,20.25,20.39,48352,964940.00,93
BSE,SOFTRAKV,INE562E01021,XT,1.57,1.57,1.47,1.54,1.54,34232,50892.00,72
BSE,SOLARA,INE624Z01016,B,519.90,522.90,514.20,520.25,516.60,4575,2370229.00,250
BSE,SOLARINDS,INE343H01029,A,18658.00,18800.00,18550.95,18788.00,18658.00,2358,44129557.00,631
BSE,SOLARIUM,INE0W0H01017,M,171.75,173.50,169.25,170.00,169.70,9300,1598025.00,30
BSE,SOLARWORLD,INE0TY101024,B,186.80,186.80,168.55,169.90,184.60,71011,12318430.00,1723
BSE,SOLIDSTON,INE584G01012,X,25.79,25.79,25.70,25.73,25.79,7,180.00,6
BSE,SOLIMAC,INE410A01013,X,114.75,116.00,98.00,99.10,110.40,17111,1777837.00,182
BSE,SOLVEX,INE1IIQ01028,MT,20.69,20.69,20.69,20.69,21.11,4800,99312.00,3
BSE,SOMANYCERA,INE355A01028,B,507.10,518.20,505.90,510.70,508.80,2400,1228584.00,145
BSE,SOMATEX,INE314C01013,B,91.30,98.44,91.30,96.14,95.80,1672,159154.00,89
BSE,SOMICONVEY,INE323J01019,B,94.33,94.33,94.33,94.33,93.50,50,4716.00,1
BSE,SONACOMS,INE073K01018,A,784.95,794.00,774.75,792.00,781.00,136995,107883033.00,3451
BSE,SONAL,INE321M01017,B,93.92,93.92,85.05,86.30,89.45,391,35049.00,23
BSE,SONALAD,INE344I01017,X,46.48,46.50,46.48,46.48,46.48,55,2556.00,4
BSE,SONALIS,INE0N5O01013,M,48.51,48.51,48.17,48.17,50.70,6000,289760.00,3
BSE,SONATSOFTW,INE269A01021,A,345.80,355.00,340.70,350.35,345.10,169341,58972890.00,5438
BSE,SOTEFIN,INE12Z301012,MT,201.10,205.00,201.10,201.60,205.00,21600,4389660.00,26
BSE,SOTL,INE035D01020,B,629.95,650.00,625.85,642.50,630.30,24505,15684265.00,781
BSE,SOURCEIND,INE695C01015,XT,32.34,32.34,31.37,31.37,31.71,628,20018.00,6
BSE,SOURCENTRL,INE679C01027,X,114.85,114.85,108.60,109.85,110.10,2810,311423.00,19
BSE,SOUTHBANK,INE683A01023,A,47.07,47.36,46.80,46.86,47.05,212523,9988472.00,1449
BSE,SOUTHERNIN,INE298B01010,X,21.00,22.50,20.43,22.00,20.42,1237,26277.00,28
BSE,SOUTHMG,INE308N01012,X,78.00,78.00,72.10,75.27,71.07,526,39550.00,16
BSE,SOUTHWEST,INE980Y01015,B,244.00,244.00,234.60,236.15,240.35,7449,1763760.00,255
BSE,SOUTLAT,INE410M01018,XT,20.00,20.00,20.00,20.00,20.00,297,5940.00,6
BSE,SOVERDIA,INE959D01013,X,25.85,25.85,24.50,24.89,25.10,4317,109345.00,30
BSE,SPACAPS,INE726X01014,XT,202.80,213.00,202.80,213.00,213.45,7,1429.00,3
BSE,SPACEINCUBA,INE797Z01028,XT,0.18,0.18,0.18,0.18,0.18,131423,23656.00,88
BSE,SPAL,INE212I01016,B,985.00,1035.70,964.20,1033.15,986.05,8221,8251414.00,604
BSE,SPANDANA,INE572J01011,B,264.00,264.00,250.65,256.75,262.20,16896,4337757.00,518
BSE,SPAR,INE960B01015,X,4.92,5.14,4.88,4.89,4.90,14801,75003.00,27
BSE,SPARC,INE232I01014,B,210.75,210.75,206.70,207.35,208.10,43849,9144442.00,823
BSE,SPARKLEGR,INE618F01010,X,70.00,73.79,68.00,68.11,67.95,2592,183902.00,41
BSE,SPCAPIT,INE102F01015,X,50.00,50.95,50.00,50.91,50.00,508,25853.00,5
BSE,SPECFOOD,INE547C01018,XT,17.51,19.01,17.51,19.01,18.11,31751,601920.00,70
BSE,SPECIALITY,INE247M01014,B,131.05,141.70,131.00,140.80,132.15,15157,2108923.00,224
BSE,SPECTRA,INE848B01012,Z,4.46,4.53,4.46,4.46,4.69,731,3260.00,5
BSE,SPECTRUM,INE01EO01010,B,2578.40,2578.40,2502.30,2548.50,2546.55,977,2477782.00,186
BSE,SPELS,INE252A01019,X,153.00,155.00,152.10,153.05,153.40,25843,3966449.00,707
BSE,SPENCERS,INE020801028,B,33.86,33.86,32.25,32.51,33.42,2487,81894.00,104
BSE,SPENTA,INE175C01018,XT,140.75,140.75,127.35,127.35,134.05,4245,590161.00,42
BSE,SPIC,INE147A01011,B,67.35,68.95,67.16,68.17,67.34,35342,2400174.00,298
BSE,SPICEISLIN,INE882D01017,XT,501.95,501.95,482.00,496.85,494.35,8777,4340046.00,287
BSE,SPICEJET,INE285B01017,B,11.40,11.70,11.36,11.66,11.34,5351425,61907467.00,5531
BSE,SPICELOUNG,INE631E01024,B,26.20,26.40,24.24,25.13,25.51,34610,879217.00,257
BSE,SPITZE,INE0JSJ01014,M,44.01,44.01,42.61,42.61,47.34,71000,3029890.00,51
BSE,SPL,INE0RDR01012,M,22.14,22.15,22.14,22.15,22.15,6400,141744.00,4
BSE,SPLIL,INE978G01016,B,30.50,31.50,30.01,31.25,30.01,2985,90669.00,21
BSE,SPLPETRO,INE663A01033,A,717.05,723.00,711.40,717.90,716.25,3115,2234684.00,233
BSE,SPMLINFRA,INE937A01023,B,195.05,195.55,193.50,193.65,195.85,15292,2975526.00,184
BSE,SPORTKING,INE885H01029,B,233.05,233.05,216.50,218.45,230.20,67835,15254959.00,919
BSE,SPRAYKING,INE537U01037,B,1.38,1.39,1.31,1.37,1.38,279465,376718.00,200
BSE,SPRIGHT,INE179O01031,X,0.44,0.46,0.43,0.45,0.43,4890231,2180154.00,968
BSE,SPTRSHI,INE233P01017,X,23.35,23.35,23.35,23.35,23.39,20,467.00,1
BSE,SRAMSET,INE777G01012,X,317.95,320.00,295.50,300.00,311.30,1658,515750.00,70
BSE,SRD,INE01NE01012,B,40.49,40.49,38.50,38.70,39.96,1166,45450.00,37
BSE,SRECR,INE377C01010,P,25.80,25.80,25.75,25.75,27.10,400,10306.00,3
BSE,SREEL,INE099F01013,B,215.50,218.05,210.40,212.50,217.95,1192,255395.00,136
BSE,SRESTHA,INE606K01049,XT,0.31,0.31,0.30,0.30,0.31,2245043,677322.00,416
BSE,SRF,INE647A01010,A,2672.85,2672.85,2612.75,2619.00,2634.50,5534,14624160.00,822
BSE,SRHHYPOLTD,INE917H01012,B,490.85,493.10,484.20,492.05,493.10,512,249841.00,99
BSE,SRICC,INE827D01020,X,36.56,36.56,35.00,35.78,35.94,5058,180571.00,33
BSE,SRIGEE,INE0RJ901010,M,77.50,77.90,74.00,77.45,77.50,13200,1006260.00,11
BSE,SRIKPRIND,INE009C01019,X,20.80,20.95,20.15,20.95,20.70,3484,71925.00,38
BSE,SRINACHA,INE443E01016,X,26.65,27.39,25.50,26.99,26.00,548,14595.00,9
BSE,SRM,INE0R6Z01013,B,496.60,514.40,493.30,509.65,495.60,5684,2866770.00,189
BSE,SRMCL,INE306D01017,XT,57.75,57.75,53.66,54.85,55.00,2124,114367.00,36
BSE,SRMENERGY,INE173J01018,XT,21.15,22.99,21.12,21.21,22.23,10838,231762.00,57
BSE,SRTL,INE19GK01015,B,40.17,40.99,40.01,40.50,40.34,2880,116430.00,33
BSE,SRUSTEELS,INE425C01017,XT,1.58,1.58,1.49,1.55,1.55,130889,197757.00,87
BSE,SSDL,INE0PQ101010,B,51.56,55.37,51.56,55.09,54.23,1969,108127.00,137
BSE,SSMD,INE1U2R01013,M,56.17,60.00,56.17,60.00,62.40,4000,236160.00,4
BSE,SSPDL,INE838C01011,X,17.32,17.32,16.02,16.97,16.50,237,3959.00,11
BSE,SSPRL,INE1EJ401023,MT,121.30,121.40,115.35,115.40,121.40,112000,13024800.00,96
BSE,SSWL,INE802C01033,B,322.55,322.55,314.00,316.35,318.05,42363,13472274.00,816
BSE,SSWRL,INE387D01025,XT,30.98,30.98,29.45,29.50,31.00,4336,129401.00,35
BSE,STAL,INE0RGM01016,MT,30.95,32.10,30.88,32.00,32.50,108000,3448560.00,15
BSE,STALLION,INE0RYC01010,B,263.15,269.80,260.15,268.50,265.45,134613,35744300.00,2801
BSE,STANCAP,INE625D01028,X,0.39,0.40,0.39,0.39,0.39,8956111,3539853.00,1042
BSE,STANLEY,INE01A001028,B,155.65,157.05,154.05,154.30,155.75,3734,579914.00,323
BSE,STANROS,INE441L01015,X,69.90,74.90,66.15,69.75,69.99,3904,263140.00,40
BSE,STAR,INE939A01011,A,1027.55,1030.30,976.40,989.70,1027.80,9285,9341520.00,515
BSE,STARCEMENT,INE460H01021,B,206.25,206.25,202.90,203.40,204.00,5144,1046820.00,166
BSE,STARDELTA,INE541K01014,X,594.80,594.80,571.05,579.70,587.85,1052,611663.00,85
BSE,STARHEALTH,INE575P01011,A,599.85,599.85,586.25,588.35,592.50,8952,5289013.00,576
BSE,STARHFL,INE526R01028,XT,6.00,6.25,5.76,5.98,6.00,122092,738221.00,73
BSE,STARIMAGIN,INE0YG001013,MT,86.95,86.95,84.99,85.00,87.10,9000,769060.00,9
BSE,STARLENT,INE594W01042,B,8.87,9.05,8.86,8.86,9.32,309740,2745383.00,316
BSE,STARLOG,INE580C01019,X,42.00,42.00,39.21,40.55,39.80,2279,90655.00,24
BSE,STARPAPER,INE733A01018,B,145.00,152.10,145.00,151.35,151.85,388,58654.00,42
BSE,STARSOURCE,INE320M01019,X,73.00,76.99,72.25,72.68,73.50,194,14592.00,33
BSE,STARTECK,INE992I01013,B,264.00,264.35,262.20,262.20,268.60,3276,865053.00,26
BSE,STCINDIA,INE655A01013,B,120.25,120.40,119.05,119.95,120.25,2263,271372.00,93
BSE,STCORP,INE110Q01023,XT,4.05,4.09,3.95,3.96,3.90,12192,48943.00,29
BSE,STDBAT,INE502C01039,X,48.40,48.49,46.50,47.84,47.57,2125,101491.00,46
BSE,STDSFAC,INE307D01015,X,49.55,52.35,49.51,51.49,51.99,940,47909.00,40
BSE,STEELCAS,INE124E01038,B,328.00,341.20,322.85,339.20,325.95,10110,3366595.00,333
BSE,STEELCO,INE629B01032,XT,123.80,128.60,116.70,125.85,122.80,48606,5842745.00,167
BSE,STEELXIND,INE503B01021,B,11.40,11.41,11.11,11.26,11.43,114620,1286501.00,397
BSE,STEL,INE577L01016,B,585.00,585.00,557.50,563.00,566.80,224,126744.00,33
BSE,STELLANT,INE395F01023,XT,877.80,877.80,836.00,877.80,836.00,29654,25864169.00,696
BSE,STELLAR,INE325P01011,M,6.49,6.49,5.20,5.70,6.49,18000,104340.00,3
BSE,STEP2COR,INE623D01015,X,19.95,20.94,19.95,20.94,19.95,106,2213.00,3
BSE,STERPOW,INE067E01013,XT,37.84,37.86,35.97,36.24,37.86,5507,201979.00,44
BSE,STERTOOLS,INE334A01023,T,256.80,256.80,248.00,248.00,250.45,381,95826.00,14
BSE,STHINPA,INE088G01014,X,104.80,105.05,104.80,105.00,104.90,956,100214.00,6
BSE,STL,INE402Y01028,B,8.46,8.55,8.03,8.45,8.50,50213,418959.00,156
BSE,STLNETWORK,INE1VXE01018,T,24.69,24.69,24.29,24.31,24.69,25964,635067.00,139
BSE,STLSTRINF,INE205F01016,X,20.00,20.00,18.51,18.53,19.13,1517,29739.00,11
BSE,STLTECH,INE089C01029,T,613.50,613.50,591.10,605.95,584.30,334892,204382209.00,5227
BSE,STOVACQ,INE755D01015,X,1685.00,1723.90,1685.00,1695.85,1695.00,185,314283.00,25
BSE,STOVEKRAFT,INE00IN01015,B,784.35,813.70,754.60,759.75,746.95,60260,47065743.00,2648
BSE,STRATMONT,INE473C01025,XT,61.40,61.40,60.00,60.00,61.50,200,12042.00,2
BSE,STUDDS,INE00Q601028,B,449.00,450.15,444.00,445.20,447.40,2061,920888.00,122
BSE,STYL,INE04VU01023,B,372.55,372.60,360.10,361.65,367.90,5649,2055669.00,262
BSE,STYLAMIND,INE239C01020,B,3503.75,3555.00,3469.45,3538.95,3451.20,1565,5525524.00,339
BSE,STYLEBAAZA,INE01FR01028,T,277.00,284.95,274.70,277.35,278.30,9159,2576129.00,156
BSE,STYRENIX,INE189B01011,B,2500.05,2657.45,2474.30,2483.60,2491.15,34888,89358329.00,1911
BSE,SUBAM,INE0U6201010,M,220.05,224.00,220.05,221.75,220.05,2400,532640.00,3
BSE,SUBEXLTD,INE754A01055,T,13.11,13.44,13.05,13.44,12.80,247336,3314594.00,301
BSE,SUBROS,INE287B01021,B,827.00,830.00,814.10,824.70,818.90,5688,4679837.00,249
BSE,SUCROSA,INE366G01022,X,14.45,14.90,14.45,14.76,14.44,117279,1729236.00,187
BSE,SUDAI,INE618D01015,X,30.94,31.48,30.56,30.80,29.99,4009,125258.00,34
BSE,SUDARCOLOR,INE492A01029,B,368.65,379.00,368.65,378.00,368.65,890,336280.00,61
BSE,SUDARSCHEM,INE659A01023,A,1063.00,1076.80,1035.15,1045.60,1064.65,5139,5433381.00,385
BSE,SUDARSHAN,INE00TV01023,MT,34.50,36.16,34.20,34.20,36.00,476000,16384960.00,48
BSE,SUDEEPPHRM,INE0QPI01025,B,862.35,889.00,856.00,869.45,868.55,46648,41264686.00,551
BSE,SUDTIND-B,INE691D01012,X,80.27,80.28,77.05,78.55,80.27,61527,4882946.00,140
BSE,SUGALDAM,INE309D01011,X,65.50,65.50,62.00,64.19,62.99,271,16982.00,9
BSE,SUGSLLOYD,INE0XX801016,MT,146.00,150.40,146.00,150.40,143.25,69000,10335150.00,43
BSE,SUJALA,INE029H01016,X,17.20,17.30,16.29,16.46,16.64,37532,630756.00,86
BSE,SUKHJITS,INE450E01029,B,167.95,169.30,163.10,164.95,163.65,175,28964.00,14
BSE,SULA,INE142Q01026,B,165.40,165.40,162.35,162.90,165.60,40791,6684387.00,836
BSE,SULABEN,INE673M01029,X,2.75,2.83,2.70,2.79,2.78,4421,12093.00,52
BSE,SUMEDHA,INE886B01012,X,40.00,40.00,38.01,38.52,39.18,5553,215705.00,50
BSE,SUMEETINDS,INE235C01036,B,20.20,20.20,20.20,20.20,21.26,7369,148853.00,29
BSE,SUMERUIND,INE764B01029,X,1.63,1.63,1.51,1.59,1.55,12356,19523.00,24
BSE,SUMICHEM,INE258G01013,A,519.45,519.50,505.30,511.15,515.95,25875,13213361.00,701
BSE,SUMMITSEC,INE519C01017,B,1532.90,1622.05,1517.30,1545.35,1532.90,959,1508207.00,123
BSE,SUNCITYSY,INE584D01019,X,7.13,7.13,7.13,7.13,7.50,225,1604.00,2
BSE,SUNCLAY,INE0Q3R01026,B,1265.45,1274.50,1255.00,1256.05,1253.90,220,277737.00,73
BSE,SUNDARAM,INE108E01023,B,1.26,1.29,1.24,1.26,1.26,114658,144466.00,70
BSE,SUNDARMFIN,INE660A01013,B,4830.15,4920.55,4740.05,4779.20,4835.50,3617,17429706.00,751
BSE,SUNDRMFAST,INE387A01021,A,988.35,997.85,985.70,992.00,993.55,4111,4075986.00,322
BSE,SUNDROP,INE209A01019,B,687.70,687.70,667.70,668.05,672.75,782,523561.00,36
BSE,SUNFLAG,INE947A01014,B,368.80,375.90,365.85,368.40,366.55,19678,7308134.00,558
BSE,SUNGOLD,INE271D01013,X,2.79,2.79,2.58,2.79,2.66,339,943.00,7
BSE,SUNILAGR,INE224D01012,X,86.50,86.50,86.49,86.49,86.56,2,172.00,2
BSE,SUNILTX,INE124M01015,P,71.50,71.50,71.50,71.50,71.26,100,7150.00,1
BSE,SUNITATOOL,INE0Q1S01010,MT,993.10,993.10,993.10,993.10,1013.35,5500,5462050.00,29
BSE,SUNLOC,INE671C01016,X,66.50,70.94,66.50,68.00,72.39,365,24376.00,10
BSE,SUNPHARMA,INE044A01036,A,1951.95,1965.50,1946.00,1960.00,1950.00,55644,108791051.00,3885
BSE,SUNRAKSHAK,INE671K01027,X,346.50,366.95,346.50,365.80,356.30,9916,3606230.00,201
BSE,SUNRETAIL,INE206Z01020,M,0.33,0.35,0.33,0.35,0.32,672000,228000.00,6
BSE,SUNSHIEL,INE199E01014,X,1199.95,1203.00,1169.00,1180.95,1196.15,1444,1704041.00,111
BSE,SUNSKY,INE10CM01027,M,37.41,42.99,37.40,42.97,41.50,13500,544410.00,9
BSE,SUNTECK,INE805D01034,B,309.50,309.50,302.20,303.60,307.90,13321,4040209.00,189
BSE,SUNTV,INE424H01027,A,503.00,505.90,500.25,502.00,503.10,9529,4794056.00,422
BSE,SUPER,INE091C01017,X,1072.05,1150.00,1072.05,1115.65,1085.00,1520,1685442.00,72
BSE,SUPERHOUSE,INE712B01010,B,158.10,160.65,157.60,160.10,157.60,285,45358.00,16
BSE,SUPERIOR,INE574R01028,X,1.70,1.79,1.70,1.78,1.74,1074,1880.00,5
BSE,SUPERIRON,INE16IQ01014,M,39.43,39.44,39.43,39.44,41.50,3600,141972.00,3
BSE,SUPERTEX,INE881B01054,X,5.14,5.25,5.14,5.25,5.17,650,3347.00,9
BSE,SUPHA,INE549S01036,XT,0.35,0.35,0.33,0.34,0.34,812036,276201.00,406
BSE,SUPRAJIT,INE399C01030,A,512.20,515.40,506.05,506.80,512.20,48760,24958512.00,429
BSE,SUPRAPFSL,INE268T01015,X,33.96,33.96,33.32,33.77,33.79,36922,1244281.00,486
BSE,SUPRATRE,INE533B01028,X,14.85,14.85,14.85,14.85,14.85,251,3727.00,6
BSE,SUPREME,INE822E01011,B,46.49,46.49,46.49,46.49,46.49,25,1162.00,10
BSE,SUPREMEIND,INE195A01028,A,3546.95,3567.45,3501.95,3507.00,3530.25,4630,16354660.00,1187
BSE,SUPREMEINF,INE550H01011,B,83.56,88.50,83.26,85.34,83.07,40696,3442653.00,234
BSE,SUPRIYA,INE07RO01027,B,874.45,892.25,861.25,887.70,878.35,8826,7741660.00,448
BSE,SUPTANERY,INE460D01038,X,6.66,6.88,6.66,6.74,6.66,14774,99618.00,67
BSE,SURAJ,INE069E01019,Z,222.65,227.00,215.15,224.25,222.65,911,202713.00,32
BSE,SURAJEST,INE843S01025,B,200.70,203.10,199.05,201.45,200.80,555,111579.00,19
BSE,SURAJLTD,INE713C01016,B,217.10,223.00,217.00,223.00,215.05,175,37985.00,33
BSE,SURAKSHA,INE877V01027,B,251.20,257.10,250.00,250.80,253.50,1805,455423.00,114
BSE,SURANASOL,INE272L01022,B,26.20,26.58,25.83,26.00,26.10,5251,137196.00,72
BSE,SURANAT&P,INE130B01031,B,17.47,18.25,17.47,18.22,17.83,6941,124011.00,43
BSE,SURATRAML,INE936A01025,X,4.84,4.92,4.72,4.82,4.84,21101,102073.00,125
BSE,SURBHIN,INE899E01019,XT,134.85,134.85,134.85,134.85,128.45,5537,746664.00,65
BSE,SURJIND,INE170U01011,XT,55.00,56.00,54.65,55.00,54.21,8203,452275.00,35
BSE,SURYAAMBA,INE360J01011,X,117.05,120.00,115.10,118.30,124.30,318,37266.00,11
BSE,SURYALA,INE132C01027,B,430.00,430.00,403.20,410.00,414.65,95,38900.00,7
BSE,SURYALAXMI,INE713B01026,B,60.51,61.99,60.51,61.99,59.63,510,31600.00,2
BSE,SURYAROSNI,INE335A01020,B,237.05,241.10,236.80,238.20,237.45,10359,2471554.00,439
BSE,SURYODAY,INE428Q01011,B,163.05,163.95,161.20,162.50,163.90,34313,5575745.00,599
BSE,SUSAN,INE2L0V01019,M,230.00,232.00,223.00,228.05,233.65,154000,34977700.00,146
BSE,SUTLEJTEX,INE645H01027,T,38.00,38.30,37.56,37.57,38.14,658,24845.00,8
BSE,SUVEN,INE495B01038,B,303.75,314.95,300.15,310.30,307.35,45404,13972508.00,1026
BSE,SUVIDHAA,INE018401013,B,2.62,2.62,2.46,2.62,2.58,35293,89454.00,215
BSE,SUYOG,INE442P01014,B,866.70,882.50,842.50,844.25,863.95,139,119404.00,45
BSE,SUZLON,INE040H01021,A,48.67,49.17,47.95,48.10,48.80,4999173,242879582.00,15957
BSE,SVAMSOF,INE119B01018,X,5.70,5.95,5.42,5.56,5.70,4472,24544.00,20
BSE,SVARTCORP,INE895A01023,X,3.61,3.73,3.61,3.65,3.63,45175,166313.00,68
BSE,SVCIND,INE038B01010,X,2.31,2.48,2.07,2.14,2.27,189521,427680.00,217
BSE,SVGLOBAL,INE159L01013,X,128.90,129.00,125.10,125.15,125.85,648,81524.00,18
BSE,SVJ,INE0JZS01010,M,198.00,198.20,198.00,198.20,188.80,3000,594550.00,12
BSE,SVPGLOB,INE308E01029,T,3.71,3.90,3.71,3.90,3.90,168,650.00,7
BSE,SVRL,INE0HLJ01013,T,465.00,468.75,455.00,468.20,446.45,20195,9376359.00,135
BSE,SVS,INE0MID01012,M,5.90,5.90,5.90,5.90,5.90,6000,35400.00,1
BSE,SW1,INE948K01011,XT,157.15,157.15,157.15,157.15,160.35,1,157.00,1
BSE,SWADEIN,INE716M01034,X,92.98,92.98,86.11,89.33,89.21,3712,331775.00,60
BSE,SWADHATURE,INE0P4R01017,XT,8.24,8.24,8.24,8.24,8.67,25,206.00,2
BSE,SWADPOL,INE243N01029,X,37.69,37.99,37.00,37.37,37.69,1547,57669.00,37
BSE,SWANAGRO,INE0GEN01012,M,41.50,41.50,41.50,41.50,41.99,2000,83000.00,1
BSE,SWANCORP,INE665A01038,A,311.95,315.10,310.10,313.25,310.20,49029,15320487.00,722
BSE,SWANDEF,INE542F01020,T,2550.00,2598.00,2501.00,2520.60,2510.65,509,1294635.00,96
BSE,SWARAJENG,INE277A01016,B,3628.20,3635.95,3590.00,3598.15,3635.25,391,1409715.00,106
BSE,SWARNSAR,INE967A01012,X,31.90,33.00,31.50,32.56,31.27,14894,480098.00,68
BSE,SWASTH,INE0TIR01017,M,16.30,16.30,16.30,16.30,15.11,1200,19560.00,1
BSE,SWASTIKA,INE691C01022,XT,112.90,120.45,112.90,120.45,114.75,57402,6862847.00,151
BSE,SWASTIKAAL,INE0PTF01017,MT,99.00,99.50,97.50,97.50,99.00,14000,1382960.00,6
BSE,SWASTIVI,INE804A01025,X,3.64,3.76,3.64,3.70,3.64,20079,74022.00,84
BSE,SWATIPRO,INE210F01016,X,33.00,35.40,32.10,33.12,33.69,17469,594791.00,100
BSE,SWELECTES,INE409B01013,B,608.95,625.00,608.95,618.80,612.65,598,370610.00,81
BSE,SWIGGY,INE00H001014,A,287.30,293.75,285.45,289.95,287.35,1425890,413576037.00,4580
BSE,SWISSMLTRY,INE010C01025,X,14.77,15.19,14.77,14.81,14.89,62202,926491.00,302
BSE,SWITCHTE,INE311D01017,XT,112.05,119.95,112.05,118.30,117.90,3782,437922.00,49
BSE,SWOJAS,INE295B01016,XT,9.10,9.10,8.52,9.08,8.96,4264,37532.00,19
BSE,SWRNASE,INE595G01018,X,95.00,95.00,95.00,95.00,99.99,411,39045.00,1
BSE,SWSOLAR,INE00M201021,B,210.10,210.10,205.85,206.15,208.35,29628,6143716.00,573
BSE,SYLPH,INE706F01021,X,0.25,0.26,0.24,0.26,0.25,13677726,3432494.00,1039
BSE,SYMBIOX,INE653R01012,X,1.60,1.73,1.60,1.71,1.60,167114,284433.00,27
BSE,SYMPHONY,INE225D01027,B,678.00,698.45,671.20,672.20,682.75,16902,11573577.00,1379
BSE,SYNCOMF,INE312C01025,B,13.16,13.40,12.90,13.28,13.16,241250,3190970.00,656
BSE,SYNGENE,INE398R01022,A,403.00,412.20,399.90,407.30,401.45,43312,17660845.00,1130
BSE,SYRMA,INE0DYJ01015,A,1362.55,1428.00,1355.00,1422.25,1361.60,314128,441624373.00,9473
BSE,SYSCHEM,INE121D01036,X,43.90,43.90,34.18,34.18,42.72,483100,17463859.00,1218
BSE,SYSTEMATIC,INE1KLZ01011,MT,208.75,214.25,207.55,214.05,204.05,67200,14280030.00,90
BSE,SYSTMTXC,INE356B01024,T,59.50,59.57,59.50,59.57,60.68,126,7504.00,4
BSE,TAALTECH,INE524T01011,B,4088.00,4088.00,3961.60,3961.60,3980.40,109,436267.00,37
BSE,TAHMARENT,INE385D01029,XT,4.10,4.19,3.97,4.09,4.00,4064,16780.00,39
BSE,TAIIND,INE358D01018,XT,28.10,28.10,25.44,28.00,26.77,2165,59483.00,19
BSE,TAINWALCHM,INE123C01018,B,214.05,214.05,205.00,210.65,205.10,172,36179.00,12
BSE,TAJGVK,INE586B01026,B,365.00,371.45,361.85,369.30,363.40,12251,4507989.00,291
BSE,TAKE,INE142I01023,B,23.37,23.37,22.00,22.41,22.35,321247,7196893.00,205
BSE,TAKYON,INE14OX01013,M,19.15,19.15,19.00,19.08,19.63,6000,114500.00,3
BSE,TALBROAUTO,INE187D01029,B,414.80,432.00,412.00,416.30,416.50,9428,3971073.00,379
BSE,TALBROSENG,INE717E01013,X,709.80,709.80,668.75,682.95,695.75,7580,5249731.00,171
BSE,TAMBOLIIN,INE864J01012,T,216.00,216.60,208.05,213.00,219.00,1905,397237.00,13
BSE,TANAA,INE692C01020,X,304.80,304.90,296.10,298.10,299.30,10334,3106829.00,255
BSE,TANDHANIN,INE896J01014,XT,149.95,151.10,144.05,146.95,143.95,6285,932207.00,56
BSE,TANFACIND,INE639B01023,B,3182.15,3224.95,3040.05,3102.75,3182.15,33107,103792384.00,3132
BSE,TANLA,INE483C01032,A,612.65,614.15,600.50,612.80,614.00,30199,18341959.00,1062
BSE,TANVI,INE978V01015,M,49.88,49.88,49.88,49.88,52.50,2000,99760.00,2
BSE,TARAI,INE906C01016,Z,3.99,4.04,3.99,4.00,4.20,805,3226.00,10
BSE,TARAPUR,INE747K01017,B,15.84,15.90,14.99,14.99,15.77,7974,120629.00,95
BSE,TARC,INE0EK901012,B,135.00,135.35,132.60,134.00,135.85,28964,3879945.00,254
BSE,TARIL,INE763I01026,A,297.60,301.10,293.25,294.15,295.40,83913,24853882.00,1343
BSE,TARINI,INE849M01017,M,8.00,8.15,8.00,8.00,7.31,12000,96690.00,4
BSE,TARMAT,INE924H01018,B,50.90,50.90,50.48,50.48,49.26,116,5856.00,2
BSE,TARSONS,INE144Z01023,B,317.90,327.20,314.45,324.80,317.45,27378,8775762.00,538
BSE,TASTYBITE,INE488B01017,B,9405.00,9600.00,9405.00,9445.10,9460.00,135,1281567.00,64
BSE,TATACAP,INE976I01016,A,364.90,366.00,359.00,360.30,362.95,29497,10719029.00,1134
BSE,TATACHEM,INE092A01019,A,676.85,677.00,667.00,668.20,674.65,20776,13961586.00,1324
BSE,TATACOMM,INE151A01013,A,1780.00,1784.45,1750.00,1778.75,1769.80,6973,12313021.00,474
BSE,TATACONSUM,INE192A01025,A,1108.95,1108.95,1080.00,1086.00,1099.25,195922,214512391.00,3518
BSE,TATAELXSI,INE670A01012,A,3789.70,3789.70,3734.25,3743.85,3757.00,9979,37494769.00,1307
BSE,TATAINVEST,INE672A01026,A,683.70,688.00,674.00,676.65,676.40,14546,9914661.00,765
BSE,TATAPOWER,INE245A01021,A,382.80,384.10,380.35,381.00,381.50,173426,66279007.00,3165
BSE,TATASTEEL,INE081A01020,A,191.45,192.70,189.00,190.20,189.10,848677,162011826.00,9402
BSE,TATATECH,INE142M01025,A,767.00,769.40,755.00,762.15,764.20,68058,51885645.00,2867
BSE,TATIAGLOB,INE083G01031,X,2.26,2.38,2.26,2.30,2.32,30864,71022.00,129
BSE,TATVA,INE0GK401011,B,1746.95,1795.45,1727.10,1767.35,1768.05,1788,3151206.00,265
BSE,TBOTEK,INE673O01025,A,1629.55,1651.20,1575.50,1599.50,1615.00,685866,1111169939.00,1898
BSE,TBZ,INE760L01018,B,287.95,287.95,271.65,277.30,286.55,65843,18403999.00,1050
BSE,TCC,INE887D01016,B,294.05,294.05,285.00,291.40,291.60,2406,697241.00,64
BSE,TCFCFINQ,INE389D01013,X,25.58,26.89,25.10,25.33,25.97,970,24827.00,22
BSE,TCI,INE688A01022,B,910.00,926.05,910.00,912.35,911.90,1749,1603028.00,139
BSE,TCIEXP,INE586V01016,B,560.00,563.95,556.50,558.00,555.05,701,392465.00,74
BSE,TCIFINANCE,INE911B01018,T,15.24,15.40,14.57,15.24,15.24,2149,32635.00,21
BSE,TCIIND,INE920B01019,X,1301.00,1328.00,1301.00,1328.00,1265.45,44,58074.00,5
BSE,TCMLMTD,INE034F01010,X,46.50,46.50,46.40,46.40,45.49,4136,191975.00,7
BSE,TCPLPACK,INE822C01015,B,3569.80,3569.80,3201.05,3226.40,3240.85,187,609953.00,47
BSE,TCS,INE467B01029,A,2478.45,2478.45,2435.00,2450.00,2450.00,97957,239728640.00,5781
BSE,TDPOWERSYS,INE419M01027,A,1124.55,1151.20,1118.50,1127.85,1113.45,263209,296460611.00,4777
BSE,TDSL,INE773Y01014,Z,3.80,3.80,3.60,3.60,3.78,19042,70237.00,57
BSE,TEAM24,INE601A01017,X,28.36,28.40,28.36,28.36,28.36,4607,130658.00,6
BSE,TEAMGTY,INE289C01025,B,214.40,227.00,214.40,227.00,226.85,6,1299.00,6
BSE,TEAMLEASE,INE985S01024,B,1254.00,1268.00,1235.00,1261.55,1238.60,2824,3544154.00,381
BSE,TECHKGREEN,INE0P4P01011,M,142.95,142.95,142.95,142.95,143.30,400,57180.00,1
BSE,TECHM,INE669C01036,A,1643.60,1659.65,1639.95,1639.95,1650.00,1811048,2987575506.00,3808
BSE,TECHNOE,INE285K01026,A,999.60,1003.30,979.80,984.05,999.55,24499,24240003.00,1627
BSE,TECHNOPACK,INE0MXP01015,M,12.75,13.00,12.50,12.50,14.20,24000,306040.00,5
BSE,TECHNVISN,INE314H01012,B,4346.00,4449.40,4346.00,4393.20,4266.60,57,251280.00,23
BSE,TECILCHEM,INE014B01011,B,10.75,10.75,10.23,10.29,10.38,16826,173194.00,18
BSE,TEEAI,INE757D01011,X,114.00,115.40,112.20,113.70,112.55,957,108062.00,14
BSE,TEGA,INE011K01018,A,1617.70,1617.70,1562.05,1578.65,1584.90,3554,5619073.00,358
BSE,TEJASNET,INE010J01012,A,524.75,541.75,521.30,533.70,519.35,136787,72851303.00,2455
BSE,TEJASSVI,INE173E01019,XT,68.37,68.37,68.37,68.37,67.03,81723,5587401.00,18
BSE,TEJNAKSH,INE030T01027,X,14.20,14.20,13.51,14.00,13.83,1145,16052.00,24
BSE,TELECANOR,INE381G01013,X,26.18,26.18,24.20,24.40,25.19,12977,317437.00,102
BSE,TELGE,INE0SRP01014,MT,155.00,170.00,155.00,170.00,163.00,46800,7660620.00,37
BSE,TELOGICA,INE778I01024,XT,9.29,9.85,9.10,9.14,9.39,11929,114323.00,35
BSE,TENNIND,INE19RI01016,B,551.75,560.70,544.60,549.90,544.55,466489,257599367.00,1069
BSE,TERAI,INE390D01011,X,123.05,124.00,122.70,123.05,123.05,54,6631.00,6
BSE,TERASOFT,INE482B01010,B,389.00,409.50,387.90,409.00,390.00,14219,5758136.00,419
BSE,TEXELIN,INE594V01028,X,73.00,73.00,71.15,72.00,71.07,2883,208125.00,33
BSE,TEXINFRA,INE435C01024,B,113.50,114.30,110.00,113.35,113.65,9773,1088801.00,88
BSE,TEXMOPIPES,INE141K01013,B,44.55,44.55,42.00,42.73,43.68,9167,388704.00,97
BSE,TEXRAIL,INE621L01012,A,114.90,115.00,108.30,108.90,112.90,257013,28207919.00,2368
BSE,TFCILTD,INE305A01023,A,105.75,109.95,105.40,109.20,105.50,1355825,147396040.00,1553
BSE,TFSL,INE761R01013,XT,41.85,41.85,41.85,41.85,41.85,100,4185.00,1
BSE,TGBHOTELS,INE797H01018,B,9.46,9.46,9.01,9.16,9.30,2886,26532.00,21
BSE,TGIF,INE0SMU01015,M,103.00,103.00,103.00,103.00,102.00,1200,123600.00,1
BSE,TGVSL,INE284B01028,B,107.00,108.25,105.40,106.85,106.70,145925,15622140.00,1136
BSE,THAKDEV,INE403F01017,B,158.00,158.00,158.00,158.00,158.00,25,3950.00,1
BSE,THAKRAL,INE190F01028,X,13.50,13.50,12.83,12.83,13.50,3918,51840.00,10
BSE,THANGAMAYL,INE085J01014,A,4723.55,4897.10,4723.55,4723.55,4972.15,53360,253813365.00,3846
BSE,THEINVEST,INE924D01017,B,111.50,111.50,100.72,103.31,101.04,14,1450.00,5
BSE,THELEELA,INE0AQ201015,A,510.85,510.90,492.05,500.75,500.80,61985,30964609.00,999
BSE,THEMISMED,INE083B01024,B,107.05,117.10,105.15,115.60,107.05,10699,1202205.00,163
BSE,THERMAX,INE152A01029,A,4109.00,4155.65,4000.00,4018.05,4123.00,39293,159274280.00,5093
BSE,THINKINK,INE365S01045,XT,0.19,0.19,0.19,0.19,0.19,1151660,218815.00,183
BSE,THOMASCOOK,INE332A01027,A,106.60,111.30,102.70,105.95,107.20,187637,20217816.00,1680
BSE,THOMASCOTT,INE480M01011,B,305.65,308.60,295.35,303.05,306.75,2614,787705.00,144
BSE,THRIVE,INE628D01014,X,82.70,83.00,81.87,83.00,82.70,79,6539.00,11
BSE,THYROCARE,INE594H01019,A,594.75,606.65,591.75,604.40,590.90,47381,28571746.00,2071
BSE,TI,INE133E01013,A,469.85,493.80,466.60,487.70,465.70,122685,59418774.00,2652
BSE,TICL,INE388G01026,T,9.82,9.82,9.44,9.65,9.79,3038,29352.00,16
BSE,TIERRA,INE05CY01014,X,39.06,39.06,38.00,38.10,39.64,1959,75087.00,30
BSE,TIGERLOGS,INE906O01029,T,27.86,27.86,26.76,26.80,27.62,15855,431147.00,159
BSE,TIGLOB,INE811B01010,X,164.65,173.75,164.65,166.70,173.80,1437,238462.00,8
BSE,TIHIL,INE502D01011,XT,3.78,3.83,3.65,3.75,3.71,52447,196033.00,108
BSE,TIIL,INE545H01011,B,2660.00,2673.35,2610.20,2643.00,2624.15,245,647425.00,62
BSE,TIINDIA,INE974X01010,A,2760.00,2803.50,2727.00,2740.00,2760.00,8072,22313055.00,1406
BSE,TIJARIA,INE440L01017,B,5.05,5.14,4.72,5.07,4.99,2818,13789.00,27
BSE,TIL,INE806C01018,B,258.05,262.35,255.00,259.20,260.10,69959,18092832.00,1017
BSE,TILAK,INE026L01022,XT,1.13,1.17,1.11,1.15,1.12,542495,622692.00,461
BSE,TIMETECHNO,INE508G01029,A,210.90,212.65,206.30,207.90,210.35,115315,24193403.00,1177
BSE,TIMEX,INE064A01026,B,556.95,559.95,541.70,556.80,547.95,32781,18115544.00,2238
BSE,TIMKEN,INE325A01013,A,3217.25,3252.55,3201.00,3231.55,3214.15,1034,3338432.00,254
BSE,TINNARUBR,INE015C01016,B,1086.85,1140.95,1086.85,1121.40,1111.20,7441,8318550.00,574
BSE,TIPCO,INE1U6D01014,MT,168.15,173.45,166.00,171.80,173.50,75200,12659520.00,34
BSE,TIPSFILMS,INE0LQS01015,B,381.00,386.00,375.00,375.80,382.75,371,141145.00,36
BSE,TIPSMUSIC,INE716B01029,A,690.15,690.15,667.60,669.90,688.30,11655,7835193.00,530
BSE,TIRSARJ,INE297J01023,X,8.47,8.68,8.47,8.68,8.84,2,17.00,2
BSE,TIRTPLS,INE008N01018,X,28.06,28.06,26.71,26.78,28.06,5837,156640.00,32
BSE,TIRUFOAM,INE115G01015,X,85.98,87.11,85.98,87.00,90.50,1163,100505.00,11
BSE,TIRUMALCHM,INE338A01024,B,185.10,189.15,182.00,186.05,182.90,61449,11457494.00,964
BSE,TIRUPATIIN,INE812Q01016,XT,6.39,6.68,6.25,6.65,6.37,64799,423721.00,389
BSE,TIRUSTA,INE314D01011,X,154.95,161.00,154.00,155.80,149.80,642,101942.00,31
BSE,TITAANIUM,INE120V01014,MT,18.45,20.27,18.39,18.39,19.35,7000,134440.00,7
BSE,TITAGARH,INE615H01020,A,869.75,869.75,846.70,848.95,858.70,17980,15347209.00,884
BSE,TITAN,INE280A01028,A,4944.05,4944.05,4863.70,4925.00,4900.00,23165,113253595.00,3111
BSE,TITANBIO,INE150C01029,XT,410.10,421.00,410.10,411.40,416.60,13322,5492701.00,273
BSE,TITANIN,INE807M01031,X,1.00,1.02,0.99,1.00,1.00,3885002,3891953.00,905
BSE,TITANSEC,INE090D01017,X,44.40,44.40,42.80,42.87,42.73,2987,129829.00,30
BSE,TLL,INE0MKA01014,M,262.00,265.85,250.00,257.90,264.05,35400,9161130.00,59
BSE,TMB,INE668A01016,A,862.50,866.60,851.00,857.00,862.15,14036,12038551.00,1396
BSE,TMCV,INE1TAE01010,B,452.45,455.50,444.00,446.45,452.45,521987,233947815.00,6090
BSE,TMPV,INE155A01022,A,349.85,349.85,345.00,345.30,346.45,625134,217014637.00,5694
BSE,TNPETRO,INE148A01019,B,98.00,99.36,96.50,96.83,97.99,8583,838113.00,147
BSE,TNPL,INE107A01015,B,154.40,155.40,152.65,153.80,155.00,6624,1022472.00,169
BSE,TNTELE,INE141D01018,B,8.81,9.21,8.81,9.18,9.20,3925,35519.00,24
BSE,TOKYOFIN,INE546D01018,X,18.84,18.84,17.52,17.52,17.80,54,962.00,5
BSE,TOKYOPLAST,INE932C01012,T,80.00,80.00,80.00,80.00,80.00,1,80.00,1
BSE,TOLINS,INE0RWQ01014,B,107.95,107.95,102.95,103.15,103.70,3322,344383.00,109
BSE,TORNTPHARM,INE685A01028,A,5063.60,5063.60,4996.25,5030.00,5019.00,15961,80122693.00,3984
BSE,TORNTPOWER,INE813H01021,A,1375.40,1389.00,1339.00,1342.15,1392.40,31093,42236377.00,2883
BSE,TOTEM,INE0TT901016,X,122.90,126.00,120.00,120.80,119.90,25914,3170372.00,347
BSE,TOYAMSL,INE457P01020,X,0.66,0.68,0.66,0.68,0.67,502878,338109.00,192
BSE,TPHQ,INE065J01024,B,0.42,0.43,0.41,0.43,0.43,126209,53353.00,122
BSE,TPINDIA,INE578C01021,X,16.16,17.99,16.16,17.99,16.81,321515,5449871.00,116
BSE,TPLPLASTEH,INE413G01022,B,82.59,82.59,79.27,81.80,80.58,5033,406146.00,61
BSE,TPROJECT,INE901C01017,X,3.30,3.30,3.29,3.29,3.33,1231,4057.00,9
BSE,TRABI,INE773D01018,X,3.35,3.35,2.92,3.13,2.95,71245,227579.00,73
BSE,TRACXN,INE0HMF01019,B,30.50,30.80,29.72,29.88,30.50,8892,268536.00,141
BSE,TRADEUNO,INE1GUJ01014,M,106.20,107.00,105.00,105.95,104.50,7200,763860.00,6
BSE,TRADWIN,INE961E01017,XT,646.70,682.00,646.70,680.50,649.90,13,8580.00,5
BSE,TRANSCHEM,INE019B01010,XT,313.00,317.00,300.00,312.55,302.85,4356,1343796.00,61
BSE,TRANSCOR,INE330E01023,X,25.66,26.70,25.50,26.00,26.02,770,20295.00,21
BSE,TRANSFD,INE213P01027,X,469.90,469.90,457.00,457.00,447.95,51,23471.00,7
BSE,TRANSFRE,INE360D01014,X,22.88,22.88,19.11,20.70,20.65,693,14422.00,20
BSE,TRANSPACT,INE06YD01010,MS,120.00,120.00,120.00,120.00,125.25,2000,240000.00,3
BSE,TRANSPEK,INE687A01016,B,1400.95,1417.25,1355.00,1378.75,1420.60,3855,5367681.00,289
BSE,TRANSRAILL,INE454P01035,A,495.05,504.35,494.85,495.95,501.10,11532,5754792.00,570
BSE,TRANSVOY,INE0MPU01011,MT,90.00,90.00,90.00,90.00,92.10,4800,432000.00,2
BSE,TRANSWORLD,INE757B01015,T,157.15,157.15,157.15,157.15,160.75,100,15715.00,1
BSE,TRAVELFOOD,INE103V01028,B,1348.85,1370.00,1311.95,1367.90,1342.15,2252,3017940.00,239
BSE,TREEHOUSE,INE040M01013,B,6.35,6.35,6.30,6.30,6.29,2,12.00,2
BSE,TREJHARA,INE00CA01015,B,135.40,137.00,135.35,136.90,134.45,2054,279551.00,38
BSE,TREL,INE0O3901029,B,23.46,24.63,23.46,24.50,24.07,11900,291978.00,40
BSE,TRENT,INE849A01020,A,3055.00,3110.20,3040.05,3070.00,3035.00,61016,188009712.00,5243
BSE,TRESCON,INE088D01011,X,7.68,7.68,7.38,7.43,7.37,4921,37106.00,20
BSE,TRF,INE391D01019,B,229.50,230.70,226.00,227.80,229.00,13787,3143031.00,183
BSE,TRICOMFRU,INE843F01014,XT,1.76,1.84,1.76,1.84,1.76,404,711.00,8
BSE,TRIDENT,INE064C01022,A,24.94,25.15,24.81,24.91,24.94,466799,11669106.00,2029
BSE,TRIGYN,INE948A01012,B,54.42,55.27,54.00,54.05,54.48,1204,65531.00,86
BSE,TRILIANCE,INE778N01016,XT,41.98,42.99,39.43,41.90,41.50,665,26643.00,9
BSE,TRINITYLEA,INE884X01011,X,11.13,11.13,11.13,11.13,10.60,14,155.00,2
BSE,TRIOMERC,INE234G01022,XT,2.95,2.95,2.95,2.95,2.90,171705,506529.00,36
BSE,TRISHAKT,INE238C01022,XT,222.90,227.30,215.20,220.80,222.30,16261,3633679.00,219
BSE,TRITONV,INE440G01017,X,1054.85,1066.40,1011.00,1041.05,1033.45,1249,1298473.00,160
BSE,TRITURBINE,INE152M01016,A,620.45,636.20,609.55,619.20,611.10,69338,43546719.00,3071
BSE,TRIUMPIN,INE382B01012,X,16.65,16.65,16.65,16.65,18.50,20,333.00,1
BSE,TRIVENI,INE256C01024,T,232.45,244.05,232.45,244.05,232.45,44419,10809787.00,385
BSE,TRIVENIENT,INE916P01025,X,1.06,1.06,1.05,1.05,1.03,6786,7158.00,19
BSE,TRIVENIGQ,INE094C01011,XT,8.36,8.36,7.98,7.98,8.40,6169,49450.00,21
BSE,TRL,INE459Z01017,B,61.89,63.32,59.16,63.32,60.31,12999,810570.00,89
BSE,TRU,INE615R01029,B,4.75,4.75,4.60,4.63,4.57,5868,27610.00,28
BSE,TRUALT,INE0MWH01014,B,441.85,443.75,434.80,437.10,437.40,12066,5310094.00,435
BSE,TRUECOLORS,INE1LDV01015,M,162.10,162.10,153.90,153.90,161.95,49800,7780650.00,67
BSE,TRUEGREEN,INE672K01025,XT,186.00,186.00,178.00,178.55,185.35,5802,1055502.00,50
BSE,TRUSTEDGE,INE398H01015,X,134.50,134.90,129.35,133.10,134.90,3671,481855.00,16
BSE,TSPIRITUAL,INE541C01037,XT,1.79,1.83,1.67,1.83,1.75,18000,32401.00,16
BSE,TTC,INE0XAY01012,M,239.95,239.95,224.00,231.50,238.00,4800,1105470.00,13
BSE,TTFL,INE071Y01013,X,26.20,26.45,25.00,25.93,25.21,35877,919815.00,149
BSE,TTGIL,INE135H01029,X,8.07,8.49,7.42,8.23,8.07,110393,869721.00,117
BSE,TTIENT,INE404F01031,X,7.90,7.98,7.59,7.66,7.98,6683,51639.00,22
BSE,TTKHLTCARE,INE910C01018,B,1054.95,1065.25,1021.05,1036.50,1046.90,822,859183.00,85
BSE,TTKPRESTIG,INE690A01028,B,652.45,652.45,627.80,630.80,643.50,4619,2960244.00,351
BSE,TTL,INE592B01024,B,6.74,6.74,6.30,6.32,6.47,12923,82568.00,42
BSE,TTML,INE517B01013,A,40.30,40.30,39.79,39.90,40.23,171881,6869188.00,1177
BSE,TULASEEBIOE,INE276N01011,ZP,43.34,43.34,43.34,43.34,45.62,100,4334.00,1
BSE,TULSYAN,INE463D01016,X,37.96,37.96,37.96,37.96,36.16,2075,78767.00,10
BSE,TUNITEX,INE560D01027,X,1.03,1.10,1.00,1.01,1.02,136066,138807.00,90
BSE,TURTLEMINT,INE0OC301013,B,119.75,119.75,114.20,114.70,117.60,52361,6056989.00,1338
BSE,TUTIALKA,INE400A01014,X,60.26,63.00,59.10,61.42,59.90,20780,1273366.00,212
BSE,TVSELECT,INE236G01019,B,494.75,502.00,494.25,500.60,496.60,4925,2451248.00,358
BSE,TVSHLTD,INE105A01035,A,14766.05,14929.15,14750.10,14789.45,14850.30,249,3693254.00,142
BSE,TVSMOTOR,INE494B01023,A,4398.00,4398.00,4336.80,4360.00,4341.00,123814,539689945.00,5494
BSE,TVSSCS,INE395N01027,B,136.85,139.50,135.40,135.55,136.90,25542,3501249.00,986
BSE,TVSSRICHAK,INE421C01016,B,3988.80,4007.25,3981.50,3995.65,3986.00,56,224258.00,10
BSE,TVTODAY,INE038F01029,B,116.75,116.95,115.40,116.00,115.50,1335,154878.00,327
BSE,TVVISION,INE871L01013,B,4.80,4.80,4.27,4.35,4.80,14800,64400.00,42
BSE,TYCHE,INE443B01012,X,120.60,127.00,120.60,126.10,123.30,16889,2107507.00,97
BSE,TYROON,INE945B01016,X,85.30,87.94,85.30,87.94,87.99,98,8439.00,11
BSE,UBL,INE686F01025,A,1449.80,1453.55,1424.55,1433.30,1438.00,8355,11979796.00,1042
BSE,UCAL,INE139B01016,B,114.45,115.85,113.80,115.85,113.00,181,20745.00,5
BSE,UCIL,INE926R01012,XT,100.10,100.10,98.40,99.95,103.55,3721,367585.00,34
BSE,UCOBANK,INE691A01018,A,26.57,26.57,26.20,26.34,26.29,161205,4242446.00,807
BSE,UDAYJEW,INE551B01012,X,140.60,143.90,140.60,143.90,144.35,19,2730.00,2
BSE,UDS,INE851I01011,B,206.10,207.60,201.05,203.20,206.10,5947,1212669.00,300
BSE,UEL,INE899L01030,B,201.00,211.05,185.00,211.05,191.90,124024,25505964.00,2178
BSE,UFBL,INE382M01027,B,708.20,735.25,701.00,735.20,700.25,30452,22157544.00,745
BSE,UFLEX,INE516A01017,B,480.95,480.95,473.10,474.80,482.10,1131,539325.00,74
BSE,UFO,INE527H01019,B,68.80,68.80,67.41,68.10,68.72,1203,81980.00,54
BSE,UGARSUGAR,INE071E01023,B,42.01,45.21,42.01,44.98,42.62,77433,3413652.00,732
BSE,UGROCAP,INE583D01011,B,99.90,99.91,95.37,97.43,97.84,77912,7606305.00,534
BSE,UHMVL,INE0YZ901011,M,36.22,36.22,36.21,36.22,34.50,25600,927224.00,24
BSE,UHZAVERI,INE556Z01010,B,9.80,10.25,9.55,10.02,9.80,18133,181375.00,35
BSE,UJJIVANSFB,INE551W01018,A,71.09,71.72,68.59,70.13,71.14,3096597,216323726.00,6021
BSE,ULTRACAB,INE010R01023,X,6.95,6.95,6.78,6.82,6.91,115269,789296.00,232
BSE,ULTRACEMCO,INE481G01011,A,11948.90,12000.00,11904.20,11955.00,11950.00,16597,198444046.00,1994
BSE,ULTRAMAR,INE405A01021,B,382.45,390.50,382.45,388.80,385.00,3366,1305313.00,267
BSE,UMAEXPORTS,INE0GIU01018,T,20.47,20.59,20.13,20.58,20.47,780,16003.00,19
BSE,UMIYA,INE173U01015,X,24.96,24.96,24.80,24.87,23.78,14389,358857.00,51
BSE,UMIYA-MRO,INE398B01018,B,93.00,96.60,88.65,93.03,87.77,3420,323385.00,509
BSE,UML,INE1P1A01018,M,57.99,57.99,57.90,57.90,54.51,8000,463480.00,4
BSE,UNIABEXAL,INE361D01012,XT,4890.00,4980.00,4751.00,4871.50,4863.00,173,848001.00,57
BSE,UNIAUTO,INE203T01012,B,55.99,55.99,51.16,51.23,52.00,1625,84457.00,38
BSE,UNICHEMLAB,INE351A01035,B,506.15,506.50,497.05,499.70,505.15,1884,945904.00,158
BSE,UNICK,INE250G01010,X,40.10,42.09,40.10,42.09,40.10,205,8608.00,5
BSE,UNIDT,INE961D01019,T,237.00,240.00,231.20,240.00,229.40,1389,331983.00,25
BSE,UNIECOM,INE00U401027,B,86.50,87.00,85.79,86.46,86.15,15100,1303984.00,121
BSE,UNIENTER,INE037A01022,B,95.76,98.95,95.76,97.87,97.71,42,4074.00,5
BSE,UNIFIED,INE1ABX01018,M,371.00,371.50,368.00,368.10,369.15,18400,6799200.00,25
BSE,UNIMECH,INE0U3I01011,B,1343.25,1376.00,1300.05,1332.80,1260.65,59767,80639425.00,4661
BSE,UNIOFFICE,INE951C01012,XT,6.14,6.14,6.14,6.14,6.46,351,2155.00,3
BSE,UNIONBANK,INE692A01016,A,174.60,175.15,172.50,173.85,173.70,363078,63073273.00,1945
BSE,UNIPARTS,INE244O01017,B,744.95,757.00,717.90,738.75,737.00,12905,9633313.00,638
BSE,UNIQUEO,INE333E01019,X,80.00,82.90,79.00,81.64,77.02,2851,230113.00,70
BSE,UNIROYAL,INE980D01019,X,19.95,20.44,19.50,20.44,19.95,1255,25643.00,6
BSE,UNISEM,INE1FHV01026,M,52.00,52.00,51.00,52.00,52.00,6000,310000.00,3
BSE,UNISHIRE,INE210P01015,MT,1.32,1.32,1.32,1.32,1.38,10000,13200.00,1
BSE,UNISON,INE099D01026,XT,0.67,0.68,0.65,0.66,0.66,517823,343704.00,240
BSE,UNITDCR,INE858C01027,X,27.00,27.00,26.01,26.01,25.30,108,2906.00,3
BSE,UNITDSPR,INE854D01024,A,1531.95,1547.95,1521.60,1533.70,1520.00,24576,37678474.00,2419
BSE,UNITECH,INE694A01020,B,4.30,4.33,4.22,4.25,4.27,476731,2033545.00,429
BSE,UNITEDINT,INE706D01018,X,66.88,66.88,66.88,66.88,63.70,23,1538.00,4
BSE,UNITEDPOLY,INE368U01029,T,30.98,30.98,28.56,30.27,29.87,2120,61921.00,54
BSE,UNITINT,INE929K01011,Z,3.10,3.12,3.10,3.12,3.24,871,2715.00,6
BSE,UNIVARTS,INE464B01018,X,4.51,5.00,4.51,5.00,5.34,1078,5292.00,5
BSE,UNIVCABLES,INE279A01012,B,1444.00,1473.95,1383.80,1407.20,1431.15,13545,19599554.00,923
BSE,UNIVSTAR,INE113E01015,XT,195.00,203.90,190.05,203.90,199.00,77,15018.00,4
BSE,UNJHAFOR,INE576D01015,X,28.45,28.45,26.06,26.20,28.75,7015,186502.00,33
BSE,UNOMINDA,INE405E01023,A,1210.85,1243.95,1204.80,1225.10,1205.00,106420,130400879.00,5496
BSE,UNRYLMA,INE602H01010,X,15.76,15.76,15.50,15.50,15.01,63,977.00,8
BSE,UPHOT,INE726E01014,X,1385.05,1385.05,1385.05,1385.05,1400.00,2,2770.00,1
BSE,UPL,INE628A01036,A,618.10,618.80,580.15,582.00,625.00,338897,199412942.00,10494
BSE,UPSURGE,INE890B01014,X,72.01,74.80,72.00,73.30,72.00,22284,1636902.00,72
BSE,URAVIDEF,INE568Z01015,T,114.00,115.00,112.00,114.00,114.00,245,27923.00,13
BSE,URBANCO,INE0CAZ01013,A,148.00,151.20,140.60,142.05,146.50,1902014,280011740.00,12497
BSE,URJA,INE550C01020,B,10.35,10.48,9.95,10.04,10.08,306253,3080917.00,1138
BSE,URSUGAR,INE904R01027,B,2.68,2.75,2.60,2.69,2.55,74287,199686.00,149
BSE,USGTECH,INE718B01017,XT,10.00,10.00,10.00,10.00,10.17,1624,16240.00,22
BSE,USHAMART,INE228A01035,A,511.25,511.25,498.20,503.55,503.35,26380,13289064.00,1004
BSE,USK,INE0N0Y01013,B,22.99,22.99,21.89,22.36,22.40,2103,46920.00,21
BSE,UTIAMC,INE094J01016,A,928.75,928.75,904.00,908.50,914.80,6520,5970591.00,389
BSE,UTIQUE,INE096A01010,X,3.70,3.82,3.58,3.68,3.70,20663,75620.00,70
BSE,UTKARSHBNK,INE735W01017,B,14.50,14.60,14.37,14.52,14.60,203595,2944949.00,982
BSE,UTLINDS,INE184E01024,X,1.55,1.55,1.55,1.55,1.60,24702,38288.00,35
BSE,UTLSOLAR,INE12UR01024,B,390.15,395.00,382.70,390.55,389.40,39041,15191384.00,2499
BSE,UTTAMSUGAR,INE786F01031,B,245.15,263.00,244.65,252.95,239.25,42493,10897919.00,1076
BSE,UVDRHOR,INE890G01047,X,36.98,37.27,34.21,37.27,35.50,10533,390945.00,60
BSE,UVS,INE528C01018,X,92.89,92.89,86.01,89.13,91.19,2642,236627.00,24
BSE,UYFINCORP,INE152C01025,B,19.61,19.94,18.76,19.29,19.80,40534,780542.00,835
BSE,V2RETAIL,INE945H01021,B,219.65,220.65,214.00,217.55,217.40,39771,8655414.00,868
BSE,VAARAD,INE418B01048,X,9.36,9.60,8.70,8.81,9.36,259,2361.00,12
BSE,VADILALIND,INE694D01016,B,7242.00,7382.30,7242.00,7293.90,7346.45,365,2664369.00,89
BSE,VADILENT,INE693D01018,X,10000.00,10000.00,9950.00,9950.00,10020.00,34,338410.00,11
BSE,VAHH,INE0H3U01013,M,48.51,52.50,48.50,50.67,49.50,14000,701700.00,7
BSE,VAIBHAVGBL,INE884A01027,B,270.10,270.95,260.80,270.10,265.65,21266,5664467.00,653
BSE,VAICC,INE116E01018,P,2.62,2.62,2.62,2.62,2.50,200,524.00,2
BSE,VAKRANGEE,INE051B01021,B,6.10,6.14,5.96,6.05,5.96,76108,459546.00,689
BSE,VALIANT,INE760B01019,X,946.75,959.95,930.00,946.15,946.75,10569,10008224.00,424
BSE,VALIANTLAB,INE0JWS01017,T,62.00,63.86,60.00,63.86,62.00,3641,222661.00,13
BSE,VALIANTORG,INE565V01010,T,280.00,292.90,280.00,290.00,282.65,1689,487655.00,37
BSE,VALINDIA,INE130701019,M,17.67,18.00,17.67,18.00,18.35,3600,64404.00,3
BSE,VALLABHSQ,INE457E01016,X,8.03,8.10,8.03,8.10,8.03,102,819.00,5
BSE,VALSONQ,INE808A01018,X,37.81,37.81,34.13,34.13,35.18,3,108.00,3
BSE,VAMA,INE685D01022,X,3.83,3.85,3.74,3.85,3.75,15019,57421.00,40
BSE,VAML,INE1CDF01017,B,460.00,469.95,456.00,467.20,460.00,893025,415753186.00,20236
BSE,VAMSHIRU,INE380C01014,X,42.08,44.65,38.41,40.55,42.01,8034,331151.00,190
BSE,VANDAN,INE0RDJ01019,M,23.50,23.50,23.50,23.50,23.83,1200,28200.00,1
BSE,VANDU,INE0RH001011,M,54.27,56.00,54.27,56.00,55.94,82000,4575860.00,12
BSE,VANICOM,INE661Q01017,X,7.79,7.85,7.19,7.82,7.79,7124,55439.00,13
BSE,VAPIENTER,INE464D01014,X,147.50,163.00,147.50,163.00,155.25,3396,527274.00,29
BSE,VARDMNPOLY,INE835A01029,B,6.09,6.17,5.95,6.09,6.15,13679,83335.00,43
BSE,VARIMAN,INE717F01028,XT,3.95,4.14,3.86,4.14,3.95,216157,893325.00,60
BSE,VARROC,INE665L01035,A,684.80,687.15,673.45,679.25,685.95,4842,3296373.00,393
BSE,VARYAA,INE0R6801013,M,28.00,28.00,27.42,27.42,27.33,2000,55420.00,2
BSE,VASCONEQ,INE893I01013,T,33.65,33.70,33.10,33.43,33.26,8840,295840.00,71
BSE,VASINFRA,INE192C01013,XT,9.35,9.35,8.48,9.10,8.92,5258,47080.00,15
BSE,VASUPRADA,INE574G01013,X,100.09,104.99,100.09,104.44,100.06,158,15833.00,7
BSE,VASWANI,INE590L01019,B,52.30,52.76,51.33,51.96,52.30,5216,272750.00,31
BSE,VBDESAI,INE848D01018,X,20.00,20.00,20.00,20.00,20.00,1052,21040.00,5
BSE,VBIND,INE334E01017,X,8.04,8.77,8.04,8.74,8.36,1862,15915.00,29
BSE,VBL,INE200M01039,A,446.00,447.15,438.95,442.00,443.00,345930,152762256.00,3155
BSE,VCU,INE962O01014,XT,7.50,7.75,7.40,7.50,7.40,3086,23002.00,40
BSE,VEDAVAAG,INE359B01010,X,19.86,19.86,19.25,19.39,19.48,33085,645336.00,129
BSE,VEDL,INE205A01025,A,268.35,271.90,266.05,270.00,264.75,520867,140100775.00,6102
BSE,VEDPOWER,INE694L01019,B,35.19,36.45,34.87,35.74,35.19,1675786,59973091.00,6344
BSE,VEEDOL,INE484C01030,B,1415.05,1453.25,1410.55,1428.75,1412.75,3821,5490043.00,291
BSE,VEEFIN,INE0Q0M01015,M,300.10,304.90,294.95,299.20,300.70,12200,3642350.00,43
BSE,VEERENRGY,INE255E01030,X,12.55,12.55,12.10,12.20,12.15,7343,89748.00,72
BSE,VEERHEALTH,INE882C01035,XT,43.99,44.00,42.75,43.64,43.72,45696,2000519.00,123
BSE,VEL,INE560T01015,X,62.01,62.79,58.70,59.97,62.40,340230,20503394.00,280
BSE,VELHO,INE548D01014,X,6.99,7.00,6.43,6.68,6.71,7862,52802.00,31
BSE,VELJAN,INE232E01013,T,1699.90,1699.90,1614.95,1619.25,1699.90,976,1586868.00,53
BSE,VELLORA,INE530D01012,X,15.84,16.30,14.58,15.10,15.59,70157,1061439.00,357
BSE,VENKEYS,INE398A01010,B,1572.65,1618.00,1556.90,1595.45,1561.85,5941,9459947.00,635
BSE,VENLONENT,INE204D01022,X,3.68,3.94,3.68,3.91,3.68,5656,20965.00,10
BSE,VENMAX,INE154G01022,X,17.00,17.00,16.12,16.84,17.00,8392,138566.00,43
BSE,VENTIVE,INE781S01027,B,625.20,629.85,622.05,626.20,622.45,490,306682.00,49
BSE,VENTURA,INE810C01044,X,8.49,8.84,8.49,8.80,8.75,2029,17752.00,12
BSE,VENUSPIPES,INE0JA001018,B,1571.95,1649.90,1540.00,1636.75,1562.45,9522,15398951.00,638
BSE,VENUSREM,INE411B01019,T,1590.00,1599.00,1522.40,1542.15,1594.60,2908,4513475.00,182
BSE,VERANDA,INE0IQ001011,B,257.60,267.60,253.85,257.20,253.85,8355,2186698.00,358
BSE,VERITAS,INE379J01029,XT,174.60,177.90,171.50,177.50,174.60,1287,225134.00,30
BSE,VERTEX,INE316D01024,XT,3.26,3.37,3.10,3.16,3.26,30073,96849.00,48
BSE,VESUVIUS,INE386A01023,A,452.20,463.80,452.20,455.75,448.50,2270,1040086.00,152
BSE,VETO,INE918N01018,T,124.95,124.95,122.50,122.70,122.80,577,70832.00,4
BSE,VGCL,INE761Q01015,XT,52.70,53.00,51.50,51.50,52.70,1047,55134.00,9
BSE,VGIL,INE244W01010,T,135.00,135.00,132.00,132.15,135.00,839,111351.00,16
BSE,VGL,INE273D01027,B,62.43,64.08,61.42,61.79,62.69,2921,183114.00,94
BSE,VGUARD,INE951I01027,A,315.05,322.10,311.00,313.65,314.45,604619,192627908.00,1975
BSE,VHL,INE701A01023,B,3486.90,3486.90,3351.10,3356.30,3437.00,41,140390.00,24
BSE,VHLTD,INE048C01025,T,135.85,135.85,129.10,130.70,131.25,1498,194719.00,51
BSE,VICTMILL,INE203D01016,X,5139.00,5139.00,5075.00,5075.00,5010.00,8,40901.00,5
BSE,VIDHIING,INE632C01026,B,340.75,341.10,330.35,331.00,340.75,3570,1196276.00,172
BSE,VIDYAWIRES,INE14UN01029,B,94.92,95.68,91.49,92.22,93.13,105620,10011895.00,1274
BSE,VIJAYA,INE043W01024,A,1350.00,1392.80,1342.25,1384.15,1349.45,59782,80933542.00,523
BSE,VIJIFIN,INE159N01027,T,10.68,10.68,10.68,10.68,10.48,41694,445291.00,61
BSE,VIJSOLX,INE362D01010,XT,713.85,713.85,672.40,699.50,686.55,710,492538.00,27
BSE,VIKASECO,INE806A01020,B,1.11,1.13,1.01,1.12,1.12,839059,920371.00,365
BSE,VIKASLIFE,INE161L01027,B,1.28,1.29,1.24,1.26,1.28,1394401,1756053.00,5001
BSE,VIKASPROP,INE767B01022,Z,0.27,0.27,0.26,0.27,0.27,137518,36283.00,79
BSE,VIKASWSP,INE706A01022,Z,0.93,0.98,0.93,0.96,0.95,58558,55042.00,79
BSE,VIKRAMAR,INE0NR501012,X,71.21,76.00,68.01,71.60,71.21,3057,215417.00,65
BSE,VIKRAMSOLR,INE078V01014,A,178.85,181.80,176.55,180.00,177.80,137983,24689420.00,1487
BSE,VIKRAMTH,INE337E01010,XT,245.50,257.15,245.00,250.65,245.05,27264,6837555.00,369
BSE,VIKRAN,INE01R501028,B,73.00,73.00,72.01,72.33,72.47,37602,2722351.00,390
BSE,VIMTALABS,INE579C01029,B,629.75,646.60,616.15,641.20,619.05,31833,20091011.00,1340
BSE,VINATIORGA,INE410B01037,A,1337.95,1337.95,1316.60,1321.70,1319.95,1732,2289458.00,170
BSE,VINCOFE,INE498Q01014,B,154.25,154.40,151.05,152.80,152.20,59475,9080308.00,651
BSE,VINDHYATEL,INE707A01012,B,2450.00,2461.40,2304.60,2335.75,2382.40,14537,34791926.00,1832
BSE,VINEETLAB,INE505Y01010,T,39.40,39.40,37.65,38.75,38.11,298,11408.00,16
BSE,VINNY,INE01KI01027,B,1.07,1.09,1.06,1.08,1.06,125411,134651.00,50
BSE,VINRKLB,INE092O01028,X,26.25,26.25,25.25,25.25,25.00,1419,36841.00,6
BSE,VINTAGES,INE153C01015,X,15.31,15.32,15.31,15.31,16.00,468,7166.00,6
BSE,VINYLINDIA,INE250B01029,B,251.00,251.00,243.00,246.85,245.20,925,229420.00,58
BSE,VINYOFL,INE526H01011,X,52.02,53.75,52.02,53.37,52.12,22,1147.00,3
BSE,VIPCLOTHNG,INE450G01024,T,21.69,21.98,21.26,21.79,21.69,1001,21681.00,18
BSE,VIPIND,INE054A01027,A,309.25,310.20,300.70,301.70,310.60,7520,2301831.00,258
BSE,VIPPYSP,INE660D01017,X,167.10,177.90,167.10,170.05,167.10,1085,182549.00,10
BSE,VIPULLTD,INE946H01037,T,11.38,11.58,10.92,11.29,11.35,18637,207107.00,94
BSE,VIPULORG,INE834D01018,X,249.00,249.00,238.00,242.05,243.50,2181,525812.00,39
BSE,VIRAT,INE467D01017,X,351.00,351.00,338.50,340.80,349.50,6323,2164309.00,53
BSE,VIRATCRA,INE295C01014,X,35.66,35.99,34.00,34.78,37.00,4437,155039.00,75
BSE,VIRGOGLOB,INE400B01020,XT,3.22,3.29,3.01,3.01,3.16,18418,56491.00,77
BSE,VIRINCHI,INE539B01017,B,15.78,15.85,15.40,15.54,15.35,8470,133029.00,85
BSE,VIRTUALG,INE247C01023,X,0.44,0.44,0.42,0.44,0.44,302241,130281.00,126
BSE,VISACHROME,INE286H01012,T,37.51,38.83,37.51,38.66,38.49,210,7888.00,3
BSE,VISAGAR,INE309H01038,X,0.33,0.33,0.32,0.32,0.33,375770,120975.00,178
BSE,VISAKAIND,INE392A01021,B,87.94,87.94,86.04,86.60,86.60,9760,848166.00,116
BSE,VISHAL,INE755Q01025,B,18.06,18.69,18.01,18.22,18.06,46680,854256.00,258
BSE,VISHALBL,INE060T01024,B,49.25,50.50,48.70,50.15,49.25,1415,70851.00,45
BSE,VISHNU,INE270I01022,B,600.05,606.00,591.70,594.25,601.50,7679,4590393.00,362
BSE,VISHWARAJ,INE430N01022,B,5.01,5.67,5.01,5.50,5.29,78492,426060.00,138
BSE,VISIONCINE,INE515B01025,XT,1.16,1.24,1.16,1.20,1.19,3087,3728.00,21
BSE,VISIONCO,INE661D01015,X,2.17,2.17,2.10,2.10,2.00,7347,15861.00,13
BSE,VISL,INE1CLE01013,B,33.90,35.58,33.71,35.55,33.89,8759248,309548611.00,13018
BSE,VISTAPH,INE427C01021,X,6.57,6.70,6.33,6.65,6.57,2465,16235.00,23
BSE,VISTARAMAR,INE878P01019,X,212.05,221.35,212.05,214.35,221.80,1351,291424.00,44
BSE,VISVEN,INE762D01011,X,38.99,38.99,38.99,38.99,37.99,1,38.00,1
BSE,VIVANTA,INE299W01022,X,1.66,1.68,1.61,1.65,1.65,71287,117383.00,216
BSE,VIVANZA,INE984E01035,X,1.90,1.90,1.84,1.84,1.84,11941,22047.00,24
BSE,VIVIDHA,INE370E01029,B,0.54,0.54,0.52,0.53,0.54,42385,22132.00,49
BSE,VIVIDIND,INE737C01023,X,19.25,19.50,18.00,19.41,19.68,1368,25416.00,43
BSE,VIVIDM,INE647Z01025,B,5.97,5.97,5.00,5.06,5.84,452198,2394340.00,628
BSE,VIVIMEDLAB,INE526G01021,T,5.10,5.10,4.95,5.08,5.10,3861,19437.00,20
BSE,VIVOBIOT,INE380K01017,X,21.34,22.00,20.50,21.54,21.25,43054,916952.00,163
BSE,VIYASH,INE807F01027,A,267.05,268.90,262.10,266.45,263.85,102577,27302073.00,1581
BSE,VJLAXMIE,INE466D01019,X,37.80,40.00,37.50,39.96,37.80,5339,207486.00,27
BSE,VKAL,INE427T01025,X,0.87,0.89,0.83,0.85,0.85,474545,404471.00,265
BSE,VLEGOV,INE03HW01020,T,10.52,10.52,10.52,10.52,10.32,585,6154.00,6
BSE,VLSFINANCE,INE709A01018,B,247.65,256.80,247.65,254.15,255.25,632,162007.00,109
BSE,VMART,INE665J01013,A,777.30,784.00,772.20,776.05,777.70,2068,1606930.00,204
BSE,VMM,INE01EA01019,A,111.65,112.90,110.95,111.05,110.80,471061,52684248.00,2244
BSE,VMS,INE932K01015,X,21.29,21.74,21.05,21.16,21.28,15335,324902.00,113
BSE,VMSTMT,INE0SJA01013,T,44.90,45.00,44.25,44.31,44.00,3482,156281.00,32
BSE,VOEPL,INE0I0T01010,B,498.20,499.40,480.05,485.05,499.90,10337,5041348.00,494
BSE,VOGL,INE704J01044,B,35.20,38.40,34.72,37.69,35.25,8231205,301667707.00,16937
BSE,VOITHPAPR,INE285C01015,X,1460.05,1485.00,1446.40,1481.35,1460.30,508,747636.00,77
BSE,VOLKAI,INE820M01018,XT,100.47,105.47,98.25,105.42,100.46,28847,2998846.00,100
BSE,VOLLF,INE763D01019,X,14.62,14.63,13.90,14.63,13.94,10422,152468.00,6
BSE,VOLTAMP,INE540H01012,A,9998.70,10003.00,9764.60,9884.10,10007.30,1972,19421950.00,532
BSE,VOLTAS,INE226A01021,A,1332.50,1357.40,1310.00,1310.00,1324.35,18217,24348078.00,1593
BSE,VPAL,INE1L3801017,M,193.55,208.00,193.55,203.25,191.00,126400,25273440.00,71
BSE,VPL,INE0Q6901013,M,33.60,34.00,33.60,34.00,31.01,6000,203520.00,2
BSE,VPRPL,INE0AE001013,T,28.00,28.74,27.21,28.66,28.08,34166,962013.00,146
BSE,VRAJ,INE0S2V01010,B,122.35,123.55,121.20,122.00,122.85,1067,130561.00,94
BSE,VRFILMS,INE06LG01010,B,14.49,14.49,14.49,14.49,14.49,111,1608.00,2
BSE,VRL,INE406F01010,XT,177.40,179.00,170.00,178.15,171.60,2466,436638.00,50
BSE,VRLLOG,INE366I01010,B,277.30,282.80,270.20,280.30,271.95,163251,44836438.00,2383
BSE,VSFPROJ,INE923K01014,X,35.00,36.40,33.28,34.60,36.50,2483,85811.00,50
BSE,VSL,INE607V01028,B,10.71,10.87,10.10,10.31,10.71,126108,1323889.00,323
BSE,VSSL,INE050M01012,B,302.95,309.35,301.00,304.30,304.50,10246,3116241.00,203
BSE,VSTIND,INE710A01016,B,221.85,222.35,220.10,221.20,219.20,25088,5551008.00,562
BSE,VSTL,INE0QTF01015,B,110.25,112.20,109.45,112.10,110.25,605,67056.00,88
BSE,VSTTILLERS,INE764D01017,B,4544.20,4544.20,4409.55,4440.65,4450.40,116,517139.00,50
BSE,VTL,INE825A01020,A,588.20,603.25,588.20,598.15,587.55,18677,11106068.00,1010
BSE,VTMLTD,INE222F01029,X,62.66,63.87,59.90,60.38,62.66,102873,6278308.00,308
BSE,VVIPIL,INE0MNP01016,M,118.00,122.95,118.00,121.05,117.00,13200,1573590.00,20
BSE,VXLINSTR,INE756A01019,XT,4.04,4.04,3.66,4.00,3.85,283,1040.00,8
BSE,WAA,INE799N01012,M,44.25,44.45,44.00,44.40,45.17,7200,318800.00,8
BSE,WAAREE,INE725P01012,MT,238.80,238.80,231.45,232.05,233.00,6300,1471251.00,32
BSE,WAAREEENER,INE377N01017,A,2676.35,2694.40,2662.50,2680.00,2682.00,63010,168833241.00,5410
BSE,WAAREEINDO,INE866K01023,B,328.35,329.00,312.15,313.55,321.50,9683,3080537.00,463
BSE,WAAREERTL,INE299N01021,A,920.00,924.00,910.65,912.90,919.40,9635,8834835.00,503
BSE,WABAG,INE956G01038,A,2035.25,2035.25,1944.00,1951.90,2008.15,23955,47319142.00,1691
BSE,WAGEND,INE786K01023,X,1.20,1.20,1.17,1.17,1.21,22463,26652.00,19
BSE,WAKEFIT,INE0E7301029,B,129.45,130.50,127.00,127.95,129.85,35290,4543780.00,583
BSE,WALCHANNAG,INE711A01022,B,229.95,235.00,228.95,233.95,228.95,27236,6302041.00,404
BSE,WALCHPF,INE695D01021,X,150.00,160.00,149.00,154.25,153.30,8690,1362791.00,73
BSE,WALLFORT,INE121B01014,X,78.00,79.99,77.11,78.98,78.00,657,51351.00,20
BSE,WANBURY,INE107F01022,B,286.30,294.35,276.20,279.10,286.80,25463,7276548.00,674
BSE,WARDINMOBI,INE945P01024,X,6.79,6.90,6.75,6.85,6.79,270174,1841256.00,601
BSE,WARDWIZFBL,INE761D01021,X,9.45,9.73,9.10,9.50,9.27,771541,7376338.00,260
BSE,WARRENTEA,INE712A01012,X,47.50,49.80,47.50,49.00,48.00,3458,168288.00,29
BSE,WATERBASE,INE054C01015,X,42.31,43.19,42.31,42.77,42.90,7432,317532.00,145
BSE,WCIL,INE0CJF01024,B,90.48,91.55,90.48,90.99,90.81,6815,620083.00,142
BSE,WEALTH,INE658T01017,B,933.00,933.00,927.00,928.90,936.00,104,96668.00,13
BSE,WEBELSOLAR,INE855C01023,A,99.99,99.99,95.80,96.16,97.52,105921,10278662.00,774
BSE,WEL,INE02WG01024,B,126.00,126.00,116.55,117.65,123.10,8682,1052232.00,175
BSE,WELCORP,INE191B01025,A,1709.75,1742.75,1703.90,1736.45,1711.15,263056,457097720.00,1030
BSE,WELCURE,INE331C01025,X,0.25,0.25,0.23,0.24,0.25,6950842,1671673.00,601
BSE,WELENT,INE625G01013,A,614.60,615.00,597.55,606.05,605.15,15956,9693988.00,626
BSE,WELSPLSOL,INE731F01037,B,50.51,51.48,50.44,50.68,50.75,30918,1568011.00,202
BSE,WELSPUNLIV,INE192B01031,A,154.55,161.00,153.50,160.65,154.45,104192,16464523.00,2229
BSE,WENDT,INE274C01019,B,8200.00,8225.15,8080.60,8097.30,8229.70,257,2087424.00,107
BSE,WEPSOLN,INE434B01029,X,33.64,33.64,31.55,31.82,32.75,6711,218580.00,110
BSE,WESTLEIRES,INE266P01017,X,80.00,80.00,79.55,79.55,79.55,68,5410.00,4
BSE,WESTLIFE,INE274F01020,A,538.50,547.60,523.95,541.75,530.95,6311,3381049.00,388
BSE,WEWIN,INE082W01014,T,44.50,45.00,44.50,45.00,44.16,31,1394.00,6
BSE,WEWORK,INE085001019,B,740.00,758.65,735.30,736.75,744.95,28828,21638389.00,699
BSE,WHBRADY,INE855A01019,X,505.60,508.95,500.00,504.95,509.90,691,348254.00,21
BSE,WHEELS,INE715A01015,B,1437.35,1437.35,1402.10,1408.30,1414.65,4586,6521146.00,183
BSE,WHIRLPOOL,INE716A01013,A,832.80,835.00,816.95,820.60,824.85,24972,20642455.00,1365
BSE,WHITEORG,INE146C01019,X,3.94,3.94,3.52,3.68,3.65,16427,59942.00,91
BSE,WILLAMAGOR,INE210A01017,B,27.00,27.00,25.11,26.94,27.70,1985,52422.00,8
BSE,WILLIMFI,INE188E01017,X,7.57,7.60,7.57,7.60,7.55,6,45.00,2
BSE,WINDLAS,INE0H5O01029,B,860.95,878.00,854.80,861.65,868.45,1672,1452905.00,170
BSE,WINDMACHIN,INE052A01021,B,281.35,284.95,280.10,282.50,279.65,698,196936.00,82
BSE,WINSOMBR,INE391C01011,X,18.76,21.00,18.76,21.00,19.49,4490,87402.00,98
BSE,WINSOMTX,INE837B01031,X,95.50,103.00,94.51,102.40,95.00,44661,4461500.00,341
BSE,WIPRO,INE075A01022,A,189.00,189.20,186.80,187.00,187.00,316218,59437060.00,5466
BSE,WIREFABR,INE469D01013,X,120.50,128.60,120.50,127.85,122.50,611,76279.00,23
BSE,WOCKPHARMA,INE049B01025,A,2034.65,2066.75,2005.70,2023.85,2027.05,54306,110523340.00,3131
BSE,WONDERLA,INE066O01014,B,486.05,520.25,485.10,509.90,484.60,25070,12603777.00,858
BSE,WORKMATES,INE1I1301016,M,327.00,327.05,317.50,317.75,326.00,10200,3312540.00,17
BSE,WORTH,INE114O01020,XT,4.11,4.11,3.81,3.90,3.95,139523,549807.00,190
BSE,WORTHPERI,INE196Y01018,B,145.50,159.50,144.80,151.55,143.00,2938,438966.00,68
BSE,WOSAL,INE1MF401019,M,17.20,17.20,16.96,16.96,16.97,6000,102240.00,3
BSE,WPIL,INE765D01022,B,458.80,458.80,444.20,445.75,454.85,1917,862098.00,185
BSE,WSFX,INE549D01012,X,65.60,67.11,64.00,67.00,66.98,3157,210499.00,20
BSE,WSI,INE100D01014,B,60.20,60.81,59.82,60.46,61.12,191,11503.00,18
BSE,WSTCSTPAPR,INE976A01021,B,568.85,580.05,567.00,572.30,566.65,5286,3031295.00,361
BSE,WWALUM,INE550D01010,X,20.10,20.10,20.10,20.10,19.15,117,2351.00,1
BSE,XCHANGING,INE692G01013,B,69.55,69.55,67.30,68.20,67.57,5114,348782.00,66
BSE,XELPMOC,INE01P501012,B,83.00,83.00,80.00,81.66,83.78,292,23606.00,62
BSE,XPROINDIA,INE445C01015,B,1296.45,1317.00,1161.25,1185.40,1306.65,30872,37633541.00,1418
BSE,XTGLOBAL,INE547B01028,B,33.99,33.99,32.50,32.84,33.05,2756,91237.00,110
BSE,XTRANET,INE0NG701011,T,123.50,129.65,123.10,128.00,123.50,38773,4936494.00,536
BSE,YAANENT,INE969E01010,X,112.00,112.25,112.00,112.00,112.55,920,103057.00,14
BSE,YAASHVI,INE1T6L01010,M,73.00,73.00,72.00,72.00,73.00,8000,582400.00,2
BSE,YAJUR,INE0CNJ01010,MT,37.00,37.30,36.65,37.29,37.35,16000,593832.00,15
BSE,YAMNINV,INE457N01025,XT,0.62,0.62,0.61,0.62,0.62,253234,155873.00,242
BSE,YARNSYN,INE564C01013,X,13.48,14.49,13.48,13.79,13.33,2611,36286.00,22
BSE,YASHCHEM,INE571U01010,X,50.90,52.75,49.89,51.63,49.71,1023,52509.00,16
BSE,YASHHTEJ,INE1O6P01016,M,58.60,62.20,58.60,62.20,59.85,6000,360012.00,5
BSE,YASHHV,INE00GK01023,M,928.00,962.00,927.00,955.95,922.75,90750,85646950.00,307
BSE,YASHINNO,INE823D01011,X,33.21,35.62,32.24,35.47,33.93,193702,6595309.00,225
BSE,YASHO,INE616Z01012,B,3960.95,4475.00,3960.90,4370.85,3884.50,14309,59949176.00,1971
BSE,YASHRAJC,INE095C01018,XT,4.79,4.93,4.68,4.93,4.70,1923,9439.00,14
BSE,YATHARTH,INE0JO301016,A,831.95,849.55,831.70,845.80,834.20,18225,15357956.00,739
BSE,YATRA,INE0JR601024,B,108.00,108.20,106.50,106.90,107.40,27102,2901290.00,269
BSE,YESBANK,INE528G01035,A,23.04,23.04,22.79,22.85,22.82,2482624,56821038.00,12685
BSE,YOGI,INE290E01011,X,165.00,167.60,163.00,164.45,164.00,991,163557.00,25
BSE,YOGISUNG,INE429B01011,X,7.00,7.00,6.22,6.76,6.99,218,1465.00,16
BSE,YORKEXP,INE057Q01018,X,54.44,57.02,52.68,57.00,54.31,2603,147771.00,19
BSE,YSL,INE868X01014,X,26010.00,26900.00,26010.00,26760.00,26003.00,16,428200.00,12
BSE,YUKEN,INE384C01016,B,713.10,717.55,713.10,716.30,718.95,29,20736.00,11
BSE,YUNIKM,INE143K01019,X,7.38,7.38,6.24,6.45,6.71,838,5519.00,26
BSE,YURANUS,INE156M01017,X,113.30,119.50,113.30,117.45,113.85,3,352.00,3
BSE,YUVRAAJHPL,INE139D01020,X,7.52,7.90,7.26,7.64,7.54,7032,53216.00,36
BSE,ZAGGLE,INE07K301024,A,207.00,207.45,203.15,203.55,206.15,42292,8657269.00,720
BSE,ZAPPFRESH,INE0SUM01015,M,73.00,74.00,71.00,72.40,74.00,45600,3305304.00,32
BSE,ZBINTXPP,INE626H01019,XT,1600.05,1600.05,1600.05,1600.05,1600.00,5,8000.00,1
BSE,ZDHJERK,INE239F01015,X,24.00,24.00,24.00,24.00,23.55,250,6000.00,2
BSE,ZEAL,INE819S01025,X,11.33,11.33,11.02,11.20,11.20,43730,486934.00,180
BSE,ZEEL,INE256A01028,A,98.70,100.75,98.10,99.50,98.15,1373359,136796121.00,6209
BSE,ZEELEARN,INE565L01011,T,8.31,8.31,8.03,8.06,8.13,7398,59952.00,50
BSE,ZEEMEDIA,INE966H01019,B,7.22,7.34,7.04,7.06,7.25,400516,2872511.00,741
BSE,ZELIO,INE1B3501014,MT,725.20,725.20,725.20,725.20,740.00,16000,11603200.00,25
BSE,ZENIFIB,INE106C01013,X,53.50,53.50,51.20,51.29,53.50,2066,108124.00,16
BSE,ZENITHHE,INE812B01026,X,3.17,3.23,3.12,3.15,3.13,18902,59813.00,122
BSE,ZENITHSTL,INE318D01020,B,5.52,5.75,5.52,5.62,5.67,4176,23763.00,26
BSE,ZENLABS,INE546F01013,XT,26.50,28.37,25.82,28.35,27.17,6289,167560.00,31
BSE,ZENOTECH,INE486F01012,X,45.00,45.00,43.51,43.86,44.88,2964,130590.00,58
BSE,ZENSARTECH,INE520A01027,A,518.45,522.80,506.50,511.70,518.20,126980,64844654.00,3396
BSE,ZENTEC,INE251B01027,A,1667.80,1723.85,1655.85,1684.30,1653.70,41243,70043335.00,2298
BSE,ZFCVINDIA,INE342J01019,A,2486.00,2571.10,2441.75,2558.05,2438.30,7487,18831650.00,925
BSE,ZFSTEERING,INE116C01012,B,679.00,679.00,667.25,668.70,672.05,52,34814.00,11
BSE,ZIMLAB,INE518E01015,T,111.05,112.00,105.80,109.65,111.25,3574,386275.00,49
BSE,ZINEMA,INE641Q01019,MT,17.80,17.80,17.80,17.80,17.80,8000,142400.00,2
BSE,ZKHANDEN,INE687W01010,XT,130.45,130.45,130.45,130.45,137.30,10,1304.00,2
BSE,ZMILGFIN,INE679T01013,X,40.05,41.76,40.05,40.35,40.64,12954,526735.00,63
BSE,ZMULTIPU,INE017P01014,X,10.41,10.41,9.90,10.38,10.41,694,7219.00,10
BSE,ZODIAC,INE761Y01019,B,265.00,265.00,253.60,256.25,256.10,1365,354239.00,101
BSE,ZODIACLOTH,INE206B01013,B,75.02,76.51,75.02,76.51,77.01,14,1069.00,4
BSE,ZODIACVEN,INE945J01027,X,1.68,1.68,1.60,1.61,1.65,117688,191954.00,125
BSE,ZODJRDMKJ,INE077B01018,X,37.70,40.00,37.50,38.60,36.93,77588,3019123.00,262
BSE,ZR2,INE218N01021,X,95.04,95.06,94.00,94.72,94.81,931,88202.00,15
BSE,ZSARACOM,INE967G01019,B,12478.60,12500.00,12012.00,12399.95,12465.50,23,278565.00,18
BSE,ZSVARAJT,INE406N01014,X,7.74,8.18,7.11,8.18,7.56,3590,27746.00,16
BSE,ZUARI,INE840M01016,B,232.30,234.65,230.00,231.10,233.30,3862,897849.00,149
BSE,ZUARIIND,INE217A01012,B,263.00,265.00,259.50,264.25,258.70,569,149639.00,32
BSE,ZWELCAST,INE380G01015,X,677.75,677.75,677.75,677.75,677.75,7,4744.00,2
BSE,ZYDUSLIFE,INE010B01027,A,1125.60,1128.75,1113.90,1118.50,1116.25,13624,15259262.00,1163
BSE,ZYDUSWELL,INE768C01028,A,567.75,567.75,531.00,549.15,559.75,65616,35595779.00,2371
