exchange,symbol,isin,series,open,high,low,close,prev_close,volume,value,trades
BSE,1STCUS,INE609B01018,X,67.50,67.50,60.51,65.99,62.87,84,5410.00,12
BSE,20MICRONS,INE144J01027,B,196.65,200.95,196.65,198.00,193.75,3929,779258.00,158
BSE,21STCENMGM,INE253B01015,B,30.90,32.00,30.90,32.00,31.42,1336,42743.00,17
BSE,360ONE,INE466L01038,A,1114.95,1133.05,1104.00,1129.40,1100.65,1240342,1394786661.00,1862
BSE,3BBLACKBIO,INE994E01018,B,1176.00,1199.80,1134.55,1153.30,1171.10,2118,2458600.00,421
BSE,3BFILMS,INE0TE101010,MT,15.66,16.14,15.66,16.00,15.65,27000,431400.00,6
BSE,3IINFOLTD,INE748C01038,B,18.49,19.45,18.23,18.78,18.22,121153,2264712.00,740
BSE,3MINDIA,INE470A01017,A,35264.75,35450.00,34745.05,35357.30,34759.10,296,10434537.00,192
BSE,3PLAND,INE105C01023,B,31.40,31.63,31.40,31.42,31.41,2055,64752.00,19
BSE,5PAISA,INE618L01018,B,384.30,384.30,362.55,366.00,377.65,6321,2336676.00,267
BSE,63MOONS,INE111B01023,A,677.35,684.65,661.60,677.80,671.10,11567,7800033.00,510
BSE,7NR,INE413X01035,XT,5.70,5.79,5.50,5.53,5.57,42138,241802.00,100
BSE,7SEASL,INE454F01010,X,73.48,74.39,70.00,70.71,71.60,4075,292646.00,39
BSE,7TEC,INE856B01023,X,37.20,37.20,35.00,35.66,35.55,17477,624238.00,250
BSE,A1L,INE911Z01025,B,6.60,6.76,6.60,6.60,6.94,3582547,23655212.00,2232
BSE,A2ZINFRA,INE619I01012,B,13.31,13.90,13.31,13.57,13.58,18852,256417.00,108
BSE,AAATECH,INE0D0U01013,B,95.75,96.60,94.98,95.45,95.30,1545,147900.00,111
BSE,AADHARHFC,INE883F01010,A,535.30,540.00,523.25,533.90,531.15,24235,12827710.00,869
BSE,AADIIND,INE563D01013,X,8.90,8.90,8.75,8.75,8.90,2674,23644.00,18
BSE,AAIL,INE864E01021,X,81.95,95.00,81.25,87.23,81.14,37107,3265332.00,213
BSE,AANCHALISP,INE322R01022,XT,85.60,91.90,84.60,88.55,88.35,56669,4900414.00,291
BSE,AAREYDRUGS,INE198H01019,T,85.46,85.46,85.46,85.46,87.20,421,35978.00,5
BSE,AARNAV,INE750R01016,B,24.85,25.69,24.85,25.11,24.98,2616,65707.00,20
BSE,AARTECH,INE01C001026,T,49.90,50.01,48.07,49.49,49.77,5829,288541.00,51
BSE,AARTIDRUGS,INE767A01016,B,399.75,400.65,395.00,396.40,395.75,5155,2052651.00,235
BSE,AARTIIND,INE769A01020,A,469.50,495.60,469.50,484.15,467.65,34597,16833006.00,1161
BSE,AARTIPHARM,INE0LRU01027,A,709.50,712.95,702.85,709.00,702.05,6927,4903139.00,324
BSE,AARTISURF,INE09EO01013,B,379.90,389.00,379.75,385.60,372.05,1659,635224.00,104
BSE,AASTAFIN,INE819K01014,X,36.38,38.51,34.10,37.13,35.08,273846,10053886.00,223
BSE,AASTHA,INE2FMX01012,T,122.85,122.90,122.85,122.90,117.05,92133,11320387.00,597
BSE,AAVAS,INE216P01012,A,1515.00,1535.00,1501.65,1522.30,1505.65,6542,9891546.00,751
BSE,AAYUSH,INE430R01023,X,24.78,26.26,24.78,25.55,25.09,72757,1866315.00,465
BSE,AAYUSHBULL,INE777X01017,M,1161.00,1167.00,1159.50,1164.85,1162.20,86250,100293850.00,488
BSE,ABAN,INE421A01028,T,12.86,14.20,12.86,13.29,13.53,61719,819395.00,179
BSE,ABANSENT,INE365O01028,T,28.00,29.50,27.30,28.82,28.48,2866,81909.00,25
BSE,ABATEAS,INE454E01013,X,10.05,10.05,9.53,9.98,9.60,3906,38385.00,60
BSE,ABB,INE117A01022,A,6821.20,6910.55,6813.25,6833.55,6820.25,5129,35197425.00,1099
BSE,ABBOTINDIA,INE358A01014,A,26797.80,27365.00,26759.20,27124.95,26763.45,905,24500697.00,372
BSE,ABCAPITAL,INE674K01013,A,399.35,409.00,399.35,408.25,397.45,152348,61969308.00,3403
BSE,ABCINDQ,INE125D01011,X,65.00,66.29,64.21,65.15,65.67,827,53333.00,20
BSE,ABCOTS,INE08PH01015,B,206.45,212.90,206.45,209.70,208.10,168,35245.00,99
BSE,ABDL,INE552Z01027,A,667.05,679.20,645.65,648.55,666.75,53278,34681357.00,2316
BSE,ABFRL,INE647O01011,A,58.94,60.70,58.67,60.05,58.61,244528,14672593.00,2254
BSE,ABHICAP,INE516F01016,X,115.00,115.00,102.65,104.50,106.65,171,18263.00,13
BSE,ABHIFIN,INE723C01015,XT,55.92,55.92,50.60,51.84,53.26,129,6711.00,17
BSE,ABHIINFRA,INE281P01016,X,8.79,9.50,8.79,9.49,9.25,4402,40752.00,10
BSE,ABINFRA,INE00YB01025,B,10.49,10.52,10.22,10.26,10.28,172097,1771099.00,385
BSE,ABIRAFN,INE195I01013,Z,33.00,33.00,33.00,33.00,33.00,5,165.00,1
BSE,ABLBL,INE14LE01019,B,95.39,96.95,95.00,95.59,95.15,54950,5261863.00,444
BSE,ABMKNO,INE850B01026,B,210.00,212.00,205.10,212.00,210.00,191,40288.00,8
BSE,ABREL,INE055A01016,A,1415.00,1451.00,1404.95,1443.55,1404.75,17593,25248256.00,1262
BSE,ABRFL,INE0ZDY01011,M,50.11,52.61,50.11,52.61,50.11,6000,310164.00,5
BSE,ABSLAMC,INE404A01024,A,1151.10,1159.40,1135.35,1144.90,1135.15,9089,10399087.00,533
BSE,ABVL,INE485K01022,X,6.10,6.10,5.77,5.96,5.82,391836,2343607.00,403
BSE,ACC,INE012A01025,A,1377.80,1395.30,1373.00,1384.75,1361.15,7886,10933328.00,649
BSE,ACCEDERE,INE578B01015,XT,57.79,60.30,57.79,57.79,60.83,3178,183667.00,31
BSE,ACCEL,INE258C01038,X,12.50,12.90,12.25,12.65,12.49,4284,54344.00,50
BSE,ACCELERATE,INE0POP01017,M,108.50,108.50,108.50,108.50,99.00,640,69440.00,1
BSE,ACCELYA,INE793A01012,B,1094.00,1126.00,1094.00,1106.70,1097.75,224,248381.00,60
BSE,ACCORDTS,INE132201018,M,56.49,56.50,55.00,55.00,54.58,48000,2679150.00,16
BSE,ACCURACY,INE648Z01023,T,5.31,5.31,5.11,5.23,5.31,4644,24207.00,44
BSE,ACE,INE731H01025,A,979.75,1002.30,979.75,989.35,977.05,20300,20140890.00,1178
BSE,ACEALPHA,INE0S9X01011,M,117.10,122.25,117.00,120.50,117.05,66000,7883500.00,23
BSE,ACEMEN,INE023R01018,X,94.50,94.50,91.60,94.49,95.19,1682,155083.00,17
BSE,ACESOFT,INE849B01010,X,113.50,115.00,111.00,113.15,112.80,66317,7466405.00,257
BSE,ACGL,INE451C01013,B,2288.95,2349.90,2281.00,2332.40,2276.20,3318,7714926.00,475
BSE,ACHYUT,INE0K1401020,T,8.55,8.55,7.81,7.97,8.19,106639,866287.00,350
BSE,ACI,INE128X01021,A,528.95,535.05,525.10,526.05,523.55,6162,3261290.00,210
BSE,ACIIN,INE167B01025,X,1.33,1.44,1.28,1.38,1.33,129067,172955.00,164
BSE,ACKNIT,INE326C01017,X,295.00,314.00,295.00,306.55,292.20,1296,390122.00,21
BSE,ACL,INE666E01020,B,50.31,50.31,48.99,49.46,49.30,3295,162896.00,59
BSE,ACLD,INE0T3401029,M,152.10,155.00,151.70,154.15,151.95,15000,2297370.00,24
BSE,ACME,INE636B01011,Z,30.50,30.50,29.17,29.85,29.77,535,15803.00,11
BSE,ACMESOLAR,INE622W01025,A,369.05,379.40,368.00,376.85,367.70,97408,36288655.00,1029
BSE,ACML,INE427V01013,M,32.11,32.11,32.00,32.00,32.00,2000,64110.00,2
BSE,ACROW,INE950D01012,X,870.00,870.00,828.15,828.15,870.00,21,17434.00,4
BSE,ACSTECH,INE366C01021,B,41.35,42.50,41.10,42.04,40.63,9303,391386.00,87
BSE,ACTIVE,INE380Z01015,B,122.60,122.60,118.00,119.75,117.35,4002,474559.00,36
BSE,ACUTAAS,INE00FF01025,A,3475.50,3490.80,3371.00,3393.95,3459.35,30950,105553852.00,3076
BSE,ADANIENSOL,INE931S01010,A,1635.00,1683.15,1620.55,1654.15,1617.75,73873,122408616.00,4622
BSE,ADANIENT,INE423A01024,A,3100.05,3183.30,3100.05,3155.15,3085.30,121806,384271998.00,8557
BSE,ADANIGREEN,INE364U01010,A,1495.40,1546.00,1495.40,1536.30,1486.80,263570,403551193.00,9314
BSE,ADANIPORTS,INE742F01042,A,1799.30,1852.00,1799.30,1828.00,1799.30,54189,99412153.00,3196
BSE,ADANIPOWER,INE814H01029,A,218.70,220.60,216.85,218.40,216.30,958346,209715415.00,5950
BSE,ADARSHPL,INE627D01016,X,30.30,31.50,28.50,31.12,30.00,4774,147967.00,20
BSE,ADCINDIA,INE833A01016,XT,2270.00,2314.35,2270.00,2314.35,2269.00,669,1543865.00,42
BSE,ADCON,INE805Q01028,XT,0.52,0.54,0.52,0.54,0.53,140025,73796.00,100
BSE,ADCOUNTY,INE0W1601012,M,98.25,98.53,97.15,97.15,97.58,15200,1491216.00,19
BSE,ADDIND,INE757C01021,X,84.00,88.60,81.50,83.67,83.90,661,54704.00,26
BSE,ADFFOODS,INE982B01027,B,319.15,322.85,313.75,320.30,316.90,13088,4172122.00,237
BSE,ADHBHUTIN,INE578L01014,X,13.92,13.92,13.25,13.30,13.92,558,7423.00,6
BSE,ADINATH,INE207C01019,XT,21.06,21.06,20.80,20.85,21.06,831,17439.00,10
BSE,ADISHAKTI,INE0CWK01019,M,13.20,13.20,12.56,12.95,12.85,80000,1030000.00,8
BSE,ADITYA,INE570B01012,X,9.30,9.32,9.30,9.32,9.45,179,1667.00,9
BSE,ADITYASP,INE122D01026,X,15.50,15.90,15.01,15.65,15.98,1030,15765.00,20
BSE,ADL,INE0CHO01012,B,70.46,73.86,68.01,69.47,71.02,58,4057.00,5
BSE,ADMACH,INE0XLO01010,MT,312.95,316.35,312.95,316.35,301.30,12000,3792120.00,20
BSE,ADMANUM,INE556D01017,X,59.89,61.46,58.99,61.23,59.04,633,37920.00,14
BSE,ADON,INE1SME01017,MT,80.20,81.35,79.15,79.30,81.71,72000,5761520.00,24
BSE,ADOR,INE045A01017,B,1308.25,1329.40,1305.90,1323.75,1325.80,3016,3981834.00,397
BSE,ADROITINFO,INE737B01033,B,8.82,9.24,8.82,8.93,9.00,1296,11555.00,20
BSE,ADSL,INE102I01027,B,118.00,121.50,118.00,120.05,117.90,16923,2032993.00,348
BSE,ADTECH,INE257C01014,X,59.11,60.82,59.00,60.28,58.63,488,29069.00,20
BSE,ADVAIT,INE0ALI01010,B,2215.50,2275.00,2162.20,2208.50,2196.35,13821,30649672.00,1600
BSE,ADVANCE,INE1B0W01010,B,109.00,112.50,106.50,110.70,107.25,41617,4558012.00,429
BSE,ADVANIHOTR,INE199C01026,B,53.00,53.60,52.81,52.81,52.99,289,15302.00,27
BSE,ADVENTHTL,INE28GN01010,B,144.15,151.00,144.00,149.35,144.15,26984,4003758.00,302
BSE,ADVENZYMES,INE837H01020,B,330.80,332.50,324.80,329.70,324.40,9422,3098139.00,356
BSE,ADVIKCA,INE178T01024,X,1.30,1.30,1.27,1.28,1.29,303979,391270.00,266
BSE,ADVLIFE,INE900E01015,X,28.70,30.21,28.70,28.70,30.21,1507,43252.00,9
BSE,AEGISLOG,INE208C01025,A,1295.95,1296.00,1225.50,1252.35,1265.70,195167,247418699.00,12552
BSE,AEGISVOPAK,INE0INX01018,B,278.65,291.00,276.50,283.25,275.40,92114,26051305.00,1203
BSE,AEIM,INE072B01027,X,94.50,94.80,92.15,93.95,92.20,31419,2943794.00,362
BSE,AEL,INE829P01020,X,119.90,121.05,116.55,116.75,119.35,7247,851113.00,120
BSE,AEONXDIGI,INE994D01010,X,118.00,122.00,115.55,121.70,118.00,377,45829.00,12
BSE,AEPL,INE757T01025,B,17.12,17.12,16.52,16.68,17.11,1236,20667.00,32
BSE,AEQUS,INE947N01017,B,260.40,263.65,245.90,248.90,258.15,970151,243339459.00,11441
BSE,AEROENTER,INE065D01027,B,120.00,125.55,119.50,124.70,120.00,38996,4769898.00,438
BSE,AEROFLEX,INE024001021,B,413.10,426.30,400.85,413.45,405.05,106388,44255630.00,1868
BSE,AERONEU,INE035801013,B,91.00,92.00,88.00,89.00,89.50,2233,202403.00,122
BSE,AERPACE,INE175N01023,X,30.27,33.80,30.00,32.02,30.17,941771,30345097.00,1853
BSE,AETHER,INE0BWX01014,A,1498.95,1538.40,1473.25,1495.70,1487.65,35713,54099494.00,2511
BSE,AFCOM,INE0OXY01013,M,1399.00,1508.00,1399.00,1493.35,1378.95,191880,280561962.00,1084
BSE,AFCONS,INE101I01011,A,300.55,303.05,299.95,300.60,300.25,17338,5214031.00,497
BSE,AFEL,INE663P01015,Z,1.75,1.76,1.72,1.75,1.68,208075,365552.00,82
BSE,AFFLE,INE00WC01027,A,1466.80,1500.00,1456.35,1480.45,1466.80,93025,138450896.00,992
BSE,AFFORDABLE,INE692Z01013,T,168.90,176.85,165.60,174.75,171.45,5306,914022.00,73
BSE,AFIL,INE916Y01027,T,9.89,9.90,9.70,9.79,9.73,15456,151038.00,43
BSE,AFLTD,INE18HI01019,M,63.00,63.00,55.00,56.49,57.32,54000,3130290.00,17
BSE,AFSL,INE00ZE01026,B,201.95,202.30,201.00,202.30,201.00,1091,220563.00,45
BSE,AGARIND,INE204E01012,B,534.60,542.85,521.05,538.60,524.90,4080,2181883.00,187
BSE,AGARWAL,INE510B01018,X,20.94,20.94,20.00,20.00,19.95,527,11034.00,3
BSE,AGARWALEYE,INE943P01029,A,491.95,491.95,475.00,483.40,485.00,5469,2652579.00,333
BSE,AGI,INE415A01038,A,710.00,721.30,705.05,712.80,710.25,6444,4592278.00,358
BSE,AGIIL,INE976R01033,B,335.35,352.60,329.05,345.25,334.20,162156,55650184.00,1452
BSE,AGL,INE1YPB01014,T,15.80,16.15,15.46,15.46,16.27,1554472,24394244.00,2833
BSE,AGOL,INE05FR01029,B,4.07,4.07,3.97,4.00,4.00,265890,1065941.00,523
BSE,AGRIBIO,INE679E01015,X,322.35,324.50,312.00,321.95,308.50,37675,12059177.00,170
BSE,AGVENTURES,INE321D01016,X,114.85,118.20,114.00,116.35,114.85,1889,219125.00,60
BSE,AHASOLAR,INE0NEV01011,M,79.00,81.00,77.10,79.00,77.10,2400,190840.00,6
BSE,AHCL,INE0Y8W01025,B,15.75,15.76,15.50,15.60,15.44,80740,1256654.00,161
BSE,AHLEAST,INE926K01017,B,142.35,146.15,139.50,141.00,139.15,699,98416.00,39
BSE,AHLUCONT,INE758C01029,B,849.60,849.60,833.85,843.00,835.95,6165,5179259.00,256
BSE,AHMDSTE,INE868C01018,XT,214.10,214.10,214.10,214.10,225.35,349,74720.00,20
BSE,AIAENG,INE212H01026,A,4664.95,4757.95,4651.65,4675.75,4687.75,56944,267549180.00,853
BSE,AICHAMP,INE768E01024,XT,35.00,35.70,34.00,35.03,35.30,930,32495.00,16
BSE,AIHL,INE342U01016,X,27.11,28.64,27.10,28.60,28.50,3288,89844.00,9
BSE,AIIL,INE206F01022,A,515.80,515.95,509.90,513.75,506.60,1825,937607.00,69
BSE,AIKPIPES,INE0QFT01015,MT,21.62,21.62,20.77,20.77,21.62,1600,33912.00,2
BSE,AIMCOPEST,INE008B01013,X,51.52,53.77,49.90,52.81,51.52,554,28796.00,27
BSE,AIML,INE123D01024,XT,2.09,2.09,2.09,2.09,2.19,71822,150107.00,141
BSE,AIRAN,INE645W01026,B,15.37,16.20,15.37,15.71,15.64,12106,192288.00,45
BSE,AIRFLOA,INE0XBS01012,M,293.45,306.90,293.45,304.05,295.10,61000,18187575.00,115
BSE,AJANTPHARM,INE031B01049,A,3310.95,3364.90,3291.35,3351.20,3305.20,1377,4593554.00,299
BSE,AJANTSOY,INE601B01023,X,22.10,22.85,21.85,22.20,22.18,44826,990757.00,142
BSE,AJAXENGG,INE274Y01021,B,559.00,559.00,531.50,544.70,532.75,4081,2208685.00,258
BSE,AJCJEWEL,INE0XRR01010,M,91.00,91.00,87.00,87.52,91.10,12000,1065060.00,10
BSE,AJCON,INE759C01027,X,6.20,6.20,5.93,5.97,5.99,3832,22885.00,26
BSE,AJMERA,INE298G01035,B,130.95,135.70,130.00,134.55,129.70,31118,4166622.00,500
BSE,AJWAFUN,INE863E01015,P,45.00,45.00,45.00,45.00,45.00,100,4500.00,1
BSE,AKCAPIT,INE701G01012,B,1787.90,1788.00,1783.80,1788.00,1778.65,352,628727.00,13
BSE,AKI,INE642Z01026,B,4.50,4.79,4.50,4.71,4.72,4434,20776.00,30
BSE,AKSHAR,INE256Z01025,B,0.43,0.45,0.43,0.43,0.44,167381,72468.00,91
BSE,AKSHARCHEM,INE542B01011,T,226.00,235.45,215.25,235.45,224.25,215,47583.00,6
BSE,AKSHOPTFBR,INE523B01011,T,6.26,6.26,6.26,6.26,6.38,75447,472298.00,39
BSE,AKUMS,INE09XN01023,B,661.45,707.00,657.65,701.65,658.00,37691,26035894.00,1722
BSE,ALANKIT,INE914E01040,B,8.25,8.25,8.02,8.06,8.07,9726,78417.00,36
BSE,ALANSCOTT,INE273F01022,XT,315.90,325.00,315.90,321.00,332.50,3228,1039957.00,42
BSE,ALBERTDAVD,INE155C01010,B,699.95,709.65,690.10,694.00,694.00,78,54865.00,13
BSE,ALEMBICLTD,INE426A01027,B,89.93,90.40,89.33,89.99,88.92,12761,1146962.00,203
BSE,ALEXANDER,INE191N01012,X,8.18,8.18,7.70,7.70,8.10,3309,26559.00,9
BSE,ALFATRAN,INE209C01015,XT,39.00,39.00,38.26,39.00,39.00,3829,148919.00,33
BSE,ALFAVIO,INE883B01027,X,10.33,10.35,9.82,9.83,10.32,59339,592376.00,108
BSE,ALFL,INE211D01027,X,1.05,1.10,1.05,1.09,1.05,20908,22488.00,16
BSE,ALFREDHE,INE782D01027,X,2854.50,2854.50,2725.00,2787.55,2791.25,48,134299.00,22
BSE,ALGOQUANT,INE598D01035,B,58.00,59.30,58.00,58.99,57.49,307655,18072559.00,878
BSE,ALICON,INE062D01024,B,630.95,639.60,627.15,633.95,627.75,818,517519.00,75
BSE,ALIVUS,INE03Q201024,A,1152.70,1164.00,1150.50,1160.45,1142.45,2144,2481398.00,215
BSE,ALKALI,INE773I01017,T,86.09,86.10,82.00,82.00,86.09,670,56538.00,15
BSE,ALKEM,INE540L01014,A,5648.20,5723.55,5636.45,5669.70,5647.95,12833,72626237.00,511
BSE,ALKOSIGN,INE0KA601012,M,60.00,66.00,60.00,66.00,65.83,27000,1758757.00,6
BSE,ALKYLAMINE,INE150B01039,A,1962.50,2005.60,1937.50,1959.40,1955.85,10636,21035162.00,1061
BSE,ALLCARGO,INE418H01029,B,7.97,8.03,7.90,7.98,7.85,295482,2359204.00,413
BSE,ALLDIGI,INE835G01018,B,850.00,850.00,805.65,806.70,793.10,285,234783.00,70
BSE,ALLTIME,INE0GV601021,B,237.15,240.25,234.10,235.95,235.00,5632,1335693.00,167
BSE,ALMONDZ,INE326B01035,B,13.48,13.48,13.08,13.14,13.48,4396,57696.00,37
BSE,ALOKINDS,INE270A01029,A,12.55,12.72,12.55,12.58,12.48,245669,3098298.00,979
BSE,ALPA,INE385I01010,B,67.05,68.80,67.05,68.78,68.30,177,12057.00,9
BSE,ALPHAGEO,INE137C01018,B,195.05,200.95,195.05,195.75,197.00,599,119177.00,55
BSE,ALPHALOGIC,INE08E401029,T,42.96,42.96,41.73,42.67,41.73,9885,419870.00,62
BSE,ALPINEHOU,INE840D01015,X,102.99,102.99,95.31,101.07,100.79,5398,532645.00,35
BSE,ALSL,INE030P01017,B,67.41,67.99,65.20,66.02,66.83,2807,186773.00,49
BSE,ALTIUSINVIT,INE0BWS23018,IF,168.50,169.39,168.50,169.39,168.28,100000,16916750.00,2
BSE,ALUFLUOR,INE058F01019,X,457.30,463.70,451.15,453.30,456.20,6530,2978861.00,267
BSE,AMAGI,INE121R01077,B,587.50,599.00,573.05,581.10,575.90,15667,9136539.00,749
BSE,AMAL,INE841D01013,X,604.00,625.00,594.35,614.75,594.35,8508,5229757.00,322
BSE,AMALGAM,INE492N01022,XT,89.76,89.76,89.76,89.76,88.00,1,89.00,1
BSE,AMANTA,INE084K01015,T,180.00,180.00,180.00,180.00,183.65,1511,271980.00,27
BSE,AMARJOTHI,INE484D01012,X,159.90,167.80,159.90,165.90,158.50,8917,1467403.00,82
BSE,AMARSEC,INE745P01010,X,13.87,13.88,13.00,13.00,13.65,5764,75572.00,5
BSE,AMBALALSA,INE432A01017,B,31.72,31.73,30.00,30.82,31.10,61967,1914765.00,494
BSE,AMBARPIL,INE072V01017,X,204.00,204.00,190.00,195.50,204.00,811,158138.00,34
BSE,AMBER,INE371P01015,A,7643.00,7831.00,7620.85,7780.80,7593.45,11953,92615603.00,2050
BSE,AMBICAAGAR,INE792B01012,B,24.58,24.58,24.39,24.50,24.57,112,2744.00,5
BSE,AMBIKCO,INE540G01014,B,1755.50,1795.65,1738.00,1747.95,1762.70,683,1201730.00,95
BSE,AMBIT,INE267C01013,X,9.29,9.29,9.29,9.29,9.35,216,2006.00,6
BSE,AMBOAGRI,INE0N6V01016,M,10.66,10.75,10.66,10.75,10.56,2000,21410.00,2
BSE,AMBUJACEM,INE079A01024,A,431.05,440.95,431.05,436.25,428.65,158352,69168775.00,3592
BSE,AMCOIND,INE924B01011,X,63.00,63.00,63.00,63.00,62.00,3,189.00,2
BSE,AMDIND,INE005I01014,B,46.60,46.60,45.21,45.21,45.52,1246,57015.00,25
BSE,AMEENJI,INE14QA01016,M,133.60,133.60,133.60,133.60,139.05,1200,160320.00,1
BSE,AMERISE,INE673C01020,X,0.80,0.84,0.80,0.84,0.80,36730,30573.00,34
BSE,AMFORG,INE991A01020,X,7.19,7.19,6.84,7.19,7.10,822,5873.00,14
BSE,AMIC,INE0P9J01013,M,1800.00,1844.95,1794.10,1821.15,1771.20,73700,134225725.00,448
BSE,AMINTAN,INE572Z01017,XT,1.63,1.68,1.53,1.56,1.60,31857,50119.00,56
BSE,AMIRCHAND,INE05TO01019,B,174.40,181.15,174.40,177.35,172.55,50194,9011891.00,800
BSE,AMITSEC,INE137E01014,X,50.60,50.60,45.79,50.00,48.20,36,1659.00,8
BSE,AMJLAND,INE606A01024,B,38.90,38.90,37.70,38.00,37.77,309,11690.00,20
BSE,AMKAY,INE0QSB01016,M,50.00,50.00,48.52,48.52,47.30,8000,391120.00,2
BSE,AMNPLST,INE275D01022,B,204.80,204.80,200.00,200.00,204.30,807,161756.00,45
BSE,AMPVOLTS,INE989J01017,XT,27.30,27.99,27.00,27.05,27.85,11508,313673.00,104
BSE,AMRAAGRI,INE735C01027,X,0.51,0.55,0.51,0.54,0.50,30861,15967.00,47
BSE,AMRAPLIN,INE762C01021,XT,35.30,35.32,34.55,35.32,33.64,24600,867467.00,85
BSE,AMRUTANJAN,INE098F01031,B,539.25,558.15,539.25,540.85,535.25,2739,1497311.00,237
BSE,AMS,INE345U01019,XT,42.70,42.70,42.65,42.70,40.70,655,27950.00,5
BSE,AMTL,INE436N01029,X,18.78,19.44,18.75,19.00,18.76,1054,19782.00,16
BSE,AMWILL,INE0U2L01017,M,42.70,42.70,40.50,40.85,42.67,15600,645024.00,13
BSE,ANANDRATHI,INE463V01026,A,2133.45,2215.35,2063.00,2150.35,2098.75,138567,297014095.00,8662
BSE,ANANTAM,INE1UA823019,IF,104.42,104.55,104.00,104.34,104.00,226,23507.00,17
BSE,ANANTRAJ,INE242C01024,A,576.70,589.00,570.10,586.10,569.35,266930,155716603.00,5508
BSE,ANDHRAPAP,INE435A01051,B,61.28,62.59,61.08,62.49,60.59,3085,190703.00,132
BSE,ANDHRAPET,INE714B01016,X,49.88,50.69,47.26,49.17,48.89,137106,6743698.00,1030
BSE,ANDHRSUGAR,INE715B01021,B,85.85,86.25,84.46,85.10,84.64,20520,1751795.00,225
BSE,ANDREWYU,INE449C01025,B,24.79,25.44,24.79,25.11,24.53,101809,2554197.00,564
BSE,ANG,INE236W01016,T,34.84,35.09,33.25,33.65,34.84,974,33005.00,28
BSE,ANGELONE,INE732I01021,A,344.05,349.45,342.70,346.10,341.00,171756,59504386.00,2155
BSE,ANIKINDS,INE087B01017,T,46.20,46.20,44.82,45.21,46.00,389,17607.00,5
BSE,ANIRIT,INE161F01011,XT,43.70,43.70,41.52,41.52,43.70,2882,119772.00,20
BSE,ANJANI,INE364D01032,X,23.18,23.29,22.50,23.06,23.18,240,5532.00,20
BSE,ANJANIFIN,INE283D01018,X,7.88,8.25,7.88,8.25,7.89,386,3091.00,8
BSE,ANJANIFOODS,INE096I01021,X,16.47,17.99,16.47,17.98,16.04,10668,184980.00,57
BSE,ANKIN,INE067C01025,X,21.28,21.73,20.30,20.96,20.86,9063,190179.00,25
BSE,ANKITMETAL,INE106I01010,Z,1.46,1.53,1.46,1.47,1.53,10650,15612.00,21
BSE,ANMOL,INE02AR01019,B,11.01,11.13,10.82,10.87,10.89,2413,26488.00,19
BSE,ANNAINFRA,INE336D01014,X,34.30,34.30,33.80,33.80,32.74,38,1285.00,4
BSE,ANSALBU,INE030C01015,X,78.00,78.61,74.51,75.08,77.95,7027,537410.00,103
BSE,ANSALHSG,INE880B01015,X,6.20,6.20,5.61,5.95,5.93,32551,194741.00,146
BSE,ANSINDUS,INE234J01018,X,11.17,11.17,10.41,10.41,10.95,3,32.00,3
BSE,ANTARIKSH,INE825M01017,XT,9.77,9.77,9.77,9.77,9.31,3630,35465.00,1
BSE,ANTELOPUS,INE818A01017,B,795.00,824.25,790.75,817.25,795.20,5918,4780737.00,396
BSE,ANTHEM,INE0CZ201020,B,752.65,759.55,749.40,754.80,751.30,8286,6255194.00,807
BSE,ANUBHAV,INE1O7201010,MT,54.51,54.51,51.79,51.81,54.51,25600,1338096.00,16
BSE,ANUHPHR,INE489G01022,B,77.55,80.77,77.55,78.73,79.13,2917,230613.00,83
BSE,ANUP,INE294Z01018,A,2157.45,2181.50,2151.95,2165.85,2157.40,1156,2501326.00,215
BSE,ANUPAM,INE069B01023,X,1.80,1.87,1.80,1.85,1.87,252194,462453.00,251
BSE,ANURAS,INE930P01018,A,1269.00,1281.05,1265.45,1267.55,1265.65,1491,1894621.00,124
BSE,ANUROOP,INE490Z01012,B,13.89,13.89,12.41,12.50,12.94,4414,55877.00,63
BSE,ANVRDHI,INE075K01013,X,9.81,9.91,9.60,9.79,9.81,8224,79848.00,68
BSE,APARINDS,INE372A01015,A,14165.00,14264.15,13899.50,14086.80,14055.80,4465,62764353.00,728
BSE,APCL,INE071F01012,B,105.75,105.75,105.75,105.75,103.40,50,5287.00,1
BSE,APCOTEXIND,INE116A01032,B,512.00,514.25,502.00,506.70,505.65,14982,7625287.00,237
BSE,APEX,INE346W01013,B,393.00,395.80,388.20,390.35,388.20,4320,1690282.00,160
BSE,APIS,INE070K01014,B,54.10,56.39,54.10,55.99,55.89,6194,343914.00,169
BSE,APL,INE0SJX01015,M,75.00,76.90,75.00,76.50,75.50,6000,457300.00,6
BSE,APLAB,INE273A01015,XT,93.99,96.58,92.07,92.31,93.99,184,17255.00,12
BSE,APLAPOLLO,INE702C01027,A,1797.15,1842.80,1797.15,1835.15,1785.90,179391,326893083.00,1842
BSE,APLLTD,INE901L01018,A,824.95,839.00,816.60,837.40,816.40,5505,4571790.00,534
BSE,APMIN,INE170D01025,X,49.00,51.35,47.15,51.00,49.00,3290,162833.00,27
BSE,APOLLO,INE713T01028,A,413.00,417.90,403.75,408.85,398.60,1495990,612836712.00,15209
BSE,APOLLOFI,INE412D01013,X,359.00,380.00,350.00,369.70,350.00,394,143983.00,32
BSE,APOLLOHOSP,INE437A01024,A,8899.70,8899.70,8774.90,8841.55,8842.95,25232,221740015.00,889
BSE,APOLLOIN,INE314N01028,XT,102.37,102.37,102.37,102.37,100.37,105,10748.00,4
BSE,APOLLOPIPE,INE126J01016,B,486.90,523.95,486.90,510.90,486.90,30594,15669956.00,905
BSE,APOLLOTYRE,INE438A01022,A,445.55,445.65,438.85,440.20,439.35,20799,9192465.00,595
BSE,APOORVA,INE217S01014,X,34.74,34.74,34.50,34.50,34.74,10,347.00,2
BSE,APPL,INE15XJ01010,MT,215.50,224.00,215.50,224.00,219.75,9600,2106400.00,21
BSE,APTECHT,INE266F01018,T,98.10,102.00,98.10,101.00,100.55,5623,562438.00,80
BSE,APTPACK,INE046E01025,XT,77.00,77.33,69.97,75.29,73.65,1668,125305.00,28
BSE,APTUS,INE852O01025,A,283.70,284.90,282.05,283.75,279.05,13474,3822719.00,266
BSE,AQYLON,INE416A01051,B,39.00,40.25,38.77,39.29,38.34,43267,1724433.00,180
BSE,ARAVALIS,INE068C01015,X,3.70,3.70,3.70,3.70,3.70,241,891.00,6
BSE,ARCFIN,INE202R01026,X,0.51,0.52,0.51,0.51,0.51,748669,385134.00,521
BSE,ARCHIDPLY,INE877I01016,B,83.50,83.50,80.68,81.25,80.97,1008,81976.00,27
BSE,ARCHIES,INE731A01020,B,13.77,14.35,13.51,13.90,13.77,2502,34855.00,30
BSE,ARCHITORG,INE078I01011,XT,55.24,57.50,55.24,56.90,56.42,8841,497206.00,54
BSE,ARCL,INE372M01010,X,180.00,185.00,174.10,180.00,182.50,55,9850.00,11
BSE,ARE&M,INE885A01032,A,882.30,896.90,867.90,887.70,869.45,94631,83570783.00,2744
BSE,ARENTERP,INE610C01014,B,40.76,40.76,34.00,34.00,34.00,2,74.00,2
BSE,ARFIN,INE784R01023,B,88.90,91.94,88.00,90.31,88.90,47581,4266996.00,458
BSE,ARIES,INE298I01015,B,345.05,348.00,342.30,344.35,344.00,421,145168.00,34
BSE,ARIGATO,INE021N01011,XT,44.30,48.90,44.30,48.90,46.58,116,5219.00,7
BSE,ARIHANT,INE413D01011,B,773.05,835.00,773.00,808.70,789.40,164,131575.00,57
BSE,ARIHANTCAP,INE420B01036,B,75.11,76.30,74.07,74.41,74.80,7234,544331.00,192
BSE,ARIHANTSUP,INE643K01018,B,257.50,262.05,257.50,261.80,262.75,23,6012.00,13
BSE,ARIS,INE0H9P01028,B,109.60,111.75,108.90,109.25,109.90,9552,1049651.00,171
BSE,ARISE,INE190D01015,X,19.74,19.74,18.80,19.49,18.95,1174,22433.00,12
BSE,ARITAS,INE1D8001016,MT,12.70,12.99,12.70,12.99,12.57,12000,153810.00,4
BSE,ARKADE,INE0QRL01017,B,134.15,134.15,129.40,132.15,131.85,26912,3552999.00,2961
BSE,ARL,INE02GA01012,B,56.25,56.25,54.04,56.05,55.14,15807,880665.00,179
BSE,ARMAN,INE510P01018,X,109.50,109.60,108.00,108.05,110.00,11496,1247042.00,61
BSE,ARMANFIN,INE109C01017,B,1721.20,1865.00,1721.20,1807.50,1729.80,6609,11996635.00,720
BSE,ARNOLD,INE185K01036,X,12.20,13.19,12.20,12.31,12.61,3178,39360.00,39
BSE,AROGRANITE,INE210C01013,B,25.80,25.84,25.06,25.84,25.04,503,12975.00,3
BSE,ARROWGREEN,INE570D01018,T,714.85,719.65,667.10,697.10,685.40,1030,718291.00,48
BSE,ARSHIYA,INE968D01022,Z,1.05,1.06,1.03,1.06,1.05,50261,52558.00,11
BSE,ARSSBL,INE549H01021,B,580.00,585.00,565.70,570.05,572.60,16279,9324453.00,498
BSE,ARTEFACT,INE885B01014,X,53.73,57.30,53.73,55.19,54.21,5016,280913.00,41
BSE,ARTEMISMED,INE025R01021,B,269.85,279.00,268.85,277.20,268.00,12591,3473949.00,402
BSE,ARTSON,INE133D01023,XT,159.00,162.90,152.55,158.10,156.05,1654,260433.00,27
BSE,ARUNAHTEL,INE957C01019,X,7.64,7.64,7.28,7.59,7.49,2587,19484.00,31
BSE,ARVIND,INE034A01011,A,542.65,542.65,525.00,526.10,532.15,17769,9440993.00,763
BSE,ARVINDFASN,INE955V01021,A,467.95,477.00,465.50,466.40,466.10,6025,2849209.00,225
BSE,ARVSMART,INE034S01021,B,615.00,617.00,609.75,613.75,610.05,1020,626658.00,51
BSE,ARYACAPM,INE229R01011,B,400.15,413.85,400.00,407.65,424.00,10,4044.00,8
BSE,ARYAMAN,INE032E01017,X,590.00,590.00,581.00,588.90,596.50,302,176894.00,19
BSE,ARYAN,INE016X01010,X,19.20,19.50,19.19,19.19,19.19,167,3238.00,4
BSE,ARYAVAN,INE360S01012,X,54.00,54.00,51.50,51.79,52.21,8169,425329.00,26
BSE,ASAHIINDIA,INE439A01020,A,903.55,926.05,896.90,915.10,890.40,10824,9871173.00,514
BSE,ASAHISONG,INE228I01012,B,280.00,280.80,270.00,274.20,275.90,1058,291242.00,57
BSE,ASAL,INE900C01027,B,517.00,533.00,517.00,522.95,507.40,4245,2235542.00,355
BSE,ASALCBR,INE073G01016,B,835.45,842.60,823.00,827.55,818.15,1831,1518622.00,237
BSE,ASARFI,INE0DN001027,M,213.80,219.45,213.20,216.50,216.70,15000,3256950.00,15
BSE,ASGARD,INE767M01029,X,32.99,32.99,32.00,32.46,32.27,19442,631194.00,118
BSE,ASHAI,INE709D01012,XT,10.44,10.96,9.92,10.41,10.44,106,1103.00,7
BSE,ASHAPURMIN,INE348A01023,A,647.60,656.55,643.50,646.70,636.95,10824,7021961.00,282
BSE,ASHCAP,INE894A01026,X,2.75,2.79,2.71,2.74,2.74,37149,102426.00,216
BSE,ASHIANA,INE365D01021,B,375.20,384.95,371.30,375.75,374.85,2686,1017618.00,156
BSE,ASHIKA,INE094B01013,B,403.95,403.95,397.30,399.25,396.00,57072,22768350.00,406
BSE,ASHIMASYN,INE440A01010,B,14.70,15.20,14.70,15.13,14.89,10406,157195.00,28
BSE,ASHISHPO,INE831C01016,X,27.20,33.00,27.20,29.13,29.88,4583,131548.00,42
BSE,ASHNI,INE694W01024,X,3.70,3.71,3.70,3.71,3.54,10651458,39498488.00,3410
BSE,ASHNOOR,INE372I01018,X,39.10,40.06,37.60,38.03,39.85,1209,46094.00,16
BSE,ASHOKA,INE442H01029,A,127.95,133.00,127.85,131.25,127.00,64498,8443431.00,618
BSE,ASHOKAMET,INE760Y01011,B,14.70,14.98,14.25,14.79,14.70,4830,69317.00,32
BSE,ASHOKLEY,INE208A01029,A,157.00,157.75,155.80,157.55,155.25,710893,111508468.00,9023
BSE,ASHRAM,INE293C01019,X,5.50,5.50,5.50,5.50,5.50,1,5.00,1
BSE,ASHSI,INE338C01012,X,21.30,21.80,21.00,21.51,21.29,417,8906.00,15
BSE,ASHUTPM,INE723K01018,X,6.20,6.20,6.20,6.20,6.20,2292,14210.00,2
BSE,ASIACAP,INE131Q01011,XT,87.64,87.64,87.64,87.64,83.47,651,57053.00,5
BSE,ASIAN,INE04Z101016,X,34.88,34.88,33.96,34.49,34.28,312,10687.00,11
BSE,ASIANENE,INE276G01015,B,329.50,340.00,329.50,333.40,331.15,14663,4895228.00,1547
BSE,ASIANHOTNR,INE363A01022,B,322.70,323.50,314.65,315.75,320.75,201,64702.00,20
BSE,ASIANPAINT,INE021A01026,A,2699.95,2728.05,2672.15,2677.80,2672.50,25162,67721979.00,2902
BSE,ASIANTILES,INE022I01019,B,48.14,49.37,47.90,48.94,48.17,39310,1905738.00,383
BSE,ASIANTNE,INE822B01017,X,8.71,8.88,8.54,8.79,8.53,12415,108298.00,68
BSE,ASIAPAK,INE784M01016,X,53.00,53.00,53.00,53.00,50.71,1,53.00,1
BSE,ASIIL,INE443A01030,X,23.52,24.43,23.52,24.09,23.99,6281,151161.00,48
BSE,ASINPET,INE810M01019,X,9.35,9.80,9.33,9.47,9.74,5193,49510.00,34
BSE,ASITCFIN,INE041B01014,X,115.00,119.00,115.00,119.00,121.00,80,9320.00,3
BSE,ASKAUTOLTD,INE491J01022,B,489.95,496.00,470.65,472.00,480.30,13858,6636214.00,697
BSE,ASMS,INE855F01042,T,7.01,7.19,6.93,7.04,7.09,56692,399677.00,134
BSE,ASMTEC,INE867C01010,B,4180.75,4270.00,4155.80,4205.45,4119.75,22945,96397895.00,2223
BSE,ASPIRA,INE500C01017,XT,107.25,107.25,99.85,99.85,105.10,2906,297490.00,36
BSE,ASRL,INE01B501018,X,7.00,7.00,6.80,6.91,6.88,9224,63896.00,88
BSE,ASTALLTD,INE307N01014,X,83.00,84.49,80.56,82.22,82.15,14670,1215815.00,131
BSE,ASTEC,INE563J01010,B,687.35,703.20,685.60,686.15,687.25,1246,860007.00,97
BSE,ASTERDM,INE914M01019,A,809.15,812.35,800.90,808.35,806.85,17090,13800030.00,661
BSE,ASTONEALAB,INE0TG901011,MT,282.55,282.55,282.55,282.55,277.05,7000,1977850.00,2
BSE,ASTRAL,INE006I01046,A,1321.05,1338.30,1312.60,1333.65,1318.25,34123,45236092.00,3299
BSE,ASTRAMICRO,INE386C01029,A,1849.50,1849.50,1783.55,1803.80,1831.10,38402,69207493.00,1602
BSE,ASTRAZEN,INE203A01020,A,8115.00,8131.95,7945.00,8123.85,8111.35,185,1498097.00,86
BSE,ASTRON,INE646X01014,T,3.74,3.95,3.70,3.81,3.82,1463,5546.00,19
BSE,ASTRONMULT,INE0RUY01012,MT,16.01,17.34,16.01,17.32,16.53,10000,170660.00,5
BSE,ATALREAL,INE0ALR01029,B,29.39,30.50,27.21,29.90,28.62,408026,11743112.00,671
BSE,ATAM,INE09KD01013,B,68.50,68.50,68.00,68.24,68.25,143,9765.00,10
BSE,ATENPAPERS,INE0XCV01014,MT,24.25,24.25,23.01,23.01,23.94,4800,114912.00,4
BSE,ATGL,INE399L01023,A,707.00,749.95,704.50,724.05,700.95,521222,382913003.00,11004
BSE,ATHARVA,INE226801012,MT,83.86,83.86,81.00,83.86,79.87,248000,20735580.00,105
BSE,ATHARVENT,INE354E01031,X,3.80,3.80,3.51,3.53,3.89,3650,13128.00,17
BSE,ATHCON,INE291R01011,M,3.11,3.21,3.11,3.21,3.34,5000,15800.00,2
BSE,ATHENAGLO,INE576B01019,XT,60.36,62.35,57.00,61.94,59.39,2628,156413.00,17
BSE,ATHERENERG,INE0LEZ01016,B,1225.00,1229.90,1195.85,1224.25,1218.80,235770,286350987.00,8370
BSE,ATIL,INE0X4A01013,M,84.00,84.35,81.70,82.35,81.34,24000,1995850.00,9
BSE,ATISHAY,INE011R01013,X,203.95,205.00,199.00,200.90,198.45,3993,806643.00,49
BSE,ATL,INE0NN701020,B,23.30,23.95,22.83,23.19,23.79,44515,1035941.00,203
BSE,ATLANTAA,INE285H01022,B,38.11,39.32,38.11,39.00,38.90,3819,148467.00,124
BSE,ATLANTAELE,INE0Z4F01028,B,1697.95,1719.20,1685.00,1695.70,1661.90,2554,4340195.00,434
BSE,ATLASCYCLE,INE446A01025,B,99.00,99.51,97.00,98.13,98.07,313,30895.00,12
BSE,ATUL,INE100A01010,A,6234.00,6325.00,6170.75,6237.25,6184.10,2352,14677749.00,625
BSE,ATULAUTO,INE951D01028,B,496.80,496.80,489.60,490.90,490.90,6586,3236099.00,218
BSE,ATVOENT,INE219M01021,XT,31.34,31.34,31.34,31.34,30.73,19321,605520.00,22
BSE,ATVPR,INE447A01015,X,26.00,27.20,25.40,25.69,25.81,24141,623978.00,202
BSE,AUBANK,INE949L01017,A,1051.05,1079.90,1051.05,1072.35,1047.40,277064,297090936.00,145012
BSE,AUREATE,INE1KVL01010,M,33.00,34.72,33.00,34.72,33.07,50000,1722920.00,19
BSE,AURIONPRO,INE132H01018,A,836.95,865.75,836.95,857.65,836.95,4216,3612136.00,296
BSE,AUROLAB,INE292C01011,X,254.70,254.70,246.40,248.80,250.65,479,119388.00,31
BSE,AUROPHARMA,INE406A01037,A,1580.85,1581.00,1543.70,1564.65,1586.50,27881,43499804.00,2749
BSE,AURUM,INE898S01029,B,222.05,229.55,219.90,226.50,220.95,21359,4777625.00,490
BSE,AUSOMENT,INE218C01016,T,118.10,122.40,118.00,121.90,122.45,293,34935.00,7
BSE,AUSTENG,INE759F01012,X,144.95,145.00,142.10,143.80,141.10,773,111513.00,32
BSE,AUTOAXLES,INE449A01011,B,1773.35,1812.30,1771.05,1783.90,1762.35,141,251958.00,35
BSE,AUTOIND,INE718H01014,T,95.15,99.50,94.00,97.58,95.15,35865,3478238.00,306
BSE,AUTOINT,INE340U01010,X,335.60,346.00,335.00,340.00,335.60,59,20099.00,11
BSE,AVADHSUGAR,INE349W01017,T,518.00,526.00,518.00,522.60,512.05,307,159448.00,16
BSE,AVAILFC,INE325G01010,B,150.40,153.25,150.00,150.70,150.40,701,106369.00,26
BSE,AVALON,INE0LCL01028,A,1753.95,1779.85,1715.95,1768.60,1729.55,14489,25264102.00,1046
BSE,AVANCE,INE758A01072,X,0.94,0.96,0.94,0.94,0.94,9041853,8574585.00,1708
BSE,AVANTEL,INE005B01027,A,180.75,183.00,177.00,180.20,179.85,294531,52858217.00,2149
BSE,AVANTIFEED,INE871C01038,A,925.00,939.00,915.90,923.70,920.50,43247,39986700.00,1583
BSE,AVAX,INE0NQ401024,MT,49.00,49.00,47.77,47.77,50.28,2000,96770.00,2
BSE,AVEER,INE09BN01011,X,555.10,555.50,555.00,555.00,560.00,420,233101.00,5
BSE,AVG,INE680Z01018,T,210.20,213.70,206.00,209.10,211.25,1349,282468.00,43
BSE,AVIVA,INE461H01011,X,61.69,61.69,61.69,61.69,62.00,10,616.00,3
BSE,AVL,INE679V01027,A,635.00,646.70,634.00,635.70,632.65,5435,3477780.00,284
BSE,AVONMORE,INE323B01024,B,10.00,10.16,9.99,10.00,9.98,6945,69671.00,34
BSE,AVROIND,INE652Z01025,B,11.00,11.00,9.56,9.83,9.74,75321,738292.00,319
BSE,AVTNPL,INE488D01021,B,67.20,71.04,67.20,69.96,70.04,1349,94354.00,62
BSE,AWFIS,INE108V01019,A,311.25,320.95,301.55,303.20,305.70,29564,9206377.00,910
BSE,AWHCL,INE01BK01022,B,455.20,469.00,455.20,467.00,454.15,5911,2738636.00,242
BSE,AWL,INE699H01024,A,187.95,192.50,186.35,189.95,185.85,342735,65117743.00,4296
BSE,AXELPOLY,INE197C01012,X,48.00,48.00,44.80,44.80,44.37,22,999.00,4
BSE,AXISBANK,INE238A01034,A,1301.90,1326.30,1301.90,1323.75,1299.00,349274,460826151.00,6103
BSE,AXISCADES,INE555B01013,B,1624.75,1636.00,1589.00,1601.00,1604.15,12922,20755443.00,1012
BSE,AXITA,INE02EZ01022,B,7.64,7.64,7.45,7.50,7.51,49726,374296.00,291
BSE,AXTEL,INE767C01012,X,433.00,444.80,432.95,440.85,430.80,3049,1341177.00,99
BSE,AYE,INE501X01029,B,167.95,172.10,165.10,169.05,167.80,1259867,211684902.00,777
BSE,AYMSYNTEX,INE193B01039,B,237.05,239.10,227.50,228.65,232.30,3314,772916.00,120
BSE,AZAD,INE02IJ01035,A,2519.95,2524.55,2405.20,2478.65,2474.55,63399,155415967.00,4405
BSE,AZADIND,INE566M01017,X,93.00,93.00,85.50,89.27,87.71,4506,399493.00,64
BSE,AZTEC,INE0SCB01016,M,97.25,98.75,94.10,95.50,97.75,95000,9114250.00,84
BSE,B2BSOFT,INE151B01011,X,23.48,24.90,22.98,24.02,23.48,29690,697010.00,191
BSE,BABA,INE893A01036,X,16.41,17.10,16.10,16.54,16.36,25119,411207.00,104
BSE,BACPHAR,INE711D01018,X,39.50,39.89,37.26,38.38,38.36,229906,8896662.00,147
BSE,BAFNAPH,INE878I01022,T,199.45,207.55,199.45,207.55,203.50,1998,412667.00,25
BSE,BAGFILMS,INE116D01028,B,4.40,4.58,4.32,4.51,4.46,22174,98960.00,66
BSE,BAGMANE,INE2OVN25015,IF,103.75,103.75,103.01,103.38,103.52,22750,2349934.00,300
BSE,BAIDFIN,INE020D01022,B,10.71,10.71,10.14,10.36,10.21,12542,129029.00,38
BSE,BAIKAKAJI,INE1IJQ01026,M,189.00,193.85,187.50,189.40,190.00,26400,5006760.00,32
BSE,BAJAJ-AUTO,INE917I01010,A,10188.95,10296.80,10111.90,10163.40,10153.35,25418,258292309.00,5873
BSE,BAJAJCON,INE933K01021,B,649.45,680.00,639.70,668.30,642.55,72352,48084238.00,2761
BSE,BAJAJELEC,INE193E01025,A,327.45,332.80,327.15,331.45,326.45,5742,1889099.00,191
BSE,BAJAJFINSV,INE918I01026,A,1914.60,1921.15,1894.25,1915.55,1894.25,104139,198986333.00,3447
BSE,BAJAJHCARE,INE411U01027,B,355.55,356.00,345.25,348.70,349.85,7322,2577551.00,175
BSE,BAJAJHFL,INE377Y01014,A,87.88,88.88,87.88,88.05,87.62,535910,47299881.00,4136
BSE,BAJAJHIND,INE306A01021,A,17.27,17.55,17.27,17.35,17.26,298535,5199934.00,1012
BSE,BAJAJHLDNG,INE118A01012,A,10748.95,10748.95,10486.45,10662.75,10577.60,820,8727091.00,284
BSE,BAJAJINDEF,INE0O9T01021,B,245.40,248.20,242.90,243.95,242.20,895,219508.00,52
BSE,BAJAJST,INE704G01024,B,409.00,411.55,400.10,405.15,401.40,5109,2066604.00,208
BSE,BAJEL,INE0KQN01018,B,185.05,191.00,185.05,190.00,186.90,25544,4809462.00,597
BSE,BAJFINANCE,INE296A01032,A,1013.95,1023.60,1004.30,1020.45,1003.30,809472,821115860.00,21852
BSE,BALAJEE,INE0S2G01011,B,28.62,29.50,28.62,28.65,28.62,608,17569.00,36
BSE,BALAJITELE,INE794B01026,B,92.58,93.00,90.39,92.25,91.15,21352,1954131.00,696
BSE,BALAMINES,INE050E01027,B,2389.00,2421.00,2306.00,2414.60,2367.05,33796,79807475.00,2233
BSE,BALGOPAL,INE119R01014,X,184.65,184.80,184.65,184.80,191.45,45,8315.00,3
BSE,BALKRISHNA,INE875R01011,B,18.60,18.60,18.60,18.60,18.01,5,93.00,1
BSE,BALKRISIND,INE787D01026,A,2232.75,2274.00,2227.70,2253.90,2200.60,9698,21845667.00,692
BSE,BALMLAWRIE,INE164A01016,B,176.45,180.85,176.45,179.60,176.60,10738,1926026.00,354
BSE,BALPHARMA,INE083D01012,B,78.01,81.30,78.01,79.68,77.81,161,12933.00,12
BSE,BALRAMCHIN,INE119A01028,A,567.35,569.70,560.10,566.35,567.95,24645,13914418.00,728
BSE,BALTE,INE654B01014,X,12.50,12.99,11.82,12.72,12.25,2208,27316.00,17
BSE,BALUFORGE,INE011E01029,A,457.90,471.60,453.70,465.10,452.70,38299,17797459.00,890
BSE,BAMBINO,INE921D01013,X,204.60,211.00,203.60,208.10,204.60,2119,441780.00,31
BSE,BAMPSL,INE802A01037,X,19.78,23.65,19.50,19.97,19.78,14915,299835.00,66
BSE,BANARBEADS,INE655B01011,B,110.65,118.95,110.00,115.05,114.05,5618,645843.00,89
BSE,BANASFN,INE521L01030,X,7.05,7.21,7.03,7.03,7.03,12788,90328.00,77
BSE,BANCOINDIA,INE213C01025,A,673.10,691.85,673.10,681.95,672.75,7075,4827099.00,358
BSE,BANDARAM,INE875N01036,X,23.39,24.78,22.22,23.32,22.93,4874,113612.00,30
BSE,BANDHANBNK,INE545U01014,A,201.25,211.75,200.80,210.25,199.95,1257680,262752093.00,11335
BSE,BANG,INE863I01016,B,29.19,29.80,28.88,29.75,28.55,2495,73799.00,94
BSE,BANKBARODA,INE028A01039,A,246.75,254.35,245.50,251.00,244.55,816050,204442864.00,8271
BSE,BANKINDIA,INE084A01016,A,139.55,146.80,139.55,144.85,138.65,1675092,239475614.00,12789
BSE,BANSALWIRE,INE0B9K01025,B,321.10,337.15,321.10,331.10,327.70,8138,2694604.00,300
BSE,BANSWRAS,INE629D01020,B,123.40,125.00,118.10,119.75,120.90,2050,247920.00,55
BSE,BAPACK,INE00FM01013,X,170.55,179.85,170.20,179.85,176.95,64,11261.00,8
BSE,BARODARY,INE461A01024,X,132.90,132.90,126.65,129.25,128.05,704,91314.00,49
BSE,BAROEXT,INE927K01023,X,8.55,8.55,8.30,8.35,8.32,50685,424202.00,157
BSE,BASANTGL,INE473E01021,X,11.10,11.42,11.10,11.30,11.17,22257,251117.00,99
BSE,BASF,INE373A01013,A,3494.95,3558.00,3494.95,3545.40,3479.80,768,2708756.00,194
BSE,BASML,INE186H01022,T,25.81,26.56,25.50,26.56,25.30,2489,64367.00,18
BSE,BATAINDIA,INE176A01028,A,683.05,710.00,678.10,691.55,672.80,61991,43151905.00,2397
BSE,BATLIBOI,INE177C01022,B,83.00,85.30,83.00,85.13,82.55,2374,200373.00,87
BSE,BAYERCROP,INE462A01022,A,4140.00,4145.95,4117.95,4131.75,4119.75,580,2396686.00,180
BSE,BAZELINTER,INE217E01014,X,19.00,19.00,17.50,18.75,19.00,3826,70928.00,32
BSE,BBL,INE464A01036,A,2690.15,2768.50,2648.85,2751.60,2648.85,2873,7840841.00,605
BSE,BBOX,INE676A01027,A,946.50,950.95,919.00,921.85,935.90,12956,12062437.00,774
BSE,BBTC,INE050A01025,A,1525.45,1530.95,1514.90,1520.65,1510.55,852,1297473.00,113
BSE,BBTCL,INE01EE01011,B,215.90,230.00,214.65,222.40,216.20,1124,242960.00,26
BSE,BCCFUBA,INE788D01016,XT,174.90,178.65,173.60,177.85,170.15,65546,11687605.00,243
BSE,BCCL,INE0KQ001017,M,45.00,45.25,44.44,44.60,45.00,4400,197336.00,10
BSE,BCG,INE425B01027,B,9.48,9.75,9.48,9.52,9.43,356715,3418910.00,625
BSE,BCLIND,INE412G01024,B,33.88,34.44,33.70,34.14,33.99,25910,882084.00,286
BSE,BCONCEPTS,INE977Y01011,B,211.85,217.95,211.00,213.60,211.90,471,101752.00,37
BSE,BCP,INE905P01028,X,1.80,1.86,1.79,1.81,1.80,69823,126870.00,106
BSE,BCPL,INE00SW01015,B,70.25,72.53,70.25,71.85,71.85,1399,99913.00,81
BSE,BDH,INE278D01018,X,509.95,520.00,508.00,519.95,518.00,3208,1662832.00,71
BSE,BDL,INE171Z01026,A,1328.05,1354.90,1322.80,1344.85,1326.05,46321,62185170.00,2441
BSE,BECTORFOOD,INE495P01020,A,172.10,174.00,168.95,169.45,171.00,1147857,195176503.00,1568
BSE,BEDMUTHA,INE844K01012,B,111.20,111.20,107.00,111.00,108.00,451,49307.00,4
BSE,BEEKAY,INE213D01015,B,414.80,415.00,414.80,415.00,417.45,17,7052.00,4
BSE,BEEYU,INE052B01011,X,2.50,2.50,2.26,2.50,2.50,1110,2603.00,9
BSE,BEEZAASAN,INE13VU01016,MT,348.90,352.90,336.00,340.60,337.45,20000,6921360.00,25
BSE,BEFOUNDMOL,INE425F01028,X,3.49,3.50,3.49,3.50,3.34,2226,7790.00,6
BSE,BEL,INE263A01024,A,408.00,415.45,408.00,414.90,406.05,515730,212956618.00,5218
BSE,BELDING,INE363L01045,X,1494.10,1494.10,1396.00,1405.25,1494.10,2963,4203819.00,136
BSE,BELLACASA,INE344T01014,B,252.40,267.70,250.80,264.70,249.90,1130,296398.00,39
BSE,BELRISE,INE894V01022,B,231.30,234.00,229.75,231.05,228.80,124605,28924100.00,1605
BSE,BEMHY,INE142E01022,X,97.98,100.95,94.14,99.20,95.69,12155,1194824.00,192
BSE,BEML,INE258A01024,A,1825.00,1866.00,1823.20,1861.35,1813.60,17585,32344000.00,925
BSE,BENARAS,INE664D01019,B,10400.00,10499.00,10110.05,10382.55,10378.30,522,5397947.00,489
BSE,BENCHMARK,INE0Q2Z01013,MT,43.22,43.22,43.22,43.22,45.49,2000,86440.00,1
BSE,BENGALASM,INE083K01017,B,6300.00,6400.00,6300.00,6300.15,6357.90,183,1161492.00,83
BSE,BENGALT,INE665D01016,X,144.95,144.95,136.30,143.90,140.35,222,30476.00,12
BSE,BEPL,INE922A01025,B,102.47,106.00,102.36,103.09,101.04,42061,4374861.00,735
BSE,BERGEPAINT,INE463A01038,A,492.60,504.00,492.60,497.10,496.65,5138,2568231.00,379
BSE,BERLDRG,INE415H01017,X,22.81,24.95,22.50,24.42,22.81,368,8898.00,9
BSE,BERVINL,INE348I01018,X,53.78,54.98,53.77,53.83,56.60,22,1184.00,3
BSE,BERYLSE,INE508J01015,XT,29.96,30.00,29.96,30.00,30.11,5,149.00,2
BSE,BESTAGRO,INE052T01021,B,15.43,15.98,15.18,15.57,15.21,66636,1044209.00,291
BSE,BESTEAST,INE553F01035,X,11.00,11.20,10.55,11.16,10.93,1725,18691.00,23
BSE,BETXIND,INE765L01017,X,497.95,497.95,489.95,490.00,475.00,13,6382.00,5
BSE,BFINVEST,INE878K01010,B,452.55,510.95,452.55,489.15,446.00,123502,61055578.00,2847
BSE,BFLAFL,INE948Q01018,X,6.41,6.76,6.41,6.65,6.38,6703,44820.00,24
BSE,BFUTILITIE,INE243D01012,B,564.80,586.85,559.00,578.35,560.90,8152,4667068.00,565
BSE,BGDL,INE893C01032,B,96.00,99.49,93.62,95.30,95.98,6867,661040.00,244
BSE,BGIL,INE443D01018,X,8.48,8.48,8.01,8.17,8.25,35709,294636.00,90
BSE,BGRENERGY,INE661I01014,T,291.15,301.95,291.15,299.20,291.15,3502,1041841.00,86
BSE,BGWTATO,INE106G01014,X,507.80,507.80,491.30,500.00,502.65,291,143738.00,20
BSE,BHAGCHEM,INE414D01027,B,303.80,305.05,293.70,295.65,298.95,8805,2640583.00,255
BSE,BHAGERIA,INE354C01027,T,207.95,212.90,203.05,208.10,208.15,1411,295439.00,43
BSE,BHAGGAS,INE099C01010,XT,10.23,10.23,10.23,10.23,10.03,5178,52970.00,22
BSE,BHAGWOX,INE026I01010,X,32.50,33.00,32.05,32.65,32.05,394,12790.00,12
BSE,BHAGYANGR,INE458B01036,T,375.00,391.00,375.00,386.70,374.00,10983,4242943.00,288
BSE,BHANDARI,INE474E01029,T,2.81,3.04,2.81,2.95,2.95,10767,31882.00,37
BSE,BHARAT,INE900A01013,X,24.35,24.89,23.82,24.75,24.52,1958,47719.00,16
BSE,BHARATAGRI,INE842D01029,X,24.18,24.97,22.70,23.15,23.97,57844,1349006.00,246
BSE,BHARATCOAL,INE05XR01022,B,37.43,38.03,37.33,37.57,37.23,490230,18456796.00,1523
BSE,BHARATFORG,INE465A01025,A,2149.85,2159.50,2109.60,2116.10,2130.35,37360,79464888.00,2694
BSE,BHARATGEAR,INE561C01019,T,120.10,123.00,119.50,122.10,121.15,6029,726668.00,62
BSE,BHARATRAS,INE838B01021,B,1343.90,1351.00,1331.00,1339.65,1317.65,1234,1653178.00,171
BSE,BHARATROHAN,INE0QMV01017,M,132.35,132.35,117.00,119.05,122.00,39200,4714120.00,34
BSE,BHARATSE,INE415D01024,B,248.80,249.10,240.50,241.45,245.65,41989,10252824.00,895
BSE,BHARATWIRE,INE316L01019,B,219.45,219.45,213.70,216.15,215.55,6915,1495660.00,204
BSE,BHARTIARTL,INE397D01024,A,1932.10,1932.15,1905.45,1921.10,1930.50,145873,279307738.00,6376
BSE,BHARTIHEXA,INE343G01021,A,1573.20,1617.00,1564.10,1606.25,1571.80,71758,113824470.00,1755
BSE,BHASKAGR,INE972C01018,X,125.00,126.80,114.00,121.45,120.60,1440,172974.00,45
BSE,BHATIA,INE341Z01025,X,24.72,25.67,24.71,24.77,24.79,60822,1511333.00,185
BSE,BHEL,INE257A01026,A,389.25,395.80,386.75,395.30,381.55,498912,195769543.00,6018
BSE,BHILSPIN,INE436C01014,X,131.80,131.80,129.00,129.00,125.95,21,2720.00,3
BSE,BHUDEVI,INE432N01010,XT,170.35,178.85,164.20,178.50,170.35,24143,4288824.00,92
BSE,BI,INE986A01012,B,63.99,66.89,62.55,63.16,64.52,2232,143333.00,53
BSE,BIBCL,INE994B01014,B,16.95,17.20,16.55,17.02,16.58,22139,374318.00,125
BSE,BIGBLOC,INE412U01025,B,46.90,48.00,46.86,47.81,47.19,3102,147672.00,119
BSE,BIHSPONG,INE819C01011,X,12.90,12.90,12.11,12.67,12.39,8879,110417.00,88
BSE,BIJHANS,INE491D01017,X,85.62,85.62,85.62,85.62,81.55,275,23545.00,2
BSE,BIKAJI,INE00E101023,A,650.35,650.35,642.40,643.05,641.45,136805,87968645.00,193
BSE,BIL,INE828A01016,B,760.35,860.00,723.10,723.10,726.05,639,493050.00,148
BSE,BILVYAPAR,INE071A01013,T,4.38,4.40,4.22,4.24,4.20,5695,24916.00,19
BSE,BIMETAL,INE469A01019,B,680.00,690.00,666.00,688.35,667.20,429,292100.00,36
BSE,BIOCON,INE376G01013,A,405.80,419.55,404.00,418.45,403.65,169336,70104888.00,3930
BSE,BIOFILCHEM,INE829A01014,B,35.00,35.00,33.98,34.07,34.00,1563,53331.00,16
BSE,BIOGEN,INE703D01023,X,0.29,0.29,0.28,0.29,0.29,1819095,523595.00,809
BSE,BIRET,INE0FDU25010,IF,337.93,338.12,335.24,338.01,336.54,4575,1540699.00,342
BSE,BIRLACABLE,INE800A01015,T,193.00,194.80,185.80,190.20,185.55,7998,1542030.00,131
BSE,BIRLACORPN,INE340A01012,A,941.00,979.75,941.00,965.40,941.50,7808,7504732.00,769
BSE,BIRLAMONEY,INE865C01022,B,144.45,152.25,144.45,149.30,142.65,27440,4086749.00,524
BSE,BIRLANU,INE557A01011,B,1351.95,1358.80,1310.30,1321.90,1327.80,496,664318.00,121
BSE,BIRLAPREC,INE372E01025,B,36.50,37.50,35.69,36.90,36.14,11107,404899.00,132
BSE,BITS,INE839A01021,X,7.80,8.00,7.72,7.88,7.80,28926,227388.00,215
BSE,BIZOTIC,INE0OJ401014,MT,616.00,649.00,613.00,645.95,645.00,7200,4607000.00,18
BSE,BKV,INE356C01022,X,10.34,10.34,9.41,9.42,9.73,1945,18942.00,20
BSE,BLACKBUCK,INE0UIZ01018,A,570.00,582.00,570.00,578.45,561.70,51515,29703396.00,2105
BSE,BLACKROSE,INE761G01016,T,108.60,109.85,106.10,108.25,109.25,4706,506278.00,136
BSE,BLAL,INE0N7W01012,B,184.15,186.25,183.15,183.15,185.00,1067,196665.00,91
BSE,BLBLIMITED,INE791A01024,B,16.32,16.32,15.79,16.17,16.00,7382,117734.00,106
BSE,BLIL,INE525F01025,B,70.61,71.39,70.25,70.34,70.67,18367,1297300.00,435
BSE,BLISSGVS,INE416D01022,T,527.00,533.05,512.00,521.10,523.70,13853,7260720.00,276
BSE,BLKASHYAP,INE350H01032,B,53.35,55.72,53.30,55.02,52.37,5983,325737.00,52
BSE,BLOIN,INE373E01015,X,33.32,35.47,32.71,33.09,34.19,5818,196758.00,59
BSE,BLOOM,INE253C01013,X,9.14,9.14,9.14,9.14,9.14,10,91.00,1
BSE,BLS,INE153T01027,A,234.50,238.80,233.55,237.30,234.85,238022,56313231.00,2995
BSE,BLSE,INE0NLT01010,B,263.15,268.60,260.65,263.80,261.30,9528,2508365.00,225
BSE,BLUECHIPT,INE472D01017,X,120.95,120.95,120.90,120.90,120.95,202,24431.00,5
BSE,BLUECLOUDS,INE373T01047,B,20.94,21.21,20.56,20.65,20.74,1193487,24870960.00,3079
BSE,BLUECOAST,INE472B01011,T,27.57,27.57,27.53,27.53,27.03,110,3032.00,2
BSE,BLUEDART,INE233B01017,A,4840.05,4939.00,4840.05,4918.65,4846.65,612,2991522.00,79
BSE,BLUEJET,INE0KBH01020,A,604.10,630.00,595.75,623.35,574.80,208193,127259924.00,5500
BSE,BLUESTARCO,INE472A01039,A,1624.35,1666.00,1619.10,1661.30,1614.40,12613,20697636.00,1446
BSE,BLUESTONE,INE304W01038,B,574.05,582.80,568.00,580.90,571.50,25864,14911748.00,956
BSE,BLUSPRING,INE0U4101014,B,109.55,114.15,107.75,112.65,106.50,102507,11362554.00,969
BSE,BMBMUMG,INE644K01016,X,6.79,6.80,6.79,6.80,6.48,3715,25260.00,16
BSE,BMW,INE374E01021,X,54.80,56.49,53.62,54.00,53.96,147736,8102705.00,920
BSE,BMWVENTLTD,INE965W01036,B,58.58,59.51,58.14,58.51,58.41,3688,216251.00,137
BSE,BNAGROCHEM,INE00HZ01011,T,283.00,284.75,272.30,284.75,283.00,230,63208.00,7
BSE,BNALTD,INE489D01011,B,340.30,340.30,320.00,321.50,340.00,50,16075.00,9
BSE,BNRSEC,INE710D01028,X,17.17,17.46,16.76,17.05,17.05,10746,183710.00,145
BSE,BNRUDY,INE355C01016,X,36.00,36.00,35.82,35.82,36.00,4,143.00,2
BSE,BODALCHEM,INE338D01028,T,59.99,62.40,56.98,57.87,59.97,14970,890637.00,147
BSE,BODHTREE,INE104F01029,X,17.00,17.49,16.75,16.80,17.00,396,6690.00,15
BSE,BOMBCYC,INE691K01017,X,1580.25,1580.25,1550.00,1550.00,1572.40,20,31300.00,4
BSE,BOMBWIR,INE089T01023,X,46.99,53.99,46.99,50.00,45.66,627,32555.00,23
BSE,BOMDYEING,INE032A01023,A,125.70,129.00,125.70,127.80,126.15,42064,5382561.00,489
BSE,BOMOXY-B1,INE01TL01014,X,18902.00,19199.95,18860.65,18860.65,18860.65,7,132498.00,7
BSE,BOMTALKIES,INE910D01024,X,3.50,3.50,3.21,3.21,3.34,629,2154.00,12
BSE,BONDADA,INE0Q8P01029,M,306.20,310.90,303.50,305.05,304.15,137600,42395100.00,421
BSE,BONLON,INE0B9A01018,B,41.63,42.99,41.51,42.00,41.83,1362,56847.00,39
BSE,BORANA,INE16SF01016,B,307.45,307.45,299.85,301.25,305.00,1696,513688.00,39
BSE,BOROLTD,INE02PY01013,B,231.65,233.80,230.00,232.10,231.05,6110,1418571.00,219
BSE,BORORENEW,INE666D01022,A,657.00,669.70,636.90,640.65,652.05,56939,37419019.00,1875
BSE,BOROSCI,INE02L001032,B,160.00,165.15,156.85,157.00,158.40,6044,957226.00,168
BSE,BOSCH-HCIL,INE782A01015,B,1352.55,1357.00,1339.00,1339.70,1343.25,429,578614.00,50
BSE,BOSCHLTD,INE323A01026,A,42251.40,42450.00,41720.20,41807.65,42251.35,680,28591383.00,419
BSE,BOSTON,INE109B01019,X,5.32,5.58,5.32,5.32,5.32,1295,6892.00,7
BSE,BPAGRI,INE439N01031,B,8.55,8.55,8.55,8.55,8.99,57849,494608.00,194
BSE,BPCL,INE029A01011,A,310.60,313.80,309.15,309.70,308.25,241114,75075302.00,4469
BSE,BPL,INE110A01019,B,59.90,59.90,57.48,58.13,59.23,13613,792690.00,410
BSE,BPLPHARMA,INE365Y01019,X,1448.95,1448.95,1400.00,1410.35,1410.65,1130,1596500.00,75
BSE,BRADYM,INE856A01017,X,734.00,748.65,710.00,746.95,734.00,436,315781.00,73
BSE,BRAHMINFRA,INE320I01017,X,179.95,182.95,171.00,176.55,169.50,105663,18889319.00,1066
BSE,BRAWN,INE899B01015,X,22.00,22.00,21.02,21.02,22.00,1652,34872.00,6
BSE,BRGIL,INE00ST01011,M,136.00,140.00,134.10,135.05,139.20,14000,1907000.00,14
BSE,BRIDGESE,INE958C01025,X,17.89,18.00,17.77,17.92,17.78,185348,3320119.00,300
BSE,BRIGADE,INE791I01019,A,538.00,577.85,530.00,574.65,533.05,89079,49770216.00,2224
BSE,BRIGHOTEL,INE03NU01014,B,63.92,64.57,63.46,63.73,63.92,18906,1210469.00,142
BSE,BRIGHT,INE0OMI01019,M,375.00,379.85,375.00,378.00,375.00,2625,989625.00,7
BSE,BRIGHTBR,INE630D01010,X,236.45,239.95,231.15,236.85,234.05,954,225115.00,64
BSE,BRIJLEAS,INE957E01031,X,9.91,9.91,9.01,9.01,9.91,225,2049.00,7
BSE,BRISK,INE0Q6L01014,M,105.00,105.00,105.00,105.00,100.55,800,84000.00,1
BSE,BRITANNIA,INE216A01030,A,5378.05,5402.50,5325.00,5353.70,5362.15,60210,323170315.00,1542
BSE,BRNL,INE727S01012,B,18.31,19.00,18.02,18.20,18.05,1919,35515.00,33
BSE,BROOKS,INE650L01011,T,72.00,72.00,69.10,71.26,69.01,2740,192794.00,23
BSE,BRPL,INE319Q01012,B,119.00,121.60,117.00,120.80,118.90,3985,474013.00,145
BSE,BRRL,INE0IZQ01016,M,840.15,855.00,830.00,855.00,862.65,10400,8853210.00,11
BSE,BSELALGO,INE395A01016,X,4.34,4.44,4.25,4.27,4.37,70803,305869.00,175
BSE,BSHSL,INE032Z01020,T,89.18,93.00,87.00,87.03,91.00,6256,547173.00,58
BSE,BSL,INE594B01012,B,127.10,131.05,127.05,129.55,127.50,175,22441.00,13
BSE,BSOFT,INE836A01035,A,277.25,292.80,277.25,290.10,274.85,434420,124803489.00,6472
BSE,BTML,INE0EEJ01023,B,6.00,6.39,5.90,6.39,5.98,19705,120215.00,49
BSE,BTTL,INE274K01012,T,52.20,56.50,52.20,55.90,53.81,6514,362490.00,58
BSE,BUILDPRO,INE24OJ01011,B,1206.00,1264.00,1193.50,1249.15,1199.70,23801,29196622.00,1399
BSE,BUTTERFLY,INE295F01017,B,726.30,741.45,715.10,731.15,719.35,4800,3469007.00,305
BSE,BVCL,INE139I01011,B,42.90,43.19,42.90,43.19,42.05,360,15536.00,3
BSE,BYKE,INE319B01014,T,34.50,35.25,34.00,34.01,33.88,6748,233950.00,22
BSE,CALCOM,INE216C01010,X,74.99,74.99,71.40,73.89,72.07,6068,446933.00,82
BSE,CALLISTA,INE714Q01014,XT,186.00,186.00,185.75,185.90,195.50,9668,1797054.00,14
BSE,CALSOFT,INE526B01014,T,21.45,22.43,21.45,22.28,21.39,25307,559040.00,74
BSE,CAMEXLTD,INE198C01010,X,39.69,41.50,39.69,40.00,39.88,1367,55047.00,13
BSE,CAMLINFINE,INE052I01032,A,129.55,132.05,123.40,128.40,129.20,237463,30408293.00,1256
BSE,CAMPUS,INE278Y01022,A,227.50,232.50,227.50,231.70,228.10,12276,2834286.00,332
BSE,CAMS,INE596I01020,A,778.10,795.00,777.80,789.60,775.00,98101,77126584.00,2415
BSE,CANBK,INE476A01022,A,125.85,131.45,125.30,128.80,124.80,2754943,353547093.00,9893
BSE,CANDOUR,INE713D01055,X,79.77,79.77,75.00,75.94,76.85,6745,516417.00,84
BSE,CANFINHOME,INE477A01020,A,923.15,931.00,912.05,920.10,915.05,12961,11968463.00,833
BSE,CANHLIFE,INE01TY01017,B,141.85,144.60,141.45,144.45,141.35,1514109,215840303.00,787
BSE,CANTABIL,INE068L01024,B,254.00,260.25,250.00,251.20,253.05,4845,1238919.00,236
BSE,CAPACITE,INE264T01014,B,239.15,241.65,237.55,240.05,234.55,9359,2242565.00,288
BSE,CAPILLARY,INE0ILV01024,B,511.00,511.00,499.55,502.60,512.00,2301,1163022.00,188
BSE,CAPINVIT,INE0Z8Z23013,IF,74.80,74.80,73.91,74.23,73.88,19795,1470733.00,315
BSE,CAPITALSFB,INE646H01017,B,293.15,296.25,292.65,294.10,290.45,1744,512558.00,81
BSE,CAPLIPOINT,INE475E01026,A,2627.05,2689.00,2565.10,2585.40,2620.40,5832,15293419.00,949
BSE,CAPPIPES,INE513R01026,B,9.16,9.47,8.88,9.39,9.42,87274,808169.00,492
BSE,CAPRICORN,INE968E01012,XT,17.90,17.90,17.20,17.20,18.10,35869,619326.00,66
BSE,CAPRIHANS,INE479A01018,X,75.00,76.40,73.50,76.40,74.15,1017,76665.00,19
BSE,CAPTRUST,INE707C01018,T,12.82,12.82,12.18,12.49,12.82,30408,371080.00,88
BSE,CARBORUNIV,INE120A01034,A,1096.00,1103.45,1081.65,1090.60,1090.00,59396,65221647.00,694
BSE,CARERATING,INE752H01013,A,1641.70,1660.00,1630.00,1653.05,1638.20,936,1537154.00,115
BSE,CARGOSOL,INE0KZM01011,M,26.77,26.77,25.90,26.77,25.50,16000,424560.00,4
BSE,CARGOTRANS,INE0M4L01013,M,98.00,104.50,98.00,104.50,95.00,5250,530625.00,7
BSE,CARRARO,INE0V7W01012,B,562.65,574.65,559.70,568.15,561.55,9136,5193562.00,450
BSE,CARTRADE,INE290S01011,A,2748.35,2830.00,2745.15,2808.95,2732.55,12586,35174003.00,775
BSE,CARYSIL,INE482D01024,B,1180.95,1190.45,1153.95,1178.15,1187.60,2876,3386213.00,304
BSE,CASPIAN,INE176N01039,XT,35.00,36.00,35.00,36.00,34.98,2095,74488.00,40
BSE,CASTROLIND,INE172A01027,A,183.80,185.00,183.00,183.75,183.60,71940,13259775.00,1128
BSE,CATVISION,INE660B01011,X,19.00,19.00,17.90,18.77,18.17,1083,20062.00,38
BSE,CBPL,INE07QQ01016,M,38.55,38.55,38.55,38.55,40.57,1000,38550.00,1
BSE,CCAL,INE0M7501019,MT,25.46,25.46,25.46,25.46,24.25,6000,152760.00,1
BSE,CCAVENUE,INE483S01020,A,17.45,18.57,17.33,18.06,17.13,3597228,64730308.00,9259
BSE,CCCL,INE429I01024,B,16.78,16.78,16.02,16.07,16.37,41561,670399.00,128
BSE,CCDL,INE187R01029,XT,1.01,1.05,1.01,1.02,1.01,135001,138663.00,130
BSE,CCDL-RE,INE187R20011,R,0.04,0.04,0.04,0.04,0.04,2599779,103991.00,202
BSE,CCHHL,INE652F01027,B,12.77,12.99,12.76,12.82,12.96,3075,39277.00,69
BSE,CCL,INE421D01022,A,1223.85,1223.85,1199.30,1212.00,1208.45,11211,13585612.00,1696
BSE,CCLINTER,INE778E01031,X,22.70,23.50,22.56,23.37,22.70,303,6983.00,13
BSE,CDG,INE198N01017,XT,276.25,289.00,265.00,287.00,276.25,2248,616043.00,40
BSE,CEATLTD,INE482A01020,A,3904.80,3987.80,3832.95,3862.70,3908.35,6029,23636475.00,840
BSE,CEEJAY,INE358C01010,X,153.00,164.55,153.00,164.55,156.75,1082,178024.00,5
BSE,CEENIK,INE418D01010,X,158.00,164.90,133.15,156.80,150.15,3423,512684.00,80
BSE,CEETAIN,INE760J01012,X,37.75,37.90,31.86,36.77,35.39,25511,868635.00,195
BSE,CEIGALL,INE0AG901020,B,374.00,374.00,363.85,365.50,369.70,7951,2930467.00,387
BSE,CEINSYS,INE016Q01014,B,919.40,953.55,919.40,934.90,905.60,8439,7893657.00,569
BSE,CELEBRITY,INE185H01016,B,7.20,7.70,7.10,7.40,7.51,3174,23309.00,31
BSE,CELLA,INE266H01014,Z,17.67,18.32,16.69,17.15,17.50,1918,33509.00,30
BSE,CELLO,INE0LMW01024,A,362.10,371.00,360.10,368.85,358.00,19633,7238725.00,538
BSE,CEMAINFRA,INE222B01028,X,4.49,4.49,4.49,4.49,4.49,1174,5271.00,1
BSE,CEMPRO,INE686A01026,A,1590.60,1590.60,1548.30,1565.45,1550.40,16332,25559128.00,1167
BSE,CENLUB,INE627F01011,X,209.00,214.85,205.60,208.10,209.65,1691,352184.00,79
BSE,CENTENKA,INE485A01015,B,521.25,528.05,521.00,523.00,516.05,1098,575341.00,135
BSE,CENTEXT,INE281A01026,B,18.82,19.13,18.80,18.92,18.82,2193,41398.00,52
BSE,CENTRALBK,INE483A01010,A,31.88,32.78,31.88,32.61,31.72,1017348,32945678.00,2587
BSE,CENTRUM,INE660C01027,B,23.90,25.73,23.90,24.52,24.27,35143,877280.00,121
BSE,CENTUM,INE320B01020,B,3601.60,3696.00,3536.95,3645.05,3559.70,3774,13694336.00,684
BSE,CENTUPLE,INE396H01019,X,40.20,40.20,37.00,39.56,36.72,1425,55353.00,21
BSE,CENTURYPLY,INE348B01021,A,783.95,798.75,776.95,789.90,773.00,4781,3784058.00,473
BSE,CERA,INE739E01017,A,6316.75,6350.00,6291.30,6314.30,6296.40,764,4826039.00,215
BSE,CEREBRAINT,INE345B01019,Z,3.08,3.29,3.08,3.24,3.20,8692,27817.00,35
BSE,CESC,INE486A01021,A,164.35,166.80,163.70,164.00,162.80,68291,11246435.00,1363
BSE,CEWATER,INE037Z01029,B,324.60,368.15,317.90,353.25,319.20,87420,30729975.00,2684
BSE,CFEL,INE700F01024,X,37.35,37.38,36.35,36.53,36.82,4899,179364.00,37
BSE,CFF,INE0NJ001013,M,863.80,863.80,821.00,825.30,849.80,68400,57518240.00,264
BSE,CGCL,INE180C01042,A,255.85,264.60,250.80,252.00,252.60,286846,73895265.00,3209
BSE,CGFL,INE727C01024,X,33.80,33.80,32.50,33.31,32.86,35624,1171487.00,132
BSE,CGPOWER,INE067A01029,A,918.80,923.50,913.80,916.60,910.50,134314,123376695.00,6085
BSE,CGVAK,INE084D01010,X,166.70,166.70,157.05,162.05,157.90,4498,721536.00,104
BSE,CHALET,INE427F01016,A,828.75,842.85,812.35,839.40,817.15,99557,83199772.00,564
BSE,CHALLANI,INE807A01010,X,19.00,20.00,18.58,19.98,20.20,18,352.00,5
BSE,CHAMBLFERT,INE085A01013,A,458.90,459.00,453.00,453.55,453.95,40713,18512491.00,2080
BSE,CHANDNIMACH,INE01GZ01011,X,96.00,100.00,90.00,97.99,93.53,104401,10002686.00,310
BSE,CHANDRAP,INE368D01025,XT,11.08,11.33,11.02,11.03,11.03,11848,130712.00,25
BSE,CHANDRIMA,INE371F01024,X,6.08,6.40,6.08,6.18,6.18,26721,167021.00,94
BSE,CHATHA,INE0AH901011,M,95.99,96.00,90.50,93.46,91.90,35000,3299590.00,31
BSE,CHDCHEM,INE043U01010,X,5.21,5.21,5.16,5.16,5.16,4153,21471.00,13
BSE,CHEMBOND,INE995D01025,T,190.00,190.00,190.00,190.00,190.00,125,23750.00,3
BSE,CHEMBONDCH,INE0TGX01019,T,234.35,246.55,230.15,246.55,234.85,43368,10681528.00,130
BSE,CHEMCON,INE03YM01018,T,183.20,188.00,178.05,185.00,183.00,3666,674899.00,98
BSE,CHEMCRUX,INE298W01016,B,87.14,91.60,87.00,90.21,87.06,4814,429283.00,99
BSE,CHEMFAB,INE783X01023,T,384.65,384.65,366.05,368.00,384.80,25,9191.00,4
BSE,CHEMKART,INE0VWL01017,MT,175.00,183.10,170.00,183.10,174.40,25800,4635090.00,39
BSE,CHEMPLASTS,INE488A01050,B,199.00,203.65,198.95,199.95,199.05,12183,2451257.00,276
BSE,CHEMTECH,INE212P01011,X,76.90,77.90,72.30,74.77,74.38,9230,696865.00,134
BSE,CHENFERRO,INE777O01016,X,89.50,92.00,89.50,91.60,89.50,2005,183306.00,37
BSE,CHENNPETRO,INE178A01016,A,1134.15,1187.00,1134.00,1181.80,1121.95,178362,208505492.00,6877
BSE,CHEVIOT,INE974B01016,B,1133.80,1136.55,1112.00,1132.00,1128.90,305,343297.00,42
BSE,CHIRAHARIT,INE12P101018,MT,8.21,8.29,7.90,7.90,7.90,90000,723540.00,8
BSE,CHLLTD,INE790D01020,X,27.16,27.99,27.05,27.19,27.04,16,435.00,5
BSE,CHLOGIST,INE558F01026,X,6.49,6.49,5.85,6.08,6.12,33557,203511.00,84
BSE,CHMBBRW,INE417N01011,XT,32.20,32.20,32.20,32.20,30.67,7378,237571.00,21
BSE,CHOICEIN,INE102B01014,A,834.90,845.70,820.05,835.40,829.90,86685,72717700.00,6158
BSE,CHOKSI,INE865B01016,XT,174.70,174.70,167.00,173.00,174.70,2308,394519.00,34
BSE,CHOKSILA,INE493D01013,XT,121.90,121.90,121.90,121.90,120.60,60,7314.00,2
BSE,CHOLAFIN,INE121A01024,A,1812.70,1827.00,1802.00,1808.55,1792.85,25168,45648754.00,2198
BSE,CHOLAHLDNG,INE149A01033,A,1650.15,1678.55,1647.00,1653.30,1654.05,31298,51727280.00,1149
BSE,CHORDIA,INE975C01011,X,66.80,67.00,66.80,67.00,68.01,47,3148.00,2
BSE,CHOTHANI,INE344X01016,M,11.37,11.37,11.37,11.37,10.39,2500,28425.00,1
BSE,CHOWGULSTM,INE490A01015,X,22.54,22.54,22.00,22.15,22.65,2137,47207.00,32
BSE,CHROME,INE114E01013,X,37.37,38.76,37.37,38.75,38.79,216,8203.00,12
BSE,CHTR,INE1B4801017,MT,48.00,48.00,48.00,48.00,48.00,9600,460800.00,4
BSE,CIANAGRO,INE052V01019,T,1644.00,1692.00,1556.80,1629.90,1614.40,98582,162863254.00,5132
BSE,CIEINDIA,INE536H01010,A,465.90,472.25,462.45,464.45,461.80,7424,3468920.00,330
BSE,CIFL,INE345H01024,B,23.39,23.39,22.25,22.39,22.61,66227,1498724.00,147
BSE,CIL,INE473L01018,X,294.25,294.25,294.25,294.25,288.50,2321,682954.00,13
BSE,CILSEC,INE830A01012,X,36.80,36.95,35.30,36.06,35.50,113,4141.00,7
BSE,CINDRELL,INE897D01015,X,11.50,11.50,11.50,11.50,11.55,30,345.00,1
BSE,CINELINE,INE704H01022,B,79.34,81.67,77.75,78.63,80.15,1168,93148.00,30
BSE,CINEVISTA,INE039B01026,B,15.50,15.99,15.35,15.56,15.33,1621,25398.00,143
BSE,CIPLA,INE059A01026,A,1432.25,1454.60,1432.25,1438.75,1441.70,27014,39006254.00,3118
BSE,CITADEL,INE906D01014,X,38.48,38.48,34.45,35.08,37.92,1798,62801.00,35
BSE,CITIPOR,INE494D01011,X,34.30,36.09,34.30,36.09,36.09,173,5996.00,7
BSE,CITIUSINVT,INE2Q7823014,IF,107.19,108.89,106.96,108.05,107.80,8206,890042.00,53
BSE,CITYONLINE,INE158C01014,Z,8.34,8.34,8.34,8.34,8.35,34,283.00,1
BSE,CITYSQUARE,INE1DRH01011,MT,146.45,146.45,146.45,146.45,139.50,2400,351480.00,3
BSE,CJGEL,INE557D01015,XT,24.49,24.49,22.35,23.23,23.40,782,18557.00,7
BSE,CLEAN,INE227W01023,A,775.45,780.45,764.80,770.05,766.45,13876,10706987.00,954
BSE,CLEANMAX,INE647U01026,B,1342.15,1346.75,1295.35,1331.75,1326.75,6447,8539565.00,473
BSE,CLEDUCATE,INE201M01029,T,57.42,57.42,57.03,57.42,56.30,1371,78683.00,8
BSE,CLFL,INE949C01016,X,57.38,57.38,57.38,57.38,54.65,54,3098.00,4
BSE,CLIOINFO,INE011B01017,XT,12.27,12.27,12.27,12.27,11.69,14197,174197.00,26
BSE,CLN,INE0WDX01010,MT,502.45,502.45,475.00,480.00,495.45,1800,887040.00,8
BSE,CLSEL,INE419D01026,B,289.80,291.45,286.55,288.60,288.05,2142,616783.00,60
BSE,CMBL,INE850R01014,X,50.00,50.00,49.50,49.50,49.17,153,7604.00,3
BSE,CMMHOSP,INE889F01017,X,40.48,40.48,36.05,38.61,40.48,805,30567.00,28
BSE,CMPDI,INE05HV01027,B,265.05,273.00,263.00,267.05,264.10,424584,113501118.00,2867
BSE,CMRGREEN,INE00WV01027,B,226.90,227.75,219.05,223.80,224.60,100806,22504879.00,1696
BSE,CMSINFO,INE925R01014,A,259.50,264.85,258.05,262.55,257.90,63727,16689698.00,1045
BSE,CMXLTD,INE027F01014,X,24.34,24.34,23.00,23.98,23.51,11568,267386.00,31
BSE,CNCRD,INE0N0J01014,M,2814.00,2847.00,2785.00,2791.75,2815.25,2100,5899722.00,39
BSE,CNINFOTECH,INE0WXM01011,M,93.16,93.55,92.35,92.67,94.50,14000,1301432.00,28
BSE,CNL,INE985W01018,B,874.90,888.15,815.75,848.40,843.80,32342,27932931.00,1098
BSE,COALINDIA,INE522F01014,A,429.70,432.60,426.70,429.45,430.20,275671,118337258.00,8334
BSE,COASTCORP,INE377E01024,B,50.78,51.50,50.60,50.72,49.91,2414,123220.00,129
BSE,COCHINM,INE105D01013,X,242.55,247.00,242.55,246.70,243.75,2045,501753.00,53
BSE,COCHINSHIP,INE704P01025,A,1417.00,1443.40,1415.00,1418.00,1406.55,77653,110569836.00,2903
BSE,COCHMAL,INE788M01017,X,127.30,131.70,124.15,131.70,132.00,37,4709.00,13
BSE,COCKERILL,INE515A01019,B,9544.00,9842.50,9457.10,9518.40,9337.20,3379,32655549.00,1062
BSE,COFFEEDAY,INE335K01011,T,32.38,32.75,31.75,32.07,32.09,41066,1323079.00,235
BSE,COFORGE,INE591G01025,A,1490.40,1523.30,1489.15,1503.50,1468.75,210224,316924404.00,8586
BSE,COHANCE,INE03QK01018,A,444.75,456.00,442.95,451.55,440.60,61887,27956782.00,1735
BSE,COLINZ,INE923C01011,XT,72.00,72.82,66.11,68.56,69.36,16037,1145902.00,58
BSE,COLORCHIPS,INE621I01042,X,11.27,12.59,11.27,11.98,11.66,5025,60594.00,43
BSE,COLPAL,INE259A01022,A,2071.95,2071.95,2048.10,2051.90,2062.10,5292,10890713.00,668
BSE,COMCL,INE456N01019,XT,14.08,15.37,14.08,14.88,14.64,1142,16668.00,26
BSE,COMFINCAP,INE274M01026,X,7.40,7.40,7.24,7.27,7.35,10108,73697.00,100
BSE,COMFINTE,INE819A01049,B,5.71,5.85,5.71,5.76,5.75,62369,359999.00,203
BSE,COMPEAU,INE823B01015,X,360.50,392.00,357.10,386.00,357.00,1798,683206.00,74
BSE,COMPINFO,INE070C01037,Z,1.28,1.28,1.23,1.24,1.29,3916,4925.00,14
BSE,COMPUPN,INE607B01012,X,3.75,3.80,3.65,3.65,3.80,4082,15042.00,36
BSE,COMPUSOFT,INE453B01029,B,13.61,13.61,13.33,13.34,13.58,6586,88853.00,40
BSE,COMRADE,INE0NXA01015,M,26.25,26.25,26.25,26.25,25.00,6000,157500.00,5
BSE,COMSYN,INE073V01015,B,192.00,208.55,191.50,194.15,190.25,59148,11720747.00,1288
BSE,CONART,INE714D01020,X,93.45,97.78,91.50,94.08,92.99,1057,98357.00,22
BSE,CONCOR,INE111A01025,A,461.25,470.60,461.25,464.25,457.05,50849,23699820.00,1299
BSE,CONCORD,INE858L01010,X,76.40,76.40,70.00,70.87,71.81,4929,349800.00,73
BSE,CONCORDBIO,INE338H01029,A,1327.20,1335.50,1295.90,1304.10,1304.90,6693,8785622.00,480
BSE,CONFIPET,INE552D01024,B,70.20,77.05,70.20,76.38,72.32,209105,15690010.00,1282
BSE,CONSTRONIC,INE537B01011,X,50.00,50.00,50.00,50.00,48.43,1001,50050.00,2
BSE,CONTAINE,INE0M8901010,MT,23.70,23.70,22.11,22.11,22.58,4000,93210.00,4
BSE,CONTAINER,INE319U01022,X,16.30,16.30,15.00,16.00,15.33,2489,39391.00,20
BSE,CONTICON,INE545B01022,X,7.39,7.39,7.39,7.39,7.77,268,1980.00,2
BSE,CONTILI,INE080G01029,X,20.91,23.42,20.91,22.74,21.18,2695,60227.00,31
BSE,CONTPTR,INE369D01023,X,81.90,84.90,81.90,82.00,81.90,60,4948.00,5
BSE,CONTROLPR,INE663B01015,B,655.20,656.35,643.35,644.70,644.95,268,174556.00,46
BSE,CORALAB,INE683E01017,XT,588.90,614.00,588.90,599.70,588.90,651,395321.00,27
BSE,CORALFINAC,INE558D01021,B,33.69,34.40,33.69,34.07,34.18,322,10959.00,15
BSE,CORDELIA,INE0LZF01013,B,870.00,883.90,836.75,861.75,859.40,132427,114244858.00,5179
BSE,CORDSCABLE,INE792I01017,T,202.00,209.40,202.00,208.95,206.40,232,47711.00,10
BSE,COROENGG,INE312J01012,X,55.20,57.46,55.20,56.25,54.73,6438,365496.00,37
BSE,COROMANDEL,INE169A01031,A,2019.00,2078.00,2019.00,2067.35,2017.60,7530,15444843.00,787
BSE,CORONA,INE02ZQ01018,B,2040.15,2062.05,2028.65,2036.60,2018.95,1855,3790561.00,157
BSE,COSCO,INE949B01018,X,194.80,214.95,194.80,201.25,192.75,537,110231.00,32
BSE,COSMICCRF,INE0ORA01015,MT,1432.95,1432.95,1313.05,1360.60,1364.75,40700,56624990.00,263
BSE,COSMOFE,INE124B01018,XT,207.05,215.20,207.05,215.20,211.00,3750,796727.00,29
BSE,COSMOFIRST,INE757A01017,B,830.60,836.10,824.65,828.55,818.40,2051,1700953.00,104
BSE,COSPOWER,INE0CQB01010,MT,1710.00,1870.00,1710.00,1859.50,1800.00,875,1584750.00,7
BSE,COSYN,INE029B01019,X,19.44,19.69,19.25,19.69,19.25,1972,38793.00,11
BSE,COUNCODOS,INE695B01025,B,5.42,6.08,5.06,5.88,5.07,79305,456613.00,233
BSE,COVANCE,INE0R8101016,XT,241.90,244.95,239.10,244.95,233.30,16660,4065734.00,314
BSE,CPCAP,INE521J01018,T,114.10,114.10,111.10,112.40,115.45,745,83261.00,16
BSE,CPL,INE536P01021,X,71.48,71.48,70.02,70.60,70.78,21453,1517432.00,184
BSE,CPML,INE056001014,M,923.95,923.95,923.95,923.95,972.55,100,92395.00,2
BSE,CPPLUS,INE819V01029,B,3684.60,3758.75,3610.50,3667.15,3643.65,6298,23254156.00,1094
BSE,CRAFTSMAN,INE00LO01017,A,9397.80,9397.80,9121.00,9276.95,9274.45,1050,9789926.00,220
BSE,CRAMC,INE218I01013,B,257.00,257.00,251.80,253.30,253.95,8584,2178532.00,305
BSE,CRANEINFRA,INE176L01017,X,12.80,12.80,12.16,12.61,12.49,163,2005.00,13
BSE,CRANESSOFT,INE234B01023,Z,4.09,4.09,3.73,3.76,3.90,10946,42187.00,41
BSE,CRANEX,INE608B01010,XT,94.50,94.50,91.50,91.90,90.00,13619,1285229.00,55
BSE,CRAVATEX,INE145E01017,X,395.10,412.50,395.10,400.70,395.10,11249,4552900.00,271
BSE,CRAZY,INE0RBX01014,MT,47.25,48.56,47.25,48.35,46.25,33000,1588110.00,11
BSE,CREATIVE,INE146E01015,X,525.00,525.00,525.00,525.00,534.00,100,52500.00,4
BSE,CREATIVEYE,INE230B01021,B,6.40,6.40,5.83,6.16,6.40,366,2250.00,12
BSE,CREDITACC,INE741K01010,A,1570.95,1572.70,1523.35,1527.80,1545.40,16661,25671654.00,855
BSE,CRESCENTIS,INE754C01010,X,116.00,116.00,108.00,110.20,111.50,5131,566449.00,104
BSE,CREST,INE559D01011,B,367.45,373.00,360.00,369.35,363.50,1258,458604.00,48
BSE,CRISIL,INE007A01025,A,4124.90,4209.85,4051.75,4093.85,4053.85,4330,17953734.00,890
BSE,CRIZAC,INE0S4R01014,B,201.90,202.25,199.00,200.10,198.30,10571,2117634.00,258
BSE,CROISSANCE,INE587J01027,X,1.17,1.18,1.13,1.14,1.15,25295,29163.00,54
BSE,CROMPTON,INE299U01018,A,259.65,264.30,259.65,261.65,258.95,35455,9304529.00,781
BSE,CROPSTER,INE293E01031,B,5.36,5.36,5.17,5.20,5.21,35518,185012.00,123
BSE,CRSL,INE716D01033,X,2.28,2.28,2.22,2.27,2.26,221771,501340.00,467
BSE,CRSTCHM,INE293N01016,XT,128.00,131.95,121.50,131.15,127.65,1582,203569.00,39
BSE,CRYOGENIC,INE0TL001013,MT,289.00,289.00,280.00,283.10,286.55,11250,3201712.00,15
BSE,CRYSTAL,INE994R01028,XT,1.95,1.95,1.92,1.95,1.95,31377,60396.00,51
BSE,CSBBANK,INE679A01013,A,356.65,362.30,352.50,360.50,351.55,17978,6406230.00,393
BSE,CSL,INE183Q01020,X,12.23,14.35,12.23,13.54,12.30,34105,453272.00,165
BSE,CSLFINANCE,INE718F01018,B,227.75,227.75,223.90,224.10,227.85,1502,337749.00,62
BSE,CSM,INE0ZK601013,T,97.15,101.25,97.15,99.70,100.80,18634,1853810.00,468
BSE,CSURGSU,INE405H01018,X,80.00,80.89,80.00,80.01,77.04,10,804.00,7
BSE,CTE,INE627H01017,B,29.85,29.85,29.14,29.20,29.10,200,5834.00,6
BSE,CTL,INE172D01021,XT,26.94,26.94,25.02,25.12,26.33,285495,7210741.00,222
BSE,CTLLAB,INE0QMR01015,M,40.00,40.00,40.00,40.00,40.00,2400,96000.00,2
BSE,CUB,INE491A01021,A,230.75,231.30,226.30,229.20,229.15,407341,93240649.00,1592
BSE,CUBEXTUB,INE144D01012,B,79.90,82.89,79.90,80.92,81.39,6660,539232.00,167
BSE,CUBIFIN,INE717D01023,XT,3.69,3.69,3.69,3.69,3.76,7613,28091.00,14
BSE,CUMMINSIND,INE298A01020,A,5544.90,5710.00,5544.90,5619.60,5539.85,11589,65472376.00,2883
BSE,CUPID,INE509F01029,B,219.90,222.20,206.65,212.00,209.85,5606678,1208335840.00,36747
BSE,CUPIDALBV,INE108G01010,XT,33.95,34.18,32.50,33.25,33.28,122451,4076482.00,421
BSE,CWD,INE0H8H01019,MS,305.50,315.50,302.05,311.40,305.45,11000,3392775.00,22
BSE,CYBELEIND,INE183D01010,X,43.02,45.58,41.56,42.02,43.47,3874,166981.00,44
BSE,CYBERMEDIA,INE278G01037,T,16.90,16.90,16.79,16.79,16.27,501,8411.00,3
BSE,CYBERTECH,INE214A01019,T,136.25,146.65,136.25,140.25,140.00,1971,276426.00,23
BSE,CYIENT,INE136B01020,A,839.95,848.25,834.05,840.60,829.90,11952,10062787.00,658
BSE,CYIENTDLM,INE055S01018,B,545.00,566.90,528.05,544.70,538.65,52736,28792721.00,1012
BSE,DABUR,INE016A01026,A,444.00,447.00,441.00,443.45,443.25,65410,29019154.00,1806
BSE,DACHEPALLI,INE1F9M01018,MT,85.02,85.02,77.44,77.44,80.99,7200,566664.00,3
BSE,DAICHI,INE928C01010,T,316.00,326.45,314.00,326.45,315.30,253,81465.00,8
BSE,DAIKAFFI,INE789B01018,XT,47.26,47.26,47.26,47.26,48.22,1710,80814.00,7
BSE,DALBHARAT,INE00R701025,A,1743.70,1794.00,1743.70,1785.60,1742.50,14170,25256249.00,1281
BSE,DALMIASUG,INE495A01022,B,362.05,362.50,355.85,356.45,359.75,6588,2371557.00,173
BSE,DAMCAPITAL,INE284H01025,B,151.65,154.95,151.65,153.60,151.60,28947,4456034.00,456
BSE,DANLAW,INE310B01013,XT,1022.00,1054.00,1022.00,1043.70,1018.20,1205,1250605.00,136
BSE,DANUBE,INE575D01041,XT,5.72,6.28,5.72,6.07,5.99,175040,1050945.00,276
BSE,DAPS,INE975Z01012,MT,23.89,23.89,23.89,23.89,23.88,4000,95560.00,1
BSE,DARJEELING,INE830S01014,X,23.91,23.91,23.91,23.91,25.16,3488,83398.00,29
BSE,DARSHANORNA,INE671T01028,X,2.23,2.26,2.22,2.23,2.23,23682,53128.00,59
BSE,DATAMATICS,INE365B01017,B,880.90,915.20,880.20,900.30,864.25,36753,33037540.00,1617
BSE,DATAPATTNS,INE0IX101010,A,4342.60,4355.00,4242.00,4341.85,4290.55,34943,149981537.00,3624
BSE,DAULAT,INE108C01019,X,28.00,29.99,26.10,29.00,29.00,80,2233.00,13
BSE,DAVANGERE,INE179G01029,B,3.63,3.63,3.48,3.52,3.57,815369,2881110.00,414
BSE,DBCORP,INE950I01011,B,203.90,209.20,200.65,203.15,201.65,85062,17433637.00,1122
BSE,DBEIL,INE0OPA01027,T,8.09,8.35,7.91,8.21,7.96,24780,203550.00,87
BSE,DBL,INE917M01012,A,425.25,430.05,424.55,425.80,423.65,1729,738280.00,94
BSE,DBOL,INE0I3401014,T,110.80,114.95,110.00,112.00,109.70,2357,265066.00,29
BSE,DBREALTY,INE879I01012,T,111.00,116.40,111.00,113.90,111.05,25525,2904499.00,173
BSE,DBSTOCKBRO,INE921B01025,T,41.15,42.99,41.02,42.72,43.17,3780,156717.00,41
BSE,DCAL,INE385W01011,B,194.15,199.40,192.95,195.80,192.65,31444,6152424.00,475
BSE,DCBBANK,INE503A01015,A,189.00,191.95,186.95,188.75,185.90,23640,4474496.00,448
BSE,DCI,INE0A1101019,T,285.00,293.50,285.00,293.50,285.00,152,43328.00,3
BSE,DCMFINSERV,INE891B01012,T,5.25,5.35,5.25,5.25,5.25,1224,6526.00,4
BSE,DCMNVL,INE08KP01019,T,143.55,156.95,143.55,154.00,150.50,709,108156.00,11
BSE,DCMSHRIRAM,INE499A01024,A,1059.95,1062.00,1044.30,1052.30,1045.70,1680,1777797.00,142
BSE,DCMSIL,INE0OU201013,T,78.50,78.50,77.01,77.25,77.01,13524,1051195.00,72
BSE,DCMSRIND,INE843D01027,B,41.66,41.80,39.90,40.25,41.41,15281,623892.00,214
BSE,DCW,INE500A01029,B,48.93,49.72,48.85,49.02,48.35,50360,2480364.00,210
BSE,DCXINDIA,INE0KL801015,B,198.40,203.30,197.80,199.90,196.65,88925,17806825.00,775
BSE,DDEVPLSTIK,INE0HR601026,B,277.65,285.60,277.65,284.50,276.90,6491,1832624.00,256
BSE,DECCAN,INE452W01019,T,13.75,13.75,12.64,13.38,13.30,7719,101700.00,29
BSE,DECCANCE,INE583C01021,B,575.05,580.00,574.10,575.55,572.50,1153,668182.00,80
BSE,DECIPHER,INE643N01012,X,6.05,6.25,6.05,6.06,6.25,11779,73374.00,24
BSE,DECNGOLD,INE945F01025,B,207.95,212.85,203.10,204.95,204.75,359360,74603834.00,3579
BSE,DECOMIC,INE907E01010,X,56.69,56.69,56.49,56.55,51.61,151,8541.00,10
BSE,DECPO,INE132E01015,X,32.00,32.00,32.00,32.00,32.00,1,32.00,1
BSE,DEEDEV,INE841L01016,T,698.00,704.10,663.00,697.25,670.60,10991,7606359.00,298
BSE,DEEP,INE00IY01012,X,36.44,38.50,36.05,37.75,36.01,6550,241528.00,74
BSE,DEEPAI,INE005G01026,XT,2.10,2.10,2.05,2.07,2.07,336464,697080.00,402
BSE,DEEPAKCHEM,INE0RDM01013,M,75.81,76.99,75.71,76.99,75.75,5600,427096.00,7
BSE,DEEPAKFERT,INE501A01019,A,1548.70,1570.95,1523.00,1526.30,1546.35,14781,22814205.00,968
BSE,DEEPAKNTR,INE288B01029,A,1621.70,1668.00,1621.70,1642.55,1623.25,17381,28696078.00,1561
BSE,DEEPAKSP,INE272C01013,X,138.00,138.00,135.10,135.35,134.75,2457,332204.00,27
BSE,DEEPINDS,INE0FHS01024,B,459.00,469.35,456.30,465.35,454.65,6775,3138223.00,310
BSE,DEL,INE413F01016,X,100.80,105.40,100.80,105.40,100.40,2153,226504.00,13
BSE,DELHIVERY,INE148O01028,A,524.25,524.25,513.00,520.25,515.60,1324694,686448538.00,5571
BSE,DELPHIFX,INE726L01027,T,9.08,9.08,8.40,8.99,8.69,2858,25593.00,13
BSE,DELTA,INE681Q01015,X,11.00,11.52,11.00,11.52,10.98,65,728.00,2
BSE,DELTACORP,INE124G01033,A,65.11,65.45,64.50,64.92,65.06,95112,6180477.00,712
BSE,DELTAMAGNT,INE393A01011,B,61.60,61.60,59.85,59.87,58.49,910,55181.00,10
BSE,DEN,INE947J01015,B,28.78,29.35,28.74,29.15,28.29,22327,649826.00,169
BSE,DENISCHEM,INE051G01012,X,81.00,83.75,75.06,76.22,82.23,95378,7417601.00,469
BSE,DENORA,INE244A01016,B,852.25,904.00,852.25,882.15,886.35,530,469937.00,107
BSE,DENTA,INE0R4L01018,B,334.85,357.45,330.00,354.05,329.40,64899,22351619.00,884
BSE,DESCO,INE0TGG01014,MT,205.00,208.60,202.80,208.00,205.50,14500,2982950.00,20
BSE,DEVIT,INE060X01034,B,28.00,28.06,27.58,27.79,27.56,1230,34200.00,27
BSE,DEVLAB,INE0NIJ01025,M,18.00,20.00,18.00,20.00,20.18,8000,152000.00,2
BSE,DEVX,INE0VOV01021,B,34.30,36.40,34.30,35.18,35.00,6863,243565.00,61
BSE,DEVYANI,INE872J01023,A,112.85,113.25,111.05,112.30,111.95,137589,15418946.00,1891
BSE,DFL,INE848N01017,X,36.00,39.00,36.00,39.00,35.66,7,258.00,3
BSE,DFPL,INE0S6R01027,MT,16.00,16.00,16.00,16.00,16.00,12000,192000.00,6
BSE,DGCONTENT,INE03JI01017,B,25.65,26.10,25.51,26.10,25.50,2156,56248.00,8
BSE,DHABRIYA,INE260R01016,X,390.00,401.00,389.00,394.55,387.20,12056,4794219.00,145
BSE,DHAMPURE,INE956B01013,X,123.20,123.20,120.60,122.05,121.65,2154,261809.00,25
BSE,DHAMPURSUG,INE041A01016,B,143.75,143.95,142.80,143.35,142.15,7226,1035792.00,205
BSE,DHANBANK,INE680A01011,B,33.95,35.00,33.95,34.76,33.91,149588,5148781.00,893
BSE,DHANROTO,INE220C01012,X,76.50,76.50,73.00,74.23,74.06,2256,167757.00,21
BSE,DHANSAFAL,INE195E01020,X,2.35,2.42,2.30,2.35,2.37,61519,144060.00,84
BSE,DHANUKA,INE435G01025,B,1045.75,1049.50,1039.20,1047.40,1037.60,868,905786.00,114
BSE,DHARAN,INE278R01034,Z,0.19,0.19,0.19,0.19,0.19,849697,161442.00,61
BSE,DHARFIN,INE899D01011,XT,14.30,15.00,14.30,15.00,15.00,2,29.00,2
BSE,DHARMAJ,INE00OQ01016,B,261.40,261.75,256.20,259.20,259.55,640,165538.00,60
BSE,DHARNI,INE0M9Q01011,M,65.05,65.05,65.00,65.00,65.00,6000,390150.00,2
BSE,DHATRE,INE715T01031,X,4.37,4.37,4.00,4.16,4.12,67124,275153.00,177
BSE,DHENUBUILD,INE758D01027,Z,9.72,9.72,9.72,9.72,9.91,449,4364.00,30
BSE,DHINDIA,INE589D01018,X,264.95,270.00,264.00,264.60,265.20,2762,739531.00,28
BSE,DHOOTIN,INE313G01016,X,239.40,239.40,226.10,227.60,226.25,720,165029.00,24
BSE,DHPIND,INE590D01016,X,528.50,535.00,526.90,527.05,524.05,261,138021.00,12
BSE,DHRUV,INE506Z01015,T,25.85,26.83,25.20,26.30,26.30,315,8172.00,19
BSE,DHRUVCA,INE972E01014,XT,276.65,276.65,276.65,276.65,291.20,26,7192.00,4
BSE,DHUNINV,INE320L01011,B,984.95,994.00,959.00,977.45,960.55,230,225158.00,33
BSE,DHYAANITR,INE0K5F01014,MT,5.34,5.34,5.34,5.34,5.26,2800,14952.00,1
BSE,DIACABS,INE989C01038,B,242.65,243.00,223.30,229.05,239.15,444778,102429445.00,4397
BSE,DIAMINESQ,INE591D01014,B,268.00,270.95,266.40,269.50,267.05,389,104179.00,84
BSE,DIAMONDYD,INE393P01035,B,1208.40,1213.35,1185.00,1191.60,1197.70,1093,1311520.00,39
BSE,DIANATEA,INE012E01035,X,25.90,26.00,25.01,25.17,25.33,13143,334253.00,48
BSE,DICIND,INE303A01010,B,522.85,581.00,522.85,547.70,511.00,210,121468.00,6
BSE,DIDL,INE642P01019,X,10.50,10.71,9.79,10.49,10.50,1311,13391.00,17
BSE,DIFFNKG,INE184O01015,B,402.15,405.65,397.20,403.55,400.85,4067,1633714.00,232
BSE,DIGIDRIVE,INE0PSC01024,B,18.70,19.28,18.70,19.23,18.23,220,4222.00,7
BSE,DIGILOGIC,INE1OOT01028,M,123.30,124.90,120.00,120.40,121.60,39600,4851180.00,25
BSE,DIGISPICE,INE927C01020,T,20.59,20.59,19.25,19.99,20.26,59737,1165706.00,108
BSE,DIGITIDE,INE0U4701011,B,106.90,110.88,102.43,108.36,104.89,79113,8460357.00,841
BSE,DIGJAMLMTD,INE731U01028,B,42.25,45.90,42.25,45.78,44.94,3348,146482.00,14
BSE,DIKSHA,INE1OSI01014,M,111.00,111.00,110.00,110.00,112.00,4800,530400.00,4
BSE,DILIGENT,INE650C01036,X,2.01,2.08,2.01,2.07,2.01,63403,129612.00,128
BSE,DISAQ,INE131C01011,B,12200.00,12281.55,12200.00,12281.00,11839.10,11,134462.00,11
BSE,DISHTV,INE836F01026,T,2.94,3.03,2.92,2.98,2.94,195890,583389.00,361
BSE,DITCO,INE183R01010,X,11.51,12.50,11.51,12.50,11.91,2011,25135.00,7
BSE,DIVGIITTS,INE753U01022,B,989.90,997.10,962.30,967.85,981.20,2534,2481524.00,203
BSE,DIVISLAB,INE361B01024,A,6870.00,6870.00,6775.00,6835.70,6811.45,8440,57636601.00,934
BSE,DIVSHKT,INE410G01010,X,51.00,51.90,48.00,48.26,50.90,788,39015.00,33
BSE,DIXON,INE935N01020,A,13762.10,14026.70,13378.00,13420.60,13490.00,164586,2248149299.00,27367
BSE,DJML,INE0B1K01014,B,118.00,118.20,110.00,113.70,115.40,57345,6633661.00,812
BSE,DJSSS,INE234E01027,X,1.84,1.84,1.73,1.80,1.82,16700,29735.00,52
BSE,DKUAL,INE0QXT01018,M,8.50,8.50,8.33,8.33,8.76,212000,1776260.00,77
BSE,DLCL,INE871Z01013,M,8.20,8.39,8.10,8.23,8.22,20000,164960.00,4
BSE,DLF,INE271C01023,A,667.70,691.60,654.90,685.70,659.95,454660,309179613.00,10237
BSE,DLINKINDIA,INE250K01012,B,504.80,513.00,496.00,506.30,545.85,38155,19251456.00,891
BSE,DLTNCBL,INE872E01016,X,426.10,428.90,416.55,427.35,423.45,2835,1209948.00,83
BSE,DMART,INE192R01011,A,4080.95,4101.45,4030.00,4083.05,4079.20,11467,46670099.00,2249
BSE,DMCC,INE505A01010,B,276.15,276.55,263.00,264.05,267.40,1872,507753.00,69
BSE,DMR,INE07L501010,M,33.73,33.73,31.60,31.60,31.00,9750,324714.00,3
BSE,DNAMEDIA,INE016M01021,B,2.71,2.93,2.71,2.80,2.81,3826,10800.00,17
BSE,DODLA,INE021O01019,A,1116.00,1118.10,1103.75,1115.80,1114.50,405,449480.00,50
BSE,DOLATALGO,INE966A01022,B,70.20,72.45,70.20,72.06,71.11,4265,307531.00,102
BSE,DOLFIN,INE666Y01010,B,169.00,175.55,169.00,170.25,169.10,1142,195770.00,42
BSE,DOLLAR,INE325C01035,B,269.85,275.15,268.80,269.25,267.30,6548,1780602.00,228
BSE,DOLPHIN,INE920A01037,B,374.40,385.00,374.40,384.70,386.05,955,364517.00,99
BSE,DOMS,INE321T01012,A,2321.05,2402.85,2309.95,2375.50,2322.30,15727,37363755.00,1854
BSE,DONEAR,INE668D01028,B,85.27,85.44,82.50,84.91,84.55,1981,167311.00,153
BSE,DPABHUSHAN,INE266Y01019,B,1188.90,1220.00,1162.95,1197.10,1149.65,9358,11183605.00,798
BSE,DPL,INE0MC401013,M,5.76,6.20,5.50,5.82,6.32,141000,828660.00,36
BSE,DPWIRES,INE864X01013,T,185.00,187.00,180.00,181.55,180.95,434,78642.00,35
BSE,DRAGARWQ,INE934C01018,B,5079.95,5079.95,4894.95,4904.80,4981.20,205,1012132.00,74
BSE,DRCSYSTEMS,INE03RS01027,B,13.80,14.32,13.63,13.71,13.96,7633,105423.00,97
BSE,DREAMFOLKS,INE0JS101016,B,74.05,74.05,68.57,69.59,67.79,5363,372927.00,145
BSE,DREDGECORP,INE506A01018,B,1062.00,1073.15,1046.10,1051.70,1055.45,4597,4888622.00,285
BSE,DRONACHRYA,INE0MQD01015,M,41.25,41.25,39.55,39.62,39.66,28000,1116650.00,24
BSE,DRREDDY,INE089A01031,A,1254.95,1254.95,1222.00,1245.50,1269.80,399100,495537587.00,15723
BSE,DSFCL,INE0OFM01015,T,23.60,24.15,23.03,23.80,23.41,1644,38495.00,14
BSE,DSSL,INE417B01040,B,1329.20,1347.90,1286.15,1322.65,1288.85,2074,2742465.00,252
BSE,DTIL,INE341R01014,B,137.90,139.55,135.75,139.00,135.65,282,39254.00,15
BSE,DUCON,INE741L01018,T,3.01,3.12,3.01,3.04,3.03,49659,151416.00,43
BSE,DUKEOFS,INE397G01019,XT,28.52,28.52,28.52,28.52,27.97,3626,103413.00,23
BSE,DUNCANENG,INE340F01011,X,375.35,385.75,375.00,377.35,375.75,355,133269.00,10
BSE,DUROPACK,INE138B01018,X,56.27,57.31,56.27,57.31,56.85,410,23172.00,3
BSE,DUROPLY,INE932D01010,X,118.65,121.45,117.50,118.40,118.00,4420,526049.00,44
BSE,DUTRON,INE940C01015,X,101.75,101.75,99.30,100.70,101.75,299,30362.00,7
BSE,DVL,INE477B01010,B,243.60,244.85,239.20,241.95,241.00,181,43841.00,14
BSE,DWARKESH,INE366A01041,B,42.65,43.10,42.51,42.69,42.61,50287,2155832.00,223
BSE,DYCL,INE600Y01019,B,360.90,367.25,360.90,362.25,361.30,9860,3586043.00,331
BSE,DYNAMATECH,INE221B01012,B,11017.20,11017.20,10621.90,10671.55,10817.20,1481,15935770.00,333
BSE,DYNAMIND,INE457C01010,X,107.40,107.80,105.70,105.85,108.50,712,76357.00,17
BSE,DYNAVSN,INE083E01010,X,201.00,205.00,201.00,204.25,202.10,211,43194.00,17
BSE,DYNPRO,INE256H01015,B,233.05,238.90,231.60,233.85,232.75,24,5597.00,6
BSE,E2E,INE255Z01027,B,404.00,417.20,394.65,397.05,397.55,63120,25584847.00,1371
BSE,EARTH,INE0O4V01010,M,14.91,14.92,14.91,14.92,14.92,6000,89490.00,2
BSE,EASEMYTRIP,INE07O001026,A,6.78,7.05,6.74,6.92,6.76,1970175,13580448.00,1692
BSE,EASTBUILD,INE706N01017,XT,55.06,57.81,52.31,53.76,55.06,5,270.00,4
BSE,EASTINDIA,INE191C01023,XT,100.50,100.50,98.00,98.00,96.80,443,44294.00,20
BSE,EASTRED,INE500D01015,X,30.40,30.40,29.50,29.50,29.53,144,4306.00,10
BSE,EASTSILK,INE962C01035,T,48.50,49.00,48.50,49.00,48.00,36,1751.00,4
BSE,EASTWEST,INE595R01023,XT,2.42,2.55,2.42,2.49,2.47,34380,86039.00,67
BSE,EASUN,INE771C01014,XT,60.50,60.50,60.50,60.50,60.63,11,665.00,1
BSE,EBGNG,INE18JU01028,B,661.70,661.70,629.85,634.20,632.40,13685,8732671.00,447
BSE,EBIX,INE432F01032,XT,26.33,26.72,25.00,25.60,26.01,107296,2775883.00,253
BSE,ECLERX,INE738I01010,A,1563.50,1628.50,1563.50,1622.30,1556.05,15467,24751164.00,1359
BSE,ECOBOAR,INE866A01016,X,56.50,57.00,56.50,56.50,55.86,1952,110388.00,15
BSE,ECOHOTELS,INE638N01012,XT,12.90,12.94,12.75,12.88,12.94,5794,74126.00,31
BSE,ECOPLAST,INE423D01010,X,475.00,475.00,464.10,475.00,463.35,165,77892.00,15
BSE,ECORECO,INE316A01038,XT,490.90,490.90,470.00,484.15,473.00,15744,7565094.00,604
BSE,ECOSMOBLTY,INE06HJ01020,T,127.00,130.90,125.05,127.55,126.70,5062,648688.00,88
BSE,ECS,INE925Q01024,XT,11.22,12.02,11.22,11.99,11.45,31702,375774.00,29
BSE,EDELWEISS,INE532F01054,A,119.35,121.80,118.65,120.15,117.60,114295,13758164.00,603
BSE,EDVENSWA,INE125G01014,XT,23.52,23.52,21.44,23.19,22.56,68597,1482025.00,142
BSE,EFCIL,INE886D01026,B,189.15,194.60,189.10,192.35,193.00,11682,2243318.00,207
BSE,EFORU,INE355H01015,X,96.50,96.65,89.50,94.97,92.05,11890,1120902.00,110
BSE,EICHERMOT,INE066A01021,A,7400.00,7455.00,7336.00,7364.20,7365.40,252072,1854994953.00,3513
BSE,EIDPARRY,INE126A01031,A,751.60,760.60,749.45,758.15,748.45,15596,11772590.00,910
BSE,EIEL,INE0LLY01014,A,228.05,245.70,228.05,244.55,228.15,314984,75498272.00,3186
BSE,EIGHTY,INE0KSN01014,MT,42.00,44.29,42.00,44.29,42.28,9000,384870.00,2
BSE,EIHAHOTELS,INE276C01014,B,319.40,328.20,314.95,319.15,317.85,2124,679916.00,114
BSE,EIHOTEL,INE230A01023,A,330.95,332.55,327.00,330.10,327.45,7812,2574385.00,359
BSE,EIKO,INE666Q01016,X,50.00,50.20,49.00,49.20,49.37,8764,431853.00,74
BSE,EIMCOELECO,INE158B01016,B,1817.00,1830.45,1730.65,1743.90,1783.60,4271,7628248.00,442
BSE,EKAMLEA,INE906L01025,XT,8.23,8.55,7.75,8.55,8.15,1226,10094.00,21
BSE,EKANSH,INE005E01013,X,237.20,242.00,234.00,239.90,236.05,3808,908588.00,64
BSE,EKC,INE184H01027,B,115.35,116.05,114.00,115.10,113.90,10345,1188339.00,234
BSE,EKENNIS,INE0KCM01010,MT,81.20,81.20,81.20,81.20,85.45,800,64960.00,1
BSE,EKI,INE0CPR01018,B,81.16,89.57,81.16,89.57,81.43,59078,5161395.00,580
BSE,ELAND,INE311H01018,X,13.51,13.51,12.61,13.00,13.45,15727,204397.00,23
BSE,ELANTAS,INE280B01018,B,9875.00,9875.00,9502.40,9549.05,9778.20,90,866818.00,45
BSE,ELCIDIN,INE927X01018,B,114000.00,114000.00,112511.00,112512.90,113000.00,3,339023.00,3
BSE,ELDEHSG,INE668G01021,B,846.15,846.15,830.00,830.05,805.00,501,415871.00,3
BSE,ELECON,INE205B01031,A,517.95,522.45,482.30,510.30,513.00,159233,79771648.00,4266
BSE,ELECTCAST,INE086A01029,A,76.63,77.64,76.29,77.38,75.40,65918,5071690.00,524
BSE,ELECTHERM,INE822G01016,B,1126.60,1127.20,1108.05,1121.15,1119.25,686,768324.00,91
BSE,ELEFLOR,INE152E01013,X,4.89,5.10,4.67,4.85,4.89,13101,63404.00,51
BSE,ELEMARB,INE095B01010,X,185.50,185.50,175.00,177.00,182.20,566,100289.00,39
BSE,ELFIN,INE1FEW01013,MT,72.25,72.25,72.25,72.25,71.50,6000,433500.00,1
BSE,ELFORGE,INE158F01017,X,19.25,19.90,18.77,19.45,19.17,10651,207307.00,56
BSE,ELGIEQUIP,INE285A01027,A,597.40,597.40,569.70,576.25,588.65,1202723,703302442.00,1442
BSE,ELIN,INE050401020,B,100.70,101.00,97.90,100.60,99.90,6771,674489.00,131
BSE,ELITECON,INE669R01026,B,23.40,23.69,20.83,21.08,23.18,1288984,28257058.00,4709
BSE,ELIXIR,INE785D01012,X,119.70,123.00,115.20,119.00,117.80,446,52149.00,30
BSE,ELLEN,INE236E01022,B,270.10,294.50,269.65,294.50,267.75,147541,42537493.00,2853
BSE,ELNET,INE033C01019,X,333.45,333.45,325.00,327.20,326.20,684,224117.00,39
BSE,ELPROINTL,INE579B01039,B,175.00,175.00,173.20,174.25,173.95,2691,467966.00,35
BSE,EMAINDIA,INE279D01016,XT,776.70,792.15,761.20,791.00,776.70,219,170325.00,15
BSE,EMAMILTD,INE548C01032,A,416.95,423.25,416.90,421.30,415.00,16058,6753514.00,657
BSE,EMAMIPAP,INE830C01026,B,88.03,88.64,86.08,86.84,88.03,3906,340634.00,68
BSE,EMAMIREAL,INE778K01012,T,78.89,78.89,76.35,77.80,79.95,2596,202223.00,21
BSE,EMBASSY,INE041025011,IF,448.30,451.95,446.75,450.10,443.44,17241,7748883.00,501
BSE,EMBDL,INE069I01010,A,63.89,67.52,63.79,66.16,63.79,246746,16166235.00,1226
BSE,EMCURE,INE168P01015,A,1801.75,1824.80,1801.75,1810.45,1807.80,2860,5176530.00,297
BSE,EMERALD,INE030Q01015,X,55.51,57.90,55.51,56.88,55.32,17920,1024503.00,127
BSE,EMERGENT,INE668L01013,XT,417.00,417.00,397.00,417.00,417.70,30,12461.00,7
BSE,EMIAC,INE1OSW01015,M,94.00,95.00,93.00,93.54,93.01,40800,3818508.00,21
BSE,EMIL,INE02YR01019,A,132.85,136.50,132.55,134.40,132.20,46803,6279179.00,654
BSE,EMKAY,INE296H01011,B,266.85,271.90,266.85,271.70,265.00,736,197405.00,42
BSE,EMMBI,INE753K01015,T,89.00,91.00,88.50,90.50,90.00,702,63261.00,10
BSE,EMMESSA,INE634B01016,X,25.38,25.38,24.57,24.67,24.56,1242,31128.00,30
BSE,EMMFORCE,INE0SDC01012,MT,182.00,186.00,182.00,183.45,182.00,15600,2872020.00,12
BSE,EMMVEE,INE1C6T01020,B,338.00,338.00,331.80,333.05,333.55,46267,15476080.00,3344
BSE,EMPIND,INE515H01014,X,1010.00,1028.00,1002.30,1012.85,1012.55,1762,1793763.00,77
BSE,EMPOWER,INE507F01023,T,2.14,2.20,2.14,2.15,2.25,422988,907172.00,297
BSE,EMROCK,INE554H01021,XT,256.50,269.00,256.50,256.50,269.95,2076,534215.00,35
BSE,EMSLIMITED,INE0OV601013,B,427.00,461.70,420.95,460.10,419.75,195577,87441108.00,3602
BSE,EMUDHRA,INE01QM01018,B,440.00,494.00,440.00,455.20,435.00,236781,112900296.00,6978
BSE,ENBETRD,INE993I01029,X,0.27,0.27,0.26,0.26,0.27,8478343,2228329.00,656
BSE,ENCODE,INE900O01014,X,11.31,11.31,11.31,11.31,11.90,1,11.00,1
BSE,ENDURANCE,INE913H01037,A,2720.85,2741.50,2664.55,2686.05,2706.90,6090,16450383.00,745
BSE,ENERGYDEV,INE306C01019,B,16.22,17.30,16.22,16.95,16.83,3653,62395.00,71
BSE,ENERGYINF,INE05KD23015,IF,79.49,79.80,79.35,79.65,78.60,425000,33792250.00,15
BSE,ENGINERSIN,INE510A01028,A,239.25,241.35,237.60,239.55,237.30,141438,33901040.00,1600
BSE,ENIL,INE265F01028,B,106.10,106.10,105.50,105.95,105.50,1137,120025.00,26
BSE,ENKEIWHEL,INE130L01014,X,365.30,369.95,360.00,365.05,369.95,1004,363394.00,49
BSE,ENRIN,INE1NPP01017,B,3452.20,3564.00,3401.00,3516.95,3439.15,27031,94284472.00,2661
BSE,ENTERO,INE010601016,B,1238.40,1253.90,1205.00,1208.65,1215.80,12235,15259140.00,262
BSE,ENVAIREL,INE601C01013,XT,77.00,77.00,70.50,76.78,73.34,7010,503386.00,36
BSE,EPACK,INE0G5901015,A,232.95,236.50,231.80,233.45,230.10,22669,5305689.00,359
BSE,EPACKPEB,INE0MLS01022,B,267.30,271.35,260.70,265.75,262.35,59419,15843383.00,959
BSE,EPBIO,INE0D2I01014,M,81.90,99.90,81.90,99.90,95.00,3500,331640.00,4
BSE,EPIC,INE932F01015,X,36.00,37.09,36.00,36.16,35.99,1265,46061.00,39
BSE,EPIGRAL,INE071N01016,A,1010.25,1013.50,968.55,979.00,995.85,5972,5900426.00,418
BSE,EPL,INE255A01020,A,242.05,242.05,236.80,237.50,239.45,9602,2292861.00,224
BSE,EPSOMPRO,INE601F01016,XT,7.58,7.58,6.86,6.86,7.22,27,186.00,4
BSE,EPUJA,INE807D01030,X,1.58,1.61,1.52,1.61,1.54,116452,184144.00,81
BSE,EQUILATERA,INE060N01019,X,15.00,15.80,14.30,15.50,15.05,11067,159570.00,16
BSE,EQUIPPP,INE217G01035,T,23.90,24.19,22.70,23.84,23.04,9184,218704.00,19
BSE,EQUITASBNK,INE063P01018,A,78.11,82.80,78.11,82.21,78.20,872421,70842016.00,3974
BSE,ERIS,INE406M01024,A,1417.00,1449.30,1417.00,1428.70,1431.40,2950,4236995.00,292
BSE,ESABINDIA,INE284A01012,A,5668.00,5793.90,5668.00,5761.45,5660.40,287,1642962.00,53
BSE,ESAFSFB,INE818W01011,B,34.71,36.29,34.70,35.66,34.54,263895,9388696.00,987
BSE,ESARIND,INE404L01039,X,10.28,10.65,10.28,10.36,10.48,15458,159961.00,66
BSE,ESCORP,INE953W01016,B,100.00,102.85,100.00,102.85,100.00,1214,122813.00,14
BSE,ESCORTS,INE042A01014,A,2905.55,2966.00,2905.55,2943.20,2909.75,3867,11369880.00,461
BSE,ESHAMEDIA,INE328F01016,X,31.60,31.60,31.60,31.60,30.10,702,22183.00,13
BSE,ESPIRE,INE176O01011,X,170.00,174.75,167.00,174.15,167.75,940,160270.00,30
BSE,ESSARSHPNG,INE122M01019,B,22.34,22.79,22.34,22.67,22.33,2452,55460.00,53
BSE,ESSENTIA,INE418N01035,T,1.22,1.24,1.21,1.23,1.21,84268,103581.00,58
BSE,ESSEX,INE1IBY01019,MT,42.95,42.95,39.90,41.89,42.00,16000,656980.00,8
BSE,ESTER,INE778B01029,B,88.25,91.74,88.25,90.75,89.58,4502,409203.00,92
BSE,ETERNAL,INE758T01015,A,295.05,295.80,287.45,289.65,292.25,701753,203785218.00,7314
BSE,ETHOSLTD,INE04TZ01018,A,2572.10,2572.10,2436.00,2486.90,2526.45,2167,5350769.00,364
BSE,ETIL,INE937K01014,X,6.85,6.89,6.55,6.77,6.55,7358,49062.00,23
BSE,EUREKAFORB,INE0KCE01017,A,456.00,459.50,450.15,452.80,452.45,7312,3331644.00,421
BSE,EUREKAI,INE958A01011,XT,13.66,13.66,13.66,13.66,13.93,5129,70062.00,27
BSE,EUROBOND,INE505V01016,B,163.10,174.90,163.10,169.85,162.70,179,30411.00,8
BSE,EUROLED,INE940E01011,X,16.01,16.49,16.01,16.27,16.68,772,12495.00,18
BSE,EUROPRATIK,INE198501012,B,312.80,320.00,311.55,313.90,310.45,2438,767058.00,96
BSE,EUROTEXIND,INE022C01012,T,14.74,15.65,14.73,14.75,15.50,2586,38689.00,10
BSE,EVANS,INE06TD01010,M,67.00,70.00,66.31,69.50,66.00,12000,825400.00,11
BSE,EVEREADY,INE128A01029,B,353.80,365.60,353.80,361.35,354.60,13147,4746647.00,651
BSE,EVERESTIND,INE295A01018,T,493.00,493.00,480.20,489.90,480.10,227,110240.00,18
BSE,EVERESTO,INE334C01029,X,307.00,314.85,295.00,312.05,306.15,1439,440920.00,35
BSE,EVERFIN,INE339D01034,X,125.00,125.00,121.80,121.80,114.80,7,856.00,3
BSE,EVEXIA,INE313M01030,XT,1.62,1.69,1.58,1.61,1.64,3465705,5675027.00,665
BSE,EVOQ,INE0JVD01011,MT,2.25,2.25,2.16,2.20,2.25,16000,35120.00,4
BSE,EXATO,INE1E4401010,M,455.00,517.90,453.95,515.45,431.60,268500,131730550.00,459
BSE,EXCELINDUS,INE369A01029,B,940.00,940.00,892.55,912.95,903.75,195,177121.00,28
BSE,EXCELSOFT,INE606N01019,B,79.20,80.61,78.81,79.27,78.53,18167,1445871.00,221
BSE,EXHICON,INE0O8901016,M,523.25,526.00,510.15,519.75,514.80,25000,12984312.00,80
BSE,EXICOM,INE777F01014,B,162.05,171.25,160.45,170.05,160.35,155298,25728126.00,1136
BSE,EXIDEIND,INE302A01020,A,429.80,431.00,422.10,424.50,424.95,193328,82448225.00,3859
BSE,EXPLEOSOL,INE201K01015,B,815.70,824.30,808.60,809.70,828.65,1655,1348546.00,218
BSE,EXPLICITFIN,INE335G01019,X,7.85,7.85,7.85,7.85,8.26,22,172.00,1
BSE,EXPOEAPL,INE561D01025,X,76.59,79.69,75.00,75.11,76.21,2497,188722.00,33
BSE,EXXARO,INE0GFE01026,B,6.54,6.67,6.54,6.57,6.58,7950,52337.00,51
BSE,EY,INE750G01019,XT,642.20,709.00,642.20,709.00,676.00,221,141993.00,8
BSE,FAALCON,INE0Q9W01015,M,41.80,42.00,40.24,41.50,40.80,34000,1401640.00,17
BSE,FABCLEAN,INE0HSD01011,MT,390.00,393.75,380.00,381.90,380.00,8400,3256800.00,19
BSE,FABTECH,INE0HF201011,B,159.70,164.65,159.10,159.55,160.40,32421,5216507.00,720
BSE,FACORALL,INE828G01013,XT,3.30,3.46,3.14,3.44,3.30,166137,546122.00,162
BSE,FACT,INE188A01015,B,850.00,870.00,850.00,855.85,850.10,9833,8448750.00,497
BSE,FAIRCHEMOR,INE0DNW01011,T,720.00,742.00,697.00,704.25,707.00,225,161780.00,26
BSE,FAMILYCARE,INE146N01016,X,3.00,3.00,2.93,2.95,2.96,23879,70831.00,109
BSE,FAZE3Q,INE963C01033,B,579.30,597.50,572.40,588.70,580.75,1354,792624.00,86
BSE,FCL,INE045J01034,B,37.93,38.18,36.65,37.02,37.40,313747,11692248.00,883
BSE,FCSSOFT,INE512B01022,T,1.49,1.49,1.47,1.49,1.49,194707,289066.00,89
BSE,FDC,INE258B01022,B,427.05,436.45,427.00,432.00,431.85,7299,3157145.00,290
BSE,FEDDERSHOL,INE417D01020,B,43.02,44.35,41.80,44.10,42.21,19536,838802.00,164
BSE,FEDERALBNK,INE171A01029,A,330.15,332.50,327.90,329.95,327.90,149861,49444398.00,3399
BSE,FEDFINA,INE007N01010,B,154.70,160.20,154.70,159.35,154.40,71147,11309344.00,1048
BSE,FEL,INE623B01027,Z,0.49,0.49,0.49,0.49,0.49,14061,6889.00,6
BSE,FERMENTA,INE225B01021,B,408.00,415.70,396.95,411.65,401.10,25606,10431531.00,736
BSE,FERVENTSYN,INE258M01011,X,15.20,15.43,14.99,15.38,14.75,4829,72871.00,23
BSE,FFPL,INE617C01027,Z,4.21,4.21,4.21,4.21,4.21,200,842.00,1
BSE,FGP,INE512A01016,X,11.35,11.90,11.01,11.69,11.36,2652,30261.00,31
BSE,FIBERWEB,INE296C01020,B,30.69,32.45,30.69,31.00,31.00,923,28836.00,22
BSE,FIEMIND,INE737H01014,B,2228.30,2257.25,2208.00,2249.05,2208.05,1122,2505977.00,208
BSE,FIL,INE1W3Q01011,M,215.95,218.00,212.50,216.60,216.00,35400,7566180.00,18
BSE,FILATEX,INE816B01035,B,61.40,63.03,60.02,62.12,60.99,191465,11783839.00,1045
BSE,FILATFASH,INE185E01021,T,0.19,0.20,0.19,0.20,0.20,2882180,555222.00,354
BSE,FILME,INE600B01033,XT,2.12,2.12,2.12,2.12,2.08,110980,235277.00,9
BSE,FILTRA,INE541R01019,M,71.00,71.00,55.01,57.00,60.01,12000,710260.00,6
BSE,FILTRON,INE589N01017,XT,72.07,72.07,72.07,72.07,73.54,15,1081.00,3
BSE,FINCABLES,INE235A01022,A,1047.20,1063.20,1046.30,1054.75,1046.90,13056,13756726.00,833
BSE,FINELINE,INE087E01011,XT,65.05,67.87,61.85,62.06,65.10,1405,88569.00,37
BSE,FINEORG,INE686Y01026,A,5052.45,5057.25,4992.30,4999.75,4972.35,677,3392838.00,217
BSE,FINKURVE,INE734I01027,B,62.20,66.69,62.20,64.89,65.54,2417,157420.00,42
BSE,FINOPB,INE02NC01014,B,136.10,137.35,134.55,135.45,134.70,8794,1191589.00,207
BSE,FINPIPE,INE183A01024,A,167.50,171.30,167.30,169.25,167.30,39434,6696542.00,729
BSE,FIRSTCRY,INE02RE01045,A,205.00,213.90,204.95,211.95,203.50,333672,70338842.00,2801
BSE,FIRSTFIN,INE683B01047,XT,7.75,8.45,7.71,7.71,8.11,1280,9887.00,18
BSE,FISCHER,INE771F01041,B,38.68,38.93,37.40,38.74,38.10,95615,3678131.00,450
BSE,FIVESTAR,INE128S01021,A,548.55,563.00,537.70,545.75,550.10,58413,32094200.00,1760
BSE,FLAIR,INE00Y201027,B,262.00,265.95,259.45,260.55,261.10,9723,2550750.00,267
BSE,FLEXFO,INE954B01018,X,44.95,44.95,43.00,43.18,43.95,2250,97812.00,28
BSE,FLEXITUFF,INE060J01017,T,5.55,5.55,5.22,5.22,5.49,2639,13834.00,19
BSE,FLFL,INE452O01016,Z,1.33,1.37,1.31,1.31,1.37,13798,18336.00,17
BSE,FLOMIC,INE952M01019,X,51.56,53.00,51.55,51.60,51.55,253,13072.00,14
BSE,FLUIDOM,INE459C01016,X,896.00,919.95,896.00,902.30,901.55,817,740602.00,76
BSE,FLUOROCHEM,INE09N301011,A,3863.60,3948.75,3863.60,3939.80,3866.75,2427,9491164.00,430
BSE,FMEC,INE108T01021,XT,11.58,11.58,11.58,11.58,12.18,135575,1569958.00,188
BSE,FMGOETZE,INE529A01010,B,451.00,459.05,451.00,453.40,447.15,3086,1409632.00,74
BSE,FMNL,INE360L01017,T,10.00,10.48,9.70,10.40,10.20,23090,225620.00,33
BSE,FOODSIN,INE976E01023,B,63.85,63.85,60.14,60.65,62.60,2434,149331.00,127
BSE,FORBESCO,INE518A01013,X,294.10,300.00,288.05,297.45,292.15,1215,359742.00,51
BSE,FORCEMOT,INE451A01017,A,18443.75,18443.75,18110.00,18151.40,18165.80,3387,61795097.00,836
BSE,FORINTL,INE501D01013,X,88.94,88.94,77.00,77.00,78.00,1612,124237.00,12
BSE,FORTIS,INE061F01013,A,959.80,970.00,948.95,968.05,951.50,75999,72669410.00,2888
BSE,FORTISMLR,INE842B01015,X,52.50,52.50,50.58,51.48,51.15,5748,294899.00,179
BSE,FOSECOC,INE599F01020,X,1387.00,1388.05,1356.65,1360.15,1386.55,540,739170.00,62
BSE,FOSECOIND,INE519A01011,B,5169.00,5239.90,5169.00,5220.75,5200.00,39,203597.00,25
BSE,FRACTAL,INE212S01015,B,851.45,852.95,838.00,847.55,841.25,9830,8308468.00,859
BSE,FRANKLININD,INE789R01022,XT,0.36,0.37,0.36,0.36,0.36,1233030,452585.00,420
BSE,FRASER,INE184Q01010,XT,10.00,10.39,9.99,10.07,10.00,5257,52929.00,18
BSE,FRATELLI,INE401Z01019,XT,103.00,103.00,96.00,101.86,99.45,3735,381945.00,36
BSE,FREDUN,INE194R01017,X,2664.90,2665.00,2564.00,2583.35,2635.05,8440,21950062.00,471
BSE,FRONTCAP,INE977E01013,X,8.80,8.80,8.14,8.72,8.56,17520,148395.00,34
BSE,FRONTCORP,INE092D01013,X,35.40,35.40,35.40,35.40,35.89,1,35.00,1
BSE,FRONTFN,INE776R01011,XT,22.63,22.63,22.63,22.63,22.19,1,22.00,1
BSE,FRONTSP,INE572D01014,B,1479.95,1479.95,1430.40,1439.50,1439.65,884,1274392.00,158
BSE,FRUTION,INE836C01015,X,34.98,35.05,31.73,34.00,33.39,718,25137.00,10
BSE,FSL,INE684F01012,A,246.90,260.90,245.95,259.75,242.85,196916,50147101.00,2554
BSE,FUNDVISER,INE365H01014,XT,395.00,395.00,395.00,395.00,399.00,859,339305.00,8
BSE,FUSION,INE139R01012,B,232.75,241.75,230.00,233.95,229.00,75625,17765587.00,1140
BSE,FYNX,INE455H01021,X,4.33,4.35,4.30,4.33,4.16,1528,6616.00,13
BSE,GABRIEL,INE524A01029,A,1261.50,1269.00,1244.30,1251.00,1253.70,12636,15881795.00,567
BSE,GAEL,INE036B01030,B,157.80,159.00,153.40,154.25,158.85,463921,71920736.00,1109
BSE,GAGAN,INE076D01016,XT,20.19,20.20,19.35,19.51,19.35,2003,39345.00,36
BSE,GAIL,INE129A01019,A,170.90,174.40,170.90,173.60,170.40,215540,37348341.00,2844
BSE,GAJANANSEC,INE868G01019,X,56.00,56.87,54.10,55.20,55.99,215,12178.00,15
BSE,GALACTICO,INE906Y01028,B,2.01,2.04,2.00,2.04,2.01,92665,187644.00,129
BSE,GALADA,INE255C01026,XT,11.83,11.83,11.83,11.83,11.60,232,2744.00,4
BSE,GALADAFIN,INE243E01010,XT,37.03,37.03,36.00,36.00,36.30,209,7538.00,6
BSE,GALAGEX,INE803L01016,X,68.00,68.00,64.00,66.47,68.38,22919,1522510.00,27
BSE,GALAPREC,INE0RE001014,B,1180.20,1201.00,1180.20,1187.05,1183.25,38534,46129823.00,323
BSE,GALAXYSURF,INE600K01018,A,2020.00,2032.15,1996.05,2002.95,2000.20,604,1217278.00,113
BSE,GALLANTT,INE297H01019,B,674.15,678.60,663.35,668.15,662.40,3519,2359697.00,270
BSE,GALLOPENT,INE755J01012,XT,33.69,33.69,33.69,33.69,32.09,697,23481.00,10
BSE,GALXBRG,INE020S01012,XT,1010.00,1010.00,950.30,983.45,989.65,1571,1535299.00,108
BSE,GAMCO,INE890S01026,X,49.51,49.51,48.65,49.15,49.36,16736,821239.00,119
BSE,GANDHAR,INE717W01049,B,193.50,209.70,193.50,202.75,193.50,210722,43073184.00,6742
BSE,GANDHITUBE,INE524B01027,B,864.85,867.00,855.05,855.90,850.20,628,540982.00,33
BSE,GANECOS,INE845D01014,A,1148.90,1150.65,1100.00,1110.45,1135.40,6948,7862921.00,424
BSE,GANESHBE,INE388A01029,B,98.30,98.75,96.55,97.15,96.50,8309,811176.00,203
BSE,GANESHCP,INE652V01016,B,192.00,192.00,188.55,189.10,190.60,6053,1148100.00,172
BSE,GANESHHOU,INE460C01014,A,878.70,878.70,855.00,865.60,866.45,4691,4048774.00,314
BSE,GANGAPA,INE278O01015,X,80.50,84.50,80.50,84.50,80.60,44,3682.00,3
BSE,GANGESSECU,INE335W01016,B,119.90,119.90,114.10,116.15,115.10,1001,117116.00,3
BSE,GANHOLD,INE932M01011,XT,82.00,82.75,82.00,82.75,83.65,2,164.00,2
BSE,GANONPRO,INE162L01017,X,13.00,13.74,12.15,12.15,13.50,137404,1722420.00,156
BSE,GANVERSE,INE369Q01017,MT,31.30,33.17,30.45,31.75,32.05,38750,1219025.00,17
BSE,GARBIFIN,INE721C01019,X,9.78,9.78,9.55,9.56,9.51,4204,40747.00,25
BSE,GARFIBRES,INE276A01018,A,721.10,727.20,718.80,723.55,722.00,2999,2168336.00,203
BSE,GARGFUR,INE194E01015,X,116.00,116.90,112.00,113.85,114.95,8384,960074.00,60
BSE,GARGI,INE0NT601018,M,771.00,818.00,770.00,805.60,767.70,15750,12678068.00,81
BSE,GARMNTMNTR,INE653S01028,X,1.16,1.16,1.13,1.14,1.13,345802,396070.00,176
BSE,GARNET,INE797D01017,X,68.60,72.00,68.60,69.40,68.82,2483,174302.00,51
BSE,GARNETINT,INE590B01010,X,60.96,63.00,60.96,62.16,60.92,2834,174782.00,28
BSE,GARUDA,INE0JVO01026,B,176.85,178.30,175.90,177.25,173.75,18983,3355926.00,268
BSE,GARWAMAR,INE925D01014,X,22.75,22.75,21.53,21.67,21.88,2029,44355.00,42
BSE,GARWAOFFS,INE446C01013,XT,48.90,49.97,48.50,48.99,48.90,6050,296293.00,39
BSE,GARWSYN,INE340D01016,X,21.03,21.03,21.03,21.03,20.62,26,546.00,2
BSE,GATECH,INE224E01028,B,0.48,0.49,0.47,0.48,0.48,569392,273708.00,106
BSE,GATECHDVR,INE224E01036,B,0.48,0.48,0.44,0.46,0.43,142206,65390.00,32
BSE,GATEWAY,INE079J01017,B,58.81,58.92,58.32,58.69,57.92,30071,1763936.00,427
BSE,GAUDIUMIVF,INE0P8B01020,T,118.90,124.65,117.00,124.60,118.75,38011,4678341.00,324
BSE,GAYAHWS,INE287Z01012,B,1.81,1.91,1.72,1.87,1.83,80855,145755.00,93
BSE,GAYAPROJ,INE336H01023,T,20.96,21.80,20.52,21.04,20.99,38892,823408.00,147
BSE,GAYATRI,INE622E01023,X,8.00,8.40,8.00,8.26,8.05,16090,132514.00,74
BSE,GAYATRIBI,INE052E01015,X,8.20,8.20,7.44,7.44,7.83,27836,209704.00,114
BSE,GBFL,INE997C01015,X,9.03,9.95,8.91,9.10,9.21,15807,145935.00,103
BSE,GBLOGISTIC,INE0RWU01016,M,25.49,27.93,25.35,27.29,25.28,38400,1018752.00,32
BSE,GCMSECU,INE168O01026,B,0.66,0.69,0.66,0.68,0.67,38349,25914.00,63
BSE,GCONNECT,INE0QHY01011,M,11.31,12.56,11.31,12.56,12.56,15000,171525.00,10
BSE,GCSL,INE199P01028,B,496.70,498.55,484.35,490.15,492.60,2486,1213139.00,68
BSE,GDLLEAS,INE545E01018,XT,54.02,59.70,54.02,59.70,56.86,2317,125286.00,22
BSE,GEE,INE064H01021,XT,98.00,105.00,98.00,105.00,100.00,61958,6463493.00,291
BSE,GEECEE,INE916G01016,T,362.00,362.00,350.00,350.00,345.00,77,27201.00,4
BSE,GEL,INE721X01023,M,32.00,32.45,32.00,32.45,32.00,21000,673350.00,4
BSE,GEMAROMA,INE06XZ01023,B,211.55,213.95,203.50,206.55,211.35,35653,7373913.00,563
BSE,GEMENVIRO,INE0RUJ01013,M,38.99,39.00,38.00,38.15,37.70,4800,184912.00,5
BSE,GEMSI,INE503D01027,X,1.52,1.63,1.52,1.60,1.57,46406,73176.00,107
BSE,GENCON,INE854S01022,B,42.50,43.19,41.45,41.45,41.60,7551,317400.00,178
BSE,GENESYS,INE727B01026,B,328.00,331.30,325.00,325.85,323.95,6870,2250353.00,179
BSE,GENNEX,INE509C01026,X,9.75,10.00,9.69,9.93,9.71,400152,3979046.00,445
BSE,GENPHARMA,INE861N01036,X,1.07,1.12,1.07,1.12,1.05,197823,218823.00,191
BSE,GENUSPAPER,INE949P01018,B,11.36,11.58,11.14,11.19,11.15,1219,13625.00,15
BSE,GENUSPOWER,INE955D01029,A,309.20,318.25,306.55,316.85,307.25,163605,51270217.00,2031
BSE,GENUSPRIME,INE256D01014,X,31.10,33.00,30.00,30.58,30.94,8496,268582.00,73
BSE,GEOJITFSL,INE007B01023,B,77.75,80.00,77.75,79.46,79.12,10190,807219.00,194
BSE,GESHIP,INE017A01032,A,1430.70,1430.70,1400.60,1422.00,1412.80,10119,14301444.00,751
BSE,GFLLIMITED,INE538A01037,B,46.73,46.75,45.02,46.16,45.39,1882,86354.00,34
BSE,GGAUTO,INE493B01017,X,170.70,171.50,166.00,168.65,167.00,11368,1923779.00,207
BSE,GGDPROP,INE631D01026,X,79.00,85.98,79.00,80.85,76.94,6473,531271.00,83
BSE,GGL,INE063Z01017,X,3.05,3.29,3.05,3.11,3.20,12231,38392.00,68
BSE,GGPL,INE480S01026,Z,1.75,1.75,1.61,1.63,1.69,24983,40996.00,55
BSE,GHCL,INE539A01019,A,430.30,438.20,430.10,436.25,428.05,3757,1629364.00,140
BSE,GHCLTEXTIL,INE0PA801013,B,108.34,110.00,107.11,109.04,107.81,40956,4457450.00,289
BSE,GHUSHINE,INE009U01011,M,21.50,21.50,21.50,21.50,21.05,5000,107500.00,1
BSE,GHVINFRA,INE809Q01020,X,202.85,202.85,202.85,202.85,193.20,6090,1235356.00,65
BSE,GIANLIFE,INE063601012,Z,5.08,5.08,4.80,4.94,4.94,2046,10072.00,19
BSE,GICHSGFIN,INE289B01019,B,151.15,153.25,151.00,151.55,151.15,3091,469190.00,197
BSE,GICRE,INE481Y01014,A,364.75,369.00,362.25,364.95,362.55,38704,14139456.00,1098
BSE,GILADAFINS,INE918C01029,X,14.28,14.28,13.70,13.95,14.00,6420,88529.00,42
BSE,GILLANDERS,INE047B01011,B,87.38,95.00,86.50,89.09,86.40,1245,109041.00,15
BSE,GILLETTE,INE322A01010,A,7809.00,7889.50,7788.30,7844.80,7789.65,1368,10707230.00,386
BSE,GINNIFILA,INE424C01010,T,55.99,55.99,51.60,53.16,53.33,8534,452087.00,84
BSE,GIPCL,INE162A01010,B,164.90,166.25,162.80,163.50,162.65,17225,2828227.00,305
BSE,GITARENEW,INE776O01018,X,75.02,80.00,75.00,75.55,78.43,1070,80506.00,14
BSE,GKB,INE265D01015,X,60.01,62.85,60.00,60.00,60.98,518,31082.00,7
BSE,GKCONS,INE131D01019,X,14.34,14.66,12.62,13.80,12.22,8776,123381.00,54
BSE,GKENERGY,INE1AG301022,B,146.60,146.70,141.70,143.50,145.40,52665,7570476.00,813
BSE,GKL,INE986W01016,X,35.45,36.25,35.45,35.45,37.31,40906,1452669.00,72
BSE,GKP,INE05QJ01015,B,5.93,6.05,5.81,6.00,5.94,12616,74507.00,50
BSE,GKSL,INE0V0W01025,B,131.25,138.00,130.95,132.50,130.85,27221,3633060.00,883
BSE,GLAAMUP,INE03CM01014,MT,24.26,24.26,21.96,22.00,23.11,240000,5695700.00,20
BSE,GLAND,INE068V01023,A,2470.95,2526.00,2455.00,2479.70,2469.05,18421,45850459.00,1164
BSE,GLAXO,INE159A01016,A,2434.40,2454.00,2422.55,2435.50,2443.10,2897,7066473.00,478
BSE,GLCL,INE804Q01013,XT,19.97,19.97,18.87,19.65,19.58,8982,175566.00,81
BSE,GLEN,INE0UMC01019,M,65.95,69.90,65.95,68.49,66.65,33600,2249064.00,27
BSE,GLENMARK,INE935A01035,A,2299.90,2303.00,2245.70,2282.25,2265.25,9745,22231526.00,1395
BSE,GLHRL,INE0J2K01014,M,9.42,9.94,9.00,9.94,9.47,58000,549550.00,40
BSE,GLITTEKG,INE741B01027,XT,48.32,48.32,48.00,48.00,47.38,16728,808232.00,21
BSE,GLOBALCA,INE062C01042,X,0.46,0.46,0.42,0.42,0.46,633727,275357.00,222
BSE,GLOBALE,INE0URU01010,T,11.57,11.57,11.55,11.55,12.15,503,5817.00,5
BSE,GLOBALVECT,INE792H01019,B,160.00,164.95,156.10,156.85,160.00,873,138095.00,58
BSE,GLOBECIVIL,INE0V3U01015,T,41.95,43.00,40.35,40.75,41.88,5173,213613.00,67
BSE,GLOBUSCON,INE064L01015,X,12.75,13.49,12.11,13.29,12.31,8767,112994.00,45
BSE,GLOBUSSPR,INE615I01010,B,911.10,929.90,911.10,924.75,921.60,2460,2271875.00,275
BSE,GLOSTERLTD,INE350Z01018,B,663.00,669.00,659.95,665.85,645.90,314,208603.00,87
BSE,GLOTTIS,INE0TQE01026,T,67.01,67.50,65.75,66.48,67.01,8621,574009.00,55
BSE,GLPL,INE1CLW01015,M,40.19,41.20,39.70,41.11,41.00,81000,3313380.00,16
BSE,GMBREW,INE075D01018,B,966.00,980.00,937.00,940.90,967.00,15961,15350325.00,817
BSE,GMDCLTD,INE131A01031,A,589.35,603.00,589.00,589.85,585.45,63673,37949968.00,1434
BSE,GMMPFAUDLR,INE541A01023,A,763.95,775.40,751.80,755.85,765.05,13175,10056390.00,726
BSE,GMRAIRPORT,INE776C01039,A,110.70,113.15,110.70,112.50,111.85,41108049,4626841585.00,4165
BSE,GMRP&UI,INE0CU601026,A,99.96,100.77,98.37,98.75,98.81,91456,9091410.00,605
BSE,GNA,INE934S01014,B,476.10,478.00,457.50,475.40,467.65,8811,4101379.00,472
BSE,GNFC,INE113A01013,A,510.00,511.15,500.60,502.10,504.90,16411,8295962.00,596
BSE,GNRL,INE207H01018,B,102.60,103.70,101.50,102.20,102.40,21388,2189175.00,1642
BSE,GOACARBON,INE426D01013,B,400.20,413.05,396.20,404.10,392.35,1023,415712.00,118
BSE,GOCLCORP,INE077F01035,B,410.25,414.90,402.30,406.90,410.05,6112,2498391.00,346
BSE,GOCOLORS,INE0BJS01011,B,326.90,352.70,326.90,340.00,323.30,28969,9829094.00,532
BSE,GODAVARI,INE362C01012,XT,128.00,128.00,120.50,123.00,122.00,1319,160680.00,22
BSE,GODAVARIB,INE497S01012,B,268.25,273.00,266.15,271.00,265.80,12553,3379785.00,392
BSE,GODFRYPHLP,INE260B01028,A,2108.30,2130.00,2100.00,2113.60,2103.65,20201,42786212.00,1408
BSE,GODIGIT,INE03JT01014,A,301.90,314.80,301.50,312.20,301.70,10307,3168003.00,367
BSE,GODREJAGRO,INE850D01014,A,562.20,565.85,560.00,563.35,562.20,13551,7628742.00,597
BSE,GODREJCP,INE102D01028,A,1087.55,1098.50,1084.50,1088.65,1087.60,14140,15427736.00,870
BSE,GODREJIND,INE233A01035,A,1219.00,1443.65,1219.00,1418.70,1216.75,126184,173708149.00,5068
BSE,GODREJPROP,INE484J01027,A,2040.00,2137.15,2025.00,2133.60,2030.45,116259,244509103.00,7307
BSE,GOELCONS,INE0ZOM01013,MT,503.00,505.50,490.00,491.20,501.90,7600,3777960.00,17
BSE,GOKAKTEX,INE642I01014,X,62.00,63.60,60.56,63.60,63.49,809,51149.00,27
BSE,GOKEX,INE887G01027,A,839.70,848.95,825.00,833.00,831.00,14497,12116857.00,492
BSE,GOKUL,INE020J01029,B,40.65,42.50,40.65,41.44,40.45,18696,774532.00,131
BSE,GOKULAGRO,INE314T01033,B,212.55,218.60,212.55,217.75,213.00,16055,3467240.00,364
BSE,GOLDCOINHF,INE634J01027,XT,33.40,36.00,33.40,33.91,35.13,17845,611398.00,53
BSE,GOLDENCREST,INE222U01010,X,373.50,373.50,373.50,373.50,373.50,1,373.00,1
BSE,GOLDENTOBC,INE973A01010,Z,24.50,26.74,24.50,26.74,25.50,595,14873.00,8
BSE,GOLDIAM,INE025B01025,A,324.85,378.90,317.35,378.70,421.00,685367,252138983.00,5688
BSE,GOLDLEG,INE088E01019,X,9.30,9.95,9.30,9.66,9.35,49861,481194.00,92
BSE,GOLDTECH,INE805A01014,T,60.60,60.60,60.60,60.60,57.72,383,23209.00,6
BSE,GOLKUNDIA,INE798D01015,X,265.00,269.00,251.05,262.25,246.90,4851,1274095.00,191
BSE,GOODLUCK,INE127I01024,B,1574.95,1575.00,1544.00,1560.50,1547.95,14218,22156741.00,889
BSE,GOODRICKE,INE300A01016,X,185.00,185.00,180.40,180.80,182.00,4623,841947.00,67
BSE,GOODYEAR,INE533A01012,B,755.20,789.00,755.20,787.50,770.80,1419,1110648.00,170
BSE,GOPAL,INE0L9R01028,B,269.00,270.45,268.05,268.95,268.95,15311,4120102.00,189
BSE,GORANIN,INE792J01015,XT,46.90,46.90,46.85,46.85,46.90,18,843.00,4
BSE,GOTHIPL,INE538G01018,P,38.75,38.75,38.75,38.75,38.95,200,7750.00,1
BSE,GOURMET,INE512D01028,XT,11.84,12.90,11.84,12.20,12.46,6521,81078.00,23
BSE,GOWRALE,INE225G01012,XT,99.85,99.90,93.00,94.20,95.15,9262,886331.00,70
BSE,GOYALALUM,INE705X01026,B,6.77,6.77,6.58,6.65,6.60,4492,30123.00,46
BSE,GOYALASS,INE912B01032,X,0.90,0.90,0.87,0.90,0.92,31125,27409.00,32
BSE,GPIL,INE177H01039,A,253.00,255.95,251.50,254.45,250.40,47920,12191231.00,574
BSE,GPPL,INE517F01014,A,152.30,155.70,152.30,154.30,152.25,91169,14113446.00,1064
BSE,GPSL,INE0QZF01012,M,101.30,110.00,101.30,110.00,106.60,5400,561060.00,9
BSE,GPTHEALTH,INE486R01017,B,160.00,160.60,156.70,157.75,158.10,10240,1619111.00,189
BSE,GPTINFRA,INE390G01014,B,124.05,127.00,123.00,124.60,123.95,18129,2267321.00,545
BSE,GRAMEVA,INE578R01011,XT,98.95,104.20,96.00,104.20,99.25,2375,238338.00,59
BSE,GRANDMA,INE927M01029,X,0.32,0.32,0.32,0.32,0.33,33329,10665.00,25
BSE,GRANDOAK,INE926B01016,B,48.40,48.40,45.29,45.29,47.67,1101,51450.00,14
BSE,GRANULES,INE101D01020,A,887.10,901.10,880.00,889.55,881.15,25939,23115315.00,1734
BSE,GRAPHITE,INE371A01025,A,587.65,618.85,583.00,612.35,581.05,133877,81294452.00,3190
BSE,GRASIM,INE047A01021,A,3236.90,3245.00,3208.00,3212.05,3191.75,7966,25721767.00,1653
BSE,GRATEXI,INE915E01013,X,26.09,26.09,26.09,26.09,26.09,5,130.00,1
BSE,GRAUWEIL,INE266D01021,B,80.00,83.80,79.88,81.38,80.30,104341,8534256.00,994
BSE,GRAVISSHO,INE214F01026,B,31.25,31.25,29.50,30.74,31.07,1529,45331.00,18
BSE,GRAVITA,INE024L01027,A,1832.05,1865.00,1824.00,1854.00,1810.70,25128,46477679.00,1708
BSE,GRAVITY,INE995A01013,XT,11.50,11.73,11.23,11.66,11.74,20974,238193.00,65
BSE,GREAVESCOT,INE224A01026,A,239.40,266.90,236.25,263.65,237.30,1226526,316405008.00,17742
BSE,GREENCREST,INE414C01045,X,0.53,0.53,0.51,0.52,0.52,52208,26943.00,84
BSE,GREENLAM,INE544R01021,B,256.50,258.50,254.60,257.30,255.55,1609,412190.00,78
BSE,GREENPANEL,INE08ZM01014,B,190.00,196.75,189.70,190.65,190.90,29211,5674075.00,597
BSE,GREENPLY,INE461C01038,B,315.95,319.20,314.20,316.75,311.20,6527,2067005.00,233
BSE,GREENPOWER,INE999K01014,B,10.15,10.29,10.12,10.16,10.13,233566,2385423.00,1105
BSE,GRERENEW,INE0U8P01015,MT,163.95,163.95,163.95,163.95,163.95,1200,196740.00,1
BSE,GRINDWELL,INE536A01023,A,2010.95,2081.40,2010.95,2058.85,2021.90,2596,5315813.00,410
BSE,GRINFRA,INE201P01022,A,899.65,919.95,897.75,908.80,890.25,369,333826.00,74
BSE,GRMOVER,INE192H01020,B,99.58,99.60,97.34,97.59,97.90,60307,5949096.00,287
BSE,GROARC,INE042B01012,X,5.75,6.00,5.75,6.00,5.87,7039,41773.00,17
BSE,GROVY,INE343C01012,X,48.21,51.88,48.20,49.19,48.12,2184,108801.00,21
BSE,GROWINGTON,INE451S01027,B,0.72,0.74,0.71,0.72,0.71,1885596,1375838.00,380
BSE,GROWW,INE0HOQ01053,B,199.30,206.00,197.20,204.60,198.40,1270937,256382793.00,6986
BSE,GRPLTD,INE137I01015,B,1950.00,1961.70,1907.00,1916.70,1950.00,245,476976.00,81
BSE,GRSE,INE382Z01011,A,2632.15,2674.05,2626.00,2661.95,2626.60,15596,41402269.00,1190
BSE,GRWRHITECH,INE291A01017,A,6956.50,7183.30,6875.00,6971.95,6915.85,1912,13417317.00,458
BSE,GSAUTO,INE736H01024,X,13.99,14.99,13.99,14.05,13.81,14569,207854.00,104
BSE,GSBFIN,INE777C01011,X,47.48,47.48,45.30,47.12,39.57,125557,5921882.00,528
BSE,GSFC,INE026A01025,A,160.40,163.60,160.40,160.90,161.55,23703,3834797.00,387
BSE,GSLSEC,INE721D01017,XT,46.93,46.93,46.93,46.93,49.40,1,46.00,1
BSE,GSLSU,INE0JSX01015,B,38.31,40.04,36.80,39.07,38.50,19614,741372.00,289
BSE,GSLTD,INE403B01016,X,18.99,19.03,17.31,18.77,18.13,48267,899266.00,80
BSE,GSPCROP,INE713R01022,B,399.80,418.00,394.30,409.65,395.30,11128,4477574.00,451
BSE,GSS,INE871H01011,T,12.50,12.84,12.02,12.49,12.31,290,3619.00,8
BSE,GSTL,INE632W01016,XT,26.79,26.79,25.15,26.35,25.62,8879,230628.00,41
BSE,GTIL,INE1H1501013,M,67.80,67.98,65.00,65.00,63.93,14400,962672.00,9
BSE,GTL,INE043A01012,B,7.44,7.60,7.31,7.36,7.29,58324,433313.00,201
BSE,GTLINFRA,INE221H01019,B,1.32,1.36,1.32,1.34,1.33,2961359,3967193.00,15221
BSE,GTNINDS,INE537A01013,X,22.21,22.73,21.06,21.94,22.00,1835,40177.00,25
BSE,GTNTEX,INE302H01017,X,8.20,8.77,8.20,8.77,8.11,112,922.00,6
BSE,GTPL,INE869I01013,B,60.00,61.55,59.92,61.45,59.92,3443,209872.00,75
BSE,GTTDATA,INE959B01017,X,38.39,40.00,36.83,39.09,38.39,16308,631077.00,99
BSE,GTV,INE910R01024,X,71.00,72.95,70.10,70.58,70.27,29010,2067284.00,197
BSE,GUFICBIO,INE742B01025,B,389.60,398.05,381.25,391.85,387.10,8174,3181049.00,366
BSE,GUJALKALI,INE186A01019,B,591.00,598.00,587.00,589.70,590.30,1426,848060.00,100
BSE,GUJAPOLLO,INE826C01016,B,353.90,372.00,349.25,369.15,350.95,1124,408725.00,121
BSE,GUJARATPOLY,INE541F01022,XT,73.45,74.90,70.35,72.80,71.90,3100,223691.00,67
BSE,GUJCOTEX,INE004C01028,XT,3.46,3.47,3.30,3.30,3.38,229212,768522.00,286
BSE,GUJCRAFT,INE372D01019,X,98.00,98.00,95.50,95.97,97.68,2485,239702.00,42
BSE,GUJCRED,INE034B01019,X,21.94,23.00,20.85,20.94,21.94,1720,36530.00,41
BSE,GUJENERGY,INE844O01030,T,286.05,292.80,285.00,289.40,288.35,32426,9369616.00,1049
BSE,GUJHOTE,INE621C01011,X,194.00,194.00,185.05,188.45,189.75,1674,317040.00,57
BSE,GUJHYSPIN,INE578V01013,MT,9.36,9.36,9.36,9.36,9.00,10000,93600.00,1
BSE,GUJINJEC,INE659F01022,XT,13.70,14.05,13.45,13.65,13.40,769154,10655902.00,1059
BSE,GUJINTRX,INE877E01015,X,437.95,442.95,433.20,436.05,436.95,545,237906.00,52
BSE,GUJINV,INE373D01017,X,21.00,21.00,19.34,19.34,20.35,5007,96838.00,4
BSE,GUJJUBHAI,INE311N01016,X,129.90,129.90,119.10,121.05,126.25,16815,2051537.00,159
BSE,GUJPETR,INE636P01011,X,57.98,57.98,55.00,55.81,56.72,2888,161004.00,30
BSE,GUJRAFFIA,INE610B01024,B,39.51,39.60,38.72,39.41,38.51,643,25360.00,20
BSE,GUJSTATFIN,INE944A01011,B,10.59,10.75,10.46,10.52,10.57,5349,56807.00,56
BSE,GUJTERC,INE499G01013,X,33.60,34.00,32.98,33.71,32.40,2607,86934.00,27
BSE,GUJTHEM,INE942C01045,B,376.15,383.30,372.00,379.00,374.20,4338,1633618.00,219
BSE,GUJTLRM,INE145J01032,B,0.51,0.52,0.50,0.51,0.51,3059915,1555202.00,880
BSE,GUJWIND,INE173V01013,X,7.59,7.93,7.20,7.20,7.56,1102,8665.00,7
BSE,GULFOILLUB,INE635Q01029,B,1046.65,1052.50,1044.65,1047.05,1042.75,1589,1664066.00,111
BSE,GULFPETRO,INE586G01017,T,39.30,39.30,38.06,39.05,37.58,2449,95393.00,15
BSE,GULPOLY,INE255D01024,B,188.00,191.40,185.15,189.65,183.60,8925,1689009.00,202
BSE,GVBL,INE574D01010,X,29.93,29.93,29.93,29.93,31.50,1000,29930.00,11
BSE,GVKPIL,INE251H01024,T,2.48,2.54,2.48,2.50,2.53,161709,404679.00,298
BSE,GVPIL,INE878A01011,B,865.45,880.70,818.25,821.25,860.45,22111,18483395.00,1376
BSE,GVT&D,INE200A01026,A,4708.75,4735.00,4603.50,4675.80,4643.00,12544,58614231.00,2222
BSE,GYANDEV,INE487G01018,XT,49.00,49.00,48.02,48.02,47.28,1164,55896.00,2
BSE,GYFTR,INE724A01017,B,171.00,174.90,166.20,169.30,169.70,16448,2808512.00,527
BSE,HAL,INE066F01020,A,4427.75,4523.55,4396.10,4506.55,4375.80,56877,255176495.00,7311
BSE,HALDER,INE115S01010,B,234.00,234.95,232.95,234.95,229.70,6010,1405308.00,29
BSE,HALDYNGL,INE506D01020,T,122.30,122.30,118.00,118.45,121.70,5359,640229.00,67
BSE,HALEOSLABS,INE320X01016,B,1441.00,1665.00,1441.00,1646.95,1552.95,38,61512.00,8
BSE,HAMPS,INE0QBD01018,MT,24.94,25.52,24.94,25.52,26.25,12000,303840.00,3
BSE,HAMPTON,INE299D01022,X,9.10,9.10,8.60,8.95,8.75,21776,193231.00,115
BSE,HANNAH,INE0JVH01012,MT,110.00,111.75,110.00,111.40,106.50,46000,5102300.00,23
BSE,HANSUGAR,INE101H01013,XT,3.69,3.78,3.60,3.78,3.60,13308,50237.00,31
BSE,HAPPSTMNDS,INE419U01012,A,372.90,393.70,370.20,386.25,365.60,279454,107403696.00,6284
BSE,HAPPYFORGE,INE330T01021,B,1584.95,1596.55,1564.45,1580.65,1561.80,2308,3651897.00,268
BSE,HARDCAS,INE722D01015,X,859.95,859.95,834.70,838.55,839.00,51,42777.00,8
BSE,HARDWYN,INE626Z01029,B,24.48,24.80,24.45,24.64,24.50,230095,5652692.00,166
BSE,HARIAAPL,INE493N01012,X,5.70,5.70,5.70,5.70,5.80,5,28.00,3
BSE,HARIAEXPO,INE772B01014,X,6.85,7.19,6.85,7.19,6.85,8750,62602.00,12
BSE,HARIKANTA,INE1UYW01010,M,85.00,88.76,84.00,85.00,86.40,28800,2477076.00,24
BSE,HARIOMPIPE,INE00EV01017,B,384.60,393.75,382.50,383.85,382.95,6827,2628566.00,269
BSE,HARISH,INE01K301012,X,68.99,68.99,66.25,66.30,66.44,3597,240908.00,35
BSE,HARLETH,INE681F01018,X,61.25,63.80,59.50,59.90,61.25,3913,236360.00,63
BSE,HARRMALAYA,INE544A01019,B,203.95,206.50,201.65,205.00,200.70,583,118917.00,20
BSE,HARSHA,INE0JUS01029,B,423.45,430.85,420.25,428.05,422.00,9775,4153757.00,261
BSE,HARSHDEEP,INE0OLZ01015,M,81.47,82.00,81.47,82.00,81.45,3000,245205.00,2
BSE,HARSHILAGR,INE098E01026,XT,0.30,0.30,0.29,0.29,0.30,3817779,1117577.00,742
BSE,HARYNACAP,INE928H01019,X,142.05,149.90,139.00,146.55,145.00,490,69602.00,18
BSE,HASTIFIN,INE671D01014,X,5.22,5.22,5.22,5.22,5.24,79,412.00,2
BSE,HATHWAY,INE982F01036,B,11.00,11.10,10.96,11.06,10.90,260626,2877365.00,487
BSE,HATHWAYB,INE525B01016,X,11.95,11.95,11.70,11.70,11.98,1700,20065.00,12
BSE,HATSUN,INE473B01035,A,920.25,920.25,900.00,904.60,903.10,162,146415.00,45
BSE,HAVELLS,INE176B01034,A,1205.00,1211.00,1177.00,1188.25,1191.50,142700,170638252.00,5752
BSE,HAVISHA,INE293B01029,B,1.21,1.21,1.11,1.13,1.19,8987,10131.00,135
BSE,HAWAENG,INE230I01018,X,82.00,82.00,80.00,81.50,79.11,112,8980.00,5
BSE,HAWKINCOOK,INE979B01015,B,8849.95,8969.95,8830.35,8849.00,8943.85,254,2251796.00,54
BSE,HAZOOR,INE550F01049,B,23.36,24.50,23.36,23.59,23.51,167777,3998352.00,449
BSE,HBEL,INE02PC01027,MT,14.34,14.34,14.34,14.34,13.66,11250,161325.00,9
BSE,HBESD,INE640B01021,B,73.95,73.97,73.88,73.97,78.60,37,2736.00,4
BSE,HBGHOTELS,INE977M01024,X,92.80,95.00,87.00,91.50,90.33,8753,784366.00,45
BSE,HBLEAS,INE549B01016,X,9.80,10.50,9.80,10.50,10.01,486,4935.00,16
BSE,HBLENGINE,INE292B01021,A,768.45,776.60,759.00,765.80,760.50,102874,78774809.00,3183
BSE,HBPOR,INE638B01025,X,57.90,57.90,54.02,57.79,54.94,971,55219.00,41
BSE,HBSL,INE550B01022,T,51.83,51.83,50.90,51.82,51.83,279,14367.00,7
BSE,HCC,INE549A01026,A,23.59,24.32,23.54,23.90,23.41,891254,21323019.00,1760
BSE,HCG,INE075I01017,A,653.05,670.80,648.80,667.85,651.85,7148,4753122.00,286
BSE,HCKKVENTURE,INE345Q01017,XT,26.50,26.50,25.18,25.18,26.50,1500,38430.00,2
BSE,HCL-INSYS,INE236A01020,B,11.84,12.17,11.83,11.87,11.83,26204,312326.00,195
BSE,HCLTECH,INE860A01027,A,1173.95,1191.70,1153.25,1162.65,1149.60,235603,275299377.00,7666
BSE,HDBFS,INE756I01012,B,735.00,757.70,735.00,755.30,734.70,638344,480596910.00,1980
BSE,HDFCAMC,INE127D01025,A,2746.15,2788.00,2746.15,2762.10,2737.05,13817,38237273.00,1319
BSE,HDFCBANK,INE040A01034,A,822.10,827.60,820.40,824.25,817.70,856373,705990457.00,17424
BSE,HDFCLIFE,INE795G01014,A,553.65,569.95,553.65,566.80,552.80,959005,542858799.00,12897
BSE,HDIL,INE191I01012,Z,1.66,1.72,1.66,1.69,1.72,19978,33886.00,70
BSE,HEADSUP,INE759V01019,B,7.10,7.10,6.52,6.77,6.86,6048,40767.00,14
BSE,HEALTHX,INE019J01013,B,334.80,340.00,324.00,324.55,334.80,403,133437.00,71
BSE,HEALTHYLIFE,INE0L3501015,MT,6.01,6.24,5.70,6.00,6.00,112000,666200.00,32
BSE,HEERAISP,INE025D01013,X,6.51,6.51,5.91,5.91,6.20,205,1331.00,2
BSE,HEG,INE545A01024,A,526.55,565.20,518.55,545.40,515.05,321851,176566510.00,6937
BSE,HEIDELBERG,INE578A01017,B,158.00,158.25,156.30,157.35,157.00,1780,280370.00,84
BSE,HELPAGE,INE738P01015,X,21.50,21.75,21.01,21.69,21.46,67,1434.00,9
BSE,HEMANG,INE930A01010,XT,12.93,13.57,12.93,13.20,12.93,9,117.00,4
BSE,HEMIPROP,INE0AJG01018,B,136.90,139.60,136.90,139.15,136.90,20172,2795711.00,276
BSE,HERANBA,INE694N01015,B,180.20,184.30,179.95,182.40,177.70,2760,504301.00,99
BSE,HERCULES,INE688E01024,X,117.90,119.00,115.60,117.55,115.60,8211,966914.00,151
BSE,HERITGFOOD,INE978A01027,A,336.65,339.00,335.45,336.55,334.55,5968,2012149.00,176
BSE,HEROMOTOCO,INE158A01026,A,4920.00,4969.15,4890.00,4948.35,4898.30,19268,95024815.00,2393
BSE,HESTERBIO,INE782E01017,B,2102.35,2144.35,2102.35,2109.40,2094.20,91,192922.00,26
BSE,HEXAGON,INE0JUI01012,B,70.01,77.47,69.77,71.93,68.40,433040,32130532.00,2608
BSE,HEXATRADEX,INE750M01017,B,162.80,162.80,162.80,162.80,158.00,1,162.00,1
BSE,HEXT,INE093A01041,A,547.55,561.60,545.00,550.50,538.05,57992,31924356.00,3258
BSE,HFCL,INE548A01028,A,219.05,222.75,214.65,217.40,215.20,988154,215804423.00,8447
BSE,HFIL,INE552B01010,X,8.84,9.19,8.84,9.00,8.84,22026,198751.00,87
BSE,HGINFRA,INE926X01010,B,567.20,567.20,555.80,563.00,555.75,2165,1217072.00,111
BSE,HGM,INE596H01014,B,49.11,50.60,49.10,50.60,49.27,113,5556.00,6
BSE,HGS,INE170I01016,B,411.85,422.60,411.85,413.05,407.10,720,298135.00,48
BSE,HIGHENE,INE783E01023,X,571.00,609.80,556.10,593.10,562.65,29642,17418775.00,720
BSE,HIGHNESS,INE1KI801019,M,188.50,192.00,185.00,187.90,188.50,38400,7256880.00,29
BSE,HIKAL,INE475B01022,B,238.05,247.65,232.30,244.75,233.40,55644,13489694.00,789
BSE,HIKLASS,INE302R01024,XT,72.36,72.36,68.50,68.50,72.00,5,357.00,2
BSE,HILIKS,INE966Q01010,XT,81.00,81.00,74.16,76.65,77.66,35281,2712897.00,97
BSE,HILINFRA,INE00RL01028,T,45.79,46.42,45.00,45.73,45.57,5704,258131.00,73
BSE,HILLTONE,INE168C01013,X,44.16,45.99,40.50,42.98,44.16,55093,2410899.00,46
BSE,HILTON,INE788H01017,T,23.00,23.44,22.50,23.20,23.38,497,11553.00,18
BSE,HIMATSEIDE,INE049A01027,B,85.61,87.55,85.52,86.82,85.33,42600,3696275.00,264
BSE,HIMTEK,INE705G01021,X,194.95,194.95,189.15,193.75,188.40,1416,271812.00,35
BSE,HINDADH,INE074C01013,X,261.00,266.90,261.00,263.30,261.75,3224,848358.00,35
BSE,HINDALCO,INE038A01020,A,976.95,985.30,965.00,967.10,963.65,140518,137036888.00,5157
BSE,HINDALUMI,INE227B01019,X,95.00,99.85,95.00,99.45,96.90,4373,432260.00,100
BSE,HINDAPL,INE02XD01011,XT,114.95,119.00,109.25,111.55,114.95,104,11916.00,18
BSE,HINDBIO,INE597C01021,XT,7.00,7.34,6.97,7.20,7.00,2832,20702.00,30
BSE,HINDCOMPOS,INE310C01029,B,438.00,438.10,435.30,438.10,438.95,460,200647.00,43
BSE,HINDCOPPER,INE531E01026,A,495.00,511.65,493.55,498.75,486.30,363447,183083172.00,6807
BSE,HINDHARD,INE724D01011,X,832.30,846.80,807.00,824.90,832.30,1615,1331399.00,98
BSE,HINDMILL,INE832D01020,X,161.00,161.00,155.50,161.00,159.50,74,11894.00,7
BSE,HINDMOTORS,INE253A01025,XT,16.69,16.73,16.40,16.46,16.42,124684,2061222.00,815
BSE,HINDOILEXP,INE345A01011,B,154.15,155.05,152.60,153.80,153.65,36898,5661379.00,498
BSE,HINDPETRO,INE094A01015,A,395.45,398.80,394.50,395.35,392.20,236035,93635527.00,3128
BSE,HINDTIN,INE428D01019,X,106.35,108.55,104.15,107.60,103.50,12268,1313897.00,122
BSE,HINDUNILVR,INE030A01027,A,2154.80,2178.00,2145.10,2149.30,2144.10,131326,282704727.00,3849
BSE,HINDUST,INE092301014,X,41.80,43.49,39.40,39.98,41.89,13527,552256.00,87
BSE,HINDWAREAP,INE05AN01011,B,245.00,250.00,245.00,248.65,245.45,4527,1122982.00,136
BSE,HINDZINC,INE267A01025,A,538.15,544.00,535.20,536.70,528.40,131035,70621553.00,3651
BSE,HIPOLIN,INE963A01011,XT,76.65,76.65,74.46,76.65,73.00,1226,93015.00,17
BSE,HIRECT,INE835D01023,B,1055.25,1062.00,1029.00,1054.05,1040.85,3123,3273504.00,228
BSE,HISARMETAL,INE598C01011,B,155.00,155.00,153.00,153.70,153.25,3,461.00,3
BSE,HITECH,INE106T01025,B,85.79,87.38,85.39,86.95,84.17,32896,2853346.00,337
BSE,HITECHCORP,INE120D01012,T,334.00,334.00,316.65,320.70,327.60,3908,1282892.00,83
BSE,HITECHGEAR,INE127B01011,T,630.05,649.00,630.05,642.25,650.00,227,145685.00,9
BSE,HITKITGLO,INE309B01023,X,2.15,2.15,2.05,2.05,2.15,202837,419864.00,168
BSE,HITTCO,INE863C01019,X,13.75,13.76,13.11,13.76,13.11,174307,2396372.00,98
BSE,HLEGLAS,INE461D01028,B,422.15,434.40,412.05,419.10,418.45,19461,8172381.00,557
BSE,HLVLTD,INE102A01024,B,7.50,7.78,7.50,7.57,7.70,20707,157296.00,134
BSE,HMAAGRO,INE0ECP01024,B,21.48,22.56,21.48,21.94,21.72,23543,513598.00,171
BSE,HMEML,INE0DZD01015,M,45.50,47.00,45.01,46.50,47.05,8000,367216.00,5
BSE,HMT,INE262A01018,Z,65.27,66.00,65.01,65.01,64.37,296,19432.00,12
BSE,HMVL,INE871K01015,B,91.80,91.80,89.00,89.60,88.73,775,69576.00,55
BSE,HNDFDS,INE254N01026,B,550.45,573.95,547.40,569.40,546.55,9474,5340009.00,505
BSE,HOCL,INE048A01011,T,36.15,37.55,36.15,37.07,36.64,18270,677121.00,109
BSE,HOM,INE982C01033,XT,1.66,1.82,1.66,1.67,1.74,381938,649344.00,392
BSE,HOMEFIRST,INE481N01025,A,1208.95,1228.00,1196.20,1222.80,1203.55,10135,12345818.00,587
BSE,HONASA,INE0J5401028,A,474.80,475.00,466.50,471.35,471.55,31052,14621054.00,1470
BSE,HONAUT,INE671A01010,A,38120.35,38500.00,38000.00,38159.50,38121.20,90,3441663.00,68
BSE,HONDAPOWER,INE634A01018,B,2120.80,2150.20,2099.00,2102.30,2099.60,274,578641.00,50
BSE,HORIZON,INE1SEO01013,M,144.50,144.50,139.00,139.50,141.00,27600,3877680.00,23
BSE,HOTLSILV,INE731B01010,X,11.36,11.36,10.82,11.10,11.25,952,10511.00,7
BSE,HOWARHO,INE931B01016,X,21.30,22.96,21.30,21.77,22.98,9,196.00,4
BSE,HPAL,INE0GSL01024,B,35.00,35.95,34.65,34.84,34.92,2066,72422.00,116
BSE,HPBL,INE136C01044,XT,197.45,197.45,183.20,185.30,190.50,71610,13246896.00,92
BSE,HPCOTTON,INE950C01014,X,104.35,104.35,100.45,100.55,100.10,149,15193.00,7
BSE,HPL,INE495S01016,B,344.50,358.15,344.50,356.25,344.50,19372,6843182.00,525
BSE,HRS,INE1E1V01017,M,245.10,246.00,245.00,246.00,250.00,24400,5987260.00,19
BSE,HRYNSHP,INE400G01011,X,110.00,113.80,109.00,112.35,106.25,3633,409004.00,104
BSE,HSCL,INE019C01026,A,657.35,665.10,655.00,660.20,649.90,100646,66531310.00,1655
BSE,HSIL,INE0GYI01028,MT,350.00,369.60,345.00,369.60,352.00,20800,7488520.00,36
BSE,HTMEDIA,INE501G01024,B,26.05,26.15,25.35,25.41,25.98,17188,444141.00,105
BSE,HUBTOWN,INE703H01016,B,204.95,211.00,203.25,207.40,204.30,44547,9180457.00,536
BSE,HUDCO,INE031A01017,A,205.30,208.90,205.30,207.05,204.90,214842,44565072.00,3496
BSE,HUHTAMAKI,INE275B01026,B,209.25,213.00,209.25,210.85,207.45,4918,1037242.00,164
BSE,HYBRIDFIN,INE965B01022,T,20.97,20.97,18.99,19.98,19.98,1330,25515.00,7
BSE,HYPERSOFT,INE039D01014,XT,212.00,212.00,206.80,211.00,211.00,1686,354099.00,22
BSE,HYUNDAI,INE0V6F01027,A,1932.65,1996.55,1932.65,1983.00,1927.50,30751,60611102.00,2514
BSE,IBINFO,INE678B01039,XT,34.58,38.22,34.58,38.20,36.40,8741,326606.00,81
BSE,IBULLSLTD,INE126M01010,T,30.05,30.90,29.11,29.57,29.61,343674,10241643.00,993
BSE,ICDSLTD,INE613B01010,B,42.00,42.00,40.10,41.99,42.15,242,10114.00,6
BSE,ICICIAMC,INE346A01027,A,3184.30,3205.00,3145.00,3160.10,3182.45,18786,59557716.00,2131
BSE,ICICIBANK,INE090A01021,A,1389.00,1407.90,1389.00,1401.45,1381.60,394752,553661309.00,10593
BSE,ICICIGI,INE765G01017,A,1794.60,1835.00,1794.60,1825.60,1794.45,123540,223298929.00,1589
BSE,ICICIPRULI,INE726G01019,A,492.00,515.00,491.95,510.30,490.45,84722,42759435.00,2810
BSE,ICIL,INE483B01026,A,406.00,429.20,406.00,412.85,422.55,18607,7746323.00,594
BSE,ICL,INE407P01017,XT,31.93,31.93,31.89,31.89,31.93,101,3224.00,2
BSE,ICODEX,INE111601014,M,38.00,38.10,37.65,38.00,39.95,6000,227700.00,5
BSE,ICON,INE0Y0E01012,MT,74.50,75.00,72.01,72.01,74.50,8400,619572.00,6
BSE,ICONIKSPEV,INE088P01015,X,37.50,37.64,34.75,35.33,35.85,126945,4569078.00,409
BSE,ICRA,INE725G01011,B,5234.50,5330.00,5210.75,5302.35,5197.50,2165,11409383.00,562
BSE,ICSL,INE682B01023,X,4.45,4.45,4.15,4.16,4.33,11109,46569.00,22
BSE,IDBI,INE008A01015,A,82.96,84.00,82.21,82.90,82.36,758541,62997882.00,2689
BSE,IDEA,INE669E01016,A,14.15,14.33,14.02,14.20,14.04,16972582,240687174.00,393799
BSE,IDEAFORGE,INE349Y01013,T,855.00,894.85,855.00,894.85,852.25,17079,15088612.00,498
BSE,IDFCFIRSTB,INE092T01019,A,79.77,81.33,79.75,80.81,79.47,1957468,158315125.00,8542
BSE,IDREAM,INE459E01012,P,597.30,599.00,597.30,599.00,609.45,300,179445.00,4
BSE,IECEDU,INE172B01017,X,22.70,22.70,22.55,22.55,22.59,580,13102.00,17
BSE,IEX,INE022Q01020,A,118.50,120.60,118.50,119.65,117.85,369590,44204555.00,3798
BSE,IFBAGRO,INE076C01018,T,920.00,963.00,900.10,960.25,918.00,571,539725.00,51
BSE,IFBIND,INE559A01017,B,1300.60,1392.45,1294.25,1380.30,1282.75,33899,45608620.00,2327
BSE,IFCI,INE039A01010,A,78.33,79.64,77.20,77.44,76.73,3088378,241513009.00,10148
BSE,IFGLEXPOR,INE133Y01011,B,231.00,242.90,229.75,231.10,233.35,4975,1173427.00,333
BSE,IFINSEC,INE474O01010,X,191.00,206.00,190.00,201.35,196.25,299,58549.00,8
BSE,IFINSER,INE064T01018,X,12.98,12.98,11.99,12.18,12.57,36415,448216.00,94
BSE,IFL,INE714U01024,B,0.39,0.39,0.37,0.38,0.39,2209585,841610.00,583
BSE,IGARASHI,INE188B01013,B,477.00,477.25,470.65,474.85,469.65,5736,2719400.00,253
BSE,IGCIL,INE099S01016,X,2.30,2.30,2.22,2.25,2.26,19134,43099.00,74
BSE,IGCL,INE05J901018,B,70.58,72.50,70.17,71.92,69.45,15184,1089351.00,253
BSE,IGIL,INE0Q9301021,A,343.90,347.35,342.20,346.90,341.55,10630,3664294.00,592
BSE,IGL,INE203G01027,A,153.90,154.70,151.40,154.10,151.75,148757,22724765.00,1609
BSE,IGLFXPL-B,INE684U01011,P,2.71,2.71,2.71,2.71,2.59,400,1084.00,1
BSE,IGPL,INE204A01010,B,423.20,434.00,423.20,432.00,423.90,589,253989.00,94
BSE,IIFL,INE530B01024,A,543.45,559.00,541.40,552.55,543.40,59922,33040098.00,1519
BSE,IIFLCAPS,INE489L01022,A,339.05,339.70,337.00,338.45,338.25,5944,2010370.00,128
BSE,IIRM,INE670C01026,XT,128.15,134.25,122.60,127.00,128.15,13509,1693457.00,68
BSE,IISL,INE818R01011,XT,15.66,15.73,15.66,15.73,15.73,160,2510.00,9
BSE,IITL,INE886A01014,B,133.00,133.10,127.00,127.15,131.15,8362,1072995.00,141
BSE,IITLPROJ,INE786E01018,X,54.75,54.75,54.50,54.59,50.25,27,1474.00,3
BSE,IKIO,INE0LOJ01019,B,207.35,225.40,201.15,212.35,205.15,305970,65585314.00,3973
BSE,IKOMA,INE164D01010,XT,67.50,70.00,67.50,68.73,68.40,56668,3935380.00,131
BSE,IKS,INE115Q01022,A,1887.80,1933.75,1851.80,1924.90,1861.60,24889,47175749.00,905
BSE,IL&FSENGG,INE369I01014,Z,28.71,29.80,27.55,29.80,28.70,627,17887.00,4
BSE,IL&FSTRANS,INE975G01012,Z,2.15,2.19,2.14,2.19,2.22,4592,9913.00,17
BSE,IMAGICAA,INE172N01012,B,46.31,46.69,45.91,46.49,46.15,23699,1095388.00,182
BSE,IMEC,INE611C01020,X,124.00,127.80,107.00,117.35,123.15,2903,345133.00,103
BSE,IMFA,INE919H01018,B,1339.30,1430.60,1339.30,1402.50,1337.70,5054,7033983.00,459
BSE,IMPAL,INE547E01014,B,1150.00,1165.50,1139.25,1155.05,1158.25,248,286401.00,86
BSE,INA,INE0LGX01024,B,123.45,131.15,122.00,124.85,118.85,1444819,183913295.00,8845
BSE,INANI,INE635D01027,X,10.51,11.00,10.50,10.95,11.00,1830,19871.00,25
BSE,INCAP,INE437C01012,XT,99.75,99.75,95.00,98.80,95.00,500,49535.00,12
BSE,INCON,INE507D01010,XT,35.61,35.61,35.61,35.61,33.92,37851,1347874.00,46
BSE,INCREDIBLE,INE452L01012,B,33.55,34.29,33.55,34.29,33.55,26,888.00,4
BSE,INDAG,INE802D01023,XT,98.30,100.00,95.50,97.00,97.55,3747,363659.00,84
BSE,INDAGIV,INE115E01010,XT,41.92,41.92,41.92,41.92,44.12,14,586.00,3
BSE,INDBANK,INE841B01017,B,33.67,34.20,33.48,34.08,33.47,10857,368421.00,225
BSE,INDBNK,INE969D01012,B,54.90,54.90,50.00,53.38,53.03,1980,103352.00,38
BSE,INDCEMCAP,INE429D01017,XT,16.76,16.76,15.75,15.76,16.36,158218,2499628.00,43
BSE,INDCTST,INE146H01018,X,56.97,56.97,54.56,55.40,52.71,883,48440.00,13
BSE,INDERGR,INE628F01019,XT,26.56,26.56,26.18,26.18,25.30,120,3176.00,4
BSE,INDGELA,INE342D01012,X,362.95,367.00,354.00,365.15,355.30,2024,728348.00,50
BSE,INDGN,INE065X01017,A,499.85,522.80,499.85,509.65,496.05,46759,24092975.00,1718
BSE,INDHOTEL,INE053A01029,A,736.25,754.20,733.00,752.10,731.35,433714,320334263.00,3344
BSE,INDIACEM,INE383A01012,A,374.90,382.75,374.90,380.35,372.20,13986,5320382.00,705
BSE,INDIAGLYCO,INE560A01023,B,1042.90,1076.05,1041.25,1067.25,1045.40,7886,8359989.00,586
BSE,INDIAHOME,INE274E01015,X,30.20,32.45,30.20,31.16,31.99,1682,52759.00,31
BSE,INDIAHOMES,INE072A01029,XT,21.85,23.25,21.40,22.87,22.38,614553,13801596.00,605
BSE,INDIAMART,INE933S01016,A,1920.35,1934.90,1905.20,1923.35,1924.90,5623,10801083.00,761
BSE,INDIANACRY,INE862B01013,X,6.10,6.10,5.81,5.90,5.90,11731,69172.00,51
BSE,INDIANB,INE562A01011,A,797.70,874.95,795.75,870.95,792.95,1126267,963880474.00,26027
BSE,INDIANCARD,INE061A01014,B,238.20,240.00,235.00,235.55,238.20,110,26049.00,10
BSE,INDIANHUME,INE323C01030,B,348.25,368.90,348.25,367.25,348.95,28092,10206478.00,919
BSE,INDIANVSH,INE131H01028,X,6.78,7.40,6.77,7.30,6.77,5414,37680.00,25
BSE,INDIASHLTR,INE922K01024,A,788.00,802.95,782.50,800.35,782.75,54088,43005595.00,349
BSE,INDIGO,INE646L01027,A,5296.80,5363.75,5255.05,5311.05,5228.60,23467,124821892.00,3138
BSE,INDIGOPNTS,INE09VQ01012,B,1040.05,1063.15,1040.05,1052.25,1040.95,2113,2230263.00,250
BSE,INDIGRID,INE219X23014,IF,180.40,180.40,178.57,179.58,178.55,60063,10788692.00,600
BSE,INDINFO,INE300B01022,X,0.57,0.58,0.57,0.57,0.57,1497147,856859.00,597
BSE,INDIQUBE,INE06ST01018,B,174.55,179.75,172.10,178.10,171.05,16811,2973275.00,383
BSE,INDLEASE,INE333C01013,X,8.50,8.50,8.13,8.15,8.55,521,4273.00,7
BSE,INDNIPPON,INE092B01025,B,1130.30,1182.05,1130.30,1168.70,1107.60,28992,33741333.00,1648
BSE,INDOAMIN,INE760F01028,T,128.00,129.30,125.00,126.25,129.10,3361,428650.00,70
BSE,INDOBELL,INE0FK501019,M,56.43,56.43,56.43,56.43,57.00,750,42322.00,1
BSE,INDOBORAX,INE803D01021,B,442.70,456.80,442.70,453.25,435.15,59126,26615923.00,1764
BSE,INDOCITY,INE456B01014,XT,13.50,13.50,12.34,13.15,12.98,2892,37966.00,19
BSE,INDOCO,INE873D01024,B,254.25,264.95,252.65,260.15,255.65,24360,6335042.00,772
BSE,INDOCRED,INE147D01015,XT,9.43,9.43,9.43,9.43,8.99,1745,16455.00,26
BSE,INDOEURO,INE319N01019,X,9.99,9.99,9.06,9.12,9.99,1337,12171.00,7
BSE,INDOFARM,INE622H01018,B,162.95,162.95,156.85,157.50,159.00,14011,2235086.00,243
BSE,INDOKEM,INE716F01012,B,493.10,506.85,493.00,497.00,496.25,2390,1189916.00,96
BSE,INDORAMA,INE156A01020,B,46.20,48.91,46.20,48.11,46.10,25955,1248123.00,473
BSE,INDOSMC,INE0WKY01013,MT,424.30,432.50,417.05,421.75,418.20,28000,11878800.00,28
BSE,INDOSTAR,INE896L01010,B,261.70,273.20,260.70,269.95,260.25,9839,2640099.00,308
BSE,INDOTECH,INE332H01014,T,3098.65,3319.90,3098.65,3319.90,3161.85,8014,26560972.00,245
BSE,INDOTHAI,INE337M01021,B,215.90,220.45,214.65,218.55,216.40,25594,5571906.00,508
BSE,INDOUS,INE250Z01010,B,88.48,89.00,85.92,87.47,86.44,526,46014.00,45
BSE,INDOWIND,INE227G01018,T,9.23,9.47,9.15,9.39,9.42,26952,250987.00,96
BSE,INDPRUD,INE620D01011,B,6649.95,6649.95,6580.00,6580.00,6400.00,3,19819.00,3
BSE,INDRAMEDCO,INE681B01017,B,379.10,383.95,378.80,380.65,379.70,3554,1351506.00,186
BSE,INDRANIB,INE007C01021,XT,8.05,8.06,7.76,7.93,7.76,41109,323246.00,88
BSE,INDRENEW,INE138O01029,Z,12.54,12.54,12.05,12.13,12.54,9750,118092.00,32
BSE,INDSILHYD,INE867D01018,X,38.05,38.99,37.50,37.75,38.28,18031,682476.00,94
BSE,INDSUCR,INE557C01017,X,75.40,75.40,74.20,75.01,73.54,3316,248186.00,37
BSE,INDSWFTLAB,INE915B01019,B,238.20,247.80,230.80,246.40,235.10,97297,23306542.00,2244
BSE,INDTERRAIN,INE611L01021,B,32.20,32.44,31.75,32.18,32.24,1168,37591.00,13
BSE,INDTONER,INE826B01018,X,288.60,296.65,288.60,293.45,288.35,6682,1962204.00,260
BSE,INDUSFINL,INE935D01013,XT,156.05,156.05,148.25,151.75,156.05,4700,707486.00,53
BSE,INDUSINDBK,INE095A01012,A,1015.05,1030.65,1014.05,1016.25,1015.00,331390,340603438.00,1829
BSE,INDUSINVIT,INE0NHL23019,IF,129.65,129.65,127.06,129.43,128.28,7299,940911.00,372
BSE,INDUSTOWER,INE121J01017,A,400.30,407.90,395.25,406.00,398.10,187224,75394338.00,2369
BSE,INDXTRA,INE056E01024,X,6.45,6.74,6.45,6.50,6.57,22982,150290.00,99
BSE,INFINITY,INE16XA01017,M,382.00,382.00,376.00,380.35,381.95,3600,1371200.00,8
BSE,INFLAME,INE464Z01017,M,251.50,251.50,238.45,251.10,235.85,1750,429125.00,7
BSE,INFOBEAN,INE344S01016,B,158.55,164.85,158.40,162.90,155.70,28144,4567195.00,399
BSE,INFOMEDIA,INE669A01022,B,6.16,6.16,5.50,5.89,5.70,2238,12463.00,41
BSE,INFONATIVE,INE12IB01015,M,31.00,32.20,29.51,31.20,30.80,16000,499168.00,10
BSE,INFORTEC,INE123E01014,X,87.00,87.00,80.60,82.99,87.00,528,43036.00,24
BSE,INFRONICS,INE463B01036,X,17.60,17.60,17.58,17.58,16.77,400,7036.00,10
BSE,INFY,INE009A01021,A,1083.30,1091.00,1065.00,1068.05,1050.05,513240,550677801.00,20151
BSE,INGERRAND,INE177A01018,A,4390.20,4504.00,4387.00,4455.50,4363.55,478,2125763.00,105
BSE,INLANPR,INE055O01033,XT,53.97,53.97,53.97,53.97,52.92,2,107.00,1
BSE,INLCM,INE359D01024,X,875.00,880.00,820.25,842.70,838.30,1142,976221.00,88
BSE,INNOKAIZ,INE0LDI01022,MT,13.50,13.50,13.50,13.50,13.50,4000,54000.00,3
BSE,INNOVACAP,INE0DUT01020,B,997.50,1012.35,983.70,986.55,989.65,2622,2601544.00,209
BSE,INNOVANA,INE403Y01018,B,312.00,313.35,310.00,313.35,308.25,32,9995.00,10
BSE,INNOVATORS,INE870Z01015,M,123.25,123.70,121.00,121.00,123.25,13600,1658880.00,16
BSE,INNOVISION,INE0ADB01012,B,289.70,291.15,287.40,288.70,288.40,1214,351039.00,142
BSE,INNOVTEC,INE965C01038,X,13.67,13.70,13.46,13.49,13.61,2813,38150.00,23
BSE,INOXGREEN,INE510W01014,A,194.80,194.80,190.55,191.55,192.70,35912,6914017.00,703
BSE,INOXINDIA,INE616N01034,A,2009.95,2031.05,1972.55,1977.95,2005.15,14084,28230130.00,1097
BSE,INOXWIND,INE066P01011,A,82.89,83.78,81.90,82.43,82.03,4223141,349093876.00,12157
BSE,INSECTICID,INE070I01018,B,656.15,662.75,650.80,657.10,655.45,1238,809572.00,67
BSE,INSPIRISYS,INE020G01017,T,104.35,106.75,104.35,106.15,104.35,88,9296.00,4
BSE,INTCAPL,INE366H01012,X,12.77,12.77,12.77,12.77,12.83,550,7023.00,1
BSE,INTECCAP,INE017E01018,XT,15.45,15.93,15.45,15.47,15.52,75,1159.00,3
BSE,INTEGFD,INE177M01013,XT,151.90,151.90,142.00,142.75,148.75,116,16854.00,15
BSE,INTEGHIT,INE934A01012,X,3.45,3.45,3.45,3.45,3.62,265,914.00,3
BSE,INTEGRAEN,INE984B01023,XT,198.00,204.50,196.15,202.25,199.00,4695,934877.00,71
BSE,INTELLECT,INE306R01017,A,748.25,769.50,748.25,759.40,743.65,26470,20123343.00,984
BSE,INTENTECH,INE781A01025,B,97.90,100.18,97.56,99.30,97.23,848,84059.00,34
BSE,INTERARCH,INE00M901018,B,1804.95,1850.65,1804.95,1840.30,1804.90,2904,5317510.00,302
BSE,INTLCOMBQ,INE403C01014,X,585.15,622.00,585.15,615.90,580.20,5188,3146395.00,237
BSE,INTLCONV,INE575C01027,B,81.85,81.85,79.14,80.31,80.16,9233,741279.00,140
BSE,INTRGLB,INE661M01016,X,72.00,72.00,70.30,70.30,73.99,506,35887.00,9
BSE,INTSTOIL,INE003B01014,X,42.00,42.00,37.52,39.45,37.31,221,8531.00,24
BSE,INVENTURE,INE878H01024,B,0.90,0.93,0.90,0.92,0.90,153837,141691.00,125
BSE,INVIGO,INE359A01012,X,5.71,6.45,5.71,6.07,6.03,955,5908.00,17
BSE,INVPRECQ,INE155E01016,B,803.15,818.00,799.65,799.65,799.65,970,790282.00,46
BSE,IOB,INE565A01014,A,33.89,34.85,33.80,34.58,33.73,191507,6593484.00,752
BSE,IOC,INE242A01010,A,139.30,140.50,138.70,138.95,138.35,678963,94635697.00,6239
BSE,IOLCP,INE485C01029,B,169.60,173.50,165.00,171.10,168.05,297402,50201599.00,2198
BSE,IONEXCHANG,INE570A01022,A,410.20,479.00,405.00,469.00,402.15,923120,423307934.00,12637
BSE,IPCALAB,INE571A01038,A,1764.55,1796.70,1747.90,1787.55,1771.75,9392,16617444.00,974
BSE,IPL,INE0D6701023,B,156.25,160.00,156.05,157.00,157.80,18932,2990389.00,424
BSE,IPRINGLTD,INE558A01019,X,119.35,129.30,119.35,127.55,119.55,2711,342965.00,54
BSE,IRB,INE821I01022,A,20.44,20.44,20.22,20.31,20.25,1143157,23266259.00,2762
BSE,IRBINVIT,INE183W23014,IF,62.14,62.14,61.75,61.96,61.71,5032830,312020276.00,576
BSE,IRCON,INE962Y01021,A,129.65,133.25,129.65,131.30,129.35,213858,28200085.00,2123
BSE,IRCTC,INE335Y01020,A,500.95,506.50,498.00,503.40,496.70,136770,68764939.00,5176
BSE,IREDA,INE202E01016,A,122.05,126.75,122.05,126.40,121.75,364250,45700226.00,15731
BSE,IRFC,INE053F01010,A,88.29,90.00,88.29,89.88,88.13,1108623,99198210.00,8538
BSE,IRIS,INE864K01010,B,262.45,267.70,256.70,257.10,258.15,2634,690000.00,205
BSE,IRMENERGY,INE07U701015,B,278.95,278.95,262.55,263.30,262.50,4255,1123567.00,191
BSE,IRONWOOD,INE791H01011,X,50.51,58.00,50.51,55.51,53.52,29849,1712620.00,83
BSE,ISFL,INE973B01026,X,0.65,0.66,0.65,0.66,0.66,136661,88857.00,36
BSE,ISFT,INE566K01011,B,77.05,78.19,76.01,77.10,77.05,517,39570.00,14
BSE,ISGEC,INE858B01029,A,927.00,937.70,895.60,902.80,924.60,3574,3261103.00,322
BSE,ISHANCH,INE561M01018,B,56.94,56.94,56.40,56.54,56.00,6,339.00,5
BSE,ISHITADR,INE806D01016,X,72.12,73.00,72.12,73.00,72.11,115,8381.00,2
BSE,ISLCONSUL,INE569B01022,X,19.31,19.31,18.20,19.00,19.31,130,2505.00,12
BSE,ISTLTD,INE684B01029,X,619.95,631.50,610.00,622.15,619.30,1384,861467.00,88
BSE,ISTRNETWK,INE532B01020,XT,50.44,50.90,48.40,49.77,49.30,37161,1849946.00,127
BSE,ITC,INE154A01025,A,283.65,283.65,280.85,281.90,281.95,283740,80038124.00,6043
BSE,ITCHOTELS,INE379A01028,A,184.25,187.90,181.15,187.15,182.20,212166,39120896.00,2313
BSE,ITCONS,INE0O6A01019,MT,251.00,255.85,246.25,253.60,259.20,24000,6024930.00,75
BSE,ITDC,INE353K01014,B,740.95,745.00,706.55,718.50,729.60,338511,246046576.00,7734
BSE,ITHL,INE262B01016,X,321.25,345.00,321.25,330.90,319.70,9025,2985763.00,347
BSE,ITI,INE248A01017,A,287.70,294.50,287.70,290.40,287.55,22430,6553336.00,445
BSE,ITL,INE478D01014,X,296.00,297.00,280.20,285.95,289.35,513,146724.00,60
BSE,IVALUE,INE056801025,B,289.05,307.70,289.05,305.85,288.90,37220,11110776.00,863
BSE,IVC,INE050B01023,B,8.21,8.21,8.11,8.17,8.11,10111,82452.00,87
BSE,IVP,INE043C01018,T,163.75,167.00,162.30,166.00,167.95,813,133170.00,22
BSE,IWP,INE586E01020,B,32.37,33.94,32.37,33.50,33.03,2777,92837.00,19
BSE,IXIGO,INE0HV901016,A,207.10,208.00,201.15,207.05,203.65,100683,20555473.00,1474
BSE,IZMO,INE848A01014,B,1010.20,1010.20,986.65,1010.20,962.10,47670,48120444.00,621
BSE,J&KBANK,INE168A01041,A,169.15,202.00,169.15,192.20,168.40,1241653,228195888.00,14083
BSE,JACKSON,INE508N01025,X,0.41,0.41,0.39,0.39,0.41,276228,110283.00,142
BSE,JAFINANCE,INE825B01010,X,83.00,83.00,83.00,83.00,83.00,21,1743.00,1
BSE,JAGAJITIND,INE574A01016,X,130.10,134.80,130.10,133.75,133.95,1558,208190.00,59
BSE,JAGANLAM,INE144C01014,X,48.17,49.40,45.20,46.26,48.15,8800,424035.00,87
BSE,JAGJANANI,INE702H01018,X,4.30,4.30,4.19,4.19,4.32,1551,6573.00,9
BSE,JAGRAN,INE199G01027,B,63.16,64.52,63.16,63.84,63.96,22386,1432282.00,328
BSE,JAGSNPHARM,INE048B01035,B,233.10,237.60,231.00,233.30,232.40,5916,1385074.00,201
BSE,JAGSONSER,INE582C01015,X,50.82,50.82,45.98,46.03,48.40,630,29604.00,7
BSE,JAIBALAJI,INE091G01026,T,65.37,67.90,65.37,66.44,66.50,14935,996074.00,128
BSE,JAICORPLTD,INE070D01027,B,111.00,112.35,110.15,111.25,109.10,31250,3476231.00,382
BSE,JAIHIND,INE156E01014,X,36.50,36.50,33.60,35.79,36.93,149,5103.00,15
BSE,JAIMATAG,INE250C01027,X,1.67,1.73,1.54,1.69,1.70,126764,206246.00,141
BSE,JAINCO,INE966C01010,X,4.50,4.50,4.50,4.50,4.50,502,2259.00,5
BSE,JAINEX,INE280F01019,X,120.40,120.40,118.00,119.20,112.20,6,717.00,4
BSE,JAINREC,INE0YD401026,B,344.50,344.65,338.50,340.75,342.50,101903,34835944.00,1537
BSE,JAIPAN,INE058D01030,X,35.85,37.02,35.84,36.99,33.66,69313,2562650.00,240
BSE,JAMESWARREN,INE718P01017,X,270.00,275.95,262.30,271.05,270.00,779,210196.00,21
BSE,JAMNAAUTO,INE039C01032,B,137.35,138.15,136.20,136.60,136.00,61961,8486490.00,537
BSE,JAMSHRI,INE462D01034,X,78.44,78.99,77.60,77.62,78.44,142,11098.00,20
BSE,JARO,INE00YJ01010,B,525.10,530.55,518.75,520.70,524.50,9013,4736534.00,194
BSE,JASCH,INE711C01028,XT,270.00,280.00,270.00,278.35,270.00,6299,1754870.00,56
BSE,JASH,INE039O01029,B,517.85,541.35,515.45,532.60,511.80,18582,9891272.00,907
BSE,JAUSPOL,INE593O01017,XT,24.38,25.50,23.28,25.48,24.50,6663,158857.00,19
BSE,JAYAGROGN,INE785A01026,B,210.00,225.95,209.05,221.95,207.40,2428,533844.00,156
BSE,JAYANT,INE0KR801019,MT,72.99,74.25,72.54,74.13,72.99,7500,549187.00,10
BSE,JAYATMA,INE246D01015,XT,46.10,46.10,46.10,46.10,47.04,795,36649.00,4
BSE,JAYBARMARU,INE571B01036,B,188.35,194.70,185.05,187.35,187.40,73015,13830254.00,1174
BSE,JAYBHCR,INE998D01011,XT,14.03,14.03,14.03,14.03,13.37,1000,14030.00,1
BSE,JAYCH,INE693E01016,X,6.00,6.14,5.95,6.11,5.93,27724,169321.00,79
BSE,JAYKAILASH,INE0MSS01019,MT,22.62,22.62,22.62,22.62,21.55,6400,144768.00,4
BSE,JAYKAY,INE903A01025,B,182.00,188.80,182.00,184.85,180.75,67627,12543420.00,986
BSE,JAYNECOIND,INE854B01010,B,89.01,92.39,89.00,91.58,88.32,127929,11721161.00,805
BSE,JAYSREETEA,INE364A01020,B,82.98,83.67,82.71,83.21,82.30,3722,308949.00,46
BSE,JAYSYNTH,INE263B01022,X,11.91,12.65,11.91,12.57,11.90,24975,309440.00,90
BSE,JAYUSH,INE289D01015,X,875.00,909.00,868.90,869.40,868.90,425,377675.00,37
BSE,JBCHEPHARM,INE572A01036,A,2455.75,2455.75,2388.00,2437.65,2440.95,94027,228371761.00,263
BSE,JBMA,INE927D01051,A,676.95,696.00,674.40,684.70,670.45,60221,41395654.00,1698
BSE,JDCABLES,INE14VP01014,M,249.00,254.35,247.00,249.65,243.15,137600,34294040.00,93
BSE,JENBURPH,INE354A01013,X,1106.00,1135.00,1092.00,1114.65,1101.30,984,1097978.00,94
BSE,JETFREIGHT,INE982V01025,B,21.00,21.33,20.51,21.03,20.81,5284,111262.00,30
BSE,JETKINGQ,INE919C01019,X,93.15,96.70,91.00,94.99,93.08,6084,572897.00,126
BSE,JFL,INE841Y01019,M,21.75,23.95,21.75,23.95,24.00,8000,179340.00,6
BSE,JGCHEM,INE0MB501011,B,448.05,458.50,441.05,455.55,444.45,9667,4347860.00,420
BSE,JGTL,INE0QXV01014,X,500.50,500.50,480.25,498.00,494.35,746,365527.00,31
BSE,JHACC,INE865D01012,X,205.00,205.00,181.10,185.45,190.80,682,129234.00,40
BSE,JHS,INE544H01014,B,7.61,7.70,7.42,7.56,7.61,7310,55059.00,98
BSE,JINDALPHOT,INE796G01012,B,1154.55,1155.15,1140.50,1140.50,1138.15,148,170380.00,17
BSE,JINDALPOLY,INE197D01010,B,712.05,718.10,700.00,718.10,683.95,757,540012.00,27
BSE,JINDALSAW,INE324A01032,A,277.60,278.80,267.70,275.90,272.60,254362,69367239.00,4106
BSE,JINDALSTEL,INE749A01030,A,1048.80,1064.00,1039.00,1051.60,1030.45,56091,59123971.00,2531
BSE,JINDCAP,INE356F01017,X,32.99,33.84,31.60,32.30,32.34,899,29585.00,45
BSE,JINDHOT,INE726D01016,X,63.98,65.00,62.10,62.50,61.81,3826,243683.00,33
BSE,JINDRILL,INE742C01031,B,627.65,627.65,599.35,604.85,621.50,58975,35976378.00,1685
BSE,JINDWORLD,INE247D01039,B,28.88,29.63,28.75,29.43,28.59,18449,537946.00,195
BSE,JIOFIN,INE758E01017,A,234.60,243.50,234.00,241.85,233.40,3169151,762858944.00,20842
BSE,JISLJALEQS,INE175A01038,A,32.45,32.66,31.90,32.05,31.95,145148,4679658.00,420
BSE,JITFINFRA,INE863T01013,B,309.80,324.55,309.80,324.55,295.05,1022,329742.00,17
BSE,JIVIAL,INE0V3T01017,MT,116.65,116.65,116.65,116.65,122.75,44400,5179260.00,32
BSE,JJFINCOR,INE584C01011,X,44.09,47.92,44.00,44.00,45.64,176,8321.00,6
BSE,JKAGRI,INE690O01011,X,324.60,339.00,324.55,334.60,324.55,1480,492090.00,58
BSE,JKCEMENT,INE823G01014,A,5400.95,5485.50,5381.50,5398.55,5380.00,1649,8955338.00,232
BSE,JKIL,INE576I01022,A,510.85,510.85,498.00,501.10,501.25,4430,2237522.00,274
BSE,JKIPL,INE1FF001016,T,98.00,99.35,94.65,98.90,98.90,1011,98149.00,18
BSE,JKLAKSHMI,INE786A01032,A,567.50,576.80,559.20,561.75,568.10,11207,6374480.00,387
BSE,JKPAPER,INE789E01012,A,362.10,367.00,358.15,365.05,355.60,14631,5317786.00,480
BSE,JKTYRE,INE573A01042,A,410.50,415.25,407.00,410.35,404.30,66389,27388202.00,1372
BSE,JLHL,INE682M01012,A,1464.15,1473.50,1440.80,1454.95,1461.60,634,927479.00,105
BSE,JLL,INE919T01013,XT,151.85,151.85,151.85,151.85,144.65,2105,319644.00,11
BSE,JMDVL,INE047E01031,X,6.61,7.28,6.61,7.25,6.94,118454,856501.00,96
BSE,JMFINANCIL,INE780C01023,A,126.15,126.95,124.20,124.70,124.60,191940,24013026.00,1623
BSE,JMJFIN,INE242Q01016,X,9.32,9.68,9.30,9.38,9.50,45384,425484.00,138
BSE,JNKINDIA,INE0OAF01028,B,519.00,523.05,504.45,509.10,511.05,41504,21293419.00,1111
BSE,JOHNPHARMA,INE560F01022,X,0.48,0.48,0.47,0.48,0.48,383106,182108.00,334
BSE,JOINDRE,INE024B01010,X,51.50,54.90,51.30,53.46,51.52,3940,211466.00,93
BSE,JOJO,INE312M01016,X,210.00,216.25,210.00,214.55,212.95,358,75338.00,15
BSE,JONJUA,INE793Z01027,MT,3.35,3.39,3.33,3.36,3.36,38568,129395.00,6
BSE,JOSTS,INE636D01041,X,254.90,256.00,248.95,255.70,251.10,5844,1477331.00,110
BSE,JPOLYINVST,INE147P01019,B,1077.15,1084.15,1075.25,1081.05,1067.00,469,506829.00,106
BSE,JPPOWER,INE351F01018,A,17.02,17.30,16.99,17.02,17.02,3206256,54878067.00,4504
BSE,JSFB,INE953L01027,A,461.00,479.00,461.00,473.25,455.25,25881,12179752.00,714
BSE,JSHL,INE401Q01018,MT,3.19,3.19,3.19,3.19,3.04,5000,15950.00,1
BSE,JSL,INE220G01021,A,709.70,725.00,709.70,715.90,708.80,11961,8607589.00,608
BSE,JSLINDL,INE581L01018,X,900.00,900.00,900.00,900.00,900.00,2,1800.00,2
BSE,JSLL,INE0J5801029,B,595.75,599.90,587.00,592.55,591.00,42967,25509646.00,877
BSE,JSTL,INE237B01018,X,75.64,75.64,70.30,70.88,72.58,10893,788500.00,101
BSE,JSWCEMENT,INE718I01012,B,135.40,138.95,135.40,138.15,135.30,211536,29123084.00,2766
BSE,JSWDULUX,INE133A01011,A,2915.50,2963.20,2878.00,2926.15,2915.45,3172,9240712.00,578
BSE,JSWENERGY,INE121E01018,A,535.60,554.65,535.60,553.30,533.20,66456,36439837.00,1999
BSE,JSWHL,INE824G01012,A,11243.75,11555.00,11077.00,11268.45,11130.75,748,8522375.00,247
BSE,JSWINFRA,INE880J01026,A,326.95,333.60,323.90,330.20,323.90,159762,52887335.00,4206
BSE,JSWSTEEL,INE019A01038,A,1232.90,1259.10,1232.85,1245.55,1224.40,36661,45853379.00,2003
BSE,JTEKTINDIA,INE643A01035,B,145.00,146.05,143.50,144.85,145.05,18551,2685689.00,287
BSE,JTLIND,INE391J01032,B,80.71,81.39,77.70,78.15,80.11,73016,5795968.00,527
BSE,JUBLCPL,INE03CC01015,B,2147.60,2147.60,2080.20,2096.10,2070.00,324,677175.00,68
BSE,JUBLFOOD,INE797F01020,A,432.05,440.70,431.45,438.20,429.30,3047666,1340761413.00,1799
BSE,JUBLINGREA,INE0BY001018,A,716.75,730.35,714.15,722.75,715.70,558532,404929249.00,1346
BSE,JUBLPHARMA,INE700A01033,A,980.15,985.50,954.95,960.90,968.30,28886,27901294.00,737
BSE,JULIEN,INE890N01027,X,1.30,1.30,1.27,1.29,1.28,71075,91322.00,151
BSE,JUMBO,INE699D01015,X,64.79,64.79,63.39,63.73,61.85,2185,139261.00,36
BSE,JUNGLECAMP,INE0WCH01015,M,50.00,50.50,49.20,49.20,49.06,8000,396960.00,3
BSE,JUNIPER,INE696F01016,B,196.95,199.65,196.95,199.00,197.50,2415,480795.00,93
BSE,JUPITERIN,INE524N01014,XT,55.00,57.00,55.00,55.39,55.42,8437,471823.00,42
BSE,JUSTDIAL,INE599M01018,A,550.70,571.95,550.70,564.60,545.95,22697,12752778.00,781
BSE,JUSTO,INE0W5Q01017,M,85.05,85.05,83.60,83.60,87.05,4000,338650.00,4
BSE,JWL,INE209L01016,A,251.85,258.80,251.85,256.85,251.35,94387,24237877.00,1853
BSE,JYOTHYLAB,INE668F01031,A,203.50,204.75,200.00,200.50,201.70,96319,19488105.00,2607
BSE,JYOTI,INE511D01012,X,59.49,60.49,59.00,60.13,58.96,9853,589152.00,84
BSE,JYOTICNC,INE980O01024,A,773.80,806.00,772.15,796.40,769.15,137199,108573017.00,3945
BSE,JYOTIRES,INE577D01013,B,996.65,996.65,962.50,983.30,984.00,9187,9011860.00,950
BSE,JYOTISTRUC,INE197A01024,A,11.86,11.86,11.65,11.69,11.77,178336,2093047.00,350
BSE,KAARYAFSL,INE282Y01016,M,18.76,18.76,18.76,18.76,19.74,6000,112560.00,1
BSE,KABRADG,INE323K01017,X,22.69,22.69,21.51,21.70,21.74,38265,839406.00,102
BSE,KABRAEXTRU,INE900B01029,B,296.00,298.90,292.35,292.70,295.40,2993,886623.00,106
BSE,KABSON,INE645C01010,XT,21.49,21.49,20.19,20.71,21.25,5313,108341.00,41
BSE,KACHCHH,INE059E01010,XT,28.93,28.93,26.46,26.47,27.85,1002,26522.00,3
BSE,KACL,INE229G01022,XT,6.77,6.77,6.51,6.69,6.64,317012,2121456.00,87
BSE,KAHAN,INE04T901017,M,52.80,52.80,52.80,52.80,44.00,1600,84480.00,1
BSE,KAIRA,INE375D01012,X,1635.00,1635.00,1635.00,1635.00,1597.35,1,1635.00,1
BSE,KAIZENAGRO,INE891N01017,X,12.50,13.25,11.73,12.59,11.73,16778,207706.00,143
BSE,KAJARIACER,INE217B01036,A,1211.25,1222.45,1211.25,1218.60,1214.60,66576,81092229.00,289
BSE,KAJARIR,INE434C01027,XT,35.18,37.85,35.18,35.87,36.85,1708,63166.00,13
BSE,KAKA,INE0P3N01018,M,217.50,227.00,216.50,217.00,216.85,15500,3441800.00,26
BSE,KAKTEX,INE092E01011,X,8.85,9.76,8.85,9.76,9.30,1643,15017.00,6
BSE,KALAMANDIR,INE438K01021,B,100.20,103.10,100.15,101.15,99.95,108330,10988269.00,796
BSE,KALIND,INE377D01018,XT,87.96,87.99,85.00,86.93,86.76,328692,28435554.00,783
BSE,KALLAM,INE629F01025,XT,2.45,2.62,2.45,2.50,2.56,42508,106830.00,60
BSE,KALPACOMME,INE059Q01014,X,9.25,9.25,8.80,8.80,9.90,5860,51986.00,32
BSE,KALPATARU,INE227J01012,B,289.65,293.25,285.90,288.50,287.25,2584,748696.00,153
BSE,KALYANCAP,INE149Q01021,XT,7.80,8.19,7.80,8.19,7.80,21256,172855.00,62
BSE,KALYANI,INE0N6U01018,MT,760.00,760.00,732.00,742.00,753.60,4250,3163275.00,17
BSE,KALYANIFRG,INE314G01014,B,624.85,625.70,620.35,625.65,624.85,99,61784.00,32
BSE,KALYANKJIL,INE303R01014,A,449.00,483.10,446.00,476.25,444.55,8174463,3846390249.00,82655
BSE,KAMADGIRI,INE535C01013,XT,111.10,111.10,111.10,111.10,106.00,3,333.00,1
BSE,KAMAHOLD,INE411F01010,A,2568.05,2600.00,2550.05,2594.35,2563.15,172,444688.00,60
BSE,KAMANWALA,INE344D01018,X,15.25,15.50,14.80,15.01,15.70,24551,369235.00,122
BSE,KAMATHOTEL,INE967C01018,B,187.60,189.00,186.00,188.10,184.25,1208,227219.00,56
BSE,KAMATS,INE564S01019,B,40.00,40.00,38.40,39.69,39.49,605,24076.00,16
BSE,KAMDHENU,INE390H01020,T,33.00,34.18,31.16,31.82,32.78,226726,7407694.00,404
BSE,KAMOPAINTS,INE0BTI01037,B,5.03,5.09,4.90,4.91,5.03,100079,500662.00,240
BSE,KANANIIND,INE879E01037,B,1.52,1.60,1.50,1.54,1.52,28631,44154.00,79
BSE,KANCHI,INE081G01019,T,366.00,367.50,363.85,367.45,363.85,45,16485.00,8
BSE,KANCOTEA,INE398L01017,X,53.00,53.00,51.40,51.82,51.80,415,21527.00,20
BSE,KANORICHEM,INE138C01024,T,135.20,138.30,134.15,136.40,131.75,4667,638349.00,62
BSE,KANPRPLA,INE694E01014,B,192.10,199.65,190.45,197.10,196.30,911,176248.00,131
BSE,KANSAINER,INE531A01024,A,201.00,204.85,201.00,202.55,200.70,11563,2354582.00,380
BSE,KANSHST,INE791E01018,X,53.23,54.48,52.01,53.40,53.23,348,18358.00,9
BSE,KAPILRAJ,INE332Q01023,X,1.58,1.58,1.52,1.53,1.59,859943,1311287.00,363
BSE,KARANWO,INE327D01013,X,8.86,8.89,8.85,8.89,9.31,2850,25329.00,6
BSE,KARBON,INE0V8A01016,M,115.50,116.25,110.00,114.00,121.00,18400,2091440.00,18
BSE,KARMAENG,INE725L01011,B,39.00,40.35,39.00,39.50,40.00,188,7425.00,34
BSE,KARNAVATI,INE554R01020,X,1.37,1.42,1.34,1.35,1.36,7145,9855.00,32
BSE,KARNAWATI,INE214D01021,XT,1.22,1.27,1.22,1.26,1.21,31683,39683.00,70
BSE,KARURVYSYA,INE036D01028,B,299.90,308.00,298.05,305.80,295.60,117314,35781879.00,1262
BSE,KATIPATANG,INE237C01016,X,14.94,14.94,14.13,14.39,14.45,2155,31126.00,47
BSE,KATRSPG,INE498G01015,X,99.15,105.90,99.00,105.60,103.25,134,13391.00,9
BSE,KAUSHALYA,INE234I01028,T,1036.05,1036.05,1036.05,1036.05,1090.55,39,40405.00,8
BSE,KAVDEFENCE,INE641C01019,B,63.30,63.30,61.30,62.73,62.43,15734,980728.00,190
BSE,KAYA,INE587G01015,B,241.30,254.70,240.30,241.55,245.00,821,204355.00,25
BSE,KAYCEEI,INE813G01023,X,989.00,989.00,886.90,934.85,926.00,4200,4014283.00,309
BSE,KAYNES,INE918Z01012,A,3444.00,3475.35,3319.10,3333.90,3433.25,155039,525956299.00,13957
BSE,KAYPOWR,INE961B01013,X,8.84,8.84,8.36,8.40,8.52,14481,123052.00,31
BSE,KBSINDIA,INE883D01023,X,1.38,1.46,1.35,1.40,1.36,97391,135806.00,76
BSE,KCDGROUP,INE185U01035,X,3.91,3.99,3.72,3.97,3.92,3880,15170.00,30
BSE,KCLINFRA,INE469F01026,X,1.23,1.25,1.21,1.22,1.24,48035,58734.00,141
BSE,KCP,INE805C01028,B,174.85,174.85,169.85,170.75,172.65,3991,684780.00,127
BSE,KCPSUGIND,INE790B01024,B,21.06,22.00,21.06,21.87,22.00,6044,132412.00,51
BSE,KDDL,INE291D01011,B,3247.95,3270.00,3168.80,3233.75,3181.85,687,2208124.00,163
BSE,KEC,INE389H01022,A,499.80,516.85,494.45,504.95,495.45,109835,55855400.00,2334
BSE,KECL,INE134B01017,T,110.90,115.00,108.10,113.00,111.15,8747,974058.00,84
BSE,KEEPLEARN,INE055C01020,B,1.86,1.90,1.75,1.89,1.88,5425,9783.00,32
BSE,KEERTHI,INE145L01012,X,39.99,40.89,38.15,38.23,40.54,797,30740.00,19
BSE,KEI,INE878B01027,A,5003.95,5164.35,5003.95,5144.05,5002.40,6934,35507732.00,1726
BSE,KEIL,INE534E01020,X,16.79,17.51,16.01,16.13,16.38,4738,78196.00,55
BSE,KELENRG,INE881E01017,XT,8726.50,8799.95,8290.20,8680.85,8726.50,3232,27290464.00,411
BSE,KELLTONTEC,INE164B01030,B,14.90,15.60,14.90,15.33,14.91,218662,3366729.00,839
BSE,KEMISTAR,INE971L01029,X,51.00,51.00,45.24,46.76,49.96,2185,101916.00,29
BSE,KEMP,INE060E01018,X,1085.00,1138.10,1081.20,1138.10,1138.10,26,28214.00,9
BSE,KENFIN,INE395E01018,XT,13.31,13.31,13.31,13.31,13.32,1,13.00,1
BSE,KENNAMET,INE717A01029,B,2811.30,2856.00,2801.00,2811.25,2804.70,631,1779677.00,329
BSE,KENVI,INE923Y01023,B,2.14,2.14,2.09,2.12,2.12,42368,89507.00,126
BSE,KERALAYUR,INE817B01025,X,167.80,169.40,163.05,165.75,163.15,5406,901211.00,107
BSE,KERNEX,INE202H01019,B,2144.95,2181.50,2104.00,2160.50,2123.15,11232,24065323.00,831
BSE,KESAR,INE0L1C01019,M,1240.10,1240.50,1229.00,1230.00,1229.40,10500,12989015.00,69
BSE,KESARENT,INE133B01027,X,6.49,6.88,6.30,6.69,6.49,10092,66883.00,47
BSE,KESARPE,INE133C01033,X,18.77,19.49,18.40,18.56,18.77,66684,1254708.00,248
BSE,KESORAMIND,INE087A01019,T,10.38,10.38,10.38,10.38,10.18,72259,750048.00,65
BSE,KEYCORP,INE130F01016,X,59.06,61.81,57.42,59.13,59.01,2459,144909.00,30
BSE,KEYFINSERV,INE681C01015,B,262.20,264.00,262.20,263.05,274.25,400,105134.00,23
BSE,KFBL,INE991B01010,X,41.31,45.00,41.31,43.73,41.81,6264,271062.00,44
BSE,KFINTECH,INE138Y01010,A,873.05,910.00,873.05,901.50,875.00,156187,140515444.00,6233
BSE,KGDENIM,INE104A01012,X,15.87,15.87,14.75,15.16,15.11,8635,129438.00,49
BSE,KHADIM,INE834I01025,T,105.95,105.95,102.20,102.40,104.55,2121,219744.00,44
BSE,KHAICHEM,INE745B01028,T,52.35,53.25,51.00,51.87,51.99,11907,615857.00,87
BSE,KHAZANCHI,INE0OWC01011,M,616.80,638.00,616.00,627.35,615.70,24750,15362350.00,69
BSE,KHOOBSURAT,INE731G01027,X,0.53,0.53,0.51,0.52,0.53,879859,458013.00,192
BSE,KHYATI,INE593B01030,XT,3.45,3.62,3.30,3.48,3.45,1525,5258.00,16
BSE,KIAASA,INE1C3F01018,M,33.00,34.48,32.50,32.77,34.49,30000,990640.00,26
BSE,KICL,INE029L01018,B,5500.00,5657.50,5499.75,5510.00,5495.30,192,1074175.00,50
BSE,KIFS,INE902D01013,X,109.55,115.35,109.55,111.05,110.70,814,90216.00,28
BSE,KILITCH,INE729D01010,T,181.15,185.00,177.15,185.00,184.00,2812,510741.00,29
BSE,KIMIABL,INE285U01025,X,30.16,31.77,30.00,31.03,30.30,2952,90484.00,39
BSE,KIMS,INE967H01025,A,817.95,824.00,809.40,815.45,815.20,340138,276239633.00,882
BSE,KINETICENG,INE266B01017,XT,293.35,307.00,291.90,303.20,293.35,18754,5666358.00,163
BSE,KINETRU,INE674M01019,X,31.83,31.83,31.83,31.83,30.32,39,1241.00,3
BSE,KINGFA,INE473D01015,B,5099.60,5157.00,5041.00,5149.85,5048.05,82,416857.00,50
BSE,KINGSINFR,INE050N01010,X,122.95,123.45,120.10,121.30,120.55,8344,1011987.00,148
BSE,KIOCL,INE880L01014,A,380.95,389.00,379.85,381.05,376.75,7919,3038414.00,257
BSE,KIRANSY-B,INE293D01017,X,13.87,15.00,13.87,15.00,14.60,7492,103930.00,15
BSE,KIRANVYPAR,INE555P01013,B,193.95,193.95,193.95,193.95,194.00,1,193.00,1
BSE,KIRIINDUS,INE415I01015,A,382.90,390.00,381.25,387.00,381.75,14578,5634346.00,261
BSE,KIRLFER,INE884B01025,B,456.65,471.40,456.65,468.10,456.05,11457,5335000.00,559
BSE,KIRLOSBROS,INE732A01036,A,1935.95,1935.95,1896.20,1918.80,1909.55,11097,21273673.00,844
BSE,KIRLOSENG,INE146L01010,A,2452.55,2499.95,2435.00,2492.25,2425.80,137672,340905112.00,5922
BSE,KIRLOSIND,INE250A01039,B,4151.00,4221.00,4130.00,4133.50,4151.10,598,2499814.00,145
BSE,KIRLPNU,INE811A01020,A,1813.75,1813.75,1764.00,1782.80,1781.90,4194,7451897.00,314
BSE,KISAAN,INE102C01020,X,13.98,14.40,12.10,13.70,12.85,52893,706888.00,232
BSE,KISAN,INE017C01012,XT,24.10,25.50,24.00,25.34,25.16,168450,4188376.00,358
BSE,KISSHT,INE12F801023,B,313.25,325.00,307.90,320.90,312.50,96990,30639377.00,1670
BSE,KITEX,INE602G01020,A,153.65,155.05,153.00,153.35,153.30,24230,3728763.00,438
BSE,KJMCCORP,INE602C01011,X,56.00,56.00,47.00,52.50,55.00,3435,170429.00,51
BSE,KJMCFIN,INE533C01018,X,58.70,58.70,53.44,54.15,51.10,233,12837.00,13
BSE,KKALPANAIND,INE301C01028,X,6.65,7.09,6.65,6.84,6.90,40312,274561.00,84
BSE,KKCL,INE401H01017,B,498.60,500.80,486.65,497.60,495.30,2047,1003080.00,108
BSE,KKPLASTICK,INE465K01016,X,28.88,28.88,28.88,28.88,27.51,10,288.00,1
BSE,KLBRENG-B,INE338F01015,B,463.00,471.95,448.40,454.20,461.30,21426,9775567.00,423
BSE,KLRFM,INE014E01015,X,100.90,100.90,96.05,99.25,98.45,2201,220746.00,35
BSE,KMCSHIL,INE879K01018,B,137.80,138.00,132.60,135.05,136.25,107574,14585824.00,1375
BSE,KMEW,INE0CJD01029,B,2294.00,2435.00,2293.60,2410.15,2270.30,32635,77438449.00,2869
BSE,KMFBLDR,INE580H01026,X,6.61,6.61,6.61,6.61,6.95,110,727.00,2
BSE,KMSUGAR,INE157H01023,B,26.80,28.50,26.58,28.04,27.15,9121,253981.00,197
BSE,KNACK,INE17QZ01016,B,198.25,220.85,197.35,209.95,194.55,781017,164665669.00,8936
BSE,KNRCON,INE634I01029,A,128.00,130.80,127.95,129.20,127.50,76758,9948903.00,712
BSE,KOBO,INE881A01015,Z,9.09,9.09,9.09,9.09,8.92,75543,686685.00,36
BSE,KOHINOOR,INE080B01012,B,24.90,24.90,23.41,24.40,24.41,18481,446740.00,352
BSE,KOKUYOCMLN,INE760A01029,B,87.22,87.95,86.72,87.95,86.79,233,20358.00,38
BSE,KOLTEPATIL,INE094I01018,B,362.00,372.20,362.00,368.40,360.50,2230,819760.00,256
BSE,KONNDOR,INE971A01014,XT,17.74,17.74,16.63,16.63,17.50,7671,127686.00,15
BSE,KOPRAN,INE082A01010,T,192.80,198.45,186.20,197.60,189.00,9067,1750316.00,115
BSE,KOTAKBANK,INE237A01036,A,378.20,381.10,377.15,377.80,377.05,3124199,1186895696.00,3487
BSE,KOTHARIPRO,INE823A01017,B,70.99,71.72,70.99,71.72,69.08,20,1433.00,2
BSE,KOTIC,INE972A01020,B,170.00,196.40,170.00,182.70,172.55,59211,11267423.00,1829
BSE,KOTYARK,INE0J0B01017,T,35.90,36.57,34.90,35.89,35.38,12268,436775.00,69
BSE,KOURA,INE0M8R01011,M,32.60,32.60,32.60,32.60,33.50,2000,65200.00,1
BSE,KOVAI,INE177F01017,B,6000.90,6025.55,5960.00,5981.10,5971.60,325,1947133.00,131
BSE,KPEL,INE127T01021,B,325.00,332.15,325.00,328.80,323.75,16179,5326269.00,376
BSE,KPGEL,INE0QVH01025,M,369.00,369.05,360.95,363.85,366.95,59500,21660362.00,195
BSE,KPIGREEN,INE542W01025,A,401.00,407.00,401.00,404.35,397.30,29722,12022696.00,645
BSE,KPIL,INE220B01022,A,1373.45,1373.45,1343.80,1351.30,1350.20,7687,10396912.00,597
BSE,KPITTECH,INE04I401011,A,554.85,567.35,554.50,561.80,547.80,351088,197154706.00,5347
BSE,KPL,INE552U01010,B,2648.20,2696.35,2576.10,2595.25,2617.60,2319,6076669.00,605
BSE,KPRMILL,INE930H01031,A,1134.85,1134.85,1104.00,1108.50,1114.65,504298,562797093.00,590
BSE,KPT,INE731D01024,X,569.10,583.75,553.10,559.10,568.30,2200,1243109.00,154
BSE,KRANTI,INE911T01010,B,65.50,68.97,64.44,66.43,65.64,3150,208729.00,47
BSE,KRATIKAL,INE1L0M01019,MT,171.00,179.95,168.70,179.95,171.40,168000,29412800.00,138
BSE,KRBL,INE001B01026,A,371.45,374.30,365.15,365.95,368.95,12500,4607464.00,311
BSE,KREBSBIO,INE268B01013,B,59.50,59.50,54.60,54.91,56.67,964,53596.00,27
BSE,KREONFIN,INE302C01018,XT,77.50,80.00,74.25,76.26,76.42,2817,217159.00,30
BSE,KRETTOSYS,INE128R01023,XT,0.54,0.55,0.53,0.53,0.55,866647,462905.00,363
BSE,KRIDHANINF,INE524L01026,T,2.80,2.80,2.69,2.69,2.80,1262,3396.00,3
BSE,KRIFILIND,INE073A01019,XT,5.68,5.68,5.42,5.45,5.70,935,5242.00,6
BSE,KRISHIVAL,INE0GGO01015,B,402.50,402.50,395.00,395.30,398.55,1248,497402.00,83
BSE,KRISHNA,INE537L01010,XT,41.98,42.00,40.10,40.35,40.00,19334,807455.00,45
BSE,KRITI,INE479D01038,T,70.40,70.94,67.55,69.24,70.38,461,31969.00,20
BSE,KRITINUT,INE798K01010,T,77.90,78.50,75.05,77.96,76.75,1053,79921.00,16
BSE,KRN,INE0Q3J01015,T,1234.00,1234.00,1195.10,1230.65,1211.80,5214,6383008.00,287
BSE,KRONOX,INE0ATZ01017,B,149.45,152.90,149.45,150.80,149.65,9127,1375135.00,210
BSE,KROSS,INE0O6601022,B,183.00,187.90,183.00,185.55,182.35,13506,2508753.00,283
BSE,KRRAIL,INE078T01026,X,26.50,26.99,26.31,26.51,26.20,16308,434560.00,267
BSE,KRSNAA,INE08LI01020,B,574.95,574.95,552.55,557.00,557.95,7235,4027068.00,204
BSE,KRT,INE1JAR25012,IF,115.09,115.95,115.09,115.61,115.11,11441,1323666.00,299
BSE,KRUPALU,INE0XZB01017,M,31.40,31.40,31.35,31.35,33.00,4800,150640.00,3
BSE,KRYPTONQ,INE951B01014,X,40.15,41.70,39.11,40.70,40.97,2362,95910.00,35
BSE,KRYSTAL,INE0QN801017,B,634.75,634.75,600.00,601.40,600.10,335,203487.00,26
BSE,KSB,INE999A01023,A,932.00,946.85,929.45,941.45,932.65,2612,2452315.00,217
BSE,KSCL,INE455I01029,A,876.70,876.95,863.70,870.30,865.75,2308,2002543.00,151
BSE,KSE,INE953E01022,X,183.30,183.30,178.00,180.70,181.90,13827,2503684.00,284
BSE,KSHINTL,INE987S01020,B,861.75,861.75,837.65,849.05,847.60,10013,8527244.00,490
BSE,KSL,INE907A01026,B,950.00,965.00,933.15,957.30,931.85,8733,8278187.00,483
BSE,KSOLVES,INE0D6I01023,B,285.00,292.00,285.00,289.40,283.00,3934,1136582.00,236
BSE,KSR,INE1SPP01016,B,30.88,30.88,29.14,29.48,30.67,6464,194189.00,85
BSE,KSSMART,INE737E01011,X,124.00,127.90,124.00,125.20,122.05,4250,537887.00,55
BSE,KTIL,INE096L01025,X,62.00,63.99,62.00,63.70,62.20,221,13870.00,17
BSE,KTKBANK,INE614B01018,A,267.60,277.50,267.60,276.05,267.70,164829,45042562.00,3328
BSE,KUANTUM,INE529I01021,B,74.65,76.23,73.85,75.77,75.35,773,57691.00,17
BSE,KUBERJI,INE594R01018,XT,17.55,17.67,16.20,17.46,16.83,15980,278985.00,43
BSE,KUNSTOFF,INE638D01021,X,23.50,23.50,22.00,23.45,23.15,723,16790.00,14
BSE,KUSHIND,INE979D01011,X,6.42,6.73,6.29,6.50,6.40,7373,47740.00,29
BSE,KUWERIN,INE430F01010,X,11.33,11.75,11.06,11.67,11.34,4246,47721.00,19
BSE,KVFORGE,INE013J01016,XT,168.55,172.80,160.15,162.35,168.55,11226,1806764.00,109
BSE,KVSCASTING,INE163701019,M,65.00,67.00,65.00,66.85,65.00,10000,661100.00,5
BSE,KVTOYS,INE1IE301018,M,322.80,328.60,320.00,323.00,322.75,13200,4281090.00,19
BSE,KWIL,INE2KCE01013,B,33.01,33.80,32.67,32.90,32.77,708818,23581720.00,3623
BSE,KZLFIN,INE006C01015,X,16.75,16.75,16.75,16.75,16.75,50,837.00,1
BSE,LABELKRAFT,INE0NLJ01011,M,62.75,62.85,62.75,62.80,61.00,4000,251200.00,2
BSE,LACTOSE,INE058I01013,X,101.05,101.05,98.30,100.00,98.80,4077,407404.00,73
BSE,LADDERUP,INE519D01015,X,55.00,55.00,52.50,52.50,50.61,10,536.00,7
BSE,LADDU,INE546I01025,X,0.40,0.40,0.39,0.40,0.39,279637,111431.00,111
BSE,LAFFANSQ,INE919B01011,X,28.00,28.01,27.23,27.23,28.00,1551,43001.00,9
BSE,LAHL,INE213U01019,X,7.15,7.15,6.58,7.00,7.17,567,3792.00,8
BSE,LAHOTIOV,INE515C01023,B,47.90,47.90,43.99,43.99,44.00,224,9908.00,8
BSE,LAKESHORE,INE734D01010,X,72.50,72.50,70.50,72.45,71.82,1523,108102.00,15
BSE,LAKHOTIA,INE191O01010,X,58.79,62.98,57.90,62.00,58.97,15817,977809.00,13
BSE,LAKSELEC,INE284C01018,X,810.05,869.45,801.10,847.50,813.55,2436,2058515.00,167
BSE,LAKSHMIEW,INE718M01022,X,2301.20,2420.00,2301.20,2324.75,2429.75,33,77080.00,11
BSE,LAKSHMIMIL,INE938C01019,X,7400.00,7499.00,7355.00,7400.25,7420.00,79,586434.00,18
BSE,LAL,INE740X01023,B,8.90,9.13,8.52,8.70,8.74,6722,58188.00,67
BSE,LALPATHLAB,INE600L01024,A,1704.70,1706.30,1675.00,1692.85,1684.25,6156,10413150.00,548
BSE,LAMBODHARA,INE112F01022,B,108.50,113.40,108.50,109.05,106.75,488,53727.00,80
BSE,LANCER,INE359U01028,X,11.00,11.40,10.41,10.72,10.76,389007,4164715.00,797
BSE,LANCORHOL,INE572G01025,B,25.69,27.50,25.20,27.50,25.00,29245,793902.00,252
BSE,LANDMARC,INE394C01023,X,1.80,1.89,1.80,1.87,1.80,18593,34220.00,48
BSE,LANDMARK,INE559R01029,B,430.40,433.75,420.00,424.45,429.15,2126,914007.00,121
BSE,LANDSMILL,INE688J01023,B,0.77,0.79,0.77,0.78,0.78,277030,216305.00,176
BSE,LAOPALA,INE059D01020,B,176.65,180.35,176.65,178.65,177.30,4076,729266.00,140
BSE,LASA,INE670X01014,B,7.57,7.60,7.21,7.44,7.54,6867,50190.00,57
BSE,LASTMILE,INE404B01022,XT,8.21,8.38,7.75,7.87,8.05,67403,534968.00,159
BSE,LATENTVIEW,INE0I7C01011,A,304.25,308.00,300.10,301.40,299.80,29166,8887474.00,759
BSE,LATIMMETAL,INE501N01020,X,7.87,8.29,7.17,7.33,7.80,1503677,11380785.00,1031
BSE,LAURUSLABS,INE947Q01028,A,1522.90,1547.80,1506.20,1538.25,1503.20,39981,61225923.00,2582
BSE,LAXMIDENTL,INE0WO601020,B,221.65,221.65,217.00,219.95,216.60,5846,1281441.00,184
BSE,LAXMIINDIA,INE06WU01026,T,112.35,113.40,110.00,111.01,111.96,7305,813634.00,65
BSE,LAXMIPATI,INE920P01019,MT,574.35,574.35,525.00,525.00,547.00,1500,818425.00,3
BSE,LCCINFOTEC,INE938A01021,B,4.70,4.73,4.50,4.64,4.68,3176,14820.00,24
BSE,LEENEE,INE791B01014,X,8.04,8.04,7.52,7.92,7.64,12891,97981.00,48
BSE,LEHAR,INE976H01018,X,246.00,246.00,236.10,240.10,243.85,17091,4133341.00,316
BSE,LELAVOIR,INE204S01012,X,89.10,89.10,89.10,89.10,93.75,549,48915.00,27
BSE,LEMONTREE,INE970X01018,A,117.65,119.05,117.55,118.45,117.30,327193,38676328.00,1050
BSE,LENSKART,INE956O01016,B,555.30,560.00,541.35,543.30,545.15,224579,123344029.00,3654
BSE,LERTHAI,INE347D01011,XT,586.10,586.10,586.10,586.10,616.90,1,586.00,1
BSE,LESHAIND,INE050L01048,X,0.79,0.80,0.77,0.77,0.78,90305,70881.00,120
BSE,LESL,INE0X6O01027,M,23.55,23.84,22.52,23.12,23.50,288000,6740040.00,33
BSE,LEXGLOBAL,INE745A01012,XT,198.00,198.00,198.00,198.00,199.00,3,594.00,1
BSE,LEXORAA,INE185D01015,XT,18.76,18.76,18.00,18.00,18.76,1830,33194.00,8
BSE,LGBBROSLTD,INE337A01034,B,1569.85,1588.65,1567.55,1587.55,1557.55,299,472974.00,59
BSE,LGBFORGE,INE201J01017,XT,5.50,5.80,5.50,5.67,5.69,82807,473562.00,169
BSE,LGEINDIA,INE324D01010,B,1563.80,1578.00,1552.00,1565.30,1566.60,15325,24023547.00,1441
BSE,LGLL,INE12QA01010,M,15.00,16.45,15.00,16.29,15.67,14400,229120.00,9
BSE,LGT,INE191201016,M,42.10,42.10,42.10,42.10,40.32,1200,50520.00,1
BSE,LIBERTSHOE,INE557B01019,B,280.00,287.50,272.30,272.85,273.30,6859,1928668.00,330
BSE,LIBORDFIN,INE212B01011,X,16.95,17.20,15.61,16.90,16.49,4214,71199.00,29
BSE,LICHSGFIN,INE115A01026,A,540.35,553.40,540.35,549.90,539.80,501987,276034992.00,1775
BSE,LICI,INE0J1Y01017,A,439.55,445.90,437.00,442.85,438.55,366906,162241322.00,8174
BSE,LIKHAMI,INE920T01011,X,302.00,302.00,302.00,302.00,301.80,1,302.00,1
BSE,LIKHITHA,INE060901027,T,239.85,248.00,237.00,243.80,239.85,4069,974139.00,64
BSE,LIMECHM,INE891G01011,X,12.50,13.70,12.50,13.64,13.11,1802,22572.00,9
BSE,LINC,INE802B01027,B,101.50,114.30,101.50,106.85,104.00,4068,447224.00,86
BSE,LINCOLN,INE405C01035,B,611.40,621.35,608.95,617.65,614.40,3052,1879088.00,289
BSE,LINDEINDIA,INE473A01011,A,6982.80,7167.00,6970.00,7043.50,6995.30,952,6704636.00,383
BSE,LINKPH,INE302F01011,X,24.51,26.77,24.23,26.77,25.50,705,17138.00,12
BSE,LIOTECH,INE0TKX01011,M,124.80,124.80,124.80,124.80,138.65,6400,798720.00,16
BSE,LIPPISYS,INE845B01018,XT,221.45,221.45,221.45,221.45,210.95,8265,1830284.00,49
BSE,LKPSEC,INE341H01023,XT,17.05,17.27,17.02,17.20,17.02,9572,163613.00,38
BSE,LLFICL,INE715Q01029,T,1.28,1.28,1.24,1.26,1.28,1236537,1560557.00,363
BSE,LLOYDSENGG,INE093R01011,A,86.42,90.91,85.14,90.59,85.32,1309912,116081529.00,5415
BSE,LLOYDSENT,INE080I01025,A,75.89,78.50,74.70,78.18,74.54,311569,24028264.00,1501
BSE,LLOYDSME,INE281B01032,A,1751.95,1828.95,1751.95,1798.55,1747.15,99073,177402365.00,4067
BSE,LMW,INE269B01029,A,15836.10,16199.95,15836.10,16162.40,15723.45,157,2525538.00,77
BSE,LODHA,INE670K01029,A,1184.15,1225.00,1140.00,1221.15,1195.30,363091,429905085.00,14526
BSE,LOGICA,INE0BSU01018,M,160.05,164.00,160.05,163.25,163.30,10200,1654200.00,10
BSE,LOGICIEL,INE1BA901016,MT,32.21,34.15,31.25,34.15,32.60,1800,58566.00,3
BSE,LOKESHMACH,INE397H01017,T,335.90,335.90,329.20,329.20,335.90,3917,1299555.00,48
BSE,LONGSPUR,INE180M01033,X,6.81,7.39,6.81,7.36,7.08,39597,277163.00,55
BSE,LOOKS,INE204N01013,XT,8.71,8.71,8.16,8.55,8.56,7516,63087.00,54
BSE,LORDSCHLO,INE846D01012,B,139.00,139.25,135.80,139.10,136.80,961,131647.00,30
BSE,LORDSMARK,INE567L01025,XT,60.00,63.00,60.00,63.00,669.70,729556,44200278.00,178
BSE,LOTUSCHO,INE026D01011,B,671.05,677.90,652.00,664.00,672.70,6308,4192112.00,375
BSE,LOTUSDEV,INE0V9Q01010,B,144.15,146.45,142.80,145.35,142.30,33926,4893165.00,415
BSE,LOTUSEYE,INE947I01017,B,134.00,134.00,118.25,118.25,120.25,287,34378.00,29
BSE,LOVABLE,INE597L01014,B,78.80,79.60,77.89,77.91,76.35,759,59676.00,26
BSE,LOYAL,INE876S01017,X,162.80,170.00,162.80,165.50,156.20,6682,1120544.00,137
BSE,LOYALTEX,INE970D01010,B,196.40,196.55,191.00,195.15,210.05,309,59138.00,12
BSE,LPDC,INE197J01017,B,6.44,6.50,6.35,6.46,6.44,7934,50766.00,50
BSE,LT,INE018A01030,A,3923.00,3953.80,3911.50,3946.55,3887.30,66881,263109137.00,5131
BSE,LTELEVATOR,INE0TJ801010,MT,238.00,252.75,238.00,250.05,246.10,22400,5552160.00,27
BSE,LTF,INE498L01015,A,324.60,328.80,319.20,321.25,321.05,620471,200959382.00,10176
BSE,LTFOODS,INE818H01020,A,389.05,393.15,387.15,389.15,388.20,25430,9918209.00,705
BSE,LTM,INE214T01019,A,3900.00,4079.00,3899.95,4041.15,3852.85,28767,114777410.00,3947
BSE,LTTS,INE010V01017,A,3248.50,3290.75,3233.75,3277.85,3217.30,3521,11489382.00,451
BSE,LUDLOWJUT,INE983C01015,XT,389.00,389.90,370.00,370.75,375.55,1253,473050.00,49
BSE,LUMAXIND,INE162B01018,B,5429.00,5448.65,5304.60,5377.75,5362.40,502,2690617.00,150
BSE,LUMAXTECH,INE872H01027,A,1503.60,1504.05,1489.00,1491.80,1494.95,4214,6303477.00,268
BSE,LUPIN,INE326A01037,A,2481.25,2520.00,2481.25,2496.05,2502.90,12118,30294664.00,2056
BSE,LUXIND,INE150G01020,B,1235.10,1339.00,1235.10,1277.30,1223.95,14377,18800087.00,1057
BSE,LUXURY,INE1CJB01013,MT,66.00,66.00,64.30,64.50,66.00,4800,311680.00,3
BSE,LWSKNIT,INE281M01013,X,15.80,16.74,15.67,16.12,15.75,2114,33291.00,12
BSE,LXCHEM,INE576O01020,A,153.10,157.35,153.10,155.45,152.60,21076,3285191.00,402
BSE,LYKALABS,INE933A01014,T,71.75,75.00,69.65,72.36,71.80,841,61480.00,23
BSE,LYKISLTD,INE624M01014,X,44.57,45.00,44.03,44.12,44.57,3883,172564.00,23
BSE,LYONSCO,INE100F01019,X,24.20,24.45,24.20,24.45,24.20,49,1186.00,4
BSE,LYPSAGEMS,INE142K01011,B,4.70,4.70,4.50,4.58,4.63,3243,14963.00,36
BSE,M&M,INE101A01026,A,3126.55,3135.20,3107.05,3129.15,3085.25,467082,1458143671.00,4915
BSE,M&MFIN,INE774D01024,A,338.55,347.00,338.55,340.85,336.75,304771,104663352.00,4904
BSE,MAANALU,INE215I01027,B,122.55,126.00,120.60,121.95,120.60,7736,955967.00,346
BSE,MACHLTD,INE0UYT01018,M,131.50,134.00,131.50,134.00,132.00,1200,159300.00,2
BSE,MACPLASQ,INE082B01018,X,280.05,288.40,271.00,273.00,279.70,1153,317394.00,48
BSE,MADALA,INE002B01016,X,212.90,212.90,190.00,195.70,203.00,3609,700226.00,68
BSE,MADHAV,INE925C01016,B,36.70,36.70,36.70,36.70,36.74,5,183.00,2
BSE,MADHAVIPL,INE631R01026,B,7.77,8.57,7.77,8.36,8.37,40928,340495.00,138
BSE,MADHUDIN,INE469C01023,X,40.01,42.98,34.95,37.29,42.06,12652,518876.00,58
BSE,MADRASFERT,INE414A01015,B,68.06,68.94,67.86,67.98,67.22,1136,77724.00,60
BSE,MAFATIND,INE270B01035,B,144.00,144.00,137.05,138.15,138.85,18619,2605078.00,452
BSE,MAGADSUGAR,INE347W01011,B,508.20,511.85,501.35,506.00,505.05,1333,675089.00,160
BSE,MAGNAELQ,INE437D01010,XT,1193.60,1249.00,1158.00,1231.85,1218.00,484,586621.00,24
BSE,MAGNUM,INE387I01016,B,19.98,19.99,19.45,19.76,20.48,771,15166.00,19
BSE,MAGNUS,INE898E01011,XT,67.56,67.56,67.56,67.56,71.11,10247,692287.00,123
BSE,MAHABANK,INE457A01014,A,82.98,87.40,81.66,84.35,82.00,2589488,218126646.00,11526
BSE,MAHACORP,INE272E01027,X,0.33,0.34,0.32,0.34,0.34,824474,273486.00,239
BSE,MAHALIFE,INE0U9D01019,M,170.05,170.05,161.10,166.00,170.00,6000,1004580.00,5
BSE,MAHALXSE,INE257F01017,Z,7.94,8.10,7.94,8.10,7.94,13,104.00,5
BSE,MAHAPEXLTD,INE843B01013,B,45.95,49.84,43.21,43.61,43.68,796,35907.00,39
BSE,MAHASTEEL,INE451L01014,B,831.05,866.85,831.05,865.25,828.35,265,226645.00,29
BSE,MAHAVEER,INE019D01016,Z,14.77,14.77,14.21,14.77,14.07,53,781.00,10
BSE,MAHEPC,INE215D01010,B,116.00,120.65,115.55,120.55,115.65,6439,761243.00,111
BSE,MAHLIFE,INE813A01018,A,368.10,380.95,368.10,379.10,368.10,119291,44652161.00,841
BSE,MAHLOG,INE766P01016,B,385.90,390.60,385.55,387.10,389.20,17544,6805008.00,302
BSE,MAHSCOOTER,INE288A01013,A,13183.00,13299.00,13089.35,13127.70,13016.75,141,1865215.00,85
BSE,MAHSEAMLES,INE271B01025,A,593.20,603.55,593.20,596.75,591.00,2498,1495515.00,182
BSE,MAIDEN,INE0O1T01010,M,84.01,85.00,83.25,84.21,83.75,46000,3875160.00,27
BSE,MAINFRA,INE392G01028,XT,11.75,11.90,11.50,11.61,11.79,3487,40586.00,44
BSE,MAITHANALL,INE683C01011,B,1010.60,1036.00,1010.60,1033.85,1004.10,3067,3152709.00,262
BSE,MAITRI,INE501L01024,XT,35.70,35.70,32.42,35.64,34.00,180,5940.00,6
BSE,MAJESAUT,INE201B01022,B,347.85,350.00,342.30,350.00,345.25,1271,440410.00,47
BSE,MAKERSL,INE987A01010,X,160.00,160.00,145.00,148.25,154.10,7110,1050567.00,94
BSE,MAL,INE100C01024,XT,1.89,1.98,1.89,1.98,1.98,19013,37623.00,11
BSE,MALLCOM,INE389C01015,B,1037.00,1050.00,1018.00,1045.75,1027.00,128,132362.00,44
BSE,MALPANI,INE0YON01014,M,71.85,71.85,65.49,66.15,71.80,14400,967920.00,9
BSE,MALUPAPER,INE383H01017,B,31.38,31.89,30.60,30.63,31.38,746,23079.00,25
BSE,MAMATA,INE0TO701015,B,385.00,386.80,379.45,381.10,381.35,2628,1008346.00,148
BSE,MANAKALUCO,INE859Q01017,B,35.85,35.85,34.77,35.08,34.36,2571,90192.00,81
BSE,MANAKCOAT,INE830Q01018,B,118.65,124.60,118.65,122.55,117.35,10759,1315058.00,231
BSE,MANAKSIA,INE015D01022,B,58.86,58.86,57.42,57.42,56.90,110,6460.00,2
BSE,MANAKSTEEL,INE824Q01011,T,78.30,78.97,76.60,76.60,77.51,3626,281397.00,14
BSE,MANALIPETC,INE201A01024,B,60.90,63.33,60.90,62.66,60.97,25987,1618478.00,289
BSE,MANAPPURAM,INE522D01027,A,335.20,342.70,335.20,340.75,332.00,106767,36286024.00,2059
BSE,MANBA,INE939X01013,B,139.95,140.30,136.90,138.10,136.70,9812,1351409.00,201
BSE,MANBRO,INE348N01042,X,49.56,51.00,49.40,50.39,49.53,146792,7351814.00,385
BSE,MANCREDIT,INE545L01039,B,234.05,241.05,232.95,237.25,240.05,5412,1284296.00,163
BSE,MANGALAM,INE584F01014,B,27.90,28.50,27.53,28.00,27.16,2456,68904.00,15
BSE,MANGIND,INE717C01025,X,0.58,0.59,0.57,0.59,0.58,4153826,2412701.00,708
BSE,MANGLMCEM,INE347A01017,B,941.35,967.05,940.85,963.75,947.05,5309,5073625.00,236
BSE,MANINDS,INE993A01026,B,584.60,584.60,564.00,567.45,574.95,8453,4866365.00,339
BSE,MANINFRA,INE949H01023,A,101.40,104.95,101.40,104.35,100.75,153279,15944068.00,620
BSE,MANIVENI,INE0YD301010,M,34.00,34.09,32.00,34.01,34.09,110000,3732020.00,10
BSE,MANKIND,INE634S01028,A,2532.95,2572.40,2511.05,2524.85,2531.35,21468,54747569.00,1859
BSE,MANOJJEWEL,INE0MV001018,M,34.50,34.50,32.85,32.86,34.00,12000,400040.00,5
BSE,MANOMAY,INE784W01015,B,177.25,178.50,174.00,174.20,179.95,403,70857.00,48
BSE,MANORAMA,INE00VM01036,A,1583.00,1624.00,1583.00,1602.05,1579.85,10228,16446312.00,643
BSE,MANORG,INE370D01013,T,540.00,540.00,530.00,530.00,530.00,40,21300.00,4
BSE,MANRAJH,INE948I01015,XT,40.00,40.00,39.90,39.90,42.00,1900,75980.00,2
BSE,MANTRA,INE304E01010,X,16.59,17.20,16.01,16.51,16.74,3819,62904.00,7
BSE,MANUGRAPH,INE867A01022,T,14.91,15.28,14.61,15.28,15.28,1588,23853.00,10
BSE,MANYAVAR,INE825V01034,A,397.50,400.90,392.00,392.95,392.90,5800,2294420.00,407
BSE,MAPMYINDIA,INE0BV301023,A,1071.05,1115.50,1065.00,1083.50,1070.80,100743,109321383.00,3837
BSE,MAPROIN,INE848M01019,X,27.80,27.80,27.80,27.80,26.48,649,18042.00,7
BSE,MARALOVER,INE882A01013,T,55.65,55.65,54.43,54.43,53.00,2002,110801.00,4
BSE,MARATHON,INE182D01020,B,404.00,414.90,402.15,410.70,398.55,2326,951509.00,130
BSE,MARBLE,INE807H01023,X,126.65,132.05,126.65,127.90,127.25,2086,267773.00,33
BSE,MARBU,INE199D01016,X,44.50,44.58,42.20,42.20,44.00,446,19832.00,6
BSE,MARGOFIN,INE680B01019,X,65.00,69.00,62.00,63.51,64.78,2959,188542.00,33
BSE,MARICO,INE196A01026,A,864.95,864.95,848.00,852.50,859.40,171403,146451392.00,1368
BSE,MARIS,INE866D01010,X,28.99,28.99,27.05,27.40,28.71,1482,41029.00,33
BSE,MARKOLINES,INE0FW001016,B,167.55,167.70,164.60,166.85,165.35,16296,2708273.00,329
BSE,MARKSANS,INE750C01026,A,279.10,281.00,270.10,272.35,276.85,161804,44365624.00,2625
BSE,MARSONS,INE415B01044,B,118.00,125.05,117.00,118.95,116.70,212326,25854280.00,1344
BSE,MARUTI,INE585B01010,A,13811.00,13986.00,13772.10,13859.25,13728.40,24541,340541417.00,5631
BSE,MASFIN,INE348L01012,B,319.35,323.00,319.05,322.45,315.55,8261,2655589.00,392
BSE,MASTEK,INE759A01021,A,1635.55,1690.70,1635.55,1677.95,1611.70,45491,75474760.00,514
BSE,MASTERTR,INE677D01037,B,97.00,102.16,89.10,92.90,96.03,485668,46968406.00,2692
BSE,MATRIMONY,INE866R01028,B,428.30,437.00,422.15,436.90,417.90,758,329346.00,277
BSE,MAWANASUG,INE636A01039,T,110.10,113.00,110.10,110.60,111.90,1412,157431.00,25
BSE,MAXESTATES,INE03EI01018,B,445.00,458.00,439.75,450.15,441.45,4585,2075631.00,271
BSE,MAXGROW,INE485D01043,XT,66.20,69.51,66.20,69.51,66.20,9360,642233.00,36
BSE,MAXHEALTH,INE027H01010,A,1099.10,1113.95,1086.35,1108.15,1100.90,59704,65829321.00,2783
BSE,MAXHEIGHTS,INE393F01010,X,12.95,13.07,12.95,12.98,12.95,4175,54068.00,7
BSE,MAXIMUS,INE544W01021,X,13.40,13.50,13.01,13.39,13.33,41131,548910.00,121
BSE,MAXIND,INE0CG601016,B,159.85,167.25,156.55,164.95,156.20,3586,575740.00,117
BSE,MAYUR,INE799E01011,X,22.96,24.60,22.90,24.22,23.43,15189,363792.00,38
BSE,MAYURUNIQ,INE040D01038,B,840.95,840.95,806.40,832.90,833.60,7438,6127567.00,362
BSE,MAZDA,INE885E01042,T,240.00,248.80,238.50,244.20,237.70,2108,507469.00,62
BSE,MAZDOCK,INE249Z01020,A,2381.95,2433.55,2374.00,2420.10,2373.55,122197,294093195.00,7358
BSE,MBEL,INE08N601015,B,316.50,322.15,316.00,319.75,310.45,4842,1539135.00,209
BSE,MBLINFRA,INE912H01013,T,26.25,26.79,25.10,25.80,26.24,3351,86465.00,17
BSE,MCCHRLS-B,INE435D01014,B,710.00,710.00,710.00,710.00,713.90,4,2840.00,2
BSE,MCFL,INE0R5Z01015,MT,221.00,221.00,221.00,221.00,218.95,1800,397800.00,3
BSE,MCLEODRUSS,INE942G01012,T,52.89,55.27,52.64,55.27,52.64,28884,1571537.00,117
BSE,MCLOUD,INE613C01026,B,30.00,30.34,29.19,29.41,29.54,135232,4024851.00,586
BSE,MCLTD,INE410E01015,X,5.25,5.25,5.03,5.03,5.29,30,153.00,3
BSE,MCX,INE745G01043,A,2800.00,2821.85,2747.80,2771.60,2785.35,146575,405974926.00,7085
BSE,MDRC,INE1HK501016,M,52.00,52.00,52.00,52.00,52.00,8000,416000.00,1
BSE,MDRNSTL,INE001F01019,X,13.27,13.27,12.45,12.53,12.65,3485,45017.00,34
BSE,MEAPL,INE250S01015,X,32.20,32.20,27.95,28.36,30.24,185212,5294658.00,285
BSE,MEDANTA,INE474Q01031,A,1349.95,1357.30,1333.50,1336.65,1347.05,7868,10601533.00,462
BSE,MEDIAONE,INE828I01019,Z,14.46,14.46,13.10,13.38,13.78,2688,36267.00,45
BSE,MEDIASSIST,INE456Z01021,A,358.90,365.00,355.80,357.85,358.70,8398,3005880.00,397
BSE,MEDICAMEQ,INE646B01010,B,249.60,250.90,243.85,243.85,245.20,563,140367.00,54
BSE,MEDICAPQ,INE442D01010,X,26.51,27.25,26.51,26.67,26.53,977,26506.00,15
BSE,MEDICO,INE630Y01024,B,41.50,41.50,38.84,39.62,39.03,6727,264373.00,66
BSE,MEDPLUS,INE804L01022,A,818.55,829.90,814.45,825.45,814.40,3431,2817092.00,190
BSE,MEERA,INE343X01026,T,46.99,46.99,46.50,46.99,46.50,818,38425.00,18
BSE,MEESHO,INE0VDM01015,B,191.05,195.00,191.05,194.05,191.10,609791,118146222.00,4192
BSE,MEFCOMCAP,INE186C01023,X,9.61,9.99,9.60,9.78,9.72,1772,17261.00,20
BSE,MEGACOR,INE804B01023,XT,3.05,3.05,3.05,3.05,3.11,5849,17839.00,30
BSE,MEGAMONT,INE317D01014,XT,177.00,177.00,177.00,177.00,177.25,6,1062.00,3
BSE,MEGASTAR,INE00EM01016,B,376.10,385.50,368.55,382.55,380.70,3118,1177529.00,117
BSE,MEGRISOFT,INE756R01013,X,89.95,89.95,82.00,82.33,84.50,52,4560.00,6
BSE,MEHAI,INE062Y01020,XT,1.16,1.20,1.13,1.18,1.17,817943,952901.00,296
BSE,MEHUL,INE1KH601014,M,60.00,60.00,60.00,60.00,59.49,1600,96000.00,1
BSE,MEIL,INE0PKD01011,T,294.00,303.30,294.00,299.40,298.35,2276,680913.00,56
BSE,MENAMANI,INE148B01033,X,9.39,9.42,9.05,9.10,8.98,437821,4008759.00,211
BSE,MENNPIS,INE650G01029,B,73.50,76.74,70.20,71.09,73.02,34996,2540013.00,677
BSE,MENONBE,INE071D01033,T,171.80,178.65,170.00,171.45,175.75,4924,849522.00,87
BSE,MEP,INE776I01010,Z,0.66,0.67,0.65,0.65,0.66,134312,88298.00,60
BSE,MERCANTILE,INE689O01013,B,25.01,25.30,24.60,24.67,24.92,514,12647.00,10
BSE,MERCTRD,INE319T01016,X,5.22,5.22,5.04,5.13,5.03,11427,58933.00,58
BSE,MERCURYEV,INE763M01028,T,36.29,36.29,34.51,35.58,35.87,19702,689974.00,155
BSE,MERCURYLAB,INE947G01011,X,810.00,810.00,789.00,809.00,802.00,22,17573.00,14
BSE,META,INE958L01034,T,6.87,6.87,6.50,6.67,6.69,1095181,7312557.00,727
BSE,METAINFO,INE162901016,MT,87.00,87.00,82.40,87.00,86.73,32000,2715632.00,36
BSE,METALCO,INE161E01014,X,49.99,50.99,49.66,50.01,49.00,146,7354.00,10
BSE,METHODHUB,INE0QZR01017,M,89.89,89.89,88.99,89.00,87.35,15000,1336050.00,11
BSE,METROBRAND,INE317I01021,A,1076.10,1086.80,1047.60,1064.55,1066.15,8182,8778557.00,593
BSE,METROGLOBL,INE085D01033,B,138.80,138.80,134.00,134.10,132.65,1363,185174.00,29
BSE,METROPOLIS,INE112L01020,A,563.90,570.00,555.00,566.80,560.10,7673,4320795.00,375
BSE,METSL,INE318N01011,X,138.95,154.00,138.05,148.60,132.70,28064,4039893.00,309
BSE,MFLINDIA,INE244C01020,X,0.40,0.40,0.39,0.39,0.40,254139,100208.00,198
BSE,MFML,INE0US801024,B,19.30,19.83,19.30,19.65,19.94,243,4750.00,10
BSE,MFSINTRCRP,INE614F01019,XT,13.31,13.95,13.02,13.70,13.70,657,8799.00,13
BSE,MFSL,INE180A01020,A,1601.00,1637.95,1586.90,1632.20,1576.75,5661,9105305.00,1266
BSE,MGEL,INE0APB01032,T,17.53,17.53,16.40,16.79,16.70,11933,200070.00,29
BSE,MGIL,INE368C01019,XT,39.50,39.80,39.28,39.28,39.50,94,3721.00,11
BSE,MGL,INE002S01010,A,1123.40,1130.00,1120.40,1126.00,1123.40,4768,5365798.00,474
BSE,MHLXMIRU,INE112D01035,B,141.40,144.00,138.00,138.70,139.70,1533,214814.00,46
BSE,MHRIL,INE998I01010,B,235.30,236.05,232.45,233.25,232.30,5461,1276779.00,265
BSE,MHSGRMS,INE007G01014,ZP,4.88,4.88,4.85,4.85,4.65,4500,21831.00,5
BSE,MICEL,INE287C01037,T,36.73,38.24,36.73,37.32,36.87,15419,578203.00,117
BSE,MIDEASTP,INE033E01015,XT,40.35,40.46,36.70,36.74,38.56,1310,51788.00,28
BSE,MIDHANI,INE099Z01011,A,413.95,428.75,413.75,416.05,409.25,23169,9761849.00,650
BSE,MIDINDIA,INE401C01018,X,6.17,7.26,6.17,6.25,6.70,966,6053.00,17
BSE,MIDWESTLTD,INE0XAD01024,B,1318.85,1365.90,1318.85,1338.35,1345.75,777,1045972.00,121
BSE,MIHIKA,INE779Q01017,XT,14.79,14.79,14.50,14.50,14.79,370,5423.00,6
BSE,MIIL,INE898Q01015,B,749.00,756.90,730.00,740.55,740.75,55016,40928003.00,389
BSE,MIL,INE858Q01019,X,28.90,28.90,27.80,28.07,27.70,114,3200.00,13
BSE,MILESTONE,INE151H01018,X,17.20,17.21,17.20,17.21,17.21,100,1720.00,2
BSE,MILLENNIUM,INE570N01025,X,2.02,2.02,2.01,2.02,2.03,3067,6174.00,8
BSE,MINALIND,INE097E01028,X,2.35,2.39,2.20,2.38,2.34,51394,120730.00,60
BSE,MINAXI,INE952C01028,X,1.42,1.57,1.42,1.55,1.42,12370,17777.00,18
BSE,MINDACORP,INE842C01021,A,709.00,709.00,690.00,698.75,705.55,26823,18727975.00,1222
BSE,MINDSPACE,INE0CCU25019,IF,489.90,489.90,486.80,488.82,487.24,4477,2186344.00,258
BSE,MINDTECK,INE110B01017,B,205.25,215.65,205.25,210.75,205.35,40122,8450144.00,1049
BSE,MINID,INE281E01028,X,6.22,6.22,6.03,6.13,6.01,311683,1905328.00,333
BSE,MIRZAINT,INE771A01026,B,40.49,41.43,39.32,39.79,38.91,106542,4280094.00,637
BSE,MISHDESIGN,INE0QI101019,M,28.08,30.66,28.08,30.66,29.20,1500,44490.00,3
BSE,MISHKA,INE540S01019,X,40.01,40.01,40.00,40.00,39.85,4,160.00,2
BSE,MISHTANN,INE094S01041,X,3.85,3.89,3.77,3.84,3.85,1043609,3998419.00,1590
BSE,MITSHI,INE844D01017,X,13.82,13.82,13.76,13.76,13.64,2,27.00,2
BSE,MITSU,INE317V01016,XT,143.40,143.50,140.00,140.20,140.05,5588,788959.00,87
BSE,MITTALSTL,INE833Q01012,MT,29.90,29.90,28.98,28.98,30.50,17000,495740.00,16
BSE,MIZVEN,INE681K01026,X,119.00,119.00,114.70,114.70,120.70,2091,241944.00,22
BSE,MKEXIM,INE227F01010,X,59.94,59.94,56.20,57.84,57.38,9598,551916.00,92
BSE,MKPL,INE964W01021,B,4.55,4.70,4.48,4.62,4.58,25771,117561.00,202
BSE,MKPMOB,INE676G01024,X,133.00,139.85,133.00,139.85,133.20,54,7476.00,6
BSE,MKVENTURES,INE874A01010,X,1177.05,1182.90,1149.95,1174.20,1177.05,14043,16422969.00,75
BSE,MLKFOOD,INE588G01021,X,69.80,70.89,68.00,69.73,68.10,3915,270934.00,80
BSE,MMFL,INE227C01017,B,510.65,526.00,510.65,523.40,510.95,13489,7017960.00,1237
BSE,MMLF,INE340O01021,B,0.69,0.71,0.69,0.71,0.69,1354,951.00,12
BSE,MMRUBBR-B,INE159E01026,X,59.50,59.85,57.60,59.50,60.73,1824,107056.00,62
BSE,MMTC,INE123F01029,A,64.99,66.88,64.60,65.12,64.13,128072,8402571.00,871
BSE,MMWL,INE200D01020,T,13.13,13.80,13.13,13.26,13.20,2363,31357.00,10
BSE,MNIL,INE216Q01010,X,33.62,33.72,31.56,33.03,33.38,2469,81503.00,23
BSE,MNPLFIN,INE798E01013,P,18.89,18.89,18.87,18.87,19.86,200,3776.00,2
BSE,MOBAVENUE,INE622Q01027,X,331.00,335.00,323.25,330.60,322.05,70327,23313611.00,628
BSE,MOBIKWIK,INE0HLU01028,B,203.25,224.80,202.80,221.35,200.75,383298,83397980.00,3609
BSE,MODAIRY,INE617B01011,X,32.26,32.65,31.40,31.89,32.66,23677,759097.00,139
BSE,MODINATUR,INE537F01012,T,434.55,434.55,414.65,414.65,414.65,315,130859.00,7
BSE,MODINSU,INE219W01012,XT,534.00,541.50,524.05,541.50,515.75,41819,22561558.00,829
BSE,MODIPON,INE170C01019,XT,40.03,40.03,36.25,36.25,38.13,101,3665.00,4
BSE,MODIRUBBER,INE832A01018,B,130.10,130.10,130.10,130.10,126.00,9,1170.00,1
BSE,MODIS,INE0L0L01012,B,348.40,355.25,348.15,348.15,342.60,2932,1028209.00,76
BSE,MODISONLTD,INE737D01021,T,286.55,304.00,286.55,299.00,291.15,13177,3933623.00,164
BSE,MODRNSH,INE370A01019,X,35.59,35.59,33.90,35.59,35.95,24,843.00,12
BSE,MODTHREAD,INE794W01014,B,50.00,50.00,47.41,47.97,50.00,44,2161.00,6
BSE,MODULEX,INE064R01012,Z,15.52,15.52,14.24,15.00,14.98,15529,231120.00,21
BSE,MOHITE,INE154B01023,X,3.06,3.06,2.83,2.85,2.87,26249,75733.00,92
BSE,MOHITIND,INE954E01012,B,22.81,23.51,22.81,23.51,23.34,128,2974.00,20
BSE,MOHITPPR,INE388C01017,X,26.50,27.25,26.02,26.32,26.57,319,8387.00,13
BSE,MOIL,INE490G01020,A,271.25,277.30,271.05,273.95,270.50,17579,4835204.00,392
BSE,MOL,INE0CT101020,B,47.50,47.56,46.85,47.02,46.44,27439,1292683.00,384
BSE,MOLDTECH,INE835B01035,B,127.85,131.20,127.45,127.50,127.20,3006,389159.00,88
BSE,MOLDTKPAC,INE893J01029,B,681.30,683.35,665.80,668.90,681.65,3321,2236198.00,243
BSE,MONARCH,INE903D01011,B,352.00,362.95,351.75,360.30,351.60,7762,2775379.00,248
BSE,MONEYBOXX,INE296Q01012,B,64.34,74.29,60.99,62.38,61.94,3159,195458.00,44
BSE,MONGIPA,INE153K01018,X,16.00,16.00,15.60,15.60,16.21,36355,580762.00,30
BSE,MONIKA,INE0LCG01010,M,224.00,225.00,218.00,220.00,224.00,7200,1590460.00,18
BSE,MONOT,INE811D01024,X,0.37,0.37,0.36,0.37,0.36,778193,282575.00,288
BSE,MONTECARLO,INE950M01013,B,542.25,551.90,539.10,542.25,544.55,2652,1444144.00,232
BSE,MORARKFI,INE367A01015,X,60.07,60.80,59.00,60.03,60.07,1849,111030.00,37
BSE,MOREPENLAB,INE083A01026,A,61.70,62.85,60.62,61.20,60.97,758896,46736294.00,2021
BSE,MORGAN,INE902C01015,X,44.06,45.70,44.06,45.49,44.06,1061,48234.00,30
BSE,MOSCHIP,INE935B01025,A,240.65,245.00,236.00,236.70,238.70,518964,124630700.00,4735
BSE,MOTHERSON,INE775A01035,A,143.85,144.80,142.65,143.20,142.80,1552221,223120257.00,2703
BSE,MOTILALOFS,INE338I01027,A,954.05,982.50,953.75,978.85,942.00,56915,55257218.00,2131
BSE,MOTISONS,INE0FRK01020,B,14.40,14.43,14.14,14.23,14.24,632118,9010482.00,545
BSE,MOTOGENFIN,INE861B01023,T,28.05,29.00,28.05,29.00,28.90,613,17652.00,8
BSE,MPDL,INE493H01014,X,30.94,31.49,30.84,31.49,29.85,144,4444.00,7
BSE,MPHASIS,INE356A01018,A,2270.95,2366.90,2270.95,2321.00,2261.50,49541,115096872.00,4300
BSE,MPILCORPL,INE844C01027,XT,537.20,537.20,537.20,537.20,548.15,10,5372.00,3
BSE,MPKSTEELS,INE1PJP01015,M,118.00,118.00,117.95,117.95,115.10,1600,188760.00,2
BSE,MPL,INE343A01016,X,6.27,6.27,6.27,6.27,6.27,2780,17430.00,5
BSE,MPSLTD,INE943D01017,B,2052.00,2052.00,1986.00,1994.10,2019.65,737,1482647.00,184
BSE,MRCAGRO,INE333Y01017,B,36.51,36.51,34.70,34.95,35.73,18591,653703.00,188
BSE,MRF,INE883A01011,A,134450.00,135490.00,134050.00,134392.80,133919.90,391,52614013.00,337
BSE,MRP,INE0D7801012,M,91.00,97.00,91.00,94.50,89.69,24000,2248490.00,17
BSE,MRPL,INE103A01014,A,150.05,163.10,150.05,162.45,149.65,1689770,269242569.00,10926
BSE,MRTX,INE1RQS01010,M,410.00,416.80,406.00,406.45,403.10,102000,41781650.00,102
BSE,MRUTR,INE738D01029,XT,64.93,64.93,64.93,64.93,63.66,511,33179.00,5
BSE,MSAFE,INE2B5L01011,MT,195.00,195.95,191.10,191.50,195.95,19000,3682100.00,16
BSE,MSCTC,INE277E01026,X,40.00,40.90,39.70,40.54,39.01,966,39210.00,29
BSE,MSECL,INE0V0L01028,MT,229.50,229.50,226.00,226.00,224.90,7200,1630530.00,7
BSE,MSL,INE829S01016,X,127.30,131.50,125.70,130.90,131.50,373,48334.00,15
BSE,MSLGLOBAL,INE856D01011,X,16.50,17.70,15.99,16.11,16.90,8144,132727.00,55
BSE,MSPL,INE752G01015,B,39.32,40.24,38.77,39.24,39.47,51419,2024427.00,346
BSE,MSTCLTD,INE255X01014,B,677.00,694.95,667.65,670.25,676.10,20830,14116934.00,653
BSE,MSUMI,INE0FS801015,A,40.78,40.78,39.90,40.17,40.25,586524,23653879.00,2329
BSE,MTARTECH,INE864I01014,T,6965.35,7167.00,6855.00,7104.10,6943.90,9629,67663062.00,1498
BSE,MTEDUCARE,INE472M01018,T,1.98,1.98,1.98,1.98,2.08,1190,2356.00,2
BSE,MTL,INE1K0V01011,M,85.00,86.00,85.00,86.00,85.99,2400,205200.00,2
BSE,MTNL,INE153A01019,B,28.94,29.67,28.94,29.29,28.91,42716,1251081.00,322
BSE,MTPL,INE245H01018,XT,13.39,14.05,13.39,14.05,13.39,20403,285461.00,31
BSE,MTPL-RE,INE245H20018,R,0.89,1.06,0.85,1.05,0.89,37463,37274.00,20
BSE,MUFIN,INE08KJ01020,B,130.85,133.30,130.00,130.25,129.95,17606,2314050.00,173
BSE,MUFTI,INE220Q01020,B,85.82,86.78,85.35,86.47,84.73,2421,207355.00,32
BSE,MUKANDLTD,INE304A01026,B,132.00,134.50,131.55,133.05,130.15,4125,548873.00,113
BSE,MUKATPIP,INE862C01029,XT,15.01,16.54,15.01,16.54,15.76,4694,77222.00,27
BSE,MUKESHB,INE596B01017,X,121.00,122.95,121.00,122.95,117.10,580,71247.00,12
BSE,MUKKA,INE0CG401037,B,23.46,23.79,22.00,23.12,23.38,102248,2344154.00,306
BSE,MUKTA,INE160O01031,X,2.81,3.10,2.81,2.82,2.81,7783,22179.00,21
BSE,MUL,INE150D01027,X,8.71,9.21,8.05,8.79,8.66,40417,339995.00,124
BSE,MULTIBASE,INE678F01014,X,179.00,181.90,174.00,176.75,177.85,10674,1881723.00,239
BSE,MUNJALAU,INE672B01032,B,101.00,102.47,100.65,101.11,100.78,37387,3788725.00,306
BSE,MUNJALSHOW,INE577A01027,B,131.95,134.85,131.95,133.75,131.95,2370,317616.00,64
BSE,MURUDCERA,INE692B01014,B,30.95,32.50,30.95,31.51,30.91,5531,177175.00,70
BSE,MUTHOOTCAP,INE296G01013,B,218.90,224.05,218.90,223.70,218.00,2371,528724.00,285
BSE,MUTHOOTFIN,INE414G01012,A,3100.00,3145.30,3086.55,3129.65,3055.25,82264,256723596.00,4251
BSE,MUTHOOTMF,INE046W01019,B,217.00,245.00,217.00,235.30,211.45,617845,144388477.00,10582
BSE,MVGJL,INE0KNT01012,B,160.20,161.45,153.90,156.00,157.40,2215,351944.00,125
BSE,MWL,INE0JYY01029,B,37.50,41.85,35.60,36.70,368.75,121804,4723352.00,959
BSE,MYMONEY,INE232L01018,X,39.80,39.80,36.21,36.28,40.00,791,30109.00,15
BSE,MYSORPETRO,INE741A01011,X,99.00,101.98,94.10,95.71,98.00,1941,187426.00,51
BSE,MYSTICELE,INE159O01033,X,3.49,3.89,3.46,3.48,3.48,9874,34927.00,30
BSE,NACDAC,INE0LB101011,M,27.50,27.50,26.00,26.00,25.40,12000,318000.00,3
BSE,NACLIND,INE295D01020,B,228.00,237.40,222.60,234.65,226.35,146703,33847479.00,2057
BSE,NAGPI,INE099E01016,X,150.00,155.05,146.00,149.35,146.05,5489,824261.00,67
BSE,NAGREEKCAP,INE245I01016,T,23.15,24.54,23.15,23.15,24.11,1148,27011.00,21
BSE,NAGREEKEXP,INE123B01028,B,23.50,24.82,22.20,24.21,24.04,3133,74788.00,95
BSE,NAGTECH,INE793H01017,XT,42.21,42.21,40.50,40.50,42.00,3500,146952.00,10
BSE,NAHARCAP,INE049I01012,B,247.05,253.00,245.80,245.80,243.00,49,12104.00,5
BSE,NAHARINDUS,INE289A01011,B,116.40,117.20,116.40,117.20,115.45,30,3508.00,3
BSE,NAHARPOLY,INE308A01027,B,250.00,254.00,250.00,253.25,249.20,196,49262.00,55
BSE,NAHARSPING,INE290A01027,T,269.00,269.00,263.30,265.75,264.85,178,47267.00,10
BSE,NAKSH,INE256S01012,Z,4.32,4.32,4.32,4.32,4.40,120,518.00,6
BSE,NAM-INDIA,INE298J01013,A,1220.60,1232.65,1206.00,1212.65,1218.40,18776,22851834.00,1478
BSE,NAPEROL,INE585A01020,X,662.65,671.85,652.50,657.90,662.70,1032,681650.00,125
BSE,NAPL,INE223R01014,X,209.40,211.75,203.10,211.05,206.15,143922,30145333.00,1402
BSE,NARMADA,INE117Z01011,B,35.25,35.39,34.66,35.00,34.55,25793,902700.00,190
BSE,NARMP,INE060D01028,XT,23.00,23.00,21.50,21.78,22.37,22520,492598.00,56
BSE,NARPROP,INE603F01012,X,40.59,40.59,38.66,38.77,38.50,8,312.00,6
BSE,NATCAPSUQ,INE936B01015,B,144.45,164.00,140.75,142.00,141.00,1802,267944.00,27
BSE,NATCOPHARM,INE987B01026,A,967.90,987.95,947.95,983.55,961.45,30172,29211038.00,1950
BSE,NATFIT,INE643C01015,X,148.00,153.00,147.95,153.00,150.00,12295,1863633.00,64
BSE,NATGENI,INE654H01011,XT,58.73,58.73,53.15,58.36,55.94,1265,68994.00,20
BSE,NATHBIOGEN,INE448G01010,B,164.00,165.80,162.20,163.55,163.00,113,18526.00,18
BSE,NATHIND,INE777A01023,X,48.00,48.00,46.17,46.17,48.00,100,4620.00,5
BSE,NATHUEC,INE487B01019,XT,35.07,35.07,35.00,35.07,33.40,1965,68876.00,17
BSE,NATIONALUM,INE139A01034,A,354.95,363.75,354.05,354.85,349.50,497005,178797424.00,10229
BSE,NATIONSTD,INE166R01015,B,538.55,538.55,538.55,538.55,566.85,581,312897.00,35
BSE,NATPLAS,INE233D01013,X,44.98,44.98,44.00,44.60,43.93,2670,117516.00,19
BSE,NATPLASTI,INE896D01017,X,207.05,215.65,205.00,213.50,206.05,1056,219095.00,32
BSE,NATPLY,INE497C01016,Z,2.46,2.46,2.46,2.46,2.46,277,681.00,6
BSE,NATURAL,INE06MM01016,X,3.77,3.77,3.56,3.61,3.74,17064,61683.00,58
BSE,NAUKRI,INE663F01032,A,1217.85,1229.00,1201.30,1204.10,1202.70,105113,127298394.00,4073
BSE,NAVA,INE725A01030,A,602.00,609.80,597.45,599.25,596.90,14022,8444721.00,623
BSE,NAVINFLUOR,INE048G01026,A,7708.00,7760.00,7654.55,7716.85,7695.50,13086,100550002.00,1309
BSE,NAVKARCORP,INE278M01019,B,104.05,109.55,104.05,109.00,104.15,85596,9138349.00,592
BSE,NAVKARURB,INE268H01044,T,0.95,0.99,0.91,0.98,0.95,133940,127442.00,55
BSE,NAVNETEDUL,INE060A01024,B,150.40,151.15,149.25,149.90,148.95,5537,832271.00,132
BSE,NAZARA,INE418L01047,A,305.00,309.95,302.90,304.05,303.65,36869,11295185.00,1619
BSE,NBCC,INE095N01031,A,98.55,100.50,98.20,99.95,97.70,549814,54591680.00,2956
BSE,NBFOOT,INE006F01018,P,6.20,6.40,6.20,6.40,6.52,7300,46680.00,4
BSE,NBL,INE0GOA01018,TS,147.40,154.75,147.00,154.75,147.40,69600,10619340.00,22
BSE,NCC,INE868B01028,A,144.95,147.40,143.65,146.20,143.05,147365,21428550.00,1397
BSE,NCCBLUE,INE630N01019,P,17.10,17.50,17.10,17.50,17.10,400,6880.00,4
BSE,NCLIND,INE732C01016,B,186.00,188.00,185.00,186.45,187.50,4256,793497.00,130
BSE,NCLRESE,INE132F01038,X,0.48,0.48,0.47,0.48,0.48,1247968,588591.00,489
BSE,NCML,INE346R01013,M,85.00,85.00,83.00,83.10,85.80,6400,537760.00,4
BSE,NDASEC,INE026C01013,X,32.13,32.13,31.01,31.98,32.13,1467,46732.00,11
BSE,NDL,INE875G01048,B,2.42,2.45,2.37,2.41,2.36,122105,295098.00,141
BSE,NDLVENTURE,INE353A01023,B,130.60,134.00,130.60,134.00,130.00,60,7929.00,6
BSE,NDRAUTO,INE07OG01012,B,861.00,868.00,848.50,853.65,852.30,1847,1585471.00,151
BSE,NDTV,INE155G01029,B,83.76,84.80,82.77,83.02,83.30,35140,2941192.00,366
BSE,NEAGI,INE605D01012,B,3100.00,3100.00,3100.00,3100.00,3100.00,8,24800.00,2
BSE,NECCLTD,INE553C01016,T,16.30,16.36,15.60,16.33,16.30,5209,83859.00,44
BSE,NECLIFE,INE023H01027,T,11.37,11.37,11.05,11.15,11.17,4683,52468.00,37
BSE,NEELKAN,INE741D01015,Z,43.56,43.56,43.56,43.56,42.71,1148,50006.00,5
BSE,NEELKANTH,INE581D01015,X,39.50,39.50,39.50,39.50,39.50,24,948.00,1
BSE,NEERAJ,INE894J01019,X,20.90,20.90,20.90,20.90,20.48,1,20.00,1
BSE,NEETUYOSHI,INE0UZO01024,MT,142.00,144.00,134.00,136.15,140.95,72800,10155880.00,75
BSE,NEIL,INE396C01010,X,6.03,6.90,6.03,6.41,6.13,13770,90817.00,65
BSE,NELCAST,INE189I01024,B,134.95,140.90,133.00,139.80,134.00,16301,2223221.00,308
BSE,NELCO,INE045B01015,B,908.50,932.50,887.15,890.65,897.15,14466,13184767.00,853
BSE,NEOGEN,INE136S01016,B,2040.00,2102.10,2014.05,2082.35,2028.80,3810,7878572.00,506
BSE,NEOINFRA,INE216I01017,X,41.00,42.90,39.07,39.07,38.84,46,1927.00,12
BSE,NEPHROPLUS,INE428V01029,B,664.20,665.15,645.80,647.30,631.60,18271,11959488.00,909
BSE,NEPLOG,INE1NQ501012,MT,34.15,36.97,34.12,36.97,35.90,7000,242410.00,5
BSE,NESCO,INE317F01035,B,1100.25,1103.60,1085.00,1098.90,1096.25,2873,3147776.00,242
BSE,NESTLEIND,INE239A01024,A,1469.20,1470.90,1448.50,1456.65,1463.20,113421,165242281.00,2325
BSE,NETLINK,INE040F01033,X,180.25,198.00,179.15,181.60,181.00,1642,303066.00,68
BSE,NETTLINX,INE027D01019,X,16.16,16.16,15.61,15.76,15.92,9328,149184.00,34
BSE,NETWEB,INE0NT901020,A,4342.75,4347.00,4255.20,4304.65,4284.55,34726,149193933.00,2917
BSE,NETWORK18,INE870H01013,A,31.00,31.59,31.00,31.18,30.80,78041,2437351.00,523
BSE,NEUEON,INE333I01044,T,12.57,13.89,12.57,13.76,13.23,106570,1453959.00,216
BSE,NEULANDLAB,INE794A01010,A,19848.45,19848.45,19366.25,19516.65,19519.45,1586,30935812.00,382
BSE,NEWGEN,INE619B01017,A,477.00,542.95,476.95,517.55,472.50,1574973,822682367.00,25351
BSE,NEWINFRA,INE997D01021,X,2.07,2.25,2.07,2.15,2.15,67777,148971.00,183
BSE,NEWLIGHT,INE835U01027,X,1.34,1.34,1.25,1.28,1.29,37365,47616.00,101
BSE,NEWTRAC,INE229N01010,X,4.72,4.80,4.53,4.64,4.68,8678,40376.00,69
BSE,NEXOME,INE641A01013,XT,121.95,121.95,117.00,118.00,117.10,148,17664.00,7
BSE,NEXUSSURGL,INE370Q01015,X,21.00,21.00,18.86,20.87,20.50,2767,57240.00,53
BSE,NEXXUS,INE0QUL01011,M,65.65,74.99,65.65,71.01,70.01,8400,597168.00,7
BSE,NFL,INE870D01012,B,73.60,74.17,73.44,73.92,72.93,36169,2670709.00,251
BSE,NGIL,INE236Y01012,T,41.50,41.50,39.43,39.43,41.50,327,12925.00,7
BSE,NGIND,INE825C01018,X,116.95,116.95,113.00,114.55,113.85,593,67686.00,15
BSE,NGLFINE,INE887E01022,B,3223.50,3226.55,3120.00,3189.20,3201.05,277,875987.00,95
BSE,NH,INE410P01011,A,2014.05,2030.45,1995.25,2026.70,1988.85,7033,14173701.00,591
BSE,NHCFOODS,INE141C01036,XT,1.01,1.07,1.01,1.07,1.03,1475856,1563931.00,880
BSE,NHPC,INE848E01016,A,79.07,79.99,79.02,79.85,78.58,299697,23866919.00,2000
BSE,NIACL,INE470Y01017,A,184.65,186.15,183.30,184.05,183.40,45930,8470305.00,498
BSE,NIBE,INE149O01018,B,1640.00,1647.25,1581.20,1610.55,1592.30,21038,33848898.00,1404
BSE,NIBL,INE047O01014,B,30.39,30.87,30.25,30.26,30.39,260,7869.00,10
BSE,NICCOPAR,INE653C01022,X,80.01,81.94,80.00,81.00,80.00,787,63694.00,22
BSE,NIDHGRN,INE276H01013,XT,359.60,373.70,339.50,365.35,356.20,674,244271.00,26
BSE,NIHARINF,INE876E01033,X,5.64,5.64,5.64,5.64,5.64,82,462.00,3
BSE,NIITLTD,INE161A01038,B,101.00,102.45,100.05,100.85,99.75,79463,8028015.00,437
BSE,NIITMTS,INE342G01023,A,245.10,247.85,241.40,242.90,242.05,13402,3264604.00,731
BSE,NIKHILAD,INE926C01022,X,73.00,73.30,72.16,72.84,72.03,2992,218208.00,65
BSE,NIKKIGL,INE526C01012,X,18.04,18.04,18.02,18.02,18.38,660,11903.00,4
BSE,NILACHAL,INE416N01013,X,40.39,41.80,39.60,41.80,40.39,1001,40441.00,22
BSE,NILAINFRA,INE937C01029,B,7.42,7.42,7.26,7.33,7.27,15324,112292.00,39
BSE,NILASPACES,INE00S901012,B,12.69,12.69,12.41,12.45,12.60,22617,282973.00,102
BSE,NILE,INE445D01013,B,1769.60,2010.00,1769.60,1926.95,1750.00,5269,10152498.00,710
BSE,NILKAMAL,INE310A01015,B,1309.95,1319.15,1295.70,1304.20,1310.05,6073,7929171.00,516
BSE,NIMBSPROJ,INE875B01015,T,203.00,203.00,203.00,203.00,213.15,2,406.00,1
BSE,NINSYS,INE395U01014,T,916.90,916.90,882.00,895.85,912.35,198,177689.00,33
BSE,NIPPOBATRY,INE567A01028,B,342.00,342.00,336.75,337.05,338.35,65,22035.00,7
BSE,NIRAJ,INE368I01016,T,30.00,30.00,28.77,29.69,29.50,408,11843.00,8
BSE,NIRLON,INE910A01012,B,623.00,623.00,611.80,614.45,623.00,234,145274.00,20
BSE,NISUS,INE0DQN01013,M,197.20,200.55,193.95,195.60,195.05,31200,6139660.00,59
BSE,NITCO,INE858F01012,B,109.30,109.30,105.95,106.55,108.05,36419,3930426.00,318
BSE,NITINCAST,INE861H01020,X,522.05,575.00,521.55,567.00,549.00,256,139300.00,27
BSE,NITINSPIN,INE229H01012,B,549.10,550.30,540.50,543.25,547.20,2398,1307234.00,97
BSE,NITTAGELA,INE265B01019,B,1950.00,2088.00,1949.90,2031.30,1926.65,13317,26978786.00,882
BSE,NIVABUPA,INE995S01015,A,85.97,88.15,85.97,86.51,85.75,87023,7563449.00,1458
BSE,NIVAKA,INE139E01028,X,0.73,0.73,0.70,0.72,0.72,27011,19367.00,57
BSE,NIYOGIN,INE480D01010,X,42.95,44.21,42.35,43.65,42.39,22923,992627.00,158
BSE,NLCINDIA,INE589A01014,A,306.00,315.40,302.65,314.70,303.30,184176,57077525.00,3410
BSE,NLFL,INE606C01012,X,40.55,40.55,38.10,38.12,38.59,454,17507.00,13
BSE,NMDC,INE584A01023,A,84.79,86.02,84.70,84.88,84.38,385378,32879846.00,2529
BSE,NMSGLOBAL,INE169F01014,X,72.50,76.98,72.06,72.06,75.85,4247,306925.00,74
BSE,NOBPOL,INE203Q01026,XT,5.77,5.77,5.77,5.77,5.66,12044,69493.00,9
BSE,NOCIL,INE163A01018,B,178.85,179.40,174.90,175.30,177.70,22231,3928381.00,454
BSE,NOIDATOLL,INE781B01015,T,4.63,4.75,4.57,4.66,4.65,3220,15054.00,45
BSE,NOL,INE296D01010,X,60.35,63.94,60.35,61.49,61.99,3484,217226.00,81
BSE,NORBTEAEXP,INE369C01017,B,69.00,69.01,69.00,69.00,71.10,279,19251.00,8
BSE,NORRIS,INE744C01029,X,17.99,17.99,16.96,17.80,17.85,1371,23571.00,25
BSE,NORTHARC,INE850M01015,A,310.70,329.50,309.15,326.90,307.70,88024,28284829.00,1206
BSE,NOUVEAU,INE317B01042,X,0.29,0.29,0.28,0.28,0.28,449792,128993.00,88
BSE,NOVAAGRI,INE02H701025,T,24.89,24.89,23.50,23.62,24.09,14901,357538.00,162
BSE,NOVARTIND,INE234A01025,B,1479.40,1500.00,1463.05,1490.85,1460.70,1262,1873791.00,180
BSE,NOVELIX,INE314I01036,XT,66.80,67.49,64.00,66.50,66.71,10459,682633.00,32
BSE,NOVIS,INE608C01026,X,12.59,13.45,12.25,12.49,12.34,7124,89916.00,81
BSE,NOVUS,INE1TFS01019,M,133.35,137.50,132.10,136.00,133.45,28000,3746750.00,25
BSE,NPFL,INE471R01019,M,7.26,7.26,7.05,7.05,6.88,30000,215100.00,5
BSE,NPL,INE0PO601011,XT,590.00,590.00,581.70,584.10,588.00,468,274795.00,34
BSE,NPRFIN,INE446D01011,X,20.75,20.75,20.75,20.75,20.74,5,103.00,1
BSE,NPST,INE0FFK01017,B,1626.35,1668.50,1614.00,1626.40,1607.35,1099,1808065.00,193
BSE,NRAIL,INE740D01017,B,419.05,419.05,419.05,419.05,414.75,1,419.00,1
BSE,NRBBEARING,INE349A01021,B,426.00,430.45,423.10,428.50,422.05,14462,6184837.00,257
BSE,NSDL,INE301O01023,B,838.90,864.75,835.25,850.65,834.60,1479263,1259716292.00,27894
BSE,NSIL,INE023A01030,B,5350.85,5485.00,5350.85,5469.50,5365.65,199,1084909.00,66
BSE,NSL,INE01BL01012,B,125.00,127.50,124.00,127.05,123.00,4700,593020.00,64
BSE,NSLNISP,INE0NNS01018,A,43.15,43.99,43.04,43.34,42.79,216213,9397979.00,1064
BSE,NTCIND,INE920C01017,X,147.50,150.00,147.00,148.30,147.50,853,126670.00,30
BSE,NTPC,INE733E01010,A,345.45,348.70,343.40,344.50,343.50,196364,67835199.00,3134
BSE,NTPCGREEN,INE0ONG01011,A,93.09,95.18,93.09,94.09,92.97,206601,19463342.00,1954
BSE,NUCLEUS,INE096B01018,B,760.00,779.00,750.90,753.70,755.95,3159,2401794.00,183
BSE,NURECA,INE0DSF01015,B,230.00,234.00,230.00,233.90,230.00,1215,284032.00,22
BSE,NUTECGLOB,INE960H01012,X,24.65,24.65,24.65,24.65,23.53,90,2218.00,2
BSE,NUVAMA,INE531F01023,A,1968.35,1992.50,1944.10,1976.65,1934.25,30027,59105323.00,2196
BSE,NUVOCO,INE118D01016,A,314.75,326.00,314.75,320.05,312.30,9749,3131303.00,373
BSE,NVENTURES,INE0E5R01017,M,105.15,105.30,105.05,105.30,106.10,12750,1341712.00,5
BSE,NWIL,INE882B01037,X,26.69,27.93,26.07,26.66,26.17,292545,7905580.00,1071
BSE,NXST,INE0NDH25011,IF,164.00,165.90,164.00,164.63,164.72,20690,3415136.00,582
BSE,NYKAA,INE388Y01029,A,327.90,330.85,324.80,330.00,323.95,169384,55480950.00,2399
BSE,NYSSACORP,INE812K01027,X,2.31,2.40,2.31,2.37,2.32,31383,74022.00,67
BSE,OAL,INE959C01023,B,347.00,349.95,339.15,346.50,348.15,778,269654.00,49
BSE,OASISEC,INE876A01023,XT,12.00,12.39,11.80,12.26,12.34,10585,129048.00,26
BSE,OBCL,INE426Z01016,B,51.53,53.83,51.53,53.83,54.00,53,2756.00,3
BSE,OBEROIRLTY,INE093I01010,A,1896.50,1933.15,1846.75,1924.90,1873.80,34652,66129189.00,3575
BSE,OCCLLTD,INE0PK601023,T,117.40,127.90,117.40,125.70,122.45,4653,584009.00,39
BSE,OCEANIC,INE711V01010,X,57.49,57.49,54.90,56.07,55.42,1006,55508.00,20
BSE,OCTAL,INE513C01010,X,18.90,18.95,18.90,18.90,18.05,424,8013.00,7
BSE,OCTAVE,INE814L01013,X,4.09,4.09,3.86,3.93,4.08,2519,9833.00,19
BSE,ODIGMA,INE054301028,T,23.31,23.95,23.22,23.61,23.55,2940,69289.00,75
BSE,ODYCORP,INE839E01023,X,7.06,7.34,6.97,7.02,7.27,13540,96140.00,65
BSE,ODYSSEY,INE213B01019,X,40.70,43.89,40.50,42.15,39.63,18686,782912.00,127
BSE,OFSS,INE881D01027,A,11347.25,11684.80,11271.50,11655.95,11130.10,19449,223630308.00,6388
BSE,OIL,INE274J01014,A,422.05,425.65,421.05,425.00,423.20,223087,94597885.00,3850
BSE,OILCOUNTUB,INE591A01010,T,57.46,57.46,55.00,55.83,54.83,1650,94641.00,6
BSE,OIVL,INE125F01032,XT,6.19,6.60,6.18,6.41,6.50,36101,229663.00,94
BSE,OKPLA,INE870B01024,XT,4.14,4.14,3.95,3.98,4.05,151277,605674.00,234
BSE,OLAELEC,INE0LXG01040,A,40.83,41.45,40.17,40.42,40.43,5287402,215798415.00,8971
BSE,OLECTRA,INE260D01016,A,1402.10,1468.10,1402.10,1423.50,1393.80,37160,53551609.00,1759
BSE,OLPCL,INE550L01013,X,2.96,2.96,2.96,2.96,2.96,821,2430.00,6
BSE,OLYMPTX,INE482O01021,X,30.85,30.85,30.39,30.39,29.80,9,276.00,6
BSE,OLYOI,INE286E01019,X,23.45,23.45,23.45,23.45,23.69,10,234.00,1
BSE,OMAXAUTO,INE090B01011,T,233.00,242.85,225.05,242.85,231.30,7914,1893197.00,121
BSE,OMAXE,INE800H01010,B,87.10,94.44,87.10,90.35,87.14,148605,13624629.00,800
BSE,OMEAG,INE112B01013,X,10.10,10.10,10.10,10.10,10.17,498,5029.00,4
BSE,OMEGAIN,INE113B01037,X,39.46,39.46,39.46,39.46,41.53,4851,191420.00,105
BSE,OMFREIGHT,INE1BZC01019,T,95.26,95.45,91.11,95.36,95.49,802,75940.00,26
BSE,OMINFRAL,INE239D01028,B,87.50,92.82,87.50,91.33,90.80,12595,1152110.00,234
BSE,OMKARPH,INE501C01015,X,17.85,17.89,17.00,17.10,17.89,76,1342.00,5
BSE,OML,INE0R8Q01018,MT,31.40,31.78,30.60,31.78,30.27,46400,1456160.00,28
BSE,OMNI,INE0UH301010,B,555.95,555.95,515.00,525.95,526.50,20589,11066149.00,667
BSE,OMNIAX,INE369B01019,X,3.59,3.59,3.15,3.15,3.33,43,135.00,3
BSE,OMNITEX,INE814D01010,XT,775.00,790.50,775.00,775.00,775.00,62,48065.00,7
BSE,OMPOWER,INE25E901019,B,180.75,180.75,175.55,176.15,173.40,8202,1457449.00,227
BSE,ONEGLOBAL,INE670O01013,X,612.00,627.85,595.00,613.00,618.00,8458,5160516.00,646
BSE,ONELIFECAP,INE912L01015,T,38.48,39.25,37.70,38.79,38.40,3387,129410.00,20
BSE,ONEPOINT,INE840Y01029,B,55.53,55.53,53.10,53.96,54.18,7231,391471.00,71
BSE,ONESOURCE,INE013P01021,A,1649.35,1649.35,1506.20,1615.10,1625.60,49162,77984423.00,1827
BSE,ONGC,INE213A01029,A,243.55,245.40,243.35,245.00,243.70,554014,135488105.00,7785
BSE,ONIDA,INE831A01028,T,41.94,42.90,41.94,42.06,42.80,24352,1032583.00,112
BSE,ONIXSOLAR,INE173M01012,X,631.00,656.15,630.45,633.75,643.30,99270,63030710.00,548
BSE,ONMOBILE,INE809I01019,T,68.78,70.00,66.00,68.14,66.92,13449,905255.00,115
BSE,ONTIC,INE989S01042,XT,1.88,1.95,1.88,1.95,1.97,566968,1075342.00,241
BSE,ONWARDTEC,INE229A01017,B,285.60,289.20,279.95,284.05,279.95,4894,1396036.00,124
BSE,OONE,INE860E01011,X,7.00,7.00,6.70,6.70,7.00,143,997.00,5
BSE,OPTIEMUS,INE350C01017,B,565.70,565.70,536.10,540.90,563.60,19097,10433831.00,608
BSE,OPTIFIN,INE031G01022,X,11.87,12.25,11.56,11.86,11.83,56911,677921.00,157
BSE,ORBTEXP,INE231G01010,T,235.00,235.00,228.00,232.10,231.05,2260,520364.00,22
BSE,ORCHASP,INE215B01022,B,1.83,1.94,1.81,1.85,1.84,16910,31054.00,44
BSE,ORCHPHARMA,INE191A01027,B,1064.75,1069.05,1000.00,1007.85,1050.70,12266,12521705.00,685
BSE,ORGANICREC,INE0MIO01019,M,232.95,237.50,231.15,237.45,230.25,80400,18761730.00,43
BSE,ORIBEVER,INE247F01018,X,190.90,190.90,183.90,187.95,183.90,126,23757.00,14
BSE,ORICONENT,INE730A01022,B,55.50,55.74,54.06,55.19,55.50,3898,212159.00,75
BSE,ORIENTALTL,INE998H01012,B,6.29,6.29,5.37,5.42,5.57,23324,128908.00,103
BSE,ORIENTBELL,INE607D01018,B,335.00,335.00,316.00,319.75,319.25,271,86465.00,43
BSE,ORIENTCEM,INE876N01018,A,136.95,139.25,136.95,137.95,135.50,4902,676073.00,131
BSE,ORIENTCER,INE569C01020,B,44.79,44.79,41.90,42.41,41.37,21319,904165.00,230
BSE,ORIENTELEC,INE142Z01019,B,174.00,181.15,173.05,178.55,172.80,18012,3207499.00,285
BSE,ORIENTHOT,INE750A01020,B,134.15,137.00,132.20,133.65,135.45,36589,4929073.00,309
BSE,ORIENTLTD,INE609C01024,B,71.83,71.83,65.35,69.09,66.75,116,8003.00,11
BSE,ORIENTPPR,INE592A01026,B,16.90,16.95,16.55,16.73,16.61,4994,83308.00,66
BSE,ORIENTTECH,INE0PPK01015,B,251.00,255.55,251.00,252.00,248.10,5480,1385995.00,202
BSE,ORIENTTR,INE681D01039,X,5.93,5.93,5.38,5.42,5.66,155644,869934.00,472
BSE,ORIRAIL,INE457G01029,X,119.45,120.00,116.20,116.65,116.75,75774,8909640.00,512
BSE,ORISSAMINE,INE725E01024,B,3815.00,3862.70,3760.00,3791.50,3770.10,2431,9243033.00,320
BSE,ORKLAINDIA,INE16NZ01023,B,588.85,601.95,588.50,593.35,592.25,2410,1432186.00,307
BSE,OROSMITHS,INE628B01034,XT,6.24,6.35,5.97,6.21,6.24,48092,299434.00,167
BSE,ORTEL,INE849L01019,Z,1.67,1.67,1.67,1.67,1.69,550,918.00,6
BSE,ORTINGLOBE,INE749B01020,T,17.84,17.84,16.97,17.30,17.06,2403,41073.00,8
BSE,OSIAJEE,INE186R01013,X,380.00,380.00,341.10,351.75,397.50,109363,39302379.00,1446
BSE,OSWALAGRO,INE142A01012,T,41.00,42.00,40.50,41.01,41.99,32190,1308298.00,67
BSE,OSWALGREEN,INE143A01010,B,22.85,22.85,22.19,22.48,21.79,6719,150804.00,53
BSE,OSWALPUMPS,INE0BYP01024,B,413.00,415.45,407.70,410.45,410.30,33392,13696601.00,777
BSE,OTCO,INE910B01028,XT,8.00,8.40,7.60,8.40,8.00,6933,56852.00,17
BSE,OVAL,INE0RTI01017,M,55.00,55.00,55.00,55.00,54.15,1600,88000.00,1
BSE,OVOBELE,INE812S01012,XT,189.00,196.00,186.00,190.50,189.35,2214,418338.00,56
BSE,OXFORDIN,INE114D01015,XT,9.21,10.15,9.21,9.56,9.69,5146,47453.00,27
BSE,OXYGENTAPH,INE102E01018,X,47.98,48.74,46.60,48.41,46.25,5398,257342.00,43
BSE,PACE,INE0N1L01018,MT,14.50,14.90,14.37,14.37,14.84,10800,157248.00,8
BSE,PACEDIGITK,INE0S3G01027,B,215.40,219.50,214.50,216.15,212.30,157201,34105252.00,5281
BSE,PACIFICI,INE883C01025,X,132.00,139.75,132.00,139.65,134.85,216,30049.00,6
BSE,PADAMCO,INE448D01025,X,0.95,0.95,0.92,0.93,0.95,1112358,1039962.00,483
BSE,PADMAIND,INE743D01011,XT,8.84,8.84,8.83,8.83,8.88,8,70.00,2
BSE,PADMALAYAT,INE243B01016,Z,3.96,4.20,3.96,4.20,4.00,2953,12020.00,9
BSE,PAGEIND,INE761H01022,A,40797.75,40814.85,39233.15,39406.70,40581.80,1167,46519479.00,534
BSE,PAISALO,INE420C01059,A,72.59,73.95,71.73,72.95,72.34,428374,31144594.00,1237
BSE,PAJSON,INE14LM01012,M,174.35,175.00,174.35,175.00,176.00,1200,209610.00,2
BSE,PAKKA,INE551D01018,B,75.05,75.88,74.34,74.70,74.61,3609,270549.00,69
BSE,PALASHSECU,INE471W01019,B,96.00,96.00,91.00,92.00,92.00,775,71619.00,61
BSE,PALCO,INE239L01013,X,131.10,134.85,131.10,132.35,133.80,767,101272.00,39
BSE,PALMJEWELS,INE838Z01012,X,15.01,15.67,15.01,15.59,15.12,1588,24656.00,17
BSE,PALREDTEC,INE218G01033,T,55.54,55.54,55.54,55.54,56.67,26,1444.00,3
BSE,PANABYTE,INE516E01019,X,18.99,19.00,17.90,18.34,18.35,1357,25439.00,21
BSE,PANACEABIO,INE922B01023,B,558.05,560.65,546.00,546.60,555.45,9708,5359829.00,326
BSE,PANAENERG,INE795A01017,X,259.00,263.00,258.00,260.85,257.40,1609,420561.00,109
BSE,PANAFIC,INE655P01029,XT,1.53,1.53,1.53,1.53,1.50,140166,214453.00,68
BSE,PANAMAPET,INE305C01029,B,430.00,432.60,427.10,429.20,425.85,3582,1537837.00,137
BSE,PANCARBON,INE013E01017,X,469.95,471.50,465.20,469.75,469.20,730,341162.00,46
BSE,PANCHMAHQ,INE798F01010,X,304.95,304.95,302.00,302.00,296.75,12,3653.00,2
BSE,PANCHSHEEL,INE316G01019,X,122.95,123.20,121.30,122.40,123.20,2938,359668.00,50
BSE,PANCM,INE167E01037,XT,90.00,93.02,90.00,93.02,88.60,110,9909.00,4
BSE,PANELEC,INE648E01010,X,26.00,27.66,26.00,27.66,25.15,6139,169461.00,44
BSE,PANINDIAC,INE376A01032,X,1.69,1.75,1.60,1.70,1.71,20546,34854.00,102
BSE,PANJON,INE744D01019,X,18.50,19.25,18.28,18.78,17.91,4694,87227.00,82
BSE,PANKAJPO,INE698B01011,X,68.00,71.74,67.00,71.74,68.33,7167,504714.00,40
BSE,PANORAMA,INE258R01028,B,53.49,53.49,51.00,51.85,52.16,892137,46201475.00,727
BSE,PANTH,INE945O01019,XT,9.82,10.49,9.82,10.23,10.02,27713,279032.00,125
BSE,PARACABLES,INE074B01023,B,68.29,68.50,66.57,67.27,66.98,88079,5976259.00,788
BSE,PARADEEP,INE088F01024,A,145.00,147.50,141.50,141.85,143.25,198196,28607680.00,1908
BSE,PARAGMILK,INE883N01014,B,230.70,233.30,229.85,231.75,228.65,19200,4442873.00,357
BSE,PARAGONF,INE015E01012,X,49.25,51.60,49.25,51.60,49.25,223,11459.00,6
BSE,PARAS,INE045601023,A,1228.15,1278.50,1195.00,1252.30,1216.40,192296,237663108.00,6317
BSE,PARASPETRO,INE162C01024,B,1.95,2.17,1.95,2.11,2.08,43985,90832.00,91
BSE,PARKERAC,INE750B01010,X,14.47,14.50,14.47,14.50,14.47,4,57.00,3
BSE,PARKHOSPS,INE119201023,B,290.15,291.40,284.30,285.90,290.15,36182,10409907.00,866
BSE,PARKHOTELS,INE988S01028,B,127.00,128.50,124.00,127.55,126.60,19050,2421038.00,433
BSE,PARLEIND,INE272G01014,XT,8.93,8.93,8.93,8.93,9.11,11715,104614.00,135
BSE,PARMAX,INE240T01014,XT,91.48,91.48,91.48,91.48,89.69,10735,982037.00,24
BSE,PARMCOS-B,INE143I01013,X,34.79,36.45,34.00,35.00,34.79,3372,118350.00,24
BSE,PARMESHWAR,INE0QQJ01021,MT,196.00,196.00,185.20,189.95,194.50,14000,2639850.00,14
BSE,PARMSILK,INE808R01012,XT,449.90,449.90,449.00,449.90,428.50,3174,1427697.00,95
BSE,PARNAXLAB,INE383L01019,X,145.00,145.00,142.70,142.70,145.50,1089,157343.00,11
BSE,PARSHVA,INE05MV01019,B,162.00,163.05,162.00,163.00,162.00,98,15924.00,11
BSE,PARSHWANA,INE635I01018,X,67.90,69.99,66.67,69.99,67.90,155,10349.00,4
BSE,PARSVNATH,INE561H01026,T,2.33,2.33,2.33,2.33,2.37,373460,870161.00,115
BSE,PARVATI,INE295Z01015,X,6.96,7.00,6.93,6.94,6.93,1238,8638.00,21
BSE,PASARI,INE604F01010,X,6.55,6.99,6.55,6.99,6.99,765,5125.00,4
BSE,PASHUPATI,INE124Y01028,B,90.40,90.95,87.03,87.70,88.18,2534,224887.00,716
BSE,PASUPTAC,INE818B01023,T,58.86,60.39,58.30,59.83,58.45,4630,273280.00,88
BSE,PASUSPG,INE909B01020,X,28.85,30.29,27.50,30.29,28.85,220,6373.00,7
BSE,PATANJALI,INE619A01035,A,413.75,415.15,411.30,413.90,412.30,405187,167439206.00,267789
BSE,PATELCHEM,INE161701011,MT,95.00,95.00,95.00,95.00,96.00,1600,152000.00,1
BSE,PATELENG,INE244B01030,A,31.58,31.94,31.31,31.71,31.58,371421,11749798.00,1450
BSE,PATELRMART,INE0R8B01010,B,223.00,227.25,221.30,225.55,220.35,5581,1253899.00,241
BSE,PATELSAI,INE082C01024,XT,399.00,409.00,395.00,402.50,390.50,4268,1712312.00,158
BSE,PATIDAR,INE637N01014,X,6.00,6.14,6.00,6.14,5.85,50,300.00,2
BSE,PATINTLOG,INE529D01014,T,15.52,16.10,15.52,15.92,15.88,24089,380320.00,78
BSE,PATRON,INE0NPA01011,MT,2.15,2.29,2.15,2.29,2.21,8000,17760.00,2
BSE,PATSPINLTD,INE790C01014,X,6.80,7.67,6.68,6.72,7.10,13331,90601.00,46
BSE,PAUSHAKLTD,INE111F01024,B,555.00,596.55,552.50,566.70,546.35,7862,4560316.00,776
BSE,PAVNAIND,INE07S101038,T,17.44,17.44,16.60,16.74,17.44,3873,64927.00,32
BSE,PAYTM,INE982J01020,A,1270.95,1359.20,1270.05,1342.15,1262.95,468214,620181691.00,19356
BSE,PBAINFRA,INE160H01019,XT,13.13,13.13,12.93,12.94,12.60,702,9156.00,8
BSE,PBMPOLY,INE501F01018,X,55.00,56.00,52.00,53.75,58.00,9248,496318.00,65
BSE,PCBL,INE602A01031,A,307.10,313.15,307.10,309.65,303.95,22605,7019836.00,567
BSE,PCCOSMA,INE417E01010,X,319.70,319.70,310.00,312.30,306.95,949,296776.00,37
BSE,PCJEWELLER,INE785M01021,A,10.26,10.30,9.92,10.00,9.82,18915935,190639485.00,21239
BSE,PCS,INE834B01012,X,20.05,20.05,18.51,19.23,19.58,8101,154536.00,67
BSE,PDMJEPAPER,INE865T01018,B,83.60,85.90,83.60,84.17,82.45,2231,189157.00,88
BSE,PDSL,INE111Q01021,B,356.40,359.75,353.10,356.30,349.75,4241,1510125.00,152
BSE,PEARLPOLY,INE844A01013,T,17.50,18.35,17.50,17.98,18.33,3389,59448.00,11
BSE,PEETISEC,INE328D01011,X,17.58,17.99,17.58,17.94,18.50,2609,46154.00,11
BSE,PEIL,INE429K01012,X,6.43,6.43,6.04,6.06,6.25,16375,100472.00,41
BSE,PENIND,INE932A01024,B,173.05,174.50,170.00,172.05,169.85,18825,3249396.00,337
BSE,PENINLAND,INE138A01028,T,18.10,18.20,17.56,18.20,17.34,3288,59441.00,20
BSE,PERFEPA,INE759I01024,X,73.70,73.70,70.51,72.12,70.46,897,64145.00,13
BSE,PERMAGN,INE418E01018,X,897.00,901.95,880.00,892.30,892.85,3000,2661683.00,190
BSE,PERSISTENT,INE262H01021,A,4924.60,5067.95,4907.00,5054.20,4829.00,48309,241023619.00,6629
BSE,PERVASIVE,INE443P01038,XT,4.08,4.08,4.08,4.08,4.00,250,1020.00,1
BSE,PESB,INE510U01018,MT,261.00,275.00,261.00,267.50,269.05,13600,3656760.00,17
BSE,PETRONET,INE347G01014,A,280.85,282.45,278.45,279.15,277.00,33731,9459528.00,635
BSE,PFC,INE134E01011,A,405.80,409.80,404.20,406.50,403.90,142887,58102782.00,1832
BSE,PFIZER,INE182A01018,A,4601.15,4740.00,4595.30,4728.55,4600.50,4218,19788262.00,882
BSE,PFL,INE0PZB01013,M,31.00,32.05,30.95,31.64,32.08,54000,1702920.00,13
BSE,PFLINFOTC,INE600F01018,X,3.61,3.61,3.61,3.61,3.60,7,25.00,1
BSE,PFOCUS,INE367G01038,T,255.00,255.70,255.00,255.70,243.55,2570,657009.00,25
BSE,PFS,INE560K01014,B,30.54,30.94,30.54,30.72,30.59,24443,751602.00,132
BSE,PGCRL,INE0GTX01019,M,89.25,89.25,88.00,88.95,88.00,2400,213420.00,3
BSE,PGEL,INE457L01029,A,587.35,593.20,578.55,583.15,583.40,1023743,598576188.00,2386
BSE,PGFOILQ,INE078D01012,X,193.15,193.50,187.00,192.45,191.60,8913,1712126.00,120
BSE,PGHH,INE179A01014,A,8925.95,8972.85,8895.05,8938.30,8885.20,294,2625714.00,107
BSE,PGHL,INE199A01012,A,6610.00,6940.00,6585.65,6831.95,6622.00,1915,13014772.00,595
BSE,PGIL,INE940H01022,A,1959.35,2033.05,1950.45,1995.85,1983.65,3939,7855460.00,400
BSE,PGINVIT,INE0GGX23010,IF,96.84,99.69,96.70,96.79,96.67,508001,49479366.00,1142
BSE,PHARMAID,INE117D01018,X,36.80,36.80,34.30,35.00,33.79,7120,250602.00,81
BSE,PHCAP,INE160F01013,XT,969.95,989.95,966.00,970.00,957.05,2364,2295135.00,34
BSE,PHOENIXLTD,INE211B01039,A,2100.95,2150.00,2075.90,2138.05,2088.60,41099,87376486.00,4455
BSE,PHOENXINTL,INE245B01011,X,32.00,32.00,29.91,30.40,29.40,4550,138182.00,39
BSE,PHOSPHATE,INE398C01016,X,143.00,149.00,143.00,149.00,143.10,2,292.00,2
BSE,PHOTON,INE107J01016,XT,262.10,262.10,262.10,262.10,249.65,105,27520.00,2
BSE,PHOTOQUP,INE813B01016,X,13.00,13.00,12.99,12.99,12.58,1000,12999.00,7
BSE,PHRMASI,INE486I01016,X,100.37,100.37,95.52,95.52,98.89,182,17551.00,12
BSE,PHYTO,INE037C01010,X,24.45,24.49,24.00,24.42,24.49,1431,34964.00,12
BSE,PICCADIL,INE546C01010,B,663.95,674.10,656.30,671.25,649.25,21460,14285520.00,1578
BSE,PICCASUG,INE544C01023,X,34.84,35.98,33.51,34.08,34.84,3244,111524.00,67
BSE,PIDILITIND,INE318A01026,A,1593.55,1613.05,1585.75,1598.15,1591.45,18559,29645153.00,1983
BSE,PIGL,INE557Z01018,B,111.05,116.25,111.05,114.10,108.35,24882,2835758.00,479
BSE,PIIND,INE603J01030,A,2596.95,2626.65,2596.90,2606.35,2599.60,28362,74267749.00,1215
BSE,PILANIINVS,INE417C01014,B,4370.80,4523.00,4370.80,4481.70,4406.00,304,1359927.00,103
BSE,PILITA,INE600A01035,T,8.79,9.13,8.70,8.99,8.76,4339,38031.00,20
BSE,PINELABS,INE15B701018,B,144.15,147.10,143.95,145.35,143.30,477674,69742871.00,2433
BSE,PIONEEREMB,INE156C01018,B,24.86,24.86,24.75,24.75,22.87,105,2609.00,5
BSE,PIONRINV,INE746D01014,B,86.26,86.26,75.16,80.64,84.00,3685,302920.00,42
BSE,PIOTEX,INE0R4W01015,M,33.00,33.00,32.35,32.35,31.00,2400,78420.00,2
BSE,PIRAMALFIN,INE202B01038,B,2137.95,2173.00,2120.30,2166.10,2117.45,12493,26787410.00,810
BSE,PITTIENG,INE450D01021,B,956.20,980.10,956.20,968.35,949.70,3813,3701639.00,349
BSE,PIXTRANS,INE751B01018,B,1791.10,1825.20,1779.65,1818.45,1782.30,696,1253981.00,160
BSE,PLASTIBLEN,INE083C01022,B,177.40,182.00,177.40,181.50,176.30,582,105276.00,50
BSE,PLATIND,INE0PT501018,B,228.80,232.80,226.10,228.70,226.60,4140,949205.00,154
BSE,PLAZACABLE,INE0INJ01017,T,45.00,46.40,44.50,44.60,45.00,4176,189655.00,40
BSE,PMCFIN,INE793G01035,X,1.79,1.83,1.78,1.82,1.79,310997,560302.00,331
BSE,PML,INE291E01019,B,540.00,540.00,471.30,483.65,486.45,257,124906.00,28
BSE,PNB,INE160A01022,A,104.00,107.50,103.75,105.40,103.45,1622895,171182360.00,7832
BSE,PNBGILTS,INE859A01011,B,87.45,89.17,87.45,87.94,87.45,30069,2655920.00,312
BSE,PNBHOUSING,INE572E01012,A,1091.35,1119.00,1087.85,1110.45,1084.85,47972,53152561.00,3645
BSE,PNC,INE392B01011,B,19.36,21.60,19.36,20.37,21.34,178,3644.00,11
BSE,PNCINFRA,INE195J01029,A,244.40,245.00,240.10,242.75,241.20,17427,4224112.00,517
BSE,PNGJL,INE953R01016,B,596.70,599.90,584.50,587.35,583.65,32962,19521928.00,1033
BSE,PNGSREVA,INE1RDG01013,B,416.25,428.00,415.55,421.85,413.50,3201,1355232.00,199
BSE,PNTKYOR,INE702E01015,X,35.10,38.84,35.10,36.01,35.90,283,10752.00,11
BSE,POCL,INE063E01053,B,1439.00,1446.00,1395.00,1425.35,1417.80,20925,29604435.00,1005
BSE,PODDARMENT,INE371C01013,B,238.15,242.85,234.75,237.50,230.40,258,60880.00,101
BSE,POEL,INE035S01028,X,188.00,189.10,182.50,184.20,183.70,30677,5698100.00,274
BSE,POKARNA,INE637C01025,B,1045.00,1067.40,1038.10,1042.90,1032.40,2906,3039909.00,207
BSE,POLICYBZR,INE417T01026,A,1573.00,1589.00,1568.80,1580.55,1573.00,133552,210836107.00,4465
BSE,POLSON,INE339F01021,X,10700.00,10700.00,10432.80,10522.10,10700.00,12,125550.00,5
BSE,POLYCAB,INE455K01017,A,9160.00,9234.25,9094.80,9208.45,9072.95,16930,154523302.00,1910
BSE,POLYCHEM,INE752B01024,X,1947.00,1947.00,1920.00,1921.60,1902.85,28,53998.00,14
BSE,POLYCHMP,INE809B01014,X,51.49,51.49,50.00,51.30,51.49,813,41233.00,13
BSE,POLYCON,INE262C01014,X,21.89,21.89,20.90,20.90,22.00,12,251.00,3
BSE,POLYLINK,INE323D01020,X,20.99,20.99,20.55,20.90,20.43,3441,71546.00,23
BSE,POLYMAC,INE826P01018,M,11.00,11.00,11.00,11.00,11.00,800,8800.00,1
BSE,POLYMED,INE205C01021,A,1646.60,1673.85,1646.60,1665.85,1646.60,3664,6092508.00,358
BSE,POLYPLEX,INE633B01018,B,1032.35,1075.00,1032.35,1060.65,1028.20,13661,14448368.00,1246
BSE,POLYSPIN,INE914G01029,X,30.55,30.55,29.98,29.99,29.70,23,701.00,4
BSE,PONNIERODE,INE838E01017,B,320.00,321.55,315.50,315.50,315.00,165,52178.00,35
BSE,POOJA,INE973X01012,B,17.70,17.70,17.07,17.59,17.25,6976,121137.00,83
BSE,POOJAENT,INE147C01017,XT,77.00,77.59,76.00,76.00,76.47,15771,1204823.00,71
BSE,POONADAL,INE809E01018,X,63.95,63.95,63.95,63.95,63.77,4,255.00,1
BSE,POONAWALLA,INE511C01022,A,467.25,480.40,467.25,476.75,463.95,116523,55504468.00,3052
BSE,PORWAL,INE386I01018,X,57.90,59.01,56.00,57.61,55.67,6658,384816.00,70
BSE,POWERGRID,INE752E01010,A,283.00,283.85,281.40,283.20,281.15,954198,269859656.00,2426
BSE,POWERICA,INE921L01032,B,580.35,580.35,558.80,566.75,569.25,29262,16580554.00,872
BSE,POWERINDIA,INE07Y701011,A,32848.05,32972.70,32400.00,32602.95,32607.50,4964,162139759.00,1237
BSE,POWERMECH,INE211R01019,A,2618.05,2650.60,2600.00,2640.45,2605.05,3378,8864169.00,348
BSE,PPAP,INE095I01015,B,280.45,331.40,273.00,325.50,276.20,84723,26453706.00,5315
BSE,PPARIVAH,INE0SMW01011,MT,216.00,223.00,215.00,221.55,222.45,18000,3934140.00,14
BSE,PPL,INE050001010,T,270.00,279.00,265.05,269.55,274.10,2099,566241.00,57
BSE,PPLPHARMA,INE0DK501011,A,172.10,177.90,171.90,177.10,171.90,274469,48234924.00,2490
BSE,PQIF,INE689M01025,X,11.30,11.30,10.15,10.43,10.67,121511,1285919.00,419
BSE,PRABHA,INE0I0M01023,B,147.95,152.10,147.95,151.20,149.40,422,64054.00,21
BSE,PRABHHANS,INE428P01013,XT,36.00,36.00,34.20,34.28,36.00,4671,159965.00,18
BSE,PRADPME,INE770A01010,T,526.65,532.00,513.05,529.75,526.65,534,277445.00,32
BSE,PRAENG,INE505C01016,B,19.50,20.03,19.47,19.69,19.45,4514,88818.00,21
BSE,PRAGBOS,INE962B01011,X,1.70,1.90,1.67,1.83,1.72,8299,14639.00,49
BSE,PRAJIND,INE074A01025,A,354.45,360.95,354.45,355.95,354.00,30998,11064306.00,749
BSE,PRAKASH,INE603A01013,B,129.30,131.40,128.65,129.00,128.15,14774,1917161.00,390
BSE,PRAKASHSTL,INE696K01024,B,4.15,4.26,4.10,4.17,4.14,34668,144981.00,131
BSE,PRARUH,INE0TI501017,M,53.89,53.89,50.50,51.99,50.00,12000,615780.00,6
BSE,PRATIK,INE206C01029,X,5.80,5.87,5.57,5.85,5.55,48875,283046.00,70
BSE,PRATIKSH,INE530D01012,X,18.49,18.50,18.25,18.49,18.08,78712,1447672.00,25
BSE,PRAVEG,INE722B01019,B,238.25,241.45,236.30,238.90,231.90,6051,1446278.00,400
BSE,PRAXIS,INE546Y01022,T,7.94,7.94,7.70,7.71,7.94,2883,22238.00,15
BSE,PRECAM,INE484I01029,B,147.70,150.20,146.25,146.85,146.00,9330,1382533.00,232
BSE,PRECISIO,INE143C01024,XT,239.25,239.25,222.00,222.25,228.00,498,111960.00,23
BSE,PRECWIRE,INE372C01037,B,390.00,397.30,382.50,385.80,389.85,25627,9883843.00,794
BSE,PREMCAP,INE946K01023,XT,4.66,4.66,4.66,4.66,4.90,10155,47322.00,4
BSE,PREMCO,INE001E01012,B,361.10,371.80,361.10,364.95,367.15,727,267431.00,47
BSE,PREMEXPLN,INE863B01029,A,721.00,724.40,684.85,687.15,714.75,113006,78888102.00,3941
BSE,PREMIER,INE342A01018,T,3.04,3.04,3.04,3.04,3.07,50,152.00,1
BSE,PREMIERENE,INE0BS701011,A,1100.00,1134.00,1086.00,1118.45,1088.25,133591,147852770.00,3924
BSE,PREMIERPOL,INE309M01020,B,66.64,66.64,63.18,63.64,63.61,17525,1132955.00,230
BSE,PREMSYN,INE940N01012,X,16.49,16.49,15.00,15.00,16.49,294,4619.00,13
BSE,PRERINFRA,INE426H01014,X,26.31,27.78,25.51,26.00,26.05,10501,273277.00,52
BSE,PRESTIGE,INE811K01011,A,1689.90,1740.85,1654.90,1732.35,1675.45,59410,101492007.00,5154
BSE,PREVEST,INE0GAO01018,M,382.55,387.55,380.00,381.15,387.55,8600,3287270.00,20
BSE,PRICOLLTD,INE726V01018,A,618.75,629.75,618.75,628.20,618.75,37051,23164980.00,1072
BSE,PRIMAGR,INE297D01018,X,13.00,13.03,13.00,13.03,12.41,1419,18447.00,4
BSE,PRIMAIN,INE723N01012,X,19.28,19.28,17.36,18.82,19.28,2661,48848.00,18
BSE,PRIMAPLA,INE573B01016,XT,119.95,119.95,114.10,119.90,118.85,1067,123184.00,33
BSE,PRIMEFRESH,INE442V01012,B,217.50,217.90,212.15,214.65,215.00,3037,648456.00,54
BSE,PRIMEPRO,INE233C01023,XT,29.96,29.96,27.12,27.23,28.54,4500,126419.00,39
BSE,PRIMESECU,INE032B01021,B,280.75,282.20,279.10,282.20,280.75,326,91507.00,19
BSE,PRIMEURB,INE419E01024,X,7.97,8.35,7.90,8.28,7.97,348,2856.00,15
BSE,PRIMIND,INE543F01028,XT,43.50,46.00,42.51,45.00,44.74,2343,100732.00,17
BSE,PRIMO,INE607A01022,B,23.87,24.41,23.87,23.95,24.05,10498,252971.00,56
BSE,PRINCEPIPE,INE689W01016,B,265.80,269.40,265.80,267.40,266.15,10366,2776933.00,194
BSE,PRISMMEDI,INE730E01016,XT,27.50,29.59,27.50,28.80,28.80,2552,72868.00,17
BSE,PRISMX,INE286N01028,X,0.59,0.61,0.59,0.60,0.59,44897,26861.00,82
BSE,PRITHVIEXCH,INE621B01021,X,106.00,106.00,103.05,103.55,101.15,1713,179205.00,26
BSE,PRITIKAUTO,INE583R01029,T,18.00,18.95,17.80,18.57,18.11,46485,856207.00,127
BSE,PRIVISCL,INE959A01019,A,3634.85,3671.00,3571.90,3662.60,3620.10,1221,4439269.00,320
BSE,PROCLB,INE438C01010,X,28.00,28.00,27.05,27.05,28.03,503,13798.00,9
BSE,PRODOCS,INE10XK01019,M,165.00,167.00,165.00,167.00,166.25,2000,332000.00,2
BSE,PROFINC,INE732K01027,Z,2.89,3.00,2.83,2.93,2.91,600779,1749252.00,249
BSE,PROMACT,INE818D01011,X,9.50,9.50,9.50,9.50,9.50,1251,11884.00,6
BSE,PROSTARM,INE0BX301013,B,130.65,132.95,130.60,131.55,130.85,22480,2964608.00,663
BSE,PROTEAN,INE004A01022,A,582.15,600.00,582.15,588.50,579.60,12800,7552522.00,536
BSE,PROZONER,INE195N01013,B,44.47,44.47,44.00,44.07,43.51,1173,51938.00,38
BSE,PRSMJOHNSN,INE010A01011,B,111.90,113.55,111.80,112.20,111.95,14007,1574242.00,166
BSE,PRUDENT,INE00F201020,A,2982.95,3019.45,2966.00,2977.65,2956.50,674,2018197.00,148
BSE,PRUDMOULI,INE024D01016,T,14.83,14.83,14.82,14.83,14.82,26,385.00,2
BSE,PSB,INE608A01012,B,24.73,25.28,24.70,24.98,24.46,186818,4666710.00,659
BSE,PSCELESTIA,INE19RO25039,IF,1020000.00,1020000.00,1013501.01,1013501.01,1020000.00,2,2033501.00,2
BSE,PSITINFRA,INE953M01033,XT,1.06,1.08,1.05,1.08,1.06,2691,2855.00,10
BSE,PSPL,INE0ABU01016,M,53.00,53.00,53.00,53.00,50.00,1000,53000.00,1
BSE,PSPPROJECT,INE488V01015,B,1076.70,1084.35,1063.10,1068.60,1069.10,2517,2699462.00,161
BSE,PTC,INE877F01012,A,169.90,172.95,168.80,172.55,168.00,30702,5261972.00,406
BSE,PTCIL,INE596F01018,A,17599.95,17680.00,17381.80,17610.40,17346.35,423,7416102.00,176
BSE,PTL,INE034D01049,B,39.87,40.69,39.87,40.25,40.87,12095,485507.00,113
BSE,PULSRIN,INE183U01022,X,0.49,0.50,0.48,0.49,0.50,7338292,3591045.00,655
BSE,PUNJABCHEM,INE277B01014,B,1105.10,1127.60,1091.10,1102.35,1091.20,575,636651.00,84
BSE,PUNJCOMMU,INE609A01010,B,48.16,48.98,47.10,48.95,48.13,926,44205.00,36
BSE,PURETROP,INE795D01011,X,154.70,154.75,152.50,152.50,154.70,585,89450.00,8
BSE,PUROHITCON,INE147J01012,XT,10.17,10.17,10.17,10.17,10.70,100,1017.00,1
BSE,PURPLE,INE905R01016,X,5.89,5.89,5.60,5.60,5.89,2282,13439.00,2
BSE,PURPLEFIN,INE0CYK01015,X,64.59,65.43,63.10,64.07,64.54,518577,33328406.00,273
BSE,PURPLEWAVE,INE0VDK01019,M,110.00,110.00,110.00,110.00,110.00,9000,990000.00,1
BSE,PURSHOTTAM,INE729C01020,X,35.85,35.85,34.85,35.27,35.98,7,247.00,7
BSE,PURVA,INE323I01011,B,220.90,226.00,220.90,223.80,219.40,16090,3594332.00,404
BSE,PVP,INE362A01016,B,27.67,27.98,26.56,27.70,27.31,9967,274664.00,124
BSE,PVRINOX,INE191H01014,A,988.15,1008.35,988.15,1001.75,990.30,18315,18354887.00,1282
BSE,PVSL,INE772T01024,B,94.00,94.75,92.78,93.98,93.28,1869,175931.00,88
BSE,PVVINFRA,INE428B01021,X,3.60,3.65,3.51,3.62,3.54,474323,1699524.00,320
BSE,PWASML,INE523I01016,X,22.50,23.40,21.56,22.10,22.52,5337,119035.00,56
BSE,PWL,INE0LP301011,B,153.55,154.35,145.80,147.95,151.30,2205186,329183330.00,28042
BSE,PYRAMID,INE0MIS01010,B,166.35,169.95,165.70,165.90,167.75,11011,1850395.00,223
BSE,QGO,INE837C01013,X,42.50,42.50,40.42,41.94,42.50,885,36690.00,31
BSE,QLL,INE0Q1R01012,M,450.00,461.00,444.00,448.20,446.60,3600,1624280.00,8
BSE,QPOWER,INE0SII01026,T,1189.00,1214.25,1163.10,1214.25,1156.45,20698,24854581.00,683
BSE,QUADFUTURE,INE0LRY01011,B,435.00,451.95,409.70,415.45,429.60,30356,12871201.00,996
BSE,QUADRANT,INE527B01020,XT,0.46,0.46,0.46,0.46,0.44,918108,422329.00,113
BSE,QUANTDIA,INE373C01019,XT,23.50,23.50,23.49,23.50,23.50,140,3289.00,8
BSE,QUESS,INE615P01015,A,304.95,304.95,286.25,288.05,293.75,13518,3925517.00,375
BSE,QUESTCAP,INE418C01012,X,277.50,284.50,276.00,276.00,276.40,704,194912.00,59
BSE,QUESTFLOW,INE0OYE01013,MT,239.15,239.15,239.15,239.15,244.00,5000,1195750.00,15
BSE,QUICKHEAL,INE306L01010,T,166.70,171.70,165.40,167.60,166.70,18391,3104375.00,132
BSE,RAAMA,INE516P01015,XT,16.50,16.50,16.50,16.50,16.83,69608,1148532.00,55
BSE,RACHIT,INE0ZN101029,MT,213.80,213.80,213.80,213.80,204.00,1000,213800.00,1
BSE,RACLGEAR,INE704B01017,B,1264.05,1281.05,1260.00,1269.80,1267.80,1038,1318011.00,151
BSE,RACONTEUR,INE00WY01013,M,12.43,12.43,12.43,12.43,11.84,1600,19888.00,1
BSE,RADHEDE,INE986B01044,X,1.57,1.68,1.56,1.63,1.56,57186,92350.00,142
BSE,RADHIKAJWE,INE583V01021,B,63.65,64.32,61.84,62.50,63.55,113010,7130468.00,1152
BSE,RADIANTCMS,INE855R01021,B,38.20,39.29,37.75,38.09,38.36,6148,236208.00,116
BSE,RADICO,INE944F01028,A,4137.80,4144.50,4061.00,4072.30,4090.15,11110,45347553.00,1577
BSE,RADIOCITY,INE919I01024,B,6.02,6.14,5.91,6.01,6.01,4560,27425.00,44
BSE,RADIXIND,INE576N01014,XT,151.20,166.50,151.15,151.70,158.95,974,149952.00,38
BSE,RAGHUNAT,INE753B01014,X,11.19,11.19,10.18,11.00,10.18,325,3497.00,11
BSE,RAGHUSYN,INE969C01022,X,98.95,99.00,98.30,98.75,98.70,1076,106330.00,14
BSE,RAGHUTOB,INE754B01012,X,15.14,15.45,14.85,15.20,15.14,1000,15030.00,10
BSE,RAILTEL,INE0DD101019,A,303.55,313.25,303.55,307.70,303.00,90647,28084632.00,1921
BSE,RAIN,INE855B01025,A,206.00,208.40,202.50,206.95,204.10,211922,43576487.00,2139
BSE,RAINBOW,INE961O01016,A,1491.10,1491.15,1457.95,1472.20,1479.65,4478,6626891.00,370
BSE,RAINBOWF,INE230F01014,X,38.45,38.45,37.25,38.41,38.45,941,35807.00,25
BSE,RAJABAH,INE491N01016,X,5300.00,5300.00,5100.00,5100.00,5300.00,9,47500.00,2
BSE,RAJESH,INE0VN801010,M,861.00,868.60,858.00,865.65,848.65,29500,25497275.00,239
BSE,RAJESHEXPO,INE343B01030,Z,94.95,97.75,91.20,94.98,93.11,29893,2795943.00,334
BSE,RAJINFRA,INE016C01014,Z,4.63,4.63,4.20,4.58,4.42,1697,7303.00,10
BSE,RAJKOTINV,INE176R01014,X,44.60,49.00,42.89,44.86,47.65,88,4185.00,20
BSE,RAJKSYN,INE376L01013,X,24.49,24.49,22.71,23.77,24.01,7819,188168.00,42
BSE,RAJNISH,INE685Z01033,B,0.41,0.42,0.39,0.41,0.41,6187467,2499316.00,656
BSE,RAJOOENG,INE535F01024,T,50.92,50.92,49.55,50.18,50.03,23797,1190609.00,187
BSE,RAJPALAYAM,INE296E01026,B,827.65,838.65,820.30,837.55,813.55,306,255073.00,21
BSE,RAJPUTANA,INE751R01014,X,33.49,33.49,33.49,33.49,33.00,7,234.00,3
BSE,RAJRATAN,INE451D01029,B,475.10,491.80,468.95,482.45,465.05,8559,4160180.00,401
BSE,RAJRILTD,INE533D01032,T,21.91,21.91,21.91,21.91,22.35,2370,51926.00,32
BSE,RAJSEC,INE184D01026,X,57.63,57.73,57.53,57.68,58.72,1313850,75703981.00,118
BSE,RAJSPTR,INE374C01017,P,10.80,10.80,10.80,10.80,10.29,100,1080.00,1
BSE,RAJSREESUG,INE562B01019,B,30.06,31.80,30.06,31.48,31.25,1752,54956.00,46
BSE,RAJTUBE,INE497E01020,XT,12.20,12.29,11.50,12.04,11.96,8494,100631.00,71
BSE,RAJTV,INE952H01027,B,12.00,12.05,11.81,12.01,12.00,109566,1306906.00,27
BSE,RAL,INE0SK201011,MT,55.00,59.08,54.34,59.08,57.19,3600,202104.00,3
BSE,RALEGRA,INE427E01027,XT,53.81,53.81,53.81,53.81,53.81,1,53.00,1
BSE,RALLIS,INE613A01020,A,223.35,231.70,223.35,229.40,223.55,205391,47388598.00,1003
BSE,RAMANEWS,INE278B01020,B,29.13,29.15,29.00,29.00,29.13,289,8411.00,13
BSE,RAMAPHO,INE809A01032,B,122.80,122.80,122.80,122.80,124.90,75,9210.00,2
BSE,RAMAPPR-B,INE425E01013,Z,12.45,13.70,12.45,13.50,13.10,4548,56827.00,11
BSE,RAMASTEEL,INE230R01035,T,4.51,4.59,4.50,4.55,4.53,174908,793531.00,348
BSE,RAMAVISION,INE763B01013,X,145.95,145.95,137.70,138.35,143.40,1103,153778.00,62
BSE,RAMBHAJO,INE1SJO01012,T,180.00,180.00,173.00,177.45,177.35,16825,2977047.00,268
BSE,RAMCOCEM,INE331A01037,A,920.05,945.20,920.05,940.70,923.20,8902,8352121.00,449
BSE,RAMCOIND,INE614A01028,B,373.50,374.95,364.00,367.90,368.50,17063,6299722.00,547
BSE,RAMCOSYS,INE246B01019,B,852.95,860.15,797.75,805.60,835.00,104036,86669449.00,2743
BSE,RAMGOPOLY,INE410D01017,X,17.44,17.89,16.57,17.48,17.44,624,10503.00,16
BSE,RAMINFO,INE357B01022,X,48.00,48.00,45.36,46.88,46.45,14787,693030.00,38
BSE,RAMKY,INE874I01013,B,386.70,407.00,386.70,403.75,386.90,4459,1779556.00,161
BSE,RAMRAT,INE207E01023,B,422.00,425.90,409.65,413.60,411.05,8101,3375219.00,231
BSE,RAMSONS,INE609D01014,XT,94.01,94.01,89.76,94.00,94.48,27,2534.00,4
BSE,RANASUG,INE625B01014,B,12.12,12.20,11.74,11.90,11.92,12144,145543.00,163
BSE,RANDER,INE821D01031,X,10.00,10.40,10.00,10.33,10.00,155,1590.00,4
BSE,RANEHOLDIN,INE384A01010,B,1798.30,1836.70,1778.10,1791.35,1774.15,727,1314914.00,145
BSE,RANJITSE,INE863D01017,XT,56.28,56.28,56.28,56.28,57.42,11,619.00,2
BSE,RAP,INE483D01014,X,33.90,33.90,33.90,33.90,33.81,5,169.00,1
BSE,RAPICUT,INE350D01015,XT,244.00,252.90,236.05,248.90,241.15,5471,1343992.00,74
BSE,RASANDIK,INE682D01011,X,63.00,64.34,61.00,64.34,62.60,369,23162.00,9
BSE,RASIELEC,INE822D01021,X,12.80,12.90,12.11,12.40,12.74,17801,219816.00,112
BSE,RASRESOR,INE651D01016,X,57.00,57.00,56.00,57.00,57.00,1779,100801.00,9
BSE,RATEGAIN,INE0CLI01024,A,952.65,952.65,929.05,943.20,941.35,18639,17506603.00,651
BSE,RATHIBAR,INE575I01016,X,20.51,20.90,20.51,20.55,20.51,4475,92028.00,38
BSE,RATHIST,INE336C01016,X,21.40,21.85,21.00,21.49,20.86,136627,2943968.00,457
BSE,RATNABHUMI,INE821Y01011,B,188.00,188.00,188.00,188.00,186.00,19,3572.00,8
BSE,RATNAMANI,INE703B01027,A,2648.35,2710.00,2648.35,2695.70,2632.95,1306,3513266.00,155
BSE,RATNAVEER,INE05CZ01011,B,182.85,182.85,179.75,180.15,179.80,65235,11803506.00,439
BSE,RAUNAQ,INE523K01012,X,30.96,30.96,30.96,30.96,29.49,1405,43498.00,5
BSE,RAVALSUGAR,INE615A01025,X,1027.95,1027.95,971.00,984.00,955.95,24,23992.00,9
BSE,RAVEL,INE0W4D01018,M,113.05,116.65,112.60,116.65,117.90,4000,458300.00,4
BSE,RAWEDGE,INE960Z01014,B,18.99,18.99,17.99,18.12,18.85,7147,129916.00,41
BSE,RAYALEMA,INE008C01011,X,29.50,29.95,28.10,29.12,28.77,3747,106057.00,30
BSE,RAYMOND,INE301A01014,A,623.30,638.00,623.30,631.75,621.00,43642,27638866.00,1223
BSE,RAYMONDLSL,INE02ID01020,A,755.00,757.00,739.00,744.20,741.55,3704,2786011.00,229
BSE,RAYMONDREL,INE1SY401010,B,706.75,711.00,691.95,699.10,699.35,57543,40272609.00,1412
BSE,RBA,INE07T201019,A,74.99,74.99,72.45,73.09,74.57,99027,7259407.00,617
BSE,RBLBANK,INE976G01028,A,364.55,381.60,364.55,380.70,362.85,455400,171574882.00,5627
BSE,RBZJEWEL,INE0PEQ01016,B,153.80,165.00,151.80,154.05,153.80,45422,7113965.00,778
BSE,RCAN,INE0CQ101015,M,16.99,16.99,16.00,16.11,16.13,14000,228964.00,20
BSE,RCCL,INE929D01016,X,31.62,31.62,30.65,30.85,31.62,28,863.00,4
BSE,RCF,INE027A01015,A,131.25,134.30,131.00,131.35,131.80,80255,10625850.00,793
BSE,RCL,INE792P01020,Z,2.78,2.78,2.78,2.78,2.79,30,83.00,1
BSE,RCOM,INE330H01018,T,0.88,0.89,0.86,0.87,0.88,1267578,1112725.00,302
BSE,RDBIPL,INE245L01028,B,19.87,20.00,19.12,19.60,19.31,37887,744667.00,162
BSE,RDBRL,INE123M01017,X,162.95,162.95,157.00,157.40,159.40,7538,1209551.00,91
BSE,RDGAIL,INE0S5T01017,M,106.50,110.00,106.50,110.00,106.50,25200,2762400.00,10
BSE,REALECO,INE055E01034,X,4.23,4.27,4.10,4.13,4.15,11959,49364.00,92
BSE,RECLTD,INE020B01018,A,353.50,356.50,350.70,351.90,352.05,293349,103724243.00,4057
BSE,RECODE,INE2B6701015,M,190.05,193.05,188.00,190.00,190.00,23200,4405640.00,28
BSE,REDINGTON,INE891D01026,A,274.50,282.20,274.00,280.25,274.65,74649,20865591.00,1522
BSE,REDTAPE,INE0LXT01019,B,136.20,136.85,134.80,135.50,134.40,11786,1603033.00,187
BSE,REETECH,INE0MKO01015,M,19.95,19.95,19.95,19.95,22.16,1200,23940.00,1
BSE,REFEX,INE056I01025,A,353.95,353.95,342.35,345.95,349.05,19681,6840114.00,536
BSE,REGAAL,INE0MHO01029,T,83.00,83.49,80.50,82.22,81.85,7468,611155.00,90
BSE,REGAL,INE101E01010,X,15.18,15.60,15.18,15.60,16.57,164,2555.00,5
BSE,REGANTO,INE043B01028,Z,7.19,7.19,6.56,7.02,6.90,136485,936920.00,315
BSE,REGENCY,INE964R01013,XT,38.49,39.85,38.25,38.69,38.49,31899,1241204.00,122
BSE,REGENTRP,INE769D01016,X,5.27,5.29,5.12,5.22,5.24,7378,38864.00,36
BSE,REGIS,INE745R01024,X,2.44,2.44,2.26,2.28,2.25,119860,274783.00,133
BSE,RELAXO,INE131B01039,A,394.00,400.25,390.70,394.80,386.40,18213,7199601.00,419
BSE,RELCHEMQ,INE750D01016,B,132.95,132.95,130.30,130.80,133.00,116,15361.00,20
BSE,RELIABLE,INE375Y01018,B,143.50,146.00,142.00,144.95,144.80,802,115321.00,37
BSE,RELIABVEN,INE419H01019,XT,27.84,27.84,26.06,26.08,27.17,3045,79464.00,17
BSE,RELIANCE,INE002A01018,A,1294.75,1311.00,1288.85,1308.85,1279.70,434235,565048991.00,10881
BSE,RELICAB,INE773T01014,B,39.00,39.75,38.61,39.75,37.86,2908,115078.00,64
BSE,RELICTEC,INE452B01013,X,73.49,73.49,64.28,67.43,75.49,457,30750.00,24
BSE,RELIGARE,INE621H01010,A,272.75,274.35,269.15,270.20,271.55,21565,5863120.00,425
BSE,RELTD,INE206N01018,B,179.30,179.40,173.25,174.10,179.45,71501,12579469.00,795
BSE,REMAGNET,INE519N01014,T,4067.95,4068.65,3980.00,4000.50,4068.65,2411,9661915.00,92
BSE,REMIEDEL,INE158G01015,X,181.45,183.90,177.05,182.20,184.00,832,148721.00,26
BSE,REMSONSIND,INE474C01023,B,84.67,84.67,80.06,80.95,83.00,11863,966968.00,204
BSE,RENUKA,INE087H01022,A,22.95,23.00,22.68,22.76,22.63,342199,7810428.00,797
BSE,REPCOHOME,INE612J01015,B,412.45,415.45,406.75,408.50,410.00,1830,750671.00,102
BSE,REPONO,INE15WN01014,MT,83.26,84.00,83.00,84.00,84.23,7200,599748.00,6
BSE,REPRO,INE461B01014,B,364.00,370.00,360.30,365.35,364.00,307,111580.00,48
BSE,RESGEN,INE0NYN01016,M,47.06,47.74,47.00,47.41,48.00,51000,2407515.00,33
BSE,RESONANCE,INE486D01017,XT,134.10,139.95,130.50,134.75,134.75,2760,375073.00,66
BSE,RESPONIND,INE688D01026,B,190.50,196.50,187.45,188.10,190.35,21429,4085422.00,417
BSE,RESPONSINF,INE401B01010,X,20.00,20.30,20.00,20.30,19.57,451,9020.00,2
BSE,RESTILE,INE298E01022,X,7.22,7.22,6.81,6.88,7.04,7864,55034.00,21
BSE,RETAGGIO,INE0KWJ01014,MT,54.00,54.00,54.00,54.00,54.63,3000,162000.00,1
BSE,RETAIL,INE03DD01011,B,18.70,18.70,17.37,18.36,17.85,1970,35364.00,15
BSE,RETINA,INE0NTC01019,M,45.70,45.70,42.50,43.90,43.00,24000,1048140.00,9
BSE,REXNORD,INE687C01012,XT,80.55,83.95,80.55,81.06,81.90,1362,111472.00,19
BSE,RFIL,INE1GM501015,M,38.00,38.00,37.25,37.25,38.00,18000,676100.00,9
BSE,RFL,INE239B01014,XT,155.00,162.75,150.00,150.00,155.00,52,7817.00,3
BSE,RFLL,INE018S01016,X,9.72,10.26,9.30,9.36,9.78,291282,2773289.00,217
BSE,RFSL,INE201C01012,X,24.66,24.66,23.05,23.06,23.50,505,11646.00,7
BSE,RGF,INE684D01025,XT,2.37,2.37,2.37,2.37,2.33,12998,30805.00,16
BSE,RGIL,INE364S01014,XT,267.15,267.15,267.15,267.15,261.95,106,28317.00,7
BSE,RGL,INE722H01024,B,120.25,121.30,118.10,118.80,120.70,8571,1020457.00,127
BSE,RGRL,INE601N01010,Z,1.44,1.44,1.37,1.42,1.42,7702,10694.00,49
BSE,RHETAN,INE0KKN01029,B,27.59,27.59,26.60,26.79,26.87,51522,1390590.00,192
BSE,RHFL,INE217K01011,Z,2.09,2.09,2.05,2.06,2.06,190907,393964.00,158
BSE,RHIM,INE743M01012,A,403.85,425.35,403.85,420.75,402.20,268300,111820058.00,4383
BSE,RHL,INE508K01013,B,180.00,180.00,173.95,173.95,176.10,150,26310.00,10
BSE,RIBATEX,INE811H01017,XT,84.45,84.45,79.00,79.88,82.12,3369,272290.00,39
BSE,RICHUNV,INE652D01014,XT,9.93,10.20,9.93,10.20,9.93,902,8958.00,7
BSE,RICOAUTO,INE209B01025,B,130.20,136.70,130.20,133.00,130.05,81354,10918816.00,676
BSE,RIDDHI,INE249D01019,XT,716.55,722.00,706.05,718.10,713.00,839,603578.00,30
BSE,RIDDHICORP,INE325X01015,X,59.30,60.95,58.05,59.00,59.27,860,50892.00,14
BSE,RIIL,INE046A01015,B,800.10,822.30,785.60,792.80,791.70,8310,6666774.00,599
BSE,RIIT,INE2PB023011,IF,116.51,117.00,115.87,115.94,115.52,16613,1933658.00,69
BSE,RIKHAV,INE0CFH01028,M,45.75,46.29,45.75,46.29,45.36,6400,294064.00,4
BSE,RIR,INE302D01024,B,160.00,162.75,157.00,159.55,159.40,148859,23805130.00,1770
BSE,RISAINTL,INE001O01029,X,0.46,0.46,0.46,0.46,0.46,20993,9656.00,35
BSE,RISHABH,INE0N2P01017,B,665.00,685.00,650.00,661.95,651.50,38419,25604585.00,1356
BSE,RISHDIGA,INE864D01015,X,30.00,37.00,30.00,35.50,32.21,168,5802.00,12
BSE,RISHILASE,INE988D01012,X,130.65,131.65,125.15,131.60,130.00,8342,1078408.00,40
BSE,RISHIROOP,INE582D01013,X,92.71,96.88,92.70,93.01,93.36,3821,358347.00,17
BSE,RISHITECH,INE989D01010,X,38.73,38.73,37.70,37.70,38.92,580,22069.00,4
BSE,RISHYRN,INE351D01013,XT,75.97,75.97,75.97,75.97,79.96,1,75.00,1
BSE,RITCO,INE01EG01016,B,257.40,259.00,254.25,257.75,254.85,858,220816.00,43
BSE,RITES,INE320J01015,A,224.10,227.70,222.40,226.40,222.95,218984,49422393.00,2073
BSE,RITESHIN,INE534D01014,X,62.31,65.65,62.30,63.67,63.55,1280,82555.00,34
BSE,RIYAASAT,INE0KYI01012,MT,59.40,59.40,59.40,59.40,62.50,7200,427680.00,5
BSE,RKDAGRRTL,INE552N01023,XT,5.91,5.91,5.91,5.91,5.93,2002,11831.00,3
BSE,RKDL,INE722J01012,B,17.56,19.79,17.56,18.83,18.99,333,6269.00,14
BSE,RKFORGE,INE399G01023,A,562.10,571.75,562.10,565.40,560.90,8624,4892692.00,412
BSE,RKSWAMY,INE0NQ801033,B,100.50,108.00,100.50,103.00,101.75,2362,244034.00,50
BSE,RLF,INE629C01014,X,9.50,9.50,9.25,9.35,9.60,198,1841.00,6
BSE,RMC,INE655V01019,B,306.60,310.75,300.30,301.00,308.15,4186,1281822.00,223
BSE,RMDRIP,INE219Y01026,B,18.46,19.60,18.46,19.26,18.89,111800,2134753.00,846
BSE,RML,INE050H01012,B,1302.40,1318.50,1285.50,1300.75,1277.35,2539,3309368.00,358
BSE,RNBDENIMS,INE012Q01039,B,10.60,10.60,10.04,10.13,10.18,33900,345187.00,155
BSE,RNITAI,INE335Q01026,XT,57.88,59.90,56.25,59.63,57.25,62858,3659020.00,225
BSE,ROADSTAR,INE0JEI23010,IF,58.00,58.00,58.00,58.00,58.00,275000,15950000.00,11
BSE,ROBU,INE0OLH01013,M,1122.35,1179.80,1122.35,1169.35,1122.35,7260,8317584.00,31
BSE,RODIUM,INE513E01024,X,198.80,198.80,170.95,177.00,177.00,336,58988.00,9
BSE,ROHLTD,INE283H01019,B,325.80,328.15,323.95,327.00,323.00,307,100170.00,26
BSE,ROJL,INE0BDU01028,B,1.70,1.70,1.64,1.64,1.65,12235,20322.00,36
BSE,ROLEXRINGS,INE645S01024,B,144.95,144.95,140.45,140.95,142.80,38058,5385067.00,373
BSE,ROLLT,INE927A01040,T,2.43,2.43,2.29,2.29,2.41,118676,272642.00,67
BSE,ROML,INE294G01026,B,45.40,45.40,45.40,45.40,44.80,1126,51120.00,28
BSE,ROOPAIND,INE443C01010,X,45.14,49.00,45.14,46.65,47.89,1225,57981.00,27
BSE,ROSELABS,INE475C01012,X,21.73,21.73,20.65,21.67,21.73,1106,23871.00,8
BSE,ROSEMER,INE649C01012,X,68.89,68.89,62.51,62.99,62.68,624,39308.00,13
BSE,ROSSARI,INE02A801020,B,520.00,532.00,506.00,525.70,517.80,2362,1248802.00,184
BSE,ROSSELLIND,INE847C01020,B,56.93,57.92,55.93,56.40,56.93,1685,94922.00,64
BSE,ROSSTECH,INE0OJW01016,B,1035.00,1035.00,999.25,1010.45,1008.70,3024,3055153.00,278
BSE,ROTO,INE535D01037,B,70.42,70.42,69.05,69.25,69.25,23030,1602781.00,354
BSE,ROUTE,INE450U01017,B,539.95,548.05,539.95,546.30,537.90,4457,2431894.00,535
BSE,ROYAL,INE0QQG01019,M,107.00,119.90,107.00,119.42,107.00,5500,631425.00,11
BSE,ROYALCU,INE618A01011,X,16.53,17.65,16.08,17.26,17.00,8744,142247.00,58
BSE,ROYALIND,INE510H01015,XT,6.11,6.14,5.83,5.88,6.03,18721,111241.00,90
BSE,RPEL,INE912T01018,B,1310.00,1310.00,1287.90,1294.40,1286.25,1655,2146138.00,132
BSE,RPGLIFE,INE105J01010,B,2626.00,2889.00,2607.65,2854.50,2658.00,10589,29592115.00,1483
BSE,RPOWER,INE614G01033,A,25.01,25.50,25.01,25.10,24.77,2277533,57504219.00,3357
BSE,RPPINFRA,INE324L01013,B,63.07,64.09,62.53,63.25,62.33,2838,179805.00,68
BSE,RPSGVENT,INE425Y01011,B,899.65,903.05,884.10,896.05,900.50,824,734680.00,87
BSE,RPTECH,INE0J1F01024,B,782.75,799.50,777.00,783.70,780.90,32631,25669369.00,1164
BSE,RRECL,INE0AK901016,X,170.70,186.90,170.65,183.50,179.60,5902,1041446.00,97
BSE,RRETAIL,INE786J01033,X,2.58,2.65,2.53,2.65,2.53,219458,571712.00,181
BSE,RRFIN,INE229D01011,XT,81.93,81.93,81.93,81.93,86.24,2302,188602.00,29
BSE,RRIL,INE951M01037,B,17.15,18.34,17.15,17.83,17.50,6583,116455.00,63
BSE,RRKABEL,INE777K01022,A,2224.35,2248.35,2215.00,2225.00,2205.90,115963,257532298.00,751
BSE,RRMETAL,INE117K01013,XT,56.24,56.24,56.24,56.24,55.14,52,2924.00,2
BSE,RSCINT,INE015F01019,XT,38.88,38.88,35.18,37.82,37.03,29454,1140915.00,55
BSE,RSL,INE313L01016,B,133.80,133.80,128.70,129.00,130.95,3459,447581.00,132
BSE,RSSOFTWARE,INE165B01029,T,33.14,34.48,33.14,34.20,33.81,5320,181624.00,23
BSE,RSWM,INE611A01016,T,195.00,202.85,195.00,199.65,193.70,744,148363.00,12
BSE,RSYSTEMS,INE411H01032,B,237.05,253.05,237.05,241.95,235.15,527379,129761864.00,1661
BSE,RTFL,INE840I01014,Z,46.13,46.13,46.13,46.13,48.55,1,46.00,1
BSE,RTNINDIA,INE834M01019,A,32.86,33.74,32.86,33.56,32.81,78193,2616831.00,624
BSE,RTNPOWER,INE399K01017,A,8.82,9.04,8.82,8.98,8.82,974431,8756846.00,2451
BSE,RTSPOWR,INE005C01017,X,102.05,106.00,102.00,103.55,103.70,1631,168310.00,35
BSE,RUBFILA,INE642C01025,B,77.95,78.44,74.93,75.43,77.86,2387,181642.00,93
BSE,RUBICON,INE506V01022,B,1408.20,1436.35,1385.40,1431.35,1406.20,7829,11072346.00,443
BSE,RUBYMILLS,INE301D01026,T,384.00,385.15,373.20,382.85,366.85,13808,5302492.00,241
BSE,RUCHINFRA,INE413B01023,B,5.98,6.01,5.80,5.81,5.80,6352,37369.00,46
BSE,RUCHIRA,INE803H01014,B,104.45,106.00,103.65,105.10,103.85,1032,108254.00,108
BSE,RUDRA,INE027T01023,T,17.20,17.43,17.20,17.40,17.12,2531,44038.00,10
BSE,RUDRAECO,INE723D01021,X,18.24,18.89,18.02,18.21,18.00,53412,983089.00,156
BSE,RUDRAGAS,INE0OYK01010,M,77.75,77.75,77.75,77.75,77.70,1000,77750.00,1
BSE,RUNGTAIR,INE347C01013,X,52.94,52.94,52.40,52.40,51.53,3,157.00,3
BSE,RUPA,INE895B01021,B,168.00,173.50,165.50,169.75,165.80,32423,5522878.00,584
BSE,RUSHIL,INE573K01025,B,16.50,16.50,16.07,16.11,16.05,6794,109759.00,61
BSE,RUSTOMJEE,INE263M01029,B,427.10,429.20,421.20,422.95,422.00,3017,1281305.00,126
BSE,RVHL,INE09E501017,B,45.68,45.68,44.77,45.12,44.75,19,854.00,3
BSE,RVNL,INE415G01027,A,226.35,236.75,226.35,232.80,226.25,650851,151280015.00,7160
BSE,S&SPOWER,INE902B01017,B,369.00,369.00,369.00,369.00,352.00,707,260883.00,42
BSE,SAATVIKGL,INE13B501022,B,460.95,465.05,444.95,448.85,454.15,11835,5324662.00,499
BSE,SAB,INE137M01017,XT,208.00,214.00,207.50,213.00,208.00,243,50596.00,8
BSE,SABEVENTS,INE860T01019,T,9.64,9.64,8.74,9.64,9.19,8759,84328.00,21
BSE,SABOOSOD,INE440C01016,X,12.13,12.75,12.13,12.24,12.27,36570,447944.00,150
BSE,SACHEMT,INE433G01020,X,3.83,3.93,3.83,3.84,3.86,33731,129679.00,92
BSE,SADBHAV,INE226H01026,B,8.27,8.45,8.16,8.36,8.32,6906,57493.00,59
BSE,SADBHIN,INE764L01010,T,2.71,2.78,2.71,2.74,2.74,3765,10369.00,29
BSE,SADHNANIQ,INE888C01040,T,2.69,2.76,2.69,2.73,2.72,363164,989247.00,80
BSE,SAFARI,INE429E01023,A,1629.65,1642.80,1625.75,1630.80,1621.15,2821,4595005.00,284
BSE,SAFECURE,INE0SVZ01015,M,23.25,24.99,23.25,24.99,24.95,4800,115776.00,4
BSE,SAFFRON,INE474D01013,X,31.00,31.00,29.00,30.25,28.88,1307,39927.00,14
BSE,SAGARSOFT,INE184B01012,X,69.50,70.90,69.50,70.37,65.00,1524,106799.00,12
BSE,SAGCEM,INE229C01021,B,180.10,181.00,176.00,179.60,180.10,4206,755368.00,151
BSE,SAGILITY,INE0W2G01015,A,41.15,42.84,41.08,42.50,40.76,3085328,130103110.00,6373
BSE,SAHARAHOUS,INE135C01012,X,39.72,41.49,39.70,41.43,40.13,755,30074.00,11
BSE,SAHLIBHFI,INE861D01011,B,80.10,80.99,77.20,79.50,79.41,17465,1374380.00,59
BSE,SAHYADRI,INE280H01015,B,277.15,278.50,273.50,275.60,275.00,594,164123.00,77
BSE,SAICAPI,INE531X01018,X,154.35,154.35,147.50,149.15,151.30,3675,555702.00,50
BSE,SAICOM,INE092G01024,X,0.22,0.23,0.22,0.23,0.22,27024,6083.00,27
BSE,SAIL,INE114A01011,A,168.30,172.35,167.15,168.05,165.85,482573,81861682.00,3507
BSE,SAILIFE,INE570L01029,A,1237.85,1286.20,1229.65,1264.15,1236.55,47620,60190774.00,3257
BSE,SAINIK,INE584B01013,X,39.10,39.10,39.10,39.10,38.00,1,39.00,1
BSE,SAIPARENT,INE0H9F01037,B,595.75,606.50,580.00,587.25,595.75,7225,4278022.00,303
BSE,SAKHTISUG,INE623A01011,B,16.65,16.96,16.63,16.91,16.72,2872,48075.00,43
BSE,SAKSOFT,INE667G01023,B,173.95,174.00,170.00,170.90,168.50,60272,10354279.00,494
BSE,SAKTHIFIN,INE302E01014,X,28.98,29.00,27.66,28.92,28.61,7216,207729.00,70
BSE,SAKUMA,INE190H01024,T,1.74,1.77,1.71,1.74,1.69,64937,112474.00,122
BSE,SALASAR,INE170V01027,B,6.11,6.19,6.10,6.18,6.13,324110,1994410.00,1214
BSE,SALAUTO,INE724G01014,X,180.00,185.00,176.50,183.00,187.00,497,89790.00,17
BSE,SALEM,INE894E01028,X,36.70,37.99,35.01,37.99,38.99,12,451.00,3
BSE,SALONA,INE498E01010,B,264.90,264.90,250.00,258.65,258.70,65,16571.00,19
BSE,SALSAIN,INE315N01017,XT,265.00,269.00,260.00,260.25,256.25,401,106782.00,24
BSE,SALSTEEL,INE658G01014,T,56.01,57.99,56.00,56.05,58.85,7651,430085.00,63
BSE,SALZERELEC,INE457F01013,B,605.25,626.75,605.25,613.60,606.15,2849,1754791.00,194
BSE,SAMBANDAM,INE304D01012,X,99.00,111.00,99.00,107.55,97.20,1003,107855.00,13
BSE,SAMBHAAV,INE699B01027,B,6.60,6.60,6.40,6.40,6.53,4101,26572.00,52
BSE,SAMBHV,INE12NJ01018,B,119.90,120.00,117.00,118.65,119.20,89824,10699977.00,556
BSE,SAMHI,INE08U801020,A,173.70,174.65,171.40,173.50,172.70,33034,5720902.00,457
BSE,SAMINDUS,INE653D01012,X,47.70,47.70,40.90,44.40,43.68,112,4914.00,15
BSE,SAMKRG,INE706B01012,X,122.90,122.90,119.10,119.45,119.00,268,32464.00,16
BSE,SAMMAANCAP,INE148I01020,A,162.75,167.90,162.75,166.40,161.10,461481,76719100.00,4654
BSE,SAMOR,INE0GD201014,B,94.00,94.00,87.91,87.91,92.53,3816,335556.00,14
BSE,SAMPANN,INE735M01018,B,28.00,28.69,27.50,28.02,27.82,3589,100315.00,42
BSE,SAMPAT,INE10XS01012,MT,36.88,36.88,35.00,35.40,35.28,24000,852144.00,18
BSE,SAMPRE,INE375C01022,X,6.21,6.37,5.84,5.84,6.14,293303,1740784.00,392
BSE,SAMRATPH,INE103E01016,XT,245.00,259.80,245.00,254.00,254.15,1256,314163.00,35
BSE,SAMSRITA,INE579N01018,X,13.44,13.46,12.51,13.06,12.82,42677,567000.00,50
BSE,SAMTELIN,INE538C01017,XT,56.34,57.46,56.34,57.46,56.34,16796,951997.00,19
BSE,SAMTEX,INE931D01020,X,1.51,1.53,1.44,1.47,1.51,11219,16708.00,40
BSE,SAMYAKINT,INE607G01011,X,15.86,15.98,14.95,15.14,15.48,23820,360449.00,48
BSE,SANATHAN,INE0JPD01013,B,488.00,488.00,440.00,451.40,445.00,698,315627.00,171
BSE,SANCTRN,INE391G01012,X,780.00,780.00,780.00,780.00,774.50,1,780.00,1
BSE,SANDESH,INE583B01015,B,998.00,998.00,998.00,998.00,991.85,5,4990.00,1
BSE,SANDHAR,INE278H01035,B,673.95,676.10,664.75,673.30,666.50,11230,7522685.00,379
BSE,SANDUMA,INE149K01016,B,204.70,209.90,202.50,203.50,203.90,67525,13929313.00,1162
BSE,SANDUPHQ,INE751D01014,X,41.02,41.47,40.67,41.00,40.57,1191,48813.00,16
BSE,SANGAMFIN,INE475D01010,X,42.00,42.00,38.66,38.66,42.54,13,512.00,2
BSE,SANGAMIND,INE495C01010,B,562.10,563.90,556.80,557.95,558.80,336,188485.00,37
BSE,SANGHVIMOV,INE989A01032,B,472.85,472.85,453.00,459.05,464.15,26218,12046740.00,443
BSE,SANINFRA,INE799C01049,XT,51.35,52.40,49.11,51.35,51.24,1748,87802.00,99
BSE,SANJIVIN,INE860D01013,X,143.05,147.45,143.05,144.00,143.05,5657,827752.00,82
BSE,SANOFI,INE058A01010,A,3356.35,3431.20,3341.00,3410.60,3355.45,888,3008307.00,276
BSE,SANOFICONR,INE0UOS01011,A,4559.00,4583.95,4516.35,4568.40,4508.40,212,963226.00,37
BSE,SANPA,INE384D01022,X,164.50,172.00,156.50,164.20,164.50,216,35568.00,5
BSE,SANSERA,INE953O01021,A,3148.95,3333.35,3148.95,3306.45,3138.40,8837,28736318.00,861
BSE,SANSTAR,INE08NE01025,B,113.15,114.90,112.60,113.20,113.45,14747,1672223.00,193
BSE,SANTETX,INE589J01015,X,131.00,147.95,131.00,131.20,131.00,117,15737.00,14
BSE,SANWARIA,INE890C01046,Z,0.49,0.49,0.49,0.49,0.49,213,104.00,3
BSE,SAPL,INE002E01010,X,3044.90,3044.90,2900.00,3025.00,2899.95,22,66683.00,11
BSE,SAPPHIRE,INE806T01020,A,182.20,183.20,181.05,182.70,181.65,9194,1676330.00,243
BSE,SAPPL,INE185C01017,B,296.65,306.90,296.65,304.10,295.20,568,170428.00,33
BSE,SARDAEN,INE385C01021,A,501.60,506.60,498.10,501.65,495.20,8527,4287836.00,308
BSE,SAREGAMA,INE979A01025,A,477.95,480.50,469.95,479.15,476.20,15046,7155397.00,491
BSE,SARLAPOLY,INE453D01025,B,103.58,103.68,101.54,103.00,102.20,1496,153309.00,49
BSE,SARTHAKGL,INE075H01019,XT,36.32,36.32,36.21,36.21,34.60,504,18304.00,3
BSE,SARTHAKIND,INE074H01012,X,25.00,25.80,25.00,25.70,25.43,253,6369.00,15
BSE,SARUPINDUS,INE305D01019,X,135.00,135.00,134.35,134.35,141.00,3,403.00,2
BSE,SARVESHWAR,INE324X01026,T,3.46,3.63,3.46,3.59,3.57,112350,402289.00,254
BSE,SARVOTTAM,INE822Q01015,X,21.98,21.98,19.60,19.72,20.99,847,16759.00,26
BSE,SASKEN,INE231F01020,B,1993.05,2058.15,1985.30,2058.15,1960.15,3465,7066794.00,295
BSE,SATCH,INE639K01016,XT,4.73,4.90,4.71,4.82,4.71,40933,197781.00,69
BSE,SATIA,INE170E01023,B,54.22,55.54,54.22,55.05,54.11,1069,58346.00,54
BSE,SATIN,INE836B01017,B,259.00,260.75,254.35,256.75,254.95,8199,2110701.00,160
BSE,SATTRIX,INE0QUV01010,M,339.00,356.00,338.30,354.35,342.20,12000,4202850.00,20
BSE,SATTVASUKU,INE280E01038,X,0.77,0.80,0.76,0.79,0.76,467683,368630.00,155
BSE,SAUMYA,INE563C01015,X,120.00,128.50,119.00,127.45,125.25,607,72436.00,25
BSE,SAURASHCEM,INE626A01014,B,54.98,56.00,54.48,55.44,54.84,9037,497387.00,108
BSE,SAVERA,INE104E01014,X,164.95,164.95,159.00,161.50,157.00,3374,538063.00,14
BSE,SAWACA,INE248B01023,X,0.30,0.31,0.29,0.30,0.29,1081242,321376.00,294
BSE,SAYAJIIND,INE327G01032,X,104.95,108.00,104.15,107.95,104.35,2372,253920.00,43
BSE,SBC,INE04AK01028,B,42.38,43.27,42.18,42.39,42.08,127620,5427185.00,291
BSE,SBCL,INE386D01027,B,736.85,749.60,728.40,746.50,726.55,107028,78722318.00,582
BSE,SBECSUG,INE948G01019,XT,67.30,68.68,65.24,66.01,68.67,6151,406915.00,60
BSE,SBECSYS,INE689V01018,X,20.00,20.00,19.22,19.81,20.00,278,5521.00,11
BSE,SBFC,INE423Y01016,A,92.28,93.22,90.58,91.88,91.00,5312592,488745039.00,1631
BSE,SBFL,INE363D01018,X,21.58,21.58,21.49,21.49,21.58,43,927.00,2
BSE,SBGLP,INE05ST01028,B,24.90,24.97,23.72,23.72,24.69,3003,74908.00,110
BSE,SBICARD,INE018E01016,A,590.60,614.15,590.55,611.65,588.10,63976,38854250.00,2050
BSE,SBILIFE,INE123W01016,A,1824.45,1866.30,1824.45,1863.15,1821.65,33937,62920274.00,2160
BSE,SBIN,INE062A01020,A,1028.95,1047.85,1023.85,1036.15,1021.65,401237,415002704.00,10140
BSE,SBLI,INE0DLM01024,MT,43.00,43.00,43.00,43.00,42.95,1200,51600.00,1
BSE,SBRANDS,INE204Y01010,MT,12.00,12.00,12.00,12.00,12.12,1000,12000.00,1
BSE,SBVCL,INE0RNZ01014,MT,104.75,105.00,102.70,105.00,105.85,1800,187470.00,3
BSE,SCAGRO,INE895E01017,X,26.45,28.28,25.00,27.38,27.37,103320,2720497.00,135
BSE,SCANPRO,INE393D01015,XT,108.00,114.70,108.00,109.25,109.25,2393,264508.00,9
BSE,SCANSTL,INE099G01011,B,43.89,50.50,42.80,47.47,42.60,274057,12813327.00,3208
BSE,SCBL,INE467X01023,XT,43.88,45.45,41.69,42.01,43.88,1046,44066.00,11
BSE,SCC,INE892C01018,X,11.85,11.85,11.21,11.85,11.80,521,6172.00,4
BSE,SCDL,INE0UMH01018,M,74.25,76.00,74.25,74.75,74.02,70400,5284128.00,16
BSE,SCHAEFFLER,INE513A01022,A,4045.80,4110.00,4045.80,4087.05,4046.70,1061,4335896.00,276
BSE,SCHAND,INE807K01035,B,148.20,149.00,148.20,148.90,148.20,1122,167110.00,136
BSE,SCHNEIDER,INE839M01018,A,1484.95,1484.95,1408.50,1414.40,1486.60,55174,78870132.00,3509
BSE,SCI,INE109A01011,A,279.95,286.50,279.90,284.90,277.45,144533,41056828.00,1713
BSE,SCILAL,INE0PB301013,B,42.50,43.13,42.50,42.78,42.41,6365,272741.00,113
BSE,SCODATUBES,INE090501011,B,148.00,151.30,146.90,148.65,148.80,16081,2396392.00,259
BSE,SCOOBEEDAY,INE962E01015,X,73.80,73.80,71.00,71.49,70.21,1823,131814.00,28
BSE,SCPL,INE501Y01019,B,479.10,498.65,479.10,492.85,491.35,1260,620100.00,103
BSE,SCTL,INE452S01025,X,0.49,0.50,0.48,0.49,0.50,183871,89545.00,159
BSE,SDBL,INE480C01038,B,67.90,68.00,67.17,67.42,67.17,32465,2192683.00,405
BSE,SDL,INE004E01016,X,38.11,38.11,36.00,36.02,36.30,256,9491.00,15
BSE,SEALMATIC,INE0O4601016,M,400.00,411.00,381.00,381.00,394.10,6660,2638899.00,35
BSE,SEAMECLTD,INE497B01018,B,1420.20,1454.65,1412.05,1425.25,1449.15,876,1258774.00,169
BSE,SEASONST,INE707B01010,X,16.42,16.90,15.56,16.50,16.34,1109,18545.00,12
BSE,SEATV,INE351L01016,X,3.11,3.11,3.02,3.02,3.11,61,187.00,3
BSE,SECMARK,INE0BTM01013,B,143.25,143.25,129.40,135.00,134.45,3,407.00,3
BSE,SECURKLOUD,INE650K01021,B,19.05,19.50,18.02,18.96,18.84,7981,150616.00,35
BSE,SEDEMAC,INE00XB01019,B,2821.50,2821.50,2731.85,2745.30,2804.50,6563,18065313.00,662
BSE,SEEMAX,INE1EVO01017,MT,92.00,92.00,92.00,92.00,96.80,4000,368000.00,3
BSE,SEIL,INE440T01028,B,223.00,227.00,218.00,220.15,221.20,180559,40300152.00,2433
BSE,SEJALLTD,INE955I01044,T,734.80,737.10,715.00,737.10,702.00,383,281406.00,14
BSE,SEKURITIND,INE068B01017,X,134.90,136.20,133.65,133.80,133.45,77494,10451036.00,734
BSE,SEL,INE367E01033,X,34.00,34.00,32.72,32.72,34.44,419,13719.00,11
BSE,SELECTRIC,INE155D01018,B,2028.00,2130.30,1968.70,2130.30,2028.90,88872,186972886.00,2603
BSE,SELMC,INE105I01020,B,28.97,29.26,28.27,28.34,28.26,715,20437.00,14
BSE,SEML,INE0KPY01017,MT,48.39,49.00,46.00,48.33,48.39,18375,856755.00,22
BSE,SENCO,INE602W01027,A,350.30,368.50,349.10,362.40,348.85,281886,102321053.00,6343
BSE,SENORES,INE0RB801010,B,1428.15,1459.85,1410.00,1415.95,1420.85,7360,10507928.00,593
BSE,SEPC,INE964H01014,B,6.46,6.63,6.46,6.57,6.46,840599,5515834.00,640
BSE,SERA,INE017I01027,X,41.74,41.74,39.60,40.87,40.59,25238,1024654.00,79
BSE,SESHACHAL,INE331F01028,X,62.57,62.57,62.57,62.57,65.86,627,39231.00,15
BSE,SESHAPAPER,INE630A01024,B,225.30,226.90,221.60,224.00,225.80,1851,416025.00,102
BSE,SETCO,INE878E01021,T,18.90,18.90,18.74,18.90,18.00,4528,85555.00,11
BSE,SETL,INE0M4D01010,B,281.40,289.80,274.55,289.80,276.00,77645,21921411.00,942
BSE,SETUINFRA,INE023M01027,Z,0.44,0.44,0.44,0.44,0.43,337,148.00,4
BSE,SEVL,INE0SC101013,M,40.00,40.00,39.03,39.50,38.84,6000,237516.00,5
BSE,SEYAIND,INE573R01012,T,13.05,13.05,13.00,13.00,12.80,1250,16258.00,5
BSE,SFL,INE916U01025,A,752.30,773.95,748.00,765.80,753.00,7813,5937921.00,402
BSE,SFPIL,INE716K01020,X,8.77,9.18,7.83,9.07,8.20,6927,61284.00,57
BSE,SGFIN,INE618R01015,B,657.70,677.20,633.20,638.25,656.65,27099,17693084.00,1104
BSE,SGFRL,INE07GA01011,M,94.10,95.00,94.10,95.00,95.05,1500,141825.00,2
BSE,SGIL,INE00QT01015,B,600.30,629.00,596.55,609.05,591.50,1376,837008.00,40
BSE,SGL,INE353H01010,B,9.82,10.75,9.70,10.20,9.82,32367,337439.00,93
BSE,SGLRES,INE967B01028,XT,2.75,2.75,2.75,2.75,2.80,41336,113674.00,23
BSE,SGMART,INE385F01024,B,660.45,679.30,654.00,657.10,663.50,16308,10861285.00,535
BSE,SGNTE,INE266C01023,X,0.52,0.53,0.52,0.52,0.53,34486,17958.00,26
BSE,SGRL,INE414Y01015,X,690.00,713.90,670.00,690.85,677.30,3405,2330946.00,173
BSE,SHADOWFAX,INE12UN01015,B,221.05,229.10,221.05,227.95,220.15,146424,33132416.00,2813
BSE,SHAH,INE482J01021,B,4.68,4.79,4.61,4.66,4.61,124842,582640.00,202
BSE,SHAHALLOYS,INE640C01011,B,75.00,75.00,73.30,73.30,74.00,180,13462.00,5
BSE,SHAHFOOD,INE455D01012,XT,309.90,309.90,309.90,309.90,295.15,229,70967.00,8
BSE,SHAHISHIP,INE825D01016,X,12.78,12.99,12.41,12.93,12.77,9153,116741.00,96
BSE,SHAHLON,INE052001026,X,27.00,28.50,26.01,27.92,27.00,51969,1447224.00,53
BSE,SHAILY,INE151G01028,A,2730.95,2786.90,2650.00,2769.45,2714.75,15124,41181940.00,1489
BSE,SHAKTIPR,INE794C01016,XT,15.78,17.44,15.78,17.44,16.61,1445369,24185157.00,3948
BSE,SHAKTIPUMP,INE908D01010,A,575.00,582.15,572.20,580.00,572.70,38390,22138922.00,956
BSE,SHALBY,INE597J01018,B,168.85,173.00,168.85,171.70,169.80,3548,607102.00,131
BSE,SHALIWIR,INE655D01025,X,21.45,22.98,20.34,22.50,21.45,20161,442470.00,173
BSE,SHALPAINTS,INE849C01026,B,49.00,51.64,49.00,51.47,50.52,6557,335649.00,64
BSE,SHALPRO,INE435E01020,X,0.29,0.29,0.29,0.29,0.28,2501636,725474.00,395
BSE,SHANGAR,INE118R01032,X,0.22,0.24,0.22,0.24,0.23,3253669,762424.00,228
BSE,SHANKARA,INE274V01019,T,132.30,132.30,128.60,130.90,129.10,1145,149641.00,16
BSE,SHANMUGA,INE0TD301017,M,40.45,48.50,40.39,46.20,40.45,70000,3089900.00,33
BSE,SHANTIGEAR,INE631A01022,B,442.10,445.65,439.90,443.85,443.55,647,286198.00,73
BSE,SHANTIGOLD,INE06ZD01017,B,216.25,218.35,211.25,212.05,214.40,39278,8395803.00,657
BSE,SHANTIGURU,INE892L01019,M,9.16,9.16,9.16,9.16,8.73,9000,82440.00,3
BSE,SHAQUAK,INE545N01019,X,1.20,1.22,1.20,1.22,1.29,168,204.00,7
BSE,SHARDACROP,INE221J01015,A,911.20,929.00,900.00,915.15,892.10,14200,13031984.00,742
BSE,SHARDAMOTR,INE597I01028,B,885.10,885.10,864.00,869.00,870.45,2481,2169387.00,211
BSE,SHARDUL,INE037B01020,B,28.10,33.72,28.04,33.72,28.10,20830,675563.00,528
BSE,SHAREINDIA,INE932X01026,B,177.95,184.50,176.30,179.20,178.85,229549,41210141.00,1895
BSE,SHARIKA,INE669Y01022,T,17.80,18.10,16.38,18.01,17.24,101260,1796063.00,136
BSE,SHARMEH,INE465H01012,X,106.00,106.00,97.00,100.44,107.95,557,55989.00,22
BSE,SHARPINV,INE909D01026,X,0.36,0.39,0.35,0.39,0.36,702192,265598.00,212
BSE,SHARPLINE,INE647W01014,X,10.23,10.95,10.23,10.36,10.28,1057,11265.00,13
BSE,SHARVAYA,INE0UJF01018,MT,100.95,100.95,100.95,100.95,97.35,600,60570.00,1
BSE,SHASHIJIT,INE700V01021,X,2.22,2.23,2.15,2.15,2.17,3582,7843.00,14
BSE,SHAWGELTIN,INE869A01010,X,499.50,518.95,498.00,515.05,490.40,14125,7219080.00,320
BSE,SHAYONAENG,INE0UCL01011,M,145.00,145.00,143.55,143.55,140.20,2000,288550.00,2
BSE,SHBAJRG,INE402H01015,B,196.00,196.00,173.15,183.50,196.95,6024,1107101.00,510
BSE,SHEKHAWATI,INE268L01046,T,13.75,14.25,13.75,14.00,14.40,352,4915.00,5
BSE,SHELTER,INE013V01011,M,25.75,27.40,25.75,27.06,25.75,30000,799770.00,10
BSE,SHEMAROO,INE363M01019,T,122.70,128.80,119.10,128.75,122.70,1300,160741.00,11
BSE,SHENTRA,INE0OUS01011,XT,113.65,113.65,113.65,113.65,111.45,300,34095.00,5
BSE,SHERVANI,INE011D01013,X,282.00,282.00,270.00,274.05,284.00,140,38482.00,20
BSE,SHESHAINDS,INE193R01019,X,18.45,18.45,18.45,18.45,18.65,210,3874.00,2
BSE,SHETR,INE278C01010,X,92.92,93.00,91.36,91.77,91.36,2087,192397.00,22
BSE,SHHARICH,INE065E01017,X,107.90,111.70,107.20,110.30,107.90,1565,169449.00,14
BSE,SHIKHAR,INE641B01011,X,11.48,11.48,10.40,11.32,10.94,548,5703.00,12
BSE,SHILCTECH,INE024F01011,B,4519.90,4519.95,4404.00,4487.30,4456.95,1639,7295626.00,427
BSE,SHILGRAVQ,INE960A01017,X,138.15,145.00,138.15,143.55,139.95,2294,329748.00,59
BSE,SHILINDORE,INE0MGS01014,X,1340.00,1340.00,1340.00,1340.00,1353.30,10,13400.00,2
BSE,SHILPAMED,INE790G01031,A,627.50,633.60,617.45,626.95,621.10,22049,13828815.00,634
BSE,SHINDL,INE220Z01013,B,153.20,159.00,149.00,158.70,152.45,73363,11242513.00,610
BSE,SHINEFASH,INE0BLY01023,MT,16.76,18.51,16.75,18.51,17.63,32000,557120.00,7
BSE,SHIPWAVES,INE0O9L01010,MT,3.45,3.54,3.38,3.52,3.44,110000,378900.00,9
BSE,SHISHIND,INE145Y01023,X,12.15,12.59,12.02,12.23,12.17,259799,3173468.00,278
BSE,SHIVA,INE728Q01014,XT,10.04,10.10,9.26,10.07,9.62,17189,172174.00,23
BSE,SHIVAAGRO,INE960E01019,X,39.74,41.01,39.50,39.73,39.74,2980,120412.00,42
BSE,SHIVACEM,INE555C01029,X,16.85,16.99,16.52,16.75,16.73,47028,788850.00,184
BSE,SHIVAGR,INE092H01014,X,24.30,25.88,23.62,24.73,25.80,566,13770.00,19
BSE,SHIVALIK,INE788J01021,T,220.55,226.00,218.55,221.95,226.90,2161,478574.00,29
BSE,SHIVAMAUTO,INE637H01024,T,19.55,19.55,19.55,19.55,19.94,5831,113996.00,7
BSE,SHIVAMILLS,INE644Y01017,T,58.00,58.00,58.00,58.00,60.50,180,10440.00,2
BSE,SHIVATEX,INE705C01020,B,174.95,174.95,152.95,152.95,155.20,41,6543.00,10
BSE,SHIVTEXCHEM,INE0YRO01015,MT,121.00,121.00,121.00,121.00,121.80,4800,580800.00,11
BSE,SHK,INE500L01026,B,132.85,132.90,130.55,130.95,130.20,18126,2387445.00,323
BSE,SHKARTP,INE538D01015,X,6.92,7.09,6.80,6.99,7.10,2042,14113.00,29
BSE,SHLOKKA,INE1EUB01016,MT,24.15,24.15,24.15,24.15,23.00,6000,144900.00,5
BSE,SHOPERSTOP,INE498B01024,B,336.05,386.00,336.05,366.80,337.90,113583,42087711.00,2162
BSE,SHPLPUNE,INE07G501017,X,850.00,850.00,800.15,839.30,831.10,53,44889.00,5
BSE,SHRAAITECH,INE489B01031,X,25.99,25.99,23.90,25.35,25.50,22316,560140.00,223
BSE,SHRADDHA,INE311M01018,X,148.55,148.55,140.95,146.15,144.70,8316,1191222.00,93
BSE,SHRAJOI,INE418K01015,X,22.08,22.08,22.08,22.08,22.08,97,2141.00,2
BSE,SHRAJSYNQ,INE796C01011,XT,14.54,14.54,14.54,14.54,15.30,1316,19134.00,4
BSE,SHREDIGCEM,INE232A01011,B,75.40,75.40,74.30,74.96,73.64,6106,456619.00,115
BSE,SHREE,INE0QIS01011,M,55.45,55.45,51.85,52.20,54.95,2500,131825.00,5
BSE,SHREECEM,INE070A01015,A,26706.65,26800.00,26440.90,26575.15,26304.65,505,13452337.00,239
BSE,SHREEGANES,INE051N01026,X,0.55,0.55,0.53,0.54,0.54,517821,279485.00,221
BSE,SHREEJISPG,INE1B6101010,B,515.05,553.25,515.05,551.15,524.05,19523,10629672.00,403
BSE,SHREEPAC,INE847D01010,X,143.00,155.00,141.00,152.05,139.25,7265,1082609.00,257
BSE,SHREEPUSHK,INE712K01011,B,470.60,470.60,425.40,428.00,431.05,7722,3428335.00,282
BSE,SHREERAMA,INE879A01019,B,43.70,44.00,42.51,43.38,43.59,1919,83009.00,119
BSE,SHREEREF,INE0FMZ01045,M,348.50,352.00,334.35,338.85,346.50,161500,55382250.00,282
BSE,SHREESEC,INE397C01026,Z,0.21,0.21,0.20,0.20,0.21,185398,37725.00,93
BSE,SHREMETAL,INE914B01012,X,37.69,37.99,35.60,37.09,37.87,1336,49107.00,43
BSE,SHREYANIND,INE231C01019,B,139.00,139.00,135.10,138.40,139.90,816,111078.00,15
BSE,SHREYASI,INE115F01017,X,6.03,6.18,5.70,5.76,6.02,3402,20063.00,29
BSE,SHRICON,INE753D01010,XT,198.00,199.50,180.50,180.50,190.00,55,10856.00,5
BSE,SHRIDINE,INE204C01024,XT,348.60,348.60,340.00,347.75,341.75,73,25026.00,9
BSE,SHRIGANG,INE241V01018,X,66.51,67.95,65.30,66.69,66.50,27922,1865380.00,123
BSE,SHRIKRISH,INE997I01012,B,43.00,46.03,40.77,42.72,42.85,23424,995426.00,129
BSE,SHRINGARMS,INE1B3L01017,B,230.50,233.00,227.45,229.85,230.95,20424,4704397.00,188
BSE,SHRINIWAS,INE201F01015,X,12.64,12.64,11.49,12.35,12.09,9656,115390.00,25
BSE,SHRIPISTON,INE526E01018,A,4251.80,4276.70,4153.50,4189.05,4251.80,2943,12353682.00,567
BSE,SHRIRAMFIN,INE721A01047,A,1050.00,1052.00,1039.55,1044.40,1032.60,171875,179671204.00,7723
BSE,SHRIRAMPPS,INE217L01019,B,90.00,90.89,88.72,89.91,88.22,40210,3603146.00,405
BSE,SHRISTI,INE472C01027,X,30.50,30.50,29.50,29.50,28.65,43,1289.00,4
BSE,SHRJAGP,INE564J01026,X,585.10,609.00,585.10,604.00,590.40,1227,736484.00,44
BSE,SHRYDUS,INE488C01015,XT,4.50,4.65,4.50,4.62,4.55,52609,241381.00,118
BSE,SHTL,INE0D8001018,MT,87.58,87.58,87.58,87.58,88.02,1200,105096.00,1
BSE,SHUBHAM,INE01J501010,X,43.00,43.49,42.11,43.28,41.72,4109,177210.00,42
BSE,SHUKRAPHAR,INE551C01044,B,35.35,35.74,33.80,34.45,34.46,226394,7888291.00,1404
BSE,SHVFL,INE981C01019,X,25.90,25.90,25.90,25.90,26.87,4,103.00,1
BSE,SHYAMACOMP,INE861E01019,P,3.05,3.05,3.05,3.05,3.21,300,915.00,3
BSE,SHYAMCENT,INE979R01011,T,5.87,5.87,5.69,5.87,5.71,489,2811.00,21
BSE,SHYAMMETL,INE810G01011,A,959.00,978.25,951.90,973.20,945.80,7376,7156418.00,381
BSE,SHYAMTEL,INE635A01023,T,17.53,17.53,17.53,17.53,17.88,156,2734.00,3
BSE,SHYMINV,INE203N01015,X,12.23,12.34,11.49,12.33,12.06,7675,91072.00,52
BSE,SIBARAUT,INE441C01014,X,8.25,8.25,7.75,8.12,8.18,4581,36962.00,24
BSE,SICAGEN,INE176J01011,B,53.02,53.02,52.50,52.75,52.18,480,25374.00,37
BSE,SICALLOG,INE075B01020,B,91.01,91.18,89.00,91.18,90.00,303,27080.00,17
BSE,SICAPIT,INE417F01017,X,20.00,20.16,18.36,20.16,19.20,5590,111382.00,23
BSE,SIDDHA,INE140C01012,X,4.70,4.81,4.70,4.70,4.70,176,839.00,9
BSE,SIEL,INE843L01012,X,29.05,32.90,27.25,32.10,30.87,339,10338.00,8
BSE,SIEMENS,INE003A01024,A,3505.80,3540.00,3485.95,3503.15,3476.05,11363,39903659.00,1502
BSE,SIGACHI,INE0D0K01022,T,22.62,22.62,22.62,22.62,22.18,852,19272.00,5
BSE,SIGIND,INE529F01035,B,54.00,54.00,47.00,48.22,46.98,1714,83135.00,35
BSE,SIGMA,INE0A0S01028,B,41.00,41.00,37.90,38.73,38.54,2214,87420.00,97
BSE,SIGMAADV,INE933B01012,B,584.75,584.75,559.10,582.90,556.95,178845,103974924.00,2372
BSE,SIGNATURE,INE903U01023,A,814.80,858.90,801.55,848.90,808.20,25033,20899043.00,788
BSE,SIGNPOST,INE0KGZ01021,B,320.40,326.60,313.35,318.20,320.35,18774,5981729.00,514
BSE,SIIL,INE400R01018,X,12.40,12.40,11.09,11.34,10.87,27116,317493.00,125
BSE,SIKA,INE438E01032,B,1206.75,1278.00,1191.35,1204.90,1216.75,23219,28783729.00,1484
BSE,SIL,INE173A01025,B,16.45,16.77,16.20,16.38,16.01,2771,45538.00,17
BSE,SILINV,INE923A01015,B,417.40,417.40,417.40,417.40,415.45,2,834.00,2
BSE,SILL,INE147701010,MT,101.01,101.01,97.00,97.76,96.20,73600,7335952.00,39
BSE,SILVERO,INE798C01017,Z,5.90,5.90,5.61,5.70,5.90,2845,16251.00,19
BSE,SILVERTUC,INE625X01026,B,185.00,191.00,178.00,179.65,187.35,127384,22999272.00,1139
BSE,SILVOAK,INE870J01019,X,76.61,78.00,76.00,76.00,75.86,259,19862.00,17
BSE,SIMANDHAR,INE0VI201010,XT,124.90,124.90,118.05,118.05,124.25,102,12454.00,8
BSE,SIMBHALS,INE748T01016,Z,6.94,7.13,6.70,7.13,6.80,1813,12410.00,6
BSE,SIMMOND,INE657D01021,XT,188.00,189.00,176.10,181.95,184.45,2014,362058.00,50
BSE,SIMPLEXCAS,INE658D01011,X,526.80,532.00,515.00,519.15,518.75,5680,2967050.00,383
BSE,SIMPLEXINF,INE059B01024,B,269.75,275.00,267.15,271.30,267.80,7556,2065561.00,180
BSE,SIMPLXPAP,INE456H01029,X,1312.50,1312.50,1312.50,1312.50,1250.00,6,7875.00,3
BSE,SIMPLXREA,INE167H01014,X,126.50,126.50,126.40,126.50,133.05,15,1897.00,3
BSE,SIMRAN,INE354D01017,X,153.65,157.55,148.10,150.60,153.55,1929,296013.00,43
BSE,SINCLAIR,INE985A01022,B,75.25,76.00,74.95,75.15,75.10,944,71188.00,30
BSE,SINDHUTRAD,INE325D01025,B,25.58,27.42,25.20,26.23,25.63,106679,2850007.00,340
BSE,SINGERIND,INE638A01035,B,68.40,69.95,67.80,68.31,67.73,7452,511643.00,136
BSE,SINNAR,INE896E01023,XT,798.50,837.00,759.05,837.00,799.00,49,38587.00,7
BSE,SIPL,INE413C01013,X,16.01,16.01,16.01,16.01,16.00,112,1793.00,8
BSE,SIRCA,INE792Z01011,B,398.55,408.00,392.95,393.15,392.40,16440,6606280.00,446
BSE,SIS,INE285J01028,B,438.85,444.00,433.05,435.40,438.05,8865,3897755.00,405
BSE,SITAENT,INE579D01019,X,161.80,163.90,143.10,147.45,159.55,6256,941451.00,115
BSE,SITINET,INE965H01011,Z,0.49,0.49,0.49,0.49,0.49,5250,2572.00,8
BSE,SIYARAM,INE0QSK01017,MT,42.90,43.00,42.00,42.50,42.20,34500,1465860.00,23
BSE,SIYSIL,INE076B01028,B,642.60,647.00,632.25,645.60,634.50,2823,1816707.00,193
BSE,SIZEMASTER,INE235U01012,XT,351.70,351.70,344.75,344.75,351.70,86,29684.00,12
BSE,SJCORP,INE312B01027,XT,148.30,148.30,134.20,148.30,141.25,5238,764189.00,51
BSE,SJS,INE284S01014,A,2200.00,2229.85,2168.65,2178.15,2198.85,2485,5469478.00,263
BSE,SJVN,INE002L01015,A,70.16,71.29,70.16,70.89,70.09,226734,16092893.00,1910
BSE,SKCIL,INE260E01014,X,118.15,122.00,118.00,119.50,117.45,1012,120689.00,80
BSE,SKFINDIA,INE640A01023,A,1577.40,1582.60,1552.45,1572.00,1554.00,70919,110308836.00,256
BSE,SKFINDUS,INE2J8701016,B,2915.90,2915.90,2778.05,2836.95,2842.20,2136,6012999.00,402
BSE,SKIPPER,INE439E01022,A,550.00,554.35,545.00,546.10,547.75,9037,4973727.00,283
BSE,SKM,INE13YH01017,MT,405.00,411.60,398.50,411.60,392.00,29000,11772150.00,29
BSE,SKMEGGPROD,INE411D01023,B,320.00,325.15,317.00,321.35,314.95,20454,6574302.00,786
BSE,SKPMIL,INE970C01012,XT,102.00,102.00,99.75,99.75,105.00,22,2240.00,3
BSE,SKPSEC,INE709B01016,X,117.00,117.00,108.50,111.00,112.50,531,59277.00,27
BSE,SKYGOLD,INE01IU01018,A,624.00,638.45,611.90,624.05,623.30,89974,56490343.00,2701
BSE,SKYIND,INE765B01018,X,90.00,90.90,88.64,89.73,89.20,2698,240792.00,34
BSE,SKYLMILAR,INE178E01026,X,15.25,15.65,15.25,15.65,15.03,1009,15616.00,5
BSE,SLSTLQ,INE456D01010,X,32.30,33.90,32.30,33.90,34.00,501,16183.00,4
BSE,SMARTFIN,INE766D01020,X,7.94,8.38,7.93,8.12,8.06,2458,19834.00,38
BSE,SMARTLINK,INE178C01020,T,188.00,189.00,183.50,188.40,180.00,5452,1028357.00,76
BSE,SMARTWORKS,INE0NAZ01010,B,463.00,473.65,462.80,467.90,456.75,1511,705151.00,103
BSE,SMCGLOBAL,INE103C01036,B,71.84,75.90,70.82,74.98,70.41,44776,3303287.00,418
BSE,SMFIL,INE728B01032,XT,9.49,9.49,9.49,9.49,9.31,17982,170649.00,30
BSE,SMGOLD,INE00Q901014,B,12.27,12.38,11.90,12.20,12.01,3899,47503.00,53
BSE,SML,INE848R01018,XT,69.85,69.85,69.85,69.85,70.20,1,69.00,1
BSE,SMLMAH,INE294B01019,B,4120.00,4189.00,4103.00,4154.95,4042.20,18183,75587512.00,918
BSE,SMLT,INE017W01010,B,68.65,68.80,67.60,67.60,67.50,970,66143.00,23
BSE,SMR,INE11XK01017,M,94.00,94.00,85.95,92.00,92.85,10000,898000.00,9
BSE,SMRUTHIORG,INE172E01011,X,122.50,123.70,120.85,122.20,121.85,1798,219421.00,25
BSE,SMSPHARMA,INE812G01025,B,413.25,413.25,400.00,402.70,406.10,17126,6884560.00,766
BSE,SMTEL,INE673E01018,XT,417.90,420.05,417.90,418.10,439.85,304,127225.00,17
BSE,SNL,INE568F01017,X,384.40,388.75,378.15,380.65,384.50,2060,782457.00,38
BSE,SNOWMAN,INE734N01019,B,34.81,36.83,34.81,36.20,35.86,24254,884426.00,157
BSE,SOBHA,INE671H01015,A,1484.05,1524.50,1455.00,1510.05,1469.40,17804,26625497.00,951
BSE,SOBME,INE754D01018,X,904.95,904.95,861.10,898.75,887.50,170,151032.00,25
BSE,SODHACAP,INE0QU501030,M,54.00,57.72,54.00,54.51,48.10,20000,1138500.00,10
BSE,SOFCOM,INE499Q01012,XT,19.98,19.98,19.41,19.78,19.98,91599,1800231.00,75
BSE,SOFTRAKV,INE562E01021,XT,1.70,1.70,1.62,1.69,1.70,22577,36664.00,48
BSE,SOLARA,INE624Z01016,B,565.95,600.00,547.00,569.95,567.90,45224,26079747.00,1979
BSE,SOLARINDS,INE343H01029,A,17499.85,18279.85,17261.40,18236.80,17377.75,12522,224483140.00,2542
BSE,SOLARIUM,INE0W0H01017,M,178.20,182.00,176.00,179.20,178.45,13500,2413785.00,45
BSE,SOLARWORLD,INE0TY101024,B,208.00,212.00,206.95,209.80,207.10,15436,3238766.00,216
BSE,SOLIDSTON,INE584G01012,X,25.49,25.49,24.07,24.64,24.64,146,3567.00,14
BSE,SOLIMAC,INE410A01013,X,89.00,90.45,87.00,90.01,88.00,6700,590176.00,26
BSE,SOLVEX,INE1IIQ01028,MT,24.30,24.30,24.28,24.28,24.77,3200,77728.00,2
BSE,SOMANYCERA,INE355A01028,B,517.90,528.50,514.60,518.40,509.30,6393,3335921.00,474
BSE,SOMATEX,INE314C01013,B,111.00,118.41,110.20,115.60,111.22,15815,1798725.00,309
BSE,SOMICONVEY,INE323J01019,B,97.30,102.50,97.30,98.75,98.80,5067,508888.00,173
BSE,SONACOMS,INE073K01018,A,677.90,682.20,662.20,668.00,670.50,47842,32197365.00,2016
BSE,SONALAD,INE344I01017,X,46.53,48.00,46.53,48.00,47.00,190,9014.00,6
BSE,SONALIS,INE0N5O01013,M,38.61,39.94,38.60,39.30,38.53,16000,628720.00,8
BSE,SONATSOFTW,INE269A01021,A,280.35,289.85,279.20,285.05,275.95,151125,43151257.00,2818
BSE,SOTL,INE035D01020,B,582.05,620.00,577.50,606.90,582.05,44738,27196080.00,1331
BSE,SOURCEIND,INE695C01015,XT,24.10,24.10,24.10,24.10,23.63,10,241.00,1
BSE,SOURCENTRL,INE679C01027,X,118.95,118.95,111.15,111.30,114.70,2608,292187.00,34
BSE,SOUTHBANK,INE683A01023,A,44.65,46.28,44.50,45.78,44.25,2260392,102795863.00,6447
BSE,SOUTHERNIN,INE298B01010,X,23.15,23.15,22.04,23.05,22.61,1243,28461.00,15
BSE,SOUTHMG,INE308N01012,X,79.00,79.00,71.33,73.75,71.70,834,62350.00,12
BSE,SOUTHWEST,INE980Y01015,B,235.40,235.40,225.70,226.50,230.15,10626,2436526.00,295
BSE,SOUTLAT,INE410M01018,XT,34.18,34.18,34.18,34.18,35.97,83,2836.00,2
BSE,SOVERDIA,INE959D01013,X,20.82,21.65,20.82,21.00,20.62,1629,34712.00,19
BSE,SPACEINCUBA,INE797Z01028,XT,0.18,0.18,0.18,0.18,0.18,62293,11212.00,66
BSE,SPAL,INE212I01016,B,1185.10,1186.45,1150.20,1164.75,1176.35,6632,7729057.00,394
BSE,SPANDANA,INE572J01011,B,307.40,309.20,304.70,305.40,303.25,10648,3271540.00,312
BSE,SPAR,INE960B01015,XT,4.51,4.87,4.51,4.87,4.64,7558,36801.00,25
BSE,SPARC,INE232I01014,B,279.95,280.60,258.85,264.60,277.40,241273,64658257.00,4035
BSE,SPARKLEGR,INE618F01010,X,68.00,68.00,62.53,64.88,66.20,1107,72529.00,32
BSE,SPCAPIT,INE102F01015,X,52.14,52.14,52.13,52.13,52.14,82,4275.00,4
BSE,SPECFOOD,INE547C01018,XT,17.16,17.16,15.54,15.88,16.35,31205,495090.00,110
BSE,SPECIALITY,INE247M01014,B,126.70,126.75,121.60,122.15,126.65,681,85241.00,32
BSE,SPECTRA,INE848B01012,Z,3.90,3.90,3.90,3.90,3.83,5,19.00,1
BSE,SPECTRUM,INE01EO01010,B,1919.00,1945.60,1900.00,1920.65,1909.25,496,954414.00,82
BSE,SPELS,INE252A01019,X,158.10,164.00,156.60,158.25,158.95,57915,9212343.00,1240
BSE,SPENCERS,INE020801028,B,33.55,35.78,33.55,34.95,34.87,1426,50119.00,150
BSE,SPENTA,INE175C01018,X,103.06,103.10,103.05,103.10,102.80,30,3091.00,3
BSE,SPIC,INE147A01011,B,67.25,68.46,67.25,68.24,67.03,20208,1371968.00,294
BSE,SPICEISLIN,INE882D01017,XT,509.00,509.00,485.00,498.20,502.80,10608,5290224.00,283
BSE,SPICEJET,INE285B01017,A,11.45,11.49,11.34,11.39,11.30,1998576,22791600.00,2919
BSE,SPICELOUNG,INE631E01024,B,24.54,25.37,23.71,24.40,24.67,34164,836625.00,368
BSE,SPITZE,INE0JSJ01014,M,58.00,58.00,56.00,56.00,58.00,8000,450460.00,8
BSE,SPLIL,INE978G01016,B,31.45,32.00,30.10,31.09,31.50,1224,37615.00,53
BSE,SPLPETRO,INE663A01033,A,725.50,736.00,724.55,734.25,722.20,1553,1135007.00,117
BSE,SPML,INE0R0M01014,MT,183.00,183.50,183.00,183.50,184.00,2000,366500.00,2
BSE,SPMLINFRA,INE937A01023,B,194.50,194.90,191.45,193.05,189.85,18520,3572562.00,395
BSE,SPORTKING,INE885H01029,B,184.95,188.55,182.00,182.85,182.90,12042,2227083.00,270
BSE,SPRAYKING,INE537U01037,B,1.27,1.29,1.26,1.28,1.27,154787,197737.00,201
BSE,SPRIGHT,INE179O01031,XT,0.47,0.48,0.46,0.47,0.48,4042201,1893742.00,1051
BSE,SPSL,INE318K01025,X,16.44,16.44,16.44,16.44,15.93,2000,32880.00,4
BSE,SPTRSHI,INE233P01017,X,28.00,28.00,26.60,26.60,28.00,952,25615.00,14
BSE,SRAMSET,INE777G01012,X,285.50,295.00,271.15,290.70,280.25,6892,1953222.00,115
BSE,SRD,INE01NE01012,B,38.55,41.88,38.51,40.59,39.49,18827,763516.00,140
BSE,SRECR,INE377C01010,P,30.90,30.90,30.90,30.90,32.51,200,6180.00,2
BSE,SREEL,INE099F01013,B,213.85,213.85,210.00,210.45,210.30,48,10169.00,8
BSE,SRESTHA,INE606K01049,XT,0.28,0.29,0.28,0.28,0.29,2288874,648663.00,506
BSE,SRF,INE647A01010,A,2799.15,2799.15,2766.00,2774.85,2751.45,107089,298132083.00,669
BSE,SRHHYPOLTD,INE917H01012,B,501.20,504.50,492.70,493.80,493.45,449,221749.00,27
BSE,SRICC,INE827D01020,X,37.59,39.87,36.00,38.80,37.41,1375,52540.00,14
BSE,SRIGEE,INE0RJ901010,M,85.56,85.56,83.00,83.00,85.56,3600,304944.00,3
BSE,SRIKPRIND,INE009C01019,X,21.39,21.39,20.79,21.19,20.01,1328,28159.00,18
BSE,SRINACHA,INE443E01016,X,28.50,29.35,28.50,29.35,28.50,104,2967.00,2
BSE,SRM,INE0R6Z01013,B,485.95,503.80,478.00,500.75,477.85,11845,5804252.00,327
BSE,SRMCL,INE306D01017,XT,54.00,54.00,52.80,53.91,53.84,1523,81546.00,15
BSE,SRMENERGY,INE173J01018,XT,24.76,24.76,22.42,22.42,23.59,16446,383577.00,75
BSE,SRSOLTD,INE0MNV01014,MT,85.85,85.90,80.13,82.15,82.01,5600,459592.00,7
BSE,SRTL,INE19GK01015,B,40.00,40.15,39.36,39.63,39.75,2860,114098.00,72
BSE,SRUSTEELS,INE425C01017,XT,1.67,1.67,1.54,1.64,1.60,104038,166454.00,145
BSE,SSDL,INE0PQ101010,B,52.01,56.75,52.01,55.94,55.63,3035,169828.00,135
BSE,SSL,INE0LY301010,M,33.00,36.50,33.00,36.34,33.00,14400,508288.00,9
BSE,SSPDL,INE838C01011,X,16.85,17.43,16.85,16.98,16.85,1444,24566.00,16
BSE,SSTL,INE0JNA01014,M,19.95,19.95,19.00,19.00,19.00,10000,194750.00,2
BSE,SSWL,INE802C01033,B,242.95,247.05,241.60,245.95,240.00,39202,9551985.00,786
BSE,SSWRL,INE387D01025,X,23.51,27.00,23.51,27.00,23.40,26885,720668.00,57
BSE,STAL,INE0RGM01016,M,35.74,35.75,35.70,35.75,32.53,40800,1458504.00,10
BSE,STALLION,INE0RYC01010,B,184.70,212.40,184.70,204.85,182.05,826389,168678406.00,6093
BSE,STANCAP,INE625D01028,X,0.42,0.44,0.41,0.43,0.42,12337934,5222298.00,1304
BSE,STANLEY,INE01A001028,B,156.80,156.85,154.40,156.15,154.30,8905,1381244.00,255
BSE,STANPACK,INE457D01018,X,9.02,9.02,9.02,9.02,9.02,11,99.00,1
BSE,STANROS,INE441L01015,X,67.00,67.30,65.00,65.53,67.00,393,25765.00,13
BSE,STAR,INE939A01011,A,1093.50,1100.50,1051.60,1081.80,1073.85,80768,87301931.00,2212
BSE,STARCEMENT,INE460H01021,A,205.00,206.55,204.40,205.00,204.70,8637,1773952.00,138
BSE,STARDELTA,INE541K01014,X,628.90,628.90,602.05,609.80,602.65,1335,814986.00,87
BSE,STARHEALTH,INE575P01011,A,606.90,613.35,599.00,603.20,602.90,433750,262880959.00,1083
BSE,STARHFL,INE526R01028,XT,6.28,6.40,6.00,6.05,6.10,64231,399082.00,142
BSE,STARIMAGIN,INE0YG001013,MT,94.35,94.35,90.16,93.84,94.62,8000,739650.00,7
BSE,STARLENT,INE594W01042,T,10.84,11.25,10.52,11.15,10.84,369491,4080622.00,304
BSE,STARLOG,INE580C01019,X,40.00,40.00,37.07,37.39,38.20,762,29115.00,20
BSE,STARPAPER,INE733A01018,B,140.00,140.00,137.20,138.65,138.30,743,102094.00,29
BSE,STARSOURCE,INE320M01019,X,97.32,97.32,96.99,96.99,92.69,1731,168454.00,21
BSE,STARTECK,INE992I01013,B,283.00,285.00,282.90,285.00,282.25,3000,850365.00,10
BSE,STCINDIA,INE655A01013,B,124.90,125.80,122.10,122.25,121.90,3780,469675.00,77
BSE,STCORP,INE110Q01023,XT,3.91,4.15,3.91,3.94,4.06,6206,25467.00,26
BSE,STDBAT,INE502C01039,X,51.20,51.20,48.00,49.20,48.60,997,49039.00,40
BSE,STDSFAC,INE307D01015,X,52.89,52.89,50.29,52.00,52.94,157,8038.00,8
BSE,STEELCAS,INE124E01038,B,312.00,313.45,309.70,313.10,305.55,5341,1665874.00,197
BSE,STEELXIND,INE503B01021,B,12.30,12.40,11.97,12.02,12.14,174314,2119486.00,348
BSE,STEL,INE577L01016,B,565.30,568.40,558.00,564.95,562.75,91,51301.00,18
BSE,STELLANT,INE395F01023,XT,604.00,605.00,574.10,594.35,603.45,7733,4614092.00,228
BSE,STEP2COR,INE623D01015,X,21.93,22.49,21.93,21.93,21.50,139,3079.00,8
BSE,STERPOW,INE067E01013,XT,36.95,38.71,35.25,36.44,36.87,8062,296349.00,67
BSE,STERTOOLS,INE334A01023,T,233.30,245.00,233.30,240.75,239.80,3453,827468.00,109
BSE,STHINPA,INE088G01014,X,104.05,107.10,103.05,104.10,103.00,3871,404492.00,31
BSE,STL,INE402Y01028,B,8.30,8.82,8.30,8.71,8.39,49535,422348.00,207
BSE,STLNETWORK,INE1VXE01018,T,25.11,26.09,25.11,25.61,25.42,57304,1476591.00,262
BSE,STLSTRINF,INE205F01016,X,20.39,20.39,18.57,19.95,19.34,1481,29287.00,25
BSE,STLTECH,INE089C01029,T,554.00,554.00,531.65,541.80,551.25,48793,26436164.00,1349
BSE,STOVACQ,INE755D01015,X,1677.00,1725.00,1677.00,1700.05,1706.40,432,741417.00,73
BSE,STOVEKRAFT,INE00IN01015,B,808.75,818.95,790.00,797.95,798.65,7263,5830661.00,449
BSE,STRATMONT,INE473C01025,XT,57.50,60.19,57.33,58.95,57.33,807,47964.00,15
BSE,STUDDS,INE00Q601028,B,461.85,465.25,459.50,460.60,460.05,1319,610800.00,71
BSE,STYL,INE04VU01023,B,369.00,369.00,351.60,359.00,360.60,10168,3643815.00,341
BSE,STYLAMIND,INE239C01020,B,3188.35,3310.00,3183.85,3285.95,3143.05,1815,5921379.00,348
BSE,STYLEBAAZA,INE01FR01028,T,306.00,315.10,291.20,301.60,306.50,18736,5636246.00,214
BSE,STYRENIX,INE189B01011,A,2216.60,2301.00,2216.60,2272.35,2264.30,342,780201.00,87
BSE,SUBAM,INE0U6201010,M,220.00,220.00,213.00,214.50,218.65,8800,1912840.00,11
BSE,SUBEXLTD,INE754A01055,T,13.05,13.12,12.80,13.12,12.50,239503,3131584.00,241
BSE,SUBROS,INE287B01021,B,814.75,825.00,814.75,822.40,813.95,3222,2646729.00,177
BSE,SUCROSA,INE366G01022,X,10.39,11.00,10.39,10.73,10.38,125055,1340212.00,235
BSE,SUDAI,INE618D01015,X,36.76,37.84,36.38,37.54,36.75,378,13917.00,23
BSE,SUDARCOLOR,INE492A01029,B,350.80,374.20,350.80,368.30,355.50,864,317033.00,78
BSE,SUDARSCHEM,INE659A01023,A,940.70,1008.00,936.45,999.10,942.65,28605,27888613.00,1212
BSE,SUDARSHAN,INE00TV01023,MT,40.11,40.11,39.02,40.00,40.12,36000,1421520.00,7
BSE,SUDEEPPHRM,INE0QPI01025,B,808.00,833.00,808.00,823.40,802.90,11196,9237469.00,819
BSE,SUDTIND-B,INE691D01012,X,82.90,84.00,80.05,81.00,80.09,5254,428202.00,55
BSE,SUGALDAM,INE309D01011,X,60.00,60.20,60.00,60.20,60.00,417,25023.00,3
BSE,SUGSLLOYD,INE0XX801016,MT,150.70,151.35,147.00,149.35,144.15,131000,19715400.00,111
BSE,SUJALA,INE029H01016,X,16.40,16.40,15.71,16.05,15.83,30903,490906.00,106
BSE,SUKHJITS,INE450E01029,B,173.50,175.05,172.35,174.15,171.35,65,11337.00,12
BSE,SULA,INE142Q01026,A,150.70,150.70,149.10,149.95,149.65,16475,2470336.00,613
BSE,SULABEN,INE673M01029,X,2.92,3.03,2.90,2.95,2.89,18016,53204.00,55
BSE,SUMEDHA,INE886B01012,X,37.48,37.48,35.00,35.66,36.10,8774,309562.00,65
BSE,SUMEET-RE,INE235C20010,R,2.45,2.45,2.24,2.28,2.40,716444,1683779.00,267
BSE,SUMEETINDS,INE235C01036,B,31.97,32.10,31.40,31.75,31.75,59473,1887161.00,291
BSE,SUMERUIND,INE764B01029,X,1.62,1.62,1.55,1.60,1.57,30804,49810.00,21
BSE,SUMICHEM,INE258G01013,A,486.65,515.75,478.55,513.65,480.70,79362,39944641.00,1772
BSE,SUMMITSEC,INE519C01017,B,1537.00,1576.75,1537.00,1566.10,1537.90,228,353595.00,59
BSE,SUNCLAY,INE0Q3R01026,B,1331.00,1376.95,1320.90,1349.10,1318.95,40267,53597898.00,40
BSE,SUNDARAM,INE108E01023,B,1.26,1.32,1.25,1.28,1.26,99719,125940.00,128
BSE,SUNDARMFIN,INE660A01013,B,4621.25,4644.35,4549.25,4573.20,4615.10,1706,7831830.00,292
BSE,SUNDRMBRAK,INE073D01013,T,771.10,794.80,750.05,794.80,775.95,33,25302.00,7
BSE,SUNDRMFAST,INE387A01021,A,936.00,948.00,933.70,939.90,936.75,3334,3132364.00,188
BSE,SUNDROP,INE209A01019,B,639.95,642.00,623.25,627.40,647.85,1273,798736.00,91
BSE,SUNFLAG,INE947A01014,B,335.50,346.20,335.50,342.65,334.60,6968,2380520.00,222
BSE,SUNILAGR,INE224D01012,X,82.00,83.99,82.00,83.60,82.00,14,1151.00,4
BSE,SUNITATOOL,INE0Q1S01010,MT,817.80,817.80,817.80,817.80,801.80,2875,2351175.00,15
BSE,SUNLOC,INE671C01016,X,71.01,71.01,70.00,70.00,70.76,206,14523.00,6
BSE,SUNPHARMA,INE044A01036,A,1948.00,1953.75,1926.05,1935.25,1938.85,45628,88381223.00,4420
BSE,SUNRAJDI,INE459D01014,X,12.10,12.10,11.50,11.50,12.05,102,1181.00,5
BSE,SUNRAKSHAK,INE671K01027,X,322.65,325.00,320.00,320.95,322.20,5285,1700300.00,87
BSE,SUNRETAIL,INE206Z01020,M,0.30,0.30,0.30,0.30,0.30,288000,86400.00,6
BSE,SUNSHIEL,INE199E01014,X,1178.00,1210.00,1178.00,1203.45,1191.65,1442,1722626.00,113
BSE,SUNTECK,INE805D01034,A,319.25,332.00,319.25,327.45,319.20,15391,5047735.00,486
BSE,SUNTV,INE424H01027,A,505.00,506.45,497.65,499.85,499.05,4491,2259866.00,170
BSE,SUPER,INE091C01017,X,866.15,877.95,866.00,868.80,859.95,354,307078.00,23
BSE,SUPERBAK,INE897A01011,X,32.07,33.58,32.07,33.58,33.75,101,3240.00,2
BSE,SUPERHOUSE,INE712B01010,B,158.80,158.80,158.05,158.60,155.15,161,25483.00,4
BSE,SUPERIOR,INE574R01028,X,2.05,2.08,2.05,2.07,1.99,15352,31903.00,18
BSE,SUPERIRON,INE16IQ01014,MT,42.00,42.00,42.00,42.00,40.00,2400,100800.00,2
BSE,SUPERSPIN,INE662A01027,T,5.05,5.15,5.05,5.15,5.14,4782,24427.00,14
BSE,SUPERTEX,INE881B01054,X,5.55,6.20,5.55,5.55,6.13,11381,63267.00,18
BSE,SUPHA,INE549S01036,XT,0.31,0.31,0.31,0.31,0.32,1848568,573056.00,534
BSE,SUPRAJIT,INE399C01030,B,503.80,511.40,494.50,508.50,495.55,36350,18150588.00,541
BSE,SUPRAPFSL,INE268T01015,X,33.99,34.04,32.61,34.00,32.75,74273,2517312.00,690
BSE,SUPRATRE,INE533B01028,X,13.80,13.80,13.50,13.50,13.80,10,137.00,2
BSE,SUPREME,INE822E01011,B,47.15,48.00,46.38,47.46,47.18,975,45766.00,30
BSE,SUPREMEIND,INE195A01028,A,3249.95,3326.90,3230.00,3322.05,3222.35,61075,201673238.00,1111
BSE,SUPREMEINF,INE550H01011,B,83.53,83.53,80.30,80.74,83.53,2074,168042.00,54
BSE,SUPRIYA,INE07RO01027,A,881.00,881.00,851.45,853.85,875.35,14087,12139579.00,738
BSE,SUPTANERY,INE460D01038,X,6.87,7.10,6.82,7.05,6.95,21044,144922.00,99
BSE,SURAJ,INE069E01019,Z,226.05,236.75,220.00,230.65,230.00,4941,1129534.00,63
BSE,SURAJEST,INE843S01025,B,205.25,205.25,202.85,204.00,202.25,1171,239040.00,29
BSE,SURAKSHA,INE877V01027,B,262.55,265.25,261.10,264.25,263.35,1411,371907.00,162
BSE,SURANASOL,INE272L01022,B,25.01,25.97,25.01,25.71,25.60,5470,140311.00,90
BSE,SURANAT&P,INE130B01031,B,18.33,19.30,18.33,18.72,18.70,8475,159391.00,173
BSE,SURATRAML,INE936A01025,X,4.46,4.54,4.40,4.47,4.46,48931,217573.00,154
BSE,SURBHIN,INE899E01019,XT,65.99,66.00,61.30,62.33,64.51,5866,373415.00,106
BSE,SURFI,INE565E01016,X,18.75,18.75,17.83,18.00,18.75,496,8991.00,11
BSE,SURJIND,INE170U01011,XT,55.70,56.85,52.92,53.28,55.70,229,12417.00,35
BSE,SURYAAMBA,INE360J01011,X,120.00,124.90,115.60,115.60,120.00,195,23227.00,7
BSE,SURYALA,INE132C01027,B,457.00,465.00,442.85,447.35,459.00,308,139143.00,27
BSE,SURYALAXMI,INE713B01026,B,67.00,67.00,60.00,60.04,62.89,125,7624.00,15
BSE,SURYAROSNI,INE335A01020,A,257.25,262.05,255.30,257.55,255.20,19329,4997139.00,496
BSE,SURYODAY,INE428Q01011,B,178.50,185.50,178.35,184.30,177.10,34091,6209530.00,664
BSE,SUSAN,INE2L0V01019,M,227.90,231.00,222.00,223.45,225.30,93000,20963450.00,87
BSE,SUTLEJTEX,INE645H01027,T,37.17,38.40,37.17,38.40,37.17,361,13538.00,6
BSE,SUVEN,INE495B01038,B,348.50,370.70,339.80,358.20,346.20,206780,73468312.00,3335
BSE,SUVIDHAA,INE018401013,B,2.58,2.63,2.54,2.55,2.57,27050,69296.00,59
BSE,SUYOG,INE442P01014,B,882.90,882.90,865.05,871.05,875.40,1435,1254793.00,119
BSE,SUZLON,INE040H01021,A,54.17,54.44,53.77,53.92,53.64,2465659,133372230.00,6964
BSE,SVAMSOF,INE119B01018,X,5.82,6.20,5.81,5.95,5.91,3887,23087.00,25
BSE,SVARTCORP,INE895A01023,X,3.64,3.75,3.62,3.64,3.71,46356,170450.00,134
BSE,SVCIND,INE038B01010,X,2.11,2.20,2.11,2.14,2.14,7585,16363.00,41
BSE,SVGLOBAL,INE159L01013,X,139.95,139.95,130.10,131.15,136.15,2050,274450.00,73
BSE,SVJ,INE0JZS01010,M,215.00,226.85,213.30,218.10,224.50,9250,2012137.00,36
BSE,SVPGLOB,INE308E01029,T,3.85,3.99,3.80,3.99,3.99,2560,9781.00,17
BSE,SVRL,INE0HLJ01013,MT,360.00,360.00,360.00,360.00,360.15,1500,540000.00,2
BSE,SW1,INE948K01011,XT,160.00,160.55,160.00,160.55,152.95,1453,232779.00,16
BSE,SWADEIN,INE716M01034,XT,82.40,83.74,80.50,81.99,82.22,2096,171070.00,45
BSE,SWADHATURE,INE0P4R01017,XT,10.20,10.20,9.27,9.27,9.75,502,4655.00,3
BSE,SWADPOL,INE243N01029,X,36.24,37.50,36.24,36.80,36.24,3182,115909.00,25
BSE,SWAGTAM,INE150R01019,X,58.00,58.00,56.11,56.11,58.56,10,562.00,4
BSE,SWANAGRO,INE0GEN01012,M,47.70,47.70,45.00,46.30,45.70,6000,278000.00,3
BSE,SWANCORP,INE665A01038,A,318.00,322.00,317.95,319.45,317.25,21522,6882992.00,370
BSE,SWANDEF,INE542F01020,T,2169.80,2249.85,2141.00,2216.95,2155.65,987,2160944.00,99
BSE,SWARAJENG,INE277A01016,B,3765.00,3798.90,3757.75,3780.75,3726.75,543,2053145.00,81
BSE,SWARNSAR,INE967A01012,X,32.34,33.05,31.00,32.24,32.75,6390,204736.00,60
BSE,SWASTIKA,INE691C01022,X,62.89,62.89,61.25,62.01,62.95,1351,83557.00,31
BSE,SWASTIKAAL,INE0PTF01017,MT,80.00,82.50,78.28,79.28,82.40,12000,963120.00,6
BSE,SWASTIVI,INE804A01025,X,3.79,3.82,3.66,3.68,3.63,37611,140164.00,146
BSE,SWATIPRO,INE210F01016,X,31.01,32.15,31.01,31.98,31.74,1982,62716.00,36
BSE,SWELECTES,INE409B01013,B,645.80,660.70,637.00,649.90,635.70,1377,895089.00,129
BSE,SWIGGY,INE00H001014,A,284.55,284.55,271.15,273.10,280.90,1900114,522728605.00,10387
BSE,SWISSMLTRY,INE010C01025,X,15.34,15.83,15.30,15.37,15.58,76244,1179309.00,374
BSE,SWITCHTE,INE311D01017,XT,155.65,156.10,141.30,146.80,148.70,16279,2474547.00,142
BSE,SWOJAS,INE295B01016,XT,9.14,9.35,8.90,9.23,9.07,19582,178891.00,30
BSE,SWRNASE,INE595G01018,X,99.75,99.75,99.75,99.75,95.00,1,99.00,1
BSE,SWSOLAR,INE00M201021,A,231.75,239.00,231.75,236.55,230.10,157877,37297084.00,1722
BSE,SYLPH,INE706F01021,X,0.27,0.28,0.27,0.27,0.28,13515423,3657764.00,1160
BSE,SYMBIOX,INE653R01012,X,1.57,1.68,1.53,1.61,1.58,9205,15161.00,17
BSE,SYMPHONY,INE225D01027,B,696.00,730.00,696.00,720.45,697.25,20912,15063133.00,1253
BSE,SYNCOMF,INE312C01025,B,14.03,14.50,14.03,14.18,14.01,304563,4345351.00,1410
BSE,SYNGENE,INE398R01022,A,417.05,423.95,415.30,420.35,415.50,49877,20969735.00,5991
BSE,SYRMA,INE0DYJ01015,A,1448.45,1457.70,1412.85,1451.25,1441.70,103895,149044393.00,4653
BSE,SYSCHEM,INE121D01036,X,44.39,44.39,42.50,42.67,43.41,62423,2685234.00,141
BSE,SYSTEMATIC,INE1KLZ01011,MT,167.60,172.00,166.50,171.20,168.50,17400,2967240.00,19
BSE,SYSTMTXC,INE356B01024,T,65.20,65.20,62.30,65.00,62.10,638,41356.00,17
BSE,TAALTECH,INE524T01011,B,3868.30,3900.00,3823.80,3824.00,3867.60,186,717008.00,64
BSE,TAHMARENT,INE385D01029,XT,4.30,4.30,3.92,4.25,4.12,26151,105055.00,71
BSE,TAIIND,INE358D01018,XT,21.92,23.07,21.92,21.94,23.07,163,3574.00,4
BSE,TAINWALCHM,INE123C01018,B,197.80,197.80,192.10,193.95,209.00,59,11520.00,17
BSE,TAJGVK,INE586B01026,B,362.55,374.00,360.85,371.50,362.05,14952,5506231.00,514
BSE,TAKE,INE142I01023,T,22.26,22.98,22.26,22.56,23.43,58175,1305952.00,567
BSE,TALBROAUTO,INE187D01029,B,413.05,415.65,406.05,407.95,409.70,6952,2850160.00,294
BSE,TALBROSENG,INE717E01013,X,689.25,711.00,689.25,699.45,692.70,2663,1854214.00,76
BSE,TAMBOLIIN,INE864J01012,T,218.60,218.60,218.00,218.00,218.60,2930,638998.00,2
BSE,TANAA,INE692C01020,X,295.70,300.00,290.60,296.60,295.70,8829,2601426.00,289
BSE,TANDHANIN,INE896J01014,XT,154.75,154.75,154.60,154.60,151.75,733,113321.00,2
BSE,TANFACIND,INE639B01023,B,2410.00,2465.00,2410.00,2419.25,2375.85,31027,75293617.00,1287
BSE,TANLA,INE483C01032,A,522.30,553.80,522.30,550.60,521.35,45299,24742241.00,1371
BSE,TANVI,INE978V01015,M,60.00,60.05,60.00,60.05,60.00,10000,600250.00,10
BSE,TARAI,INE906C01016,Z,4.21,4.25,4.21,4.25,4.30,1020,4295.00,2
BSE,TARAPUR,INE747K01017,B,18.13,18.19,18.00,18.16,18.01,629,11411.00,19
BSE,TARC,INE0EK901012,B,124.95,125.15,123.20,124.05,124.25,33573,4164572.00,355
BSE,TARIL,INE763I01026,A,337.90,347.50,337.30,344.55,334.70,134128,46136150.00,1986
BSE,TARINI,INE849M01017,M,7.65,7.65,7.21,7.21,7.55,15000,111210.00,5
BSE,TARMAT,INE924H01018,B,48.86,51.48,48.00,49.80,48.85,2269,111328.00,35
BSE,TARSONS,INE144Z01023,B,288.55,309.45,288.55,304.55,288.20,17743,5375909.00,452
BSE,TASTYBITE,INE488B01017,B,8816.45,9165.00,8719.20,9076.15,8792.25,207,1865361.00,96
BSE,TATACAP,INE976I01016,A,355.55,363.95,355.55,360.45,356.85,150467,54238583.00,4753
BSE,TATACHEM,INE092A01019,A,714.85,729.80,714.85,720.00,714.70,39620,28701270.00,1709
BSE,TATACOMM,INE151A01013,A,1874.20,1902.05,1850.00,1856.05,1871.60,104524,194234677.00,1030
BSE,TATACONSUM,INE192A01025,A,1104.80,1117.20,1104.80,1111.90,1106.75,36032,40024483.00,1868
BSE,TATAELXSI,INE670A01012,A,3652.40,3734.70,3651.90,3691.55,3622.05,32871,121492607.00,5454
BSE,TATAINVEST,INE672A01026,A,687.90,699.00,687.90,693.35,685.75,73564,51102608.00,3102
BSE,TATAPOWER,INE245A01021,A,377.55,382.65,376.50,381.25,375.40,158969,60550753.00,3104
BSE,TATASTEEL,INE081A01020,A,189.95,193.25,189.00,191.15,187.80,807671,154619245.00,10359
BSE,TATATECH,INE142M01025,A,727.70,735.00,717.00,718.55,711.35,38418,27847133.00,1425
BSE,TATIAGLOB,INE083G01031,X,2.38,2.40,2.35,2.37,2.37,44516,105602.00,114
BSE,TATVA,INE0GK401011,B,1250.05,1334.35,1245.00,1322.00,1240.35,6817,8839890.00,815
BSE,TBOTEK,INE673O01025,A,1505.00,1513.75,1481.00,1504.35,1496.45,4879,7303541.00,299
BSE,TBZ,INE760L01018,B,236.00,241.00,224.00,228.85,231.95,134105,31355267.00,1873
BSE,TCC,INE887D01016,B,348.65,348.65,320.00,320.25,328.40,4860,1599775.00,148
BSE,TCFCFINQ,INE389D01013,X,26.64,26.69,25.47,26.07,25.33,1223,32528.00,204
BSE,TCI,INE688A01022,B,924.00,936.80,924.00,936.75,926.30,480,448085.00,67
BSE,TCIEXP,INE586V01016,B,560.55,576.90,543.05,559.40,553.80,19871,11047694.00,881
BSE,TCIFINANCE,INE911B01018,T,15.75,16.31,15.67,16.20,16.49,7915,126866.00,44
BSE,TCMLMTD,INE034F01010,X,43.58,44.00,43.25,43.90,43.25,209,9090.00,11
BSE,TCPLPACK,INE822C01015,B,2995.00,3027.40,2929.80,2996.95,2960.75,77,229386.00,30
BSE,TCS,INE467B01029,A,2109.95,2132.00,2064.80,2069.05,2047.75,459346,960665643.00,24616
BSE,TDPOWERSYS,INE419M01027,A,1116.40,1158.30,1108.00,1150.10,1089.75,160950,183301747.00,2339
BSE,TDSL,INE773Y01014,Z,4.13,4.33,4.13,4.33,4.13,6400,27566.00,10
BSE,TEAM24,INE601A01017,X,28.05,32.99,28.05,28.60,30.00,6830,200442.00,49
BSE,TEAMGTY,INE289C01025,B,255.95,255.95,232.05,234.00,228.80,205,47996.00,30
BSE,TEAMLEASE,INE985S01024,B,1395.00,1395.00,1368.60,1375.40,1381.70,36721,50815722.00,217
BSE,TECHKGREEN,INE0P4P01011,M,128.00,130.80,128.00,129.00,133.00,4400,570740.00,11
BSE,TECHM,INE669C01036,A,1448.75,1478.00,1445.60,1455.45,1424.25,54457,79436890.00,2583
BSE,TECHNOE,INE285K01026,A,1058.85,1064.90,1047.30,1049.60,1047.10,11233,11861357.00,631
BSE,TECHNOPACK,INE0MXP01015,M,13.50,14.50,13.00,14.50,13.50,20000,277000.00,5
BSE,TECHNVISN,INE314H01012,B,3600.05,3600.05,3599.95,3600.00,3561.20,62,223200.00,25
BSE,TECILCHEM,INE014B01011,B,10.09,11.47,9.33,10.35,10.58,215,2240.00,17
BSE,TEEAI,INE757D01011,X,118.90,124.95,118.10,122.75,118.35,196,23383.00,10
BSE,TEGA,INE011K01018,A,1680.70,1689.65,1661.00,1668.10,1657.80,1039,1743883.00,132
BSE,TEJASNET,INE010J01012,A,545.00,570.00,545.00,564.30,542.45,189857,105969922.00,3623
BSE,TEJASSVI,INE173E01019,XT,55.00,55.20,55.00,55.20,54.12,91483,5031855.00,39
BSE,TEJNAKSH,INE030T01027,X,14.59,14.59,13.88,14.57,14.23,3336,47189.00,41
BSE,TELECANOR,INE381G01013,X,25.99,25.99,23.98,23.98,25.24,33474,805017.00,73
BSE,TELGE,INE0SRP01014,MT,138.00,144.00,138.00,144.00,138.00,8400,1180860.00,7
BSE,TELOGICA,INE778I01024,XT,9.89,10.13,9.50,10.13,9.65,30529,296813.00,39
BSE,TENNIND,INE19RI01016,B,584.30,594.80,583.60,589.20,584.75,29692,17469882.00,1249
BSE,TERAI,INE390D01011,X,140.00,140.00,122.10,127.10,119.70,501,63507.00,24
BSE,TERASOFT,INE482B01010,B,379.80,399.35,378.35,399.35,380.35,9204,3658702.00,131
BSE,TEXELIN,INE594V01028,X,74.97,75.00,71.05,72.19,73.49,7607,557536.00,117
BSE,TEXINFRA,INE435C01024,B,115.40,115.40,113.55,114.40,114.85,10520,1203007.00,149
BSE,TEXMOPIPES,INE141K01013,B,43.00,44.72,43.00,44.46,43.46,1807,79341.00,196
BSE,TEXRAIL,INE621L01012,A,114.40,116.70,113.80,116.45,113.70,71210,8245276.00,814
BSE,TFCILTD,INE305A01023,B,75.17,76.09,74.50,75.11,75.15,135774,10189452.00,583
BSE,TFL,INE804H01012,B,11.97,12.30,11.01,11.41,11.65,1211,14169.00,17
BSE,TFSL,INE761R01013,XT,45.04,45.04,43.95,43.95,42.90,127,5595.00,5
BSE,TGBHOTELS,INE797H01018,B,8.90,8.90,8.85,8.85,8.73,1501,13358.00,15
BSE,TGIF,INE0SMU01015,M,104.60,105.00,98.30,105.00,104.00,6000,613080.00,5
BSE,TGVSL,INE284B01028,B,103.95,103.95,101.15,101.70,101.70,56618,5781109.00,560
BSE,THACKER,INE077P01034,T,1050.00,1107.95,1050.00,1055.10,1100.00,23,24210.00,5
BSE,THAKDEV,INE403F01017,B,143.20,143.20,143.20,143.20,137.25,50,7160.00,1
BSE,THAKRAL,INE190F01028,X,13.98,15.40,13.97,15.34,14.70,4468,62878.00,8
BSE,THANGAMAYL,INE085J01014,A,6749.95,6749.95,6378.80,6538.70,6597.45,9685,63141270.00,1619
BSE,THEINVEST,INE924D01017,B,99.15,101.90,98.18,101.90,104.78,19,1884.00,4
BSE,THELEELA,INE0AQ201015,B,509.95,509.95,496.05,501.25,499.95,17957,9006252.00,542
BSE,THEMISMED,INE083B01024,B,117.00,120.65,115.95,117.00,116.65,18190,2127459.00,123
BSE,THERMAX,INE152A01029,A,4882.75,5000.00,4747.05,4805.20,4786.75,12542,60112541.00,1476
BSE,THINKINK,INE365S01045,XT,0.19,0.20,0.19,0.20,0.19,573197,109580.00,271
BSE,THOMASCOOK,INE332A01027,A,102.50,103.50,102.35,102.95,102.40,25845,2657941.00,268
BSE,THOMASCOTT,INE480M01011,B,329.95,329.95,320.35,322.00,324.55,9740,3156184.00,122
BSE,THREEMPAPE,INE0UK501010,M,24.02,26.10,24.02,26.10,26.40,6000,152440.00,3
BSE,THRIVE,INE628D01014,X,88.72,92.35,88.28,91.90,88.28,195,17510.00,9
BSE,THYROCARE,INE594H01019,B,545.70,545.70,511.70,515.75,534.50,16668,8718390.00,585
BSE,TI,INE133E01013,A,449.00,454.05,445.75,446.25,446.65,10242,4611598.00,293
BSE,TICL,INE388G01026,B,10.69,11.81,10.69,11.79,11.25,179742,2057713.00,355
BSE,TIERRA,INE05CY01014,X,43.91,43.91,40.92,43.33,43.48,293,12040.00,5
BSE,TIGERLOGS,INE906O01029,T,33.50,33.90,33.06,33.19,33.50,4000,133681.00,69
BSE,TIGLOB,INE811B01010,X,177.05,177.05,168.20,168.20,167.10,18,3041.00,3
BSE,TIHIL,INE502D01011,XT,3.90,3.99,3.90,3.92,3.95,19202,75625.00,64
BSE,TIIL,INE545H01011,B,2491.10,2525.25,2472.50,2478.05,2506.00,418,1044086.00,122
BSE,TIINDIA,INE974X01010,A,2912.90,2965.60,2912.90,2959.65,2916.00,48965,143064297.00,342
BSE,TIJARIA,INE440L01017,B,4.57,4.57,4.30,4.30,4.22,9369,40728.00,33
BSE,TIL,INE806C01018,B,221.45,231.90,216.10,216.55,218.40,16592,3655385.00,1066
BSE,TILAK,INE026L01022,XT,1.19,1.19,1.16,1.18,1.18,278296,326335.00,329
BSE,TIMESGREEN,INE0B6101012,MT,70.00,71.00,70.00,71.00,69.00,172000,12207960.00,11
BSE,TIMETECHNO,INE508G01029,A,177.20,185.50,176.95,184.45,176.90,133006,24224307.00,1417
BSE,TIMEX,INE064A01026,B,548.60,575.95,548.60,568.95,546.55,92167,51940471.00,2945
BSE,TIMKEN,INE325A01013,A,3250.00,3250.00,3198.75,3206.10,3217.55,835,2686878.00,178
BSE,TINNARUBR,INE015C01016,B,968.75,987.95,960.00,968.80,955.50,3880,3769789.00,367
BSE,TIPCO,INE1U6D01014,MT,186.00,186.00,180.05,180.85,184.30,40000,7334320.00,23
BSE,TIPSFILMS,INE0LQS01015,B,332.30,339.30,332.30,338.80,329.50,6,2026.00,3
BSE,TIPSMUSIC,INE716B01029,A,715.45,720.00,698.40,711.15,712.50,15317,10860683.00,868
BSE,TIRSARJ,INE297J01023,X,9.50,9.50,8.95,9.00,9.29,6032,54466.00,25
BSE,TIRTPLS,INE008N01018,X,26.98,28.14,26.98,27.99,27.06,2752,75570.00,38
BSE,TIRUFOAM,INE115G01015,X,73.30,73.31,73.30,73.31,69.82,3000,219928.00,8
BSE,TIRUMALCHM,INE338A01024,B,169.05,172.80,167.25,167.60,165.65,25144,4250982.00,500
BSE,TIRUPATIIN,INE812Q01016,XT,8.04,8.04,8.04,8.04,8.20,46573,374446.00,136
BSE,TIRUSTA,INE314D01011,X,173.80,173.80,152.80,157.65,158.00,1131,184524.00,35
BSE,TITAGARH,INE615H01020,A,832.10,845.25,832.10,835.65,827.35,8216,6901198.00,425
BSE,TITAN,INE280A01028,A,4588.00,4602.00,4564.85,4586.10,4555.45,15078,69143340.00,2102
BSE,TITANBIO,INE150C01029,XT,394.75,407.00,390.75,400.95,390.70,23729,9486111.00,431
BSE,TITANIN,INE807M01031,X,0.96,0.97,0.94,0.95,0.95,1798963,1720582.00,823
BSE,TITANSEC,INE090D01017,X,41.20,43.59,41.20,42.79,42.01,15378,656615.00,64
BSE,TLL,INE0MKA01014,M,265.00,275.00,262.00,262.90,264.10,42000,11157000.00,69
BSE,TMB,INE668A01016,A,771.25,807.00,771.25,800.65,767.85,23532,18585284.00,739
BSE,TMCV,INE1TAE01010,B,421.05,426.90,418.90,422.55,419.80,297826,125779980.00,6450
BSE,TMPV,INE155A01022,A,334.05,340.40,333.70,338.10,331.70,891666,300051829.00,13212
BSE,TNPETRO,INE148A01019,B,97.00,98.88,95.06,98.07,95.57,5480,534192.00,108
BSE,TNPL,INE107A01015,B,143.60,145.15,142.20,143.95,144.00,4292,615776.00,288
BSE,TNTELE,INE141D01018,B,8.81,9.28,8.81,9.25,9.14,1651,14919.00,11
BSE,TOKYOFIN,INE546D01018,X,18.10,18.96,18.10,18.61,18.40,903,16605.00,16
BSE,TOKYOPLAST,INE932C01012,T,88.70,88.70,88.70,88.70,88.77,50,4435.00,1
BSE,TOLINS,INE0RWQ01014,B,104.65,105.90,102.85,104.25,103.25,3053,318301.00,117
BSE,TORNTPHARM,INE685A01028,A,4884.90,4909.95,4781.40,4903.35,4896.65,40721,197560186.00,3765
BSE,TORNTPOWER,INE813H01021,A,1415.05,1453.40,1414.45,1419.00,1412.20,13336,19125309.00,710
BSE,TOTEM,INE0TT901016,X,150.15,151.95,148.00,149.05,150.15,3119,467552.00,86
BSE,TOYAMSL,INE457P01020,X,0.74,0.75,0.71,0.72,0.74,786390,572552.00,271
BSE,TPHQ,INE065J01024,B,0.45,0.46,0.37,0.45,0.46,785916,341814.00,206
BSE,TPINDIA,INE578C01021,X,15.31,15.89,15.11,15.30,15.32,267492,4176314.00,55
BSE,TPLPLASTEH,INE413G01022,B,84.16,84.50,81.59,82.15,82.51,10143,836415.00,263
BSE,TPROJECT,INE901C01017,X,3.35,3.87,3.35,3.40,3.33,6548,22340.00,15
BSE,TRABI,INE773D01018,X,3.15,3.15,3.06,3.08,3.08,24297,75508.00,45
BSE,TRACXN,INE0HMF01019,B,30.04,30.35,29.77,30.02,29.77,3055,91734.00,53
BSE,TRADEUNO,INE1GUJ01014,M,96.00,102.00,96.00,102.00,93.67,25200,2515776.00,21
BSE,TRADWIN,INE961E01017,XT,587.55,616.00,587.55,587.55,587.55,87,51146.00,9
BSE,TRANSCHEM,INE019B01010,XT,315.35,327.85,315.35,327.85,321.75,5213,1704820.00,19
BSE,TRANSCOR,INE330E01023,X,26.50,26.98,26.32,26.40,26.50,1278,34044.00,33
BSE,TRANSFD,INE213P01027,X,482.85,482.85,480.00,480.00,482.85,16,7694.00,4
BSE,TRANSFRE,INE360D01014,X,20.00,20.22,20.00,20.01,20.22,201,4027.00,12
BSE,TRANSPEK,INE687A01016,B,1007.95,1008.00,970.00,980.95,981.85,5137,5037659.00,321
BSE,TRANSRAILL,INE454P01035,A,511.95,511.95,505.35,507.50,505.70,15186,7721193.00,546
BSE,TRANSWORLD,INE757B01015,T,158.60,159.60,155.75,158.75,158.60,429,68107.00,4
BSE,TRAVELFOOD,INE103V01028,B,1346.00,1346.00,1298.30,1307.25,1313.40,1686,2206607.00,258
BSE,TRAVELS,INE0SG001011,MT,8.10,8.10,7.99,8.00,8.06,27000,217050.00,8
BSE,TREEHOUSE,INE040M01013,B,6.61,6.76,6.48,6.48,6.67,2853,18515.00,28
BSE,TREJHARA,INE00CA01015,B,133.85,134.15,133.20,133.40,136.65,283,37813.00,20
BSE,TREL,INE0O3901029,B,25.77,25.80,25.08,25.48,25.40,10289,261327.00,133
BSE,TRENT,INE849A01020,A,2943.40,2943.40,2897.50,2902.75,2903.80,49309,143657719.00,3783
BSE,TRESCON,INE088D01011,X,9.16,9.16,8.61,8.86,9.16,2299,20416.00,10
BSE,TRF,INE391D01019,B,225.50,241.45,225.50,234.75,233.75,18797,4414490.00,239
BSE,TRICOMFRU,INE843F01014,XT,1.50,1.50,1.42,1.47,1.49,2842,4142.00,20
BSE,TRIDENT,INE064C01022,A,25.45,25.81,25.41,25.51,25.37,456293,11685499.00,2126
BSE,TRIGYN,INE948A01012,B,52.90,52.90,51.35,52.56,52.00,2575,134452.00,69
BSE,TRILIANCE,INE778N01016,XT,45.57,45.57,41.23,41.39,43.40,474,19634.00,4
BSE,TRINITYLEA,INE884X01011,X,11.40,11.40,10.99,10.99,11.00,226,2570.00,6
BSE,TRIOMERC,INE234G01022,XT,2.35,2.35,2.35,2.35,2.39,18262,42915.00,29
BSE,TRISHAKT,INE238C01022,X,168.80,175.50,166.10,172.00,169.10,22075,3779798.00,322
BSE,TRITONV,INE440G01017,X,1087.95,1087.95,1040.00,1044.50,1065.80,2765,2902783.00,169
BSE,TRITURBINE,INE152M01016,A,621.00,621.05,599.30,605.95,612.25,70845,43065818.00,2918
BSE,TRIUMPIN,INE382B01012,XT,16.59,16.59,16.59,16.59,15.80,393,6519.00,11
BSE,TRIVENI,INE256C01024,A,457.25,463.80,457.00,462.00,455.05,9734,4486415.00,326
BSE,TRIVENIENT,INE916P01025,X,1.00,1.08,1.00,1.08,1.00,24841,24956.00,29
BSE,TRIVENIGQ,INE094C01011,X,6.11,6.11,6.10,6.11,6.10,1172,7159.00,12
BSE,TRL,INE459Z01017,B,82.71,85.48,82.71,84.24,82.62,11717,980121.00,296
BSE,TRU,INE615R01029,B,5.52,5.52,5.40,5.40,5.41,3161,17114.00,38
BSE,TRUALT,INE0MWH01014,B,445.65,448.75,440.05,441.45,446.65,9111,4025949.00,253
BSE,TRUECOLORS,INE1LDV01015,M,163.15,170.90,160.00,165.25,163.20,25200,4165620.00,39
BSE,TRUEGREEN,INE672K01025,XT,176.05,192.00,176.05,190.70,185.00,14682,2784887.00,144
BSE,TRUSTEDGE,INE398H01015,X,135.10,143.95,135.10,139.95,144.40,218,30325.00,12
BSE,TSPIRITUAL,INE541C01037,XT,1.97,2.06,1.88,2.04,1.97,4885,9947.00,20
BSE,TTFL,INE071Y01013,X,32.80,33.20,31.50,33.09,32.38,7316,238838.00,67
BSE,TTGIL,INE135H01029,X,8.38,8.38,7.91,8.01,8.34,41909,343586.00,63
BSE,TTIENT,INE404F01031,XT,8.52,8.52,8.03,8.30,8.45,15698,126137.00,20
BSE,TTKHLTCARE,INE910C01018,B,916.30,930.35,909.95,922.00,916.30,190,174470.00,65
BSE,TTKPRESTIG,INE690A01028,A,628.00,634.85,624.25,631.60,626.50,3326,2095165.00,191
BSE,TTL,INE592B01024,B,6.80,6.85,6.70,6.83,6.79,1857,12586.00,18
BSE,TTML,INE517B01013,A,40.71,41.80,40.71,41.26,40.54,157430,6504028.00,1097
BSE,TULSYAN,INE463D01016,XT,27.20,27.20,25.84,26.35,27.20,3807,99160.00,29
BSE,TUNITEX,INE560D01027,X,1.04,1.04,1.01,1.01,0.99,85852,87675.00,111
BSE,TURTLEMINT,INE0OC301013,B,130.35,139.65,130.35,136.75,130.35,279670,38036490.00,2654
BSE,TUTIALKA,INE400A01014,X,59.97,62.39,59.97,61.63,59.97,9159,563913.00,135
BSE,TVSELECT,INE236G01019,B,521.55,524.50,506.35,512.25,516.55,17333,8951054.00,570
BSE,TVSHLTD,INE105A01035,A,13980.00,14168.55,13951.00,13997.80,13933.70,127,1784128.00,49
BSE,TVSMOTOR,INE494B01023,A,3650.00,3670.00,3608.85,3621.85,3625.45,7030,25534365.00,1737
BSE,TVSSCS,INE395N01027,A,140.65,146.30,140.65,141.75,141.55,109742,15734365.00,1106
BSE,TVSSRICHAK,INE421C01016,B,4241.00,4270.95,4129.65,4150.65,4136.35,142,597689.00,43
BSE,TVTODAY,INE038F01029,B,122.80,125.05,122.00,125.05,122.00,239,29382.00,20
BSE,TVVISION,INE871L01013,B,5.27,5.29,4.75,5.23,5.29,17696,86963.00,28
BSE,TYCHE,INE443B01012,X,124.95,130.00,121.50,122.10,121.80,8907,1104602.00,137
BSE,TYROON,INE945B01016,X,95.00,95.00,86.00,90.29,90.39,5,451.00,5
BSE,UBL,INE686F01025,A,1329.15,1346.00,1327.00,1329.00,1328.65,4122,5496115.00,514
BSE,UCAL,INE139B01016,B,113.50,115.10,113.00,113.80,113.45,270,30754.00,17
BSE,UCIL,INE926R01012,X,127.00,127.50,127.00,127.00,126.65,37726,4798192.00,63
BSE,UCOBANK,INE691A01018,A,26.34,27.01,26.17,26.76,26.04,481778,12809368.00,1285
BSE,UDAYJEW,INE551B01012,X,148.80,153.90,148.75,150.00,148.85,12147,1821913.00,90
BSE,UDS,INE851I01011,B,197.50,200.70,188.65,198.70,197.50,16735,3318517.00,343
BSE,UEL,INE899L01030,B,127.40,130.00,123.00,128.05,127.40,450,57336.00,48
BSE,UFBL,INE382M01027,B,757.70,763.35,729.50,758.35,727.00,14500,10867861.00,705
BSE,UFLEX,INE516A01017,B,433.35,458.00,433.35,450.30,434.55,11126,4992214.00,481
BSE,UFO,INE527H01019,B,72.48,72.48,69.58,69.72,69.84,4682,327714.00,203
BSE,UGARSUGAR,INE071E01023,B,41.30,41.30,39.80,39.88,39.73,2321,92908.00,61
BSE,UGROCAP,INE583D01011,B,95.89,98.26,95.73,98.01,94.66,20252,1973849.00,493
BSE,UHMVL,INE0YZ901011,M,43.40,44.38,41.94,42.68,42.91,25600,1106416.00,30
BSE,UHZAVERI,INE556Z01010,B,13.88,13.88,11.52,11.55,12.79,199413,2359022.00,319
BSE,UJJIVANSFB,INE551W01018,A,63.40,65.82,63.39,65.27,62.52,1491064,96727430.00,5019
BSE,ULTRACAB,INE010R01023,X,7.39,7.40,7.20,7.34,7.13,59962,438969.00,195
BSE,ULTRACEMCO,INE481G01011,A,11506.85,11725.00,11506.85,11713.55,11515.90,6552,76500683.00,2232
BSE,ULTRAMAR,INE405A01021,B,392.70,399.00,384.60,394.10,388.65,7496,2964455.00,1339
BSE,UMAEXPORTS,INE0GIU01018,T,21.55,21.88,21.40,21.65,21.00,5103,110054.00,43
BSE,UMESLTD,INE240C01028,B,5.72,5.75,5.72,5.75,5.71,13,74.00,3
BSE,UMIYA,INE173U01015,X,33.00,34.45,32.50,33.89,32.26,2943,97185.00,17
BSE,UMIYA-MRO,INE398B01018,B,93.00,94.50,91.20,91.38,90.99,8386,781183.00,220
BSE,UNIABEXAL,INE361D01012,XT,5650.00,5650.00,5510.00,5601.20,5574.50,430,2412378.00,61
BSE,UNIAUTO,INE203T01012,B,55.91,55.91,51.50,52.12,51.30,2323,123402.00,50
BSE,UNICHEMLAB,INE351A01035,B,651.75,672.00,632.00,639.50,651.30,80251,52293561.00,2559
BSE,UNICK,INE250G01010,X,44.11,47.88,44.10,44.10,45.60,1316,58050.00,11
BSE,UNIDT,INE961D01019,T,232.20,232.80,223.65,228.35,232.75,781,179852.00,34
BSE,UNIECOM,INE00U401027,B,89.10,89.15,87.96,88.61,87.51,10103,894356.00,185
BSE,UNIENTER,INE037A01022,B,107.80,109.05,106.20,108.10,106.65,907,97248.00,15
BSE,UNIFIED,INE1ABX01018,M,373.00,373.00,366.00,367.40,368.60,18000,6633700.00,34
BSE,UNIMECH,INE0U3I01011,B,1236.70,1247.00,1179.65,1187.65,1209.80,9991,12064541.00,631
BSE,UNIONBANK,INE692A01016,A,157.45,165.35,157.45,164.50,157.45,1505944,245055563.00,7798
BSE,UNIPARTS,INE244O01017,B,681.35,710.00,666.45,702.55,680.75,21807,14999252.00,750
BSE,UNIQUEO,INE333E01019,X,85.00,97.00,78.00,78.90,81.37,8242,665002.00,201
BSE,UNIROYAL,INE980D01019,X,19.50,19.50,19.49,19.49,18.95,19,370.00,3
BSE,UNISHIRE,INE210P01015,MT,1.43,1.45,1.43,1.45,1.39,20000,28800.00,2
BSE,UNISON,INE099D01026,XT,0.72,0.73,0.70,0.73,0.73,517599,372121.00,303
BSE,UNITDCR,INE858C01027,X,27.00,27.00,27.00,27.00,28.80,2,54.00,2
BSE,UNITDSPR,INE854D01024,A,1381.60,1391.45,1376.30,1386.40,1380.05,23141,32055594.00,2027
BSE,UNITECH,INE694A01020,B,4.58,4.67,4.58,4.63,4.60,572163,2641809.00,279
BSE,UNITEDINT,INE706D01018,X,70.99,70.99,68.99,68.99,68.19,2,139.00,2
BSE,UNITEDPOLY,INE368U01029,T,31.49,31.49,29.70,30.90,31.25,3746,112959.00,40
BSE,UNITINT,INE929K01011,Z,3.26,3.50,3.26,3.46,3.43,810,2689.00,7
BSE,UNIVARTS,INE464B01018,X,5.00,5.00,5.00,5.00,5.00,2014,10070.00,2
BSE,UNIVCABLES,INE279A01012,B,1110.40,1137.00,1101.30,1130.85,1102.95,7390,8325030.00,539
BSE,UNIVSTAR,INE113E01015,XT,200.00,200.00,186.15,186.95,193.10,651,122829.00,21
BSE,UNJHAFOR,INE576D01015,X,24.39,24.80,24.27,24.28,23.39,27003,660605.00,80
BSE,UNOMINDA,INE405E01023,A,1162.55,1179.25,1159.25,1165.05,1153.75,36929,43149677.00,1487
BSE,UNRYLMA,INE602H01010,X,15.62,16.35,15.50,15.50,15.62,1168,18142.00,9
BSE,UPHOT,INE726E01014,X,1420.00,1420.00,1400.00,1406.35,1420.65,50,70390.00,4
BSE,UPL,INE628A01036,A,586.75,599.50,586.35,594.65,581.85,35425,21108457.00,1214
BSE,UPROTECH,INE448F01012,X,13.00,13.20,12.01,12.13,12.59,1174,14557.00,18
BSE,UPSURGE,INE890B01014,X,71.10,75.40,71.10,72.99,72.80,35066,2608697.00,102
BSE,URAVIDEF,INE568Z01015,T,118.00,123.90,115.00,118.00,118.00,183,21729.00,24
BSE,URBANCO,INE0CAZ01013,B,139.45,140.20,131.35,132.10,137.05,235424,31512217.00,2286
BSE,URJA,INE550C01020,B,9.48,9.61,9.46,9.55,9.46,109585,1044734.00,581
BSE,URSUGAR,INE904R01027,B,2.82,2.88,2.75,2.78,2.78,27055,75626.00,71
BSE,USGTECH,INE718B01017,XT,9.85,9.85,9.85,9.85,10.05,17646,173813.00,12
BSE,USHAMART,INE228A01035,A,502.05,515.50,502.05,509.80,501.90,29279,14901362.00,572
BSE,USK,INE0N0Y01013,B,22.69,23.50,22.58,23.10,22.69,1703,39261.00,42
BSE,UTIAMC,INE094J01016,A,995.80,1009.45,989.25,1003.90,983.50,38887,38837431.00,1243
BSE,UTIQUE,INE096A01010,X,3.80,4.08,3.80,3.92,3.82,2817,10996.00,50
BSE,UTKARSHBNK,INE735W01017,B,14.11,14.87,14.11,14.63,14.12,540321,7900538.00,881
BSE,UTLINDS,INE184E01024,X,1.70,1.70,1.67,1.69,1.67,14091,23599.00,20
BSE,UTLSOLAR,INE12UR01024,B,378.30,382.90,366.30,382.90,364.70,239725,91198521.00,2305
BSE,UTTAMSUGAR,INE786F01031,B,234.95,235.25,231.20,232.65,233.90,4574,1063867.00,160
BSE,UVDRHOR,INE890G01047,XT,33.30,33.48,33.30,33.47,33.82,1793,59979.00,31
BSE,UVS,INE528C01018,X,97.99,99.99,92.36,94.99,95.14,4688,453710.00,47
BSE,UYFINCORP,INE152C01025,B,15.95,16.49,15.58,16.40,15.63,46989,760374.00,155
BSE,V2RETAIL,INE945H01021,B,222.00,225.20,218.50,220.40,221.60,190526,42063705.00,1911
BSE,VAARAD,INE418B01048,X,10.19,11.15,9.58,10.51,10.14,4491,47660.00,43
BSE,VADILALIND,INE694D01016,B,6360.00,6495.00,6332.00,6403.05,6353.85,234,1500499.00,87
BSE,VADILENT,INE693D01018,X,9800.00,9800.00,9800.00,9800.00,9800.00,181,1773800.00,14
BSE,VAHH,INE0H3U01013,M,59.00,61.00,57.32,58.33,60.90,26000,1525040.00,13
BSE,VAIBHAVGBL,INE884A01027,B,255.00,266.85,251.30,260.95,255.75,64588,16898234.00,848
BSE,VAICC,INE116E01018,P,5.13,5.13,4.65,4.65,4.89,57100,272585.00,23
BSE,VAKRANGEE,INE051B01021,B,6.15,6.15,6.07,6.08,6.05,33772,205981.00,133
BSE,VALIANT,INE760B01019,X,1099.00,1110.00,1070.85,1084.10,1070.85,7563,8303539.00,457
BSE,VALIANTLAB,INE0JWS01017,T,63.00,63.00,62.22,62.22,62.20,824,51677.00,19
BSE,VALIANTORG,INE565V01010,T,276.00,276.00,270.25,270.25,276.00,148,40779.00,2
BSE,VALINDIA,INE130701019,M,18.50,19.00,18.50,19.00,19.35,2400,45000.00,2
BSE,VALLABHSQ,INE457E01016,X,8.60,9.03,8.60,9.03,9.00,751,6551.00,5
BSE,VALPLAST,INE0QP701017,M,37.04,40.00,37.04,40.00,39.17,14000,548540.00,7
BSE,VALSONQ,INE808A01018,X,35.50,36.00,35.25,35.85,35.98,2308,82920.00,14
BSE,VAMA,INE685D01022,X,3.73,3.75,3.41,3.65,3.43,45012,164707.00,106
BSE,VAML,INE1CDF01017,B,450.00,459.75,442.20,443.35,444.45,1235531,558557675.00,16307
BSE,VAMSHIRU,INE380C01014,X,41.70,42.79,39.50,41.34,38.74,1929,79143.00,23
BSE,VANDAN,INE0RDJ01019,M,25.50,26.53,25.50,26.50,25.50,13200,345036.00,9
BSE,VANDU,INE0RH001011,M,49.00,52.95,49.00,52.00,52.29,54000,2807500.00,13
BSE,VANICOM,INE661Q01017,X,8.19,8.30,8.00,8.12,8.15,34081,280972.00,20
BSE,VARDMNPOLY,INE835A01029,B,6.74,6.94,6.61,6.62,6.64,5215,34675.00,28
BSE,VARIMAN,INE717F01028,XT,4.01,4.33,4.01,4.30,4.13,124137,533168.00,86
BSE,VARROC,INE665L01035,A,661.60,677.00,655.60,660.15,659.40,4466,2963810.00,311
BSE,VASCONEQ,INE893I01013,T,32.32,32.65,32.01,32.39,31.90,14465,467525.00,112
BSE,VASINFRA,INE192C01013,XT,8.07,8.07,8.07,8.07,8.49,11663,94120.00,12
BSE,VASUPRADA,INE574G01013,X,101.80,102.25,101.80,102.25,101.80,192,19570.00,4
BSE,VASWANI,INE590L01019,B,54.70,55.00,53.89,54.30,54.17,606,32879.00,59
BSE,VBDESAI,INE848D01018,X,17.75,17.75,17.75,17.75,16.05,2160,38340.00,7
BSE,VBIND,INE334E01017,X,8.27,8.89,8.27,8.76,8.54,103981,909137.00,68
BSE,VBL,INE200M01039,A,485.00,487.80,476.00,478.15,481.30,315907,151610066.00,3880
BSE,VCU,INE962O01014,XT,7.60,7.95,7.60,7.80,7.82,3457,26813.00,35
BSE,VEDANTASSET,INE0NC801013,MT,88.11,88.11,88.11,88.11,89.90,3000,264330.00,2
BSE,VEDAVAAG,INE359B01010,X,22.27,23.55,22.17,22.53,22.16,21346,484828.00,172
BSE,VEDL,INE205A01025,A,274.50,276.70,272.20,272.60,271.40,940204,257446112.00,11279
BSE,VEDPOWER,INE694L01019,B,41.55,42.74,41.12,41.86,41.16,2710337,113608620.00,8170
BSE,VEEDOL,INE484C01030,B,1450.75,1459.80,1449.00,1456.40,1444.00,404,587778.00,64
BSE,VEEFIN,INE0Q0M01015,M,320.25,332.90,320.00,321.35,320.25,15000,4888030.00,53
BSE,VEERENRGY,INE255E01030,X,12.58,12.58,12.10,12.50,12.24,8763,109116.00,30
BSE,VEERHEALTH,INE882C01035,XT,37.95,38.00,37.00,38.00,37.77,127313,4818919.00,241
BSE,VEERKRUPA,INE0ID001024,M,0.58,0.59,0.56,0.57,0.58,150300,86506.00,9
BSE,VEGA,INE603D01017,XT,61.95,61.95,61.95,61.95,61.95,170,10531.00,1
BSE,VEL,INE560T01015,X,64.00,64.00,59.98,60.00,60.00,16678,1003735.00,59
BSE,VELHO,INE548D01014,X,6.35,6.35,5.85,5.90,6.08,16762,98947.00,26
BSE,VELJAN,INE232E01013,T,1601.00,1649.45,1600.00,1610.65,1625.05,309,497005.00,20
BSE,VENKEYS,INE398A01010,B,1408.50,1500.00,1408.50,1484.70,1408.00,6409,9415761.00,513
BSE,VENLONENT,INE204D01022,X,4.14,4.15,3.58,3.66,3.81,8375,31362.00,22
BSE,VENMAX,INE154G01022,X,19.35,19.79,18.21,19.32,19.36,1636,32161.00,19
BSE,VENTIVE,INE781S01027,B,633.00,634.00,619.35,624.20,621.75,1578,984720.00,105
BSE,VENTURA,INE810C01044,X,8.77,8.77,8.50,8.69,8.69,776,6732.00,14
BSE,VENUSPIPES,INE0JA001018,B,1846.75,1846.75,1802.00,1810.55,1804.65,5564,10120536.00,428
BSE,VENUSREM,INE411B01019,T,1720.00,1778.20,1705.00,1735.10,1704.10,1911,3336083.00,157
BSE,VERANDA,INE0IQ001011,B,248.55,248.55,237.35,237.65,246.45,8390,2019940.00,246
BSE,VERITAS,INE379J01029,XT,182.15,182.15,176.10,182.10,178.60,5037,916654.00,64
BSE,VERTEX,INE316D01024,XT,3.69,3.69,3.51,3.61,3.69,42931,154615.00,66
BSE,VESUVIUS,INE386A01023,A,471.65,471.65,462.25,464.40,463.20,2274,1059939.00,111
BSE,VETO,INE918N01018,T,123.00,126.00,122.50,125.85,121.60,3734,466171.00,28
BSE,VGCL,INE761Q01015,XT,55.67,55.67,53.05,54.73,55.67,96,5205.00,18
BSE,VGIL,INE244W01010,T,140.90,142.90,135.00,139.50,137.50,2862,398443.00,59
BSE,VGL,INE273D01027,B,61.38,65.16,61.38,63.85,62.33,2520,161195.00,204
BSE,VGUARD,INE951I01027,A,311.35,311.35,305.10,305.35,305.75,2562,787907.00,138
BSE,VHLTD,INE048C01025,T,130.00,131.55,128.00,130.70,128.80,104107,13606724.00,50
BSE,VICTMILL,INE203D01016,X,5200.10,5200.10,5157.65,5157.65,5157.65,35,181207.00,19
BSE,VIDHIING,INE632C01026,B,295.95,299.30,290.40,294.85,292.40,427,125286.00,43
BSE,VIDYAWIRES,INE14UN01029,B,97.46,98.70,96.73,97.08,96.81,40304,3927909.00,398
BSE,VIJAYA,INE043W01024,A,1387.95,1397.70,1356.35,1389.45,1381.35,17760,24566132.00,1087
BSE,VIJIFIN,INE159N01027,T,7.70,7.70,7.70,7.70,7.55,222761,1715259.00,71
BSE,VIJSOLX,INE362D01010,XT,697.80,715.00,671.75,711.40,681.50,163,113214.00,25
BSE,VIKASECO,INE806A01020,B,1.19,1.23,1.19,1.22,1.19,376824,458568.00,223
BSE,VIKASLIFE,INE161L01027,B,1.41,1.43,1.39,1.39,1.41,484252,677592.00,9024
BSE,VIKASPROP,INE767B01022,Z,0.28,0.28,0.27,0.28,0.28,99013,27002.00,59
BSE,VIKASWSP,INE706A01022,Z,0.99,0.99,0.95,0.99,0.96,38027,36916.00,64
BSE,VIKRAMAR,INE0NR501012,X,70.61,71.00,68.61,69.59,70.08,658,46063.00,42
BSE,VIKRAMSOLR,INE078V01014,B,199.00,204.00,195.20,203.30,193.40,558937,111834395.00,5478
BSE,VIKRAMTH,INE337E01010,XT,243.30,245.95,240.00,245.35,240.90,19873,4855177.00,254
BSE,VIKRAN,INE01R501028,B,73.61,75.17,73.61,74.31,73.49,157944,11779456.00,699
BSE,VIMTALABS,INE579C01029,B,553.90,569.25,553.90,566.10,558.95,6552,3691440.00,264
BSE,VINATIORGA,INE410B01037,A,1327.70,1350.95,1317.60,1334.35,1313.25,7954,10606247.00,502
BSE,VINAYAKPOL,INE581M01016,X,23.99,23.99,23.99,23.99,25.25,11,263.00,1
BSE,VINCOFE,INE498Q01014,B,164.90,165.45,160.50,161.50,163.30,133009,21561376.00,2455
BSE,VINDHYATEL,INE707A01012,B,1999.90,2048.75,1978.85,1985.35,1963.55,3260,6557197.00,522
BSE,VINEETLAB,INE505Y01010,T,32.55,32.91,31.75,32.54,33.07,3245,105286.00,56
BSE,VINNY,INE01KI01027,B,1.08,1.08,1.05,1.06,1.06,71649,75937.00,28
BSE,VINRKLB,INE092O01028,XT,35.00,35.00,35.00,35.00,36.00,1000,35000.00,1
BSE,VINTAGES,INE153C01015,X,15.27,15.64,15.27,15.33,14.90,59,906.00,8
BSE,VINYLINDIA,INE250B01029,B,257.05,261.50,252.75,256.75,255.80,1044,266335.00,29
BSE,VINYOFL,INE526H01011,X,52.50,52.50,50.17,51.00,51.00,68,3475.00,8
BSE,VIPCLOTHNG,INE450G01024,T,23.56,24.25,23.56,24.16,24.24,2559,61347.00,29
BSE,VIPIND,INE054A01027,A,303.70,306.60,300.70,303.20,304.90,11753,3570726.00,218
BSE,VIPPYSP,INE660D01017,X,177.90,177.90,162.05,162.15,171.30,304,49435.00,14
BSE,VIPULLTD,INE946H01037,T,16.24,16.98,16.24,16.98,16.18,17179,290246.00,103
BSE,VIPULORG,INE834D01018,X,255.10,265.50,252.35,264.75,254.75,10787,2823198.00,127
BSE,VIRAT,INE467D01017,X,370.00,370.00,350.50,365.80,372.65,1698,623279.00,41
BSE,VIRATCRA,INE295C01014,X,37.61,40.00,36.52,37.84,38.24,4166,157422.00,40
BSE,VIRGOGLOB,INE400B01020,XT,5.16,5.20,5.16,5.16,5.26,158,817.00,6
BSE,VIRINCHI,INE539B01017,B,15.34,16.34,15.34,16.18,15.33,9882,158658.00,117
BSE,VIRTUALG,INE247C01023,X,0.49,0.51,0.49,0.50,0.49,484024,240541.00,135
BSE,VISACHROME,INE286H01012,T,39.30,40.67,39.30,40.01,39.70,2281,91668.00,13
BSE,VISAGAR,INE309H01038,X,0.32,0.33,0.31,0.32,0.33,1582259,499975.00,341
BSE,VISAKAIND,INE392A01021,B,79.43,82.50,78.17,81.73,77.76,12823,1029430.00,173
BSE,VISHAL,INE755Q01025,B,19.75,20.00,19.22,19.76,19.36,22546,442294.00,277
BSE,VISHALBL,INE060T01024,B,57.47,58.45,52.50,54.51,56.90,5132,277351.00,115
BSE,VISHNU,INE270I01022,B,604.65,604.65,594.35,597.15,602.70,5185,3113357.00,274
BSE,VISHWARAJ,INE430N01022,B,5.31,5.55,5.31,5.34,5.44,47260,255169.00,184
BSE,VISIONCINE,INE515B01025,XT,1.19,1.22,1.19,1.22,1.17,21213,25805.00,20
BSE,VISIONCO,INE661D01015,X,2.48,2.48,2.34,2.34,2.30,529,1264.00,6
BSE,VISL,INE1CLE01013,B,32.96,34.68,32.88,34.68,33.03,8761294,301668561.00,8760
BSE,VISTAPH,INE427C01021,X,7.20,7.63,7.20,7.28,7.23,904,6554.00,21
BSE,VISTARAMAR,INE878P01019,X,190.00,197.75,190.00,194.85,190.20,309,60212.00,19
BSE,VISVEN,INE762D01011,X,44.94,44.94,38.93,39.86,43.25,181,7178.00,11
BSE,VIVAA,INE0PA601017,MT,90.00,90.00,90.00,90.00,88.74,2000,180000.00,1
BSE,VIVANTA,INE299W01022,X,1.66,1.68,1.63,1.66,1.65,57555,95230.00,170
BSE,VIVANZA,INE984E01035,X,1.80,1.80,1.78,1.79,1.90,35947,64187.00,40
BSE,VIVIDHA,INE370E01029,B,0.53,0.55,0.52,0.53,0.53,106253,56494.00,53
BSE,VIVIDIND,INE737C01023,X,20.47,20.47,20.10,20.46,20.48,439,8938.00,9
BSE,VIVIDM,INE647Z01025,B,6.86,6.86,6.40,6.54,6.92,501773,3297765.00,380
BSE,VIVIMEDLAB,INE526G01021,T,5.41,5.58,5.40,5.51,5.40,12910,70394.00,24
BSE,VIVOBIOT,INE380K01017,X,24.00,24.48,23.11,23.57,23.12,40826,970852.00,122
BSE,VIYASH,INE807F01027,B,282.00,283.20,274.50,278.35,280.85,47034,13153460.00,788
BSE,VJLAXMIE,INE466D01019,X,35.80,37.85,35.80,37.54,36.95,1576,56574.00,6
BSE,VJTFEDU,INE117F01013,X,69.01,76.00,64.20,72.71,70.00,2156,156440.00,23
BSE,VKAL,INE427T01025,XT,0.96,0.96,0.93,0.95,0.94,105652,99907.00,154
BSE,VLEGOV,INE03HW01020,T,10.88,11.08,10.77,11.08,10.56,7545,83356.00,22
BSE,VLL,INE347L01022,X,67.00,67.00,65.00,67.00,64.66,315,21085.00,9
BSE,VLSFINANCE,INE709A01018,B,254.95,256.40,253.90,253.95,253.15,232,59210.00,15
BSE,VMART,INE665J01013,A,787.85,792.00,774.50,778.15,779.30,1745,1365619.00,137
BSE,VMM,INE01EA01019,A,118.20,119.40,117.00,118.95,116.70,1037157,123090196.00,3085
BSE,VMS,INE932K01015,X,23.10,24.74,22.60,23.35,22.48,59331,1385992.00,217
BSE,VMSTMT,INE0SJA01013,T,47.00,47.50,46.35,46.36,46.50,459,21479.00,7
BSE,VOEPL,INE0I0T01010,B,446.45,459.00,438.30,448.25,437.40,7310,3271503.00,341
BSE,VOGL,INE704J01044,B,38.65,40.20,38.47,38.74,37.96,8015096,314410498.00,18845
BSE,VOITHPAPR,INE285C01015,X,1471.20,1495.90,1465.80,1490.65,1448.70,335,493689.00,43
BSE,VOLKAI,INE820M01018,XT,84.66,84.66,84.50,84.60,83.00,5795,490485.00,19
BSE,VOLLF,INE763D01019,X,15.92,15.92,15.85,15.85,16.00,353,5595.00,2
BSE,VOLTAMP,INE540H01012,A,9607.20,9626.00,9531.45,9554.55,9581.10,775,7419329.00,253
BSE,VOLTAS,INE226A01021,A,1273.15,1289.60,1272.55,1286.40,1268.85,17858,22870156.00,813
BSE,VPAL,INE1L3801017,M,151.00,151.10,146.00,146.00,150.15,16000,2372960.00,9
BSE,VPRPL,INE0AE001013,T,26.81,26.81,26.30,26.40,26.81,22038,586650.00,76
BSE,VRAJ,INE0S2V01010,B,113.15,117.50,113.15,116.90,113.15,1209,139780.00,56
BSE,VRFILMS,INE06LG01010,B,14.89,15.25,14.89,15.24,15.20,4146,63173.00,9
BSE,VRL,INE406F01010,XT,172.00,174.95,170.00,174.90,174.00,625,106694.00,15
BSE,VRLLOG,INE366I01010,B,232.95,235.40,230.60,231.40,230.15,7301,1694394.00,282
BSE,VRUDDHI,INE0OMZ01013,M,234.00,234.00,230.00,230.00,218.00,1500,347000.00,3
BSE,VSFPROJ,INE923K01014,X,36.99,36.99,36.80,36.80,35.95,24,885.00,3
BSE,VSL,INE607V01028,B,10.03,10.45,9.74,10.06,10.02,711201,7089524.00,498
BSE,VSSL,INE050M01012,B,273.00,276.50,272.75,276.40,269.95,1900,522470.00,115
BSE,VSTIND,INE710A01016,B,249.80,251.40,245.65,248.60,264.85,45517,11288144.00,934
BSE,VSTL,INE0QTF01015,B,113.00,114.80,110.05,114.80,113.30,1027,116126.00,64
BSE,VSTTILLERS,INE764D01017,B,4603.70,4715.00,4603.70,4658.65,4568.10,212,987904.00,97
BSE,VTL,INE825A01020,A,641.55,641.55,633.95,636.60,632.60,6082,3875259.00,188
BSE,VTMLTD,INE222F01029,X,63.90,70.45,63.00,68.07,63.48,91292,6124798.00,406
BSE,VXLINSTR,INE756A01019,XT,3.55,3.55,3.54,3.54,3.40,3034,10740.00,9
BSE,WAA,INE799N01012,M,48.80,50.49,48.80,50.40,48.26,4800,240008.00,6
BSE,WAAREE,INE725P01012,MT,248.00,248.00,238.35,243.00,243.90,3325,811448.00,19
BSE,WAAREEENER,INE377N01017,A,2865.20,2929.95,2865.20,2922.10,2862.50,43285,126081861.00,2913
BSE,WAAREEINDO,INE866K01023,B,397.00,397.90,387.80,389.85,386.30,4847,1893224.00,249
BSE,WAAREERTL,INE299N01021,A,997.45,1019.00,997.45,1015.90,987.65,18238,18444887.00,959
BSE,WABAG,INE956G01038,A,2140.35,2246.05,2126.40,2220.70,2118.40,53782,118665132.00,3205
BSE,WAGEND,INE786K01023,X,1.16,1.20,1.16,1.20,1.15,46661,55236.00,22
BSE,WAKEFIT,INE0E7301029,B,128.95,131.95,125.00,129.25,125.10,1108503,143544727.00,1079
BSE,WALCHANNAG,INE711A01022,B,251.95,264.75,250.90,260.80,247.95,165597,42739308.00,2051
BSE,WALCHPF,INE695D01021,X,124.70,129.95,124.70,126.10,124.00,75,9457.00,3
BSE,WALLFORT,INE121B01014,X,83.99,83.99,78.05,78.06,78.78,484,37789.00,14
BSE,WANBURY,INE107F01022,B,282.70,303.10,276.80,297.10,284.55,30496,8906533.00,738
BSE,WARDINMOBI,INE945P01024,XT,6.70,7.08,6.70,7.08,6.75,441764,3054849.00,888
BSE,WARDWIZFBL,INE761D01021,X,9.88,9.88,9.38,9.53,9.65,57404,549810.00,119
BSE,WARRENTEA,INE712A01012,X,49.30,50.00,46.40,46.80,46.79,2118,104056.00,33
BSE,WATERBASE,INE054C01015,X,43.86,45.50,43.11,45.04,43.53,22478,999271.00,289
BSE,WCIL,INE0CJF01024,B,96.20,96.65,94.50,94.60,94.95,3848,368011.00,127
BSE,WEBELSOLAR,INE855C01023,A,100.85,101.95,99.10,100.00,100.45,137380,13753839.00,1130
BSE,WEIZMANIND,INE080A01014,B,80.06,80.06,78.25,78.66,80.06,120,9438.00,10
BSE,WEL,INE02WG01024,B,97.00,104.45,97.00,102.00,102.50,14633,1489894.00,117
BSE,WELCORP,INE191B01025,A,1610.20,1634.45,1590.25,1606.85,1602.50,47719,77130672.00,2280
BSE,WELCURE,INE331C01025,X,0.26,0.27,0.25,0.25,0.26,4967017,1280630.00,464
BSE,WELENT,INE625G01013,A,620.95,625.20,610.85,613.70,615.20,12664,7878437.00,516
BSE,WELSPLSOL,INE731F01037,B,53.38,53.39,51.90,52.73,52.35,56135,2950253.00,300
BSE,WELSPUNLIV,INE192B01031,A,167.50,169.00,165.65,166.15,166.55,117389,19610504.00,1171
BSE,WELTI,INE662D01013,XT,26.02,26.02,23.56,23.56,24.79,201,4738.00,2
BSE,WENDT,INE274C01019,B,7773.00,7899.85,7758.85,7854.85,7709.10,304,2382234.00,125
BSE,WEPSOLN,INE434B01029,X,24.15,25.33,24.15,25.01,24.83,5189,129733.00,21
BSE,WESTLEIRES,INE266P01017,X,82.60,82.60,82.60,82.60,82.65,12,991.00,1
BSE,WESTLIFE,INE274F01020,A,505.10,511.15,500.50,508.10,497.40,2652,1341801.00,137
BSE,WEWIN,INE082W01014,T,47.00,47.00,47.00,47.00,47.45,100,4700.00,1
BSE,WEWORK,INE085001019,B,754.80,754.80,721.65,732.40,719.60,179633,131528325.00,800
BSE,WHBRADY,INE855A01019,X,545.00,545.00,523.00,539.45,524.75,28,15126.00,8
BSE,WHEELS,INE715A01015,B,1453.25,1524.35,1450.00,1513.15,1443.20,9008,13455333.00,650
BSE,WHIRLPOOL,INE716A01013,A,796.00,802.80,794.00,795.15,792.50,17240,13781642.00,1103
BSE,WHITEORG,INE146C01019,X,3.84,3.84,3.49,3.59,3.73,84190,304087.00,167
BSE,WILLAMAGOR,INE210A01017,B,26.99,26.99,26.01,26.02,26.99,600,16096.00,3
BSE,WILLIMFI,INE188E01017,X,6.65,6.65,6.65,6.65,6.99,1011,6723.00,3
BSE,WINDLAS,INE0H5O01029,B,846.80,846.80,828.15,829.80,825.45,1772,1478225.00,245
BSE,WINDMACHIN,INE052A01021,B,320.25,326.40,308.75,310.05,317.05,7332,2293490.00,132
BSE,WINSOMBR,INE391C01011,X,20.87,21.44,20.76,21.24,20.87,1540,32269.00,65
BSE,WINSOME,INE784B01035,Z,1.95,1.98,1.92,1.92,1.95,19545,37534.00,12
BSE,WINSOMTX,INE837B01031,X,93.43,94.99,91.50,92.52,93.42,5319,490636.00,79
BSE,WIPRO,INE075A01022,A,174.65,177.20,174.65,175.35,172.75,1288242,226416445.00,17014
BSE,WIREFABR,INE469D01013,X,134.25,146.75,133.50,140.00,140.00,148,19974.00,9
BSE,WOCKPHARMA,INE049B01025,A,1849.70,1851.00,1800.00,1811.45,1830.35,28699,52250201.00,1575
BSE,WOMENNET,INE905B01010,X,9.41,9.41,9.41,9.41,9.90,58,545.00,2
BSE,WONDERLA,INE066O01014,B,478.95,478.95,469.70,474.75,468.40,2465,1165941.00,128
BSE,WORKMATES,INE1I1301016,M,291.00,298.75,287.30,297.55,291.00,15600,4561980.00,24
BSE,WORTH,INE114O01020,XT,3.70,3.77,3.70,3.77,3.77,478201,1785113.00,120
BSE,WPIL,INE765D01022,B,480.95,495.00,462.05,466.75,476.75,8605,4103819.00,578
BSE,WSFX,INE549D01012,X,63.00,64.45,60.48,62.50,62.37,233,14673.00,22
BSE,WSI,INE100D01014,B,73.50,73.50,62.89,66.15,61.65,5880,386631.00,111
BSE,WSTCSTPAPR,INE976A01021,B,551.40,553.00,536.50,539.10,547.45,5490,2981159.00,309
BSE,XCHANGING,INE692G01013,B,63.11,65.00,63.07,64.82,62.40,7588,485902.00,127
BSE,XELPMOC,INE01P501012,B,87.75,87.75,81.82,84.40,85.12,506,42274.00,51
BSE,XPROINDIA,INE445C01015,B,1437.20,1465.65,1430.00,1456.75,1437.20,2187,3161808.00,209
BSE,XTGLOBAL,INE547B01028,B,28.41,28.99,27.49,27.56,28.41,11123,311914.00,132
BSE,YAANENT,INE969E01010,X,99.20,101.95,99.00,100.00,98.15,2085,208485.00,8
BSE,YAASHVI,INE1T6L01010,M,80.20,81.70,74.10,76.40,80.60,51200,4011520.00,31
BSE,YAJUR,INE0CNJ01010,MT,37.50,39.49,37.01,38.15,37.90,33600,1286712.00,31
BSE,YAMNINV,INE457N01025,XT,0.63,0.63,0.61,0.62,0.63,692042,429311.00,353
BSE,YARNSYN,INE564C01013,X,14.58,14.99,14.21,14.98,14.58,396,5750.00,12
BSE,YASHCHEM,INE571U01010,X,52.10,52.35,49.99,50.10,52.10,1898,95303.00,22
BSE,YASHHTEJ,INE1O6P01016,MT,48.96,49.20,46.61,47.68,48.96,7200,346908.00,6
BSE,YASHHV,INE00GK01023,M,969.75,994.00,950.00,987.30,954.70,153750,150121437.00,495
BSE,YASHINNO,INE823D01011,X,27.19,28.45,26.50,28.45,27.10,71711,2024079.00,95
BSE,YASHMGM,INE216B01012,X,9.51,9.51,9.40,9.47,9.51,1323,12488.00,11
BSE,YASHO,INE616Z01012,B,3049.95,3065.90,2954.55,3036.95,2995.60,974,2917371.00,218
BSE,YASHRAJC,INE095C01018,XT,4.30,4.49,4.28,4.40,4.28,869,3739.00,10
BSE,YATHARTH,INE0JO301016,A,822.90,831.00,815.00,829.95,821.65,11461,9439331.00,766
BSE,YATRA,INE0JR601024,B,112.15,117.85,112.15,114.20,112.85,113284,13135857.00,856
BSE,YESBANK,INE528G01035,A,23.90,24.02,23.82,23.94,23.65,4593153,109894453.00,29710
BSE,YOGI,INE290E01011,X,170.15,184.00,170.00,176.15,171.90,2984,518163.00,40
BSE,YOGISUNG,INE429B01011,XT,6.78,7.25,6.78,7.22,7.13,12333,83627.00,46
BSE,YORKEXP,INE057Q01018,X,53.50,53.50,53.50,53.50,53.02,1,53.00,1
BSE,YSL,INE868X01014,X,25750.05,26751.00,25750.05,26690.00,26940.00,4,104941.00,4
BSE,YUKEN,INE384C01016,B,770.05,787.45,766.00,771.00,750.10,264,205049.00,58
BSE,YUNIKM,INE143K01019,X,7.10,7.10,6.62,6.65,6.96,569,3885.00,15
BSE,YURANUS,INE156M01017,XT,102.60,102.60,100.00,100.00,102.60,5,510.00,2
BSE,YUVRAAJHPL,INE139D01020,XT,7.10,7.36,6.85,7.11,7.18,45983,322413.00,74
BSE,ZAGGLE,INE07K301024,A,205.00,210.40,205.00,207.65,204.95,27905,5806908.00,401
BSE,ZAPPFRESH,INE0SUM01015,M,83.61,84.24,82.54,83.12,83.61,18000,1497144.00,15
BSE,ZDHJERK,INE239F01015,X,26.10,27.40,26.08,27.40,27.45,4338,113234.00,8
BSE,ZEAL,INE819S01025,XT,11.71,11.71,10.88,11.59,11.39,84889,959511.00,210
BSE,ZEEL,INE256A01028,A,100.40,102.00,96.75,97.10,99.80,1570514,154844630.00,4822
BSE,ZEELEARN,INE565L01011,T,9.23,9.23,8.86,8.92,8.89,40203,360832.00,90
BSE,ZEEMEDIA,INE966H01019,B,8.59,8.59,8.25,8.26,8.40,68353,570331.00,170
BSE,ZELIO,INE1B3501014,MT,604.50,605.10,593.25,605.10,593.25,26000,15639100.00,32
BSE,ZENIFIB,INE106C01013,X,52.02,54.50,52.02,52.50,53.36,226,11779.00,4
BSE,ZENITHHE,INE812B01026,X,3.10,3.14,3.06,3.08,3.10,13531,41723.00,83
BSE,ZENITHSTL,INE318D01020,B,5.57,5.64,5.57,5.61,5.57,3891,21763.00,29
BSE,ZENLABS,INE546F01013,XT,33.53,34.85,33.53,34.85,33.20,251,8722.00,4
BSE,ZENOTECH,INE486F01012,X,46.30,46.30,44.40,44.59,45.02,6384,289680.00,67
BSE,ZENSARTECH,INE520A01027,A,453.85,516.30,453.85,507.85,446.90,2751069,1370668611.00,29527
BSE,ZENTEC,INE251B01027,A,1817.40,1894.80,1813.05,1880.10,1812.40,34794,64498415.00,1652
BSE,ZFCVINDIA,INE342J01019,A,2335.55,2363.70,2317.40,2334.00,2312.45,3857,9028700.00,527
BSE,ZFSTEERING,INE116C01012,B,666.95,684.85,664.05,667.20,662.50,271,182400.00,39
BSE,ZIMLAB,INE518E01015,T,113.75,113.75,113.75,113.75,113.75,414,47092.00,6
BSE,ZKHANDEN,INE687W01010,XT,189.60,198.00,189.60,195.50,189.60,7,1367.00,7
BSE,ZMILGFIN,INE679T01013,X,42.10,43.49,40.12,42.06,42.11,112823,4660780.00,290
BSE,ZODIAC,INE761Y01019,T,268.00,279.00,261.70,272.80,267.10,989,268825.00,38
BSE,ZODIACLOTH,INE206B01013,B,77.75,79.82,77.75,79.82,77.75,103,8010.00,3
BSE,ZODIACVEN,INE945J01027,XT,1.68,1.72,1.65,1.70,1.68,30543,51832.00,77
BSE,ZODJRDMKJ,INE077B01018,X,35.53,36.16,34.85,36.16,35.53,1436,50736.00,16
BSE,ZR2,INE218N01021,XT,120.00,123.80,118.00,123.80,123.90,251,30421.00,10
BSE,ZSARACOM,INE967G01019,B,12615.60,13470.00,12600.00,13235.25,12691.60,57,748982.00,37
BSE,ZSVARAJT,INE406N01014,X,7.85,7.85,7.25,7.30,7.22,729,5346.00,9
BSE,ZUARI,INE840M01016,B,231.85,237.00,231.85,235.75,231.25,3836,902009.00,148
BSE,ZUARIIND,INE217A01012,B,268.65,273.35,266.10,269.80,265.45,10729,2916477.00,211
BSE,ZWELCAST,INE380G01015,X,696.00,696.00,692.00,692.00,691.00,35,24245.00,6
BSE,ZYDUSLIFE,INE010B01027,A,1159.50,1160.35,1144.65,1150.50,1159.85,35527,40931760.00,2495
BSE,ZYDUSWELL,INE768C01028,A,571.35,599.95,571.35,592.20,571.20,27141,15920086.00,953
